{"type":"FeatureCollection","name":"ne_110m_admin_0_countries","crs":{"type":"name","properties":{"name":"urn:ogc:def:crs:OGC:1.3:CRS84"}},"bbox":[-180,-90,180,83.64513],"features":[{"type":"Feature","bbox":[-180,-18.28799,180,-16.020882],"properties":{"featurecla":"Admin-0 country","scalerank":1,"LABELRANK":6,"SOVEREIGNT":"Fiji","SOV_A3":"FJI","ADM0_DIF":0,"LEVEL":2,"TYPE":"Sovereign country","TLC":"1","ADMIN":"Fiji","ADM0_A3":"FJI","GEOU_DIF":0,"GEOUNIT":"Fiji","GU_A3":"FJI","SU_DIF":0,"SUBUNIT":"Fiji","SU_A3":"FJI","BRK_DIFF":0,"NAME":"Fiji","NAME_LONG":"Fiji","BRK_A3":"FJI","BRK_NAME":"Fiji","BRK_GROUP":null,"ABBREV":"Fiji","POSTAL":"FJ","FORMAL_EN":"Republic of Fiji","FORMAL_FR":null,"NAME_CIAWF":"Fiji","NOTE_ADM0":null,"NOTE_BRK":null,"NAME_SORT":"Fiji","NAME_ALT":null,"MAPCOLOR7":5,"MAPCOLOR8":1,"MAPCOLOR9":2,"MAPCOLOR13":2,"POP_EST":889953,"POP_RANK":11,"POP_YEAR":2019,"GDP_MD":5496,"GDP_YEAR":2019,"ECONOMY":"6. Developing region","INCOME_GRP":"4. Lower middle income","FIPS_10":"FJ","ISO_A2":"FJ","ISO_A2_EH":"FJ","ISO_A3":"FJI","ISO_A3_EH":"FJI","ISO_N3":"242","ISO_N3_EH":"242","UN_A3":"242","WB_A2":"FJ","WB_A3":"FJI","WOE_ID":23424813,"WOE_ID_EH":23424813,"WOE_NOTE":"Exact WOE match as country","ADM0_ISO":"FJI","ADM0_DIFF":null,"ADM0_TLC":"FJI","ADM0_A3_US":"FJI","ADM0_A3_FR":"FJI","ADM0_A3_RU":"FJI","ADM0_A3_ES":"FJI","ADM0_A3_CN":"FJI","ADM0_A3_TW":"FJI","ADM0_A3_IN":"FJI","ADM0_A3_NP":"FJI","ADM0_A3_PK":"FJI","ADM0_A3_DE":"FJI","ADM0_A3_GB":"FJI","ADM0_A3_BR":"FJI","ADM0_A3_IL":"FJI","ADM0_A3_PS":"FJI","ADM0_A3_SA":"FJI","ADM0_A3_EG":"FJI","ADM0_A3_MA":"FJI","ADM0_A3_PT":"FJI","ADM0_A3_AR":"FJI","ADM0_A3_JP":"FJI","ADM0_A3_KO":"FJI","ADM0_A3_VN":"FJI","ADM0_A3_TR":"FJI","ADM0_A3_ID":"FJI","ADM0_A3_PL":"FJI","ADM0_A3_GR":"FJI","ADM0_A3_IT":"FJI","ADM0_A3_NL":"FJI","ADM0_A3_SE":"FJI","ADM0_A3_BD":"FJI","ADM0_A3_UA":"FJI","ADM0_A3_UN":-99,"ADM0_A3_WB":-99,"CONTINENT":"Oceania","REGION_UN":"Oceania","SUBREGION":"Melanesia","REGION_WB":"East Asia & Pacific","NAME_LEN":4,"LONG_LEN":4,"ABBREV_LEN":4,"TINY":-99,"HOMEPART":1,"MIN_ZOOM":0,"MIN_LABEL":3,"MAX_LABEL":8,"LABEL_X":177.975427,"LABEL_Y":-17.826099,"NE_ID":1159320625,"WIKIDATAID":"Q712","NAME_AR":"فيجي","NAME_BN":"ফিজি","NAME_DE":"Fidschi","NAME_EN":"Fiji","NAME_ES":"Fiyi","NAME_FA":"فیجی","NAME_FR":"Fidji","NAME_EL":"Φίτζι","NAME_HE":"פיג'י","NAME_HI":"फ़िजी","NAME_HU":"Fidzsi-szigetek","NAME_ID":"Fiji","NAME_IT":"Figi","NAME_JA":"フィジー","NAME_KO":"피지","NAME_NL":"Fiji","NAME_PL":"Fidżi","NAME_PT":"Fiji","NAME_RU":"Фиджи","NAME_SV":"Fiji","NAME_TR":"Fiji","NAME_UK":"Фіджі","NAME_UR":"فجی","NAME_VI":"Fiji","NAME_ZH":"斐济","NAME_ZHT":"斐濟","FCLASS_ISO":"Admin-0 country","TLC_DIFF":null,"FCLASS_TLC":"Admin-0 country","FCLASS_US":null,"FCLASS_FR":null,"FCLASS_RU":null,"FCLASS_ES":null,"FCLASS_CN":null,"FCLASS_TW":null,"FCLASS_IN":null,"FCLASS_NP":null,"FCLASS_PK":null,"FCLASS_DE":null,"FCLASS_GB":null,"FCLASS_BR":null,"FCLASS_IL":null,"FCLASS_PS":null,"FCLASS_SA":null,"FCLASS_EG":null,"FCLASS_MA":null,"FCLASS_PT":null,"FCLASS_AR":null,"FCLASS_JP":null,"FCLASS_KO":null,"FCLASS_VN":null,"FCLASS_TR":null,"FCLASS_ID":null,"FCLASS_PL":null,"FCLASS_GR":null,"FCLASS_IT":null,"FCLASS_NL":null,"FCLASS_SE":null,"FCLASS_BD":null,"FCLASS_UA":null},"geometry":{"type":"MultiPolygon","coordinates":[[[[180.00000000000003,-15.860599881539743],[180.00000000000003,-16.329550919201374],[179.364143,-16.565615591206406],[178.725059,-16.767452502371576],[178.59683899999996,-16.410081484221106],[179.09660900000003,-16.213173875264104],[179.413509,-16.16042141543545],[180.00000000000003,-15.860599881539743]]],[[[178.12557,-17.238679597542554],[178.3736,-17.081129724537675],[178.71806,-17.35673721603457],[178.55271,-17.854409420403314],[177.93266,-17.985143872712545],[177.38146,-17.867477685123355],[177.28504,-17.44852426066036],[177.67087,-17.12052733641321],[178.12557,-17.238679597542554]]],[[[-179.79332,-15.816104777977285],[-179.917369,-16.2782657083537],[-180.00000000000003,-16.329550919201374],[-180.00000000000003,-15.860599881539743],[-179.79332,-15.816104777977285]]]]}},{"type":"Feature","bbox":[29.339998,-11.720938,40.31659,-0.95],"properties":{"featurecla":"Admin-0 country","scalerank":1,"LABELRANK":3,"SOVEREIGNT":"United Republic of Tanzania","SOV_A3":"TZA","ADM0_DIF":0,"LEVEL":2,"TYPE":"Sovereign country","TLC":"1","ADMIN":"United Republic of Tanzania","ADM0_A3":"TZA","GEOU_DIF":0,"GEOUNIT":"Tanzania","GU_A3":"TZA","SU_DIF":0,"SUBUNIT":"Tanzania","SU_A3":"TZA","BRK_DIFF":0,"NAME":"Tanzania","NAME_LONG":"Tanzania","BRK_A3":"TZA","BRK_NAME":"Tanzania","BRK_GROUP":null,"ABBREV":"Tanz.","POSTAL":"TZ","FORMAL_EN":"United Republic of Tanzania","FORMAL_FR":null,"NAME_CIAWF":"Tanzania","NOTE_ADM0":null,"NOTE_BRK":null,"NAME_SORT":"Tanzania","NAME_ALT":null,"MAPCOLOR7":3,"MAPCOLOR8":6,"MAPCOLOR9":2,"MAPCOLOR13":2,"POP_EST":58005463,"POP_RANK":16,"POP_YEAR":2019,"GDP_MD":63177,"GDP_YEAR":2019,"ECONOMY":"7. Least developed region","INCOME_GRP":"5. Low income","FIPS_10":"TZ","ISO_A2":"TZ","ISO_A2_EH":"TZ","ISO_A3":"TZA","ISO_A3_EH":"TZA","ISO_N3":"834","ISO_N3_EH":"834","UN_A3":"834","WB_A2":"TZ","WB_A3":"TZA","WOE_ID":23424973,"WOE_ID_EH":23424973,"WOE_NOTE":"Exact WOE match as country","ADM0_ISO":"TZA","ADM0_DIFF":null,"ADM0_TLC":"TZA","ADM0_A3_US":"TZA","ADM0_A3_FR":"TZA","ADM0_A3_RU":"TZA","ADM0_A3_ES":"TZA","ADM0_A3_CN":"TZA","ADM0_A3_TW":"TZA","ADM0_A3_IN":"TZA","ADM0_A3_NP":"TZA","ADM0_A3_PK":"TZA","ADM0_A3_DE":"TZA","ADM0_A3_GB":"TZA","ADM0_A3_BR":"TZA","ADM0_A3_IL":"TZA","ADM0_A3_PS":"TZA","ADM0_A3_SA":"TZA","ADM0_A3_EG":"TZA","ADM0_A3_MA":"TZA","ADM0_A3_PT":"TZA","ADM0_A3_AR":"TZA","ADM0_A3_JP":"TZA","ADM0_A3_KO":"TZA","ADM0_A3_VN":"TZA","ADM0_A3_TR":"TZA","ADM0_A3_ID":"TZA","ADM0_A3_PL":"TZA","ADM0_A3_GR":"TZA","ADM0_A3_IT":"TZA","ADM0_A3_NL":"TZA","ADM0_A3_SE":"TZA","ADM0_A3_BD":"TZA","ADM0_A3_UA":"TZA","ADM0_A3_UN":-99,"ADM0_A3_WB":-99,"CONTINENT":"Africa","REGION_UN":"Africa","SUBREGION":"Eastern Africa","REGION_WB":"Sub-Saharan Africa","NAME_LEN":8,"LONG_LEN":8,"ABBREV_LEN":5,"TINY":-99,"HOMEPART":1,"MIN_ZOOM":0,"MIN_LABEL":3,"MAX_LABEL":8,"LABEL_X":34.959183,"LABEL_Y":-6.051866,"NE_ID":1159321337,"WIKIDATAID":"Q924","NAME_AR":"تنزانيا","NAME_BN":"তানজানিয়া","NAME_DE":"Tansania","NAME_EN":"Tanzania","NAME_ES":"Tanzania","NAME_FA":"تانزانیا","NAME_FR":"Tanzanie","NAME_EL":"Τανζανία","NAME_HE":"טנזניה","NAME_HI":"तंज़ानिया","NAME_HU":"Tanzánia","NAME_ID":"Tanzania","NAME_IT":"Tanzania","NAME_JA":"タンザニア","NAME_KO":"탄자니아","NAME_NL":"Tanzania","NAME_PL":"Tanzania","NAME_PT":"Tanzânia","NAME_RU":"Танзания","NAME_SV":"Tanzania","NAME_TR":"Tanzanya","NAME_UK":"Танзанія","NAME_UR":"تنزانیہ","NAME_VI":"Tanzania","NAME_ZH":"坦桑尼亚","NAME_ZHT":"坦尚尼亞","FCLASS_ISO":"Admin-0 country","TLC_DIFF":null,"FCLASS_TLC":"Admin-0 country","FCLASS_US":null,"FCLASS_FR":null,"FCLASS_RU":null,"FCLASS_ES":null,"FCLASS_CN":null,"FCLASS_TW":null,"FCLASS_IN":null,"FCLASS_NP":null,"FCLASS_PK":null,"FCLASS_DE":null,"FCLASS_GB":null,"FCLASS_BR":null,"FCLASS_IL":null,"FCLASS_PS":null,"FCLASS_SA":null,"FCLASS_EG":null,"FCLASS_MA":null,"FCLASS_PT":null,"FCLASS_AR":null,"FCLASS_JP":null,"FCLASS_KO":null,"FCLASS_VN":null,"FCLASS_TR":null,"FCLASS_ID":null,"FCLASS_PL":null,"FCLASS_GR":null,"FCLASS_IT":null,"FCLASS_NL":null,"FCLASS_SE":null,"FCLASS_BD":null,"FCLASS_UA":null},"geometry":{"type":"Polygon","coordinates":[[[33.903711,-0.9499564744314043],[34.07262,-1.0597595685978736],[37.69869,-3.095483025760088],[37.7669,-3.674598377879871],[39.20222,-4.671585356134962],[38.740539999999996,-5.898503238588112],[38.79977,-6.461917314236643],[39.440000000000005,-6.823810700145436],[39.47,-7.08189846014174],[39.19469,-7.680791150059502],[39.25203,-7.98186636921988],[39.18652,-8.454659335892561],[39.535740000000004,-9.07419643800249],[39.9496,-10.04651932106295],[40.316586,-10.261791716259088],[40.31659,-10.261793684267182],[39.521,-10.831776237250295],[38.427557,-11.21293397339989],[37.82764,-11.196834809259547],[37.47129,-11.490944328242685],[36.775151,-11.516203526521993],[36.514082,-11.64003248936162],[35.312398,-11.363899764377074],[34.559989,-11.443177221135475],[34.28,-10.107169074798843],[33.940838,-9.647756787515076],[33.73972,-9.375034502476874],[32.759375,-9.190926718183825],[32.191865,-8.894418581331616],[31.556348000000003,-8.728094985727774],[31.157751,-8.5625278712378],[30.740010000000005,-8.310709876746127],[30.740015,-8.31071086624492],[30.199997,-7.062031758841935],[29.620032000000002,-6.505988597338527],[29.419992999999998,-5.929386988261189],[29.519987,-5.411913595345501],[29.339997999999998,-4.495363796930834],[29.753512,-4.447914672156187],[30.11632,-4.086650564541393],[30.505540000000003,-3.566275010856096],[30.752239999999997,-3.357386993674048],[30.74301,-3.032892643946309],[30.52766,-2.8064970566132823],[30.469674,-2.4131412528810863],[30.46967,-2.4131162750508786],[30.758309,-2.286642744558375],[30.816135000000003,-1.698665101531623],[30.419105000000002,-1.134584842173262],[30.76986,-1.0144969860933135],[31.866169999999997,-1.0273049526348281],[33.903711,-0.9499564744314043]]]}},{"type":"Feature","bbox":[-17.063423,20.999752,-8.665124,27.656426],"properties":{"featurecla":"Admin-0 country","scalerank":1,"LABELRANK":7,"SOVEREIGNT":"Western Sahara","SOV_A3":"SAH","ADM0_DIF":0,"LEVEL":2,"TYPE":"Indeterminate","TLC":"1","ADMIN":"Western Sahara","ADM0_A3":"SAH","GEOU_DIF":0,"GEOUNIT":"Western Sahara","GU_A3":"SAH","SU_DIF":0,"SUBUNIT":"Western Sahara","SU_A3":"SAH","BRK_DIFF":1,"NAME":"W. Sahara","NAME_LONG":"Western Sahara","BRK_A3":"B28","BRK_NAME":"W. Sahara","BRK_GROUP":null,"ABBREV":"W. Sah.","POSTAL":"WS","FORMAL_EN":"Sahrawi Arab Democratic Republic","FORMAL_FR":null,"NAME_CIAWF":"Western Sahara","NOTE_ADM0":null,"NOTE_BRK":"Self admin.; Claimed by Morocco","NAME_SORT":"Western Sahara","NAME_ALT":null,"MAPCOLOR7":4,"MAPCOLOR8":7,"MAPCOLOR9":4,"MAPCOLOR13":4,"POP_EST":603253,"POP_RANK":11,"POP_YEAR":2017,"GDP_MD":907,"GDP_YEAR":2007,"ECONOMY":"7. Least developed region","INCOME_GRP":"5. Low income","FIPS_10":"WI","ISO_A2":"EH","ISO_A2_EH":"EH","ISO_A3":"ESH","ISO_A3_EH":"ESH","ISO_N3":"732","ISO_N3_EH":"732","UN_A3":"732","WB_A2":"-99","WB_A3":"-99","WOE_ID":23424990,"WOE_ID_EH":23424990,"WOE_NOTE":"Exact WOE match as country","ADM0_ISO":"B28","ADM0_DIFF":null,"ADM0_TLC":"B28","ADM0_A3_US":"SAH","ADM0_A3_FR":"MAR","ADM0_A3_RU":"SAH","ADM0_A3_ES":"SAH","ADM0_A3_CN":"SAH","ADM0_A3_TW":"SAH","ADM0_A3_IN":"MAR","ADM0_A3_NP":"SAH","ADM0_A3_PK":"SAH","ADM0_A3_DE":"SAH","ADM0_A3_GB":"SAH","ADM0_A3_BR":"SAH","ADM0_A3_IL":"SAH","ADM0_A3_PS":"MAR","ADM0_A3_SA":"MAR","ADM0_A3_EG":"SAH","ADM0_A3_MA":"MAR","ADM0_A3_PT":"SAH","ADM0_A3_AR":"SAH","ADM0_A3_JP":"SAH","ADM0_A3_KO":"SAH","ADM0_A3_VN":"SAH","ADM0_A3_TR":"MAR","ADM0_A3_ID":"MAR","ADM0_A3_PL":"MAR","ADM0_A3_GR":"SAH","ADM0_A3_IT":"SAH","ADM0_A3_NL":"MAR","ADM0_A3_SE":"SAH","ADM0_A3_BD":"SAH","ADM0_A3_UA":"SAH","ADM0_A3_UN":-99,"ADM0_A3_WB":-99,"CONTINENT":"Africa","REGION_UN":"Africa","SUBREGION":"Northern Africa","REGION_WB":"Middle East & North Africa","NAME_LEN":9,"LONG_LEN":14,"ABBREV_LEN":7,"TINY":-99,"HOMEPART":1,"MIN_ZOOM":4.7,"MIN_LABEL":6,"MAX_LABEL":11,"LABEL_X":-12.630304,"LABEL_Y":23.967592,"NE_ID":1159321223,"WIKIDATAID":"Q6250","NAME_AR":"الصحراء الغربية","NAME_BN":"পশ্চিম সাহারা","NAME_DE":"Westsahara","NAME_EN":"Western Sahara","NAME_ES":"Sahara Occidental","NAME_FA":"صحرای غربی","NAME_FR":"Sahara occidental","NAME_EL":"Δυτική Σαχάρα","NAME_HE":"סהרה המערבית","NAME_HI":"पश्चिमी सहारा","NAME_HU":"Nyugat-Szahara","NAME_ID":"Sahara Barat","NAME_IT":"Sahara Occidentale","NAME_JA":"西サハラ","NAME_KO":"서사하라","NAME_NL":"Westelijke Sahara","NAME_PL":"Sahara Zachodnia","NAME_PT":"Sara Ocidental","NAME_RU":"Западная Сахара","NAME_SV":"Västsahara","NAME_TR":"Batı Sahra","NAME_UK":"Західна Сахара","NAME_UR":"مغربی صحارا","NAME_VI":"Tây Sahara","NAME_ZH":"西撒哈拉","NAME_ZHT":"西撒哈拉","FCLASS_ISO":"Admin-0 dependency","TLC_DIFF":null,"FCLASS_TLC":"Admin-0 dependency","FCLASS_US":null,"FCLASS_FR":"Unrecognized","FCLASS_RU":null,"FCLASS_ES":null,"FCLASS_CN":null,"FCLASS_TW":null,"FCLASS_IN":"Unrecognized","FCLASS_NP":null,"FCLASS_PK":null,"FCLASS_DE":null,"FCLASS_GB":null,"FCLASS_BR":null,"FCLASS_IL":null,"FCLASS_PS":"Unrecognized","FCLASS_SA":"Unrecognized","FCLASS_EG":null,"FCLASS_MA":"Unrecognized","FCLASS_PT":null,"FCLASS_AR":null,"FCLASS_JP":null,"FCLASS_KO":null,"FCLASS_VN":null,"FCLASS_TR":"Unrecognized","FCLASS_ID":"Unrecognized","FCLASS_PL":"Unrecognized","FCLASS_GR":null,"FCLASS_IT":null,"FCLASS_NL":"Unrecognized","FCLASS_SE":null,"FCLASS_BD":null,"FCLASS_UA":null},"geometry":{"type":"Polygon","coordinates":[[[-8.66559,26.64106956719124],[-8.665124,26.581214458019318],[-8.6844,26.40782618192221],[-8.687294,25.043316143407115],[-11.969419,25.090687441672916],[-11.937224,22.75194403480808],[-12.874222,22.66914155588347],[-13.118754,22.194394031204258],[-12.929102,20.85098247107084],[-16.845194,20.85682490992003],[-17.063423,20.544790066617],[-17.020428,20.93995784529121],[-17.002962,20.938485924252305],[-14.750955,21.01305934760483],[-14.630833,21.349055343029793],[-14.221168000000002,21.766852354030902],[-13.89111,23.043425463513874],[-12.500963,24.032728278569497],[-12.030759,25.178966999406228],[-11.718220000000002,25.24521727828028],[-11.392555000000002,25.948057556717387],[-10.551263,26.04457666539621],[-10.189424,25.927842905584406],[-9.735343,25.927842905584406],[-9.413037,26.132293880971726],[-8.794884,26.161216752220508],[-8.817828,26.64106956719124],[-8.66559,26.64106956719124]]]}},{"type":"Feature","bbox":[-140.99778,41.675105,-52.648099,83.23324],"properties":{"featurecla":"Admin-0 country","scalerank":1,"LABELRANK":2,"SOVEREIGNT":"Canada","SOV_A3":"CAN","ADM0_DIF":0,"LEVEL":2,"TYPE":"Sovereign country","TLC":"1","ADMIN":"Canada","ADM0_A3":"CAN","GEOU_DIF":0,"GEOUNIT":"Canada","GU_A3":"CAN","SU_DIF":0,"SUBUNIT":"Canada","SU_A3":"CAN","BRK_DIFF":0,"NAME":"Canada","NAME_LONG":"Canada","BRK_A3":"CAN","BRK_NAME":"Canada","BRK_GROUP":null,"ABBREV":"Can.","POSTAL":"CA","FORMAL_EN":"Canada","FORMAL_FR":null,"NAME_CIAWF":"Canada","NOTE_ADM0":null,"NOTE_BRK":null,"NAME_SORT":"Canada","NAME_ALT":null,"MAPCOLOR7":6,"MAPCOLOR8":6,"MAPCOLOR9":2,"MAPCOLOR13":2,"POP_EST":37589262,"POP_RANK":15,"POP_YEAR":2019,"GDP_MD":1736425,"GDP_YEAR":2019,"ECONOMY":"1. Developed region: G7","INCOME_GRP":"1. High income: OECD","FIPS_10":"CA","ISO_A2":"CA","ISO_A2_EH":"CA","ISO_A3":"CAN","ISO_A3_EH":"CAN","ISO_N3":"124","ISO_N3_EH":"124","UN_A3":"124","WB_A2":"CA","WB_A3":"CAN","WOE_ID":23424775,"WOE_ID_EH":23424775,"WOE_NOTE":"Exact WOE match as country","ADM0_ISO":"CAN","ADM0_DIFF":null,"ADM0_TLC":"CAN","ADM0_A3_US":"CAN","ADM0_A3_FR":"CAN","ADM0_A3_RU":"CAN","ADM0_A3_ES":"CAN","ADM0_A3_CN":"CAN","ADM0_A3_TW":"CAN","ADM0_A3_IN":"CAN","ADM0_A3_NP":"CAN","ADM0_A3_PK":"CAN","ADM0_A3_DE":"CAN","ADM0_A3_GB":"CAN","ADM0_A3_BR":"CAN","ADM0_A3_IL":"CAN","ADM0_A3_PS":"CAN","ADM0_A3_SA":"CAN","ADM0_A3_EG":"CAN","ADM0_A3_MA":"CAN","ADM0_A3_PT":"CAN","ADM0_A3_AR":"CAN","ADM0_A3_JP":"CAN","ADM0_A3_KO":"CAN","ADM0_A3_VN":"CAN","ADM0_A3_TR":"CAN","ADM0_A3_ID":"CAN","ADM0_A3_PL":"CAN","ADM0_A3_GR":"CAN","ADM0_A3_IT":"CAN","ADM0_A3_NL":"CAN","ADM0_A3_SE":"CAN","ADM0_A3_BD":"CAN","ADM0_A3_UA":"CAN","ADM0_A3_UN":-99,"ADM0_A3_WB":-99,"CONTINENT":"North America","REGION_UN":"Americas","SUBREGION":"Northern America","REGION_WB":"North America","NAME_LEN":6,"LONG_LEN":6,"ABBREV_LEN":4,"TINY":-99,"HOMEPART":1,"MIN_ZOOM":0,"MIN_LABEL":1.7,"MAX_LABEL":5.7,"LABEL_X":-101.9107,"LABEL_Y":60.324287,"NE_ID":1159320467,"WIKIDATAID":"Q16","NAME_AR":"كندا","NAME_BN":"কানাডা","NAME_DE":"Kanada","NAME_EN":"Canada","NAME_ES":"Canadá","NAME_FA":"کانادا","NAME_FR":"Canada","NAME_EL":"Καναδάς","NAME_HE":"קנדה","NAME_HI":"कनाडा","NAME_HU":"Kanada","NAME_ID":"Kanada","NAME_IT":"Canada","NAME_JA":"カナダ","NAME_KO":"캐나다","NAME_NL":"Canada","NAME_PL":"Kanada","NAME_PT":"Canadá","NAME_RU":"Канада","NAME_SV":"Kanada","NAME_TR":"Kanada","NAME_UK":"Канада","NAME_UR":"کینیڈا","NAME_VI":"Canada","NAME_ZH":"加拿大","NAME_ZHT":"加拿大","FCLASS_ISO":"Admin-0 country","TLC_DIFF":null,"FCLASS_TLC":"Admin-0 country","FCLASS_US":null,"FCLASS_FR":null,"FCLASS_RU":null,"FCLASS_ES":null,"FCLASS_CN":null,"FCLASS_TW":null,"FCLASS_IN":null,"FCLASS_NP":null,"FCLASS_PK":null,"FCLASS_DE":null,"FCLASS_GB":null,"FCLASS_BR":null,"FCLASS_IL":null,"FCLASS_PS":null,"FCLASS_SA":null,"FCLASS_EG":null,"FCLASS_MA":null,"FCLASS_PT":null,"FCLASS_AR":null,"FCLASS_JP":null,"FCLASS_KO":null,"FCLASS_VN":null,"FCLASS_TR":null,"FCLASS_ID":null,"FCLASS_PL":null,"FCLASS_GR":null,"FCLASS_IT":null,"FCLASS_NL":null,"FCLASS_SE":null,"FCLASS_BD":null,"FCLASS_UA":null},"geometry":{"type":"MultiPolygon","coordinates":[[[[-122.84000000000002,43.930253245321786],[-122.97420999999999,43.932081046466],[-124.91024,44.63509071281562],[-125.62461,44.941685868919386],[-127.43561000000001,45.23401322733429],[-127.99276,45.85397781725795],[-127.85032000000001,46.27982630752499],[-129.12979,46.5733016085403],[-129.30523,47.124680641145986],[-130.51497,47.61634892863465],[-130.536109,47.96247733687936],[-130.53611,47.962494746922175],[-129.98,48.28438861077844],[-130.00778,48.70244022234599],[-131.70781,49.1206216417744],[-132.73042,49.86160769134753],[-133.35556,50.3218519021564],[-134.27111,50.60882426301851],[-134.945,50.86794884141212],[-135.47583,51.19322951886792],[-136.47972,50.9898016752264],[-137.4525,50.63666911743822],[-138.34089,51.05158593891344],[-139.039,51.3260350499197],[-140.013,51.49869044540438],[-140.99778,51.517095014837835],[-140.99250000000004,54.92379206350921],[-140.986,57.0009083899092],[-140.985988,57.00090730065769],[-139.12052,56.86943284772393],[-137.54636,56.60561754569323],[-136.50358,56.55495792054993],[-135.62576,56.78412877004725],[-134.41464,56.95482087593916],[-132.92925,56.888185698582824],[-131.43136000000004,57.12732397314444],[-129.79471,57.2623255616325],[-129.10773,57.03752732892334],[-128.36156,57.164403993340855],[-128.13817,57.41890288897923],[-127.44712,57.36143836429742],[-125.75631999999999,56.874657489261736],[-124.42483000000001,57.24323601357469],[-124.28968,56.830427195411104],[-123.06108,56.92006360795279],[-122.6835,57.07899643961252],[-121.47226,57.04759706275026],[-119.94288,56.81848168781578],[-117.60268,56.61731721355852],[-116.22643000000001,56.52378932655872],[-115.24689999999998,56.559295119166244],[-113.89794000000002,56.278862255097465],[-115.30489,56.002352410522334],[-113.49727000000001,55.882249032016134],[-110.798,55.948361497489],[-109.94619,56.04618236068659],[-108.8802,55.709835263101716],[-107.79239000000001,55.9938242969699],[-108.81299,56.230389062149044],[-108.16721,56.42017506423952],[-106.95,56.44565329307317],[-106.15000000000002,56.5008858773022],[-105.34282,56.368868294751614],[-104.33791,56.066819903491535],[-103.22115,56.11131270069471],[-101.45433,55.8590995839124],[-99.90195,55.94810392429847],[-98.4432,55.93465734486185],[-98.5586,56.28166011538025],[-97.66948,56.378515036738904],[-96.11991,56.190207500357204],[-96.12588,55.66019214163191],[-95.48943,56.10738155234983],[-94.685,56.09239489799508],[-94.23282,56.64907953337079],[-95.30408000000001,56.986587424037914],[-96.47131,57.20607799870708],[-96.39115,57.799763049174324],[-95.2088,58.18441132941136],[-93.88997000000002,58.09976047293719],[-92.87818,57.86571051140912],[-91.51964,57.2610276342874],[-92.40692,56.994355965394504],[-90.5471,56.883990073475324],[-90.55151,56.3210803940144],[-89.21515,56.753225891262474],[-88.01966000000002,56.39868666236137],[-88.31749000000002,55.98600474021476],[-87.35017,55.60675801744688],[-86.30607,56.01289111775186],[-85.57664,56.49236321179344],[-85.52197,57.093439384070805],[-84.10081,57.05173623178518],[-82.62257999999999,56.9716286893587],[-81.28043000000001,56.70016757383643],[-81.22020000000002,56.426673413232166],[-81.96436,56.13070048984439],[-81.25928,55.83117959187481],[-81.38653,55.55705191394227],[-83.34456,55.1595783459072],[-84.73541999999999,55.07136477297563],[-85.76943000000001,55.24335027156874],[-86.0676,54.95608678586424],[-87.03143,54.4689487085795],[-87.32323999999998,54.21400097767868],[-88.48296,53.81641937103041],[-89.91444,53.777294723103225],[-90.70398000000002,53.526849786022716],[-90.77004,53.13871901297267],[-91.93342000000001,53.06359047137758],[-93.15698000000002,52.57384698139809],[-94.24153,51.8841576227022],[-94.62931,51.39485225091191],[-94.6846,50.664453115546486],[-93.21502,50.55866959345081],[-92.76462,49.960020553394166],[-92.29703,49.46950766375221],[-90.89768999999998,49.59774380333086],[-89.03953,49.31631299401304],[-88.03978000000001,49.067908923267915],[-87.32421,48.757392266822684],[-86.07121,48.5755665070851],[-85.01181,48.296098902381004],[-83.36055,48.25769108846833],[-82.27285,48.19335613578957],[-82.4362,47.6127761208483],[-82.12502,46.93071211741236],[-81.40075000000002,46.16100880475404],[-79.91289,45.499449104306215],[-79.14301,45.72714208170973],[-78.60190999999999,46.44025935956745],[-79.12421,47.51775787417409],[-79.82958000000002,47.871977110284476],[-78.22873999999999,48.18544275836837],[-77.09560000000002,48.65065878933406],[-76.54137,49.108911814135375],[-76.62319,49.54453410481003],[-77.30226,50.092606325846305],[-78.51688000000001,50.57293599684543],[-77.33675999999998,51.2338403040069],[-77.77272000000002,51.797182855162646],[-78.10687,52.75273322715224],[-77.41067,52.89225674617929],[-75.69621,52.727765317732],[-74.66820000000001,52.668806402506895],[-73.83988,52.82781701409186],[-72.90853,52.62266978584024],[-71.67708,52.269327744585624],[-71.37369,52.0311439105297],[-69.59042,51.98450955821615],[-69.62033,51.464083182988524],[-69.2879,50.669865975177444],[-68.37455,50.5707004078257],[-67.64976,50.19512498336906],[-66.20178,50.54926004262015],[-65.24517,51.24517210393462],[-64.58352,51.535255778507356],[-63.804750000000006,50.976398564589225],[-62.502359999999996,50.16632122521962],[-61.39655,49.39169758852867],[-61.798660000000005,48.98124042320452],[-60.46853000000001,48.609728234666484],[-59.56961999999999,48.23050666331417],[-57.975080000000005,48.057967398256686],[-57.333200000000005,47.84431979317071],[-56.93689,47.27329753040282],[-56.15811,47.183095346710104],[-55.75632,46.926157098869076],[-55.68338000000001,46.153223045665705],[-56.40916,45.89218105985203],[-57.126909999999995,45.64735790450124],[-58.77482,45.398342456066025],[-60.03309,44.81854098840456],[-61.72366000000001,44.70329263191409],[-63.86251,44.8527353470966],[-65.36331,44.85784644708074],[-66.39905,44.808751228502494],[-67.23631,44.29752979892434],[-68.51114,43.9794647074447],[-69.95362,43.01946921454159],[-71.10458,42.3408118637616],[-70.25522,42.46217405074563],[-68.65,43.42398781454502],[-66.55243,44.02603260493716],[-65.05626,44.097661597128095],[-64.17099,43.74450210000242],[-65.11545,43.25733041545495],[-64.79854,42.46727151047935],[-64.47219,41.90824685795727],[-63.17329000000001,41.535451921668376],[-61.52072,41.643713125437024],[-60.51815,42.47830597814448],[-60.448600000000006,41.94109551253804],[-59.80286999999999,41.671080592558695],[-61.039880000000004,41.179841753529516],[-63.25471000000001,40.73040375689417],[-64.24656,40.42308906255659],[-65.36406,39.872508561063675],[-66.1234,39.928848606440006],[-66.16173,40.57486069928497],[-64.42549000000001,41.200002052275224],[-66.02605,41.17537088009465],[-67.13741000000002,41.083643195086694],[-67.79134,41.50834140720681],[-67.79046,42.52138519660015],[-68.23444,42.73365505899151],[-68.905,42.60876466628058],[-69.237216,42.8018694728559],[-69.99997,42.2456555252319],[-70.305,41.66704680736707],[-70.66,41.32625562217923],[-71.08482,41.20993317516268],[-71.405,41.172126671455544],[-71.50506,40.986088284722754],[-73.34783,40.985469289358534],[-74.867,40.98026043968488],[-75.31821,40.841183361567616],[-76.37500000000001,40.29414243308929],[-76.49999999999999,40.23473670730965],[-76.820034,39.9366040078943],[-77.737885,39.9368125649905],[-78.72028,39.933770788791776],[-79.171674,39.811935141963076],[-79.01000000000002,39.660951908763586],[-78.92,39.4257536612428],[-78.939362,39.34739191198894],[-80.247448,38.96167835161318],[-81.277747,38.8393597105678],[-82.43927800000002,38.42227082784099],[-82.690089,38.42227082784099],[-83.02981,38.54570846240709],[-83.14200000000001,38.657373577289746],[-83.12000000000002,38.738789465234404],[-82.89999999999999,39.01126973745675],[-82.43,39.43733942088847],[-82.13764200000001,39.89235100280643],[-82.337763,40.55577791277219],[-82.550925,41.241730460984485],[-83.59285099999998,41.593717890469954],[-83.469551,41.726546374316165],[-83.616131,41.81771370278998],[-83.890765,41.81771370278998],[-84.091851,41.93572407291569],[-84.14212,42.11164027881442],[-84.3367,42.03484605909974],[-84.6049,42.05774053832979],[-84.543749,42.13126483250938],[-84.779238,42.204210539814426],[-84.87608,42.398714698564234],[-85.652363,42.63468022913573],[-86.461991,42.87926897836332],[-87.43979300000001,43.161959981108126],[-88.378114,43.4261070827597],[-89.27291700000002,43.220146032792954],[-89.6,43.212998250764926],[-90.83,43.402195285143506],[-91.64000000000001,43.30767037941928],[-92.61,43.5328328236089],[-93.63087,43.648182573439456],[-94.32914000000001,43.69265251504711],[-94.64,43.81491204672651],[-94.81758000000002,44.209781126884806],[-95.15608999999999,44.20634042679787],[-95.15907000000001,43.930253245321786],[-97.22872,43.930757372602706],[-100.65,43.930253245321786],[-104.04826000000001,43.93015241935283],[-107.05,43.930253245321786],[-110.05,43.930253245321786],[-113,43.930253245321786],[-116.04818000000002,43.930253245321786],[-117.03121,43.930253245321786],[-119.99999999999999,43.930253245321786],[-122.84000000000002,43.930253245321786]]],[[[-83.99367,52.833254584746584],[-83.25048,53.11104365220113],[-81.87699,53.10533474289844],[-81.89825,52.988842347251705],[-83.06857000000001,52.65552982185858],[-83.77462,52.66953410211652],[-83.99367,52.833254584746584]]],[[[-79.775833,58.64655086023632],[-80.876099,58.92137598570032],[-80.833885,59.106714030215215],[-80.353058,59.14085930253441],[-78.06443800000001,59.08552703062183],[-76.34,58.80218459606884],[-76.251404,58.65876730224318],[-77.314438,58.67393111025437],[-78.39167,58.68490515721705],[-79.486252,58.61495391153139],[-79.775833,58.64655086023632]]],[[[-80.315395,52.61082745017814],[-79.92938999999998,52.792637623567984],[-79.52002,52.779398694567185],[-79.26581999999999,52.65519922054281],[-79.65752,52.33520416574916],[-80.09955999999998,52.38712434561904],[-80.36215,52.56886324338325],[-80.315395,52.61082745017814]]],[[[-93.612756,59.761075837639076],[-94.15690899999998,59.56528130262522],[-95.608681,59.603007200839585],[-96.820932,59.73468950908081],[-96.288587,59.96082618094412],[-94.85082,60.095406462906354],[-93.977747,59.92008400299795],[-93.612756,59.761075837639076]]],[[[-93.840003,61.01595050144763],[-94.295608,61.002062706532904],[-96.169654,61.03296099578495],[-96.436304,61.1680447366319],[-94.42257700000002,61.160991636217304],[-93.72065600000002,61.0713045488324],[-93.840003,61.01595050144763]]],[[[-96.754399,61.613914951320865],[-95.559278,61.44826943268002],[-95.830295,61.275070933547305],[-97.309843,61.17574424230196],[-98.124289,61.287523825127174],[-98.552868,61.46728134397852],[-98.63198399999999,61.66432300875086],[-97.33723100000002,61.6453573659473],[-96.754399,61.613914951320865]]],[[[-88.15035,59.463797159298],[-89.764722,59.526359348352024],[-92.422441,59.68936643136277],[-92.76828500000002,59.96532719839812],[-92.88990600000001,60.21257639557742],[-93.893824,60.428750499082106],[-95.962457,60.48896992782001],[-97.12137899999999,60.641165493630275],[-96.745123,60.84170492135692],[-94.684086,60.810745848612946],[-93.57392099999998,60.65352694501296],[-91.605023,60.65461590577122],[-90.741846,60.4930168038134],[-90.969661,60.30750220415488],[-89.822238,60.195243512924364],[-89.18708300000002,60.07692874177407],[-87.83827599999998,60.054984099309024],[-86.37919200000002,60.013143243047104],[-84.789625,60.1213142687941],[-82.753445,60.16368631071268],[-81.12853099999998,60.12867582923882],[-80.05751100000002,59.94030607012741],[-79.833933,59.732423426746614],[-80.457771,59.598169602743525],[-81.948843,59.489268918486225],[-83.22889400000001,59.55093307739686],[-86.097452,59.4728017252286],[-88.15035,59.463797159298]]],[[[-111.264443,61.32118233674615],[-109.854452,61.24592505845129],[-110.186938,61.10161158862425],[-112.051191,60.96223067874509],[-113.534279,61.11861382366831],[-112.724587,61.27223956130155],[-111.264443,61.32118233674615]]],[[[-110.963661,61.63227366515981],[-109.663146,61.53592565010068],[-110.88131399999999,61.442822693654314],[-112.542091,61.443292121004],[-112.52589100000002,61.51140977034621],[-111.50001,61.65390963085287],[-110.963661,61.63227366515981]]],[[[-55.60021799999999,45.575555641214606],[-56.13403600000001,45.13279828778038],[-56.795882,44.51238816238479],[-56.143105,44.75278080484125],[-55.471492,44.60039360496177],[-55.822401,44.35159134811503],[-54.935143,44.15525179338902],[-54.473775,44.329822201936054],[-53.476549,44.10940872272978],[-53.786014,43.581228265244015],[-53.08613400000001,43.704989468948405],[-52.958648000000004,43.320159011828174],[-52.648099,42.86623128221772],[-53.069158,42.21783674403873],[-53.52145600000001,42.190275397475084],[-54.178936,42.32998679724682],[-53.961869,42.93191132543293],[-54.24048200000001,43.02487854728971],[-55.40077300000001,42.387570928361264],[-55.997481,42.41321436747966],[-55.29121899999999,42.75913899936698],[-56.25079900000001,42.937283707977],[-57.325229,42.89353400099773],[-59.26601500000001,42.91590488074691],[-59.419494,43.132377639738124],[-58.79658599999999,43.388770817489785],[-59.23162500000001,43.585869302809066],[-58.39180499999999,44.02062601615402],[-57.35869,45.15484971117646],[-56.73864999999999,45.55480685498908],[-55.870977,45.79562599955325],[-55.406974,45.76506475371713],[-55.60021799999999,45.575555641214606]]],[[[-83.882626,54.408842210650526],[-82.78757699999998,54.20877465171946],[-81.642014,54.02616356776465],[-81.55344,53.745892434106345],[-80.817361,53.79192112299439],[-80.103451,53.59563723932391],[-80.99102000000002,53.408435068195374],[-82.54717799999999,53.5515430053665],[-83.108798,53.81813496389474],[-84.100417,53.5027928602782],[-85.523405,53.19397374890094],[-85.86676900000002,53.5429461080408],[-87.22198299999998,53.48585360881429],[-86.35275999999999,53.77912832457886],[-86.224886,54.24164324306904],[-85.883848,54.7733792669378],[-85.161308,54.726345820915824],[-84.97576399999998,54.47159166648054],[-84.464012,54.56113151034759],[-83.882626,54.408842210650526]]],[[[-78.77063899999999,58.411240499611225],[-77.82462400000001,58.618814811919236],[-75.605845,58.35436292812431],[-74.228616,58.10345620396862],[-74.099141,57.87217258247638],[-72.242226,57.99220607888635],[-71.200015,57.653026547505625],[-68.786054,57.4410734617423],[-67.91497,57.22350751618572],[-66.969033,56.71337852786034],[-68.805123,56.45681564741501],[-66.449866,56.0942541847436],[-64.862314,55.97154670173732],[-63.42493400000001,55.4538064023295],[-61.851981,55.41616219321167],[-62.16317699999999,55.0157602235605],[-63.918444,54.34421931890142],[-65.14886,54.59258174711469],[-66.721219,55.1461512781964],[-68.015016,55.07447133958166],[-68.141287,54.7451119587233],[-67.089646,54.408165341994],[-65.73208,54.1395385174061],[-65.320168,53.98361350554959],[-64.66940600000001,53.39751358825955],[-65.013804,52.96679557191023],[-66.275045,53.12965327467498],[-68.783186,53.60732065461874],[-67.369681,53.092957434803665],[-66.328297,52.72877969069942],[-66.16556800000001,52.516808316708875],[-68.877367,52.75909339828035],[-71.023437,53.109013504409795],[-72.235379,53.400440526530865],[-71.886278,53.56833308110036],[-73.378306,53.872463290027554],[-74.834419,54.15750151206115],[-74.818503,53.98735077142145],[-77.70997999999999,53.89343486083808],[-78.555949,54.095285997854916],[-77.897281,54.52482935075748],[-76.018274,54.53514493116711],[-73.959795,54.6092252841446],[-74.293883,54.81546059499127],[-73.944912,55.10185776893132],[-72.651167,55.655225491330214],[-72.92606,55.903992224050796],[-73.311618,56.09552266550265],[-74.843307,56.365216626096206],[-76.869101,56.5531369205181],[-76.228649,56.692342671193956],[-77.28737,57.03223295985691],[-78.168634,57.06320927133275],[-78.957242,57.247824033480356],[-79.49245500000002,57.0878421880438],[-81.305471,57.017888667461705],[-84.94470600000001,57.13933035758209],[-87.060003,57.29816866967816],[-88.681713,57.379518439545805],[-89.51342000000001,57.56840430212549],[-88.467721,57.812212169766134],[-89.888151,57.814537845091536],[-90.20516,58.3498484291815],[-89.436577,58.81605319539166],[-88.408242,59.02688648441229],[-85.826151,59.163469958535075],[-86.562179,58.83053941157606],[-85.774371,58.506422060371584],[-84.850112,58.92503832865103],[-82.31559,59.13636113081349],[-80.600088,58.601588487378876],[-80.748942,58.258865343193435],[-78.77063899999999,58.411240499611225]]],[[[-94.503658,59.33276344092188],[-92.420012,59.31496717796588],[-90.50979300000002,59.1905834396314],[-92.003965,58.73143690993752],[-93.196296,58.63046418822876],[-94.26904699999999,58.23923124908328],[-95.409856,58.25885166504986],[-96.03374499999998,58.71795612231268],[-96.018268,58.975147814629864],[-95.495793,59.193495081763444],[-94.503658,59.33276344092188]]],[[[-122.854924,60.328562432639586],[-122.854925,60.328562432639586],[-121.157535,60.69672973168197],[-119.103939,61.012181807025215],[-117.570131,61.00544433872545],[-116.198587,61.07660375026261],[-116.335813,60.7028245429598],[-117.10605100000001,60.53260923053288],[-118.04041200000002,60.50856469809877],[-119.899318,60.29719740494207],[-121.499995,60.22120140949106],[-122.854924,60.328562432639586]]],[[[-132.710008,47.44920378154705],[-131.74999,47.503272068723845],[-132.04948,46.73065890304161],[-131.179043,46.176627566111804],[-131.57783,46.1779694936921],[-132.180428,46.49372668341223],[-132.549992,46.809695285030244],[-133.054611,47.022439452128566],[-133.239664,47.32128656167425],[-133.180004,47.53701902920577],[-132.710008,47.44920378154705]]],[[[-105.49228899999999,61.86758518609496],[-103.529282,61.80327679812333],[-100.825158,61.63038307052301],[-100.060192,61.40351968216808],[-99.670939,61.203188322811165],[-101.30394,61.25682378726152],[-102.94980900000002,61.41236126610094],[-105.176133,61.43011009468479],[-104.210429,61.5718634584335],[-105.41958000000001,61.68634113455187],[-105.49228899999999,61.86758518609496]]],[[[-123.51000200000001,43.57632389265973],[-124.012891,43.47542047180253],[-125.655013,43.80409097342566],[-125.954994,44.05974236880335],[-126.85000400000001,44.31072624493014],[-127.029993,44.51430422759278],[-128.059336,44.64249012656232],[-128.444584,45.028384214834006],[-128.358414,45.19177152855735],[-127.308581,45.03787940606595],[-126.695001,44.930602366207395],[-125.75500700000002,44.85559081366404],[-125.41500199999999,44.61049346002014],[-124.920768,44.27155405254622],[-123.922509,43.975236253534966],[-123.51000200000001,43.57632389265973]]],[[[-121.53788000000002,59.4925540836142],[-120.10978,59.38701145226029],[-117.55564,59.35869626937161],[-116.58442,59.21072579510507],[-115.51081,58.99460419466146],[-116.76793999999998,58.86440977549973],[-119.21999999999998,58.4990418199801],[-120.46,58.13137369845049],[-120.46,57.90022099955417],[-123.09219000000002,57.643194831315874],[-123.61999999999999,57.87704363183256],[-125.92894899999999,58.15707039211423],[-125.5,58.3798434881944],[-124.80729,58.76065546499804],[-123.94,59.099944159696435],[-124.91775,59.41317610708848],[-121.53788000000002,59.4925540836142]]],[[[-107.81942999999998,60.194123152122614],[-106.92893,60.277176497756244],[-105.881,60.2556415751175],[-105.70498,60.011688289372145],[-106.31347,59.773801071924275],[-109.7,59.69554425026696],[-112.22307000000002,59.4763206010047],[-113.74381,59.46479451090198],[-113.87135,59.630029272947425],[-111.79421,59.852859237169156],[-116.31221000000001,59.79300586499535],[-117.7104,59.88282840842248],[-116.34602,60.369370076336686],[-115.40487000000002,60.50743141875629],[-112.59056,60.34083527432702],[-110.81422,60.046497640043434],[-109.06710000000001,60.00853925250244],[-110.49726,60.48327458204089],[-109.58110000000002,60.66228561616398],[-108.54859000000002,60.605474124798086],[-108.21141000000001,60.37068022754843],[-107.81942999999998,60.194123152122614]]],[[[-106.52259000000001,58.78836434401381],[-105.40246,58.5786815718011],[-104.77484,58.06711425551135],[-104.46476,57.69204084499796],[-102.78537,57.426397941745506],[-100.98078,57.17061743069909],[-101.08929,56.931387417669356],[-102.73116,56.88746460904026],[-102.09329,56.67688191011683],[-102.43024,56.47483715715383],[-104.24,56.56154894349425],[-105.96,56.710037665656124],[-107.12254000000001,56.67666216547168],[-109,56.48984578880885],[-111.534149,56.406975297873004],[-113.31320000000001,56.35464292590214],[-113.85496,56.61520427742427],[-115.22000000000001,56.76488527663646],[-116.10794,56.70356585651611],[-117.34,57.13573058760121],[-116.67473,57.193504880277125],[-115.13112,57.28590201890176],[-113.72141,57.26161170725192],[-112.4161,57.355596872600884],[-114.35,57.48140080342128],[-116.48684,57.438611804349655],[-117.9048,57.44943346454633],[-118.43238000000001,57.64724064307255],[-116.11311,57.86065173501725],[-117.65568,57.853213883223745],[-119.40199000000001,57.99308857565361],[-118.56267,58.38801562823906],[-117.86642000000002,58.596063515800296],[-115.18909,58.911776687999165],[-114.16717,58.81190339943683],[-114.66633999999999,58.56834734186518],[-112.44102000000001,58.725807874157944],[-111.05039,58.462656090192155],[-109.92035,58.72878238590088],[-109.00654000000002,58.55821871457274],[-108.18835,58.041976160454446],[-107.68599,58.26074498556154],[-108.39639,58.79536971063318],[-107.51645000000002,58.87116198715459],[-106.52259000000001,58.78836434401381]]],[[[-100.43835999999999,58.59603225168991],[-101.54,58.93521651774203],[-100.35642,59.18400533922241],[-99.16387,59.07599960757693],[-97.38,59.14100292241203],[-97.12,58.99193062432456],[-98.05359000000001,58.7440350914018],[-96.54,58.51993611319327],[-96.71999999999998,58.04679773839323],[-98.35966,57.841319704644015],[-99.32286,57.8857577611588],[-100.01482,58.08819629012757],[-102.5,58.493816302949675],[-102.48000000000002,58.66064753557796],[-100.43835999999999,58.59603225168991]]],[[[-106.6,59.05883617566381],[-105.26,59.07939632270983],[-104.5,58.96616305034354],[-105.38,58.62422112616799],[-106.94000000000001,58.98677865108782],[-106.6,59.05883617566381]]],[[[-98.5,60.625925041804905],[-97.735585,60.397800879345944],[-97.704415,60.14334373019445],[-98.15999999999998,59.77114796897506],[-99.80874,59.71947367135212],[-100.88366000000002,59.80001366619867],[-100.86292,60.092181636899916],[-102.50209,60.05379156377653],[-102.56552,60.43731465229123],[-101.48973,60.42190288274646],[-99.98349000000002,60.58977386774187],[-98.57699,60.56140274424792],[-98.5,60.625925041804905]]],[[[-96.01644,62.474786408590184],[-95.32344999999998,62.61538806118043],[-94.29843,62.64755870517003],[-94.73541999999999,62.75267605390515],[-92.40984,62.77598424598453],[-91.13289,62.53070823048371],[-89.45,62.43177284451358],[-87.81,62.344025350995],[-87.02,62.03611201065489],[-85.81435,61.884227826178815],[-87.18756,61.74366083475312],[-89.03535,61.385554108221335],[-90.80436,61.35110127718664],[-92.87669,61.412409594808615],[-93.95116,61.60686713855248],[-93.93574,61.778877117189495],[-93.14524,61.90457926074123],[-94.97400000000002,61.90099047692956],[-96.07614000000001,62.057215238447036],[-96.70972,62.268629934364796],[-96.01644,62.474786408590184]]],[[[-91.58702,63.06591081340605],[-90.1,63.15216773240524],[-88.93227,63.16684626528312],[-86.97024,63.23992492112277],[-85.5,63.40723193624878],[-84.260005,63.383822578257266],[-83.18,63.258105016549386],[-82.42,63.500069532437614],[-81.1,63.57137185633744],[-79.30664,63.62053769963067],[-76.24999999999999,63.63897030854557],[-75.71877999999998,63.5909665523764],[-72.83153,63.66612326131816],[-70.665765,63.63795879964481],[-68.5,63.609766374021454],[-65.82735,63.57493674537939],[-63.67999999999999,63.51791182687445],[-61.85000000000001,63.39663284940595],[-61.89388,63.27684027293777],[-64.334,63.081063084724086],[-66.75342,62.98924989091654],[-67.65755,62.88740505545596],[-65.48031,62.889756582623924],[-67.84,62.61203475370029],[-69.4697,62.48148667083417],[-71.18,62.10168930332682],[-73.2428,62.023988143277705],[-73.88,61.92814644348655],[-76.90773,61.87771910708317],[-75.52924000000002,61.81853996382493],[-76.22046,61.734082116905775],[-75.39345,61.49960456725938],[-76.34354,61.33557792454936],[-77.88851000000001,61.199510291077885],[-78.36269,61.01042257441463],[-79.75950999999999,60.865224804921674],[-79.61965,60.75484713971848],[-77.91089,60.77374103068858],[-77.88911,60.654339993453505],[-80.56125,60.359030394016244],[-83.17439,60.495200114178104],[-86.11183999999999,60.4187633751579],[-87.59999999999998,60.478436127127104],[-89.49068,60.504241088597475],[-89.61610000000002,60.739586175028016],[-87.76739000000002,60.84995791995108],[-88.26,61.1995536495528],[-87.65,61.23336567314397],[-84.97634,61.02502658052654],[-86.34000000000002,61.33415804329962],[-87.96191999999999,61.42603434907742],[-87.15198,61.61051890744362],[-85.37868,61.72358140549274],[-85.09495,61.88824736479265],[-86.50734,62.07184108582431],[-86.93179,62.31219021070789],[-84.19844,62.29216161669243],[-83.408696,62.24173601049787],[-81.84823000000002,62.410984776073235],[-84.1,62.464465063345166],[-87.59895,62.434988237546136],[-89.36663000000001,62.59164456526002],[-90.2,62.777178220301245],[-91.36786,62.91095282968059],[-91.58702,63.06591081340605]]],[[[-75.21597,55.74520540467409],[-75.86588,55.578583501757244],[-76.98687,55.55023601957313],[-77.23639999999999,55.82608524506785],[-76.81166,56.139632975869034],[-75.89521,56.21680712282784],[-75.1145,56.06255482339633],[-75.10333,55.82267553553788],[-75.21597,55.74520540467409]]],[[[-96.257401,56.879821297163055],[-95.647681,56.67032747503931],[-96.26952099999998,56.477167804908746],[-97.617401,56.644131320080604],[-98.431801,56.58396966092542],[-99.797401,56.83061321533384],[-98.917401,56.99983546173518],[-98.218261,57.23519478068232],[-97.15740099999998,57.08144202890523],[-96.557401,56.98349263063423],[-96.257401,56.879821297163055]]],[[[-64.51912,44.55567927997696],[-64.17322,44.615603946870515],[-62.858290000000004,44.43682277839609],[-61.83558500000001,44.13769952003156],[-61.806305,44.00586774042165],[-62.29318,43.99299862852961],[-63.58926,44.21812398993943],[-64.51912,44.55567927997696]]],[[[-64.01486,42.499012479972244],[-63.664500000000004,42.13966374927011],[-62.93930000000001,42.04011927825477],[-62.012080000000005,42.060368828175484],[-62.50391,41.755425832362505],[-62.87433000000001,41.70676110888353],[-64.1428,42.02287199903094],[-64.39261,42.27111564285911],[-64.01486,42.499012479972244]]]]}},{"type":"Feature","bbox":[-171.791111,18.91619,-66.96466,71.357764],"properties":{"featurecla":"Admin-0 country","scalerank":1,"LABELRANK":2,"SOVEREIGNT":"United States of America","SOV_A3":"US1","ADM0_DIF":1,"LEVEL":2,"TYPE":"Country","TLC":"1","ADMIN":"United States of America","ADM0_A3":"USA","GEOU_DIF":0,"GEOUNIT":"United States of America","GU_A3":"USA","SU_DIF":0,"SUBUNIT":"United States","SU_A3":"USA","BRK_DIFF":0,"NAME":"United States of America","NAME_LONG":"United States","BRK_A3":"USA","BRK_NAME":"United States","BRK_GROUP":null,"ABBREV":"U.S.A.","POSTAL":"US","FORMAL_EN":"United States of America","FORMAL_FR":null,"NAME_CIAWF":"United States","NOTE_ADM0":null,"NOTE_BRK":null,"NAME_SORT":"United States of America","NAME_ALT":null,"MAPCOLOR7":4,"MAPCOLOR8":5,"MAPCOLOR9":1,"MAPCOLOR13":1,"POP_EST":328239523,"POP_RANK":17,"POP_YEAR":2019,"GDP_MD":21433226,"GDP_YEAR":2019,"ECONOMY":"1. Developed region: G7","INCOME_GRP":"1. High income: OECD","FIPS_10":"US","ISO_A2":"US","ISO_A2_EH":"US","ISO_A3":"USA","ISO_A3_EH":"USA","ISO_N3":"840","ISO_N3_EH":"840","UN_A3":"840","WB_A2":"US","WB_A3":"USA","WOE_ID":23424977,"WOE_ID_EH":23424977,"WOE_NOTE":"Exact WOE match as country","ADM0_ISO":"USA","ADM0_DIFF":null,"ADM0_TLC":"USA","ADM0_A3_US":"USA","ADM0_A3_FR":"USA","ADM0_A3_RU":"USA","ADM0_A3_ES":"USA","ADM0_A3_CN":"USA","ADM0_A3_TW":"USA","ADM0_A3_IN":"USA","ADM0_A3_NP":"USA","ADM0_A3_PK":"USA","ADM0_A3_DE":"USA","ADM0_A3_GB":"USA","ADM0_A3_BR":"USA","ADM0_A3_IL":"USA","ADM0_A3_PS":"USA","ADM0_A3_SA":"USA","ADM0_A3_EG":"USA","ADM0_A3_MA":"USA","ADM0_A3_PT":"USA","ADM0_A3_AR":"USA","ADM0_A3_JP":"USA","ADM0_A3_KO":"USA","ADM0_A3_VN":"USA","ADM0_A3_TR":"USA","ADM0_A3_ID":"USA","ADM0_A3_PL":"USA","ADM0_A3_GR":"USA","ADM0_A3_IT":"USA","ADM0_A3_NL":"USA","ADM0_A3_SE":"USA","ADM0_A3_BD":"USA","ADM0_A3_UA":"USA","ADM0_A3_UN":-99,"ADM0_A3_WB":-99,"CONTINENT":"North America","REGION_UN":"Americas","SUBREGION":"Northern America","REGION_WB":"North America","NAME_LEN":24,"LONG_LEN":13,"ABBREV_LEN":6,"TINY":-99,"HOMEPART":1,"MIN_ZOOM":0,"MIN_LABEL":1.7,"MAX_LABEL":5.7,"LABEL_X":-97.482602,"LABEL_Y":39.538479,"NE_ID":1159321369,"WIKIDATAID":"Q30","NAME_AR":"الولايات المتحدة","NAME_BN":"মার্কিন যুক্তরাষ্ট্র","NAME_DE":"Vereinigte Staaten","NAME_EN":"United States of America","NAME_ES":"Estados Unidos","NAME_FA":"ایالات متحده آمریکا","NAME_FR":"États-Unis","NAME_EL":"Ηνωμένες Πολιτείες Αμερικής","NAME_HE":"ארצות הברית","NAME_HI":"संयुक्त राज्य अमेरिका","NAME_HU":"Amerikai Egyesült Államok","NAME_ID":"Amerika Serikat","NAME_IT":"Stati Uniti d'America","NAME_JA":"アメリカ合衆国","NAME_KO":"미국","NAME_NL":"Verenigde Staten van Amerika","NAME_PL":"Stany Zjednoczone","NAME_PT":"Estados Unidos","NAME_RU":"США","NAME_SV":"USA","NAME_TR":"Amerika Birleşik Devletleri","NAME_UK":"Сполучені Штати Америки","NAME_UR":"ریاستہائے متحدہ امریکا","NAME_VI":"Hoa Kỳ","NAME_ZH":"美国","NAME_ZHT":"美國","FCLASS_ISO":"Admin-0 country","TLC_DIFF":null,"FCLASS_TLC":"Admin-0 country","FCLASS_US":null,"FCLASS_FR":null,"FCLASS_RU":null,"FCLASS_ES":null,"FCLASS_CN":null,"FCLASS_TW":null,"FCLASS_IN":null,"FCLASS_NP":null,"FCLASS_PK":null,"FCLASS_DE":null,"FCLASS_GB":null,"FCLASS_BR":null,"FCLASS_IL":null,"FCLASS_PS":null,"FCLASS_SA":null,"FCLASS_EG":null,"FCLASS_MA":null,"FCLASS_PT":null,"FCLASS_AR":null,"FCLASS_JP":null,"FCLASS_KO":null,"FCLASS_VN":null,"FCLASS_TR":null,"FCLASS_ID":null,"FCLASS_PL":null,"FCLASS_GR":null,"FCLASS_IT":null,"FCLASS_NL":null,"FCLASS_SE":null,"FCLASS_BD":null,"FCLASS_UA":null},"geometry":{"type":"MultiPolygon","coordinates":[[[[-122.84000000000002,43.930253245321786],[-119.99999999999999,43.930253245321786],[-117.03121,43.930253245321786],[-116.04818000000002,43.930253245321786],[-113,43.930253245321786],[-110.05,43.930253245321786],[-107.05,43.930253245321786],[-104.04826000000001,43.93015241935283],[-100.65,43.930253245321786],[-97.22872,43.930757372602706],[-95.15907000000001,43.930253245321786],[-95.15608999999999,44.20634042679787],[-94.81758000000002,44.209781126884806],[-94.64,43.81491204672651],[-94.32914000000001,43.69265251504711],[-93.63087,43.648182573439456],[-92.61,43.5328328236089],[-91.64000000000001,43.30767037941928],[-90.83,43.402195285143506],[-89.6,43.212998250764926],[-89.27291700000002,43.220146032792954],[-88.378114,43.4261070827597],[-87.43979300000001,43.161959981108126],[-86.461991,42.87926897836332],[-85.652363,42.63468022913573],[-84.87608,42.398714698564234],[-84.779238,42.204210539814426],[-84.543749,42.13126483250938],[-84.6049,42.05774053832979],[-84.3367,42.03484605909974],[-84.14212,42.11164027881442],[-84.091851,41.93572407291569],[-83.890765,41.81771370278998],[-83.616131,41.81771370278998],[-83.469551,41.726546374316165],[-83.59285099999998,41.593717890469954],[-82.550925,41.241730460984485],[-82.337763,40.55577791277219],[-82.13764200000001,39.89235100280643],[-82.43,39.43733942088847],[-82.89999999999999,39.01126973745675],[-83.12000000000002,38.738789465234404],[-83.14200000000001,38.657373577289746],[-83.02981,38.54570846240709],[-82.690089,38.42227082784099],[-82.43927800000002,38.42227082784099],[-81.277747,38.8393597105678],[-80.247448,38.96167835161318],[-78.939362,39.34739191198894],[-78.92,39.4257536612428],[-79.01000000000002,39.660951908763586],[-79.171674,39.811935141963076],[-78.72028,39.933770788791776],[-77.737885,39.9368125649905],[-76.820034,39.9366040078943],[-76.49999999999999,40.23473670730965],[-76.37500000000001,40.29414243308929],[-75.31821,40.841183361567616],[-74.867,40.98026043968488],[-73.34783,40.985469289358534],[-71.50506,40.986088284722754],[-71.405,41.172126671455544],[-71.08482,41.20993317516268],[-70.66,41.32625562217923],[-70.305,41.66704680736707],[-69.99997,42.2456555252319],[-69.237216,42.8018694728559],[-68.905,42.60876466628058],[-68.23444,42.73365505899151],[-67.79046,42.52138519660015],[-67.79134,41.50834140720681],[-67.13741000000002,41.083643195086694],[-66.96466,40.83607661981702],[-68.03252,40.46849912599539],[-69.06,40.20537056675411],[-70.11617,39.97896638012968],[-70.645476,39.522426367849796],[-70.81489,39.348698030586995],[-70.825,38.937414117343295],[-70.495,38.523965611236264],[-70.08,38.50440426108835],[-70.185,38.78947191728112],[-69.88497,38.616090587956386],[-69.96503,38.392544463978155],[-70.64000000000001,38.265328115695034],[-71.12039,38.28059770274904],[-71.86,38.143527756705524],[-72.295,38.104193858961835],[-72.87643,38.065350525605396],[-73.71,37.83703214786648],[-72.24126,37.985655224119085],[-71.945,37.83616182863911],[-73.345,37.59885120732954],[-73.982,37.59726658670208],[-73.952325,37.69446013254749],[-74.25671,37.47476061840283],[-73.96244,37.438340398627155],[-74.17838,36.865779112851634],[-74.90604,36.247493588686964],[-74.98041,36.45436883861355],[-75.20002,36.49622293156377],[-75.52805,36.696976073178405],[-75.32,36.263992232454314],[-75.071835,36.12036485039301],[-75.05673000000002,35.81450215742807],[-75.37747000000002,35.498747605768344],[-75.94023,34.84594427096214],[-76.03127,34.878527468898056],[-75.72205,35.43484571610099],[-76.23287,35.74562151345879],[-76.35,36.41703893326497],[-76.542725,36.06831281988144],[-76.32933,35.55388585142121],[-76.989998,35.681296688513186],[-76.30162,35.41927792861781],[-76.25874,34.64011277555647],[-75.97179999999999,34.583209123199126],[-75.86804,34.29785052681291],[-75.72749,33.46725889914616],[-76.36318,32.845910300543665],[-77.397635,32.59643668570667],[-78.05496,32.100926068676834],[-78.55435,32.04657606310958],[-79.06067,31.73464972546143],[-79.20357,31.44881939412046],[-80.301325,30.89349262688499],[-80.86498,30.48410964069475],[-81.33629,29.971907590769256],[-81.49042,29.354523950459647],[-81.31371,28.74743119355385],[-80.98,27.994677346149967],[-80.535585,27.367830984170038],[-80.53,26.98340456568647],[-80.056539,25.944978686174615],[-80.08801500000001,25.33714473596064],[-80.13156000000001,24.985064506162818],[-80.38103,24.430353204027394],[-80.68,24.31543673819189],[-81.17213000000001,24.425891848173727],[-81.33,24.824728236498604],[-81.71,25.033299130756916],[-82.24,25.810019344745292],[-82.70515000000002,26.49672644388303],[-82.85526000000002,26.846299864709085],[-82.65,27.4369636622919],[-82.93,27.92401491465226],[-83.70959,28.660632166688064],[-84.1,28.795185516293877],[-85.10882000000001,28.396698837885236],[-85.28784,28.440647127263027],[-85.77309999999999,28.850039165930532],[-86.4,29.066498426099706],[-87.53036,28.95659727646728],[-88.41782,29.05329932900527],[-89.18049000000002,28.99303405828479],[-89.59383100000001,28.85650650415364],[-89.413735,28.623446920681474],[-89.43,28.266858475033757],[-89.21767,28.092715346394268],[-89.40823,27.976671652018997],[-89.77928,28.10688233036403],[-90.15463,27.93941443258969],[-90.880225,27.966890447858813],[-91.626785,28.432627507630972],[-92.49906000000001,28.32291235370312],[-93.22637,28.526459397908546],[-93.84842,28.464834204779226],[-94.69,28.259248510954077],[-95.60026,27.60424908794914],[-96.59404,27.22151319611813],[-97.14,26.796110228844814],[-97.37000000000002,26.393724190734854],[-97.38,25.774004167892212],[-97.33,25.340972290886548],[-97.14,25.033299130756916],[-97.52999999999999,25.006114259864955],[-98.24,25.20532993004327],[-99.02,25.485490029831677],[-99.3,25.90900461085206],[-99.52,26.53695679302451],[-100.11,27.0457669256375],[-100.45584000000001,27.566571561046697],[-100.9576,28.171756602854053],[-101.6624,28.52254957024148],[-102.48000000000002,28.505590662070013],[-103.11,27.809089921089715],[-103.94,28.074117239133162],[-104.45697,28.340217400935316],[-104.70575000000001,28.822988302151344],[-105.03737,29.27956468276077],[-105.63159,29.66246416761912],[-106.14290000000001,29.93678278128302],[-106.50759,30.243569392443494],[-108.24,30.24385793196159],[-108.24194,29.88674274369525],[-109.03499999999998,29.886499980020865],[-111.02360999999999,29.880239941132785],[-113.30498,30.489142246718288],[-114.81500000000001,30.90715726407156],[-114.72139000000001,31.074792089608735],[-115.99135000000001,30.98186851222178],[-117.12776,30.91578836235964],[-117.295938,31.353081857989576],[-117.944,31.842842310900576],[-118.410602,31.94444828937795],[-118.519895,32.18755478598018],[-119.081,32.23004480220735],[-119.438841,32.458556596217235],[-120.36778,32.54174267305097],[-120.62286000000002,32.677733345003524],[-120.74433000000002,33.13806198084157],[-121.71457,33.975279173285266],[-122.54747,35.12030974885972],[-122.51200999999999,35.309550051675465],[-122.95319,35.5786551998306],[-123.72720000000001,36.2572673995006],[-123.86517000000002,36.91195164077661],[-124.39807,37.34742692258471],[-124.17886,38.003418309459086],[-124.2137,38.676080605398596],[-124.53284,39.27185925828395],[-124.14214,39.99760743796008],[-124.020535,40.689284840263426],[-123.89893,41.37385669656878],[-124.079635,42.37261689688508],[-124.39567,43.0014005342475],[-124.68721,43.3399948269159],[-124.56610100000002,43.48185609278986],[-123.12,43.23485873067213],[-122.58736,42.54322680230331],[-122.34,42.73743035694715],[-122.50000000000001,43.33677064767372],[-122.84000000000002,43.930253245321786]]],[[[-155.40214,19.68090276488264],[-155.22452,19.599218492682386],[-155.06226,19.473008177621647],[-154.80741,19.142325833702476],[-154.83147,19.089952428882693],[-155.22217,18.888014246181566],[-155.54211,18.740122183792923],[-155.68817,18.58162684955036],[-155.93665,18.71730776207929],[-155.90806,18.981808468924967],[-156.07347,19.32571399957418],[-156.02368,19.430689853501786],[-155.85008,19.584399174788025],[-155.91907,19.769575282544718],[-155.86108,19.85731439687351],[-155.78505000000004,19.83990401963447],[-155.40214,19.68090276488264]]],[[[-155.99566000000002,20.323910927652854],[-156.07926,20.211275083054836],[-156.41445,20.144106911278936],[-156.58673,20.341689533184883],[-156.70167,20.417900540544448],[-156.71055,20.476425229111367],[-156.61258,20.55671744066365],[-156.25711,20.4677032223846],[-155.99566000000002,20.323910927652854]]],[[[-156.75824,20.71052480782655],[-156.78933,20.609367280734794],[-157.32521,20.636546353284622],[-157.25027,20.750497633919956],[-156.75824,20.71052480782655]]],[[[-158.0252,21.214894032749488],[-157.94161,21.154995453170738],[-157.65283000000002,20.84640237113591],[-157.70703,20.792423142251305],[-157.77859999999998,20.804454473202856],[-158.12666999999996,20.837309043829325],[-158.25379999999998,21.04907871110113],[-158.29265,21.086339640273852],[-158.0252,21.214894032749488]]],[[[-159.36569000000003,21.67839148286652],[-159.34512000000004,21.461764764975108],[-159.46372,21.369590830346368],[-159.80051,21.539296170403777],[-159.74876999999998,21.607061527681513],[-159.5962,21.698127867366647],[-159.36569000000003,21.67839148286652]]],[[[-166.467792,51.56547032584677],[-165.67443,51.50913970081776],[-165.579164,51.269752509663626],[-166.19277,51.172331367136074],[-166.848337,51.28940574637004],[-167.45527699999997,51.45898609358902],[-166.467792,51.56547032584677]]],[[[-153.228729,50.0392498455207],[-152.56479099999999,49.99585118211743],[-152.141147,49.79591915741628],[-153.006314,49.48818866367283],[-154.00509,49.23995560345211],[-154.516403,49.408161548853],[-154.670993,49.71201845328567],[-153.76278,49.94127371899412],[-153.228729,50.0392498455207]]],[[[-140.985988,57.00090730065769],[-140.986,57.0009083899092],[-140.99250000000004,54.92379206350921],[-140.99778,51.517095014837835],[-140.013,51.49869044540438],[-139.039,51.3260350499197],[-138.34089,51.05158593891344],[-137.4525,50.63666911743822],[-136.47972,50.9898016752264],[-135.47583,51.19322951886792],[-134.945,50.86794884141212],[-134.27111,50.60882426301851],[-133.35556,50.3218519021564],[-132.73042,49.86160769134753],[-131.70781,49.1206216417744],[-130.00778,48.70244022234599],[-129.98,48.28438861077844],[-130.53611,47.962494746922175],[-130.536109,47.96247733687936],[-130.53611,47.96247666726221],[-131.085818,48.213741285282644],[-131.967211,48.42578073685944],[-132.250011,49.001283917425546],[-133.539181,49.529125868555475],[-134.078063,50.13812053068566],[-135.038211,50.179537377642646],[-136.628062,50.195220369358715],[-137.800006,50.37909811595339],[-139.867787,51.03627775922727],[-140.825274,51.15544746527995],[-142.574444,51.378774607612456],[-143.958881,51.32552263892469],[-145.925557,51.61172017267779],[-147.114374,51.8755189481112],[-148.224306,51.74465170022177],[-148.018066,51.3124911033316],[-148.570823,51.27237142507238],[-149.727858,51.14173525306963],[-150.608243,50.929536615643656],[-151.716393,50.79547967857449],[-151.859433,51.16640163523308],[-151.40971899999997,51.77734056561839],[-150.346941,51.96737142014295],[-150.621111,52.12164829858771],[-151.895839,51.77820367056274],[-152.57833,51.36454758411884],[-154.019172,50.918233139307475],[-153.287511,50.611120231383644],[-154.232492,50.15305592477755],[-155.30749100000003,49.88410347274898],[-156.308335,49.6871672888932],[-156.556097,49.3998557448369],[-158.11721700000004,49.06265947153904],[-158.433321,48.75410514472557],[-159.60332700000004,48.47148813048687],[-160.28972,48.522443342948904],[-161.22304799999998,48.337419415662765],[-162.237766,48.11053990640254],[-163.069447,47.88674377677314],[-164.785569,47.69489096433483],[-164.942226,47.80788047978323],[-163.84834,48.120717250524855],[-162.870001,48.326322324861266],[-161.804175,48.68868193454972],[-160.563605,48.76326912614006],[-160.07056,49.03280266634895],[-158.68444299999996,49.42372691668081],[-158.46109700000002,49.553806037609014],[-157.72276999999997,49.7823240560221],[-157.550274,50.26949757163856],[-157.04167500000003,50.64547465705234],[-158.194731,50.45289134329645],[-158.517218,50.56226582025804],[-159.058606,50.33072969697911],[-159.711667,50.653403621143745],[-159.981289,50.42534360424069],[-160.35527100000002,50.74191221555148],[-161.355003,50.48792047229138],[-161.968894,50.48844664057436],[-162.054987,50.865654700739654],[-161.874171,51.09651740015922],[-162.51805899999997,51.31961325160816],[-163.81834100000003,51.1996689959098],[-164.66221800000002,51.49287811118871],[-165.346388,51.64206761524878],[-165.350832,51.992198091328255],[-166.12137900000002,52.253823715729304],[-165.734452,52.60440981871053],[-164.91917900000004,52.94202944469641],[-164.562508,53.25025230428692],[-163.753332,53.293949888774314],[-163.067224,53.198215222398474],[-162.260555,53.486268931607796],[-161.53445,53.43499584234481],[-160.772507,53.619445106974204],[-160.95833500000003,53.88946109663378],[-161.51806800000003,53.995402157892265],[-160.777778,54.22158695018412],[-161.391926,54.21493950595383],[-162.45305,54.08739119132748],[-162.757786,53.957655072189354],[-163.546394,54.087224024068455],[-164.96083,54.02135176692434],[-166.425288,54.161949180067815],[-166.845004,54.396780285295456],[-168.11056,54.73368611091143],[-166.705271,54.974496144173955],[-164.47471,55.25379868686215],[-163.652512,55.25379868686215],[-163.78860200000003,54.96811857929804],[-161.677774,54.990449681958594],[-162.489715,55.344262211648775],[-163.719717,55.560227547283446],[-164.430991,55.84194910215025],[-165.39028699999997,56.08064578988228],[-166.76444100000003,56.25663697863095],[-166.204707,56.54668500316568],[-164.430811,56.56459883183261],[-163.168614,56.81479001276288],[-162.930566,57.080372511025644],[-161.908897,57.3377645956396],[-160.934797,57.39943119849804],[-159.039176,57.637843606210794],[-158.119723,57.60200519573006],[-156.580825,57.88648818469299],[-155.06779,57.77468554309332],[-154.344165,57.53319095663715],[-153.900006,57.636958795767256],[-152.21000600000002,57.60482927332579],[-152.27000199999998,57.4814040288613],[-150.739992,57.38990811739818],[-149.720003,57.44375666260647],[-147.613362,57.27332636303625],[-145.68999,57.22245833920308],[-144.920011,57.152002191042584],[-143.589446,57.24005111587642],[-142.07251,57.077044200173965],[-140.985988,57.00090730065769],[-140.985988,57.00090730065769]]],[[[-171.731657,53.62917572649754],[-171.114434,53.516160892567626],[-170.491112,53.57723178544146],[-169.682505,53.42027805891414],[-168.689439,53.34057984840656],[-168.77194100000003,53.27550596316713],[-169.52944,53.14874843012591],[-170.290556,53.278997952780834],[-170.67138600000004,53.387313343645324],[-171.553063,53.35268823887897],[-171.791111,53.40521597033984],[-171.731657,53.62917572649754]]]]}},{"type":"Feature","bbox":[46.466446,40.662325,87.35997,55.38525],"properties":{"featurecla":"Admin-0 country","scalerank":1,"LABELRANK":3,"SOVEREIGNT":"Kazakhstan","SOV_A3":"KA1","ADM0_DIF":1,"LEVEL":1,"TYPE":"Sovereignty","TLC":"1","ADMIN":"Kazakhstan","ADM0_A3":"KAZ","GEOU_DIF":0,"GEOUNIT":"Kazakhstan","GU_A3":"KAZ","SU_DIF":0,"SUBUNIT":"Kazakhstan","SU_A3":"KAZ","BRK_DIFF":0,"NAME":"Kazakhstan","NAME_LONG":"Kazakhstan","BRK_A3":"KAZ","BRK_NAME":"Kazakhstan","BRK_GROUP":null,"ABBREV":"Kaz.","POSTAL":"KZ","FORMAL_EN":"Republic of Kazakhstan","FORMAL_FR":null,"NAME_CIAWF":"Kazakhstan","NOTE_ADM0":null,"NOTE_BRK":null,"NAME_SORT":"Kazakhstan","NAME_ALT":null,"MAPCOLOR7":6,"MAPCOLOR8":1,"MAPCOLOR9":6,"MAPCOLOR13":1,"POP_EST":18513930,"POP_RANK":14,"POP_YEAR":2019,"GDP_MD":181665,"GDP_YEAR":2019,"ECONOMY":"6. Developing region","INCOME_GRP":"3. Upper middle income","FIPS_10":"KZ","ISO_A2":"KZ","ISO_A2_EH":"KZ","ISO_A3":"KAZ","ISO_A3_EH":"KAZ","ISO_N3":"398","ISO_N3_EH":"398","UN_A3":"398","WB_A2":"KZ","WB_A3":"KAZ","WOE_ID":-90,"WOE_ID_EH":23424871,"WOE_NOTE":"Includes Baykonur Cosmodrome as an Admin-1 states provinces","ADM0_ISO":"KAZ","ADM0_DIFF":null,"ADM0_TLC":"KAZ","ADM0_A3_US":"KAZ","ADM0_A3_FR":"KAZ","ADM0_A3_RU":"KAZ","ADM0_A3_ES":"KAZ","ADM0_A3_CN":"KAZ","ADM0_A3_TW":"KAZ","ADM0_A3_IN":"KAZ","ADM0_A3_NP":"KAZ","ADM0_A3_PK":"KAZ","ADM0_A3_DE":"KAZ","ADM0_A3_GB":"KAZ","ADM0_A3_BR":"KAZ","ADM0_A3_IL":"KAZ","ADM0_A3_PS":"KAZ","ADM0_A3_SA":"KAZ","ADM0_A3_EG":"KAZ","ADM0_A3_MA":"KAZ","ADM0_A3_PT":"KAZ","ADM0_A3_AR":"KAZ","ADM0_A3_JP":"KAZ","ADM0_A3_KO":"KAZ","ADM0_A3_VN":"KAZ","ADM0_A3_TR":"KAZ","ADM0_A3_ID":"KAZ","ADM0_A3_PL":"KAZ","ADM0_A3_GR":"KAZ","ADM0_A3_IT":"KAZ","ADM0_A3_NL":"KAZ","ADM0_A3_SE":"KAZ","ADM0_A3_BD":"KAZ","ADM0_A3_UA":"KAZ","ADM0_A3_UN":-99,"ADM0_A3_WB":-99,"CONTINENT":"Asia","REGION_UN":"Asia","SUBREGION":"Central Asia","REGION_WB":"Europe & Central Asia","NAME_LEN":10,"LONG_LEN":10,"ABBREV_LEN":4,"TINY":-99,"HOMEPART":1,"MIN_ZOOM":0,"MIN_LABEL":2.7,"MAX_LABEL":7,"LABEL_X":68.685548,"LABEL_Y":49.054149,"NE_ID":1159320967,"WIKIDATAID":"Q232","NAME_AR":"كازاخستان","NAME_BN":"কাজাখস্তান","NAME_DE":"Kasachstan","NAME_EN":"Kazakhstan","NAME_ES":"Kazajistán","NAME_FA":"قزاقستان","NAME_FR":"Kazakhstan","NAME_EL":"Καζακστάν","NAME_HE":"קזחסטן","NAME_HI":"कज़ाख़िस्तान","NAME_HU":"Kazahsztán","NAME_ID":"Kazakhstan","NAME_IT":"Kazakistan","NAME_JA":"カザフスタン","NAME_KO":"카자흐스탄","NAME_NL":"Kazachstan","NAME_PL":"Kazachstan","NAME_PT":"Cazaquistão","NAME_RU":"Казахстан","NAME_SV":"Kazakstan","NAME_TR":"Kazakistan","NAME_UK":"Казахстан","NAME_UR":"قازقستان","NAME_VI":"Kazakhstan","NAME_ZH":"哈萨克斯坦","NAME_ZHT":"哈薩克","FCLASS_ISO":"Admin-0 country","TLC_DIFF":null,"FCLASS_TLC":"Admin-0 country","FCLASS_US":null,"FCLASS_FR":null,"FCLASS_RU":null,"FCLASS_ES":null,"FCLASS_CN":null,"FCLASS_TW":null,"FCLASS_IN":null,"FCLASS_NP":null,"FCLASS_PK":null,"FCLASS_DE":null,"FCLASS_GB":null,"FCLASS_BR":null,"FCLASS_IL":null,"FCLASS_PS":null,"FCLASS_SA":null,"FCLASS_EG":null,"FCLASS_MA":null,"FCLASS_PT":null,"FCLASS_AR":null,"FCLASS_JP":null,"FCLASS_KO":null,"FCLASS_VN":null,"FCLASS_TR":null,"FCLASS_ID":null,"FCLASS_PL":null,"FCLASS_GR":null,"FCLASS_IT":null,"FCLASS_NL":null,"FCLASS_SE":null,"FCLASS_BD":null,"FCLASS_UA":null},"geometry":{"type":"Polygon","coordinates":[[[87.35997,44.0848777800068],[86.598776,43.604694901948676],[85.768233,43.53700203829561],[85.72048399999998,42.80567583128231],[85.16429,42.47316221102117],[83.18048399999999,42.71541507673095],[82.45892599999999,41.38604225786928],[81.94707100000001,41.21879994262499],[79.966106,40.91759898682143],[80.866206,39.591911018366815],[80.18015,39.3910373769169],[80.25999,38.949079873610124],[79.643645,39.06306492426632],[79.142177,39.341577106736885],[77.65839200000002,39.422421240067784],[76.000354,39.44353469447095],[75.636965,39.358440951368685],[74.212866,39.6827648108867],[73.645304,39.52322396559297],[73.489758,39.066334491305405],[71.844638,39.33330376716117],[71.18628100000001,39.224080175338074],[70.962315,38.88384321485567],[70.388965,38.73980970702027],[69.070027,38.19403598252465],[68.632483,37.62949192379927],[68.259896,37.624457957194934],[67.985856,37.99866746019116],[66.714047,38.024236778637096],[66.510649,38.66671481918682],[66.023392,38.672181726563316],[66.098012,39.450977252535786],[64.900824,40.01269814049431],[63.185787,39.95292704564958],[62.01330000000001,39.841224609955376],[61.05832,40.52980154294732],[60.239971999999995,40.81665757484019],[58.689989,41.35629767092309],[58.503127,41.42141096551099],[55.928917,40.976771035224964],[55.968191,38.1345945286959],[55.455251,38.09621357316671],[54.755345,38.710681066467984],[54.079418,38.928942232984454],[52.944293,38.76689070401763],[52.50246,38.50699918430084],[52.446339,38.69755498297524],[52.692112,39.02206563629683],[52.501426,39.292222668188415],[51.342427,39.55538482017348],[50.891292,40.24433583927163],[50.33912899999999,40.437160558265724],[50.305642999999996,40.68469040712042],[51.278503,40.612625830915476],[51.316899,41.16535019821428],[52.16739,41.287487718844076],[53.040876,41.17517292022597],[53.220866,41.90538602980665],[53.042736999999995,42.36394009439988],[52.04202300000001,42.32819106350616],[51.191945,42.50837166304874],[50.034083,42.18338299698224],[49.10115999999999,42.02783422811292],[48.59325,42.14784209347797],[48.694734,42.52821557208305],[48.05725,43.01865766385265],[47.315239999999996,42.99824107704319],[46.466446,43.49233056089999],[47.043672,44.03964863829277],[46.751596,44.1860907033547],[47.54948,44.96867459384359],[48.577841,44.55690488571245],[48.702382,45.075004068496874],[50.766648,45.83790887895836],[52.328724,45.85594327560872],[54.532878000000004,45.371611406929496],[55.716939999999994,45.08671275421176],[56.77798,45.38377047429484],[58.36332000000001,45.39787901955567],[59.64228200000001,45.03283943374881],[59.93280699999999,45.242170243547875],[61.33742399999999,45.211798013536715],[61.588003,45.54445725207667],[59.96753400000001,46.02407125884488],[60.927269,46.36127698603785],[60.739993,46.54896539470342],[61.699986,46.727488701564475],[60.978066,47.19499006357586],[61.4366,47.42636951971072],[65.178534,47.66126322388313],[65.66687,47.82737055417192],[68.1691,48.07460866709247],[69.068167,48.35105478599432],[70.865267,48.207629124722175],[71.180131,47.512243256382675],[72.22415,47.676365901637205],[73.508516,47.446233635868225],[73.425679,47.075818731226605],[74.38482,47.114650522250315],[76.8911,47.75297957355046],[76.525179,47.54176351368043],[77.800916,47.017630439961906],[80.03555999999999,45.2580506726495],[80.568447,45.62541391488484],[81.945986,45.2210443723879],[83.383004,45.40177106597786],[83.935115,45.27529045092642],[84.416377,44.86720262520976],[85.11556000000002,44.729473205108235],[85.54127,44.42714625336037],[86.829357,44.52263164059755],[87.35997,44.0848777800068]]]}},{"type":"Feature","bbox":[55.928917,37.144994,73.055417,45.586804],"properties":{"featurecla":"Admin-0 country","scalerank":1,"LABELRANK":3,"SOVEREIGNT":"Uzbekistan","SOV_A3":"UZB","ADM0_DIF":0,"LEVEL":2,"TYPE":"Sovereign country","TLC":"1","ADMIN":"Uzbekistan","ADM0_A3":"UZB","GEOU_DIF":0,"GEOUNIT":"Uzbekistan","GU_A3":"UZB","SU_DIF":0,"SUBUNIT":"Uzbekistan","SU_A3":"UZB","BRK_DIFF":0,"NAME":"Uzbekistan","NAME_LONG":"Uzbekistan","BRK_A3":"UZB","BRK_NAME":"Uzbekistan","BRK_GROUP":null,"ABBREV":"Uzb.","POSTAL":"UZ","FORMAL_EN":"Republic of Uzbekistan","FORMAL_FR":null,"NAME_CIAWF":"Uzbekistan","NOTE_ADM0":null,"NOTE_BRK":null,"NAME_SORT":"Uzbekistan","NAME_ALT":null,"MAPCOLOR7":2,"MAPCOLOR8":3,"MAPCOLOR9":5,"MAPCOLOR13":4,"POP_EST":33580650,"POP_RANK":15,"POP_YEAR":2019,"GDP_MD":57921,"GDP_YEAR":2019,"ECONOMY":"6. Developing region","INCOME_GRP":"4. Lower middle income","FIPS_10":"UZ","ISO_A2":"UZ","ISO_A2_EH":"UZ","ISO_A3":"UZB","ISO_A3_EH":"UZB","ISO_N3":"860","ISO_N3_EH":"860","UN_A3":"860","WB_A2":"UZ","WB_A3":"UZB","WOE_ID":23424980,"WOE_ID_EH":23424980,"WOE_NOTE":"Exact WOE match as country","ADM0_ISO":"UZB","ADM0_DIFF":null,"ADM0_TLC":"UZB","ADM0_A3_US":"UZB","ADM0_A3_FR":"UZB","ADM0_A3_RU":"UZB","ADM0_A3_ES":"UZB","ADM0_A3_CN":"UZB","ADM0_A3_TW":"UZB","ADM0_A3_IN":"UZB","ADM0_A3_NP":"UZB","ADM0_A3_PK":"UZB","ADM0_A3_DE":"UZB","ADM0_A3_GB":"UZB","ADM0_A3_BR":"UZB","ADM0_A3_IL":"UZB","ADM0_A3_PS":"UZB","ADM0_A3_SA":"UZB","ADM0_A3_EG":"UZB","ADM0_A3_MA":"UZB","ADM0_A3_PT":"UZB","ADM0_A3_AR":"UZB","ADM0_A3_JP":"UZB","ADM0_A3_KO":"UZB","ADM0_A3_VN":"UZB","ADM0_A3_TR":"UZB","ADM0_A3_ID":"UZB","ADM0_A3_PL":"UZB","ADM0_A3_GR":"UZB","ADM0_A3_IT":"UZB","ADM0_A3_NL":"UZB","ADM0_A3_SE":"UZB","ADM0_A3_BD":"UZB","ADM0_A3_UA":"UZB","ADM0_A3_UN":-99,"ADM0_A3_WB":-99,"CONTINENT":"Asia","REGION_UN":"Asia","SUBREGION":"Central Asia","REGION_WB":"Europe & Central Asia","NAME_LEN":10,"LONG_LEN":10,"ABBREV_LEN":4,"TINY":5,"HOMEPART":1,"MIN_ZOOM":0,"MIN_LABEL":3,"MAX_LABEL":8,"LABEL_X":64.005429,"LABEL_Y":41.693603,"NE_ID":1159321405,"WIKIDATAID":"Q265","NAME_AR":"أوزبكستان","NAME_BN":"উজবেকিস্তান","NAME_DE":"Usbekistan","NAME_EN":"Uzbekistan","NAME_ES":"Uzbekistán","NAME_FA":"ازبکستان","NAME_FR":"Ouzbékistan","NAME_EL":"Ουζμπεκιστάν","NAME_HE":"אוזבקיסטן","NAME_HI":"उज़्बेकिस्तान","NAME_HU":"Üzbegisztán","NAME_ID":"Uzbekistan","NAME_IT":"Uzbekistan","NAME_JA":"ウズベキスタン","NAME_KO":"우즈베키스탄","NAME_NL":"Oezbekistan","NAME_PL":"Uzbekistan","NAME_PT":"Uzbequistão","NAME_RU":"Узбекистан","NAME_SV":"Uzbekistan","NAME_TR":"Özbekistan","NAME_UK":"Узбекистан","NAME_UR":"ازبکستان","NAME_VI":"Uzbekistan","NAME_ZH":"乌兹别克斯坦","NAME_ZHT":"烏茲別克","FCLASS_ISO":"Admin-0 country","TLC_DIFF":null,"FCLASS_TLC":"Admin-0 country","FCLASS_US":null,"FCLASS_FR":null,"FCLASS_RU":null,"FCLASS_ES":null,"FCLASS_CN":null,"FCLASS_TW":null,"FCLASS_IN":null,"FCLASS_NP":null,"FCLASS_PK":null,"FCLASS_DE":null,"FCLASS_GB":null,"FCLASS_BR":null,"FCLASS_IL":null,"FCLASS_PS":null,"FCLASS_SA":null,"FCLASS_EG":null,"FCLASS_MA":null,"FCLASS_PT":null,"FCLASS_AR":null,"FCLASS_JP":null,"FCLASS_KO":null,"FCLASS_VN":null,"FCLASS_TR":null,"FCLASS_ID":null,"FCLASS_PL":null,"FCLASS_GR":null,"FCLASS_IT":null,"FCLASS_NL":null,"FCLASS_SE":null,"FCLASS_BD":null,"FCLASS_UA":null},"geometry":{"type":"Polygon","coordinates":[[[55.968191,38.1345945286959],[55.928917,40.976771035224964],[58.503127,41.42141096551099],[58.689989,41.35629767092309],[60.239971999999995,40.81665757484019],[61.05832,40.52980154294732],[62.01330000000001,39.841224609955376],[63.185787,39.95292704564958],[64.900824,40.01269814049431],[66.098012,39.450977252535786],[66.023392,38.672181726563316],[66.510649,38.66671481918682],[66.714047,38.024236778637096],[67.985856,37.99866746019116],[68.259896,37.624457957194934],[68.632483,37.62949192379927],[69.070027,38.19403598252465],[70.388965,38.73980970702027],[70.962315,38.88384321485567],[71.259248,38.80717187843116],[70.420022,38.30064976016658],[71.157859,38.00465305435439],[71.870115,38.20083859920113],[73.055417,37.785625441682804],[71.774875,37.21426583219818],[71.014198,37.292685910378616],[70.601407,37.27212686422605],[70.45816,37.492999780706946],[70.666622,37.86001923057846],[69.329495,37.67631696726913],[69.011633,37.16671816275845],[68.536416,36.72499653080061],[67.701429,36.762678515893136],[67.44222,36.40910723471456],[68.17602500000001,36.21685219085367],[68.392033,35.61387630146153],[67.83,34.78691870229356],[67.075782,34.960149425965824],[66.518607,34.965591062471354],[66.54615,35.4655039464953],[65.215999,35.81334659409824],[64.170223,36.209472972974055],[63.51801499999999,36.58846081353902],[62.37426,37.140996844585025],[61.882714,37.95836151775426],[61.54717900000001,38.10133739295157],[60.46595299999999,38.065096224670114],[60.083341,38.22617463857457],[59.976422,38.850307189785596],[58.629011,39.26068039756125],[57.78653,38.809386499578885],[56.932215,38.540413374056165],[57.096391000000004,38.145344470617836],[55.968191,38.1345945286959]]]}},{"type":"Feature","bbox":[141.00021,-10.652476,156.019965,-2.500002],"properties":{"featurecla":"Admin-0 country","scalerank":1,"LABELRANK":2,"SOVEREIGNT":"Papua New Guinea","SOV_A3":"PNG","ADM0_DIF":0,"LEVEL":2,"TYPE":"Sovereign country","TLC":"1","ADMIN":"Papua New Guinea","ADM0_A3":"PNG","GEOU_DIF":0,"GEOUNIT":"Papua New Guinea","GU_A3":"PNG","SU_DIF":1,"SUBUNIT":"Papua New Guinea","SU_A3":"PN1","BRK_DIFF":0,"NAME":"Papua New Guinea","NAME_LONG":"Papua New Guinea","BRK_A3":"PN1","BRK_NAME":"Papua New Guinea","BRK_GROUP":null,"ABBREV":"P.N.G.","POSTAL":"PG","FORMAL_EN":"Independent State of Papua New Guinea","FORMAL_FR":null,"NAME_CIAWF":"Papua New Guinea","NOTE_ADM0":null,"NOTE_BRK":null,"NAME_SORT":"Papua New Guinea","NAME_ALT":null,"MAPCOLOR7":4,"MAPCOLOR8":2,"MAPCOLOR9":3,"MAPCOLOR13":1,"POP_EST":8776109,"POP_RANK":13,"POP_YEAR":2019,"GDP_MD":24829,"GDP_YEAR":2019,"ECONOMY":"6. Developing region","INCOME_GRP":"4. Lower middle income","FIPS_10":"PP","ISO_A2":"PG","ISO_A2_EH":"PG","ISO_A3":"PNG","ISO_A3_EH":"PNG","ISO_N3":"598","ISO_N3_EH":"598","UN_A3":"598","WB_A2":"PG","WB_A3":"PNG","WOE_ID":23424926,"WOE_ID_EH":23424926,"WOE_NOTE":"Exact WOE match as country","ADM0_ISO":"PN1","ADM0_DIFF":null,"ADM0_TLC":"PN1","ADM0_A3_US":"PNG","ADM0_A3_FR":"PNG","ADM0_A3_RU":"PNG","ADM0_A3_ES":"PNG","ADM0_A3_CN":"PNG","ADM0_A3_TW":"PNG","ADM0_A3_IN":"PNG","ADM0_A3_NP":"PNG","ADM0_A3_PK":"PNG","ADM0_A3_DE":"PNG","ADM0_A3_GB":"PNG","ADM0_A3_BR":"PNG","ADM0_A3_IL":"PNG","ADM0_A3_PS":"PNG","ADM0_A3_SA":"PNG","ADM0_A3_EG":"PNG","ADM0_A3_MA":"PNG","ADM0_A3_PT":"PNG","ADM0_A3_AR":"PNG","ADM0_A3_JP":"PNG","ADM0_A3_KO":"PNG","ADM0_A3_VN":"PNG","ADM0_A3_TR":"PNG","ADM0_A3_ID":"PNG","ADM0_A3_PL":"PNG","ADM0_A3_GR":"PNG","ADM0_A3_IT":"PNG","ADM0_A3_NL":"PNG","ADM0_A3_SE":"PNG","ADM0_A3_BD":"PNG","ADM0_A3_UA":"PNG","ADM0_A3_UN":-99,"ADM0_A3_WB":-99,"CONTINENT":"Oceania","REGION_UN":"Oceania","SUBREGION":"Melanesia","REGION_WB":"East Asia & Pacific","NAME_LEN":16,"LONG_LEN":16,"ABBREV_LEN":6,"TINY":-99,"HOMEPART":1,"MIN_ZOOM":0,"MIN_LABEL":2.5,"MAX_LABEL":7.5,"LABEL_X":143.910216,"LABEL_Y":-5.695285,"NE_ID":1159321173,"WIKIDATAID":"Q691","NAME_AR":"بابوا غينيا الجديدة","NAME_BN":"পাপুয়া নিউগিনি","NAME_DE":"Papua-Neuguinea","NAME_EN":"Papua New Guinea","NAME_ES":"Papúa Nueva Guinea","NAME_FA":"پاپوآ گینه نو","NAME_FR":"Papouasie-Nouvelle-Guinée","NAME_EL":"Παπούα Νέα Γουινέα","NAME_HE":"פפואה גינאה החדשה","NAME_HI":"पापुआ न्यू गिनी","NAME_HU":"Pápua Új-Guinea","NAME_ID":"Papua Nugini","NAME_IT":"Papua Nuova Guinea","NAME_JA":"パプアニューギニア","NAME_KO":"파푸아뉴기니","NAME_NL":"Papoea-Nieuw-Guinea","NAME_PL":"Papua-Nowa Gwinea","NAME_PT":"Papua-Nova Guiné","NAME_RU":"Папуа — Новая Гвинея","NAME_SV":"Papua Nya Guinea","NAME_TR":"Papua Yeni Gine","NAME_UK":"Папуа Нова Гвінея","NAME_UR":"پاپوا نیو گنی","NAME_VI":"Papua New Guinea","NAME_ZH":"巴布亚新几内亚","NAME_ZHT":"巴布亞紐幾內亞","FCLASS_ISO":"Admin-0 country","TLC_DIFF":null,"FCLASS_TLC":"Admin-0 country","FCLASS_US":null,"FCLASS_FR":null,"FCLASS_RU":null,"FCLASS_ES":null,"FCLASS_CN":null,"FCLASS_TW":null,"FCLASS_IN":null,"FCLASS_NP":null,"FCLASS_PK":null,"FCLASS_DE":null,"FCLASS_GB":null,"FCLASS_BR":null,"FCLASS_IL":null,"FCLASS_PS":null,"FCLASS_SA":null,"FCLASS_EG":null,"FCLASS_MA":null,"FCLASS_PT":null,"FCLASS_AR":null,"FCLASS_JP":null,"FCLASS_KO":null,"FCLASS_VN":null,"FCLASS_TR":null,"FCLASS_ID":null,"FCLASS_PL":null,"FCLASS_GR":null,"FCLASS_IT":null,"FCLASS_NL":null,"FCLASS_SE":null,"FCLASS_BD":null,"FCLASS_UA":null},"geometry":{"type":"MultiPolygon","coordinates":[[[[141.00021,-2.5992589777898174],[142.735247,-3.2873479131533982],[144.583971,-3.8584982130551335],[145.27318,-4.369496400051236],[145.829786,-4.870621184131371],[145.981922,-5.457338483156522],[147.648073,-6.072259750105266],[147.891108,-6.599374517546323],[146.970905,-6.7062916789644],[147.191874,-7.367635368260294],[148.084636,-8.017811133183303],[148.734105,-9.066586798415438],[149.306835,-9.033772455701989],[149.266631,-9.470978166889056],[150.038728,-9.63853298614703],[149.738798,-9.824437810334075],[150.80162800000002,-10.238754359503995],[150.690575,-10.52304915167549],[150.028393,-10.591631201916497],[149.78231,-10.33673342529895],[148.923138,-10.22619336989726],[147.913018,-10.078067478036669],[147.135443,-9.449314846582471],[146.567881,-8.906467725237107],[146.048481,-8.040888656077946],[144.744168,-7.60767475652218],[143.897088,-7.890272084176445],[143.286376,-8.217176289914036],[143.413913,-8.946491029369186],[142.628431,-9.285900596904854],[142.068259,-9.120828365330569],[141.033852,-9.07965027582934],[141.017057,-5.848837364704256],[141.00021,-2.5992589777898174]]],[[[152.64001700000003,-3.65749644566287],[153.019994,-3.9768180626236407],[153.14003799999998,-4.495363796930834],[152.82729200000003,-4.760938776455154],[152.638673,-4.172434263814392],[152.406026,-3.7869826884589797],[151.95323700000003,-3.45995719516018],[151.384279,-3.0340030858254146],[150.66205,-2.7404405263178244],[150.939965,-2.4992091009289736],[151.479984,-2.7788948774077586],[151.820015,-2.9986021987177596],[152.23998900000004,-3.238283578820502],[152.64001700000003,-3.65749644566287]]],[[[151.30139,-5.830638303665949],[150.754447,-6.072363166580059],[150.241197,-6.304990370934086],[149.709963,-6.3037568757871885],[148.890065,-6.014960996297039],[148.318937,-5.737528784468185],[148.401826,-5.4296110929227615],[149.298412,-5.574924408750373],[149.845562,-5.49705033708459],[149.99625,-5.019667272078603],[150.139756,-4.99500874141119],[150.236908,-5.523643874198039],[150.80746700000003,-5.4476156753912965],[151.089672,-5.106917463136074],[151.647881,-4.751617984245716],[151.53786200000002,-4.1641362713555505],[152.136792,-4.145169245649482],[152.338743,-4.308898599445546],[152.318693,-4.861816037243387],[151.982796,-5.469735904518364],[151.459107,-5.551572919908579],[151.30139,-5.830638303665949]]],[[[154.759991,-5.332269965049539],[155.062918,-5.5580543398742],[155.547746,-6.188586673918575],[156.019965,-6.525858410818887],[155.880026,-6.803948985522664],[155.599991,-6.903228448680639],[155.166994,-6.521801849523075],[154.729192,-5.89042418168042],[154.514114,-5.132241033196625],[154.652504,-5.03593443894205],[154.759991,-5.332269965049539]]]]}},{"type":"Feature","bbox":[95.293026,-10.359987,141.033852,5.479821],"properties":{"featurecla":"Admin-0 country","scalerank":1,"LABELRANK":2,"SOVEREIGNT":"Indonesia","SOV_A3":"IDN","ADM0_DIF":0,"LEVEL":2,"TYPE":"Sovereign country","TLC":"1","ADMIN":"Indonesia","ADM0_A3":"IDN","GEOU_DIF":0,"GEOUNIT":"Indonesia","GU_A3":"IDN","SU_DIF":0,"SUBUNIT":"Indonesia","SU_A3":"IDN","BRK_DIFF":0,"NAME":"Indonesia","NAME_LONG":"Indonesia","BRK_A3":"IDN","BRK_NAME":"Indonesia","BRK_GROUP":null,"ABBREV":"Indo.","POSTAL":"INDO","FORMAL_EN":"Republic of Indonesia","FORMAL_FR":null,"NAME_CIAWF":"Indonesia","NOTE_ADM0":null,"NOTE_BRK":null,"NAME_SORT":"Indonesia","NAME_ALT":null,"MAPCOLOR7":6,"MAPCOLOR8":6,"MAPCOLOR9":6,"MAPCOLOR13":11,"POP_EST":270625568,"POP_RANK":17,"POP_YEAR":2019,"GDP_MD":1119190,"GDP_YEAR":2019,"ECONOMY":"4. Emerging region: MIKT","INCOME_GRP":"4. Lower middle income","FIPS_10":"ID","ISO_A2":"ID","ISO_A2_EH":"ID","ISO_A3":"IDN","ISO_A3_EH":"IDN","ISO_N3":"360","ISO_N3_EH":"360","UN_A3":"360","WB_A2":"ID","WB_A3":"IDN","WOE_ID":23424846,"WOE_ID_EH":23424846,"WOE_NOTE":"Exact WOE match as country","ADM0_ISO":"IDN","ADM0_DIFF":null,"ADM0_TLC":"IDN","ADM0_A3_US":"IDN","ADM0_A3_FR":"IDN","ADM0_A3_RU":"IDN","ADM0_A3_ES":"IDN","ADM0_A3_CN":"IDN","ADM0_A3_TW":"IDN","ADM0_A3_IN":"IDN","ADM0_A3_NP":"IDN","ADM0_A3_PK":"IDN","ADM0_A3_DE":"IDN","ADM0_A3_GB":"IDN","ADM0_A3_BR":"IDN","ADM0_A3_IL":"IDN","ADM0_A3_PS":"IDN","ADM0_A3_SA":"IDN","ADM0_A3_EG":"IDN","ADM0_A3_MA":"IDN","ADM0_A3_PT":"IDN","ADM0_A3_AR":"IDN","ADM0_A3_JP":"IDN","ADM0_A3_KO":"IDN","ADM0_A3_VN":"IDN","ADM0_A3_TR":"IDN","ADM0_A3_ID":"IDN","ADM0_A3_PL":"IDN","ADM0_A3_GR":"IDN","ADM0_A3_IT":"IDN","ADM0_A3_NL":"IDN","ADM0_A3_SE":"IDN","ADM0_A3_BD":"IDN","ADM0_A3_UA":"IDN","ADM0_A3_UN":-99,"ADM0_A3_WB":-99,"CONTINENT":"Asia","REGION_UN":"Asia","SUBREGION":"South-Eastern Asia","REGION_WB":"East Asia & Pacific","NAME_LEN":9,"LONG_LEN":9,"ABBREV_LEN":5,"TINY":-99,"HOMEPART":1,"MIN_ZOOM":0,"MIN_LABEL":1.7,"MAX_LABEL":6.7,"LABEL_X":101.892949,"LABEL_Y":-0.954404,"NE_ID":1159320845,"WIKIDATAID":"Q252","NAME_AR":"إندونيسيا","NAME_BN":"ইন্দোনেশিয়া","NAME_DE":"Indonesien","NAME_EN":"Indonesia","NAME_ES":"Indonesia","NAME_FA":"اندونزی","NAME_FR":"Indonésie","NAME_EL":"Ινδονησία","NAME_HE":"אינדונזיה","NAME_HI":"इंडोनेशिया","NAME_HU":"Indonézia","NAME_ID":"Indonesia","NAME_IT":"Indonesia","NAME_JA":"インドネシア","NAME_KO":"인도네시아","NAME_NL":"Indonesië","NAME_PL":"Indonezja","NAME_PT":"Indonésia","NAME_RU":"Индонезия","NAME_SV":"Indonesien","NAME_TR":"Endonezya","NAME_UK":"Індонезія","NAME_UR":"انڈونیشیا","NAME_VI":"Indonesia","NAME_ZH":"印度尼西亚","NAME_ZHT":"印度尼西亞","FCLASS_ISO":"Admin-0 country","TLC_DIFF":null,"FCLASS_TLC":"Admin-0 country","FCLASS_US":null,"FCLASS_FR":null,"FCLASS_RU":null,"FCLASS_ES":null,"FCLASS_CN":null,"FCLASS_TW":null,"FCLASS_IN":null,"FCLASS_NP":null,"FCLASS_PK":null,"FCLASS_DE":null,"FCLASS_GB":null,"FCLASS_BR":null,"FCLASS_IL":null,"FCLASS_PS":null,"FCLASS_SA":null,"FCLASS_EG":null,"FCLASS_MA":null,"FCLASS_PT":null,"FCLASS_AR":null,"FCLASS_JP":null,"FCLASS_KO":null,"FCLASS_VN":null,"FCLASS_TR":null,"FCLASS_ID":null,"FCLASS_PL":null,"FCLASS_GR":null,"FCLASS_IT":null,"FCLASS_NL":null,"FCLASS_SE":null,"FCLASS_BD":null,"FCLASS_UA":null},"geometry":{"type":"MultiPolygon","coordinates":[[[[141.00021,-2.5992589777898174],[141.017057,-5.848837364704256],[141.033852,-9.07965027582934],[140.143415,-8.268319441029288],[139.127767,-8.069235198183323],[138.881477,-8.351206978535153],[137.614474,-8.381627751376028],[138.039099,-7.5757114026611605],[138.668621,-7.300391046926525],[138.407914,-6.220592091022457],[137.92784,-5.385418646722661],[135.98925,-4.541780077051049],[135.164598,-4.458424847199368],[133.66288,-3.5366050993108678],[133.367705,-4.021512966701928],[132.983956,-4.109451118832905],[132.756941,-3.743616501251837],[132.753789,-3.3099444124631274],[131.989804,-2.8194124755935],[133.066845,-2.4596621597460295],[133.780031,-2.4790741169334627],[133.696212,-2.2139908204570466],[132.232373,-2.211976324006392],[131.836222,-1.6169473269209365],[130.94284,-1.432372775709606],[130.519558,-0.9376781405092437],[131.867538,-0.6954439232260102],[132.380116,-0.3695354380167884],[133.985548,-0.7801858888519416],[134.143368,-1.1517894169918044],[134.422627,-2.7681075282941796],[135.457603,-3.365815466218298],[136.293314,-2.306418847985144],[137.440738,-1.7032620750318868],[138.329727,-1.7024354402484285],[139.184921,-2.050857924115052],[139.926684,-2.4083425037217205],[141.00021,-2.5992589777898174]]],[[[124.96868199999999,-8.857299472152505],[125.07002000000001,-9.052092882354644],[125.08852,-9.351376951988652],[124.43595,-10.087479832052864],[123.579982,-10.303991848571085],[123.459989,-10.185912978868673],[123.550009,-9.851118625729534],[123.98000900000001,-9.24958688657453],[124.96868199999999,-8.857299472152505]]],[[[134.210134,-6.878654256537842],[134.112776,-6.130734610012604],[134.290336,-5.773263734118239],[134.49962500000004,-5.436864358407111],[134.727002,-5.728016597890597],[134.724624,-6.202252391674465],[134.210134,-6.878654256537842]]],[[[117.882035,4.1339595662622814],[117.31323200000001,3.232711475001323],[118.04832999999999,2.2870823941294876],[117.87562700000001,1.8273311398650771],[118.99674699999998,0.9021817168609634],[117.81185799999999,0.7842175131209708],[117.47833900000002,0.10247494536676913],[117.52164400000001,-0.80369664267626],[116.56004799999998,-1.4874938746881794],[116.533797,-2.4827396779854594],[116.14808400000001,-4.009449653036133],[116.000858,-3.6545564412096896],[114.864803,-4.103471509716797],[114.468652,-3.493537276305793],[113.755672,-3.4371066473486978],[113.256994,-3.1172370146146107],[112.068126,-3.476257288758548],[111.703291,-2.9930797563988185],[111.04824,-3.0479873658152554],[110.223846,-2.9327505152781317],[110.070936,-1.5926688536234785],[109.57194800000002,-1.3147915931948038],[109.091874,-0.4595020742439929],[108.952658,0.41537136152963394],[109.069136,1.3418113302721606],[109.66326,2.0060570164559572],[109.83022700000001,1.3380143687884223],[110.51406099999998,0.7731075391912786],[111.159138,0.9764307328584056],[111.79754799999999,0.9044034407288647],[112.380252,1.4099786665855643],[112.859809,1.497619438079598],[113.80585,1.2174573750386253],[114.62135499999998,1.4305393480541995],[115.13403699999999,2.8203423482734795],[115.51907799999998,3.1676231357323434],[115.865517,4.302509682155658],[117.015214,4.302045992455023],[117.882035,4.1339595662622814]]],[[[129.370998,-2.801037599837163],[130.471344,-3.0922617278226454],[130.834836,-3.8555588857182035],[129.990547,-3.444224793600745],[129.155249,-3.3607082777624027],[128.590684,-3.426634461035715],[127.898891,-3.3914538257029867],[128.135879,-2.842483285551431],[129.370998,-2.801037599837163]]],[[[126.874923,-3.7882199800341474],[126.18380200000001,-3.6049950646018467],[125.989034,-3.1756458283352256],[127.00065100000002,-3.1277633634874458],[127.24921499999999,-3.456965653310776],[126.874923,-3.7882199800341474]]],[[[127.932378,2.174074105311646],[128.004156,1.6283117680372032],[128.594559,1.5406253165975745],[128.688249,1.1323122869210442],[128.635952,0.25848512317615113],[128.12017,0.3564107014185821],[127.96803400000002,-0.2520761867931239],[128.379999,-0.7799799079446202],[128.100016,-0.8999589917597917],[127.696475,-0.26659703800726003],[127.39949000000001,1.0116694281554799],[127.600512,1.8103896799040962],[127.932378,2.174074105311646]]],[[[122.92756700000001,0.8751579679453118],[124.07752200000002,0.9170628412707126],[125.065989,1.643033766882796],[125.240501,1.4196907047661316],[124.437035,0.4278770229006817],[123.685505,0.23559233612120756],[122.723083,0.4311329314165929],[121.056725,0.3812141873515334],[120.18308300000001,0.23724632204039653],[120.04087,-0.5196508756145874],[120.935905,-1.4087640341470835],[121.475821,-0.9559176498442703],[123.34056500000001,-0.6156611521029214],[123.258399,-1.0761497209600674],[122.82271500000002,-0.9309100404392551],[122.38853,-1.5166808414261188],[121.508274,-1.9041323976290268],[122.454572,-3.184417300816165],[122.271896,-3.5272698642782165],[123.17096300000001,-4.678485323268846],[123.16233300000002,-5.332887281698779],[122.628515,-5.6255307054278845],[122.23639399999999,-5.275463233423759],[122.719569,-4.459662090895433],[121.738234,-4.845544596282292],[121.48946300000001,-4.569700583256522],[121.619171,-4.184752431999342],[120.89818199999999,-3.59973447938274],[120.972389,-2.6267223929649526],[120.30545300000001,-2.9303256926627337],[120.390047,-4.094090564860076],[120.430717,-5.519683337205213],[119.796543,-5.664151509145197],[119.36690600000001,-5.3719900361180635],[119.653606,-4.454921472203604],[119.498835,-3.492247676371788],[119.07834400000002,-3.4848713702809757],[118.767769,-2.800882785012782],[119.180974,-2.146601645504604],[119.323394,-1.353021229765755],[119.82599900000001,0.1542538136574637],[120.03570199999999,0.5664677713172594],[120.88577900000001,1.3091090832258119],[121.666817,1.0138910810287063],[122.92756700000001,0.8751579679453118]]],[[[120.29501400000001,-10.20427343069657],[118.96780800000002,-9.513944671120056],[119.90031,-9.319965583236193],[120.425756,-9.620395197259397],[120.77550199999999,-9.919743395034084],[120.71560900000001,-10.18550550361384],[120.29501400000001,-10.20427343069657]]],[[[121.341669,-8.505329257736104],[122.00736500000001,-8.430039041940256],[122.903537,-8.0674441048134],[122.756983,-8.617137359925358],[121.25449100000002,-8.897685799851782],[119.924391,-8.77590078557301],[119.920929,-8.414448015775491],[120.715092,-8.208737732994605],[121.341669,-8.505329257736104]]],[[[118.26061599999998,-8.332851265625377],[118.87846,-8.252005457791812],[119.126507,-8.672517953207212],[117.970402,-8.87098306656227],[117.27773099999999,-9.003609026608618],[116.740141,-8.995748995826398],[117.08373700000001,-8.4266144315776],[117.632024,-8.418844153227134],[117.90001800000002,-8.068876782124313],[118.26061599999998,-8.332851265625377]]],[[[108.486846,-6.408580514102077],[108.623479,-6.761922216667035],[110.539227,-6.860902624785551],[110.75957600000001,-6.451509749826013],[112.614811,-6.929083930096235],[112.978768,-7.572074412116296],[114.478935,-7.752761420603806],[115.705527,-8.341186243431867],[114.56451100000001,-8.717981339427064],[113.464734,-8.319556885602237],[112.55967199999999,-8.34650335981599],[111.522061,-8.273228843128328],[110.58615,-8.095533355773451],[109.427667,-7.717223741104649],[108.69365500000002,-7.619045627081239],[108.27776300000001,-7.742980533887659],[106.454102,-7.334783632127822],[106.280624,-6.908101836134901],[105.36548600000002,-6.835145697428527],[106.051646,-5.885541079822169],[107.265009,-5.944292611082895],[108.072091,-6.3328282132527685],[108.486846,-6.408580514102077]]],[[[104.369991,-1.084778186535508],[104.53949,-1.7820845955518287],[104.88789299999999,-2.339774411237137],[105.622111,-2.4281168779769624],[106.108593,-3.0603208227084626],[105.857446,-4.3014785954265315],[105.81765499999999,-5.842206027206415],[104.710384,-5.863025934407215],[103.868213,-5.030838167553349],[102.584261,-4.216448058605402],[102.156173,-3.6117516433531938],[101.399113,-2.7986634373459345],[100.902503,-2.0498245861047577],[100.141981,-0.6503340354506995],[99.26374,0.1831416881352861],[98.97001100000001,1.0428244198183025],[98.601351,1.823199237406809],[97.699598,2.4524348049899487],[97.17694199999998,3.3069534058448435],[96.42401700000002,3.865923311680631],[95.380876,4.964558116546774],[95.29302600000001,5.471485897232984],[95.936863,5.4313602070692],[97.48488199999998,5.239005247314107],[98.36916899999999,4.264427355222935],[99.142559,3.588002596290436],[99.693998,3.172706344954965],[100.641434,2.098911396271329],[101.658012,2.0832378404541685],[102.49827099999999,1.3985610967164304],[103.07684000000002,0.5613520191017811],[103.838396,0.10454194199364347],[103.43764500000002,-0.7119276798981216],[104.01078900000002,-1.059151672537574],[104.369991,-1.084778186535508]]]]}},{"type":"Feature","bbox":[-73.415436,-55.25,-53.628349,-21.83231],"properties":{"featurecla":"Admin-0 country","scalerank":1,"LABELRANK":2,"SOVEREIGNT":"Argentina","SOV_A3":"ARG","ADM0_DIF":0,"LEVEL":2,"TYPE":"Sovereign country","TLC":"1","ADMIN":"Argentina","ADM0_A3":"ARG","GEOU_DIF":0,"GEOUNIT":"Argentina","GU_A3":"ARG","SU_DIF":0,"SUBUNIT":"Argentina","SU_A3":"ARG","BRK_DIFF":0,"NAME":"Argentina","NAME_LONG":"Argentina","BRK_A3":"ARG","BRK_NAME":"Argentina","BRK_GROUP":null,"ABBREV":"Arg.","POSTAL":"AR","FORMAL_EN":"Argentine Republic","FORMAL_FR":null,"NAME_CIAWF":"Argentina","NOTE_ADM0":null,"NOTE_BRK":null,"NAME_SORT":"Argentina","NAME_ALT":null,"MAPCOLOR7":3,"MAPCOLOR8":1,"MAPCOLOR9":3,"MAPCOLOR13":13,"POP_EST":44938712,"POP_RANK":15,"POP_YEAR":2019,"GDP_MD":445445,"GDP_YEAR":2019,"ECONOMY":"5. Emerging region: G20","INCOME_GRP":"3. Upper middle income","FIPS_10":"AR","ISO_A2":"AR","ISO_A2_EH":"AR","ISO_A3":"ARG","ISO_A3_EH":"ARG","ISO_N3":"032","ISO_N3_EH":"032","UN_A3":"032","WB_A2":"AR","WB_A3":"ARG","WOE_ID":23424747,"WOE_ID_EH":23424747,"WOE_NOTE":"Exact WOE match as country","ADM0_ISO":"ARG","ADM0_DIFF":null,"ADM0_TLC":"ARG","ADM0_A3_US":"ARG","ADM0_A3_FR":"ARG","ADM0_A3_RU":"ARG","ADM0_A3_ES":"ARG","ADM0_A3_CN":"ARG","ADM0_A3_TW":"ARG","ADM0_A3_IN":"ARG","ADM0_A3_NP":"ARG","ADM0_A3_PK":"ARG","ADM0_A3_DE":"ARG","ADM0_A3_GB":"ARG","ADM0_A3_BR":"ARG","ADM0_A3_IL":"ARG","ADM0_A3_PS":"ARG","ADM0_A3_SA":"ARG","ADM0_A3_EG":"ARG","ADM0_A3_MA":"ARG","ADM0_A3_PT":"ARG","ADM0_A3_AR":"ARG","ADM0_A3_JP":"ARG","ADM0_A3_KO":"ARG","ADM0_A3_VN":"ARG","ADM0_A3_TR":"ARG","ADM0_A3_ID":"ARG","ADM0_A3_PL":"ARG","ADM0_A3_GR":"ARG","ADM0_A3_IT":"ARG","ADM0_A3_NL":"ARG","ADM0_A3_SE":"ARG","ADM0_A3_BD":"ARG","ADM0_A3_UA":"ARG","ADM0_A3_UN":-99,"ADM0_A3_WB":-99,"CONTINENT":"South America","REGION_UN":"Americas","SUBREGION":"South America","REGION_WB":"Latin America & Caribbean","NAME_LEN":9,"LONG_LEN":9,"ABBREV_LEN":4,"TINY":-99,"HOMEPART":1,"MIN_ZOOM":0,"MIN_LABEL":2,"MAX_LABEL":7,"LABEL_X":-64.173331,"LABEL_Y":-33.501159,"NE_ID":1159320331,"WIKIDATAID":"Q414","NAME_AR":"الأرجنتين","NAME_BN":"আর্জেন্টিনা","NAME_DE":"Argentinien","NAME_EN":"Argentina","NAME_ES":"Argentina","NAME_FA":"آرژانتین","NAME_FR":"Argentine","NAME_EL":"Αργεντινή","NAME_HE":"ארגנטינה","NAME_HI":"अर्जेण्टीना","NAME_HU":"Argentína","NAME_ID":"Argentina","NAME_IT":"Argentina","NAME_JA":"アルゼンチン","NAME_KO":"아르헨티나","NAME_NL":"Argentinië","NAME_PL":"Argentyna","NAME_PT":"Argentina","NAME_RU":"Аргентина","NAME_SV":"Argentina","NAME_TR":"Arjantin","NAME_UK":"Аргентина","NAME_UR":"ارجنٹائن","NAME_VI":"Argentina","NAME_ZH":"阿根廷","NAME_ZHT":"阿根廷","FCLASS_ISO":"Admin-0 country","TLC_DIFF":null,"FCLASS_TLC":"Admin-0 country","FCLASS_US":null,"FCLASS_FR":null,"FCLASS_RU":null,"FCLASS_ES":null,"FCLASS_CN":null,"FCLASS_TW":null,"FCLASS_IN":null,"FCLASS_NP":null,"FCLASS_PK":null,"FCLASS_DE":null,"FCLASS_GB":null,"FCLASS_BR":null,"FCLASS_IL":null,"FCLASS_PS":null,"FCLASS_SA":null,"FCLASS_EG":null,"FCLASS_MA":null,"FCLASS_PT":null,"FCLASS_AR":null,"FCLASS_JP":null,"FCLASS_KO":null,"FCLASS_VN":null,"FCLASS_TR":null,"FCLASS_ID":null,"FCLASS_PL":null,"FCLASS_GR":null,"FCLASS_IT":null,"FCLASS_NL":null,"FCLASS_SE":null,"FCLASS_BD":null,"FCLASS_UA":null},"geometry":{"type":"MultiPolygon","coordinates":[[[[-68.63401,-46.49142933065605],[-68.25,-46.8096850186731],[-67.75,-47.32055443908744],[-66.45,-47.725727008423696],[-65.05,-47.893625669548086],[-65.5,-48.22779542020019],[-66.45,-48.26109311880127],[-66.95992,-48.025420455834194],[-67.56244,-48.00749347709577],[-68.63335,-48.00715226892913],[-68.63401,-46.49142933065605]]],[[[-57.625133,-28.905804976355842],[-57.874937,-29.603989049957775],[-58.14244,-30.493764431579958],[-58.13264800000001,-31.348249931127924],[-58.34961100000001,-31.538181425903044],[-58.427074,-32.087357693929775],[-58.49544199999999,-32.52857405115632],[-57.22583,-33.247826658097246],[-57.362359,-33.822438752057195],[-56.73748700000001,-34.183666143432205],[-56.788285,-34.58675912880246],[-57.749157,-35.635698041373885],[-59.23185699999999,-36.07041845387034],[-61.23744500000001,-36.23852915532971],[-62.33595699999999,-36.15725155054008],[-62.125763000000006,-36.63730249039533],[-62.330531,-37.23555960291518],[-62.145994,-37.63599850947669],[-62.745802999999995,-37.914118863867515],[-63.770495000000004,-38.022933040372784],[-64.73209,-37.735537680832316],[-65.118035,-37.942163228469504],[-64.978561,-38.72162803130018],[-64.303408,-38.95609209222538],[-63.755948,-38.71045945699504],[-63.458059000000006,-39.11464523568183],[-64.378804,-39.355083663361235],[-65.181804,-39.83424013894094],[-65.328823,-40.60238592953526],[-65.565269,-41.00766343502708],[-66.509966,-41.00980803535047],[-67.293794,-41.39522944144833],[-67.580546,-41.95532566868124],[-66.597066,-42.49747521355116],[-65.641027,-42.646388325846516],[-65.985088,-43.30278671647241],[-67.166179,-43.71188054505515],[-67.816088,-44.55327716037444],[-68.728745,-44.833752963016984],[-69.138539,-45.16488795655635],[-68.815561,-45.89246224749943],[-68.149995,-46.293905030841756],[-68.571545,-46.258973504452726],[-69.498362,-46.15053587187424],[-71.914804,-46.057808053815464],[-72.329404,-45.65171715130703],[-72.309974,-45.12574319170931],[-72.975747,-45.17119092395051],[-73.32805100000002,-44.91494151216159],[-73.41543600000001,-44.15914385773903],[-72.648247,-43.84277152385691],[-72.331161,-43.38347505537216],[-72.44735500000002,-43.01482860839332],[-71.917258,-42.38745570640618],[-71.552009,-41.40185832147918],[-71.659316,-40.96003186014172],[-71.222779,-40.81681347649833],[-71.329801,-40.531097446462944],[-71.793623,-40.3786477860162],[-71.464056,-40.05827705405812],[-71.915424,-39.767541709676344],[-72.148898,-38.87507299170423],[-71.746804,-38.71646685941275],[-71.915734,-37.75899198147894],[-71.680761,-36.9448655942833],[-71.413517,-36.228524714746236],[-70.814664,-35.935135415655985],[-71.118625,-35.14081061679612],[-71.121881,-34.386094795954314],[-70.364769,-33.845447058109286],[-70.388049,-33.14880292305686],[-69.817309,-32.327755271987606],[-69.814777,-31.54729794595772],[-70.074399,-31.391490171641657],[-70.535069,-29.90649999031768],[-69.919008,-29.010840107078884],[-70.01355,-28.160483804592733],[-69.65613,-27.356295194821172],[-69.001235,-26.520148735504545],[-68.295542,-25.962368212222195],[-68.5948,-25.609013393264746],[-68.386001,-25.318390226831536],[-68.417653,-23.80276943713321],[-67.328443,-23.35069314784623],[-66.985234,-22.393442003130495],[-67.106674,-22.161710323431663],[-66.273339,-21.322387512556674],[-64.964892,-21.549092347952],[-64.377021,-22.219271888433127],[-63.986838000000006,-21.472600989643915],[-62.846468,-21.511067540364706],[-62.685057,-21.710065952010016],[-60.846565,-23.217879346041375],[-60.028966000000004,-23.357572263303354],[-58.807128,-24.033954852039077],[-57.77721700000001,-24.390450334179718],[-57.63366,-24.791739071237878],[-58.618173999999996,-26.163930035524167],[-57.609759999999994,-26.407965007746487],[-56.486702,-26.544560140550868],[-55.695845999999996,-26.400744051999908],[-54.788795,-25.71256046832627],[-54.625291,-24.914778925216783],[-54.130050000000004,-24.74087338588276],[-53.628349,-25.264004811710468],[-53.648735,-25.984063751836533],[-54.490725000000005,-26.478572539921277],[-55.162286,-26.842440942336715],[-56.2909,-27.70534175315118],[-57.625133,-28.905804976355842]]]]}},{"type":"Feature","bbox":[-75.644395,-55.61183,-66.95992,-17.580012],"properties":{"featurecla":"Admin-0 country","scalerank":1,"LABELRANK":2,"SOVEREIGNT":"Chile","SOV_A3":"CHL","ADM0_DIF":0,"LEVEL":2,"TYPE":"Sovereign country","TLC":"1","ADMIN":"Chile","ADM0_A3":"CHL","GEOU_DIF":0,"GEOUNIT":"Chile","GU_A3":"CHL","SU_DIF":0,"SUBUNIT":"Chile","SU_A3":"CHL","BRK_DIFF":0,"NAME":"Chile","NAME_LONG":"Chile","BRK_A3":"CHL","BRK_NAME":"Chile","BRK_GROUP":null,"ABBREV":"Chile","POSTAL":"CL","FORMAL_EN":"Republic of Chile","FORMAL_FR":null,"NAME_CIAWF":"Chile","NOTE_ADM0":null,"NOTE_BRK":null,"NAME_SORT":"Chile","NAME_ALT":null,"MAPCOLOR7":5,"MAPCOLOR8":1,"MAPCOLOR9":5,"MAPCOLOR13":9,"POP_EST":18952038,"POP_RANK":14,"POP_YEAR":2019,"GDP_MD":282318,"GDP_YEAR":2019,"ECONOMY":"5. Emerging region: G20","INCOME_GRP":"3. Upper middle income","FIPS_10":"CI","ISO_A2":"CL","ISO_A2_EH":"CL","ISO_A3":"CHL","ISO_A3_EH":"CHL","ISO_N3":"152","ISO_N3_EH":"152","UN_A3":"152","WB_A2":"CL","WB_A3":"CHL","WOE_ID":23424782,"WOE_ID_EH":23424782,"WOE_NOTE":"Exact WOE match as country","ADM0_ISO":"CHL","ADM0_DIFF":null,"ADM0_TLC":"CHL","ADM0_A3_US":"CHL","ADM0_A3_FR":"CHL","ADM0_A3_RU":"CHL","ADM0_A3_ES":"CHL","ADM0_A3_CN":"CHL","ADM0_A3_TW":"CHL","ADM0_A3_IN":"CHL","ADM0_A3_NP":"CHL","ADM0_A3_PK":"CHL","ADM0_A3_DE":"CHL","ADM0_A3_GB":"CHL","ADM0_A3_BR":"CHL","ADM0_A3_IL":"CHL","ADM0_A3_PS":"CHL","ADM0_A3_SA":"CHL","ADM0_A3_EG":"CHL","ADM0_A3_MA":"CHL","ADM0_A3_PT":"CHL","ADM0_A3_AR":"CHL","ADM0_A3_JP":"CHL","ADM0_A3_KO":"CHL","ADM0_A3_VN":"CHL","ADM0_A3_TR":"CHL","ADM0_A3_ID":"CHL","ADM0_A3_PL":"CHL","ADM0_A3_GR":"CHL","ADM0_A3_IT":"CHL","ADM0_A3_NL":"CHL","ADM0_A3_SE":"CHL","ADM0_A3_BD":"CHL","ADM0_A3_UA":"CHL","ADM0_A3_UN":-99,"ADM0_A3_WB":-99,"CONTINENT":"South America","REGION_UN":"Americas","SUBREGION":"South America","REGION_WB":"Latin America & Caribbean","NAME_LEN":5,"LONG_LEN":5,"ABBREV_LEN":5,"TINY":-99,"HOMEPART":1,"MIN_ZOOM":0,"MIN_LABEL":1.7,"MAX_LABEL":6.7,"LABEL_X":-72.318871,"LABEL_Y":-38.151771,"NE_ID":1159320493,"WIKIDATAID":"Q298","NAME_AR":"تشيلي","NAME_BN":"চিলি","NAME_DE":"Chile","NAME_EN":"Chile","NAME_ES":"Chile","NAME_FA":"شیلی","NAME_FR":"Chili","NAME_EL":"Χιλή","NAME_HE":"צ'ילה","NAME_HI":"चिली","NAME_HU":"Chile","NAME_ID":"Chili","NAME_IT":"Cile","NAME_JA":"チリ","NAME_KO":"칠레","NAME_NL":"Chili","NAME_PL":"Chile","NAME_PT":"Chile","NAME_RU":"Чили","NAME_SV":"Chile","NAME_TR":"Şili","NAME_UK":"Чилі","NAME_UR":"چلی","NAME_VI":"Chile","NAME_ZH":"智利","NAME_ZHT":"智利","FCLASS_ISO":"Admin-0 country","TLC_DIFF":null,"FCLASS_TLC":"Admin-0 country","FCLASS_US":null,"FCLASS_FR":null,"FCLASS_RU":null,"FCLASS_ES":null,"FCLASS_CN":null,"FCLASS_TW":null,"FCLASS_IN":null,"FCLASS_NP":null,"FCLASS_PK":null,"FCLASS_DE":null,"FCLASS_GB":null,"FCLASS_BR":null,"FCLASS_IL":null,"FCLASS_PS":null,"FCLASS_SA":null,"FCLASS_EG":null,"FCLASS_MA":null,"FCLASS_PT":null,"FCLASS_AR":null,"FCLASS_JP":null,"FCLASS_KO":null,"FCLASS_VN":null,"FCLASS_TR":null,"FCLASS_ID":null,"FCLASS_PL":null,"FCLASS_GR":null,"FCLASS_IT":null,"FCLASS_NL":null,"FCLASS_SE":null,"FCLASS_BD":null,"FCLASS_UA":null},"geometry":{"type":"MultiPolygon","coordinates":[[[[-68.63401,-46.49142933065605],[-68.63335,-48.00715226892913],[-67.56244,-48.00749347709577],[-66.95992,-48.025420455834194],[-67.29103,-48.29519411194629],[-68.14863,-48.50140944461537],[-68.639991,-48.48032637885994],[-69.2321,-48.426632778849836],[-69.95809,-48.226749521443054],[-71.00568,-48.130328596360904],[-72.2639,-47.75608294849979],[-73.28520000000002,-47.393391541435314],[-74.66253,-46.62971678521022],[-73.8381,-46.773692820818454],[-72.43418,-47.22923084149169],[-71.10773,-47.472408016774985],[-70.59178,-47.16157302117268],[-70.26748,-46.69405075696408],[-69.34565,-46.41008174793606],[-68.63401,-46.49142933065605]]],[[[-69.590424,-17.310489426463494],[-69.100247,-17.95863846199489],[-68.96681800000002,-18.64369442481716],[-68.442225,-19.044385521197466],[-68.757167,-19.956461568054426],[-68.219913,-21.007222065902212],[-67.82818,-22.288526299326403],[-67.106674,-22.161710323431663],[-66.985234,-22.393442003130495],[-67.328443,-23.35069314784623],[-68.417653,-23.80276943713321],[-68.386001,-25.318390226831536],[-68.5948,-25.609013393264746],[-68.295542,-25.962368212222195],[-69.001235,-26.520148735504545],[-69.65613,-27.356295194821172],[-70.01355,-28.160483804592733],[-69.919008,-29.010840107078884],[-70.535069,-29.90649999031768],[-70.074399,-31.391490171641657],[-69.814777,-31.54729794595772],[-69.817309,-32.327755271987606],[-70.388049,-33.14880292305686],[-70.364769,-33.845447058109286],[-71.121881,-34.386094795954314],[-71.118625,-35.14081061679612],[-70.814664,-35.935135415655985],[-71.413517,-36.228524714746236],[-71.680761,-36.9448655942833],[-71.915734,-37.75899198147894],[-71.746804,-38.71646685941275],[-72.148898,-38.87507299170423],[-71.915424,-39.767541709676344],[-71.464056,-40.05827705405812],[-71.793623,-40.3786477860162],[-71.329801,-40.531097446462944],[-71.222779,-40.81681347649833],[-71.659316,-40.96003186014172],[-71.552009,-41.40185832147918],[-71.917258,-42.38745570640618],[-72.44735500000002,-43.01482860839332],[-72.331161,-43.38347505537216],[-72.648247,-43.84277152385691],[-73.41543600000001,-44.15914385773903],[-73.32805100000002,-44.91494151216159],[-72.975747,-45.17119092395051],[-72.309974,-45.12574319170931],[-72.329404,-45.65171715130703],[-71.914804,-46.057808053815464],[-69.498362,-46.15053587187424],[-68.571545,-46.258973504452726],[-69.461284,-46.253792600163905],[-69.94278,-46.423615488037065],[-70.845102,-46.67207779231761],[-71.006332,-47.30919981730451],[-71.429795,-47.32493007643518],[-72.557943,-47.10414204709556],[-73.702757,-46.62805423337189],[-73.702757,-46.62805492010357],[-74.946763,-46.23360017353761],[-75.260026,-45.79371628171653],[-74.976632,-45.383662311565665],[-75.479754,-44.9146490430978],[-75.608015,-43.69484550300121],[-75.18277,-42.99536597608075],[-74.126581,-42.427633919529946],[-75.644395,-42.2120183581868],[-74.692154,-41.55412992744013],[-74.351709,-40.29927849167127],[-73.240356,-40.56714391710574],[-72.717804,-38.97501703007645],[-73.3889,-38.76805868494923],[-73.701336,-39.734644259549356],[-74.331943,-39.62626831556874],[-74.017957,-38.51599539390456],[-73.677099,-37.05192411252119],[-73.217593,-36.50445358598864],[-73.505559,-35.71612832438528],[-73.588061,-34.79619124768618],[-73.166717,-34.76949423919289],[-72.553137,-33.43229882700341],[-71.861732,-32.087051840083404],[-71.43845,-30.815838787216034],[-71.668721,-29.520563760575335],[-71.370083,-28.800164801913304],[-71.489894,-27.713027208253372],[-70.905124,-26.626726221582125],[-70.724954,-24.884546159024747],[-70.403966,-22.98634941748346],[-70.091246,-20.9128790952544],[-70.16442,-19.376218017617713],[-70.372572,-18.04218857205628],[-69.858444,-17.799293240013426],[-69.590424,-17.310489426463494]]]]}},{"type":"Feature","bbox":[12.182337,-13.257227,31.174149,5.256088],"properties":{"featurecla":"Admin-0 country","scalerank":1,"LABELRANK":2,"SOVEREIGNT":"Democratic Republic of the Congo","SOV_A3":"COD","ADM0_DIF":0,"LEVEL":2,"TYPE":"Sovereign country","TLC":"1","ADMIN":"Democratic Republic of the Congo","ADM0_A3":"COD","GEOU_DIF":0,"GEOUNIT":"Democratic Republic of the Congo","GU_A3":"COD","SU_DIF":0,"SUBUNIT":"Democratic Republic of the Congo","SU_A3":"COD","BRK_DIFF":0,"NAME":"Dem. Rep. Congo","NAME_LONG":"Democratic Republic of the Congo","BRK_A3":"COD","BRK_NAME":"Democratic Republic of the Congo","BRK_GROUP":null,"ABBREV":"D.R.C.","POSTAL":"DRC","FORMAL_EN":"Democratic Republic of the Congo","FORMAL_FR":null,"NAME_CIAWF":"Congo, Democratic Republic of the","NOTE_ADM0":null,"NOTE_BRK":null,"NAME_SORT":"Congo, Dem. Rep.","NAME_ALT":null,"MAPCOLOR7":4,"MAPCOLOR8":4,"MAPCOLOR9":4,"MAPCOLOR13":7,"POP_EST":86790567,"POP_RANK":16,"POP_YEAR":2019,"GDP_MD":50400,"GDP_YEAR":2019,"ECONOMY":"7. Least developed region","INCOME_GRP":"5. Low income","FIPS_10":"CG","ISO_A2":"CD","ISO_A2_EH":"CD","ISO_A3":"COD","ISO_A3_EH":"COD","ISO_N3":"180","ISO_N3_EH":"180","UN_A3":"180","WB_A2":"ZR","WB_A3":"ZAR","WOE_ID":23424780,"WOE_ID_EH":23424780,"WOE_NOTE":"Exact WOE match as country","ADM0_ISO":"COD","ADM0_DIFF":null,"ADM0_TLC":"COD","ADM0_A3_US":"COD","ADM0_A3_FR":"COD","ADM0_A3_RU":"COD","ADM0_A3_ES":"COD","ADM0_A3_CN":"COD","ADM0_A3_TW":"COD","ADM0_A3_IN":"COD","ADM0_A3_NP":"COD","ADM0_A3_PK":"COD","ADM0_A3_DE":"COD","ADM0_A3_GB":"COD","ADM0_A3_BR":"COD","ADM0_A3_IL":"COD","ADM0_A3_PS":"COD","ADM0_A3_SA":"COD","ADM0_A3_EG":"COD","ADM0_A3_MA":"COD","ADM0_A3_PT":"COD","ADM0_A3_AR":"COD","ADM0_A3_JP":"COD","ADM0_A3_KO":"COD","ADM0_A3_VN":"COD","ADM0_A3_TR":"COD","ADM0_A3_ID":"COD","ADM0_A3_PL":"COD","ADM0_A3_GR":"COD","ADM0_A3_IT":"COD","ADM0_A3_NL":"COD","ADM0_A3_SE":"COD","ADM0_A3_BD":"COD","ADM0_A3_UA":"COD","ADM0_A3_UN":-99,"ADM0_A3_WB":-99,"CONTINENT":"Africa","REGION_UN":"Africa","SUBREGION":"Middle Africa","REGION_WB":"Sub-Saharan Africa","NAME_LEN":15,"LONG_LEN":32,"ABBREV_LEN":6,"TINY":-99,"HOMEPART":1,"MIN_ZOOM":0,"MIN_LABEL":2,"MAX_LABEL":7,"LABEL_X":23.458829,"LABEL_Y":-1.858167,"NE_ID":1159320513,"WIKIDATAID":"Q974","NAME_AR":"جمهورية الكونغو الديمقراطية","NAME_BN":"গণতান্ত্রিক কঙ্গো প্রজাতন্ত্র","NAME_DE":"Demokratische Republik Kongo","NAME_EN":"Democratic Republic of the Congo","NAME_ES":"República Democrática del Congo","NAME_FA":"جمهوری دموکراتیک کنگو","NAME_FR":"République démocratique du Congo","NAME_EL":"Λαϊκή Δημοκρατία του Κονγκό","NAME_HE":"הרפובליקה הדמוקרטית של קונגו","NAME_HI":"कांगो लोकतान्त्रिक गणराज्य","NAME_HU":"Kongói Demokratikus Köztársaság","NAME_ID":"Republik Demokratik Kongo","NAME_IT":"Repubblica Democratica del Congo","NAME_JA":"コンゴ民主共和国","NAME_KO":"콩고 민주 공화국","NAME_NL":"Congo-Kinshasa","NAME_PL":"Demokratyczna Republika Konga","NAME_PT":"República Democrática do Congo","NAME_RU":"Демократическая Республика Конго","NAME_SV":"Kongo-Kinshasa","NAME_TR":"Demokratik Kongo Cumhuriyeti","NAME_UK":"Демократична Республіка Конго","NAME_UR":"جمہوری جمہوریہ کانگو","NAME_VI":"Cộng hòa Dân chủ Congo","NAME_ZH":"刚果民主共和国","NAME_ZHT":"剛果民主共和國","FCLASS_ISO":"Admin-0 country","TLC_DIFF":null,"FCLASS_TLC":"Admin-0 country","FCLASS_US":null,"FCLASS_FR":null,"FCLASS_RU":null,"FCLASS_ES":null,"FCLASS_CN":null,"FCLASS_TW":null,"FCLASS_IN":null,"FCLASS_NP":null,"FCLASS_PK":null,"FCLASS_DE":null,"FCLASS_GB":null,"FCLASS_BR":null,"FCLASS_IL":null,"FCLASS_PS":null,"FCLASS_SA":null,"FCLASS_EG":null,"FCLASS_MA":null,"FCLASS_PT":null,"FCLASS_AR":null,"FCLASS_JP":null,"FCLASS_KO":null,"FCLASS_VN":null,"FCLASS_TR":null,"FCLASS_ID":null,"FCLASS_PL":null,"FCLASS_GR":null,"FCLASS_IT":null,"FCLASS_NL":null,"FCLASS_SE":null,"FCLASS_BD":null,"FCLASS_UA":null},"geometry":{"type":"Polygon","coordinates":[[[29.339997999999998,-4.495363796930834],[29.519987,-5.411913595345501],[29.419992999999998,-5.929386988261189],[29.620032000000002,-6.505988597338527],[30.199997,-7.062031758841935],[30.740015,-8.31071086624492],[30.740010000000005,-8.310709876746127],[30.346086000000003,-8.210016493708812],[29.002912,-8.377026400909894],[28.734867,-8.495260094984433],[28.449870999999998,-9.126083036586277],[28.673682000000003,-9.561237778856924],[28.496070000000003,-10.72666818268428],[28.372253,-11.711237059420206],[28.642417,-11.885400097732774],[29.341548000000003,-12.265962716083846],[29.616001000000004,-12.088205335156166],[29.699614000000004,-13.140492394874256],[28.934286,-13.132439782067136],[28.523562,-12.595901496165672],[28.155109,-12.17970050540691],[27.388799,-12.043076802776202],[27.164419999999996,-11.5301280897985],[26.553088,-11.839277571210909],[25.75231,-11.702735661728711],[25.418118,-11.257791484071305],[24.783169999999995,-11.167310155623081],[24.314516,-11.190984269611105],[24.257155,-10.88590239843642],[23.912215,-10.86118724899757],[23.456791000000003,-10.803274872881271],[22.837345000000003,-10.950343434533526],[22.402798000000004,-10.926242401826515],[22.155268,-11.016291892595094],[22.208753000000005,-9.845975551174057],[21.875181999999995,-9.480153249440614],[21.801801,-8.873026323647164],[21.949131,-8.276961570734597],[21.746455999999995,-7.894982040733768],[21.728111,-7.27127504835444],[20.514748000000004,-7.279938726101221],[20.601823000000003,-6.922414949662045],[20.091621999999997,-6.92615943792965],[20.037723,-7.098134355044026],[19.417502,-7.136901300224171],[19.166613,-7.7147661956278215],[19.016752,-7.962491445002312],[18.464176,-7.82259732382811],[18.134222,-7.961928920723436],[17.47297,-8.04201447609626],[17.089996,-7.523970868594434],[16.860191,-7.203247382672087],[16.57318,-6.607947261110227],[16.326528,-5.867189026903125],[13.375597,-5.854029171581976],[13.024869,-5.973537728991989],[12.735171,-5.954931990996152],[12.322432,-6.088600300977138],[12.182337,-5.780101831319288],[12.436688,-5.6750021685806935],[12.468004,-5.241037717665201],[12.631612,-4.984969934154596],[12.995517,-4.775563983859893],[13.25824,-4.877056829632526],[13.600235000000001,-4.4955183200847255],[14.144956,-4.5053588851448465],[14.209035,-4.787511259372072],[14.582604,-4.964017153432849],[15.170992000000002,-4.339352663323373],[15.75354,-3.8522593639367413],[16.00629,-3.5328921762757877],[15.972803,-2.7113794473470176],[16.407092,-1.7406591788054828],[16.865307,-1.2257224961165245],[17.523716,-0.7438091067376874],[17.638645,-0.4248281073157121],[17.663553,-0.05808399005115146],[17.82654,0.28892177553303455],[17.774192,0.85562719602239],[17.898835,1.7415637609817938],[18.094276,2.365050092385546],[18.393792,2.899205006468596],[18.453065,3.502203102313515],[18.542982,4.198023842052565],[18.932312,4.704211842990278],[19.467784,5.025073435616913],[20.290679,4.686443672666929],[20.927591,4.318690779889422],[21.659123,4.220519996933423],[22.405124,4.025843266732503],[22.704123999999997,4.628010245248575],[22.841480000000004,4.704829754159766],[23.297214,4.604728020507122],[24.410531000000002,5.102027931627786],[24.805029000000005,4.891294940445914],[25.128833,4.921183027105064],[25.278797999999995,5.1634048252569675],[25.650455,5.2487313696159354],[26.402761000000005,5.143950790487294],[27.044065,5.121021097272803],[27.374226,5.226679831165784],[27.979977,4.404069816441938],[28.428994,4.283160120128726],[28.696677999999995,4.450594571684881],[29.159077999999997,4.384980104263523],[29.715995,4.595868653556028],[29.9535,4.170012695258889],[30.833852,3.5069801520271455],[30.833859999999998,3.5069741632630036],[30.773347000000005,2.3392328630006247],[31.174149,2.2039213086514824],[30.85267,1.849074944491032],[30.468507999999996,1.583603337260905],[30.086154,1.0622521411625805],[29.875779,0.5973691770982],[29.819503000000005,-0.2053095606279902],[29.587838000000005,-0.5873957101935036],[29.579466,-1.3411905004795697],[29.291886999999996,-1.6198401725034688],[29.254835000000003,-2.214558396343649],[29.117479000000003,-2.2915997856635277],[29.024926,-2.83809668095063],[29.276384,-3.292094079167005],[29.339997999999998,-4.495363796930834]]]}},{"type":"Feature","bbox":[40.98105,-1.68325,51.13387,12.02464],"properties":{"featurecla":"Admin-0 country","scalerank":1,"LABELRANK":6,"SOVEREIGNT":"Somalia","SOV_A3":"SOM","ADM0_DIF":0,"LEVEL":2,"TYPE":"Sovereign country","TLC":"1","ADMIN":"Somalia","ADM0_A3":"SOM","GEOU_DIF":0,"GEOUNIT":"Somalia","GU_A3":"SOM","SU_DIF":0,"SUBUNIT":"Somalia","SU_A3":"SOM","BRK_DIFF":0,"NAME":"Somalia","NAME_LONG":"Somalia","BRK_A3":"SOM","BRK_NAME":"Somalia","BRK_GROUP":null,"ABBREV":"Som.","POSTAL":"SO","FORMAL_EN":"Federal Republic of Somalia","FORMAL_FR":null,"NAME_CIAWF":"Somalia","NOTE_ADM0":null,"NOTE_BRK":null,"NAME_SORT":"Somalia","NAME_ALT":null,"MAPCOLOR7":2,"MAPCOLOR8":8,"MAPCOLOR9":6,"MAPCOLOR13":7,"POP_EST":10192317.3,"POP_RANK":14,"POP_YEAR":2019,"GDP_MD":4719,"GDP_YEAR":2016,"ECONOMY":"7. Least developed region","INCOME_GRP":"5. Low income","FIPS_10":"SO","ISO_A2":"SO","ISO_A2_EH":"SO","ISO_A3":"SOM","ISO_A3_EH":"SOM","ISO_N3":"706","ISO_N3_EH":"706","UN_A3":"706","WB_A2":"SO","WB_A3":"SOM","WOE_ID":-90,"WOE_ID_EH":23424949,"WOE_NOTE":"Includes Somaliland (2347021, 2347020, 2347017 and portion of 2347016)","ADM0_ISO":"SOM","ADM0_DIFF":null,"ADM0_TLC":"SOM","ADM0_A3_US":"SOM","ADM0_A3_FR":"SOM","ADM0_A3_RU":"SOM","ADM0_A3_ES":"SOM","ADM0_A3_CN":"SOM","ADM0_A3_TW":"SOM","ADM0_A3_IN":"SOM","ADM0_A3_NP":"SOM","ADM0_A3_PK":"SOM","ADM0_A3_DE":"SOM","ADM0_A3_GB":"SOM","ADM0_A3_BR":"SOM","ADM0_A3_IL":"SOM","ADM0_A3_PS":"SOM","ADM0_A3_SA":"SOM","ADM0_A3_EG":"SOM","ADM0_A3_MA":"SOM","ADM0_A3_PT":"SOM","ADM0_A3_AR":"SOM","ADM0_A3_JP":"SOM","ADM0_A3_KO":"SOM","ADM0_A3_VN":"SOM","ADM0_A3_TR":"SOM","ADM0_A3_ID":"SOM","ADM0_A3_PL":"SOM","ADM0_A3_GR":"SOM","ADM0_A3_IT":"SOM","ADM0_A3_NL":"SOM","ADM0_A3_SE":"SOM","ADM0_A3_BD":"SOM","ADM0_A3_UA":"SOM","ADM0_A3_UN":-99,"ADM0_A3_WB":-99,"CONTINENT":"Africa","REGION_UN":"Africa","SUBREGION":"Eastern Africa","REGION_WB":"Sub-Saharan Africa","NAME_LEN":7,"LONG_LEN":7,"ABBREV_LEN":4,"TINY":-99,"HOMEPART":1,"MIN_ZOOM":0,"MIN_LABEL":4,"MAX_LABEL":9,"LABEL_X":45.19238,"LABEL_Y":3.568925,"NE_ID":1159321261,"WIKIDATAID":"Q1045","NAME_AR":"الصومال","NAME_BN":"সোমালিয়া","NAME_DE":"Somalia","NAME_EN":"Somalia","NAME_ES":"Somalia","NAME_FA":"سومالی","NAME_FR":"Somalie","NAME_EL":"Σομαλία","NAME_HE":"סומליה","NAME_HI":"सोमालिया","NAME_HU":"Szomália","NAME_ID":"Somalia","NAME_IT":"Somalia","NAME_JA":"ソマリア","NAME_KO":"소말리아","NAME_NL":"Somalië","NAME_PL":"Somalia","NAME_PT":"Somália","NAME_RU":"Сомали","NAME_SV":"Somalia","NAME_TR":"Somali","NAME_UK":"Сомалі","NAME_UR":"صومالیہ","NAME_VI":"Somalia","NAME_ZH":"索马里","NAME_ZHT":"索馬利亞","FCLASS_ISO":"Admin-0 country","TLC_DIFF":null,"FCLASS_TLC":"Admin-0 country","FCLASS_US":null,"FCLASS_FR":null,"FCLASS_RU":null,"FCLASS_ES":null,"FCLASS_CN":null,"FCLASS_TW":null,"FCLASS_IN":null,"FCLASS_NP":null,"FCLASS_PK":null,"FCLASS_DE":null,"FCLASS_GB":null,"FCLASS_BR":null,"FCLASS_IL":null,"FCLASS_PS":null,"FCLASS_SA":null,"FCLASS_EG":null,"FCLASS_MA":null,"FCLASS_PT":null,"FCLASS_AR":null,"FCLASS_JP":null,"FCLASS_KO":null,"FCLASS_VN":null,"FCLASS_TR":null,"FCLASS_ID":null,"FCLASS_PL":null,"FCLASS_GR":null,"FCLASS_IT":null,"FCLASS_NL":null,"FCLASS_SE":null,"FCLASS_BD":null,"FCLASS_UA":null},"geometry":{"type":"Polygon","coordinates":[[[41.58513,-1.68300792181214],[40.993,-0.8582579017556097],[40.981049999999996,2.7834245358403824],[41.85508300000001,3.9158599441642448],[42.12861,4.230281392264802],[42.76967,4.248690881329668],[43.66087,4.951375625838955],[44.9636,4.9952797083772005],[47.78942,7.9771029404223155],[48.486736,8.802789276716867],[48.93813,9.409169690786639],[48.938233,9.923511189703989],[48.938491000000006,10.915689054002062],[48.942005,11.319896222164585],[48.94820500000001,11.335928689654315],[48.94820500000001,11.335928689654315],[49.26776,11.355256466503011],[49.72862,11.500880908925549],[50.25878,11.599512294317343],[50.73202,11.93464761535255],[51.1112,11.937328374561357],[51.13387,11.666683583555756],[51.041529999999995,11.096484278422588],[51.04531,10.580252220195254],[50.83418,10.2250094778884],[50.55239,9.159475342621844],[50.07092,8.055063660420897],[49.4527,6.788719757421804],[48.59455,5.331399746654151],[47.74079,4.215591383092851],[46.56476,2.8541089055425783],[45.563990000000004,2.0453254606147993],[44.06815,1.0527707563808861],[43.13597,0.2921987333947113],[42.04157,-0.9191205770705161],[41.81095,-1.4463163747560173],[41.58513,-1.68300792181214]]]}},{"type":"Feature","bbox":[33.893569,-4.67677,41.855083,5.506],"properties":{"featurecla":"Admin-0 country","scalerank":1,"LABELRANK":2,"SOVEREIGNT":"Kenya","SOV_A3":"KEN","ADM0_DIF":0,"LEVEL":2,"TYPE":"Sovereign country","TLC":"1","ADMIN":"Kenya","ADM0_A3":"KEN","GEOU_DIF":0,"GEOUNIT":"Kenya","GU_A3":"KEN","SU_DIF":0,"SUBUNIT":"Kenya","SU_A3":"KEN","BRK_DIFF":0,"NAME":"Kenya","NAME_LONG":"Kenya","BRK_A3":"KEN","BRK_NAME":"Kenya","BRK_GROUP":null,"ABBREV":"Ken.","POSTAL":"KE","FORMAL_EN":"Republic of Kenya","FORMAL_FR":null,"NAME_CIAWF":"Kenya","NOTE_ADM0":null,"NOTE_BRK":null,"NAME_SORT":"Kenya","NAME_ALT":null,"MAPCOLOR7":5,"MAPCOLOR8":2,"MAPCOLOR9":7,"MAPCOLOR13":3,"POP_EST":52573973,"POP_RANK":16,"POP_YEAR":2019,"GDP_MD":95503,"GDP_YEAR":2019,"ECONOMY":"5. Emerging region: G20","INCOME_GRP":"5. Low income","FIPS_10":"KE","ISO_A2":"KE","ISO_A2_EH":"KE","ISO_A3":"KEN","ISO_A3_EH":"KEN","ISO_N3":"404","ISO_N3_EH":"404","UN_A3":"404","WB_A2":"KE","WB_A3":"KEN","WOE_ID":23424863,"WOE_ID_EH":23424863,"WOE_NOTE":"Exact WOE match as country","ADM0_ISO":"KEN","ADM0_DIFF":null,"ADM0_TLC":"KEN","ADM0_A3_US":"KEN","ADM0_A3_FR":"KEN","ADM0_A3_RU":"KEN","ADM0_A3_ES":"KEN","ADM0_A3_CN":"KEN","ADM0_A3_TW":"KEN","ADM0_A3_IN":"KEN","ADM0_A3_NP":"KEN","ADM0_A3_PK":"KEN","ADM0_A3_DE":"KEN","ADM0_A3_GB":"KEN","ADM0_A3_BR":"KEN","ADM0_A3_IL":"KEN","ADM0_A3_PS":"KEN","ADM0_A3_SA":"KEN","ADM0_A3_EG":"KEN","ADM0_A3_MA":"KEN","ADM0_A3_PT":"KEN","ADM0_A3_AR":"KEN","ADM0_A3_JP":"KEN","ADM0_A3_KO":"KEN","ADM0_A3_VN":"KEN","ADM0_A3_TR":"KEN","ADM0_A3_ID":"KEN","ADM0_A3_PL":"KEN","ADM0_A3_GR":"KEN","ADM0_A3_IT":"KEN","ADM0_A3_NL":"KEN","ADM0_A3_SE":"KEN","ADM0_A3_BD":"KEN","ADM0_A3_UA":"KEN","ADM0_A3_UN":-99,"ADM0_A3_WB":-99,"CONTINENT":"Africa","REGION_UN":"Africa","SUBREGION":"Eastern Africa","REGION_WB":"Sub-Saharan Africa","NAME_LEN":5,"LONG_LEN":5,"ABBREV_LEN":4,"TINY":-99,"HOMEPART":1,"MIN_ZOOM":0,"MIN_LABEL":1.7,"MAX_LABEL":6.7,"LABEL_X":37.907632,"LABEL_Y":0.549043,"NE_ID":1159320971,"WIKIDATAID":"Q114","NAME_AR":"كينيا","NAME_BN":"কেনিয়া","NAME_DE":"Kenia","NAME_EN":"Kenya","NAME_ES":"Kenia","NAME_FA":"کنیا","NAME_FR":"Kenya","NAME_EL":"Κένυα","NAME_HE":"קניה","NAME_HI":"कीनिया","NAME_HU":"Kenya","NAME_ID":"Kenya","NAME_IT":"Kenya","NAME_JA":"ケニア","NAME_KO":"케냐","NAME_NL":"Kenia","NAME_PL":"Kenia","NAME_PT":"Quénia","NAME_RU":"Кения","NAME_SV":"Kenya","NAME_TR":"Kenya","NAME_UK":"Кенія","NAME_UR":"کینیا","NAME_VI":"Kenya","NAME_ZH":"肯尼亚","NAME_ZHT":"肯亞","FCLASS_ISO":"Admin-0 country","TLC_DIFF":null,"FCLASS_TLC":"Admin-0 country","FCLASS_US":null,"FCLASS_FR":null,"FCLASS_RU":null,"FCLASS_ES":null,"FCLASS_CN":null,"FCLASS_TW":null,"FCLASS_IN":null,"FCLASS_NP":null,"FCLASS_PK":null,"FCLASS_DE":null,"FCLASS_GB":null,"FCLASS_BR":null,"FCLASS_IL":null,"FCLASS_PS":null,"FCLASS_SA":null,"FCLASS_EG":null,"FCLASS_MA":null,"FCLASS_PT":null,"FCLASS_AR":null,"FCLASS_JP":null,"FCLASS_KO":null,"FCLASS_VN":null,"FCLASS_TR":null,"FCLASS_ID":null,"FCLASS_PL":null,"FCLASS_GR":null,"FCLASS_IT":null,"FCLASS_NL":null,"FCLASS_SE":null,"FCLASS_BD":null,"FCLASS_UA":null},"geometry":{"type":"Polygon","coordinates":[[[39.20222,-4.671585356134962],[37.7669,-3.674598377879871],[37.69869,-3.095483025760088],[34.07262,-1.0597595685978736],[33.903711,-0.9499564744314043],[33.893569,0.10981393276796769],[34.18,0.5149930654800678],[34.6721,1.1768572399689756],[35.03599,1.9054886477897721],[34.59607,3.0522952543927904],[34.47913,3.553320055265884],[34.005,4.245993310282802],[34.620196,4.841351622551382],[35.298007,5.4975450512412944],[35.817448,5.330525544323997],[35.817448,4.7714413332487045],[36.159079,4.443403286532608],[36.855093,4.443403286532608],[38.120915,3.596241378118324],[38.43697,3.586166201113086],[38.67114,3.6136718199284643],[38.89251,3.4985639043290115],[39.559384,3.4200272720122404],[39.85494,3.8359212048977125],[40.76848,4.253108694492297],[41.171800000000005,3.9160375285889923],[41.85508300000001,3.9158599441642448],[40.981049999999996,2.7834245358403824],[40.993,-0.8582579017556097],[41.58513,-1.68300792181214],[40.88477,-2.0820915981223873],[40.63785,-2.498997302561282],[40.26304,-2.5722255308158615],[40.121190000000006,-3.2758937262483205],[39.80006,-3.6786300630523368],[39.604890000000005,-4.342366991574678],[39.20222,-4.671585356134962]]]}},{"type":"Feature","bbox":[21.93681,8.229188,38.41009,22],"properties":{"featurecla":"Admin-0 country","scalerank":1,"LABELRANK":3,"SOVEREIGNT":"Sudan","SOV_A3":"SDN","ADM0_DIF":0,"LEVEL":2,"TYPE":"Sovereign country","TLC":"1","ADMIN":"Sudan","ADM0_A3":"SDN","GEOU_DIF":0,"GEOUNIT":"Sudan","GU_A3":"SDN","SU_DIF":0,"SUBUNIT":"Sudan","SU_A3":"SDN","BRK_DIFF":0,"NAME":"Sudan","NAME_LONG":"Sudan","BRK_A3":"SDN","BRK_NAME":"Sudan","BRK_GROUP":null,"ABBREV":"Sudan","POSTAL":"SD","FORMAL_EN":"Republic of the Sudan","FORMAL_FR":null,"NAME_CIAWF":"Sudan","NOTE_ADM0":null,"NOTE_BRK":null,"NAME_SORT":"Sudan","NAME_ALT":null,"MAPCOLOR7":2,"MAPCOLOR8":6,"MAPCOLOR9":4,"MAPCOLOR13":1,"POP_EST":42813238,"POP_RANK":15,"POP_YEAR":2019,"GDP_MD":30513,"GDP_YEAR":2019,"ECONOMY":"6. Developing region","INCOME_GRP":"4. Lower middle income","FIPS_10":"SU","ISO_A2":"SD","ISO_A2_EH":"SD","ISO_A3":"SDN","ISO_A3_EH":"SDN","ISO_N3":"729","ISO_N3_EH":"729","UN_A3":"729","WB_A2":"SD","WB_A3":"SDN","WOE_ID":-90,"WOE_ID_EH":23424952,"WOE_NOTE":"Almost all FLickr photos are in the north.","ADM0_ISO":"SDZ","ADM0_DIFF":null,"ADM0_TLC":"SDZ","ADM0_A3_US":"SDN","ADM0_A3_FR":"SDN","ADM0_A3_RU":"SDN","ADM0_A3_ES":"SDN","ADM0_A3_CN":"SDN","ADM0_A3_TW":"SDN","ADM0_A3_IN":"SDN","ADM0_A3_NP":"SDN","ADM0_A3_PK":"SDN","ADM0_A3_DE":"SDN","ADM0_A3_GB":"SDN","ADM0_A3_BR":"SDN","ADM0_A3_IL":"SDN","ADM0_A3_PS":"SDN","ADM0_A3_SA":"SDN","ADM0_A3_EG":"SDN","ADM0_A3_MA":"SDN","ADM0_A3_PT":"SDN","ADM0_A3_AR":"SDN","ADM0_A3_JP":"SDN","ADM0_A3_KO":"SDN","ADM0_A3_VN":"SDN","ADM0_A3_TR":"SDN","ADM0_A3_ID":"SDN","ADM0_A3_PL":"SDN","ADM0_A3_GR":"SDN","ADM0_A3_IT":"SDN","ADM0_A3_NL":"SDN","ADM0_A3_SE":"SDN","ADM0_A3_BD":"SDN","ADM0_A3_UA":"SDN","ADM0_A3_UN":-99,"ADM0_A3_WB":-99,"CONTINENT":"Africa","REGION_UN":"Africa","SUBREGION":"Northern Africa","REGION_WB":"Sub-Saharan Africa","NAME_LEN":5,"LONG_LEN":5,"ABBREV_LEN":5,"TINY":-99,"HOMEPART":1,"MIN_ZOOM":0,"MIN_LABEL":2.5,"MAX_LABEL":8,"LABEL_X":29.260657,"LABEL_Y":16.330746,"NE_ID":1159321229,"WIKIDATAID":"Q1049","NAME_AR":"السودان","NAME_BN":"সুদান","NAME_DE":"Sudan","NAME_EN":"Sudan","NAME_ES":"Sudán","NAME_FA":"سودان","NAME_FR":"Soudan","NAME_EL":"Σουδάν","NAME_HE":"סודאן","NAME_HI":"सूडान","NAME_HU":"Szudán","NAME_ID":"Sudan","NAME_IT":"Sudan","NAME_JA":"スーダン","NAME_KO":"수단","NAME_NL":"Soedan","NAME_PL":"Sudan","NAME_PT":"Sudão","NAME_RU":"Судан","NAME_SV":"Sudan","NAME_TR":"Sudan","NAME_UK":"Судан","NAME_UR":"سوڈان","NAME_VI":"Sudan","NAME_ZH":"苏丹","NAME_ZHT":"蘇丹","FCLASS_ISO":"Admin-0 country","TLC_DIFF":null,"FCLASS_TLC":"Admin-0 country","FCLASS_US":null,"FCLASS_FR":null,"FCLASS_RU":null,"FCLASS_ES":null,"FCLASS_CN":null,"FCLASS_TW":null,"FCLASS_IN":null,"FCLASS_NP":null,"FCLASS_PK":null,"FCLASS_DE":null,"FCLASS_GB":null,"FCLASS_BR":null,"FCLASS_IL":null,"FCLASS_PS":null,"FCLASS_SA":null,"FCLASS_EG":null,"FCLASS_MA":null,"FCLASS_PT":null,"FCLASS_AR":null,"FCLASS_JP":null,"FCLASS_KO":null,"FCLASS_VN":null,"FCLASS_TR":null,"FCLASS_ID":null,"FCLASS_PL":null,"FCLASS_GR":null,"FCLASS_IT":null,"FCLASS_NL":null,"FCLASS_SE":null,"FCLASS_BD":null,"FCLASS_UA":null},"geometry":{"type":"Polygon","coordinates":[[[24.567369,8.201040337930808],[23.805813,8.633461624683019],[23.459013000000002,8.918057093710814],[23.394779,9.224951553632865],[23.55725,9.635476732966929],[23.554304000000002,10.037514421134642],[22.977544,10.652556010892246],[22.864164999999996,11.072819163192161],[22.87622,11.310427908055745],[22.508689999999998,11.599306583079699],[22.49762,12.167734772114523],[22.28801,12.544607223655506],[21.93681,12.488112554956173],[22.03759,12.84645228864911],[22.296580000000002,13.25254608813927],[22.18329,13.655339479081222],[22.51202,13.95318054666196],[22.303510000000003,14.17981452096581],[22.56795,14.777670888230142],[23.02459,15.48855767572464],[23.88689,15.421204499237659],[23.837660000000003,19.210104068070542],[23.85,19.60579395127264],[24.999999999999996,19.608657677298087],[24.999999999999996,21.478515716891586],[29.020000000000003,21.478515716891586],[32.9,21.478515716891586],[36.86623,21.478515716891586],[37.18872,20.56267235196864],[36.96941,20.392726014910828],[37.1147,19.424786287004153],[37.48179,18.295035630585225],[37.86276,18.061094784680545],[38.41008999999999,17.709401652426028],[37.904,17.1648659515961],[37.16747,17.007722079333057],[36.85253,16.71431241042097],[36.75389,16.076655074536752],[36.32322,14.659867830847215],[36.42951,14.27218234080626],[36.27022,13.438397961622352],[35.86363,12.478446599598117],[35.26049,11.994283339219496],[34.83163,11.246045677817687],[34.73115,10.844829167080654],[34.25745,10.56962582033436],[33.96162,9.5392024682455],[33.97498,8.651495502522632],[33.963393,9.421536810289577],[33.824963,9.44104549437282],[33.842131,9.931800185372815],[33.721959,10.269825023381586],[33.206938,10.65810760656644],[33.086766,11.365855646724844],[33.206938,12.088638511886137],[32.743419,12.1557772981891],[32.67475,11.937516222387737],[32.073892,11.887123339075535],[32.314235,11.601387198323923],[32.400072,11.012193797261052],[31.850716,10.472468187794972],[31.352861999999995,9.762655478343662],[30.837841,9.661127696462534],[29.996639,10.236038299209149],[29.618957,10.03324476046494],[29.515953,9.745736650499156],[29.000932,9.559568292840794],[28.966597000000004,9.356360790567933],[27.97089,9.356360790567933],[27.833551,9.559568292840794],[27.112521000000005,9.593424812283581],[26.752006,9.424109620608009],[26.477328,9.508777692415322],[25.962307000000003,10.083955154279483],[25.790633,10.354275525451895],[25.069603999999998,10.219144079171487],[24.794926000000004,9.762655478343662],[24.537415,8.881751535706165],[24.194068,8.695126772634104],[23.88698,8.587397723870888],[24.567369,8.201040337930808]]]}},{"type":"Feature","bbox":[13.540394,7.421925,23.88689,23.40972],"properties":{"featurecla":"Admin-0 country","scalerank":1,"LABELRANK":3,"SOVEREIGNT":"Chad","SOV_A3":"TCD","ADM0_DIF":0,"LEVEL":2,"TYPE":"Sovereign country","TLC":"1","ADMIN":"Chad","ADM0_A3":"TCD","GEOU_DIF":0,"GEOUNIT":"Chad","GU_A3":"TCD","SU_DIF":0,"SUBUNIT":"Chad","SU_A3":"TCD","BRK_DIFF":0,"NAME":"Chad","NAME_LONG":"Chad","BRK_A3":"TCD","BRK_NAME":"Chad","BRK_GROUP":null,"ABBREV":"Chad","POSTAL":"TD","FORMAL_EN":"Republic of Chad","FORMAL_FR":null,"NAME_CIAWF":"Chad","NOTE_ADM0":null,"NOTE_BRK":null,"NAME_SORT":"Chad","NAME_ALT":null,"MAPCOLOR7":6,"MAPCOLOR8":1,"MAPCOLOR9":8,"MAPCOLOR13":6,"POP_EST":15946876,"POP_RANK":14,"POP_YEAR":2019,"GDP_MD":11314,"GDP_YEAR":2019,"ECONOMY":"7. Least developed region","INCOME_GRP":"5. Low income","FIPS_10":"CD","ISO_A2":"TD","ISO_A2_EH":"TD","ISO_A3":"TCD","ISO_A3_EH":"TCD","ISO_N3":"148","ISO_N3_EH":"148","UN_A3":"148","WB_A2":"TD","WB_A3":"TCD","WOE_ID":23424777,"WOE_ID_EH":23424777,"WOE_NOTE":"Exact WOE match as country","ADM0_ISO":"TCD","ADM0_DIFF":null,"ADM0_TLC":"TCD","ADM0_A3_US":"TCD","ADM0_A3_FR":"TCD","ADM0_A3_RU":"TCD","ADM0_A3_ES":"TCD","ADM0_A3_CN":"TCD","ADM0_A3_TW":"TCD","ADM0_A3_IN":"TCD","ADM0_A3_NP":"TCD","ADM0_A3_PK":"TCD","ADM0_A3_DE":"TCD","ADM0_A3_GB":"TCD","ADM0_A3_BR":"TCD","ADM0_A3_IL":"TCD","ADM0_A3_PS":"TCD","ADM0_A3_SA":"TCD","ADM0_A3_EG":"TCD","ADM0_A3_MA":"TCD","ADM0_A3_PT":"TCD","ADM0_A3_AR":"TCD","ADM0_A3_JP":"TCD","ADM0_A3_KO":"TCD","ADM0_A3_VN":"TCD","ADM0_A3_TR":"TCD","ADM0_A3_ID":"TCD","ADM0_A3_PL":"TCD","ADM0_A3_GR":"TCD","ADM0_A3_IT":"TCD","ADM0_A3_NL":"TCD","ADM0_A3_SE":"TCD","ADM0_A3_BD":"TCD","ADM0_A3_UA":"TCD","ADM0_A3_UN":-99,"ADM0_A3_WB":-99,"CONTINENT":"Africa","REGION_UN":"Africa","SUBREGION":"Middle Africa","REGION_WB":"Sub-Saharan Africa","NAME_LEN":4,"LONG_LEN":4,"ABBREV_LEN":4,"TINY":-99,"HOMEPART":1,"MIN_ZOOM":0,"MIN_LABEL":3,"MAX_LABEL":8,"LABEL_X":18.645041,"LABEL_Y":15.142959,"NE_ID":1159321301,"WIKIDATAID":"Q657","NAME_AR":"تشاد","NAME_BN":"চাদ","NAME_DE":"Tschad","NAME_EN":"Chad","NAME_ES":"Chad","NAME_FA":"چاد","NAME_FR":"Tchad","NAME_EL":"Τσαντ","NAME_HE":"צ'אד","NAME_HI":"चाड","NAME_HU":"Csád","NAME_ID":"Chad","NAME_IT":"Ciad","NAME_JA":"チャド","NAME_KO":"차드","NAME_NL":"Tsjaad","NAME_PL":"Czad","NAME_PT":"Chade","NAME_RU":"Чад","NAME_SV":"Tchad","NAME_TR":"Çad","NAME_UK":"Чад","NAME_UR":"چاڈ","NAME_VI":"Tchad","NAME_ZH":"乍得","NAME_ZHT":"查德","FCLASS_ISO":"Admin-0 country","TLC_DIFF":null,"FCLASS_TLC":"Admin-0 country","FCLASS_US":null,"FCLASS_FR":null,"FCLASS_RU":null,"FCLASS_ES":null,"FCLASS_CN":null,"FCLASS_TW":null,"FCLASS_IN":null,"FCLASS_NP":null,"FCLASS_PK":null,"FCLASS_DE":null,"FCLASS_GB":null,"FCLASS_BR":null,"FCLASS_IL":null,"FCLASS_PS":null,"FCLASS_SA":null,"FCLASS_EG":null,"FCLASS_MA":null,"FCLASS_PT":null,"FCLASS_AR":null,"FCLASS_JP":null,"FCLASS_KO":null,"FCLASS_VN":null,"FCLASS_TR":null,"FCLASS_ID":null,"FCLASS_PL":null,"FCLASS_GR":null,"FCLASS_IT":null,"FCLASS_NL":null,"FCLASS_SE":null,"FCLASS_BD":null,"FCLASS_UA":null},"geometry":{"type":"Polygon","coordinates":[[[23.837660000000003,19.210104068070542],[23.88689,15.421204499237659],[23.02459,15.48855767572464],[22.56795,14.777670888230142],[22.303510000000003,14.17981452096581],[22.51202,13.95318054666196],[22.18329,13.655339479081222],[22.296580000000002,13.25254608813927],[22.03759,12.84645228864911],[21.93681,12.488112554956173],[22.28801,12.544607223655506],[22.49762,12.167734772114523],[22.508689999999998,11.599306583079699],[22.87622,11.310427908055745],[22.864164999999996,11.072819163192161],[22.231129,10.90543973307988],[21.723821999999995,10.507655094707323],[21.000868,9.433078792486183],[20.059685,8.975766287031641],[19.094008,9.037141129775604],[18.81201,8.946338902900584],[18.911022000000003,8.59843739514083],[18.389555,8.252620027705646],[17.96493,7.866086529012043],[16.705988,7.486929961862341],[16.456185,7.711387047282003],[16.290562,7.730742958512846],[16.106232,7.475785644876894],[15.27946,7.401255195966364],[15.436092000000002,7.669802488843926],[15.120866,8.352409093283567],[14.979996,8.76175409523997],[14.544467,8.92949198508234],[13.954218,9.50558712545142],[14.171466,9.970669471263795],[14.627201000000001,9.871712781357731],[14.909354,9.941860961101037],[15.467873,9.932215860911572],[14.923565,10.826320160000046],[14.960152,11.478022329649546],[14.89336,12.127467068617968],[14.495787,12.752775409152077],[14.595781000000002,13.211765323368839],[13.954477,13.234176947226576],[13.956699,13.859519665328017],[13.540394,14.218896851153689],[13.972169999999998,15.492075091684693],[15.247731,16.3987196263992],[15.300441,17.642366255622274],[15.685741000000002,19.565451449073564],[15.903247000000002,19.97052356685592],[15.487147999999998,20.292376071109878],[15.471060000000001,20.590383977972873],[15.096888,20.83364445519443],[14.851299999999998,22.279301821990106],[15.86085,22.784332963680704],[19.84926,21.007915680978655],[23.837660000000003,19.210104068070542]]]}},{"type":"Feature","bbox":[-74.458034,18.030993,-71.624873,19.915684],"properties":{"featurecla":"Admin-0 country","scalerank":1,"LABELRANK":5,"SOVEREIGNT":"Haiti","SOV_A3":"HTI","ADM0_DIF":0,"LEVEL":2,"TYPE":"Sovereign country","TLC":"1","ADMIN":"Haiti","ADM0_A3":"HTI","GEOU_DIF":0,"GEOUNIT":"Haiti","GU_A3":"HTI","SU_DIF":0,"SUBUNIT":"Haiti","SU_A3":"HTI","BRK_DIFF":0,"NAME":"Haiti","NAME_LONG":"Haiti","BRK_A3":"HTI","BRK_NAME":"Haiti","BRK_GROUP":null,"ABBREV":"Haiti","POSTAL":"HT","FORMAL_EN":"Republic of Haiti","FORMAL_FR":null,"NAME_CIAWF":"Haiti","NOTE_ADM0":null,"NOTE_BRK":null,"NAME_SORT":"Haiti","NAME_ALT":null,"MAPCOLOR7":2,"MAPCOLOR8":1,"MAPCOLOR9":7,"MAPCOLOR13":2,"POP_EST":11263077,"POP_RANK":14,"POP_YEAR":2019,"GDP_MD":14332,"GDP_YEAR":2019,"ECONOMY":"7. Least developed region","INCOME_GRP":"5. Low income","FIPS_10":"HA","ISO_A2":"HT","ISO_A2_EH":"HT","ISO_A3":"HTI","ISO_A3_EH":"HTI","ISO_N3":"332","ISO_N3_EH":"332","UN_A3":"332","WB_A2":"HT","WB_A3":"HTI","WOE_ID":23424839,"WOE_ID_EH":23424839,"WOE_NOTE":"Exact WOE match as country","ADM0_ISO":"HTI","ADM0_DIFF":null,"ADM0_TLC":"HTI","ADM0_A3_US":"HTI","ADM0_A3_FR":"HTI","ADM0_A3_RU":"HTI","ADM0_A3_ES":"HTI","ADM0_A3_CN":"HTI","ADM0_A3_TW":"HTI","ADM0_A3_IN":"HTI","ADM0_A3_NP":"HTI","ADM0_A3_PK":"HTI","ADM0_A3_DE":"HTI","ADM0_A3_GB":"HTI","ADM0_A3_BR":"HTI","ADM0_A3_IL":"HTI","ADM0_A3_PS":"HTI","ADM0_A3_SA":"HTI","ADM0_A3_EG":"HTI","ADM0_A3_MA":"HTI","ADM0_A3_PT":"HTI","ADM0_A3_AR":"HTI","ADM0_A3_JP":"HTI","ADM0_A3_KO":"HTI","ADM0_A3_VN":"HTI","ADM0_A3_TR":"HTI","ADM0_A3_ID":"HTI","ADM0_A3_PL":"HTI","ADM0_A3_GR":"HTI","ADM0_A3_IT":"HTI","ADM0_A3_NL":"HTI","ADM0_A3_SE":"HTI","ADM0_A3_BD":"HTI","ADM0_A3_UA":"HTI","ADM0_A3_UN":-99,"ADM0_A3_WB":-99,"CONTINENT":"North America","REGION_UN":"Americas","SUBREGION":"Caribbean","REGION_WB":"Latin America & Caribbean","NAME_LEN":5,"LONG_LEN":5,"ABBREV_LEN":5,"TINY":-99,"HOMEPART":1,"MIN_ZOOM":0,"MIN_LABEL":4,"MAX_LABEL":9,"LABEL_X":-72.224051,"LABEL_Y":19.263784,"NE_ID":1159320839,"WIKIDATAID":"Q790","NAME_AR":"هايتي","NAME_BN":"হাইতি","NAME_DE":"Haiti","NAME_EN":"Haiti","NAME_ES":"Haití","NAME_FA":"هائیتی","NAME_FR":"Haïti","NAME_EL":"Αϊτή","NAME_HE":"האיטי","NAME_HI":"हैती","NAME_HU":"Haiti","NAME_ID":"Haiti","NAME_IT":"Haiti","NAME_JA":"ハイチ","NAME_KO":"아이티","NAME_NL":"Haïti","NAME_PL":"Haiti","NAME_PT":"Haiti","NAME_RU":"Республика Гаити","NAME_SV":"Haiti","NAME_TR":"Haiti","NAME_UK":"Гаїті","NAME_UR":"ہیٹی","NAME_VI":"Haiti","NAME_ZH":"海地","NAME_ZHT":"海地","FCLASS_ISO":"Admin-0 country","TLC_DIFF":null,"FCLASS_TLC":"Admin-0 country","FCLASS_US":null,"FCLASS_FR":null,"FCLASS_RU":null,"FCLASS_ES":null,"FCLASS_CN":null,"FCLASS_TW":null,"FCLASS_IN":null,"FCLASS_NP":null,"FCLASS_PK":null,"FCLASS_DE":null,"FCLASS_GB":null,"FCLASS_BR":null,"FCLASS_IL":null,"FCLASS_PS":null,"FCLASS_SA":null,"FCLASS_EG":null,"FCLASS_MA":null,"FCLASS_PT":null,"FCLASS_AR":null,"FCLASS_JP":null,"FCLASS_KO":null,"FCLASS_VN":null,"FCLASS_TR":null,"FCLASS_ID":null,"FCLASS_PL":null,"FCLASS_GR":null,"FCLASS_IT":null,"FCLASS_NL":null,"FCLASS_SE":null,"FCLASS_BD":null,"FCLASS_UA":null},"geometry":{"type":"Polygon","coordinates":[[[-71.712361,19.336580740562077],[-71.624873,18.82188213536442],[-71.701303,18.45762597097889],[-71.945112,18.297703572077587],[-71.687738,18.01241085177061],[-71.708305,17.75387357049084],[-72.372476,17.915669664169528],[-72.844411,17.849670152545638],[-73.454555,17.918471839878542],[-73.922433,17.740536011483453],[-74.458034,18.03703025062203],[-74.369925,18.34327819500931],[-73.449542,18.211428533013088],[-72.694937,18.135177811606084],[-72.334882,18.34661360956816],[-72.79165000000002,18.757304361893592],[-72.784105,19.11859403518319],[-73.415022,19.265885868788548],[-73.189791,19.52634670767793],[-72.579673,19.48469940171486],[-71.712361,19.336580740562077]]]}},{"type":"Feature","bbox":[-71.945112,17.598564,-68.317943,19.884911],"properties":{"featurecla":"Admin-0 country","scalerank":1,"LABELRANK":5,"SOVEREIGNT":"Dominican Republic","SOV_A3":"DOM","ADM0_DIF":0,"LEVEL":2,"TYPE":"Sovereign country","TLC":"1","ADMIN":"Dominican Republic","ADM0_A3":"DOM","GEOU_DIF":0,"GEOUNIT":"Dominican Republic","GU_A3":"DOM","SU_DIF":0,"SUBUNIT":"Dominican Republic","SU_A3":"DOM","BRK_DIFF":0,"NAME":"Dominican Rep.","NAME_LONG":"Dominican Republic","BRK_A3":"DOM","BRK_NAME":"Dominican Rep.","BRK_GROUP":null,"ABBREV":"Dom. Rep.","POSTAL":"DO","FORMAL_EN":"Dominican Republic","FORMAL_FR":null,"NAME_CIAWF":"Dominican Republic","NOTE_ADM0":null,"NOTE_BRK":null,"NAME_SORT":"Dominican Republic","NAME_ALT":null,"MAPCOLOR7":5,"MAPCOLOR8":2,"MAPCOLOR9":5,"MAPCOLOR13":7,"POP_EST":10738958,"POP_RANK":14,"POP_YEAR":2019,"GDP_MD":88941,"GDP_YEAR":2019,"ECONOMY":"6. Developing region","INCOME_GRP":"3. Upper middle income","FIPS_10":"DR","ISO_A2":"DO","ISO_A2_EH":"DO","ISO_A3":"DOM","ISO_A3_EH":"DOM","ISO_N3":"214","ISO_N3_EH":"214","UN_A3":"214","WB_A2":"DO","WB_A3":"DOM","WOE_ID":23424800,"WOE_ID_EH":23424800,"WOE_NOTE":"Exact WOE match as country","ADM0_ISO":"DOM","ADM0_DIFF":null,"ADM0_TLC":"DOM","ADM0_A3_US":"DOM","ADM0_A3_FR":"DOM","ADM0_A3_RU":"DOM","ADM0_A3_ES":"DOM","ADM0_A3_CN":"DOM","ADM0_A3_TW":"DOM","ADM0_A3_IN":"DOM","ADM0_A3_NP":"DOM","ADM0_A3_PK":"DOM","ADM0_A3_DE":"DOM","ADM0_A3_GB":"DOM","ADM0_A3_BR":"DOM","ADM0_A3_IL":"DOM","ADM0_A3_PS":"DOM","ADM0_A3_SA":"DOM","ADM0_A3_EG":"DOM","ADM0_A3_MA":"DOM","ADM0_A3_PT":"DOM","ADM0_A3_AR":"DOM","ADM0_A3_JP":"DOM","ADM0_A3_KO":"DOM","ADM0_A3_VN":"DOM","ADM0_A3_TR":"DOM","ADM0_A3_ID":"DOM","ADM0_A3_PL":"DOM","ADM0_A3_GR":"DOM","ADM0_A3_IT":"DOM","ADM0_A3_NL":"DOM","ADM0_A3_SE":"DOM","ADM0_A3_BD":"DOM","ADM0_A3_UA":"DOM","ADM0_A3_UN":-99,"ADM0_A3_WB":-99,"CONTINENT":"North America","REGION_UN":"Americas","SUBREGION":"Caribbean","REGION_WB":"Latin America & Caribbean","NAME_LEN":14,"LONG_LEN":18,"ABBREV_LEN":9,"TINY":-99,"HOMEPART":1,"MIN_ZOOM":0,"MIN_LABEL":4.5,"MAX_LABEL":9.5,"LABEL_X":-70.653998,"LABEL_Y":19.104137,"NE_ID":1159320563,"WIKIDATAID":"Q786","NAME_AR":"جمهورية الدومينيكان","NAME_BN":"ডোমিনিকান প্রজাতন্ত্র","NAME_DE":"Dominikanische Republik","NAME_EN":"Dominican Republic","NAME_ES":"República Dominicana","NAME_FA":"جمهوری دومینیکن","NAME_FR":"République dominicaine","NAME_EL":"Δομινικανή Δημοκρατία","NAME_HE":"הרפובליקה הדומיניקנית","NAME_HI":"डोमिनिकन गणराज्य","NAME_HU":"Dominikai Köztársaság","NAME_ID":"Republik Dominika","NAME_IT":"Repubblica Dominicana","NAME_JA":"ドミニカ共和国","NAME_KO":"도미니카 공화국","NAME_NL":"Dominicaanse Republiek","NAME_PL":"Dominikana","NAME_PT":"República Dominicana","NAME_RU":"Доминиканская Республика","NAME_SV":"Dominikanska republiken","NAME_TR":"Dominik Cumhuriyeti","NAME_UK":"Домініканська Республіка","NAME_UR":"جمہوریہ ڈومینیکن","NAME_VI":"Cộng hòa Dominica","NAME_ZH":"多米尼加","NAME_ZHT":"多明尼加","FCLASS_ISO":"Admin-0 country","TLC_DIFF":null,"FCLASS_TLC":"Admin-0 country","FCLASS_US":null,"FCLASS_FR":null,"FCLASS_RU":null,"FCLASS_ES":null,"FCLASS_CN":null,"FCLASS_TW":null,"FCLASS_IN":null,"FCLASS_NP":null,"FCLASS_PK":null,"FCLASS_DE":null,"FCLASS_GB":null,"FCLASS_BR":null,"FCLASS_IL":null,"FCLASS_PS":null,"FCLASS_SA":null,"FCLASS_EG":null,"FCLASS_MA":null,"FCLASS_PT":null,"FCLASS_AR":null,"FCLASS_JP":null,"FCLASS_KO":null,"FCLASS_VN":null,"FCLASS_TR":null,"FCLASS_ID":null,"FCLASS_PL":null,"FCLASS_GR":null,"FCLASS_IT":null,"FCLASS_NL":null,"FCLASS_SE":null,"FCLASS_BD":null,"FCLASS_UA":null},"geometry":{"type":"Polygon","coordinates":[[[-71.708305,17.75387357049084],[-71.687738,18.01241085177061],[-71.945112,18.297703572077587],[-71.701303,18.45762597097889],[-71.624873,18.82188213536442],[-71.712361,19.336580740562077],[-71.587304,19.497340925491173],[-70.806706,19.492981078223085],[-70.214365,19.25015245042195],[-69.950815,19.27386151023229],[-69.76925,18.938670236463707],[-69.222126,18.957536369805123],[-69.254346,18.67544585628234],[-68.809412,18.641222314380613],[-68.317943,18.293239256804846],[-68.689316,17.906326538204322],[-69.164946,18.113175458974528],[-69.623988,18.07331404697763],[-69.952934,18.118553940483757],[-70.13323300000002,17.94512026575185],[-70.517137,17.886484441391918],[-70.669298,18.117203395452297],[-70.99995,17.980710569304694],[-71.40021,17.328200285043724],[-71.657662,17.479929658461614],[-71.708305,17.75387357049084]]]}},{"type":"Feature","bbox":[-180,41.151416,180,81.2504],"properties":{"featurecla":"Admin-0 country","scalerank":1,"LABELRANK":2,"SOVEREIGNT":"Russia","SOV_A3":"RUS","ADM0_DIF":0,"LEVEL":2,"TYPE":"Sovereign country","TLC":"1","ADMIN":"Russia","ADM0_A3":"RUS","GEOU_DIF":0,"GEOUNIT":"Russia","GU_A3":"RUS","SU_DIF":0,"SUBUNIT":"Russia","SU_A3":"RUS","BRK_DIFF":0,"NAME":"Russia","NAME_LONG":"Russian Federation","BRK_A3":"RUS","BRK_NAME":"Russia","BRK_GROUP":null,"ABBREV":"Rus.","POSTAL":"RUS","FORMAL_EN":"Russian Federation","FORMAL_FR":null,"NAME_CIAWF":"Russia","NOTE_ADM0":null,"NOTE_BRK":null,"NAME_SORT":"Russian Federation","NAME_ALT":null,"MAPCOLOR7":2,"MAPCOLOR8":5,"MAPCOLOR9":7,"MAPCOLOR13":7,"POP_EST":144373535,"POP_RANK":17,"POP_YEAR":2019,"GDP_MD":1699876,"GDP_YEAR":2019,"ECONOMY":"3. Emerging region: BRIC","INCOME_GRP":"3. Upper middle income","FIPS_10":"RS","ISO_A2":"RU","ISO_A2_EH":"RU","ISO_A3":"RUS","ISO_A3_EH":"RUS","ISO_N3":"643","ISO_N3_EH":"643","UN_A3":"643","WB_A2":"RU","WB_A3":"RUS","WOE_ID":23424936,"WOE_ID_EH":23424936,"WOE_NOTE":"Exact WOE match as country","ADM0_ISO":"RUS","ADM0_DIFF":null,"ADM0_TLC":"RUS","ADM0_A3_US":"RUS","ADM0_A3_FR":"RUS","ADM0_A3_RU":"RUS","ADM0_A3_ES":"RUS","ADM0_A3_CN":"RUS","ADM0_A3_TW":"RUS","ADM0_A3_IN":"RUS","ADM0_A3_NP":"RUS","ADM0_A3_PK":"RUS","ADM0_A3_DE":"RUS","ADM0_A3_GB":"RUS","ADM0_A3_BR":"RUS","ADM0_A3_IL":"RUS","ADM0_A3_PS":"RUS","ADM0_A3_SA":"RUS","ADM0_A3_EG":"RUS","ADM0_A3_MA":"RUS","ADM0_A3_PT":"RUS","ADM0_A3_AR":"RUS","ADM0_A3_JP":"RUS","ADM0_A3_KO":"RUS","ADM0_A3_VN":"RUS","ADM0_A3_TR":"RUS","ADM0_A3_ID":"RUS","ADM0_A3_PL":"RUS","ADM0_A3_GR":"RUS","ADM0_A3_IT":"RUS","ADM0_A3_NL":"RUS","ADM0_A3_SE":"RUS","ADM0_A3_BD":"RUS","ADM0_A3_UA":"RUS","ADM0_A3_UN":-99,"ADM0_A3_WB":-99,"CONTINENT":"Europe","REGION_UN":"Europe","SUBREGION":"Eastern Europe","REGION_WB":"Europe & Central Asia","NAME_LEN":6,"LONG_LEN":18,"ABBREV_LEN":4,"TINY":-99,"HOMEPART":1,"MIN_ZOOM":0,"MIN_LABEL":1.7,"MAX_LABEL":5.2,"LABEL_X":44.686469,"LABEL_Y":58.249357,"NE_ID":1159321201,"WIKIDATAID":"Q159","NAME_AR":"روسيا","NAME_BN":"রাশিয়া","NAME_DE":"Russland","NAME_EN":"Russia","NAME_ES":"Rusia","NAME_FA":"روسیه","NAME_FR":"Russie","NAME_EL":"Ρωσία","NAME_HE":"רוסיה","NAME_HI":"रूस","NAME_HU":"Oroszország","NAME_ID":"Rusia","NAME_IT":"Russia","NAME_JA":"ロシア","NAME_KO":"러시아","NAME_NL":"Rusland","NAME_PL":"Rosja","NAME_PT":"Rússia","NAME_RU":"Россия","NAME_SV":"Ryssland","NAME_TR":"Rusya","NAME_UK":"Росія","NAME_UR":"روس","NAME_VI":"Nga","NAME_ZH":"俄罗斯","NAME_ZHT":"俄羅斯","FCLASS_ISO":"Admin-0 country","TLC_DIFF":null,"FCLASS_TLC":"Admin-0 country","FCLASS_US":null,"FCLASS_FR":null,"FCLASS_RU":null,"FCLASS_ES":null,"FCLASS_CN":null,"FCLASS_TW":null,"FCLASS_IN":null,"FCLASS_NP":null,"FCLASS_PK":null,"FCLASS_DE":null,"FCLASS_GB":null,"FCLASS_BR":null,"FCLASS_IL":null,"FCLASS_PS":null,"FCLASS_SA":null,"FCLASS_EG":null,"FCLASS_MA":null,"FCLASS_PT":null,"FCLASS_AR":null,"FCLASS_JP":null,"FCLASS_KO":null,"FCLASS_VN":null,"FCLASS_TR":null,"FCLASS_ID":null,"FCLASS_PL":null,"FCLASS_GR":null,"FCLASS_IT":null,"FCLASS_NL":null,"FCLASS_SE":null,"FCLASS_BD":null,"FCLASS_UA":null},"geometry":{"type":"MultiPolygon","coordinates":[[[[178.7253,57.74855964268924],[180.00000000000003,57.97035616004128],[180.00000000000003,57.60601166676685],[178.90342500000003,57.578647116712425],[178.7253,57.74855964268924]]],[[[49.10115999999999,42.02783422811292],[48.64541,41.58578698048219],[47.67591,41.4624050743499],[46.682010000000005,40.68420812113663],[47.59094,39.96065749022164],[47.49252,39.44242109952931],[48.58437,38.52700105631014],[48.58435299999999,38.526992450847864],[47.987283,38.210990259623095],[47.81566600000001,38.010821739572144],[47.37331499999999,38.06462777326501],[46.686071,38.54128235842546],[46.404951,38.567509637194135],[45.7764,38.74849209233503],[45.470279,39.06779957468107],[44.537623,39.230044948572065],[43.93121,39.108299761034],[43.75599,39.252378907138926],[42.3944,39.622680533500265],[40.92219000000001,39.74723493117935],[40.076965,39.878551376009334],[39.955009,39.787856331966466],[38.68,40.43410383972488],[37.53912,40.72060483413347],[36.67546,41.164365511260556],[37.40317,41.284571438267434],[38.23295,41.91001806607111],[37.67372,42.203816456802464],[39.14767,42.505456053627974],[39.1212,42.666410419424],[38.223538,42.54778722611063],[38.255112,42.874184677768035],[38.77057,43.07847162029673],[39.738277999999994,43.132000344359334],[39.89562,43.37487817715155],[39.67465,43.77435991932509],[40.080789,44.151247541870845],[40.06904,44.36154490260813],[38.594988,44.593733688808854],[38.010631000000004,44.586042469308545],[37.39346,44.91860114447665],[36.626168,44.80635390285629],[35.356116,45.05527633626338],[35.37791,45.194091472535945],[35.022183,45.49885472429745],[34.224816,45.53278391352223],[34.141978,45.74981308751573],[34.391731,45.890915697821264],[33.7527,46.28360324062384],[32.715761,46.21679641974687],[32.412058,46.251541143133416],[32.15944,46.09403885332724],[31.785992,46.12206760684035],[31.785970000000002,46.12206899308885],[31.540018,46.56413882087207],[31.305201,46.791884315570435],[31.49764,46.85581592160538],[32.304519,46.83207881071095],[32.693643,46.98148832279356],[32.405599,47.16307905196911],[31.731273,47.28259829825385],[31.791424000000003,47.404979160261114],[31.384472,47.52829650980746],[30.757534000000003,47.96851492179834],[30.971836000000003,48.14882532372989],[30.873909,48.461071446699115],[29.896294,48.618972731094495],[29.371572,48.539998578515934],[29.229513000000004,48.704099358752096],[28.176708999999995,48.86933299101522],[27.855282,49.25604612992134],[27.770016,49.5715372504137],[27.288185,49.72063855653597],[27.716685999999996,49.92539030790148],[27.420149999999996,50.522094601491986],[28.131699,50.887045467403325],[27.981119999999997,50.9970272986914],[27.981127000000004,50.99702918677349],[29.117699999999996,51.34355980781573],[28.070002,51.639599532400126],[28.07,51.63960015300612],[30.211107,52.424904261812834],[31.139991,52.77575894647067],[31.516092000000004,53.08318048339202],[30.035872,53.4927410154852],[30.444685000000003,53.878647575345155],[29.54443,54.31506501984664],[30.21765,54.81212361464401],[29.054589000000004,55.46277246878711],[29.977425999999998,55.88794002155111],[28.445944,56.25982304438498],[28.591929999999998,56.64674130860147],[29.399550000000005,56.697367465774384],[31.101041999999996,56.91699658353858],[31.10108,56.917001496219136],[32.13272,57.106388692829405],[33.77547,56.77662322800922],[36.51396,56.64599522330452],[40.292339999999996,56.01900616326322],[41.05987,55.752454549524636],[41.125949999999996,55.37610201211113],[40.01583,55.07644874454564],[38.38295,54.923504729750206],[33.91871,55.35793290226613],[33.18444,55.285628607404476],[34.81477,54.86635352397285],[34.878574,54.59847947670831],[34.94391,54.00221008190837],[36.23129,53.82260603794912],[37.01273,53.669075245154275],[37.14197,53.95536325740758],[36.539579,54.20746869796862],[37.17604,54.428393827089636],[39.59345,54.06471188272863],[40.435599999999994,54.20746869796862],[39.7626,54.63357414773831],[42.09309,55.19651815254372],[43.016040000000004,55.163600043996446],[43.94975000000001,54.963453149066176],[44.53226,55.35607403384108],[43.69839000000001,55.69349934014475],[44.18795,56.02912683935934],[43.45282000000001,56.37416821362693],[46.25,56.19611084945594],[46.821340000000006,55.88326984842411],[45.555170000000004,55.81396734303517],[45.562020000000004,55.50003919195111],[46.349149999999995,55.30563529176794],[47.89416000000001,55.428891100802815],[48.13875999999999,55.78915797946512],[50.22766,56.0560278908688],[53.71743,56.53254205990038],[54.47171,56.50538379187926],[53.48582,56.169012504127195],[54.72628,56.11090566425359],[55.44268,56.30092870207043],[57.31701999999999,56.316250059946974],[58.802,56.54546615355228],[59.94142,56.21193023806494],[61.07784,56.57845660888313],[60.03000000000001,56.89619322735464],[60.55,57.07599086128325],[63.504,56.91114948953285],[64.888115,56.74012326491862],[68.51216,56.108290491837636],[69.18068,56.39899103699732],[68.16444,56.69047062508931],[68.13522,56.80678420479273],[66.93008,56.860462906224996],[67.25976000000001,57.118758009112526],[66.72492,57.539890278428324],[66.69466,57.71127664807564],[68.54006,58.19177536901546],[69.19636,58.667595457931384],[69.94,58.769698920792294],[72.58754,58.63270146508522],[72.79603,58.34196923574401],[71.84811,57.913704219937735],[72.47011,57.743964746686984],[72.79188,57.36895056880959],[72.5647,56.62258253204181],[73.66787,56.28385829056787],[73.2387,55.91154476099567],[71.28,55.10724791328292],[72.42301,55.02288003854417],[72.82077000000001,55.22871901636674],[73.92099,55.374897437280566],[74.18651,55.65506413796539],[75.052,55.9227918051952],[74.46926,56.24003192902703],[74.93584,56.60515520780022],[73.84236,56.65041543964828],[73.60187,56.95492993581518],[74.3998,57.49846477034852],[73.1011,57.933984865664414],[74.89082,58.29003936370044],[74.65926,58.66182815589857],[75.15801,58.6736321619727],[75.68351,58.38419426530757],[75.28898,57.8746826378686],[76.35910999999999,57.777401816899946],[75.90313,58.15987812830617],[77.57665,58.3666861875263],[79.65202,58.39444129396527],[81.5,58.09439638446583],[80.61071000000001,58.531866396591276],[80.51109,59.083609632253314],[82.25000000000001,59.187135242774104],[84.65526,59.164543306006834],[86.8223,59.23160931169821],[86.00955999999998,59.498005807940544],[87.16682,59.82971380699522],[88.31571000000001,59.84353166055074],[90.26,60.091807680256935],[92.90058,60.15822055678514],[93.23421,60.294217820685674],[95.86,60.34017218271216],[96.67821,60.22887925962129],[98.92254,60.491683498679784],[100.75967,60.48350121294879],[101.03532000000001,60.695448372586085],[101.99084,60.90310967057263],[104.3516,61.102048933871714],[106.06664000000002,60.94507299516486],[104.705,60.82514037005981],[106.97013000000001,60.75036684698783],[107.24,60.50798772503667],[108.1538,60.627568206764614],[111.07726,60.62101957378492],[113.33151000000001,60.38084323388603],[114.13417,60.19517690869303],[113.88538999999999,59.935768088405524],[112.77918000000001,59.78718419563262],[110.15125000000002,59.5066638133475],[109.4,59.35575539349659],[110.64,59.28432152138292],[112.11918999999999,59.15522856247787],[113.01954,59.252091494561334],[113.52958,58.922339743483114],[113.96881,59.05620358791206],[115.56782,59.13733529750344],[118.77633,59.05252174009197],[119.02,58.81115250983339],[123.20066000000001,58.734019607926896],[123.25777000000001,59.12819273779467],[125.37999999999998,59.038263713832556],[126.97644000000001,59.0410880135044],[128.59126,58.76903007605779],[129.05157000000003,58.4356142580032],[128.46,58.215749317289934],[129.71599,57.7988145107061],[131.28858,57.58178340886394],[132.2535,58.139978624979925],[133.85766,57.90171844034806],[135.56193,58.04428382446747],[137.49755,57.88110056359649],[138.23409,58.02987436412611],[139.86983,57.95556460771774],[139.14791,58.44475785318113],[140.46817,58.67074132986293],[149.5,58.331439210134924],[150.35118,58.018435831696344],[152.9689,57.611379902877616],[157.00688,57.712580038402926],[158.99779,57.624501181297255],[159.83031000000003,57.40242130076602],[159.70866,57.00634335777798],[160.94053,56.850987743764655],[162.27907,56.96278686013662],[164.05248,56.977062483896994],[165.94037,56.869962996305816],[167.83567,56.9304161605482],[169.57763000000003,56.44222622680285],[170.81688,56.61861022812955],[170.0082,56.96863077032152],[170.45345,57.21001535912863],[173.64391,57.05828398794958],[175.72402999999997,57.090798995006324],[178.60000000000002,56.830596801848415],[180.00000000000003,56.591093029782094],[180.00000000000003,54.333165777994395],[179.99281,54.330029319276555],[178.7072,54.073009411655505],[177.41128,54.115984474212],[178.313,53.80281493753877],[178.90825,53.31338358702716],[179.37034,53.15216021328181],[179.48635999999996,52.90336236650504],[179.22824999999997,52.743326533291736],[177.36430000000001,52.874980373783],[174.56928999999997,52.41827035040575],[173.68013,52.34713618212654],[172.15,51.91584241316093],[170.6985,51.53562899675145],[170.33085,51.25209502322621],[168.90045999999998,51.683040365799],[166.29498,51.19371207218349],[165.84000000000003,51.425908164325136],[164.87674,51.15800829111575],[163.53929,51.243920108524115],[163.21711000000002,50.83035110002808],[162.01733,50.21510706598568],[162.05297,49.95578087489796],[163.19191000000004,49.81139025557146],[163.05793999999997,48.86282713885488],[162.12958,48.83844734184453],[161.70146,48.28484110373536],[162.11749000000003,47.99754399081716],[160.36877000000004,47.654596372386585],[160.02173,46.879840564640965],[158.53094,46.71287526299188],[158.23118,46.011758954470345],[156.78979,45.36093933778023],[156.42,45.8429512971561],[155.99182,46.85001667378084],[155.43365999999997,48.34825024544675],[155.91442,49.26165494147334],[156.75815000000003,49.649581179925555],[156.81034999999997,49.95122553875792],[158.36433,50.09495433628312],[160.15064000000004,50.89584185751722],[161.87203999999997,51.53987102904606],[163.66969000000003,52.03343867092044],[164.47355,52.89230501141417],[163.25841999999997,52.84139154391595],[162.65791,52.34095979528789],[160.12148,51.664857984930194],[159.30232000000004,52.421203835695685],[156.72068,52.2136481561071],[154.21805999999998,51.17467558609381],[155.04375,50.78860771826198],[152.81185,50.62325311528915],[151.26573,50.557888183027764],[151.33815,51.01501723291167],[149.78371,51.11039999657467],[148.54481,50.80095262921194],[145.48722,50.90946367871314],[142.19782,50.72220032199244],[138.95848,49.47013151831235],[135.12619,47.91346223482273],[136.70171,47.828914674441364],[137.19342,47.406793661976465],[138.1647,47.25612185586987],[138.80463,47.59408568473347],[139.90151000000003,47.55032045727916],[141.34531,46.80254600394162],[141.37923,46.217007458466554],[140.59742,45.521348472731745],[140.51308,44.67846049486903],[140.06193,43.53044759291095],[138.55472,42.47219890622571],[138.21971,41.9599191300569],[136.86232,41.08814293466771],[135.51535,40.21224383797371],[134.86939,39.7595819200156],[133.53687,39.30705880873334],[132.90627,39.29701465509508],[132.27807,39.672159793109856],[130.93587,39.106577119793386],[130.780005,38.84791471438389],[130.780004,38.847913156756505],[130.78,38.84790692624664],[130.779992,38.84791471438389],[130.64,38.98406873340297],[130.64,38.984087389102484],[130.633866,39.3778570136763],[131.144688,39.39870500313381],[131.288555,40.30574262820312],[131.02519,40.95570536633954],[131.883454,41.22191021045265],[133.09712,41.088587615818746],[133.769644,41.81771370278998],[134.11235,42.628986485071074],[134.50081,42.89766803548396],[135.026311,43.55329553050892],[133.373596,43.33927407443185],[132.50669,43.051688610451976],[130.98726,43.0525435681266],[130.582293,43.73525933558086],[129.397818,44.24672014211387],[127.6574,44.47526739512982],[127.287456,45.17002556206661],[126.939157,45.60132185266464],[126.56439900000001,45.90161468479516],[125.946349,46.59901830196538],[125.068211,46.85144944714222],[123.57147,47.05469580684812],[122.245748,47.036247103663264],[121.00308499999998,46.91320766767956],[120.177089,46.57227458436933],[120.725789,46.40865172255804],[120.7382,46.0266333734737],[120.18208000000001,45.80361277750907],[119.27939000000002,45.05931905943914],[119.28846100000001,44.747643342689706],[117.87924400000001,44.297116825391164],[116.678801,44.566716639069696],[115.48569500000002,44.50730211922042],[114.96211,44.7457711873928],[114.36245600000001,44.82246564787008],[112.89774,44.32043204041925],[111.581231,44.201837106913764],[110.662011,44.02389562677964],[109.402449,44.14086506980231],[108.47516700000001,44.13339191811143],[107.868176,44.49912016074905],[106.888804,44.84089938912046],[105.886591,44.93422418929122],[104.62158,44.841625469734346],[103.676545,44.71004871318174],[102.25588999999998,45.00818296703956],[102.06521,45.535527709148944],[100.88948000000002,45.71522185758511],[99.981732,45.796959067923716],[98.861491,46.08440978106104],[97.82574,45.360900692660294],[98.231762,44.94582013224335],[97.25976,44.45084450488605],[95.81402000000001,44.63003816213112],[94.815949,44.65563298345561],[94.14756599999998,44.986952599336504],[93.10421,44.9973859712911],[92.234712,45.213982589128854],[90.713667,44.881667685250925],[88.805567,44.268149902697544],[87.751264,44.14390558883867],[87.35997,44.0848777800068],[86.829357,44.52263164059755],[85.54127,44.42714625336037],[85.11556000000002,44.729473205108235],[84.416377,44.86720262520976],[83.935115,45.27529045092642],[83.383004,45.40177106597786],[81.945986,45.2210443723879],[80.568447,45.62541391488484],[80.03555999999999,45.2580506726495],[77.800916,47.017630439961906],[76.525179,47.54176351368043],[76.8911,47.75297957355046],[74.38482,47.114650522250315],[73.425679,47.075818731226605],[73.508516,47.446233635868225],[72.22415,47.676365901637205],[71.180131,47.512243256382675],[70.865267,48.207629124722175],[69.068167,48.35105478599432],[68.1691,48.07460866709247],[65.66687,47.82737055417192],[65.178534,47.66126322388313],[61.4366,47.42636951971072],[60.978066,47.19499006357586],[61.699986,46.727488701564475],[60.739993,46.54896539470342],[60.927269,46.36127698603785],[59.96753400000001,46.02407125884488],[61.588003,45.54445725207667],[61.33742399999999,45.211798013536715],[59.93280699999999,45.242170243547875],[59.64228200000001,45.03283943374881],[58.36332000000001,45.39787901955567],[56.77798,45.38377047429484],[55.716939999999994,45.08671275421176],[54.532878000000004,45.371611406929496],[52.328724,45.85594327560872],[50.766648,45.83790887895836],[48.702382,45.075004068496874],[48.577841,44.55690488571245],[47.54948,44.96867459384359],[46.751596,44.1860907033547],[47.043672,44.03964863829277],[46.466446,43.49233056089999],[47.315239999999996,42.99824107704319],[48.05725,43.01865766385265],[48.694734,42.52821557208305],[48.59325,42.14784209347797],[49.10115999999999,42.02783422811292]]],[[[93.77765999999998,62.6692970979681],[95.94089500000001,62.77278635241079],[97.88385,62.5415577048096],[100.18665499999999,62.09239297103646],[99.93975999999999,61.66859918652835],[97.75794,61.609344492288265],[94.97258999999998,61.74623848311268],[93.31288,61.926423136496005],[92.5454,62.26212396404543],[91.18107,62.35398460641125],[93.77765999999998,62.6692970979681]]],[[[102.83781500000002,61.8580101334849],[105.37243,61.58895868126042],[105.07547,61.394968123904064],[99.43813999999999,61.20966899549687],[101.2649,61.83569257769474],[102.08635,61.88870913026822],[102.83781500000002,61.8580101334849]]],[[[138.831075,60.33856883088317],[141.47161500000004,60.31685149232973],[145.086285,60.05320501416846],[144.3,59.680402985386934],[140.61381,59.69437356994636],[138.95544,59.574971849457704],[136.97439,59.90262737045594],[137.51176,60.24560330614547],[138.831075,60.33856883088317]]],[[[148.22223,59.94481187837191],[150.73167,59.81344158888607],[149.575925,59.61416543042858],[147.977465,59.65937303935144],[146.11919,59.85812211148605],[146.358485,60.020339099144685],[148.22223,59.94481187837191]]],[[[139.86312000000004,58.94028849317494],[140.81171,59.14359823494878],[142.06207,59.191017768926606],[143.48283,58.99463510177536],[143.60385,58.85899050890304],[142.08763,58.85537029713883],[140.038155,58.91297977960344],[139.86312000000004,58.94028849317494]]],[[[44.846958,62.46899986884611],[46.799139,62.55305682872698],[48.318477,62.55862983645157],[48.522806,62.434201081307656],[49.097190000000005,62.544790337344885],[50.039767999999995,62.62072083359702],[51.52293300000001,62.519762976052085],[51.13618700000001,62.44933482116719],[49.793685,62.38828670193046],[48.894411,62.353106227145105],[48.75493699999999,62.27686416125052],[47.586119,62.19987448993653],[46.502826,62.310237207948255],[47.072455,62.454951291667165],[44.846958,62.46899986884611]]],[[[22.731099000000004,47.64328340894775],[20.892244999999996,47.63316817979855],[19.66064,47.70963670104489],[19.888481,48.00491763415621],[21.268449,48.22145441426572],[22.315724000000003,48.10460508504026],[22.757764000000005,47.99850356086274],[22.651051999999996,47.81494274174943],[22.731099000000004,47.64328340894775]]],[[[53.50829,59.135777848708834],[55.902459,59.583076479416086],[55.631933,59.81211010241398],[57.86864400000001,60.07654164216693],[61.170044,60.39549047516445],[64.498368,60.487824140672075],[66.210977,60.66993390669289],[68.15706,60.73350860035363],[68.852211,60.53987862002213],[68.180573,60.38647798603448],[64.637326,60.140513434649925],[61.583508,59.902233713337566],[58.477082,59.421472292223854],[56.986786,58.92130423190262],[55.419336,58.42124139992001],[55.622838,57.983549567565525],[57.535693,57.546101657155965],[56.944979000000004,57.498998327400315],[53.677375,57.56873680184376],[53.412017,57.80607285967886],[51.601895000000006,57.94862876775758],[51.45575399999999,58.23411715958867],[52.47827499999999,58.34689301924564],[52.444168999999995,58.63188996126121],[54.427614,59.072997268746946],[53.50829,59.135777848708834]]],[[[142.914616,47.22188147018463],[143.260848,46.563250509159516],[143.235268,45.88240820866761],[143.648007,45.175526452971646],[144.654148,43.91324797010357],[143.173928,44.15061685287225],[142.558668,43.10472820580209],[143.533492,42.35191146140289],[143.505277,41.833348301558715],[142.747701,42.280952780036145],[142.09203,41.70569725254132],[141.906925,42.32914623168013],[142.018443,43.04523804563023],[141.904445,43.828756841275705],[142.1358,44.37163401175265],[142.179983,45.3196738105532],[141.594076,46.006720049647235],[141.682546,46.94773776321991],[142.606934,47.26096431791122],[142.209749,47.57447512774026],[142.654786,47.66911107408093],[142.914616,47.22188147018463]]],[[[-174.92825,55.61080792392559],[-175.01425,55.258181301372375],[-174.33983,55.116147897352846],[-174.57182,55.52956051104943],[-171.85731,55.44507652047264],[-169.89958,54.91069330579934],[-170.89107,54.65936323503898],[-172.53025,54.59946254170013],[-172.555,54.02948468386087],[-172.95533000000003,53.90707349499207],[-173.89183999999997,53.92468965828988],[-174.65392,54.129487086210574],[-175.98352999999997,54.300017081999194],[-176.20716,54.552373916891945],[-177.22266,54.647127464850875],[-178.35993,54.57200078936292],[-178.90331999999998,54.7743379169832],[-178.68611,54.98814902701563],[-179.88376999999997,54.85162415766],[-179.43268,54.5798778716686],[-180.00000000000003,54.333165777994395],[-180.00000000000003,56.591093029782094],[-177.55,56.16828316130537],[-174.92825,55.61080792392559]]],[[[-178.69378,57.63858119940517],[-180.00000000000003,57.60601166676685],[-180.00000000000003,57.97035616004128],[-179.871875,57.992574451051986],[-179.02433,57.991466672960065],[-177.577945,57.83952592392668],[-177.663575,57.76668270575349],[-178.69378,57.63858119940517]]],[[[33.435988,41.70955094186577],[33.699462,41.89416698265177],[34.410402,41.73436445046555],[34.732017,41.704884230459314],[34.861792,41.55727732417802],[35.012659000000006,41.53448254787903],[35.020788,41.469695483115885],[35.510009,41.28869146375173],[36.529998,41.33375729678198],[36.334713,41.06531393723677],[35.239999,40.93458311286955],[33.882511,40.496093172274634],[33.326421,40.650588893707464],[33.546924,41.006142854507125],[32.454174,41.226651673904215],[32.630804,41.370686875929735],[33.588162,41.619645103863014],[33.435988,41.70955094186577]]]]}},{"type":"Feature","bbox":[-78.98,23.71,-77,27.04],"properties":{"featurecla":"Admin-0 country","scalerank":1,"LABELRANK":4,"SOVEREIGNT":"The Bahamas","SOV_A3":"BHS","ADM0_DIF":0,"LEVEL":2,"TYPE":"Sovereign country","TLC":"1","ADMIN":"The Bahamas","ADM0_A3":"BHS","GEOU_DIF":0,"GEOUNIT":"The Bahamas","GU_A3":"BHS","SU_DIF":0,"SUBUNIT":"The Bahamas","SU_A3":"BHS","BRK_DIFF":0,"NAME":"Bahamas","NAME_LONG":"Bahamas","BRK_A3":"BHS","BRK_NAME":"Bahamas","BRK_GROUP":null,"ABBREV":"Bhs.","POSTAL":"BS","FORMAL_EN":"Commonwealth of the Bahamas","FORMAL_FR":null,"NAME_CIAWF":"Bahamas, The","NOTE_ADM0":null,"NOTE_BRK":null,"NAME_SORT":"Bahamas, The","NAME_ALT":null,"MAPCOLOR7":1,"MAPCOLOR8":1,"MAPCOLOR9":2,"MAPCOLOR13":5,"POP_EST":389482,"POP_RANK":10,"POP_YEAR":2019,"GDP_MD":13578,"GDP_YEAR":2019,"ECONOMY":"6. Developing region","INCOME_GRP":"2. High income: nonOECD","FIPS_10":"BF","ISO_A2":"BS","ISO_A2_EH":"BS","ISO_A3":"BHS","ISO_A3_EH":"BHS","ISO_N3":"044","ISO_N3_EH":"044","UN_A3":"044","WB_A2":"BS","WB_A3":"BHS","WOE_ID":23424758,"WOE_ID_EH":23424758,"WOE_NOTE":"Exact WOE match as country","ADM0_ISO":"BHS","ADM0_DIFF":null,"ADM0_TLC":"BHS","ADM0_A3_US":"BHS","ADM0_A3_FR":"BHS","ADM0_A3_RU":"BHS","ADM0_A3_ES":"BHS","ADM0_A3_CN":"BHS","ADM0_A3_TW":"BHS","ADM0_A3_IN":"BHS","ADM0_A3_NP":"BHS","ADM0_A3_PK":"BHS","ADM0_A3_DE":"BHS","ADM0_A3_GB":"BHS","ADM0_A3_BR":"BHS","ADM0_A3_IL":"BHS","ADM0_A3_PS":"BHS","ADM0_A3_SA":"BHS","ADM0_A3_EG":"BHS","ADM0_A3_MA":"BHS","ADM0_A3_PT":"BHS","ADM0_A3_AR":"BHS","ADM0_A3_JP":"BHS","ADM0_A3_KO":"BHS","ADM0_A3_VN":"BHS","ADM0_A3_TR":"BHS","ADM0_A3_ID":"BHS","ADM0_A3_PL":"BHS","ADM0_A3_GR":"BHS","ADM0_A3_IT":"BHS","ADM0_A3_NL":"BHS","ADM0_A3_SE":"BHS","ADM0_A3_BD":"BHS","ADM0_A3_UA":"BHS","ADM0_A3_UN":-99,"ADM0_A3_WB":-99,"CONTINENT":"North America","REGION_UN":"Americas","SUBREGION":"Caribbean","REGION_WB":"Latin America & Caribbean","NAME_LEN":7,"LONG_LEN":7,"ABBREV_LEN":4,"TINY":-99,"HOMEPART":1,"MIN_ZOOM":0,"MIN_LABEL":4,"MAX_LABEL":9,"LABEL_X":-77.146688,"LABEL_Y":26.401789,"NE_ID":1159320415,"WIKIDATAID":"Q778","NAME_AR":"باهاماس","NAME_BN":"বাহামা দ্বীপপুঞ্জ","NAME_DE":"Bahamas","NAME_EN":"The Bahamas","NAME_ES":"Bahamas","NAME_FA":"باهاما","NAME_FR":"Bahamas","NAME_EL":"Μπαχάμες","NAME_HE":"איי בהאמה","NAME_HI":"बहामास","NAME_HU":"Bahama-szigetek","NAME_ID":"Bahama","NAME_IT":"Bahamas","NAME_JA":"バハマ","NAME_KO":"바하마","NAME_NL":"Bahama's","NAME_PL":"Bahamy","NAME_PT":"Bahamas","NAME_RU":"Багамские Острова","NAME_SV":"Bahamas","NAME_TR":"Bahamalar","NAME_UK":"Багамські Острови","NAME_UR":"بہاماس","NAME_VI":"Bahamas","NAME_ZH":"巴哈马","NAME_ZHT":"巴哈馬","FCLASS_ISO":"Admin-0 country","TLC_DIFF":null,"FCLASS_TLC":"Admin-0 country","FCLASS_US":null,"FCLASS_FR":null,"FCLASS_RU":null,"FCLASS_ES":null,"FCLASS_CN":null,"FCLASS_TW":null,"FCLASS_IN":null,"FCLASS_NP":null,"FCLASS_PK":null,"FCLASS_DE":null,"FCLASS_GB":null,"FCLASS_BR":null,"FCLASS_IL":null,"FCLASS_PS":null,"FCLASS_SA":null,"FCLASS_EG":null,"FCLASS_MA":null,"FCLASS_PT":null,"FCLASS_AR":null,"FCLASS_JP":null,"FCLASS_KO":null,"FCLASS_VN":null,"FCLASS_TR":null,"FCLASS_ID":null,"FCLASS_PL":null,"FCLASS_GR":null,"FCLASS_IT":null,"FCLASS_NL":null,"FCLASS_SE":null,"FCLASS_BD":null,"FCLASS_UA":null},"geometry":{"type":"MultiPolygon","coordinates":[[[[-78.98,25.864021583892505],[-78.51,25.935986196875085],[-77.84999999999998,25.90900461085206],[-77.82,25.674906083159296],[-78.91,25.53061626640421],[-78.98,25.864021583892505]]],[[[-77.79,26.08876501773921],[-77,25.68391841101868],[-77.17255,25.041616498094506],[-77.35641,25.157683554606614],[-77.34000000000002,25.629834224372193],[-77.78802,25.985580213246145],[-77.79,26.08876501773921]]],[[[-78.19087,24.434122471500995],[-77.88999999999999,24.397426505750442],[-77.54,23.639299738976938],[-77.53466,23.10666664873734],[-77.77999999999999,23.06090000825527],[-78.03405,23.589959114349007],[-78.40848,23.854988289569015],[-78.19087,24.434122471500995]]]]}},{"type":"Feature","bbox":[-61.2,-52.3,-57.75,-51.1],"properties":{"featurecla":"Admin-0 country","scalerank":1,"LABELRANK":5,"SOVEREIGNT":"United Kingdom","SOV_A3":"GB1","ADM0_DIF":1,"LEVEL":2,"TYPE":"Disputed","TLC":"1","ADMIN":"Falkland Islands","ADM0_A3":"FLK","GEOU_DIF":0,"GEOUNIT":"Falkland Islands","GU_A3":"FLK","SU_DIF":0,"SUBUNIT":"Falkland Islands","SU_A3":"FLK","BRK_DIFF":1,"NAME":"Falkland Is.","NAME_LONG":"Falkland Islands / Malvinas","BRK_A3":"B12","BRK_NAME":"Falkland Is.","BRK_GROUP":null,"ABBREV":"Flk. Is.","POSTAL":"FK","FORMAL_EN":"Falkland Islands","FORMAL_FR":null,"NAME_CIAWF":"Falkland Islands (Islas Malvinas)","NOTE_ADM0":"U.K.","NOTE_BRK":"Admin. by U.K.; Claimed by Argentina","NAME_SORT":"Falkland Islands","NAME_ALT":"Islas Malvinas","MAPCOLOR7":6,"MAPCOLOR8":6,"MAPCOLOR9":6,"MAPCOLOR13":3,"POP_EST":3398,"POP_RANK":4,"POP_YEAR":2016,"GDP_MD":282,"GDP_YEAR":2012,"ECONOMY":"2. Developed region: nonG7","INCOME_GRP":"1. High income: OECD","FIPS_10":"FK","ISO_A2":"FK","ISO_A2_EH":"FK","ISO_A3":"FLK","ISO_A3_EH":"FLK","ISO_N3":"238","ISO_N3_EH":"238","UN_A3":"238","WB_A2":"-99","WB_A3":"-99","WOE_ID":23424814,"WOE_ID_EH":23424814,"WOE_NOTE":"Exact WOE match as country","ADM0_ISO":"B12","ADM0_DIFF":null,"ADM0_TLC":"B12","ADM0_A3_US":"FLK","ADM0_A3_FR":"FLK","ADM0_A3_RU":"FLK","ADM0_A3_ES":"FLK","ADM0_A3_CN":"FLK","ADM0_A3_TW":"FLK","ADM0_A3_IN":"FLK","ADM0_A3_NP":"FLK","ADM0_A3_PK":"FLK","ADM0_A3_DE":"FLK","ADM0_A3_GB":"FLK","ADM0_A3_BR":"FLK","ADM0_A3_IL":"FLK","ADM0_A3_PS":"FLK","ADM0_A3_SA":"FLK","ADM0_A3_EG":"FLK","ADM0_A3_MA":"FLK","ADM0_A3_PT":"FLK","ADM0_A3_AR":"ARG","ADM0_A3_JP":"FLK","ADM0_A3_KO":"FLK","ADM0_A3_VN":"FLK","ADM0_A3_TR":"FLK","ADM0_A3_ID":"FLK","ADM0_A3_PL":"FLK","ADM0_A3_GR":"FLK","ADM0_A3_IT":"FLK","ADM0_A3_NL":"FLK","ADM0_A3_SE":"FLK","ADM0_A3_BD":"FLK","ADM0_A3_UA":"FLK","ADM0_A3_UN":-99,"ADM0_A3_WB":-99,"CONTINENT":"South America","REGION_UN":"Americas","SUBREGION":"South America","REGION_WB":"Latin America & Caribbean","NAME_LEN":12,"LONG_LEN":27,"ABBREV_LEN":8,"TINY":-99,"HOMEPART":-99,"MIN_ZOOM":0,"MIN_LABEL":4.5,"MAX_LABEL":9,"LABEL_X":-58.738602,"LABEL_Y":-51.608913,"NE_ID":1159320711,"WIKIDATAID":"Q9648","NAME_AR":"جزر فوكلاند","NAME_BN":"ফকল্যান্ড দ্বীপপুঞ্জ","NAME_DE":"Falklandinseln","NAME_EN":"Falkland Islands","NAME_ES":"Islas Malvinas","NAME_FA":"جزایر فالکلند","NAME_FR":"îles Malouines","NAME_EL":"Νήσοι Φώκλαντ","NAME_HE":"איי פוקלנד","NAME_HI":"फ़ॉकलैंड द्वीपसमूह","NAME_HU":"Falkland-szigetek","NAME_ID":"Kepulauan Falkland","NAME_IT":"Isole Falkland","NAME_JA":"フォークランド諸島","NAME_KO":"포클랜드 제도","NAME_NL":"Falklandeilanden","NAME_PL":"Falklandy","NAME_PT":"Ilhas Malvinas","NAME_RU":"Фолклендские острова","NAME_SV":"Falklandsöarna","NAME_TR":"Falkland Adaları","NAME_UK":"Фолклендські острови","NAME_UR":"جزائر فاکلینڈ","NAME_VI":"Quần đảo Falkland","NAME_ZH":"福克兰群岛","NAME_ZHT":"福克蘭群島","FCLASS_ISO":"Admin-0 dependency","TLC_DIFF":null,"FCLASS_TLC":"Admin-0 dependency","FCLASS_US":null,"FCLASS_FR":null,"FCLASS_RU":null,"FCLASS_ES":null,"FCLASS_CN":null,"FCLASS_TW":null,"FCLASS_IN":null,"FCLASS_NP":null,"FCLASS_PK":null,"FCLASS_DE":null,"FCLASS_GB":null,"FCLASS_BR":null,"FCLASS_IL":null,"FCLASS_PS":null,"FCLASS_SA":null,"FCLASS_EG":null,"FCLASS_MA":null,"FCLASS_PT":null,"FCLASS_AR":"Unrecognized","FCLASS_JP":null,"FCLASS_KO":null,"FCLASS_VN":null,"FCLASS_TR":null,"FCLASS_ID":null,"FCLASS_PL":null,"FCLASS_GR":null,"FCLASS_IT":null,"FCLASS_NL":null,"FCLASS_SE":null,"FCLASS_BD":null,"FCLASS_UA":null},"geometry":{"type":"Polygon","coordinates":[[[-61.20000000000001,-45.947347290656424],[-59.99999999999999,-45.52858565412241],[-59.15,-45.70345133558953],[-58.55,-45.42340449496728],[-57.74999999999999,-45.738359039323235],[-58.050000000000004,-45.98210234465005],[-59.39999999999999,-46.190174822321374],[-59.85,-45.947347290656424],[-60.7,-46.25935792145661],[-61.20000000000001,-45.947347290656424]]]}},{"type":"Feature","bbox":[4.992078,58.078884,31.293418,80.657144],"properties":{"featurecla":"Admin-0 country","scalerank":1,"LABELRANK":3,"SOVEREIGNT":"Norway","SOV_A3":"NOR","ADM0_DIF":0,"LEVEL":2,"TYPE":"Sovereign country","TLC":null,"ADMIN":"Norway","ADM0_A3":"NOR","GEOU_DIF":0,"GEOUNIT":"Norway","GU_A3":"NOR","SU_DIF":0,"SUBUNIT":"Norway","SU_A3":"NOR","BRK_DIFF":0,"NAME":"Norway","NAME_LONG":"Norway","BRK_A3":"NOR","BRK_NAME":"Norway","BRK_GROUP":null,"ABBREV":"Nor.","POSTAL":"N","FORMAL_EN":"Kingdom of Norway","FORMAL_FR":null,"NAME_CIAWF":"Norway","NOTE_ADM0":null,"NOTE_BRK":null,"NAME_SORT":"Norway","NAME_ALT":null,"MAPCOLOR7":5,"MAPCOLOR8":3,"MAPCOLOR9":8,"MAPCOLOR13":12,"POP_EST":5347896,"POP_RANK":13,"POP_YEAR":2019,"GDP_MD":403336,"GDP_YEAR":2019,"ECONOMY":"2. Developed region: nonG7","INCOME_GRP":"1. High income: OECD","FIPS_10":"-99","ISO_A2":"-99","ISO_A2_EH":"NO","ISO_A3":"-99","ISO_A3_EH":"NOR","ISO_N3":"-99","ISO_N3_EH":"578","UN_A3":"-99","WB_A2":"-99","WB_A3":"-99","WOE_ID":-90,"WOE_ID_EH":23424910,"WOE_NOTE":"Does not include Svalbard, Jan Mayen, or Bouvet Islands (28289410).","ADM0_ISO":"NOR","ADM0_DIFF":null,"ADM0_TLC":"NOR","ADM0_A3_US":"NOR","ADM0_A3_FR":"NOR","ADM0_A3_RU":"NOR","ADM0_A3_ES":"NOR","ADM0_A3_CN":"NOR","ADM0_A3_TW":"NOR","ADM0_A3_IN":"NOR","ADM0_A3_NP":"NOR","ADM0_A3_PK":"NOR","ADM0_A3_DE":"NOR","ADM0_A3_GB":"NOR","ADM0_A3_BR":"NOR","ADM0_A3_IL":"NOR","ADM0_A3_PS":"NOR","ADM0_A3_SA":"NOR","ADM0_A3_EG":"NOR","ADM0_A3_MA":"NOR","ADM0_A3_PT":"NOR","ADM0_A3_AR":"NOR","ADM0_A3_JP":"NOR","ADM0_A3_KO":"NOR","ADM0_A3_VN":"NOR","ADM0_A3_TR":"NOR","ADM0_A3_ID":"NOR","ADM0_A3_PL":"NOR","ADM0_A3_GR":"NOR","ADM0_A3_IT":"NOR","ADM0_A3_NL":"NOR","ADM0_A3_SE":"NOR","ADM0_A3_BD":"NOR","ADM0_A3_UA":"NOR","ADM0_A3_UN":-99,"ADM0_A3_WB":-99,"CONTINENT":"Europe","REGION_UN":"Europe","SUBREGION":"Northern Europe","REGION_WB":"Europe & Central Asia","NAME_LEN":6,"LONG_LEN":6,"ABBREV_LEN":4,"TINY":-99,"HOMEPART":1,"MIN_ZOOM":0,"MIN_LABEL":3,"MAX_LABEL":7,"LABEL_X":9.679975,"LABEL_Y":61.357092,"NE_ID":1159321109,"WIKIDATAID":"Q20","NAME_AR":"النرويج","NAME_BN":"নরওয়ে","NAME_DE":"Norwegen","NAME_EN":"Norway","NAME_ES":"Noruega","NAME_FA":"نروژ","NAME_FR":"Norvège","NAME_EL":"Νορβηγία","NAME_HE":"נורווגיה","NAME_HI":"नॉर्वे","NAME_HU":"Norvégia","NAME_ID":"Norwegia","NAME_IT":"Norvegia","NAME_JA":"ノルウェー","NAME_KO":"노르웨이","NAME_NL":"Noorwegen","NAME_PL":"Norwegia","NAME_PT":"Noruega","NAME_RU":"Норвегия","NAME_SV":"Norge","NAME_TR":"Norveç","NAME_UK":"Норвегія","NAME_UR":"ناروے","NAME_VI":"Na Uy","NAME_ZH":"挪威","NAME_ZHT":"挪威","FCLASS_ISO":"Unrecognized","TLC_DIFF":null,"FCLASS_TLC":"Unrecognized","FCLASS_US":null,"FCLASS_FR":null,"FCLASS_RU":null,"FCLASS_ES":null,"FCLASS_CN":null,"FCLASS_TW":null,"FCLASS_IN":null,"FCLASS_NP":null,"FCLASS_PK":null,"FCLASS_DE":null,"FCLASS_GB":null,"FCLASS_BR":null,"FCLASS_IL":null,"FCLASS_PS":null,"FCLASS_SA":null,"FCLASS_EG":null,"FCLASS_MA":null,"FCLASS_PT":null,"FCLASS_AR":null,"FCLASS_JP":null,"FCLASS_KO":null,"FCLASS_VN":null,"FCLASS_TR":null,"FCLASS_ID":null,"FCLASS_PL":null,"FCLASS_GR":null,"FCLASS_IT":null,"FCLASS_NL":null,"FCLASS_SE":null,"FCLASS_BD":null,"FCLASS_UA":null},"geometry":{"type":"MultiPolygon","coordinates":[[[[15.142820000000002,62.04282144381247],[15.522550000000003,62.20262559087919],[16.99085,62.21884075418293],[18.25183,62.05568291175336],[21.54383,61.70425207215994],[19.02737,61.51715450880171],[18.47172,61.16421598234952],[17.59441,61.07305992289374],[17.1182,60.66975168569543],[15.91315,60.650661753609356],[13.76259,60.94821012572473],[14.66956,61.12027674183747],[13.1706,61.259682514679795],[11.222310000000002,61.66307468987114],[10.44453,62.03254335840825],[13.17077,62.20000461206957],[13.71852,62.036294886943914],[15.142820000000002,62.04282144381247]]],[[[31.101041999999996,56.91699658353858],[29.399550000000005,56.697367465774384],[28.591929999999998,56.64674130860147],[29.015573000000003,57.0305737572185],[27.732292000000005,57.24637032058415],[26.179622000000002,57.06256279038236],[25.689213000000002,56.66176818268585],[24.735678999999998,56.41776182013364],[23.662050000000004,56.55121386259392],[22.356238,56.5239167437977],[21.244936,56.814422193634165],[20.645593,56.669534602273686],[20.025268999999998,56.64694033549407],[19.87856,56.28346640293488],[17.993868,56.37228591305246],[17.729182,56.062662014435304],[16.768879,56.06455176584301],[16.108712,55.66531157721616],[15.108411,55.035029361835306],[13.55569,54.22066552826555],[13.919905,54.02045643209264],[13.571916,53.78697532825321],[12.579935,53.797079558696936],[11.930569000000002,53.23944526112435],[11.992064,52.437302206039966],[12.631147000000002,52.12726408395859],[12.300366,51.39967076150579],[11.468272,50.96997137966164],[11.027369,50.60567585005421],[10.356557,50.99352603297009],[8.382,50.25988465283914],[7.048747999999999,50.10979289664972],[5.665835000000001,50.43528487955257],[5.308234,51.115109675606554],[4.992078,52.5412041487284],[5.9129000000000005,52.93081740114561],[8.553411,53.43391814513492],[10.527709,54.04431192831509],[12.358347,54.8545980926663],[14.761146,55.950893462733305],[16.435927,56.369967659306646],[19.184028,57.05829160094745],[21.378416,57.29555800585146],[23.023742,57.266858214133],[24.546543,57.71209234087694],[26.37005,57.688455444445644],[28.165547,57.79478241106893],[31.293418,57.40271652645675],[30.005435,57.25830670567829],[31.101041999999996,56.91699658353858]]],[[[27.407506,62.221425610447916],[25.924651,61.969375157721224],[23.024466,61.91395520809899],[20.075188,61.992388530591086],[19.897266,62.12150416739586],[18.462264,62.12969444385746],[17.368015,62.34351291223412],[20.455992,62.47285737848332],[21.907945,62.361509402388286],[22.919253,62.500107347194195],[25.447625,62.38453786390668],[27.407506,62.221425610447916]]],[[[24.72412,61.177312554649866],[22.490319999999997,60.97955472703367],[20.726009999999995,61.09195704165221],[21.41611,61.21643001470491],[20.8119,61.36993763810003],[22.88426,61.46576951171836],[23.28134,61.28593024982498],[24.72412,61.177312554649866]]]]}},{"type":"Feature","bbox":[-73.297,60.03676,-12.20855,83.64513],"properties":{"featurecla":"Admin-0 country","scalerank":1,"LABELRANK":3,"SOVEREIGNT":"Denmark","SOV_A3":"DN1","ADM0_DIF":1,"LEVEL":2,"TYPE":"Country","TLC":"1","ADMIN":"Greenland","ADM0_A3":"GRL","GEOU_DIF":0,"GEOUNIT":"Greenland","GU_A3":"GRL","SU_DIF":0,"SUBUNIT":"Greenland","SU_A3":"GRL","BRK_DIFF":0,"NAME":"Greenland","NAME_LONG":"Greenland","BRK_A3":"GRL","BRK_NAME":"Greenland","BRK_GROUP":null,"ABBREV":"Grlnd.","POSTAL":"GL","FORMAL_EN":"Greenland","FORMAL_FR":null,"NAME_CIAWF":"Greenland","NOTE_ADM0":"Den.","NOTE_BRK":null,"NAME_SORT":"Greenland","NAME_ALT":null,"MAPCOLOR7":4,"MAPCOLOR8":1,"MAPCOLOR9":3,"MAPCOLOR13":12,"POP_EST":56225,"POP_RANK":8,"POP_YEAR":2019,"GDP_MD":3051,"GDP_YEAR":2018,"ECONOMY":"2. Developed region: nonG7","INCOME_GRP":"2. High income: nonOECD","FIPS_10":"GL","ISO_A2":"GL","ISO_A2_EH":"GL","ISO_A3":"GRL","ISO_A3_EH":"GRL","ISO_N3":"304","ISO_N3_EH":"304","UN_A3":"304","WB_A2":"GL","WB_A3":"GRL","WOE_ID":23424828,"WOE_ID_EH":23424828,"WOE_NOTE":"Exact WOE match as country","ADM0_ISO":"GRL","ADM0_DIFF":null,"ADM0_TLC":"GRL","ADM0_A3_US":"GRL","ADM0_A3_FR":"GRL","ADM0_A3_RU":"GRL","ADM0_A3_ES":"GRL","ADM0_A3_CN":"GRL","ADM0_A3_TW":"GRL","ADM0_A3_IN":"GRL","ADM0_A3_NP":"GRL","ADM0_A3_PK":"GRL","ADM0_A3_DE":"GRL","ADM0_A3_GB":"GRL","ADM0_A3_BR":"GRL","ADM0_A3_IL":"GRL","ADM0_A3_PS":"GRL","ADM0_A3_SA":"GRL","ADM0_A3_EG":"GRL","ADM0_A3_MA":"GRL","ADM0_A3_PT":"GRL","ADM0_A3_AR":"GRL","ADM0_A3_JP":"GRL","ADM0_A3_KO":"GRL","ADM0_A3_VN":"GRL","ADM0_A3_TR":"GRL","ADM0_A3_ID":"GRL","ADM0_A3_PL":"GRL","ADM0_A3_GR":"GRL","ADM0_A3_IT":"GRL","ADM0_A3_NL":"GRL","ADM0_A3_SE":"GRL","ADM0_A3_BD":"GRL","ADM0_A3_UA":"GRL","ADM0_A3_UN":-99,"ADM0_A3_WB":-99,"CONTINENT":"North America","REGION_UN":"Americas","SUBREGION":"Northern America","REGION_WB":"Europe & Central Asia","NAME_LEN":9,"LONG_LEN":9,"ABBREV_LEN":6,"TINY":-99,"HOMEPART":-99,"MIN_ZOOM":0,"MIN_LABEL":1.7,"MAX_LABEL":6.7,"LABEL_X":-39.335251,"LABEL_Y":74.319387,"NE_ID":1159320551,"WIKIDATAID":"Q223","NAME_AR":"جرينلاند","NAME_BN":"গ্রিনল্যান্ড","NAME_DE":"Grönland","NAME_EN":"Greenland","NAME_ES":"Groenlandia","NAME_FA":"گرینلند","NAME_FR":"Groenland","NAME_EL":"Γροιλανδία","NAME_HE":"גרינלנד","NAME_HI":"ग्रीनलैण्ड","NAME_HU":"Grönland","NAME_ID":"Greenland","NAME_IT":"Groenlandia","NAME_JA":"グリーンランド","NAME_KO":"그린란드","NAME_NL":"Groenland","NAME_PL":"Grenlandia","NAME_PT":"Groenlândia","NAME_RU":"Гренландия","NAME_SV":"Grönland","NAME_TR":"Grönland","NAME_UK":"Гренландія","NAME_UR":"گرین لینڈ","NAME_VI":"Greenland","NAME_ZH":"格陵兰","NAME_ZHT":"格陵蘭","FCLASS_ISO":"Admin-0 dependency","TLC_DIFF":null,"FCLASS_TLC":"Admin-0 dependency","FCLASS_US":null,"FCLASS_FR":null,"FCLASS_RU":null,"FCLASS_ES":null,"FCLASS_CN":null,"FCLASS_TW":null,"FCLASS_IN":null,"FCLASS_NP":null,"FCLASS_PK":null,"FCLASS_DE":null,"FCLASS_GB":null,"FCLASS_BR":null,"FCLASS_IL":null,"FCLASS_PS":null,"FCLASS_SA":null,"FCLASS_EG":null,"FCLASS_MA":null,"FCLASS_PT":null,"FCLASS_AR":null,"FCLASS_JP":null,"FCLASS_KO":null,"FCLASS_VN":null,"FCLASS_TR":null,"FCLASS_ID":null,"FCLASS_PL":null,"FCLASS_GR":null,"FCLASS_IT":null,"FCLASS_NL":null,"FCLASS_SE":null,"FCLASS_BD":null,"FCLASS_UA":null},"geometry":{"type":"Polygon","coordinates":[[[-46.76379,63.3963462485286],[-43.40644,63.6625387373476],[-39.89753,63.642576013496054],[-38.62214000000001,63.80587135147502],[-35.08787,63.84825050360533],[-27.10046,63.79289521087372],[-20.84539,63.44052508594887],[-22.69182,63.26784526931402],[-26.51753,63.24804638789361],[-31.900000000000002,63.20405784185176],[-31.396460000000005,63.1234936015943],[-27.85666,63.173286941256336],[-24.84448,63.01725798013765],[-22.90328,63.15585725386473],[-22.07175,62.993436924452176],[-23.16961,62.72805729874115],[-20.62363,62.89798088757684],[-15.76818,63.07413549969986],[-12.770180000000002,62.986334053159304],[-12.20855,62.79160273053134],[-16.28533,62.46448355528543],[-16.85,62.35794696983854],[-20.04624,62.2776140535495],[-17.73035,62.25529537268611],[-18.900000000000002,61.91394955853433],[-19.70499,61.60700503869053],[-19.67353,61.07336464862672],[-18.47285,60.75596589382058],[-20.03503,60.73577835445166],[-21.67944,60.580742025758774],[-19.83407,60.31942149565679],[-19.59896,59.89596215126146],[-20.66818,59.849519290735174],[-19.37281,59.41463136811812],[-21.59422,59.37808336058724],[-20.434540000000002,59.17029390641203],[-20.762340000000002,58.98902500617456],[-22.172210000000003,58.9091741490876],[-23.565930000000005,58.90766623922823],[-22.31311,58.55609560832246],[-22.299539999999997,58.32308539800985],[-24.27834,58.5397115436329],[-24.79296,58.39972874896218],[-23.442960000000003,58.26846662347129],[-22.13281,57.94556184036513],[-21.753559999999997,57.515622807653465],[-23.536029999999997,57.41198798837911],[-24.30702,57.61902295427573],[-25.54341,57.925367389056845],[-25.20135,57.563160058170546],[-26.362759999999998,57.280043103187815],[-23.72742,57.25709030825293],[-22.349019999999996,57.227574013107706],[-25.02927,56.753264268472925],[-27.74737,56.318568252896775],[-30.67371,56.12652051053722],[-31.77665,56.1241516539334],[-32.81105000000001,55.90878153492402],[-34.20196,55.31250492462111],[-36.35284,54.9116475497178],[-37.04378,54.88794571438022],[-38.37505000000001,54.74646319616304],[-39.81222000000001,54.611376769234006],[-40.66899,54.251607267706994],[-40.68281000000001,53.84005719601746],[-41.188700000000004,53.45086503035084],[-42.81938000000001,52.971700845863424],[-42.41666,52.49856875376419],[-42.86619000000001,51.992287377711214],[-43.3784,51.38705845398034],[-44.787499999999994,51.34900017892773],[-46.26364000000001,51.85614410986856],[-48.26294,51.85932483333613],[-49.23308,52.19672776808113],[-49.90039,52.79128307120429],[-51.63325,53.53679964348372],[-52.14014,53.92222820055016],[-52.27659,54.44786518310385],[-53.66166,54.98095360910123],[-53.30161,55.40161674105585],[-53.96911,55.60126145037691],[-52.9804,56.2559220770268],[-51.47536,56.46199946164258],[-51.08041000000001,56.692365185702336],[-50.87122000000001,57.1189588813971],[-52.013585,56.92617889200905],[-52.55792,56.84490662947695],[-53.45629,56.76687199937297],[-54.68336,56.945331445109076],[-54.75001,57.31400535410887],[-54.35884000000001,57.60018022451228],[-53.43131499999999,57.60791670189599],[-51.390139999999995,57.465151723635934],[-53.10937,57.80510743747019],[-54.004220000000004,57.98704582014745],[-54.99999999999999,57.9124064848001],[-55.83468,58.043855118339145],[-54.71818999999999,58.533641234186156],[-55.32634000000001,58.72747425498901],[-56.12003,59.08441626788169],[-57.32363,59.62495790610859],[-58.59679,59.820756775844465],[-58.58516,60.03055623212626],[-61.26861,60.32155063230619],[-63.39165,60.35758623668097],[-66.06427,60.33762855705076],[-68.50438000000001,60.30125877556634],[-69.66485,60.45859683287193],[-71.40257,60.76716105638455],[-68.77671,60.920407102427276],[-66.76397,60.946073414030444],[-71.04293,61.0720876830939],[-73.297,61.268942139987594],[-73.15938,61.45514879290587],[-69.37345,61.68422758988952],[-65.7107,61.91129414759084],[-65.3239,62.08209652773551],[-68.02298,62.24975036788257],[-67.15129,62.43477999717032],[-63.68925000000001,62.75610959705184],[-62.23444,62.80511529797562],[-62.651160000000004,63.00974791286239],[-60.28249,63.12895860145114],[-57.207440000000005,63.19988300008357],[-54.13442,63.203886531901475],[-53.04328000000001,63.06321101550651],[-50.390609999999995,63.31152570861321],[-48.00386,63.14304803979954],[-46.59984,63.10739774652011],[-44.523,62.95991020513568],[-46.9007,63.2039631706888],[-46.76379,63.3963462485286]]]}},{"type":"Feature","bbox":[68.72,-49.775,70.56,-48.625],"properties":{"featurecla":"Admin-0 country","scalerank":3,"LABELRANK":6,"SOVEREIGNT":"France","SOV_A3":"FR1","ADM0_DIF":1,"LEVEL":2,"TYPE":"Dependency","TLC":"1","ADMIN":"French Southern and Antarctic Lands","ADM0_A3":"ATF","GEOU_DIF":0,"GEOUNIT":"French Southern and Antarctic Lands","GU_A3":"ATF","SU_DIF":0,"SUBUNIT":"French Southern and Antarctic Lands","SU_A3":"ATF","BRK_DIFF":0,"NAME":"Fr. S. Antarctic Lands","NAME_LONG":"French Southern and Antarctic Lands","BRK_A3":"ATF","BRK_NAME":"Fr. S. and Antarctic Lands","BRK_GROUP":null,"ABBREV":"Fr. S.A.L.","POSTAL":"TF","FORMAL_EN":"Territory of the French Southern and Antarctic Lands","FORMAL_FR":null,"NAME_CIAWF":null,"NOTE_ADM0":"Fr.","NOTE_BRK":null,"NAME_SORT":"French Southern and Antarctic Lands","NAME_ALT":null,"MAPCOLOR7":7,"MAPCOLOR8":5,"MAPCOLOR9":9,"MAPCOLOR13":11,"POP_EST":140,"POP_RANK":1,"POP_YEAR":2017,"GDP_MD":16,"GDP_YEAR":2016,"ECONOMY":"6. Developing region","INCOME_GRP":"2. High income: nonOECD","FIPS_10":"FS","ISO_A2":"TF","ISO_A2_EH":"TF","ISO_A3":"ATF","ISO_A3_EH":"ATF","ISO_N3":"260","ISO_N3_EH":"260","UN_A3":"260","WB_A2":"-99","WB_A3":"-99","WOE_ID":28289406,"WOE_ID_EH":28289406,"WOE_NOTE":"Exact WOE match as country","ADM0_ISO":"ATF","ADM0_DIFF":null,"ADM0_TLC":"ATF","ADM0_A3_US":"ATF","ADM0_A3_FR":"ATF","ADM0_A3_RU":"ATF","ADM0_A3_ES":"ATF","ADM0_A3_CN":"ATF","ADM0_A3_TW":"ATF","ADM0_A3_IN":"ATF","ADM0_A3_NP":"ATF","ADM0_A3_PK":"ATF","ADM0_A3_DE":"ATF","ADM0_A3_GB":"ATF","ADM0_A3_BR":"ATF","ADM0_A3_IL":"ATF","ADM0_A3_PS":"ATF","ADM0_A3_SA":"ATF","ADM0_A3_EG":"ATF","ADM0_A3_MA":"ATF","ADM0_A3_PT":"ATF","ADM0_A3_AR":"ATF","ADM0_A3_JP":"ATF","ADM0_A3_KO":"ATF","ADM0_A3_VN":"ATF","ADM0_A3_TR":"ATF","ADM0_A3_ID":"ATF","ADM0_A3_PL":"ATF","ADM0_A3_GR":"ATF","ADM0_A3_IT":"ATF","ADM0_A3_NL":"ATF","ADM0_A3_SE":"ATF","ADM0_A3_BD":"ATF","ADM0_A3_UA":"ATF","ADM0_A3_UN":-99,"ADM0_A3_WB":-99,"CONTINENT":"Seven seas (open ocean)","REGION_UN":"Africa","SUBREGION":"Seven seas (open ocean)","REGION_WB":"Sub-Saharan Africa","NAME_LEN":22,"LONG_LEN":35,"ABBREV_LEN":10,"TINY":2,"HOMEPART":-99,"MIN_ZOOM":0,"MIN_LABEL":4,"MAX_LABEL":9,"LABEL_X":69.122136,"LABEL_Y":-49.303721,"NE_ID":1159320631,"WIKIDATAID":"Q129003","NAME_AR":"أراض فرنسية جنوبية وأنتارتيكية","NAME_BN":"ফ্র. এস. অ্যান্ড অ্যান্টার্কটিক ল্যান্ড","NAME_DE":"Französische Süd- und Antarktisgebiete","NAME_EN":"French Southern and Antarctic Lands","NAME_ES":"Tierras Australes y Antárticas Francesas","NAME_FA":"سرزمینهای جنوبی و جنوبگانی فرانسه","NAME_FR":"Terres australes et antarctiques françaises","NAME_EL":"Γαλλικά Νότια και Ανταρκτικά Εδάφη","NAME_HE":"הארצות הדרומיות והאנטארקטיות של צרפת","NAME_HI":"दक्षिण फ्रांसीसी और अंटार्कटिक लैंड","NAME_HU":"Francia déli és antarktiszi területek","NAME_ID":"Daratan Selatan dan Antarktika Perancis","NAME_IT":"Terre australi e antartiche francesi","NAME_JA":"フランス領南方・南極地域","NAME_KO":"프랑스령 남방 및 남극","NAME_NL":"Franse Zuidelijke Gebieden","NAME_PL":"Francuskie Terytoria Południowe i Antarktyczne","NAME_PT":"Terras Austrais e Antárticas Francesas","NAME_RU":"Французские Южные и Антарктические территории","NAME_SV":"Franska sydterritorierna","NAME_TR":"Fransız Güney ve Antarktika Toprakları","NAME_UK":"Французькі Південні і Антарктичні території","NAME_UR":"سرزمین جنوبی فرانسیسیہ و انٹارکٹیکا","NAME_VI":"Vùng đất phía Nam và châu Nam Cực thuộc Pháp","NAME_ZH":"法属南部和南极领地","NAME_ZHT":"法屬南部和南極領地","FCLASS_ISO":"Admin-0 dependency","TLC_DIFF":null,"FCLASS_TLC":"Admin-0 dependency","FCLASS_US":null,"FCLASS_FR":null,"FCLASS_RU":null,"FCLASS_ES":null,"FCLASS_CN":null,"FCLASS_TW":null,"FCLASS_IN":null,"FCLASS_NP":null,"FCLASS_PK":null,"FCLASS_DE":null,"FCLASS_GB":null,"FCLASS_BR":null,"FCLASS_IL":null,"FCLASS_PS":null,"FCLASS_SA":null,"FCLASS_EG":null,"FCLASS_MA":null,"FCLASS_PT":null,"FCLASS_AR":null,"FCLASS_JP":null,"FCLASS_KO":null,"FCLASS_VN":null,"FCLASS_TR":null,"FCLASS_ID":null,"FCLASS_PL":null,"FCLASS_GR":null,"FCLASS_IT":null,"FCLASS_NL":null,"FCLASS_SE":null,"FCLASS_BD":null,"FCLASS_UA":null},"geometry":{"type":"Polygon","coordinates":[[[68.935,-43.65957082657638],[69.58,-43.88702645568096],[70.525,-43.977046840097906],[70.56,-44.11361684130679],[70.28,-44.43938606428738],[68.745,-44.485777083384015],[68.72,-44.104641648769274],[68.8675,-43.80769581013414],[68.935,-43.65957082657638]]]}},{"type":"Feature","bbox":[124.968682,-9.393173,127.335928,-8.273345],"properties":{"featurecla":"Admin-0 country","scalerank":1,"LABELRANK":5,"SOVEREIGNT":"East Timor","SOV_A3":"TLS","ADM0_DIF":0,"LEVEL":2,"TYPE":"Sovereign country","TLC":"1","ADMIN":"East Timor","ADM0_A3":"TLS","GEOU_DIF":0,"GEOUNIT":"East Timor","GU_A3":"TLS","SU_DIF":0,"SUBUNIT":"East Timor","SU_A3":"TLS","BRK_DIFF":0,"NAME":"Timor-Leste","NAME_LONG":"Timor-Leste","BRK_A3":"TLS","BRK_NAME":"Timor-Leste","BRK_GROUP":null,"ABBREV":"T.L.","POSTAL":"TL","FORMAL_EN":"Democratic Republic of Timor-Leste","FORMAL_FR":null,"NAME_CIAWF":"Timor-Leste","NOTE_ADM0":null,"NOTE_BRK":null,"NAME_SORT":"Timor-Leste","NAME_ALT":"East Timor","MAPCOLOR7":2,"MAPCOLOR8":2,"MAPCOLOR9":4,"MAPCOLOR13":3,"POP_EST":1293119,"POP_RANK":12,"POP_YEAR":2019,"GDP_MD":2017,"GDP_YEAR":2019,"ECONOMY":"7. Least developed region","INCOME_GRP":"4. Lower middle income","FIPS_10":"TT","ISO_A2":"TL","ISO_A2_EH":"TL","ISO_A3":"TLS","ISO_A3_EH":"TLS","ISO_N3":"626","ISO_N3_EH":"626","UN_A3":"626","WB_A2":"TP","WB_A3":"TMP","WOE_ID":23424968,"WOE_ID_EH":23424968,"WOE_NOTE":"Exact WOE match as country","ADM0_ISO":"TLS","ADM0_DIFF":null,"ADM0_TLC":"TLS","ADM0_A3_US":"TLS","ADM0_A3_FR":"TLS","ADM0_A3_RU":"TLS","ADM0_A3_ES":"TLS","ADM0_A3_CN":"TLS","ADM0_A3_TW":"TLS","ADM0_A3_IN":"TLS","ADM0_A3_NP":"TLS","ADM0_A3_PK":"TLS","ADM0_A3_DE":"TLS","ADM0_A3_GB":"TLS","ADM0_A3_BR":"TLS","ADM0_A3_IL":"TLS","ADM0_A3_PS":"TLS","ADM0_A3_SA":"TLS","ADM0_A3_EG":"TLS","ADM0_A3_MA":"TLS","ADM0_A3_PT":"TLS","ADM0_A3_AR":"TLS","ADM0_A3_JP":"TLS","ADM0_A3_KO":"TLS","ADM0_A3_VN":"TLS","ADM0_A3_TR":"TLS","ADM0_A3_ID":"TLS","ADM0_A3_PL":"TLS","ADM0_A3_GR":"TLS","ADM0_A3_IT":"TLS","ADM0_A3_NL":"TLS","ADM0_A3_SE":"TLS","ADM0_A3_BD":"TLS","ADM0_A3_UA":"TLS","ADM0_A3_UN":-99,"ADM0_A3_WB":-99,"CONTINENT":"Asia","REGION_UN":"Asia","SUBREGION":"South-Eastern Asia","REGION_WB":"East Asia & Pacific","NAME_LEN":11,"LONG_LEN":11,"ABBREV_LEN":4,"TINY":-99,"HOMEPART":1,"MIN_ZOOM":0,"MIN_LABEL":4,"MAX_LABEL":9,"LABEL_X":125.854679,"LABEL_Y":-8.803705,"NE_ID":1159321313,"WIKIDATAID":"Q574","NAME_AR":"تيمور الشرقية","NAME_BN":"পূর্ব তিমুর","NAME_DE":"Osttimor","NAME_EN":"East Timor","NAME_ES":"Timor Oriental","NAME_FA":"تیمور شرقی","NAME_FR":"Timor oriental","NAME_EL":"Ανατολικό Τιμόρ","NAME_HE":"מזרח טימור","NAME_HI":"पूर्वी तिमोर","NAME_HU":"Kelet-Timor","NAME_ID":"Timor Leste","NAME_IT":"Timor Est","NAME_JA":"東ティモール","NAME_KO":"동티모르","NAME_NL":"Oost-Timor","NAME_PL":"Timor Wschodni","NAME_PT":"Timor-Leste","NAME_RU":"Восточный Тимор","NAME_SV":"Östtimor","NAME_TR":"Doğu Timor","NAME_UK":"Східний Тимор","NAME_UR":"مشرقی تیمور","NAME_VI":"Đông Timor","NAME_ZH":"东帝汶","NAME_ZHT":"東帝汶","FCLASS_ISO":"Admin-0 country","TLC_DIFF":null,"FCLASS_TLC":"Admin-0 country","FCLASS_US":null,"FCLASS_FR":null,"FCLASS_RU":null,"FCLASS_ES":null,"FCLASS_CN":null,"FCLASS_TW":null,"FCLASS_IN":null,"FCLASS_NP":null,"FCLASS_PK":null,"FCLASS_DE":null,"FCLASS_GB":null,"FCLASS_BR":null,"FCLASS_IL":null,"FCLASS_PS":null,"FCLASS_SA":null,"FCLASS_EG":null,"FCLASS_MA":null,"FCLASS_PT":null,"FCLASS_AR":null,"FCLASS_JP":null,"FCLASS_KO":null,"FCLASS_VN":null,"FCLASS_TR":null,"FCLASS_ID":null,"FCLASS_PL":null,"FCLASS_GR":null,"FCLASS_IT":null,"FCLASS_NL":null,"FCLASS_SE":null,"FCLASS_BD":null,"FCLASS_UA":null},"geometry":{"type":"Polygon","coordinates":[[[124.96868199999999,-8.857299472152505],[125.086246,-8.624136384614392],[125.947072,-8.401821208600023],[126.644704,-8.36833503255053],[126.957243,-8.244743366049196],[127.335928,-8.367414933252087],[126.967992,-8.635376671446767],[125.925885,-9.067913016352009],[125.08852,-9.351376951988652],[125.07002000000001,-9.052092882354644],[124.96868199999999,-8.857299472152505]]]}},{"type":"Feature","bbox":[16.344977,-34.819166,32.83012,-22.091313],"properties":{"featurecla":"Admin-0 country","scalerank":1,"LABELRANK":2,"SOVEREIGNT":"South Africa","SOV_A3":"ZAF","ADM0_DIF":0,"LEVEL":2,"TYPE":"Sovereign country","TLC":"1","ADMIN":"South Africa","ADM0_A3":"ZAF","GEOU_DIF":0,"GEOUNIT":"South Africa","GU_A3":"ZAF","SU_DIF":0,"SUBUNIT":"South Africa","SU_A3":"ZAF","BRK_DIFF":0,"NAME":"South Africa","NAME_LONG":"South Africa","BRK_A3":"ZAF","BRK_NAME":"South Africa","BRK_GROUP":null,"ABBREV":"S.Af.","POSTAL":"ZA","FORMAL_EN":"Republic of South Africa","FORMAL_FR":null,"NAME_CIAWF":"South Africa","NOTE_ADM0":null,"NOTE_BRK":null,"NAME_SORT":"South Africa","NAME_ALT":null,"MAPCOLOR7":2,"MAPCOLOR8":3,"MAPCOLOR9":4,"MAPCOLOR13":2,"POP_EST":58558270,"POP_RANK":16,"POP_YEAR":2019,"GDP_MD":351431,"GDP_YEAR":2019,"ECONOMY":"5. Emerging region: G20","INCOME_GRP":"3. Upper middle income","FIPS_10":"SF","ISO_A2":"ZA","ISO_A2_EH":"ZA","ISO_A3":"ZAF","ISO_A3_EH":"ZAF","ISO_N3":"710","ISO_N3_EH":"710","UN_A3":"710","WB_A2":"ZA","WB_A3":"ZAF","WOE_ID":23424942,"WOE_ID_EH":23424942,"WOE_NOTE":"Exact WOE match as country","ADM0_ISO":"ZAF","ADM0_DIFF":null,"ADM0_TLC":"ZAF","ADM0_A3_US":"ZAF","ADM0_A3_FR":"ZAF","ADM0_A3_RU":"ZAF","ADM0_A3_ES":"ZAF","ADM0_A3_CN":"ZAF","ADM0_A3_TW":"ZAF","ADM0_A3_IN":"ZAF","ADM0_A3_NP":"ZAF","ADM0_A3_PK":"ZAF","ADM0_A3_DE":"ZAF","ADM0_A3_GB":"ZAF","ADM0_A3_BR":"ZAF","ADM0_A3_IL":"ZAF","ADM0_A3_PS":"ZAF","ADM0_A3_SA":"ZAF","ADM0_A3_EG":"ZAF","ADM0_A3_MA":"ZAF","ADM0_A3_PT":"ZAF","ADM0_A3_AR":"ZAF","ADM0_A3_JP":"ZAF","ADM0_A3_KO":"ZAF","ADM0_A3_VN":"ZAF","ADM0_A3_TR":"ZAF","ADM0_A3_ID":"ZAF","ADM0_A3_PL":"ZAF","ADM0_A3_GR":"ZAF","ADM0_A3_IT":"ZAF","ADM0_A3_NL":"ZAF","ADM0_A3_SE":"ZAF","ADM0_A3_BD":"ZAF","ADM0_A3_UA":"ZAF","ADM0_A3_UN":-99,"ADM0_A3_WB":-99,"CONTINENT":"Africa","REGION_UN":"Africa","SUBREGION":"Southern Africa","REGION_WB":"Sub-Saharan Africa","NAME_LEN":12,"LONG_LEN":12,"ABBREV_LEN":5,"TINY":-99,"HOMEPART":1,"MIN_ZOOM":0,"MIN_LABEL":1.7,"MAX_LABEL":6.7,"LABEL_X":23.665734,"LABEL_Y":-29.708776,"NE_ID":1159321431,"WIKIDATAID":"Q258","NAME_AR":"جنوب أفريقيا","NAME_BN":"দক্ষিণ আফ্রিকা","NAME_DE":"Südafrika","NAME_EN":"South Africa","NAME_ES":"Sudáfrica","NAME_FA":"آفریقای جنوبی","NAME_FR":"Afrique du Sud","NAME_EL":"Νότια Αφρική","NAME_HE":"דרום אפריקה","NAME_HI":"दक्षिण अफ़्रीका","NAME_HU":"Dél-afrikai Köztársaság","NAME_ID":"Afrika Selatan","NAME_IT":"Sudafrica","NAME_JA":"南アフリカ共和国","NAME_KO":"남아프리카 공화국","NAME_NL":"Zuid-Afrika","NAME_PL":"Południowa Afryka","NAME_PT":"África do Sul","NAME_RU":"ЮАР","NAME_SV":"Sydafrika","NAME_TR":"Güney Afrika Cumhuriyeti","NAME_UK":"Південно-Африканська Республіка","NAME_UR":"جنوبی افریقا","NAME_VI":"Cộng hòa Nam Phi","NAME_ZH":"南非","NAME_ZHT":"南非","FCLASS_ISO":"Admin-0 country","TLC_DIFF":null,"FCLASS_TLC":"Admin-0 country","FCLASS_US":null,"FCLASS_FR":null,"FCLASS_RU":null,"FCLASS_ES":null,"FCLASS_CN":null,"FCLASS_TW":null,"FCLASS_IN":null,"FCLASS_NP":null,"FCLASS_PK":null,"FCLASS_DE":null,"FCLASS_GB":null,"FCLASS_BR":null,"FCLASS_IL":null,"FCLASS_PS":null,"FCLASS_SA":null,"FCLASS_EG":null,"FCLASS_MA":null,"FCLASS_PT":null,"FCLASS_AR":null,"FCLASS_JP":null,"FCLASS_KO":null,"FCLASS_VN":null,"FCLASS_TR":null,"FCLASS_ID":null,"FCLASS_PL":null,"FCLASS_GR":null,"FCLASS_IT":null,"FCLASS_NL":null,"FCLASS_SE":null,"FCLASS_BD":null,"FCLASS_UA":null},"geometry":{"type":"Polygon","coordinates":[[[16.344977,-27.46066229316887],[16.824017,-27.020970450915524],[17.218929,-27.264600321007155],[17.387497,-27.644016685993673],[17.836152,-27.708544018133743],[18.464899,-27.875816069296086],[19.002127,-27.811250750130878],[19.894734,-27.358039539428596],[19.895768000000004,-24.03060389503096],[20.165726,-24.1676868979239],[20.758609000000003,-25.031610219532723],[20.666470000000004,-25.58244806642461],[20.889609,-25.898698713841615],[21.605896,-25.806899062636216],[22.105969,-25.40445135579559],[22.579532,-25.132425689348242],[22.824271,-24.69801666481835],[23.312096999999998,-24.4872717048307],[23.73357,-24.59773907698455],[24.211267,-24.85214913138058],[25.025171,-24.897015317104184],[25.664666,-24.685621073886274],[25.765849000000003,-24.401838780918144],[25.941652,-23.965360200980506],[26.485753,-23.892194133192714],[26.786407,-23.548292381425387],[27.119410000000002,-22.936007274157106],[28.017236,-22.246729527264222],[29.432188,-21.56346266064209],[29.839037000000005,-21.57360221647494],[30.322883000000004,-21.73104555567886],[30.659865000000003,-21.6194887094987],[31.191409,-21.712370950261096],[31.670398,-23.013938759137467],[31.930588999999998,-23.666245522275617],[31.752408000000003,-24.683320444498307],[31.837778000000004,-25.009133890006478],[31.333158000000005,-24.843052158781546],[31.044080000000005,-24.907701905441805],[30.949667,-25.17153052484285],[30.676609000000003,-25.5108332069818],[30.685962,-25.822482548492268],[31.282773,-26.309383560025804],[31.868060000000003,-26.21257352141346],[32.071665,-25.813458221748483],[32.83012,-25.820994594631653],[32.580265000000004,-26.4744558959898],[32.462133,-27.215760523733355],[32.203389,-27.61645538893175],[31.521001,-28.062987713951337],[31.325561000000004,-28.1905034734902],[30.901763,-28.6372860760989],[30.622813,-29.08727789690046],[30.055716,-29.71149521248728],[28.925553,-30.603598963463938],[28.219756000000004,-31.11856855984842],[27.464608,-31.50730205171085],[26.419452000000003,-31.83750220922999],[25.909664,-31.881744529470527],[25.780628,-32.11716886924209],[25.172862,-31.991906251270155],[24.677853000000002,-32.15318308150762],[23.594043000000003,-31.989890240873855],[22.988189,-32.09326869031233],[22.574157,-32.04890952307848],[21.542799,-32.38289011668516],[20.689053,-32.51650392924109],[20.071261000000003,-32.834649293425485],[19.616405,-32.854837097036366],[19.193278,-32.554798947115295],[18.855315000000004,-32.53937887057209],[18.424643,-32.16223901451817],[18.377411,-32.27953502649944],[18.244499,-32.052019297877685],[18.25008,-31.55372763794586],[17.92519,-30.980926301632387],[18.24791,-30.824625814243127],[18.221762,-30.163292307891073],[17.566918,-29.35080300857536],[17.064416,-28.60979732336902],[17.062918,-28.607438376604925],[16.344977,-27.46066229316887]],[[28.978263,-27.796349620225254],[28.5417,-27.523464521941925],[28.074337999999997,-27.704197874588022],[27.532511,-28.050036377142337],[26.999261999999998,-28.607438376604925],[27.749397000000002,-29.28051193509559],[28.107205,-29.193797646646402],[28.291069,-28.914490485971708],[28.8484,-28.777701801059727],[29.018415,-28.491323736545397],[29.325166000000003,-28.062987713951337],[28.978263,-27.796349620225254]]]}},{"type":"Feature","bbox":[26.999262,-30.645106,29.325166,-28.647502],"properties":{"featurecla":"Admin-0 country","scalerank":1,"LABELRANK":6,"SOVEREIGNT":"Lesotho","SOV_A3":"LSO","ADM0_DIF":0,"LEVEL":2,"TYPE":"Sovereign country","TLC":"1","ADMIN":"Lesotho","ADM0_A3":"LSO","GEOU_DIF":0,"GEOUNIT":"Lesotho","GU_A3":"LSO","SU_DIF":0,"SUBUNIT":"Lesotho","SU_A3":"LSO","BRK_DIFF":0,"NAME":"Lesotho","NAME_LONG":"Lesotho","BRK_A3":"LSO","BRK_NAME":"Lesotho","BRK_GROUP":null,"ABBREV":"Les.","POSTAL":"LS","FORMAL_EN":"Kingdom of Lesotho","FORMAL_FR":null,"NAME_CIAWF":"Lesotho","NOTE_ADM0":null,"NOTE_BRK":null,"NAME_SORT":"Lesotho","NAME_ALT":null,"MAPCOLOR7":1,"MAPCOLOR8":5,"MAPCOLOR9":2,"MAPCOLOR13":8,"POP_EST":2125268,"POP_RANK":12,"POP_YEAR":2019,"GDP_MD":2376,"GDP_YEAR":2019,"ECONOMY":"7. Least developed region","INCOME_GRP":"4. Lower middle income","FIPS_10":"LT","ISO_A2":"LS","ISO_A2_EH":"LS","ISO_A3":"LSO","ISO_A3_EH":"LSO","ISO_N3":"426","ISO_N3_EH":"426","UN_A3":"426","WB_A2":"LS","WB_A3":"LSO","WOE_ID":23424880,"WOE_ID_EH":23424880,"WOE_NOTE":"Exact WOE match as country","ADM0_ISO":"LSO","ADM0_DIFF":null,"ADM0_TLC":"LSO","ADM0_A3_US":"LSO","ADM0_A3_FR":"LSO","ADM0_A3_RU":"LSO","ADM0_A3_ES":"LSO","ADM0_A3_CN":"LSO","ADM0_A3_TW":"LSO","ADM0_A3_IN":"LSO","ADM0_A3_NP":"LSO","ADM0_A3_PK":"LSO","ADM0_A3_DE":"LSO","ADM0_A3_GB":"LSO","ADM0_A3_BR":"LSO","ADM0_A3_IL":"LSO","ADM0_A3_PS":"LSO","ADM0_A3_SA":"LSO","ADM0_A3_EG":"LSO","ADM0_A3_MA":"LSO","ADM0_A3_PT":"LSO","ADM0_A3_AR":"LSO","ADM0_A3_JP":"LSO","ADM0_A3_KO":"LSO","ADM0_A3_VN":"LSO","ADM0_A3_TR":"LSO","ADM0_A3_ID":"LSO","ADM0_A3_PL":"LSO","ADM0_A3_GR":"LSO","ADM0_A3_IT":"LSO","ADM0_A3_NL":"LSO","ADM0_A3_SE":"LSO","ADM0_A3_BD":"LSO","ADM0_A3_UA":"LSO","ADM0_A3_UN":-99,"ADM0_A3_WB":-99,"CONTINENT":"Africa","REGION_UN":"Africa","SUBREGION":"Southern Africa","REGION_WB":"Sub-Saharan Africa","NAME_LEN":7,"LONG_LEN":7,"ABBREV_LEN":4,"TINY":-99,"HOMEPART":1,"MIN_ZOOM":0,"MIN_LABEL":4,"MAX_LABEL":9,"LABEL_X":28.246639,"LABEL_Y":-29.480158,"NE_ID":1159321027,"WIKIDATAID":"Q1013","NAME_AR":"ليسوتو","NAME_BN":"লেসোথো","NAME_DE":"Lesotho","NAME_EN":"Lesotho","NAME_ES":"Lesoto","NAME_FA":"لسوتو","NAME_FR":"Lesotho","NAME_EL":"Λεσότο","NAME_HE":"לסוטו","NAME_HI":"लेसोथो","NAME_HU":"Lesotho","NAME_ID":"Lesotho","NAME_IT":"Lesotho","NAME_JA":"レソト","NAME_KO":"레소토","NAME_NL":"Lesotho","NAME_PL":"Lesotho","NAME_PT":"Lesoto","NAME_RU":"Лесото","NAME_SV":"Lesotho","NAME_TR":"Lesotho","NAME_UK":"Лесото","NAME_UR":"لیسوتھو","NAME_VI":"Lesotho","NAME_ZH":"莱索托","NAME_ZHT":"賴索托","FCLASS_ISO":"Admin-0 country","TLC_DIFF":null,"FCLASS_TLC":"Admin-0 country","FCLASS_US":null,"FCLASS_FR":null,"FCLASS_RU":null,"FCLASS_ES":null,"FCLASS_CN":null,"FCLASS_TW":null,"FCLASS_IN":null,"FCLASS_NP":null,"FCLASS_PK":null,"FCLASS_DE":null,"FCLASS_GB":null,"FCLASS_BR":null,"FCLASS_IL":null,"FCLASS_PS":null,"FCLASS_SA":null,"FCLASS_EG":null,"FCLASS_MA":null,"FCLASS_PT":null,"FCLASS_AR":null,"FCLASS_JP":null,"FCLASS_KO":null,"FCLASS_VN":null,"FCLASS_TR":null,"FCLASS_ID":null,"FCLASS_PL":null,"FCLASS_GR":null,"FCLASS_IT":null,"FCLASS_NL":null,"FCLASS_SE":null,"FCLASS_BD":null,"FCLASS_UA":null},"geometry":{"type":"Polygon","coordinates":[[[28.978263,-27.796349620225254],[29.325166000000003,-28.062987713951337],[29.018415,-28.491323736545397],[28.8484,-28.777701801059727],[28.291069,-28.914490485971708],[28.107205,-29.193797646646402],[27.749397000000002,-29.28051193509559],[26.999261999999998,-28.607438376604925],[27.532511,-28.050036377142337],[28.074337999999997,-27.704197874588022],[28.5417,-27.523464521941925],[28.978263,-27.796349620225254]]]}},{"type":"Feature","bbox":[-117.12776,14.538829,-86.811982,32.72083],"properties":{"featurecla":"Admin-0 country","scalerank":1,"LABELRANK":2,"SOVEREIGNT":"Mexico","SOV_A3":"MEX","ADM0_DIF":0,"LEVEL":2,"TYPE":"Sovereign country","TLC":"1","ADMIN":"Mexico","ADM0_A3":"MEX","GEOU_DIF":0,"GEOUNIT":"Mexico","GU_A3":"MEX","SU_DIF":0,"SUBUNIT":"Mexico","SU_A3":"MEX","BRK_DIFF":0,"NAME":"Mexico","NAME_LONG":"Mexico","BRK_A3":"MEX","BRK_NAME":"Mexico","BRK_GROUP":null,"ABBREV":"Mex.","POSTAL":"MX","FORMAL_EN":"United Mexican States","FORMAL_FR":null,"NAME_CIAWF":"Mexico","NOTE_ADM0":null,"NOTE_BRK":null,"NAME_SORT":"Mexico","NAME_ALT":null,"MAPCOLOR7":6,"MAPCOLOR8":1,"MAPCOLOR9":7,"MAPCOLOR13":3,"POP_EST":127575529,"POP_RANK":17,"POP_YEAR":2019,"GDP_MD":1268870,"GDP_YEAR":2019,"ECONOMY":"4. Emerging region: MIKT","INCOME_GRP":"3. Upper middle income","FIPS_10":"MX","ISO_A2":"MX","ISO_A2_EH":"MX","ISO_A3":"MEX","ISO_A3_EH":"MEX","ISO_N3":"484","ISO_N3_EH":"484","UN_A3":"484","WB_A2":"MX","WB_A3":"MEX","WOE_ID":23424900,"WOE_ID_EH":23424900,"WOE_NOTE":"Exact WOE match as country","ADM0_ISO":"MEX","ADM0_DIFF":null,"ADM0_TLC":"MEX","ADM0_A3_US":"MEX","ADM0_A3_FR":"MEX","ADM0_A3_RU":"MEX","ADM0_A3_ES":"MEX","ADM0_A3_CN":"MEX","ADM0_A3_TW":"MEX","ADM0_A3_IN":"MEX","ADM0_A3_NP":"MEX","ADM0_A3_PK":"MEX","ADM0_A3_DE":"MEX","ADM0_A3_GB":"MEX","ADM0_A3_BR":"MEX","ADM0_A3_IL":"MEX","ADM0_A3_PS":"MEX","ADM0_A3_SA":"MEX","ADM0_A3_EG":"MEX","ADM0_A3_MA":"MEX","ADM0_A3_PT":"MEX","ADM0_A3_AR":"MEX","ADM0_A3_JP":"MEX","ADM0_A3_KO":"MEX","ADM0_A3_VN":"MEX","ADM0_A3_TR":"MEX","ADM0_A3_ID":"MEX","ADM0_A3_PL":"MEX","ADM0_A3_GR":"MEX","ADM0_A3_IT":"MEX","ADM0_A3_NL":"MEX","ADM0_A3_SE":"MEX","ADM0_A3_BD":"MEX","ADM0_A3_UA":"MEX","ADM0_A3_UN":-99,"ADM0_A3_WB":-99,"CONTINENT":"North America","REGION_UN":"Americas","SUBREGION":"Central America","REGION_WB":"Latin America & Caribbean","NAME_LEN":6,"LONG_LEN":6,"ABBREV_LEN":4,"TINY":-99,"HOMEPART":1,"MIN_ZOOM":0,"MIN_LABEL":2,"MAX_LABEL":6.7,"LABEL_X":-102.289448,"LABEL_Y":23.919988,"NE_ID":1159321055,"WIKIDATAID":"Q96","NAME_AR":"المكسيك","NAME_BN":"মেক্সিকো","NAME_DE":"Mexiko","NAME_EN":"Mexico","NAME_ES":"México","NAME_FA":"مکزیک","NAME_FR":"Mexique","NAME_EL":"Μεξικό","NAME_HE":"מקסיקו","NAME_HI":"मेक्सिको","NAME_HU":"Mexikó","NAME_ID":"Meksiko","NAME_IT":"Messico","NAME_JA":"メキシコ","NAME_KO":"멕시코","NAME_NL":"Mexico","NAME_PL":"Meksyk","NAME_PT":"México","NAME_RU":"Мексика","NAME_SV":"Mexiko","NAME_TR":"Meksika","NAME_UK":"Мексика","NAME_UR":"میکسیکو","NAME_VI":"México","NAME_ZH":"墨西哥","NAME_ZHT":"墨西哥","FCLASS_ISO":"Admin-0 country","TLC_DIFF":null,"FCLASS_TLC":"Admin-0 country","FCLASS_US":null,"FCLASS_FR":null,"FCLASS_RU":null,"FCLASS_ES":null,"FCLASS_CN":null,"FCLASS_TW":null,"FCLASS_IN":null,"FCLASS_NP":null,"FCLASS_PK":null,"FCLASS_DE":null,"FCLASS_GB":null,"FCLASS_BR":null,"FCLASS_IL":null,"FCLASS_PS":null,"FCLASS_SA":null,"FCLASS_EG":null,"FCLASS_MA":null,"FCLASS_PT":null,"FCLASS_AR":null,"FCLASS_JP":null,"FCLASS_KO":null,"FCLASS_VN":null,"FCLASS_TR":null,"FCLASS_ID":null,"FCLASS_PL":null,"FCLASS_GR":null,"FCLASS_IT":null,"FCLASS_NL":null,"FCLASS_SE":null,"FCLASS_BD":null,"FCLASS_UA":null},"geometry":{"type":"Polygon","coordinates":[[[-117.12776,30.91578836235964],[-115.99135000000001,30.98186851222178],[-114.72139000000001,31.074792089608735],[-114.81500000000001,30.90715726407156],[-113.30498,30.489142246718288],[-111.02360999999999,29.880239941132785],[-109.03499999999998,29.886499980020865],[-108.24194,29.88674274369525],[-108.24,30.24385793196159],[-106.50759,30.243569392443494],[-106.14290000000001,29.93678278128302],[-105.63159,29.66246416761912],[-105.03737,29.27956468276077],[-104.70575000000001,28.822988302151344],[-104.45697,28.340217400935316],[-103.94,28.074117239133162],[-103.11,27.809089921089715],[-102.48000000000002,28.505590662070013],[-101.6624,28.52254957024148],[-100.9576,28.171756602854053],[-100.45584000000001,27.566571561046697],[-100.11,27.0457669256375],[-99.52,26.53695679302451],[-99.3,25.90900461085206],[-99.02,25.485490029831677],[-98.24,25.20532993004327],[-97.52999999999999,25.006114259864955],[-97.140008,25.033296412570817],[-97.52807199999998,24.235348981213317],[-97.702946,23.577305315609177],[-97.776042,22.343718860935674],[-97.872367,21.891289643951865],[-97.699044,21.38420978377382],[-97.38896,20.929412182901473],[-97.189333,20.20326354219121],[-96.52557599999999,19.5030156210121],[-96.292127,18.964305033939333],[-95.900885,18.498036423814117],[-94.839063,18.2462525390186],[-94.42573,17.848489837239306],[-93.548651,18.11430553355991],[-92.786114,18.210275338779663],[-92.037348,18.38091983869812],[-91.407903,18.543606364239285],[-90.77187000000002,18.930018171254666],[-90.53359,19.48085018693397],[-90.451476,20.27090243580739],[-90.27861800000001,20.544886515594378],[-89.601321,20.789904574373704],[-88.543866,21.006594728897266],[-87.658417,20.9740769519617],[-87.05188999999999,21.05314119352393],[-86.811982,20.855135373194685],[-86.845908,20.4043718532875],[-87.38329100000001,19.846210916582198],[-87.621054,19.272495606523435],[-87.43675,19.108022797399023],[-87.58656,18.699065374711616],[-87.837191,17.958344516432497],[-88.090664,18.202494402854477],[-88.30003100000002,18.186661676185867],[-88.490123,18.174167190413133],[-88.848344,17.599714040010067],[-89.029857,17.712453793966848],[-89.150909,17.668588087336513],[-89.14308000000001,17.52832587764303],[-90.067934,17.53882149881177],[-91.00152000000001,17.53717096032192],[-91.002269,16.99961086111113],[-91.453921,16.997238249067284],[-91.08167,16.677844486562925],[-90.711822,16.45644007537697],[-90.600847,16.24850139044602],[-90.43886700000002,16.190248022899038],[-90.46447300000001,15.86293639469438],[-91.74796000000002,15.860053504858692],[-92.229249,15.07446372310088],[-92.08721600000001,14.893955654927128],[-92.20323,14.667232867737122],[-92.22775000000001,14.385270398765893],[-93.359464,15.425629198605424],[-93.87516900000001,15.738427758623793],[-94.691656,15.989305249470048],[-95.250227,15.91944693837289],[-96.053382,15.557322407492713],[-96.557434,15.462338996572996],[-97.26359200000002,15.716193524075502],[-98.01303,15.899245539551034],[-98.947676,16.339939926753118],[-99.697397,16.47435498774153],[-100.82949899999998,16.919659026024586],[-101.666089,17.376365709504974],[-101.918528,17.63106371461302],[-102.478132,17.68791325952237],[-103.50099,17.989238468312763],[-103.917527,18.422672793231055],[-104.99201,18.960297964987436],[-105.493038,19.55563940179679],[-105.73139600000002,20.014205415881623],[-105.397773,20.10590033409604],[-105.500661,20.373467444646785],[-105.270752,20.616438611726707],[-105.265817,20.93976545034294],[-105.603161,21.358560697826128],[-105.693414,21.7286934803881],[-106.02871599999999,22.19673840955053],[-106.90998,23.114046727256746],[-107.915449,23.83054404936313],[-108.401905,24.399533853097342],[-109.26019900000001,24.770813457935063],[-109.444089,24.992414429380823],[-109.291644,25.551309093078192],[-109.80145800000001,25.761554779720193],[-110.391732,26.19838673990651],[-110.641019,26.82277490205448],[-111.178919,26.89536228048415],[-111.75960699999999,27.36412143847436],[-112.228235,27.795298697647873],[-112.27182399999998,28.07133253941931],[-112.809594,28.734799993659085],[-113.163811,29.404098254136255],[-113.14866899999998,29.73815300165738],[-113.871881,30.081965086805347],[-114.20573700000001,30.044262439418358],[-114.776451,30.282447205670792],[-114.9367,29.931180206151996],[-114.771232,29.51444795841523],[-114.67389900000002,28.858859835785207],[-114.330974,28.49718225042644],[-113.588875,27.890090248032802],[-113.424053,27.68180040650391],[-113.271969,27.618562444272523],[-113.140039,27.313786514942784],[-112.962298,27.326136961030517],[-112.761587,26.7516644055092],[-112.457911,26.52426463774603],[-112.244952,26.207010987436135],[-111.616489,25.749522913085045],[-111.284675,24.90873405279615],[-110.98781900000002,24.5108544366314],[-110.710007,24.083761370145616],[-110.655049,23.601363625739594],[-110.172856,23.571077406117986],[-109.77184700000001,23.15396514235953],[-109.40910400000001,22.74279378059268],[-109.43339200000001,22.577534036675473],[-109.854219,22.23795307237509],[-110.031392,22.242401531951632],[-110.295071,22.803926164843592],[-110.94950100000001,23.32834572717596],[-111.67056799999999,23.771536946721312],[-112.18203600000001,24.003770255936658],[-112.148989,24.670454491609934],[-112.300711,25.161896009342286],[-112.777297,25.442116777237317],[-113.46467100000001,25.84439102133523],[-113.59673,25.72848335727607],[-113.84893700000002,25.963019145626088],[-114.46574700000001,26.180417506141087],[-115.05514199999999,26.700316209792373],[-114.982253,26.76772147622698],[-114.570366,26.717072791033026],[-114.19932900000002,27.050222727105712],[-114.16201799999999,27.45126243074074],[-114.931842,28.082480610121294],[-115.51865400000001,28.326488022191366],[-115.887365,28.874722195711925],[-116.25834999999998,29.447284728219188],[-116.721526,30.140906218306153],[-117.12776,30.91578836235964]]]}},{"type":"Feature","bbox":[-58.427074,-34.952647,-53.209589,-30.109686],"properties":{"featurecla":"Admin-0 country","scalerank":1,"LABELRANK":4,"SOVEREIGNT":"Uruguay","SOV_A3":"URY","ADM0_DIF":0,"LEVEL":2,"TYPE":"Sovereign country","TLC":"1","ADMIN":"Uruguay","ADM0_A3":"URY","GEOU_DIF":0,"GEOUNIT":"Uruguay","GU_A3":"URY","SU_DIF":0,"SUBUNIT":"Uruguay","SU_A3":"URY","BRK_DIFF":0,"NAME":"Uruguay","NAME_LONG":"Uruguay","BRK_A3":"URY","BRK_NAME":"Uruguay","BRK_GROUP":null,"ABBREV":"Ury.","POSTAL":"UY","FORMAL_EN":"Oriental Republic of Uruguay","FORMAL_FR":null,"NAME_CIAWF":"Uruguay","NOTE_ADM0":null,"NOTE_BRK":null,"NAME_SORT":"Uruguay","NAME_ALT":null,"MAPCOLOR7":1,"MAPCOLOR8":2,"MAPCOLOR9":2,"MAPCOLOR13":10,"POP_EST":3461734,"POP_RANK":12,"POP_YEAR":2019,"GDP_MD":56045,"GDP_YEAR":2019,"ECONOMY":"5. Emerging region: G20","INCOME_GRP":"3. Upper middle income","FIPS_10":"UY","ISO_A2":"UY","ISO_A2_EH":"UY","ISO_A3":"URY","ISO_A3_EH":"URY","ISO_N3":"858","ISO_N3_EH":"858","UN_A3":"858","WB_A2":"UY","WB_A3":"URY","WOE_ID":23424979,"WOE_ID_EH":23424979,"WOE_NOTE":"Exact WOE match as country","ADM0_ISO":"URY","ADM0_DIFF":null,"ADM0_TLC":"URY","ADM0_A3_US":"URY","ADM0_A3_FR":"URY","ADM0_A3_RU":"URY","ADM0_A3_ES":"URY","ADM0_A3_CN":"URY","ADM0_A3_TW":"URY","ADM0_A3_IN":"URY","ADM0_A3_NP":"URY","ADM0_A3_PK":"URY","ADM0_A3_DE":"URY","ADM0_A3_GB":"URY","ADM0_A3_BR":"URY","ADM0_A3_IL":"URY","ADM0_A3_PS":"URY","ADM0_A3_SA":"URY","ADM0_A3_EG":"URY","ADM0_A3_MA":"URY","ADM0_A3_PT":"URY","ADM0_A3_AR":"URY","ADM0_A3_JP":"URY","ADM0_A3_KO":"URY","ADM0_A3_VN":"URY","ADM0_A3_TR":"URY","ADM0_A3_ID":"URY","ADM0_A3_PL":"URY","ADM0_A3_GR":"URY","ADM0_A3_IT":"URY","ADM0_A3_NL":"URY","ADM0_A3_SE":"URY","ADM0_A3_BD":"URY","ADM0_A3_UA":"URY","ADM0_A3_UN":-99,"ADM0_A3_WB":-99,"CONTINENT":"South America","REGION_UN":"Americas","SUBREGION":"South America","REGION_WB":"Latin America & Caribbean","NAME_LEN":7,"LONG_LEN":7,"ABBREV_LEN":4,"TINY":-99,"HOMEPART":1,"MIN_ZOOM":0,"MIN_LABEL":3,"MAX_LABEL":8,"LABEL_X":-55.966942,"LABEL_Y":-32.961127,"NE_ID":1159321353,"WIKIDATAID":"Q77","NAME_AR":"الأوروغواي","NAME_BN":"উরুগুয়ে","NAME_DE":"Uruguay","NAME_EN":"Uruguay","NAME_ES":"Uruguay","NAME_FA":"اروگوئه","NAME_FR":"Uruguay","NAME_EL":"Ουρουγουάη","NAME_HE":"אורוגוואי","NAME_HI":"उरुग्वे","NAME_HU":"Uruguay","NAME_ID":"Uruguay","NAME_IT":"Uruguay","NAME_JA":"ウルグアイ","NAME_KO":"우루과이","NAME_NL":"Uruguay","NAME_PL":"Urugwaj","NAME_PT":"Uruguai","NAME_RU":"Уругвай","NAME_SV":"Uruguay","NAME_TR":"Uruguay","NAME_UK":"Уругвай","NAME_UR":"یوراگوئے","NAME_VI":"Uruguay","NAME_ZH":"乌拉圭","NAME_ZHT":"烏拉圭","FCLASS_ISO":"Admin-0 country","TLC_DIFF":null,"FCLASS_TLC":"Admin-0 country","FCLASS_US":null,"FCLASS_FR":null,"FCLASS_RU":null,"FCLASS_ES":null,"FCLASS_CN":null,"FCLASS_TW":null,"FCLASS_IN":null,"FCLASS_NP":null,"FCLASS_PK":null,"FCLASS_DE":null,"FCLASS_GB":null,"FCLASS_BR":null,"FCLASS_IL":null,"FCLASS_PS":null,"FCLASS_SA":null,"FCLASS_EG":null,"FCLASS_MA":null,"FCLASS_PT":null,"FCLASS_AR":null,"FCLASS_JP":null,"FCLASS_KO":null,"FCLASS_VN":null,"FCLASS_TR":null,"FCLASS_ID":null,"FCLASS_PL":null,"FCLASS_GR":null,"FCLASS_IT":null,"FCLASS_NL":null,"FCLASS_SE":null,"FCLASS_BD":null,"FCLASS_UA":null},"geometry":{"type":"Polygon","coordinates":[[[-57.625133,-28.905804976355842],[-56.976026,-28.81243585869587],[-55.973245,-29.487866729283816],[-55.60151,-29.462448723061765],[-54.57245199999999,-30.01869336224318],[-53.787952000000004,-30.496124556500916],[-53.209589,-31.080646904053953],[-53.65054399999999,-31.486019393378495],[-53.373661999999996,-31.96775446812724],[-53.806426,-32.499333991643134],[-54.935866,-32.966896610156056],[-55.67409,-32.79895045486829],[-56.215297,-32.88899525986705],[-57.139685,-32.52770225734777],[-57.81786100000001,-32.5547551174915],[-58.427074,-32.087357693929775],[-58.34961100000001,-31.538181425903044],[-58.13264800000001,-31.348249931127924],[-58.14244,-30.493764431579958],[-57.874937,-29.603989049957775],[-57.625133,-28.905804976355842]]]}},{"type":"Feature","bbox":[-73.987235,-33.768378,-34.729993,5.244486],"properties":{"featurecla":"Admin-0 country","scalerank":1,"LABELRANK":2,"SOVEREIGNT":"Brazil","SOV_A3":"BRA","ADM0_DIF":0,"LEVEL":2,"TYPE":"Sovereign country","TLC":"1","ADMIN":"Brazil","ADM0_A3":"BRA","GEOU_DIF":0,"GEOUNIT":"Brazil","GU_A3":"BRA","SU_DIF":0,"SUBUNIT":"Brazil","SU_A3":"BRA","BRK_DIFF":0,"NAME":"Brazil","NAME_LONG":"Brazil","BRK_A3":"BRA","BRK_NAME":"Brazil","BRK_GROUP":null,"ABBREV":"Brazil","POSTAL":"BR","FORMAL_EN":"Federative Republic of Brazil","FORMAL_FR":null,"NAME_CIAWF":"Brazil","NOTE_ADM0":null,"NOTE_BRK":null,"NAME_SORT":"Brazil","NAME_ALT":null,"MAPCOLOR7":5,"MAPCOLOR8":6,"MAPCOLOR9":5,"MAPCOLOR13":7,"POP_EST":211049527,"POP_RANK":17,"POP_YEAR":2019,"GDP_MD":1839758,"GDP_YEAR":2019,"ECONOMY":"3. Emerging region: BRIC","INCOME_GRP":"3. Upper middle income","FIPS_10":"BR","ISO_A2":"BR","ISO_A2_EH":"BR","ISO_A3":"BRA","ISO_A3_EH":"BRA","ISO_N3":"076","ISO_N3_EH":"076","UN_A3":"076","WB_A2":"BR","WB_A3":"BRA","WOE_ID":23424768,"WOE_ID_EH":23424768,"WOE_NOTE":"Exact WOE match as country","ADM0_ISO":"BRA","ADM0_DIFF":null,"ADM0_TLC":"BRA","ADM0_A3_US":"BRA","ADM0_A3_FR":"BRA","ADM0_A3_RU":"BRA","ADM0_A3_ES":"BRA","ADM0_A3_CN":"BRA","ADM0_A3_TW":"BRA","ADM0_A3_IN":"BRA","ADM0_A3_NP":"BRA","ADM0_A3_PK":"BRA","ADM0_A3_DE":"BRA","ADM0_A3_GB":"BRA","ADM0_A3_BR":"BRA","ADM0_A3_IL":"BRA","ADM0_A3_PS":"BRA","ADM0_A3_SA":"BRA","ADM0_A3_EG":"BRA","ADM0_A3_MA":"BRA","ADM0_A3_PT":"BRA","ADM0_A3_AR":"BRA","ADM0_A3_JP":"BRA","ADM0_A3_KO":"BRA","ADM0_A3_VN":"BRA","ADM0_A3_TR":"BRA","ADM0_A3_ID":"BRA","ADM0_A3_PL":"BRA","ADM0_A3_GR":"BRA","ADM0_A3_IT":"BRA","ADM0_A3_NL":"BRA","ADM0_A3_SE":"BRA","ADM0_A3_BD":"BRA","ADM0_A3_UA":"BRA","ADM0_A3_UN":-99,"ADM0_A3_WB":-99,"CONTINENT":"South America","REGION_UN":"Americas","SUBREGION":"South America","REGION_WB":"Latin America & Caribbean","NAME_LEN":6,"LONG_LEN":6,"ABBREV_LEN":6,"TINY":-99,"HOMEPART":1,"MIN_ZOOM":0,"MIN_LABEL":1.7,"MAX_LABEL":5.7,"LABEL_X":-49.55945,"LABEL_Y":-12.098687,"NE_ID":1159320441,"WIKIDATAID":"Q155","NAME_AR":"البرازيل","NAME_BN":"ব্রাজিল","NAME_DE":"Brasilien","NAME_EN":"Brazil","NAME_ES":"Brasil","NAME_FA":"برزیل","NAME_FR":"Brésil","NAME_EL":"Βραζιλία","NAME_HE":"ברזיל","NAME_HI":"ब्राज़ील","NAME_HU":"Brazília","NAME_ID":"Brasil","NAME_IT":"Brasile","NAME_JA":"ブラジル","NAME_KO":"브라질","NAME_NL":"Brazilië","NAME_PL":"Brazylia","NAME_PT":"Brasil","NAME_RU":"Бразилия","NAME_SV":"Brasilien","NAME_TR":"Brezilya","NAME_UK":"Бразилія","NAME_UR":"برازیل","NAME_VI":"Brasil","NAME_ZH":"巴西","NAME_ZHT":"巴西","FCLASS_ISO":"Admin-0 country","TLC_DIFF":null,"FCLASS_TLC":"Admin-0 country","FCLASS_US":null,"FCLASS_FR":null,"FCLASS_RU":null,"FCLASS_ES":null,"FCLASS_CN":null,"FCLASS_TW":null,"FCLASS_IN":null,"FCLASS_NP":null,"FCLASS_PK":null,"FCLASS_DE":null,"FCLASS_GB":null,"FCLASS_BR":null,"FCLASS_IL":null,"FCLASS_PS":null,"FCLASS_SA":null,"FCLASS_EG":null,"FCLASS_MA":null,"FCLASS_PT":null,"FCLASS_AR":null,"FCLASS_JP":null,"FCLASS_KO":null,"FCLASS_VN":null,"FCLASS_TR":null,"FCLASS_ID":null,"FCLASS_PL":null,"FCLASS_GR":null,"FCLASS_IT":null,"FCLASS_NL":null,"FCLASS_SE":null,"FCLASS_BD":null,"FCLASS_UA":null},"geometry":{"type":"Polygon","coordinates":[[[-53.373661999999996,-31.96775446812724],[-53.65054399999999,-31.486019393378495],[-53.209589,-31.080646904053953],[-53.787952000000004,-30.496124556500916],[-54.57245199999999,-30.01869336224318],[-55.60151,-29.462448723061765],[-55.973245,-29.487866729283816],[-56.976026,-28.81243585869587],[-57.625133,-28.905804976355842],[-56.2909,-27.70534175315118],[-55.162286,-26.842440942336715],[-54.490725000000005,-26.478572539921277],[-53.648735,-25.984063751836533],[-53.628349,-25.264004811710468],[-54.130050000000004,-24.74087338588276],[-54.625291,-24.914778925216783],[-54.428946,-24.390309167463123],[-54.293476,-23.850561685706175],[-54.29296,-23.34675537543894],[-54.65283399999999,-23.180070424874977],[-55.027902000000005,-23.32863038455149],[-55.400747,-23.28790992352156],[-55.517639,-22.93386607014533],[-55.610683,-22.087317455565977],[-55.797958,-21.81027831458861],[-56.47331700000001,-21.55880044030002],[-56.881510000000006,-21.74083802416115],[-57.937155999999995,-21.562405234223654],[-57.87067400000001,-20.294507982904147],[-58.166392,-19.772164118985273],[-57.853801999999995,-19.577526052962245],[-57.94999700000001,-19.039598624733557],[-57.67600900000001,-18.624891647868377],[-57.49837099999999,-17.876869490592654],[-57.73455800000001,-17.284191115076208],[-58.280803999999996,-17.015917094021734],[-58.388058,-16.638212589066054],[-58.241220000000006,-16.084066296873228],[-60.15838999999999,-16.044389546306355],[-60.542966,-14.922293563598192],[-60.25114899999999,-14.906164846870734],[-60.264326,-14.489036767212415],[-60.459198,-14.206171646832287],[-60.503304,-13.645111762973299],[-61.084121,-13.356736499493126],[-61.713204,-13.366288739289542],[-62.127081,-13.083570180990781],[-62.80306,-12.89051021364093],[-63.196498999999996,-12.526043543821926],[-64.316353,-12.36486712861685],[-65.402281,-11.488504226735978],[-65.321899,-10.830786194970296],[-65.444837,-10.452977729819086],[-65.338435,-9.71509785773926],[-66.646908,-9.881970462360135],[-67.173801,-10.251670088747245],[-68.048192,-10.650193431782204],[-68.271254,-10.947298881323963],[-68.78615800000001,-10.968759319341286],[-69.529678,-10.885648058978516],[-70.093752,-11.05473856990743],[-70.548686,-10.942022628910886],[-70.481894,-9.447020399918106],[-71.302412,-10.027845567909058],[-72.184891,-10.002401290581727],[-72.563033,-9.476687223641745],[-73.226713,-9.419492754070243],[-73.015383,-8.995646275017611],[-73.571059,-8.39425521555369],[-73.987235,-7.502299530169597],[-73.723401,-7.320996168944382],[-73.724487,-6.901842566854419],[-73.120027,-6.615184805879452],[-73.219711,-6.077758694722967],[-72.964507,-5.731667266484721],[-72.891928,-5.267126639869283],[-71.74840600000002,-4.589068556192756],[-70.92884300000001,-4.397267928680685],[-70.794769,-4.247369521459389],[-69.893635,-4.2941612299923495],[-69.444102,-1.5560956658642966],[-69.420486,-1.1225471777558975],[-69.577065,-0.5499835537759431],[-70.020656,-0.18515567773309044],[-70.015566,0.5414059428354115],[-69.452396,0.706141123006237],[-69.252434,0.6026398880796975],[-69.218638,0.985628384447936],[-69.804597,1.0890154240179442],[-69.816973,1.714549052749556],[-67.868565,1.6922089291590003],[-67.53781,2.036733914739023],[-67.259998,1.7197407203207877],[-67.065048,1.1300387300817256],[-66.876326,1.2532610506292703],[-66.325765,0.7244326974371821],[-65.548267,0.7892290406507523],[-65.354713,1.0952152975689744],[-64.611012,1.3286119152085765],[-64.199306,1.4926861182711333],[-64.083085,1.9160117934145915],[-63.36878800000001,2.2003589414692932],[-63.422867,2.410356721544259],[-64.26999900000001,2.4962159472424186],[-64.408828,3.125235132237652],[-64.368494,3.794433352174846],[-64.816064,4.053060484583322],[-64.628659,4.144861053900104],[-63.88834299999999,4.01723451590122],[-63.09319800000001,3.7678523394904473],[-62.804533,4.003702732707639],[-62.08543,4.158468253365308],[-60.966893000000006,4.531735647252929],[-60.601179,4.912069683798023],[-60.733574,5.193151920182953],[-60.213683,5.237177910413893],[-59.980959,5.007673338644767],[-60.11100199999999,4.570113267093908],[-59.76740600000001,4.419115107889801],[-59.53804000000001,3.955656865860957],[-59.815413,3.604119799543962],[-59.974525,2.754171726048917],[-59.718546,2.249052210782208],[-59.646043999999996,1.7866044028587602],[-59.030862000000006,1.317581856817052],[-58.540012999999995,1.2679844861446818],[-58.429477,1.4637827409120996],[-58.11345,1.5070212052325394],[-57.660970999999996,1.682343208570407],[-57.33582299999999,1.9481625046399251],[-56.782704,1.8633824327047956],[-56.539386,1.8991751293081771],[-55.995698000000004,1.8173621843934367],[-55.90559999999999,2.0215764254191364],[-56.073342000000004,2.2202391394887777],[-55.97332200000001,2.509561203963772],[-55.569755,2.4207854464565743],[-55.097587,2.5229322992509466],[-54.524753999999994,2.311221945686056],[-54.088063,2.1050832405353956],[-53.778521,2.3760216951842907],[-53.554839,2.3342510090883306],[-53.418465,2.0529495820870842],[-52.939657000000004,2.124371095342777],[-52.556425,2.5039076191324363],[-52.249338,3.239366845759464],[-51.65779700000001,4.152591743315119],[-51.317146,4.19972526300457],[-51.069771,3.6479309172464087],[-50.508875,1.9012150069684086],[-49.974076,1.7362172242336056],[-49.947101,1.0461318701796138],[-50.69925099999999,0.22298343711075466],[-50.388211,-0.07844497549250717],[-48.620566999999994,-0.23548833700000343],[-48.584497,-1.237708725889924],[-47.824956,-0.5816080113726066],[-46.566584,-0.9409856959607636],[-44.905703,-1.5515503378265867],[-44.417619,-2.137254181051219],[-44.58158900000001,-2.690318868064421],[-43.418791000000006,-2.3824231720270097],[-41.47265699999999,-2.910765132012758],[-39.978665,-2.8718507331220517],[-38.500383,-3.6980816894213264],[-37.223252,-4.815267514670673],[-36.452937,-5.102645474840085],[-35.597796,-5.142585310611663],[-35.235389000000005,-5.456669528766135],[-34.89603,-6.722714259896311],[-34.729993,-7.323200049338466],[-35.128212,-8.95966059393446],[-35.636967,-9.603989800118514],[-37.046519,-10.973020983222858],[-37.68361199999999,-12.080675966198694],[-38.423877000000005,-12.927029335181526],[-38.673887,-12.946066559976892],[-38.953276,-13.662034627388627],[-38.882298,-15.475387553556187],[-39.161092,-16.95537550268305],[-39.267339,-17.58498471411661],[-39.583521000000005,-17.9607036773913],[-39.760823,-19.22770805261179],[-40.774741,-20.45558152700194],[-40.944756000000005,-21.42017406782863],[-41.75416400000001,-21.82303979593616],[-41.98828400000001,-22.378389793868827],[-43.074704,-22.376191789103807],[-44.647812,-22.731068718610157],[-45.352136,-23.140778638784454],[-46.472093,-23.409131771472158],[-47.648972,-24.137792039185562],[-48.495458000000006,-25.039664051300402],[-48.641005,-25.714283133310015],[-48.474736,-26.210765727031006],[-48.66152,-27.113555578899707],[-48.888456999999995,-27.547062973322863],[-49.58732899999999,-28.033935927303972],[-50.696874,-29.576083332526252],[-51.576226,-30.263590641990763],[-52.256081,-30.66669340095752],[-52.7121,-31.481392161774547],[-53.373661999999996,-31.96775446812724]]]}},{"type":"Feature","bbox":[-69.590424,-22.872919,-57.498371,-9.761988],"properties":{"featurecla":"Admin-0 country","scalerank":1,"LABELRANK":3,"SOVEREIGNT":"Bolivia","SOV_A3":"BOL","ADM0_DIF":0,"LEVEL":2,"TYPE":"Sovereign country","TLC":"1","ADMIN":"Bolivia","ADM0_A3":"BOL","GEOU_DIF":0,"GEOUNIT":"Bolivia","GU_A3":"BOL","SU_DIF":0,"SUBUNIT":"Bolivia","SU_A3":"BOL","BRK_DIFF":0,"NAME":"Bolivia","NAME_LONG":"Bolivia","BRK_A3":"BOL","BRK_NAME":"Bolivia","BRK_GROUP":null,"ABBREV":"Bolivia","POSTAL":"BO","FORMAL_EN":"Plurinational State of Bolivia","FORMAL_FR":null,"NAME_CIAWF":"Bolivia","NOTE_ADM0":null,"NOTE_BRK":null,"NAME_SORT":"Bolivia","NAME_ALT":null,"MAPCOLOR7":1,"MAPCOLOR8":5,"MAPCOLOR9":2,"MAPCOLOR13":3,"POP_EST":11513100,"POP_RANK":14,"POP_YEAR":2019,"GDP_MD":40895,"GDP_YEAR":2019,"ECONOMY":"5. Emerging region: G20","INCOME_GRP":"4. Lower middle income","FIPS_10":"BL","ISO_A2":"BO","ISO_A2_EH":"BO","ISO_A3":"BOL","ISO_A3_EH":"BOL","ISO_N3":"068","ISO_N3_EH":"068","UN_A3":"068","WB_A2":"BO","WB_A3":"BOL","WOE_ID":23424762,"WOE_ID_EH":23424762,"WOE_NOTE":"Exact WOE match as country","ADM0_ISO":"BOL","ADM0_DIFF":null,"ADM0_TLC":"BOL","ADM0_A3_US":"BOL","ADM0_A3_FR":"BOL","ADM0_A3_RU":"BOL","ADM0_A3_ES":"BOL","ADM0_A3_CN":"BOL","ADM0_A3_TW":"BOL","ADM0_A3_IN":"BOL","ADM0_A3_NP":"BOL","ADM0_A3_PK":"BOL","ADM0_A3_DE":"BOL","ADM0_A3_GB":"BOL","ADM0_A3_BR":"BOL","ADM0_A3_IL":"BOL","ADM0_A3_PS":"BOL","ADM0_A3_SA":"BOL","ADM0_A3_EG":"BOL","ADM0_A3_MA":"BOL","ADM0_A3_PT":"BOL","ADM0_A3_AR":"BOL","ADM0_A3_JP":"BOL","ADM0_A3_KO":"BOL","ADM0_A3_VN":"BOL","ADM0_A3_TR":"BOL","ADM0_A3_ID":"BOL","ADM0_A3_PL":"BOL","ADM0_A3_GR":"BOL","ADM0_A3_IT":"BOL","ADM0_A3_NL":"BOL","ADM0_A3_SE":"BOL","ADM0_A3_BD":"BOL","ADM0_A3_UA":"BOL","ADM0_A3_UN":-99,"ADM0_A3_WB":-99,"CONTINENT":"South America","REGION_UN":"Americas","SUBREGION":"South America","REGION_WB":"Latin America & Caribbean","NAME_LEN":7,"LONG_LEN":7,"ABBREV_LEN":7,"TINY":-99,"HOMEPART":1,"MIN_ZOOM":0,"MIN_LABEL":3,"MAX_LABEL":7.5,"LABEL_X":-64.593433,"LABEL_Y":-16.666015,"NE_ID":1159320439,"WIKIDATAID":"Q750","NAME_AR":"بوليفيا","NAME_BN":"বলিভিয়া","NAME_DE":"Bolivien","NAME_EN":"Bolivia","NAME_ES":"Bolivia","NAME_FA":"بولیوی","NAME_FR":"Bolivie","NAME_EL":"Βολιβία","NAME_HE":"בוליביה","NAME_HI":"बोलिविया","NAME_HU":"Bolívia","NAME_ID":"Bolivia","NAME_IT":"Bolivia","NAME_JA":"ボリビア","NAME_KO":"볼리비아","NAME_NL":"Bolivia","NAME_PL":"Boliwia","NAME_PT":"Bolívia","NAME_RU":"Боливия","NAME_SV":"Bolivia","NAME_TR":"Bolivya","NAME_UK":"Болівія","NAME_UR":"بولیویا","NAME_VI":"Bolivia","NAME_ZH":"玻利维亚","NAME_ZHT":"玻利維亞","FCLASS_ISO":"Admin-0 country","TLC_DIFF":null,"FCLASS_TLC":"Admin-0 country","FCLASS_US":null,"FCLASS_FR":null,"FCLASS_RU":null,"FCLASS_ES":null,"FCLASS_CN":null,"FCLASS_TW":null,"FCLASS_IN":null,"FCLASS_NP":null,"FCLASS_PK":null,"FCLASS_DE":null,"FCLASS_GB":null,"FCLASS_BR":null,"FCLASS_IL":null,"FCLASS_PS":null,"FCLASS_SA":null,"FCLASS_EG":null,"FCLASS_MA":null,"FCLASS_PT":null,"FCLASS_AR":null,"FCLASS_JP":null,"FCLASS_KO":null,"FCLASS_VN":null,"FCLASS_TR":null,"FCLASS_ID":null,"FCLASS_PL":null,"FCLASS_GR":null,"FCLASS_IT":null,"FCLASS_NL":null,"FCLASS_SE":null,"FCLASS_BD":null,"FCLASS_UA":null},"geometry":{"type":"Polygon","coordinates":[[[-69.529678,-10.885648058978516],[-68.78615800000001,-10.968759319341286],[-68.271254,-10.947298881323963],[-68.048192,-10.650193431782204],[-67.173801,-10.251670088747245],[-66.646908,-9.881970462360135],[-65.338435,-9.71509785773926],[-65.444837,-10.452977729819086],[-65.321899,-10.830786194970296],[-65.402281,-11.488504226735978],[-64.316353,-12.36486712861685],[-63.196498999999996,-12.526043543821926],[-62.80306,-12.89051021364093],[-62.127081,-13.083570180990781],[-61.713204,-13.366288739289542],[-61.084121,-13.356736499493126],[-60.503304,-13.645111762973299],[-60.459198,-14.206171646832287],[-60.264326,-14.489036767212415],[-60.25114899999999,-14.906164846870734],[-60.542966,-14.922293563598192],[-60.15838999999999,-16.044389546306355],[-58.241220000000006,-16.084066296873228],[-58.388058,-16.638212589066054],[-58.280803999999996,-17.015917094021734],[-57.73455800000001,-17.284191115076208],[-57.49837099999999,-17.876869490592654],[-57.67600900000001,-18.624891647868377],[-57.94999700000001,-19.039598624733557],[-57.853801999999995,-19.577526052962245],[-58.166392,-19.772164118985273],[-58.183471000000004,-19.481775024992256],[-59.115042,-18.998853376832407],[-60.04356500000001,-18.985465148658715],[-61.786326,-19.26039737502189],[-62.265961000000004,-20.089011388729638],[-62.291179,-20.59336548648131],[-62.685057,-21.710065952010016],[-62.846468,-21.511067540364706],[-63.986838000000006,-21.472600989643915],[-64.377021,-22.219271888433127],[-64.964892,-21.549092347952],[-66.273339,-21.322387512556674],[-67.106674,-22.161710323431663],[-67.82818,-22.288526299326403],[-68.219913,-21.007222065902212],[-68.757167,-19.956461568054426],[-68.442225,-19.044385521197466],[-68.96681800000002,-18.64369442481716],[-69.100247,-17.95863846199489],[-69.590424,-17.310489426463494],[-68.959635,-16.277224201406355],[-69.389764,-15.468713510711886],[-69.16034700000002,-15.144483426685625],[-69.339535,-14.786281165654264],[-68.948887,-14.302736141198631],[-68.929224,-13.476671405205433],[-68.88008000000002,-12.7921104003982],[-68.66508,-12.46186718147178],[-69.529678,-10.885648058978516]]]}},{"type":"Feature","bbox":[-81.410943,-18.347975,-68.66508,-0.057205],"properties":{"featurecla":"Admin-0 country","scalerank":1,"LABELRANK":2,"SOVEREIGNT":"Peru","SOV_A3":"PER","ADM0_DIF":0,"LEVEL":2,"TYPE":"Sovereign country","TLC":"1","ADMIN":"Peru","ADM0_A3":"PER","GEOU_DIF":0,"GEOUNIT":"Peru","GU_A3":"PER","SU_DIF":0,"SUBUNIT":"Peru","SU_A3":"PER","BRK_DIFF":0,"NAME":"Peru","NAME_LONG":"Peru","BRK_A3":"PER","BRK_NAME":"Peru","BRK_GROUP":null,"ABBREV":"Peru","POSTAL":"PE","FORMAL_EN":"Republic of Peru","FORMAL_FR":null,"NAME_CIAWF":"Peru","NOTE_ADM0":null,"NOTE_BRK":null,"NAME_SORT":"Peru","NAME_ALT":null,"MAPCOLOR7":4,"MAPCOLOR8":4,"MAPCOLOR9":4,"MAPCOLOR13":11,"POP_EST":32510453,"POP_RANK":15,"POP_YEAR":2019,"GDP_MD":226848,"GDP_YEAR":2019,"ECONOMY":"5. Emerging region: G20","INCOME_GRP":"3. Upper middle income","FIPS_10":"PE","ISO_A2":"PE","ISO_A2_EH":"PE","ISO_A3":"PER","ISO_A3_EH":"PER","ISO_N3":"604","ISO_N3_EH":"604","UN_A3":"604","WB_A2":"PE","WB_A3":"PER","WOE_ID":23424919,"WOE_ID_EH":23424919,"WOE_NOTE":"Exact WOE match as country","ADM0_ISO":"PER","ADM0_DIFF":null,"ADM0_TLC":"PER","ADM0_A3_US":"PER","ADM0_A3_FR":"PER","ADM0_A3_RU":"PER","ADM0_A3_ES":"PER","ADM0_A3_CN":"PER","ADM0_A3_TW":"PER","ADM0_A3_IN":"PER","ADM0_A3_NP":"PER","ADM0_A3_PK":"PER","ADM0_A3_DE":"PER","ADM0_A3_GB":"PER","ADM0_A3_BR":"PER","ADM0_A3_IL":"PER","ADM0_A3_PS":"PER","ADM0_A3_SA":"PER","ADM0_A3_EG":"PER","ADM0_A3_MA":"PER","ADM0_A3_PT":"PER","ADM0_A3_AR":"PER","ADM0_A3_JP":"PER","ADM0_A3_KO":"PER","ADM0_A3_VN":"PER","ADM0_A3_TR":"PER","ADM0_A3_ID":"PER","ADM0_A3_PL":"PER","ADM0_A3_GR":"PER","ADM0_A3_IT":"PER","ADM0_A3_NL":"PER","ADM0_A3_SE":"PER","ADM0_A3_BD":"PER","ADM0_A3_UA":"PER","ADM0_A3_UN":-99,"ADM0_A3_WB":-99,"CONTINENT":"South America","REGION_UN":"Americas","SUBREGION":"South America","REGION_WB":"Latin America & Caribbean","NAME_LEN":4,"LONG_LEN":4,"ABBREV_LEN":4,"TINY":-99,"HOMEPART":1,"MIN_ZOOM":0,"MIN_LABEL":2,"MAX_LABEL":7,"LABEL_X":-72.90016,"LABEL_Y":-12.976679,"NE_ID":1159321163,"WIKIDATAID":"Q419","NAME_AR":"بيرو","NAME_BN":"পেরু","NAME_DE":"Peru","NAME_EN":"Peru","NAME_ES":"Perú","NAME_FA":"پرو","NAME_FR":"Pérou","NAME_EL":"Περού","NAME_HE":"פרו","NAME_HI":"पेरू","NAME_HU":"Peru","NAME_ID":"Peru","NAME_IT":"Perù","NAME_JA":"ペルー","NAME_KO":"페루","NAME_NL":"Peru","NAME_PL":"Peru","NAME_PT":"Peru","NAME_RU":"Перу","NAME_SV":"Peru","NAME_TR":"Peru","NAME_UK":"Перу","NAME_UR":"پیرو","NAME_VI":"Peru","NAME_ZH":"秘鲁","NAME_ZHT":"秘魯","FCLASS_ISO":"Admin-0 country","TLC_DIFF":null,"FCLASS_TLC":"Admin-0 country","FCLASS_US":null,"FCLASS_FR":null,"FCLASS_RU":null,"FCLASS_ES":null,"FCLASS_CN":null,"FCLASS_TW":null,"FCLASS_IN":null,"FCLASS_NP":null,"FCLASS_PK":null,"FCLASS_DE":null,"FCLASS_GB":null,"FCLASS_BR":null,"FCLASS_IL":null,"FCLASS_PS":null,"FCLASS_SA":null,"FCLASS_EG":null,"FCLASS_MA":null,"FCLASS_PT":null,"FCLASS_AR":null,"FCLASS_JP":null,"FCLASS_KO":null,"FCLASS_VN":null,"FCLASS_TR":null,"FCLASS_ID":null,"FCLASS_PL":null,"FCLASS_GR":null,"FCLASS_IT":null,"FCLASS_NL":null,"FCLASS_SE":null,"FCLASS_BD":null,"FCLASS_UA":null},"geometry":{"type":"Polygon","coordinates":[[[-69.893635,-4.2941612299923495],[-70.794769,-4.247369521459389],[-70.92884300000001,-4.397267928680685],[-71.74840600000002,-4.589068556192756],[-72.891928,-5.267126639869283],[-72.964507,-5.731667266484721],[-73.219711,-6.077758694722967],[-73.120027,-6.615184805879452],[-73.724487,-6.901842566854419],[-73.723401,-7.320996168944382],[-73.987235,-7.502299530169597],[-73.571059,-8.39425521555369],[-73.015383,-8.995646275017611],[-73.226713,-9.419492754070243],[-72.563033,-9.476687223641745],[-72.184891,-10.002401290581727],[-71.302412,-10.027845567909058],[-70.481894,-9.447020399918106],[-70.548686,-10.942022628910886],[-70.093752,-11.05473856990743],[-69.529678,-10.885648058978516],[-68.66508,-12.46186718147178],[-68.88008000000002,-12.7921104003982],[-68.929224,-13.476671405205433],[-68.948887,-14.302736141198631],[-69.339535,-14.786281165654264],[-69.16034700000002,-15.144483426685625],[-69.389764,-15.468713510711886],[-68.959635,-16.277224201406355],[-69.590424,-17.310489426463494],[-69.858444,-17.799293240013426],[-70.372572,-18.04218857205628],[-71.37525,-17.495405719497107],[-71.462041,-17.103656773978244],[-73.44453,-16.14150757789164],[-75.237883,-15.088209398721938],[-76.00920500000001,-14.492238566715148],[-76.423469,-13.691006198621247],[-76.259242,-13.410879981538915],[-77.106192,-12.131051229066758],[-78.09215300000001,-10.321430507259096],[-79.036953,-8.356780208534918],[-79.44592,-7.9056280285638945],[-79.760578,-7.17551018317965],[-80.537482,-6.527501691301619],[-81.249996,-6.12513379687793],[-80.926347,-5.68122448783888],[-81.41094299999999,-4.731378486240276],[-81.09967,-4.033059384728698],[-80.30256100000001,-3.4028537581491767],[-80.184015,-3.818332515779674],[-80.469295,-4.0558953718344535],[-80.442242,-4.42132950177496],[-80.028908,-4.341929251633035],[-79.624979,-4.449718221684606],[-79.20528900000001,-4.9529487316207295],[-78.639897,-4.543016182213611],[-78.450684,-3.870150660075814],[-77.83790500000002,-3.001647019821805],[-76.63539400000002,-2.6077771760635526],[-75.54499600000001,-1.5614166961137983],[-75.233723,-0.9113785649555902],[-75.373223,-0.15203182159469586],[-75.106625,-0.057204990496019605],[-74.441601,-0.530812406604881],[-74.122395,-1.0027818016369563],[-73.659504,-1.2603893352989057],[-73.070392,-2.308329297777134],[-72.32578700000002,-2.433486042309654],[-71.774761,-2.1692715571105485],[-71.413646,-2.342149427508602],[-70.81347600000001,-2.2562816196254993],[-70.047709,-2.724129090757687],[-70.692682,-3.7402127730174497],[-70.394044,-3.7638809332138834],[-69.893635,-4.2941612299923495]]]}},{"type":"Feature","bbox":[-78.990935,-4.298187,-66.876326,12.437303],"properties":{"featurecla":"Admin-0 country","scalerank":1,"LABELRANK":2,"SOVEREIGNT":"Colombia","SOV_A3":"COL","ADM0_DIF":0,"LEVEL":2,"TYPE":"Sovereign country","TLC":"1","ADMIN":"Colombia","ADM0_A3":"COL","GEOU_DIF":0,"GEOUNIT":"Colombia","GU_A3":"COL","SU_DIF":0,"SUBUNIT":"Colombia","SU_A3":"COL","BRK_DIFF":0,"NAME":"Colombia","NAME_LONG":"Colombia","BRK_A3":"COL","BRK_NAME":"Colombia","BRK_GROUP":null,"ABBREV":"Col.","POSTAL":"CO","FORMAL_EN":"Republic of Colombia","FORMAL_FR":null,"NAME_CIAWF":"Colombia","NOTE_ADM0":null,"NOTE_BRK":null,"NAME_SORT":"Colombia","NAME_ALT":null,"MAPCOLOR7":2,"MAPCOLOR8":1,"MAPCOLOR9":3,"MAPCOLOR13":1,"POP_EST":50339443,"POP_RANK":16,"POP_YEAR":2019,"GDP_MD":323615,"GDP_YEAR":2019,"ECONOMY":"6. Developing region","INCOME_GRP":"3. Upper middle income","FIPS_10":"CO","ISO_A2":"CO","ISO_A2_EH":"CO","ISO_A3":"COL","ISO_A3_EH":"COL","ISO_N3":"170","ISO_N3_EH":"170","UN_A3":"170","WB_A2":"CO","WB_A3":"COL","WOE_ID":23424787,"WOE_ID_EH":23424787,"WOE_NOTE":"Exact WOE match as country","ADM0_ISO":"COL","ADM0_DIFF":null,"ADM0_TLC":"COL","ADM0_A3_US":"COL","ADM0_A3_FR":"COL","ADM0_A3_RU":"COL","ADM0_A3_ES":"COL","ADM0_A3_CN":"COL","ADM0_A3_TW":"COL","ADM0_A3_IN":"COL","ADM0_A3_NP":"COL","ADM0_A3_PK":"COL","ADM0_A3_DE":"COL","ADM0_A3_GB":"COL","ADM0_A3_BR":"COL","ADM0_A3_IL":"COL","ADM0_A3_PS":"COL","ADM0_A3_SA":"COL","ADM0_A3_EG":"COL","ADM0_A3_MA":"COL","ADM0_A3_PT":"COL","ADM0_A3_AR":"COL","ADM0_A3_JP":"COL","ADM0_A3_KO":"COL","ADM0_A3_VN":"COL","ADM0_A3_TR":"COL","ADM0_A3_ID":"COL","ADM0_A3_PL":"COL","ADM0_A3_GR":"COL","ADM0_A3_IT":"COL","ADM0_A3_NL":"COL","ADM0_A3_SE":"COL","ADM0_A3_BD":"COL","ADM0_A3_UA":"COL","ADM0_A3_UN":-99,"ADM0_A3_WB":-99,"CONTINENT":"South America","REGION_UN":"Americas","SUBREGION":"South America","REGION_WB":"Latin America & Caribbean","NAME_LEN":8,"LONG_LEN":8,"ABBREV_LEN":4,"TINY":-99,"HOMEPART":1,"MIN_ZOOM":0,"MIN_LABEL":3,"MAX_LABEL":7,"LABEL_X":-73.174347,"LABEL_Y":3.373111,"NE_ID":1159320517,"WIKIDATAID":"Q739","NAME_AR":"كولومبيا","NAME_BN":"কলম্বিয়া","NAME_DE":"Kolumbien","NAME_EN":"Colombia","NAME_ES":"Colombia","NAME_FA":"کلمبیا","NAME_FR":"Colombie","NAME_EL":"Κολομβία","NAME_HE":"קולומביה","NAME_HI":"कोलम्बिया","NAME_HU":"Kolumbia","NAME_ID":"Kolombia","NAME_IT":"Colombia","NAME_JA":"コロンビア","NAME_KO":"콜롬비아","NAME_NL":"Colombia","NAME_PL":"Kolumbia","NAME_PT":"Colômbia","NAME_RU":"Колумбия","NAME_SV":"Colombia","NAME_TR":"Kolombiya","NAME_UK":"Колумбія","NAME_UR":"کولمبیا","NAME_VI":"Colombia","NAME_ZH":"哥伦比亚","NAME_ZHT":"哥倫比亞","FCLASS_ISO":"Admin-0 country","TLC_DIFF":null,"FCLASS_TLC":"Admin-0 country","FCLASS_US":null,"FCLASS_FR":null,"FCLASS_RU":null,"FCLASS_ES":null,"FCLASS_CN":null,"FCLASS_TW":null,"FCLASS_IN":null,"FCLASS_NP":null,"FCLASS_PK":null,"FCLASS_DE":null,"FCLASS_GB":null,"FCLASS_BR":null,"FCLASS_IL":null,"FCLASS_PS":null,"FCLASS_SA":null,"FCLASS_EG":null,"FCLASS_MA":null,"FCLASS_PT":null,"FCLASS_AR":null,"FCLASS_JP":null,"FCLASS_KO":null,"FCLASS_VN":null,"FCLASS_TR":null,"FCLASS_ID":null,"FCLASS_PL":null,"FCLASS_GR":null,"FCLASS_IT":null,"FCLASS_NL":null,"FCLASS_SE":null,"FCLASS_BD":null,"FCLASS_UA":null},"geometry":{"type":"Polygon","coordinates":[[[-66.876326,1.2532610506292703],[-67.065048,1.1300387300817256],[-67.259998,1.7197407203207877],[-67.53781,2.036733914739023],[-67.868565,1.6922089291590003],[-69.816973,1.714549052749556],[-69.804597,1.0890154240179442],[-69.218638,0.985628384447936],[-69.252434,0.6026398880796975],[-69.452396,0.706141123006237],[-70.015566,0.5414059428354115],[-70.020656,-0.18515567773309044],[-69.577065,-0.5499835537759431],[-69.420486,-1.1225471777558975],[-69.444102,-1.5560956658642966],[-69.893635,-4.2941612299923495],[-70.394044,-3.7638809332138834],[-70.692682,-3.7402127730174497],[-70.047709,-2.724129090757687],[-70.81347600000001,-2.2562816196254993],[-71.413646,-2.342149427508602],[-71.774761,-2.1692715571105485],[-72.32578700000002,-2.433486042309654],[-73.070392,-2.308329297777134],[-73.659504,-1.2603893352989057],[-74.122395,-1.0027818016369563],[-74.441601,-0.530812406604881],[-75.106625,-0.057204990496019605],[-75.373223,-0.15203182159469586],[-75.801466,0.08480096903962499],[-76.292314,0.416043343842084],[-76.57638,0.25693513885520775],[-77.424984,0.39568385476099655],[-77.668613,0.8258644009055652],[-77.855061,0.8098980278104055],[-78.855259,1.3807903251349984],[-78.99093499999998,1.6911244020407252],[-78.617831,1.7661242497879241],[-78.662118,2.2667634491663904],[-78.42761,2.6286333815213414],[-77.931543,2.6956110172236034],[-77.51043100000001,3.3231522541571246],[-77.12769,3.8467428382580557],[-77.496272,4.084142952682413],[-77.307601,4.662828489457814],[-77.533221,5.573998806909487],[-77.318815,5.835240352305361],[-77.47666100000001,6.675958702957775],[-77.88157099999998,7.204708754805599],[-77.753414,7.686677815965192],[-77.431108,7.615537856702691],[-77.242566,7.910030759601463],[-77.474723,8.49301202755398],[-77.353361,8.637600169923168],[-76.836674,8.60620304018511],[-76.086384,9.295769412430216],[-75.6746,9.400782961470384],[-75.664704,9.726940341444967],[-75.480426,10.558713963225902],[-74.906895,11.014568245557191],[-74.276753,11.033208814866724],[-74.197223,11.2377215186868],[-73.414764,11.15585206187356],[-72.627835,11.65083935981139],[-72.238195,11.869724069977206],[-71.75409,12.340763384969692],[-71.39982200000001,12.280910091400933],[-71.137461,12.023746115175257],[-71.331584,11.694234981983087],[-71.973922,11.530053623488792],[-72.227575,11.039751530503006],[-72.614658,10.758196788281467],[-72.905286,10.39287905003968],[-73.027604,9.690240585834372],[-73.304952,9.113328328489326],[-72.78873,9.04719462231478],[-72.660495,8.592893374699317],[-72.439862,8.375288142763186],[-72.360901,7.976744443119319],[-72.479679,7.61003181845148],[-72.444487,7.403099695222842],[-72.198352,7.3204327990308355],[-71.960176,6.974327855853534],[-70.674234,7.069776489918761],[-70.093313,6.943318978999467],[-69.38948,6.088370603983551],[-68.985319,6.194700799148223],[-68.265052,6.141473728754384],[-67.695087,6.254857021603879],[-67.34144,6.084002364977213],[-67.521532,5.548178904667299],[-67.744697,5.2139179849093145],[-67.823012,4.4993056224945365],[-67.621836,3.836611654346531],[-67.337564,3.540087448288963],[-67.303173,3.3166002682711753],[-67.809938,2.819516349699885],[-67.447092,2.599388844033453],[-67.181294,2.250059433957493],[-66.876326,1.2532610506292703]]]}},{"type":"Feature","bbox":[-82.965783,7.220541,-77.242566,9.61161],"properties":{"featurecla":"Admin-0 country","scalerank":1,"LABELRANK":4,"SOVEREIGNT":"Panama","SOV_A3":"PAN","ADM0_DIF":0,"LEVEL":2,"TYPE":"Sovereign country","TLC":"1","ADMIN":"Panama","ADM0_A3":"PAN","GEOU_DIF":0,"GEOUNIT":"Panama","GU_A3":"PAN","SU_DIF":0,"SUBUNIT":"Panama","SU_A3":"PAN","BRK_DIFF":0,"NAME":"Panama","NAME_LONG":"Panama","BRK_A3":"PAN","BRK_NAME":"Panama","BRK_GROUP":null,"ABBREV":"Pan.","POSTAL":"PA","FORMAL_EN":"Republic of Panama","FORMAL_FR":null,"NAME_CIAWF":"Panama","NOTE_ADM0":null,"NOTE_BRK":null,"NAME_SORT":"Panama","NAME_ALT":null,"MAPCOLOR7":4,"MAPCOLOR8":4,"MAPCOLOR9":6,"MAPCOLOR13":3,"POP_EST":4246439,"POP_RANK":12,"POP_YEAR":2019,"GDP_MD":66800,"GDP_YEAR":2019,"ECONOMY":"6. Developing region","INCOME_GRP":"3. Upper middle income","FIPS_10":"PM","ISO_A2":"PA","ISO_A2_EH":"PA","ISO_A3":"PAN","ISO_A3_EH":"PAN","ISO_N3":"591","ISO_N3_EH":"591","UN_A3":"591","WB_A2":"PA","WB_A3":"PAN","WOE_ID":23424924,"WOE_ID_EH":23424924,"WOE_NOTE":"Exact WOE match as country","ADM0_ISO":"PAN","ADM0_DIFF":null,"ADM0_TLC":"PAN","ADM0_A3_US":"PAN","ADM0_A3_FR":"PAN","ADM0_A3_RU":"PAN","ADM0_A3_ES":"PAN","ADM0_A3_CN":"PAN","ADM0_A3_TW":"PAN","ADM0_A3_IN":"PAN","ADM0_A3_NP":"PAN","ADM0_A3_PK":"PAN","ADM0_A3_DE":"PAN","ADM0_A3_GB":"PAN","ADM0_A3_BR":"PAN","ADM0_A3_IL":"PAN","ADM0_A3_PS":"PAN","ADM0_A3_SA":"PAN","ADM0_A3_EG":"PAN","ADM0_A3_MA":"PAN","ADM0_A3_PT":"PAN","ADM0_A3_AR":"PAN","ADM0_A3_JP":"PAN","ADM0_A3_KO":"PAN","ADM0_A3_VN":"PAN","ADM0_A3_TR":"PAN","ADM0_A3_ID":"PAN","ADM0_A3_PL":"PAN","ADM0_A3_GR":"PAN","ADM0_A3_IT":"PAN","ADM0_A3_NL":"PAN","ADM0_A3_SE":"PAN","ADM0_A3_BD":"PAN","ADM0_A3_UA":"PAN","ADM0_A3_UN":-99,"ADM0_A3_WB":-99,"CONTINENT":"North America","REGION_UN":"Americas","SUBREGION":"Central America","REGION_WB":"Latin America & Caribbean","NAME_LEN":6,"LONG_LEN":6,"ABBREV_LEN":4,"TINY":-99,"HOMEPART":1,"MIN_ZOOM":0,"MIN_LABEL":4,"MAX_LABEL":9,"LABEL_X":-80.352106,"LABEL_Y":8.72198,"NE_ID":1159321161,"WIKIDATAID":"Q804","NAME_AR":"بنما","NAME_BN":"পানামা","NAME_DE":"Panama","NAME_EN":"Panama","NAME_ES":"Panamá","NAME_FA":"پاناما","NAME_FR":"Panama","NAME_EL":"Παναμάς","NAME_HE":"פנמה","NAME_HI":"पनामा","NAME_HU":"Panama","NAME_ID":"Panama","NAME_IT":"Panama","NAME_JA":"パナマ","NAME_KO":"파나마","NAME_NL":"Panama","NAME_PL":"Panama","NAME_PT":"Panamá","NAME_RU":"Панама","NAME_SV":"Panama","NAME_TR":"Panama","NAME_UK":"Панама","NAME_UR":"پاناما","NAME_VI":"Panama","NAME_ZH":"巴拿马","NAME_ZHT":"巴拿馬","FCLASS_ISO":"Admin-0 country","TLC_DIFF":null,"FCLASS_TLC":"Admin-0 country","FCLASS_US":null,"FCLASS_FR":null,"FCLASS_RU":null,"FCLASS_ES":null,"FCLASS_CN":null,"FCLASS_TW":null,"FCLASS_IN":null,"FCLASS_NP":null,"FCLASS_PK":null,"FCLASS_DE":null,"FCLASS_GB":null,"FCLASS_BR":null,"FCLASS_IL":null,"FCLASS_PS":null,"FCLASS_SA":null,"FCLASS_EG":null,"FCLASS_MA":null,"FCLASS_PT":null,"FCLASS_AR":null,"FCLASS_JP":null,"FCLASS_KO":null,"FCLASS_VN":null,"FCLASS_TR":null,"FCLASS_ID":null,"FCLASS_PL":null,"FCLASS_GR":null,"FCLASS_IT":null,"FCLASS_NL":null,"FCLASS_SE":null,"FCLASS_BD":null,"FCLASS_UA":null},"geometry":{"type":"Polygon","coordinates":[[[-77.353361,8.637600169923168],[-77.474723,8.49301202755398],[-77.242566,7.910030759601463],[-77.431108,7.615537856702691],[-77.753414,7.686677815965192],[-77.88157099999998,7.204708754805599],[-78.214936,7.490823465269339],[-78.429161,8.025666510304882],[-78.18209599999999,8.290104013181564],[-78.435465,8.35790513452628],[-78.622121,8.68467613358907],[-79.120307,8.959355364151866],[-79.557877,8.896410333376451],[-79.760578,8.552575914826372],[-80.164481,8.304090074005803],[-80.382659,8.269547539488265],[-80.480689,8.063556939553687],[-80.00368999999999,7.525790065734746],[-80.276671,7.3991022787452465],[-80.42115799999999,7.25212985078735],[-80.886401,7.20150424627464],[-81.059543,7.793774061608169],[-81.189716,7.62529590908477],[-81.519515,7.683476827622817],[-81.721311,8.082027076921962],[-82.131441,8.147791906845955],[-82.390934,8.263563368524256],[-82.82008099999999,8.262080918887769],[-82.850958,8.047234596314729],[-82.96578300000002,8.196922858265573],[-82.913176,8.393335177576875],[-82.82977100000001,8.593889069737283],[-82.868657,8.772785674095495],[-82.71918300000002,8.889824469078723],[-82.927155,9.03663054707602],[-82.932891,9.433894608582055],[-82.54619600000001,9.5219982561931],[-82.18712299999999,9.168073190987313],[-82.207586,8.958844671676966],[-81.808567,8.914432430047377],[-81.714154,8.994779073181412],[-81.439287,8.751999147418754],[-80.947302,8.823420777649002],[-80.521901,9.072914680268184],[-79.9146,9.27202851997106],[-79.57330299999998,9.566843760243138],[-79.021192,9.508975930679126],[-79.05845,9.411947793188903],[-78.500888,9.378299289579243],[-78.055928,9.207837379015286],[-77.72951399999998,8.910704985612641],[-77.353361,8.637600169923168]]]}},{"type":"Feature","bbox":[-85.941725,8.225028,-82.546196,11.217119],"properties":{"featurecla":"Admin-0 country","scalerank":1,"LABELRANK":5,"SOVEREIGNT":"Costa Rica","SOV_A3":"CRI","ADM0_DIF":0,"LEVEL":2,"TYPE":"Sovereign country","TLC":"1","ADMIN":"Costa Rica","ADM0_A3":"CRI","GEOU_DIF":0,"GEOUNIT":"Costa Rica","GU_A3":"CRI","SU_DIF":0,"SUBUNIT":"Costa Rica","SU_A3":"CRI","BRK_DIFF":0,"NAME":"Costa Rica","NAME_LONG":"Costa Rica","BRK_A3":"CRI","BRK_NAME":"Costa Rica","BRK_GROUP":null,"ABBREV":"C.R.","POSTAL":"CR","FORMAL_EN":"Republic of Costa Rica","FORMAL_FR":null,"NAME_CIAWF":"Costa Rica","NOTE_ADM0":null,"NOTE_BRK":null,"NAME_SORT":"Costa Rica","NAME_ALT":null,"MAPCOLOR7":3,"MAPCOLOR8":2,"MAPCOLOR9":4,"MAPCOLOR13":2,"POP_EST":5047561,"POP_RANK":13,"POP_YEAR":2019,"GDP_MD":61801,"GDP_YEAR":2019,"ECONOMY":"5. Emerging region: G20","INCOME_GRP":"3. Upper middle income","FIPS_10":"CS","ISO_A2":"CR","ISO_A2_EH":"CR","ISO_A3":"CRI","ISO_A3_EH":"CRI","ISO_N3":"188","ISO_N3_EH":"188","UN_A3":"188","WB_A2":"CR","WB_A3":"CRI","WOE_ID":23424791,"WOE_ID_EH":23424791,"WOE_NOTE":"Exact WOE match as country","ADM0_ISO":"CRI","ADM0_DIFF":null,"ADM0_TLC":"CRI","ADM0_A3_US":"CRI","ADM0_A3_FR":"CRI","ADM0_A3_RU":"CRI","ADM0_A3_ES":"CRI","ADM0_A3_CN":"CRI","ADM0_A3_TW":"CRI","ADM0_A3_IN":"CRI","ADM0_A3_NP":"CRI","ADM0_A3_PK":"CRI","ADM0_A3_DE":"CRI","ADM0_A3_GB":"CRI","ADM0_A3_BR":"CRI","ADM0_A3_IL":"CRI","ADM0_A3_PS":"CRI","ADM0_A3_SA":"CRI","ADM0_A3_EG":"CRI","ADM0_A3_MA":"CRI","ADM0_A3_PT":"CRI","ADM0_A3_AR":"CRI","ADM0_A3_JP":"CRI","ADM0_A3_KO":"CRI","ADM0_A3_VN":"CRI","ADM0_A3_TR":"CRI","ADM0_A3_ID":"CRI","ADM0_A3_PL":"CRI","ADM0_A3_GR":"CRI","ADM0_A3_IT":"CRI","ADM0_A3_NL":"CRI","ADM0_A3_SE":"CRI","ADM0_A3_BD":"CRI","ADM0_A3_UA":"CRI","ADM0_A3_UN":-99,"ADM0_A3_WB":-99,"CONTINENT":"North America","REGION_UN":"Americas","SUBREGION":"Central America","REGION_WB":"Latin America & Caribbean","NAME_LEN":10,"LONG_LEN":10,"ABBREV_LEN":4,"TINY":-99,"HOMEPART":1,"MIN_ZOOM":0,"MIN_LABEL":2.5,"MAX_LABEL":8,"LABEL_X":-84.077922,"LABEL_Y":10.0651,"NE_ID":1159320525,"WIKIDATAID":"Q800","NAME_AR":"كوستاريكا","NAME_BN":"কোস্টা রিকা","NAME_DE":"Costa Rica","NAME_EN":"Costa Rica","NAME_ES":"Costa Rica","NAME_FA":"کاستاریکا","NAME_FR":"Costa Rica","NAME_EL":"Κόστα Ρίκα","NAME_HE":"קוסטה ריקה","NAME_HI":"कोस्टा रीका","NAME_HU":"Costa Rica","NAME_ID":"Kosta Rika","NAME_IT":"Costa Rica","NAME_JA":"コスタリカ","NAME_KO":"코스타리카","NAME_NL":"Costa Rica","NAME_PL":"Kostaryka","NAME_PT":"Costa Rica","NAME_RU":"Коста-Рика","NAME_SV":"Costa Rica","NAME_TR":"Kosta Rika","NAME_UK":"Коста-Рика","NAME_UR":"کوسٹاریکا","NAME_VI":"Costa Rica","NAME_ZH":"哥斯达黎加","NAME_ZHT":"哥斯大黎加","FCLASS_ISO":"Admin-0 country","TLC_DIFF":null,"FCLASS_TLC":"Admin-0 country","FCLASS_US":null,"FCLASS_FR":null,"FCLASS_RU":null,"FCLASS_ES":null,"FCLASS_CN":null,"FCLASS_TW":null,"FCLASS_IN":null,"FCLASS_NP":null,"FCLASS_PK":null,"FCLASS_DE":null,"FCLASS_GB":null,"FCLASS_BR":null,"FCLASS_IL":null,"FCLASS_PS":null,"FCLASS_SA":null,"FCLASS_EG":null,"FCLASS_MA":null,"FCLASS_PT":null,"FCLASS_AR":null,"FCLASS_JP":null,"FCLASS_KO":null,"FCLASS_VN":null,"FCLASS_TR":null,"FCLASS_ID":null,"FCLASS_PL":null,"FCLASS_GR":null,"FCLASS_IT":null,"FCLASS_NL":null,"FCLASS_SE":null,"FCLASS_BD":null,"FCLASS_UA":null},"geometry":{"type":"Polygon","coordinates":[[[-82.54619600000001,9.5219982561931],[-82.932891,9.433894608582055],[-82.927155,9.03663054707602],[-82.71918300000002,8.889824469078723],[-82.868657,8.772785674095495],[-82.82977100000001,8.593889069737283],[-82.913176,8.393335177576875],[-82.96578300000002,8.196922858265573],[-83.508437,8.416493749313046],[-83.711474,8.624085961252712],[-83.596313,8.795690817682893],[-83.63264199999999,9.013970613081467],[-83.909886,9.250352795820621],[-84.30340200000002,9.444293875061621],[-84.647644,9.570716122955877],[-84.71335100000002,9.85903604509322],[-84.97566,10.035021166716081],[-84.91137500000002,9.748612527444143],[-85.110923,9.513028447912994],[-85.339488,9.786603704677047],[-85.660787,9.883956545735515],[-85.797445,10.082443863030917],[-85.79170900000001,10.382052444458294],[-85.659314,10.691734411033776],[-85.941725,10.830202775665505],[-85.71254000000002,11.019868722460835],[-85.561852,11.146142889295994],[-84.903003,10.886206819895937],[-84.673069,11.014187392800087],[-84.355931,10.93228183504549],[-84.19017899999999,10.73017185107475],[-83.895054,10.66471848249516],[-83.655612,10.872911168391727],[-83.40232,10.338869183147011],[-83.015677,9.942701150903947],[-82.54619600000001,9.5219982561931]]]}},{"type":"Feature","bbox":[-87.668493,10.726839,-83.147219,15.016267],"properties":{"featurecla":"Admin-0 country","scalerank":1,"LABELRANK":5,"SOVEREIGNT":"Nicaragua","SOV_A3":"NIC","ADM0_DIF":0,"LEVEL":2,"TYPE":"Sovereign country","TLC":"1","ADMIN":"Nicaragua","ADM0_A3":"NIC","GEOU_DIF":0,"GEOUNIT":"Nicaragua","GU_A3":"NIC","SU_DIF":0,"SUBUNIT":"Nicaragua","SU_A3":"NIC","BRK_DIFF":0,"NAME":"Nicaragua","NAME_LONG":"Nicaragua","BRK_A3":"NIC","BRK_NAME":"Nicaragua","BRK_GROUP":null,"ABBREV":"Nic.","POSTAL":"NI","FORMAL_EN":"Republic of Nicaragua","FORMAL_FR":null,"NAME_CIAWF":"Nicaragua","NOTE_ADM0":null,"NOTE_BRK":null,"NAME_SORT":"Nicaragua","NAME_ALT":null,"MAPCOLOR7":1,"MAPCOLOR8":4,"MAPCOLOR9":1,"MAPCOLOR13":9,"POP_EST":6545502,"POP_RANK":13,"POP_YEAR":2019,"GDP_MD":12520,"GDP_YEAR":2019,"ECONOMY":"6. Developing region","INCOME_GRP":"4. Lower middle income","FIPS_10":"NU","ISO_A2":"NI","ISO_A2_EH":"NI","ISO_A3":"NIC","ISO_A3_EH":"NIC","ISO_N3":"558","ISO_N3_EH":"558","UN_A3":"558","WB_A2":"NI","WB_A3":"NIC","WOE_ID":23424915,"WOE_ID_EH":23424915,"WOE_NOTE":"Exact WOE match as country","ADM0_ISO":"NIC","ADM0_DIFF":null,"ADM0_TLC":"NIC","ADM0_A3_US":"NIC","ADM0_A3_FR":"NIC","ADM0_A3_RU":"NIC","ADM0_A3_ES":"NIC","ADM0_A3_CN":"NIC","ADM0_A3_TW":"NIC","ADM0_A3_IN":"NIC","ADM0_A3_NP":"NIC","ADM0_A3_PK":"NIC","ADM0_A3_DE":"NIC","ADM0_A3_GB":"NIC","ADM0_A3_BR":"NIC","ADM0_A3_IL":"NIC","ADM0_A3_PS":"NIC","ADM0_A3_SA":"NIC","ADM0_A3_EG":"NIC","ADM0_A3_MA":"NIC","ADM0_A3_PT":"NIC","ADM0_A3_AR":"NIC","ADM0_A3_JP":"NIC","ADM0_A3_KO":"NIC","ADM0_A3_VN":"NIC","ADM0_A3_TR":"NIC","ADM0_A3_ID":"NIC","ADM0_A3_PL":"NIC","ADM0_A3_GR":"NIC","ADM0_A3_IT":"NIC","ADM0_A3_NL":"NIC","ADM0_A3_SE":"NIC","ADM0_A3_BD":"NIC","ADM0_A3_UA":"NIC","ADM0_A3_UN":-99,"ADM0_A3_WB":-99,"CONTINENT":"North America","REGION_UN":"Americas","SUBREGION":"Central America","REGION_WB":"Latin America & Caribbean","NAME_LEN":9,"LONG_LEN":9,"ABBREV_LEN":4,"TINY":-99,"HOMEPART":1,"MIN_ZOOM":0,"MIN_LABEL":4,"MAX_LABEL":9,"LABEL_X":-85.069347,"LABEL_Y":12.670697,"NE_ID":1159321091,"WIKIDATAID":"Q811","NAME_AR":"نيكاراغوا","NAME_BN":"নিকারাগুয়া","NAME_DE":"Nicaragua","NAME_EN":"Nicaragua","NAME_ES":"Nicaragua","NAME_FA":"نیکاراگوئه","NAME_FR":"Nicaragua","NAME_EL":"Νικαράγουα","NAME_HE":"ניקרגואה","NAME_HI":"निकारागुआ","NAME_HU":"Nicaragua","NAME_ID":"Nikaragua","NAME_IT":"Nicaragua","NAME_JA":"ニカラグア","NAME_KO":"니카라과","NAME_NL":"Nicaragua","NAME_PL":"Nikaragua","NAME_PT":"Nicarágua","NAME_RU":"Никарагуа","NAME_SV":"Nicaragua","NAME_TR":"Nikaragua","NAME_UK":"Нікарагуа","NAME_UR":"نکاراگوا","NAME_VI":"Nicaragua","NAME_ZH":"尼加拉瓜","NAME_ZHT":"尼加拉瓜","FCLASS_ISO":"Admin-0 country","TLC_DIFF":null,"FCLASS_TLC":"Admin-0 country","FCLASS_US":null,"FCLASS_FR":null,"FCLASS_RU":null,"FCLASS_ES":null,"FCLASS_CN":null,"FCLASS_TW":null,"FCLASS_IN":null,"FCLASS_NP":null,"FCLASS_PK":null,"FCLASS_DE":null,"FCLASS_GB":null,"FCLASS_BR":null,"FCLASS_IL":null,"FCLASS_PS":null,"FCLASS_SA":null,"FCLASS_EG":null,"FCLASS_MA":null,"FCLASS_PT":null,"FCLASS_AR":null,"FCLASS_JP":null,"FCLASS_KO":null,"FCLASS_VN":null,"FCLASS_TR":null,"FCLASS_ID":null,"FCLASS_PL":null,"FCLASS_GR":null,"FCLASS_IT":null,"FCLASS_NL":null,"FCLASS_SE":null,"FCLASS_BD":null,"FCLASS_UA":null},"geometry":{"type":"Polygon","coordinates":[[[-83.655612,10.872911168391727],[-83.895054,10.66471848249516],[-84.19017899999999,10.73017185107475],[-84.355931,10.93228183504549],[-84.673069,11.014187392800087],[-84.903003,10.886206819895937],[-85.561852,11.146142889295994],[-85.71254000000002,11.019868722460835],[-86.058488,11.328890634361093],[-86.52585,11.724191347087714],[-86.745992,12.054044747913615],[-87.167516,12.361233393345898],[-87.668493,12.802038511118774],[-87.557467,12.952791080791204],[-87.392386,12.806044360458761],[-87.31665399999999,12.874945127822128],[-87.005769,12.915016413893198],[-86.88055700000001,13.137548532831325],[-86.733822,13.146204730366279],[-86.75508700000002,13.624596689784028],[-86.520708,13.64757228586596],[-86.312142,13.6406425248612],[-86.09626400000002,13.899804051473577],[-85.80129499999998,13.703508238547228],[-85.698665,13.82396989904696],[-85.514413,13.939430190764856],[-85.165365,14.206523545626967],[-85.148751,14.405967489894325],[-85.052787,14.397583500771228],[-84.924501,14.628910298838502],[-84.820037,14.65705931925991],[-84.64958200000001,14.509199490108543],[-84.449336,14.465445428773956],[-84.22834200000001,14.588530365195917],[-83.975721,14.589180698693959],[-83.628585,14.715570105434665],[-83.489989,14.84725592924203],[-83.14721900000002,14.827499403000592],[-83.233234,14.734712063060838],[-83.284162,14.518705132821154],[-83.182126,14.164188040167357],[-83.4125,13.83368004056463],[-83.519832,13.442647302271583],[-83.552207,13.013695264784685],[-83.498515,12.76242710691072],[-83.473323,12.322967683823823],[-83.626104,12.226976537658448],[-83.719613,11.808626040254248],[-83.650858,11.550002049716957],[-83.85547000000001,11.299348131968264],[-83.808936,11.034198181757604],[-83.655612,10.872911168391727]]]}},{"type":"Feature","bbox":[-89.353326,12.984686,-83.147219,16.005406],"properties":{"featurecla":"Admin-0 country","scalerank":1,"LABELRANK":5,"SOVEREIGNT":"Honduras","SOV_A3":"HND","ADM0_DIF":0,"LEVEL":2,"TYPE":"Sovereign country","TLC":"1","ADMIN":"Honduras","ADM0_A3":"HND","GEOU_DIF":0,"GEOUNIT":"Honduras","GU_A3":"HND","SU_DIF":0,"SUBUNIT":"Honduras","SU_A3":"HND","BRK_DIFF":0,"NAME":"Honduras","NAME_LONG":"Honduras","BRK_A3":"HND","BRK_NAME":"Honduras","BRK_GROUP":null,"ABBREV":"Hond.","POSTAL":"HN","FORMAL_EN":"Republic of Honduras","FORMAL_FR":null,"NAME_CIAWF":"Honduras","NOTE_ADM0":null,"NOTE_BRK":null,"NAME_SORT":"Honduras","NAME_ALT":null,"MAPCOLOR7":2,"MAPCOLOR8":5,"MAPCOLOR9":2,"MAPCOLOR13":5,"POP_EST":9746117,"POP_RANK":13,"POP_YEAR":2019,"GDP_MD":25095,"GDP_YEAR":2019,"ECONOMY":"6. Developing region","INCOME_GRP":"4. Lower middle income","FIPS_10":"HO","ISO_A2":"HN","ISO_A2_EH":"HN","ISO_A3":"HND","ISO_A3_EH":"HND","ISO_N3":"340","ISO_N3_EH":"340","UN_A3":"340","WB_A2":"HN","WB_A3":"HND","WOE_ID":23424841,"WOE_ID_EH":23424841,"WOE_NOTE":"Exact WOE match as country","ADM0_ISO":"HND","ADM0_DIFF":null,"ADM0_TLC":"HND","ADM0_A3_US":"HND","ADM0_A3_FR":"HND","ADM0_A3_RU":"HND","ADM0_A3_ES":"HND","ADM0_A3_CN":"HND","ADM0_A3_TW":"HND","ADM0_A3_IN":"HND","ADM0_A3_NP":"HND","ADM0_A3_PK":"HND","ADM0_A3_DE":"HND","ADM0_A3_GB":"HND","ADM0_A3_BR":"HND","ADM0_A3_IL":"HND","ADM0_A3_PS":"HND","ADM0_A3_SA":"HND","ADM0_A3_EG":"HND","ADM0_A3_MA":"HND","ADM0_A3_PT":"HND","ADM0_A3_AR":"HND","ADM0_A3_JP":"HND","ADM0_A3_KO":"HND","ADM0_A3_VN":"HND","ADM0_A3_TR":"HND","ADM0_A3_ID":"HND","ADM0_A3_PL":"HND","ADM0_A3_GR":"HND","ADM0_A3_IT":"HND","ADM0_A3_NL":"HND","ADM0_A3_SE":"HND","ADM0_A3_BD":"HND","ADM0_A3_UA":"HND","ADM0_A3_UN":-99,"ADM0_A3_WB":-99,"CONTINENT":"North America","REGION_UN":"Americas","SUBREGION":"Central America","REGION_WB":"Latin America & Caribbean","NAME_LEN":8,"LONG_LEN":8,"ABBREV_LEN":5,"TINY":-99,"HOMEPART":1,"MIN_ZOOM":0,"MIN_LABEL":4.5,"MAX_LABEL":9.5,"LABEL_X":-86.887604,"LABEL_Y":14.794801,"NE_ID":1159320827,"WIKIDATAID":"Q783","NAME_AR":"هندوراس","NAME_BN":"হন্ডুরাস","NAME_DE":"Honduras","NAME_EN":"Honduras","NAME_ES":"Honduras","NAME_FA":"هندوراس","NAME_FR":"Honduras","NAME_EL":"Ονδούρα","NAME_HE":"הונדורס","NAME_HI":"हौण्डुरस","NAME_HU":"Honduras","NAME_ID":"Honduras","NAME_IT":"Honduras","NAME_JA":"ホンジュラス","NAME_KO":"온두라스","NAME_NL":"Honduras","NAME_PL":"Honduras","NAME_PT":"Honduras","NAME_RU":"Гондурас","NAME_SV":"Honduras","NAME_TR":"Honduras","NAME_UK":"Гондурас","NAME_UR":"ہونڈوراس","NAME_VI":"Honduras","NAME_ZH":"洪都拉斯","NAME_ZHT":"宏都拉斯","FCLASS_ISO":"Admin-0 country","TLC_DIFF":null,"FCLASS_TLC":"Admin-0 country","FCLASS_US":null,"FCLASS_FR":null,"FCLASS_RU":null,"FCLASS_ES":null,"FCLASS_CN":null,"FCLASS_TW":null,"FCLASS_IN":null,"FCLASS_NP":null,"FCLASS_PK":null,"FCLASS_DE":null,"FCLASS_GB":null,"FCLASS_BR":null,"FCLASS_IL":null,"FCLASS_PS":null,"FCLASS_SA":null,"FCLASS_EG":null,"FCLASS_MA":null,"FCLASS_PT":null,"FCLASS_AR":null,"FCLASS_JP":null,"FCLASS_KO":null,"FCLASS_VN":null,"FCLASS_TR":null,"FCLASS_ID":null,"FCLASS_PL":null,"FCLASS_GR":null,"FCLASS_IT":null,"FCLASS_NL":null,"FCLASS_SE":null,"FCLASS_BD":null,"FCLASS_UA":null},"geometry":{"type":"Polygon","coordinates":[[[-83.14721900000002,14.827499403000592],[-83.489989,14.84725592924203],[-83.628585,14.715570105434665],[-83.975721,14.589180698693959],[-84.22834200000001,14.588530365195917],[-84.449336,14.465445428773956],[-84.64958200000001,14.509199490108543],[-84.820037,14.65705931925991],[-84.924501,14.628910298838502],[-85.052787,14.397583500771228],[-85.148751,14.405967489894325],[-85.165365,14.206523545626967],[-85.514413,13.939430190764856],[-85.698665,13.82396989904696],[-85.80129499999998,13.703508238547228],[-86.09626400000002,13.899804051473577],[-86.312142,13.6406425248612],[-86.520708,13.64757228586596],[-86.75508700000002,13.624596689784028],[-86.733822,13.146204730366279],[-86.88055700000001,13.137548532831325],[-87.005769,12.915016413893198],[-87.31665399999999,12.874945127822128],[-87.489409,13.179741809980221],[-87.793111,13.264381968048264],[-87.723503,13.653949896177217],[-87.859515,13.759128803356036],[-88.06534299999998,13.828386121629917],[-88.503998,13.712670602837434],[-88.541231,13.843464540268139],[-88.84307300000002,13.999106494386307],[-89.058512,14.19262070363149],[-89.353326,14.274142893465717],[-89.145535,14.52005558055783],[-89.22522,14.709971887201824],[-89.15481099999998,14.89572803110433],[-88.68068,15.165981795173462],[-88.225023,15.533847776128415],[-88.12115299999999,15.496204365277753],[-87.90181299999999,15.665546933577314],[-87.61568,15.6793547602005],[-87.522921,15.600853118542375],[-87.367762,15.648678956088943],[-86.903191,15.561777911321842],[-86.440946,15.586940784799358],[-86.119234,15.693459134351189],[-86.001954,15.801214129386276],[-85.683317,15.751409679462672],[-85.444004,15.686046035369847],[-85.182444,15.708581983225749],[-84.983722,15.792089265289176],[-84.52698,15.658581526930794],[-84.36825600000002,15.637333356152823],[-84.063055,15.457258713363533],[-83.77397699999999,15.241082939552822],[-83.410381,15.093249385811932],[-83.14721900000002,14.827499403000592]]]}},{"type":"Feature","bbox":[-90.095555,13.149017,-87.723503,14.424133],"properties":{"featurecla":"Admin-0 country","scalerank":1,"LABELRANK":6,"SOVEREIGNT":"El Salvador","SOV_A3":"SLV","ADM0_DIF":0,"LEVEL":2,"TYPE":"Sovereign country","TLC":"1","ADMIN":"El Salvador","ADM0_A3":"SLV","GEOU_DIF":0,"GEOUNIT":"El Salvador","GU_A3":"SLV","SU_DIF":0,"SUBUNIT":"El Salvador","SU_A3":"SLV","BRK_DIFF":0,"NAME":"El Salvador","NAME_LONG":"El Salvador","BRK_A3":"SLV","BRK_NAME":"El Salvador","BRK_GROUP":null,"ABBREV":"El. S.","POSTAL":"SV","FORMAL_EN":"Republic of El Salvador","FORMAL_FR":null,"NAME_CIAWF":"El Salvador","NOTE_ADM0":null,"NOTE_BRK":null,"NAME_SORT":"El Salvador","NAME_ALT":null,"MAPCOLOR7":1,"MAPCOLOR8":4,"MAPCOLOR9":6,"MAPCOLOR13":8,"POP_EST":6453553,"POP_RANK":13,"POP_YEAR":2019,"GDP_MD":27022,"GDP_YEAR":2019,"ECONOMY":"6. Developing region","INCOME_GRP":"4. Lower middle income","FIPS_10":"ES","ISO_A2":"SV","ISO_A2_EH":"SV","ISO_A3":"SLV","ISO_A3_EH":"SLV","ISO_N3":"222","ISO_N3_EH":"222","UN_A3":"222","WB_A2":"SV","WB_A3":"SLV","WOE_ID":23424807,"WOE_ID_EH":23424807,"WOE_NOTE":"Exact WOE match as country","ADM0_ISO":"SLV","ADM0_DIFF":null,"ADM0_TLC":"SLV","ADM0_A3_US":"SLV","ADM0_A3_FR":"SLV","ADM0_A3_RU":"SLV","ADM0_A3_ES":"SLV","ADM0_A3_CN":"SLV","ADM0_A3_TW":"SLV","ADM0_A3_IN":"SLV","ADM0_A3_NP":"SLV","ADM0_A3_PK":"SLV","ADM0_A3_DE":"SLV","ADM0_A3_GB":"SLV","ADM0_A3_BR":"SLV","ADM0_A3_IL":"SLV","ADM0_A3_PS":"SLV","ADM0_A3_SA":"SLV","ADM0_A3_EG":"SLV","ADM0_A3_MA":"SLV","ADM0_A3_PT":"SLV","ADM0_A3_AR":"SLV","ADM0_A3_JP":"SLV","ADM0_A3_KO":"SLV","ADM0_A3_VN":"SLV","ADM0_A3_TR":"SLV","ADM0_A3_ID":"SLV","ADM0_A3_PL":"SLV","ADM0_A3_GR":"SLV","ADM0_A3_IT":"SLV","ADM0_A3_NL":"SLV","ADM0_A3_SE":"SLV","ADM0_A3_BD":"SLV","ADM0_A3_UA":"SLV","ADM0_A3_UN":-99,"ADM0_A3_WB":-99,"CONTINENT":"North America","REGION_UN":"Americas","SUBREGION":"Central America","REGION_WB":"Latin America & Caribbean","NAME_LEN":11,"LONG_LEN":11,"ABBREV_LEN":6,"TINY":-99,"HOMEPART":1,"MIN_ZOOM":0,"MIN_LABEL":5,"MAX_LABEL":10,"LABEL_X":-88.890124,"LABEL_Y":13.685371,"NE_ID":1159321253,"WIKIDATAID":"Q792","NAME_AR":"السلفادور","NAME_BN":"এল সালভাদোর","NAME_DE":"El Salvador","NAME_EN":"El Salvador","NAME_ES":"El Salvador","NAME_FA":"السالوادور","NAME_FR":"Salvador","NAME_EL":"Ελ Σαλβαδόρ","NAME_HE":"אל סלוודור","NAME_HI":"अल साल्वाडोर","NAME_HU":"Salvador","NAME_ID":"El Salvador","NAME_IT":"El Salvador","NAME_JA":"エルサルバドル","NAME_KO":"엘살바도르","NAME_NL":"El Salvador","NAME_PL":"Salwador","NAME_PT":"El Salvador","NAME_RU":"Сальвадор","NAME_SV":"El Salvador","NAME_TR":"El Salvador","NAME_UK":"Сальвадор","NAME_UR":"ایل سیلواڈور","NAME_VI":"El Salvador","NAME_ZH":"萨尔瓦多","NAME_ZHT":"薩爾瓦多","FCLASS_ISO":"Admin-0 country","TLC_DIFF":null,"FCLASS_TLC":"Admin-0 country","FCLASS_US":null,"FCLASS_FR":null,"FCLASS_RU":null,"FCLASS_ES":null,"FCLASS_CN":null,"FCLASS_TW":null,"FCLASS_IN":null,"FCLASS_NP":null,"FCLASS_PK":null,"FCLASS_DE":null,"FCLASS_GB":null,"FCLASS_BR":null,"FCLASS_IL":null,"FCLASS_PS":null,"FCLASS_SA":null,"FCLASS_EG":null,"FCLASS_MA":null,"FCLASS_PT":null,"FCLASS_AR":null,"FCLASS_JP":null,"FCLASS_KO":null,"FCLASS_VN":null,"FCLASS_TR":null,"FCLASS_ID":null,"FCLASS_PL":null,"FCLASS_GR":null,"FCLASS_IT":null,"FCLASS_NL":null,"FCLASS_SE":null,"FCLASS_BD":null,"FCLASS_UA":null},"geometry":{"type":"Polygon","coordinates":[[[-89.353326,14.274142893465717],[-89.058512,14.19262070363149],[-88.84307300000002,13.999106494386307],[-88.541231,13.843464540268139],[-88.503998,13.712670602837434],[-88.06534299999998,13.828386121629917],[-87.859515,13.759128803356036],[-87.723503,13.653949896177217],[-87.793111,13.264381968048264],[-87.904112,13.035093248929995],[-88.483302,13.049642003318413],[-88.84322800000001,13.1429337382993],[-89.256743,13.336448654345245],[-89.812394,13.396855697320431],[-90.09555500000002,13.605637857542991],[-90.064678,13.748112011985627],[-89.721934,13.993013903086506],[-89.53421900000001,14.100295128826328],[-89.58734299999999,14.214488138925386],[-89.353326,14.274142893465717]]]}},{"type":"Feature","bbox":[-92.229249,13.735338,-88.225023,17.819326],"properties":{"featurecla":"Admin-0 country","scalerank":1,"LABELRANK":3,"SOVEREIGNT":"Guatemala","SOV_A3":"GTM","ADM0_DIF":0,"LEVEL":2,"TYPE":"Sovereign country","TLC":"1","ADMIN":"Guatemala","ADM0_A3":"GTM","GEOU_DIF":0,"GEOUNIT":"Guatemala","GU_A3":"GTM","SU_DIF":0,"SUBUNIT":"Guatemala","SU_A3":"GTM","BRK_DIFF":0,"NAME":"Guatemala","NAME_LONG":"Guatemala","BRK_A3":"GTM","BRK_NAME":"Guatemala","BRK_GROUP":null,"ABBREV":"Guat.","POSTAL":"GT","FORMAL_EN":"Republic of Guatemala","FORMAL_FR":null,"NAME_CIAWF":"Guatemala","NOTE_ADM0":null,"NOTE_BRK":null,"NAME_SORT":"Guatemala","NAME_ALT":null,"MAPCOLOR7":3,"MAPCOLOR8":3,"MAPCOLOR9":3,"MAPCOLOR13":6,"POP_EST":16604026,"POP_RANK":14,"POP_YEAR":2019,"GDP_MD":76710,"GDP_YEAR":2019,"ECONOMY":"6. Developing region","INCOME_GRP":"4. Lower middle income","FIPS_10":"GT","ISO_A2":"GT","ISO_A2_EH":"GT","ISO_A3":"GTM","ISO_A3_EH":"GTM","ISO_N3":"320","ISO_N3_EH":"320","UN_A3":"320","WB_A2":"GT","WB_A3":"GTM","WOE_ID":23424834,"WOE_ID_EH":23424834,"WOE_NOTE":"Exact WOE match as country","ADM0_ISO":"GTM","ADM0_DIFF":null,"ADM0_TLC":"GTM","ADM0_A3_US":"GTM","ADM0_A3_FR":"GTM","ADM0_A3_RU":"GTM","ADM0_A3_ES":"GTM","ADM0_A3_CN":"GTM","ADM0_A3_TW":"GTM","ADM0_A3_IN":"GTM","ADM0_A3_NP":"GTM","ADM0_A3_PK":"GTM","ADM0_A3_DE":"GTM","ADM0_A3_GB":"GTM","ADM0_A3_BR":"GTM","ADM0_A3_IL":"GTM","ADM0_A3_PS":"GTM","ADM0_A3_SA":"GTM","ADM0_A3_EG":"GTM","ADM0_A3_MA":"GTM","ADM0_A3_PT":"GTM","ADM0_A3_AR":"GTM","ADM0_A3_JP":"GTM","ADM0_A3_KO":"GTM","ADM0_A3_VN":"GTM","ADM0_A3_TR":"GTM","ADM0_A3_ID":"GTM","ADM0_A3_PL":"GTM","ADM0_A3_GR":"GTM","ADM0_A3_IT":"GTM","ADM0_A3_NL":"GTM","ADM0_A3_SE":"GTM","ADM0_A3_BD":"GTM","ADM0_A3_UA":"GTM","ADM0_A3_UN":-99,"ADM0_A3_WB":-99,"CONTINENT":"North America","REGION_UN":"Americas","SUBREGION":"Central America","REGION_WB":"Latin America & Caribbean","NAME_LEN":9,"LONG_LEN":9,"ABBREV_LEN":5,"TINY":4,"HOMEPART":1,"MIN_ZOOM":0,"MIN_LABEL":3,"MAX_LABEL":8,"LABEL_X":-90.497134,"LABEL_Y":14.982133,"NE_ID":1159320815,"WIKIDATAID":"Q774","NAME_AR":"غواتيمالا","NAME_BN":"গুয়াতেমালা","NAME_DE":"Guatemala","NAME_EN":"Guatemala","NAME_ES":"Guatemala","NAME_FA":"گواتمالا","NAME_FR":"Guatemala","NAME_EL":"Γουατεμάλα","NAME_HE":"גואטמלה","NAME_HI":"ग्वाटेमाला","NAME_HU":"Guatemala","NAME_ID":"Guatemala","NAME_IT":"Guatemala","NAME_JA":"グアテマラ","NAME_KO":"과테말라","NAME_NL":"Guatemala","NAME_PL":"Gwatemala","NAME_PT":"Guatemala","NAME_RU":"Гватемала","NAME_SV":"Guatemala","NAME_TR":"Guatemala","NAME_UK":"Гватемала","NAME_UR":"گواتیمالا","NAME_VI":"Guatemala","NAME_ZH":"危地马拉","NAME_ZHT":"瓜地馬拉","FCLASS_ISO":"Admin-0 country","TLC_DIFF":null,"FCLASS_TLC":"Admin-0 country","FCLASS_US":null,"FCLASS_FR":null,"FCLASS_RU":null,"FCLASS_ES":null,"FCLASS_CN":null,"FCLASS_TW":null,"FCLASS_IN":null,"FCLASS_NP":null,"FCLASS_PK":null,"FCLASS_DE":null,"FCLASS_GB":null,"FCLASS_BR":null,"FCLASS_IL":null,"FCLASS_PS":null,"FCLASS_SA":null,"FCLASS_EG":null,"FCLASS_MA":null,"FCLASS_PT":null,"FCLASS_AR":null,"FCLASS_JP":null,"FCLASS_KO":null,"FCLASS_VN":null,"FCLASS_TR":null,"FCLASS_ID":null,"FCLASS_PL":null,"FCLASS_GR":null,"FCLASS_IT":null,"FCLASS_NL":null,"FCLASS_SE":null,"FCLASS_BD":null,"FCLASS_UA":null},"geometry":{"type":"Polygon","coordinates":[[[-92.22775000000001,14.385270398765893],[-92.20323,14.667232867737122],[-92.08721600000001,14.893955654927128],[-92.229249,15.07446372310088],[-91.74796000000002,15.860053504858692],[-90.46447300000001,15.86293639469438],[-90.43886700000002,16.190248022899038],[-90.600847,16.24850139044602],[-90.711822,16.45644007537697],[-91.08167,16.677844486562925],[-91.453921,16.997238249067284],[-91.002269,16.99961086111113],[-91.00152000000001,17.53717096032192],[-90.067934,17.53882149881177],[-89.14308000000001,17.52832587764303],[-89.15080599999999,16.770837176528904],[-89.229122,15.687190750969403],[-88.930613,15.687513272707747],[-88.604586,15.513284322701328],[-88.518364,15.656814621449575],[-88.225023,15.533847776128415],[-88.68068,15.165981795173462],[-89.15481099999998,14.89572803110433],[-89.22522,14.709971887201824],[-89.145535,14.52005558055783],[-89.353326,14.274142893465717],[-89.58734299999999,14.214488138925386],[-89.53421900000001,14.100295128826328],[-89.721934,13.993013903086506],[-90.064678,13.748112011985627],[-90.09555500000002,13.605637857542991],[-90.608624,13.77511495265437],[-91.23241,13.79265581979453],[-91.689747,13.98524146675427],[-92.22775000000001,14.385270398765893]]]}},{"type":"Feature","bbox":[-89.229122,15.886938,-88.106813,18.499982],"properties":{"featurecla":"Admin-0 country","scalerank":1,"LABELRANK":6,"SOVEREIGNT":"Belize","SOV_A3":"BLZ","ADM0_DIF":0,"LEVEL":2,"TYPE":"Sovereign country","TLC":"1","ADMIN":"Belize","ADM0_A3":"BLZ","GEOU_DIF":0,"GEOUNIT":"Belize","GU_A3":"BLZ","SU_DIF":0,"SUBUNIT":"Belize","SU_A3":"BLZ","BRK_DIFF":0,"NAME":"Belize","NAME_LONG":"Belize","BRK_A3":"BLZ","BRK_NAME":"Belize","BRK_GROUP":null,"ABBREV":"Belize","POSTAL":"BZ","FORMAL_EN":"Belize","FORMAL_FR":null,"NAME_CIAWF":"Belize","NOTE_ADM0":null,"NOTE_BRK":null,"NAME_SORT":"Belize","NAME_ALT":null,"MAPCOLOR7":1,"MAPCOLOR8":4,"MAPCOLOR9":5,"MAPCOLOR13":7,"POP_EST":390353,"POP_RANK":10,"POP_YEAR":2019,"GDP_MD":1879,"GDP_YEAR":2019,"ECONOMY":"6. Developing region","INCOME_GRP":"4. Lower middle income","FIPS_10":"BH","ISO_A2":"BZ","ISO_A2_EH":"BZ","ISO_A3":"BLZ","ISO_A3_EH":"BLZ","ISO_N3":"084","ISO_N3_EH":"084","UN_A3":"084","WB_A2":"BZ","WB_A3":"BLZ","WOE_ID":23424760,"WOE_ID_EH":23424760,"WOE_NOTE":"Exact WOE match as country","ADM0_ISO":"BLZ","ADM0_DIFF":null,"ADM0_TLC":"BLZ","ADM0_A3_US":"BLZ","ADM0_A3_FR":"BLZ","ADM0_A3_RU":"BLZ","ADM0_A3_ES":"BLZ","ADM0_A3_CN":"BLZ","ADM0_A3_TW":"BLZ","ADM0_A3_IN":"BLZ","ADM0_A3_NP":"BLZ","ADM0_A3_PK":"BLZ","ADM0_A3_DE":"BLZ","ADM0_A3_GB":"BLZ","ADM0_A3_BR":"BLZ","ADM0_A3_IL":"BLZ","ADM0_A3_PS":"BLZ","ADM0_A3_SA":"BLZ","ADM0_A3_EG":"BLZ","ADM0_A3_MA":"BLZ","ADM0_A3_PT":"BLZ","ADM0_A3_AR":"BLZ","ADM0_A3_JP":"BLZ","ADM0_A3_KO":"BLZ","ADM0_A3_VN":"BLZ","ADM0_A3_TR":"BLZ","ADM0_A3_ID":"BLZ","ADM0_A3_PL":"BLZ","ADM0_A3_GR":"BLZ","ADM0_A3_IT":"BLZ","ADM0_A3_NL":"BLZ","ADM0_A3_SE":"BLZ","ADM0_A3_BD":"BLZ","ADM0_A3_UA":"BLZ","ADM0_A3_UN":-99,"ADM0_A3_WB":-99,"CONTINENT":"North America","REGION_UN":"Americas","SUBREGION":"Central America","REGION_WB":"Latin America & Caribbean","NAME_LEN":6,"LONG_LEN":6,"ABBREV_LEN":6,"TINY":-99,"HOMEPART":1,"MIN_ZOOM":0,"MIN_LABEL":5,"MAX_LABEL":10,"LABEL_X":-88.712962,"LABEL_Y":17.202068,"NE_ID":1159320431,"WIKIDATAID":"Q242","NAME_AR":"بليز","NAME_BN":"বেলিজ","NAME_DE":"Belize","NAME_EN":"Belize","NAME_ES":"Belice","NAME_FA":"بلیز","NAME_FR":"Belize","NAME_EL":"Μπελίζ","NAME_HE":"בליז","NAME_HI":"बेलीज़","NAME_HU":"Belize","NAME_ID":"Belize","NAME_IT":"Belize","NAME_JA":"ベリーズ","NAME_KO":"벨리즈","NAME_NL":"Belize","NAME_PL":"Belize","NAME_PT":"Belize","NAME_RU":"Белиз","NAME_SV":"Belize","NAME_TR":"Belize","NAME_UK":"Беліз","NAME_UR":"بیلیز","NAME_VI":"Belize","NAME_ZH":"伯利兹","NAME_ZHT":"貝里斯","FCLASS_ISO":"Admin-0 country","TLC_DIFF":null,"FCLASS_TLC":"Admin-0 country","FCLASS_US":null,"FCLASS_FR":null,"FCLASS_RU":null,"FCLASS_ES":null,"FCLASS_CN":null,"FCLASS_TW":null,"FCLASS_IN":null,"FCLASS_NP":null,"FCLASS_PK":null,"FCLASS_DE":null,"FCLASS_GB":null,"FCLASS_BR":null,"FCLASS_IL":null,"FCLASS_PS":null,"FCLASS_SA":null,"FCLASS_EG":null,"FCLASS_MA":null,"FCLASS_PT":null,"FCLASS_AR":null,"FCLASS_JP":null,"FCLASS_KO":null,"FCLASS_VN":null,"FCLASS_TR":null,"FCLASS_ID":null,"FCLASS_PL":null,"FCLASS_GR":null,"FCLASS_IT":null,"FCLASS_NL":null,"FCLASS_SE":null,"FCLASS_BD":null,"FCLASS_UA":null},"geometry":{"type":"Polygon","coordinates":[[[-89.14308000000001,17.52832587764303],[-89.150909,17.668588087336513],[-89.029857,17.712453793966848],[-88.848344,17.599714040010067],[-88.490123,18.174167190413133],[-88.30003100000002,18.186661676185867],[-88.296336,18.04722599047609],[-88.106813,18.042853200075992],[-88.12347899999999,17.784040367268364],[-88.285355,17.371705492743057],[-88.197867,17.224032887795047],[-88.302641,16.881982742335552],[-88.239518,16.790453694928942],[-88.355428,16.306092533668995],[-88.551825,16.051292633468112],[-88.73243400000001,16.02069926992707],[-88.930613,15.687513272707747],[-89.229122,15.687190750969403],[-89.15080599999999,16.770837176528904],[-89.14308000000001,17.52832587764303]]]}},{"type":"Feature","bbox":[-73.304952,0.724452,-59.758285,12.162307],"properties":{"featurecla":"Admin-0 country","scalerank":1,"LABELRANK":3,"SOVEREIGNT":"Venezuela","SOV_A3":"VEN","ADM0_DIF":0,"LEVEL":2,"TYPE":"Sovereign country","TLC":"1","ADMIN":"Venezuela","ADM0_A3":"VEN","GEOU_DIF":0,"GEOUNIT":"Venezuela","GU_A3":"VEN","SU_DIF":0,"SUBUNIT":"Venezuela","SU_A3":"VEN","BRK_DIFF":0,"NAME":"Venezuela","NAME_LONG":"Venezuela","BRK_A3":"VEN","BRK_NAME":"Venezuela","BRK_GROUP":null,"ABBREV":"Ven.","POSTAL":"VE","FORMAL_EN":"Bolivarian Republic of Venezuela","FORMAL_FR":"República Bolivariana de Venezuela","NAME_CIAWF":"Venezuela","NOTE_ADM0":null,"NOTE_BRK":null,"NAME_SORT":"Venezuela, RB","NAME_ALT":null,"MAPCOLOR7":1,"MAPCOLOR8":3,"MAPCOLOR9":1,"MAPCOLOR13":4,"POP_EST":28515829,"POP_RANK":15,"POP_YEAR":2019,"GDP_MD":482359,"GDP_YEAR":2014,"ECONOMY":"5. Emerging region: G20","INCOME_GRP":"3. Upper middle income","FIPS_10":"VE","ISO_A2":"VE","ISO_A2_EH":"VE","ISO_A3":"VEN","ISO_A3_EH":"VEN","ISO_N3":"862","ISO_N3_EH":"862","UN_A3":"862","WB_A2":"VE","WB_A3":"VEN","WOE_ID":23424982,"WOE_ID_EH":23424982,"WOE_NOTE":"Exact WOE match as country","ADM0_ISO":"VEN","ADM0_DIFF":null,"ADM0_TLC":"VEN","ADM0_A3_US":"VEN","ADM0_A3_FR":"VEN","ADM0_A3_RU":"VEN","ADM0_A3_ES":"VEN","ADM0_A3_CN":"VEN","ADM0_A3_TW":"VEN","ADM0_A3_IN":"VEN","ADM0_A3_NP":"VEN","ADM0_A3_PK":"VEN","ADM0_A3_DE":"VEN","ADM0_A3_GB":"VEN","ADM0_A3_BR":"VEN","ADM0_A3_IL":"VEN","ADM0_A3_PS":"VEN","ADM0_A3_SA":"VEN","ADM0_A3_EG":"VEN","ADM0_A3_MA":"VEN","ADM0_A3_PT":"VEN","ADM0_A3_AR":"VEN","ADM0_A3_JP":"VEN","ADM0_A3_KO":"VEN","ADM0_A3_VN":"VEN","ADM0_A3_TR":"VEN","ADM0_A3_ID":"VEN","ADM0_A3_PL":"VEN","ADM0_A3_GR":"VEN","ADM0_A3_IT":"VEN","ADM0_A3_NL":"VEN","ADM0_A3_SE":"VEN","ADM0_A3_BD":"VEN","ADM0_A3_UA":"VEN","ADM0_A3_UN":-99,"ADM0_A3_WB":-99,"CONTINENT":"South America","REGION_UN":"Americas","SUBREGION":"South America","REGION_WB":"Latin America & Caribbean","NAME_LEN":9,"LONG_LEN":9,"ABBREV_LEN":4,"TINY":-99,"HOMEPART":1,"MIN_ZOOM":0,"MIN_LABEL":2.5,"MAX_LABEL":7.5,"LABEL_X":-64.599381,"LABEL_Y":7.182476,"NE_ID":1159321411,"WIKIDATAID":"Q717","NAME_AR":"فنزويلا","NAME_BN":"ভেনেজুয়েলা","NAME_DE":"Venezuela","NAME_EN":"Venezuela","NAME_ES":"Venezuela","NAME_FA":"ونزوئلا","NAME_FR":"Venezuela","NAME_EL":"Βενεζουέλα","NAME_HE":"ונצואלה","NAME_HI":"वेनेज़ुएला","NAME_HU":"Venezuela","NAME_ID":"Venezuela","NAME_IT":"Venezuela","NAME_JA":"ベネズエラ","NAME_KO":"베네수엘라","NAME_NL":"Venezuela","NAME_PL":"Wenezuela","NAME_PT":"Venezuela","NAME_RU":"Венесуэла","NAME_SV":"Venezuela","NAME_TR":"Venezuela","NAME_UK":"Венесуела","NAME_UR":"وینیزویلا","NAME_VI":"Venezuela","NAME_ZH":"委内瑞拉","NAME_ZHT":"委內瑞拉","FCLASS_ISO":"Admin-0 country","TLC_DIFF":null,"FCLASS_TLC":"Admin-0 country","FCLASS_US":null,"FCLASS_FR":null,"FCLASS_RU":null,"FCLASS_ES":null,"FCLASS_CN":null,"FCLASS_TW":null,"FCLASS_IN":null,"FCLASS_NP":null,"FCLASS_PK":null,"FCLASS_DE":null,"FCLASS_GB":null,"FCLASS_BR":null,"FCLASS_IL":null,"FCLASS_PS":null,"FCLASS_SA":null,"FCLASS_EG":null,"FCLASS_MA":null,"FCLASS_PT":null,"FCLASS_AR":null,"FCLASS_JP":null,"FCLASS_KO":null,"FCLASS_VN":null,"FCLASS_TR":null,"FCLASS_ID":null,"FCLASS_PL":null,"FCLASS_GR":null,"FCLASS_IT":null,"FCLASS_NL":null,"FCLASS_SE":null,"FCLASS_BD":null,"FCLASS_UA":null},"geometry":{"type":"Polygon","coordinates":[[[-60.733574,5.193151920182953],[-60.601179,4.912069683798023],[-60.966893000000006,4.531735647252929],[-62.08543,4.158468253365308],[-62.804533,4.003702732707639],[-63.09319800000001,3.7678523394904473],[-63.88834299999999,4.01723451590122],[-64.628659,4.144861053900104],[-64.816064,4.053060484583322],[-64.368494,3.794433352174846],[-64.408828,3.125235132237652],[-64.26999900000001,2.4962159472424186],[-63.422867,2.410356721544259],[-63.36878800000001,2.2003589414692932],[-64.083085,1.9160117934145915],[-64.199306,1.4926861182711333],[-64.611012,1.3286119152085765],[-65.354713,1.0952152975689744],[-65.548267,0.7892290406507523],[-66.325765,0.7244326974371821],[-66.876326,1.2532610506292703],[-67.181294,2.250059433957493],[-67.447092,2.599388844033453],[-67.809938,2.819516349699885],[-67.303173,3.3166002682711753],[-67.337564,3.540087448288963],[-67.621836,3.836611654346531],[-67.823012,4.4993056224945365],[-67.744697,5.2139179849093145],[-67.521532,5.548178904667299],[-67.34144,6.084002364977213],[-67.695087,6.254857021603879],[-68.265052,6.141473728754384],[-68.985319,6.194700799148223],[-69.38948,6.088370603983551],[-70.093313,6.943318978999467],[-70.674234,7.069776489918761],[-71.960176,6.974327855853534],[-72.198352,7.3204327990308355],[-72.444487,7.403099695222842],[-72.479679,7.61003181845148],[-72.360901,7.976744443119319],[-72.439862,8.375288142763186],[-72.660495,8.592893374699317],[-72.78873,9.04719462231478],[-73.304952,9.113328328489326],[-73.027604,9.690240585834372],[-72.905286,10.39287905003968],[-72.614658,10.758196788281467],[-72.227575,11.039751530503006],[-71.973922,11.530053623488792],[-71.331584,11.694234981983087],[-71.360006,11.462753499491807],[-71.94705,11.348346345813459],[-71.620868,10.90305458942094],[-71.633064,10.389092190580083],[-72.074174,9.817258580117624],[-71.695644,9.03458919663553],[-71.264559,9.098709913188625],[-71.039999,9.81168338564096],[-71.350084,10.158294034333325],[-71.400623,10.902572452252791],[-70.155299,11.301477043328477],[-70.293843,11.763300205360936],[-69.943245,12.071984659872664],[-69.5843,11.38396285221685],[-68.882999,11.368055630680571],[-68.233271,10.820838445694786],[-68.194127,10.495459845558724],[-67.296249,10.486821703766317],[-66.22786400000001,10.58784775702532],[-65.655238,10.147332411695478],[-64.890452,10.025658490202932],[-64.329479,10.333124935474226],[-64.318007,10.580761413095134],[-63.079322,10.640036295072985],[-61.88094600000001,10.653697983077837],[-62.730119,10.363296064235662],[-62.38851199999999,9.898592703775456],[-61.588767,9.824565903886704],[-60.830597000000004,9.339701011878525],[-60.67125200000001,8.548283163374885],[-60.150096,8.570614633029564],[-59.758285,8.337454126715256],[-60.550588,7.75580830221856],[-60.63797300000001,7.394387839264163],[-60.295668,7.026234016320764],[-60.543999,6.840276939309008],[-61.15933600000001,6.680886040176953],[-61.13941500000001,6.222031563350173],[-61.410303,5.948353642031704],[-60.733574,5.193151920182953]]]}},{"type":"Feature","bbox":[-61.410303,1.268088,-56.539386,8.367035],"properties":{"featurecla":"Admin-0 country","scalerank":1,"LABELRANK":4,"SOVEREIGNT":"Guyana","SOV_A3":"GUY","ADM0_DIF":0,"LEVEL":2,"TYPE":"Sovereign country","TLC":"1","ADMIN":"Guyana","ADM0_A3":"GUY","GEOU_DIF":0,"GEOUNIT":"Guyana","GU_A3":"GUY","SU_DIF":0,"SUBUNIT":"Guyana","SU_A3":"GUY","BRK_DIFF":0,"NAME":"Guyana","NAME_LONG":"Guyana","BRK_A3":"GUY","BRK_NAME":"Guyana","BRK_GROUP":null,"ABBREV":"Guy.","POSTAL":"GY","FORMAL_EN":"Co-operative Republic of Guyana","FORMAL_FR":null,"NAME_CIAWF":"Guyana","NOTE_ADM0":null,"NOTE_BRK":null,"NAME_SORT":"Guyana","NAME_ALT":null,"MAPCOLOR7":3,"MAPCOLOR8":1,"MAPCOLOR9":4,"MAPCOLOR13":8,"POP_EST":782766,"POP_RANK":11,"POP_YEAR":2019,"GDP_MD":5173,"GDP_YEAR":2019,"ECONOMY":"6. Developing region","INCOME_GRP":"4. Lower middle income","FIPS_10":"GY","ISO_A2":"GY","ISO_A2_EH":"GY","ISO_A3":"GUY","ISO_A3_EH":"GUY","ISO_N3":"328","ISO_N3_EH":"328","UN_A3":"328","WB_A2":"GY","WB_A3":"GUY","WOE_ID":23424836,"WOE_ID_EH":23424836,"WOE_NOTE":"Exact WOE match as country","ADM0_ISO":"GUY","ADM0_DIFF":null,"ADM0_TLC":"GUY","ADM0_A3_US":"GUY","ADM0_A3_FR":"GUY","ADM0_A3_RU":"GUY","ADM0_A3_ES":"GUY","ADM0_A3_CN":"GUY","ADM0_A3_TW":"GUY","ADM0_A3_IN":"GUY","ADM0_A3_NP":"GUY","ADM0_A3_PK":"GUY","ADM0_A3_DE":"GUY","ADM0_A3_GB":"GUY","ADM0_A3_BR":"GUY","ADM0_A3_IL":"GUY","ADM0_A3_PS":"GUY","ADM0_A3_SA":"GUY","ADM0_A3_EG":"GUY","ADM0_A3_MA":"GUY","ADM0_A3_PT":"GUY","ADM0_A3_AR":"GUY","ADM0_A3_JP":"GUY","ADM0_A3_KO":"GUY","ADM0_A3_VN":"GUY","ADM0_A3_TR":"GUY","ADM0_A3_ID":"GUY","ADM0_A3_PL":"GUY","ADM0_A3_GR":"GUY","ADM0_A3_IT":"GUY","ADM0_A3_NL":"GUY","ADM0_A3_SE":"GUY","ADM0_A3_BD":"GUY","ADM0_A3_UA":"GUY","ADM0_A3_UN":-99,"ADM0_A3_WB":-99,"CONTINENT":"South America","REGION_UN":"Americas","SUBREGION":"South America","REGION_WB":"Latin America & Caribbean","NAME_LEN":6,"LONG_LEN":6,"ABBREV_LEN":4,"TINY":-99,"HOMEPART":1,"MIN_ZOOM":0,"MIN_LABEL":4,"MAX_LABEL":9,"LABEL_X":-58.942643,"LABEL_Y":5.124317,"NE_ID":1159320817,"WIKIDATAID":"Q734","NAME_AR":"غيانا","NAME_BN":"গায়ানা","NAME_DE":"Guyana","NAME_EN":"Guyana","NAME_ES":"Guyana","NAME_FA":"گویان","NAME_FR":"Guyana","NAME_EL":"Γουιάνα","NAME_HE":"גיאנה","NAME_HI":"गयाना","NAME_HU":"Guyana","NAME_ID":"Guyana","NAME_IT":"Guyana","NAME_JA":"ガイアナ","NAME_KO":"가이아나","NAME_NL":"Guyana","NAME_PL":"Gujana","NAME_PT":"Guiana","NAME_RU":"Гайана","NAME_SV":"Guyana","NAME_TR":"Guyana","NAME_UK":"Гаяна","NAME_UR":"گیانا","NAME_VI":"Guyana","NAME_ZH":"圭亚那","NAME_ZHT":"圭亞那","FCLASS_ISO":"Admin-0 country","TLC_DIFF":null,"FCLASS_TLC":"Admin-0 country","FCLASS_US":null,"FCLASS_FR":null,"FCLASS_RU":null,"FCLASS_ES":null,"FCLASS_CN":null,"FCLASS_TW":null,"FCLASS_IN":null,"FCLASS_NP":null,"FCLASS_PK":null,"FCLASS_DE":null,"FCLASS_GB":null,"FCLASS_BR":null,"FCLASS_IL":null,"FCLASS_PS":null,"FCLASS_SA":null,"FCLASS_EG":null,"FCLASS_MA":null,"FCLASS_PT":null,"FCLASS_AR":null,"FCLASS_JP":null,"FCLASS_KO":null,"FCLASS_VN":null,"FCLASS_TR":null,"FCLASS_ID":null,"FCLASS_PL":null,"FCLASS_GR":null,"FCLASS_IT":null,"FCLASS_NL":null,"FCLASS_SE":null,"FCLASS_BD":null,"FCLASS_UA":null},"geometry":{"type":"Polygon","coordinates":[[[-56.539386,1.8991751293081771],[-56.782704,1.8633824327047956],[-57.33582299999999,1.9481625046399251],[-57.660970999999996,1.682343208570407],[-58.11345,1.5070212052325394],[-58.429477,1.4637827409120996],[-58.540012999999995,1.2679844861446818],[-59.030862000000006,1.317581856817052],[-59.646043999999996,1.7866044028587602],[-59.718546,2.249052210782208],[-59.974525,2.754171726048917],[-59.815413,3.604119799543962],[-59.53804000000001,3.955656865860957],[-59.76740600000001,4.419115107889801],[-60.11100199999999,4.570113267093908],[-59.980959,5.007673338644767],[-60.213683,5.237177910413893],[-60.733574,5.193151920182953],[-61.410303,5.948353642031704],[-61.13941500000001,6.222031563350173],[-61.15933600000001,6.680886040176953],[-60.543999,6.840276939309008],[-60.295668,7.026234016320764],[-60.63797300000001,7.394387839264163],[-60.550588,7.75580830221856],[-59.758285,8.337454126715256],[-59.101684000000006,7.973341674064233],[-58.48296199999999,7.327633565100098],[-58.454876,6.8166487419298205],[-58.078103000000006,6.793122649617684],[-57.542219,6.308483104367938],[-57.147436000000006,5.962359641995281],[-57.307246,5.066949507746611],[-57.914289,4.806976829390492],[-57.86021,4.571941433699315],[-58.044694,4.057468420744539],[-57.601569,3.3327740006579405],[-57.28143300000001,3.331612966924827],[-57.150098,2.767849829307305],[-56.539386,1.8991751293081771]]]}},{"type":"Feature","bbox":[-58.044694,1.817667,-53.958045,6.025291],"properties":{"featurecla":"Admin-0 country","scalerank":1,"LABELRANK":4,"SOVEREIGNT":"Suriname","SOV_A3":"SUR","ADM0_DIF":0,"LEVEL":2,"TYPE":"Sovereign country","TLC":"1","ADMIN":"Suriname","ADM0_A3":"SUR","GEOU_DIF":0,"GEOUNIT":"Suriname","GU_A3":"SUR","SU_DIF":0,"SUBUNIT":"Suriname","SU_A3":"SUR","BRK_DIFF":0,"NAME":"Suriname","NAME_LONG":"Suriname","BRK_A3":"SUR","BRK_NAME":"Suriname","BRK_GROUP":null,"ABBREV":"Sur.","POSTAL":"SR","FORMAL_EN":"Republic of Suriname","FORMAL_FR":null,"NAME_CIAWF":"Suriname","NOTE_ADM0":null,"NOTE_BRK":null,"NAME_SORT":"Suriname","NAME_ALT":null,"MAPCOLOR7":1,"MAPCOLOR8":4,"MAPCOLOR9":7,"MAPCOLOR13":6,"POP_EST":581363,"POP_RANK":11,"POP_YEAR":2019,"GDP_MD":3697,"GDP_YEAR":2019,"ECONOMY":"6. Developing region","INCOME_GRP":"3. Upper middle income","FIPS_10":"NS","ISO_A2":"SR","ISO_A2_EH":"SR","ISO_A3":"SUR","ISO_A3_EH":"SUR","ISO_N3":"740","ISO_N3_EH":"740","UN_A3":"740","WB_A2":"SR","WB_A3":"SUR","WOE_ID":23424913,"WOE_ID_EH":23424913,"WOE_NOTE":"Exact WOE match as country","ADM0_ISO":"SUR","ADM0_DIFF":null,"ADM0_TLC":"SUR","ADM0_A3_US":"SUR","ADM0_A3_FR":"SUR","ADM0_A3_RU":"SUR","ADM0_A3_ES":"SUR","ADM0_A3_CN":"SUR","ADM0_A3_TW":"SUR","ADM0_A3_IN":"SUR","ADM0_A3_NP":"SUR","ADM0_A3_PK":"SUR","ADM0_A3_DE":"SUR","ADM0_A3_GB":"SUR","ADM0_A3_BR":"SUR","ADM0_A3_IL":"SUR","ADM0_A3_PS":"SUR","ADM0_A3_SA":"SUR","ADM0_A3_EG":"SUR","ADM0_A3_MA":"SUR","ADM0_A3_PT":"SUR","ADM0_A3_AR":"SUR","ADM0_A3_JP":"SUR","ADM0_A3_KO":"SUR","ADM0_A3_VN":"SUR","ADM0_A3_TR":"SUR","ADM0_A3_ID":"SUR","ADM0_A3_PL":"SUR","ADM0_A3_GR":"SUR","ADM0_A3_IT":"SUR","ADM0_A3_NL":"SUR","ADM0_A3_SE":"SUR","ADM0_A3_BD":"SUR","ADM0_A3_UA":"SUR","ADM0_A3_UN":-99,"ADM0_A3_WB":-99,"CONTINENT":"South America","REGION_UN":"Americas","SUBREGION":"South America","REGION_WB":"Latin America & Caribbean","NAME_LEN":8,"LONG_LEN":8,"ABBREV_LEN":4,"TINY":-99,"HOMEPART":1,"MIN_ZOOM":0,"MIN_LABEL":4,"MAX_LABEL":9,"LABEL_X":-55.91094,"LABEL_Y":4.143987,"NE_ID":1159321281,"WIKIDATAID":"Q730","NAME_AR":"سورينام","NAME_BN":"সুরিনাম","NAME_DE":"Suriname","NAME_EN":"Suriname","NAME_ES":"Surinam","NAME_FA":"سورینام","NAME_FR":"Suriname","NAME_EL":"Σουρινάμ","NAME_HE":"סורינאם","NAME_HI":"सूरीनाम","NAME_HU":"Suriname","NAME_ID":"Suriname","NAME_IT":"Suriname","NAME_JA":"スリナム","NAME_KO":"수리남","NAME_NL":"Suriname","NAME_PL":"Surinam","NAME_PT":"Suriname","NAME_RU":"Суринам","NAME_SV":"Surinam","NAME_TR":"Surinam","NAME_UK":"Суринам","NAME_UR":"سرینام","NAME_VI":"Suriname","NAME_ZH":"苏里南","NAME_ZHT":"蘇利南","FCLASS_ISO":"Admin-0 country","TLC_DIFF":null,"FCLASS_TLC":"Admin-0 country","FCLASS_US":null,"FCLASS_FR":null,"FCLASS_RU":null,"FCLASS_ES":null,"FCLASS_CN":null,"FCLASS_TW":null,"FCLASS_IN":null,"FCLASS_NP":null,"FCLASS_PK":null,"FCLASS_DE":null,"FCLASS_GB":null,"FCLASS_BR":null,"FCLASS_IL":null,"FCLASS_PS":null,"FCLASS_SA":null,"FCLASS_EG":null,"FCLASS_MA":null,"FCLASS_PT":null,"FCLASS_AR":null,"FCLASS_JP":null,"FCLASS_KO":null,"FCLASS_VN":null,"FCLASS_TR":null,"FCLASS_ID":null,"FCLASS_PL":null,"FCLASS_GR":null,"FCLASS_IT":null,"FCLASS_NL":null,"FCLASS_SE":null,"FCLASS_BD":null,"FCLASS_UA":null},"geometry":{"type":"Polygon","coordinates":[[[-54.524753999999994,2.311221945686056],[-55.097587,2.5229322992509466],[-55.569755,2.4207854464565743],[-55.97332200000001,2.509561203963772],[-56.073342000000004,2.2202391394887777],[-55.90559999999999,2.0215764254191364],[-55.995698000000004,1.8173621843934367],[-56.539386,1.8991751293081771],[-57.150098,2.767849829307305],[-57.28143300000001,3.331612966924827],[-57.601569,3.3327740006579405],[-58.044694,4.057468420744539],[-57.86021,4.571941433699315],[-57.914289,4.806976829390492],[-57.307246,5.066949507746611],[-57.147436000000006,5.962359641995281],[-55.949318,5.763135279093841],[-55.84178,5.942442609089375],[-55.03325,6.014216119356076],[-53.958045,5.746887586409088],[-54.478633,4.8908057283604345],[-54.399542000000004,4.208820721189001],[-54.006931,3.617631921775585],[-54.181726000000005,3.1881335470016303],[-54.269705,2.731356891993037],[-54.524753999999994,2.311221945686056]]]}},{"type":"Feature","bbox":[-54.524754,2.053389,9.560016,51.148506],"properties":{"featurecla":"Admin-0 country","scalerank":1,"LABELRANK":2,"SOVEREIGNT":"France","SOV_A3":"FR1","ADM0_DIF":1,"LEVEL":2,"TYPE":"Country","TLC":"1","ADMIN":"France","ADM0_A3":"FRA","GEOU_DIF":0,"GEOUNIT":"France","GU_A3":"FRA","SU_DIF":0,"SUBUNIT":"France","SU_A3":"FRA","BRK_DIFF":0,"NAME":"France","NAME_LONG":"France","BRK_A3":"FRA","BRK_NAME":"France","BRK_GROUP":null,"ABBREV":"Fr.","POSTAL":"F","FORMAL_EN":"French Republic","FORMAL_FR":null,"NAME_CIAWF":"France","NOTE_ADM0":null,"NOTE_BRK":null,"NAME_SORT":"France","NAME_ALT":null,"MAPCOLOR7":7,"MAPCOLOR8":5,"MAPCOLOR9":9,"MAPCOLOR13":11,"POP_EST":67059887,"POP_RANK":16,"POP_YEAR":2019,"GDP_MD":2715518,"GDP_YEAR":2019,"ECONOMY":"1. Developed region: G7","INCOME_GRP":"1. High income: OECD","FIPS_10":"FR","ISO_A2":"-99","ISO_A2_EH":"FR","ISO_A3":"-99","ISO_A3_EH":"FRA","ISO_N3":"-99","ISO_N3_EH":"250","UN_A3":"250","WB_A2":"FR","WB_A3":"FRA","WOE_ID":-90,"WOE_ID_EH":23424819,"WOE_NOTE":"Includes only Metropolitan France (including Corsica)","ADM0_ISO":"FRA","ADM0_DIFF":null,"ADM0_TLC":"FRA","ADM0_A3_US":"FRA","ADM0_A3_FR":"FRA","ADM0_A3_RU":"FRA","ADM0_A3_ES":"FRA","ADM0_A3_CN":"FRA","ADM0_A3_TW":"FRA","ADM0_A3_IN":"FRA","ADM0_A3_NP":"FRA","ADM0_A3_PK":"FRA","ADM0_A3_DE":"FRA","ADM0_A3_GB":"FRA","ADM0_A3_BR":"FRA","ADM0_A3_IL":"FRA","ADM0_A3_PS":"FRA","ADM0_A3_SA":"FRA","ADM0_A3_EG":"FRA","ADM0_A3_MA":"FRA","ADM0_A3_PT":"FRA","ADM0_A3_AR":"FRA","ADM0_A3_JP":"FRA","ADM0_A3_KO":"FRA","ADM0_A3_VN":"FRA","ADM0_A3_TR":"FRA","ADM0_A3_ID":"FRA","ADM0_A3_PL":"FRA","ADM0_A3_GR":"FRA","ADM0_A3_IT":"FRA","ADM0_A3_NL":"FRA","ADM0_A3_SE":"FRA","ADM0_A3_BD":"FRA","ADM0_A3_UA":"FRA","ADM0_A3_UN":-99,"ADM0_A3_WB":-99,"CONTINENT":"Europe","REGION_UN":"Europe","SUBREGION":"Western Europe","REGION_WB":"Europe & Central Asia","NAME_LEN":6,"LONG_LEN":6,"ABBREV_LEN":3,"TINY":-99,"HOMEPART":1,"MIN_ZOOM":0,"MIN_LABEL":1.7,"MAX_LABEL":6.7,"LABEL_X":2.552275,"LABEL_Y":46.696113,"NE_ID":1159320637,"WIKIDATAID":"Q142","NAME_AR":"فرنسا","NAME_BN":"ফ্রান্স","NAME_DE":"Frankreich","NAME_EN":"France","NAME_ES":"Francia","NAME_FA":"فرانسه","NAME_FR":"France","NAME_EL":"Γαλλία","NAME_HE":"צרפת","NAME_HI":"फ़्रान्स","NAME_HU":"Franciaország","NAME_ID":"Prancis","NAME_IT":"Francia","NAME_JA":"フランス","NAME_KO":"프랑스","NAME_NL":"Frankrijk","NAME_PL":"Francja","NAME_PT":"França","NAME_RU":"Франция","NAME_SV":"Frankrike","NAME_TR":"Fransa","NAME_UK":"Франція","NAME_UR":"فرانس","NAME_VI":"Pháp","NAME_ZH":"法国","NAME_ZHT":"法國","FCLASS_ISO":"Admin-0 country","TLC_DIFF":null,"FCLASS_TLC":"Admin-0 country","FCLASS_US":null,"FCLASS_FR":null,"FCLASS_RU":null,"FCLASS_ES":null,"FCLASS_CN":null,"FCLASS_TW":null,"FCLASS_IN":null,"FCLASS_NP":null,"FCLASS_PK":null,"FCLASS_DE":null,"FCLASS_GB":null,"FCLASS_BR":null,"FCLASS_IL":null,"FCLASS_PS":null,"FCLASS_SA":null,"FCLASS_EG":null,"FCLASS_MA":null,"FCLASS_PT":null,"FCLASS_AR":null,"FCLASS_JP":null,"FCLASS_KO":null,"FCLASS_VN":null,"FCLASS_TR":null,"FCLASS_ID":null,"FCLASS_PL":null,"FCLASS_GR":null,"FCLASS_IT":null,"FCLASS_NL":null,"FCLASS_SE":null,"FCLASS_BD":null,"FCLASS_UA":null},"geometry":{"type":"MultiPolygon","coordinates":[[[[-51.65779700000001,4.152591743315119],[-52.249338,3.239366845759464],[-52.556425,2.5039076191324363],[-52.939657000000004,2.124371095342777],[-53.418465,2.0529495820870842],[-53.554839,2.3342510090883306],[-53.778521,2.3760216951842907],[-54.088063,2.1050832405353956],[-54.524753999999994,2.311221945686056],[-54.269705,2.731356891993037],[-54.181726000000005,3.1881335470016303],[-54.006931,3.617631921775585],[-54.399542000000004,4.208820721189001],[-54.478633,4.8908057283604345],[-53.958045,5.746887586409088],[-53.618453,5.637411088444913],[-52.882141,5.40183065817324],[-51.823343,4.5609434559979665],[-51.65779700000001,4.152591743315119]]],[[[6.18632,44.26333907459079],[6.65823,44.07552248993689],[8.099279,43.94305963422817],[7.593676,43.44796433323626],[7.466758999999999,42.92852497544945],[7.192202,42.80332586548854],[6.736571,42.87081421073853],[6.768714,42.684311218798115],[6.037389000000001,42.269864340687164],[6.022609,41.93391712634907],[6.5001,42.05036960969834],[6.843593000000001,41.72390505855573],[6.802355,41.51266218086126],[7.096652,41.23088816344805],[6.749955,41.001423926403696],[7.007562000000001,40.414894938480536],[7.549596,40.31823368094362],[7.435185000000001,39.98647168406259],[6.529245,39.552236717528096],[4.5569630000000005,39.76068965807433],[3.100411,39.51082622504625],[2.985999,39.044685447491354],[1.826793,38.94393594646453],[0.7015910000000001,39.2948818280401],[0.338047,39.12737480961473],[-1.502771,39.47904300829927],[-1.901351,39.77848405341372],[-1.384225,40.23790552551977],[-1.193798,41.741644346136326],[-2.225724,42.519913340086156],[-2.963276,42.891717077339685],[-4.491555,43.17286679822171],[-4.59235,43.70235513803573],[-3.295814,43.85941117147373],[-1.6165110000000003,43.673619391847566],[-1.9334940000000003,44.486734491096854],[-0.989469,44.17990197956585],[1.3387609999999999,44.73648479868854],[1.639001,45.315640395204674],[2.5135730000000005,45.457438755048514],[2.658422,45.210232619470915],[3.1232520000000004,45.198617628029844],[3.5881839999999996,44.91508810021229],[4.286023,44.58022708934946],[4.799222,44.635669237382196],[5.674052,44.31035701379115],[5.897759,44.24820080215805],[6.18632,44.26333907459079]]],[[[8.746009,39.165047317271],[9.390001,39.46049357929386],[9.560016,38.79531134064714],[9.229752,38.19070595801527],[8.775723,38.35055489808209],[8.544213,38.876341183401834],[8.746009,39.165047317271]]]]}},{"type":"Feature","bbox":[-80.967765,-4.959129,-75.233723,1.380924],"properties":{"featurecla":"Admin-0 country","scalerank":1,"LABELRANK":3,"SOVEREIGNT":"Ecuador","SOV_A3":"ECU","ADM0_DIF":0,"LEVEL":2,"TYPE":"Sovereign country","TLC":"1","ADMIN":"Ecuador","ADM0_A3":"ECU","GEOU_DIF":0,"GEOUNIT":"Ecuador","GU_A3":"ECU","SU_DIF":0,"SUBUNIT":"Ecuador","SU_A3":"ECU","BRK_DIFF":0,"NAME":"Ecuador","NAME_LONG":"Ecuador","BRK_A3":"ECU","BRK_NAME":"Ecuador","BRK_GROUP":null,"ABBREV":"Ecu.","POSTAL":"EC","FORMAL_EN":"Republic of Ecuador","FORMAL_FR":null,"NAME_CIAWF":"Ecuador","NOTE_ADM0":null,"NOTE_BRK":null,"NAME_SORT":"Ecuador","NAME_ALT":null,"MAPCOLOR7":1,"MAPCOLOR8":5,"MAPCOLOR9":2,"MAPCOLOR13":12,"POP_EST":17373662,"POP_RANK":14,"POP_YEAR":2019,"GDP_MD":107435,"GDP_YEAR":2019,"ECONOMY":"6. Developing region","INCOME_GRP":"3. Upper middle income","FIPS_10":"EC","ISO_A2":"EC","ISO_A2_EH":"EC","ISO_A3":"ECU","ISO_A3_EH":"ECU","ISO_N3":"218","ISO_N3_EH":"218","UN_A3":"218","WB_A2":"EC","WB_A3":"ECU","WOE_ID":23424801,"WOE_ID_EH":23424801,"WOE_NOTE":"Exact WOE match as country","ADM0_ISO":"ECU","ADM0_DIFF":null,"ADM0_TLC":"ECU","ADM0_A3_US":"ECU","ADM0_A3_FR":"ECU","ADM0_A3_RU":"ECU","ADM0_A3_ES":"ECU","ADM0_A3_CN":"ECU","ADM0_A3_TW":"ECU","ADM0_A3_IN":"ECU","ADM0_A3_NP":"ECU","ADM0_A3_PK":"ECU","ADM0_A3_DE":"ECU","ADM0_A3_GB":"ECU","ADM0_A3_BR":"ECU","ADM0_A3_IL":"ECU","ADM0_A3_PS":"ECU","ADM0_A3_SA":"ECU","ADM0_A3_EG":"ECU","ADM0_A3_MA":"ECU","ADM0_A3_PT":"ECU","ADM0_A3_AR":"ECU","ADM0_A3_JP":"ECU","ADM0_A3_KO":"ECU","ADM0_A3_VN":"ECU","ADM0_A3_TR":"ECU","ADM0_A3_ID":"ECU","ADM0_A3_PL":"ECU","ADM0_A3_GR":"ECU","ADM0_A3_IT":"ECU","ADM0_A3_NL":"ECU","ADM0_A3_SE":"ECU","ADM0_A3_BD":"ECU","ADM0_A3_UA":"ECU","ADM0_A3_UN":-99,"ADM0_A3_WB":-99,"CONTINENT":"South America","REGION_UN":"Americas","SUBREGION":"South America","REGION_WB":"Latin America & Caribbean","NAME_LEN":7,"LONG_LEN":7,"ABBREV_LEN":4,"TINY":-99,"HOMEPART":1,"MIN_ZOOM":0,"MIN_LABEL":3,"MAX_LABEL":8,"LABEL_X":-78.188375,"LABEL_Y":-1.259076,"NE_ID":1159320567,"WIKIDATAID":"Q736","NAME_AR":"الإكوادور","NAME_BN":"ইকুয়েডর","NAME_DE":"Ecuador","NAME_EN":"Ecuador","NAME_ES":"Ecuador","NAME_FA":"اکوادور","NAME_FR":"Équateur","NAME_EL":"Εκουαδόρ","NAME_HE":"אקוודור","NAME_HI":"ईक्वाडोर","NAME_HU":"Ecuador","NAME_ID":"Ekuador","NAME_IT":"Ecuador","NAME_JA":"エクアドル","NAME_KO":"에콰도르","NAME_NL":"Ecuador","NAME_PL":"Ekwador","NAME_PT":"Equador","NAME_RU":"Эквадор","NAME_SV":"Ecuador","NAME_TR":"Ekvador","NAME_UK":"Еквадор","NAME_UR":"ایکواڈور","NAME_VI":"Ecuador","NAME_ZH":"厄瓜多尔","NAME_ZHT":"厄瓜多爾","FCLASS_ISO":"Admin-0 country","TLC_DIFF":null,"FCLASS_TLC":"Admin-0 country","FCLASS_US":null,"FCLASS_FR":null,"FCLASS_RU":null,"FCLASS_ES":null,"FCLASS_CN":null,"FCLASS_TW":null,"FCLASS_IN":null,"FCLASS_NP":null,"FCLASS_PK":null,"FCLASS_DE":null,"FCLASS_GB":null,"FCLASS_BR":null,"FCLASS_IL":null,"FCLASS_PS":null,"FCLASS_SA":null,"FCLASS_EG":null,"FCLASS_MA":null,"FCLASS_PT":null,"FCLASS_AR":null,"FCLASS_JP":null,"FCLASS_KO":null,"FCLASS_VN":null,"FCLASS_TR":null,"FCLASS_ID":null,"FCLASS_PL":null,"FCLASS_GR":null,"FCLASS_IT":null,"FCLASS_NL":null,"FCLASS_SE":null,"FCLASS_BD":null,"FCLASS_UA":null},"geometry":{"type":"Polygon","coordinates":[[[-75.373223,-0.15203182159469586],[-75.233723,-0.9113785649555902],[-75.54499600000001,-1.5614166961137983],[-76.63539400000002,-2.6077771760635526],[-77.83790500000002,-3.001647019821805],[-78.450684,-3.870150660075814],[-78.639897,-4.543016182213611],[-79.20528900000001,-4.9529487316207295],[-79.624979,-4.449718221684606],[-80.028908,-4.341929251633035],[-80.442242,-4.42132950177496],[-80.469295,-4.0558953718344535],[-80.184015,-3.818332515779674],[-80.30256100000001,-3.4028537581491767],[-79.770293,-2.6565596519563774],[-79.986559,-2.2202381402394864],[-80.368784,-2.684176629909641],[-80.967765,-2.246367278147495],[-80.76480599999998,-1.964662880694807],[-80.93365900000002,-1.057394972232895],[-80.58337000000002,-0.9066251632367862],[-80.399325,-0.28370184070861315],[-80.020898,0.36033762460075036],[-80.09061,0.768405964629838],[-79.54276199999998,0.9828897885817928],[-78.855259,1.3807903251349984],[-77.855061,0.8098980278104055],[-77.668613,0.8258644009055652],[-77.424984,0.39568385476099655],[-76.57638,0.25693513885520775],[-76.292314,0.416043343842084],[-75.801466,0.08480096903962499],[-75.373223,-0.15203182159469586]]]}},{"type":"Feature","bbox":[-67.242428,17.946553,-65.591004,18.520601],"properties":{"featurecla":"Admin-0 country","scalerank":1,"LABELRANK":5,"SOVEREIGNT":"United States of America","SOV_A3":"US1","ADM0_DIF":1,"LEVEL":2,"TYPE":"Dependency","TLC":"1","ADMIN":"Puerto Rico","ADM0_A3":"PRI","GEOU_DIF":0,"GEOUNIT":"Puerto Rico","GU_A3":"PRI","SU_DIF":0,"SUBUNIT":"Puerto Rico","SU_A3":"PRI","BRK_DIFF":0,"NAME":"Puerto Rico","NAME_LONG":"Puerto Rico","BRK_A3":"PRI","BRK_NAME":"Puerto Rico","BRK_GROUP":null,"ABBREV":"P.R.","POSTAL":"PR","FORMAL_EN":"Commonwealth of Puerto Rico","FORMAL_FR":null,"NAME_CIAWF":"Puerto Rico","NOTE_ADM0":"U.S.A.","NOTE_BRK":null,"NAME_SORT":"Puerto Rico","NAME_ALT":null,"MAPCOLOR7":4,"MAPCOLOR8":5,"MAPCOLOR9":1,"MAPCOLOR13":1,"POP_EST":3193694,"POP_RANK":12,"POP_YEAR":2019,"GDP_MD":104988,"GDP_YEAR":2019,"ECONOMY":"6. Developing region","INCOME_GRP":"2. High income: nonOECD","FIPS_10":"RQ","ISO_A2":"PR","ISO_A2_EH":"PR","ISO_A3":"PRI","ISO_A3_EH":"PRI","ISO_N3":"630","ISO_N3_EH":"630","UN_A3":"630","WB_A2":"PR","WB_A3":"PRI","WOE_ID":23424935,"WOE_ID_EH":23424935,"WOE_NOTE":"Exact WOE match as country","ADM0_ISO":"PRI","ADM0_DIFF":null,"ADM0_TLC":"PRI","ADM0_A3_US":"PRI","ADM0_A3_FR":"PRI","ADM0_A3_RU":"PRI","ADM0_A3_ES":"PRI","ADM0_A3_CN":"PRI","ADM0_A3_TW":"PRI","ADM0_A3_IN":"PRI","ADM0_A3_NP":"PRI","ADM0_A3_PK":"PRI","ADM0_A3_DE":"PRI","ADM0_A3_GB":"PRI","ADM0_A3_BR":"PRI","ADM0_A3_IL":"PRI","ADM0_A3_PS":"PRI","ADM0_A3_SA":"PRI","ADM0_A3_EG":"PRI","ADM0_A3_MA":"PRI","ADM0_A3_PT":"PRI","ADM0_A3_AR":"PRI","ADM0_A3_JP":"PRI","ADM0_A3_KO":"PRI","ADM0_A3_VN":"PRI","ADM0_A3_TR":"PRI","ADM0_A3_ID":"PRI","ADM0_A3_PL":"PRI","ADM0_A3_GR":"PRI","ADM0_A3_IT":"PRI","ADM0_A3_NL":"PRI","ADM0_A3_SE":"PRI","ADM0_A3_BD":"PRI","ADM0_A3_UA":"PRI","ADM0_A3_UN":-99,"ADM0_A3_WB":-99,"CONTINENT":"North America","REGION_UN":"Americas","SUBREGION":"Caribbean","REGION_WB":"Latin America & Caribbean","NAME_LEN":11,"LONG_LEN":11,"ABBREV_LEN":4,"TINY":-99,"HOMEPART":-99,"MIN_ZOOM":0,"MIN_LABEL":3,"MAX_LABEL":8,"LABEL_X":-66.481065,"LABEL_Y":18.234668,"NE_ID":1159321363,"WIKIDATAID":"Q1183","NAME_AR":"بورتوريكو","NAME_BN":"পুয়ের্তো রিকো","NAME_DE":"Puerto Rico","NAME_EN":"Puerto Rico","NAME_ES":"Puerto Rico","NAME_FA":"پورتوریکو","NAME_FR":"Porto Rico","NAME_EL":"Πουέρτο Ρίκο","NAME_HE":"פוארטו ריקו","NAME_HI":"पोर्टो रीको","NAME_HU":"Puerto Rico","NAME_ID":"Puerto Riko","NAME_IT":"Porto Rico","NAME_JA":"プエルトリコ","NAME_KO":"푸에르토리코","NAME_NL":"Puerto Rico","NAME_PL":"Portoryko","NAME_PT":"Porto Rico","NAME_RU":"Пуэрто-Рико","NAME_SV":"Puerto Rico","NAME_TR":"Porto Riko","NAME_UK":"Пуерто-Рико","NAME_UR":"پورٹو ریکو","NAME_VI":"Puerto Rico","NAME_ZH":"波多黎各","NAME_ZHT":"波多黎各","FCLASS_ISO":"Admin-0 dependency","TLC_DIFF":null,"FCLASS_TLC":"Admin-0 dependency","FCLASS_US":null,"FCLASS_FR":null,"FCLASS_RU":null,"FCLASS_ES":null,"FCLASS_CN":null,"FCLASS_TW":null,"FCLASS_IN":null,"FCLASS_NP":null,"FCLASS_PK":null,"FCLASS_DE":null,"FCLASS_GB":null,"FCLASS_BR":null,"FCLASS_IL":null,"FCLASS_PS":null,"FCLASS_SA":null,"FCLASS_EG":null,"FCLASS_MA":null,"FCLASS_PT":null,"FCLASS_AR":null,"FCLASS_JP":null,"FCLASS_KO":null,"FCLASS_VN":null,"FCLASS_TR":null,"FCLASS_ID":null,"FCLASS_PL":null,"FCLASS_GR":null,"FCLASS_IT":null,"FCLASS_NL":null,"FCLASS_SE":null,"FCLASS_BD":null,"FCLASS_UA":null},"geometry":{"type":"Polygon","coordinates":[[[-66.282434,18.20070277200132],[-65.771303,18.117006657903662],[-65.591004,17.928109273273087],[-65.847164,17.688060931929183],[-66.599934,17.69369811620285],[-67.184162,17.660093424976463],[-67.242428,18.067369467320628],[-67.100679,18.206249548151224],[-66.282434,18.20070277200132]]]}},{"type":"Feature","bbox":[-78.337719,17.701116,-76.199659,18.524218],"properties":{"featurecla":"Admin-0 country","scalerank":1,"LABELRANK":4,"SOVEREIGNT":"Jamaica","SOV_A3":"JAM","ADM0_DIF":0,"LEVEL":2,"TYPE":"Sovereign country","TLC":"1","ADMIN":"Jamaica","ADM0_A3":"JAM","GEOU_DIF":0,"GEOUNIT":"Jamaica","GU_A3":"JAM","SU_DIF":0,"SUBUNIT":"Jamaica","SU_A3":"JAM","BRK_DIFF":0,"NAME":"Jamaica","NAME_LONG":"Jamaica","BRK_A3":"JAM","BRK_NAME":"Jamaica","BRK_GROUP":null,"ABBREV":"Jam.","POSTAL":"J","FORMAL_EN":"Jamaica","FORMAL_FR":null,"NAME_CIAWF":"Jamaica","NOTE_ADM0":null,"NOTE_BRK":null,"NAME_SORT":"Jamaica","NAME_ALT":null,"MAPCOLOR7":1,"MAPCOLOR8":2,"MAPCOLOR9":4,"MAPCOLOR13":10,"POP_EST":2948279,"POP_RANK":12,"POP_YEAR":2019,"GDP_MD":16458,"GDP_YEAR":2019,"ECONOMY":"6. Developing region","INCOME_GRP":"3. Upper middle income","FIPS_10":"JM","ISO_A2":"JM","ISO_A2_EH":"JM","ISO_A3":"JAM","ISO_A3_EH":"JAM","ISO_N3":"388","ISO_N3_EH":"388","UN_A3":"388","WB_A2":"JM","WB_A3":"JAM","WOE_ID":23424858,"WOE_ID_EH":23424858,"WOE_NOTE":"Exact WOE match as country","ADM0_ISO":"JAM","ADM0_DIFF":null,"ADM0_TLC":"JAM","ADM0_A3_US":"JAM","ADM0_A3_FR":"JAM","ADM0_A3_RU":"JAM","ADM0_A3_ES":"JAM","ADM0_A3_CN":"JAM","ADM0_A3_TW":"JAM","ADM0_A3_IN":"JAM","ADM0_A3_NP":"JAM","ADM0_A3_PK":"JAM","ADM0_A3_DE":"JAM","ADM0_A3_GB":"JAM","ADM0_A3_BR":"JAM","ADM0_A3_IL":"JAM","ADM0_A3_PS":"JAM","ADM0_A3_SA":"JAM","ADM0_A3_EG":"JAM","ADM0_A3_MA":"JAM","ADM0_A3_PT":"JAM","ADM0_A3_AR":"JAM","ADM0_A3_JP":"JAM","ADM0_A3_KO":"JAM","ADM0_A3_VN":"JAM","ADM0_A3_TR":"JAM","ADM0_A3_ID":"JAM","ADM0_A3_PL":"JAM","ADM0_A3_GR":"JAM","ADM0_A3_IT":"JAM","ADM0_A3_NL":"JAM","ADM0_A3_SE":"JAM","ADM0_A3_BD":"JAM","ADM0_A3_UA":"JAM","ADM0_A3_UN":-99,"ADM0_A3_WB":-99,"CONTINENT":"North America","REGION_UN":"Americas","SUBREGION":"Caribbean","REGION_WB":"Latin America & Caribbean","NAME_LEN":7,"LONG_LEN":7,"ABBREV_LEN":4,"TINY":-99,"HOMEPART":1,"MIN_ZOOM":0,"MIN_LABEL":4,"MAX_LABEL":9,"LABEL_X":-77.318767,"LABEL_Y":18.137124,"NE_ID":1159320931,"WIKIDATAID":"Q766","NAME_AR":"جامايكا","NAME_BN":"জ্যামাইকা","NAME_DE":"Jamaika","NAME_EN":"Jamaica","NAME_ES":"Jamaica","NAME_FA":"جامائیکا","NAME_FR":"Jamaïque","NAME_EL":"Τζαμάικα","NAME_HE":"ג'מייקה","NAME_HI":"जमैका","NAME_HU":"Jamaica","NAME_ID":"Jamaika","NAME_IT":"Giamaica","NAME_JA":"ジャマイカ","NAME_KO":"자메이카","NAME_NL":"Jamaica","NAME_PL":"Jamajka","NAME_PT":"Jamaica","NAME_RU":"Ямайка","NAME_SV":"Jamaica","NAME_TR":"Jamaika","NAME_UK":"Ямайка","NAME_UR":"جمیکا","NAME_VI":"Jamaica","NAME_ZH":"牙买加","NAME_ZHT":"牙買加","FCLASS_ISO":"Admin-0 country","TLC_DIFF":null,"FCLASS_TLC":"Admin-0 country","FCLASS_US":null,"FCLASS_FR":null,"FCLASS_RU":null,"FCLASS_ES":null,"FCLASS_CN":null,"FCLASS_TW":null,"FCLASS_IN":null,"FCLASS_NP":null,"FCLASS_PK":null,"FCLASS_DE":null,"FCLASS_GB":null,"FCLASS_BR":null,"FCLASS_IL":null,"FCLASS_PS":null,"FCLASS_SA":null,"FCLASS_EG":null,"FCLASS_MA":null,"FCLASS_PT":null,"FCLASS_AR":null,"FCLASS_JP":null,"FCLASS_KO":null,"FCLASS_VN":null,"FCLASS_TR":null,"FCLASS_ID":null,"FCLASS_PL":null,"FCLASS_GR":null,"FCLASS_IT":null,"FCLASS_NL":null,"FCLASS_SE":null,"FCLASS_BD":null,"FCLASS_UA":null},"geometry":{"type":"Polygon","coordinates":[[[-77.569601,18.177676871719022],[-76.896619,18.092472609514665],[-76.365359,17.864033200777605],[-76.199659,17.603211268247623],[-76.902561,17.58545372228721],[-77.20634100000001,17.426071755003807],[-77.766023,17.579122962630347],[-78.337719,17.926142628638342],[-78.217727,18.143477751533087],[-77.797365,18.209685439930634],[-77.569601,18.177676871719022]]]}},{"type":"Feature","bbox":[-84.974911,19.855481,-74.178025,23.188611],"properties":{"featurecla":"Admin-0 country","scalerank":1,"LABELRANK":3,"SOVEREIGNT":"Cuba","SOV_A3":"CU1","ADM0_DIF":1,"LEVEL":1,"TYPE":"Sovereignty","TLC":"1","ADMIN":"Cuba","ADM0_A3":"CUB","GEOU_DIF":0,"GEOUNIT":"Cuba","GU_A3":"CUB","SU_DIF":0,"SUBUNIT":"Cuba","SU_A3":"CUB","BRK_DIFF":0,"NAME":"Cuba","NAME_LONG":"Cuba","BRK_A3":"CUB","BRK_NAME":"Cuba","BRK_GROUP":null,"ABBREV":"Cuba","POSTAL":"CU","FORMAL_EN":"Republic of Cuba","FORMAL_FR":null,"NAME_CIAWF":"Cuba","NOTE_ADM0":null,"NOTE_BRK":null,"NAME_SORT":"Cuba","NAME_ALT":null,"MAPCOLOR7":3,"MAPCOLOR8":5,"MAPCOLOR9":3,"MAPCOLOR13":4,"POP_EST":11333483,"POP_RANK":14,"POP_YEAR":2019,"GDP_MD":100023,"GDP_YEAR":2018,"ECONOMY":"5. Emerging region: G20","INCOME_GRP":"3. Upper middle income","FIPS_10":"CU","ISO_A2":"CU","ISO_A2_EH":"CU","ISO_A3":"CUB","ISO_A3_EH":"CUB","ISO_N3":"192","ISO_N3_EH":"192","UN_A3":"192","WB_A2":"CU","WB_A3":"CUB","WOE_ID":23424793,"WOE_ID_EH":23424793,"WOE_NOTE":"Exact WOE match as country","ADM0_ISO":"CUB","ADM0_DIFF":null,"ADM0_TLC":"CUB","ADM0_A3_US":"CUB","ADM0_A3_FR":"CUB","ADM0_A3_RU":"CUB","ADM0_A3_ES":"CUB","ADM0_A3_CN":"CUB","ADM0_A3_TW":"CUB","ADM0_A3_IN":"CUB","ADM0_A3_NP":"CUB","ADM0_A3_PK":"CUB","ADM0_A3_DE":"CUB","ADM0_A3_GB":"CUB","ADM0_A3_BR":"CUB","ADM0_A3_IL":"CUB","ADM0_A3_PS":"CUB","ADM0_A3_SA":"CUB","ADM0_A3_EG":"CUB","ADM0_A3_MA":"CUB","ADM0_A3_PT":"CUB","ADM0_A3_AR":"CUB","ADM0_A3_JP":"CUB","ADM0_A3_KO":"CUB","ADM0_A3_VN":"CUB","ADM0_A3_TR":"CUB","ADM0_A3_ID":"CUB","ADM0_A3_PL":"CUB","ADM0_A3_GR":"CUB","ADM0_A3_IT":"CUB","ADM0_A3_NL":"CUB","ADM0_A3_SE":"CUB","ADM0_A3_BD":"CUB","ADM0_A3_UA":"CUB","ADM0_A3_UN":-99,"ADM0_A3_WB":-99,"CONTINENT":"North America","REGION_UN":"Americas","SUBREGION":"Caribbean","REGION_WB":"Latin America & Caribbean","NAME_LEN":4,"LONG_LEN":4,"ABBREV_LEN":4,"TINY":-99,"HOMEPART":1,"MIN_ZOOM":0,"MIN_LABEL":2.7,"MAX_LABEL":8,"LABEL_X":-77.975855,"LABEL_Y":21.334024,"NE_ID":1159320527,"WIKIDATAID":"Q241","NAME_AR":"كوبا","NAME_BN":"কিউবা","NAME_DE":"Kuba","NAME_EN":"Cuba","NAME_ES":"Cuba","NAME_FA":"کوبا","NAME_FR":"Cuba","NAME_EL":"Κούβα","NAME_HE":"קובה","NAME_HI":"क्यूबा","NAME_HU":"Kuba","NAME_ID":"Kuba","NAME_IT":"Cuba","NAME_JA":"キューバ","NAME_KO":"쿠바","NAME_NL":"Cuba","NAME_PL":"Kuba","NAME_PT":"Cuba","NAME_RU":"Куба","NAME_SV":"Kuba","NAME_TR":"Küba","NAME_UK":"Куба","NAME_UR":"کیوبا","NAME_VI":"Cuba","NAME_ZH":"古巴","NAME_ZHT":"古巴","FCLASS_ISO":"Admin-0 country","TLC_DIFF":null,"FCLASS_TLC":"Admin-0 country","FCLASS_US":null,"FCLASS_FR":null,"FCLASS_RU":null,"FCLASS_ES":null,"FCLASS_CN":null,"FCLASS_TW":null,"FCLASS_IN":null,"FCLASS_NP":null,"FCLASS_PK":null,"FCLASS_DE":null,"FCLASS_GB":null,"FCLASS_BR":null,"FCLASS_IL":null,"FCLASS_PS":null,"FCLASS_SA":null,"FCLASS_EG":null,"FCLASS_MA":null,"FCLASS_PT":null,"FCLASS_AR":null,"FCLASS_JP":null,"FCLASS_KO":null,"FCLASS_VN":null,"FCLASS_TR":null,"FCLASS_ID":null,"FCLASS_PL":null,"FCLASS_GR":null,"FCLASS_IT":null,"FCLASS_NL":null,"FCLASS_SE":null,"FCLASS_BD":null,"FCLASS_UA":null},"geometry":{"type":"Polygon","coordinates":[[[-82.268151,22.580325328192846],[-81.404457,22.51443836654613],[-80.618769,22.504007538434706],[-79.679524,22.18891532938008],[-79.281486,21.849519069168306],[-78.34743400000002,21.95432972919142],[-77.99329600000002,21.736230761072857],[-77.14642199999999,21.159780585237904],[-76.523825,20.738564877231386],[-76.19461999999999,20.751418736265244],[-75.598222,20.560588159417737],[-75.67106,20.296761793522162],[-74.933896,20.25812827884409],[-74.178025,19.87369590181589],[-74.29664800000002,19.653245148728466],[-74.961595,19.533651766175765],[-75.63468,19.48684221418886],[-76.323656,19.56141004719379],[-77.755481,19.469596153417392],[-77.085108,19.994709225614514],[-77.492655,20.238613694498692],[-78.137292,20.30131808620548],[-78.482827,20.57181306359426],[-78.719867,21.104060732378713],[-79.28500000000001,21.067729005632522],[-80.21747500000001,21.31774273465887],[-80.51753500000001,21.513015673416486],[-81.820943,21.657125384620514],[-82.169992,21.838294334874128],[-81.79500200000001,22.070031379626474],[-82.775898,22.117457847942234],[-83.494459,21.63524636825117],[-83.9088,21.622275776981905],[-84.05215099999998,21.395277089357855],[-84.54703000000002,21.29343024500418],[-84.974911,21.381731955781014],[-84.44706200000002,21.669107757143173],[-84.230357,22.004023875276573],[-83.77824,22.210039145264425],[-83.267548,22.39038435156157],[-82.510436,22.47884596827793],[-82.268151,22.580325328192846]]]}},{"type":"Feature","bbox":[25.264226,-22.271612,32.849861,-15.507787],"properties":{"featurecla":"Admin-0 country","scalerank":1,"LABELRANK":3,"SOVEREIGNT":"Zimbabwe","SOV_A3":"ZWE","ADM0_DIF":0,"LEVEL":2,"TYPE":"Sovereign country","TLC":"1","ADMIN":"Zimbabwe","ADM0_A3":"ZWE","GEOU_DIF":0,"GEOUNIT":"Zimbabwe","GU_A3":"ZWE","SU_DIF":0,"SUBUNIT":"Zimbabwe","SU_A3":"ZWE","BRK_DIFF":0,"NAME":"Zimbabwe","NAME_LONG":"Zimbabwe","BRK_A3":"ZWE","BRK_NAME":"Zimbabwe","BRK_GROUP":null,"ABBREV":"Zimb.","POSTAL":"ZW","FORMAL_EN":"Republic of Zimbabwe","FORMAL_FR":null,"NAME_CIAWF":"Zimbabwe","NOTE_ADM0":null,"NOTE_BRK":null,"NAME_SORT":"Zimbabwe","NAME_ALT":null,"MAPCOLOR7":1,"MAPCOLOR8":5,"MAPCOLOR9":3,"MAPCOLOR13":9,"POP_EST":14645468,"POP_RANK":14,"POP_YEAR":2019,"GDP_MD":21440,"GDP_YEAR":2019,"ECONOMY":"5. Emerging region: G20","INCOME_GRP":"5. Low income","FIPS_10":"ZI","ISO_A2":"ZW","ISO_A2_EH":"ZW","ISO_A3":"ZWE","ISO_A3_EH":"ZWE","ISO_N3":"716","ISO_N3_EH":"716","UN_A3":"716","WB_A2":"ZW","WB_A3":"ZWE","WOE_ID":23425004,"WOE_ID_EH":23425004,"WOE_NOTE":"Exact WOE match as country","ADM0_ISO":"ZWE","ADM0_DIFF":null,"ADM0_TLC":"ZWE","ADM0_A3_US":"ZWE","ADM0_A3_FR":"ZWE","ADM0_A3_RU":"ZWE","ADM0_A3_ES":"ZWE","ADM0_A3_CN":"ZWE","ADM0_A3_TW":"ZWE","ADM0_A3_IN":"ZWE","ADM0_A3_NP":"ZWE","ADM0_A3_PK":"ZWE","ADM0_A3_DE":"ZWE","ADM0_A3_GB":"ZWE","ADM0_A3_BR":"ZWE","ADM0_A3_IL":"ZWE","ADM0_A3_PS":"ZWE","ADM0_A3_SA":"ZWE","ADM0_A3_EG":"ZWE","ADM0_A3_MA":"ZWE","ADM0_A3_PT":"ZWE","ADM0_A3_AR":"ZWE","ADM0_A3_JP":"ZWE","ADM0_A3_KO":"ZWE","ADM0_A3_VN":"ZWE","ADM0_A3_TR":"ZWE","ADM0_A3_ID":"ZWE","ADM0_A3_PL":"ZWE","ADM0_A3_GR":"ZWE","ADM0_A3_IT":"ZWE","ADM0_A3_NL":"ZWE","ADM0_A3_SE":"ZWE","ADM0_A3_BD":"ZWE","ADM0_A3_UA":"ZWE","ADM0_A3_UN":-99,"ADM0_A3_WB":-99,"CONTINENT":"Africa","REGION_UN":"Africa","SUBREGION":"Eastern Africa","REGION_WB":"Sub-Saharan Africa","NAME_LEN":8,"LONG_LEN":8,"ABBREV_LEN":5,"TINY":-99,"HOMEPART":1,"MIN_ZOOM":0,"MIN_LABEL":2.5,"MAX_LABEL":8,"LABEL_X":29.925444,"LABEL_Y":-18.91164,"NE_ID":1159321441,"WIKIDATAID":"Q954","NAME_AR":"زيمبابوي","NAME_BN":"জিম্বাবুয়ে","NAME_DE":"Simbabwe","NAME_EN":"Zimbabwe","NAME_ES":"Zimbabue","NAME_FA":"زیمبابوه","NAME_FR":"Zimbabwe","NAME_EL":"Ζιμπάμπουε","NAME_HE":"זימבבואה","NAME_HI":"ज़िम्बाब्वे","NAME_HU":"Zimbabwe","NAME_ID":"Zimbabwe","NAME_IT":"Zimbabwe","NAME_JA":"ジンバブエ","NAME_KO":"짐바브웨","NAME_NL":"Zimbabwe","NAME_PL":"Zimbabwe","NAME_PT":"Zimbábue","NAME_RU":"Зимбабве","NAME_SV":"Zimbabwe","NAME_TR":"Zimbabve","NAME_UK":"Зімбабве","NAME_UR":"زمبابوے","NAME_VI":"Zimbabwe","NAME_ZH":"津巴布韦","NAME_ZHT":"辛巴威","FCLASS_ISO":"Admin-0 country","TLC_DIFF":null,"FCLASS_TLC":"Admin-0 country","FCLASS_US":null,"FCLASS_FR":null,"FCLASS_RU":null,"FCLASS_ES":null,"FCLASS_CN":null,"FCLASS_TW":null,"FCLASS_IN":null,"FCLASS_NP":null,"FCLASS_PK":null,"FCLASS_DE":null,"FCLASS_GB":null,"FCLASS_BR":null,"FCLASS_IL":null,"FCLASS_PS":null,"FCLASS_SA":null,"FCLASS_EG":null,"FCLASS_MA":null,"FCLASS_PT":null,"FCLASS_AR":null,"FCLASS_JP":null,"FCLASS_KO":null,"FCLASS_VN":null,"FCLASS_TR":null,"FCLASS_ID":null,"FCLASS_PL":null,"FCLASS_GR":null,"FCLASS_IT":null,"FCLASS_NL":null,"FCLASS_SE":null,"FCLASS_BD":null,"FCLASS_UA":null},"geometry":{"type":"Polygon","coordinates":[[[31.191409,-21.712370950261096],[30.659865000000003,-21.6194887094987],[30.322883000000004,-21.73104555567886],[29.839037000000005,-21.57360221647494],[29.432188,-21.56346266064209],[28.794655999999996,-21.142622964444374],[28.02137,-20.99940630413766],[27.727228,-20.4061873062778],[27.724747,-20.075227668242977],[27.296505,-19.974189951057646],[26.164791,-18.938499034535084],[25.850391,-18.390261355295554],[25.649163000000005,-18.22090172506674],[25.264226,-17.459866809865428],[26.381935,-17.564293761212756],[26.706773,-17.674077245802117],[27.044427,-17.65196809342862],[27.598243,-17.034200150410456],[28.467906,-16.24621836123248],[28.825869,-16.1706935482055],[28.947463,-15.8374333660502],[29.516834000000003,-15.453821668724853],[30.274256000000005,-15.32183799976276],[30.338955,-15.681318840695548],[31.173064,-15.662163435588957],[31.636498,-15.865271918866785],[31.852041,-16.10313261293367],[32.328239,-16.172926549897056],[32.847639,-16.481291884407522],[32.849861,-17.691062942734952],[32.654886,-18.350095128989796],[32.611994,-19.057916453491693],[32.77270800000001,-19.337652654989075],[32.659743,-19.89218583867264],[32.508693,-19.97773501255117],[32.244988,-20.654063238403676],[31.191409,-21.712370950261096]]]}},{"type":"Feature","bbox":[19.895458,-26.828543,29.432188,-17.661816],"properties":{"featurecla":"Admin-0 country","scalerank":1,"LABELRANK":4,"SOVEREIGNT":"Botswana","SOV_A3":"BWA","ADM0_DIF":0,"LEVEL":2,"TYPE":"Sovereign country","TLC":"1","ADMIN":"Botswana","ADM0_A3":"BWA","GEOU_DIF":0,"GEOUNIT":"Botswana","GU_A3":"BWA","SU_DIF":0,"SUBUNIT":"Botswana","SU_A3":"BWA","BRK_DIFF":0,"NAME":"Botswana","NAME_LONG":"Botswana","BRK_A3":"BWA","BRK_NAME":"Botswana","BRK_GROUP":null,"ABBREV":"Bwa.","POSTAL":"BW","FORMAL_EN":"Republic of Botswana","FORMAL_FR":null,"NAME_CIAWF":"Botswana","NOTE_ADM0":null,"NOTE_BRK":null,"NAME_SORT":"Botswana","NAME_ALT":null,"MAPCOLOR7":6,"MAPCOLOR8":5,"MAPCOLOR9":7,"MAPCOLOR13":3,"POP_EST":2303697,"POP_RANK":12,"POP_YEAR":2019,"GDP_MD":18340,"GDP_YEAR":2019,"ECONOMY":"6. Developing region","INCOME_GRP":"3. Upper middle income","FIPS_10":"BC","ISO_A2":"BW","ISO_A2_EH":"BW","ISO_A3":"BWA","ISO_A3_EH":"BWA","ISO_N3":"072","ISO_N3_EH":"072","UN_A3":"072","WB_A2":"BW","WB_A3":"BWA","WOE_ID":23424755,"WOE_ID_EH":23424755,"WOE_NOTE":"Exact WOE match as country","ADM0_ISO":"BWA","ADM0_DIFF":null,"ADM0_TLC":"BWA","ADM0_A3_US":"BWA","ADM0_A3_FR":"BWA","ADM0_A3_RU":"BWA","ADM0_A3_ES":"BWA","ADM0_A3_CN":"BWA","ADM0_A3_TW":"BWA","ADM0_A3_IN":"BWA","ADM0_A3_NP":"BWA","ADM0_A3_PK":"BWA","ADM0_A3_DE":"BWA","ADM0_A3_GB":"BWA","ADM0_A3_BR":"BWA","ADM0_A3_IL":"BWA","ADM0_A3_PS":"BWA","ADM0_A3_SA":"BWA","ADM0_A3_EG":"BWA","ADM0_A3_MA":"BWA","ADM0_A3_PT":"BWA","ADM0_A3_AR":"BWA","ADM0_A3_JP":"BWA","ADM0_A3_KO":"BWA","ADM0_A3_VN":"BWA","ADM0_A3_TR":"BWA","ADM0_A3_ID":"BWA","ADM0_A3_PL":"BWA","ADM0_A3_GR":"BWA","ADM0_A3_IT":"BWA","ADM0_A3_NL":"BWA","ADM0_A3_SE":"BWA","ADM0_A3_BD":"BWA","ADM0_A3_UA":"BWA","ADM0_A3_UN":-99,"ADM0_A3_WB":-99,"CONTINENT":"Africa","REGION_UN":"Africa","SUBREGION":"Southern Africa","REGION_WB":"Sub-Saharan Africa","NAME_LEN":8,"LONG_LEN":8,"ABBREV_LEN":4,"TINY":-99,"HOMEPART":1,"MIN_ZOOM":0,"MIN_LABEL":4,"MAX_LABEL":9,"LABEL_X":24.179216,"LABEL_Y":-22.102634,"NE_ID":1159320461,"WIKIDATAID":"Q963","NAME_AR":"بوتسوانا","NAME_BN":"বতসোয়ানা","NAME_DE":"Botswana","NAME_EN":"Botswana","NAME_ES":"Botsuana","NAME_FA":"بوتسوانا","NAME_FR":"Botswana","NAME_EL":"Μποτσουάνα","NAME_HE":"בוטסואנה","NAME_HI":"बोत्सवाना","NAME_HU":"Botswana","NAME_ID":"Botswana","NAME_IT":"Botswana","NAME_JA":"ボツワナ","NAME_KO":"보츠와나","NAME_NL":"Botswana","NAME_PL":"Botswana","NAME_PT":"Botsuana","NAME_RU":"Ботсвана","NAME_SV":"Botswana","NAME_TR":"Botsvana","NAME_UK":"Ботсвана","NAME_UR":"بوٹسوانا","NAME_VI":"Botswana","NAME_ZH":"博茨瓦纳","NAME_ZHT":"波札那","FCLASS_ISO":"Admin-0 country","TLC_DIFF":null,"FCLASS_TLC":"Admin-0 country","FCLASS_US":null,"FCLASS_FR":null,"FCLASS_RU":null,"FCLASS_ES":null,"FCLASS_CN":null,"FCLASS_TW":null,"FCLASS_IN":null,"FCLASS_NP":null,"FCLASS_PK":null,"FCLASS_DE":null,"FCLASS_GB":null,"FCLASS_BR":null,"FCLASS_IL":null,"FCLASS_PS":null,"FCLASS_SA":null,"FCLASS_EG":null,"FCLASS_MA":null,"FCLASS_PT":null,"FCLASS_AR":null,"FCLASS_JP":null,"FCLASS_KO":null,"FCLASS_VN":null,"FCLASS_TR":null,"FCLASS_ID":null,"FCLASS_PL":null,"FCLASS_GR":null,"FCLASS_IT":null,"FCLASS_NL":null,"FCLASS_SE":null,"FCLASS_BD":null,"FCLASS_UA":null},"geometry":{"type":"Polygon","coordinates":[[[29.432188,-21.56346266064209],[28.017236,-22.246729527264222],[27.119410000000002,-22.936007274157106],[26.786407,-23.548292381425387],[26.485753,-23.892194133192714],[25.941652,-23.965360200980506],[25.765849000000003,-24.401838780918144],[25.664666,-24.685621073886274],[25.025171,-24.897015317104184],[24.211267,-24.85214913138058],[23.73357,-24.59773907698455],[23.312096999999998,-24.4872717048307],[22.824271,-24.69801666481835],[22.579532,-25.132425689348242],[22.105969,-25.40445135579559],[21.605896,-25.806899062636216],[20.889609,-25.898698713841615],[20.666470000000004,-25.58244806642461],[20.758609000000003,-25.031610219532723],[20.165726,-24.1676868979239],[19.895768000000004,-24.03060389503096],[19.895458,-21.33808048316161],[20.881134000000003,-21.305634507198487],[20.910641,-17.95111748751521],[21.65504,-17.919651690078283],[23.196858000000002,-17.58621633460094],[23.579005999999996,-17.978743558438527],[24.217365,-17.605575123599213],[24.520705,-17.603457186899767],[25.084442999999997,-17.388571612997577],[25.264226,-17.459866809865428],[25.649163000000005,-18.22090172506674],[25.850391,-18.390261355295554],[26.164791,-18.938499034535084],[27.296505,-19.974189951057646],[27.724747,-20.075227668242977],[27.727228,-20.4061873062778],[28.02137,-20.99940630413766],[28.794655999999996,-21.142622964444374],[29.432188,-21.56346266064209]]]}},{"type":"Feature","bbox":[11.734199,-29.045462,25.084443,-16.941343],"properties":{"featurecla":"Admin-0 country","scalerank":1,"LABELRANK":3,"SOVEREIGNT":"Namibia","SOV_A3":"NAM","ADM0_DIF":0,"LEVEL":2,"TYPE":"Sovereign country","TLC":"1","ADMIN":"Namibia","ADM0_A3":"NAM","GEOU_DIF":0,"GEOUNIT":"Namibia","GU_A3":"NAM","SU_DIF":0,"SUBUNIT":"Namibia","SU_A3":"NAM","BRK_DIFF":0,"NAME":"Namibia","NAME_LONG":"Namibia","BRK_A3":"NAM","BRK_NAME":"Namibia","BRK_GROUP":null,"ABBREV":"Nam.","POSTAL":"NA","FORMAL_EN":"Republic of Namibia","FORMAL_FR":null,"NAME_CIAWF":"Namibia","NOTE_ADM0":null,"NOTE_BRK":null,"NAME_SORT":"Namibia","NAME_ALT":null,"MAPCOLOR7":4,"MAPCOLOR8":1,"MAPCOLOR9":1,"MAPCOLOR13":7,"POP_EST":2494530,"POP_RANK":12,"POP_YEAR":2019,"GDP_MD":12366,"GDP_YEAR":2019,"ECONOMY":"6. Developing region","INCOME_GRP":"3. Upper middle income","FIPS_10":"WA","ISO_A2":"NA","ISO_A2_EH":"NA","ISO_A3":"NAM","ISO_A3_EH":"NAM","ISO_N3":"516","ISO_N3_EH":"516","UN_A3":"516","WB_A2":"NA","WB_A3":"NAM","WOE_ID":23424987,"WOE_ID_EH":23424987,"WOE_NOTE":"Exact WOE match as country","ADM0_ISO":"NAM","ADM0_DIFF":null,"ADM0_TLC":"NAM","ADM0_A3_US":"NAM","ADM0_A3_FR":"NAM","ADM0_A3_RU":"NAM","ADM0_A3_ES":"NAM","ADM0_A3_CN":"NAM","ADM0_A3_TW":"NAM","ADM0_A3_IN":"NAM","ADM0_A3_NP":"NAM","ADM0_A3_PK":"NAM","ADM0_A3_DE":"NAM","ADM0_A3_GB":"NAM","ADM0_A3_BR":"NAM","ADM0_A3_IL":"NAM","ADM0_A3_PS":"NAM","ADM0_A3_SA":"NAM","ADM0_A3_EG":"NAM","ADM0_A3_MA":"NAM","ADM0_A3_PT":"NAM","ADM0_A3_AR":"NAM","ADM0_A3_JP":"NAM","ADM0_A3_KO":"NAM","ADM0_A3_VN":"NAM","ADM0_A3_TR":"NAM","ADM0_A3_ID":"NAM","ADM0_A3_PL":"NAM","ADM0_A3_GR":"NAM","ADM0_A3_IT":"NAM","ADM0_A3_NL":"NAM","ADM0_A3_SE":"NAM","ADM0_A3_BD":"NAM","ADM0_A3_UA":"NAM","ADM0_A3_UN":-99,"ADM0_A3_WB":-99,"CONTINENT":"Africa","REGION_UN":"Africa","SUBREGION":"Southern Africa","REGION_WB":"Sub-Saharan Africa","NAME_LEN":7,"LONG_LEN":7,"ABBREV_LEN":4,"TINY":-99,"HOMEPART":1,"MIN_ZOOM":0,"MIN_LABEL":3,"MAX_LABEL":7.5,"LABEL_X":17.108166,"LABEL_Y":-20.575298,"NE_ID":1159321085,"WIKIDATAID":"Q1030","NAME_AR":"ناميبيا","NAME_BN":"নামিবিয়া","NAME_DE":"Namibia","NAME_EN":"Namibia","NAME_ES":"Namibia","NAME_FA":"نامیبیا","NAME_FR":"Namibie","NAME_EL":"Ναμίμπια","NAME_HE":"נמיביה","NAME_HI":"नामीबिया","NAME_HU":"Namíbia","NAME_ID":"Namibia","NAME_IT":"Namibia","NAME_JA":"ナミビア","NAME_KO":"나미비아","NAME_NL":"Namibië","NAME_PL":"Namibia","NAME_PT":"Namíbia","NAME_RU":"Намибия","NAME_SV":"Namibia","NAME_TR":"Namibya","NAME_UK":"Намібія","NAME_UR":"نمیبیا","NAME_VI":"Namibia","NAME_ZH":"纳米比亚","NAME_ZHT":"納米比亞","FCLASS_ISO":"Admin-0 country","TLC_DIFF":null,"FCLASS_TLC":"Admin-0 country","FCLASS_US":null,"FCLASS_FR":null,"FCLASS_RU":null,"FCLASS_ES":null,"FCLASS_CN":null,"FCLASS_TW":null,"FCLASS_IN":null,"FCLASS_NP":null,"FCLASS_PK":null,"FCLASS_DE":null,"FCLASS_GB":null,"FCLASS_BR":null,"FCLASS_IL":null,"FCLASS_PS":null,"FCLASS_SA":null,"FCLASS_EG":null,"FCLASS_MA":null,"FCLASS_PT":null,"FCLASS_AR":null,"FCLASS_JP":null,"FCLASS_KO":null,"FCLASS_VN":null,"FCLASS_TR":null,"FCLASS_ID":null,"FCLASS_PL":null,"FCLASS_GR":null,"FCLASS_IT":null,"FCLASS_NL":null,"FCLASS_SE":null,"FCLASS_BD":null,"FCLASS_UA":null},"geometry":{"type":"Polygon","coordinates":[[[19.895768000000004,-24.03060389503096],[19.894734,-27.358039539428596],[19.002127,-27.811250750130878],[18.464899,-27.875816069296086],[17.836152,-27.708544018133743],[17.387497,-27.644016685993673],[17.218929,-27.264600321007155],[16.824017,-27.020970450915524],[16.344977,-27.46066229316887],[15.601818,-26.78829688823879],[15.210472000000001,-26.1345203528292],[14.989710999999998,-25.2572283216792],[14.743214000000002,-24.600276775081426],[14.408144,-23.192421197521288],[14.385717,-22.088275569005443],[14.257714,-21.58196404954323],[13.868642,-21.198184733192445],[13.352498,-20.42589816746753],[12.826844999999999,-19.29761527441395],[12.608564,-18.704008820257766],[11.794919000000002,-17.77685481209813],[11.734199,-17.044772737759427],[12.215461,-16.862818791578974],[12.814080999999998,-16.699747340059293],[13.462362,-16.728354434059327],[14.058501,-17.160892152924408],[14.209706999999998,-17.093728882271062],[18.263309,-17.052480463460878],[18.956187,-17.5099935571905],[21.377176000000002,-17.644925906331377],[23.215048,-17.25616243689297],[24.033862,-17.038992212903192],[24.682349,-17.09402518784505],[25.07695,-17.309354277118786],[25.084442999999997,-17.388571612997577],[24.520705,-17.603457186899767],[24.217365,-17.605575123599213],[23.579005999999996,-17.978743558438527],[23.196858000000002,-17.58621633460094],[21.65504,-17.919651690078283],[20.910641,-17.95111748751521],[20.881134000000003,-21.305634507198487],[19.895458,-21.33808048316161],[19.895768000000004,-24.03060389503096]]]}},{"type":"Feature","bbox":[-17.625043,12.33209,-11.467899,16.598264],"properties":{"featurecla":"Admin-0 country","scalerank":1,"LABELRANK":3,"SOVEREIGNT":"Senegal","SOV_A3":"SEN","ADM0_DIF":0,"LEVEL":2,"TYPE":"Sovereign country","TLC":"1","ADMIN":"Senegal","ADM0_A3":"SEN","GEOU_DIF":0,"GEOUNIT":"Senegal","GU_A3":"SEN","SU_DIF":0,"SUBUNIT":"Senegal","SU_A3":"SEN","BRK_DIFF":0,"NAME":"Senegal","NAME_LONG":"Senegal","BRK_A3":"SEN","BRK_NAME":"Senegal","BRK_GROUP":null,"ABBREV":"Sen.","POSTAL":"SN","FORMAL_EN":"Republic of Senegal","FORMAL_FR":null,"NAME_CIAWF":"Senegal","NOTE_ADM0":null,"NOTE_BRK":null,"NAME_SORT":"Senegal","NAME_ALT":null,"MAPCOLOR7":2,"MAPCOLOR8":6,"MAPCOLOR9":5,"MAPCOLOR13":5,"POP_EST":16296364,"POP_RANK":14,"POP_YEAR":2019,"GDP_MD":23578,"GDP_YEAR":2019,"ECONOMY":"7. Least developed region","INCOME_GRP":"4. Lower middle income","FIPS_10":"SG","ISO_A2":"SN","ISO_A2_EH":"SN","ISO_A3":"SEN","ISO_A3_EH":"SEN","ISO_N3":"686","ISO_N3_EH":"686","UN_A3":"686","WB_A2":"SN","WB_A3":"SEN","WOE_ID":23424943,"WOE_ID_EH":23424943,"WOE_NOTE":"Exact WOE match as country","ADM0_ISO":"SEN","ADM0_DIFF":null,"ADM0_TLC":"SEN","ADM0_A3_US":"SEN","ADM0_A3_FR":"SEN","ADM0_A3_RU":"SEN","ADM0_A3_ES":"SEN","ADM0_A3_CN":"SEN","ADM0_A3_TW":"SEN","ADM0_A3_IN":"SEN","ADM0_A3_NP":"SEN","ADM0_A3_PK":"SEN","ADM0_A3_DE":"SEN","ADM0_A3_GB":"SEN","ADM0_A3_BR":"SEN","ADM0_A3_IL":"SEN","ADM0_A3_PS":"SEN","ADM0_A3_SA":"SEN","ADM0_A3_EG":"SEN","ADM0_A3_MA":"SEN","ADM0_A3_PT":"SEN","ADM0_A3_AR":"SEN","ADM0_A3_JP":"SEN","ADM0_A3_KO":"SEN","ADM0_A3_VN":"SEN","ADM0_A3_TR":"SEN","ADM0_A3_ID":"SEN","ADM0_A3_PL":"SEN","ADM0_A3_GR":"SEN","ADM0_A3_IT":"SEN","ADM0_A3_NL":"SEN","ADM0_A3_SE":"SEN","ADM0_A3_BD":"SEN","ADM0_A3_UA":"SEN","ADM0_A3_UN":-99,"ADM0_A3_WB":-99,"CONTINENT":"Africa","REGION_UN":"Africa","SUBREGION":"Western Africa","REGION_WB":"Sub-Saharan Africa","NAME_LEN":7,"LONG_LEN":7,"ABBREV_LEN":4,"TINY":-99,"HOMEPART":1,"MIN_ZOOM":0,"MIN_LABEL":2.7,"MAX_LABEL":8,"LABEL_X":-14.778586,"LABEL_Y":15.138125,"NE_ID":1159321243,"WIKIDATAID":"Q1041","NAME_AR":"السنغال","NAME_BN":"সেনেগাল","NAME_DE":"Senegal","NAME_EN":"Senegal","NAME_ES":"Senegal","NAME_FA":"سنگال","NAME_FR":"Sénégal","NAME_EL":"Σενεγάλη","NAME_HE":"סנגל","NAME_HI":"सेनेगल","NAME_HU":"Szenegál","NAME_ID":"Senegal","NAME_IT":"Senegal","NAME_JA":"セネガル","NAME_KO":"세네갈","NAME_NL":"Senegal","NAME_PL":"Senegal","NAME_PT":"Senegal","NAME_RU":"Сенегал","NAME_SV":"Senegal","NAME_TR":"Senegal","NAME_UK":"Сенегал","NAME_UR":"سینیگال","NAME_VI":"Sénégal","NAME_ZH":"塞内加尔","NAME_ZHT":"塞內加爾","FCLASS_ISO":"Admin-0 country","TLC_DIFF":null,"FCLASS_TLC":"Admin-0 country","FCLASS_US":null,"FCLASS_FR":null,"FCLASS_RU":null,"FCLASS_ES":null,"FCLASS_CN":null,"FCLASS_TW":null,"FCLASS_IN":null,"FCLASS_NP":null,"FCLASS_PK":null,"FCLASS_DE":null,"FCLASS_GB":null,"FCLASS_BR":null,"FCLASS_IL":null,"FCLASS_PS":null,"FCLASS_SA":null,"FCLASS_EG":null,"FCLASS_MA":null,"FCLASS_PT":null,"FCLASS_AR":null,"FCLASS_JP":null,"FCLASS_KO":null,"FCLASS_VN":null,"FCLASS_TR":null,"FCLASS_ID":null,"FCLASS_PL":null,"FCLASS_GR":null,"FCLASS_IT":null,"FCLASS_NL":null,"FCLASS_SE":null,"FCLASS_BD":null,"FCLASS_UA":null},"geometry":{"type":"Polygon","coordinates":[[[-16.713729,13.46915899593068],[-17.126107,14.225083250060823],[-17.625043,14.56992633645953],[-17.185173,14.753677306672895],[-16.700706,15.431506480265725],[-16.463098,15.92590718754661],[-16.12069,16.233989590847578],[-15.623666,16.151088151018552],[-15.135737,16.36032000787585],[-14.577348,16.370857054271003],[-14.099520999999998,16.088610134061998],[-13.435737999999999,15.833904572881025],[-12.830658,15.12490491382139],[-12.17075,14.460816913882159],[-12.124887,13.857612837466448],[-11.927716,13.300971240349947],[-11.553398,13.02749119911194],[-11.467899,12.650464939787401],[-11.513943,12.346316967132745],[-11.658301,12.291210651904514],[-12.203565,12.368451973854242],[-12.278599,12.25980255209233],[-12.499051,12.237961344474535],[-13.217818,12.476097425018336],[-13.700476000000002,12.486162794847917],[-15.548477000000002,12.527153478018768],[-15.816573999999997,12.417207816764613],[-16.147717,12.448647802016234],[-16.677452,12.289519324028225],[-16.841525,13.037408987799367],[-15.931296,13.01684228635199],[-15.691001000000002,13.153274364739831],[-15.511813000000002,13.16127565953862],[-15.141163000000002,13.386047773315484],[-14.712196999999998,13.180396108343453],[-14.277702000000001,13.16323772370851],[-13.844963,13.381699173744156],[-14.046991999999998,13.662712877089518],[-14.376714,13.499033161410459],[-14.687031,13.503580910618869],[-15.081735,13.74279089678066],[-15.398770000000003,13.727128943232348],[-15.624596,13.496997974245764],[-16.713729,13.46915899593068]]]}},{"type":"Feature","bbox":[-12.17075,10.096361,4.27021,24.974574],"properties":{"featurecla":"Admin-0 country","scalerank":1,"LABELRANK":3,"SOVEREIGNT":"Mali","SOV_A3":"MLI","ADM0_DIF":0,"LEVEL":2,"TYPE":"Sovereign country","TLC":"1","ADMIN":"Mali","ADM0_A3":"MLI","GEOU_DIF":0,"GEOUNIT":"Mali","GU_A3":"MLI","SU_DIF":0,"SUBUNIT":"Mali","SU_A3":"MLI","BRK_DIFF":0,"NAME":"Mali","NAME_LONG":"Mali","BRK_A3":"MLI","BRK_NAME":"Mali","BRK_GROUP":null,"ABBREV":"Mali","POSTAL":"ML","FORMAL_EN":"Republic of Mali","FORMAL_FR":null,"NAME_CIAWF":"Mali","NOTE_ADM0":null,"NOTE_BRK":null,"NAME_SORT":"Mali","NAME_ALT":null,"MAPCOLOR7":1,"MAPCOLOR8":4,"MAPCOLOR9":1,"MAPCOLOR13":7,"POP_EST":19658031,"POP_RANK":14,"POP_YEAR":2019,"GDP_MD":17279,"GDP_YEAR":2019,"ECONOMY":"7. Least developed region","INCOME_GRP":"5. Low income","FIPS_10":"ML","ISO_A2":"ML","ISO_A2_EH":"ML","ISO_A3":"MLI","ISO_A3_EH":"MLI","ISO_N3":"466","ISO_N3_EH":"466","UN_A3":"466","WB_A2":"ML","WB_A3":"MLI","WOE_ID":23424891,"WOE_ID_EH":23424891,"WOE_NOTE":"Exact WOE match as country","ADM0_ISO":"MLI","ADM0_DIFF":null,"ADM0_TLC":"MLI","ADM0_A3_US":"MLI","ADM0_A3_FR":"MLI","ADM0_A3_RU":"MLI","ADM0_A3_ES":"MLI","ADM0_A3_CN":"MLI","ADM0_A3_TW":"MLI","ADM0_A3_IN":"MLI","ADM0_A3_NP":"MLI","ADM0_A3_PK":"MLI","ADM0_A3_DE":"MLI","ADM0_A3_GB":"MLI","ADM0_A3_BR":"MLI","ADM0_A3_IL":"MLI","ADM0_A3_PS":"MLI","ADM0_A3_SA":"MLI","ADM0_A3_EG":"MLI","ADM0_A3_MA":"MLI","ADM0_A3_PT":"MLI","ADM0_A3_AR":"MLI","ADM0_A3_JP":"MLI","ADM0_A3_KO":"MLI","ADM0_A3_VN":"MLI","ADM0_A3_TR":"MLI","ADM0_A3_ID":"MLI","ADM0_A3_PL":"MLI","ADM0_A3_GR":"MLI","ADM0_A3_IT":"MLI","ADM0_A3_NL":"MLI","ADM0_A3_SE":"MLI","ADM0_A3_BD":"MLI","ADM0_A3_UA":"MLI","ADM0_A3_UN":-99,"ADM0_A3_WB":-99,"CONTINENT":"Africa","REGION_UN":"Africa","SUBREGION":"Western Africa","REGION_WB":"Sub-Saharan Africa","NAME_LEN":4,"LONG_LEN":4,"ABBREV_LEN":4,"TINY":-99,"HOMEPART":1,"MIN_ZOOM":0,"MIN_LABEL":3,"MAX_LABEL":7,"LABEL_X":-2.038455,"LABEL_Y":18.692713,"NE_ID":1159321063,"WIKIDATAID":"Q912","NAME_AR":"مالي","NAME_BN":"মালি","NAME_DE":"Mali","NAME_EN":"Mali","NAME_ES":"Malí","NAME_FA":"مالی","NAME_FR":"Mali","NAME_EL":"Μάλι","NAME_HE":"מאלי","NAME_HI":"माली","NAME_HU":"Mali","NAME_ID":"Mali","NAME_IT":"Mali","NAME_JA":"マリ共和国","NAME_KO":"말리","NAME_NL":"Mali","NAME_PL":"Mali","NAME_PT":"Mali","NAME_RU":"Мали","NAME_SV":"Mali","NAME_TR":"Mali","NAME_UK":"Малі","NAME_UR":"مالی","NAME_VI":"Mali","NAME_ZH":"马里","NAME_ZHT":"馬利共和國","FCLASS_ISO":"Admin-0 country","TLC_DIFF":null,"FCLASS_TLC":"Admin-0 country","FCLASS_US":null,"FCLASS_FR":null,"FCLASS_RU":null,"FCLASS_ES":null,"FCLASS_CN":null,"FCLASS_TW":null,"FCLASS_IN":null,"FCLASS_NP":null,"FCLASS_PK":null,"FCLASS_DE":null,"FCLASS_GB":null,"FCLASS_BR":null,"FCLASS_IL":null,"FCLASS_PS":null,"FCLASS_SA":null,"FCLASS_EG":null,"FCLASS_MA":null,"FCLASS_PT":null,"FCLASS_AR":null,"FCLASS_JP":null,"FCLASS_KO":null,"FCLASS_VN":null,"FCLASS_TR":null,"FCLASS_ID":null,"FCLASS_PL":null,"FCLASS_GR":null,"FCLASS_IT":null,"FCLASS_NL":null,"FCLASS_SE":null,"FCLASS_BD":null,"FCLASS_UA":null},"geometry":{"type":"Polygon","coordinates":[[[-11.513943,12.346316967132745],[-11.467899,12.650464939787401],[-11.553398,13.02749119911194],[-11.927716,13.300971240349947],[-12.124887,13.857612837466448],[-12.17075,14.460816913882159],[-11.834207999999999,14.637235215250044],[-11.666078,15.206477494293244],[-11.349095,15.228717337264374],[-10.650791,14.959816579177934],[-10.086846,15.150769172169646],[-9.700255,15.086687723954428],[-9.550238,15.301303707392309],[-5.537744,15.315957624145417],[-5.315277,15.990150241925221],[-5.488523,16.108594481054407],[-5.971129,20.208331215818554],[-6.453787,24.202925244935493],[-4.923337,24.219326469149628],[-1.5500549999999997,22.214249640352627],[1.823228,20.18015285994711],[2.060991,19.73972487323182],[2.6835880000000003,19.470302322929474],[3.146661,19.3168802295218],[3.158133,18.715388899475723],[4.267419,18.808087844488163],[4.27021,16.614370871409324],[3.723422,15.973259328449583],[3.6382590000000006,15.38001846566588],[2.749993,15.227047114770071],[1.385528,15.144084769763559],[1.015783,14.800771380201576],[0.374892,14.762797171611448],[-0.266257,14.758349943499876],[-0.515854,14.94379019582937],[-1.066363,14.806217408578913],[-2.001035,14.40481587234628],[-2.191825,14.101848856492593],[-2.967694,13.666679335539499],[-3.1037069999999995,13.416938079147286],[-3.5228030000000006,13.218808725675546],[-4.006391,13.350024020019596],[-4.280405,13.112461462577555],[-4.427166,12.443652033138608],[-5.220942,11.633098986009138],[-5.197843,11.301147558311252],[-5.470564999999999,10.885192407823741],[-5.404341999999999,10.314568301251825],[-5.816926,10.168747386928787],[-6.050452,10.044511579958382],[-6.205223,10.465378208299734],[-6.493965,10.354476203292462],[-6.666461,10.37366591997518],[-6.850507,10.086488397259297],[-7.622758999999999,10.094602910851103],[-7.899589999999999,10.242390498018615],[-8.029944,10.152978639222942],[-8.335377,10.436614437554768],[-8.282357,10.729333764713271],[-8.407311,10.84393247160621],[-8.620321,10.74730740740854],[-8.581305,11.066784571503252],[-8.376305,11.319288282654105],[-8.786099,11.729756706276426],[-8.905265000000002,11.999661255123856],[-9.127474,12.214476366955472],[-9.327616,12.240107433119698],[-9.567912,12.103212593131733],[-9.890993,11.972390065530307],[-10.165214,11.760619695303614],[-10.593224,11.838822462790006],[-10.87083,12.08721968436235],[-11.036556,12.11983614647973],[-11.297574,11.989501031808757],[-11.456169,11.98838883239554],[-11.513943,12.346316967132745]]]}},{"type":"Feature","bbox":[-17.063423,14.616834,-4.923337,27.395744],"properties":{"featurecla":"Admin-0 country","scalerank":1,"LABELRANK":3,"SOVEREIGNT":"Mauritania","SOV_A3":"MRT","ADM0_DIF":0,"LEVEL":2,"TYPE":"Sovereign country","TLC":"1","ADMIN":"Mauritania","ADM0_A3":"MRT","GEOU_DIF":0,"GEOUNIT":"Mauritania","GU_A3":"MRT","SU_DIF":0,"SUBUNIT":"Mauritania","SU_A3":"MRT","BRK_DIFF":0,"NAME":"Mauritania","NAME_LONG":"Mauritania","BRK_A3":"MRT","BRK_NAME":"Mauritania","BRK_GROUP":null,"ABBREV":"Mrt.","POSTAL":"MR","FORMAL_EN":"Islamic Republic of Mauritania","FORMAL_FR":null,"NAME_CIAWF":"Mauritania","NOTE_ADM0":null,"NOTE_BRK":null,"NAME_SORT":"Mauritania","NAME_ALT":null,"MAPCOLOR7":3,"MAPCOLOR8":3,"MAPCOLOR9":2,"MAPCOLOR13":1,"POP_EST":4525696,"POP_RANK":12,"POP_YEAR":2019,"GDP_MD":7600,"GDP_YEAR":2019,"ECONOMY":"7. Least developed region","INCOME_GRP":"5. Low income","FIPS_10":"MR","ISO_A2":"MR","ISO_A2_EH":"MR","ISO_A3":"MRT","ISO_A3_EH":"MRT","ISO_N3":"478","ISO_N3_EH":"478","UN_A3":"478","WB_A2":"MR","WB_A3":"MRT","WOE_ID":23424896,"WOE_ID_EH":23424896,"WOE_NOTE":"Exact WOE match as country","ADM0_ISO":"MRT","ADM0_DIFF":null,"ADM0_TLC":"MRT","ADM0_A3_US":"MRT","ADM0_A3_FR":"MRT","ADM0_A3_RU":"MRT","ADM0_A3_ES":"MRT","ADM0_A3_CN":"MRT","ADM0_A3_TW":"MRT","ADM0_A3_IN":"MRT","ADM0_A3_NP":"MRT","ADM0_A3_PK":"MRT","ADM0_A3_DE":"MRT","ADM0_A3_GB":"MRT","ADM0_A3_BR":"MRT","ADM0_A3_IL":"MRT","ADM0_A3_PS":"MRT","ADM0_A3_SA":"MRT","ADM0_A3_EG":"MRT","ADM0_A3_MA":"MRT","ADM0_A3_PT":"MRT","ADM0_A3_AR":"MRT","ADM0_A3_JP":"MRT","ADM0_A3_KO":"MRT","ADM0_A3_VN":"MRT","ADM0_A3_TR":"MRT","ADM0_A3_ID":"MRT","ADM0_A3_PL":"MRT","ADM0_A3_GR":"MRT","ADM0_A3_IT":"MRT","ADM0_A3_NL":"MRT","ADM0_A3_SE":"MRT","ADM0_A3_BD":"MRT","ADM0_A3_UA":"MRT","ADM0_A3_UN":-99,"ADM0_A3_WB":-99,"CONTINENT":"Africa","REGION_UN":"Africa","SUBREGION":"Western Africa","REGION_WB":"Sub-Saharan Africa","NAME_LEN":10,"LONG_LEN":10,"ABBREV_LEN":4,"TINY":-99,"HOMEPART":1,"MIN_ZOOM":0,"MIN_LABEL":3,"MAX_LABEL":8,"LABEL_X":-9.740299,"LABEL_Y":19.587062,"NE_ID":1159321075,"WIKIDATAID":"Q1025","NAME_AR":"موريتانيا","NAME_BN":"মৌরিতানিয়া","NAME_DE":"Mauretanien","NAME_EN":"Mauritania","NAME_ES":"Mauritania","NAME_FA":"موریتانی","NAME_FR":"Mauritanie","NAME_EL":"Μαυριτανία","NAME_HE":"מאוריטניה","NAME_HI":"मॉरीतानिया","NAME_HU":"Mauritánia","NAME_ID":"Mauritania","NAME_IT":"Mauritania","NAME_JA":"モーリタニア","NAME_KO":"모리타니","NAME_NL":"Mauritanië","NAME_PL":"Mauretania","NAME_PT":"Mauritânia","NAME_RU":"Мавритания","NAME_SV":"Mauretanien","NAME_TR":"Moritanya","NAME_UK":"Мавританія","NAME_UR":"موریتانیہ","NAME_VI":"Mauritanie","NAME_ZH":"毛里塔尼亚","NAME_ZHT":"茅利塔尼亞","FCLASS_ISO":"Admin-0 country","TLC_DIFF":null,"FCLASS_TLC":"Admin-0 country","FCLASS_US":null,"FCLASS_FR":null,"FCLASS_RU":null,"FCLASS_ES":null,"FCLASS_CN":null,"FCLASS_TW":null,"FCLASS_IN":null,"FCLASS_NP":null,"FCLASS_PK":null,"FCLASS_DE":null,"FCLASS_GB":null,"FCLASS_BR":null,"FCLASS_IL":null,"FCLASS_PS":null,"FCLASS_SA":null,"FCLASS_EG":null,"FCLASS_MA":null,"FCLASS_PT":null,"FCLASS_AR":null,"FCLASS_JP":null,"FCLASS_KO":null,"FCLASS_VN":null,"FCLASS_TR":null,"FCLASS_ID":null,"FCLASS_PL":null,"FCLASS_GR":null,"FCLASS_IT":null,"FCLASS_NL":null,"FCLASS_SE":null,"FCLASS_BD":null,"FCLASS_UA":null},"geometry":{"type":"Polygon","coordinates":[[[-17.063423,20.544790066617],[-16.845194,20.85682490992003],[-12.929102,20.85098247107084],[-13.118754,22.194394031204258],[-12.874222,22.66914155588347],[-11.937224,22.75194403480808],[-11.969419,25.090687441672916],[-8.687294,25.043316143407115],[-8.6844,26.40782618192221],[-4.923337,24.219326469149628],[-6.453787,24.202925244935493],[-5.971129,20.208331215818554],[-5.488523,16.108594481054407],[-5.315277,15.990150241925221],[-5.537744,15.315957624145417],[-9.550238,15.301303707392309],[-9.700255,15.086687723954428],[-10.086846,15.150769172169646],[-10.650791,14.959816579177934],[-11.349095,15.228717337264374],[-11.666078,15.206477494293244],[-11.834207999999999,14.637235215250044],[-12.17075,14.460816913882159],[-12.830658,15.12490491382139],[-13.435737999999999,15.833904572881025],[-14.099520999999998,16.088610134061998],[-14.577348,16.370857054271003],[-15.135737,16.36032000787585],[-15.623666,16.151088151018552],[-16.12069,16.233989590847578],[-16.463098,15.92590718754661],[-16.549708,16.443405387634172],[-16.270552,16.915728804800388],[-16.146347,17.81432488514559],[-16.256883,18.75265601906325],[-16.377651,19.222707402105776],[-16.277838,19.69292726803797],[-16.536324,20.139840812136228],[-17.063423,20.544790066617]]]}},{"type":"Feature","bbox":[0.772336,6.142158,3.797112,12.235636],"properties":{"featurecla":"Admin-0 country","scalerank":1,"LABELRANK":5,"SOVEREIGNT":"Benin","SOV_A3":"BEN","ADM0_DIF":0,"LEVEL":2,"TYPE":"Sovereign country","TLC":"1","ADMIN":"Benin","ADM0_A3":"BEN","GEOU_DIF":0,"GEOUNIT":"Benin","GU_A3":"BEN","SU_DIF":0,"SUBUNIT":"Benin","SU_A3":"BEN","BRK_DIFF":0,"NAME":"Benin","NAME_LONG":"Benin","BRK_A3":"BEN","BRK_NAME":"Benin","BRK_GROUP":null,"ABBREV":"Benin","POSTAL":"BJ","FORMAL_EN":"Republic of Benin","FORMAL_FR":null,"NAME_CIAWF":"Benin","NOTE_ADM0":null,"NOTE_BRK":null,"NAME_SORT":"Benin","NAME_ALT":null,"MAPCOLOR7":1,"MAPCOLOR8":2,"MAPCOLOR9":2,"MAPCOLOR13":12,"POP_EST":11801151,"POP_RANK":14,"POP_YEAR":2019,"GDP_MD":14390,"GDP_YEAR":2019,"ECONOMY":"7. Least developed region","INCOME_GRP":"5. Low income","FIPS_10":"BN","ISO_A2":"BJ","ISO_A2_EH":"BJ","ISO_A3":"BEN","ISO_A3_EH":"BEN","ISO_N3":"204","ISO_N3_EH":"204","UN_A3":"204","WB_A2":"BJ","WB_A3":"BEN","WOE_ID":23424764,"WOE_ID_EH":23424764,"WOE_NOTE":"Exact WOE match as country","ADM0_ISO":"BEN","ADM0_DIFF":null,"ADM0_TLC":"BEN","ADM0_A3_US":"BEN","ADM0_A3_FR":"BEN","ADM0_A3_RU":"BEN","ADM0_A3_ES":"BEN","ADM0_A3_CN":"BEN","ADM0_A3_TW":"BEN","ADM0_A3_IN":"BEN","ADM0_A3_NP":"BEN","ADM0_A3_PK":"BEN","ADM0_A3_DE":"BEN","ADM0_A3_GB":"BEN","ADM0_A3_BR":"BEN","ADM0_A3_IL":"BEN","ADM0_A3_PS":"BEN","ADM0_A3_SA":"BEN","ADM0_A3_EG":"BEN","ADM0_A3_MA":"BEN","ADM0_A3_PT":"BEN","ADM0_A3_AR":"BEN","ADM0_A3_JP":"BEN","ADM0_A3_KO":"BEN","ADM0_A3_VN":"BEN","ADM0_A3_TR":"BEN","ADM0_A3_ID":"BEN","ADM0_A3_PL":"BEN","ADM0_A3_GR":"BEN","ADM0_A3_IT":"BEN","ADM0_A3_NL":"BEN","ADM0_A3_SE":"BEN","ADM0_A3_BD":"BEN","ADM0_A3_UA":"BEN","ADM0_A3_UN":-99,"ADM0_A3_WB":-99,"CONTINENT":"Africa","REGION_UN":"Africa","SUBREGION":"Western Africa","REGION_WB":"Sub-Saharan Africa","NAME_LEN":5,"LONG_LEN":5,"ABBREV_LEN":5,"TINY":-99,"HOMEPART":1,"MIN_ZOOM":0,"MIN_LABEL":4,"MAX_LABEL":9,"LABEL_X":2.352018,"LABEL_Y":10.324775,"NE_ID":1159320399,"WIKIDATAID":"Q962","NAME_AR":"بنين","NAME_BN":"বেনিন","NAME_DE":"Benin","NAME_EN":"Benin","NAME_ES":"Benín","NAME_FA":"بنین","NAME_FR":"Bénin","NAME_EL":"Μπενίν","NAME_HE":"בנין","NAME_HI":"बेनिन","NAME_HU":"Benin","NAME_ID":"Benin","NAME_IT":"Benin","NAME_JA":"ベナン","NAME_KO":"베냉","NAME_NL":"Benin","NAME_PL":"Benin","NAME_PT":"Benim","NAME_RU":"Бенин","NAME_SV":"Benin","NAME_TR":"Benin","NAME_UK":"Бенін","NAME_UR":"بینن","NAME_VI":"Bénin","NAME_ZH":"贝宁","NAME_ZHT":"貝南","FCLASS_ISO":"Admin-0 country","TLC_DIFF":null,"FCLASS_TLC":"Admin-0 country","FCLASS_US":null,"FCLASS_FR":null,"FCLASS_RU":null,"FCLASS_ES":null,"FCLASS_CN":null,"FCLASS_TW":null,"FCLASS_IN":null,"FCLASS_NP":null,"FCLASS_PK":null,"FCLASS_DE":null,"FCLASS_GB":null,"FCLASS_BR":null,"FCLASS_IL":null,"FCLASS_PS":null,"FCLASS_SA":null,"FCLASS_EG":null,"FCLASS_MA":null,"FCLASS_PT":null,"FCLASS_AR":null,"FCLASS_JP":null,"FCLASS_KO":null,"FCLASS_VN":null,"FCLASS_TR":null,"FCLASS_ID":null,"FCLASS_PL":null,"FCLASS_GR":null,"FCLASS_IT":null,"FCLASS_NL":null,"FCLASS_SE":null,"FCLASS_BD":null,"FCLASS_UA":null},"geometry":{"type":"Polygon","coordinates":[[[2.691702,6.246406558886082],[1.865241,6.1304273771572575],[1.618951,6.8159050359882425],[1.664478,9.090213085873065],[1.463043,9.29360125749745],[1.4250609999999997,9.777589692590576],[1.077795,10.122533505935804],[0.772336,10.413006666740662],[0.899563,10.930429074505726],[1.2434699999999999,11.04152704880324],[1.447178,11.470324315976182],[1.9359860000000002,11.56187441290747],[2.154474,11.854652939282246],[2.490164,12.141156229332864],[2.848643,12.143682419506472],[3.6111800000000005,11.580504915776002],[3.5722160000000005,11.254852135116286],[3.797112,10.672488805160306],[3.6000700000000005,10.276638021040068],[3.705438,10.011867054790414],[3.220352,9.4016758061049],[2.912308,9.099117716329017],[2.723793,8.475761900102727],[2.749063,7.846095928439584],[2.691702,6.246406558886082]]]}},{"type":"Feature","bbox":[0.295646,11.660167,15.903247,23.471668],"properties":{"featurecla":"Admin-0 country","scalerank":1,"LABELRANK":3,"SOVEREIGNT":"Niger","SOV_A3":"NER","ADM0_DIF":0,"LEVEL":2,"TYPE":"Sovereign country","TLC":"1","ADMIN":"Niger","ADM0_A3":"NER","GEOU_DIF":0,"GEOUNIT":"Niger","GU_A3":"NER","SU_DIF":0,"SUBUNIT":"Niger","SU_A3":"NER","BRK_DIFF":0,"NAME":"Niger","NAME_LONG":"Niger","BRK_A3":"NER","BRK_NAME":"Niger","BRK_GROUP":null,"ABBREV":"Niger","POSTAL":"NE","FORMAL_EN":"Republic of Niger","FORMAL_FR":null,"NAME_CIAWF":"Niger","NOTE_ADM0":null,"NOTE_BRK":null,"NAME_SORT":"Niger","NAME_ALT":null,"MAPCOLOR7":4,"MAPCOLOR8":5,"MAPCOLOR9":3,"MAPCOLOR13":13,"POP_EST":23310715,"POP_RANK":15,"POP_YEAR":2019,"GDP_MD":12911,"GDP_YEAR":2019,"ECONOMY":"7. Least developed region","INCOME_GRP":"5. Low income","FIPS_10":"NG","ISO_A2":"NE","ISO_A2_EH":"NE","ISO_A3":"NER","ISO_A3_EH":"NER","ISO_N3":"562","ISO_N3_EH":"562","UN_A3":"562","WB_A2":"NE","WB_A3":"NER","WOE_ID":23424906,"WOE_ID_EH":23424906,"WOE_NOTE":"Exact WOE match as country","ADM0_ISO":"NER","ADM0_DIFF":null,"ADM0_TLC":"NER","ADM0_A3_US":"NER","ADM0_A3_FR":"NER","ADM0_A3_RU":"NER","ADM0_A3_ES":"NER","ADM0_A3_CN":"NER","ADM0_A3_TW":"NER","ADM0_A3_IN":"NER","ADM0_A3_NP":"NER","ADM0_A3_PK":"NER","ADM0_A3_DE":"NER","ADM0_A3_GB":"NER","ADM0_A3_BR":"NER","ADM0_A3_IL":"NER","ADM0_A3_PS":"NER","ADM0_A3_SA":"NER","ADM0_A3_EG":"NER","ADM0_A3_MA":"NER","ADM0_A3_PT":"NER","ADM0_A3_AR":"NER","ADM0_A3_JP":"NER","ADM0_A3_KO":"NER","ADM0_A3_VN":"NER","ADM0_A3_TR":"NER","ADM0_A3_ID":"NER","ADM0_A3_PL":"NER","ADM0_A3_GR":"NER","ADM0_A3_IT":"NER","ADM0_A3_NL":"NER","ADM0_A3_SE":"NER","ADM0_A3_BD":"NER","ADM0_A3_UA":"NER","ADM0_A3_UN":-99,"ADM0_A3_WB":-99,"CONTINENT":"Africa","REGION_UN":"Africa","SUBREGION":"Western Africa","REGION_WB":"Sub-Saharan Africa","NAME_LEN":5,"LONG_LEN":5,"ABBREV_LEN":5,"TINY":-99,"HOMEPART":1,"MIN_ZOOM":0,"MIN_LABEL":3,"MAX_LABEL":8,"LABEL_X":9.504356,"LABEL_Y":17.446195,"NE_ID":1159321087,"WIKIDATAID":"Q1032","NAME_AR":"النيجر","NAME_BN":"নাইজার","NAME_DE":"Niger","NAME_EN":"Niger","NAME_ES":"Níger","NAME_FA":"نیجر","NAME_FR":"Niger","NAME_EL":"Νίγηρας","NAME_HE":"ניז'ר","NAME_HI":"नाइजर","NAME_HU":"Niger","NAME_ID":"Niger","NAME_IT":"Niger","NAME_JA":"ニジェール","NAME_KO":"니제르","NAME_NL":"Niger","NAME_PL":"Niger","NAME_PT":"Níger","NAME_RU":"Нигер","NAME_SV":"Niger","NAME_TR":"Nijer","NAME_UK":"Нігер","NAME_UR":"نائجر","NAME_VI":"Niger","NAME_ZH":"尼日尔","NAME_ZHT":"尼日","FCLASS_ISO":"Admin-0 country","TLC_DIFF":null,"FCLASS_TLC":"Admin-0 country","FCLASS_US":null,"FCLASS_FR":null,"FCLASS_RU":null,"FCLASS_ES":null,"FCLASS_CN":null,"FCLASS_TW":null,"FCLASS_IN":null,"FCLASS_NP":null,"FCLASS_PK":null,"FCLASS_DE":null,"FCLASS_GB":null,"FCLASS_BR":null,"FCLASS_IL":null,"FCLASS_PS":null,"FCLASS_SA":null,"FCLASS_EG":null,"FCLASS_MA":null,"FCLASS_PT":null,"FCLASS_AR":null,"FCLASS_JP":null,"FCLASS_KO":null,"FCLASS_VN":null,"FCLASS_TR":null,"FCLASS_ID":null,"FCLASS_PL":null,"FCLASS_GR":null,"FCLASS_IT":null,"FCLASS_NL":null,"FCLASS_SE":null,"FCLASS_BD":null,"FCLASS_UA":null},"geometry":{"type":"Polygon","coordinates":[[[14.851299999999998,22.279301821990106],[15.096888,20.83364445519443],[15.471060000000001,20.590383977972873],[15.487147999999998,20.292376071109878],[15.903247000000002,19.97052356685592],[15.685741000000002,19.565451449073564],[15.300441,17.642366255622274],[15.247731,16.3987196263992],[13.972169999999998,15.492075091684693],[13.540394,14.218896851153689],[13.956699,13.859519665328017],[13.954477,13.234176947226576],[14.595781000000002,13.211765323368839],[14.495787,12.752775409152077],[14.213531,12.696823238111532],[14.181336,12.386042399149261],[13.995353000000001,12.364463708349712],[13.318702,13.431614811384891],[13.083987,13.470314317720895],[12.302071,12.926122903672281],[11.527802999999999,13.210356618511096],[10.989593,13.267149105875806],[10.701032000000001,13.130453125161576],[10.114814,13.159992276063472],[9.524928000000001,12.74468587940226],[9.014933,12.72084396561472],[7.804671,13.224518259150152],[7.330747,12.985422893073059],[6.820442000000001,13.002039245343944],[6.445426000000001,13.369758118748546],[5.443058,13.73252521296575],[4.368344,13.617440776562994],[4.107946,13.40716119888992],[3.9672830000000006,12.84708504300226],[3.680634,12.453667886505267],[3.6111800000000005,11.580504915776002],[2.848643,12.143682419506472],[2.490164,12.141156229332864],[2.154474,11.854652939282246],[2.1771080000000005,12.524076498308489],[1.024103,12.745392041074872],[0.993046,13.216947379138778],[0.429928,13.851793226317948],[0.29564599999999996,14.293623443484448],[0.374892,14.762797171611448],[1.015783,14.800771380201576],[1.385528,15.144084769763559],[2.749993,15.227047114770071],[3.6382590000000006,15.38001846566588],[3.723422,15.973259328449583],[4.27021,16.614370871409324],[4.267419,18.808087844488163],[5.677566,19.22968523157358],[8.572893,21.073781333263863],[11.999506,22.841435139385446],[13.581424999999998,22.44350598370342],[14.143871,21.934965365610967],[14.851299999999998,22.279301821990106]]]}},{"type":"Feature","bbox":[2.691702,4.240594,14.577178,13.865924],"properties":{"featurecla":"Admin-0 country","scalerank":1,"LABELRANK":2,"SOVEREIGNT":"Nigeria","SOV_A3":"NGA","ADM0_DIF":0,"LEVEL":2,"TYPE":"Sovereign country","TLC":"1","ADMIN":"Nigeria","ADM0_A3":"NGA","GEOU_DIF":0,"GEOUNIT":"Nigeria","GU_A3":"NGA","SU_DIF":0,"SUBUNIT":"Nigeria","SU_A3":"NGA","BRK_DIFF":0,"NAME":"Nigeria","NAME_LONG":"Nigeria","BRK_A3":"NGA","BRK_NAME":"Nigeria","BRK_GROUP":null,"ABBREV":"Nigeria","POSTAL":"NG","FORMAL_EN":"Federal Republic of Nigeria","FORMAL_FR":null,"NAME_CIAWF":"Nigeria","NOTE_ADM0":null,"NOTE_BRK":null,"NAME_SORT":"Nigeria","NAME_ALT":null,"MAPCOLOR7":3,"MAPCOLOR8":2,"MAPCOLOR9":5,"MAPCOLOR13":2,"POP_EST":200963599,"POP_RANK":17,"POP_YEAR":2019,"GDP_MD":448120,"GDP_YEAR":2019,"ECONOMY":"5. Emerging region: G20","INCOME_GRP":"4. Lower middle income","FIPS_10":"NI","ISO_A2":"NG","ISO_A2_EH":"NG","ISO_A3":"NGA","ISO_A3_EH":"NGA","ISO_N3":"566","ISO_N3_EH":"566","UN_A3":"566","WB_A2":"NG","WB_A3":"NGA","WOE_ID":23424908,"WOE_ID_EH":23424908,"WOE_NOTE":"Exact WOE match as country","ADM0_ISO":"NGA","ADM0_DIFF":null,"ADM0_TLC":"NGA","ADM0_A3_US":"NGA","ADM0_A3_FR":"NGA","ADM0_A3_RU":"NGA","ADM0_A3_ES":"NGA","ADM0_A3_CN":"NGA","ADM0_A3_TW":"NGA","ADM0_A3_IN":"NGA","ADM0_A3_NP":"NGA","ADM0_A3_PK":"NGA","ADM0_A3_DE":"NGA","ADM0_A3_GB":"NGA","ADM0_A3_BR":"NGA","ADM0_A3_IL":"NGA","ADM0_A3_PS":"NGA","ADM0_A3_SA":"NGA","ADM0_A3_EG":"NGA","ADM0_A3_MA":"NGA","ADM0_A3_PT":"NGA","ADM0_A3_AR":"NGA","ADM0_A3_JP":"NGA","ADM0_A3_KO":"NGA","ADM0_A3_VN":"NGA","ADM0_A3_TR":"NGA","ADM0_A3_ID":"NGA","ADM0_A3_PL":"NGA","ADM0_A3_GR":"NGA","ADM0_A3_IT":"NGA","ADM0_A3_NL":"NGA","ADM0_A3_SE":"NGA","ADM0_A3_BD":"NGA","ADM0_A3_UA":"NGA","ADM0_A3_UN":-99,"ADM0_A3_WB":-99,"CONTINENT":"Africa","REGION_UN":"Africa","SUBREGION":"Western Africa","REGION_WB":"Sub-Saharan Africa","NAME_LEN":7,"LONG_LEN":7,"ABBREV_LEN":7,"TINY":-99,"HOMEPART":1,"MIN_ZOOM":0,"MIN_LABEL":1.7,"MAX_LABEL":6.7,"LABEL_X":7.50322,"LABEL_Y":9.439799,"NE_ID":1159321089,"WIKIDATAID":"Q1033","NAME_AR":"نيجيريا","NAME_BN":"নাইজেরিয়া","NAME_DE":"Nigeria","NAME_EN":"Nigeria","NAME_ES":"Nigeria","NAME_FA":"نیجریه","NAME_FR":"Nigeria","NAME_EL":"Νιγηρία","NAME_HE":"ניגריה","NAME_HI":"नाईजीरिया","NAME_HU":"Nigéria","NAME_ID":"Nigeria","NAME_IT":"Nigeria","NAME_JA":"ナイジェリア","NAME_KO":"나이지리아","NAME_NL":"Nigeria","NAME_PL":"Nigeria","NAME_PT":"Nigéria","NAME_RU":"Нигерия","NAME_SV":"Nigeria","NAME_TR":"Nijerya","NAME_UK":"Нігерія","NAME_UR":"نائجیریا","NAME_VI":"Nigeria","NAME_ZH":"尼日利亚","NAME_ZHT":"奈及利亞","FCLASS_ISO":"Admin-0 country","TLC_DIFF":null,"FCLASS_TLC":"Admin-0 country","FCLASS_US":null,"FCLASS_FR":null,"FCLASS_RU":null,"FCLASS_ES":null,"FCLASS_CN":null,"FCLASS_TW":null,"FCLASS_IN":null,"FCLASS_NP":null,"FCLASS_PK":null,"FCLASS_DE":null,"FCLASS_GB":null,"FCLASS_BR":null,"FCLASS_IL":null,"FCLASS_PS":null,"FCLASS_SA":null,"FCLASS_EG":null,"FCLASS_MA":null,"FCLASS_PT":null,"FCLASS_AR":null,"FCLASS_JP":null,"FCLASS_KO":null,"FCLASS_VN":null,"FCLASS_TR":null,"FCLASS_ID":null,"FCLASS_PL":null,"FCLASS_GR":null,"FCLASS_IT":null,"FCLASS_NL":null,"FCLASS_SE":null,"FCLASS_BD":null,"FCLASS_UA":null},"geometry":{"type":"Polygon","coordinates":[[[2.691702,6.246406558886082],[2.749063,7.846095928439584],[2.723793,8.475761900102727],[2.912308,9.099117716329017],[3.220352,9.4016758061049],[3.705438,10.011867054790414],[3.6000700000000005,10.276638021040068],[3.797112,10.672488805160306],[3.5722160000000005,11.254852135116286],[3.6111800000000005,11.580504915776002],[3.680634,12.453667886505267],[3.9672830000000006,12.84708504300226],[4.107946,13.40716119888992],[4.368344,13.617440776562994],[5.443058,13.73252521296575],[6.445426000000001,13.369758118748546],[6.820442000000001,13.002039245343944],[7.330747,12.985422893073059],[7.804671,13.224518259150152],[9.014933,12.72084396561472],[9.524928000000001,12.74468587940226],[10.114814,13.159992276063472],[10.701032000000001,13.130453125161576],[10.989593,13.267149105875806],[11.527802999999999,13.210356618511096],[12.302071,12.926122903672281],[13.083987,13.470314317720895],[13.318702,13.431614811384891],[13.995353000000001,12.364463708349712],[14.181336,12.386042399149261],[14.577177999999998,11.996729727141613],[14.468192000000002,11.820007715698342],[14.415379000000001,11.494480967986808],[13.572950000000002,10.73519835545659],[13.308675999999998,10.107525456806407],[13.1676,9.595455011436162],[12.955468,9.375648194025777],[12.753672,8.684319272534681],[12.218872000000001,8.276885372778137],[12.063946,7.775827994585046],[11.839309000000002,7.376578823168102],[11.745774,6.964171455865586],[11.058788,6.62958408542469],[10.497375,7.03759491328312],[10.118277,7.021131595964692],[9.522706,6.4398797342946965],[9.233163,6.43094538808551],[8.757533,5.471331603428102],[8.500288,4.766475584158384],[7.462107999999999,4.407753897091644],[7.082596,4.460177525406199],[6.698072,4.236727755105297],[5.898173,4.258526713835539],[5.362804999999999,4.882052657454289],[5.033574,5.602851019845131],[4.325607,6.2581701701067844],[3.57418,6.245892627977949],[2.691702,6.246406558886082]]]}},{"type":"Feature","bbox":[8.488816,1.727673,16.012852,12.859396],"properties":{"featurecla":"Admin-0 country","scalerank":1,"LABELRANK":3,"SOVEREIGNT":"Cameroon","SOV_A3":"CMR","ADM0_DIF":0,"LEVEL":2,"TYPE":"Sovereign country","TLC":"1","ADMIN":"Cameroon","ADM0_A3":"CMR","GEOU_DIF":0,"GEOUNIT":"Cameroon","GU_A3":"CMR","SU_DIF":0,"SUBUNIT":"Cameroon","SU_A3":"CMR","BRK_DIFF":0,"NAME":"Cameroon","NAME_LONG":"Cameroon","BRK_A3":"CMR","BRK_NAME":"Cameroon","BRK_GROUP":null,"ABBREV":"Cam.","POSTAL":"CM","FORMAL_EN":"Republic of Cameroon","FORMAL_FR":null,"NAME_CIAWF":"Cameroon","NOTE_ADM0":null,"NOTE_BRK":null,"NAME_SORT":"Cameroon","NAME_ALT":null,"MAPCOLOR7":1,"MAPCOLOR8":4,"MAPCOLOR9":1,"MAPCOLOR13":3,"POP_EST":25876380,"POP_RANK":15,"POP_YEAR":2019,"GDP_MD":39007,"GDP_YEAR":2019,"ECONOMY":"6. Developing region","INCOME_GRP":"4. Lower middle income","FIPS_10":"CM","ISO_A2":"CM","ISO_A2_EH":"CM","ISO_A3":"CMR","ISO_A3_EH":"CMR","ISO_N3":"120","ISO_N3_EH":"120","UN_A3":"120","WB_A2":"CM","WB_A3":"CMR","WOE_ID":23424785,"WOE_ID_EH":23424785,"WOE_NOTE":"Exact WOE match as country","ADM0_ISO":"CMR","ADM0_DIFF":null,"ADM0_TLC":"CMR","ADM0_A3_US":"CMR","ADM0_A3_FR":"CMR","ADM0_A3_RU":"CMR","ADM0_A3_ES":"CMR","ADM0_A3_CN":"CMR","ADM0_A3_TW":"CMR","ADM0_A3_IN":"CMR","ADM0_A3_NP":"CMR","ADM0_A3_PK":"CMR","ADM0_A3_DE":"CMR","ADM0_A3_GB":"CMR","ADM0_A3_BR":"CMR","ADM0_A3_IL":"CMR","ADM0_A3_PS":"CMR","ADM0_A3_SA":"CMR","ADM0_A3_EG":"CMR","ADM0_A3_MA":"CMR","ADM0_A3_PT":"CMR","ADM0_A3_AR":"CMR","ADM0_A3_JP":"CMR","ADM0_A3_KO":"CMR","ADM0_A3_VN":"CMR","ADM0_A3_TR":"CMR","ADM0_A3_ID":"CMR","ADM0_A3_PL":"CMR","ADM0_A3_GR":"CMR","ADM0_A3_IT":"CMR","ADM0_A3_NL":"CMR","ADM0_A3_SE":"CMR","ADM0_A3_BD":"CMR","ADM0_A3_UA":"CMR","ADM0_A3_UN":-99,"ADM0_A3_WB":-99,"CONTINENT":"Africa","REGION_UN":"Africa","SUBREGION":"Middle Africa","REGION_WB":"Sub-Saharan Africa","NAME_LEN":8,"LONG_LEN":8,"ABBREV_LEN":4,"TINY":-99,"HOMEPART":1,"MIN_ZOOM":0,"MIN_LABEL":3,"MAX_LABEL":8,"LABEL_X":12.473488,"LABEL_Y":4.585041,"NE_ID":1159320509,"WIKIDATAID":"Q1009","NAME_AR":"الكاميرون","NAME_BN":"ক্যামেরুন","NAME_DE":"Kamerun","NAME_EN":"Cameroon","NAME_ES":"Camerún","NAME_FA":"کامرون","NAME_FR":"Cameroun","NAME_EL":"Καμερούν","NAME_HE":"קמרון","NAME_HI":"कैमरुन","NAME_HU":"Kamerun","NAME_ID":"Kamerun","NAME_IT":"Camerun","NAME_JA":"カメルーン","NAME_KO":"카메룬","NAME_NL":"Kameroen","NAME_PL":"Kamerun","NAME_PT":"Camarões","NAME_RU":"Камерун","NAME_SV":"Kamerun","NAME_TR":"Kamerun","NAME_UK":"Камерун","NAME_UR":"کیمرون","NAME_VI":"Cameroon","NAME_ZH":"喀麦隆","NAME_ZHT":"喀麥隆","FCLASS_ISO":"Admin-0 country","TLC_DIFF":null,"FCLASS_TLC":"Admin-0 country","FCLASS_US":null,"FCLASS_FR":null,"FCLASS_RU":null,"FCLASS_ES":null,"FCLASS_CN":null,"FCLASS_TW":null,"FCLASS_IN":null,"FCLASS_NP":null,"FCLASS_PK":null,"FCLASS_DE":null,"FCLASS_GB":null,"FCLASS_BR":null,"FCLASS_IL":null,"FCLASS_PS":null,"FCLASS_SA":null,"FCLASS_EG":null,"FCLASS_MA":null,"FCLASS_PT":null,"FCLASS_AR":null,"FCLASS_JP":null,"FCLASS_KO":null,"FCLASS_VN":null,"FCLASS_TR":null,"FCLASS_ID":null,"FCLASS_PL":null,"FCLASS_GR":null,"FCLASS_IT":null,"FCLASS_NL":null,"FCLASS_SE":null,"FCLASS_BD":null,"FCLASS_UA":null},"geometry":{"type":"Polygon","coordinates":[[[14.495787,12.752775409152077],[14.89336,12.127467068617968],[14.960152,11.478022329649546],[14.923565,10.826320160000046],[15.467873,9.932215860911572],[14.909354,9.941860961101037],[14.627201000000001,9.871712781357731],[14.171466,9.970669471263795],[13.954218,9.50558712545142],[14.544467,8.92949198508234],[14.979996,8.76175409523997],[15.120866,8.352409093283567],[15.436092000000002,7.669802488843926],[15.27946,7.401255195966364],[14.776544999999999,6.395177615519577],[14.53656,6.2147367382415695],[14.459407,5.443553093854501],[14.558936,5.024147009448592],[14.478372,4.727232649599091],[14.950953000000002,4.206604710346991],[15.036219999999998,3.848469936683816],[15.405396,3.3334189078834564],[15.862732000000001,3.012148541660534],[15.907380999999999,2.5565402542227806],[16.012852,2.2670482261278506],[15.940919,1.727411248355532],[15.146342,1.9636304876133013],[14.337813000000002,2.227313807538292],[13.075822,2.2665056510266393],[12.951333999999997,2.320980966793973],[12.35938,2.1922768830718686],[11.751664999999997,2.3261187391202998],[11.276449000000001,2.260464368309328],[9.649158,2.2832614351749205],[9.795196,3.071931178264761],[9.404367,3.7318855076639124],[8.948116,3.901111326585477],[8.744924,4.348035651015423],[8.488816,4.49101121515393],[8.500288,4.766475584158384],[8.757533,5.471331603428102],[9.233163,6.43094538808551],[9.522706,6.4398797342946965],[10.118277,7.021131595964692],[10.497375,7.03759491328312],[11.058788,6.62958408542469],[11.745774,6.964171455865586],[11.839309000000002,7.376578823168102],[12.063946,7.775827994585046],[12.218872000000001,8.276885372778137],[12.753672,8.684319272534681],[12.955468,9.375648194025777],[13.1676,9.595455011436162],[13.308675999999998,10.107525456806407],[13.572950000000002,10.73519835545659],[14.415379000000001,11.494480967986808],[14.468192000000002,11.820007715698342],[14.577177999999998,11.996729727141613],[14.181336,12.386042399149261],[14.213531,12.696823238111532],[14.495787,12.752775409152077]]]}},{"type":"Feature","bbox":[-0.049785,5.928837,1.865241,11.018682],"properties":{"featurecla":"Admin-0 country","scalerank":1,"LABELRANK":6,"SOVEREIGNT":"Togo","SOV_A3":"TGO","ADM0_DIF":0,"LEVEL":2,"TYPE":"Sovereign country","TLC":"1","ADMIN":"Togo","ADM0_A3":"TGO","GEOU_DIF":0,"GEOUNIT":"Togo","GU_A3":"TGO","SU_DIF":0,"SUBUNIT":"Togo","SU_A3":"TGO","BRK_DIFF":0,"NAME":"Togo","NAME_LONG":"Togo","BRK_A3":"TGO","BRK_NAME":"Togo","BRK_GROUP":null,"ABBREV":"Togo","POSTAL":"TG","FORMAL_EN":"Togolese Republic","FORMAL_FR":"République Togolaise","NAME_CIAWF":"Togo","NOTE_ADM0":null,"NOTE_BRK":null,"NAME_SORT":"Togo","NAME_ALT":null,"MAPCOLOR7":3,"MAPCOLOR8":1,"MAPCOLOR9":3,"MAPCOLOR13":5,"POP_EST":8082366,"POP_RANK":13,"POP_YEAR":2019,"GDP_MD":5490,"GDP_YEAR":2019,"ECONOMY":"7. Least developed region","INCOME_GRP":"5. Low income","FIPS_10":"TO","ISO_A2":"TG","ISO_A2_EH":"TG","ISO_A3":"TGO","ISO_A3_EH":"TGO","ISO_N3":"768","ISO_N3_EH":"768","UN_A3":"768","WB_A2":"TG","WB_A3":"TGO","WOE_ID":23424965,"WOE_ID_EH":23424965,"WOE_NOTE":"Exact WOE match as country","ADM0_ISO":"TGO","ADM0_DIFF":null,"ADM0_TLC":"TGO","ADM0_A3_US":"TGO","ADM0_A3_FR":"TGO","ADM0_A3_RU":"TGO","ADM0_A3_ES":"TGO","ADM0_A3_CN":"TGO","ADM0_A3_TW":"TGO","ADM0_A3_IN":"TGO","ADM0_A3_NP":"TGO","ADM0_A3_PK":"TGO","ADM0_A3_DE":"TGO","ADM0_A3_GB":"TGO","ADM0_A3_BR":"TGO","ADM0_A3_IL":"TGO","ADM0_A3_PS":"TGO","ADM0_A3_SA":"TGO","ADM0_A3_EG":"TGO","ADM0_A3_MA":"TGO","ADM0_A3_PT":"TGO","ADM0_A3_AR":"TGO","ADM0_A3_JP":"TGO","ADM0_A3_KO":"TGO","ADM0_A3_VN":"TGO","ADM0_A3_TR":"TGO","ADM0_A3_ID":"TGO","ADM0_A3_PL":"TGO","ADM0_A3_GR":"TGO","ADM0_A3_IT":"TGO","ADM0_A3_NL":"TGO","ADM0_A3_SE":"TGO","ADM0_A3_BD":"TGO","ADM0_A3_UA":"TGO","ADM0_A3_UN":-99,"ADM0_A3_WB":-99,"CONTINENT":"Africa","REGION_UN":"Africa","SUBREGION":"Western Africa","REGION_WB":"Sub-Saharan Africa","NAME_LEN":4,"LONG_LEN":4,"ABBREV_LEN":4,"TINY":-99,"HOMEPART":1,"MIN_ZOOM":0,"MIN_LABEL":5,"MAX_LABEL":10,"LABEL_X":1.058113,"LABEL_Y":8.80722,"NE_ID":1159321303,"WIKIDATAID":"Q945","NAME_AR":"توغو","NAME_BN":"টোগো","NAME_DE":"Togo","NAME_EN":"Togo","NAME_ES":"Togo","NAME_FA":"توگو","NAME_FR":"Togo","NAME_EL":"Τόγκο","NAME_HE":"טוגו","NAME_HI":"टोगो","NAME_HU":"Togo","NAME_ID":"Togo","NAME_IT":"Togo","NAME_JA":"トーゴ","NAME_KO":"토고","NAME_NL":"Togo","NAME_PL":"Togo","NAME_PT":"Togo","NAME_RU":"Того","NAME_SV":"Togo","NAME_TR":"Togo","NAME_UK":"Того","NAME_UR":"ٹوگو","NAME_VI":"Togo","NAME_ZH":"多哥","NAME_ZHT":"多哥","FCLASS_ISO":"Admin-0 country","TLC_DIFF":null,"FCLASS_TLC":"Admin-0 country","FCLASS_US":null,"FCLASS_FR":null,"FCLASS_RU":null,"FCLASS_ES":null,"FCLASS_CN":null,"FCLASS_TW":null,"FCLASS_IN":null,"FCLASS_NP":null,"FCLASS_PK":null,"FCLASS_DE":null,"FCLASS_GB":null,"FCLASS_BR":null,"FCLASS_IL":null,"FCLASS_PS":null,"FCLASS_SA":null,"FCLASS_EG":null,"FCLASS_MA":null,"FCLASS_PT":null,"FCLASS_AR":null,"FCLASS_JP":null,"FCLASS_KO":null,"FCLASS_VN":null,"FCLASS_TR":null,"FCLASS_ID":null,"FCLASS_PL":null,"FCLASS_GR":null,"FCLASS_IT":null,"FCLASS_NL":null,"FCLASS_SE":null,"FCLASS_BD":null,"FCLASS_UA":null},"geometry":{"type":"Polygon","coordinates":[[[0.899563,10.930429074505726],[0.772336,10.413006666740662],[1.077795,10.122533505935804],[1.4250609999999997,9.777589692590576],[1.463043,9.29360125749745],[1.664478,9.090213085873065],[1.618951,6.8159050359882425],[1.865241,6.1304273771572575],[1.060122,5.91828459371601],[0.836931,6.2674425004083005],[0.570384,6.897637244444849],[0.490957,7.391158905092542],[0.712029,8.283457144919366],[0.461192,8.644241916116192],[0.365901,9.422246110754038],[0.36758,10.137896217143167],[-0.04978500000000001,10.645140949672147],[0.023803,10.951384132419106],[0.899563,10.930429074505726]]]}},{"type":"Feature","bbox":[-3.24437,4.710462,1.060122,11.098341],"properties":{"featurecla":"Admin-0 country","scalerank":1,"LABELRANK":3,"SOVEREIGNT":"Ghana","SOV_A3":"GHA","ADM0_DIF":0,"LEVEL":2,"TYPE":"Sovereign country","TLC":"1","ADMIN":"Ghana","ADM0_A3":"GHA","GEOU_DIF":0,"GEOUNIT":"Ghana","GU_A3":"GHA","SU_DIF":0,"SUBUNIT":"Ghana","SU_A3":"GHA","BRK_DIFF":0,"NAME":"Ghana","NAME_LONG":"Ghana","BRK_A3":"GHA","BRK_NAME":"Ghana","BRK_GROUP":null,"ABBREV":"Ghana","POSTAL":"GH","FORMAL_EN":"Republic of Ghana","FORMAL_FR":null,"NAME_CIAWF":"Ghana","NOTE_ADM0":null,"NOTE_BRK":null,"NAME_SORT":"Ghana","NAME_ALT":null,"MAPCOLOR7":5,"MAPCOLOR8":3,"MAPCOLOR9":1,"MAPCOLOR13":4,"POP_EST":30417856,"POP_RANK":15,"POP_YEAR":2019,"GDP_MD":66983,"GDP_YEAR":2019,"ECONOMY":"6. Developing region","INCOME_GRP":"4. Lower middle income","FIPS_10":"GH","ISO_A2":"GH","ISO_A2_EH":"GH","ISO_A3":"GHA","ISO_A3_EH":"GHA","ISO_N3":"288","ISO_N3_EH":"288","UN_A3":"288","WB_A2":"GH","WB_A3":"GHA","WOE_ID":23424824,"WOE_ID_EH":23424824,"WOE_NOTE":"Exact WOE match as country","ADM0_ISO":"GHA","ADM0_DIFF":null,"ADM0_TLC":"GHA","ADM0_A3_US":"GHA","ADM0_A3_FR":"GHA","ADM0_A3_RU":"GHA","ADM0_A3_ES":"GHA","ADM0_A3_CN":"GHA","ADM0_A3_TW":"GHA","ADM0_A3_IN":"GHA","ADM0_A3_NP":"GHA","ADM0_A3_PK":"GHA","ADM0_A3_DE":"GHA","ADM0_A3_GB":"GHA","ADM0_A3_BR":"GHA","ADM0_A3_IL":"GHA","ADM0_A3_PS":"GHA","ADM0_A3_SA":"GHA","ADM0_A3_EG":"GHA","ADM0_A3_MA":"GHA","ADM0_A3_PT":"GHA","ADM0_A3_AR":"GHA","ADM0_A3_JP":"GHA","ADM0_A3_KO":"GHA","ADM0_A3_VN":"GHA","ADM0_A3_TR":"GHA","ADM0_A3_ID":"GHA","ADM0_A3_PL":"GHA","ADM0_A3_GR":"GHA","ADM0_A3_IT":"GHA","ADM0_A3_NL":"GHA","ADM0_A3_SE":"GHA","ADM0_A3_BD":"GHA","ADM0_A3_UA":"GHA","ADM0_A3_UN":-99,"ADM0_A3_WB":-99,"CONTINENT":"Africa","REGION_UN":"Africa","SUBREGION":"Western Africa","REGION_WB":"Sub-Saharan Africa","NAME_LEN":5,"LONG_LEN":5,"ABBREV_LEN":5,"TINY":-99,"HOMEPART":1,"MIN_ZOOM":0,"MIN_LABEL":2.7,"MAX_LABEL":8,"LABEL_X":-1.036941,"LABEL_Y":7.717639,"NE_ID":1159320793,"WIKIDATAID":"Q117","NAME_AR":"غانا","NAME_BN":"ঘানা","NAME_DE":"Ghana","NAME_EN":"Ghana","NAME_ES":"Ghana","NAME_FA":"غنا","NAME_FR":"Ghana","NAME_EL":"Γκάνα","NAME_HE":"גאנה","NAME_HI":"घाना","NAME_HU":"Ghána","NAME_ID":"Ghana","NAME_IT":"Ghana","NAME_JA":"ガーナ","NAME_KO":"가나","NAME_NL":"Ghana","NAME_PL":"Ghana","NAME_PT":"Gana","NAME_RU":"Гана","NAME_SV":"Ghana","NAME_TR":"Gana","NAME_UK":"Гана","NAME_UR":"گھانا","NAME_VI":"Ghana","NAME_ZH":"加纳","NAME_ZHT":"迦納","FCLASS_ISO":"Admin-0 country","TLC_DIFF":null,"FCLASS_TLC":"Admin-0 country","FCLASS_US":null,"FCLASS_FR":null,"FCLASS_RU":null,"FCLASS_ES":null,"FCLASS_CN":null,"FCLASS_TW":null,"FCLASS_IN":null,"FCLASS_NP":null,"FCLASS_PK":null,"FCLASS_DE":null,"FCLASS_GB":null,"FCLASS_BR":null,"FCLASS_IL":null,"FCLASS_PS":null,"FCLASS_SA":null,"FCLASS_EG":null,"FCLASS_MA":null,"FCLASS_PT":null,"FCLASS_AR":null,"FCLASS_JP":null,"FCLASS_KO":null,"FCLASS_VN":null,"FCLASS_TR":null,"FCLASS_ID":null,"FCLASS_PL":null,"FCLASS_GR":null,"FCLASS_IT":null,"FCLASS_NL":null,"FCLASS_SE":null,"FCLASS_BD":null,"FCLASS_UA":null},"geometry":{"type":"Polygon","coordinates":[[[0.023803,10.951384132419106],[-0.04978500000000001,10.645140949672147],[0.36758,10.137896217143167],[0.365901,9.422246110754038],[0.461192,8.644241916116192],[0.712029,8.283457144919366],[0.490957,7.391158905092542],[0.570384,6.897637244444849],[0.836931,6.2674425004083005],[1.060122,5.91828459371601],[-0.507638,5.335743856624783],[-1.0636250000000003,4.994211779097356],[-1.9647069999999998,4.70516462191925],[-2.856125,4.988162803566788],[-2.810701,5.381122678462254],[-3.2443700000000004,6.238111036080599],[-2.983585,7.359384975168683],[-2.56219,8.191577989359153],[-2.827496,9.597264333603695],[-2.963896,10.33876785548882],[-2.940409,10.896406722922023],[-1.203358,10.942682411054976],[-0.761576,10.87111008691298],[-0.438702,11.029582089298108],[0.023803,10.951384132419106]]]}},{"type":"Feature","bbox":[-8.60288,4.338288,-2.56219,10.524061],"properties":{"featurecla":"Admin-0 country","scalerank":1,"LABELRANK":3,"SOVEREIGNT":"Ivory Coast","SOV_A3":"CIV","ADM0_DIF":0,"LEVEL":2,"TYPE":"Sovereign country","TLC":"1","ADMIN":"Ivory Coast","ADM0_A3":"CIV","GEOU_DIF":0,"GEOUNIT":"Ivory Coast","GU_A3":"CIV","SU_DIF":0,"SUBUNIT":"Ivory Coast","SU_A3":"CIV","BRK_DIFF":0,"NAME":"Côte d'Ivoire","NAME_LONG":"Côte d'Ivoire","BRK_A3":"CIV","BRK_NAME":"Côte d'Ivoire","BRK_GROUP":null,"ABBREV":"I.C.","POSTAL":"CI","FORMAL_EN":"Republic of Ivory Coast","FORMAL_FR":"Republic of Cote D'Ivoire","NAME_CIAWF":"Cote D'ivoire","NOTE_ADM0":null,"NOTE_BRK":null,"NAME_SORT":"Côte d'Ivoire","NAME_ALT":null,"MAPCOLOR7":4,"MAPCOLOR8":6,"MAPCOLOR9":3,"MAPCOLOR13":3,"POP_EST":25716544,"POP_RANK":15,"POP_YEAR":2019,"GDP_MD":58539,"GDP_YEAR":2019,"ECONOMY":"6. Developing region","INCOME_GRP":"4. Lower middle income","FIPS_10":"IV","ISO_A2":"CI","ISO_A2_EH":"CI","ISO_A3":"CIV","ISO_A3_EH":"CIV","ISO_N3":"384","ISO_N3_EH":"384","UN_A3":"384","WB_A2":"CI","WB_A3":"CIV","WOE_ID":23424854,"WOE_ID_EH":23424854,"WOE_NOTE":"Exact WOE match as country","ADM0_ISO":"CIV","ADM0_DIFF":null,"ADM0_TLC":"CIV","ADM0_A3_US":"CIV","ADM0_A3_FR":"CIV","ADM0_A3_RU":"CIV","ADM0_A3_ES":"CIV","ADM0_A3_CN":"CIV","ADM0_A3_TW":"CIV","ADM0_A3_IN":"CIV","ADM0_A3_NP":"CIV","ADM0_A3_PK":"CIV","ADM0_A3_DE":"CIV","ADM0_A3_GB":"CIV","ADM0_A3_BR":"CIV","ADM0_A3_IL":"CIV","ADM0_A3_PS":"CIV","ADM0_A3_SA":"CIV","ADM0_A3_EG":"CIV","ADM0_A3_MA":"CIV","ADM0_A3_PT":"CIV","ADM0_A3_AR":"CIV","ADM0_A3_JP":"CIV","ADM0_A3_KO":"CIV","ADM0_A3_VN":"CIV","ADM0_A3_TR":"CIV","ADM0_A3_ID":"CIV","ADM0_A3_PL":"CIV","ADM0_A3_GR":"CIV","ADM0_A3_IT":"CIV","ADM0_A3_NL":"CIV","ADM0_A3_SE":"CIV","ADM0_A3_BD":"CIV","ADM0_A3_UA":"CIV","ADM0_A3_UN":-99,"ADM0_A3_WB":-99,"CONTINENT":"Africa","REGION_UN":"Africa","SUBREGION":"Western Africa","REGION_WB":"Sub-Saharan Africa","NAME_LEN":13,"LONG_LEN":13,"ABBREV_LEN":4,"TINY":-99,"HOMEPART":1,"MIN_ZOOM":0,"MIN_LABEL":2.5,"MAX_LABEL":8,"LABEL_X":-5.568618,"LABEL_Y":7.49139,"NE_ID":1159320507,"WIKIDATAID":"Q1008","NAME_AR":"ساحل العاج","NAME_BN":"কোত দিভোয়ার","NAME_DE":"Elfenbeinküste","NAME_EN":"Ivory Coast","NAME_ES":"Costa de Marfil","NAME_FA":"ساحل عاج","NAME_FR":"Côte d'Ivoire","NAME_EL":"Ακτή Ελεφαντοστού","NAME_HE":"חוף השנהב","NAME_HI":"कोत दिव्वार","NAME_HU":"Elefántcsontpart","NAME_ID":"Pantai Gading","NAME_IT":"Costa d'Avorio","NAME_JA":"コートジボワール","NAME_KO":"코트디부아르","NAME_NL":"Ivoorkust","NAME_PL":"Wybrzeże Kości Słoniowej","NAME_PT":"Costa do Marfim","NAME_RU":"Кот-д’Ивуар","NAME_SV":"Elfenbenskusten","NAME_TR":"Fildişi Sahili","NAME_UK":"Кот-д'Івуар","NAME_UR":"کوت داوواغ","NAME_VI":"Bờ Biển Ngà","NAME_ZH":"科特迪瓦","NAME_ZHT":"象牙海岸","FCLASS_ISO":"Admin-0 country","TLC_DIFF":null,"FCLASS_TLC":"Admin-0 country","FCLASS_US":null,"FCLASS_FR":null,"FCLASS_RU":null,"FCLASS_ES":null,"FCLASS_CN":null,"FCLASS_TW":null,"FCLASS_IN":null,"FCLASS_NP":null,"FCLASS_PK":null,"FCLASS_DE":null,"FCLASS_GB":null,"FCLASS_BR":null,"FCLASS_IL":null,"FCLASS_PS":null,"FCLASS_SA":null,"FCLASS_EG":null,"FCLASS_MA":null,"FCLASS_PT":null,"FCLASS_AR":null,"FCLASS_JP":null,"FCLASS_KO":null,"FCLASS_VN":null,"FCLASS_TR":null,"FCLASS_ID":null,"FCLASS_PL":null,"FCLASS_GR":null,"FCLASS_IT":null,"FCLASS_NL":null,"FCLASS_SE":null,"FCLASS_BD":null,"FCLASS_UA":null},"geometry":{"type":"Polygon","coordinates":[[[-8.029944,10.152978639222942],[-7.899589999999999,10.242390498018615],[-7.622758999999999,10.094602910851103],[-6.850507,10.086488397259297],[-6.666461,10.37366591997518],[-6.493965,10.354476203292462],[-6.205223,10.465378208299734],[-6.050452,10.044511579958382],[-5.816926,10.168747386928787],[-5.404341999999999,10.314568301251825],[-4.954653,10.099996064541473],[-4.779884,9.774229207913592],[-4.330247000000001,9.566079537790712],[-3.980449,9.813999989863612],[-3.511899,9.85142405483885],[-2.827496,9.597264333603695],[-2.56219,8.191577989359153],[-2.983585,7.359384975168683],[-3.2443700000000004,6.238111036080599],[-2.810701,5.381122678462254],[-2.856125,4.988162803566788],[-3.3110840000000006,4.978021280169497],[-4.00882,5.172771591319922],[-4.649917,5.161269521835861],[-5.834496000000001,4.987390738283437],[-6.528768999999999,4.699808711720397],[-7.518941,4.334148606180314],[-7.712158999999999,4.3603510031486445],[-7.635368000000001,5.181083546431931],[-7.539715000000001,5.305745672836758],[-7.570153,5.6979367491432775],[-7.993693000000001,6.114550456153616],[-8.311348,6.181009037133642],[-8.60288,6.453872685167746],[-8.385452,6.8950977516863325],[-8.485446,7.374759998113554],[-8.439298,7.663093993618092],[-8.280703,7.664220837919855],[-8.221792,8.096250140214332],[-8.299049,8.287394614012232],[-8.203499000000003,8.424927834450747],[-7.8321000000000005,8.543862795188065],[-8.079114,9.334652795552197],[-8.309616,9.74224574805094],[-8.229337,10.076668400693647],[-8.029944,10.152978639222942]]]}},{"type":"Feature","bbox":[-15.130311,7.309037,-7.8321,12.586183],"properties":{"featurecla":"Admin-0 country","scalerank":1,"LABELRANK":3,"SOVEREIGNT":"Guinea","SOV_A3":"GIN","ADM0_DIF":0,"LEVEL":2,"TYPE":"Sovereign country","TLC":"1","ADMIN":"Guinea","ADM0_A3":"GIN","GEOU_DIF":0,"GEOUNIT":"Guinea","GU_A3":"GIN","SU_DIF":0,"SUBUNIT":"Guinea","SU_A3":"GIN","BRK_DIFF":0,"NAME":"Guinea","NAME_LONG":"Guinea","BRK_A3":"GIN","BRK_NAME":"Guinea","BRK_GROUP":null,"ABBREV":"Gin.","POSTAL":"GN","FORMAL_EN":"Republic of Guinea","FORMAL_FR":null,"NAME_CIAWF":"Guinea","NOTE_ADM0":null,"NOTE_BRK":null,"NAME_SORT":"Guinea","NAME_ALT":null,"MAPCOLOR7":6,"MAPCOLOR8":3,"MAPCOLOR9":7,"MAPCOLOR13":2,"POP_EST":12771246,"POP_RANK":14,"POP_YEAR":2019,"GDP_MD":12296,"GDP_YEAR":2019,"ECONOMY":"7. Least developed region","INCOME_GRP":"5. Low income","FIPS_10":"GV","ISO_A2":"GN","ISO_A2_EH":"GN","ISO_A3":"GIN","ISO_A3_EH":"GIN","ISO_N3":"324","ISO_N3_EH":"324","UN_A3":"324","WB_A2":"GN","WB_A3":"GIN","WOE_ID":23424835,"WOE_ID_EH":23424835,"WOE_NOTE":"Exact WOE match as country","ADM0_ISO":"GIN","ADM0_DIFF":null,"ADM0_TLC":"GIN","ADM0_A3_US":"GIN","ADM0_A3_FR":"GIN","ADM0_A3_RU":"GIN","ADM0_A3_ES":"GIN","ADM0_A3_CN":"GIN","ADM0_A3_TW":"GIN","ADM0_A3_IN":"GIN","ADM0_A3_NP":"GIN","ADM0_A3_PK":"GIN","ADM0_A3_DE":"GIN","ADM0_A3_GB":"GIN","ADM0_A3_BR":"GIN","ADM0_A3_IL":"GIN","ADM0_A3_PS":"GIN","ADM0_A3_SA":"GIN","ADM0_A3_EG":"GIN","ADM0_A3_MA":"GIN","ADM0_A3_PT":"GIN","ADM0_A3_AR":"GIN","ADM0_A3_JP":"GIN","ADM0_A3_KO":"GIN","ADM0_A3_VN":"GIN","ADM0_A3_TR":"GIN","ADM0_A3_ID":"GIN","ADM0_A3_PL":"GIN","ADM0_A3_GR":"GIN","ADM0_A3_IT":"GIN","ADM0_A3_NL":"GIN","ADM0_A3_SE":"GIN","ADM0_A3_BD":"GIN","ADM0_A3_UA":"GIN","ADM0_A3_UN":-99,"ADM0_A3_WB":-99,"CONTINENT":"Africa","REGION_UN":"Africa","SUBREGION":"Western Africa","REGION_WB":"Sub-Saharan Africa","NAME_LEN":6,"LONG_LEN":6,"ABBREV_LEN":4,"TINY":-99,"HOMEPART":1,"MIN_ZOOM":0,"MIN_LABEL":3,"MAX_LABEL":8,"LABEL_X":-10.016402,"LABEL_Y":10.618516,"NE_ID":1159320795,"WIKIDATAID":"Q1006","NAME_AR":"غينيا","NAME_BN":"গিনি","NAME_DE":"Guinea","NAME_EN":"Guinea","NAME_ES":"Guinea","NAME_FA":"گینه","NAME_FR":"Guinée","NAME_EL":"Γουινέα","NAME_HE":"גינאה","NAME_HI":"गिनी","NAME_HU":"Guinea","NAME_ID":"Guinea","NAME_IT":"Guinea","NAME_JA":"ギニア","NAME_KO":"기니","NAME_NL":"Guinee","NAME_PL":"Gwinea","NAME_PT":"Guiné","NAME_RU":"Гвинея","NAME_SV":"Guinea","NAME_TR":"Gine","NAME_UK":"Гвінея","NAME_UR":"جمہوریہ گنی","NAME_VI":"Guinée","NAME_ZH":"几内亚","NAME_ZHT":"幾內亞","FCLASS_ISO":"Admin-0 country","TLC_DIFF":null,"FCLASS_TLC":"Admin-0 country","FCLASS_US":null,"FCLASS_FR":null,"FCLASS_RU":null,"FCLASS_ES":null,"FCLASS_CN":null,"FCLASS_TW":null,"FCLASS_IN":null,"FCLASS_NP":null,"FCLASS_PK":null,"FCLASS_DE":null,"FCLASS_GB":null,"FCLASS_BR":null,"FCLASS_IL":null,"FCLASS_PS":null,"FCLASS_SA":null,"FCLASS_EG":null,"FCLASS_MA":null,"FCLASS_PT":null,"FCLASS_AR":null,"FCLASS_JP":null,"FCLASS_KO":null,"FCLASS_VN":null,"FCLASS_TR":null,"FCLASS_ID":null,"FCLASS_PL":null,"FCLASS_GR":null,"FCLASS_IT":null,"FCLASS_NL":null,"FCLASS_SE":null,"FCLASS_BD":null,"FCLASS_UA":null},"geometry":{"type":"Polygon","coordinates":[[[-13.700476000000002,12.486162794847917],[-13.217818,12.476097425018336],[-12.499051,12.237961344474535],[-12.278599,12.25980255209233],[-12.203565,12.368451973854242],[-11.658301,12.291210651904514],[-11.513943,12.346316967132745],[-11.456169,11.98838883239554],[-11.297574,11.989501031808757],[-11.036556,12.11983614647973],[-10.87083,12.08721968436235],[-10.593224,11.838822462790006],[-10.165214,11.760619695303614],[-9.890993,11.972390065530307],[-9.567912,12.103212593131733],[-9.327616,12.240107433119698],[-9.127474,12.214476366955472],[-8.905265000000002,11.999661255123856],[-8.786099,11.729756706276426],[-8.376305,11.319288282654105],[-8.581305,11.066784571503252],[-8.620321,10.74730740740854],[-8.407311,10.84393247160621],[-8.282357,10.729333764713271],[-8.335377,10.436614437554768],[-8.029944,10.152978639222942],[-8.229337,10.076668400693647],[-8.309616,9.74224574805094],[-8.079114,9.334652795552197],[-7.8321000000000005,8.543862795188065],[-8.203499000000003,8.424927834450747],[-8.299049,8.287394614012232],[-8.221792,8.096250140214332],[-8.280703,7.664220837919855],[-8.439298,7.663093993618092],[-8.722124,7.688495332349551],[-8.926065,7.289293603995636],[-9.208786,7.294138106128576],[-9.403348,7.505348196324247],[-9.33728,7.903350872074272],[-9.755342,8.509596778073428],[-10.016566999999998,8.398268732064679],[-10.230094,8.376209212788151],[-10.505477,8.319506422299622],[-10.494314999999999,8.682122740785625],[-10.65477,8.940671652730668],[-10.622395,9.227756785600256],[-10.839152,9.642405514925331],[-11.117481000000002,9.99479361786095],[-11.917277,9.99588775495947],[-12.150338,9.810283167407643],[-12.425929,9.787876900624108],[-12.596719,9.57530235540149],[-12.711958,9.301583001447108],[-13.24655,8.867435992682152],[-13.685153999999999,9.451583630912852],[-14.074045,9.837473538260797],[-14.330076,9.965096879139423],[-14.579699,10.160786333616823],[-14.693231999999998,10.595391009288234],[-14.839554000000001,10.811829397364388],[-15.130311000000003,10.972717632538446],[-14.685687,11.450825989424219],[-14.382192,11.4326426745033],[-14.121406,11.597109381689764],[-13.9008,11.598678673078656],[-13.743161000000002,11.728491683747206],[-13.828272000000002,12.052755805332415],[-13.718744000000001,12.154973727275458],[-13.700476000000002,12.486162794847917]]]}},{"type":"Feature","bbox":[-16.677452,11.040412,-13.700476,12.62817],"properties":{"featurecla":"Admin-0 country","scalerank":1,"LABELRANK":6,"SOVEREIGNT":"Guinea-Bissau","SOV_A3":"GNB","ADM0_DIF":0,"LEVEL":2,"TYPE":"Sovereign country","TLC":"1","ADMIN":"Guinea-Bissau","ADM0_A3":"GNB","GEOU_DIF":0,"GEOUNIT":"Guinea-Bissau","GU_A3":"GNB","SU_DIF":0,"SUBUNIT":"Guinea-Bissau","SU_A3":"GNB","BRK_DIFF":0,"NAME":"Guinea-Bissau","NAME_LONG":"Guinea-Bissau","BRK_A3":"GNB","BRK_NAME":"Guinea-Bissau","BRK_GROUP":null,"ABBREV":"GnB.","POSTAL":"GW","FORMAL_EN":"Republic of Guinea-Bissau","FORMAL_FR":null,"NAME_CIAWF":"Guinea-Bissau","NOTE_ADM0":null,"NOTE_BRK":null,"NAME_SORT":"Guinea-Bissau","NAME_ALT":null,"MAPCOLOR7":3,"MAPCOLOR8":5,"MAPCOLOR9":3,"MAPCOLOR13":4,"POP_EST":1920922,"POP_RANK":12,"POP_YEAR":2019,"GDP_MD":1339,"GDP_YEAR":2019,"ECONOMY":"7. Least developed region","INCOME_GRP":"5. Low income","FIPS_10":"PU","ISO_A2":"GW","ISO_A2_EH":"GW","ISO_A3":"GNB","ISO_A3_EH":"GNB","ISO_N3":"624","ISO_N3_EH":"624","UN_A3":"624","WB_A2":"GW","WB_A3":"GNB","WOE_ID":23424929,"WOE_ID_EH":23424929,"WOE_NOTE":"Exact WOE match as country","ADM0_ISO":"GNB","ADM0_DIFF":null,"ADM0_TLC":"GNB","ADM0_A3_US":"GNB","ADM0_A3_FR":"GNB","ADM0_A3_RU":"GNB","ADM0_A3_ES":"GNB","ADM0_A3_CN":"GNB","ADM0_A3_TW":"GNB","ADM0_A3_IN":"GNB","ADM0_A3_NP":"GNB","ADM0_A3_PK":"GNB","ADM0_A3_DE":"GNB","ADM0_A3_GB":"GNB","ADM0_A3_BR":"GNB","ADM0_A3_IL":"GNB","ADM0_A3_PS":"GNB","ADM0_A3_SA":"GNB","ADM0_A3_EG":"GNB","ADM0_A3_MA":"GNB","ADM0_A3_PT":"GNB","ADM0_A3_AR":"GNB","ADM0_A3_JP":"GNB","ADM0_A3_KO":"GNB","ADM0_A3_VN":"GNB","ADM0_A3_TR":"GNB","ADM0_A3_ID":"GNB","ADM0_A3_PL":"GNB","ADM0_A3_GR":"GNB","ADM0_A3_IT":"GNB","ADM0_A3_NL":"GNB","ADM0_A3_SE":"GNB","ADM0_A3_BD":"GNB","ADM0_A3_UA":"GNB","ADM0_A3_UN":-99,"ADM0_A3_WB":-99,"CONTINENT":"Africa","REGION_UN":"Africa","SUBREGION":"Western Africa","REGION_WB":"Sub-Saharan Africa","NAME_LEN":13,"LONG_LEN":13,"ABBREV_LEN":4,"TINY":-99,"HOMEPART":1,"MIN_ZOOM":0,"MIN_LABEL":5,"MAX_LABEL":10,"LABEL_X":-14.52413,"LABEL_Y":12.163712,"NE_ID":1159320799,"WIKIDATAID":"Q1007","NAME_AR":"غينيا بيساو","NAME_BN":"গিনি-বিসাউ","NAME_DE":"Guinea-Bissau","NAME_EN":"Guinea-Bissau","NAME_ES":"Guinea-Bisáu","NAME_FA":"گینه بیسائو","NAME_FR":"Guinée-Bissau","NAME_EL":"Γουινέα-Μπισσάου","NAME_HE":"גינאה ביסאו","NAME_HI":"गिनी-बिसाऊ","NAME_HU":"Bissau-Guinea","NAME_ID":"Guinea-Bissau","NAME_IT":"Guinea-Bissau","NAME_JA":"ギニアビサウ","NAME_KO":"기니비사우","NAME_NL":"Guinee-Bissau","NAME_PL":"Gwinea Bissau","NAME_PT":"Guiné-Bissau","NAME_RU":"Гвинея-Бисау","NAME_SV":"Guinea-Bissau","NAME_TR":"Gine-Bissau","NAME_UK":"Гвінея-Бісау","NAME_UR":"گنی بساؤ","NAME_VI":"Guiné-Bissau","NAME_ZH":"几内亚比绍","NAME_ZHT":"幾內亞比索","FCLASS_ISO":"Admin-0 country","TLC_DIFF":null,"FCLASS_TLC":"Admin-0 country","FCLASS_US":null,"FCLASS_FR":null,"FCLASS_RU":null,"FCLASS_ES":null,"FCLASS_CN":null,"FCLASS_TW":null,"FCLASS_IN":null,"FCLASS_NP":null,"FCLASS_PK":null,"FCLASS_DE":null,"FCLASS_GB":null,"FCLASS_BR":null,"FCLASS_IL":null,"FCLASS_PS":null,"FCLASS_SA":null,"FCLASS_EG":null,"FCLASS_MA":null,"FCLASS_PT":null,"FCLASS_AR":null,"FCLASS_JP":null,"FCLASS_KO":null,"FCLASS_VN":null,"FCLASS_TR":null,"FCLASS_ID":null,"FCLASS_PL":null,"FCLASS_GR":null,"FCLASS_IT":null,"FCLASS_NL":null,"FCLASS_SE":null,"FCLASS_BD":null,"FCLASS_UA":null},"geometry":{"type":"Polygon","coordinates":[[[-16.677452,12.289519324028225],[-16.147717,12.448647802016234],[-15.816573999999997,12.417207816764613],[-15.548477000000002,12.527153478018768],[-13.700476000000002,12.486162794847917],[-13.718744000000001,12.154973727275458],[-13.828272000000002,12.052755805332415],[-13.743161000000002,11.728491683747206],[-13.9008,11.598678673078656],[-14.121406,11.597109381689764],[-14.382192,11.4326426745033],[-14.685687,11.450825989424219],[-15.130311000000003,10.972717632538446],[-15.66418,11.382848218848109],[-16.085214,11.447660263404389],[-16.314787,11.723836899228987],[-16.308947,11.872808655860485],[-16.613838,12.080398255553073],[-16.677452,12.289519324028225]]]}},{"type":"Feature","bbox":[-11.438779,4.355755,-7.539715,8.541055],"properties":{"featurecla":"Admin-0 country","scalerank":1,"LABELRANK":4,"SOVEREIGNT":"Liberia","SOV_A3":"LBR","ADM0_DIF":0,"LEVEL":2,"TYPE":"Sovereign country","TLC":"1","ADMIN":"Liberia","ADM0_A3":"LBR","GEOU_DIF":0,"GEOUNIT":"Liberia","GU_A3":"LBR","SU_DIF":0,"SUBUNIT":"Liberia","SU_A3":"LBR","BRK_DIFF":0,"NAME":"Liberia","NAME_LONG":"Liberia","BRK_A3":"LBR","BRK_NAME":"Liberia","BRK_GROUP":null,"ABBREV":"Liberia","POSTAL":"LR","FORMAL_EN":"Republic of Liberia","FORMAL_FR":null,"NAME_CIAWF":"Liberia","NOTE_ADM0":null,"NOTE_BRK":null,"NAME_SORT":"Liberia","NAME_ALT":null,"MAPCOLOR7":2,"MAPCOLOR8":3,"MAPCOLOR9":4,"MAPCOLOR13":9,"POP_EST":4937374,"POP_RANK":12,"POP_YEAR":2019,"GDP_MD":3070,"GDP_YEAR":2019,"ECONOMY":"7. Least developed region","INCOME_GRP":"5. Low income","FIPS_10":"LI","ISO_A2":"LR","ISO_A2_EH":"LR","ISO_A3":"LBR","ISO_A3_EH":"LBR","ISO_N3":"430","ISO_N3_EH":"430","UN_A3":"430","WB_A2":"LR","WB_A3":"LBR","WOE_ID":23424876,"WOE_ID_EH":23424876,"WOE_NOTE":"Exact WOE match as country","ADM0_ISO":"LBR","ADM0_DIFF":null,"ADM0_TLC":"LBR","ADM0_A3_US":"LBR","ADM0_A3_FR":"LBR","ADM0_A3_RU":"LBR","ADM0_A3_ES":"LBR","ADM0_A3_CN":"LBR","ADM0_A3_TW":"LBR","ADM0_A3_IN":"LBR","ADM0_A3_NP":"LBR","ADM0_A3_PK":"LBR","ADM0_A3_DE":"LBR","ADM0_A3_GB":"LBR","ADM0_A3_BR":"LBR","ADM0_A3_IL":"LBR","ADM0_A3_PS":"LBR","ADM0_A3_SA":"LBR","ADM0_A3_EG":"LBR","ADM0_A3_MA":"LBR","ADM0_A3_PT":"LBR","ADM0_A3_AR":"LBR","ADM0_A3_JP":"LBR","ADM0_A3_KO":"LBR","ADM0_A3_VN":"LBR","ADM0_A3_TR":"LBR","ADM0_A3_ID":"LBR","ADM0_A3_PL":"LBR","ADM0_A3_GR":"LBR","ADM0_A3_IT":"LBR","ADM0_A3_NL":"LBR","ADM0_A3_SE":"LBR","ADM0_A3_BD":"LBR","ADM0_A3_UA":"LBR","ADM0_A3_UN":-99,"ADM0_A3_WB":-99,"CONTINENT":"Africa","REGION_UN":"Africa","SUBREGION":"Western Africa","REGION_WB":"Sub-Saharan Africa","NAME_LEN":7,"LONG_LEN":7,"ABBREV_LEN":7,"TINY":-99,"HOMEPART":1,"MIN_ZOOM":0,"MIN_LABEL":4,"MAX_LABEL":9,"LABEL_X":-9.460379,"LABEL_Y":6.447177,"NE_ID":1159321015,"WIKIDATAID":"Q1014","NAME_AR":"ليبيريا","NAME_BN":"লাইবেরিয়া","NAME_DE":"Liberia","NAME_EN":"Liberia","NAME_ES":"Liberia","NAME_FA":"لیبریا","NAME_FR":"Liberia","NAME_EL":"Λιβερία","NAME_HE":"ליבריה","NAME_HI":"लाइबेरिया","NAME_HU":"Libéria","NAME_ID":"Liberia","NAME_IT":"Liberia","NAME_JA":"リベリア","NAME_KO":"라이베리아","NAME_NL":"Liberia","NAME_PL":"Liberia","NAME_PT":"Libéria","NAME_RU":"Либерия","NAME_SV":"Liberia","NAME_TR":"Liberya","NAME_UK":"Ліберія","NAME_UR":"لائبیریا","NAME_VI":"Liberia","NAME_ZH":"利比里亚","NAME_ZHT":"賴比瑞亞","FCLASS_ISO":"Admin-0 country","TLC_DIFF":null,"FCLASS_TLC":"Admin-0 country","FCLASS_US":null,"FCLASS_FR":null,"FCLASS_RU":null,"FCLASS_ES":null,"FCLASS_CN":null,"FCLASS_TW":null,"FCLASS_IN":null,"FCLASS_NP":null,"FCLASS_PK":null,"FCLASS_DE":null,"FCLASS_GB":null,"FCLASS_BR":null,"FCLASS_IL":null,"FCLASS_PS":null,"FCLASS_SA":null,"FCLASS_EG":null,"FCLASS_MA":null,"FCLASS_PT":null,"FCLASS_AR":null,"FCLASS_JP":null,"FCLASS_KO":null,"FCLASS_VN":null,"FCLASS_TR":null,"FCLASS_ID":null,"FCLASS_PL":null,"FCLASS_GR":null,"FCLASS_IT":null,"FCLASS_NL":null,"FCLASS_SE":null,"FCLASS_BD":null,"FCLASS_UA":null},"geometry":{"type":"Polygon","coordinates":[[[-8.439298,7.663093993618092],[-8.485446,7.374759998113554],[-8.385452,6.8950977516863325],[-8.60288,6.453872685167746],[-8.311348,6.181009037133642],[-7.993693000000001,6.114550456153616],[-7.570153,5.6979367491432775],[-7.539715000000001,5.305745672836758],[-7.635368000000001,5.181083546431931],[-7.712158999999999,4.3603510031486445],[-7.974106999999999,4.351565454351334],[-9.004794,4.82669992486013],[-9.91342,5.584696883601819],[-10.765384,6.128988650072649],[-11.438779,6.770107808819955],[-11.199802000000002,7.087699824146464],[-11.146704,7.376245603869996],[-10.695595,7.914176910578916],[-10.230094,8.376209212788151],[-10.016566999999998,8.398268732064679],[-9.755342,8.509596778073428],[-9.33728,7.903350872074272],[-9.403348,7.505348196324247],[-9.208786,7.294138106128576],[-8.926065,7.289293603995636],[-8.722124,7.688495332349551],[-8.439298,7.663093993618092]]]}},{"type":"Feature","bbox":[-13.24655,6.785917,-10.230094,10.046984],"properties":{"featurecla":"Admin-0 country","scalerank":1,"LABELRANK":4,"SOVEREIGNT":"Sierra Leone","SOV_A3":"SLE","ADM0_DIF":0,"LEVEL":2,"TYPE":"Sovereign country","TLC":"1","ADMIN":"Sierra Leone","ADM0_A3":"SLE","GEOU_DIF":0,"GEOUNIT":"Sierra Leone","GU_A3":"SLE","SU_DIF":0,"SUBUNIT":"Sierra Leone","SU_A3":"SLE","BRK_DIFF":0,"NAME":"Sierra Leone","NAME_LONG":"Sierra Leone","BRK_A3":"SLE","BRK_NAME":"Sierra Leone","BRK_GROUP":null,"ABBREV":"S.L.","POSTAL":"SL","FORMAL_EN":"Republic of Sierra Leone","FORMAL_FR":null,"NAME_CIAWF":"Sierra Leone","NOTE_ADM0":null,"NOTE_BRK":null,"NAME_SORT":"Sierra Leone","NAME_ALT":null,"MAPCOLOR7":1,"MAPCOLOR8":4,"MAPCOLOR9":1,"MAPCOLOR13":7,"POP_EST":7813215,"POP_RANK":13,"POP_YEAR":2019,"GDP_MD":4121,"GDP_YEAR":2019,"ECONOMY":"7. Least developed region","INCOME_GRP":"5. Low income","FIPS_10":"SL","ISO_A2":"SL","ISO_A2_EH":"SL","ISO_A3":"SLE","ISO_A3_EH":"SLE","ISO_N3":"694","ISO_N3_EH":"694","UN_A3":"694","WB_A2":"SL","WB_A3":"SLE","WOE_ID":23424946,"WOE_ID_EH":23424946,"WOE_NOTE":"Exact WOE match as country","ADM0_ISO":"SLE","ADM0_DIFF":null,"ADM0_TLC":"SLE","ADM0_A3_US":"SLE","ADM0_A3_FR":"SLE","ADM0_A3_RU":"SLE","ADM0_A3_ES":"SLE","ADM0_A3_CN":"SLE","ADM0_A3_TW":"SLE","ADM0_A3_IN":"SLE","ADM0_A3_NP":"SLE","ADM0_A3_PK":"SLE","ADM0_A3_DE":"SLE","ADM0_A3_GB":"SLE","ADM0_A3_BR":"SLE","ADM0_A3_IL":"SLE","ADM0_A3_PS":"SLE","ADM0_A3_SA":"SLE","ADM0_A3_EG":"SLE","ADM0_A3_MA":"SLE","ADM0_A3_PT":"SLE","ADM0_A3_AR":"SLE","ADM0_A3_JP":"SLE","ADM0_A3_KO":"SLE","ADM0_A3_VN":"SLE","ADM0_A3_TR":"SLE","ADM0_A3_ID":"SLE","ADM0_A3_PL":"SLE","ADM0_A3_GR":"SLE","ADM0_A3_IT":"SLE","ADM0_A3_NL":"SLE","ADM0_A3_SE":"SLE","ADM0_A3_BD":"SLE","ADM0_A3_UA":"SLE","ADM0_A3_UN":-99,"ADM0_A3_WB":-99,"CONTINENT":"Africa","REGION_UN":"Africa","SUBREGION":"Western Africa","REGION_WB":"Sub-Saharan Africa","NAME_LEN":12,"LONG_LEN":12,"ABBREV_LEN":4,"TINY":-99,"HOMEPART":1,"MIN_ZOOM":0,"MIN_LABEL":4,"MAX_LABEL":9,"LABEL_X":-11.763677,"LABEL_Y":8.617449,"NE_ID":1159321251,"WIKIDATAID":"Q1044","NAME_AR":"سيراليون","NAME_BN":"সিয়েরা লিওন","NAME_DE":"Sierra Leone","NAME_EN":"Sierra Leone","NAME_ES":"Sierra Leona","NAME_FA":"سیرالئون","NAME_FR":"Sierra Leone","NAME_EL":"Σιέρα Λεόνε","NAME_HE":"סיירה לאון","NAME_HI":"सिएरा लियोन","NAME_HU":"Sierra Leone","NAME_ID":"Sierra Leone","NAME_IT":"Sierra Leone","NAME_JA":"シエラレオネ","NAME_KO":"시에라리온","NAME_NL":"Sierra Leone","NAME_PL":"Sierra Leone","NAME_PT":"Serra Leoa","NAME_RU":"Сьерра-Леоне","NAME_SV":"Sierra Leone","NAME_TR":"Sierra Leone","NAME_UK":"Сьєрра-Леоне","NAME_UR":"سیرالیون","NAME_VI":"Sierra Leone","NAME_ZH":"塞拉利昂","NAME_ZHT":"獅子山","FCLASS_ISO":"Admin-0 country","TLC_DIFF":null,"FCLASS_TLC":"Admin-0 country","FCLASS_US":null,"FCLASS_FR":null,"FCLASS_RU":null,"FCLASS_ES":null,"FCLASS_CN":null,"FCLASS_TW":null,"FCLASS_IN":null,"FCLASS_NP":null,"FCLASS_PK":null,"FCLASS_DE":null,"FCLASS_GB":null,"FCLASS_BR":null,"FCLASS_IL":null,"FCLASS_PS":null,"FCLASS_SA":null,"FCLASS_EG":null,"FCLASS_MA":null,"FCLASS_PT":null,"FCLASS_AR":null,"FCLASS_JP":null,"FCLASS_KO":null,"FCLASS_VN":null,"FCLASS_TR":null,"FCLASS_ID":null,"FCLASS_PL":null,"FCLASS_GR":null,"FCLASS_IT":null,"FCLASS_NL":null,"FCLASS_SE":null,"FCLASS_BD":null,"FCLASS_UA":null},"geometry":{"type":"Polygon","coordinates":[[[-13.24655,8.867435992682152],[-12.711958,9.301583001447108],[-12.596719,9.57530235540149],[-12.425929,9.787876900624108],[-12.150338,9.810283167407643],[-11.917277,9.99588775495947],[-11.117481000000002,9.99479361786095],[-10.839152,9.642405514925331],[-10.622395,9.227756785600256],[-10.65477,8.940671652730668],[-10.494314999999999,8.682122740785625],[-10.505477,8.319506422299622],[-10.230094,8.376209212788151],[-10.695595,7.914176910578916],[-11.146704,7.376245603869996],[-11.199802000000002,7.087699824146464],[-11.438779,6.770107808819955],[-11.708195,6.843765914013565],[-12.428099,7.243568807205206],[-12.949049,7.774676677586111],[-13.124025000000001,8.13646029498291],[-13.24655,8.867435992682152]]]}},{"type":"Feature","bbox":[-5.470565,9.610835,2.177108,15.116158],"properties":{"featurecla":"Admin-0 country","scalerank":1,"LABELRANK":3,"SOVEREIGNT":"Burkina Faso","SOV_A3":"BFA","ADM0_DIF":0,"LEVEL":2,"TYPE":"Sovereign country","TLC":"1","ADMIN":"Burkina Faso","ADM0_A3":"BFA","GEOU_DIF":0,"GEOUNIT":"Burkina Faso","GU_A3":"BFA","SU_DIF":0,"SUBUNIT":"Burkina Faso","SU_A3":"BFA","BRK_DIFF":0,"NAME":"Burkina Faso","NAME_LONG":"Burkina Faso","BRK_A3":"BFA","BRK_NAME":"Burkina Faso","BRK_GROUP":null,"ABBREV":"B.F.","POSTAL":"BF","FORMAL_EN":"Burkina Faso","FORMAL_FR":null,"NAME_CIAWF":"Burkina Faso","NOTE_ADM0":null,"NOTE_BRK":null,"NAME_SORT":"Burkina Faso","NAME_ALT":null,"MAPCOLOR7":2,"MAPCOLOR8":1,"MAPCOLOR9":5,"MAPCOLOR13":11,"POP_EST":20321378,"POP_RANK":15,"POP_YEAR":2019,"GDP_MD":15990,"GDP_YEAR":2019,"ECONOMY":"7. Least developed region","INCOME_GRP":"5. Low income","FIPS_10":"UV","ISO_A2":"BF","ISO_A2_EH":"BF","ISO_A3":"BFA","ISO_A3_EH":"BFA","ISO_N3":"854","ISO_N3_EH":"854","UN_A3":"854","WB_A2":"BF","WB_A3":"BFA","WOE_ID":23424978,"WOE_ID_EH":23424978,"WOE_NOTE":"Exact WOE match as country","ADM0_ISO":"BFA","ADM0_DIFF":null,"ADM0_TLC":"BFA","ADM0_A3_US":"BFA","ADM0_A3_FR":"BFA","ADM0_A3_RU":"BFA","ADM0_A3_ES":"BFA","ADM0_A3_CN":"BFA","ADM0_A3_TW":"BFA","ADM0_A3_IN":"BFA","ADM0_A3_NP":"BFA","ADM0_A3_PK":"BFA","ADM0_A3_DE":"BFA","ADM0_A3_GB":"BFA","ADM0_A3_BR":"BFA","ADM0_A3_IL":"BFA","ADM0_A3_PS":"BFA","ADM0_A3_SA":"BFA","ADM0_A3_EG":"BFA","ADM0_A3_MA":"BFA","ADM0_A3_PT":"BFA","ADM0_A3_AR":"BFA","ADM0_A3_JP":"BFA","ADM0_A3_KO":"BFA","ADM0_A3_VN":"BFA","ADM0_A3_TR":"BFA","ADM0_A3_ID":"BFA","ADM0_A3_PL":"BFA","ADM0_A3_GR":"BFA","ADM0_A3_IT":"BFA","ADM0_A3_NL":"BFA","ADM0_A3_SE":"BFA","ADM0_A3_BD":"BFA","ADM0_A3_UA":"BFA","ADM0_A3_UN":-99,"ADM0_A3_WB":-99,"CONTINENT":"Africa","REGION_UN":"Africa","SUBREGION":"Western Africa","REGION_WB":"Sub-Saharan Africa","NAME_LEN":12,"LONG_LEN":12,"ABBREV_LEN":4,"TINY":-99,"HOMEPART":1,"MIN_ZOOM":0,"MIN_LABEL":3,"MAX_LABEL":8,"LABEL_X":-1.36388,"LABEL_Y":12.673048,"NE_ID":1159320405,"WIKIDATAID":"Q965","NAME_AR":"بوركينا فاسو","NAME_BN":"বুর্কিনা ফাসো","NAME_DE":"Burkina Faso","NAME_EN":"Burkina Faso","NAME_ES":"Burkina Faso","NAME_FA":"بورکینافاسو","NAME_FR":"Burkina Faso","NAME_EL":"Μπουρκίνα Φάσο","NAME_HE":"בורקינה פאסו","NAME_HI":"बुर्किना फासो","NAME_HU":"Burkina Faso","NAME_ID":"Burkina Faso","NAME_IT":"Burkina Faso","NAME_JA":"ブルキナファソ","NAME_KO":"부르키나파소","NAME_NL":"Burkina Faso","NAME_PL":"Burkina Faso","NAME_PT":"Burkina Faso","NAME_RU":"Буркина-Фасо","NAME_SV":"Burkina Faso","NAME_TR":"Burkina Faso","NAME_UK":"Буркіна-Фасо","NAME_UR":"برکینا فاسو","NAME_VI":"Burkina Faso","NAME_ZH":"布基纳法索","NAME_ZHT":"布基納法索","FCLASS_ISO":"Admin-0 country","TLC_DIFF":null,"FCLASS_TLC":"Admin-0 country","FCLASS_US":null,"FCLASS_FR":null,"FCLASS_RU":null,"FCLASS_ES":null,"FCLASS_CN":null,"FCLASS_TW":null,"FCLASS_IN":null,"FCLASS_NP":null,"FCLASS_PK":null,"FCLASS_DE":null,"FCLASS_GB":null,"FCLASS_BR":null,"FCLASS_IL":null,"FCLASS_PS":null,"FCLASS_SA":null,"FCLASS_EG":null,"FCLASS_MA":null,"FCLASS_PT":null,"FCLASS_AR":null,"FCLASS_JP":null,"FCLASS_KO":null,"FCLASS_VN":null,"FCLASS_TR":null,"FCLASS_ID":null,"FCLASS_PL":null,"FCLASS_GR":null,"FCLASS_IT":null,"FCLASS_NL":null,"FCLASS_SE":null,"FCLASS_BD":null,"FCLASS_UA":null},"geometry":{"type":"Polygon","coordinates":[[[-5.404341999999999,10.314568301251825],[-5.470564999999999,10.885192407823741],[-5.197843,11.301147558311252],[-5.220942,11.633098986009138],[-4.427166,12.443652033138608],[-4.280405,13.112461462577555],[-4.006391,13.350024020019596],[-3.5228030000000006,13.218808725675546],[-3.1037069999999995,13.416938079147286],[-2.967694,13.666679335539499],[-2.191825,14.101848856492593],[-2.001035,14.40481587234628],[-1.066363,14.806217408578913],[-0.515854,14.94379019582937],[-0.266257,14.758349943499876],[0.374892,14.762797171611448],[0.29564599999999996,14.293623443484448],[0.429928,13.851793226317948],[0.993046,13.216947379138778],[1.024103,12.745392041074872],[2.1771080000000005,12.524076498308489],[2.154474,11.854652939282246],[1.9359860000000002,11.56187441290747],[1.447178,11.470324315976182],[1.2434699999999999,11.04152704880324],[0.899563,10.930429074505726],[0.023803,10.951384132419106],[-0.438702,11.029582089298108],[-0.761576,10.87111008691298],[-1.203358,10.942682411054976],[-2.940409,10.896406722922023],[-2.963896,10.33876785548882],[-2.827496,9.597264333603695],[-3.511899,9.85142405483885],[-3.980449,9.813999989863612],[-4.330247000000001,9.566079537790712],[-4.779884,9.774229207913592],[-4.954653,10.099996064541473],[-5.404341999999999,10.314568301251825]]]}},{"type":"Feature","bbox":[14.459407,2.26764,27.374226,11.142395],"properties":{"featurecla":"Admin-0 country","scalerank":1,"LABELRANK":4,"SOVEREIGNT":"Central African Republic","SOV_A3":"CAF","ADM0_DIF":0,"LEVEL":2,"TYPE":"Sovereign country","TLC":"1","ADMIN":"Central African Republic","ADM0_A3":"CAF","GEOU_DIF":0,"GEOUNIT":"Central African Republic","GU_A3":"CAF","SU_DIF":0,"SUBUNIT":"Central African Republic","SU_A3":"CAF","BRK_DIFF":0,"NAME":"Central African Rep.","NAME_LONG":"Central African Republic","BRK_A3":"CAF","BRK_NAME":"Central African Rep.","BRK_GROUP":null,"ABBREV":"C.A.R.","POSTAL":"CF","FORMAL_EN":"Central African Republic","FORMAL_FR":null,"NAME_CIAWF":"Central African Republic","NOTE_ADM0":null,"NOTE_BRK":null,"NAME_SORT":"Central African Republic","NAME_ALT":null,"MAPCOLOR7":5,"MAPCOLOR8":6,"MAPCOLOR9":6,"MAPCOLOR13":9,"POP_EST":4745185,"POP_RANK":12,"POP_YEAR":2019,"GDP_MD":2220,"GDP_YEAR":2019,"ECONOMY":"7. Least developed region","INCOME_GRP":"5. Low income","FIPS_10":"CT","ISO_A2":"CF","ISO_A2_EH":"CF","ISO_A3":"CAF","ISO_A3_EH":"CAF","ISO_N3":"140","ISO_N3_EH":"140","UN_A3":"140","WB_A2":"CF","WB_A3":"CAF","WOE_ID":23424792,"WOE_ID_EH":23424792,"WOE_NOTE":"Exact WOE match as country","ADM0_ISO":"CAF","ADM0_DIFF":null,"ADM0_TLC":"CAF","ADM0_A3_US":"CAF","ADM0_A3_FR":"CAF","ADM0_A3_RU":"CAF","ADM0_A3_ES":"CAF","ADM0_A3_CN":"CAF","ADM0_A3_TW":"CAF","ADM0_A3_IN":"CAF","ADM0_A3_NP":"CAF","ADM0_A3_PK":"CAF","ADM0_A3_DE":"CAF","ADM0_A3_GB":"CAF","ADM0_A3_BR":"CAF","ADM0_A3_IL":"CAF","ADM0_A3_PS":"CAF","ADM0_A3_SA":"CAF","ADM0_A3_EG":"CAF","ADM0_A3_MA":"CAF","ADM0_A3_PT":"CAF","ADM0_A3_AR":"CAF","ADM0_A3_JP":"CAF","ADM0_A3_KO":"CAF","ADM0_A3_VN":"CAF","ADM0_A3_TR":"CAF","ADM0_A3_ID":"CAF","ADM0_A3_PL":"CAF","ADM0_A3_GR":"CAF","ADM0_A3_IT":"CAF","ADM0_A3_NL":"CAF","ADM0_A3_SE":"CAF","ADM0_A3_BD":"CAF","ADM0_A3_UA":"CAF","ADM0_A3_UN":-99,"ADM0_A3_WB":-99,"CONTINENT":"Africa","REGION_UN":"Africa","SUBREGION":"Middle Africa","REGION_WB":"Sub-Saharan Africa","NAME_LEN":20,"LONG_LEN":24,"ABBREV_LEN":6,"TINY":-99,"HOMEPART":1,"MIN_ZOOM":0,"MIN_LABEL":4,"MAX_LABEL":9,"LABEL_X":20.906897,"LABEL_Y":6.989681,"NE_ID":1159320463,"WIKIDATAID":"Q929","NAME_AR":"جمهورية أفريقيا الوسطى","NAME_BN":"মধ্য আফ্রিকান প্রজাতন্ত্র","NAME_DE":"Zentralafrikanische Republik","NAME_EN":"Central African Republic","NAME_ES":"República Centroafricana","NAME_FA":"جمهوری آفریقای مرکزی","NAME_FR":"République centrafricaine","NAME_EL":"Κεντροαφρικανική Δημοκρατία","NAME_HE":"הרפובליקה המרכז-אפריקאית","NAME_HI":"मध्य अफ़्रीकी गणराज्य","NAME_HU":"Közép-afrikai Köztársaság","NAME_ID":"Republik Afrika Tengah","NAME_IT":"Repubblica Centrafricana","NAME_JA":"中央アフリカ共和国","NAME_KO":"중앙아프리카 공화국","NAME_NL":"Centraal-Afrikaanse Republiek","NAME_PL":"Republika Środkowoafrykańska","NAME_PT":"República Centro-Africana","NAME_RU":"Центральноафриканская Республика","NAME_SV":"Centralafrikanska republiken","NAME_TR":"Orta Afrika Cumhuriyeti","NAME_UK":"Центральноафриканська Республіка","NAME_UR":"وسطی افریقی جمہوریہ","NAME_VI":"Cộng hòa Trung Phi","NAME_ZH":"中非共和国","NAME_ZHT":"中非共和國","FCLASS_ISO":"Admin-0 country","TLC_DIFF":null,"FCLASS_TLC":"Admin-0 country","FCLASS_US":null,"FCLASS_FR":null,"FCLASS_RU":null,"FCLASS_ES":null,"FCLASS_CN":null,"FCLASS_TW":null,"FCLASS_IN":null,"FCLASS_NP":null,"FCLASS_PK":null,"FCLASS_DE":null,"FCLASS_GB":null,"FCLASS_BR":null,"FCLASS_IL":null,"FCLASS_PS":null,"FCLASS_SA":null,"FCLASS_EG":null,"FCLASS_MA":null,"FCLASS_PT":null,"FCLASS_AR":null,"FCLASS_JP":null,"FCLASS_KO":null,"FCLASS_VN":null,"FCLASS_TR":null,"FCLASS_ID":null,"FCLASS_PL":null,"FCLASS_GR":null,"FCLASS_IT":null,"FCLASS_NL":null,"FCLASS_SE":null,"FCLASS_BD":null,"FCLASS_UA":null},"geometry":{"type":"Polygon","coordinates":[[[27.374226,5.226679831165784],[27.044065,5.121021097272803],[26.402761000000005,5.143950790487294],[25.650455,5.2487313696159354],[25.278797999999995,5.1634048252569675],[25.128833,4.921183027105064],[24.805029000000005,4.891294940445914],[24.410531000000002,5.102027931627786],[23.297214,4.604728020507122],[22.841480000000004,4.704829754159766],[22.704123999999997,4.628010245248575],[22.405124,4.025843266732503],[21.659123,4.220519996933423],[20.927591,4.318690779889422],[20.290679,4.686443672666929],[19.467784,5.025073435616913],[18.932312,4.704211842990278],[18.542982,4.198023842052565],[18.453065,3.502203102313515],[17.8099,3.5579072082956724],[17.133042,3.7255689074077],[16.537058,3.196595395441227],[16.012852,2.2670482261278506],[15.907380999999999,2.5565402542227806],[15.862732000000001,3.012148541660534],[15.405396,3.3334189078834564],[15.036219999999998,3.848469936683816],[14.950953000000002,4.206604710346991],[14.478372,4.727232649599091],[14.558936,5.024147009448592],[14.459407,5.443553093854501],[14.53656,6.2147367382415695],[14.776544999999999,6.395177615519577],[15.27946,7.401255195966364],[16.106232,7.475785644876894],[16.290562,7.730742958512846],[16.456185,7.711387047282003],[16.705988,7.486929961862341],[17.96493,7.866086529012043],[18.389555,8.252620027705646],[18.911022000000003,8.59843739514083],[18.81201,8.946338902900584],[19.094008,9.037141129775604],[20.059685,8.975766287031641],[21.000868,9.433078792486183],[21.723821999999995,10.507655094707323],[22.231129,10.90543973307988],[22.864164999999996,11.072819163192161],[22.977544,10.652556010892246],[23.554304000000002,10.037514421134642],[23.55725,9.635476732966929],[23.394779,9.224951553632865],[23.459013000000002,8.918057093710814],[23.805813,8.633461624683019],[24.567369,8.201040337930808],[25.114932,7.800890648721791],[25.124131,7.47875716007181],[25.796648,6.962119701362274],[26.213418,6.532404675681734],[26.465909,5.936069006236714],[27.213408999999995,5.542289594932757],[27.374226,5.226679831165784]]]}},{"type":"Feature","bbox":[11.093773,-5.037987,18.453065,3.728197],"properties":{"featurecla":"Admin-0 country","scalerank":1,"LABELRANK":4,"SOVEREIGNT":"Republic of the Congo","SOV_A3":"COG","ADM0_DIF":0,"LEVEL":2,"TYPE":"Sovereign country","TLC":"1","ADMIN":"Republic of the Congo","ADM0_A3":"COG","GEOU_DIF":0,"GEOUNIT":"Republic of the Congo","GU_A3":"COG","SU_DIF":0,"SUBUNIT":"Republic of the Congo","SU_A3":"COG","BRK_DIFF":0,"NAME":"Congo","NAME_LONG":"Republic of the Congo","BRK_A3":"COG","BRK_NAME":"Republic of the Congo","BRK_GROUP":null,"ABBREV":"Rep. Congo","POSTAL":"CG","FORMAL_EN":"Republic of the Congo","FORMAL_FR":null,"NAME_CIAWF":"Congo, Republic of the","NOTE_ADM0":null,"NOTE_BRK":null,"NAME_SORT":"Congo, Rep.","NAME_ALT":null,"MAPCOLOR7":2,"MAPCOLOR8":1,"MAPCOLOR9":3,"MAPCOLOR13":10,"POP_EST":5380508,"POP_RANK":13,"POP_YEAR":2019,"GDP_MD":12267,"GDP_YEAR":2019,"ECONOMY":"6. Developing region","INCOME_GRP":"4. Lower middle income","FIPS_10":"CF","ISO_A2":"CG","ISO_A2_EH":"CG","ISO_A3":"COG","ISO_A3_EH":"COG","ISO_N3":"178","ISO_N3_EH":"178","UN_A3":"178","WB_A2":"CG","WB_A3":"COG","WOE_ID":23424779,"WOE_ID_EH":23424779,"WOE_NOTE":"Exact WOE match as country","ADM0_ISO":"COG","ADM0_DIFF":null,"ADM0_TLC":"COG","ADM0_A3_US":"COG","ADM0_A3_FR":"COG","ADM0_A3_RU":"COG","ADM0_A3_ES":"COG","ADM0_A3_CN":"COG","ADM0_A3_TW":"COG","ADM0_A3_IN":"COG","ADM0_A3_NP":"COG","ADM0_A3_PK":"COG","ADM0_A3_DE":"COG","ADM0_A3_GB":"COG","ADM0_A3_BR":"COG","ADM0_A3_IL":"COG","ADM0_A3_PS":"COG","ADM0_A3_SA":"COG","ADM0_A3_EG":"COG","ADM0_A3_MA":"COG","ADM0_A3_PT":"COG","ADM0_A3_AR":"COG","ADM0_A3_JP":"COG","ADM0_A3_KO":"COG","ADM0_A3_VN":"COG","ADM0_A3_TR":"COG","ADM0_A3_ID":"COG","ADM0_A3_PL":"COG","ADM0_A3_GR":"COG","ADM0_A3_IT":"COG","ADM0_A3_NL":"COG","ADM0_A3_SE":"COG","ADM0_A3_BD":"COG","ADM0_A3_UA":"COG","ADM0_A3_UN":-99,"ADM0_A3_WB":-99,"CONTINENT":"Africa","REGION_UN":"Africa","SUBREGION":"Middle Africa","REGION_WB":"Sub-Saharan Africa","NAME_LEN":5,"LONG_LEN":21,"ABBREV_LEN":10,"TINY":-99,"HOMEPART":1,"MIN_ZOOM":0,"MIN_LABEL":4,"MAX_LABEL":9,"LABEL_X":15.9005,"LABEL_Y":0.142331,"NE_ID":1159320515,"WIKIDATAID":"Q971","NAME_AR":"جمهورية الكونغو","NAME_BN":"কঙ্গো প্রজাতন্ত্র","NAME_DE":"Republik Kongo","NAME_EN":"Republic of the Congo","NAME_ES":"República del Congo","NAME_FA":"جمهوری کنگو","NAME_FR":"République du Congo","NAME_EL":"Δημοκρατία του Κονγκό","NAME_HE":"הרפובליקה של קונגו","NAME_HI":"कांगो गणराज्य","NAME_HU":"Kongói Köztársaság","NAME_ID":"Republik Kongo","NAME_IT":"Repubblica del Congo","NAME_JA":"コンゴ共和国","NAME_KO":"콩고 공화국","NAME_NL":"Congo-Brazzaville","NAME_PL":"Kongo","NAME_PT":"República do Congo","NAME_RU":"Республика Конго","NAME_SV":"Kongo-Brazzaville","NAME_TR":"Kongo Cumhuriyeti","NAME_UK":"Республіка Конго","NAME_UR":"جمہوریہ کانگو","NAME_VI":"Cộng hòa Congo","NAME_ZH":"刚果共和国","NAME_ZHT":"剛果共和國","FCLASS_ISO":"Admin-0 country","TLC_DIFF":null,"FCLASS_TLC":"Admin-0 country","FCLASS_US":null,"FCLASS_FR":null,"FCLASS_RU":null,"FCLASS_ES":null,"FCLASS_CN":null,"FCLASS_TW":null,"FCLASS_IN":null,"FCLASS_NP":null,"FCLASS_PK":null,"FCLASS_DE":null,"FCLASS_GB":null,"FCLASS_BR":null,"FCLASS_IL":null,"FCLASS_PS":null,"FCLASS_SA":null,"FCLASS_EG":null,"FCLASS_MA":null,"FCLASS_PT":null,"FCLASS_AR":null,"FCLASS_JP":null,"FCLASS_KO":null,"FCLASS_VN":null,"FCLASS_TR":null,"FCLASS_ID":null,"FCLASS_PL":null,"FCLASS_GR":null,"FCLASS_IT":null,"FCLASS_NL":null,"FCLASS_SE":null,"FCLASS_BD":null,"FCLASS_UA":null},"geometry":{"type":"Polygon","coordinates":[[[18.453065,3.502203102313515],[18.393792,2.899205006468596],[18.094276,2.365050092385546],[17.898835,1.7415637609817938],[17.774192,0.85562719602239],[17.82654,0.28892177553303455],[17.663553,-0.05808399005115146],[17.638645,-0.4248281073157121],[17.523716,-0.7438091067376874],[16.865307,-1.2257224961165245],[16.407092,-1.7406591788054828],[15.972803,-2.7113794473470176],[16.00629,-3.5328921762757877],[15.75354,-3.8522593639367413],[15.170992000000002,-4.339352663323373],[14.582604,-4.964017153432849],[14.209035,-4.787511259372072],[14.144956,-4.5053588851448465],[13.600235000000001,-4.4955183200847255],[13.25824,-4.877056829632526],[12.995517,-4.775563983859893],[12.620760000000002,-4.433591799910729],[12.318608,-4.601276189808354],[11.914963,-5.031507578425977],[11.093773,-3.9756329222473243],[11.855122,-3.4248296917651104],[11.478039,-2.7645456838457707],[11.820964,-2.5133545568637032],[12.495702999999999,-2.3909937307548157],[12.575283999999998,-1.9481355202459096],[13.109619,-2.428012971348324],[13.992407,-2.4700395496035643],[14.29921,-1.9978710160025606],[14.425455999999999,-1.333286653662341],[14.316418000000002,-0.5526184317982735],[13.843321,0.038757997044104396],[14.276266000000001,1.1968429512853263],[14.026669000000002,1.3955389953144666],[13.282631,1.3140687834423448],[13.003114,1.8305844816290615],[13.075822,2.2665056510266393],[14.337813000000002,2.227313807538292],[15.146342,1.9636304876133013],[15.940919,1.727411248355532],[16.012852,2.2670482261278506],[16.537058,3.196595395441227],[17.133042,3.7255689074077],[17.8099,3.5579072082956724],[18.453065,3.502203102313515]]]}},{"type":"Feature","bbox":[8.797996,-3.978827,14.425456,2.326758],"properties":{"featurecla":"Admin-0 country","scalerank":1,"LABELRANK":4,"SOVEREIGNT":"Gabon","SOV_A3":"GAB","ADM0_DIF":0,"LEVEL":2,"TYPE":"Sovereign country","TLC":"1","ADMIN":"Gabon","ADM0_A3":"GAB","GEOU_DIF":0,"GEOUNIT":"Gabon","GU_A3":"GAB","SU_DIF":0,"SUBUNIT":"Gabon","SU_A3":"GAB","BRK_DIFF":0,"NAME":"Gabon","NAME_LONG":"Gabon","BRK_A3":"GAB","BRK_NAME":"Gabon","BRK_GROUP":null,"ABBREV":"Gabon","POSTAL":"GA","FORMAL_EN":"Gabonese Republic","FORMAL_FR":null,"NAME_CIAWF":"Gabon","NOTE_ADM0":null,"NOTE_BRK":null,"NAME_SORT":"Gabon","NAME_ALT":null,"MAPCOLOR7":6,"MAPCOLOR8":2,"MAPCOLOR9":5,"MAPCOLOR13":5,"POP_EST":2172579,"POP_RANK":12,"POP_YEAR":2019,"GDP_MD":16874,"GDP_YEAR":2019,"ECONOMY":"6. Developing region","INCOME_GRP":"3. Upper middle income","FIPS_10":"GB","ISO_A2":"GA","ISO_A2_EH":"GA","ISO_A3":"GAB","ISO_A3_EH":"GAB","ISO_N3":"266","ISO_N3_EH":"266","UN_A3":"266","WB_A2":"GA","WB_A3":"GAB","WOE_ID":23424822,"WOE_ID_EH":23424822,"WOE_NOTE":"Exact WOE match as country","ADM0_ISO":"GAB","ADM0_DIFF":null,"ADM0_TLC":"GAB","ADM0_A3_US":"GAB","ADM0_A3_FR":"GAB","ADM0_A3_RU":"GAB","ADM0_A3_ES":"GAB","ADM0_A3_CN":"GAB","ADM0_A3_TW":"GAB","ADM0_A3_IN":"GAB","ADM0_A3_NP":"GAB","ADM0_A3_PK":"GAB","ADM0_A3_DE":"GAB","ADM0_A3_GB":"GAB","ADM0_A3_BR":"GAB","ADM0_A3_IL":"GAB","ADM0_A3_PS":"GAB","ADM0_A3_SA":"GAB","ADM0_A3_EG":"GAB","ADM0_A3_MA":"GAB","ADM0_A3_PT":"GAB","ADM0_A3_AR":"GAB","ADM0_A3_JP":"GAB","ADM0_A3_KO":"GAB","ADM0_A3_VN":"GAB","ADM0_A3_TR":"GAB","ADM0_A3_ID":"GAB","ADM0_A3_PL":"GAB","ADM0_A3_GR":"GAB","ADM0_A3_IT":"GAB","ADM0_A3_NL":"GAB","ADM0_A3_SE":"GAB","ADM0_A3_BD":"GAB","ADM0_A3_UA":"GAB","ADM0_A3_UN":-99,"ADM0_A3_WB":-99,"CONTINENT":"Africa","REGION_UN":"Africa","SUBREGION":"Middle Africa","REGION_WB":"Sub-Saharan Africa","NAME_LEN":5,"LONG_LEN":5,"ABBREV_LEN":5,"TINY":3,"HOMEPART":1,"MIN_ZOOM":0,"MIN_LABEL":3,"MAX_LABEL":8,"LABEL_X":11.835939,"LABEL_Y":-0.437739,"NE_ID":1159320693,"WIKIDATAID":"Q1000","NAME_AR":"الغابون","NAME_BN":"গ্যাবন","NAME_DE":"Gabun","NAME_EN":"Gabon","NAME_ES":"Gabón","NAME_FA":"گابن","NAME_FR":"Gabon","NAME_EL":"Γκαμπόν","NAME_HE":"גבון","NAME_HI":"गबॉन","NAME_HU":"Gabon","NAME_ID":"Gabon","NAME_IT":"Gabon","NAME_JA":"ガボン","NAME_KO":"가봉","NAME_NL":"Gabon","NAME_PL":"Gabon","NAME_PT":"Gabão","NAME_RU":"Габон","NAME_SV":"Gabon","NAME_TR":"Gabon","NAME_UK":"Габон","NAME_UR":"گیبون","NAME_VI":"Gabon","NAME_ZH":"加蓬","NAME_ZHT":"加彭","FCLASS_ISO":"Admin-0 country","TLC_DIFF":null,"FCLASS_TLC":"Admin-0 country","FCLASS_US":null,"FCLASS_FR":null,"FCLASS_RU":null,"FCLASS_ES":null,"FCLASS_CN":null,"FCLASS_TW":null,"FCLASS_IN":null,"FCLASS_NP":null,"FCLASS_PK":null,"FCLASS_DE":null,"FCLASS_GB":null,"FCLASS_BR":null,"FCLASS_IL":null,"FCLASS_PS":null,"FCLASS_SA":null,"FCLASS_EG":null,"FCLASS_MA":null,"FCLASS_PT":null,"FCLASS_AR":null,"FCLASS_JP":null,"FCLASS_KO":null,"FCLASS_VN":null,"FCLASS_TR":null,"FCLASS_ID":null,"FCLASS_PL":null,"FCLASS_GR":null,"FCLASS_IT":null,"FCLASS_NL":null,"FCLASS_SE":null,"FCLASS_BD":null,"FCLASS_UA":null},"geometry":{"type":"Polygon","coordinates":[[[11.276449000000001,2.260464368309328],[11.751664999999997,2.3261187391202998],[12.35938,2.1922768830718686],[12.951333999999997,2.320980966793973],[13.075822,2.2665056510266393],[13.003114,1.8305844816290615],[13.282631,1.3140687834423448],[14.026669000000002,1.3955389953144666],[14.276266000000001,1.1968429512853263],[13.843321,0.038757997044104396],[14.316418000000002,-0.5526184317982735],[14.425455999999999,-1.333286653662341],[14.29921,-1.9978710160025606],[13.992407,-2.4700395496035643],[13.109619,-2.428012971348324],[12.575283999999998,-1.9481355202459096],[12.495702999999999,-2.3909937307548157],[11.820964,-2.5133545568637032],[11.478039,-2.7645456838457707],[11.855122,-3.4248296917651104],[11.093773,-3.9756329222473243],[10.066135,-2.968154521566157],[9.405245,-2.1438126015204233],[8.797996,-1.1112313280834412],[8.830087,-0.7790499940142588],[9.04842,-0.4593460792590218],[9.291351,0.26866501544670435],[9.492889,1.0100676774802568],[9.830284,1.0678321769809598],[11.285079,1.0576019369761325],[11.276449000000001,2.260464368309328]]]}},{"type":"Feature","bbox":[9.305613,1.01012,11.285079,2.283866],"properties":{"featurecla":"Admin-0 country","scalerank":1,"LABELRANK":4,"SOVEREIGNT":"Equatorial Guinea","SOV_A3":"GNQ","ADM0_DIF":0,"LEVEL":2,"TYPE":"Sovereign country","TLC":"1","ADMIN":"Equatorial Guinea","ADM0_A3":"GNQ","GEOU_DIF":0,"GEOUNIT":"Equatorial Guinea","GU_A3":"GNQ","SU_DIF":0,"SUBUNIT":"Equatorial Guinea","SU_A3":"GNQ","BRK_DIFF":0,"NAME":"Eq. Guinea","NAME_LONG":"Equatorial Guinea","BRK_A3":"GNQ","BRK_NAME":"Eq. Guinea","BRK_GROUP":null,"ABBREV":"Eq. G.","POSTAL":"GQ","FORMAL_EN":"Republic of Equatorial Guinea","FORMAL_FR":null,"NAME_CIAWF":"Equatorial Guinea","NOTE_ADM0":null,"NOTE_BRK":null,"NAME_SORT":"Equatorial Guinea","NAME_ALT":null,"MAPCOLOR7":4,"MAPCOLOR8":1,"MAPCOLOR9":4,"MAPCOLOR13":8,"POP_EST":1355986,"POP_RANK":12,"POP_YEAR":2019,"GDP_MD":11026,"GDP_YEAR":2019,"ECONOMY":"7. Least developed region","INCOME_GRP":"2. High income: nonOECD","FIPS_10":"EK","ISO_A2":"GQ","ISO_A2_EH":"GQ","ISO_A3":"GNQ","ISO_A3_EH":"GNQ","ISO_N3":"226","ISO_N3_EH":"226","UN_A3":"226","WB_A2":"GQ","WB_A3":"GNQ","WOE_ID":23424804,"WOE_ID_EH":23424804,"WOE_NOTE":"Exact WOE match as country","ADM0_ISO":"GNQ","ADM0_DIFF":null,"ADM0_TLC":"GNQ","ADM0_A3_US":"GNQ","ADM0_A3_FR":"GNQ","ADM0_A3_RU":"GNQ","ADM0_A3_ES":"GNQ","ADM0_A3_CN":"GNQ","ADM0_A3_TW":"GNQ","ADM0_A3_IN":"GNQ","ADM0_A3_NP":"GNQ","ADM0_A3_PK":"GNQ","ADM0_A3_DE":"GNQ","ADM0_A3_GB":"GNQ","ADM0_A3_BR":"GNQ","ADM0_A3_IL":"GNQ","ADM0_A3_PS":"GNQ","ADM0_A3_SA":"GNQ","ADM0_A3_EG":"GNQ","ADM0_A3_MA":"GNQ","ADM0_A3_PT":"GNQ","ADM0_A3_AR":"GNQ","ADM0_A3_JP":"GNQ","ADM0_A3_KO":"GNQ","ADM0_A3_VN":"GNQ","ADM0_A3_TR":"GNQ","ADM0_A3_ID":"GNQ","ADM0_A3_PL":"GNQ","ADM0_A3_GR":"GNQ","ADM0_A3_IT":"GNQ","ADM0_A3_NL":"GNQ","ADM0_A3_SE":"GNQ","ADM0_A3_BD":"GNQ","ADM0_A3_UA":"GNQ","ADM0_A3_UN":-99,"ADM0_A3_WB":-99,"CONTINENT":"Africa","REGION_UN":"Africa","SUBREGION":"Middle Africa","REGION_WB":"Sub-Saharan Africa","NAME_LEN":10,"LONG_LEN":17,"ABBREV_LEN":6,"TINY":-99,"HOMEPART":1,"MIN_ZOOM":0,"MIN_LABEL":4,"MAX_LABEL":9,"LABEL_X":8.9902,"LABEL_Y":2.333,"NE_ID":1159320801,"WIKIDATAID":"Q983","NAME_AR":"غينيا الاستوائية","NAME_BN":"বিষুবীয় গিনি","NAME_DE":"Äquatorialguinea","NAME_EN":"Equatorial Guinea","NAME_ES":"Guinea Ecuatorial","NAME_FA":"گینه استوایی","NAME_FR":"Guinée équatoriale","NAME_EL":"Ισημερινή Γουινέα","NAME_HE":"גינאה המשוונית","NAME_HI":"भूमध्यरेखीय गिनी","NAME_HU":"Egyenlítői-Guinea","NAME_ID":"Guinea Khatulistiwa","NAME_IT":"Guinea Equatoriale","NAME_JA":"赤道ギニア","NAME_KO":"적도 기니","NAME_NL":"Equatoriaal-Guinea","NAME_PL":"Gwinea Równikowa","NAME_PT":"Guiné Equatorial","NAME_RU":"Экваториальная Гвинея","NAME_SV":"Ekvatorialguinea","NAME_TR":"Ekvator Ginesi","NAME_UK":"Екваторіальна Гвінея","NAME_UR":"استوائی گنی","NAME_VI":"Guinea Xích Đạo","NAME_ZH":"赤道几内亚","NAME_ZHT":"赤道幾內亞","FCLASS_ISO":"Admin-0 country","TLC_DIFF":null,"FCLASS_TLC":"Admin-0 country","FCLASS_US":null,"FCLASS_FR":null,"FCLASS_RU":null,"FCLASS_ES":null,"FCLASS_CN":null,"FCLASS_TW":null,"FCLASS_IN":null,"FCLASS_NP":null,"FCLASS_PK":null,"FCLASS_DE":null,"FCLASS_GB":null,"FCLASS_BR":null,"FCLASS_IL":null,"FCLASS_PS":null,"FCLASS_SA":null,"FCLASS_EG":null,"FCLASS_MA":null,"FCLASS_PT":null,"FCLASS_AR":null,"FCLASS_JP":null,"FCLASS_KO":null,"FCLASS_VN":null,"FCLASS_TR":null,"FCLASS_ID":null,"FCLASS_PL":null,"FCLASS_GR":null,"FCLASS_IT":null,"FCLASS_NL":null,"FCLASS_SE":null,"FCLASS_BD":null,"FCLASS_UA":null},"geometry":{"type":"Polygon","coordinates":[[[9.649158,2.2832614351749205],[11.276449000000001,2.260464368309328],[11.285079,1.0576019369761325],[9.830284,1.0678321769809598],[9.492889,1.0100676774802568],[9.305613,1.1608315752798586],[9.649158,2.2832614351749205]]]}},{"type":"Feature","bbox":[21.887843,-17.961229,33.485688,-8.238257],"properties":{"featurecla":"Admin-0 country","scalerank":1,"LABELRANK":3,"SOVEREIGNT":"Zambia","SOV_A3":"ZMB","ADM0_DIF":0,"LEVEL":2,"TYPE":"Sovereign country","TLC":"1","ADMIN":"Zambia","ADM0_A3":"ZMB","GEOU_DIF":0,"GEOUNIT":"Zambia","GU_A3":"ZMB","SU_DIF":0,"SUBUNIT":"Zambia","SU_A3":"ZMB","BRK_DIFF":0,"NAME":"Zambia","NAME_LONG":"Zambia","BRK_A3":"ZMB","BRK_NAME":"Zambia","BRK_GROUP":null,"ABBREV":"Zambia","POSTAL":"ZM","FORMAL_EN":"Republic of Zambia","FORMAL_FR":null,"NAME_CIAWF":"Zambia","NOTE_ADM0":null,"NOTE_BRK":null,"NAME_SORT":"Zambia","NAME_ALT":null,"MAPCOLOR7":5,"MAPCOLOR8":8,"MAPCOLOR9":5,"MAPCOLOR13":13,"POP_EST":17861030,"POP_RANK":14,"POP_YEAR":2019,"GDP_MD":23309,"GDP_YEAR":2019,"ECONOMY":"7. Least developed region","INCOME_GRP":"4. Lower middle income","FIPS_10":"ZA","ISO_A2":"ZM","ISO_A2_EH":"ZM","ISO_A3":"ZMB","ISO_A3_EH":"ZMB","ISO_N3":"894","ISO_N3_EH":"894","UN_A3":"894","WB_A2":"ZM","WB_A3":"ZMB","WOE_ID":23425003,"WOE_ID_EH":23425003,"WOE_NOTE":"Exact WOE match as country","ADM0_ISO":"ZMB","ADM0_DIFF":null,"ADM0_TLC":"ZMB","ADM0_A3_US":"ZMB","ADM0_A3_FR":"ZMB","ADM0_A3_RU":"ZMB","ADM0_A3_ES":"ZMB","ADM0_A3_CN":"ZMB","ADM0_A3_TW":"ZMB","ADM0_A3_IN":"ZMB","ADM0_A3_NP":"ZMB","ADM0_A3_PK":"ZMB","ADM0_A3_DE":"ZMB","ADM0_A3_GB":"ZMB","ADM0_A3_BR":"ZMB","ADM0_A3_IL":"ZMB","ADM0_A3_PS":"ZMB","ADM0_A3_SA":"ZMB","ADM0_A3_EG":"ZMB","ADM0_A3_MA":"ZMB","ADM0_A3_PT":"ZMB","ADM0_A3_AR":"ZMB","ADM0_A3_JP":"ZMB","ADM0_A3_KO":"ZMB","ADM0_A3_VN":"ZMB","ADM0_A3_TR":"ZMB","ADM0_A3_ID":"ZMB","ADM0_A3_PL":"ZMB","ADM0_A3_GR":"ZMB","ADM0_A3_IT":"ZMB","ADM0_A3_NL":"ZMB","ADM0_A3_SE":"ZMB","ADM0_A3_BD":"ZMB","ADM0_A3_UA":"ZMB","ADM0_A3_UN":-99,"ADM0_A3_WB":-99,"CONTINENT":"Africa","REGION_UN":"Africa","SUBREGION":"Eastern Africa","REGION_WB":"Sub-Saharan Africa","NAME_LEN":6,"LONG_LEN":6,"ABBREV_LEN":6,"TINY":-99,"HOMEPART":1,"MIN_ZOOM":0,"MIN_LABEL":3,"MAX_LABEL":8,"LABEL_X":26.395298,"LABEL_Y":-14.660804,"NE_ID":1159321439,"WIKIDATAID":"Q953","NAME_AR":"زامبيا","NAME_BN":"জাম্বিয়া","NAME_DE":"Sambia","NAME_EN":"Zambia","NAME_ES":"Zambia","NAME_FA":"زامبیا","NAME_FR":"Zambie","NAME_EL":"Ζάμπια","NAME_HE":"זמביה","NAME_HI":"ज़ाम्बिया","NAME_HU":"Zambia","NAME_ID":"Zambia","NAME_IT":"Zambia","NAME_JA":"ザンビア","NAME_KO":"잠비아","NAME_NL":"Zambia","NAME_PL":"Zambia","NAME_PT":"Zâmbia","NAME_RU":"Замбия","NAME_SV":"Zambia","NAME_TR":"Zambiya","NAME_UK":"Замбія","NAME_UR":"زیمبیا","NAME_VI":"Zambia","NAME_ZH":"赞比亚","NAME_ZHT":"尚比亞","FCLASS_ISO":"Admin-0 country","TLC_DIFF":null,"FCLASS_TLC":"Admin-0 country","FCLASS_US":null,"FCLASS_FR":null,"FCLASS_RU":null,"FCLASS_ES":null,"FCLASS_CN":null,"FCLASS_TW":null,"FCLASS_IN":null,"FCLASS_NP":null,"FCLASS_PK":null,"FCLASS_DE":null,"FCLASS_GB":null,"FCLASS_BR":null,"FCLASS_IL":null,"FCLASS_PS":null,"FCLASS_SA":null,"FCLASS_EG":null,"FCLASS_MA":null,"FCLASS_PT":null,"FCLASS_AR":null,"FCLASS_JP":null,"FCLASS_KO":null,"FCLASS_VN":null,"FCLASS_TR":null,"FCLASS_ID":null,"FCLASS_PL":null,"FCLASS_GR":null,"FCLASS_IT":null,"FCLASS_NL":null,"FCLASS_SE":null,"FCLASS_BD":null,"FCLASS_UA":null},"geometry":{"type":"Polygon","coordinates":[[[30.740010000000005,-8.310709876746127],[31.157751,-8.5625278712378],[31.556348000000003,-8.728094985727774],[32.191865,-8.894418581331616],[32.759375,-9.190926718183825],[33.231388,-9.631044130789808],[33.485688,-10.466851285341734],[33.31531,-10.733217631887113],[33.114289,-11.52860936510384],[33.306422000000005,-12.339273617740036],[32.991764,-12.679102790194408],[32.688165,-13.583787686701788],[33.214025,-13.83541034525254],[30.179481000000003,-14.634334495708243],[30.274256000000005,-15.32183799976276],[29.516834000000003,-15.453821668724853],[28.947463,-15.8374333660502],[28.825869,-16.1706935482055],[28.467906,-16.24621836123248],[27.598243,-17.034200150410456],[27.044427,-17.65196809342862],[26.706773,-17.674077245802117],[26.381935,-17.564293761212756],[25.264226,-17.459866809865428],[25.084442999999997,-17.388571612997577],[25.07695,-17.309354277118786],[24.682349,-17.09402518784505],[24.033862,-17.038992212903192],[23.215048,-17.25616243689297],[22.562478,-16.658659947643237],[21.887842999999997,-15.873274827770652],[21.933886,-12.790850464883977],[24.016137000000004,-12.803146269396711],[23.930922,-12.466307991830167],[24.079905,-12.10033206282018],[23.904154000000002,-11.641348846238163],[24.017894,-11.165940584513796],[23.912215,-10.86118724899757],[24.257155,-10.88590239843642],[24.314516,-11.190984269611105],[24.783169999999995,-11.167310155623081],[25.418118,-11.257791484071305],[25.75231,-11.702735661728711],[26.553088,-11.839277571210909],[27.164419999999996,-11.5301280897985],[27.388799,-12.043076802776202],[28.155109,-12.17970050540691],[28.523562,-12.595901496165672],[28.934286,-13.132439782067136],[29.699614000000004,-13.140492394874256],[29.616001000000004,-12.088205335156166],[29.341548000000003,-12.265962716083846],[28.642417,-11.885400097732774],[28.372253,-11.711237059420206],[28.496070000000003,-10.72666818268428],[28.673682000000003,-9.561237778856924],[28.449870999999998,-9.126083036586277],[28.734867,-8.495260094984433],[29.002912,-8.377026400909894],[30.346086000000003,-8.210016493708812],[30.740010000000005,-8.310709876746127]]]}},{"type":"Feature","bbox":[32.688165,-16.8013,35.771905,-9.230599],"properties":{"featurecla":"Admin-0 country","scalerank":1,"LABELRANK":6,"SOVEREIGNT":"Malawi","SOV_A3":"MWI","ADM0_DIF":0,"LEVEL":2,"TYPE":"Sovereign country","TLC":"1","ADMIN":"Malawi","ADM0_A3":"MWI","GEOU_DIF":0,"GEOUNIT":"Malawi","GU_A3":"MWI","SU_DIF":0,"SUBUNIT":"Malawi","SU_A3":"MWI","BRK_DIFF":0,"NAME":"Malawi","NAME_LONG":"Malawi","BRK_A3":"MWI","BRK_NAME":"Malawi","BRK_GROUP":null,"ABBREV":"Mal.","POSTAL":"MW","FORMAL_EN":"Republic of Malawi","FORMAL_FR":null,"NAME_CIAWF":"Malawi","NOTE_ADM0":null,"NOTE_BRK":null,"NAME_SORT":"Malawi","NAME_ALT":null,"MAPCOLOR7":1,"MAPCOLOR8":3,"MAPCOLOR9":4,"MAPCOLOR13":5,"POP_EST":18628747,"POP_RANK":14,"POP_YEAR":2019,"GDP_MD":7666,"GDP_YEAR":2019,"ECONOMY":"7. Least developed region","INCOME_GRP":"5. Low income","FIPS_10":"MI","ISO_A2":"MW","ISO_A2_EH":"MW","ISO_A3":"MWI","ISO_A3_EH":"MWI","ISO_N3":"454","ISO_N3_EH":"454","UN_A3":"454","WB_A2":"MW","WB_A3":"MWI","WOE_ID":23424889,"WOE_ID_EH":23424889,"WOE_NOTE":"Exact WOE match as country","ADM0_ISO":"MWI","ADM0_DIFF":null,"ADM0_TLC":"MWI","ADM0_A3_US":"MWI","ADM0_A3_FR":"MWI","ADM0_A3_RU":"MWI","ADM0_A3_ES":"MWI","ADM0_A3_CN":"MWI","ADM0_A3_TW":"MWI","ADM0_A3_IN":"MWI","ADM0_A3_NP":"MWI","ADM0_A3_PK":"MWI","ADM0_A3_DE":"MWI","ADM0_A3_GB":"MWI","ADM0_A3_BR":"MWI","ADM0_A3_IL":"MWI","ADM0_A3_PS":"MWI","ADM0_A3_SA":"MWI","ADM0_A3_EG":"MWI","ADM0_A3_MA":"MWI","ADM0_A3_PT":"MWI","ADM0_A3_AR":"MWI","ADM0_A3_JP":"MWI","ADM0_A3_KO":"MWI","ADM0_A3_VN":"MWI","ADM0_A3_TR":"MWI","ADM0_A3_ID":"MWI","ADM0_A3_PL":"MWI","ADM0_A3_GR":"MWI","ADM0_A3_IT":"MWI","ADM0_A3_NL":"MWI","ADM0_A3_SE":"MWI","ADM0_A3_BD":"MWI","ADM0_A3_UA":"MWI","ADM0_A3_UN":-99,"ADM0_A3_WB":-99,"CONTINENT":"Africa","REGION_UN":"Africa","SUBREGION":"Eastern Africa","REGION_WB":"Sub-Saharan Africa","NAME_LEN":6,"LONG_LEN":6,"ABBREV_LEN":4,"TINY":-99,"HOMEPART":1,"MIN_ZOOM":0,"MIN_LABEL":4,"MAX_LABEL":9,"LABEL_X":33.608082,"LABEL_Y":-13.386737,"NE_ID":1159321081,"WIKIDATAID":"Q1020","NAME_AR":"مالاوي","NAME_BN":"মালাউই","NAME_DE":"Malawi","NAME_EN":"Malawi","NAME_ES":"Malaui","NAME_FA":"مالاوی","NAME_FR":"Malawi","NAME_EL":"Μαλάουι","NAME_HE":"מלאווי","NAME_HI":"मलावी","NAME_HU":"Malawi","NAME_ID":"Malawi","NAME_IT":"Malawi","NAME_JA":"マラウイ","NAME_KO":"말라위","NAME_NL":"Malawi","NAME_PL":"Malawi","NAME_PT":"Malawi","NAME_RU":"Малави","NAME_SV":"Malawi","NAME_TR":"Malavi","NAME_UK":"Малаві","NAME_UR":"ملاوی","NAME_VI":"Malawi","NAME_ZH":"马拉维","NAME_ZHT":"馬拉威","FCLASS_ISO":"Admin-0 country","TLC_DIFF":null,"FCLASS_TLC":"Admin-0 country","FCLASS_US":null,"FCLASS_FR":null,"FCLASS_RU":null,"FCLASS_ES":null,"FCLASS_CN":null,"FCLASS_TW":null,"FCLASS_IN":null,"FCLASS_NP":null,"FCLASS_PK":null,"FCLASS_DE":null,"FCLASS_GB":null,"FCLASS_BR":null,"FCLASS_IL":null,"FCLASS_PS":null,"FCLASS_SA":null,"FCLASS_EG":null,"FCLASS_MA":null,"FCLASS_PT":null,"FCLASS_AR":null,"FCLASS_JP":null,"FCLASS_KO":null,"FCLASS_VN":null,"FCLASS_TR":null,"FCLASS_ID":null,"FCLASS_PL":null,"FCLASS_GR":null,"FCLASS_IT":null,"FCLASS_NL":null,"FCLASS_SE":null,"FCLASS_BD":null,"FCLASS_UA":null},"geometry":{"type":"Polygon","coordinates":[[[32.759375,-9.190926718183825],[33.73972,-9.375034502476874],[33.940838,-9.647756787515076],[34.28,-10.107169074798843],[34.559989,-11.443177221135475],[34.280006,-12.18707459283332],[34.559989,-13.45460904938064],[34.907151,-13.440435592595739],[35.267956,-13.753807938527018],[35.686845,-14.455212214896482],[35.771905,-15.696741992099346],[35.339063,-15.899368642862731],[35.03381,-16.565563832531573],[34.381292,-15.972563280709478],[34.307291,-15.293726054413684],[34.517666,-14.84478332064313],[34.459633,-14.45711403253956],[34.064825,-14.211932830142494],[33.78970000000001,-14.300984175255673],[33.214025,-13.83541034525254],[32.688165,-13.583787686701788],[32.991764,-12.679102790194408],[33.306422000000005,-12.339273617740036],[33.114289,-11.52860936510384],[33.31531,-10.733217631887113],[33.485688,-10.466851285341734],[33.231388,-9.631044130789808],[32.759375,-9.190926718183825]]]}},{"type":"Feature","bbox":[30.179481,-26.742192,40.775475,-10.317096],"properties":{"featurecla":"Admin-0 country","scalerank":1,"LABELRANK":3,"SOVEREIGNT":"Mozambique","SOV_A3":"MOZ","ADM0_DIF":0,"LEVEL":2,"TYPE":"Sovereign country","TLC":"1","ADMIN":"Mozambique","ADM0_A3":"MOZ","GEOU_DIF":0,"GEOUNIT":"Mozambique","GU_A3":"MOZ","SU_DIF":0,"SUBUNIT":"Mozambique","SU_A3":"MOZ","BRK_DIFF":0,"NAME":"Mozambique","NAME_LONG":"Mozambique","BRK_A3":"MOZ","BRK_NAME":"Mozambique","BRK_GROUP":null,"ABBREV":"Moz.","POSTAL":"MZ","FORMAL_EN":"Republic of Mozambique","FORMAL_FR":null,"NAME_CIAWF":"Mozambique","NOTE_ADM0":null,"NOTE_BRK":null,"NAME_SORT":"Mozambique","NAME_ALT":null,"MAPCOLOR7":4,"MAPCOLOR8":2,"MAPCOLOR9":1,"MAPCOLOR13":4,"POP_EST":30366036,"POP_RANK":15,"POP_YEAR":2019,"GDP_MD":15291,"GDP_YEAR":2019,"ECONOMY":"7. Least developed region","INCOME_GRP":"5. Low income","FIPS_10":"MZ","ISO_A2":"MZ","ISO_A2_EH":"MZ","ISO_A3":"MOZ","ISO_A3_EH":"MOZ","ISO_N3":"508","ISO_N3_EH":"508","UN_A3":"508","WB_A2":"MZ","WB_A3":"MOZ","WOE_ID":23424902,"WOE_ID_EH":23424902,"WOE_NOTE":"Exact WOE match as country","ADM0_ISO":"MOZ","ADM0_DIFF":null,"ADM0_TLC":"MOZ","ADM0_A3_US":"MOZ","ADM0_A3_FR":"MOZ","ADM0_A3_RU":"MOZ","ADM0_A3_ES":"MOZ","ADM0_A3_CN":"MOZ","ADM0_A3_TW":"MOZ","ADM0_A3_IN":"MOZ","ADM0_A3_NP":"MOZ","ADM0_A3_PK":"MOZ","ADM0_A3_DE":"MOZ","ADM0_A3_GB":"MOZ","ADM0_A3_BR":"MOZ","ADM0_A3_IL":"MOZ","ADM0_A3_PS":"MOZ","ADM0_A3_SA":"MOZ","ADM0_A3_EG":"MOZ","ADM0_A3_MA":"MOZ","ADM0_A3_PT":"MOZ","ADM0_A3_AR":"MOZ","ADM0_A3_JP":"MOZ","ADM0_A3_KO":"MOZ","ADM0_A3_VN":"MOZ","ADM0_A3_TR":"MOZ","ADM0_A3_ID":"MOZ","ADM0_A3_PL":"MOZ","ADM0_A3_GR":"MOZ","ADM0_A3_IT":"MOZ","ADM0_A3_NL":"MOZ","ADM0_A3_SE":"MOZ","ADM0_A3_BD":"MOZ","ADM0_A3_UA":"MOZ","ADM0_A3_UN":-99,"ADM0_A3_WB":-99,"CONTINENT":"Africa","REGION_UN":"Africa","SUBREGION":"Eastern Africa","REGION_WB":"Sub-Saharan Africa","NAME_LEN":10,"LONG_LEN":10,"ABBREV_LEN":4,"TINY":-99,"HOMEPART":1,"MIN_ZOOM":0,"MIN_LABEL":3,"MAX_LABEL":8,"LABEL_X":37.83789,"LABEL_Y":-13.94323,"NE_ID":1159321073,"WIKIDATAID":"Q1029","NAME_AR":"موزمبيق","NAME_BN":"মোজাম্বিক","NAME_DE":"Mosambik","NAME_EN":"Mozambique","NAME_ES":"Mozambique","NAME_FA":"موزامبیک","NAME_FR":"Mozambique","NAME_EL":"Μοζαμβίκη","NAME_HE":"מוזמביק","NAME_HI":"मोज़ाम्बीक","NAME_HU":"Mozambik","NAME_ID":"Mozambik","NAME_IT":"Mozambico","NAME_JA":"モザンビーク","NAME_KO":"모잠비크","NAME_NL":"Mozambique","NAME_PL":"Mozambik","NAME_PT":"Moçambique","NAME_RU":"Мозамбик","NAME_SV":"Moçambique","NAME_TR":"Mozambik","NAME_UK":"Мозамбік","NAME_UR":"موزمبیق","NAME_VI":"Mozambique","NAME_ZH":"莫桑比克","NAME_ZHT":"莫三比克","FCLASS_ISO":"Admin-0 country","TLC_DIFF":null,"FCLASS_TLC":"Admin-0 country","FCLASS_US":null,"FCLASS_FR":null,"FCLASS_RU":null,"FCLASS_ES":null,"FCLASS_CN":null,"FCLASS_TW":null,"FCLASS_IN":null,"FCLASS_NP":null,"FCLASS_PK":null,"FCLASS_DE":null,"FCLASS_GB":null,"FCLASS_BR":null,"FCLASS_IL":null,"FCLASS_PS":null,"FCLASS_SA":null,"FCLASS_EG":null,"FCLASS_MA":null,"FCLASS_PT":null,"FCLASS_AR":null,"FCLASS_JP":null,"FCLASS_KO":null,"FCLASS_VN":null,"FCLASS_TR":null,"FCLASS_ID":null,"FCLASS_PL":null,"FCLASS_GR":null,"FCLASS_IT":null,"FCLASS_NL":null,"FCLASS_SE":null,"FCLASS_BD":null,"FCLASS_UA":null},"geometry":{"type":"Polygon","coordinates":[[[34.559989,-11.443177221135475],[35.312398,-11.363899764377074],[36.514082,-11.64003248936162],[36.775151,-11.516203526521993],[37.47129,-11.490944328242685],[37.82764,-11.196834809259547],[38.427557,-11.21293397339989],[39.521,-10.831776237250295],[40.31659,-10.261793684267182],[40.316586,-10.261791716259088],[40.316589,-10.261789748250969],[40.47838699999999,-10.702651340234373],[40.437253000000005,-11.679964102981916],[40.560811,-12.537898214000064],[40.59962,-14.058741114623896],[40.775475,-14.533361164155787],[40.47725100000001,-15.223929523636926],[40.089264,-15.892957553016366],[39.452558999999994,-16.488476881862013],[38.538351,-16.85263123050797],[37.411133,-17.316557439811902],[36.281279000000005,-18.338323362448214],[35.896497,-18.511536381928497],[35.1984,-19.183983093008834],[34.786383,-19.402199864896513],[34.701893,-20.073334143427495],[35.176127,-20.783018965489198],[35.373428,-21.330330617818895],[35.385848,-21.608735033996723],[35.562546,-21.56224155099292],[35.53393500000001,-22.47149149177442],[35.371774,-22.900118988528718],[35.60747,-23.057737625130223],[35.458746,-23.440000223089086],[35.040735,-23.7659799763629],[34.215824,-24.07491458068114],[33.01321,-24.568133951892683],[32.574632,-24.90395236252688],[32.660363,-25.2854532142636],[32.915955,-25.34627463266828],[32.83012,-25.820994594631653],[32.071665,-25.813458221748483],[31.985779000000004,-25.414860558498663],[31.837778000000004,-25.009133890006478],[31.752408000000003,-24.683320444498307],[31.930588999999998,-23.666245522275617],[31.670398,-23.013938759137467],[31.191409,-21.712370950261096],[32.244988,-20.654063238403676],[32.508693,-19.97773501255117],[32.659743,-19.89218583867264],[32.77270800000001,-19.337652654989075],[32.611994,-19.057916453491693],[32.654886,-18.350095128989796],[32.849861,-17.691062942734952],[32.847639,-16.481291884407522],[32.328239,-16.172926549897056],[31.852041,-16.10313261293367],[31.636498,-15.865271918866785],[31.173064,-15.662163435588957],[30.338955,-15.681318840695548],[30.274256000000005,-15.32183799976276],[30.179481000000003,-14.634334495708243],[33.214025,-13.83541034525254],[33.78970000000001,-14.300984175255673],[34.064825,-14.211932830142494],[34.459633,-14.45711403253956],[34.517666,-14.84478332064313],[34.307291,-15.293726054413684],[34.381292,-15.972563280709478],[35.03381,-16.565563832531573],[35.339063,-15.899368642862731],[35.771905,-15.696741992099346],[35.686845,-14.455212214896482],[35.267956,-13.753807938527018],[34.907151,-13.440435592595739],[34.559989,-13.45460904938064],[34.280006,-12.18707459283332],[34.559989,-11.443177221135475]]]}},{"type":"Feature","bbox":[30.676609,-27.285879,32.071665,-25.660191],"properties":{"featurecla":"Admin-0 country","scalerank":1,"LABELRANK":4,"SOVEREIGNT":"eSwatini","SOV_A3":"SWZ","ADM0_DIF":0,"LEVEL":2,"TYPE":"Sovereign country","TLC":"1","ADMIN":"eSwatini","ADM0_A3":"SWZ","GEOU_DIF":0,"GEOUNIT":"eSwatini","GU_A3":"SWZ","SU_DIF":0,"SUBUNIT":"eSwatini","SU_A3":"SWZ","BRK_DIFF":0,"NAME":"eSwatini","NAME_LONG":"Kingdom of eSwatini","BRK_A3":"SWZ","BRK_NAME":"eSwatini","BRK_GROUP":null,"ABBREV":"eSw.","POSTAL":"ES","FORMAL_EN":"Kingdom of eSwatini","FORMAL_FR":null,"NAME_CIAWF":"eSwatini","NOTE_ADM0":null,"NOTE_BRK":null,"NAME_SORT":"eSwatini","NAME_ALT":"Swaziland","MAPCOLOR7":3,"MAPCOLOR8":6,"MAPCOLOR9":2,"MAPCOLOR13":5,"POP_EST":1148130,"POP_RANK":12,"POP_YEAR":2019,"GDP_MD":4471,"GDP_YEAR":2019,"ECONOMY":"6. Developing region","INCOME_GRP":"4. Lower middle income","FIPS_10":"WZ","ISO_A2":"SZ","ISO_A2_EH":"SZ","ISO_A3":"SWZ","ISO_A3_EH":"SWZ","ISO_N3":"748","ISO_N3_EH":"748","UN_A3":"748","WB_A2":"SZ","WB_A3":"SWZ","WOE_ID":23424993,"WOE_ID_EH":23424993,"WOE_NOTE":"Exact WOE match as country","ADM0_ISO":"SWZ","ADM0_DIFF":null,"ADM0_TLC":"SWZ","ADM0_A3_US":"SWZ","ADM0_A3_FR":"SWZ","ADM0_A3_RU":"SWZ","ADM0_A3_ES":"SWZ","ADM0_A3_CN":"SWZ","ADM0_A3_TW":"SWZ","ADM0_A3_IN":"SWZ","ADM0_A3_NP":"SWZ","ADM0_A3_PK":"SWZ","ADM0_A3_DE":"SWZ","ADM0_A3_GB":"SWZ","ADM0_A3_BR":"SWZ","ADM0_A3_IL":"SWZ","ADM0_A3_PS":"SWZ","ADM0_A3_SA":"SWZ","ADM0_A3_EG":"SWZ","ADM0_A3_MA":"SWZ","ADM0_A3_PT":"SWZ","ADM0_A3_AR":"SWZ","ADM0_A3_JP":"SWZ","ADM0_A3_KO":"SWZ","ADM0_A3_VN":"SWZ","ADM0_A3_TR":"SWZ","ADM0_A3_ID":"SWZ","ADM0_A3_PL":"SWZ","ADM0_A3_GR":"SWZ","ADM0_A3_IT":"SWZ","ADM0_A3_NL":"SWZ","ADM0_A3_SE":"SWZ","ADM0_A3_BD":"SWZ","ADM0_A3_UA":"SWZ","ADM0_A3_UN":-99,"ADM0_A3_WB":-99,"CONTINENT":"Africa","REGION_UN":"Africa","SUBREGION":"Southern Africa","REGION_WB":"Sub-Saharan Africa","NAME_LEN":8,"LONG_LEN":19,"ABBREV_LEN":4,"TINY":-99,"HOMEPART":1,"MIN_ZOOM":0,"MIN_LABEL":4,"MAX_LABEL":9,"LABEL_X":31.467264,"LABEL_Y":-26.533676,"NE_ID":1159321289,"WIKIDATAID":"Q1050","NAME_AR":"إسواتيني","NAME_BN":"ইসোয়াতিনি","NAME_DE":"Eswatini","NAME_EN":"Eswatini","NAME_ES":"Suazilandia","NAME_FA":"اسواتینی","NAME_FR":"Eswatini","NAME_EL":"Εσουατίνι","NAME_HE":"אסוואטיני","NAME_HI":"एस्वातीनी","NAME_HU":"Szváziföld","NAME_ID":"Eswatini","NAME_IT":"eSwatini","NAME_JA":"エスワティニ","NAME_KO":"에스와티니","NAME_NL":"Swaziland","NAME_PL":"Eswatini","NAME_PT":"Essuatíni","NAME_RU":"Эсватини","NAME_SV":"Swaziland","NAME_TR":"Esvatini","NAME_UK":"Есватіні","NAME_UR":"اسواتینی","NAME_VI":"Eswatini","NAME_ZH":"斯威士兰","NAME_ZHT":"史瓦帝尼","FCLASS_ISO":"Admin-0 country","TLC_DIFF":null,"FCLASS_TLC":"Admin-0 country","FCLASS_US":null,"FCLASS_FR":null,"FCLASS_RU":null,"FCLASS_ES":null,"FCLASS_CN":null,"FCLASS_TW":null,"FCLASS_IN":null,"FCLASS_NP":null,"FCLASS_PK":null,"FCLASS_DE":null,"FCLASS_GB":null,"FCLASS_BR":null,"FCLASS_IL":null,"FCLASS_PS":null,"FCLASS_SA":null,"FCLASS_EG":null,"FCLASS_MA":null,"FCLASS_PT":null,"FCLASS_AR":null,"FCLASS_JP":null,"FCLASS_KO":null,"FCLASS_VN":null,"FCLASS_TR":null,"FCLASS_ID":null,"FCLASS_PL":null,"FCLASS_GR":null,"FCLASS_IT":null,"FCLASS_NL":null,"FCLASS_SE":null,"FCLASS_BD":null,"FCLASS_UA":null},"geometry":{"type":"Polygon","coordinates":[[[32.071665,-25.813458221748483],[31.868060000000003,-26.21257352141346],[31.282773,-26.309383560025804],[30.685962,-25.822482548492268],[30.676609000000003,-25.5108332069818],[30.949667,-25.17153052484285],[31.044080000000005,-24.907701905441805],[31.333158000000005,-24.843052158781546],[31.837778000000004,-25.009133890006478],[31.985779000000004,-25.414860558498663],[32.071665,-25.813458221748483]]]}},{"type":"Feature","bbox":[11.640096,-17.930636,24.079905,-4.438023],"properties":{"featurecla":"Admin-0 country","scalerank":1,"LABELRANK":3,"SOVEREIGNT":"Angola","SOV_A3":"AGO","ADM0_DIF":0,"LEVEL":2,"TYPE":"Sovereign country","TLC":"1","ADMIN":"Angola","ADM0_A3":"AGO","GEOU_DIF":0,"GEOUNIT":"Angola","GU_A3":"AGO","SU_DIF":0,"SUBUNIT":"Angola","SU_A3":"AGO","BRK_DIFF":0,"NAME":"Angola","NAME_LONG":"Angola","BRK_A3":"AGO","BRK_NAME":"Angola","BRK_GROUP":null,"ABBREV":"Ang.","POSTAL":"AO","FORMAL_EN":"People's Republic of Angola","FORMAL_FR":null,"NAME_CIAWF":"Angola","NOTE_ADM0":null,"NOTE_BRK":null,"NAME_SORT":"Angola","NAME_ALT":null,"MAPCOLOR7":3,"MAPCOLOR8":2,"MAPCOLOR9":6,"MAPCOLOR13":1,"POP_EST":31825295,"POP_RANK":15,"POP_YEAR":2019,"GDP_MD":88815,"GDP_YEAR":2019,"ECONOMY":"7. Least developed region","INCOME_GRP":"3. Upper middle income","FIPS_10":"AO","ISO_A2":"AO","ISO_A2_EH":"AO","ISO_A3":"AGO","ISO_A3_EH":"AGO","ISO_N3":"024","ISO_N3_EH":"024","UN_A3":"024","WB_A2":"AO","WB_A3":"AGO","WOE_ID":23424745,"WOE_ID_EH":23424745,"WOE_NOTE":"Exact WOE match as country","ADM0_ISO":"AGO","ADM0_DIFF":null,"ADM0_TLC":"AGO","ADM0_A3_US":"AGO","ADM0_A3_FR":"AGO","ADM0_A3_RU":"AGO","ADM0_A3_ES":"AGO","ADM0_A3_CN":"AGO","ADM0_A3_TW":"AGO","ADM0_A3_IN":"AGO","ADM0_A3_NP":"AGO","ADM0_A3_PK":"AGO","ADM0_A3_DE":"AGO","ADM0_A3_GB":"AGO","ADM0_A3_BR":"AGO","ADM0_A3_IL":"AGO","ADM0_A3_PS":"AGO","ADM0_A3_SA":"AGO","ADM0_A3_EG":"AGO","ADM0_A3_MA":"AGO","ADM0_A3_PT":"AGO","ADM0_A3_AR":"AGO","ADM0_A3_JP":"AGO","ADM0_A3_KO":"AGO","ADM0_A3_VN":"AGO","ADM0_A3_TR":"AGO","ADM0_A3_ID":"AGO","ADM0_A3_PL":"AGO","ADM0_A3_GR":"AGO","ADM0_A3_IT":"AGO","ADM0_A3_NL":"AGO","ADM0_A3_SE":"AGO","ADM0_A3_BD":"AGO","ADM0_A3_UA":"AGO","ADM0_A3_UN":-99,"ADM0_A3_WB":-99,"CONTINENT":"Africa","REGION_UN":"Africa","SUBREGION":"Middle Africa","REGION_WB":"Sub-Saharan Africa","NAME_LEN":6,"LONG_LEN":6,"ABBREV_LEN":4,"TINY":-99,"HOMEPART":1,"MIN_ZOOM":0,"MIN_LABEL":3,"MAX_LABEL":7,"LABEL_X":17.984249,"LABEL_Y":-12.182762,"NE_ID":1159320323,"WIKIDATAID":"Q916","NAME_AR":"أنغولا","NAME_BN":"অ্যাঙ্গোলা","NAME_DE":"Angola","NAME_EN":"Angola","NAME_ES":"Angola","NAME_FA":"آنگولا","NAME_FR":"Angola","NAME_EL":"Ανγκόλα","NAME_HE":"אנגולה","NAME_HI":"अंगोला","NAME_HU":"Angola","NAME_ID":"Angola","NAME_IT":"Angola","NAME_JA":"アンゴラ","NAME_KO":"앙골라","NAME_NL":"Angola","NAME_PL":"Angola","NAME_PT":"Angola","NAME_RU":"Ангола","NAME_SV":"Angola","NAME_TR":"Angola","NAME_UK":"Ангола","NAME_UR":"انگولا","NAME_VI":"Angola","NAME_ZH":"安哥拉","NAME_ZHT":"安哥拉","FCLASS_ISO":"Admin-0 country","TLC_DIFF":null,"FCLASS_TLC":"Admin-0 country","FCLASS_US":null,"FCLASS_FR":null,"FCLASS_RU":null,"FCLASS_ES":null,"FCLASS_CN":null,"FCLASS_TW":null,"FCLASS_IN":null,"FCLASS_NP":null,"FCLASS_PK":null,"FCLASS_DE":null,"FCLASS_GB":null,"FCLASS_BR":null,"FCLASS_IL":null,"FCLASS_PS":null,"FCLASS_SA":null,"FCLASS_EG":null,"FCLASS_MA":null,"FCLASS_PT":null,"FCLASS_AR":null,"FCLASS_JP":null,"FCLASS_KO":null,"FCLASS_VN":null,"FCLASS_TR":null,"FCLASS_ID":null,"FCLASS_PL":null,"FCLASS_GR":null,"FCLASS_IT":null,"FCLASS_NL":null,"FCLASS_SE":null,"FCLASS_BD":null,"FCLASS_UA":null},"geometry":{"type":"MultiPolygon","coordinates":[[[[12.995517,-4.775563983859893],[12.631612,-4.984969934154596],[12.468004,-5.241037717665201],[12.436688,-5.6750021685806935],[12.182337,-5.780101831319288],[11.914963,-5.031507578425977],[12.318608,-4.601276189808354],[12.620760000000002,-4.433591799910729],[12.995517,-4.775563983859893]]],[[[12.322432,-6.088600300977138],[12.735171,-5.954931990996152],[13.024869,-5.973537728991989],[13.375597,-5.854029171581976],[16.326528,-5.867189026903125],[16.57318,-6.607947261110227],[16.860191,-7.203247382672087],[17.089996,-7.523970868594434],[17.47297,-8.04201447609626],[18.134222,-7.961928920723436],[18.464176,-7.82259732382811],[19.016752,-7.962491445002312],[19.166613,-7.7147661956278215],[19.417502,-7.136901300224171],[20.037723,-7.098134355044026],[20.091621999999997,-6.92615943792965],[20.601823000000003,-6.922414949662045],[20.514748000000004,-7.279938726101221],[21.728111,-7.27127504835444],[21.746455999999995,-7.894982040733768],[21.949131,-8.276961570734597],[21.801801,-8.873026323647164],[21.875181999999995,-9.480153249440614],[22.208753000000005,-9.845975551174057],[22.155268,-11.016291892595094],[22.402798000000004,-10.926242401826515],[22.837345000000003,-10.950343434533526],[23.456791000000003,-10.803274872881271],[23.912215,-10.86118724899757],[24.017894,-11.165940584513796],[23.904154000000002,-11.641348846238163],[24.079905,-12.10033206282018],[23.930922,-12.466307991830167],[24.016137000000004,-12.803146269396711],[21.933886,-12.790850464883977],[21.887842999999997,-15.873274827770652],[22.562478,-16.658659947643237],[23.215048,-17.25616243689297],[21.377176000000002,-17.644925906331377],[18.956187,-17.5099935571905],[18.263309,-17.052480463460878],[14.209706999999998,-17.093728882271062],[14.058501,-17.160892152924408],[13.462362,-16.728354434059327],[12.814080999999998,-16.699747340059293],[12.215461,-16.862818791578974],[11.734199,-17.044772737759427],[11.640096,-16.442686061446476],[11.778537,-15.597517673334114],[12.123581,-14.713869763391283],[12.175619,-14.298380426305604],[12.500095,-13.423195423848368],[12.738479,-13.024268319384403],[13.312914000000001,-12.386016027584814],[13.633721,-11.95103016201277],[13.738728,-11.225353024241207],[13.686379,-10.6688822680441],[13.387328000000002,-10.317363376984696],[13.120988,-9.7199364229662],[12.87537,-9.128073511909735],[12.929061,-8.922803975486904],[13.236433,-8.530932676997411],[12.93304,-7.574380122957271],[12.728297999999999,-6.910307700034572],[12.227347,-6.281824822961172],[12.322432,-6.088600300977138]]]]}},{"type":"Feature","bbox":[29.024926,-4.499983,30.75224,-2.348487],"properties":{"featurecla":"Admin-0 country","scalerank":1,"LABELRANK":6,"SOVEREIGNT":"Burundi","SOV_A3":"BDI","ADM0_DIF":0,"LEVEL":2,"TYPE":"Sovereign country","TLC":"1","ADMIN":"Burundi","ADM0_A3":"BDI","GEOU_DIF":0,"GEOUNIT":"Burundi","GU_A3":"BDI","SU_DIF":0,"SUBUNIT":"Burundi","SU_A3":"BDI","BRK_DIFF":0,"NAME":"Burundi","NAME_LONG":"Burundi","BRK_A3":"BDI","BRK_NAME":"Burundi","BRK_GROUP":null,"ABBREV":"Bur.","POSTAL":"BI","FORMAL_EN":"Republic of Burundi","FORMAL_FR":null,"NAME_CIAWF":"Burundi","NOTE_ADM0":null,"NOTE_BRK":null,"NAME_SORT":"Burundi","NAME_ALT":null,"MAPCOLOR7":2,"MAPCOLOR8":2,"MAPCOLOR9":5,"MAPCOLOR13":8,"POP_EST":11530580,"POP_RANK":14,"POP_YEAR":2019,"GDP_MD":3012,"GDP_YEAR":2019,"ECONOMY":"7. Least developed region","INCOME_GRP":"5. Low income","FIPS_10":"BY","ISO_A2":"BI","ISO_A2_EH":"BI","ISO_A3":"BDI","ISO_A3_EH":"BDI","ISO_N3":"108","ISO_N3_EH":"108","UN_A3":"108","WB_A2":"BI","WB_A3":"BDI","WOE_ID":23424774,"WOE_ID_EH":23424774,"WOE_NOTE":"Exact WOE match as country","ADM0_ISO":"BDI","ADM0_DIFF":null,"ADM0_TLC":"BDI","ADM0_A3_US":"BDI","ADM0_A3_FR":"BDI","ADM0_A3_RU":"BDI","ADM0_A3_ES":"BDI","ADM0_A3_CN":"BDI","ADM0_A3_TW":"BDI","ADM0_A3_IN":"BDI","ADM0_A3_NP":"BDI","ADM0_A3_PK":"BDI","ADM0_A3_DE":"BDI","ADM0_A3_GB":"BDI","ADM0_A3_BR":"BDI","ADM0_A3_IL":"BDI","ADM0_A3_PS":"BDI","ADM0_A3_SA":"BDI","ADM0_A3_EG":"BDI","ADM0_A3_MA":"BDI","ADM0_A3_PT":"BDI","ADM0_A3_AR":"BDI","ADM0_A3_JP":"BDI","ADM0_A3_KO":"BDI","ADM0_A3_VN":"BDI","ADM0_A3_TR":"BDI","ADM0_A3_ID":"BDI","ADM0_A3_PL":"BDI","ADM0_A3_GR":"BDI","ADM0_A3_IT":"BDI","ADM0_A3_NL":"BDI","ADM0_A3_SE":"BDI","ADM0_A3_BD":"BDI","ADM0_A3_UA":"BDI","ADM0_A3_UN":-99,"ADM0_A3_WB":-99,"CONTINENT":"Africa","REGION_UN":"Africa","SUBREGION":"Eastern Africa","REGION_WB":"Sub-Saharan Africa","NAME_LEN":7,"LONG_LEN":7,"ABBREV_LEN":4,"TINY":-99,"HOMEPART":1,"MIN_ZOOM":0,"MIN_LABEL":4,"MAX_LABEL":9,"LABEL_X":29.917086,"LABEL_Y":-3.332836,"NE_ID":1159320387,"WIKIDATAID":"Q967","NAME_AR":"بوروندي","NAME_BN":"বুরুন্ডি","NAME_DE":"Burundi","NAME_EN":"Burundi","NAME_ES":"Burundi","NAME_FA":"بوروندی","NAME_FR":"Burundi","NAME_EL":"Μπουρούντι","NAME_HE":"בורונדי","NAME_HI":"बुरुण्डी","NAME_HU":"Burundi","NAME_ID":"Burundi","NAME_IT":"Burundi","NAME_JA":"ブルンジ","NAME_KO":"부룬디","NAME_NL":"Burundi","NAME_PL":"Burundi","NAME_PT":"Burundi","NAME_RU":"Бурунди","NAME_SV":"Burundi","NAME_TR":"Burundi","NAME_UK":"Бурунді","NAME_UR":"برونڈی","NAME_VI":"Burundi","NAME_ZH":"布隆迪","NAME_ZHT":"蒲隆地","FCLASS_ISO":"Admin-0 country","TLC_DIFF":null,"FCLASS_TLC":"Admin-0 country","FCLASS_US":null,"FCLASS_FR":null,"FCLASS_RU":null,"FCLASS_ES":null,"FCLASS_CN":null,"FCLASS_TW":null,"FCLASS_IN":null,"FCLASS_NP":null,"FCLASS_PK":null,"FCLASS_DE":null,"FCLASS_GB":null,"FCLASS_BR":null,"FCLASS_IL":null,"FCLASS_PS":null,"FCLASS_SA":null,"FCLASS_EG":null,"FCLASS_MA":null,"FCLASS_PT":null,"FCLASS_AR":null,"FCLASS_JP":null,"FCLASS_KO":null,"FCLASS_VN":null,"FCLASS_TR":null,"FCLASS_ID":null,"FCLASS_PL":null,"FCLASS_GR":null,"FCLASS_IT":null,"FCLASS_NL":null,"FCLASS_SE":null,"FCLASS_BD":null,"FCLASS_UA":null},"geometry":{"type":"Polygon","coordinates":[[[30.469674,-2.4131412528810863],[30.52766,-2.8064970566132823],[30.74301,-3.032892643946309],[30.752239999999997,-3.357386993674048],[30.505540000000003,-3.566275010856096],[30.11632,-4.086650564541393],[29.753512,-4.447914672156187],[29.339997999999998,-4.495363796930834],[29.276384,-3.292094079167005],[29.024926,-2.83809668095063],[29.632175999999998,-2.91659758233791],[29.938359000000002,-2.3478296667449676],[30.469674,-2.4131412528810863]]]}},{"type":"Feature","bbox":[34.265433,29.501326,35.836397,33.277426],"properties":{"featurecla":"Admin-0 country","scalerank":1,"LABELRANK":4,"SOVEREIGNT":"Israel","SOV_A3":"IS1","ADM0_DIF":1,"LEVEL":2,"TYPE":"Disputed","TLC":"1","ADMIN":"Israel","ADM0_A3":"ISR","GEOU_DIF":0,"GEOUNIT":"Israel","GU_A3":"ISR","SU_DIF":0,"SUBUNIT":"Israel","SU_A3":"ISR","BRK_DIFF":1,"NAME":"Israel","NAME_LONG":"Israel","BRK_A3":"ISR","BRK_NAME":"Israel","BRK_GROUP":null,"ABBREV":"Isr.","POSTAL":"IS","FORMAL_EN":"State of Israel","FORMAL_FR":null,"NAME_CIAWF":"Israel","NOTE_ADM0":null,"NOTE_BRK":null,"NAME_SORT":"Israel","NAME_ALT":null,"MAPCOLOR7":3,"MAPCOLOR8":2,"MAPCOLOR9":5,"MAPCOLOR13":9,"POP_EST":9053300,"POP_RANK":13,"POP_YEAR":2019,"GDP_MD":394652,"GDP_YEAR":2019,"ECONOMY":"2. Developed region: nonG7","INCOME_GRP":"1. High income: OECD","FIPS_10":"-99","ISO_A2":"IL","ISO_A2_EH":"IL","ISO_A3":"ISR","ISO_A3_EH":"ISR","ISO_N3":"376","ISO_N3_EH":"376","UN_A3":"376","WB_A2":"IL","WB_A3":"ISR","WOE_ID":23424852,"WOE_ID_EH":23424852,"WOE_NOTE":"Exact WOE match as country","ADM0_ISO":"ISR","ADM0_DIFF":null,"ADM0_TLC":"ISR","ADM0_A3_US":"ISR","ADM0_A3_FR":"ISR","ADM0_A3_RU":"ISR","ADM0_A3_ES":"ISR","ADM0_A3_CN":"ISR","ADM0_A3_TW":"ISR","ADM0_A3_IN":"ISR","ADM0_A3_NP":"ISR","ADM0_A3_PK":"PSX","ADM0_A3_DE":"ISR","ADM0_A3_GB":"ISR","ADM0_A3_BR":"ISR","ADM0_A3_IL":"ISR","ADM0_A3_PS":"ISR","ADM0_A3_SA":"PSX","ADM0_A3_EG":"ISR","ADM0_A3_MA":"ISR","ADM0_A3_PT":"ISR","ADM0_A3_AR":"ISR","ADM0_A3_JP":"ISR","ADM0_A3_KO":"ISR","ADM0_A3_VN":"ISR","ADM0_A3_TR":"ISR","ADM0_A3_ID":"ISR","ADM0_A3_PL":"ISR","ADM0_A3_GR":"ISR","ADM0_A3_IT":"ISR","ADM0_A3_NL":"ISR","ADM0_A3_SE":"ISR","ADM0_A3_BD":"PSX","ADM0_A3_UA":"ISR","ADM0_A3_UN":-99,"ADM0_A3_WB":-99,"CONTINENT":"Asia","REGION_UN":"Asia","SUBREGION":"Western Asia","REGION_WB":"Middle East & North Africa","NAME_LEN":6,"LONG_LEN":6,"ABBREV_LEN":4,"TINY":-99,"HOMEPART":1,"MIN_ZOOM":0,"MIN_LABEL":3,"MAX_LABEL":8,"LABEL_X":34.847915,"LABEL_Y":30.911148,"NE_ID":1159320895,"WIKIDATAID":"Q801","NAME_AR":"إسرائيل","NAME_BN":"ইসরায়েল","NAME_DE":"Israel","NAME_EN":"Israel","NAME_ES":"Israel","NAME_FA":"اسرائیل","NAME_FR":"Israël","NAME_EL":"Ισραήλ","NAME_HE":"ישראל","NAME_HI":"इज़राइल","NAME_HU":"Izrael","NAME_ID":"Israel","NAME_IT":"Israele","NAME_JA":"イスラエル","NAME_KO":"이스라엘","NAME_NL":"Israël","NAME_PL":"Izrael","NAME_PT":"Israel","NAME_RU":"Израиль","NAME_SV":"Israel","NAME_TR":"İsrail","NAME_UK":"Ізраїль","NAME_UR":"اسرائیل","NAME_VI":"Israel","NAME_ZH":"以色列","NAME_ZHT":"以色列","FCLASS_ISO":"Admin-0 country","TLC_DIFF":null,"FCLASS_TLC":"Admin-0 country","FCLASS_US":null,"FCLASS_FR":null,"FCLASS_RU":null,"FCLASS_ES":null,"FCLASS_CN":null,"FCLASS_TW":null,"FCLASS_IN":null,"FCLASS_NP":null,"FCLASS_PK":"Unrecognized","FCLASS_DE":null,"FCLASS_GB":null,"FCLASS_BR":null,"FCLASS_IL":null,"FCLASS_PS":null,"FCLASS_SA":"Unrecognized","FCLASS_EG":null,"FCLASS_MA":null,"FCLASS_PT":null,"FCLASS_AR":null,"FCLASS_JP":null,"FCLASS_KO":null,"FCLASS_VN":null,"FCLASS_TR":null,"FCLASS_ID":null,"FCLASS_PL":null,"FCLASS_GR":null,"FCLASS_IT":null,"FCLASS_NL":null,"FCLASS_SE":null,"FCLASS_BD":"Unrecognized","FCLASS_UA":null},"geometry":{"type":"Polygon","coordinates":[[[35.719918,31.06482368695793],[35.545665,30.794445817985675],[35.18393,30.913361266383355],[34.974641,30.340331147652755],[35.225892,30.2434147556465],[34.970507,30.124503188526734],[34.927408,29.896465809809488],[35.397561,30.013995948410578],[35.420918,29.676571546493403],[34.922603,28.278031101864702],[34.823243,28.506540608757227],[34.26544,29.780164774304275],[34.265435,29.780162170491888],[34.265433,29.78016564224172],[34.556372,30.065709782746573],[34.488107,30.11478168462888],[34.752587,30.518252142431976],[34.955417,31.166004306801874],[35.098457,31.38238066361621],[35.126053,31.391225546535885],[35.460709,31.38963778024016],[35.552797,31.539107010194762],[35.821101,31.550314715458832],[35.836397,31.200863934873436],[35.700798,31.070667123792816],[35.719918,31.06482368695793]]]}},{"type":"Feature","bbox":[35.126053,33.08904,36.61175,34.644914],"properties":{"featurecla":"Admin-0 country","scalerank":1,"LABELRANK":5,"SOVEREIGNT":"Lebanon","SOV_A3":"LBN","ADM0_DIF":0,"LEVEL":2,"TYPE":"Sovereign country","TLC":"1","ADMIN":"Lebanon","ADM0_A3":"LBN","GEOU_DIF":0,"GEOUNIT":"Lebanon","GU_A3":"LBN","SU_DIF":0,"SUBUNIT":"Lebanon","SU_A3":"LBN","BRK_DIFF":0,"NAME":"Lebanon","NAME_LONG":"Lebanon","BRK_A3":"LBN","BRK_NAME":"Lebanon","BRK_GROUP":null,"ABBREV":"Leb.","POSTAL":"LB","FORMAL_EN":"Lebanese Republic","FORMAL_FR":null,"NAME_CIAWF":"Lebanon","NOTE_ADM0":null,"NOTE_BRK":null,"NAME_SORT":"Lebanon","NAME_ALT":null,"MAPCOLOR7":4,"MAPCOLOR8":4,"MAPCOLOR9":4,"MAPCOLOR13":12,"POP_EST":6855713,"POP_RANK":13,"POP_YEAR":2019,"GDP_MD":51991,"GDP_YEAR":2019,"ECONOMY":"6. Developing region","INCOME_GRP":"3. Upper middle income","FIPS_10":"LE","ISO_A2":"LB","ISO_A2_EH":"LB","ISO_A3":"LBN","ISO_A3_EH":"LBN","ISO_N3":"422","ISO_N3_EH":"422","UN_A3":"422","WB_A2":"LB","WB_A3":"LBN","WOE_ID":23424873,"WOE_ID_EH":23424873,"WOE_NOTE":"Exact WOE match as country","ADM0_ISO":"LBN","ADM0_DIFF":null,"ADM0_TLC":"LBN","ADM0_A3_US":"LBN","ADM0_A3_FR":"LBN","ADM0_A3_RU":"LBN","ADM0_A3_ES":"LBN","ADM0_A3_CN":"LBN","ADM0_A3_TW":"LBN","ADM0_A3_IN":"LBN","ADM0_A3_NP":"LBN","ADM0_A3_PK":"LBN","ADM0_A3_DE":"LBN","ADM0_A3_GB":"LBN","ADM0_A3_BR":"LBN","ADM0_A3_IL":"LBN","ADM0_A3_PS":"LBN","ADM0_A3_SA":"LBN","ADM0_A3_EG":"LBN","ADM0_A3_MA":"LBN","ADM0_A3_PT":"LBN","ADM0_A3_AR":"LBN","ADM0_A3_JP":"LBN","ADM0_A3_KO":"LBN","ADM0_A3_VN":"LBN","ADM0_A3_TR":"LBN","ADM0_A3_ID":"LBN","ADM0_A3_PL":"LBN","ADM0_A3_GR":"LBN","ADM0_A3_IT":"LBN","ADM0_A3_NL":"LBN","ADM0_A3_SE":"LBN","ADM0_A3_BD":"LBN","ADM0_A3_UA":"LBN","ADM0_A3_UN":-99,"ADM0_A3_WB":-99,"CONTINENT":"Asia","REGION_UN":"Asia","SUBREGION":"Western Asia","REGION_WB":"Middle East & North Africa","NAME_LEN":7,"LONG_LEN":7,"ABBREV_LEN":4,"TINY":4,"HOMEPART":1,"MIN_ZOOM":0,"MIN_LABEL":4,"MAX_LABEL":9,"LABEL_X":35.992892,"LABEL_Y":34.133368,"NE_ID":1159321013,"WIKIDATAID":"Q822","NAME_AR":"لبنان","NAME_BN":"লেবানন","NAME_DE":"Libanon","NAME_EN":"Lebanon","NAME_ES":"Líbano","NAME_FA":"لبنان","NAME_FR":"Liban","NAME_EL":"Λίβανος","NAME_HE":"לבנון","NAME_HI":"लेबनान","NAME_HU":"Libanon","NAME_ID":"Lebanon","NAME_IT":"Libano","NAME_JA":"レバノン","NAME_KO":"레바논","NAME_NL":"Libanon","NAME_PL":"Liban","NAME_PT":"Líbano","NAME_RU":"Ливан","NAME_SV":"Libanon","NAME_TR":"Lübnan","NAME_UK":"Ліван","NAME_UR":"لبنان","NAME_VI":"Liban","NAME_ZH":"黎巴嫩","NAME_ZHT":"黎巴嫩","FCLASS_ISO":"Admin-0 country","TLC_DIFF":null,"FCLASS_TLC":"Admin-0 country","FCLASS_US":null,"FCLASS_FR":null,"FCLASS_RU":null,"FCLASS_ES":null,"FCLASS_CN":null,"FCLASS_TW":null,"FCLASS_IN":null,"FCLASS_NP":null,"FCLASS_PK":null,"FCLASS_DE":null,"FCLASS_GB":null,"FCLASS_BR":null,"FCLASS_IL":null,"FCLASS_PS":null,"FCLASS_SA":null,"FCLASS_EG":null,"FCLASS_MA":null,"FCLASS_PT":null,"FCLASS_AR":null,"FCLASS_JP":null,"FCLASS_KO":null,"FCLASS_VN":null,"FCLASS_TR":null,"FCLASS_ID":null,"FCLASS_PL":null,"FCLASS_GR":null,"FCLASS_IT":null,"FCLASS_NL":null,"FCLASS_SE":null,"FCLASS_BD":null,"FCLASS_UA":null},"geometry":{"type":"Polygon","coordinates":[[[35.821101,31.550314715458832],[35.552797,31.539107010194762],[35.460709,31.38963778024016],[35.126053,31.391225546535885],[35.482207,32.083965285392765],[35.979592,32.67900265075528],[35.998403,32.70833643035252],[36.448194,32.66543075036165],[36.61175,32.334699239350215],[36.06646,32.01570234120428],[35.821101,31.550314715458832]]]}},{"type":"Feature","bbox":[43.254187,-25.601434,50.476537,-12.040557],"properties":{"featurecla":"Admin-0 country","scalerank":1,"LABELRANK":3,"SOVEREIGNT":"Madagascar","SOV_A3":"MDG","ADM0_DIF":0,"LEVEL":2,"TYPE":"Sovereign country","TLC":"1","ADMIN":"Madagascar","ADM0_A3":"MDG","GEOU_DIF":0,"GEOUNIT":"Madagascar","GU_A3":"MDG","SU_DIF":0,"SUBUNIT":"Madagascar","SU_A3":"MDG","BRK_DIFF":0,"NAME":"Madagascar","NAME_LONG":"Madagascar","BRK_A3":"MDG","BRK_NAME":"Madagascar","BRK_GROUP":null,"ABBREV":"Mad.","POSTAL":"MG","FORMAL_EN":"Republic of Madagascar","FORMAL_FR":null,"NAME_CIAWF":"Madagascar","NOTE_ADM0":null,"NOTE_BRK":null,"NAME_SORT":"Madagascar","NAME_ALT":null,"MAPCOLOR7":6,"MAPCOLOR8":5,"MAPCOLOR9":2,"MAPCOLOR13":3,"POP_EST":26969307,"POP_RANK":15,"POP_YEAR":2019,"GDP_MD":14114,"GDP_YEAR":2019,"ECONOMY":"7. Least developed region","INCOME_GRP":"5. Low income","FIPS_10":"MA","ISO_A2":"MG","ISO_A2_EH":"MG","ISO_A3":"MDG","ISO_A3_EH":"MDG","ISO_N3":"450","ISO_N3_EH":"450","UN_A3":"450","WB_A2":"MG","WB_A3":"MDG","WOE_ID":23424883,"WOE_ID_EH":23424883,"WOE_NOTE":"Exact WOE match as country","ADM0_ISO":"MDG","ADM0_DIFF":null,"ADM0_TLC":"MDG","ADM0_A3_US":"MDG","ADM0_A3_FR":"MDG","ADM0_A3_RU":"MDG","ADM0_A3_ES":"MDG","ADM0_A3_CN":"MDG","ADM0_A3_TW":"MDG","ADM0_A3_IN":"MDG","ADM0_A3_NP":"MDG","ADM0_A3_PK":"MDG","ADM0_A3_DE":"MDG","ADM0_A3_GB":"MDG","ADM0_A3_BR":"MDG","ADM0_A3_IL":"MDG","ADM0_A3_PS":"MDG","ADM0_A3_SA":"MDG","ADM0_A3_EG":"MDG","ADM0_A3_MA":"MDG","ADM0_A3_PT":"MDG","ADM0_A3_AR":"MDG","ADM0_A3_JP":"MDG","ADM0_A3_KO":"MDG","ADM0_A3_VN":"MDG","ADM0_A3_TR":"MDG","ADM0_A3_ID":"MDG","ADM0_A3_PL":"MDG","ADM0_A3_GR":"MDG","ADM0_A3_IT":"MDG","ADM0_A3_NL":"MDG","ADM0_A3_SE":"MDG","ADM0_A3_BD":"MDG","ADM0_A3_UA":"MDG","ADM0_A3_UN":-99,"ADM0_A3_WB":-99,"CONTINENT":"Africa","REGION_UN":"Africa","SUBREGION":"Eastern Africa","REGION_WB":"Sub-Saharan Africa","NAME_LEN":10,"LONG_LEN":10,"ABBREV_LEN":4,"TINY":-99,"HOMEPART":1,"MIN_ZOOM":0,"MIN_LABEL":2.7,"MAX_LABEL":7,"LABEL_X":46.704241,"LABEL_Y":-18.628288,"NE_ID":1159321051,"WIKIDATAID":"Q1019","NAME_AR":"مدغشقر","NAME_BN":"মাদাগাস্কার","NAME_DE":"Madagaskar","NAME_EN":"Madagascar","NAME_ES":"Madagascar","NAME_FA":"ماداگاسکار","NAME_FR":"Madagascar","NAME_EL":"Μαδαγασκάρη","NAME_HE":"מדגסקר","NAME_HI":"मेडागास्कर","NAME_HU":"Madagaszkár","NAME_ID":"Madagaskar","NAME_IT":"Madagascar","NAME_JA":"マダガスカル","NAME_KO":"마다가스카르","NAME_NL":"Madagaskar","NAME_PL":"Madagaskar","NAME_PT":"Madagáscar","NAME_RU":"Мадагаскар","NAME_SV":"Madagaskar","NAME_TR":"Madagaskar","NAME_UK":"Мадагаскар","NAME_UR":"مڈغاسکر","NAME_VI":"Madagascar","NAME_ZH":"马达加斯加","NAME_ZHT":"馬達加斯加","FCLASS_ISO":"Admin-0 country","TLC_DIFF":null,"FCLASS_TLC":"Admin-0 country","FCLASS_US":null,"FCLASS_FR":null,"FCLASS_RU":null,"FCLASS_ES":null,"FCLASS_CN":null,"FCLASS_TW":null,"FCLASS_IN":null,"FCLASS_NP":null,"FCLASS_PK":null,"FCLASS_DE":null,"FCLASS_GB":null,"FCLASS_BR":null,"FCLASS_IL":null,"FCLASS_PS":null,"FCLASS_SA":null,"FCLASS_EG":null,"FCLASS_MA":null,"FCLASS_PT":null,"FCLASS_AR":null,"FCLASS_JP":null,"FCLASS_KO":null,"FCLASS_VN":null,"FCLASS_TR":null,"FCLASS_ID":null,"FCLASS_PL":null,"FCLASS_GR":null,"FCLASS_IT":null,"FCLASS_NL":null,"FCLASS_SE":null,"FCLASS_BD":null,"FCLASS_UA":null},"geometry":{"type":"Polygon","coordinates":[[[49.543519,-12.372539809559402],[49.808981,-12.787776663926824],[50.05651100000001,-13.431036085212776],[50.217431,-14.598231941472312],[50.476537,-15.050385408465484],[50.377111,-15.512984652690667],[50.200275,-15.796265411447902],[49.860606000000004,-15.231609077624944],[49.672607,-15.516968975628455],[49.863344,-16.229547988547854],[49.774564000000005,-16.636232120354208],[49.498612,-16.857428879314227],[49.435619,-17.66629747418831],[49.041792,-18.773548409777625],[48.548541,-20.073188558975648],[47.930749000000006,-21.842371095456947],[47.547723,-23.127092396336987],[47.095761,-24.18927859870959],[46.282478,-24.405133543456532],[45.409508,-24.789720931067993],[44.833574,-24.557700106608824],[44.03972,-24.23188475119454],[43.763768,-23.749803741954587],[43.69777800000001,-22.935816639302033],[43.345654,-22.199656791096803],[43.254187,-21.53193185952335],[43.433298,-20.859770340057942],[43.893683,-20.697865794086418],[43.89636999999999,-20.386182401572313],[44.374325,-19.67394996625399],[44.464397000000005,-19.07310589010461],[44.232422,-18.62503853041642],[44.042976,-18.02641551828806],[43.963084,-17.14805387990025],[44.31246900000001,-16.612712131957608],[44.446517,-16.003958969677115],[44.944936999999996,-15.968538846742375],[45.502732,-15.771351596711431],[45.872994,-15.597169003971468],[46.312242999999995,-15.584227365331952],[46.882183,-15.034614979213242],[47.705130000000004,-14.438998655830579],[48.005215,-13.951290988875298],[47.869047,-13.53616425551974],[48.293828000000005,-13.652995646392627],[48.84506,-12.976786394159241],[48.863509,-12.390155353848929],[49.19465099999999,-11.95290071283936],[49.543519,-12.372539809559402]]]}},{"type":"Feature","bbox":[34.927408,31.353435,35.545665,32.532511],"properties":{"featurecla":"Admin-0 country","scalerank":1,"LABELRANK":5,"SOVEREIGNT":"Israel","SOV_A3":"IS1","ADM0_DIF":1,"LEVEL":2,"TYPE":"Indeterminate","TLC":"1","ADMIN":"Palestine","ADM0_A3":"PSX","GEOU_DIF":0,"GEOUNIT":"Palestine","GU_A3":"PSX","SU_DIF":0,"SUBUNIT":"Palestine","SU_A3":"PSX","BRK_DIFF":0,"NAME":"Palestine","NAME_LONG":"Palestine","BRK_A3":"PSX","BRK_NAME":"Palestine","BRK_GROUP":null,"ABBREV":"Pal.","POSTAL":"PAL","FORMAL_EN":"West Bank and Gaza","FORMAL_FR":null,"NAME_CIAWF":null,"NOTE_ADM0":null,"NOTE_BRK":"Partial self-admin.","NAME_SORT":"Palestine (West Bank and Gaza)","NAME_ALT":null,"MAPCOLOR7":3,"MAPCOLOR8":2,"MAPCOLOR9":5,"MAPCOLOR13":8,"POP_EST":4685306,"POP_RANK":12,"POP_YEAR":2019,"GDP_MD":16276,"GDP_YEAR":2018,"ECONOMY":"6. Developing region","INCOME_GRP":"4. Lower middle income","FIPS_10":"-99","ISO_A2":"PS","ISO_A2_EH":"PS","ISO_A3":"PSE","ISO_A3_EH":"PSE","ISO_N3":"275","ISO_N3_EH":"275","UN_A3":"275","WB_A2":"GZ","WB_A3":"WBG","WOE_ID":28289408,"WOE_ID_EH":28289408,"WOE_NOTE":"Exact WOE match as country","ADM0_ISO":"PSX","ADM0_DIFF":null,"ADM0_TLC":"PSX","ADM0_A3_US":"PSX","ADM0_A3_FR":"PSX","ADM0_A3_RU":"PSX","ADM0_A3_ES":"PSX","ADM0_A3_CN":"PSX","ADM0_A3_TW":"PSX","ADM0_A3_IN":"PSX","ADM0_A3_NP":"PSX","ADM0_A3_PK":"PSX","ADM0_A3_DE":"PSX","ADM0_A3_GB":"PSX","ADM0_A3_BR":"PSX","ADM0_A3_IL":"PSX","ADM0_A3_PS":"PSX","ADM0_A3_SA":"PSX","ADM0_A3_EG":"PSX","ADM0_A3_MA":"PSX","ADM0_A3_PT":"PSX","ADM0_A3_AR":"PSX","ADM0_A3_JP":"PSX","ADM0_A3_KO":"PSX","ADM0_A3_VN":"PSX","ADM0_A3_TR":"PSX","ADM0_A3_ID":"PSX","ADM0_A3_PL":"PSX","ADM0_A3_GR":"PSX","ADM0_A3_IT":"PSX","ADM0_A3_NL":"PSX","ADM0_A3_SE":"PSX","ADM0_A3_BD":"PSX","ADM0_A3_UA":"PSX","ADM0_A3_UN":-99,"ADM0_A3_WB":-99,"CONTINENT":"Asia","REGION_UN":"Asia","SUBREGION":"Western Asia","REGION_WB":"Middle East & North Africa","NAME_LEN":9,"LONG_LEN":9,"ABBREV_LEN":4,"TINY":-99,"HOMEPART":-99,"MIN_ZOOM":7,"MIN_LABEL":4.5,"MAX_LABEL":9.5,"LABEL_X":35.291341,"LABEL_Y":32.047431,"NE_ID":1159320899,"WIKIDATAID":"Q23792","NAME_AR":"فلسطين","NAME_BN":"ফিলিস্তিন অঞ্চল","NAME_DE":"Palästina","NAME_EN":"Palestine","NAME_ES":"Palestina","NAME_FA":"فلسطین","NAME_FR":"Palestine","NAME_EL":"Παλαιστίνη","NAME_HE":"ארץ ישראל","NAME_HI":"फ़िलिस्तीनी राज्यक्षेत्र","NAME_HU":"Palesztina","NAME_ID":"Palestina","NAME_IT":"Palestina","NAME_JA":"パレスチナ","NAME_KO":"팔레스타인","NAME_NL":"Palestina","NAME_PL":"Palestyna","NAME_PT":"Palestina","NAME_RU":"Палестина","NAME_SV":"Palestina","NAME_TR":"Filistin","NAME_UK":"Палестина","NAME_UR":"فلسطین","NAME_VI":"Palestine","NAME_ZH":"巴勒斯坦","NAME_ZHT":"巴勒斯坦地區","FCLASS_ISO":"Admin-0 dependency","TLC_DIFF":null,"FCLASS_TLC":"Admin-0 dependency","FCLASS_US":null,"FCLASS_FR":null,"FCLASS_RU":null,"FCLASS_ES":null,"FCLASS_CN":null,"FCLASS_TW":null,"FCLASS_IN":null,"FCLASS_NP":null,"FCLASS_PK":"Admin-0 country","FCLASS_DE":null,"FCLASS_GB":null,"FCLASS_BR":null,"FCLASS_IL":null,"FCLASS_PS":"Admin-0 country","FCLASS_SA":"Admin-0 country","FCLASS_EG":null,"FCLASS_MA":null,"FCLASS_PT":null,"FCLASS_AR":null,"FCLASS_JP":null,"FCLASS_KO":null,"FCLASS_VN":null,"FCLASS_TR":null,"FCLASS_ID":null,"FCLASS_PL":null,"FCLASS_GR":null,"FCLASS_IT":null,"FCLASS_NL":null,"FCLASS_SE":null,"FCLASS_BD":"Admin-0 country","FCLASS_UA":null},"geometry":{"type":"Polygon","coordinates":[[[35.397561,30.013995948410578],[34.927408,29.896465809809488],[34.970507,30.124503188526734],[35.225892,30.2434147556465],[34.974641,30.340331147652755],[35.18393,30.913361266383355],[35.545665,30.794445817985675],[35.545252,30.267742436951565],[35.397561,30.013995948410578]]]}},{"type":"Feature","bbox":[-16.841525,13.130284,-13.844963,13.876492],"properties":{"featurecla":"Admin-0 country","scalerank":1,"LABELRANK":6,"SOVEREIGNT":"Gambia","SOV_A3":"GMB","ADM0_DIF":0,"LEVEL":2,"TYPE":"Sovereign country","TLC":"1","ADMIN":"Gambia","ADM0_A3":"GMB","GEOU_DIF":0,"GEOUNIT":"Gambia","GU_A3":"GMB","SU_DIF":0,"SUBUNIT":"Gambia","SU_A3":"GMB","BRK_DIFF":0,"NAME":"Gambia","NAME_LONG":"The Gambia","BRK_A3":"GMB","BRK_NAME":"Gambia","BRK_GROUP":null,"ABBREV":"Gambia","POSTAL":"GM","FORMAL_EN":"Republic of the Gambia","FORMAL_FR":null,"NAME_CIAWF":"Gambia, The","NOTE_ADM0":null,"NOTE_BRK":null,"NAME_SORT":"Gambia, The","NAME_ALT":null,"MAPCOLOR7":1,"MAPCOLOR8":4,"MAPCOLOR9":1,"MAPCOLOR13":8,"POP_EST":2347706,"POP_RANK":12,"POP_YEAR":2019,"GDP_MD":1826,"GDP_YEAR":2019,"ECONOMY":"7. Least developed region","INCOME_GRP":"5. Low income","FIPS_10":"GA","ISO_A2":"GM","ISO_A2_EH":"GM","ISO_A3":"GMB","ISO_A3_EH":"GMB","ISO_N3":"270","ISO_N3_EH":"270","UN_A3":"270","WB_A2":"GM","WB_A3":"GMB","WOE_ID":23424821,"WOE_ID_EH":23424821,"WOE_NOTE":"Exact WOE match as country","ADM0_ISO":"GMB","ADM0_DIFF":null,"ADM0_TLC":"GMB","ADM0_A3_US":"GMB","ADM0_A3_FR":"GMB","ADM0_A3_RU":"GMB","ADM0_A3_ES":"GMB","ADM0_A3_CN":"GMB","ADM0_A3_TW":"GMB","ADM0_A3_IN":"GMB","ADM0_A3_NP":"GMB","ADM0_A3_PK":"GMB","ADM0_A3_DE":"GMB","ADM0_A3_GB":"GMB","ADM0_A3_BR":"GMB","ADM0_A3_IL":"GMB","ADM0_A3_PS":"GMB","ADM0_A3_SA":"GMB","ADM0_A3_EG":"GMB","ADM0_A3_MA":"GMB","ADM0_A3_PT":"GMB","ADM0_A3_AR":"GMB","ADM0_A3_JP":"GMB","ADM0_A3_KO":"GMB","ADM0_A3_VN":"GMB","ADM0_A3_TR":"GMB","ADM0_A3_ID":"GMB","ADM0_A3_PL":"GMB","ADM0_A3_GR":"GMB","ADM0_A3_IT":"GMB","ADM0_A3_NL":"GMB","ADM0_A3_SE":"GMB","ADM0_A3_BD":"GMB","ADM0_A3_UA":"GMB","ADM0_A3_UN":-99,"ADM0_A3_WB":-99,"CONTINENT":"Africa","REGION_UN":"Africa","SUBREGION":"Western Africa","REGION_WB":"Sub-Saharan Africa","NAME_LEN":6,"LONG_LEN":10,"ABBREV_LEN":6,"TINY":-99,"HOMEPART":1,"MIN_ZOOM":0,"MIN_LABEL":5,"MAX_LABEL":10,"LABEL_X":-14.998318,"LABEL_Y":13.641721,"NE_ID":1159320797,"WIKIDATAID":"Q1005","NAME_AR":"غامبيا","NAME_BN":"গাম্বিয়া","NAME_DE":"Gambia","NAME_EN":"The Gambia","NAME_ES":"Gambia","NAME_FA":"گامبیا","NAME_FR":"Gambie","NAME_EL":"Γκάμπια","NAME_HE":"גמביה","NAME_HI":"गाम्बिया","NAME_HU":"Gambia","NAME_ID":"Gambia","NAME_IT":"Gambia","NAME_JA":"ガンビア","NAME_KO":"감비아","NAME_NL":"Gambia","NAME_PL":"Gambia","NAME_PT":"Gâmbia","NAME_RU":"Гамбия","NAME_SV":"Gambia","NAME_TR":"Gambiya","NAME_UK":"Гамбія","NAME_UR":"گیمبیا","NAME_VI":"Gambia","NAME_ZH":"冈比亚","NAME_ZHT":"甘比亞","FCLASS_ISO":"Admin-0 country","TLC_DIFF":null,"FCLASS_TLC":"Admin-0 country","FCLASS_US":null,"FCLASS_FR":null,"FCLASS_RU":null,"FCLASS_ES":null,"FCLASS_CN":null,"FCLASS_TW":null,"FCLASS_IN":null,"FCLASS_NP":null,"FCLASS_PK":null,"FCLASS_DE":null,"FCLASS_GB":null,"FCLASS_BR":null,"FCLASS_IL":null,"FCLASS_PS":null,"FCLASS_SA":null,"FCLASS_EG":null,"FCLASS_MA":null,"FCLASS_PT":null,"FCLASS_AR":null,"FCLASS_JP":null,"FCLASS_KO":null,"FCLASS_VN":null,"FCLASS_TR":null,"FCLASS_ID":null,"FCLASS_PL":null,"FCLASS_GR":null,"FCLASS_IT":null,"FCLASS_NL":null,"FCLASS_SE":null,"FCLASS_BD":null,"FCLASS_UA":null},"geometry":{"type":"Polygon","coordinates":[[[-16.713729,13.46915899593068],[-15.624596,13.496997974245764],[-15.398770000000003,13.727128943232348],[-15.081735,13.74279089678066],[-14.687031,13.503580910618869],[-14.376714,13.499033161410459],[-14.046991999999998,13.662712877089518],[-13.844963,13.381699173744156],[-14.277702000000001,13.16323772370851],[-14.712196999999998,13.180396108343453],[-15.141163000000002,13.386047773315484],[-15.511813000000002,13.16127565953862],[-15.691001000000002,13.153274364739831],[-15.931296,13.01684228635199],[-16.841525,13.037408987799367],[-16.713729,13.46915899593068]]]}},{"type":"Feature","bbox":[7.524482,30.307556,11.488787,37.349994],"properties":{"featurecla":"Admin-0 country","scalerank":1,"LABELRANK":3,"SOVEREIGNT":"Tunisia","SOV_A3":"TUN","ADM0_DIF":0,"LEVEL":2,"TYPE":"Sovereign country","TLC":"1","ADMIN":"Tunisia","ADM0_A3":"TUN","GEOU_DIF":0,"GEOUNIT":"Tunisia","GU_A3":"TUN","SU_DIF":0,"SUBUNIT":"Tunisia","SU_A3":"TUN","BRK_DIFF":0,"NAME":"Tunisia","NAME_LONG":"Tunisia","BRK_A3":"TUN","BRK_NAME":"Tunisia","BRK_GROUP":null,"ABBREV":"Tun.","POSTAL":"TN","FORMAL_EN":"Republic of Tunisia","FORMAL_FR":null,"NAME_CIAWF":"Tunisia","NOTE_ADM0":null,"NOTE_BRK":null,"NAME_SORT":"Tunisia","NAME_ALT":null,"MAPCOLOR7":4,"MAPCOLOR8":3,"MAPCOLOR9":3,"MAPCOLOR13":2,"POP_EST":11694719,"POP_RANK":14,"POP_YEAR":2019,"GDP_MD":38796,"GDP_YEAR":2019,"ECONOMY":"6. Developing region","INCOME_GRP":"3. Upper middle income","FIPS_10":"TS","ISO_A2":"TN","ISO_A2_EH":"TN","ISO_A3":"TUN","ISO_A3_EH":"TUN","ISO_N3":"788","ISO_N3_EH":"788","UN_A3":"788","WB_A2":"TN","WB_A3":"TUN","WOE_ID":23424967,"WOE_ID_EH":23424967,"WOE_NOTE":"Exact WOE match as country","ADM0_ISO":"TUN","ADM0_DIFF":null,"ADM0_TLC":"TUN","ADM0_A3_US":"TUN","ADM0_A3_FR":"TUN","ADM0_A3_RU":"TUN","ADM0_A3_ES":"TUN","ADM0_A3_CN":"TUN","ADM0_A3_TW":"TUN","ADM0_A3_IN":"TUN","ADM0_A3_NP":"TUN","ADM0_A3_PK":"TUN","ADM0_A3_DE":"TUN","ADM0_A3_GB":"TUN","ADM0_A3_BR":"TUN","ADM0_A3_IL":"TUN","ADM0_A3_PS":"TUN","ADM0_A3_SA":"TUN","ADM0_A3_EG":"TUN","ADM0_A3_MA":"TUN","ADM0_A3_PT":"TUN","ADM0_A3_AR":"TUN","ADM0_A3_JP":"TUN","ADM0_A3_KO":"TUN","ADM0_A3_VN":"TUN","ADM0_A3_TR":"TUN","ADM0_A3_ID":"TUN","ADM0_A3_PL":"TUN","ADM0_A3_GR":"TUN","ADM0_A3_IT":"TUN","ADM0_A3_NL":"TUN","ADM0_A3_SE":"TUN","ADM0_A3_BD":"TUN","ADM0_A3_UA":"TUN","ADM0_A3_UN":-99,"ADM0_A3_WB":-99,"CONTINENT":"Africa","REGION_UN":"Africa","SUBREGION":"Northern Africa","REGION_WB":"Middle East & North Africa","NAME_LEN":7,"LONG_LEN":7,"ABBREV_LEN":4,"TINY":-99,"HOMEPART":1,"MIN_ZOOM":0,"MIN_LABEL":3,"MAX_LABEL":8,"LABEL_X":9.007881,"LABEL_Y":33.687263,"NE_ID":1159321327,"WIKIDATAID":"Q948","NAME_AR":"تونس","NAME_BN":"তিউনিসিয়া","NAME_DE":"Tunesien","NAME_EN":"Tunisia","NAME_ES":"Túnez","NAME_FA":"تونس","NAME_FR":"Tunisie","NAME_EL":"Τυνησία","NAME_HE":"תוניסיה","NAME_HI":"ट्यूनिशिया","NAME_HU":"Tunézia","NAME_ID":"Tunisia","NAME_IT":"Tunisia","NAME_JA":"チュニジア","NAME_KO":"튀니지","NAME_NL":"Tunesië","NAME_PL":"Tunezja","NAME_PT":"Tunísia","NAME_RU":"Тунис","NAME_SV":"Tunisien","NAME_TR":"Tunus","NAME_UK":"Туніс","NAME_UR":"تونس","NAME_VI":"Tuy-ni-di","NAME_ZH":"突尼斯","NAME_ZHT":"突尼西亞","FCLASS_ISO":"Admin-0 country","TLC_DIFF":null,"FCLASS_TLC":"Admin-0 country","FCLASS_US":null,"FCLASS_FR":null,"FCLASS_RU":null,"FCLASS_ES":null,"FCLASS_CN":null,"FCLASS_TW":null,"FCLASS_IN":null,"FCLASS_NP":null,"FCLASS_PK":null,"FCLASS_DE":null,"FCLASS_GB":null,"FCLASS_BR":null,"FCLASS_IL":null,"FCLASS_PS":null,"FCLASS_SA":null,"FCLASS_EG":null,"FCLASS_MA":null,"FCLASS_PT":null,"FCLASS_AR":null,"FCLASS_JP":null,"FCLASS_KO":null,"FCLASS_VN":null,"FCLASS_TR":null,"FCLASS_ID":null,"FCLASS_PL":null,"FCLASS_GR":null,"FCLASS_IT":null,"FCLASS_NL":null,"FCLASS_SE":null,"FCLASS_BD":null,"FCLASS_UA":null},"geometry":{"type":"Polygon","coordinates":[[[9.482140000000001,28.985665502860975],[9.055603,30.543891199107392],[8.439103,30.89085815234453],[8.430473,31.098348757655167],[7.612642,31.607128502434],[7.524482,32.246433746317926],[8.140981,32.71694554888121],[8.376368,33.408123919701396],[8.217824,34.200251517485995],[8.420964,34.623678589188174],[9.509994,34.95510903365847],[10.210002,34.856704471750156],[10.180650000000002,34.440472687930104],[11.028867,34.74346897231288],[11.100026,34.58546164897739],[10.600005,34.18108014912232],[10.593287,33.79755699878638],[10.939519,33.59083592686875],[10.807847,32.86688340391938],[10.149593,32.44361707892453],[10.339658999999997,31.98248396958167],[10.856835999999998,31.96806156893635],[11.108501,31.56387789450661],[11.488787,31.4305662548321],[11.432252999999998,30.772891712496552],[10.944790000000001,30.525909424804897],[10.636901,30.249530930575926],[9.950225,29.91608678145238],[10.056575,29.55639660041686],[9.970017,29.188204344037764],[9.482140000000001,28.985665502860975]]]}},{"type":"Feature","bbox":[-8.6844,19.057364,11.999506,37.118381],"properties":{"featurecla":"Admin-0 country","scalerank":1,"LABELRANK":3,"SOVEREIGNT":"Algeria","SOV_A3":"DZA","ADM0_DIF":0,"LEVEL":2,"TYPE":"Sovereign country","TLC":"1","ADMIN":"Algeria","ADM0_A3":"DZA","GEOU_DIF":0,"GEOUNIT":"Algeria","GU_A3":"DZA","SU_DIF":0,"SUBUNIT":"Algeria","SU_A3":"DZA","BRK_DIFF":0,"NAME":"Algeria","NAME_LONG":"Algeria","BRK_A3":"DZA","BRK_NAME":"Algeria","BRK_GROUP":null,"ABBREV":"Alg.","POSTAL":"DZ","FORMAL_EN":"People's Democratic Republic of Algeria","FORMAL_FR":null,"NAME_CIAWF":"Algeria","NOTE_ADM0":null,"NOTE_BRK":null,"NAME_SORT":"Algeria","NAME_ALT":null,"MAPCOLOR7":5,"MAPCOLOR8":1,"MAPCOLOR9":6,"MAPCOLOR13":3,"POP_EST":43053054,"POP_RANK":15,"POP_YEAR":2019,"GDP_MD":171091,"GDP_YEAR":2019,"ECONOMY":"6. Developing region","INCOME_GRP":"3. Upper middle income","FIPS_10":"AG","ISO_A2":"DZ","ISO_A2_EH":"DZ","ISO_A3":"DZA","ISO_A3_EH":"DZA","ISO_N3":"012","ISO_N3_EH":"012","UN_A3":"012","WB_A2":"DZ","WB_A3":"DZA","WOE_ID":23424740,"WOE_ID_EH":23424740,"WOE_NOTE":"Exact WOE match as country","ADM0_ISO":"DZA","ADM0_DIFF":null,"ADM0_TLC":"DZA","ADM0_A3_US":"DZA","ADM0_A3_FR":"DZA","ADM0_A3_RU":"DZA","ADM0_A3_ES":"DZA","ADM0_A3_CN":"DZA","ADM0_A3_TW":"DZA","ADM0_A3_IN":"DZA","ADM0_A3_NP":"DZA","ADM0_A3_PK":"DZA","ADM0_A3_DE":"DZA","ADM0_A3_GB":"DZA","ADM0_A3_BR":"DZA","ADM0_A3_IL":"DZA","ADM0_A3_PS":"DZA","ADM0_A3_SA":"DZA","ADM0_A3_EG":"DZA","ADM0_A3_MA":"DZA","ADM0_A3_PT":"DZA","ADM0_A3_AR":"DZA","ADM0_A3_JP":"DZA","ADM0_A3_KO":"DZA","ADM0_A3_VN":"DZA","ADM0_A3_TR":"DZA","ADM0_A3_ID":"DZA","ADM0_A3_PL":"DZA","ADM0_A3_GR":"DZA","ADM0_A3_IT":"DZA","ADM0_A3_NL":"DZA","ADM0_A3_SE":"DZA","ADM0_A3_BD":"DZA","ADM0_A3_UA":"DZA","ADM0_A3_UN":-99,"ADM0_A3_WB":-99,"CONTINENT":"Africa","REGION_UN":"Africa","SUBREGION":"Northern Africa","REGION_WB":"Middle East & North Africa","NAME_LEN":7,"LONG_LEN":7,"ABBREV_LEN":4,"TINY":-99,"HOMEPART":1,"MIN_ZOOM":0,"MIN_LABEL":2.5,"MAX_LABEL":7,"LABEL_X":2.808241,"LABEL_Y":27.397406,"NE_ID":1159320565,"WIKIDATAID":"Q262","NAME_AR":"الجزائر","NAME_BN":"আলজেরিয়া","NAME_DE":"Algerien","NAME_EN":"Algeria","NAME_ES":"Argelia","NAME_FA":"الجزایر","NAME_FR":"Algérie","NAME_EL":"Αλγερία","NAME_HE":"אלג'יריה","NAME_HI":"अल्जीरिया","NAME_HU":"Algéria","NAME_ID":"Aljazair","NAME_IT":"Algeria","NAME_JA":"アルジェリア","NAME_KO":"알제리","NAME_NL":"Algerije","NAME_PL":"Algieria","NAME_PT":"Argélia","NAME_RU":"Алжир","NAME_SV":"Algeriet","NAME_TR":"Cezayir","NAME_UK":"Алжир","NAME_UR":"الجزائر","NAME_VI":"Algérie","NAME_ZH":"阿尔及利亚","NAME_ZHT":"阿爾及利亞","FCLASS_ISO":"Admin-0 country","TLC_DIFF":null,"FCLASS_TLC":"Admin-0 country","FCLASS_US":null,"FCLASS_FR":null,"FCLASS_RU":null,"FCLASS_ES":null,"FCLASS_CN":null,"FCLASS_TW":null,"FCLASS_IN":null,"FCLASS_NP":null,"FCLASS_PK":null,"FCLASS_DE":null,"FCLASS_GB":null,"FCLASS_BR":null,"FCLASS_IL":null,"FCLASS_PS":null,"FCLASS_SA":null,"FCLASS_EG":null,"FCLASS_MA":null,"FCLASS_PT":null,"FCLASS_AR":null,"FCLASS_JP":null,"FCLASS_KO":null,"FCLASS_VN":null,"FCLASS_TR":null,"FCLASS_ID":null,"FCLASS_PL":null,"FCLASS_GR":null,"FCLASS_IT":null,"FCLASS_NL":null,"FCLASS_SE":null,"FCLASS_BD":null,"FCLASS_UA":null},"geometry":{"type":"Polygon","coordinates":[[[-8.6844,26.40782618192221],[-8.665124,26.581214458019318],[-8.66559,26.64106956719124],[-8.674116,27.695184541989097],[-7.059228,28.34661409754732],[-6.060632,28.48071852492939],[-5.242129000000001,28.716672966196906],[-4.859646,29.15490448258225],[-3.6904410000000003,29.499944511607428],[-3.6474980000000006,30.142246638580467],[-3.0689800000000003,30.217630203715515],[-2.6166049999999994,30.536703023112963],[-1.307899,30.681761174574454],[-1.1245510000000003,31.015411660564276],[-1.388049,31.19735006532667],[-1.733455,32.096049107025756],[-1.792986,32.60983879141722],[-2.169914,33.14772118517764],[-1.208603,33.60405061405755],[-0.127454,33.748694740137765],[0.503877,34.09108605729809],[1.466919,34.342776922534554],[3.161699,34.4898312622856],[4.815758,34.556675605085985],[5.32012,34.434271431677246],[6.26182,34.75871196495637],[7.330385,34.76505909552551],[7.737078,34.573697785723176],[8.420964,34.623678589188174],[8.217824,34.200251517485995],[8.376368,33.408123919701396],[8.140981,32.71694554888121],[7.524482,32.246433746317926],[7.612642,31.607128502434],[8.430473,31.098348757655167],[8.439103,30.89085815234453],[9.055603,30.543891199107392],[9.482140000000001,28.985665502860975],[9.805634000000001,28.21047371824044],[9.859998,27.800235645500127],[9.683885,27.0761996516236],[9.756128000000002,26.66951940966785],[9.629056,26.179397147397253],[9.716286,25.61378994460527],[9.319411,25.236382796020347],[9.910693,24.575302169630326],[9.948261,24.185013095126163],[10.303847000000001,23.675308946855033],[10.771364,23.84299952588227],[11.560669,23.417335677530478],[11.999506,22.841435139385446],[8.572893,21.073781333263863],[5.677566,19.22968523157358],[4.267419,18.808087844488163],[3.158133,18.715388899475723],[3.146661,19.3168802295218],[2.6835880000000003,19.470302322929474],[2.060991,19.73972487323182],[1.823228,20.18015285994711],[-1.5500549999999997,22.214249640352627],[-4.923337,24.219326469149628],[-8.6844,26.40782618192221]]]}},{"type":"Feature","bbox":[34.922603,29.197495,39.195468,33.378686],"properties":{"featurecla":"Admin-0 country","scalerank":1,"LABELRANK":4,"SOVEREIGNT":"Jordan","SOV_A3":"JOR","ADM0_DIF":0,"LEVEL":2,"TYPE":"Sovereign country","TLC":"1","ADMIN":"Jordan","ADM0_A3":"JOR","GEOU_DIF":0,"GEOUNIT":"Jordan","GU_A3":"JOR","SU_DIF":0,"SUBUNIT":"Jordan","SU_A3":"JOR","BRK_DIFF":0,"NAME":"Jordan","NAME_LONG":"Jordan","BRK_A3":"JOR","BRK_NAME":"Jordan","BRK_GROUP":null,"ABBREV":"Jord.","POSTAL":"J","FORMAL_EN":"Hashemite Kingdom of Jordan","FORMAL_FR":null,"NAME_CIAWF":"Jordan","NOTE_ADM0":null,"NOTE_BRK":null,"NAME_SORT":"Jordan","NAME_ALT":null,"MAPCOLOR7":5,"MAPCOLOR8":3,"MAPCOLOR9":4,"MAPCOLOR13":4,"POP_EST":10101694,"POP_RANK":14,"POP_YEAR":2019,"GDP_MD":44502,"GDP_YEAR":2019,"ECONOMY":"6. Developing region","INCOME_GRP":"3. Upper middle income","FIPS_10":"JO","ISO_A2":"JO","ISO_A2_EH":"JO","ISO_A3":"JOR","ISO_A3_EH":"JOR","ISO_N3":"400","ISO_N3_EH":"400","UN_A3":"400","WB_A2":"JO","WB_A3":"JOR","WOE_ID":23424860,"WOE_ID_EH":23424860,"WOE_NOTE":"Exact WOE match as country","ADM0_ISO":"JOR","ADM0_DIFF":null,"ADM0_TLC":"JOR","ADM0_A3_US":"JOR","ADM0_A3_FR":"JOR","ADM0_A3_RU":"JOR","ADM0_A3_ES":"JOR","ADM0_A3_CN":"JOR","ADM0_A3_TW":"JOR","ADM0_A3_IN":"JOR","ADM0_A3_NP":"JOR","ADM0_A3_PK":"JOR","ADM0_A3_DE":"JOR","ADM0_A3_GB":"JOR","ADM0_A3_BR":"JOR","ADM0_A3_IL":"JOR","ADM0_A3_PS":"JOR","ADM0_A3_SA":"JOR","ADM0_A3_EG":"JOR","ADM0_A3_MA":"JOR","ADM0_A3_PT":"JOR","ADM0_A3_AR":"JOR","ADM0_A3_JP":"JOR","ADM0_A3_KO":"JOR","ADM0_A3_VN":"JOR","ADM0_A3_TR":"JOR","ADM0_A3_ID":"JOR","ADM0_A3_PL":"JOR","ADM0_A3_GR":"JOR","ADM0_A3_IT":"JOR","ADM0_A3_NL":"JOR","ADM0_A3_SE":"JOR","ADM0_A3_BD":"JOR","ADM0_A3_UA":"JOR","ADM0_A3_UN":-99,"ADM0_A3_WB":-99,"CONTINENT":"Asia","REGION_UN":"Asia","SUBREGION":"Western Asia","REGION_WB":"Middle East & North Africa","NAME_LEN":6,"LONG_LEN":6,"ABBREV_LEN":5,"TINY":-99,"HOMEPART":1,"MIN_ZOOM":0,"MIN_LABEL":4,"MAX_LABEL":9,"LABEL_X":36.375991,"LABEL_Y":30.805025,"NE_ID":1159320935,"WIKIDATAID":"Q810","NAME_AR":"الأردن","NAME_BN":"জর্ডান","NAME_DE":"Jordanien","NAME_EN":"Jordan","NAME_ES":"Jordania","NAME_FA":"اردن","NAME_FR":"Jordanie","NAME_EL":"Ιορδανία","NAME_HE":"ירדן","NAME_HI":"जॉर्डन","NAME_HU":"Jordánia","NAME_ID":"Yordania","NAME_IT":"Giordania","NAME_JA":"ヨルダン","NAME_KO":"요르단","NAME_NL":"Jordanië","NAME_PL":"Jordania","NAME_PT":"Jordânia","NAME_RU":"Иордания","NAME_SV":"Jordanien","NAME_TR":"Ürdün","NAME_UK":"Йорданія","NAME_UR":"اردن","NAME_VI":"Jordan","NAME_ZH":"约旦","NAME_ZHT":"約旦","FCLASS_ISO":"Admin-0 country","TLC_DIFF":null,"FCLASS_TLC":"Admin-0 country","FCLASS_US":null,"FCLASS_FR":null,"FCLASS_RU":null,"FCLASS_ES":null,"FCLASS_CN":null,"FCLASS_TW":null,"FCLASS_IN":null,"FCLASS_NP":null,"FCLASS_PK":null,"FCLASS_DE":null,"FCLASS_GB":null,"FCLASS_BR":null,"FCLASS_IL":null,"FCLASS_PS":null,"FCLASS_SA":null,"FCLASS_EG":null,"FCLASS_MA":null,"FCLASS_PT":null,"FCLASS_AR":null,"FCLASS_JP":null,"FCLASS_KO":null,"FCLASS_VN":null,"FCLASS_TR":null,"FCLASS_ID":null,"FCLASS_PL":null,"FCLASS_GR":null,"FCLASS_IT":null,"FCLASS_NL":null,"FCLASS_SE":null,"FCLASS_BD":null,"FCLASS_UA":null},"geometry":{"type":"Polygon","coordinates":[[[35.545665,30.794445817985675],[35.719918,31.06482368695793],[36.834062,30.72479445731483],[38.792341,31.636566644204],[39.195468,30.5941031448305],[39.004886,30.4642153738755],[37.002166,30.0307298482915],[37.998849,29.16128989596373],[37.66812,29.01287423910693],[37.50358200000001,28.719595987618355],[36.740528,28.59806966583229],[36.501214,28.28149027450763],[36.068941,28.010124170049266],[34.956037,28.150460975160918],[34.922603,28.278031101864702],[35.420918,29.676571546493403],[35.397561,30.013995948410578],[35.545252,30.267742436951565],[35.545665,30.794445817985675]]]}},{"type":"Feature","bbox":[51.579519,22.496948,56.396847,26.055464],"properties":{"featurecla":"Admin-0 country","scalerank":1,"LABELRANK":4,"SOVEREIGNT":"United Arab Emirates","SOV_A3":"ARE","ADM0_DIF":0,"LEVEL":2,"TYPE":"Sovereign country","TLC":"1","ADMIN":"United Arab Emirates","ADM0_A3":"ARE","GEOU_DIF":0,"GEOUNIT":"United Arab Emirates","GU_A3":"ARE","SU_DIF":0,"SUBUNIT":"United Arab Emirates","SU_A3":"ARE","BRK_DIFF":0,"NAME":"United Arab Emirates","NAME_LONG":"United Arab Emirates","BRK_A3":"ARE","BRK_NAME":"United Arab Emirates","BRK_GROUP":null,"ABBREV":"U.A.E.","POSTAL":"AE","FORMAL_EN":"United Arab Emirates","FORMAL_FR":null,"NAME_CIAWF":"United Arab Emirates","NOTE_ADM0":null,"NOTE_BRK":null,"NAME_SORT":"United Arab Emirates","NAME_ALT":null,"MAPCOLOR7":2,"MAPCOLOR8":1,"MAPCOLOR9":3,"MAPCOLOR13":3,"POP_EST":9770529,"POP_RANK":13,"POP_YEAR":2019,"GDP_MD":421142,"GDP_YEAR":2019,"ECONOMY":"6. Developing region","INCOME_GRP":"2. High income: nonOECD","FIPS_10":"AE","ISO_A2":"AE","ISO_A2_EH":"AE","ISO_A3":"ARE","ISO_A3_EH":"ARE","ISO_N3":"784","ISO_N3_EH":"784","UN_A3":"784","WB_A2":"AE","WB_A3":"ARE","WOE_ID":23424738,"WOE_ID_EH":23424738,"WOE_NOTE":"Exact WOE match as country","ADM0_ISO":"ARE","ADM0_DIFF":null,"ADM0_TLC":"ARE","ADM0_A3_US":"ARE","ADM0_A3_FR":"ARE","ADM0_A3_RU":"ARE","ADM0_A3_ES":"ARE","ADM0_A3_CN":"ARE","ADM0_A3_TW":"ARE","ADM0_A3_IN":"ARE","ADM0_A3_NP":"ARE","ADM0_A3_PK":"ARE","ADM0_A3_DE":"ARE","ADM0_A3_GB":"ARE","ADM0_A3_BR":"ARE","ADM0_A3_IL":"ARE","ADM0_A3_PS":"ARE","ADM0_A3_SA":"ARE","ADM0_A3_EG":"ARE","ADM0_A3_MA":"ARE","ADM0_A3_PT":"ARE","ADM0_A3_AR":"ARE","ADM0_A3_JP":"ARE","ADM0_A3_KO":"ARE","ADM0_A3_VN":"ARE","ADM0_A3_TR":"ARE","ADM0_A3_ID":"ARE","ADM0_A3_PL":"ARE","ADM0_A3_GR":"ARE","ADM0_A3_IT":"ARE","ADM0_A3_NL":"ARE","ADM0_A3_SE":"ARE","ADM0_A3_BD":"ARE","ADM0_A3_UA":"ARE","ADM0_A3_UN":-99,"ADM0_A3_WB":-99,"CONTINENT":"Asia","REGION_UN":"Asia","SUBREGION":"Western Asia","REGION_WB":"Middle East & North Africa","NAME_LEN":20,"LONG_LEN":20,"ABBREV_LEN":6,"TINY":-99,"HOMEPART":1,"MIN_ZOOM":0,"MIN_LABEL":4,"MAX_LABEL":9,"LABEL_X":54.547256,"LABEL_Y":23.466285,"NE_ID":1159320329,"WIKIDATAID":"Q878","NAME_AR":"الإمارات العربية المتحدة","NAME_BN":"সংযুক্ত আরব আমিরাত","NAME_DE":"Vereinigte Arabische Emirate","NAME_EN":"United Arab Emirates","NAME_ES":"Emiratos Árabes Unidos","NAME_FA":"امارات متحده عربی","NAME_FR":"Émirats arabes unis","NAME_EL":"Ηνωμένα Αραβικά Εμιράτα","NAME_HE":"איחוד האמירויות הערביות","NAME_HI":"संयुक्त अरब अमीरात","NAME_HU":"Egyesült Arab Emírségek","NAME_ID":"Uni Emirat Arab","NAME_IT":"Emirati Arabi Uniti","NAME_JA":"アラブ首長国連邦","NAME_KO":"아랍에미리트","NAME_NL":"Verenigde Arabische Emiraten","NAME_PL":"Zjednoczone Emiraty Arabskie","NAME_PT":"Emirados Árabes Unidos","NAME_RU":"Объединённые Арабские Эмираты","NAME_SV":"Förenade Arabemiraten","NAME_TR":"Birleşik Arap Emirlikleri","NAME_UK":"Об'єднані Арабські Емірати","NAME_UR":"متحدہ عرب امارات","NAME_VI":"Các Tiểu vương quốc Ả Rập Thống nhất","NAME_ZH":"阿拉伯联合酋长国","NAME_ZHT":"阿拉伯聯合大公國","FCLASS_ISO":"Admin-0 country","TLC_DIFF":null,"FCLASS_TLC":"Admin-0 country","FCLASS_US":null,"FCLASS_FR":null,"FCLASS_RU":null,"FCLASS_ES":null,"FCLASS_CN":null,"FCLASS_TW":null,"FCLASS_IN":null,"FCLASS_NP":null,"FCLASS_PK":null,"FCLASS_DE":null,"FCLASS_GB":null,"FCLASS_BR":null,"FCLASS_IL":null,"FCLASS_PS":null,"FCLASS_SA":null,"FCLASS_EG":null,"FCLASS_MA":null,"FCLASS_PT":null,"FCLASS_AR":null,"FCLASS_JP":null,"FCLASS_KO":null,"FCLASS_VN":null,"FCLASS_TR":null,"FCLASS_ID":null,"FCLASS_PL":null,"FCLASS_GR":null,"FCLASS_IT":null,"FCLASS_NL":null,"FCLASS_SE":null,"FCLASS_BD":null,"FCLASS_UA":null},"geometry":{"type":"Polygon","coordinates":[[[51.579519,23.552698081501795],[51.757441,23.59721981109847],[51.794389,23.34566464048148],[52.577081,23.490294997410032],[53.40400700000001,23.46633561392017],[54.008001,23.439218530254752],[54.693024,24.058093954829825],[55.439024999999994,24.64229906051388],[56.070821,25.201225745031124],[56.261042,24.892421849701794],[56.39684700000001,24.17386336583883],[55.88623299999999,24.170304406557612],[55.804119,23.57479493994755],[55.981213999999994,23.447278368783397],[55.528632,23.26647797956034],[55.525841,22.890455417919842],[55.234489,22.508638734788406],[55.20834099999999,22.13615164168736],[55.006803,21.940214605049757],[52.000733,22.407129878958564],[51.617708,23.340516581045232],[51.579519,23.552698081501795]]]}},{"type":"Feature","bbox":[50.743911,24.556331,51.6067,26.114582],"properties":{"featurecla":"Admin-0 country","scalerank":1,"LABELRANK":5,"SOVEREIGNT":"Qatar","SOV_A3":"QAT","ADM0_DIF":0,"LEVEL":2,"TYPE":"Sovereign country","TLC":"1","ADMIN":"Qatar","ADM0_A3":"QAT","GEOU_DIF":0,"GEOUNIT":"Qatar","GU_A3":"QAT","SU_DIF":0,"SUBUNIT":"Qatar","SU_A3":"QAT","BRK_DIFF":0,"NAME":"Qatar","NAME_LONG":"Qatar","BRK_A3":"QAT","BRK_NAME":"Qatar","BRK_GROUP":null,"ABBREV":"Qatar","POSTAL":"QA","FORMAL_EN":"State of Qatar","FORMAL_FR":null,"NAME_CIAWF":"Qatar","NOTE_ADM0":null,"NOTE_BRK":null,"NAME_SORT":"Qatar","NAME_ALT":null,"MAPCOLOR7":3,"MAPCOLOR8":6,"MAPCOLOR9":2,"MAPCOLOR13":4,"POP_EST":2832067,"POP_RANK":12,"POP_YEAR":2019,"GDP_MD":175837,"GDP_YEAR":2019,"ECONOMY":"6. Developing region","INCOME_GRP":"2. High income: nonOECD","FIPS_10":"QA","ISO_A2":"QA","ISO_A2_EH":"QA","ISO_A3":"QAT","ISO_A3_EH":"QAT","ISO_N3":"634","ISO_N3_EH":"634","UN_A3":"634","WB_A2":"QA","WB_A3":"QAT","WOE_ID":23424930,"WOE_ID_EH":23424930,"WOE_NOTE":"Exact WOE match as country","ADM0_ISO":"QAT","ADM0_DIFF":null,"ADM0_TLC":"QAT","ADM0_A3_US":"QAT","ADM0_A3_FR":"QAT","ADM0_A3_RU":"QAT","ADM0_A3_ES":"QAT","ADM0_A3_CN":"QAT","ADM0_A3_TW":"QAT","ADM0_A3_IN":"QAT","ADM0_A3_NP":"QAT","ADM0_A3_PK":"QAT","ADM0_A3_DE":"QAT","ADM0_A3_GB":"QAT","ADM0_A3_BR":"QAT","ADM0_A3_IL":"QAT","ADM0_A3_PS":"QAT","ADM0_A3_SA":"QAT","ADM0_A3_EG":"QAT","ADM0_A3_MA":"QAT","ADM0_A3_PT":"QAT","ADM0_A3_AR":"QAT","ADM0_A3_JP":"QAT","ADM0_A3_KO":"QAT","ADM0_A3_VN":"QAT","ADM0_A3_TR":"QAT","ADM0_A3_ID":"QAT","ADM0_A3_PL":"QAT","ADM0_A3_GR":"QAT","ADM0_A3_IT":"QAT","ADM0_A3_NL":"QAT","ADM0_A3_SE":"QAT","ADM0_A3_BD":"QAT","ADM0_A3_UA":"QAT","ADM0_A3_UN":-99,"ADM0_A3_WB":-99,"CONTINENT":"Asia","REGION_UN":"Asia","SUBREGION":"Western Asia","REGION_WB":"Middle East & North Africa","NAME_LEN":5,"LONG_LEN":5,"ABBREV_LEN":5,"TINY":-99,"HOMEPART":1,"MIN_ZOOM":0,"MIN_LABEL":4,"MAX_LABEL":9,"LABEL_X":51.143509,"LABEL_Y":25.237383,"NE_ID":1159321197,"WIKIDATAID":"Q846","NAME_AR":"قطر","NAME_BN":"কাতার","NAME_DE":"Katar","NAME_EN":"Qatar","NAME_ES":"Catar","NAME_FA":"قطر","NAME_FR":"Qatar","NAME_EL":"Κατάρ","NAME_HE":"קטר","NAME_HI":"क़तर","NAME_HU":"Katar","NAME_ID":"Qatar","NAME_IT":"Qatar","NAME_JA":"カタール","NAME_KO":"카타르","NAME_NL":"Qatar","NAME_PL":"Katar","NAME_PT":"Catar","NAME_RU":"Катар","NAME_SV":"Qatar","NAME_TR":"Katar","NAME_UK":"Катар","NAME_UR":"قطر","NAME_VI":"Qatar","NAME_ZH":"卡塔尔","NAME_ZHT":"卡達","FCLASS_ISO":"Admin-0 country","TLC_DIFF":null,"FCLASS_TLC":"Admin-0 country","FCLASS_US":null,"FCLASS_FR":null,"FCLASS_RU":null,"FCLASS_ES":null,"FCLASS_CN":null,"FCLASS_TW":null,"FCLASS_IN":null,"FCLASS_NP":null,"FCLASS_PK":null,"FCLASS_DE":null,"FCLASS_GB":null,"FCLASS_BR":null,"FCLASS_IL":null,"FCLASS_PS":null,"FCLASS_SA":null,"FCLASS_EG":null,"FCLASS_MA":null,"FCLASS_PT":null,"FCLASS_AR":null,"FCLASS_JP":null,"FCLASS_KO":null,"FCLASS_VN":null,"FCLASS_TR":null,"FCLASS_ID":null,"FCLASS_PL":null,"FCLASS_GR":null,"FCLASS_IT":null,"FCLASS_NL":null,"FCLASS_SE":null,"FCLASS_BD":null,"FCLASS_UA":null},"geometry":{"type":"Polygon","coordinates":[[[50.810108,24.018687151227926],[50.743911,24.681630381641472],[51.013352,25.157359513601673],[51.286462,25.254705015774775],[51.589079000000005,24.97086736923733],[51.606700000000004,24.439011425967035],[51.389608,23.902305082731054],[51.112415000000006,23.83732761651678],[50.810108,24.018687151227926]]]}},{"type":"Feature","bbox":[46.568713,28.526063,48.416094,30.05907],"properties":{"featurecla":"Admin-0 country","scalerank":1,"LABELRANK":6,"SOVEREIGNT":"Kuwait","SOV_A3":"KWT","ADM0_DIF":0,"LEVEL":2,"TYPE":"Sovereign country","TLC":"1","ADMIN":"Kuwait","ADM0_A3":"KWT","GEOU_DIF":0,"GEOUNIT":"Kuwait","GU_A3":"KWT","SU_DIF":0,"SUBUNIT":"Kuwait","SU_A3":"KWT","BRK_DIFF":0,"NAME":"Kuwait","NAME_LONG":"Kuwait","BRK_A3":"KWT","BRK_NAME":"Kuwait","BRK_GROUP":null,"ABBREV":"Kwt.","POSTAL":"KW","FORMAL_EN":"State of Kuwait","FORMAL_FR":null,"NAME_CIAWF":"Kuwait","NOTE_ADM0":null,"NOTE_BRK":null,"NAME_SORT":"Kuwait","NAME_ALT":null,"MAPCOLOR7":2,"MAPCOLOR8":2,"MAPCOLOR9":2,"MAPCOLOR13":2,"POP_EST":4207083,"POP_RANK":12,"POP_YEAR":2019,"GDP_MD":134628,"GDP_YEAR":2019,"ECONOMY":"6. Developing region","INCOME_GRP":"2. High income: nonOECD","FIPS_10":"KU","ISO_A2":"KW","ISO_A2_EH":"KW","ISO_A3":"KWT","ISO_A3_EH":"KWT","ISO_N3":"414","ISO_N3_EH":"414","UN_A3":"414","WB_A2":"KW","WB_A3":"KWT","WOE_ID":23424870,"WOE_ID_EH":23424870,"WOE_NOTE":"Exact WOE match as country","ADM0_ISO":"KWT","ADM0_DIFF":null,"ADM0_TLC":"KWT","ADM0_A3_US":"KWT","ADM0_A3_FR":"KWT","ADM0_A3_RU":"KWT","ADM0_A3_ES":"KWT","ADM0_A3_CN":"KWT","ADM0_A3_TW":"KWT","ADM0_A3_IN":"KWT","ADM0_A3_NP":"KWT","ADM0_A3_PK":"KWT","ADM0_A3_DE":"KWT","ADM0_A3_GB":"KWT","ADM0_A3_BR":"KWT","ADM0_A3_IL":"KWT","ADM0_A3_PS":"KWT","ADM0_A3_SA":"KWT","ADM0_A3_EG":"KWT","ADM0_A3_MA":"KWT","ADM0_A3_PT":"KWT","ADM0_A3_AR":"KWT","ADM0_A3_JP":"KWT","ADM0_A3_KO":"KWT","ADM0_A3_VN":"KWT","ADM0_A3_TR":"KWT","ADM0_A3_ID":"KWT","ADM0_A3_PL":"KWT","ADM0_A3_GR":"KWT","ADM0_A3_IT":"KWT","ADM0_A3_NL":"KWT","ADM0_A3_SE":"KWT","ADM0_A3_BD":"KWT","ADM0_A3_UA":"KWT","ADM0_A3_UN":-99,"ADM0_A3_WB":-99,"CONTINENT":"Asia","REGION_UN":"Asia","SUBREGION":"Western Asia","REGION_WB":"Middle East & North Africa","NAME_LEN":6,"LONG_LEN":6,"ABBREV_LEN":4,"TINY":-99,"HOMEPART":1,"MIN_ZOOM":0,"MIN_LABEL":5,"MAX_LABEL":10,"LABEL_X":47.313999,"LABEL_Y":29.413628,"NE_ID":1159321009,"WIKIDATAID":"Q817","NAME_AR":"الكويت","NAME_BN":"কুয়েত","NAME_DE":"Kuwait","NAME_EN":"Kuwait","NAME_ES":"Kuwait","NAME_FA":"کویت","NAME_FR":"Koweït","NAME_EL":"Κουβέιτ","NAME_HE":"כווית","NAME_HI":"कुवैत","NAME_HU":"Kuvait","NAME_ID":"Kuwait","NAME_IT":"Kuwait","NAME_JA":"クウェート","NAME_KO":"쿠웨이트","NAME_NL":"Koeweit","NAME_PL":"Kuwejt","NAME_PT":"Kuwait","NAME_RU":"Кувейт","NAME_SV":"Kuwait","NAME_TR":"Kuveyt","NAME_UK":"Кувейт","NAME_UR":"کویت","NAME_VI":"Kuwait","NAME_ZH":"科威特","NAME_ZHT":"科威特","FCLASS_ISO":"Admin-0 country","TLC_DIFF":null,"FCLASS_TLC":"Admin-0 country","FCLASS_US":null,"FCLASS_FR":null,"FCLASS_RU":null,"FCLASS_ES":null,"FCLASS_CN":null,"FCLASS_TW":null,"FCLASS_IN":null,"FCLASS_NP":null,"FCLASS_PK":null,"FCLASS_DE":null,"FCLASS_GB":null,"FCLASS_BR":null,"FCLASS_IL":null,"FCLASS_PS":null,"FCLASS_SA":null,"FCLASS_EG":null,"FCLASS_MA":null,"FCLASS_PT":null,"FCLASS_AR":null,"FCLASS_JP":null,"FCLASS_KO":null,"FCLASS_VN":null,"FCLASS_TR":null,"FCLASS_ID":null,"FCLASS_PL":null,"FCLASS_GR":null,"FCLASS_IT":null,"FCLASS_NL":null,"FCLASS_SE":null,"FCLASS_BD":null,"FCLASS_UA":null},"geometry":{"type":"Polygon","coordinates":[[[47.974519,28.6950753317196],[48.183189,28.307221828465348],[48.09394300000001,28.106140506691965],[48.416094,27.43874223464935],[47.708851,27.415717092104867],[47.459822,27.837849394425106],[46.568712999999995,27.923153431030634],[47.30262199999999,28.768076575351976],[47.974519,28.6950753317196]]]}},{"type":"Feature","bbox":[38.792341,29.099025,48.567971,37.385264],"properties":{"featurecla":"Admin-0 country","scalerank":1,"LABELRANK":3,"SOVEREIGNT":"Iraq","SOV_A3":"IRQ","ADM0_DIF":0,"LEVEL":2,"TYPE":"Sovereign country","TLC":"1","ADMIN":"Iraq","ADM0_A3":"IRQ","GEOU_DIF":0,"GEOUNIT":"Iraq","GU_A3":"IRQ","SU_DIF":0,"SUBUNIT":"Iraq","SU_A3":"IRQ","BRK_DIFF":0,"NAME":"Iraq","NAME_LONG":"Iraq","BRK_A3":"IRQ","BRK_NAME":"Iraq","BRK_GROUP":null,"ABBREV":"Iraq","POSTAL":"IRQ","FORMAL_EN":"Republic of Iraq","FORMAL_FR":null,"NAME_CIAWF":"Iraq","NOTE_ADM0":null,"NOTE_BRK":null,"NAME_SORT":"Iraq","NAME_ALT":null,"MAPCOLOR7":1,"MAPCOLOR8":4,"MAPCOLOR9":3,"MAPCOLOR13":1,"POP_EST":39309783,"POP_RANK":15,"POP_YEAR":2019,"GDP_MD":234094,"GDP_YEAR":2019,"ECONOMY":"6. Developing region","INCOME_GRP":"4. Lower middle income","FIPS_10":"IZ","ISO_A2":"IQ","ISO_A2_EH":"IQ","ISO_A3":"IRQ","ISO_A3_EH":"IRQ","ISO_N3":"368","ISO_N3_EH":"368","UN_A3":"368","WB_A2":"IQ","WB_A3":"IRQ","WOE_ID":23424855,"WOE_ID_EH":23424855,"WOE_NOTE":"Exact WOE match as country","ADM0_ISO":"IRQ","ADM0_DIFF":null,"ADM0_TLC":"IRQ","ADM0_A3_US":"IRQ","ADM0_A3_FR":"IRQ","ADM0_A3_RU":"IRQ","ADM0_A3_ES":"IRQ","ADM0_A3_CN":"IRQ","ADM0_A3_TW":"IRQ","ADM0_A3_IN":"IRQ","ADM0_A3_NP":"IRQ","ADM0_A3_PK":"IRQ","ADM0_A3_DE":"IRQ","ADM0_A3_GB":"IRQ","ADM0_A3_BR":"IRQ","ADM0_A3_IL":"IRQ","ADM0_A3_PS":"IRQ","ADM0_A3_SA":"IRQ","ADM0_A3_EG":"IRQ","ADM0_A3_MA":"IRQ","ADM0_A3_PT":"IRQ","ADM0_A3_AR":"IRQ","ADM0_A3_JP":"IRQ","ADM0_A3_KO":"IRQ","ADM0_A3_VN":"IRQ","ADM0_A3_TR":"IRQ","ADM0_A3_ID":"IRQ","ADM0_A3_PL":"IRQ","ADM0_A3_GR":"IRQ","ADM0_A3_IT":"IRQ","ADM0_A3_NL":"IRQ","ADM0_A3_SE":"IRQ","ADM0_A3_BD":"IRQ","ADM0_A3_UA":"IRQ","ADM0_A3_UN":-99,"ADM0_A3_WB":-99,"CONTINENT":"Asia","REGION_UN":"Asia","SUBREGION":"Western Asia","REGION_WB":"Middle East & North Africa","NAME_LEN":4,"LONG_LEN":4,"ABBREV_LEN":4,"TINY":-99,"HOMEPART":1,"MIN_ZOOM":0,"MIN_LABEL":3,"MAX_LABEL":7.5,"LABEL_X":43.26181,"LABEL_Y":33.09403,"NE_ID":1159320887,"WIKIDATAID":"Q796","NAME_AR":"العراق","NAME_BN":"ইরাক","NAME_DE":"Irak","NAME_EN":"Iraq","NAME_ES":"Irak","NAME_FA":"عراق","NAME_FR":"Irak","NAME_EL":"Ιράκ","NAME_HE":"עיראק","NAME_HI":"इराक","NAME_HU":"Irak","NAME_ID":"Irak","NAME_IT":"Iraq","NAME_JA":"イラク","NAME_KO":"이라크","NAME_NL":"Irak","NAME_PL":"Irak","NAME_PT":"Iraque","NAME_RU":"Ирак","NAME_SV":"Irak","NAME_TR":"Irak","NAME_UK":"Ірак","NAME_UR":"عراق","NAME_VI":"Iraq","NAME_ZH":"伊拉克","NAME_ZHT":"伊拉克","FCLASS_ISO":"Admin-0 country","TLC_DIFF":null,"FCLASS_TLC":"Admin-0 country","FCLASS_US":null,"FCLASS_FR":null,"FCLASS_RU":null,"FCLASS_ES":null,"FCLASS_CN":null,"FCLASS_TW":null,"FCLASS_IN":null,"FCLASS_NP":null,"FCLASS_PK":null,"FCLASS_DE":null,"FCLASS_GB":null,"FCLASS_BR":null,"FCLASS_IL":null,"FCLASS_PS":null,"FCLASS_SA":null,"FCLASS_EG":null,"FCLASS_MA":null,"FCLASS_PT":null,"FCLASS_AR":null,"FCLASS_JP":null,"FCLASS_KO":null,"FCLASS_VN":null,"FCLASS_TR":null,"FCLASS_ID":null,"FCLASS_PL":null,"FCLASS_GR":null,"FCLASS_IT":null,"FCLASS_NL":null,"FCLASS_SE":null,"FCLASS_BD":null,"FCLASS_UA":null},"geometry":{"type":"Polygon","coordinates":[[[39.195468,30.5941031448305],[38.792341,31.636566644204],[41.006159,32.518356501052295],[41.383964999999996,33.531949548883134],[41.289707,34.13872590804107],[41.837064,34.3429478375691],[42.349591,34.85659861634819],[42.77912599999999,34.98401126930315],[43.942259,34.87822229209052],[44.293452,34.6689973868173],[44.772677,34.80781186909655],[45.420618,33.822568351539765],[46.07634,33.57284020700626],[46.15178800000001,33.08478916352417],[45.64846,32.795150127177216],[45.416691,32.13677564195548],[46.109362,31.328366220525666],[47.334661,30.858989860969345],[47.84920399999999,30.204389266493376],[47.685286000000005,29.57642077596473],[48.004698,29.576667769931596],[48.014568,29.11233860438679],[48.567971,28.652048345859207],[47.974519,28.6950753317196],[47.30262199999999,28.768076575351976],[46.568712999999995,27.923153431030634],[44.709499,27.993698104458698],[41.889981,29.754686702007053],[40.399994,30.360532833402203],[39.195468,30.5941031448305]]]}},{"type":"Feature","bbox":[52.00001,16.651051,59.80806,26.395934],"properties":{"featurecla":"Admin-0 country","scalerank":1,"LABELRANK":4,"SOVEREIGNT":"Oman","SOV_A3":"OMN","ADM0_DIF":0,"LEVEL":2,"TYPE":"Sovereign country","TLC":"1","ADMIN":"Oman","ADM0_A3":"OMN","GEOU_DIF":0,"GEOUNIT":"Oman","GU_A3":"OMN","SU_DIF":0,"SUBUNIT":"Oman","SU_A3":"OMN","BRK_DIFF":0,"NAME":"Oman","NAME_LONG":"Oman","BRK_A3":"OMN","BRK_NAME":"Oman","BRK_GROUP":null,"ABBREV":"Oman","POSTAL":"OM","FORMAL_EN":"Sultanate of Oman","FORMAL_FR":null,"NAME_CIAWF":"Oman","NOTE_ADM0":null,"NOTE_BRK":null,"NAME_SORT":"Oman","NAME_ALT":null,"MAPCOLOR7":1,"MAPCOLOR8":4,"MAPCOLOR9":1,"MAPCOLOR13":6,"POP_EST":4974986,"POP_RANK":12,"POP_YEAR":2019,"GDP_MD":76331,"GDP_YEAR":2019,"ECONOMY":"6. Developing region","INCOME_GRP":"2. High income: nonOECD","FIPS_10":"MU","ISO_A2":"OM","ISO_A2_EH":"OM","ISO_A3":"OMN","ISO_A3_EH":"OMN","ISO_N3":"512","ISO_N3_EH":"512","UN_A3":"512","WB_A2":"OM","WB_A3":"OMN","WOE_ID":23424898,"WOE_ID_EH":23424898,"WOE_NOTE":"Exact WOE match as country","ADM0_ISO":"OMN","ADM0_DIFF":null,"ADM0_TLC":"OMN","ADM0_A3_US":"OMN","ADM0_A3_FR":"OMN","ADM0_A3_RU":"OMN","ADM0_A3_ES":"OMN","ADM0_A3_CN":"OMN","ADM0_A3_TW":"OMN","ADM0_A3_IN":"OMN","ADM0_A3_NP":"OMN","ADM0_A3_PK":"OMN","ADM0_A3_DE":"OMN","ADM0_A3_GB":"OMN","ADM0_A3_BR":"OMN","ADM0_A3_IL":"OMN","ADM0_A3_PS":"OMN","ADM0_A3_SA":"OMN","ADM0_A3_EG":"OMN","ADM0_A3_MA":"OMN","ADM0_A3_PT":"OMN","ADM0_A3_AR":"OMN","ADM0_A3_JP":"OMN","ADM0_A3_KO":"OMN","ADM0_A3_VN":"OMN","ADM0_A3_TR":"OMN","ADM0_A3_ID":"OMN","ADM0_A3_PL":"OMN","ADM0_A3_GR":"OMN","ADM0_A3_IT":"OMN","ADM0_A3_NL":"OMN","ADM0_A3_SE":"OMN","ADM0_A3_BD":"OMN","ADM0_A3_UA":"OMN","ADM0_A3_UN":-99,"ADM0_A3_WB":-99,"CONTINENT":"Asia","REGION_UN":"Asia","SUBREGION":"Western Asia","REGION_WB":"Middle East & North Africa","NAME_LEN":4,"LONG_LEN":4,"ABBREV_LEN":4,"TINY":-99,"HOMEPART":1,"MIN_ZOOM":0,"MIN_LABEL":4,"MAX_LABEL":9,"LABEL_X":57.336553,"LABEL_Y":22.120427,"NE_ID":1159321151,"WIKIDATAID":"Q842","NAME_AR":"سلطنة عمان","NAME_BN":"ওমান","NAME_DE":"Oman","NAME_EN":"Oman","NAME_ES":"Omán","NAME_FA":"عمان","NAME_FR":"Oman","NAME_EL":"Ομάν","NAME_HE":"עומאן","NAME_HI":"ओमान","NAME_HU":"Omán","NAME_ID":"Oman","NAME_IT":"Oman","NAME_JA":"オマーン","NAME_KO":"오만","NAME_NL":"Oman","NAME_PL":"Oman","NAME_PT":"Omã","NAME_RU":"Оман","NAME_SV":"Oman","NAME_TR":"Umman","NAME_UK":"Оман","NAME_UR":"عمان","NAME_VI":"Oman","NAME_ZH":"阿曼","NAME_ZHT":"阿曼","FCLASS_ISO":"Admin-0 country","TLC_DIFF":null,"FCLASS_TLC":"Admin-0 country","FCLASS_US":null,"FCLASS_FR":null,"FCLASS_RU":null,"FCLASS_ES":null,"FCLASS_CN":null,"FCLASS_TW":null,"FCLASS_IN":null,"FCLASS_NP":null,"FCLASS_PK":null,"FCLASS_DE":null,"FCLASS_GB":null,"FCLASS_BR":null,"FCLASS_IL":null,"FCLASS_PS":null,"FCLASS_SA":null,"FCLASS_EG":null,"FCLASS_MA":null,"FCLASS_PT":null,"FCLASS_AR":null,"FCLASS_JP":null,"FCLASS_KO":null,"FCLASS_VN":null,"FCLASS_TR":null,"FCLASS_ID":null,"FCLASS_PL":null,"FCLASS_GR":null,"FCLASS_IT":null,"FCLASS_NL":null,"FCLASS_SE":null,"FCLASS_BD":null,"FCLASS_UA":null},"geometry":{"type":"MultiPolygon","coordinates":[[[[55.20834099999999,22.13615164168736],[55.234489,22.508638734788406],[55.525841,22.890455417919842],[55.528632,23.26647797956034],[55.981213999999994,23.447278368783397],[55.804119,23.57479493994755],[55.88623299999999,24.170304406557612],[56.39684700000001,24.17386336583883],[56.84514,23.549192600975996],[57.40345299999999,23.21593194464685],[58.136948000000004,23.095795378112992],[58.72921099999999,22.92803629797853],[59.180502,22.39903195975145],[59.450098,22.091627988255954],[59.80806,21.97421911945313],[59.80614800000001,21.767188543225657],[59.442191,21.21263895172112],[59.282408,20.95076892330555],[58.86114100000001,20.651766946687264],[58.487986,20.009398308958485],[58.034318000000006,20.058675459050043],[57.826373,19.834544136118012],[57.665762,19.356912889419515],[57.788700000000006,18.725054972074457],[57.69439100000001,18.608657975427263],[57.234264,18.611767416996077],[56.60965100000001,18.25722145424542],[56.512189,17.793979305722928],[56.283521,17.592916698713974],[55.661492,17.600600506559214],[55.269939,17.36041091829876],[55.2749,16.974454481150207],[54.791002,16.70870661333682],[54.239253000000005,16.798988435609296],[53.570508,16.475792443603964],[53.108573,16.421497353396404],[52.78218400000001,17.090518237788796],[52.000009999999996,18.661052193439552],[54.999982,19.605788299131383],[55.666659,21.47851664744652],[55.20834099999999,22.13615164168736]]],[[[56.261042,24.892421849701794],[56.070821,25.201225745031124],[56.362017,25.50889822309433],[56.485679,25.430519639378154],[56.39142100000001,25.056846327954336],[56.261042,24.892421849701794]]]]}},{"type":"Feature","bbox":[166.629137,-16.59785,167.844877,-14.626497],"properties":{"featurecla":"Admin-0 country","scalerank":1,"LABELRANK":4,"SOVEREIGNT":"Vanuatu","SOV_A3":"VUT","ADM0_DIF":0,"LEVEL":2,"TYPE":"Sovereign country","TLC":"1","ADMIN":"Vanuatu","ADM0_A3":"VUT","GEOU_DIF":0,"GEOUNIT":"Vanuatu","GU_A3":"VUT","SU_DIF":0,"SUBUNIT":"Vanuatu","SU_A3":"VUT","BRK_DIFF":0,"NAME":"Vanuatu","NAME_LONG":"Vanuatu","BRK_A3":"VUT","BRK_NAME":"Vanuatu","BRK_GROUP":null,"ABBREV":"Van.","POSTAL":"VU","FORMAL_EN":"Republic of Vanuatu","FORMAL_FR":null,"NAME_CIAWF":"Vanuatu","NOTE_ADM0":null,"NOTE_BRK":null,"NAME_SORT":"Vanuatu","NAME_ALT":null,"MAPCOLOR7":6,"MAPCOLOR8":3,"MAPCOLOR9":7,"MAPCOLOR13":3,"POP_EST":299882,"POP_RANK":10,"POP_YEAR":2019,"GDP_MD":934,"GDP_YEAR":2019,"ECONOMY":"7. Least developed region","INCOME_GRP":"4. Lower middle income","FIPS_10":"NH","ISO_A2":"VU","ISO_A2_EH":"VU","ISO_A3":"VUT","ISO_A3_EH":"VUT","ISO_N3":"548","ISO_N3_EH":"548","UN_A3":"548","WB_A2":"VU","WB_A3":"VUT","WOE_ID":23424907,"WOE_ID_EH":23424907,"WOE_NOTE":"Exact WOE match as country","ADM0_ISO":"VUT","ADM0_DIFF":null,"ADM0_TLC":"VUT","ADM0_A3_US":"VUT","ADM0_A3_FR":"VUT","ADM0_A3_RU":"VUT","ADM0_A3_ES":"VUT","ADM0_A3_CN":"VUT","ADM0_A3_TW":"VUT","ADM0_A3_IN":"VUT","ADM0_A3_NP":"VUT","ADM0_A3_PK":"VUT","ADM0_A3_DE":"VUT","ADM0_A3_GB":"VUT","ADM0_A3_BR":"VUT","ADM0_A3_IL":"VUT","ADM0_A3_PS":"VUT","ADM0_A3_SA":"VUT","ADM0_A3_EG":"VUT","ADM0_A3_MA":"VUT","ADM0_A3_PT":"VUT","ADM0_A3_AR":"VUT","ADM0_A3_JP":"VUT","ADM0_A3_KO":"VUT","ADM0_A3_VN":"VUT","ADM0_A3_TR":"VUT","ADM0_A3_ID":"VUT","ADM0_A3_PL":"VUT","ADM0_A3_GR":"VUT","ADM0_A3_IT":"VUT","ADM0_A3_NL":"VUT","ADM0_A3_SE":"VUT","ADM0_A3_BD":"VUT","ADM0_A3_UA":"VUT","ADM0_A3_UN":-99,"ADM0_A3_WB":-99,"CONTINENT":"Oceania","REGION_UN":"Oceania","SUBREGION":"Melanesia","REGION_WB":"East Asia & Pacific","NAME_LEN":7,"LONG_LEN":7,"ABBREV_LEN":4,"TINY":2,"HOMEPART":1,"MIN_ZOOM":0,"MIN_LABEL":4,"MAX_LABEL":9,"LABEL_X":166.908762,"LABEL_Y":-15.37153,"NE_ID":1159321421,"WIKIDATAID":"Q686","NAME_AR":"فانواتو","NAME_BN":"ভানুয়াতু","NAME_DE":"Vanuatu","NAME_EN":"Vanuatu","NAME_ES":"Vanuatu","NAME_FA":"وانواتو","NAME_FR":"Vanuatu","NAME_EL":"Βανουάτου","NAME_HE":"ונואטו","NAME_HI":"वानूआटू","NAME_HU":"Vanuatu","NAME_ID":"Vanuatu","NAME_IT":"Vanuatu","NAME_JA":"バヌアツ","NAME_KO":"바누아투","NAME_NL":"Vanuatu","NAME_PL":"Vanuatu","NAME_PT":"Vanuatu","NAME_RU":"Вануату","NAME_SV":"Vanuatu","NAME_TR":"Vanuatu","NAME_UK":"Вануату","NAME_UR":"وانواتو","NAME_VI":"Vanuatu","NAME_ZH":"瓦努阿图","NAME_ZHT":"萬那杜","FCLASS_ISO":"Admin-0 country","TLC_DIFF":null,"FCLASS_TLC":"Admin-0 country","FCLASS_US":null,"FCLASS_FR":null,"FCLASS_RU":null,"FCLASS_ES":null,"FCLASS_CN":null,"FCLASS_TW":null,"FCLASS_IN":null,"FCLASS_NP":null,"FCLASS_PK":null,"FCLASS_DE":null,"FCLASS_GB":null,"FCLASS_BR":null,"FCLASS_IL":null,"FCLASS_PS":null,"FCLASS_SA":null,"FCLASS_EG":null,"FCLASS_MA":null,"FCLASS_PT":null,"FCLASS_AR":null,"FCLASS_JP":null,"FCLASS_KO":null,"FCLASS_VN":null,"FCLASS_TR":null,"FCLASS_ID":null,"FCLASS_PL":null,"FCLASS_GR":null,"FCLASS_IT":null,"FCLASS_NL":null,"FCLASS_SE":null,"FCLASS_BD":null,"FCLASS_UA":null},"geometry":{"type":"MultiPolygon","coordinates":[[[[167.216801,-15.691915884133204],[167.84487699999997,-16.244233889997737],[167.515181,-16.370459838477807],[167.180008,-15.949906759570016],[167.216801,-15.691915884133204]]],[[[166.793158,-15.477080846877017],[166.649859,-15.21081603050343],[166.629137,-14.470173579850893],[167.107712,-14.767643666702519],[167.27002800000002,-15.54569718264981],[167.00120700000002,-15.424831024512153],[166.793158,-15.477080846877017]]]]}},{"type":"Feature","bbox":[102.348099,10.486544,107.614548,14.570584],"properties":{"featurecla":"Admin-0 country","scalerank":1,"LABELRANK":3,"SOVEREIGNT":"Cambodia","SOV_A3":"KHM","ADM0_DIF":0,"LEVEL":2,"TYPE":"Sovereign country","TLC":"1","ADMIN":"Cambodia","ADM0_A3":"KHM","GEOU_DIF":0,"GEOUNIT":"Cambodia","GU_A3":"KHM","SU_DIF":0,"SUBUNIT":"Cambodia","SU_A3":"KHM","BRK_DIFF":0,"NAME":"Cambodia","NAME_LONG":"Cambodia","BRK_A3":"KHM","BRK_NAME":"Cambodia","BRK_GROUP":null,"ABBREV":"Camb.","POSTAL":"KH","FORMAL_EN":"Kingdom of Cambodia","FORMAL_FR":null,"NAME_CIAWF":"Cambodia","NOTE_ADM0":null,"NOTE_BRK":null,"NAME_SORT":"Cambodia","NAME_ALT":null,"MAPCOLOR7":6,"MAPCOLOR8":3,"MAPCOLOR9":6,"MAPCOLOR13":5,"POP_EST":16486542,"POP_RANK":14,"POP_YEAR":2019,"GDP_MD":27089,"GDP_YEAR":2019,"ECONOMY":"7. Least developed region","INCOME_GRP":"5. Low income","FIPS_10":"CB","ISO_A2":"KH","ISO_A2_EH":"KH","ISO_A3":"KHM","ISO_A3_EH":"KHM","ISO_N3":"116","ISO_N3_EH":"116","UN_A3":"116","WB_A2":"KH","WB_A3":"KHM","WOE_ID":23424776,"WOE_ID_EH":23424776,"WOE_NOTE":"Exact WOE match as country","ADM0_ISO":"KHM","ADM0_DIFF":null,"ADM0_TLC":"KHM","ADM0_A3_US":"KHM","ADM0_A3_FR":"KHM","ADM0_A3_RU":"KHM","ADM0_A3_ES":"KHM","ADM0_A3_CN":"KHM","ADM0_A3_TW":"KHM","ADM0_A3_IN":"KHM","ADM0_A3_NP":"KHM","ADM0_A3_PK":"KHM","ADM0_A3_DE":"KHM","ADM0_A3_GB":"KHM","ADM0_A3_BR":"KHM","ADM0_A3_IL":"KHM","ADM0_A3_PS":"KHM","ADM0_A3_SA":"KHM","ADM0_A3_EG":"KHM","ADM0_A3_MA":"KHM","ADM0_A3_PT":"KHM","ADM0_A3_AR":"KHM","ADM0_A3_JP":"KHM","ADM0_A3_KO":"KHM","ADM0_A3_VN":"KHM","ADM0_A3_TR":"KHM","ADM0_A3_ID":"KHM","ADM0_A3_PL":"KHM","ADM0_A3_GR":"KHM","ADM0_A3_IT":"KHM","ADM0_A3_NL":"KHM","ADM0_A3_SE":"KHM","ADM0_A3_BD":"KHM","ADM0_A3_UA":"KHM","ADM0_A3_UN":-99,"ADM0_A3_WB":-99,"CONTINENT":"Asia","REGION_UN":"Asia","SUBREGION":"South-Eastern Asia","REGION_WB":"East Asia & Pacific","NAME_LEN":8,"LONG_LEN":8,"ABBREV_LEN":5,"TINY":-99,"HOMEPART":1,"MIN_ZOOM":0,"MIN_LABEL":3,"MAX_LABEL":8,"LABEL_X":104.50487,"LABEL_Y":12.647584,"NE_ID":1159320979,"WIKIDATAID":"Q424","NAME_AR":"كمبوديا","NAME_BN":"কম্বোডিয়া","NAME_DE":"Kambodscha","NAME_EN":"Cambodia","NAME_ES":"Camboya","NAME_FA":"کامبوج","NAME_FR":"Cambodge","NAME_EL":"Καμπότζη","NAME_HE":"קמבודיה","NAME_HI":"कम्बोडिया","NAME_HU":"Kambodzsa","NAME_ID":"Kamboja","NAME_IT":"Cambogia","NAME_JA":"カンボジア","NAME_KO":"캄보디아","NAME_NL":"Cambodja","NAME_PL":"Kambodża","NAME_PT":"Camboja","NAME_RU":"Камбоджа","NAME_SV":"Kambodja","NAME_TR":"Kamboçya","NAME_UK":"Камбоджа","NAME_UR":"کمبوڈیا","NAME_VI":"Campuchia","NAME_ZH":"柬埔寨","NAME_ZHT":"柬埔寨","FCLASS_ISO":"Admin-0 country","TLC_DIFF":null,"FCLASS_TLC":"Admin-0 country","FCLASS_US":null,"FCLASS_FR":null,"FCLASS_RU":null,"FCLASS_ES":null,"FCLASS_CN":null,"FCLASS_TW":null,"FCLASS_IN":null,"FCLASS_NP":null,"FCLASS_PK":null,"FCLASS_DE":null,"FCLASS_GB":null,"FCLASS_BR":null,"FCLASS_IL":null,"FCLASS_PS":null,"FCLASS_SA":null,"FCLASS_EG":null,"FCLASS_MA":null,"FCLASS_PT":null,"FCLASS_AR":null,"FCLASS_JP":null,"FCLASS_KO":null,"FCLASS_VN":null,"FCLASS_TR":null,"FCLASS_ID":null,"FCLASS_PL":null,"FCLASS_GR":null,"FCLASS_IT":null,"FCLASS_NL":null,"FCLASS_SE":null,"FCLASS_BD":null,"FCLASS_UA":null},"geometry":{"type":"Polygon","coordinates":[[[102.58493199999998,12.095734492212593],[102.348099,13.273888215097255],[102.988422,14.081774695138934],[104.281418,14.266980930325712],[105.218777,14.127833915342842],[106.043946,13.74725819386582],[106.49637300000002,14.41602766717055],[107.382727,14.059193156168714],[107.61454799999998,13.411358565134359],[107.49140300000002,12.242961039462292],[105.81052400000002,11.489822276157124],[106.24967,10.895544551513039],[105.199915,10.824341018309363],[104.334335,10.42848311783625],[103.49728,10.572048986449401],[103.09069,11.083875225211568],[102.58493199999998,12.095734492212593]]]}},{"type":"Feature","bbox":[97.375896,5.691384,105.589039,20.41785],"properties":{"featurecla":"Admin-0 country","scalerank":1,"LABELRANK":3,"SOVEREIGNT":"Thailand","SOV_A3":"THA","ADM0_DIF":0,"LEVEL":2,"TYPE":"Sovereign country","TLC":"1","ADMIN":"Thailand","ADM0_A3":"THA","GEOU_DIF":0,"GEOUNIT":"Thailand","GU_A3":"THA","SU_DIF":0,"SUBUNIT":"Thailand","SU_A3":"THA","BRK_DIFF":0,"NAME":"Thailand","NAME_LONG":"Thailand","BRK_A3":"THA","BRK_NAME":"Thailand","BRK_GROUP":null,"ABBREV":"Thai.","POSTAL":"TH","FORMAL_EN":"Kingdom of Thailand","FORMAL_FR":null,"NAME_CIAWF":"Thailand","NOTE_ADM0":null,"NOTE_BRK":null,"NAME_SORT":"Thailand","NAME_ALT":null,"MAPCOLOR7":3,"MAPCOLOR8":6,"MAPCOLOR9":8,"MAPCOLOR13":1,"POP_EST":69625582,"POP_RANK":16,"POP_YEAR":2019,"GDP_MD":543548,"GDP_YEAR":2019,"ECONOMY":"5. Emerging region: G20","INCOME_GRP":"3. Upper middle income","FIPS_10":"TH","ISO_A2":"TH","ISO_A2_EH":"TH","ISO_A3":"THA","ISO_A3_EH":"THA","ISO_N3":"764","ISO_N3_EH":"764","UN_A3":"764","WB_A2":"TH","WB_A3":"THA","WOE_ID":23424960,"WOE_ID_EH":23424960,"WOE_NOTE":"Exact WOE match as country","ADM0_ISO":"THA","ADM0_DIFF":null,"ADM0_TLC":"THA","ADM0_A3_US":"THA","ADM0_A3_FR":"THA","ADM0_A3_RU":"THA","ADM0_A3_ES":"THA","ADM0_A3_CN":"THA","ADM0_A3_TW":"THA","ADM0_A3_IN":"THA","ADM0_A3_NP":"THA","ADM0_A3_PK":"THA","ADM0_A3_DE":"THA","ADM0_A3_GB":"THA","ADM0_A3_BR":"THA","ADM0_A3_IL":"THA","ADM0_A3_PS":"THA","ADM0_A3_SA":"THA","ADM0_A3_EG":"THA","ADM0_A3_MA":"THA","ADM0_A3_PT":"THA","ADM0_A3_AR":"THA","ADM0_A3_JP":"THA","ADM0_A3_KO":"THA","ADM0_A3_VN":"THA","ADM0_A3_TR":"THA","ADM0_A3_ID":"THA","ADM0_A3_PL":"THA","ADM0_A3_GR":"THA","ADM0_A3_IT":"THA","ADM0_A3_NL":"THA","ADM0_A3_SE":"THA","ADM0_A3_BD":"THA","ADM0_A3_UA":"THA","ADM0_A3_UN":-99,"ADM0_A3_WB":-99,"CONTINENT":"Asia","REGION_UN":"Asia","SUBREGION":"South-Eastern Asia","REGION_WB":"East Asia & Pacific","NAME_LEN":8,"LONG_LEN":8,"ABBREV_LEN":5,"TINY":-99,"HOMEPART":1,"MIN_ZOOM":0,"MIN_LABEL":2.7,"MAX_LABEL":8,"LABEL_X":101.073198,"LABEL_Y":15.45974,"NE_ID":1159321305,"WIKIDATAID":"Q869","NAME_AR":"تايلاند","NAME_BN":"থাইল্যান্ড","NAME_DE":"Thailand","NAME_EN":"Thailand","NAME_ES":"Tailandia","NAME_FA":"تایلند","NAME_FR":"Thaïlande","NAME_EL":"Ταϊλάνδη","NAME_HE":"תאילנד","NAME_HI":"थाईलैण्ड","NAME_HU":"Thaiföld","NAME_ID":"Thailand","NAME_IT":"Thailandia","NAME_JA":"タイ王国","NAME_KO":"태국","NAME_NL":"Thailand","NAME_PL":"Tajlandia","NAME_PT":"Tailândia","NAME_RU":"Таиланд","NAME_SV":"Thailand","NAME_TR":"Tayland","NAME_UK":"Таїланд","NAME_UR":"تھائی لینڈ","NAME_VI":"Thái Lan","NAME_ZH":"泰国","NAME_ZHT":"泰國","FCLASS_ISO":"Admin-0 country","TLC_DIFF":null,"FCLASS_TLC":"Admin-0 country","FCLASS_US":null,"FCLASS_FR":null,"FCLASS_RU":null,"FCLASS_ES":null,"FCLASS_CN":null,"FCLASS_TW":null,"FCLASS_IN":null,"FCLASS_NP":null,"FCLASS_PK":null,"FCLASS_DE":null,"FCLASS_GB":null,"FCLASS_BR":null,"FCLASS_IL":null,"FCLASS_PS":null,"FCLASS_SA":null,"FCLASS_EG":null,"FCLASS_MA":null,"FCLASS_PT":null,"FCLASS_AR":null,"FCLASS_JP":null,"FCLASS_KO":null,"FCLASS_VN":null,"FCLASS_TR":null,"FCLASS_ID":null,"FCLASS_PL":null,"FCLASS_GR":null,"FCLASS_IT":null,"FCLASS_NL":null,"FCLASS_SE":null,"FCLASS_BD":null,"FCLASS_UA":null},"geometry":{"type":"Polygon","coordinates":[[[105.218777,14.127833915342842],[104.281418,14.266980930325712],[102.988422,14.081774695138934],[102.348099,13.273888215097255],[102.58493199999998,12.095734492212593],[101.687158,12.544304624044553],[100.83180999999999,12.526094306088195],[100.978467,13.291868963943692],[100.09779700000001,13.286160038045102],[100.01873300000001,12.21344133807637],[99.47892100000001,10.782159114435967],[99.15377199999999,9.913228209415085],[99.222399,9.19947148561763],[99.873832,9.168480914761632],[100.279647,8.266325380991958],[100.45927400000001,7.408839410207917],[101.017328,6.840559910603419],[101.623079,6.725126552879819],[102.141187,6.209444994094513],[101.81428200000002,5.800872305761487],[101.154219,5.682047425079065],[101.075516,6.192774111714437],[100.259596,6.627992794971469],[100.085757,6.450817163240842],[99.690691,6.831965451560426],[99.519642,7.3234311486767405],[98.98825299999999,7.883004481275302],[98.50378599999999,8.352562449219716],[98.339662,7.770580658458013],[98.15000900000001,8.320605729243853],[98.25915,8.93745618745484],[98.553551,9.883575289589247],[99.038121,10.89430137057465],[99.58728599999999,11.808272680017364],[99.196354,12.69946988262172],[99.21201200000002,13.152243145644963],[99.097755,13.69519952764107],[98.430819,14.465846303977191],[98.192074,14.95107989466664],[98.53737599999998,15.129543414529287],[98.90334800000001,15.967048651196503],[98.49376099999999,16.6005801878142],[97.859123,17.298969578902312],[97.37589600000001,18.13483474401438],[97.797783,18.307368581932725],[98.25372400000002,19.33068036731372],[98.959676,19.372928486526998],[99.543309,19.78147737144462],[100.115988,19.998934168930163],[100.548881,19.708665752732585],[100.606294,19.141980070603857],[101.282015,19.09874547875983],[101.035931,18.10013487836548],[101.059548,17.246021140125073],[102.11359200000001,17.814915156987706],[102.41300500000001,17.646970932471866],[102.998706,17.674521249559813],[103.20019199999999,18.0057271704193],[103.956477,17.940400545200855],[104.716947,17.166126198411423],[104.77932099999998,16.22074129871463],[105.589039,15.38213581165644],[105.544338,14.56449958325176],[105.218777,14.127833915342842]]]}},{"type":"Feature","bbox":[100.115988,13.881091,107.564525,22.464753],"properties":{"featurecla":"Admin-0 country","scalerank":1,"LABELRANK":4,"SOVEREIGNT":"Laos","SOV_A3":"LAO","ADM0_DIF":0,"LEVEL":2,"TYPE":"Sovereign country","TLC":"1","ADMIN":"Laos","ADM0_A3":"LAO","GEOU_DIF":0,"GEOUNIT":"Laos","GU_A3":"LAO","SU_DIF":0,"SUBUNIT":"Laos","SU_A3":"LAO","BRK_DIFF":0,"NAME":"Laos","NAME_LONG":"Lao PDR","BRK_A3":"LAO","BRK_NAME":"Laos","BRK_GROUP":null,"ABBREV":"Laos","POSTAL":"LA","FORMAL_EN":"Lao People's Democratic Republic","FORMAL_FR":null,"NAME_CIAWF":"Laos","NOTE_ADM0":null,"NOTE_BRK":null,"NAME_SORT":"Lao PDR","NAME_ALT":null,"MAPCOLOR7":1,"MAPCOLOR8":1,"MAPCOLOR9":1,"MAPCOLOR13":9,"POP_EST":7169455,"POP_RANK":13,"POP_YEAR":2019,"GDP_MD":18173,"GDP_YEAR":2019,"ECONOMY":"7. Least developed region","INCOME_GRP":"4. Lower middle income","FIPS_10":"LA","ISO_A2":"LA","ISO_A2_EH":"LA","ISO_A3":"LAO","ISO_A3_EH":"LAO","ISO_N3":"418","ISO_N3_EH":"418","UN_A3":"418","WB_A2":"LA","WB_A3":"LAO","WOE_ID":23424872,"WOE_ID_EH":23424872,"WOE_NOTE":"Exact WOE match as country","ADM0_ISO":"LAO","ADM0_DIFF":null,"ADM0_TLC":"LAO","ADM0_A3_US":"LAO","ADM0_A3_FR":"LAO","ADM0_A3_RU":"LAO","ADM0_A3_ES":"LAO","ADM0_A3_CN":"LAO","ADM0_A3_TW":"LAO","ADM0_A3_IN":"LAO","ADM0_A3_NP":"LAO","ADM0_A3_PK":"LAO","ADM0_A3_DE":"LAO","ADM0_A3_GB":"LAO","ADM0_A3_BR":"LAO","ADM0_A3_IL":"LAO","ADM0_A3_PS":"LAO","ADM0_A3_SA":"LAO","ADM0_A3_EG":"LAO","ADM0_A3_MA":"LAO","ADM0_A3_PT":"LAO","ADM0_A3_AR":"LAO","ADM0_A3_JP":"LAO","ADM0_A3_KO":"LAO","ADM0_A3_VN":"LAO","ADM0_A3_TR":"LAO","ADM0_A3_ID":"LAO","ADM0_A3_PL":"LAO","ADM0_A3_GR":"LAO","ADM0_A3_IT":"LAO","ADM0_A3_NL":"LAO","ADM0_A3_SE":"LAO","ADM0_A3_BD":"LAO","ADM0_A3_UA":"LAO","ADM0_A3_UN":-99,"ADM0_A3_WB":-99,"CONTINENT":"Asia","REGION_UN":"Asia","SUBREGION":"South-Eastern Asia","REGION_WB":"East Asia & Pacific","NAME_LEN":4,"LONG_LEN":7,"ABBREV_LEN":4,"TINY":-99,"HOMEPART":1,"MIN_ZOOM":0,"MIN_LABEL":4,"MAX_LABEL":9,"LABEL_X":102.533912,"LABEL_Y":19.431821,"NE_ID":1159321011,"WIKIDATAID":"Q819","NAME_AR":"لاوس","NAME_BN":"লাওস","NAME_DE":"Laos","NAME_EN":"Laos","NAME_ES":"Laos","NAME_FA":"لائوس","NAME_FR":"Laos","NAME_EL":"Λάος","NAME_HE":"לאוס","NAME_HI":"लाओस","NAME_HU":"Laosz","NAME_ID":"Laos","NAME_IT":"Laos","NAME_JA":"ラオス","NAME_KO":"라오스","NAME_NL":"Laos","NAME_PL":"Laos","NAME_PT":"Laos","NAME_RU":"Лаос","NAME_SV":"Laos","NAME_TR":"Laos","NAME_UK":"Лаос","NAME_UR":"لاؤس","NAME_VI":"Lào","NAME_ZH":"老挝","NAME_ZHT":"寮國","FCLASS_ISO":"Admin-0 country","TLC_DIFF":null,"FCLASS_TLC":"Admin-0 country","FCLASS_US":null,"FCLASS_FR":null,"FCLASS_RU":null,"FCLASS_ES":null,"FCLASS_CN":null,"FCLASS_TW":null,"FCLASS_IN":null,"FCLASS_NP":null,"FCLASS_PK":null,"FCLASS_DE":null,"FCLASS_GB":null,"FCLASS_BR":null,"FCLASS_IL":null,"FCLASS_PS":null,"FCLASS_SA":null,"FCLASS_EG":null,"FCLASS_MA":null,"FCLASS_PT":null,"FCLASS_AR":null,"FCLASS_JP":null,"FCLASS_KO":null,"FCLASS_VN":null,"FCLASS_TR":null,"FCLASS_ID":null,"FCLASS_PL":null,"FCLASS_GR":null,"FCLASS_IT":null,"FCLASS_NL":null,"FCLASS_SE":null,"FCLASS_BD":null,"FCLASS_UA":null},"geometry":{"type":"Polygon","coordinates":[[[107.382727,14.059193156168714],[106.49637300000002,14.41602766717055],[106.043946,13.74725819386582],[105.218777,14.127833915342842],[105.544338,14.56449958325176],[105.589039,15.38213581165644],[104.77932099999998,16.22074129871463],[104.716947,17.166126198411423],[103.956477,17.940400545200855],[103.20019199999999,18.0057271704193],[102.998706,17.674521249559813],[102.41300500000001,17.646970932471866],[102.11359200000001,17.814915156987706],[101.059548,17.246021140125073],[101.035931,18.10013487836548],[101.282015,19.09874547875983],[100.606294,19.141980070603857],[100.548881,19.708665752732585],[100.115988,19.998934168930163],[100.329101,20.344616805830082],[101.180005,20.953278259341555],[101.270026,20.73373165595704],[101.80312,20.708211597697083],[101.652018,21.77431519732082],[102.170436,21.910348218818193],[102.754896,21.175900240509552],[103.20386099999999,20.32627590011392],[104.435,20.318934239836853],[104.822574,19.498972656499845],[104.183388,19.251835750945794],[103.896532,18.912102516880132],[105.09459799999999,18.345240155536768],[105.925762,17.220059403436444],[106.556008,16.376632902651192],[107.31270599999999,15.707985138604947],[107.564525,15.026879992792454],[107.382727,14.059193156168714]]]}},{"type":"Feature","bbox":[92.303234,9.93296,101.180005,28.335945],"properties":{"featurecla":"Admin-0 country","scalerank":1,"LABELRANK":3,"SOVEREIGNT":"Myanmar","SOV_A3":"MMR","ADM0_DIF":0,"LEVEL":2,"TYPE":"Sovereign country","TLC":"1","ADMIN":"Myanmar","ADM0_A3":"MMR","GEOU_DIF":0,"GEOUNIT":"Myanmar","GU_A3":"MMR","SU_DIF":0,"SUBUNIT":"Myanmar","SU_A3":"MMR","BRK_DIFF":0,"NAME":"Myanmar","NAME_LONG":"Myanmar","BRK_A3":"MMR","BRK_NAME":"Myanmar","BRK_GROUP":null,"ABBREV":"Myan.","POSTAL":"MM","FORMAL_EN":"Republic of the Union of Myanmar","FORMAL_FR":null,"NAME_CIAWF":"Burma","NOTE_ADM0":null,"NOTE_BRK":null,"NAME_SORT":"Myanmar","NAME_ALT":null,"MAPCOLOR7":2,"MAPCOLOR8":2,"MAPCOLOR9":5,"MAPCOLOR13":13,"POP_EST":54045420,"POP_RANK":16,"POP_YEAR":2019,"GDP_MD":76085,"GDP_YEAR":2019,"ECONOMY":"7. Least developed region","INCOME_GRP":"5. Low income","FIPS_10":"BM","ISO_A2":"MM","ISO_A2_EH":"MM","ISO_A3":"MMR","ISO_A3_EH":"MMR","ISO_N3":"104","ISO_N3_EH":"104","UN_A3":"104","WB_A2":"MM","WB_A3":"MMR","WOE_ID":23424763,"WOE_ID_EH":23424763,"WOE_NOTE":"Exact WOE match as country","ADM0_ISO":"MMR","ADM0_DIFF":null,"ADM0_TLC":"MMR","ADM0_A3_US":"MMR","ADM0_A3_FR":"MMR","ADM0_A3_RU":"MMR","ADM0_A3_ES":"MMR","ADM0_A3_CN":"MMR","ADM0_A3_TW":"MMR","ADM0_A3_IN":"MMR","ADM0_A3_NP":"MMR","ADM0_A3_PK":"MMR","ADM0_A3_DE":"MMR","ADM0_A3_GB":"MMR","ADM0_A3_BR":"MMR","ADM0_A3_IL":"MMR","ADM0_A3_PS":"MMR","ADM0_A3_SA":"MMR","ADM0_A3_EG":"MMR","ADM0_A3_MA":"MMR","ADM0_A3_PT":"MMR","ADM0_A3_AR":"MMR","ADM0_A3_JP":"MMR","ADM0_A3_KO":"MMR","ADM0_A3_VN":"MMR","ADM0_A3_TR":"MMR","ADM0_A3_ID":"MMR","ADM0_A3_PL":"MMR","ADM0_A3_GR":"MMR","ADM0_A3_IT":"MMR","ADM0_A3_NL":"MMR","ADM0_A3_SE":"MMR","ADM0_A3_BD":"MMR","ADM0_A3_UA":"MMR","ADM0_A3_UN":-99,"ADM0_A3_WB":-99,"CONTINENT":"Asia","REGION_UN":"Asia","SUBREGION":"South-Eastern Asia","REGION_WB":"East Asia & Pacific","NAME_LEN":7,"LONG_LEN":7,"ABBREV_LEN":5,"TINY":-99,"HOMEPART":1,"MIN_ZOOM":0,"MIN_LABEL":3,"MAX_LABEL":8,"LABEL_X":95.804497,"LABEL_Y":21.573855,"NE_ID":1159321067,"WIKIDATAID":"Q836","NAME_AR":"ميانمار","NAME_BN":"মিয়ানমার","NAME_DE":"Myanmar","NAME_EN":"Myanmar","NAME_ES":"Birmania","NAME_FA":"میانمار","NAME_FR":"Birmanie","NAME_EL":"Μιανμάρ","NAME_HE":"מיאנמר","NAME_HI":"म्यान्मार","NAME_HU":"Mianmar","NAME_ID":"Myanmar","NAME_IT":"Birmania","NAME_JA":"ミャンマー","NAME_KO":"미얀마","NAME_NL":"Myanmar","NAME_PL":"Mjanma","NAME_PT":"Myanmar","NAME_RU":"Мьянма","NAME_SV":"Myanmar","NAME_TR":"Myanmar","NAME_UK":"М'янма","NAME_UR":"میانمار","NAME_VI":"Myanma","NAME_ZH":"缅甸","NAME_ZHT":"緬甸","FCLASS_ISO":"Admin-0 country","TLC_DIFF":null,"FCLASS_TLC":"Admin-0 country","FCLASS_US":null,"FCLASS_FR":null,"FCLASS_RU":null,"FCLASS_ES":null,"FCLASS_CN":null,"FCLASS_TW":null,"FCLASS_IN":null,"FCLASS_NP":null,"FCLASS_PK":null,"FCLASS_DE":null,"FCLASS_GB":null,"FCLASS_BR":null,"FCLASS_IL":null,"FCLASS_PS":null,"FCLASS_SA":null,"FCLASS_EG":null,"FCLASS_MA":null,"FCLASS_PT":null,"FCLASS_AR":null,"FCLASS_JP":null,"FCLASS_KO":null,"FCLASS_VN":null,"FCLASS_TR":null,"FCLASS_ID":null,"FCLASS_PL":null,"FCLASS_GR":null,"FCLASS_IT":null,"FCLASS_NL":null,"FCLASS_SE":null,"FCLASS_BD":null,"FCLASS_UA":null},"geometry":{"type":"Polygon","coordinates":[[[100.115988,19.998934168930163],[99.543309,19.78147737144462],[98.959676,19.372928486526998],[98.25372400000002,19.33068036731372],[97.797783,18.307368581932725],[97.37589600000001,18.13483474401438],[97.859123,17.298969578902312],[98.49376099999999,16.6005801878142],[98.90334800000001,15.967048651196503],[98.53737599999998,15.129543414529287],[98.192074,14.95107989466664],[98.430819,14.465846303977191],[99.097755,13.69519952764107],[99.21201200000002,13.152243145644963],[99.196354,12.69946988262172],[99.58728599999999,11.808272680017364],[99.038121,10.89430137057465],[98.553551,9.883575289589247],[98.457174,10.614032091155998],[98.764546,11.366003685393798],[98.428339,11.945494742900745],[98.509574,13.009139320059202],[98.103604,13.513404414215046],[97.777732,14.67418168297811],[97.597072,15.89275942727383],[97.16454,16.687669758455804],[96.50576900000002,16.206698941292824],[95.36935200000002,15.52100236180132],[94.808405,15.606800536464643],[94.188804,15.832512472033846],[94.533486,17.021204935273783],[94.324817,17.91429282340261],[93.540988,19.00791787895505],[93.663255,19.348380847357397],[93.078278,19.46927936609446],[92.368554,20.236528866570747],[92.303234,20.989612685282104],[92.652257,20.848157422846835],[92.672721,21.516885812526148],[93.166128,21.737406741860912],[93.060294,22.13131724567519],[93.286327,22.446419209319547],[93.32518800000001,23.39957550683516],[94.10674200000001,23.19033186814971],[94.552658,23.946045777524677],[94.603249,24.390591500738584],[95.155153,25.152213663297108],[95.12476800000002,25.669112598956453],[96.419366,26.290297337786406],[97.133999,26.12807244562393],[97.051989,26.679169992543514],[97.402561,26.842995029220248],[97.32711400000001,27.18069205789816],[97.911988,27.246822669175614],[98.246231,26.722196285807083],[98.68269,26.509051170032002],[98.712094,25.822204402458354],[98.671838,25.077419129681676],[97.72460900000002,24.31875106523474],[97.60472,23.233218619350133],[98.66026199999999,23.385560607235924],[98.898749,22.537947569322235],[99.531992,22.35894128633728],[99.240899,21.588571713637545],[99.983489,21.23910857821465],[100.416538,21.067415464835772],[101.150033,21.33885078995316],[101.180005,20.953278259341555],[100.329101,20.344616805830082],[100.115988,19.998934168930163]]]}},{"type":"Feature","bbox":[102.170436,8.59976,109.33527,23.352063],"properties":{"featurecla":"Admin-0 country","scalerank":1,"LABELRANK":2,"SOVEREIGNT":"Vietnam","SOV_A3":"VNM","ADM0_DIF":0,"LEVEL":2,"TYPE":"Sovereign country","TLC":"1","ADMIN":"Vietnam","ADM0_A3":"VNM","GEOU_DIF":0,"GEOUNIT":"Vietnam","GU_A3":"VNM","SU_DIF":0,"SUBUNIT":"Vietnam","SU_A3":"VNM","BRK_DIFF":0,"NAME":"Vietnam","NAME_LONG":"Vietnam","BRK_A3":"VNM","BRK_NAME":"Vietnam","BRK_GROUP":null,"ABBREV":"Viet.","POSTAL":"VN","FORMAL_EN":"Socialist Republic of Vietnam","FORMAL_FR":null,"NAME_CIAWF":"Vietnam","NOTE_ADM0":null,"NOTE_BRK":null,"NAME_SORT":"Vietnam","NAME_ALT":null,"MAPCOLOR7":5,"MAPCOLOR8":6,"MAPCOLOR9":5,"MAPCOLOR13":4,"POP_EST":96462106,"POP_RANK":16,"POP_YEAR":2019,"GDP_MD":261921,"GDP_YEAR":2019,"ECONOMY":"5. Emerging region: G20","INCOME_GRP":"4. Lower middle income","FIPS_10":"VM","ISO_A2":"VN","ISO_A2_EH":"VN","ISO_A3":"VNM","ISO_A3_EH":"VNM","ISO_N3":"704","ISO_N3_EH":"704","UN_A3":"704","WB_A2":"VN","WB_A3":"VNM","WOE_ID":23424984,"WOE_ID_EH":23424984,"WOE_NOTE":"Exact WOE match as country","ADM0_ISO":"VNM","ADM0_DIFF":null,"ADM0_TLC":"VNM","ADM0_A3_US":"VNM","ADM0_A3_FR":"VNM","ADM0_A3_RU":"VNM","ADM0_A3_ES":"VNM","ADM0_A3_CN":"VNM","ADM0_A3_TW":"VNM","ADM0_A3_IN":"VNM","ADM0_A3_NP":"VNM","ADM0_A3_PK":"VNM","ADM0_A3_DE":"VNM","ADM0_A3_GB":"VNM","ADM0_A3_BR":"VNM","ADM0_A3_IL":"VNM","ADM0_A3_PS":"VNM","ADM0_A3_SA":"VNM","ADM0_A3_EG":"VNM","ADM0_A3_MA":"VNM","ADM0_A3_PT":"VNM","ADM0_A3_AR":"VNM","ADM0_A3_JP":"VNM","ADM0_A3_KO":"VNM","ADM0_A3_VN":"VNM","ADM0_A3_TR":"VNM","ADM0_A3_ID":"VNM","ADM0_A3_PL":"VNM","ADM0_A3_GR":"VNM","ADM0_A3_IT":"VNM","ADM0_A3_NL":"VNM","ADM0_A3_SE":"VNM","ADM0_A3_BD":"VNM","ADM0_A3_UA":"VNM","ADM0_A3_UN":-99,"ADM0_A3_WB":-99,"CONTINENT":"Asia","REGION_UN":"Asia","SUBREGION":"South-Eastern Asia","REGION_WB":"East Asia & Pacific","NAME_LEN":7,"LONG_LEN":7,"ABBREV_LEN":5,"TINY":2,"HOMEPART":1,"MIN_ZOOM":0,"MIN_LABEL":2,"MAX_LABEL":7,"LABEL_X":105.387292,"LABEL_Y":21.715416,"NE_ID":1159321417,"WIKIDATAID":"Q881","NAME_AR":"فيتنام","NAME_BN":"ভিয়েতনাম","NAME_DE":"Vietnam","NAME_EN":"Vietnam","NAME_ES":"Vietnam","NAME_FA":"ویتنام","NAME_FR":"Viêt Nam","NAME_EL":"Βιετνάμ","NAME_HE":"וייטנאם","NAME_HI":"वियतनाम","NAME_HU":"Vietnám","NAME_ID":"Vietnam","NAME_IT":"Vietnam","NAME_JA":"ベトナム","NAME_KO":"베트남","NAME_NL":"Vietnam","NAME_PL":"Wietnam","NAME_PT":"Vietname","NAME_RU":"Вьетнам","NAME_SV":"Vietnam","NAME_TR":"Vietnam","NAME_UK":"В'єтнам","NAME_UR":"ویتنام","NAME_VI":"Việt Nam","NAME_ZH":"越南","NAME_ZHT":"越南","FCLASS_ISO":"Admin-0 country","TLC_DIFF":null,"FCLASS_TLC":"Admin-0 country","FCLASS_US":null,"FCLASS_FR":null,"FCLASS_RU":null,"FCLASS_ES":null,"FCLASS_CN":null,"FCLASS_TW":null,"FCLASS_IN":null,"FCLASS_NP":null,"FCLASS_PK":null,"FCLASS_DE":null,"FCLASS_GB":null,"FCLASS_BR":null,"FCLASS_IL":null,"FCLASS_PS":null,"FCLASS_SA":null,"FCLASS_EG":null,"FCLASS_MA":null,"FCLASS_PT":null,"FCLASS_AR":null,"FCLASS_JP":null,"FCLASS_KO":null,"FCLASS_VN":null,"FCLASS_TR":null,"FCLASS_ID":null,"FCLASS_PL":null,"FCLASS_GR":null,"FCLASS_IT":null,"FCLASS_NL":null,"FCLASS_SE":null,"FCLASS_BD":null,"FCLASS_UA":null},"geometry":{"type":"Polygon","coordinates":[[[104.334335,10.42848311783625],[105.199915,10.824341018309363],[106.24967,10.895544551513039],[105.81052400000002,11.489822276157124],[107.49140300000002,12.242961039462292],[107.61454799999998,13.411358565134359],[107.382727,14.059193156168714],[107.564525,15.026879992792454],[107.31270599999999,15.707985138604947],[106.556008,16.376632902651192],[105.925762,17.220059403436444],[105.09459799999999,18.345240155536768],[103.896532,18.912102516880132],[104.183388,19.251835750945794],[104.822574,19.498972656499845],[104.435,20.318934239836853],[103.20386099999999,20.32627590011392],[102.754896,21.175900240509552],[102.170436,21.910348218818193],[102.706992,22.136582366372615],[103.504515,22.131915648966956],[104.47685800000001,22.238765764464222],[105.329209,22.731164640760877],[105.811247,22.384697883983794],[106.725403,22.215732726604394],[106.567273,21.681425523853804],[107.04342,21.303372430228553],[108.05017999999998,21.061388074447578],[106.715068,20.260892021234493],[105.881682,19.37205019785066],[105.662006,18.71614754420317],[106.42681699999999,17.714940050664108],[107.36195400000001,16.46600525840495],[108.269495,15.872728485443039],[108.877107,15.098837645502742],[109.33526999999998,13.304818170484161],[109.20013599999999,11.587060613947859],[108.36613,10.941211644679768],[107.220929,10.308416292493291],[106.405113,9.487187773543408],[105.158264,8.56765108914867],[104.79518500000002,9.201231547829217],[105.076202,9.86932072142254],[104.334335,10.42848311783625]]]}},{"type":"Feature","bbox":[124.265625,37.669071,130.780007,42.985387],"properties":{"featurecla":"Admin-0 country","scalerank":1,"LABELRANK":3,"SOVEREIGNT":"North Korea","SOV_A3":"PRK","ADM0_DIF":0,"LEVEL":2,"TYPE":"Sovereign country","TLC":"1","ADMIN":"North Korea","ADM0_A3":"PRK","GEOU_DIF":0,"GEOUNIT":"North Korea","GU_A3":"PRK","SU_DIF":0,"SUBUNIT":"North Korea","SU_A3":"PRK","BRK_DIFF":0,"NAME":"North Korea","NAME_LONG":"Dem. Rep. Korea","BRK_A3":"PRK","BRK_NAME":"Dem. Rep. Korea","BRK_GROUP":null,"ABBREV":"N.K.","POSTAL":"KP","FORMAL_EN":"Democratic People's Republic of Korea","FORMAL_FR":null,"NAME_CIAWF":"Korea, North","NOTE_ADM0":null,"NOTE_BRK":null,"NAME_SORT":"Korea, Dem. Rep.","NAME_ALT":null,"MAPCOLOR7":3,"MAPCOLOR8":5,"MAPCOLOR9":3,"MAPCOLOR13":9,"POP_EST":25666161,"POP_RANK":15,"POP_YEAR":2019,"GDP_MD":40000,"GDP_YEAR":2016,"ECONOMY":"7. Least developed region","INCOME_GRP":"5. Low income","FIPS_10":"KN","ISO_A2":"KP","ISO_A2_EH":"KP","ISO_A3":"PRK","ISO_A3_EH":"PRK","ISO_N3":"408","ISO_N3_EH":"408","UN_A3":"408","WB_A2":"KP","WB_A3":"PRK","WOE_ID":23424865,"WOE_ID_EH":23424865,"WOE_NOTE":"Exact WOE match as country","ADM0_ISO":"PRK","ADM0_DIFF":null,"ADM0_TLC":"PRK","ADM0_A3_US":"PRK","ADM0_A3_FR":"PRK","ADM0_A3_RU":"PRK","ADM0_A3_ES":"PRK","ADM0_A3_CN":"PRK","ADM0_A3_TW":"PRK","ADM0_A3_IN":"PRK","ADM0_A3_NP":"PRK","ADM0_A3_PK":"PRK","ADM0_A3_DE":"PRK","ADM0_A3_GB":"PRK","ADM0_A3_BR":"PRK","ADM0_A3_IL":"PRK","ADM0_A3_PS":"PRK","ADM0_A3_SA":"PRK","ADM0_A3_EG":"PRK","ADM0_A3_MA":"PRK","ADM0_A3_PT":"PRK","ADM0_A3_AR":"PRK","ADM0_A3_JP":"PRK","ADM0_A3_KO":"PRK","ADM0_A3_VN":"PRK","ADM0_A3_TR":"PRK","ADM0_A3_ID":"PRK","ADM0_A3_PL":"PRK","ADM0_A3_GR":"PRK","ADM0_A3_IT":"PRK","ADM0_A3_NL":"PRK","ADM0_A3_SE":"PRK","ADM0_A3_BD":"PRK","ADM0_A3_UA":"PRK","ADM0_A3_UN":-99,"ADM0_A3_WB":-99,"CONTINENT":"Asia","REGION_UN":"Asia","SUBREGION":"Eastern Asia","REGION_WB":"East Asia & Pacific","NAME_LEN":11,"LONG_LEN":15,"ABBREV_LEN":4,"TINY":-99,"HOMEPART":1,"MIN_ZOOM":0,"MIN_LABEL":3,"MAX_LABEL":8,"LABEL_X":126.444516,"LABEL_Y":39.885252,"NE_ID":1159321181,"WIKIDATAID":"Q423","NAME_AR":"كوريا الشمالية","NAME_BN":"উত্তর কোরিয়া","NAME_DE":"Nordkorea","NAME_EN":"North Korea","NAME_ES":"Corea del Norte","NAME_FA":"کره شمالی","NAME_FR":"Corée du Nord","NAME_EL":"Βόρεια Κορέα","NAME_HE":"קוריאה הצפונית","NAME_HI":"उत्तर कोरिया","NAME_HU":"Észak-Korea","NAME_ID":"Korea Utara","NAME_IT":"Corea del Nord","NAME_JA":"朝鮮民主主義人民共和国","NAME_KO":"조선민주주의인민공화국","NAME_NL":"Noord-Korea","NAME_PL":"Korea Północna","NAME_PT":"Coreia do Norte","NAME_RU":"КНДР","NAME_SV":"Nordkorea","NAME_TR":"Kuzey Kore","NAME_UK":"Корейська Народно-Демократична Республіка","NAME_UR":"شمالی کوریا","NAME_VI":"Cộng hòa Dân chủ Nhân dân Triều Tiên","NAME_ZH":"朝鲜民主主义人民共和国","NAME_ZHT":"朝鮮民主主義人民共和國","FCLASS_ISO":"Admin-0 country","TLC_DIFF":null,"FCLASS_TLC":"Admin-0 country","FCLASS_US":null,"FCLASS_FR":null,"FCLASS_RU":null,"FCLASS_ES":null,"FCLASS_CN":null,"FCLASS_TW":null,"FCLASS_IN":null,"FCLASS_NP":null,"FCLASS_PK":null,"FCLASS_DE":null,"FCLASS_GB":null,"FCLASS_BR":null,"FCLASS_IL":null,"FCLASS_PS":null,"FCLASS_SA":null,"FCLASS_EG":null,"FCLASS_MA":null,"FCLASS_PT":null,"FCLASS_AR":null,"FCLASS_JP":null,"FCLASS_KO":null,"FCLASS_VN":null,"FCLASS_TR":null,"FCLASS_ID":null,"FCLASS_PL":null,"FCLASS_GR":null,"FCLASS_IT":null,"FCLASS_NL":null,"FCLASS_SE":null,"FCLASS_BD":null,"FCLASS_UA":null},"geometry":{"type":"MultiPolygon","coordinates":[[[[130.780004,38.847913156756505],[130.780005,38.84791471438389],[130.780007,38.847912377942805],[130.780004,38.847913156756505]]],[[[130.64,38.984087389102484],[130.64,38.98406873340297],[130.779992,38.84791471438389],[130.400031,38.89462351657131],[129.965949,38.630573703458445],[129.667362,38.364271336014944],[129.705189,37.79889748523665],[129.188115,37.62404847701342],[129.0104,37.48422474824205],[128.633368,37.24930077365761],[127.967414,37.118296127650446],[127.53343600000001,36.903843677637845],[127.50212000000002,36.55687803345607],[127.385434,36.468099150418645],[127.783343,36.33724890822841],[128.349716,35.98309289039485],[128.205746,35.78715093736739],[127.780035,35.733706872121026],[127.073309,35.694391906930264],[126.68371999999998,35.32699757983536],[126.23733899999999,35.35604124107073],[126.17475900000001,35.28204152183664],[125.68910400000001,35.43725741499489],[125.56843900000001,35.28400311184194],[125.27533,35.21620725908264],[125.240087,35.36977919807526],[124.981033,35.444435865451446],[124.712161,35.574292445587666],[124.985994,35.93147475899564],[125.221949,36.02646489678968],[125.13285900000001,36.17408566310475],[125.38658999999998,36.6082916251554],[125.321116,36.739367949933175],[124.737482,36.82663418216713],[124.26562500000001,37.04097353070452],[125.079942,37.55115837594711],[126.182045,37.97608312568184],[126.869083,38.53301602266989],[127.34378300000002,38.287428331323426],[128.208433,38.25886760370469],[128.05221500000002,38.67189988107657],[129.596669,39.007370532766586],[129.994267,39.441499783181655],[130.64,38.984087389102484]]]]}},{"type":"Feature","bbox":[126.117398,34.390046,129.468304,38.612243],"properties":{"featurecla":"Admin-0 country","scalerank":1,"LABELRANK":2,"SOVEREIGNT":"South Korea","SOV_A3":"KOR","ADM0_DIF":0,"LEVEL":2,"TYPE":"Sovereign country","TLC":"1","ADMIN":"South Korea","ADM0_A3":"KOR","GEOU_DIF":0,"GEOUNIT":"South Korea","GU_A3":"KOR","SU_DIF":0,"SUBUNIT":"South Korea","SU_A3":"KOR","BRK_DIFF":0,"NAME":"South Korea","NAME_LONG":"Republic of Korea","BRK_A3":"KOR","BRK_NAME":"Republic of Korea","BRK_GROUP":null,"ABBREV":"S.K.","POSTAL":"KR","FORMAL_EN":"Republic of Korea","FORMAL_FR":null,"NAME_CIAWF":"Korea, South","NOTE_ADM0":null,"NOTE_BRK":null,"NAME_SORT":"Korea, Rep.","NAME_ALT":null,"MAPCOLOR7":4,"MAPCOLOR8":1,"MAPCOLOR9":1,"MAPCOLOR13":5,"POP_EST":51709098,"POP_RANK":16,"POP_YEAR":2019,"GDP_MD":1646739,"GDP_YEAR":2019,"ECONOMY":"4. Emerging region: MIKT","INCOME_GRP":"1. High income: OECD","FIPS_10":"KS","ISO_A2":"KR","ISO_A2_EH":"KR","ISO_A3":"KOR","ISO_A3_EH":"KOR","ISO_N3":"410","ISO_N3_EH":"410","UN_A3":"410","WB_A2":"KR","WB_A3":"KOR","WOE_ID":23424868,"WOE_ID_EH":23424868,"WOE_NOTE":"Exact WOE match as country","ADM0_ISO":"KOR","ADM0_DIFF":null,"ADM0_TLC":"KOR","ADM0_A3_US":"KOR","ADM0_A3_FR":"KOR","ADM0_A3_RU":"KOR","ADM0_A3_ES":"KOR","ADM0_A3_CN":"KOR","ADM0_A3_TW":"KOR","ADM0_A3_IN":"KOR","ADM0_A3_NP":"KOR","ADM0_A3_PK":"KOR","ADM0_A3_DE":"KOR","ADM0_A3_GB":"KOR","ADM0_A3_BR":"KOR","ADM0_A3_IL":"KOR","ADM0_A3_PS":"KOR","ADM0_A3_SA":"KOR","ADM0_A3_EG":"KOR","ADM0_A3_MA":"KOR","ADM0_A3_PT":"KOR","ADM0_A3_AR":"KOR","ADM0_A3_JP":"KOR","ADM0_A3_KO":"KOR","ADM0_A3_VN":"KOR","ADM0_A3_TR":"KOR","ADM0_A3_ID":"KOR","ADM0_A3_PL":"KOR","ADM0_A3_GR":"KOR","ADM0_A3_IT":"KOR","ADM0_A3_NL":"KOR","ADM0_A3_SE":"KOR","ADM0_A3_BD":"KOR","ADM0_A3_UA":"KOR","ADM0_A3_UN":-99,"ADM0_A3_WB":-99,"CONTINENT":"Asia","REGION_UN":"Asia","SUBREGION":"Eastern Asia","REGION_WB":"East Asia & Pacific","NAME_LEN":11,"LONG_LEN":17,"ABBREV_LEN":4,"TINY":-99,"HOMEPART":1,"MIN_ZOOM":0,"MIN_LABEL":2.5,"MAX_LABEL":7,"LABEL_X":128.129504,"LABEL_Y":36.384924,"NE_ID":1159320985,"WIKIDATAID":"Q884","NAME_AR":"كوريا الجنوبية","NAME_BN":"দক্ষিণ কোরিয়া","NAME_DE":"Südkorea","NAME_EN":"South Korea","NAME_ES":"Corea del Sur","NAME_FA":"کره جنوبی","NAME_FR":"Corée du Sud","NAME_EL":"Νότια Κορέα","NAME_HE":"קוריאה הדרומית","NAME_HI":"दक्षिण कोरिया","NAME_HU":"Dél-Korea","NAME_ID":"Korea Selatan","NAME_IT":"Corea del Sud","NAME_JA":"大韓民国","NAME_KO":"대한민국","NAME_NL":"Zuid-Korea","NAME_PL":"Korea Południowa","NAME_PT":"Coreia do Sul","NAME_RU":"Республика Корея","NAME_SV":"Sydkorea","NAME_TR":"Güney Kore","NAME_UK":"Південна Корея","NAME_UR":"جنوبی کوریا","NAME_VI":"Hàn Quốc","NAME_ZH":"大韩民国","NAME_ZHT":"大韓民國","FCLASS_ISO":"Admin-0 country","TLC_DIFF":null,"FCLASS_TLC":"Admin-0 country","FCLASS_US":null,"FCLASS_FR":null,"FCLASS_RU":null,"FCLASS_ES":null,"FCLASS_CN":null,"FCLASS_TW":null,"FCLASS_IN":null,"FCLASS_NP":null,"FCLASS_PK":null,"FCLASS_DE":null,"FCLASS_GB":null,"FCLASS_BR":null,"FCLASS_IL":null,"FCLASS_PS":null,"FCLASS_SA":null,"FCLASS_EG":null,"FCLASS_MA":null,"FCLASS_PT":null,"FCLASS_AR":null,"FCLASS_JP":null,"FCLASS_KO":null,"FCLASS_VN":null,"FCLASS_TR":null,"FCLASS_ID":null,"FCLASS_PL":null,"FCLASS_GR":null,"FCLASS_IT":null,"FCLASS_NL":null,"FCLASS_SE":null,"FCLASS_BD":null,"FCLASS_UA":null},"geometry":{"type":"Polygon","coordinates":[[[126.17475900000001,35.28204152183664],[126.23733899999999,35.35604124107073],[126.68371999999998,35.32699757983536],[127.073309,35.694391906930264],[127.780035,35.733706872121026],[128.205746,35.78715093736739],[128.349716,35.98309289039485],[129.21292,35.02261470230576],[129.46045,34.49006534233997],[129.468304,33.53513709208284],[129.091377,33.075760719150885],[128.18585,32.914637563830304],[127.38651900000002,32.56581888948941],[126.485748,32.49362485148468],[126.37392000000001,32.9517205834122],[126.559231,33.578803928266595],[126.11739800000001,34.44166604086977],[126.86014300000001,34.58046253986412],[126.17475900000001,35.28204152183664]]]}},{"type":"Feature","bbox":[87.751264,41.59741,119.772824,52.047366],"properties":{"featurecla":"Admin-0 country","scalerank":1,"LABELRANK":3,"SOVEREIGNT":"Mongolia","SOV_A3":"MNG","ADM0_DIF":0,"LEVEL":2,"TYPE":"Sovereign country","TLC":"1","ADMIN":"Mongolia","ADM0_A3":"MNG","GEOU_DIF":0,"GEOUNIT":"Mongolia","GU_A3":"MNG","SU_DIF":0,"SUBUNIT":"Mongolia","SU_A3":"MNG","BRK_DIFF":0,"NAME":"Mongolia","NAME_LONG":"Mongolia","BRK_A3":"MNG","BRK_NAME":"Mongolia","BRK_GROUP":null,"ABBREV":"Mong.","POSTAL":"MN","FORMAL_EN":"Mongolia","FORMAL_FR":null,"NAME_CIAWF":"Mongolia","NOTE_ADM0":null,"NOTE_BRK":null,"NAME_SORT":"Mongolia","NAME_ALT":null,"MAPCOLOR7":3,"MAPCOLOR8":5,"MAPCOLOR9":5,"MAPCOLOR13":6,"POP_EST":3225167,"POP_RANK":12,"POP_YEAR":2019,"GDP_MD":13996,"GDP_YEAR":2019,"ECONOMY":"6. Developing region","INCOME_GRP":"4. Lower middle income","FIPS_10":"MG","ISO_A2":"MN","ISO_A2_EH":"MN","ISO_A3":"MNG","ISO_A3_EH":"MNG","ISO_N3":"496","ISO_N3_EH":"496","UN_A3":"496","WB_A2":"MN","WB_A3":"MNG","WOE_ID":23424887,"WOE_ID_EH":23424887,"WOE_NOTE":"Exact WOE match as country","ADM0_ISO":"MNG","ADM0_DIFF":null,"ADM0_TLC":"MNG","ADM0_A3_US":"MNG","ADM0_A3_FR":"MNG","ADM0_A3_RU":"MNG","ADM0_A3_ES":"MNG","ADM0_A3_CN":"MNG","ADM0_A3_TW":"MNG","ADM0_A3_IN":"MNG","ADM0_A3_NP":"MNG","ADM0_A3_PK":"MNG","ADM0_A3_DE":"MNG","ADM0_A3_GB":"MNG","ADM0_A3_BR":"MNG","ADM0_A3_IL":"MNG","ADM0_A3_PS":"MNG","ADM0_A3_SA":"MNG","ADM0_A3_EG":"MNG","ADM0_A3_MA":"MNG","ADM0_A3_PT":"MNG","ADM0_A3_AR":"MNG","ADM0_A3_JP":"MNG","ADM0_A3_KO":"MNG","ADM0_A3_VN":"MNG","ADM0_A3_TR":"MNG","ADM0_A3_ID":"MNG","ADM0_A3_PL":"MNG","ADM0_A3_GR":"MNG","ADM0_A3_IT":"MNG","ADM0_A3_NL":"MNG","ADM0_A3_SE":"MNG","ADM0_A3_BD":"MNG","ADM0_A3_UA":"MNG","ADM0_A3_UN":-99,"ADM0_A3_WB":-99,"CONTINENT":"Asia","REGION_UN":"Asia","SUBREGION":"Eastern Asia","REGION_WB":"East Asia & Pacific","NAME_LEN":8,"LONG_LEN":8,"ABBREV_LEN":5,"TINY":-99,"HOMEPART":1,"MIN_ZOOM":0,"MIN_LABEL":3,"MAX_LABEL":7,"LABEL_X":104.150405,"LABEL_Y":45.997488,"NE_ID":1159321071,"WIKIDATAID":"Q711","NAME_AR":"منغوليا","NAME_BN":"মঙ্গোলিয়া","NAME_DE":"Mongolei","NAME_EN":"Mongolia","NAME_ES":"Mongolia","NAME_FA":"مغولستان","NAME_FR":"Mongolie","NAME_EL":"Μογγολία","NAME_HE":"מונגוליה","NAME_HI":"मंगोलिया","NAME_HU":"Mongólia","NAME_ID":"Mongolia","NAME_IT":"Mongolia","NAME_JA":"モンゴル国","NAME_KO":"몽골","NAME_NL":"Mongolië","NAME_PL":"Mongolia","NAME_PT":"Mongólia","NAME_RU":"Монголия","NAME_SV":"Mongoliet","NAME_TR":"Moğolistan","NAME_UK":"Монголія","NAME_UR":"منگولیا","NAME_VI":"Mông Cổ","NAME_ZH":"蒙古国","NAME_ZHT":"蒙古國","FCLASS_ISO":"Admin-0 country","TLC_DIFF":null,"FCLASS_TLC":"Admin-0 country","FCLASS_US":null,"FCLASS_FR":null,"FCLASS_RU":null,"FCLASS_ES":null,"FCLASS_CN":null,"FCLASS_TW":null,"FCLASS_IN":null,"FCLASS_NP":null,"FCLASS_PK":null,"FCLASS_DE":null,"FCLASS_GB":null,"FCLASS_BR":null,"FCLASS_IL":null,"FCLASS_PS":null,"FCLASS_SA":null,"FCLASS_EG":null,"FCLASS_MA":null,"FCLASS_PT":null,"FCLASS_AR":null,"FCLASS_JP":null,"FCLASS_KO":null,"FCLASS_VN":null,"FCLASS_TR":null,"FCLASS_ID":null,"FCLASS_PL":null,"FCLASS_GR":null,"FCLASS_IT":null,"FCLASS_NL":null,"FCLASS_SE":null,"FCLASS_BD":null,"FCLASS_UA":null},"geometry":{"type":"Polygon","coordinates":[[[87.751264,44.14390558883867],[88.805567,44.268149902697544],[90.713667,44.881667685250925],[92.234712,45.213982589128854],[93.10421,44.9973859712911],[94.14756599999998,44.986952599336504],[94.815949,44.65563298345561],[95.81402000000001,44.63003816213112],[97.25976,44.45084450488605],[98.231762,44.94582013224335],[97.82574,45.360900692660294],[98.861491,46.08440978106104],[99.981732,45.796959067923716],[100.88948000000002,45.71522185758511],[102.06521,45.535527709148944],[102.25588999999998,45.00818296703956],[103.676545,44.71004871318174],[104.62158,44.841625469734346],[105.886591,44.93422418929122],[106.888804,44.84089938912046],[107.868176,44.49912016074905],[108.47516700000001,44.13339191811143],[109.402449,44.14086506980231],[110.662011,44.02389562677964],[111.581231,44.201837106913764],[112.89774,44.32043204041925],[114.36245600000001,44.82246564787008],[114.96211,44.7457711873928],[115.48569500000002,44.50730211922042],[116.678801,44.566716639069696],[116.191802,44.027109693260535],[115.48528199999998,43.30431058367791],[115.742837,43.00606263092059],[116.308953,43.09876660096955],[117.295507,42.9849717773042],[118.064143,43.25432981432436],[118.866574,43.021063039629674],[119.772824,42.507895443848575],[119.66327,42.24536681961925],[118.874326,42.32876401829237],[117.42170100000001,42.23059887610837],[116.71786800000001,42.019567593360975],[115.98509600000001,41.5266297104426],[114.46033199999998,41.235940305289525],[113.463907,40.83546605414061],[112.43606199999999,40.98868951148206],[111.87330600000001,41.05691653503881],[111.34837699999999,40.569028568242935],[111.667737,40.27649503067544],[111.829588,40.02421403666373],[111.12968200000002,39.76621117055045],[110.41210300000002,39.35328665158063],[109.243596,39.08073710684595],[107.74477300000001,39.051287482366455],[106.129316,38.78115310860063],[104.96499400000002,38.3613748841736],[104.52228200000002,38.60477347233386],[103.312278,38.60408655824129],[101.83303999999998,39.07718718789092],[100.84586599999999,39.192707198089856],[99.515817,39.08480846465502],[97.451757,39.25862002233497],[96.349396,39.24061142288786],[95.76245500000002,39.69900897990057],[95.306875,40.40466439633238],[94.688929,40.48913697329666],[93.480734,40.961378309253426],[92.133891,41.06671629015266],[90.94554,41.195512238663916],[90.585768,41.52100038374321],[90.970809,42.38989895742958],[90.280826,42.98192852653511],[88.854298,43.25604279696383],[88.013832,43.64109312748351],[87.751264,44.14390558883867]]]}},{"type":"Feature","bbox":[68.176645,7.965535,97.402561,35.49401],"properties":{"featurecla":"Admin-0 country","scalerank":1,"LABELRANK":2,"SOVEREIGNT":"India","SOV_A3":"IND","ADM0_DIF":0,"LEVEL":2,"TYPE":"Sovereign country","TLC":"1","ADMIN":"India","ADM0_A3":"IND","GEOU_DIF":0,"GEOUNIT":"India","GU_A3":"IND","SU_DIF":0,"SUBUNIT":"India","SU_A3":"IND","BRK_DIFF":0,"NAME":"India","NAME_LONG":"India","BRK_A3":"IND","BRK_NAME":"India","BRK_GROUP":null,"ABBREV":"India","POSTAL":"IND","FORMAL_EN":"Republic of India","FORMAL_FR":null,"NAME_CIAWF":"India","NOTE_ADM0":null,"NOTE_BRK":null,"NAME_SORT":"India","NAME_ALT":null,"MAPCOLOR7":1,"MAPCOLOR8":3,"MAPCOLOR9":2,"MAPCOLOR13":2,"POP_EST":1366417754,"POP_RANK":18,"POP_YEAR":2019,"GDP_MD":2868929,"GDP_YEAR":2019,"ECONOMY":"3. Emerging region: BRIC","INCOME_GRP":"4. Lower middle income","FIPS_10":"IN","ISO_A2":"IN","ISO_A2_EH":"IN","ISO_A3":"IND","ISO_A3_EH":"IND","ISO_N3":"356","ISO_N3_EH":"356","UN_A3":"356","WB_A2":"IN","WB_A3":"IND","WOE_ID":23424848,"WOE_ID_EH":23424848,"WOE_NOTE":"Exact WOE match as country","ADM0_ISO":"IND","ADM0_DIFF":null,"ADM0_TLC":"IND","ADM0_A3_US":"IND","ADM0_A3_FR":"IND","ADM0_A3_RU":"IND","ADM0_A3_ES":"IND","ADM0_A3_CN":"IND","ADM0_A3_TW":"IND","ADM0_A3_IN":"IND","ADM0_A3_NP":"IND","ADM0_A3_PK":"IND","ADM0_A3_DE":"IND","ADM0_A3_GB":"IND","ADM0_A3_BR":"IND","ADM0_A3_IL":"IND","ADM0_A3_PS":"IND","ADM0_A3_SA":"IND","ADM0_A3_EG":"IND","ADM0_A3_MA":"IND","ADM0_A3_PT":"IND","ADM0_A3_AR":"IND","ADM0_A3_JP":"IND","ADM0_A3_KO":"IND","ADM0_A3_VN":"IND","ADM0_A3_TR":"IND","ADM0_A3_ID":"IND","ADM0_A3_PL":"IND","ADM0_A3_GR":"IND","ADM0_A3_IT":"IND","ADM0_A3_NL":"IND","ADM0_A3_SE":"IND","ADM0_A3_BD":"IND","ADM0_A3_UA":"IND","ADM0_A3_UN":-99,"ADM0_A3_WB":-99,"CONTINENT":"Asia","REGION_UN":"Asia","SUBREGION":"Southern Asia","REGION_WB":"South Asia","NAME_LEN":5,"LONG_LEN":5,"ABBREV_LEN":5,"TINY":-99,"HOMEPART":1,"MIN_ZOOM":0,"MIN_LABEL":1.7,"MAX_LABEL":6.7,"LABEL_X":79.358105,"LABEL_Y":22.686852,"NE_ID":1159320847,"WIKIDATAID":"Q668","NAME_AR":"الهند","NAME_BN":"ভারত","NAME_DE":"Indien","NAME_EN":"India","NAME_ES":"India","NAME_FA":"هند","NAME_FR":"Inde","NAME_EL":"Ινδία","NAME_HE":"הודו","NAME_HI":"भारत","NAME_HU":"India","NAME_ID":"India","NAME_IT":"India","NAME_JA":"インド","NAME_KO":"인도","NAME_NL":"India","NAME_PL":"Indie","NAME_PT":"Índia","NAME_RU":"Индия","NAME_SV":"Indien","NAME_TR":"Hindistan","NAME_UK":"Індія","NAME_UR":"بھارت","NAME_VI":"Ấn Độ","NAME_ZH":"印度","NAME_ZHT":"印度","FCLASS_ISO":"Admin-0 country","TLC_DIFF":null,"FCLASS_TLC":"Admin-0 country","FCLASS_US":null,"FCLASS_FR":null,"FCLASS_RU":null,"FCLASS_ES":null,"FCLASS_CN":null,"FCLASS_TW":null,"FCLASS_IN":null,"FCLASS_NP":null,"FCLASS_PK":null,"FCLASS_DE":null,"FCLASS_GB":null,"FCLASS_BR":null,"FCLASS_IL":null,"FCLASS_PS":null,"FCLASS_SA":null,"FCLASS_EG":null,"FCLASS_MA":null,"FCLASS_PT":null,"FCLASS_AR":null,"FCLASS_JP":null,"FCLASS_KO":null,"FCLASS_VN":null,"FCLASS_TR":null,"FCLASS_ID":null,"FCLASS_PL":null,"FCLASS_GR":null,"FCLASS_IT":null,"FCLASS_NL":null,"FCLASS_SE":null,"FCLASS_BD":null,"FCLASS_UA":null},"geometry":{"type":"Polygon","coordinates":[[[97.32711400000001,27.18069205789816],[97.402561,26.842995029220248],[97.051989,26.679169992543514],[97.133999,26.12807244562393],[96.419366,26.290297337786406],[95.12476800000002,25.669112598956453],[95.155153,25.152213663297108],[94.603249,24.390591500738584],[94.552658,23.946045777524677],[94.10674200000001,23.19033186814971],[93.32518800000001,23.39957550683516],[93.286327,22.446419209319547],[93.060294,22.13131724567519],[93.166128,21.737406741860912],[92.672721,21.516885812526148],[92.14603499999998,22.98497035476223],[91.86992800000002,22.982067648704966],[91.706475,22.39243881974781],[91.158963,22.870792671819586],[91.46773,23.394145023953136],[91.91509300000001,23.447160020698803],[92.376202,24.221258943908907],[91.79959600000001,24.376872106552177],[90.872211,24.36336256364716],[89.920693,24.4882363577072],[89.832481,25.119419046487874],[89.355094,25.164070969310117],[88.56304900000002,25.554549749486604],[88.20978899999999,24.940905872207445],[88.931554,24.459968962374784],[88.306373,24.120342612849928],[88.084422,23.787307858309227],[88.69994,23.541897161654635],[88.52977,22.988324085582768],[88.876312,22.294287934544574],[89.031961,21.530345837413673],[88.88876600000002,21.19030722260365],[88.208497,21.202039889178387],[86.975704,21.00835630691628],[87.03316899999999,20.30446839628578],[86.49935099999999,19.748576958037596],[85.060266,19.11385841588136],[83.941006,17.998478304102616],[83.189217,17.397546583918558],[82.192792,16.771851130834804],[82.191242,16.33093954288067],[81.692719,16.094295309033242],[80.791999,15.749792759450713],[80.324896,15.698981236590809],[80.02506900000002,14.963361196854432],[80.233274,13.70323232255414],[80.286294,12.895976822015493],[79.862547,11.968218785243463],[79.857999,10.301323574844355],[79.34051199999999,10.25367948288646],[78.88534500000002,9.502274230157447],[79.18972,9.177051890619005],[78.277941,8.897074248316414],[77.941165,8.224567550292806],[77.539898,7.939998785589775],[76.592979,8.863708070034377],[76.130061,10.244602666896888],[75.746467,11.235542112711665],[75.396101,11.699092964912374],[74.864816,12.638187106420478],[74.616717,13.855531231540962],[74.443859,14.461192621197707],[73.534199,15.787017152652181],[73.119909,17.642957094085332],[72.820909,18.85822102110444],[72.824475,20.00048748368562],[72.63053300000001,20.878022870378064],[71.175273,20.31772263078382],[70.470459,20.430112357886674],[69.16413,21.56158867626824],[69.644928,21.897379275308563],[69.349597,22.261006520670627],[68.176645,23.044305179916602],[68.842599,23.656826991249876],[71.04324,23.65443630021514],[70.844699,24.438494316470564],[70.282873,24.89933647703707],[70.168927,25.595452790851656],[69.514393,25.99978743653226],[70.616496,26.938122087832284],[71.777666,26.87033375084049],[72.823752,27.80165273190972],[73.450638,28.695596379760023],[74.42138,29.572039141706373],[74.405929,30.190096353871837],[75.258642,30.68882679722397],[74.451559,31.1125302970268],[74.10429400000001,31.690007647418028],[73.749948,32.43258299648585],[74.24020300000001,32.79577974367628],[75.757061,32.59046578919456],[76.87172199999999,32.71559769444927],[77.837451,33.41992175477368],[78.912269,32.43615905133799],[78.81108600000002,31.745065980191075],[79.208892,31.308809808477594],[79.176129,30.871543610829963],[78.45844600000001,30.986818608646686],[78.73889399999999,30.037216754023614],[79.721367,29.487552492752865],[81.111256,28.877075114932328],[80.47672100000001,28.479105588645645],[80.088425,27.65372159950862],[81.057203,27.318056596666185],[81.99998699999999,26.88130431608011],[83.304249,26.379844444103327],[84.675018,26.263677167904884],[85.25177899999998,25.80659657275375],[86.024393,25.7208483124361],[87.227472,25.510670756175433],[88.06023800000001,25.52575698572568],[88.174804,25.88238122704225],[88.043133,26.45266718651314],[88.120441,26.837646773031274],[88.730326,27.025159994736292],[88.814248,26.32142804692065],[88.835643,26.141711207844146],[89.74452800000002,25.800479089327695],[90.373275,25.941133581770195],[91.21751299999998,25.880800457520834],[92.033484,25.907484464443506],[92.103712,26.458750607425948],[91.696657,26.74409626785633],[92.503119,26.855789131376117],[93.413348,27.51736922776229],[94.56599,28.08067988022569],[95.40480199999999,27.863665315704043],[96.117679,28.23528943134504],[96.586591,27.686056234754336],[96.248833,27.313557279939523],[97.32711400000001,27.18069205789816]]]}},{"type":"Feature","bbox":[88.084422,20.670883,92.672721,26.446526],"properties":{"featurecla":"Admin-0 country","scalerank":1,"LABELRANK":3,"SOVEREIGNT":"Bangladesh","SOV_A3":"BGD","ADM0_DIF":0,"LEVEL":2,"TYPE":"Sovereign country","TLC":"1","ADMIN":"Bangladesh","ADM0_A3":"BGD","GEOU_DIF":0,"GEOUNIT":"Bangladesh","GU_A3":"BGD","SU_DIF":0,"SUBUNIT":"Bangladesh","SU_A3":"BGD","BRK_DIFF":0,"NAME":"Bangladesh","NAME_LONG":"Bangladesh","BRK_A3":"BGD","BRK_NAME":"Bangladesh","BRK_GROUP":null,"ABBREV":"Bang.","POSTAL":"BD","FORMAL_EN":"People's Republic of Bangladesh","FORMAL_FR":null,"NAME_CIAWF":"Bangladesh","NOTE_ADM0":null,"NOTE_BRK":null,"NAME_SORT":"Bangladesh","NAME_ALT":null,"MAPCOLOR7":3,"MAPCOLOR8":4,"MAPCOLOR9":7,"MAPCOLOR13":7,"POP_EST":163046161,"POP_RANK":17,"POP_YEAR":2019,"GDP_MD":302571,"GDP_YEAR":2019,"ECONOMY":"7. Least developed region","INCOME_GRP":"5. Low income","FIPS_10":"BG","ISO_A2":"BD","ISO_A2_EH":"BD","ISO_A3":"BGD","ISO_A3_EH":"BGD","ISO_N3":"050","ISO_N3_EH":"050","UN_A3":"050","WB_A2":"BD","WB_A3":"BGD","WOE_ID":23424759,"WOE_ID_EH":23424759,"WOE_NOTE":"Exact WOE match as country","ADM0_ISO":"BGD","ADM0_DIFF":null,"ADM0_TLC":"BGD","ADM0_A3_US":"BGD","ADM0_A3_FR":"BGD","ADM0_A3_RU":"BGD","ADM0_A3_ES":"BGD","ADM0_A3_CN":"BGD","ADM0_A3_TW":"BGD","ADM0_A3_IN":"BGD","ADM0_A3_NP":"BGD","ADM0_A3_PK":"BGD","ADM0_A3_DE":"BGD","ADM0_A3_GB":"BGD","ADM0_A3_BR":"BGD","ADM0_A3_IL":"BGD","ADM0_A3_PS":"BGD","ADM0_A3_SA":"BGD","ADM0_A3_EG":"BGD","ADM0_A3_MA":"BGD","ADM0_A3_PT":"BGD","ADM0_A3_AR":"BGD","ADM0_A3_JP":"BGD","ADM0_A3_KO":"BGD","ADM0_A3_VN":"BGD","ADM0_A3_TR":"BGD","ADM0_A3_ID":"BGD","ADM0_A3_PL":"BGD","ADM0_A3_GR":"BGD","ADM0_A3_IT":"BGD","ADM0_A3_NL":"BGD","ADM0_A3_SE":"BGD","ADM0_A3_BD":"BGD","ADM0_A3_UA":"BGD","ADM0_A3_UN":-99,"ADM0_A3_WB":-99,"CONTINENT":"Asia","REGION_UN":"Asia","SUBREGION":"Southern Asia","REGION_WB":"South Asia","NAME_LEN":10,"LONG_LEN":10,"ABBREV_LEN":5,"TINY":-99,"HOMEPART":1,"MIN_ZOOM":0,"MIN_LABEL":3,"MAX_LABEL":8,"LABEL_X":89.684963,"LABEL_Y":24.214956,"NE_ID":1159320407,"WIKIDATAID":"Q902","NAME_AR":"بنغلاديش","NAME_BN":"বাংলাদেশ","NAME_DE":"Bangladesch","NAME_EN":"Bangladesh","NAME_ES":"Bangladés","NAME_FA":"بنگلادش","NAME_FR":"Bangladesh","NAME_EL":"Μπανγκλαντές","NAME_HE":"בנגלדש","NAME_HI":"बांग्लादेश","NAME_HU":"Banglades","NAME_ID":"Bangladesh","NAME_IT":"Bangladesh","NAME_JA":"バングラデシュ","NAME_KO":"방글라데시","NAME_NL":"Bangladesh","NAME_PL":"Bangladesz","NAME_PT":"Bangladesh","NAME_RU":"Бангладеш","NAME_SV":"Bangladesh","NAME_TR":"Bangladeş","NAME_UK":"Бангладеш","NAME_UR":"بنگلہ دیش","NAME_VI":"Bangladesh","NAME_ZH":"孟加拉国","NAME_ZHT":"孟加拉","FCLASS_ISO":"Admin-0 country","TLC_DIFF":null,"FCLASS_TLC":"Admin-0 country","FCLASS_US":null,"FCLASS_FR":null,"FCLASS_RU":null,"FCLASS_ES":null,"FCLASS_CN":null,"FCLASS_TW":null,"FCLASS_IN":null,"FCLASS_NP":null,"FCLASS_PK":null,"FCLASS_DE":null,"FCLASS_GB":null,"FCLASS_BR":null,"FCLASS_IL":null,"FCLASS_PS":null,"FCLASS_SA":null,"FCLASS_EG":null,"FCLASS_MA":null,"FCLASS_PT":null,"FCLASS_AR":null,"FCLASS_JP":null,"FCLASS_KO":null,"FCLASS_VN":null,"FCLASS_TR":null,"FCLASS_ID":null,"FCLASS_PL":null,"FCLASS_GR":null,"FCLASS_IT":null,"FCLASS_NL":null,"FCLASS_SE":null,"FCLASS_BD":null,"FCLASS_UA":null},"geometry":{"type":"Polygon","coordinates":[[[92.672721,21.516885812526148],[92.652257,20.848157422846835],[92.303234,20.989612685282104],[92.368554,20.236528866570747],[92.08288600000002,20.724886872918592],[92.02521500000002,21.20054631952397],[91.83489100000001,21.648647996196527],[91.417087,22.18865236113278],[90.496006,22.225683440961586],[90.586957,21.84357126716498],[90.272971,21.326167690617496],[89.847467,21.514938661667706],[89.70205000000001,21.34549370310731],[89.41886300000002,21.447040018803023],[89.031961,21.530345837413673],[88.876312,22.294287934544574],[88.52977,22.988324085582768],[88.69994,23.541897161654635],[88.084422,23.787307858309227],[88.306373,24.120342612849928],[88.931554,24.459968962374784],[88.20978899999999,24.940905872207445],[88.56304900000002,25.554549749486604],[89.355094,25.164070969310117],[89.832481,25.119419046487874],[89.920693,24.4882363577072],[90.872211,24.36336256364716],[91.79959600000001,24.376872106552177],[92.376202,24.221258943908907],[91.91509300000001,23.447160020698803],[91.46773,23.394145023953136],[91.158963,22.870792671819586],[91.706475,22.39243881974781],[91.86992800000002,22.982067648704966],[92.14603499999998,22.98497035476223],[92.672721,21.516885812526148]]]}},{"type":"Feature","bbox":[88.814248,26.719403,92.103712,28.296439],"properties":{"featurecla":"Admin-0 country","scalerank":1,"LABELRANK":5,"SOVEREIGNT":"Bhutan","SOV_A3":"BTN","ADM0_DIF":0,"LEVEL":2,"TYPE":"Sovereign country","TLC":"1","ADMIN":"Bhutan","ADM0_A3":"BTN","GEOU_DIF":0,"GEOUNIT":"Bhutan","GU_A3":"BTN","SU_DIF":0,"SUBUNIT":"Bhutan","SU_A3":"BTN","BRK_DIFF":0,"NAME":"Bhutan","NAME_LONG":"Bhutan","BRK_A3":"BTN","BRK_NAME":"Bhutan","BRK_GROUP":null,"ABBREV":"Bhutan","POSTAL":"BT","FORMAL_EN":"Kingdom of Bhutan","FORMAL_FR":null,"NAME_CIAWF":"Bhutan","NOTE_ADM0":null,"NOTE_BRK":null,"NAME_SORT":"Bhutan","NAME_ALT":null,"MAPCOLOR7":5,"MAPCOLOR8":6,"MAPCOLOR9":1,"MAPCOLOR13":8,"POP_EST":763092,"POP_RANK":11,"POP_YEAR":2019,"GDP_MD":2530,"GDP_YEAR":2019,"ECONOMY":"7. Least developed region","INCOME_GRP":"4. Lower middle income","FIPS_10":"BT","ISO_A2":"BT","ISO_A2_EH":"BT","ISO_A3":"BTN","ISO_A3_EH":"BTN","ISO_N3":"064","ISO_N3_EH":"064","UN_A3":"064","WB_A2":"BT","WB_A3":"BTN","WOE_ID":23424770,"WOE_ID_EH":23424770,"WOE_NOTE":"Exact WOE match as country","ADM0_ISO":"BTN","ADM0_DIFF":null,"ADM0_TLC":"BTN","ADM0_A3_US":"BTN","ADM0_A3_FR":"BTN","ADM0_A3_RU":"BTN","ADM0_A3_ES":"BTN","ADM0_A3_CN":"BTN","ADM0_A3_TW":"BTN","ADM0_A3_IN":"BTN","ADM0_A3_NP":"BTN","ADM0_A3_PK":"BTN","ADM0_A3_DE":"BTN","ADM0_A3_GB":"BTN","ADM0_A3_BR":"BTN","ADM0_A3_IL":"BTN","ADM0_A3_PS":"BTN","ADM0_A3_SA":"BTN","ADM0_A3_EG":"BTN","ADM0_A3_MA":"BTN","ADM0_A3_PT":"BTN","ADM0_A3_AR":"BTN","ADM0_A3_JP":"BTN","ADM0_A3_KO":"BTN","ADM0_A3_VN":"BTN","ADM0_A3_TR":"BTN","ADM0_A3_ID":"BTN","ADM0_A3_PL":"BTN","ADM0_A3_GR":"BTN","ADM0_A3_IT":"BTN","ADM0_A3_NL":"BTN","ADM0_A3_SE":"BTN","ADM0_A3_BD":"BTN","ADM0_A3_UA":"BTN","ADM0_A3_UN":-99,"ADM0_A3_WB":-99,"CONTINENT":"Asia","REGION_UN":"Asia","SUBREGION":"Southern Asia","REGION_WB":"South Asia","NAME_LEN":6,"LONG_LEN":6,"ABBREV_LEN":6,"TINY":-99,"HOMEPART":1,"MIN_ZOOM":0,"MIN_LABEL":4,"MAX_LABEL":9,"LABEL_X":90.040294,"LABEL_Y":27.536685,"NE_ID":1159320453,"WIKIDATAID":"Q917","NAME_AR":"بوتان","NAME_BN":"ভুটান","NAME_DE":"Bhutan","NAME_EN":"Bhutan","NAME_ES":"Bután","NAME_FA":"بوتان","NAME_FR":"Bhoutan","NAME_EL":"Μπουτάν","NAME_HE":"בהוטן","NAME_HI":"भूटान","NAME_HU":"Bhután","NAME_ID":"Bhutan","NAME_IT":"Bhutan","NAME_JA":"ブータン","NAME_KO":"부탄","NAME_NL":"Bhutan","NAME_PL":"Bhutan","NAME_PT":"Butão","NAME_RU":"Бутан","NAME_SV":"Bhutan","NAME_TR":"Bhutan","NAME_UK":"Бутан","NAME_UR":"بھوٹان","NAME_VI":"Bhutan","NAME_ZH":"不丹","NAME_ZHT":"不丹","FCLASS_ISO":"Admin-0 country","TLC_DIFF":null,"FCLASS_TLC":"Admin-0 country","FCLASS_US":null,"FCLASS_FR":null,"FCLASS_RU":null,"FCLASS_ES":null,"FCLASS_CN":null,"FCLASS_TW":null,"FCLASS_IN":null,"FCLASS_NP":null,"FCLASS_PK":null,"FCLASS_DE":null,"FCLASS_GB":null,"FCLASS_BR":null,"FCLASS_IL":null,"FCLASS_PS":null,"FCLASS_SA":null,"FCLASS_EG":null,"FCLASS_MA":null,"FCLASS_PT":null,"FCLASS_AR":null,"FCLASS_JP":null,"FCLASS_KO":null,"FCLASS_VN":null,"FCLASS_TR":null,"FCLASS_ID":null,"FCLASS_PL":null,"FCLASS_GR":null,"FCLASS_IT":null,"FCLASS_NL":null,"FCLASS_SE":null,"FCLASS_BD":null,"FCLASS_UA":null},"geometry":{"type":"Polygon","coordinates":[[[91.696657,26.74409626785633],[92.103712,26.458750607425948],[92.033484,25.907484464443506],[91.21751299999998,25.880800457520834],[90.373275,25.941133581770195],[89.74452800000002,25.800479089327695],[88.835643,26.141711207844146],[88.814248,26.32142804692065],[89.47581000000001,26.985863188521314],[90.015829,27.211694612902907],[90.730514,27.005639825283186],[91.258854,26.98395172307772],[91.696657,26.74409626785633]]]}},{"type":"Feature","bbox":[80.088425,26.397898,88.174804,30.422717],"properties":{"featurecla":"Admin-0 country","scalerank":1,"LABELRANK":3,"SOVEREIGNT":"Nepal","SOV_A3":"NPL","ADM0_DIF":0,"LEVEL":2,"TYPE":"Sovereign country","TLC":"1","ADMIN":"Nepal","ADM0_A3":"NPL","GEOU_DIF":0,"GEOUNIT":"Nepal","GU_A3":"NPL","SU_DIF":0,"SUBUNIT":"Nepal","SU_A3":"NPL","BRK_DIFF":0,"NAME":"Nepal","NAME_LONG":"Nepal","BRK_A3":"NPL","BRK_NAME":"Nepal","BRK_GROUP":null,"ABBREV":"Nepal","POSTAL":"NP","FORMAL_EN":"Nepal","FORMAL_FR":null,"NAME_CIAWF":"Nepal","NOTE_ADM0":null,"NOTE_BRK":null,"NAME_SORT":"Nepal","NAME_ALT":null,"MAPCOLOR7":2,"MAPCOLOR8":2,"MAPCOLOR9":3,"MAPCOLOR13":12,"POP_EST":28608710,"POP_RANK":15,"POP_YEAR":2019,"GDP_MD":30641,"GDP_YEAR":2019,"ECONOMY":"7. Least developed region","INCOME_GRP":"5. Low income","FIPS_10":"NP","ISO_A2":"NP","ISO_A2_EH":"NP","ISO_A3":"NPL","ISO_A3_EH":"NPL","ISO_N3":"524","ISO_N3_EH":"524","UN_A3":"524","WB_A2":"NP","WB_A3":"NPL","WOE_ID":23424911,"WOE_ID_EH":23424911,"WOE_NOTE":"Exact WOE match as country","ADM0_ISO":"NPL","ADM0_DIFF":null,"ADM0_TLC":"NPL","ADM0_A3_US":"NPL","ADM0_A3_FR":"NPL","ADM0_A3_RU":"NPL","ADM0_A3_ES":"NPL","ADM0_A3_CN":"NPL","ADM0_A3_TW":"NPL","ADM0_A3_IN":"NPL","ADM0_A3_NP":"NPL","ADM0_A3_PK":"NPL","ADM0_A3_DE":"NPL","ADM0_A3_GB":"NPL","ADM0_A3_BR":"NPL","ADM0_A3_IL":"NPL","ADM0_A3_PS":"NPL","ADM0_A3_SA":"NPL","ADM0_A3_EG":"NPL","ADM0_A3_MA":"NPL","ADM0_A3_PT":"NPL","ADM0_A3_AR":"NPL","ADM0_A3_JP":"NPL","ADM0_A3_KO":"NPL","ADM0_A3_VN":"NPL","ADM0_A3_TR":"NPL","ADM0_A3_ID":"NPL","ADM0_A3_PL":"NPL","ADM0_A3_GR":"NPL","ADM0_A3_IT":"NPL","ADM0_A3_NL":"NPL","ADM0_A3_SE":"NPL","ADM0_A3_BD":"NPL","ADM0_A3_UA":"NPL","ADM0_A3_UN":-99,"ADM0_A3_WB":-99,"CONTINENT":"Asia","REGION_UN":"Asia","SUBREGION":"Southern Asia","REGION_WB":"South Asia","NAME_LEN":5,"LONG_LEN":5,"ABBREV_LEN":5,"TINY":-99,"HOMEPART":1,"MIN_ZOOM":0,"MIN_LABEL":3,"MAX_LABEL":8,"LABEL_X":83.639914,"LABEL_Y":28.297925,"NE_ID":1159321121,"WIKIDATAID":"Q837","NAME_AR":"نيبال","NAME_BN":"নেপাল","NAME_DE":"Nepal","NAME_EN":"Nepal","NAME_ES":"Nepal","NAME_FA":"نپال","NAME_FR":"Népal","NAME_EL":"Νεπάλ","NAME_HE":"נפאל","NAME_HI":"नेपाल","NAME_HU":"Nepál","NAME_ID":"Nepal","NAME_IT":"Nepal","NAME_JA":"ネパール","NAME_KO":"네팔","NAME_NL":"Nepal","NAME_PL":"Nepal","NAME_PT":"Nepal","NAME_RU":"Непал","NAME_SV":"Nepal","NAME_TR":"Nepal","NAME_UK":"Непал","NAME_UR":"نیپال","NAME_VI":"Nepal","NAME_ZH":"尼泊尔","NAME_ZHT":"尼泊爾","FCLASS_ISO":"Admin-0 country","TLC_DIFF":null,"FCLASS_TLC":"Admin-0 country","FCLASS_US":null,"FCLASS_FR":null,"FCLASS_RU":null,"FCLASS_ES":null,"FCLASS_CN":null,"FCLASS_TW":null,"FCLASS_IN":null,"FCLASS_NP":null,"FCLASS_PK":null,"FCLASS_DE":null,"FCLASS_GB":null,"FCLASS_BR":null,"FCLASS_IL":null,"FCLASS_PS":null,"FCLASS_SA":null,"FCLASS_EG":null,"FCLASS_MA":null,"FCLASS_PT":null,"FCLASS_AR":null,"FCLASS_JP":null,"FCLASS_KO":null,"FCLASS_VN":null,"FCLASS_TR":null,"FCLASS_ID":null,"FCLASS_PL":null,"FCLASS_GR":null,"FCLASS_IT":null,"FCLASS_NL":null,"FCLASS_SE":null,"FCLASS_BD":null,"FCLASS_UA":null},"geometry":{"type":"Polygon","coordinates":[[[88.120441,26.837646773031274],[88.043133,26.45266718651314],[88.174804,25.88238122704225],[88.06023800000001,25.52575698572568],[87.227472,25.510670756175433],[86.024393,25.7208483124361],[85.25177899999998,25.80659657275375],[84.675018,26.263677167904884],[83.304249,26.379844444103327],[81.99998699999999,26.88130431608011],[81.057203,27.318056596666185],[80.088425,27.65372159950862],[80.47672100000001,28.479105588645645],[81.111256,28.877075114932328],[81.52580399999998,29.086352453622972],[82.327513,28.817326703970934],[83.33711499999998,28.24491846049243],[83.898993,28.11842448101547],[84.23458000000001,27.693949356397283],[85.011638,27.51927154920434],[85.82332000000001,27.12907882323921],[86.95451700000001,26.924807696106317],[88.120441,26.837646773031274]]]}},{"type":"Feature","bbox":[60.874248,23.691965,77.837451,37.133031],"properties":{"featurecla":"Admin-0 country","scalerank":1,"LABELRANK":2,"SOVEREIGNT":"Pakistan","SOV_A3":"PAK","ADM0_DIF":0,"LEVEL":2,"TYPE":"Sovereign country","TLC":"1","ADMIN":"Pakistan","ADM0_A3":"PAK","GEOU_DIF":0,"GEOUNIT":"Pakistan","GU_A3":"PAK","SU_DIF":0,"SUBUNIT":"Pakistan","SU_A3":"PAK","BRK_DIFF":0,"NAME":"Pakistan","NAME_LONG":"Pakistan","BRK_A3":"PAK","BRK_NAME":"Pakistan","BRK_GROUP":null,"ABBREV":"Pak.","POSTAL":"PK","FORMAL_EN":"Islamic Republic of Pakistan","FORMAL_FR":null,"NAME_CIAWF":"Pakistan","NOTE_ADM0":null,"NOTE_BRK":null,"NAME_SORT":"Pakistan","NAME_ALT":null,"MAPCOLOR7":2,"MAPCOLOR8":2,"MAPCOLOR9":3,"MAPCOLOR13":11,"POP_EST":216565318,"POP_RANK":17,"POP_YEAR":2019,"GDP_MD":278221,"GDP_YEAR":2019,"ECONOMY":"5. Emerging region: G20","INCOME_GRP":"4. Lower middle income","FIPS_10":"PK","ISO_A2":"PK","ISO_A2_EH":"PK","ISO_A3":"PAK","ISO_A3_EH":"PAK","ISO_N3":"586","ISO_N3_EH":"586","UN_A3":"586","WB_A2":"PK","WB_A3":"PAK","WOE_ID":23424922,"WOE_ID_EH":23424922,"WOE_NOTE":"Exact WOE match as country","ADM0_ISO":"PAK","ADM0_DIFF":null,"ADM0_TLC":"PAK","ADM0_A3_US":"PAK","ADM0_A3_FR":"PAK","ADM0_A3_RU":"PAK","ADM0_A3_ES":"PAK","ADM0_A3_CN":"PAK","ADM0_A3_TW":"PAK","ADM0_A3_IN":"PAK","ADM0_A3_NP":"PAK","ADM0_A3_PK":"PAK","ADM0_A3_DE":"PAK","ADM0_A3_GB":"PAK","ADM0_A3_BR":"PAK","ADM0_A3_IL":"PAK","ADM0_A3_PS":"PAK","ADM0_A3_SA":"PAK","ADM0_A3_EG":"PAK","ADM0_A3_MA":"PAK","ADM0_A3_PT":"PAK","ADM0_A3_AR":"PAK","ADM0_A3_JP":"PAK","ADM0_A3_KO":"PAK","ADM0_A3_VN":"PAK","ADM0_A3_TR":"PAK","ADM0_A3_ID":"PAK","ADM0_A3_PL":"PAK","ADM0_A3_GR":"PAK","ADM0_A3_IT":"PAK","ADM0_A3_NL":"PAK","ADM0_A3_SE":"PAK","ADM0_A3_BD":"PAK","ADM0_A3_UA":"PAK","ADM0_A3_UN":-99,"ADM0_A3_WB":-99,"CONTINENT":"Asia","REGION_UN":"Asia","SUBREGION":"Southern Asia","REGION_WB":"South Asia","NAME_LEN":8,"LONG_LEN":8,"ABBREV_LEN":4,"TINY":-99,"HOMEPART":1,"MIN_ZOOM":0,"MIN_LABEL":2.7,"MAX_LABEL":7,"LABEL_X":68.545632,"LABEL_Y":29.328389,"NE_ID":1159321153,"WIKIDATAID":"Q843","NAME_AR":"باكستان","NAME_BN":"পাকিস্তান","NAME_DE":"Pakistan","NAME_EN":"Pakistan","NAME_ES":"Pakistán","NAME_FA":"پاکستان","NAME_FR":"Pakistan","NAME_EL":"Πακιστάν","NAME_HE":"פקיסטן","NAME_HI":"पाकिस्तान","NAME_HU":"Pakisztán","NAME_ID":"Pakistan","NAME_IT":"Pakistan","NAME_JA":"パキスタン","NAME_KO":"파키스탄","NAME_NL":"Pakistan","NAME_PL":"Pakistan","NAME_PT":"Paquistão","NAME_RU":"Пакистан","NAME_SV":"Pakistan","NAME_TR":"Pakistan","NAME_UK":"Пакистан","NAME_UR":"پاکستان","NAME_VI":"Pakistan","NAME_ZH":"巴基斯坦","NAME_ZHT":"巴基斯坦","FCLASS_ISO":"Admin-0 country","TLC_DIFF":null,"FCLASS_TLC":"Admin-0 country","FCLASS_US":null,"FCLASS_FR":null,"FCLASS_RU":null,"FCLASS_ES":null,"FCLASS_CN":null,"FCLASS_TW":null,"FCLASS_IN":null,"FCLASS_NP":null,"FCLASS_PK":null,"FCLASS_DE":null,"FCLASS_GB":null,"FCLASS_BR":null,"FCLASS_IL":null,"FCLASS_PS":null,"FCLASS_SA":null,"FCLASS_EG":null,"FCLASS_MA":null,"FCLASS_PT":null,"FCLASS_AR":null,"FCLASS_JP":null,"FCLASS_KO":null,"FCLASS_VN":null,"FCLASS_TR":null,"FCLASS_ID":null,"FCLASS_PL":null,"FCLASS_GR":null,"FCLASS_IT":null,"FCLASS_NL":null,"FCLASS_SE":null,"FCLASS_BD":null,"FCLASS_UA":null},"geometry":{"type":"Polygon","coordinates":[[[77.837451,33.41992175477368],[76.87172199999999,32.71559769444927],[75.757061,32.59046578919456],[74.24020300000001,32.79577974367628],[73.749948,32.43258299648585],[74.10429400000001,31.690007647418028],[74.451559,31.1125302970268],[75.258642,30.68882679722397],[74.405929,30.190096353871837],[74.42138,29.572039141706373],[73.450638,28.695596379760023],[72.823752,27.80165273190972],[71.777666,26.87033375084049],[70.616496,26.938122087832284],[69.514393,25.99978743653226],[70.168927,25.595452790851656],[70.282873,24.89933647703707],[70.844699,24.438494316470564],[71.04324,23.65443630021514],[68.842599,23.656826991249876],[68.176645,23.044305179916602],[67.44366700000002,23.276803516171427],[67.145442,23.935419098317908],[66.372828,24.62956977675468],[64.530408,24.45846430884214],[62.905701,24.4415049928677],[61.497363,24.31383011956141],[61.874187,25.368059964097732],[63.316632,25.833902174346893],[63.233898,26.247665183746598],[62.75542600000001,26.39275945269166],[62.72783,27.178968057224125],[61.771868,27.569420650639888],[61.369309,28.103473956651218],[60.87424800000001,28.566418302605783],[62.54985700000001,28.116965683849653],[63.550261000000006,28.248969793089927],[64.148002,28.13658546106471],[64.350419,28.329717640044652],[65.046862,28.252361201265],[66.346473,28.61796324203745],[66.381458,29.362288767144605],[66.938891,29.854390143805592],[67.683394,29.852866297861766],[67.792689,30.095222466289734],[68.556932,30.20796195436625],[68.926677,30.127453444096094],[69.317764,30.3703862214782],[69.262522,30.887132864492326],[69.687147,31.403686872267464],[70.323594,31.619406951562073],[69.930543,32.18107013629631],[70.881803,32.154605405957135],[71.156773,32.45892279593506],[71.115019,32.782529957652784],[71.613076,33.13499971743308],[71.498768,33.550491334456794],[71.262348,33.902983463168034],[71.846292,34.263718254437514],[72.920025,34.43714819881265],[74.067552,34.53290328562449],[74.575893,34.68489139066365],[75.158028,34.7770931506135],[75.896897,34.39325931495965],[76.192848,33.7567938264009],[77.837451,33.41992175477368]]]}},{"type":"Feature","bbox":[60.52843,29.318572,75.158028,38.486282],"properties":{"featurecla":"Admin-0 country","scalerank":1,"LABELRANK":3,"SOVEREIGNT":"Afghanistan","SOV_A3":"AFG","ADM0_DIF":0,"LEVEL":2,"TYPE":"Sovereign country","TLC":"1","ADMIN":"Afghanistan","ADM0_A3":"AFG","GEOU_DIF":0,"GEOUNIT":"Afghanistan","GU_A3":"AFG","SU_DIF":0,"SUBUNIT":"Afghanistan","SU_A3":"AFG","BRK_DIFF":0,"NAME":"Afghanistan","NAME_LONG":"Afghanistan","BRK_A3":"AFG","BRK_NAME":"Afghanistan","BRK_GROUP":null,"ABBREV":"Afg.","POSTAL":"AF","FORMAL_EN":"Islamic State of Afghanistan","FORMAL_FR":null,"NAME_CIAWF":"Afghanistan","NOTE_ADM0":null,"NOTE_BRK":null,"NAME_SORT":"Afghanistan","NAME_ALT":null,"MAPCOLOR7":5,"MAPCOLOR8":6,"MAPCOLOR9":8,"MAPCOLOR13":7,"POP_EST":38041754,"POP_RANK":15,"POP_YEAR":2019,"GDP_MD":19291,"GDP_YEAR":2019,"ECONOMY":"7. Least developed region","INCOME_GRP":"5. Low income","FIPS_10":"AF","ISO_A2":"AF","ISO_A2_EH":"AF","ISO_A3":"AFG","ISO_A3_EH":"AFG","ISO_N3":"004","ISO_N3_EH":"004","UN_A3":"004","WB_A2":"AF","WB_A3":"AFG","WOE_ID":23424739,"WOE_ID_EH":23424739,"WOE_NOTE":"Exact WOE match as country","ADM0_ISO":"AFG","ADM0_DIFF":null,"ADM0_TLC":"AFG","ADM0_A3_US":"AFG","ADM0_A3_FR":"AFG","ADM0_A3_RU":"AFG","ADM0_A3_ES":"AFG","ADM0_A3_CN":"AFG","ADM0_A3_TW":"AFG","ADM0_A3_IN":"AFG","ADM0_A3_NP":"AFG","ADM0_A3_PK":"AFG","ADM0_A3_DE":"AFG","ADM0_A3_GB":"AFG","ADM0_A3_BR":"AFG","ADM0_A3_IL":"AFG","ADM0_A3_PS":"AFG","ADM0_A3_SA":"AFG","ADM0_A3_EG":"AFG","ADM0_A3_MA":"AFG","ADM0_A3_PT":"AFG","ADM0_A3_AR":"AFG","ADM0_A3_JP":"AFG","ADM0_A3_KO":"AFG","ADM0_A3_VN":"AFG","ADM0_A3_TR":"AFG","ADM0_A3_ID":"AFG","ADM0_A3_PL":"AFG","ADM0_A3_GR":"AFG","ADM0_A3_IT":"AFG","ADM0_A3_NL":"AFG","ADM0_A3_SE":"AFG","ADM0_A3_BD":"AFG","ADM0_A3_UA":"AFG","ADM0_A3_UN":-99,"ADM0_A3_WB":-99,"CONTINENT":"Asia","REGION_UN":"Asia","SUBREGION":"Southern Asia","REGION_WB":"South Asia","NAME_LEN":11,"LONG_LEN":11,"ABBREV_LEN":4,"TINY":-99,"HOMEPART":1,"MIN_ZOOM":0,"MIN_LABEL":3,"MAX_LABEL":7,"LABEL_X":66.496586,"LABEL_Y":34.164262,"NE_ID":1159320319,"WIKIDATAID":"Q889","NAME_AR":"أفغانستان","NAME_BN":"আফগানিস্তান","NAME_DE":"Afghanistan","NAME_EN":"Afghanistan","NAME_ES":"Afganistán","NAME_FA":"افغانستان","NAME_FR":"Afghanistan","NAME_EL":"Αφγανιστάν","NAME_HE":"אפגניסטן","NAME_HI":"अफ़्गानिस्तान","NAME_HU":"Afganisztán","NAME_ID":"Afganistan","NAME_IT":"Afghanistan","NAME_JA":"アフガニスタン","NAME_KO":"아프가니스탄","NAME_NL":"Afghanistan","NAME_PL":"Afganistan","NAME_PT":"Afeganistão","NAME_RU":"Афганистан","NAME_SV":"Afghanistan","NAME_TR":"Afganistan","NAME_UK":"Афганістан","NAME_UR":"افغانستان","NAME_VI":"Afghanistan","NAME_ZH":"阿富汗","NAME_ZHT":"阿富汗","FCLASS_ISO":"Admin-0 country","TLC_DIFF":null,"FCLASS_TLC":"Admin-0 country","FCLASS_US":null,"FCLASS_FR":null,"FCLASS_RU":null,"FCLASS_ES":null,"FCLASS_CN":null,"FCLASS_TW":null,"FCLASS_IN":null,"FCLASS_NP":null,"FCLASS_PK":null,"FCLASS_DE":null,"FCLASS_GB":null,"FCLASS_BR":null,"FCLASS_IL":null,"FCLASS_PS":null,"FCLASS_SA":null,"FCLASS_EG":null,"FCLASS_MA":null,"FCLASS_PT":null,"FCLASS_AR":null,"FCLASS_JP":null,"FCLASS_KO":null,"FCLASS_VN":null,"FCLASS_TR":null,"FCLASS_ID":null,"FCLASS_PL":null,"FCLASS_GR":null,"FCLASS_IT":null,"FCLASS_NL":null,"FCLASS_SE":null,"FCLASS_BD":null,"FCLASS_UA":null},"geometry":{"type":"Polygon","coordinates":[[[66.518607,34.965591062471354],[67.075782,34.960149425965824],[67.83,34.78691870229356],[68.135562,34.68676126639571],[68.859446,34.95047159896],[69.196273,34.79196941648834],[69.518785,35.16711305951787],[70.116578,35.15012904776099],[70.270574,35.27018689084563],[70.376304,35.598730240584715],[70.806821,35.88110065492533],[71.348131,35.696657747126714],[71.239404,35.44805621433902],[71.541918,35.40935877046995],[71.448693,34.721725258228055],[71.844638,34.4521275608196],[72.193041,34.625209994982626],[72.63689,34.70685770780825],[73.260056,35.07408024735015],[73.948696,35.01374853320551],[74.980002,35.01245775634605],[75.158028,34.7770931506135],[74.575893,34.68489139066365],[74.067552,34.53290328562449],[72.920025,34.43714819881265],[71.846292,34.263718254437514],[71.262348,33.902983463168034],[71.498768,33.550491334456794],[71.613076,33.13499971743308],[71.115019,32.782529957652784],[71.156773,32.45892279593506],[70.881803,32.154605405957135],[69.930543,32.18107013629631],[70.323594,31.619406951562073],[69.687147,31.403686872267464],[69.262522,30.887132864492326],[69.317764,30.3703862214782],[68.926677,30.127453444096094],[68.556932,30.20796195436625],[67.792689,30.095222466289734],[67.683394,29.852866297861766],[66.938891,29.854390143805592],[66.381458,29.362288767144605],[66.346473,28.61796324203745],[65.046862,28.252361201265],[64.350419,28.329717640044652],[64.148002,28.13658546106471],[63.550261000000006,28.248969793089927],[62.54985700000001,28.116965683849653],[60.87424800000001,28.566418302605783],[61.781222,29.359631416993068],[61.699314,29.919064913127464],[60.941945,30.065061557519048],[60.86365500000001,30.612962175510717],[60.536078,31.297594563038498],[60.963699999999996,31.764311877519088],[60.52843,31.889731194166405],[60.803193,32.505479620629124],[61.210817,33.55008213452509],[62.230651,33.233304654273184],[62.984662,33.34479609211567],[63.193538,33.72250237625976],[63.982896000000004,33.84782902209655],[64.546479,34.10002957830848],[64.746105,34.759667434009],[65.588948,34.91840153650018],[65.745631,35.209747126873204],[66.217385,34.99099642603041],[66.518607,34.965591062471354]]]}},{"type":"Feature","bbox":[67.44222,36.738171,74.980002,40.960213],"properties":{"featurecla":"Admin-0 country","scalerank":1,"LABELRANK":4,"SOVEREIGNT":"Tajikistan","SOV_A3":"TJK","ADM0_DIF":0,"LEVEL":2,"TYPE":"Sovereign country","TLC":"1","ADMIN":"Tajikistan","ADM0_A3":"TJK","GEOU_DIF":0,"GEOUNIT":"Tajikistan","GU_A3":"TJK","SU_DIF":0,"SUBUNIT":"Tajikistan","SU_A3":"TJK","BRK_DIFF":0,"NAME":"Tajikistan","NAME_LONG":"Tajikistan","BRK_A3":"TJK","BRK_NAME":"Tajikistan","BRK_GROUP":null,"ABBREV":"Tjk.","POSTAL":"TJ","FORMAL_EN":"Republic of Tajikistan","FORMAL_FR":null,"NAME_CIAWF":"Tajikistan","NOTE_ADM0":null,"NOTE_BRK":null,"NAME_SORT":"Tajikistan","NAME_ALT":null,"MAPCOLOR7":3,"MAPCOLOR8":6,"MAPCOLOR9":2,"MAPCOLOR13":5,"POP_EST":9321018,"POP_RANK":13,"POP_YEAR":2019,"GDP_MD":8116,"GDP_YEAR":2019,"ECONOMY":"6. Developing region","INCOME_GRP":"5. Low income","FIPS_10":"TI","ISO_A2":"TJ","ISO_A2_EH":"TJ","ISO_A3":"TJK","ISO_A3_EH":"TJK","ISO_N3":"762","ISO_N3_EH":"762","UN_A3":"762","WB_A2":"TJ","WB_A3":"TJK","WOE_ID":23424961,"WOE_ID_EH":23424961,"WOE_NOTE":"Exact WOE match as country","ADM0_ISO":"TJK","ADM0_DIFF":null,"ADM0_TLC":"TJK","ADM0_A3_US":"TJK","ADM0_A3_FR":"TJK","ADM0_A3_RU":"TJK","ADM0_A3_ES":"TJK","ADM0_A3_CN":"TJK","ADM0_A3_TW":"TJK","ADM0_A3_IN":"TJK","ADM0_A3_NP":"TJK","ADM0_A3_PK":"TJK","ADM0_A3_DE":"TJK","ADM0_A3_GB":"TJK","ADM0_A3_BR":"TJK","ADM0_A3_IL":"TJK","ADM0_A3_PS":"TJK","ADM0_A3_SA":"TJK","ADM0_A3_EG":"TJK","ADM0_A3_MA":"TJK","ADM0_A3_PT":"TJK","ADM0_A3_AR":"TJK","ADM0_A3_JP":"TJK","ADM0_A3_KO":"TJK","ADM0_A3_VN":"TJK","ADM0_A3_TR":"TJK","ADM0_A3_ID":"TJK","ADM0_A3_PL":"TJK","ADM0_A3_GR":"TJK","ADM0_A3_IT":"TJK","ADM0_A3_NL":"TJK","ADM0_A3_SE":"TJK","ADM0_A3_BD":"TJK","ADM0_A3_UA":"TJK","ADM0_A3_UN":-99,"ADM0_A3_WB":-99,"CONTINENT":"Asia","REGION_UN":"Asia","SUBREGION":"Central Asia","REGION_WB":"Europe & Central Asia","NAME_LEN":10,"LONG_LEN":10,"ABBREV_LEN":4,"TINY":-99,"HOMEPART":1,"MIN_ZOOM":0,"MIN_LABEL":4,"MAX_LABEL":9,"LABEL_X":72.587276,"LABEL_Y":38.199835,"NE_ID":1159321307,"WIKIDATAID":"Q863","NAME_AR":"طاجيكستان","NAME_BN":"তাজিকিস্তান","NAME_DE":"Tadschikistan","NAME_EN":"Tajikistan","NAME_ES":"Tayikistán","NAME_FA":"تاجیکستان","NAME_FR":"Tadjikistan","NAME_EL":"Τατζικιστάν","NAME_HE":"טג׳יקיסטן","NAME_HI":"ताजिकिस्तान","NAME_HU":"Tádzsikisztán","NAME_ID":"Tajikistan","NAME_IT":"Tagikistan","NAME_JA":"タジキスタン","NAME_KO":"타지키스탄","NAME_NL":"Tadzjikistan","NAME_PL":"Tadżykistan","NAME_PT":"Tajiquistão","NAME_RU":"Таджикистан","NAME_SV":"Tadzjikistan","NAME_TR":"Tacikistan","NAME_UK":"Таджикистан","NAME_UR":"تاجکستان","NAME_VI":"Tajikistan","NAME_ZH":"塔吉克斯坦","NAME_ZHT":"塔吉克","FCLASS_ISO":"Admin-0 country","TLC_DIFF":null,"FCLASS_TLC":"Admin-0 country","FCLASS_US":null,"FCLASS_FR":null,"FCLASS_RU":null,"FCLASS_ES":null,"FCLASS_CN":null,"FCLASS_TW":null,"FCLASS_IN":null,"FCLASS_NP":null,"FCLASS_PK":null,"FCLASS_DE":null,"FCLASS_GB":null,"FCLASS_BR":null,"FCLASS_IL":null,"FCLASS_PS":null,"FCLASS_SA":null,"FCLASS_EG":null,"FCLASS_MA":null,"FCLASS_PT":null,"FCLASS_AR":null,"FCLASS_JP":null,"FCLASS_KO":null,"FCLASS_VN":null,"FCLASS_TR":null,"FCLASS_ID":null,"FCLASS_PL":null,"FCLASS_GR":null,"FCLASS_IT":null,"FCLASS_NL":null,"FCLASS_SE":null,"FCLASS_BD":null,"FCLASS_UA":null},"geometry":{"type":"Polygon","coordinates":[[[67.83,34.78691870229356],[68.392033,35.61387630146153],[68.17602500000001,36.21685219085367],[67.44222,36.40910723471456],[67.701429,36.762678515893136],[68.536416,36.72499653080061],[69.011633,37.16671816275845],[69.329495,37.67631696726913],[70.666622,37.86001923057846],[70.45816,37.492999780706946],[70.601407,37.27212686422605],[71.014198,37.292685910378616],[70.648019,37.04676907550412],[69.55961,37.18030615234976],[69.464887,36.71957008363209],[70.549162,36.78167876103658],[71.784694,36.52115014692145],[73.675379,36.64302520240824],[73.928852,35.89692539422612],[74.257514,35.97845123772256],[74.864816,35.794004428237756],[74.829986,35.4779822109521],[74.980002,35.01245775634605],[73.948696,35.01374853320551],[73.260056,35.07408024735015],[72.63689,34.70685770780825],[72.193041,34.625209994982626],[71.844638,34.4521275608196],[71.448693,34.721725258228055],[71.541918,35.40935877046995],[71.239404,35.44805621433902],[71.348131,35.696657747126714],[70.806821,35.88110065492533],[70.376304,35.598730240584715],[70.270574,35.27018689084563],[70.116578,35.15012904776099],[69.518785,35.16711305951787],[69.196273,34.79196941648834],[68.859446,34.95047159896],[68.135562,34.68676126639571],[67.83,34.78691870229356]]]}},{"type":"Feature","bbox":[69.464887,39.279463,80.25999,43.298339],"properties":{"featurecla":"Admin-0 country","scalerank":1,"LABELRANK":4,"SOVEREIGNT":"Kyrgyzstan","SOV_A3":"KGZ","ADM0_DIF":0,"LEVEL":2,"TYPE":"Sovereign country","TLC":"1","ADMIN":"Kyrgyzstan","ADM0_A3":"KGZ","GEOU_DIF":0,"GEOUNIT":"Kyrgyzstan","GU_A3":"KGZ","SU_DIF":0,"SUBUNIT":"Kyrgyzstan","SU_A3":"KGZ","BRK_DIFF":0,"NAME":"Kyrgyzstan","NAME_LONG":"Kyrgyzstan","BRK_A3":"KGZ","BRK_NAME":"Kyrgyzstan","BRK_GROUP":null,"ABBREV":"Kgz.","POSTAL":"KG","FORMAL_EN":"Kyrgyz Republic","FORMAL_FR":null,"NAME_CIAWF":"Kyrgyzstan","NOTE_ADM0":null,"NOTE_BRK":null,"NAME_SORT":"Kyrgyz Republic","NAME_ALT":null,"MAPCOLOR7":5,"MAPCOLOR8":7,"MAPCOLOR9":7,"MAPCOLOR13":6,"POP_EST":6456900,"POP_RANK":13,"POP_YEAR":2019,"GDP_MD":8454,"GDP_YEAR":2019,"ECONOMY":"6. Developing region","INCOME_GRP":"5. Low income","FIPS_10":"KG","ISO_A2":"KG","ISO_A2_EH":"KG","ISO_A3":"KGZ","ISO_A3_EH":"KGZ","ISO_N3":"417","ISO_N3_EH":"417","UN_A3":"417","WB_A2":"KG","WB_A3":"KGZ","WOE_ID":23424864,"WOE_ID_EH":23424864,"WOE_NOTE":"Exact WOE match as country","ADM0_ISO":"KGZ","ADM0_DIFF":null,"ADM0_TLC":"KGZ","ADM0_A3_US":"KGZ","ADM0_A3_FR":"KGZ","ADM0_A3_RU":"KGZ","ADM0_A3_ES":"KGZ","ADM0_A3_CN":"KGZ","ADM0_A3_TW":"KGZ","ADM0_A3_IN":"KGZ","ADM0_A3_NP":"KGZ","ADM0_A3_PK":"KGZ","ADM0_A3_DE":"KGZ","ADM0_A3_GB":"KGZ","ADM0_A3_BR":"KGZ","ADM0_A3_IL":"KGZ","ADM0_A3_PS":"KGZ","ADM0_A3_SA":"KGZ","ADM0_A3_EG":"KGZ","ADM0_A3_MA":"KGZ","ADM0_A3_PT":"KGZ","ADM0_A3_AR":"KGZ","ADM0_A3_JP":"KGZ","ADM0_A3_KO":"KGZ","ADM0_A3_VN":"KGZ","ADM0_A3_TR":"KGZ","ADM0_A3_ID":"KGZ","ADM0_A3_PL":"KGZ","ADM0_A3_GR":"KGZ","ADM0_A3_IT":"KGZ","ADM0_A3_NL":"KGZ","ADM0_A3_SE":"KGZ","ADM0_A3_BD":"KGZ","ADM0_A3_UA":"KGZ","ADM0_A3_UN":-99,"ADM0_A3_WB":-99,"CONTINENT":"Asia","REGION_UN":"Asia","SUBREGION":"Central Asia","REGION_WB":"Europe & Central Asia","NAME_LEN":10,"LONG_LEN":10,"ABBREV_LEN":4,"TINY":-99,"HOMEPART":1,"MIN_ZOOM":0,"MIN_LABEL":3,"MAX_LABEL":8,"LABEL_X":74.532637,"LABEL_Y":41.66854,"NE_ID":1159320977,"WIKIDATAID":"Q813","NAME_AR":"قيرغيزستان","NAME_BN":"কিরগিজস্তান","NAME_DE":"Kirgisistan","NAME_EN":"Kyrgyzstan","NAME_ES":"Kirguistán","NAME_FA":"قرقیزستان","NAME_FR":"Kirghizistan","NAME_EL":"Κιργιζία","NAME_HE":"קירגיזסטן","NAME_HI":"किर्गिज़स्तान","NAME_HU":"Kirgizisztán","NAME_ID":"Kirgizstan","NAME_IT":"Kirghizistan","NAME_JA":"キルギス","NAME_KO":"키르기스스탄","NAME_NL":"Kirgizië","NAME_PL":"Kirgistan","NAME_PT":"Quirguistão","NAME_RU":"Киргизия","NAME_SV":"Kirgizistan","NAME_TR":"Kırgızistan","NAME_UK":"Киргизстан","NAME_UR":"کرغیزستان","NAME_VI":"Kyrgyzstan","NAME_ZH":"吉尔吉斯斯坦","NAME_ZHT":"吉爾吉斯","FCLASS_ISO":"Admin-0 country","TLC_DIFF":null,"FCLASS_TLC":"Admin-0 country","FCLASS_US":null,"FCLASS_FR":null,"FCLASS_RU":null,"FCLASS_ES":null,"FCLASS_CN":null,"FCLASS_TW":null,"FCLASS_IN":null,"FCLASS_NP":null,"FCLASS_PK":null,"FCLASS_DE":null,"FCLASS_GB":null,"FCLASS_BR":null,"FCLASS_IL":null,"FCLASS_PS":null,"FCLASS_SA":null,"FCLASS_EG":null,"FCLASS_MA":null,"FCLASS_PT":null,"FCLASS_AR":null,"FCLASS_JP":null,"FCLASS_KO":null,"FCLASS_VN":null,"FCLASS_TR":null,"FCLASS_ID":null,"FCLASS_PL":null,"FCLASS_GR":null,"FCLASS_IT":null,"FCLASS_NL":null,"FCLASS_SE":null,"FCLASS_BD":null,"FCLASS_UA":null},"geometry":{"type":"Polygon","coordinates":[[[70.962315,38.88384321485567],[71.18628100000001,39.224080175338074],[71.844638,39.33330376716117],[73.489758,39.066334491305405],[73.645304,39.52322396559297],[74.212866,39.6827648108867],[75.636965,39.358440951368685],[76.000354,39.44353469447095],[77.65839200000002,39.422421240067784],[79.142177,39.341577106736885],[79.643645,39.06306492426632],[80.25999,38.949079873610124],[80.11943000000001,38.773055524977714],[78.543661,38.34948128034432],[78.187197,38.0375264953873],[76.90448400000001,37.94387532822058],[76.526368,37.438591304736846],[75.467828,37.545012263531845],[74.77686200000001,37.38972736181119],[73.822244,37.01341449674252],[73.960013,36.82636522954497],[73.675379,36.64302520240824],[71.784694,36.52115014692145],[70.549162,36.78167876103658],[69.464887,36.71957008363209],[69.55961,37.18030615234976],[70.648019,37.04676907550412],[71.014198,37.292685910378616],[71.774875,37.21426583219818],[73.055417,37.785625441682804],[71.870115,38.20083859920113],[71.157859,38.00465305435439],[70.420022,38.30064976016658],[71.259248,38.80717187843116],[70.962315,38.88384321485567]]]}},{"type":"Feature","bbox":[52.50246,35.270664,66.54615,42.751551],"properties":{"featurecla":"Admin-0 country","scalerank":1,"LABELRANK":4,"SOVEREIGNT":"Turkmenistan","SOV_A3":"TKM","ADM0_DIF":0,"LEVEL":2,"TYPE":"Sovereign country","TLC":"1","ADMIN":"Turkmenistan","ADM0_A3":"TKM","GEOU_DIF":0,"GEOUNIT":"Turkmenistan","GU_A3":"TKM","SU_DIF":0,"SUBUNIT":"Turkmenistan","SU_A3":"TKM","BRK_DIFF":0,"NAME":"Turkmenistan","NAME_LONG":"Turkmenistan","BRK_A3":"TKM","BRK_NAME":"Turkmenistan","BRK_GROUP":null,"ABBREV":"Turkm.","POSTAL":"TM","FORMAL_EN":"Turkmenistan","FORMAL_FR":null,"NAME_CIAWF":"Turkmenistan","NOTE_ADM0":null,"NOTE_BRK":null,"NAME_SORT":"Turkmenistan","NAME_ALT":null,"MAPCOLOR7":3,"MAPCOLOR8":2,"MAPCOLOR9":1,"MAPCOLOR13":9,"POP_EST":5942089,"POP_RANK":13,"POP_YEAR":2019,"GDP_MD":40761,"GDP_YEAR":2018,"ECONOMY":"6. Developing region","INCOME_GRP":"3. Upper middle income","FIPS_10":"TX","ISO_A2":"TM","ISO_A2_EH":"TM","ISO_A3":"TKM","ISO_A3_EH":"TKM","ISO_N3":"795","ISO_N3_EH":"795","UN_A3":"795","WB_A2":"TM","WB_A3":"TKM","WOE_ID":23424972,"WOE_ID_EH":23424972,"WOE_NOTE":"Exact WOE match as country","ADM0_ISO":"TKM","ADM0_DIFF":null,"ADM0_TLC":"TKM","ADM0_A3_US":"TKM","ADM0_A3_FR":"TKM","ADM0_A3_RU":"TKM","ADM0_A3_ES":"TKM","ADM0_A3_CN":"TKM","ADM0_A3_TW":"TKM","ADM0_A3_IN":"TKM","ADM0_A3_NP":"TKM","ADM0_A3_PK":"TKM","ADM0_A3_DE":"TKM","ADM0_A3_GB":"TKM","ADM0_A3_BR":"TKM","ADM0_A3_IL":"TKM","ADM0_A3_PS":"TKM","ADM0_A3_SA":"TKM","ADM0_A3_EG":"TKM","ADM0_A3_MA":"TKM","ADM0_A3_PT":"TKM","ADM0_A3_AR":"TKM","ADM0_A3_JP":"TKM","ADM0_A3_KO":"TKM","ADM0_A3_VN":"TKM","ADM0_A3_TR":"TKM","ADM0_A3_ID":"TKM","ADM0_A3_PL":"TKM","ADM0_A3_GR":"TKM","ADM0_A3_IT":"TKM","ADM0_A3_NL":"TKM","ADM0_A3_SE":"TKM","ADM0_A3_BD":"TKM","ADM0_A3_UA":"TKM","ADM0_A3_UN":-99,"ADM0_A3_WB":-99,"CONTINENT":"Asia","REGION_UN":"Asia","SUBREGION":"Central Asia","REGION_WB":"Europe & Central Asia","NAME_LEN":12,"LONG_LEN":12,"ABBREV_LEN":6,"TINY":-99,"HOMEPART":1,"MIN_ZOOM":0,"MIN_LABEL":3,"MAX_LABEL":8,"LABEL_X":58.676647,"LABEL_Y":39.855246,"NE_ID":1159321309,"WIKIDATAID":"Q874","NAME_AR":"تركمانستان","NAME_BN":"তুর্কমেনিস্তান","NAME_DE":"Turkmenistan","NAME_EN":"Turkmenistan","NAME_ES":"Turkmenistán","NAME_FA":"ترکمنستان","NAME_FR":"Turkménistan","NAME_EL":"Τουρκμενιστάν","NAME_HE":"טורקמניסטן","NAME_HI":"तुर्कमेनिस्तान","NAME_HU":"Türkmenisztán","NAME_ID":"Turkmenistan","NAME_IT":"Turkmenistan","NAME_JA":"トルクメニスタン","NAME_KO":"투르크메니스탄","NAME_NL":"Turkmenistan","NAME_PL":"Turkmenistan","NAME_PT":"Turquemenistão","NAME_RU":"Туркмения","NAME_SV":"Turkmenistan","NAME_TR":"Türkmenistan","NAME_UK":"Туркменістан","NAME_UR":"ترکمانستان","NAME_VI":"Turkmenistan","NAME_ZH":"土库曼斯坦","NAME_ZHT":"土庫曼","FCLASS_ISO":"Admin-0 country","TLC_DIFF":null,"FCLASS_TLC":"Admin-0 country","FCLASS_US":null,"FCLASS_FR":null,"FCLASS_RU":null,"FCLASS_ES":null,"FCLASS_CN":null,"FCLASS_TW":null,"FCLASS_IN":null,"FCLASS_NP":null,"FCLASS_PK":null,"FCLASS_DE":null,"FCLASS_GB":null,"FCLASS_BR":null,"FCLASS_IL":null,"FCLASS_PS":null,"FCLASS_SA":null,"FCLASS_EG":null,"FCLASS_MA":null,"FCLASS_PT":null,"FCLASS_AR":null,"FCLASS_JP":null,"FCLASS_KO":null,"FCLASS_VN":null,"FCLASS_TR":null,"FCLASS_ID":null,"FCLASS_PL":null,"FCLASS_GR":null,"FCLASS_IT":null,"FCLASS_NL":null,"FCLASS_SE":null,"FCLASS_BD":null,"FCLASS_UA":null},"geometry":{"type":"Polygon","coordinates":[[[52.50246,38.50699918430084],[52.944293,38.76689070401763],[54.079418,38.928942232984454],[54.755345,38.710681066467984],[55.455251,38.09621357316671],[55.968191,38.1345945286959],[57.096391000000004,38.145344470617836],[56.932215,38.540413374056165],[57.78653,38.809386499578885],[58.629011,39.26068039756125],[59.976422,38.850307189785596],[60.083341,38.22617463857457],[60.46595299999999,38.065096224670114],[61.54717900000001,38.10133739295157],[61.882714,37.95836151775426],[62.37426,37.140996844585025],[63.51801499999999,36.58846081353902],[64.170223,36.209472972974055],[65.215999,35.81334659409824],[66.54615,35.4655039464953],[66.518607,34.965591062471354],[66.217385,34.99099642603041],[65.745631,35.209747126873204],[65.588948,34.91840153650018],[64.746105,34.759667434009],[64.546479,34.10002957830848],[63.982896000000004,33.84782902209655],[63.193538,33.72250237625976],[62.984662,33.34479609211567],[62.230651,33.233304654273184],[61.210817,33.55008213452509],[61.12307100000001,34.24855557152915],[60.377638,34.27813122040317],[59.234762,35.00672272605076],[58.436154,35.096216864458356],[57.330434,35.50991585419377],[56.619366,35.584904488188414],[56.180375,35.43327888787396],[55.511578,35.45689621988318],[54.800304000000004,34.98987487582012],[53.92159800000001,34.831193485247184],[53.735511,35.409653811935364],[53.880929,36.25761655675541],[53.101028,36.530078844952776],[53.357808,37.078314745525766],[52.69397300000001,37.12484721083647],[52.915251,37.793915315522455],[53.858138999999994,37.59967044295981],[54.736845,37.85275693651206],[54.008311,38.325140630088185],[53.721713,38.77247079816739],[52.91675,38.57332810884897],[52.814689,37.99817888301913],[52.50246,38.50699918430084]]]}},{"type":"Feature","bbox":[44.109225,25.078237,63.316632,39.713003],"properties":{"featurecla":"Admin-0 country","scalerank":1,"LABELRANK":2,"SOVEREIGNT":"Iran","SOV_A3":"IRN","ADM0_DIF":0,"LEVEL":2,"TYPE":"Sovereign country","TLC":"1","ADMIN":"Iran","ADM0_A3":"IRN","GEOU_DIF":0,"GEOUNIT":"Iran","GU_A3":"IRN","SU_DIF":0,"SUBUNIT":"Iran","SU_A3":"IRN","BRK_DIFF":0,"NAME":"Iran","NAME_LONG":"Iran","BRK_A3":"IRN","BRK_NAME":"Iran","BRK_GROUP":null,"ABBREV":"Iran","POSTAL":"IRN","FORMAL_EN":"Islamic Republic of Iran","FORMAL_FR":null,"NAME_CIAWF":"Iran","NOTE_ADM0":null,"NOTE_BRK":null,"NAME_SORT":"Iran, Islamic Rep.","NAME_ALT":null,"MAPCOLOR7":4,"MAPCOLOR8":3,"MAPCOLOR9":4,"MAPCOLOR13":13,"POP_EST":82913906,"POP_RANK":16,"POP_YEAR":2019,"GDP_MD":453996,"GDP_YEAR":2018,"ECONOMY":"5. Emerging region: G20","INCOME_GRP":"3. Upper middle income","FIPS_10":"IR","ISO_A2":"IR","ISO_A2_EH":"IR","ISO_A3":"IRN","ISO_A3_EH":"IRN","ISO_N3":"364","ISO_N3_EH":"364","UN_A3":"364","WB_A2":"IR","WB_A3":"IRN","WOE_ID":23424851,"WOE_ID_EH":23424851,"WOE_NOTE":"Exact WOE match as country","ADM0_ISO":"IRN","ADM0_DIFF":null,"ADM0_TLC":"IRN","ADM0_A3_US":"IRN","ADM0_A3_FR":"IRN","ADM0_A3_RU":"IRN","ADM0_A3_ES":"IRN","ADM0_A3_CN":"IRN","ADM0_A3_TW":"IRN","ADM0_A3_IN":"IRN","ADM0_A3_NP":"IRN","ADM0_A3_PK":"IRN","ADM0_A3_DE":"IRN","ADM0_A3_GB":"IRN","ADM0_A3_BR":"IRN","ADM0_A3_IL":"IRN","ADM0_A3_PS":"IRN","ADM0_A3_SA":"IRN","ADM0_A3_EG":"IRN","ADM0_A3_MA":"IRN","ADM0_A3_PT":"IRN","ADM0_A3_AR":"IRN","ADM0_A3_JP":"IRN","ADM0_A3_KO":"IRN","ADM0_A3_VN":"IRN","ADM0_A3_TR":"IRN","ADM0_A3_ID":"IRN","ADM0_A3_PL":"IRN","ADM0_A3_GR":"IRN","ADM0_A3_IT":"IRN","ADM0_A3_NL":"IRN","ADM0_A3_SE":"IRN","ADM0_A3_BD":"IRN","ADM0_A3_UA":"IRN","ADM0_A3_UN":-99,"ADM0_A3_WB":-99,"CONTINENT":"Asia","REGION_UN":"Asia","SUBREGION":"Southern Asia","REGION_WB":"Middle East & North Africa","NAME_LEN":4,"LONG_LEN":4,"ABBREV_LEN":4,"TINY":-99,"HOMEPART":1,"MIN_ZOOM":0,"MIN_LABEL":2.5,"MAX_LABEL":6.7,"LABEL_X":54.931495,"LABEL_Y":32.166225,"NE_ID":1159320881,"WIKIDATAID":"Q794","NAME_AR":"إيران","NAME_BN":"ইরান","NAME_DE":"Iran","NAME_EN":"Iran","NAME_ES":"Irán","NAME_FA":"ایران","NAME_FR":"Iran","NAME_EL":"Ιράν","NAME_HE":"איראן","NAME_HI":"ईरान","NAME_HU":"Irán","NAME_ID":"Iran","NAME_IT":"Iran","NAME_JA":"イラン","NAME_KO":"이란","NAME_NL":"Iran","NAME_PL":"Iran","NAME_PT":"Irão","NAME_RU":"Иран","NAME_SV":"Iran","NAME_TR":"İran","NAME_UK":"Іран","NAME_UR":"ایران","NAME_VI":"Iran","NAME_ZH":"伊朗","NAME_ZHT":"伊朗","FCLASS_ISO":"Admin-0 country","TLC_DIFF":null,"FCLASS_TLC":"Admin-0 country","FCLASS_US":null,"FCLASS_FR":null,"FCLASS_RU":null,"FCLASS_ES":null,"FCLASS_CN":null,"FCLASS_TW":null,"FCLASS_IN":null,"FCLASS_NP":null,"FCLASS_PK":null,"FCLASS_DE":null,"FCLASS_GB":null,"FCLASS_BR":null,"FCLASS_IL":null,"FCLASS_PS":null,"FCLASS_SA":null,"FCLASS_EG":null,"FCLASS_MA":null,"FCLASS_PT":null,"FCLASS_AR":null,"FCLASS_JP":null,"FCLASS_KO":null,"FCLASS_VN":null,"FCLASS_TR":null,"FCLASS_ID":null,"FCLASS_PL":null,"FCLASS_GR":null,"FCLASS_IT":null,"FCLASS_NL":null,"FCLASS_SE":null,"FCLASS_BD":null,"FCLASS_UA":null},"geometry":{"type":"Polygon","coordinates":[[[48.567971,28.652048345859207],[48.014568,29.11233860438679],[48.004698,29.576667769931596],[47.685286000000005,29.57642077596473],[47.84920399999999,30.204389266493376],[47.334661,30.858989860969345],[46.109362,31.328366220525666],[45.416691,32.13677564195548],[45.64846,32.795150127177216],[46.15178800000001,33.08478916352417],[46.07634,33.57284020700626],[45.420618,33.822568351539765],[44.772677,34.80781186909655],[44.77267,34.80782254302391],[44.22575599999999,35.462978250891794],[44.421403,35.714827619159976],[44.10922500000001,36.640537014326014],[44.79399,36.86877361559313],[44.952688,36.56638329831998],[45.457722,36.19473181798131],[46.143623,36.08737544146457],[46.50572,36.11113380104032],[47.685079,36.704884692394906],[48.060095000000004,36.76408607326676],[48.355529,36.52862521932405],[48.01074400000001,36.130043886373294],[48.634375000000006,35.70597462761192],[48.883249,35.74645747625536],[49.199612,35.14575534004823],[50.147771000000006,34.975246619011514],[50.84235399999999,34.56308022749141],[52.264025,34.4209939672984],[53.82579,34.63898643873785],[53.92159800000001,34.831193485247184],[54.800304000000004,34.98987487582012],[55.511578,35.45689621988318],[56.180375,35.43327888787396],[56.619366,35.584904488188414],[57.330434,35.50991585419377],[58.436154,35.096216864458356],[59.234762,35.00672272605076],[60.377638,34.27813122040317],[61.12307100000001,34.24855557152915],[61.210817,33.55008213452509],[60.803193,32.505479620629124],[60.52843,31.889731194166405],[60.963699999999996,31.764311877519088],[60.536078,31.297594563038498],[60.86365500000001,30.612962175510717],[60.941945,30.065061557519048],[61.699314,29.919064913127464],[61.781222,29.359631416993068],[60.87424800000001,28.566418302605783],[61.369309,28.103473956651218],[61.771868,27.569420650639888],[62.72783,27.178968057224125],[62.75542600000001,26.39275945269166],[63.233898,26.247665183746598],[63.316632,25.833902174346893],[61.874187,25.368059964097732],[61.497363,24.31383011956141],[59.616134,24.588671682303413],[58.525761,24.79746285741865],[57.397251,24.91536571101306],[56.970766,26.022380986206503],[56.492139,26.18150785323624],[55.72371,26.021057307445204],[54.71509,25.585338828851263],[53.493097,25.88414820901881],[52.483598,26.573496380363547],[51.520763,26.827963234803555],[50.852948,27.671480707035382],[50.11500900000001,28.84580242096107],[49.57685,28.703755618624232],[48.941333,28.9940049470202],[48.567971,28.652048345859207]]]}},{"type":"Feature","bbox":[35.700798,32.312938,42.349591,37.229873],"properties":{"featurecla":"Admin-0 country","scalerank":1,"LABELRANK":3,"SOVEREIGNT":"Syria","SOV_A3":"SYR","ADM0_DIF":0,"LEVEL":2,"TYPE":"Sovereign country","TLC":"1","ADMIN":"Syria","ADM0_A3":"SYR","GEOU_DIF":0,"GEOUNIT":"Syria","GU_A3":"SYR","SU_DIF":0,"SUBUNIT":"Syria","SU_A3":"SYR","BRK_DIFF":0,"NAME":"Syria","NAME_LONG":"Syria","BRK_A3":"SYR","BRK_NAME":"Syria","BRK_GROUP":null,"ABBREV":"Syria","POSTAL":"SYR","FORMAL_EN":"Syrian Arab Republic","FORMAL_FR":null,"NAME_CIAWF":"Syria","NOTE_ADM0":null,"NOTE_BRK":null,"NAME_SORT":"Syrian Arab Republic","NAME_ALT":null,"MAPCOLOR7":2,"MAPCOLOR8":6,"MAPCOLOR9":2,"MAPCOLOR13":6,"POP_EST":17070135,"POP_RANK":14,"POP_YEAR":2019,"GDP_MD":98830,"GDP_YEAR":2015,"ECONOMY":"6. Developing region","INCOME_GRP":"4. Lower middle income","FIPS_10":"SY","ISO_A2":"SY","ISO_A2_EH":"SY","ISO_A3":"SYR","ISO_A3_EH":"SYR","ISO_N3":"760","ISO_N3_EH":"760","UN_A3":"760","WB_A2":"SY","WB_A3":"SYR","WOE_ID":23424956,"WOE_ID_EH":23424956,"WOE_NOTE":"Exact WOE match as country","ADM0_ISO":"SYR","ADM0_DIFF":null,"ADM0_TLC":"SYR","ADM0_A3_US":"SYR","ADM0_A3_FR":"SYR","ADM0_A3_RU":"SYR","ADM0_A3_ES":"SYR","ADM0_A3_CN":"SYR","ADM0_A3_TW":"SYR","ADM0_A3_IN":"SYR","ADM0_A3_NP":"SYR","ADM0_A3_PK":"SYR","ADM0_A3_DE":"SYR","ADM0_A3_GB":"SYR","ADM0_A3_BR":"SYR","ADM0_A3_IL":"SYR","ADM0_A3_PS":"SYR","ADM0_A3_SA":"SYR","ADM0_A3_EG":"SYR","ADM0_A3_MA":"SYR","ADM0_A3_PT":"SYR","ADM0_A3_AR":"SYR","ADM0_A3_JP":"SYR","ADM0_A3_KO":"SYR","ADM0_A3_VN":"SYR","ADM0_A3_TR":"SYR","ADM0_A3_ID":"SYR","ADM0_A3_PL":"SYR","ADM0_A3_GR":"SYR","ADM0_A3_IT":"SYR","ADM0_A3_NL":"SYR","ADM0_A3_SE":"SYR","ADM0_A3_BD":"SYR","ADM0_A3_UA":"SYR","ADM0_A3_UN":-99,"ADM0_A3_WB":-99,"CONTINENT":"Asia","REGION_UN":"Asia","SUBREGION":"Western Asia","REGION_WB":"Middle East & North Africa","NAME_LEN":5,"LONG_LEN":5,"ABBREV_LEN":5,"TINY":-99,"HOMEPART":1,"MIN_ZOOM":0,"MIN_LABEL":3,"MAX_LABEL":8,"LABEL_X":38.277783,"LABEL_Y":35.006636,"NE_ID":1159321295,"WIKIDATAID":"Q858","NAME_AR":"سوريا","NAME_BN":"সিরিয়া","NAME_DE":"Syrien","NAME_EN":"Syria","NAME_ES":"Siria","NAME_FA":"سوریه","NAME_FR":"Syrie","NAME_EL":"Συρία","NAME_HE":"סוריה","NAME_HI":"सीरिया","NAME_HU":"Szíria","NAME_ID":"Suriah","NAME_IT":"Siria","NAME_JA":"シリア","NAME_KO":"시리아","NAME_NL":"Syrië","NAME_PL":"Syria","NAME_PT":"Síria","NAME_RU":"Сирия","NAME_SV":"Syrien","NAME_TR":"Suriye","NAME_UK":"Сирія","NAME_UR":"سوریہ","NAME_VI":"Syria","NAME_ZH":"叙利亚","NAME_ZHT":"敘利亞","FCLASS_ISO":"Admin-0 country","TLC_DIFF":null,"FCLASS_TLC":"Admin-0 country","FCLASS_US":null,"FCLASS_FR":null,"FCLASS_RU":null,"FCLASS_ES":null,"FCLASS_CN":null,"FCLASS_TW":null,"FCLASS_IN":null,"FCLASS_NP":null,"FCLASS_PK":null,"FCLASS_DE":null,"FCLASS_GB":null,"FCLASS_BR":null,"FCLASS_IL":null,"FCLASS_PS":null,"FCLASS_SA":null,"FCLASS_EG":null,"FCLASS_MA":null,"FCLASS_PT":null,"FCLASS_AR":null,"FCLASS_JP":null,"FCLASS_KO":null,"FCLASS_VN":null,"FCLASS_TR":null,"FCLASS_ID":null,"FCLASS_PL":null,"FCLASS_GR":null,"FCLASS_IT":null,"FCLASS_NL":null,"FCLASS_SE":null,"FCLASS_BD":null,"FCLASS_UA":null},"geometry":{"type":"Polygon","coordinates":[[[35.719918,31.06482368695793],[35.700798,31.070667123792816],[35.836397,31.200863934873436],[35.821101,31.550314715458832],[36.06646,32.01570234120428],[36.61175,32.334699239350215],[36.448194,32.66543075036165],[35.998403,32.70833643035252],[35.905023,33.34978148444742],[36.149763,33.69286167047434],[36.41755,33.874949492142015],[36.685389,34.0566496509255],[36.739494,34.51753303993231],[37.066761,34.35713339653948],[38.167727000000006,34.58646110540646],[38.699891,34.43130878587152],[39.522580000000005,34.433887910228755],[40.673259,34.74278941377218],[41.212089,34.72888147666584],[42.349591,34.85659861634819],[41.837064,34.3429478375691],[41.289707,34.13872590804107],[41.383964999999996,33.531949548883134],[41.006159,32.518356501052295],[38.792341,31.636566644204],[36.834062,30.72479445731483],[35.719918,31.06482368695793]]]}},{"type":"Feature","bbox":[43.582746,38.741201,46.50572,41.248129],"properties":{"featurecla":"Admin-0 country","scalerank":1,"LABELRANK":6,"SOVEREIGNT":"Armenia","SOV_A3":"ARM","ADM0_DIF":0,"LEVEL":2,"TYPE":"Sovereign country","TLC":"1","ADMIN":"Armenia","ADM0_A3":"ARM","GEOU_DIF":0,"GEOUNIT":"Armenia","GU_A3":"ARM","SU_DIF":0,"SUBUNIT":"Armenia","SU_A3":"ARM","BRK_DIFF":0,"NAME":"Armenia","NAME_LONG":"Armenia","BRK_A3":"ARM","BRK_NAME":"Armenia","BRK_GROUP":null,"ABBREV":"Arm.","POSTAL":"ARM","FORMAL_EN":"Republic of Armenia","FORMAL_FR":null,"NAME_CIAWF":"Armenia","NOTE_ADM0":null,"NOTE_BRK":null,"NAME_SORT":"Armenia","NAME_ALT":null,"MAPCOLOR7":3,"MAPCOLOR8":1,"MAPCOLOR9":2,"MAPCOLOR13":10,"POP_EST":2957731,"POP_RANK":12,"POP_YEAR":2019,"GDP_MD":13672,"GDP_YEAR":2019,"ECONOMY":"6. Developing region","INCOME_GRP":"4. Lower middle income","FIPS_10":"AM","ISO_A2":"AM","ISO_A2_EH":"AM","ISO_A3":"ARM","ISO_A3_EH":"ARM","ISO_N3":"051","ISO_N3_EH":"051","UN_A3":"051","WB_A2":"AM","WB_A3":"ARM","WOE_ID":23424743,"WOE_ID_EH":23424743,"WOE_NOTE":"Exact WOE match as country","ADM0_ISO":"ARM","ADM0_DIFF":null,"ADM0_TLC":"ARM","ADM0_A3_US":"ARM","ADM0_A3_FR":"ARM","ADM0_A3_RU":"ARM","ADM0_A3_ES":"ARM","ADM0_A3_CN":"ARM","ADM0_A3_TW":"ARM","ADM0_A3_IN":"ARM","ADM0_A3_NP":"ARM","ADM0_A3_PK":"ARM","ADM0_A3_DE":"ARM","ADM0_A3_GB":"ARM","ADM0_A3_BR":"ARM","ADM0_A3_IL":"ARM","ADM0_A3_PS":"ARM","ADM0_A3_SA":"ARM","ADM0_A3_EG":"ARM","ADM0_A3_MA":"ARM","ADM0_A3_PT":"ARM","ADM0_A3_AR":"ARM","ADM0_A3_JP":"ARM","ADM0_A3_KO":"ARM","ADM0_A3_VN":"ARM","ADM0_A3_TR":"ARM","ADM0_A3_ID":"ARM","ADM0_A3_PL":"ARM","ADM0_A3_GR":"ARM","ADM0_A3_IT":"ARM","ADM0_A3_NL":"ARM","ADM0_A3_SE":"ARM","ADM0_A3_BD":"ARM","ADM0_A3_UA":"ARM","ADM0_A3_UN":-99,"ADM0_A3_WB":-99,"CONTINENT":"Asia","REGION_UN":"Asia","SUBREGION":"Western Asia","REGION_WB":"Europe & Central Asia","NAME_LEN":7,"LONG_LEN":7,"ABBREV_LEN":4,"TINY":-99,"HOMEPART":1,"MIN_ZOOM":0,"MIN_LABEL":5,"MAX_LABEL":10,"LABEL_X":44.800564,"LABEL_Y":40.459077,"NE_ID":1159320333,"WIKIDATAID":"Q399","NAME_AR":"أرمينيا","NAME_BN":"আর্মেনিয়া","NAME_DE":"Armenien","NAME_EN":"Armenia","NAME_ES":"Armenia","NAME_FA":"ارمنستان","NAME_FR":"Arménie","NAME_EL":"Αρμενία","NAME_HE":"ארמניה","NAME_HI":"आर्मीनिया","NAME_HU":"Örményország","NAME_ID":"Armenia","NAME_IT":"Armenia","NAME_JA":"アルメニア","NAME_KO":"아르메니아","NAME_NL":"Armenië","NAME_PL":"Armenia","NAME_PT":"Arménia","NAME_RU":"Армения","NAME_SV":"Armenien","NAME_TR":"Ermenistan","NAME_UK":"Вірменія","NAME_UR":"آرمینیا","NAME_VI":"Armenia","NAME_ZH":"亚美尼亚","NAME_ZHT":"亞美尼亞","FCLASS_ISO":"Admin-0 country","TLC_DIFF":null,"FCLASS_TLC":"Admin-0 country","FCLASS_US":null,"FCLASS_FR":null,"FCLASS_RU":null,"FCLASS_ES":null,"FCLASS_CN":null,"FCLASS_TW":null,"FCLASS_IN":null,"FCLASS_NP":null,"FCLASS_PK":null,"FCLASS_DE":null,"FCLASS_GB":null,"FCLASS_BR":null,"FCLASS_IL":null,"FCLASS_PS":null,"FCLASS_SA":null,"FCLASS_EG":null,"FCLASS_MA":null,"FCLASS_PT":null,"FCLASS_AR":null,"FCLASS_JP":null,"FCLASS_KO":null,"FCLASS_VN":null,"FCLASS_TR":null,"FCLASS_ID":null,"FCLASS_PL":null,"FCLASS_GR":null,"FCLASS_IT":null,"FCLASS_NL":null,"FCLASS_SE":null,"FCLASS_BD":null,"FCLASS_UA":null},"geometry":{"type":"Polygon","coordinates":[[[46.50572,36.11113380104032],[46.143623,36.08737544146457],[45.735379,36.55349460308277],[45.739978,36.67732848547378],[45.298145,36.675525541243005],[45.001987,36.89037167936975],[44.79399,36.86877361559313],[44.400009000000004,37.1020172300296],[43.656436,37.30000303104921],[43.752658,37.68611242195498],[43.582746,37.96410599780992],[44.97248,38.08698176406468],[45.179496,37.87986569244058],[45.560351,37.743139674658785],[45.35917500000001,37.544561909259514],[45.891907,37.272086280037584],[45.610012,37.018222080574155],[46.034534,36.80075677144836],[46.483498999999995,36.669433073685866],[46.50572,36.11113380104032]]]}},{"type":"Feature","bbox":[11.027369,55.361737,23.903379,69.106247],"properties":{"featurecla":"Admin-0 country","scalerank":1,"LABELRANK":3,"SOVEREIGNT":"Sweden","SOV_A3":"SWE","ADM0_DIF":0,"LEVEL":2,"TYPE":"Sovereign country","TLC":"1","ADMIN":"Sweden","ADM0_A3":"SWE","GEOU_DIF":0,"GEOUNIT":"Sweden","GU_A3":"SWE","SU_DIF":0,"SUBUNIT":"Sweden","SU_A3":"SWE","BRK_DIFF":0,"NAME":"Sweden","NAME_LONG":"Sweden","BRK_A3":"SWE","BRK_NAME":"Sweden","BRK_GROUP":null,"ABBREV":"Swe.","POSTAL":"S","FORMAL_EN":"Kingdom of Sweden","FORMAL_FR":null,"NAME_CIAWF":"Sweden","NOTE_ADM0":null,"NOTE_BRK":null,"NAME_SORT":"Sweden","NAME_ALT":null,"MAPCOLOR7":1,"MAPCOLOR8":4,"MAPCOLOR9":2,"MAPCOLOR13":4,"POP_EST":10285453,"POP_RANK":14,"POP_YEAR":2019,"GDP_MD":530883,"GDP_YEAR":2019,"ECONOMY":"2. Developed region: nonG7","INCOME_GRP":"1. High income: OECD","FIPS_10":"SW","ISO_A2":"SE","ISO_A2_EH":"SE","ISO_A3":"SWE","ISO_A3_EH":"SWE","ISO_N3":"752","ISO_N3_EH":"752","UN_A3":"752","WB_A2":"SE","WB_A3":"SWE","WOE_ID":23424954,"WOE_ID_EH":23424954,"WOE_NOTE":"Exact WOE match as country","ADM0_ISO":"SWE","ADM0_DIFF":null,"ADM0_TLC":"SWE","ADM0_A3_US":"SWE","ADM0_A3_FR":"SWE","ADM0_A3_RU":"SWE","ADM0_A3_ES":"SWE","ADM0_A3_CN":"SWE","ADM0_A3_TW":"SWE","ADM0_A3_IN":"SWE","ADM0_A3_NP":"SWE","ADM0_A3_PK":"SWE","ADM0_A3_DE":"SWE","ADM0_A3_GB":"SWE","ADM0_A3_BR":"SWE","ADM0_A3_IL":"SWE","ADM0_A3_PS":"SWE","ADM0_A3_SA":"SWE","ADM0_A3_EG":"SWE","ADM0_A3_MA":"SWE","ADM0_A3_PT":"SWE","ADM0_A3_AR":"SWE","ADM0_A3_JP":"SWE","ADM0_A3_KO":"SWE","ADM0_A3_VN":"SWE","ADM0_A3_TR":"SWE","ADM0_A3_ID":"SWE","ADM0_A3_PL":"SWE","ADM0_A3_GR":"SWE","ADM0_A3_IT":"SWE","ADM0_A3_NL":"SWE","ADM0_A3_SE":"SWE","ADM0_A3_BD":"SWE","ADM0_A3_UA":"SWE","ADM0_A3_UN":-99,"ADM0_A3_WB":-99,"CONTINENT":"Europe","REGION_UN":"Europe","SUBREGION":"Northern Europe","REGION_WB":"Europe & Central Asia","NAME_LEN":6,"LONG_LEN":6,"ABBREV_LEN":4,"TINY":-99,"HOMEPART":1,"MIN_ZOOM":0,"MIN_LABEL":2,"MAX_LABEL":7,"LABEL_X":19.01705,"LABEL_Y":65.85918,"NE_ID":1159321287,"WIKIDATAID":"Q34","NAME_AR":"السويد","NAME_BN":"সুইডেন","NAME_DE":"Schweden","NAME_EN":"Sweden","NAME_ES":"Suecia","NAME_FA":"سوئد","NAME_FR":"Suède","NAME_EL":"Σουηδία","NAME_HE":"שוודיה","NAME_HI":"स्वीडन","NAME_HU":"Svédország","NAME_ID":"Swedia","NAME_IT":"Svezia","NAME_JA":"スウェーデン","NAME_KO":"스웨덴","NAME_NL":"Zweden","NAME_PL":"Szwecja","NAME_PT":"Suécia","NAME_RU":"Швеция","NAME_SV":"Sverige","NAME_TR":"İsveç","NAME_UK":"Швеція","NAME_UR":"سویڈن","NAME_VI":"Thụy Điển","NAME_ZH":"瑞典","NAME_ZHT":"瑞典","FCLASS_ISO":"Admin-0 country","TLC_DIFF":null,"FCLASS_TLC":"Admin-0 country","FCLASS_US":null,"FCLASS_FR":null,"FCLASS_RU":null,"FCLASS_ES":null,"FCLASS_CN":null,"FCLASS_TW":null,"FCLASS_IN":null,"FCLASS_NP":null,"FCLASS_PK":null,"FCLASS_DE":null,"FCLASS_GB":null,"FCLASS_BR":null,"FCLASS_IL":null,"FCLASS_PS":null,"FCLASS_SA":null,"FCLASS_EG":null,"FCLASS_MA":null,"FCLASS_PT":null,"FCLASS_AR":null,"FCLASS_JP":null,"FCLASS_KO":null,"FCLASS_VN":null,"FCLASS_TR":null,"FCLASS_ID":null,"FCLASS_PL":null,"FCLASS_GR":null,"FCLASS_IT":null,"FCLASS_NL":null,"FCLASS_SE":null,"FCLASS_BD":null,"FCLASS_UA":null},"geometry":{"type":"Polygon","coordinates":[[[11.027369,50.60567585005421],[11.468272,50.96997137966164],[12.300366,51.39967076150579],[12.631147000000002,52.12726408395859],[11.992064,52.437302206039966],[11.930569000000002,53.23944526112435],[12.579935,53.797079558696936],[13.571916,53.78697532825321],[13.919905,54.02045643209264],[13.55569,54.22066552826555],[15.108411,55.035029361835306],[16.108712,55.66531157721616],[16.768879,56.06455176584301],[17.729182,56.062662014435304],[17.993868,56.37228591305246],[19.87856,56.28346640293488],[20.025268999999998,56.64694033549407],[20.645593,56.669534602273686],[21.978535000000004,56.399663973009005],[23.539473,56.021023245156485],[23.56588,55.15072861097461],[23.903379,54.9277553360029],[22.183172999999996,54.76470481639531],[21.213517000000003,54.360150775616454],[21.369631,54.00175045570719],[19.778876,53.52648360569131],[17.847779,53.012072160405005],[17.119555,52.15647292105564],[17.831346,51.72210467328037],[18.787722,51.377193560052454],[17.869225,50.66758808664673],[16.829185,50.51907899768818],[16.44771,49.43962352822526],[15.879785999999998,48.826672355305675],[14.666681,48.89021638726435],[14.100721,48.36602589522633],[12.942911000000002,48.33542647842792],[12.625101,48.95999126676727],[11.787942,49.69948579809745],[11.027369,50.60567585005421]]]}},{"type":"Feature","bbox":[23.199494,51.319503,32.693643,56.16913],"properties":{"featurecla":"Admin-0 country","scalerank":1,"LABELRANK":4,"SOVEREIGNT":"Belarus","SOV_A3":"BLR","ADM0_DIF":0,"LEVEL":2,"TYPE":"Sovereign country","TLC":"1","ADMIN":"Belarus","ADM0_A3":"BLR","GEOU_DIF":0,"GEOUNIT":"Belarus","GU_A3":"BLR","SU_DIF":0,"SUBUNIT":"Belarus","SU_A3":"BLR","BRK_DIFF":0,"NAME":"Belarus","NAME_LONG":"Belarus","BRK_A3":"BLR","BRK_NAME":"Belarus","BRK_GROUP":null,"ABBREV":"Bela.","POSTAL":"BY","FORMAL_EN":"Republic of Belarus","FORMAL_FR":null,"NAME_CIAWF":"Belarus","NOTE_ADM0":null,"NOTE_BRK":null,"NAME_SORT":"Belarus","NAME_ALT":null,"MAPCOLOR7":1,"MAPCOLOR8":1,"MAPCOLOR9":5,"MAPCOLOR13":11,"POP_EST":9466856,"POP_RANK":13,"POP_YEAR":2019,"GDP_MD":63080,"GDP_YEAR":2019,"ECONOMY":"6. Developing region","INCOME_GRP":"3. Upper middle income","FIPS_10":"BO","ISO_A2":"BY","ISO_A2_EH":"BY","ISO_A3":"BLR","ISO_A3_EH":"BLR","ISO_N3":"112","ISO_N3_EH":"112","UN_A3":"112","WB_A2":"BY","WB_A3":"BLR","WOE_ID":23424765,"WOE_ID_EH":23424765,"WOE_NOTE":"Exact WOE match as country","ADM0_ISO":"BLR","ADM0_DIFF":null,"ADM0_TLC":"BLR","ADM0_A3_US":"BLR","ADM0_A3_FR":"BLR","ADM0_A3_RU":"BLR","ADM0_A3_ES":"BLR","ADM0_A3_CN":"BLR","ADM0_A3_TW":"BLR","ADM0_A3_IN":"BLR","ADM0_A3_NP":"BLR","ADM0_A3_PK":"BLR","ADM0_A3_DE":"BLR","ADM0_A3_GB":"BLR","ADM0_A3_BR":"BLR","ADM0_A3_IL":"BLR","ADM0_A3_PS":"BLR","ADM0_A3_SA":"BLR","ADM0_A3_EG":"BLR","ADM0_A3_MA":"BLR","ADM0_A3_PT":"BLR","ADM0_A3_AR":"BLR","ADM0_A3_JP":"BLR","ADM0_A3_KO":"BLR","ADM0_A3_VN":"BLR","ADM0_A3_TR":"BLR","ADM0_A3_ID":"BLR","ADM0_A3_PL":"BLR","ADM0_A3_GR":"BLR","ADM0_A3_IT":"BLR","ADM0_A3_NL":"BLR","ADM0_A3_SE":"BLR","ADM0_A3_BD":"BLR","ADM0_A3_UA":"BLR","ADM0_A3_UN":-99,"ADM0_A3_WB":-99,"CONTINENT":"Europe","REGION_UN":"Europe","SUBREGION":"Eastern Europe","REGION_WB":"Europe & Central Asia","NAME_LEN":7,"LONG_LEN":7,"ABBREV_LEN":5,"TINY":-99,"HOMEPART":1,"MIN_ZOOM":0,"MIN_LABEL":3,"MAX_LABEL":8,"LABEL_X":28.417701,"LABEL_Y":53.821888,"NE_ID":1159320427,"WIKIDATAID":"Q184","NAME_AR":"بيلاروسيا","NAME_BN":"বেলারুশ","NAME_DE":"Belarus","NAME_EN":"Belarus","NAME_ES":"Bielorrusia","NAME_FA":"بلاروس","NAME_FR":"Biélorussie","NAME_EL":"Λευκορωσία","NAME_HE":"בלארוס","NAME_HI":"बेलारूस","NAME_HU":"Fehéroroszország","NAME_ID":"Belarus","NAME_IT":"Bielorussia","NAME_JA":"ベラルーシ","NAME_KO":"벨라루스","NAME_NL":"Wit-Rusland","NAME_PL":"Białoruś","NAME_PT":"Bielorrússia","NAME_RU":"Белоруссия","NAME_SV":"Belarus","NAME_TR":"Beyaz Rusya","NAME_UK":"Білорусь","NAME_UR":"بیلاروس","NAME_VI":"Belarus","NAME_ZH":"白俄罗斯","NAME_ZHT":"白俄羅斯","FCLASS_ISO":"Admin-0 country","TLC_DIFF":null,"FCLASS_TLC":"Admin-0 country","FCLASS_US":null,"FCLASS_FR":null,"FCLASS_RU":null,"FCLASS_ES":null,"FCLASS_CN":null,"FCLASS_TW":null,"FCLASS_IN":null,"FCLASS_NP":null,"FCLASS_PK":null,"FCLASS_DE":null,"FCLASS_GB":null,"FCLASS_BR":null,"FCLASS_IL":null,"FCLASS_PS":null,"FCLASS_SA":null,"FCLASS_EG":null,"FCLASS_MA":null,"FCLASS_PT":null,"FCLASS_AR":null,"FCLASS_JP":null,"FCLASS_KO":null,"FCLASS_VN":null,"FCLASS_TR":null,"FCLASS_ID":null,"FCLASS_PL":null,"FCLASS_GR":null,"FCLASS_IT":null,"FCLASS_NL":null,"FCLASS_SE":null,"FCLASS_BD":null,"FCLASS_UA":null},"geometry":{"type":"Polygon","coordinates":[[[28.176708999999995,48.86933299101522],[29.229513000000004,48.704099358752096],[29.371572,48.539998578515934],[29.896294,48.618972731094495],[30.873909,48.461071446699115],[30.971836000000003,48.14882532372989],[30.757534000000003,47.96851492179834],[31.384472,47.52829650980746],[31.791424000000003,47.404979160261114],[31.731273,47.28259829825385],[32.405599,47.16307905196911],[32.693643,46.98148832279356],[32.304519,46.83207881071095],[31.49764,46.85581592160538],[31.305201,46.791884315570435],[31.540018,46.56413882087207],[31.785970000000002,46.12206899308885],[31.785992,46.12206760684035],[30.927549,46.08093266539097],[30.619454,45.92843555740736],[30.555117,45.577255138033216],[30.157364000000005,45.64485377064527],[29.254938000000003,45.61135389153867],[28.992835,45.77467060505435],[28.617613,45.65294601172927],[28.241615000000003,45.75386990739413],[27.454066000000005,45.767876019336214],[26.337959000000005,45.93503112571135],[25.327788000000005,45.98950652314838],[24.553106,45.974083508633576],[24.005078,45.78541079293028],[23.527071,45.75821457817835],[23.508002,46.067955880274944],[23.199494,46.38848051078056],[23.799199,46.52909517494493],[23.804935,46.80265621069749],[23.527536,47.062408926242384],[23.484128,47.362904595535824],[24.450684,47.358301107758095],[25.536354,47.61287926381562],[25.768433000000005,47.992071959221086],[26.588279,48.205924360220095],[26.494331,48.503580743630756],[27.10246,48.614907688338555],[28.176708999999995,48.86933299101522]]]}},{"type":"Feature","bbox":[22.085608,45.293308,40.080789,52.335075],"properties":{"featurecla":"Admin-0 country","scalerank":1,"LABELRANK":3,"SOVEREIGNT":"Ukraine","SOV_A3":"UKR","ADM0_DIF":0,"LEVEL":2,"TYPE":"Sovereign country","TLC":"1","ADMIN":"Ukraine","ADM0_A3":"UKR","GEOU_DIF":0,"GEOUNIT":"Ukraine","GU_A3":"UKR","SU_DIF":0,"SUBUNIT":"Ukraine","SU_A3":"UKR","BRK_DIFF":0,"NAME":"Ukraine","NAME_LONG":"Ukraine","BRK_A3":"UKR","BRK_NAME":"Ukraine","BRK_GROUP":null,"ABBREV":"Ukr.","POSTAL":"UA","FORMAL_EN":"Ukraine","FORMAL_FR":null,"NAME_CIAWF":"Ukraine","NOTE_ADM0":null,"NOTE_BRK":null,"NAME_SORT":"Ukraine","NAME_ALT":null,"MAPCOLOR7":5,"MAPCOLOR8":1,"MAPCOLOR9":6,"MAPCOLOR13":3,"POP_EST":44385155,"POP_RANK":15,"POP_YEAR":2019,"GDP_MD":153781,"GDP_YEAR":2019,"ECONOMY":"6. Developing region","INCOME_GRP":"4. Lower middle income","FIPS_10":"UP","ISO_A2":"UA","ISO_A2_EH":"UA","ISO_A3":"UKR","ISO_A3_EH":"UKR","ISO_N3":"804","ISO_N3_EH":"804","UN_A3":"804","WB_A2":"UA","WB_A3":"UKR","WOE_ID":23424976,"WOE_ID_EH":23424976,"WOE_NOTE":"Exact WOE match as country","ADM0_ISO":"UKR","ADM0_DIFF":null,"ADM0_TLC":"UKR","ADM0_A3_US":"UKR","ADM0_A3_FR":"UKR","ADM0_A3_RU":"UKR","ADM0_A3_ES":"UKR","ADM0_A3_CN":"UKR","ADM0_A3_TW":"UKR","ADM0_A3_IN":"UKR","ADM0_A3_NP":"UKR","ADM0_A3_PK":"UKR","ADM0_A3_DE":"UKR","ADM0_A3_GB":"UKR","ADM0_A3_BR":"UKR","ADM0_A3_IL":"UKR","ADM0_A3_PS":"UKR","ADM0_A3_SA":"UKR","ADM0_A3_EG":"UKR","ADM0_A3_MA":"UKR","ADM0_A3_PT":"UKR","ADM0_A3_AR":"UKR","ADM0_A3_JP":"UKR","ADM0_A3_KO":"UKR","ADM0_A3_VN":"UKR","ADM0_A3_TR":"UKR","ADM0_A3_ID":"UKR","ADM0_A3_PL":"UKR","ADM0_A3_GR":"UKR","ADM0_A3_IT":"UKR","ADM0_A3_NL":"UKR","ADM0_A3_SE":"UKR","ADM0_A3_BD":"UKR","ADM0_A3_UA":"UKR","ADM0_A3_UN":-99,"ADM0_A3_WB":-99,"CONTINENT":"Europe","REGION_UN":"Europe","SUBREGION":"Eastern Europe","REGION_WB":"Europe & Central Asia","NAME_LEN":7,"LONG_LEN":7,"ABBREV_LEN":4,"TINY":-99,"HOMEPART":1,"MIN_ZOOM":0,"MIN_LABEL":2.7,"MAX_LABEL":7,"LABEL_X":32.140865,"LABEL_Y":49.724739,"NE_ID":1159321345,"WIKIDATAID":"Q212","NAME_AR":"أوكرانيا","NAME_BN":"ইউক্রেন","NAME_DE":"Ukraine","NAME_EN":"Ukraine","NAME_ES":"Ucrania","NAME_FA":"اوکراین","NAME_FR":"Ukraine","NAME_EL":"Ουκρανία","NAME_HE":"אוקראינה","NAME_HI":"युक्रेन","NAME_HU":"Ukrajna","NAME_ID":"Ukraina","NAME_IT":"Ucraina","NAME_JA":"ウクライナ","NAME_KO":"우크라이나","NAME_NL":"Oekraïne","NAME_PL":"Ukraina","NAME_PT":"Ucrânia","NAME_RU":"Украина","NAME_SV":"Ukraina","NAME_TR":"Ukrayna","NAME_UK":"Україна","NAME_UR":"یوکرین","NAME_VI":"Ukraina","NAME_ZH":"乌克兰","NAME_ZHT":"烏克蘭","FCLASS_ISO":"Admin-0 country","TLC_DIFF":null,"FCLASS_TLC":"Admin-0 country","FCLASS_US":null,"FCLASS_FR":null,"FCLASS_RU":null,"FCLASS_ES":null,"FCLASS_CN":null,"FCLASS_TW":null,"FCLASS_IN":null,"FCLASS_NP":null,"FCLASS_PK":null,"FCLASS_DE":null,"FCLASS_GB":null,"FCLASS_BR":null,"FCLASS_IL":null,"FCLASS_PS":null,"FCLASS_SA":null,"FCLASS_EG":null,"FCLASS_MA":null,"FCLASS_PT":null,"FCLASS_AR":null,"FCLASS_JP":null,"FCLASS_KO":null,"FCLASS_VN":null,"FCLASS_TR":null,"FCLASS_ID":null,"FCLASS_PL":null,"FCLASS_GR":null,"FCLASS_IT":null,"FCLASS_NL":null,"FCLASS_SE":null,"FCLASS_BD":null,"FCLASS_UA":null},"geometry":{"type":"Polygon","coordinates":[[[31.785992,46.12206760684035],[32.15944,46.09403885332724],[32.412058,46.251541143133416],[32.715761,46.21679641974687],[33.7527,46.28360324062384],[34.391731,45.890915697821264],[34.141978,45.74981308751573],[34.224816,45.53278391352223],[35.022183,45.49885472429745],[35.37791,45.194091472535945],[35.356116,45.05527633626338],[36.626168,44.80635390285629],[37.39346,44.91860114447665],[38.010631000000004,44.586042469308545],[38.594988,44.593733688808854],[40.06904,44.36154490260813],[40.080789,44.151247541870845],[39.67465,43.77435991932509],[39.89562,43.37487817715155],[39.738277999999994,43.132000344359334],[38.77057,43.07847162029673],[38.255112,42.874184677768035],[38.223538,42.54778722611063],[37.425137,42.488845175756694],[36.759855,42.249823102643276],[35.823685,42.21077477162602],[34.962342,41.934071116792154],[35.012659000000006,41.53448254787903],[34.861792,41.55727732417802],[34.732017,41.704884230459314],[34.410402,41.73436445046555],[33.699462,41.89416698265177],[33.435988,41.70955094186577],[33.298567,41.790633069689484],[31.74414,41.97880260732595],[31.675307,42.25540781682889],[30.748748999999997,42.16419561256093],[30.377609,41.754694753771474],[29.603289,41.200956107395946],[29.149725,41.32995400314581],[28.679779,41.20902363729093],[28.233553999999998,41.34749160762299],[28.485269,41.42898639849413],[28.659987000000005,41.68570990671699],[28.933717000000005,41.92338240477471],[28.862972000000003,42.0564701592421],[29.072106999999995,42.11568465938935],[29.170654000000003,42.01292557514017],[29.759972000000005,41.9911714542164],[30.024659000000003,42.046110163988914],[29.838210000000004,42.12135763285363],[29.908852,42.231804310291096],[29.559674,42.41975757728344],[29.415135000000003,42.72762071549861],[29.050868000000005,42.84766961815615],[29.122698000000003,43.095615806215754],[28.670891000000005,43.29176774355361],[28.259546999999998,43.31899349532493],[27.522537,43.545242475698345],[26.857824000000004,43.4735083021433],[26.619337,43.36638476489622],[26.19745,43.36649744632852],[25.945941000000005,43.19634186387115],[25.207743,43.12624867344208],[24.866317,43.01409230856865],[24.402056,43.19249911888217],[23.760958,43.19521115526878],[23.142236,43.27589225505682],[22.710531,43.119780408116675],[22.64082,43.31512137549579],[22.085608,43.51272143176894],[22.280842,43.804370274854875],[22.558138,43.99196840344566],[22.776419,43.94997943780845],[22.518449999999998,44.27262738579289],[23.426508000000002,44.8651514841722],[23.922757000000004,44.947575387697846],[24.029986,45.14577526856206],[23.527071,45.75821457817835],[24.005078,45.78541079293028],[24.553106,45.974083508633576],[25.327788000000005,45.98950652314838],[26.337959000000005,45.93503112571135],[27.454066000000005,45.767876019336214],[28.241615000000003,45.75386990739413],[28.617613,45.65294601172927],[28.992835,45.77467060505435],[29.254938000000003,45.61135389153867],[30.157364000000005,45.64485377064527],[30.555117,45.577255138033216],[30.619454,45.92843555740736],[30.927549,46.08093266539097],[31.785992,46.12206760684035]]]}},{"type":"Feature","bbox":[14.074521,49.027395,24.029986,54.851536],"properties":{"featurecla":"Admin-0 country","scalerank":1,"LABELRANK":3,"SOVEREIGNT":"Poland","SOV_A3":"POL","ADM0_DIF":0,"LEVEL":2,"TYPE":"Sovereign country","TLC":"1","ADMIN":"Poland","ADM0_A3":"POL","GEOU_DIF":0,"GEOUNIT":"Poland","GU_A3":"POL","SU_DIF":0,"SUBUNIT":"Poland","SU_A3":"POL","BRK_DIFF":0,"NAME":"Poland","NAME_LONG":"Poland","BRK_A3":"POL","BRK_NAME":"Poland","BRK_GROUP":null,"ABBREV":"Pol.","POSTAL":"PL","FORMAL_EN":"Republic of Poland","FORMAL_FR":null,"NAME_CIAWF":"Poland","NOTE_ADM0":null,"NOTE_BRK":null,"NAME_SORT":"Poland","NAME_ALT":null,"MAPCOLOR7":3,"MAPCOLOR8":7,"MAPCOLOR9":1,"MAPCOLOR13":2,"POP_EST":37970874,"POP_RANK":15,"POP_YEAR":2019,"GDP_MD":595858,"GDP_YEAR":2019,"ECONOMY":"2. Developed region: nonG7","INCOME_GRP":"1. High income: OECD","FIPS_10":"PL","ISO_A2":"PL","ISO_A2_EH":"PL","ISO_A3":"POL","ISO_A3_EH":"POL","ISO_N3":"616","ISO_N3_EH":"616","UN_A3":"616","WB_A2":"PL","WB_A3":"POL","WOE_ID":23424923,"WOE_ID_EH":23424923,"WOE_NOTE":"Exact WOE match as country","ADM0_ISO":"POL","ADM0_DIFF":null,"ADM0_TLC":"POL","ADM0_A3_US":"POL","ADM0_A3_FR":"POL","ADM0_A3_RU":"POL","ADM0_A3_ES":"POL","ADM0_A3_CN":"POL","ADM0_A3_TW":"POL","ADM0_A3_IN":"POL","ADM0_A3_NP":"POL","ADM0_A3_PK":"POL","ADM0_A3_DE":"POL","ADM0_A3_GB":"POL","ADM0_A3_BR":"POL","ADM0_A3_IL":"POL","ADM0_A3_PS":"POL","ADM0_A3_SA":"POL","ADM0_A3_EG":"POL","ADM0_A3_MA":"POL","ADM0_A3_PT":"POL","ADM0_A3_AR":"POL","ADM0_A3_JP":"POL","ADM0_A3_KO":"POL","ADM0_A3_VN":"POL","ADM0_A3_TR":"POL","ADM0_A3_ID":"POL","ADM0_A3_PL":"POL","ADM0_A3_GR":"POL","ADM0_A3_IT":"POL","ADM0_A3_NL":"POL","ADM0_A3_SE":"POL","ADM0_A3_BD":"POL","ADM0_A3_UA":"POL","ADM0_A3_UN":-99,"ADM0_A3_WB":-99,"CONTINENT":"Europe","REGION_UN":"Europe","SUBREGION":"Eastern Europe","REGION_WB":"Europe & Central Asia","NAME_LEN":6,"LONG_LEN":6,"ABBREV_LEN":4,"TINY":-99,"HOMEPART":1,"MIN_ZOOM":0,"MIN_LABEL":2.5,"MAX_LABEL":7,"LABEL_X":19.490468,"LABEL_Y":51.990316,"NE_ID":1159321179,"WIKIDATAID":"Q36","NAME_AR":"بولندا","NAME_BN":"পোল্যান্ড","NAME_DE":"Polen","NAME_EN":"Poland","NAME_ES":"Polonia","NAME_FA":"لهستان","NAME_FR":"Pologne","NAME_EL":"Πολωνία","NAME_HE":"פולין","NAME_HI":"पोलैंड","NAME_HU":"Lengyelország","NAME_ID":"Polandia","NAME_IT":"Polonia","NAME_JA":"ポーランド","NAME_KO":"폴란드","NAME_NL":"Polen","NAME_PL":"Polska","NAME_PT":"Polónia","NAME_RU":"Польша","NAME_SV":"Polen","NAME_TR":"Polonya","NAME_UK":"Польща","NAME_UR":"پولینڈ","NAME_VI":"Ba Lan","NAME_ZH":"波兰","NAME_ZHT":"波蘭","FCLASS_ISO":"Admin-0 country","TLC_DIFF":null,"FCLASS_TLC":"Admin-0 country","FCLASS_US":null,"FCLASS_FR":null,"FCLASS_RU":null,"FCLASS_ES":null,"FCLASS_CN":null,"FCLASS_TW":null,"FCLASS_IN":null,"FCLASS_NP":null,"FCLASS_PK":null,"FCLASS_DE":null,"FCLASS_GB":null,"FCLASS_BR":null,"FCLASS_IL":null,"FCLASS_PS":null,"FCLASS_SA":null,"FCLASS_EG":null,"FCLASS_MA":null,"FCLASS_PT":null,"FCLASS_AR":null,"FCLASS_JP":null,"FCLASS_KO":null,"FCLASS_VN":null,"FCLASS_TR":null,"FCLASS_ID":null,"FCLASS_PL":null,"FCLASS_GR":null,"FCLASS_IT":null,"FCLASS_NL":null,"FCLASS_SE":null,"FCLASS_BD":null,"FCLASS_UA":null},"geometry":{"type":"Polygon","coordinates":[[[23.484128,47.362904595535824],[23.527536,47.062408926242384],[23.804935,46.80265621069749],[23.799199,46.52909517494493],[23.199494,46.38848051078056],[23.508002,46.067955880274944],[23.527071,45.75821457817835],[24.029986,45.14577526856206],[23.922757000000004,44.947575387697846],[23.426508000000002,44.8651514841722],[22.518449999999998,44.27262738579289],[22.776419,43.94997943780845],[22.558138,43.99196840344566],[21.607808,44.26785344447202],[20.887955,44.16655851628886],[20.415839,44.24016739793351],[19.825023,44.086417816485856],[19.320713,44.340467478919344],[18.909575,44.2433145542049],[18.853144,44.28655674261882],[18.392914,44.637986124214315],[17.649445,44.68095485317874],[17.554567,44.90315730083836],[16.868769,44.98231061292047],[16.719476,44.79936923497853],[16.176253,44.94596593373233],[16.238627,45.140362497721924],[15.490971999999998,45.20169475717635],[15.016996000000002,45.42808852857275],[14.607098000000002,45.874421594011686],[14.685026,46.1139359662002],[14.4376,46.48349765776544],[14.074521,46.7283571839373],[14.353315000000002,46.911001191686026],[14.119686000000002,47.25749217842558],[14.8029,47.45643706171063],[16.363477,47.76819549974135],[17.622832,47.99513227294318],[18.620859,47.88196151976781],[18.696255,47.71813794878194],[19.66064,47.70963670104489],[20.892244999999996,47.63316817979855],[22.731099000000004,47.64328340894775],[23.243987,47.5711632579767],[23.484128,47.362904595535824]]]}},{"type":"Feature","bbox":[9.47997,46.431817,16.979667,49.039074],"properties":{"featurecla":"Admin-0 country","scalerank":1,"LABELRANK":4,"SOVEREIGNT":"Austria","SOV_A3":"AUT","ADM0_DIF":0,"LEVEL":2,"TYPE":"Sovereign country","TLC":"1","ADMIN":"Austria","ADM0_A3":"AUT","GEOU_DIF":0,"GEOUNIT":"Austria","GU_A3":"AUT","SU_DIF":0,"SUBUNIT":"Austria","SU_A3":"AUT","BRK_DIFF":0,"NAME":"Austria","NAME_LONG":"Austria","BRK_A3":"AUT","BRK_NAME":"Austria","BRK_GROUP":null,"ABBREV":"Aust.","POSTAL":"A","FORMAL_EN":"Republic of Austria","FORMAL_FR":null,"NAME_CIAWF":"Austria","NOTE_ADM0":null,"NOTE_BRK":null,"NAME_SORT":"Austria","NAME_ALT":null,"MAPCOLOR7":3,"MAPCOLOR8":1,"MAPCOLOR9":3,"MAPCOLOR13":4,"POP_EST":8877067,"POP_RANK":13,"POP_YEAR":2019,"GDP_MD":445075,"GDP_YEAR":2019,"ECONOMY":"2. Developed region: nonG7","INCOME_GRP":"1. High income: OECD","FIPS_10":"AU","ISO_A2":"AT","ISO_A2_EH":"AT","ISO_A3":"AUT","ISO_A3_EH":"AUT","ISO_N3":"040","ISO_N3_EH":"040","UN_A3":"040","WB_A2":"AT","WB_A3":"AUT","WOE_ID":23424750,"WOE_ID_EH":23424750,"WOE_NOTE":"Exact WOE match as country","ADM0_ISO":"AUT","ADM0_DIFF":null,"ADM0_TLC":"AUT","ADM0_A3_US":"AUT","ADM0_A3_FR":"AUT","ADM0_A3_RU":"AUT","ADM0_A3_ES":"AUT","ADM0_A3_CN":"AUT","ADM0_A3_TW":"AUT","ADM0_A3_IN":"AUT","ADM0_A3_NP":"AUT","ADM0_A3_PK":"AUT","ADM0_A3_DE":"AUT","ADM0_A3_GB":"AUT","ADM0_A3_BR":"AUT","ADM0_A3_IL":"AUT","ADM0_A3_PS":"AUT","ADM0_A3_SA":"AUT","ADM0_A3_EG":"AUT","ADM0_A3_MA":"AUT","ADM0_A3_PT":"AUT","ADM0_A3_AR":"AUT","ADM0_A3_JP":"AUT","ADM0_A3_KO":"AUT","ADM0_A3_VN":"AUT","ADM0_A3_TR":"AUT","ADM0_A3_ID":"AUT","ADM0_A3_PL":"AUT","ADM0_A3_GR":"AUT","ADM0_A3_IT":"AUT","ADM0_A3_NL":"AUT","ADM0_A3_SE":"AUT","ADM0_A3_BD":"AUT","ADM0_A3_UA":"AUT","ADM0_A3_UN":-99,"ADM0_A3_WB":-99,"CONTINENT":"Europe","REGION_UN":"Europe","SUBREGION":"Western Europe","REGION_WB":"Europe & Central Asia","NAME_LEN":7,"LONG_LEN":7,"ABBREV_LEN":5,"TINY":-99,"HOMEPART":1,"MIN_ZOOM":0,"MIN_LABEL":3,"MAX_LABEL":8,"LABEL_X":14.130515,"LABEL_Y":47.518859,"NE_ID":1159320379,"WIKIDATAID":"Q40","NAME_AR":"النمسا","NAME_BN":"অস্ট্রিয়া","NAME_DE":"Österreich","NAME_EN":"Austria","NAME_ES":"Austria","NAME_FA":"اتریش","NAME_FR":"Autriche","NAME_EL":"Αυστρία","NAME_HE":"אוסטריה","NAME_HI":"ऑस्ट्रिया","NAME_HU":"Ausztria","NAME_ID":"Austria","NAME_IT":"Austria","NAME_JA":"オーストリア","NAME_KO":"오스트리아","NAME_NL":"Oostenrijk","NAME_PL":"Austria","NAME_PT":"Áustria","NAME_RU":"Австрия","NAME_SV":"Österrike","NAME_TR":"Avusturya","NAME_UK":"Австрія","NAME_UR":"آسٹریا","NAME_VI":"Áo","NAME_ZH":"奥地利","NAME_ZHT":"奧地利","FCLASS_ISO":"Admin-0 country","TLC_DIFF":null,"FCLASS_TLC":"Admin-0 country","FCLASS_US":null,"FCLASS_FR":null,"FCLASS_RU":null,"FCLASS_ES":null,"FCLASS_CN":null,"FCLASS_TW":null,"FCLASS_IN":null,"FCLASS_NP":null,"FCLASS_PK":null,"FCLASS_DE":null,"FCLASS_GB":null,"FCLASS_BR":null,"FCLASS_IL":null,"FCLASS_PS":null,"FCLASS_SA":null,"FCLASS_EG":null,"FCLASS_MA":null,"FCLASS_PT":null,"FCLASS_AR":null,"FCLASS_JP":null,"FCLASS_KO":null,"FCLASS_VN":null,"FCLASS_TR":null,"FCLASS_ID":null,"FCLASS_PL":null,"FCLASS_GR":null,"FCLASS_IT":null,"FCLASS_NL":null,"FCLASS_SE":null,"FCLASS_BD":null,"FCLASS_UA":null},"geometry":{"type":"Polygon","coordinates":[[[16.979667,43.29566027463018],[16.903754,42.99752140018495],[16.340584,42.996084946782794],[16.534268,42.83736340083262],[16.202298,42.36348198739257],[16.011664,42.23865293114874],[15.137092000000003,42.22020956727003],[14.632472,42.05196163044455],[13.806475,42.109474070106714],[12.376484999999999,42.30077333075065],[12.153088,42.55751329804594],[11.164828000000002,42.42935078648372],[11.048556,42.288790314153694],[10.442701000000001,42.3938871314361],[9.932448,42.41395856926652],[9.47997,42.548243986876585],[9.632932,42.72832297725717],[9.594226,42.85854222114944],[9.896068,42.89894782304779],[10.402084000000002,42.69517505061027],[10.544503999999998,42.88883919517688],[11.426413999999998,42.85759513233109],[12.141357000000001,42.98890290757603],[12.620760000000002,42.96644585077599],[12.932627000000002,42.81644285941382],[13.025851,42.94097264827726],[12.884103,43.416104182763675],[13.243357,43.50826187990446],[13.595946,43.84172859687217],[14.338898000000002,43.60912849684776],[14.901447,43.90461057852564],[15.253416000000001,43.95838709214423],[16.029647,43.73830260450152],[16.499283,43.77579537704274],[16.960288,43.63929765783797],[16.879983,43.547340098956184],[16.979667,43.29566027463018]]]}},{"type":"Feature","bbox":[16.202298,45.759481,22.710531,48.623854],"properties":{"featurecla":"Admin-0 country","scalerank":1,"LABELRANK":5,"SOVEREIGNT":"Hungary","SOV_A3":"HUN","ADM0_DIF":0,"LEVEL":2,"TYPE":"Sovereign country","TLC":"1","ADMIN":"Hungary","ADM0_A3":"HUN","GEOU_DIF":0,"GEOUNIT":"Hungary","GU_A3":"HUN","SU_DIF":0,"SUBUNIT":"Hungary","SU_A3":"HUN","BRK_DIFF":0,"NAME":"Hungary","NAME_LONG":"Hungary","BRK_A3":"HUN","BRK_NAME":"Hungary","BRK_GROUP":null,"ABBREV":"Hun.","POSTAL":"HU","FORMAL_EN":"Republic of Hungary","FORMAL_FR":null,"NAME_CIAWF":"Hungary","NOTE_ADM0":null,"NOTE_BRK":null,"NAME_SORT":"Hungary","NAME_ALT":null,"MAPCOLOR7":4,"MAPCOLOR8":6,"MAPCOLOR9":1,"MAPCOLOR13":5,"POP_EST":9769949,"POP_RANK":13,"POP_YEAR":2019,"GDP_MD":163469,"GDP_YEAR":2019,"ECONOMY":"2. Developed region: nonG7","INCOME_GRP":"1. High income: OECD","FIPS_10":"HU","ISO_A2":"HU","ISO_A2_EH":"HU","ISO_A3":"HUN","ISO_A3_EH":"HUN","ISO_N3":"348","ISO_N3_EH":"348","UN_A3":"348","WB_A2":"HU","WB_A3":"HUN","WOE_ID":23424844,"WOE_ID_EH":23424844,"WOE_NOTE":"Exact WOE match as country","ADM0_ISO":"HUN","ADM0_DIFF":null,"ADM0_TLC":"HUN","ADM0_A3_US":"HUN","ADM0_A3_FR":"HUN","ADM0_A3_RU":"HUN","ADM0_A3_ES":"HUN","ADM0_A3_CN":"HUN","ADM0_A3_TW":"HUN","ADM0_A3_IN":"HUN","ADM0_A3_NP":"HUN","ADM0_A3_PK":"HUN","ADM0_A3_DE":"HUN","ADM0_A3_GB":"HUN","ADM0_A3_BR":"HUN","ADM0_A3_IL":"HUN","ADM0_A3_PS":"HUN","ADM0_A3_SA":"HUN","ADM0_A3_EG":"HUN","ADM0_A3_MA":"HUN","ADM0_A3_PT":"HUN","ADM0_A3_AR":"HUN","ADM0_A3_JP":"HUN","ADM0_A3_KO":"HUN","ADM0_A3_VN":"HUN","ADM0_A3_TR":"HUN","ADM0_A3_ID":"HUN","ADM0_A3_PL":"HUN","ADM0_A3_GR":"HUN","ADM0_A3_IT":"HUN","ADM0_A3_NL":"HUN","ADM0_A3_SE":"HUN","ADM0_A3_BD":"HUN","ADM0_A3_UA":"HUN","ADM0_A3_UN":-99,"ADM0_A3_WB":-99,"CONTINENT":"Europe","REGION_UN":"Europe","SUBREGION":"Eastern Europe","REGION_WB":"Europe & Central Asia","NAME_LEN":7,"LONG_LEN":7,"ABBREV_LEN":4,"TINY":-99,"HOMEPART":1,"MIN_ZOOM":0,"MIN_LABEL":4,"MAX_LABEL":9,"LABEL_X":19.447867,"LABEL_Y":47.086841,"NE_ID":1159320841,"WIKIDATAID":"Q28","NAME_AR":"المجر","NAME_BN":"হাঙ্গেরি","NAME_DE":"Ungarn","NAME_EN":"Hungary","NAME_ES":"Hungría","NAME_FA":"مجارستان","NAME_FR":"Hongrie","NAME_EL":"Ουγγαρία","NAME_HE":"הונגריה","NAME_HI":"हंगरी","NAME_HU":"Magyarország","NAME_ID":"Hongaria","NAME_IT":"Ungheria","NAME_JA":"ハンガリー","NAME_KO":"헝가리","NAME_NL":"Hongarije","NAME_PL":"Węgry","NAME_PT":"Hungria","NAME_RU":"Венгрия","NAME_SV":"Ungern","NAME_TR":"Macaristan","NAME_UK":"Угорщина","NAME_UR":"ہنگری","NAME_VI":"Hungary","NAME_ZH":"匈牙利","NAME_ZHT":"匈牙利","FCLASS_ISO":"Admin-0 country","TLC_DIFF":null,"FCLASS_TLC":"Admin-0 country","FCLASS_US":null,"FCLASS_FR":null,"FCLASS_RU":null,"FCLASS_ES":null,"FCLASS_CN":null,"FCLASS_TW":null,"FCLASS_IN":null,"FCLASS_NP":null,"FCLASS_PK":null,"FCLASS_DE":null,"FCLASS_GB":null,"FCLASS_BR":null,"FCLASS_IL":null,"FCLASS_PS":null,"FCLASS_SA":null,"FCLASS_EG":null,"FCLASS_MA":null,"FCLASS_PT":null,"FCLASS_AR":null,"FCLASS_JP":null,"FCLASS_KO":null,"FCLASS_VN":null,"FCLASS_TR":null,"FCLASS_ID":null,"FCLASS_PL":null,"FCLASS_GR":null,"FCLASS_IT":null,"FCLASS_NL":null,"FCLASS_SE":null,"FCLASS_BD":null,"FCLASS_UA":null},"geometry":{"type":"Polygon","coordinates":[[[22.085608,43.51272143176894],[22.64082,43.31512137549579],[22.710531,43.119780408116675],[22.099768,42.966483170166406],[21.626515,42.468206860336416],[21.021952000000002,41.96597036310164],[20.220192,41.82556985611811],[19.596045,41.858543704381304],[18.829838,41.66247338445753],[18.829825,41.66246890201503],[18.456062,41.55076609935624],[17.630066,41.69450815065711],[16.882515,42.01394346857624],[16.564808000000003,42.10535287622193],[16.370505,42.355310127201385],[16.202298,42.36348198739257],[16.534268,42.83736340083262],[16.340584,42.996084946782794],[16.903754,42.99752140018495],[16.979667,43.29566027463018],[17.488473,43.10902910849773],[17.857133,43.029374386277034],[18.696513,43.11887529275517],[18.777025,43.26528129338188],[19.174365,43.286839855302745],[19.661364,43.39973586907854],[19.769471000000003,43.35327230593792],[20.239053999999996,43.444006055922316],[20.473562,43.614591296391225],[20.801294,43.65874174203208],[21.872236,43.43849075350646],[22.085608,43.51272143176894]]]}},{"type":"Feature","bbox":[26.619337,45.488283,30.024659,48.467119],"properties":{"featurecla":"Admin-0 country","scalerank":1,"LABELRANK":6,"SOVEREIGNT":"Moldova","SOV_A3":"MDA","ADM0_DIF":0,"LEVEL":2,"TYPE":"Sovereign country","TLC":"1","ADMIN":"Moldova","ADM0_A3":"MDA","GEOU_DIF":0,"GEOUNIT":"Moldova","GU_A3":"MDA","SU_DIF":0,"SUBUNIT":"Moldova","SU_A3":"MDA","BRK_DIFF":0,"NAME":"Moldova","NAME_LONG":"Moldova","BRK_A3":"MDA","BRK_NAME":"Moldova","BRK_GROUP":null,"ABBREV":"Mda.","POSTAL":"MD","FORMAL_EN":"Republic of Moldova","FORMAL_FR":null,"NAME_CIAWF":"Moldova","NOTE_ADM0":null,"NOTE_BRK":null,"NAME_SORT":"Moldova","NAME_ALT":null,"MAPCOLOR7":3,"MAPCOLOR8":5,"MAPCOLOR9":4,"MAPCOLOR13":12,"POP_EST":2657637,"POP_RANK":12,"POP_YEAR":2019,"GDP_MD":11968,"GDP_YEAR":2019,"ECONOMY":"6. Developing region","INCOME_GRP":"4. Lower middle income","FIPS_10":"MD","ISO_A2":"MD","ISO_A2_EH":"MD","ISO_A3":"MDA","ISO_A3_EH":"MDA","ISO_N3":"498","ISO_N3_EH":"498","UN_A3":"498","WB_A2":"MD","WB_A3":"MDA","WOE_ID":23424885,"WOE_ID_EH":23424885,"WOE_NOTE":"Exact WOE match as country","ADM0_ISO":"MDA","ADM0_DIFF":null,"ADM0_TLC":"MDA","ADM0_A3_US":"MDA","ADM0_A3_FR":"MDA","ADM0_A3_RU":"MDA","ADM0_A3_ES":"MDA","ADM0_A3_CN":"MDA","ADM0_A3_TW":"MDA","ADM0_A3_IN":"MDA","ADM0_A3_NP":"MDA","ADM0_A3_PK":"MDA","ADM0_A3_DE":"MDA","ADM0_A3_GB":"MDA","ADM0_A3_BR":"MDA","ADM0_A3_IL":"MDA","ADM0_A3_PS":"MDA","ADM0_A3_SA":"MDA","ADM0_A3_EG":"MDA","ADM0_A3_MA":"MDA","ADM0_A3_PT":"MDA","ADM0_A3_AR":"MDA","ADM0_A3_JP":"MDA","ADM0_A3_KO":"MDA","ADM0_A3_VN":"MDA","ADM0_A3_TR":"MDA","ADM0_A3_ID":"MDA","ADM0_A3_PL":"MDA","ADM0_A3_GR":"MDA","ADM0_A3_IT":"MDA","ADM0_A3_NL":"MDA","ADM0_A3_SE":"MDA","ADM0_A3_BD":"MDA","ADM0_A3_UA":"MDA","ADM0_A3_UN":-99,"ADM0_A3_WB":-99,"CONTINENT":"Europe","REGION_UN":"Europe","SUBREGION":"Eastern Europe","REGION_WB":"Europe & Central Asia","NAME_LEN":7,"LONG_LEN":7,"ABBREV_LEN":4,"TINY":-99,"HOMEPART":1,"MIN_ZOOM":0,"MIN_LABEL":5,"MAX_LABEL":10,"LABEL_X":28.487904,"LABEL_Y":47.434999,"NE_ID":1159321045,"WIKIDATAID":"Q217","NAME_AR":"مولدوفا","NAME_BN":"মলদোভা","NAME_DE":"Republik Moldau","NAME_EN":"Moldova","NAME_ES":"Moldavia","NAME_FA":"مولداوی","NAME_FR":"Moldavie","NAME_EL":"Μολδαβία","NAME_HE":"מולדובה","NAME_HI":"मॉल्डोवा","NAME_HU":"Moldova","NAME_ID":"Moldova","NAME_IT":"Moldavia","NAME_JA":"モルドバ","NAME_KO":"몰도바","NAME_NL":"Moldavië","NAME_PL":"Mołdawia","NAME_PT":"Moldávia","NAME_RU":"Молдавия","NAME_SV":"Moldavien","NAME_TR":"Moldova","NAME_UK":"Молдова","NAME_UR":"مالدووا","NAME_VI":"Moldova","NAME_ZH":"摩尔多瓦","NAME_ZHT":"摩爾多瓦","FCLASS_ISO":"Admin-0 country","TLC_DIFF":null,"FCLASS_TLC":"Admin-0 country","FCLASS_US":null,"FCLASS_FR":null,"FCLASS_RU":null,"FCLASS_ES":null,"FCLASS_CN":null,"FCLASS_TW":null,"FCLASS_IN":null,"FCLASS_NP":null,"FCLASS_PK":null,"FCLASS_DE":null,"FCLASS_GB":null,"FCLASS_BR":null,"FCLASS_IL":null,"FCLASS_PS":null,"FCLASS_SA":null,"FCLASS_EG":null,"FCLASS_MA":null,"FCLASS_PT":null,"FCLASS_AR":null,"FCLASS_JP":null,"FCLASS_KO":null,"FCLASS_VN":null,"FCLASS_TR":null,"FCLASS_ID":null,"FCLASS_PL":null,"FCLASS_GR":null,"FCLASS_IT":null,"FCLASS_NL":null,"FCLASS_SE":null,"FCLASS_BD":null,"FCLASS_UA":null},"geometry":{"type":"Polygon","coordinates":[[[26.619337,43.36638476489622],[26.857824000000004,43.4735083021433],[27.522537,43.545242475698345],[28.259546999999998,43.31899349532493],[28.670891000000005,43.29176774355361],[29.122698000000003,43.095615806215754],[29.050868000000005,42.84766961815615],[29.415135000000003,42.72762071549861],[29.559674,42.41975757728344],[29.908852,42.231804310291096],[29.838210000000004,42.12135763285363],[30.024659000000003,42.046110163988914],[29.759972000000005,41.9911714542164],[29.170654000000003,42.01292557514017],[29.072106999999995,42.11568465938935],[28.862972000000003,42.0564701592421],[28.933717000000005,41.92338240477471],[28.659987000000005,41.68570990671699],[28.485269,41.42898639849413],[28.233553999999998,41.34749160762299],[28.054443,41.68914436698027],[28.160017999999997,42.007205008224105],[28.12803,42.33250768730218],[27.551166,42.77055864915273],[27.233873000000003,43.079312326751136],[26.924176,43.29549069123835],[26.619337,43.36638476489622]]]}},{"type":"Feature","bbox":[20.220192,43.688445,29.626543,48.220881],"properties":{"featurecla":"Admin-0 country","scalerank":1,"LABELRANK":3,"SOVEREIGNT":"Romania","SOV_A3":"ROU","ADM0_DIF":0,"LEVEL":2,"TYPE":"Sovereign country","TLC":"1","ADMIN":"Romania","ADM0_A3":"ROU","GEOU_DIF":0,"GEOUNIT":"Romania","GU_A3":"ROU","SU_DIF":0,"SUBUNIT":"Romania","SU_A3":"ROU","BRK_DIFF":0,"NAME":"Romania","NAME_LONG":"Romania","BRK_A3":"ROU","BRK_NAME":"Romania","BRK_GROUP":null,"ABBREV":"Rom.","POSTAL":"RO","FORMAL_EN":"Romania","FORMAL_FR":null,"NAME_CIAWF":"Romania","NOTE_ADM0":null,"NOTE_BRK":null,"NAME_SORT":"Romania","NAME_ALT":null,"MAPCOLOR7":1,"MAPCOLOR8":4,"MAPCOLOR9":3,"MAPCOLOR13":13,"POP_EST":19356544,"POP_RANK":14,"POP_YEAR":2019,"GDP_MD":250077,"GDP_YEAR":2019,"ECONOMY":"2. Developed region: nonG7","INCOME_GRP":"3. Upper middle income","FIPS_10":"RO","ISO_A2":"RO","ISO_A2_EH":"RO","ISO_A3":"ROU","ISO_A3_EH":"ROU","ISO_N3":"642","ISO_N3_EH":"642","UN_A3":"642","WB_A2":"RO","WB_A3":"ROM","WOE_ID":23424933,"WOE_ID_EH":23424933,"WOE_NOTE":"Exact WOE match as country","ADM0_ISO":"ROU","ADM0_DIFF":null,"ADM0_TLC":"ROU","ADM0_A3_US":"ROU","ADM0_A3_FR":"ROU","ADM0_A3_RU":"ROU","ADM0_A3_ES":"ROU","ADM0_A3_CN":"ROU","ADM0_A3_TW":"ROU","ADM0_A3_IN":"ROU","ADM0_A3_NP":"ROU","ADM0_A3_PK":"ROU","ADM0_A3_DE":"ROU","ADM0_A3_GB":"ROU","ADM0_A3_BR":"ROU","ADM0_A3_IL":"ROU","ADM0_A3_PS":"ROU","ADM0_A3_SA":"ROU","ADM0_A3_EG":"ROU","ADM0_A3_MA":"ROU","ADM0_A3_PT":"ROU","ADM0_A3_AR":"ROU","ADM0_A3_JP":"ROU","ADM0_A3_KO":"ROU","ADM0_A3_VN":"ROU","ADM0_A3_TR":"ROU","ADM0_A3_ID":"ROU","ADM0_A3_PL":"ROU","ADM0_A3_GR":"ROU","ADM0_A3_IT":"ROU","ADM0_A3_NL":"ROU","ADM0_A3_SE":"ROU","ADM0_A3_BD":"ROU","ADM0_A3_UA":"ROU","ADM0_A3_UN":-99,"ADM0_A3_WB":-99,"CONTINENT":"Europe","REGION_UN":"Europe","SUBREGION":"Eastern Europe","REGION_WB":"Europe & Central Asia","NAME_LEN":7,"LONG_LEN":7,"ABBREV_LEN":4,"TINY":-99,"HOMEPART":1,"MIN_ZOOM":0,"MIN_LABEL":3,"MAX_LABEL":8,"LABEL_X":24.972624,"LABEL_Y":45.733237,"NE_ID":1159321199,"WIKIDATAID":"Q218","NAME_AR":"رومانيا","NAME_BN":"রোমানিয়া","NAME_DE":"Rumänien","NAME_EN":"Romania","NAME_ES":"Rumania","NAME_FA":"رومانی","NAME_FR":"Roumanie","NAME_EL":"Ρουμανία","NAME_HE":"רומניה","NAME_HI":"रोमानिया","NAME_HU":"Románia","NAME_ID":"Rumania","NAME_IT":"Romania","NAME_JA":"ルーマニア","NAME_KO":"루마니아","NAME_NL":"Roemenië","NAME_PL":"Rumunia","NAME_PT":"Roménia","NAME_RU":"Румыния","NAME_SV":"Rumänien","NAME_TR":"Romanya","NAME_UK":"Румунія","NAME_UR":"رومانیہ","NAME_VI":"Romania","NAME_ZH":"罗马尼亚","NAME_ZHT":"羅馬尼亞","FCLASS_ISO":"Admin-0 country","TLC_DIFF":null,"FCLASS_TLC":"Admin-0 country","FCLASS_US":null,"FCLASS_FR":null,"FCLASS_RU":null,"FCLASS_ES":null,"FCLASS_CN":null,"FCLASS_TW":null,"FCLASS_IN":null,"FCLASS_NP":null,"FCLASS_PK":null,"FCLASS_DE":null,"FCLASS_GB":null,"FCLASS_BR":null,"FCLASS_IL":null,"FCLASS_PS":null,"FCLASS_SA":null,"FCLASS_EG":null,"FCLASS_MA":null,"FCLASS_PT":null,"FCLASS_AR":null,"FCLASS_JP":null,"FCLASS_KO":null,"FCLASS_VN":null,"FCLASS_TR":null,"FCLASS_ID":null,"FCLASS_PL":null,"FCLASS_GR":null,"FCLASS_IT":null,"FCLASS_NL":null,"FCLASS_SE":null,"FCLASS_BD":null,"FCLASS_UA":null},"geometry":{"type":"Polygon","coordinates":[[[28.233553999999998,41.34749160762299],[28.679779,41.20902363729093],[29.149725,41.32995400314581],[29.603289,41.200956107395946],[29.626543,41.00661072917357],[29.141612000000002,40.84402783524759],[28.837858000000004,40.91484608808781],[28.558081,39.996904180900195],[27.970107,40.077299703459595],[27.2424,40.35488673323512],[26.065159,40.17748390433538],[25.569272,39.98233409933201],[24.100679,40.02263116608307],[23.332302,40.1419592919933],[22.944832,40.085958655745856],[22.657149999999998,40.39978462011108],[22.474008,40.53239408495665],[22.705726,40.66054679972089],[22.459022,40.7549341418947],[22.145088,40.584963560560965],[21.562022999999996,40.80523640358986],[21.483526,41.11652865736523],[20.874312999999997,41.29348668648173],[20.762175,41.5321230538189],[20.220192,41.82556985611811],[21.021952000000002,41.96597036310164],[21.626515,42.468206860336416],[22.099768,42.966483170166406],[22.710531,43.119780408116675],[23.142236,43.27589225505682],[23.760958,43.19521115526878],[24.402056,43.19249911888217],[24.866317,43.01409230856865],[25.207743,43.12624867344208],[25.945941000000005,43.19634186387115],[26.19745,43.36649744632852],[26.619337,43.36638476489622],[26.924176,43.29549069123835],[27.233873000000003,43.079312326751136],[27.551166,42.77055864915273],[28.12803,42.33250768730218],[28.160017999999997,42.007205008224105],[28.054443,41.68914436698027],[28.233553999999998,41.34749160762299]]]}},{"type":"Feature","bbox":[21.0558,53.905702,26.588279,56.372528],"properties":{"featurecla":"Admin-0 country","scalerank":1,"LABELRANK":5,"SOVEREIGNT":"Lithuania","SOV_A3":"LTU","ADM0_DIF":0,"LEVEL":2,"TYPE":"Sovereign country","TLC":"1","ADMIN":"Lithuania","ADM0_A3":"LTU","GEOU_DIF":0,"GEOUNIT":"Lithuania","GU_A3":"LTU","SU_DIF":0,"SUBUNIT":"Lithuania","SU_A3":"LTU","BRK_DIFF":0,"NAME":"Lithuania","NAME_LONG":"Lithuania","BRK_A3":"LTU","BRK_NAME":"Lithuania","BRK_GROUP":null,"ABBREV":"Lith.","POSTAL":"LT","FORMAL_EN":"Republic of Lithuania","FORMAL_FR":null,"NAME_CIAWF":"Lithuania","NOTE_ADM0":null,"NOTE_BRK":null,"NAME_SORT":"Lithuania","NAME_ALT":null,"MAPCOLOR7":6,"MAPCOLOR8":3,"MAPCOLOR9":3,"MAPCOLOR13":9,"POP_EST":2786844,"POP_RANK":12,"POP_YEAR":2019,"GDP_MD":54627,"GDP_YEAR":2019,"ECONOMY":"2. Developed region: nonG7","INCOME_GRP":"3. Upper middle income","FIPS_10":"LH","ISO_A2":"LT","ISO_A2_EH":"LT","ISO_A3":"LTU","ISO_A3_EH":"LTU","ISO_N3":"440","ISO_N3_EH":"440","UN_A3":"440","WB_A2":"LT","WB_A3":"LTU","WOE_ID":23424875,"WOE_ID_EH":23424875,"WOE_NOTE":"Exact WOE match as country","ADM0_ISO":"LTU","ADM0_DIFF":null,"ADM0_TLC":"LTU","ADM0_A3_US":"LTU","ADM0_A3_FR":"LTU","ADM0_A3_RU":"LTU","ADM0_A3_ES":"LTU","ADM0_A3_CN":"LTU","ADM0_A3_TW":"LTU","ADM0_A3_IN":"LTU","ADM0_A3_NP":"LTU","ADM0_A3_PK":"LTU","ADM0_A3_DE":"LTU","ADM0_A3_GB":"LTU","ADM0_A3_BR":"LTU","ADM0_A3_IL":"LTU","ADM0_A3_PS":"LTU","ADM0_A3_SA":"LTU","ADM0_A3_EG":"LTU","ADM0_A3_MA":"LTU","ADM0_A3_PT":"LTU","ADM0_A3_AR":"LTU","ADM0_A3_JP":"LTU","ADM0_A3_KO":"LTU","ADM0_A3_VN":"LTU","ADM0_A3_TR":"LTU","ADM0_A3_ID":"LTU","ADM0_A3_PL":"LTU","ADM0_A3_GR":"LTU","ADM0_A3_IT":"LTU","ADM0_A3_NL":"LTU","ADM0_A3_SE":"LTU","ADM0_A3_BD":"LTU","ADM0_A3_UA":"LTU","ADM0_A3_UN":-99,"ADM0_A3_WB":-99,"CONTINENT":"Europe","REGION_UN":"Europe","SUBREGION":"Northern Europe","REGION_WB":"Europe & Central Asia","NAME_LEN":9,"LONG_LEN":9,"ABBREV_LEN":5,"TINY":-99,"HOMEPART":1,"MIN_ZOOM":0,"MIN_LABEL":4,"MAX_LABEL":9,"LABEL_X":24.089932,"LABEL_Y":55.103703,"NE_ID":1159321029,"WIKIDATAID":"Q37","NAME_AR":"ليتوانيا","NAME_BN":"লিথুয়ানিয়া","NAME_DE":"Litauen","NAME_EN":"Lithuania","NAME_ES":"Lituania","NAME_FA":"لیتوانی","NAME_FR":"Lituanie","NAME_EL":"Λιθουανία","NAME_HE":"ליטא","NAME_HI":"लिथुआनिया","NAME_HU":"Litvánia","NAME_ID":"Lituania","NAME_IT":"Lituania","NAME_JA":"リトアニア","NAME_KO":"리투아니아","NAME_NL":"Litouwen","NAME_PL":"Litwa","NAME_PT":"Lituânia","NAME_RU":"Литва","NAME_SV":"Litauen","NAME_TR":"Litvanya","NAME_UK":"Литва","NAME_UR":"لتھووینیا","NAME_VI":"Litva","NAME_ZH":"立陶宛","NAME_ZHT":"立陶宛","FCLASS_ISO":"Admin-0 country","TLC_DIFF":null,"FCLASS_TLC":"Admin-0 country","FCLASS_US":null,"FCLASS_FR":null,"FCLASS_RU":null,"FCLASS_ES":null,"FCLASS_CN":null,"FCLASS_TW":null,"FCLASS_IN":null,"FCLASS_NP":null,"FCLASS_PK":null,"FCLASS_DE":null,"FCLASS_GB":null,"FCLASS_BR":null,"FCLASS_IL":null,"FCLASS_PS":null,"FCLASS_SA":null,"FCLASS_EG":null,"FCLASS_MA":null,"FCLASS_PT":null,"FCLASS_AR":null,"FCLASS_JP":null,"FCLASS_KO":null,"FCLASS_VN":null,"FCLASS_TR":null,"FCLASS_ID":null,"FCLASS_PL":null,"FCLASS_GR":null,"FCLASS_IT":null,"FCLASS_NL":null,"FCLASS_SE":null,"FCLASS_BD":null,"FCLASS_UA":null},"geometry":{"type":"Polygon","coordinates":[[[26.494331,48.503580743630756],[26.588279,48.205924360220095],[25.768433000000005,47.992071959221086],[25.536354,47.61287926381562],[24.450684,47.358301107758095],[23.484128,47.362904595535824],[23.243987,47.5711632579767],[22.731099000000004,47.64328340894775],[22.651051999999996,47.81494274174943],[22.757764000000005,47.99850356086274],[22.315724000000003,48.10460508504026],[21.268449,48.22145441426572],[21.0558,48.77844162492143],[22.201157,48.98015881901871],[23.878264,48.938050565523326],[24.860683999999996,49.002944988364526],[25.000934,48.866307776296175],[25.533046999999996,48.82403563774839],[26.494331,48.503580743630756]]]}},{"type":"Feature","bbox":[21.0558,55.615107,28.176709,57.970157],"properties":{"featurecla":"Admin-0 country","scalerank":1,"LABELRANK":5,"SOVEREIGNT":"Latvia","SOV_A3":"LVA","ADM0_DIF":0,"LEVEL":2,"TYPE":"Sovereign country","TLC":"1","ADMIN":"Latvia","ADM0_A3":"LVA","GEOU_DIF":0,"GEOUNIT":"Latvia","GU_A3":"LVA","SU_DIF":0,"SUBUNIT":"Latvia","SU_A3":"LVA","BRK_DIFF":0,"NAME":"Latvia","NAME_LONG":"Latvia","BRK_A3":"LVA","BRK_NAME":"Latvia","BRK_GROUP":null,"ABBREV":"Lat.","POSTAL":"LV","FORMAL_EN":"Republic of Latvia","FORMAL_FR":null,"NAME_CIAWF":"Latvia","NOTE_ADM0":null,"NOTE_BRK":null,"NAME_SORT":"Latvia","NAME_ALT":null,"MAPCOLOR7":4,"MAPCOLOR8":7,"MAPCOLOR9":6,"MAPCOLOR13":13,"POP_EST":1912789,"POP_RANK":12,"POP_YEAR":2019,"GDP_MD":34102,"GDP_YEAR":2019,"ECONOMY":"2. Developed region: nonG7","INCOME_GRP":"3. Upper middle income","FIPS_10":"LG","ISO_A2":"LV","ISO_A2_EH":"LV","ISO_A3":"LVA","ISO_A3_EH":"LVA","ISO_N3":"428","ISO_N3_EH":"428","UN_A3":"428","WB_A2":"LV","WB_A3":"LVA","WOE_ID":23424874,"WOE_ID_EH":23424874,"WOE_NOTE":"Exact WOE match as country","ADM0_ISO":"LVA","ADM0_DIFF":null,"ADM0_TLC":"LVA","ADM0_A3_US":"LVA","ADM0_A3_FR":"LVA","ADM0_A3_RU":"LVA","ADM0_A3_ES":"LVA","ADM0_A3_CN":"LVA","ADM0_A3_TW":"LVA","ADM0_A3_IN":"LVA","ADM0_A3_NP":"LVA","ADM0_A3_PK":"LVA","ADM0_A3_DE":"LVA","ADM0_A3_GB":"LVA","ADM0_A3_BR":"LVA","ADM0_A3_IL":"LVA","ADM0_A3_PS":"LVA","ADM0_A3_SA":"LVA","ADM0_A3_EG":"LVA","ADM0_A3_MA":"LVA","ADM0_A3_PT":"LVA","ADM0_A3_AR":"LVA","ADM0_A3_JP":"LVA","ADM0_A3_KO":"LVA","ADM0_A3_VN":"LVA","ADM0_A3_TR":"LVA","ADM0_A3_ID":"LVA","ADM0_A3_PL":"LVA","ADM0_A3_GR":"LVA","ADM0_A3_IT":"LVA","ADM0_A3_NL":"LVA","ADM0_A3_SE":"LVA","ADM0_A3_BD":"LVA","ADM0_A3_UA":"LVA","ADM0_A3_UN":-99,"ADM0_A3_WB":-99,"CONTINENT":"Europe","REGION_UN":"Europe","SUBREGION":"Northern Europe","REGION_WB":"Europe & Central Asia","NAME_LEN":6,"LONG_LEN":6,"ABBREV_LEN":4,"TINY":-99,"HOMEPART":1,"MIN_ZOOM":0,"MIN_LABEL":4,"MAX_LABEL":9,"LABEL_X":25.458723,"LABEL_Y":57.066872,"NE_ID":1159321033,"WIKIDATAID":"Q211","NAME_AR":"لاتفيا","NAME_BN":"লাতভিয়া","NAME_DE":"Lettland","NAME_EN":"Latvia","NAME_ES":"Letonia","NAME_FA":"لتونی","NAME_FR":"Lettonie","NAME_EL":"Λετονία","NAME_HE":"לטביה","NAME_HI":"लातविया","NAME_HU":"Lettország","NAME_ID":"Latvia","NAME_IT":"Lettonia","NAME_JA":"ラトビア","NAME_KO":"라트비아","NAME_NL":"Letland","NAME_PL":"Łotwa","NAME_PT":"Letónia","NAME_RU":"Латвия","NAME_SV":"Lettland","NAME_TR":"Letonya","NAME_UK":"Латвія","NAME_UR":"لٹویا","NAME_VI":"Latvia","NAME_ZH":"拉脱维亚","NAME_ZHT":"拉脫維亞","FCLASS_ISO":"Admin-0 country","TLC_DIFF":null,"FCLASS_TLC":"Admin-0 country","FCLASS_US":null,"FCLASS_FR":null,"FCLASS_RU":null,"FCLASS_ES":null,"FCLASS_CN":null,"FCLASS_TW":null,"FCLASS_IN":null,"FCLASS_NP":null,"FCLASS_PK":null,"FCLASS_DE":null,"FCLASS_GB":null,"FCLASS_BR":null,"FCLASS_IL":null,"FCLASS_PS":null,"FCLASS_SA":null,"FCLASS_EG":null,"FCLASS_MA":null,"FCLASS_PT":null,"FCLASS_AR":null,"FCLASS_JP":null,"FCLASS_KO":null,"FCLASS_VN":null,"FCLASS_TR":null,"FCLASS_ID":null,"FCLASS_PL":null,"FCLASS_GR":null,"FCLASS_IT":null,"FCLASS_NL":null,"FCLASS_SE":null,"FCLASS_BD":null,"FCLASS_UA":null},"geometry":{"type":"Polygon","coordinates":[[[27.288185,49.72063855653597],[27.770016,49.5715372504137],[27.855282,49.25604612992134],[28.176708999999995,48.86933299101522],[27.10246,48.614907688338555],[26.494331,48.503580743630756],[25.533046999999996,48.82403563774839],[25.000934,48.866307776296175],[24.860683999999996,49.002944988364526],[23.878264,48.938050565523326],[22.201157,48.98015881901871],[21.0558,48.77844162492143],[21.090424,49.27206486103127],[21.581866,49.68011296591286],[22.524341,49.900582125566615],[23.318453,49.416936297649755],[24.12073,49.429592411975136],[24.312863,49.92637206941231],[25.164593999999997,50.04001348978407],[25.60281,49.96119074185133],[26.463532,49.72184170607428],[27.288185,49.72063855653597]]]}},{"type":"Feature","bbox":[23.339795,57.474528,28.131699,59.61109],"properties":{"featurecla":"Admin-0 country","scalerank":1,"LABELRANK":6,"SOVEREIGNT":"Estonia","SOV_A3":"EST","ADM0_DIF":0,"LEVEL":2,"TYPE":"Sovereign country","TLC":"1","ADMIN":"Estonia","ADM0_A3":"EST","GEOU_DIF":0,"GEOUNIT":"Estonia","GU_A3":"EST","SU_DIF":0,"SUBUNIT":"Estonia","SU_A3":"EST","BRK_DIFF":0,"NAME":"Estonia","NAME_LONG":"Estonia","BRK_A3":"EST","BRK_NAME":"Estonia","BRK_GROUP":null,"ABBREV":"Est.","POSTAL":"EST","FORMAL_EN":"Republic of Estonia","FORMAL_FR":null,"NAME_CIAWF":"Estonia","NOTE_ADM0":null,"NOTE_BRK":null,"NAME_SORT":"Estonia","NAME_ALT":null,"MAPCOLOR7":3,"MAPCOLOR8":2,"MAPCOLOR9":1,"MAPCOLOR13":10,"POP_EST":1326590,"POP_RANK":12,"POP_YEAR":2019,"GDP_MD":31471,"GDP_YEAR":2019,"ECONOMY":"2. Developed region: nonG7","INCOME_GRP":"1. High income: OECD","FIPS_10":"EN","ISO_A2":"EE","ISO_A2_EH":"EE","ISO_A3":"EST","ISO_A3_EH":"EST","ISO_N3":"233","ISO_N3_EH":"233","UN_A3":"233","WB_A2":"EE","WB_A3":"EST","WOE_ID":23424805,"WOE_ID_EH":23424805,"WOE_NOTE":"Exact WOE match as country","ADM0_ISO":"EST","ADM0_DIFF":null,"ADM0_TLC":"EST","ADM0_A3_US":"EST","ADM0_A3_FR":"EST","ADM0_A3_RU":"EST","ADM0_A3_ES":"EST","ADM0_A3_CN":"EST","ADM0_A3_TW":"EST","ADM0_A3_IN":"EST","ADM0_A3_NP":"EST","ADM0_A3_PK":"EST","ADM0_A3_DE":"EST","ADM0_A3_GB":"EST","ADM0_A3_BR":"EST","ADM0_A3_IL":"EST","ADM0_A3_PS":"EST","ADM0_A3_SA":"EST","ADM0_A3_EG":"EST","ADM0_A3_MA":"EST","ADM0_A3_PT":"EST","ADM0_A3_AR":"EST","ADM0_A3_JP":"EST","ADM0_A3_KO":"EST","ADM0_A3_VN":"EST","ADM0_A3_TR":"EST","ADM0_A3_ID":"EST","ADM0_A3_PL":"EST","ADM0_A3_GR":"EST","ADM0_A3_IT":"EST","ADM0_A3_NL":"EST","ADM0_A3_SE":"EST","ADM0_A3_BD":"EST","ADM0_A3_UA":"EST","ADM0_A3_UN":-99,"ADM0_A3_WB":-99,"CONTINENT":"Europe","REGION_UN":"Europe","SUBREGION":"Northern Europe","REGION_WB":"Europe & Central Asia","NAME_LEN":7,"LONG_LEN":7,"ABBREV_LEN":4,"TINY":-99,"HOMEPART":1,"MIN_ZOOM":0,"MIN_LABEL":3,"MAX_LABEL":8,"LABEL_X":25.867126,"LABEL_Y":58.724865,"NE_ID":1159320615,"WIKIDATAID":"Q191","NAME_AR":"إستونيا","NAME_BN":"এস্তোনিয়া","NAME_DE":"Estland","NAME_EN":"Estonia","NAME_ES":"Estonia","NAME_FA":"استونی","NAME_FR":"Estonie","NAME_EL":"Εσθονία","NAME_HE":"אסטוניה","NAME_HI":"एस्टोनिया","NAME_HU":"Észtország","NAME_ID":"Estonia","NAME_IT":"Estonia","NAME_JA":"エストニア","NAME_KO":"에스토니아","NAME_NL":"Estland","NAME_PL":"Estonia","NAME_PT":"Estónia","NAME_RU":"Эстония","NAME_SV":"Estland","NAME_TR":"Estonya","NAME_UK":"Естонія","NAME_UR":"استونیا","NAME_VI":"Estonia","NAME_ZH":"爱沙尼亚","NAME_ZHT":"愛沙尼亞","FCLASS_ISO":"Admin-0 country","TLC_DIFF":null,"FCLASS_TLC":"Admin-0 country","FCLASS_US":null,"FCLASS_FR":null,"FCLASS_RU":null,"FCLASS_ES":null,"FCLASS_CN":null,"FCLASS_TW":null,"FCLASS_IN":null,"FCLASS_NP":null,"FCLASS_PK":null,"FCLASS_DE":null,"FCLASS_GB":null,"FCLASS_BR":null,"FCLASS_IL":null,"FCLASS_PS":null,"FCLASS_SA":null,"FCLASS_EG":null,"FCLASS_MA":null,"FCLASS_PT":null,"FCLASS_AR":null,"FCLASS_JP":null,"FCLASS_KO":null,"FCLASS_VN":null,"FCLASS_TR":null,"FCLASS_ID":null,"FCLASS_PL":null,"FCLASS_GR":null,"FCLASS_IT":null,"FCLASS_NL":null,"FCLASS_SE":null,"FCLASS_BD":null,"FCLASS_UA":null},"geometry":{"type":"Polygon","coordinates":[[[27.981127000000004,50.99702918677349],[27.981119999999997,50.9970272986914],[28.131699,50.887045467403325],[27.420149999999996,50.522094601491986],[27.716685999999996,49.92539030790148],[27.288185,49.72063855653597],[26.463532,49.72184170607428],[25.60281,49.96119074185133],[25.164593999999997,50.04001348978407],[24.312863,49.92637206941231],[24.428928,50.304694916761015],[24.061198,50.22412570411979],[23.42656,50.45094996724878],[23.339795,50.81533510886317],[24.604214000000002,50.99103791566618],[25.864189000000003,51.082365533598086],[26.949136,50.978415259194755],[27.981114,50.99703862718282],[27.981127000000004,50.99702918677349]]]}},{"type":"Feature","bbox":[5.988658,47.302488,15.016996,54.983104],"properties":{"featurecla":"Admin-0 country","scalerank":1,"LABELRANK":2,"SOVEREIGNT":"Germany","SOV_A3":"DEU","ADM0_DIF":0,"LEVEL":2,"TYPE":"Sovereign country","TLC":"1","ADMIN":"Germany","ADM0_A3":"DEU","GEOU_DIF":0,"GEOUNIT":"Germany","GU_A3":"DEU","SU_DIF":0,"SUBUNIT":"Germany","SU_A3":"DEU","BRK_DIFF":0,"NAME":"Germany","NAME_LONG":"Germany","BRK_A3":"DEU","BRK_NAME":"Germany","BRK_GROUP":null,"ABBREV":"Ger.","POSTAL":"D","FORMAL_EN":"Federal Republic of Germany","FORMAL_FR":null,"NAME_CIAWF":"Germany","NOTE_ADM0":null,"NOTE_BRK":null,"NAME_SORT":"Germany","NAME_ALT":null,"MAPCOLOR7":2,"MAPCOLOR8":5,"MAPCOLOR9":5,"MAPCOLOR13":1,"POP_EST":83132799,"POP_RANK":16,"POP_YEAR":2019,"GDP_MD":3861123,"GDP_YEAR":2019,"ECONOMY":"1. Developed region: G7","INCOME_GRP":"1. High income: OECD","FIPS_10":"GM","ISO_A2":"DE","ISO_A2_EH":"DE","ISO_A3":"DEU","ISO_A3_EH":"DEU","ISO_N3":"276","ISO_N3_EH":"276","UN_A3":"276","WB_A2":"DE","WB_A3":"DEU","WOE_ID":23424829,"WOE_ID_EH":23424829,"WOE_NOTE":"Exact WOE match as country","ADM0_ISO":"DEU","ADM0_DIFF":null,"ADM0_TLC":"DEU","ADM0_A3_US":"DEU","ADM0_A3_FR":"DEU","ADM0_A3_RU":"DEU","ADM0_A3_ES":"DEU","ADM0_A3_CN":"DEU","ADM0_A3_TW":"DEU","ADM0_A3_IN":"DEU","ADM0_A3_NP":"DEU","ADM0_A3_PK":"DEU","ADM0_A3_DE":"DEU","ADM0_A3_GB":"DEU","ADM0_A3_BR":"DEU","ADM0_A3_IL":"DEU","ADM0_A3_PS":"DEU","ADM0_A3_SA":"DEU","ADM0_A3_EG":"DEU","ADM0_A3_MA":"DEU","ADM0_A3_PT":"DEU","ADM0_A3_AR":"DEU","ADM0_A3_JP":"DEU","ADM0_A3_KO":"DEU","ADM0_A3_VN":"DEU","ADM0_A3_TR":"DEU","ADM0_A3_ID":"DEU","ADM0_A3_PL":"DEU","ADM0_A3_GR":"DEU","ADM0_A3_IT":"DEU","ADM0_A3_NL":"DEU","ADM0_A3_SE":"DEU","ADM0_A3_BD":"DEU","ADM0_A3_UA":"DEU","ADM0_A3_UN":-99,"ADM0_A3_WB":-99,"CONTINENT":"Europe","REGION_UN":"Europe","SUBREGION":"Western Europe","REGION_WB":"Europe & Central Asia","NAME_LEN":7,"LONG_LEN":7,"ABBREV_LEN":4,"TINY":-99,"HOMEPART":1,"MIN_ZOOM":0,"MIN_LABEL":1.7,"MAX_LABEL":6.7,"LABEL_X":9.678348,"LABEL_Y":50.961733,"NE_ID":1159320539,"WIKIDATAID":"Q183","NAME_AR":"ألمانيا","NAME_BN":"জার্মানি","NAME_DE":"Deutschland","NAME_EN":"Germany","NAME_ES":"Alemania","NAME_FA":"آلمان","NAME_FR":"Allemagne","NAME_EL":"Γερμανία","NAME_HE":"גרמניה","NAME_HI":"जर्मनी","NAME_HU":"Németország","NAME_ID":"Jerman","NAME_IT":"Germania","NAME_JA":"ドイツ","NAME_KO":"독일","NAME_NL":"Duitsland","NAME_PL":"Niemcy","NAME_PT":"Alemanha","NAME_RU":"Германия","NAME_SV":"Tyskland","NAME_TR":"Almanya","NAME_UK":"Німеччина","NAME_UR":"جرمنی","NAME_VI":"Đức","NAME_ZH":"德国","NAME_ZHT":"德國","FCLASS_ISO":"Admin-0 country","TLC_DIFF":null,"FCLASS_TLC":"Admin-0 country","FCLASS_US":null,"FCLASS_FR":null,"FCLASS_RU":null,"FCLASS_ES":null,"FCLASS_CN":null,"FCLASS_TW":null,"FCLASS_IN":null,"FCLASS_NP":null,"FCLASS_PK":null,"FCLASS_DE":null,"FCLASS_GB":null,"FCLASS_BR":null,"FCLASS_IL":null,"FCLASS_PS":null,"FCLASS_SA":null,"FCLASS_EG":null,"FCLASS_MA":null,"FCLASS_PT":null,"FCLASS_AR":null,"FCLASS_JP":null,"FCLASS_KO":null,"FCLASS_VN":null,"FCLASS_TR":null,"FCLASS_ID":null,"FCLASS_PL":null,"FCLASS_GR":null,"FCLASS_IT":null,"FCLASS_NL":null,"FCLASS_SE":null,"FCLASS_BD":null,"FCLASS_UA":null},"geometry":{"type":"Polygon","coordinates":[[[14.119686000000002,47.25749217842558],[14.353315000000002,46.911001191686026],[14.074521,46.7283571839373],[14.4376,46.48349765776544],[14.685026,46.1139359662002],[14.607098000000002,45.874421594011686],[15.016996000000002,45.42808852857275],[14.570718,45.35481832444093],[14.307013,45.43552294950967],[14.056228000000003,45.30179408970333],[13.338132,45.16539842416536],[12.966837,44.98945556538009],[12.240110999999999,44.835256353094735],[12.415191,44.62410334405814],[12.521024000000002,44.32318643373314],[13.031329,44.15098780501077],[13.595946,43.84172859687217],[13.243357,43.50826187990446],[12.884103,43.416104182763675],[13.025851,42.94097264827726],[12.932627000000002,42.81644285941382],[12.620760000000002,42.96644585077599],[12.141357000000001,42.98890290757603],[11.426413999999998,42.85759513233109],[10.544503999999998,42.88883919517688],[10.402084000000002,42.69517505061027],[9.896068,42.89894782304779],[9.594226,42.85854222114944],[8.522612,43.082275524154014],[8.317301000000002,42.923397870321196],[7.466758999999999,42.92852497544945],[7.593676,43.44796433323626],[8.099279,43.94305963422817],[6.65823,44.07552248993689],[6.18632,44.26333907459079],[6.242751000000001,44.576472601828726],[6.043072999999999,44.73710919421753],[6.156657999999999,45.2150744932331],[5.988658,45.948470914972106],[6.589397,45.948758075205355],[6.84287,46.20985936775439],[7.092053,46.83982065253953],[6.90514,47.07060995944453],[7.100425,47.21465062870278],[7.9362390000000005,47.25156471838943],[8.121706,47.10167933363575],[8.800734,47.43620274465707],[8.572118,47.68915130842236],[8.526229,48.06949830775822],[9.282049,47.9812975148885],[9.921906,48.0831016457414],[9.93958,47.824276804562],[10.950112,47.667579714636105],[10.939467,47.428022273947875],[11.956252,47.554913914127],[12.518440000000002,47.739428377079356],[13.647467,47.473206301970144],[14.119686000000002,47.25749217842558]]]}},{"type":"Feature","bbox":[22.380526,41.234486,28.558081,44.234923],"properties":{"featurecla":"Admin-0 country","scalerank":1,"LABELRANK":4,"SOVEREIGNT":"Bulgaria","SOV_A3":"BGR","ADM0_DIF":0,"LEVEL":2,"TYPE":"Sovereign country","TLC":"1","ADMIN":"Bulgaria","ADM0_A3":"BGR","GEOU_DIF":0,"GEOUNIT":"Bulgaria","GU_A3":"BGR","SU_DIF":0,"SUBUNIT":"Bulgaria","SU_A3":"BGR","BRK_DIFF":0,"NAME":"Bulgaria","NAME_LONG":"Bulgaria","BRK_A3":"BGR","BRK_NAME":"Bulgaria","BRK_GROUP":null,"ABBREV":"Bulg.","POSTAL":"BG","FORMAL_EN":"Republic of Bulgaria","FORMAL_FR":null,"NAME_CIAWF":"Bulgaria","NOTE_ADM0":null,"NOTE_BRK":null,"NAME_SORT":"Bulgaria","NAME_ALT":null,"MAPCOLOR7":4,"MAPCOLOR8":5,"MAPCOLOR9":1,"MAPCOLOR13":8,"POP_EST":6975761,"POP_RANK":13,"POP_YEAR":2019,"GDP_MD":68558,"GDP_YEAR":2019,"ECONOMY":"2. Developed region: nonG7","INCOME_GRP":"3. Upper middle income","FIPS_10":"BU","ISO_A2":"BG","ISO_A2_EH":"BG","ISO_A3":"BGR","ISO_A3_EH":"BGR","ISO_N3":"100","ISO_N3_EH":"100","UN_A3":"100","WB_A2":"BG","WB_A3":"BGR","WOE_ID":23424771,"WOE_ID_EH":23424771,"WOE_NOTE":"Exact WOE match as country","ADM0_ISO":"BGR","ADM0_DIFF":null,"ADM0_TLC":"BGR","ADM0_A3_US":"BGR","ADM0_A3_FR":"BGR","ADM0_A3_RU":"BGR","ADM0_A3_ES":"BGR","ADM0_A3_CN":"BGR","ADM0_A3_TW":"BGR","ADM0_A3_IN":"BGR","ADM0_A3_NP":"BGR","ADM0_A3_PK":"BGR","ADM0_A3_DE":"BGR","ADM0_A3_GB":"BGR","ADM0_A3_BR":"BGR","ADM0_A3_IL":"BGR","ADM0_A3_PS":"BGR","ADM0_A3_SA":"BGR","ADM0_A3_EG":"BGR","ADM0_A3_MA":"BGR","ADM0_A3_PT":"BGR","ADM0_A3_AR":"BGR","ADM0_A3_JP":"BGR","ADM0_A3_KO":"BGR","ADM0_A3_VN":"BGR","ADM0_A3_TR":"BGR","ADM0_A3_ID":"BGR","ADM0_A3_PL":"BGR","ADM0_A3_GR":"BGR","ADM0_A3_IT":"BGR","ADM0_A3_NL":"BGR","ADM0_A3_SE":"BGR","ADM0_A3_BD":"BGR","ADM0_A3_UA":"BGR","ADM0_A3_UN":-99,"ADM0_A3_WB":-99,"CONTINENT":"Europe","REGION_UN":"Europe","SUBREGION":"Eastern Europe","REGION_WB":"Europe & Central Asia","NAME_LEN":8,"LONG_LEN":8,"ABBREV_LEN":5,"TINY":-99,"HOMEPART":1,"MIN_ZOOM":0,"MIN_LABEL":4,"MAX_LABEL":9,"LABEL_X":25.15709,"LABEL_Y":42.508785,"NE_ID":1159320409,"WIKIDATAID":"Q219","NAME_AR":"بلغاريا","NAME_BN":"বুলগেরিয়া","NAME_DE":"Bulgarien","NAME_EN":"Bulgaria","NAME_ES":"Bulgaria","NAME_FA":"بلغارستان","NAME_FR":"Bulgarie","NAME_EL":"Βουλγαρία","NAME_HE":"בולגריה","NAME_HI":"बुल्गारिया","NAME_HU":"Bulgária","NAME_ID":"Bulgaria","NAME_IT":"Bulgaria","NAME_JA":"ブルガリア","NAME_KO":"불가리아","NAME_NL":"Bulgarije","NAME_PL":"Bułgaria","NAME_PT":"Bulgária","NAME_RU":"Болгария","NAME_SV":"Bulgarien","NAME_TR":"Bulgaristan","NAME_UK":"Болгарія","NAME_UR":"بلغاریہ","NAME_VI":"Bulgaria","NAME_ZH":"保加利亚","NAME_ZHT":"保加利亞","FCLASS_ISO":"Admin-0 country","TLC_DIFF":null,"FCLASS_TLC":"Admin-0 country","FCLASS_US":null,"FCLASS_FR":null,"FCLASS_RU":null,"FCLASS_ES":null,"FCLASS_CN":null,"FCLASS_TW":null,"FCLASS_IN":null,"FCLASS_NP":null,"FCLASS_PK":null,"FCLASS_DE":null,"FCLASS_GB":null,"FCLASS_BR":null,"FCLASS_IL":null,"FCLASS_PS":null,"FCLASS_SA":null,"FCLASS_EG":null,"FCLASS_MA":null,"FCLASS_PT":null,"FCLASS_AR":null,"FCLASS_JP":null,"FCLASS_KO":null,"FCLASS_VN":null,"FCLASS_TR":null,"FCLASS_ID":null,"FCLASS_PL":null,"FCLASS_GR":null,"FCLASS_IT":null,"FCLASS_NL":null,"FCLASS_SE":null,"FCLASS_BD":null,"FCLASS_UA":null},"geometry":{"type":"Polygon","coordinates":[[[22.657149999999998,40.39978462011108],[22.944832,40.085958655745856],[23.332302,40.1419592919933],[24.100679,40.02263116608307],[25.569272,39.98233409933201],[26.065159,40.17748390433538],[27.2424,40.35488673323512],[27.970107,40.077299703459595],[28.558081,39.996904180900195],[28.039095000000003,39.67878821624589],[27.673898,39.12609171570803],[27.99672,38.68210650833708],[27.135739,38.78673208702201],[26.117042000000005,38.54110089721023],[26.106138,38.15052618221803],[25.197201000000003,38.07624290852832],[24.492644999999996,38.350777618833376],[23.692074,38.13493982873725],[22.952377,38.157678053910224],[22.881374,38.67581282776097],[22.380526,38.9259479332245],[22.545012,39.03563450805278],[22.436595,39.12797600941912],[22.604801,39.374381614400285],[22.986019,39.61564076149392],[22.500157,39.947360737810094],[22.410446,40.226799888376156],[22.657149999999998,40.39978462011108]]]}},{"type":"Feature","bbox":[20.150016,34.919988,26.604196,41.826905],"properties":{"featurecla":"Admin-0 country","scalerank":1,"LABELRANK":3,"SOVEREIGNT":"Greece","SOV_A3":"GRC","ADM0_DIF":0,"LEVEL":2,"TYPE":"Sovereign country","TLC":"1","ADMIN":"Greece","ADM0_A3":"GRC","GEOU_DIF":0,"GEOUNIT":"Greece","GU_A3":"GRC","SU_DIF":0,"SUBUNIT":"Greece","SU_A3":"GRC","BRK_DIFF":0,"NAME":"Greece","NAME_LONG":"Greece","BRK_A3":"GRC","BRK_NAME":"Greece","BRK_GROUP":null,"ABBREV":"Greece","POSTAL":"GR","FORMAL_EN":"Hellenic Republic","FORMAL_FR":null,"NAME_CIAWF":"Greece","NOTE_ADM0":null,"NOTE_BRK":null,"NAME_SORT":"Greece","NAME_ALT":null,"MAPCOLOR7":2,"MAPCOLOR8":2,"MAPCOLOR9":2,"MAPCOLOR13":9,"POP_EST":10716322,"POP_RANK":14,"POP_YEAR":2019,"GDP_MD":209852,"GDP_YEAR":2019,"ECONOMY":"2. Developed region: nonG7","INCOME_GRP":"1. High income: OECD","FIPS_10":"GR","ISO_A2":"GR","ISO_A2_EH":"GR","ISO_A3":"GRC","ISO_A3_EH":"GRC","ISO_N3":"300","ISO_N3_EH":"300","UN_A3":"300","WB_A2":"GR","WB_A3":"GRC","WOE_ID":23424833,"WOE_ID_EH":23424833,"WOE_NOTE":"Exact WOE match as country","ADM0_ISO":"GRC","ADM0_DIFF":null,"ADM0_TLC":"GRC","ADM0_A3_US":"GRC","ADM0_A3_FR":"GRC","ADM0_A3_RU":"GRC","ADM0_A3_ES":"GRC","ADM0_A3_CN":"GRC","ADM0_A3_TW":"GRC","ADM0_A3_IN":"GRC","ADM0_A3_NP":"GRC","ADM0_A3_PK":"GRC","ADM0_A3_DE":"GRC","ADM0_A3_GB":"GRC","ADM0_A3_BR":"GRC","ADM0_A3_IL":"GRC","ADM0_A3_PS":"GRC","ADM0_A3_SA":"GRC","ADM0_A3_EG":"GRC","ADM0_A3_MA":"GRC","ADM0_A3_PT":"GRC","ADM0_A3_AR":"GRC","ADM0_A3_JP":"GRC","ADM0_A3_KO":"GRC","ADM0_A3_VN":"GRC","ADM0_A3_TR":"GRC","ADM0_A3_ID":"GRC","ADM0_A3_PL":"GRC","ADM0_A3_GR":"GRC","ADM0_A3_IT":"GRC","ADM0_A3_NL":"GRC","ADM0_A3_SE":"GRC","ADM0_A3_BD":"GRC","ADM0_A3_UA":"GRC","ADM0_A3_UN":-99,"ADM0_A3_WB":-99,"CONTINENT":"Europe","REGION_UN":"Europe","SUBREGION":"Southern Europe","REGION_WB":"Europe & Central Asia","NAME_LEN":6,"LONG_LEN":6,"ABBREV_LEN":6,"TINY":-99,"HOMEPART":1,"MIN_ZOOM":0,"MIN_LABEL":2.7,"MAX_LABEL":8,"LABEL_X":21.72568,"LABEL_Y":39.492763,"NE_ID":1159320811,"WIKIDATAID":"Q41","NAME_AR":"اليونان","NAME_BN":"গ্রিস","NAME_DE":"Griechenland","NAME_EN":"Greece","NAME_ES":"Grecia","NAME_FA":"یونان","NAME_FR":"Grèce","NAME_EL":"Ελλάδα","NAME_HE":"יוון","NAME_HI":"यूनान","NAME_HU":"Görögország","NAME_ID":"Yunani","NAME_IT":"Grecia","NAME_JA":"ギリシャ","NAME_KO":"그리스","NAME_NL":"Griekenland","NAME_PL":"Grecja","NAME_PT":"Grécia","NAME_RU":"Греция","NAME_SV":"Grekland","NAME_TR":"Yunanistan","NAME_UK":"Греція","NAME_UR":"یونان","NAME_VI":"Hy Lạp","NAME_ZH":"希腊","NAME_ZHT":"希臘","FCLASS_ISO":"Admin-0 country","TLC_DIFF":null,"FCLASS_TLC":"Admin-0 country","FCLASS_US":null,"FCLASS_FR":null,"FCLASS_RU":null,"FCLASS_ES":null,"FCLASS_CN":null,"FCLASS_TW":null,"FCLASS_IN":null,"FCLASS_NP":null,"FCLASS_PK":null,"FCLASS_DE":null,"FCLASS_GB":null,"FCLASS_BR":null,"FCLASS_IL":null,"FCLASS_PS":null,"FCLASS_SA":null,"FCLASS_EG":null,"FCLASS_MA":null,"FCLASS_PT":null,"FCLASS_AR":null,"FCLASS_JP":null,"FCLASS_KO":null,"FCLASS_VN":null,"FCLASS_TR":null,"FCLASS_ID":null,"FCLASS_PL":null,"FCLASS_GR":null,"FCLASS_IT":null,"FCLASS_NL":null,"FCLASS_SE":null,"FCLASS_BD":null,"FCLASS_UA":null},"geometry":{"type":"MultiPolygon","coordinates":[[[[26.290003,33.2578308255089],[26.164998000000004,33.010804882179215],[24.724982,32.93949194695172],[24.735007,33.077861433898505],[23.514978000000003,33.24110667340927],[23.699980000000004,33.59585049975449],[24.246665,33.31470141905203],[25.025014999999996,33.36229967538866],[25.769208,33.302997960480035],[25.745023,33.15743457945386],[26.290003,33.2578308255089]]],[[[22.952377,38.157678053910224],[23.692074,38.13493982873725],[24.492644999999996,38.350777618833376],[25.197201000000003,38.07624290852832],[26.106138,38.15052618221803],[26.117042000000005,38.54110089721023],[26.604196,38.33369436067614],[26.294602,37.841106400506234],[26.056942,37.75249618025226],[25.447677,37.774964988445895],[24.925848,37.84963561989239],[23.714811,37.64410085125945],[24.407999,37.19765869893919],[23.899968000000005,37.0677190596139],[23.342999,37.06691474830528],[22.813988,37.47674067763793],[22.626299000000003,37.30238702719071],[22.849748,36.825807309930234],[23.350027,36.44922980189072],[22.973099,36.27278282849798],[23.530016,35.90031628761428],[24.025025,35.665050367823326],[24.040011000000003,35.20472295051699],[23.115003,35.42096156227837],[23.409972000000003,35.00426789225794],[22.774972000000005,34.91823180293233],[23.154225000000004,34.191425305063284],[22.490028,34.18108014912232],[21.670026,34.54016065419658],[21.295011000000002,35.19653031898809],[21.120034,35.73840427348055],[20.730032,36.110632916710564],[20.217712,36.5699733720707],[20.150016000000004,36.79833614618014],[20.615,37.185720587593586],[20.674997000000005,37.444192008842954],[20.99999,37.55922873937827],[21.02004,37.767204210679296],[21.674161000000005,37.83716877599596],[22.055377999999997,38.009600492992156],[22.597307999999998,37.994330041942],[22.761769999999995,38.13157249369901],[22.952377,38.157678053910224]]]]}},{"type":"Feature","bbox":[26.043351,35.821535,44.79399,42.141485],"properties":{"featurecla":"Admin-0 country","scalerank":1,"LABELRANK":2,"SOVEREIGNT":"Turkey","SOV_A3":"TUR","ADM0_DIF":0,"LEVEL":2,"TYPE":"Sovereign country","TLC":"1","ADMIN":"Turkey","ADM0_A3":"TUR","GEOU_DIF":0,"GEOUNIT":"Turkey","GU_A3":"TUR","SU_DIF":0,"SUBUNIT":"Turkey","SU_A3":"TUR","BRK_DIFF":0,"NAME":"Turkey","NAME_LONG":"Turkey","BRK_A3":"TUR","BRK_NAME":"Turkey","BRK_GROUP":null,"ABBREV":"Tur.","POSTAL":"TR","FORMAL_EN":"Republic of Turkey","FORMAL_FR":null,"NAME_CIAWF":"Turkey","NOTE_ADM0":null,"NOTE_BRK":null,"NAME_SORT":"Turkey","NAME_ALT":null,"MAPCOLOR7":6,"MAPCOLOR8":3,"MAPCOLOR9":8,"MAPCOLOR13":4,"POP_EST":83429615,"POP_RANK":16,"POP_YEAR":2019,"GDP_MD":761425,"GDP_YEAR":2019,"ECONOMY":"4. Emerging region: MIKT","INCOME_GRP":"3. Upper middle income","FIPS_10":"TU","ISO_A2":"TR","ISO_A2_EH":"TR","ISO_A3":"TUR","ISO_A3_EH":"TUR","ISO_N3":"792","ISO_N3_EH":"792","UN_A3":"792","WB_A2":"TR","WB_A3":"TUR","WOE_ID":23424969,"WOE_ID_EH":23424969,"WOE_NOTE":"Exact WOE match as country","ADM0_ISO":"TUR","ADM0_DIFF":null,"ADM0_TLC":"TUR","ADM0_A3_US":"TUR","ADM0_A3_FR":"TUR","ADM0_A3_RU":"TUR","ADM0_A3_ES":"TUR","ADM0_A3_CN":"TUR","ADM0_A3_TW":"TUR","ADM0_A3_IN":"TUR","ADM0_A3_NP":"TUR","ADM0_A3_PK":"TUR","ADM0_A3_DE":"TUR","ADM0_A3_GB":"TUR","ADM0_A3_BR":"TUR","ADM0_A3_IL":"TUR","ADM0_A3_PS":"TUR","ADM0_A3_SA":"TUR","ADM0_A3_EG":"TUR","ADM0_A3_MA":"TUR","ADM0_A3_PT":"TUR","ADM0_A3_AR":"TUR","ADM0_A3_JP":"TUR","ADM0_A3_KO":"TUR","ADM0_A3_VN":"TUR","ADM0_A3_TR":"TUR","ADM0_A3_ID":"TUR","ADM0_A3_PL":"TUR","ADM0_A3_GR":"TUR","ADM0_A3_IT":"TUR","ADM0_A3_NL":"TUR","ADM0_A3_SE":"TUR","ADM0_A3_BD":"TUR","ADM0_A3_UA":"TUR","ADM0_A3_UN":-99,"ADM0_A3_WB":-99,"CONTINENT":"Asia","REGION_UN":"Asia","SUBREGION":"Western Asia","REGION_WB":"Europe & Central Asia","NAME_LEN":6,"LONG_LEN":6,"ABBREV_LEN":4,"TINY":-99,"HOMEPART":1,"MIN_ZOOM":0,"MIN_LABEL":2,"MAX_LABEL":7,"LABEL_X":34.508268,"LABEL_Y":39.345388,"NE_ID":1159321331,"WIKIDATAID":"Q43","NAME_AR":"تركيا","NAME_BN":"তুরস্ক","NAME_DE":"Türkei","NAME_EN":"Turkey","NAME_ES":"Turquía","NAME_FA":"ترکیه","NAME_FR":"Turquie","NAME_EL":"Τουρκία","NAME_HE":"טורקיה","NAME_HI":"तुर्की","NAME_HU":"Törökország","NAME_ID":"Turki","NAME_IT":"Turchia","NAME_JA":"トルコ","NAME_KO":"터키","NAME_NL":"Turkije","NAME_PL":"Turcja","NAME_PT":"Turquia","NAME_RU":"Турция","NAME_SV":"Turkiet","NAME_TR":"Türkiye","NAME_UK":"Туреччина","NAME_UR":"ترکی","NAME_VI":"Thổ Nhĩ Kỳ","NAME_ZH":"土耳其","NAME_ZHT":"土耳其","FCLASS_ISO":"Admin-0 country","TLC_DIFF":null,"FCLASS_TLC":"Admin-0 country","FCLASS_US":null,"FCLASS_FR":null,"FCLASS_RU":null,"FCLASS_ES":null,"FCLASS_CN":null,"FCLASS_TW":null,"FCLASS_IN":null,"FCLASS_NP":null,"FCLASS_PK":null,"FCLASS_DE":null,"FCLASS_GB":null,"FCLASS_BR":null,"FCLASS_IL":null,"FCLASS_PS":null,"FCLASS_SA":null,"FCLASS_EG":null,"FCLASS_MA":null,"FCLASS_PT":null,"FCLASS_AR":null,"FCLASS_JP":null,"FCLASS_KO":null,"FCLASS_VN":null,"FCLASS_TR":null,"FCLASS_ID":null,"FCLASS_PL":null,"FCLASS_GR":null,"FCLASS_IT":null,"FCLASS_NL":null,"FCLASS_SE":null,"FCLASS_BD":null,"FCLASS_UA":null},"geometry":{"type":"MultiPolygon","coordinates":[[[[44.772677,34.80781186909655],[44.293452,34.6689973868173],[43.942259,34.87822229209052],[42.77912599999999,34.98401126930315],[42.349591,34.85659861634819],[41.212089,34.72888147666584],[40.673259,34.74278941377218],[39.522580000000005,34.433887910228755],[38.699891,34.43130878587152],[38.167727000000006,34.58646110540646],[37.066761,34.35713339653948],[36.739494,34.51753303993231],[36.685389,34.0566496509255],[36.41755,33.874949492142015],[36.149763,33.69286167047434],[35.782085,34.06932119913072],[36.160822,34.37989033216673],[35.550936,34.30957482157695],[34.714553,34.499413995494486],[34.026895,34.02372012122485],[32.509158,33.93051453994418],[31.699595000000002,34.3746651205391],[30.621625000000005,34.40238448262864],[30.391096,34.05936869272177],[29.699976,33.96103677645988],[28.732903000000004,34.40153133523438],[27.641187,34.386670818882244],[27.048768000000003,35.2033714602053],[26.318218,35.655414255969845],[26.804700000000004,36.28475976296247],[26.170785,36.66899753521628],[27.28002,37.432292989325504],[28.819977999999995,37.46404675493466],[29.240004,38.064831687774706],[31.145934,37.96054157166939],[32.347979,38.47017007174255],[33.513283,38.691161973281886],[35.167704,38.707757951079294],[36.913127,38.15560530214397],[38.34766499999999,37.85083899666952],[39.512607,37.97247828906648],[40.373433,37.90221448442923],[41.554084,38.31293663783576],[42.619549,38.35021062064342],[43.582746,37.96410599780992],[43.752658,37.68611242195498],[43.656436,37.30000303104921],[44.400009000000004,37.1020172300296],[44.79399,36.86877361559313],[44.10922500000001,36.640537014326014],[44.421403,35.714827619159976],[44.22575599999999,35.462978250891794],[44.77267,34.80782254302391],[44.772677,34.80781186909655]]],[[[26.117042000000005,38.54110089721023],[27.135739,38.78673208702201],[27.99672,38.68210650833708],[28.115525,38.381348165550364],[28.988442999999997,38.12774482261273],[28.806438,37.93478678483083],[27.619017,37.89128518729164],[27.192377,37.646822285978246],[26.358009000000003,37.21916340626531],[26.043351,37.589148045937854],[26.056942,37.75249618025226],[26.294602,37.841106400506234],[26.604196,38.33369436067614],[26.117042000000005,38.54110089721023]]]]}},{"type":"Feature","bbox":[19.304486,39.624998,21.02004,42.688247],"properties":{"featurecla":"Admin-0 country","scalerank":1,"LABELRANK":6,"SOVEREIGNT":"Albania","SOV_A3":"ALB","ADM0_DIF":0,"LEVEL":2,"TYPE":"Sovereign country","TLC":"1","ADMIN":"Albania","ADM0_A3":"ALB","GEOU_DIF":0,"GEOUNIT":"Albania","GU_A3":"ALB","SU_DIF":0,"SUBUNIT":"Albania","SU_A3":"ALB","BRK_DIFF":0,"NAME":"Albania","NAME_LONG":"Albania","BRK_A3":"ALB","BRK_NAME":"Albania","BRK_GROUP":null,"ABBREV":"Alb.","POSTAL":"AL","FORMAL_EN":"Republic of Albania","FORMAL_FR":null,"NAME_CIAWF":"Albania","NOTE_ADM0":null,"NOTE_BRK":null,"NAME_SORT":"Albania","NAME_ALT":null,"MAPCOLOR7":1,"MAPCOLOR8":4,"MAPCOLOR9":1,"MAPCOLOR13":6,"POP_EST":2854191,"POP_RANK":12,"POP_YEAR":2019,"GDP_MD":15279,"GDP_YEAR":2019,"ECONOMY":"6. Developing region","INCOME_GRP":"4. Lower middle income","FIPS_10":"AL","ISO_A2":"AL","ISO_A2_EH":"AL","ISO_A3":"ALB","ISO_A3_EH":"ALB","ISO_N3":"008","ISO_N3_EH":"008","UN_A3":"008","WB_A2":"AL","WB_A3":"ALB","WOE_ID":23424742,"WOE_ID_EH":23424742,"WOE_NOTE":"Exact WOE match as country","ADM0_ISO":"ALB","ADM0_DIFF":null,"ADM0_TLC":"ALB","ADM0_A3_US":"ALB","ADM0_A3_FR":"ALB","ADM0_A3_RU":"ALB","ADM0_A3_ES":"ALB","ADM0_A3_CN":"ALB","ADM0_A3_TW":"ALB","ADM0_A3_IN":"ALB","ADM0_A3_NP":"ALB","ADM0_A3_PK":"ALB","ADM0_A3_DE":"ALB","ADM0_A3_GB":"ALB","ADM0_A3_BR":"ALB","ADM0_A3_IL":"ALB","ADM0_A3_PS":"ALB","ADM0_A3_SA":"ALB","ADM0_A3_EG":"ALB","ADM0_A3_MA":"ALB","ADM0_A3_PT":"ALB","ADM0_A3_AR":"ALB","ADM0_A3_JP":"ALB","ADM0_A3_KO":"ALB","ADM0_A3_VN":"ALB","ADM0_A3_TR":"ALB","ADM0_A3_ID":"ALB","ADM0_A3_PL":"ALB","ADM0_A3_GR":"ALB","ADM0_A3_IT":"ALB","ADM0_A3_NL":"ALB","ADM0_A3_SE":"ALB","ADM0_A3_BD":"ALB","ADM0_A3_UA":"ALB","ADM0_A3_UN":-99,"ADM0_A3_WB":-99,"CONTINENT":"Europe","REGION_UN":"Europe","SUBREGION":"Southern Europe","REGION_WB":"Europe & Central Asia","NAME_LEN":7,"LONG_LEN":7,"ABBREV_LEN":4,"TINY":-99,"HOMEPART":1,"MIN_ZOOM":0,"MIN_LABEL":5,"MAX_LABEL":10,"LABEL_X":20.11384,"LABEL_Y":40.654855,"NE_ID":1159320325,"WIKIDATAID":"Q222","NAME_AR":"ألبانيا","NAME_BN":"আলবেনিয়া","NAME_DE":"Albanien","NAME_EN":"Albania","NAME_ES":"Albania","NAME_FA":"آلبانی","NAME_FR":"Albanie","NAME_EL":"Αλβανία","NAME_HE":"אלבניה","NAME_HI":"अल्बानिया","NAME_HU":"Albánia","NAME_ID":"Albania","NAME_IT":"Albania","NAME_JA":"アルバニア","NAME_KO":"알바니아","NAME_NL":"Albanië","NAME_PL":"Albania","NAME_PT":"Albânia","NAME_RU":"Албания","NAME_SV":"Albanien","NAME_TR":"Arnavutluk","NAME_UK":"Албанія","NAME_UR":"البانیا","NAME_VI":"Albania","NAME_ZH":"阿尔巴尼亚","NAME_ZHT":"阿爾巴尼亞","FCLASS_ISO":"Admin-0 country","TLC_DIFF":null,"FCLASS_TLC":"Admin-0 country","FCLASS_US":null,"FCLASS_FR":null,"FCLASS_RU":null,"FCLASS_ES":null,"FCLASS_CN":null,"FCLASS_TW":null,"FCLASS_IN":null,"FCLASS_NP":null,"FCLASS_PK":null,"FCLASS_DE":null,"FCLASS_GB":null,"FCLASS_BR":null,"FCLASS_IL":null,"FCLASS_PS":null,"FCLASS_SA":null,"FCLASS_EG":null,"FCLASS_MA":null,"FCLASS_PT":null,"FCLASS_AR":null,"FCLASS_JP":null,"FCLASS_KO":null,"FCLASS_VN":null,"FCLASS_TR":null,"FCLASS_ID":null,"FCLASS_PL":null,"FCLASS_GR":null,"FCLASS_IT":null,"FCLASS_NL":null,"FCLASS_SE":null,"FCLASS_BD":null,"FCLASS_UA":null},"geometry":{"type":"Polygon","coordinates":[[[21.02004,37.767204210679296],[20.99999,37.55922873937827],[20.674997000000005,37.444192008842954],[20.615,37.185720587593586],[20.150016000000004,36.79833614618014],[19.98,36.854364045009085],[19.960002000000003,37.03020737753465],[19.406082,37.29778283188531],[19.319059,37.67584682889415],[19.40355,38.21393436132627],[19.540027,38.457424375969445],[19.371769,38.5807009882377],[19.371768,38.58070333342937],[19.304486000000004,38.829014290420716],[19.738051,39.211648578787305],[19.801612999999996,39.06571257867547],[20.0707,39.13442132461441],[20.283755,38.9259479332245],[20.522950000000005,38.846248033579485],[20.590247000000005,38.56339217008553],[20.590247000000005,38.56338826049078],[20.463174999999996,38.296797225181685],[20.605182,37.95944090877557],[21.02004,37.767204210679296]]]}},{"type":"Feature","bbox":[13.656976,42.479991,19.390476,46.503751],"properties":{"featurecla":"Admin-0 country","scalerank":1,"LABELRANK":6,"SOVEREIGNT":"Croatia","SOV_A3":"HRV","ADM0_DIF":0,"LEVEL":2,"TYPE":"Sovereign country","TLC":"1","ADMIN":"Croatia","ADM0_A3":"HRV","GEOU_DIF":0,"GEOUNIT":"Croatia","GU_A3":"HRV","SU_DIF":0,"SUBUNIT":"Croatia","SU_A3":"HRV","BRK_DIFF":0,"NAME":"Croatia","NAME_LONG":"Croatia","BRK_A3":"HRV","BRK_NAME":"Croatia","BRK_GROUP":null,"ABBREV":"Cro.","POSTAL":"HR","FORMAL_EN":"Republic of Croatia","FORMAL_FR":null,"NAME_CIAWF":"Croatia","NOTE_ADM0":null,"NOTE_BRK":null,"NAME_SORT":"Croatia","NAME_ALT":null,"MAPCOLOR7":5,"MAPCOLOR8":4,"MAPCOLOR9":5,"MAPCOLOR13":1,"POP_EST":4067500,"POP_RANK":12,"POP_YEAR":2019,"GDP_MD":60752,"GDP_YEAR":2019,"ECONOMY":"2. Developed region: nonG7","INCOME_GRP":"2. High income: nonOECD","FIPS_10":"HR","ISO_A2":"HR","ISO_A2_EH":"HR","ISO_A3":"HRV","ISO_A3_EH":"HRV","ISO_N3":"191","ISO_N3_EH":"191","UN_A3":"191","WB_A2":"HR","WB_A3":"HRV","WOE_ID":23424843,"WOE_ID_EH":23424843,"WOE_NOTE":"Exact WOE match as country","ADM0_ISO":"HRV","ADM0_DIFF":null,"ADM0_TLC":"HRV","ADM0_A3_US":"HRV","ADM0_A3_FR":"HRV","ADM0_A3_RU":"HRV","ADM0_A3_ES":"HRV","ADM0_A3_CN":"HRV","ADM0_A3_TW":"HRV","ADM0_A3_IN":"HRV","ADM0_A3_NP":"HRV","ADM0_A3_PK":"HRV","ADM0_A3_DE":"HRV","ADM0_A3_GB":"HRV","ADM0_A3_BR":"HRV","ADM0_A3_IL":"HRV","ADM0_A3_PS":"HRV","ADM0_A3_SA":"HRV","ADM0_A3_EG":"HRV","ADM0_A3_MA":"HRV","ADM0_A3_PT":"HRV","ADM0_A3_AR":"HRV","ADM0_A3_JP":"HRV","ADM0_A3_KO":"HRV","ADM0_A3_VN":"HRV","ADM0_A3_TR":"HRV","ADM0_A3_ID":"HRV","ADM0_A3_PL":"HRV","ADM0_A3_GR":"HRV","ADM0_A3_IT":"HRV","ADM0_A3_NL":"HRV","ADM0_A3_SE":"HRV","ADM0_A3_BD":"HRV","ADM0_A3_UA":"HRV","ADM0_A3_UN":-99,"ADM0_A3_WB":-99,"CONTINENT":"Europe","REGION_UN":"Europe","SUBREGION":"Southern Europe","REGION_WB":"Europe & Central Asia","NAME_LEN":7,"LONG_LEN":7,"ABBREV_LEN":4,"TINY":-99,"HOMEPART":1,"MIN_ZOOM":0,"MIN_LABEL":4,"MAX_LABEL":9,"LABEL_X":16.37241,"LABEL_Y":45.805799,"NE_ID":1159320833,"WIKIDATAID":"Q224","NAME_AR":"كرواتيا","NAME_BN":"ক্রোয়েশিয়া","NAME_DE":"Kroatien","NAME_EN":"Croatia","NAME_ES":"Croacia","NAME_FA":"کرواسی","NAME_FR":"Croatie","NAME_EL":"Κροατία","NAME_HE":"קרואטיה","NAME_HI":"क्रोएशिया","NAME_HU":"Horvátország","NAME_ID":"Kroasia","NAME_IT":"Croazia","NAME_JA":"クロアチア","NAME_KO":"크로아티아","NAME_NL":"Kroatië","NAME_PL":"Chorwacja","NAME_PT":"Croácia","NAME_RU":"Хорватия","NAME_SV":"Kroatien","NAME_TR":"Hırvatistan","NAME_UK":"Хорватія","NAME_UR":"کروشیا","NAME_VI":"Croatia","NAME_ZH":"克罗地亚","NAME_ZHT":"克羅地亞","FCLASS_ISO":"Admin-0 country","TLC_DIFF":null,"FCLASS_TLC":"Admin-0 country","FCLASS_US":null,"FCLASS_FR":null,"FCLASS_RU":null,"FCLASS_ES":null,"FCLASS_CN":null,"FCLASS_TW":null,"FCLASS_IN":null,"FCLASS_NP":null,"FCLASS_PK":null,"FCLASS_DE":null,"FCLASS_GB":null,"FCLASS_BR":null,"FCLASS_IL":null,"FCLASS_PS":null,"FCLASS_SA":null,"FCLASS_EG":null,"FCLASS_MA":null,"FCLASS_PT":null,"FCLASS_AR":null,"FCLASS_JP":null,"FCLASS_KO":null,"FCLASS_VN":null,"FCLASS_TR":null,"FCLASS_ID":null,"FCLASS_PL":null,"FCLASS_GR":null,"FCLASS_IT":null,"FCLASS_NL":null,"FCLASS_SE":null,"FCLASS_BD":null,"FCLASS_UA":null},"geometry":{"type":"Polygon","coordinates":[[[16.564808000000003,42.10535287622193],[16.882515,42.01394346857624],[17.630066,41.69450815065711],[18.456062,41.55076609935624],[18.829825,41.66246890201503],[19.072769,41.37243164716763],[19.390476,41.15821163546479],[19.005485,40.87429878339301],[18.553214,41.041464836746336],[17.861783000000003,41.03101785862666],[17.002146,41.156149423290124],[16.534939,41.13945584114983],[16.318157,40.98301363221145],[15.959367,41.156149423290124],[15.750026,40.84289459945896],[16.23966,40.4882326981231],[16.456443,40.25212559347202],[16.916156,39.966453408942],[17.297373,39.79657195853062],[17.674922,39.474835487513424],[18.56,39.18200793957844],[18.450017,39.050103960989475],[18.450016000000005,39.050103184394125],[17.50997,39.33686164746398],[16.930006,39.614744851196924],[16.015385,39.84332687649766],[15.174454,40.406080744539224],[15.37625,40.46295673949855],[14.920309000000001,40.7821738768363],[14.901602,41.0372937872795],[14.258748000000002,41.156149423290124],[13.952255000000001,40.83034449561312],[13.656976000000002,41.08319471169404],[13.679403,41.344388070366804],[13.71506,41.35653036123984],[14.411968,41.330885886940926],[14.595109,41.45749713129176],[14.935244,41.33503752632533],[15.327675,41.320484977651944],[15.323954,41.53003447045524],[15.671530000000002,41.606624851166806],[15.768733,41.907962567036044],[16.564808000000003,42.10535287622193]]]}},{"type":"Feature","bbox":[6.022609,45.776948,10.442701,47.830828],"properties":{"featurecla":"Admin-0 country","scalerank":1,"LABELRANK":4,"SOVEREIGNT":"Switzerland","SOV_A3":"CHE","ADM0_DIF":0,"LEVEL":2,"TYPE":"Sovereign country","TLC":"1","ADMIN":"Switzerland","ADM0_A3":"CHE","GEOU_DIF":0,"GEOUNIT":"Switzerland","GU_A3":"CHE","SU_DIF":0,"SUBUNIT":"Switzerland","SU_A3":"CHE","BRK_DIFF":0,"NAME":"Switzerland","NAME_LONG":"Switzerland","BRK_A3":"CHE","BRK_NAME":"Switzerland","BRK_GROUP":null,"ABBREV":"Switz.","POSTAL":"CH","FORMAL_EN":"Swiss Confederation","FORMAL_FR":null,"NAME_CIAWF":"Switzerland","NOTE_ADM0":null,"NOTE_BRK":null,"NAME_SORT":"Switzerland","NAME_ALT":null,"MAPCOLOR7":5,"MAPCOLOR8":2,"MAPCOLOR9":7,"MAPCOLOR13":3,"POP_EST":8574832,"POP_RANK":13,"POP_YEAR":2019,"GDP_MD":703082,"GDP_YEAR":2019,"ECONOMY":"2. Developed region: nonG7","INCOME_GRP":"1. High income: OECD","FIPS_10":"SZ","ISO_A2":"CH","ISO_A2_EH":"CH","ISO_A3":"CHE","ISO_A3_EH":"CHE","ISO_N3":"756","ISO_N3_EH":"756","UN_A3":"756","WB_A2":"CH","WB_A3":"CHE","WOE_ID":23424957,"WOE_ID_EH":23424957,"WOE_NOTE":"Exact WOE match as country","ADM0_ISO":"CHE","ADM0_DIFF":null,"ADM0_TLC":"CHE","ADM0_A3_US":"CHE","ADM0_A3_FR":"CHE","ADM0_A3_RU":"CHE","ADM0_A3_ES":"CHE","ADM0_A3_CN":"CHE","ADM0_A3_TW":"CHE","ADM0_A3_IN":"CHE","ADM0_A3_NP":"CHE","ADM0_A3_PK":"CHE","ADM0_A3_DE":"CHE","ADM0_A3_GB":"CHE","ADM0_A3_BR":"CHE","ADM0_A3_IL":"CHE","ADM0_A3_PS":"CHE","ADM0_A3_SA":"CHE","ADM0_A3_EG":"CHE","ADM0_A3_MA":"CHE","ADM0_A3_PT":"CHE","ADM0_A3_AR":"CHE","ADM0_A3_JP":"CHE","ADM0_A3_KO":"CHE","ADM0_A3_VN":"CHE","ADM0_A3_TR":"CHE","ADM0_A3_ID":"CHE","ADM0_A3_PL":"CHE","ADM0_A3_GR":"CHE","ADM0_A3_IT":"CHE","ADM0_A3_NL":"CHE","ADM0_A3_SE":"CHE","ADM0_A3_BD":"CHE","ADM0_A3_UA":"CHE","ADM0_A3_UN":-99,"ADM0_A3_WB":-99,"CONTINENT":"Europe","REGION_UN":"Europe","SUBREGION":"Western Europe","REGION_WB":"Europe & Central Asia","NAME_LEN":11,"LONG_LEN":11,"ABBREV_LEN":6,"TINY":-99,"HOMEPART":1,"MIN_ZOOM":0,"MIN_LABEL":4,"MAX_LABEL":9,"LABEL_X":7.463965,"LABEL_Y":46.719114,"NE_ID":1159320491,"WIKIDATAID":"Q39","NAME_AR":"سويسرا","NAME_BN":"সুইজারল্যান্ড","NAME_DE":"Schweiz","NAME_EN":"Switzerland","NAME_ES":"Suiza","NAME_FA":"سوئیس","NAME_FR":"Suisse","NAME_EL":"Ελβετία","NAME_HE":"שווייץ","NAME_HI":"स्विट्ज़रलैण्ड","NAME_HU":"Svájc","NAME_ID":"Swiss","NAME_IT":"Svizzera","NAME_JA":"スイス","NAME_KO":"스위스","NAME_NL":"Zwitserland","NAME_PL":"Szwajcaria","NAME_PT":"Suíça","NAME_RU":"Швейцария","NAME_SV":"Schweiz","NAME_TR":"İsviçre","NAME_UK":"Швейцарія","NAME_UR":"سویٹزرلینڈ","NAME_VI":"Thụy Sĩ","NAME_ZH":"瑞士","NAME_ZHT":"瑞士","FCLASS_ISO":"Admin-0 country","TLC_DIFF":null,"FCLASS_TLC":"Admin-0 country","FCLASS_US":null,"FCLASS_FR":null,"FCLASS_RU":null,"FCLASS_ES":null,"FCLASS_CN":null,"FCLASS_TW":null,"FCLASS_IN":null,"FCLASS_NP":null,"FCLASS_PK":null,"FCLASS_DE":null,"FCLASS_GB":null,"FCLASS_BR":null,"FCLASS_IL":null,"FCLASS_PS":null,"FCLASS_SA":null,"FCLASS_EG":null,"FCLASS_MA":null,"FCLASS_PT":null,"FCLASS_AR":null,"FCLASS_JP":null,"FCLASS_KO":null,"FCLASS_VN":null,"FCLASS_TR":null,"FCLASS_ID":null,"FCLASS_PL":null,"FCLASS_GR":null,"FCLASS_IT":null,"FCLASS_NL":null,"FCLASS_SE":null,"FCLASS_BD":null,"FCLASS_UA":null},"geometry":{"type":"Polygon","coordinates":[[[9.594226,42.85854222114944],[9.632932,42.72832297725717],[9.47997,42.548243986876585],[9.932448,42.41395856926652],[10.442701000000001,42.3938871314361],[10.363377999999999,42.09037929999461],[9.922837,41.9650862853982],[9.182882,42.05819715581411],[8.966306,41.75806808983067],[8.489952,41.73435624183536],[8.31663,41.852519522259826],[7.755992,41.59939846769877],[7.273851,41.563836527215805],[6.843593000000001,41.72390505855573],[6.5001,42.05036960969834],[6.022609,41.93391712634907],[6.037389000000001,42.269864340687164],[6.768714,42.684311218798115],[6.736571,42.87081421073853],[7.192202,42.80332586548854],[7.466758999999999,42.92852497544945],[8.317301000000002,42.923397870321196],[8.522612,43.082275524154014],[9.594226,42.85854222114944]]]}},{"type":"Feature","bbox":[5.674052,49.442667,6.242751,50.128052],"properties":{"featurecla":"Admin-0 country","scalerank":1,"LABELRANK":6,"SOVEREIGNT":"Luxembourg","SOV_A3":"LUX","ADM0_DIF":0,"LEVEL":2,"TYPE":"Sovereign country","TLC":"1","ADMIN":"Luxembourg","ADM0_A3":"LUX","GEOU_DIF":0,"GEOUNIT":"Luxembourg","GU_A3":"LUX","SU_DIF":0,"SUBUNIT":"Luxembourg","SU_A3":"LUX","BRK_DIFF":0,"NAME":"Luxembourg","NAME_LONG":"Luxembourg","BRK_A3":"LUX","BRK_NAME":"Luxembourg","BRK_GROUP":null,"ABBREV":"Lux.","POSTAL":"L","FORMAL_EN":"Grand Duchy of Luxembourg","FORMAL_FR":null,"NAME_CIAWF":"Luxembourg","NOTE_ADM0":null,"NOTE_BRK":null,"NAME_SORT":"Luxembourg","NAME_ALT":null,"MAPCOLOR7":1,"MAPCOLOR8":7,"MAPCOLOR9":3,"MAPCOLOR13":7,"POP_EST":619896,"POP_RANK":11,"POP_YEAR":2019,"GDP_MD":71104,"GDP_YEAR":2019,"ECONOMY":"2. Developed region: nonG7","INCOME_GRP":"1. High income: OECD","FIPS_10":"LU","ISO_A2":"LU","ISO_A2_EH":"LU","ISO_A3":"LUX","ISO_A3_EH":"LUX","ISO_N3":"442","ISO_N3_EH":"442","UN_A3":"442","WB_A2":"LU","WB_A3":"LUX","WOE_ID":23424881,"WOE_ID_EH":23424881,"WOE_NOTE":"Exact WOE match as country","ADM0_ISO":"LUX","ADM0_DIFF":null,"ADM0_TLC":"LUX","ADM0_A3_US":"LUX","ADM0_A3_FR":"LUX","ADM0_A3_RU":"LUX","ADM0_A3_ES":"LUX","ADM0_A3_CN":"LUX","ADM0_A3_TW":"LUX","ADM0_A3_IN":"LUX","ADM0_A3_NP":"LUX","ADM0_A3_PK":"LUX","ADM0_A3_DE":"LUX","ADM0_A3_GB":"LUX","ADM0_A3_BR":"LUX","ADM0_A3_IL":"LUX","ADM0_A3_PS":"LUX","ADM0_A3_SA":"LUX","ADM0_A3_EG":"LUX","ADM0_A3_MA":"LUX","ADM0_A3_PT":"LUX","ADM0_A3_AR":"LUX","ADM0_A3_JP":"LUX","ADM0_A3_KO":"LUX","ADM0_A3_VN":"LUX","ADM0_A3_TR":"LUX","ADM0_A3_ID":"LUX","ADM0_A3_PL":"LUX","ADM0_A3_GR":"LUX","ADM0_A3_IT":"LUX","ADM0_A3_NL":"LUX","ADM0_A3_SE":"LUX","ADM0_A3_BD":"LUX","ADM0_A3_UA":"LUX","ADM0_A3_UN":-99,"ADM0_A3_WB":-99,"CONTINENT":"Europe","REGION_UN":"Europe","SUBREGION":"Western Europe","REGION_WB":"Europe & Central Asia","NAME_LEN":10,"LONG_LEN":10,"ABBREV_LEN":4,"TINY":5,"HOMEPART":1,"MIN_ZOOM":0,"MIN_LABEL":5.7,"MAX_LABEL":10,"LABEL_X":6.07762,"LABEL_Y":49.733732,"NE_ID":1159321031,"WIKIDATAID":"Q32","NAME_AR":"لوكسمبورغ","NAME_BN":"লুক্সেমবুর্গ","NAME_DE":"Luxemburg","NAME_EN":"Luxembourg","NAME_ES":"Luxemburgo","NAME_FA":"لوکزامبورگ","NAME_FR":"Luxembourg","NAME_EL":"Λουξεμβούργο","NAME_HE":"לוקסמבורג","NAME_HI":"लक्ज़मबर्ग","NAME_HU":"Luxemburg","NAME_ID":"Luksemburg","NAME_IT":"Lussemburgo","NAME_JA":"ルクセンブルク","NAME_KO":"룩셈부르크","NAME_NL":"Luxemburg","NAME_PL":"Luksemburg","NAME_PT":"Luxemburgo","NAME_RU":"Люксембург","NAME_SV":"Luxemburg","NAME_TR":"Lüksemburg","NAME_UK":"Люксембург","NAME_UR":"لکسمبرگ","NAME_VI":"Luxembourg","NAME_ZH":"卢森堡","NAME_ZHT":"盧森堡","FCLASS_ISO":"Admin-0 country","TLC_DIFF":null,"FCLASS_TLC":"Admin-0 country","FCLASS_US":null,"FCLASS_FR":null,"FCLASS_RU":null,"FCLASS_ES":null,"FCLASS_CN":null,"FCLASS_TW":null,"FCLASS_IN":null,"FCLASS_NP":null,"FCLASS_PK":null,"FCLASS_DE":null,"FCLASS_GB":null,"FCLASS_BR":null,"FCLASS_IL":null,"FCLASS_PS":null,"FCLASS_SA":null,"FCLASS_EG":null,"FCLASS_MA":null,"FCLASS_PT":null,"FCLASS_AR":null,"FCLASS_JP":null,"FCLASS_KO":null,"FCLASS_VN":null,"FCLASS_TR":null,"FCLASS_ID":null,"FCLASS_PL":null,"FCLASS_GR":null,"FCLASS_IT":null,"FCLASS_NL":null,"FCLASS_SE":null,"FCLASS_BD":null,"FCLASS_UA":null},"geometry":{"type":"Polygon","coordinates":[[[6.043072999999999,44.73710919421753],[6.242751000000001,44.576472601828726],[6.18632,44.26333907459079],[5.897759,44.24820080215805],[5.674052,44.31035701379115],[5.782417,44.71030597735796],[6.043072999999999,44.73710919421753]]]}},{"type":"Feature","bbox":[2.513573,49.529484,6.156658,51.475024],"properties":{"featurecla":"Admin-0 country","scalerank":1,"LABELRANK":2,"SOVEREIGNT":"Belgium","SOV_A3":"BEL","ADM0_DIF":0,"LEVEL":2,"TYPE":"Sovereign country","TLC":"1","ADMIN":"Belgium","ADM0_A3":"BEL","GEOU_DIF":0,"GEOUNIT":"Belgium","GU_A3":"BEL","SU_DIF":0,"SUBUNIT":"Belgium","SU_A3":"BEL","BRK_DIFF":0,"NAME":"Belgium","NAME_LONG":"Belgium","BRK_A3":"BEL","BRK_NAME":"Belgium","BRK_GROUP":null,"ABBREV":"Belg.","POSTAL":"B","FORMAL_EN":"Kingdom of Belgium","FORMAL_FR":null,"NAME_CIAWF":"Belgium","NOTE_ADM0":null,"NOTE_BRK":null,"NAME_SORT":"Belgium","NAME_ALT":null,"MAPCOLOR7":3,"MAPCOLOR8":2,"MAPCOLOR9":1,"MAPCOLOR13":8,"POP_EST":11484055,"POP_RANK":14,"POP_YEAR":2019,"GDP_MD":533097,"GDP_YEAR":2019,"ECONOMY":"2. Developed region: nonG7","INCOME_GRP":"1. High income: OECD","FIPS_10":"BE","ISO_A2":"BE","ISO_A2_EH":"BE","ISO_A3":"BEL","ISO_A3_EH":"BEL","ISO_N3":"056","ISO_N3_EH":"056","UN_A3":"056","WB_A2":"BE","WB_A3":"BEL","WOE_ID":23424757,"WOE_ID_EH":23424757,"WOE_NOTE":"Exact WOE match as country","ADM0_ISO":"BEL","ADM0_DIFF":null,"ADM0_TLC":"BEL","ADM0_A3_US":"BEL","ADM0_A3_FR":"BEL","ADM0_A3_RU":"BEL","ADM0_A3_ES":"BEL","ADM0_A3_CN":"BEL","ADM0_A3_TW":"BEL","ADM0_A3_IN":"BEL","ADM0_A3_NP":"BEL","ADM0_A3_PK":"BEL","ADM0_A3_DE":"BEL","ADM0_A3_GB":"BEL","ADM0_A3_BR":"BEL","ADM0_A3_IL":"BEL","ADM0_A3_PS":"BEL","ADM0_A3_SA":"BEL","ADM0_A3_EG":"BEL","ADM0_A3_MA":"BEL","ADM0_A3_PT":"BEL","ADM0_A3_AR":"BEL","ADM0_A3_JP":"BEL","ADM0_A3_KO":"BEL","ADM0_A3_VN":"BEL","ADM0_A3_TR":"BEL","ADM0_A3_ID":"BEL","ADM0_A3_PL":"BEL","ADM0_A3_GR":"BEL","ADM0_A3_IT":"BEL","ADM0_A3_NL":"BEL","ADM0_A3_SE":"BEL","ADM0_A3_BD":"BEL","ADM0_A3_UA":"BEL","ADM0_A3_UN":-99,"ADM0_A3_WB":-99,"CONTINENT":"Europe","REGION_UN":"Europe","SUBREGION":"Western Europe","REGION_WB":"Europe & Central Asia","NAME_LEN":7,"LONG_LEN":7,"ABBREV_LEN":5,"TINY":-99,"HOMEPART":1,"MIN_ZOOM":0,"MIN_LABEL":4,"MAX_LABEL":9,"LABEL_X":4.800448,"LABEL_Y":50.785392,"NE_ID":1159320389,"WIKIDATAID":"Q31","NAME_AR":"بلجيكا","NAME_BN":"বেলজিয়াম","NAME_DE":"Belgien","NAME_EN":"Belgium","NAME_ES":"Bélgica","NAME_FA":"بلژیک","NAME_FR":"Belgique","NAME_EL":"Βέλγιο","NAME_HE":"בלגיה","NAME_HI":"बेल्जियम","NAME_HU":"Belgium","NAME_ID":"Belgia","NAME_IT":"Belgio","NAME_JA":"ベルギー","NAME_KO":"벨기에","NAME_NL":"België","NAME_PL":"Belgia","NAME_PT":"Bélgica","NAME_RU":"Бельгия","NAME_SV":"Belgien","NAME_TR":"Belçika","NAME_UK":"Бельгія","NAME_UR":"بلجئیم","NAME_VI":"Bỉ","NAME_ZH":"比利时","NAME_ZHT":"比利時","FCLASS_ISO":"Admin-0 country","TLC_DIFF":null,"FCLASS_TLC":"Admin-0 country","FCLASS_US":null,"FCLASS_FR":null,"FCLASS_RU":null,"FCLASS_ES":null,"FCLASS_CN":null,"FCLASS_TW":null,"FCLASS_IN":null,"FCLASS_NP":null,"FCLASS_PK":null,"FCLASS_DE":null,"FCLASS_GB":null,"FCLASS_BR":null,"FCLASS_IL":null,"FCLASS_PS":null,"FCLASS_SA":null,"FCLASS_EG":null,"FCLASS_MA":null,"FCLASS_PT":null,"FCLASS_AR":null,"FCLASS_JP":null,"FCLASS_KO":null,"FCLASS_VN":null,"FCLASS_TR":null,"FCLASS_ID":null,"FCLASS_PL":null,"FCLASS_GR":null,"FCLASS_IT":null,"FCLASS_NL":null,"FCLASS_SE":null,"FCLASS_BD":null,"FCLASS_UA":null},"geometry":{"type":"Polygon","coordinates":[[[6.156657999999999,45.2150744932331],[6.043072999999999,44.73710919421753],[5.782417,44.71030597735796],[5.674052,44.31035701379115],[4.799222,44.635669237382196],[4.286023,44.58022708934946],[3.5881839999999996,44.91508810021229],[3.1232520000000004,45.198617628029844],[2.658422,45.210232619470915],[2.5135730000000005,45.457438755048514],[3.314971,45.595645330579735],[3.315011,45.59564253170911],[3.314971,45.59562713791812],[4.047071,45.54067520449435],[4.973991,45.68600607116374],[5.606976,45.379379182096905],[6.156657999999999,45.2150744932331]]]}},{"type":"Feature","bbox":[3.314971,50.803721,7.092053,53.510403],"properties":{"featurecla":"Admin-0 country","scalerank":1,"LABELRANK":5,"SOVEREIGNT":"Netherlands","SOV_A3":"NL1","ADM0_DIF":1,"LEVEL":2,"TYPE":"Country","TLC":"1","ADMIN":"Netherlands","ADM0_A3":"NLD","GEOU_DIF":0,"GEOUNIT":"Netherlands","GU_A3":"NLD","SU_DIF":0,"SUBUNIT":"Netherlands","SU_A3":"NLD","BRK_DIFF":0,"NAME":"Netherlands","NAME_LONG":"Netherlands","BRK_A3":"NLD","BRK_NAME":"Netherlands","BRK_GROUP":null,"ABBREV":"Neth.","POSTAL":"NL","FORMAL_EN":"Kingdom of the Netherlands","FORMAL_FR":null,"NAME_CIAWF":"Netherlands","NOTE_ADM0":null,"NOTE_BRK":null,"NAME_SORT":"Netherlands","NAME_ALT":null,"MAPCOLOR7":4,"MAPCOLOR8":2,"MAPCOLOR9":2,"MAPCOLOR13":9,"POP_EST":17332850,"POP_RANK":14,"POP_YEAR":2019,"GDP_MD":907050,"GDP_YEAR":2019,"ECONOMY":"2. Developed region: nonG7","INCOME_GRP":"1. High income: OECD","FIPS_10":"NL","ISO_A2":"NL","ISO_A2_EH":"NL","ISO_A3":"NLD","ISO_A3_EH":"NLD","ISO_N3":"528","ISO_N3_EH":"528","UN_A3":"528","WB_A2":"NL","WB_A3":"NLD","WOE_ID":-90,"WOE_ID_EH":23424909,"WOE_NOTE":"Doesn't include new former units of Netherlands Antilles (24549811, 24549808, and 24549809)","ADM0_ISO":"NLD","ADM0_DIFF":null,"ADM0_TLC":"NLD","ADM0_A3_US":"NLD","ADM0_A3_FR":"NLD","ADM0_A3_RU":"NLD","ADM0_A3_ES":"NLD","ADM0_A3_CN":"NLD","ADM0_A3_TW":"NLD","ADM0_A3_IN":"NLD","ADM0_A3_NP":"NLD","ADM0_A3_PK":"NLD","ADM0_A3_DE":"NLD","ADM0_A3_GB":"NLD","ADM0_A3_BR":"NLD","ADM0_A3_IL":"NLD","ADM0_A3_PS":"NLD","ADM0_A3_SA":"NLD","ADM0_A3_EG":"NLD","ADM0_A3_MA":"NLD","ADM0_A3_PT":"NLD","ADM0_A3_AR":"NLD","ADM0_A3_JP":"NLD","ADM0_A3_KO":"NLD","ADM0_A3_VN":"NLD","ADM0_A3_TR":"NLD","ADM0_A3_ID":"NLD","ADM0_A3_PL":"NLD","ADM0_A3_GR":"NLD","ADM0_A3_IT":"NLD","ADM0_A3_NL":"NLD","ADM0_A3_SE":"NLD","ADM0_A3_BD":"NLD","ADM0_A3_UA":"NLD","ADM0_A3_UN":-99,"ADM0_A3_WB":-99,"CONTINENT":"Europe","REGION_UN":"Europe","SUBREGION":"Western Europe","REGION_WB":"Europe & Central Asia","NAME_LEN":11,"LONG_LEN":11,"ABBREV_LEN":5,"TINY":-99,"HOMEPART":1,"MIN_ZOOM":0,"MIN_LABEL":4,"MAX_LABEL":10,"LABEL_X":5.61144,"LABEL_Y":52.422211,"NE_ID":1159321101,"WIKIDATAID":"Q55","NAME_AR":"هولندا","NAME_BN":"নেদারল্যান্ডস","NAME_DE":"Niederlande","NAME_EN":"Netherlands","NAME_ES":"Países Bajos","NAME_FA":"هلند","NAME_FR":"Pays-Bas","NAME_EL":"Ολλανδία","NAME_HE":"הולנד","NAME_HI":"नीदरलैण्ड","NAME_HU":"Hollandia","NAME_ID":"Belanda","NAME_IT":"Paesi Bassi","NAME_JA":"オランダ","NAME_KO":"네덜란드","NAME_NL":"Nederland","NAME_PL":"Holandia","NAME_PT":"Países Baixos","NAME_RU":"Нидерланды","NAME_SV":"Nederländerna","NAME_TR":"Hollanda","NAME_UK":"Нідерланди","NAME_UR":"نیدرلینڈز","NAME_VI":"Hà Lan","NAME_ZH":"荷兰","NAME_ZHT":"荷蘭","FCLASS_ISO":"Admin-0 country","TLC_DIFF":null,"FCLASS_TLC":"Admin-0 country","FCLASS_US":null,"FCLASS_FR":null,"FCLASS_RU":null,"FCLASS_ES":null,"FCLASS_CN":null,"FCLASS_TW":null,"FCLASS_IN":null,"FCLASS_NP":null,"FCLASS_PK":null,"FCLASS_DE":null,"FCLASS_GB":null,"FCLASS_BR":null,"FCLASS_IL":null,"FCLASS_PS":null,"FCLASS_SA":null,"FCLASS_EG":null,"FCLASS_MA":null,"FCLASS_PT":null,"FCLASS_AR":null,"FCLASS_JP":null,"FCLASS_KO":null,"FCLASS_VN":null,"FCLASS_TR":null,"FCLASS_ID":null,"FCLASS_PL":null,"FCLASS_GR":null,"FCLASS_IT":null,"FCLASS_NL":null,"FCLASS_SE":null,"FCLASS_BD":null,"FCLASS_UA":null},"geometry":{"type":"Polygon","coordinates":[[[6.90514,47.07060995944453],[7.092053,46.83982065253953],[6.84287,46.20985936775439],[6.589397,45.948758075205355],[5.988658,45.948470914972106],[6.156657999999999,45.2150744932331],[5.606976,45.379379182096905],[4.973991,45.68600607116374],[4.047071,45.54067520449435],[3.314971,45.59562713791812],[3.315011,45.59564253170911],[3.8302890000000005,45.787573225978754],[4.705997,46.80407108110492],[6.074183,47.089841335971144],[6.90514,47.07060995944453]]]}},{"type":"Feature","bbox":[-9.526571,36.838269,-6.389088,42.280469],"properties":{"featurecla":"Admin-0 country","scalerank":1,"LABELRANK":2,"SOVEREIGNT":"Portugal","SOV_A3":"PRT","ADM0_DIF":0,"LEVEL":2,"TYPE":"Sovereign country","TLC":"1","ADMIN":"Portugal","ADM0_A3":"PRT","GEOU_DIF":0,"GEOUNIT":"Portugal","GU_A3":"PRT","SU_DIF":1,"SUBUNIT":"Portugal","SU_A3":"PR1","BRK_DIFF":0,"NAME":"Portugal","NAME_LONG":"Portugal","BRK_A3":"PR1","BRK_NAME":"Portugal","BRK_GROUP":null,"ABBREV":"Port.","POSTAL":"P","FORMAL_EN":"Portuguese Republic","FORMAL_FR":null,"NAME_CIAWF":"Portugal","NOTE_ADM0":null,"NOTE_BRK":null,"NAME_SORT":"Portugal","NAME_ALT":null,"MAPCOLOR7":1,"MAPCOLOR8":7,"MAPCOLOR9":1,"MAPCOLOR13":4,"POP_EST":10269417,"POP_RANK":14,"POP_YEAR":2019,"GDP_MD":238785,"GDP_YEAR":2019,"ECONOMY":"2. Developed region: nonG7","INCOME_GRP":"1. High income: OECD","FIPS_10":"PO","ISO_A2":"PT","ISO_A2_EH":"PT","ISO_A3":"PRT","ISO_A3_EH":"PRT","ISO_N3":"620","ISO_N3_EH":"620","UN_A3":"620","WB_A2":"PT","WB_A3":"PRT","WOE_ID":23424925,"WOE_ID_EH":23424925,"WOE_NOTE":"Exact WOE match as country","ADM0_ISO":"PR1","ADM0_DIFF":null,"ADM0_TLC":"PR1","ADM0_A3_US":"PRT","ADM0_A3_FR":"PRT","ADM0_A3_RU":"PRT","ADM0_A3_ES":"PRT","ADM0_A3_CN":"PRT","ADM0_A3_TW":"PRT","ADM0_A3_IN":"PRT","ADM0_A3_NP":"PRT","ADM0_A3_PK":"PRT","ADM0_A3_DE":"PRT","ADM0_A3_GB":"PRT","ADM0_A3_BR":"PRT","ADM0_A3_IL":"PRT","ADM0_A3_PS":"PRT","ADM0_A3_SA":"PRT","ADM0_A3_EG":"PRT","ADM0_A3_MA":"PRT","ADM0_A3_PT":"PRT","ADM0_A3_AR":"PRT","ADM0_A3_JP":"PRT","ADM0_A3_KO":"PRT","ADM0_A3_VN":"PRT","ADM0_A3_TR":"PRT","ADM0_A3_ID":"PRT","ADM0_A3_PL":"PRT","ADM0_A3_GR":"PRT","ADM0_A3_IT":"PRT","ADM0_A3_NL":"PRT","ADM0_A3_SE":"PRT","ADM0_A3_BD":"PRT","ADM0_A3_UA":"PRT","ADM0_A3_UN":-99,"ADM0_A3_WB":-99,"CONTINENT":"Europe","REGION_UN":"Europe","SUBREGION":"Southern Europe","REGION_WB":"Europe & Central Asia","NAME_LEN":8,"LONG_LEN":8,"ABBREV_LEN":5,"TINY":-99,"HOMEPART":1,"MIN_ZOOM":0,"MIN_LABEL":3,"MAX_LABEL":8,"LABEL_X":-8.271754,"LABEL_Y":39.606675,"NE_ID":1159321187,"WIKIDATAID":"Q45","NAME_AR":"البرتغال","NAME_BN":"পর্তুগাল","NAME_DE":"Portugal","NAME_EN":"Portugal","NAME_ES":"Portugal","NAME_FA":"پرتغال","NAME_FR":"Portugal","NAME_EL":"Πορτογαλία","NAME_HE":"פורטוגל","NAME_HI":"पुर्तगाल","NAME_HU":"Portugália","NAME_ID":"Portugal","NAME_IT":"Portogallo","NAME_JA":"ポルトガル","NAME_KO":"포르투갈","NAME_NL":"Portugal","NAME_PL":"Portugalia","NAME_PT":"Portugal","NAME_RU":"Португалия","NAME_SV":"Portugal","NAME_TR":"Portekiz","NAME_UK":"Португалія","NAME_UR":"پرتگال","NAME_VI":"Bồ Đào Nha","NAME_ZH":"葡萄牙","NAME_ZHT":"葡萄牙","FCLASS_ISO":"Admin-0 country","TLC_DIFF":null,"FCLASS_TLC":"Admin-0 country","FCLASS_US":null,"FCLASS_FR":null,"FCLASS_RU":null,"FCLASS_ES":null,"FCLASS_CN":null,"FCLASS_TW":null,"FCLASS_IN":null,"FCLASS_NP":null,"FCLASS_PK":null,"FCLASS_DE":null,"FCLASS_GB":null,"FCLASS_BR":null,"FCLASS_IL":null,"FCLASS_PS":null,"FCLASS_SA":null,"FCLASS_EG":null,"FCLASS_MA":null,"FCLASS_PT":null,"FCLASS_AR":null,"FCLASS_JP":null,"FCLASS_KO":null,"FCLASS_VN":null,"FCLASS_TR":null,"FCLASS_ID":null,"FCLASS_PL":null,"FCLASS_GR":null,"FCLASS_IT":null,"FCLASS_NL":null,"FCLASS_SE":null,"FCLASS_BD":null,"FCLASS_UA":null},"geometry":{"type":"Polygon","coordinates":[[[-9.034818,38.58306412087385],[-8.671946,38.78143452344307],[-8.263857,38.89498542611241],[-8.013175,38.51292270868955],[-7.422513,38.51385305681257],[-7.251309,38.61258695036186],[-6.668605999999999,38.58526536799195],[-6.389088,38.19212695476325],[-6.851127,37.97903670524709],[-6.86402,37.3614743462684],[-7.026413,37.24506349654506],[-7.066592,36.867884797345674],[-7.498632000000001,36.801997882753135],[-7.098037,36.32047166404407],[-7.374092,35.78931030907023],[-7.029281,35.547787106117994],[-7.166508,35.32628043113055],[-7.537105,35.01975823995321],[-7.453726,34.74814027241464],[-7.855613,34.534627482809135],[-8.382816,34.65037991786343],[-8.898857,34.55978203618756],[-8.746101,35.20172496489475],[-8.839998,35.70261684314837],[-9.287464,35.77748820668122],[-9.526571,36.08432715490152],[-9.446989000000002,36.61158917435864],[-9.048305,36.902438689530996],[-8.977353,37.22498592935068],[-8.768684,37.70228471383417],[-8.790853,38.0367530608852],[-8.990789,38.31905889729435],[-9.034818,38.58306412087385]]]}},{"type":"Feature","bbox":[-9.392884,35.94685,3.039484,43.748338],"properties":{"featurecla":"Admin-0 country","scalerank":1,"LABELRANK":2,"SOVEREIGNT":"Spain","SOV_A3":"ESP","ADM0_DIF":0,"LEVEL":2,"TYPE":"Sovereign country","TLC":"1","ADMIN":"Spain","ADM0_A3":"ESP","GEOU_DIF":0,"GEOUNIT":"Spain","GU_A3":"ESP","SU_DIF":0,"SUBUNIT":"Spain","SU_A3":"ESP","BRK_DIFF":0,"NAME":"Spain","NAME_LONG":"Spain","BRK_A3":"ESP","BRK_NAME":"Spain","BRK_GROUP":null,"ABBREV":"Sp.","POSTAL":"E","FORMAL_EN":"Kingdom of Spain","FORMAL_FR":null,"NAME_CIAWF":"Spain","NOTE_ADM0":null,"NOTE_BRK":null,"NAME_SORT":"Spain","NAME_ALT":null,"MAPCOLOR7":4,"MAPCOLOR8":5,"MAPCOLOR9":5,"MAPCOLOR13":5,"POP_EST":47076781,"POP_RANK":15,"POP_YEAR":2019,"GDP_MD":1393490,"GDP_YEAR":2019,"ECONOMY":"2. Developed region: nonG7","INCOME_GRP":"1. High income: OECD","FIPS_10":"SP","ISO_A2":"ES","ISO_A2_EH":"ES","ISO_A3":"ESP","ISO_A3_EH":"ESP","ISO_N3":"724","ISO_N3_EH":"724","UN_A3":"724","WB_A2":"ES","WB_A3":"ESP","WOE_ID":23424950,"WOE_ID_EH":23424950,"WOE_NOTE":"Exact WOE match as country","ADM0_ISO":"ESP","ADM0_DIFF":null,"ADM0_TLC":"ESP","ADM0_A3_US":"ESP","ADM0_A3_FR":"ESP","ADM0_A3_RU":"ESP","ADM0_A3_ES":"ESP","ADM0_A3_CN":"ESP","ADM0_A3_TW":"ESP","ADM0_A3_IN":"ESP","ADM0_A3_NP":"ESP","ADM0_A3_PK":"ESP","ADM0_A3_DE":"ESP","ADM0_A3_GB":"ESP","ADM0_A3_BR":"ESP","ADM0_A3_IL":"ESP","ADM0_A3_PS":"ESP","ADM0_A3_SA":"ESP","ADM0_A3_EG":"ESP","ADM0_A3_MA":"ESP","ADM0_A3_PT":"ESP","ADM0_A3_AR":"ESP","ADM0_A3_JP":"ESP","ADM0_A3_KO":"ESP","ADM0_A3_VN":"ESP","ADM0_A3_TR":"ESP","ADM0_A3_ID":"ESP","ADM0_A3_PL":"ESP","ADM0_A3_GR":"ESP","ADM0_A3_IT":"ESP","ADM0_A3_NL":"ESP","ADM0_A3_SE":"ESP","ADM0_A3_BD":"ESP","ADM0_A3_UA":"ESP","ADM0_A3_UN":-99,"ADM0_A3_WB":-99,"CONTINENT":"Europe","REGION_UN":"Europe","SUBREGION":"Southern Europe","REGION_WB":"Europe & Central Asia","NAME_LEN":5,"LONG_LEN":5,"ABBREV_LEN":3,"TINY":-99,"HOMEPART":1,"MIN_ZOOM":0,"MIN_LABEL":2,"MAX_LABEL":7,"LABEL_X":-3.464718,"LABEL_Y":40.090953,"NE_ID":1159320587,"WIKIDATAID":"Q29","NAME_AR":"إسبانيا","NAME_BN":"স্পেন","NAME_DE":"Spanien","NAME_EN":"Spain","NAME_ES":"España","NAME_FA":"اسپانیا","NAME_FR":"Espagne","NAME_EL":"Ισπανία","NAME_HE":"ספרד","NAME_HI":"स्पेन","NAME_HU":"Spanyolország","NAME_ID":"Spanyol","NAME_IT":"Spagna","NAME_JA":"スペイン","NAME_KO":"스페인","NAME_NL":"Spanje","NAME_PL":"Hiszpania","NAME_PT":"Espanha","NAME_RU":"Испания","NAME_SV":"Spanien","NAME_TR":"İspanya","NAME_UK":"Іспанія","NAME_UR":"ہسپانیہ","NAME_VI":"Tây Ban Nha","NAME_ZH":"西班牙","NAME_ZHT":"西班牙","FCLASS_ISO":"Admin-0 country","TLC_DIFF":null,"FCLASS_TLC":"Admin-0 country","FCLASS_US":null,"FCLASS_FR":null,"FCLASS_RU":null,"FCLASS_ES":null,"FCLASS_CN":null,"FCLASS_TW":null,"FCLASS_IN":null,"FCLASS_NP":null,"FCLASS_PK":null,"FCLASS_DE":null,"FCLASS_GB":null,"FCLASS_BR":null,"FCLASS_IL":null,"FCLASS_PS":null,"FCLASS_SA":null,"FCLASS_EG":null,"FCLASS_MA":null,"FCLASS_PT":null,"FCLASS_AR":null,"FCLASS_JP":null,"FCLASS_KO":null,"FCLASS_VN":null,"FCLASS_TR":null,"FCLASS_ID":null,"FCLASS_PL":null,"FCLASS_GR":null,"FCLASS_IT":null,"FCLASS_NL":null,"FCLASS_SE":null,"FCLASS_BD":null,"FCLASS_UA":null},"geometry":{"type":"Polygon","coordinates":[[[-7.453726,34.74814027241464],[-7.537105,35.01975823995321],[-7.166508,35.32628043113055],[-7.029281,35.547787106117994],[-7.374092,35.78931030907023],[-7.098037,36.32047166404407],[-7.498632000000001,36.801997882753135],[-7.066592,36.867884797345674],[-7.026413,37.24506349654506],[-6.86402,37.3614743462684],[-6.851127,37.97903670524709],[-6.389088,38.19212695476325],[-6.668605999999999,38.58526536799195],[-7.251309,38.61258695036186],[-7.422513,38.51385305681257],[-8.013175,38.51292270868955],[-8.263857,38.89498542611241],[-8.671946,38.78143452344307],[-9.034818,38.58306412087385],[-8.984433,39.13763639249852],[-9.392884,39.473339521716134],[-7.97819,40.0282112531734],[-6.754492,39.88991186918448],[-5.411886,39.894769334597534],[-4.347843,39.76360920430967],[-3.5175319999999997,39.803916722907395],[-1.901351,39.77848405341372],[-1.502771,39.47904300829927],[0.338047,39.12737480961473],[0.7015910000000001,39.2948818280401],[1.826793,38.94393594646453],[2.985999,39.044685447491354],[3.0394840000000003,38.59209146272141],[2.091842,38.069632568657305],[0.810525,37.90305009458754],[0.721331,37.63712379957673],[0.106692,37.19681514288008],[-0.278711,36.54566925043507],[0.111291,36.08520399387276],[-0.46712399999999993,35.72382738249674],[-0.6833889999999999,35.19437702166576],[-1.438382,35.03135380906708],[-2.146453,34.399314266467044],[-3.4157810000000004,34.38673518796039],[-4.368901,34.40236303028628],[-4.995219,34.110491470187824],[-5.37716,33.79706337849934],[-5.866432,33.86598225567563],[-6.236694,34.14606050059718],[-6.520191,34.62078686249219],[-7.453726,34.74814027241464]]]}},{"type":"Feature","bbox":[-9.977086,51.669301,-6.032985,55.131622],"properties":{"featurecla":"Admin-0 country","scalerank":1,"LABELRANK":3,"SOVEREIGNT":"Ireland","SOV_A3":"IRL","ADM0_DIF":0,"LEVEL":2,"TYPE":"Sovereign country","TLC":"1","ADMIN":"Ireland","ADM0_A3":"IRL","GEOU_DIF":0,"GEOUNIT":"Ireland","GU_A3":"IRL","SU_DIF":0,"SUBUNIT":"Ireland","SU_A3":"IRL","BRK_DIFF":0,"NAME":"Ireland","NAME_LONG":"Ireland","BRK_A3":"IRL","BRK_NAME":"Ireland","BRK_GROUP":null,"ABBREV":"Ire.","POSTAL":"IRL","FORMAL_EN":"Ireland","FORMAL_FR":null,"NAME_CIAWF":"Ireland","NOTE_ADM0":null,"NOTE_BRK":null,"NAME_SORT":"Ireland","NAME_ALT":null,"MAPCOLOR7":2,"MAPCOLOR8":3,"MAPCOLOR9":2,"MAPCOLOR13":2,"POP_EST":4941444,"POP_RANK":12,"POP_YEAR":2019,"GDP_MD":388698,"GDP_YEAR":2019,"ECONOMY":"2. Developed region: nonG7","INCOME_GRP":"1. High income: OECD","FIPS_10":"EI","ISO_A2":"IE","ISO_A2_EH":"IE","ISO_A3":"IRL","ISO_A3_EH":"IRL","ISO_N3":"372","ISO_N3_EH":"372","UN_A3":"372","WB_A2":"IE","WB_A3":"IRL","WOE_ID":23424803,"WOE_ID_EH":23424803,"WOE_NOTE":"Exact WOE match as country","ADM0_ISO":"IRL","ADM0_DIFF":null,"ADM0_TLC":"IRL","ADM0_A3_US":"IRL","ADM0_A3_FR":"IRL","ADM0_A3_RU":"IRL","ADM0_A3_ES":"IRL","ADM0_A3_CN":"IRL","ADM0_A3_TW":"IRL","ADM0_A3_IN":"IRL","ADM0_A3_NP":"IRL","ADM0_A3_PK":"IRL","ADM0_A3_DE":"IRL","ADM0_A3_GB":"IRL","ADM0_A3_BR":"IRL","ADM0_A3_IL":"IRL","ADM0_A3_PS":"IRL","ADM0_A3_SA":"IRL","ADM0_A3_EG":"IRL","ADM0_A3_MA":"IRL","ADM0_A3_PT":"IRL","ADM0_A3_AR":"IRL","ADM0_A3_JP":"IRL","ADM0_A3_KO":"IRL","ADM0_A3_VN":"IRL","ADM0_A3_TR":"IRL","ADM0_A3_ID":"IRL","ADM0_A3_PL":"IRL","ADM0_A3_GR":"IRL","ADM0_A3_IT":"IRL","ADM0_A3_NL":"IRL","ADM0_A3_SE":"IRL","ADM0_A3_BD":"IRL","ADM0_A3_UA":"IRL","ADM0_A3_UN":-99,"ADM0_A3_WB":-99,"CONTINENT":"Europe","REGION_UN":"Europe","SUBREGION":"Northern Europe","REGION_WB":"Europe & Central Asia","NAME_LEN":7,"LONG_LEN":7,"ABBREV_LEN":4,"TINY":-99,"HOMEPART":1,"MIN_ZOOM":0,"MIN_LABEL":3,"MAX_LABEL":8,"LABEL_X":-7.798588,"LABEL_Y":53.078726,"NE_ID":1159320877,"WIKIDATAID":"Q27","NAME_AR":"جمهورية أيرلندا","NAME_BN":"প্রজাতন্ত্রী আয়ারল্যান্ড","NAME_DE":"Irland","NAME_EN":"Ireland","NAME_ES":"Irlanda","NAME_FA":"ایرلند","NAME_FR":"Irlande","NAME_EL":"Δημοκρατία της Ιρλανδίας","NAME_HE":"אירלנד","NAME_HI":"आयरलैण्ड","NAME_HU":"Írország","NAME_ID":"Republik Irlandia","NAME_IT":"Irlanda","NAME_JA":"アイルランド","NAME_KO":"아일랜드","NAME_NL":"Ierland","NAME_PL":"Irlandia","NAME_PT":"República da Irlanda","NAME_RU":"Ирландия","NAME_SV":"Irland","NAME_TR":"İrlanda","NAME_UK":"Ірландія","NAME_UR":"جمہوریہ آئرلینڈ","NAME_VI":"Cộng hòa Ireland","NAME_ZH":"爱尔兰","NAME_ZHT":"愛爾蘭","FCLASS_ISO":"Admin-0 country","TLC_DIFF":null,"FCLASS_TLC":"Admin-0 country","FCLASS_US":null,"FCLASS_FR":null,"FCLASS_RU":null,"FCLASS_ES":null,"FCLASS_CN":null,"FCLASS_TW":null,"FCLASS_IN":null,"FCLASS_NP":null,"FCLASS_PK":null,"FCLASS_DE":null,"FCLASS_GB":null,"FCLASS_BR":null,"FCLASS_IL":null,"FCLASS_PS":null,"FCLASS_SA":null,"FCLASS_EG":null,"FCLASS_MA":null,"FCLASS_PT":null,"FCLASS_AR":null,"FCLASS_JP":null,"FCLASS_KO":null,"FCLASS_VN":null,"FCLASS_TR":null,"FCLASS_ID":null,"FCLASS_PL":null,"FCLASS_GR":null,"FCLASS_IT":null,"FCLASS_NL":null,"FCLASS_SE":null,"FCLASS_BD":null,"FCLASS_UA":null},"geometry":{"type":"Polygon","coordinates":[[[-6.197885,47.33246034021082],[-6.032985,46.846059421927436],[-6.788857,46.23177676987968],[-8.561617,45.82156141974545],[-9.977086,45.92680028042045],[-9.166283,46.64835021508035],[-9.688525,47.34181101297017],[-8.327987,47.869829868825526],[-7.572167999999999,48.18222372418173],[-7.366031,47.82373900505536],[-7.572167999999999,47.46269108258095],[-6.95373,47.47198352148713],[-6.197885,47.33246034021082]]]}},{"type":"Feature","bbox":[164.029606,-22.399976,167.120011,-20.105646],"properties":{"featurecla":"Admin-0 country","scalerank":1,"LABELRANK":3,"SOVEREIGNT":"France","SOV_A3":"FR1","ADM0_DIF":1,"LEVEL":2,"TYPE":"Dependency","TLC":"1","ADMIN":"New Caledonia","ADM0_A3":"NCL","GEOU_DIF":0,"GEOUNIT":"New Caledonia","GU_A3":"NCL","SU_DIF":0,"SUBUNIT":"New Caledonia","SU_A3":"NCL","BRK_DIFF":0,"NAME":"New Caledonia","NAME_LONG":"New Caledonia","BRK_A3":"NCL","BRK_NAME":"New Caledonia","BRK_GROUP":null,"ABBREV":"New C.","POSTAL":"NC","FORMAL_EN":"New Caledonia","FORMAL_FR":"Nouvelle-Calédonie","NAME_CIAWF":"New Caledonia","NOTE_ADM0":"Fr.","NOTE_BRK":null,"NAME_SORT":"New Caledonia","NAME_ALT":null,"MAPCOLOR7":7,"MAPCOLOR8":5,"MAPCOLOR9":9,"MAPCOLOR13":11,"POP_EST":287800,"POP_RANK":10,"POP_YEAR":2019,"GDP_MD":10770,"GDP_YEAR":2016,"ECONOMY":"6. Developing region","INCOME_GRP":"2. High income: nonOECD","FIPS_10":"NC","ISO_A2":"NC","ISO_A2_EH":"NC","ISO_A3":"NCL","ISO_A3_EH":"NCL","ISO_N3":"540","ISO_N3_EH":"540","UN_A3":"540","WB_A2":"NC","WB_A3":"NCL","WOE_ID":23424903,"WOE_ID_EH":23424903,"WOE_NOTE":"Exact WOE match as country","ADM0_ISO":"NCL","ADM0_DIFF":null,"ADM0_TLC":"NCL","ADM0_A3_US":"NCL","ADM0_A3_FR":"NCL","ADM0_A3_RU":"NCL","ADM0_A3_ES":"NCL","ADM0_A3_CN":"NCL","ADM0_A3_TW":"NCL","ADM0_A3_IN":"NCL","ADM0_A3_NP":"NCL","ADM0_A3_PK":"NCL","ADM0_A3_DE":"NCL","ADM0_A3_GB":"NCL","ADM0_A3_BR":"NCL","ADM0_A3_IL":"NCL","ADM0_A3_PS":"NCL","ADM0_A3_SA":"NCL","ADM0_A3_EG":"NCL","ADM0_A3_MA":"NCL","ADM0_A3_PT":"NCL","ADM0_A3_AR":"NCL","ADM0_A3_JP":"NCL","ADM0_A3_KO":"NCL","ADM0_A3_VN":"NCL","ADM0_A3_TR":"NCL","ADM0_A3_ID":"NCL","ADM0_A3_PL":"NCL","ADM0_A3_GR":"NCL","ADM0_A3_IT":"NCL","ADM0_A3_NL":"NCL","ADM0_A3_SE":"NCL","ADM0_A3_BD":"NCL","ADM0_A3_UA":"NCL","ADM0_A3_UN":-99,"ADM0_A3_WB":-99,"CONTINENT":"Oceania","REGION_UN":"Oceania","SUBREGION":"Melanesia","REGION_WB":"East Asia & Pacific","NAME_LEN":13,"LONG_LEN":13,"ABBREV_LEN":6,"TINY":-99,"HOMEPART":-99,"MIN_ZOOM":0,"MIN_LABEL":4.6,"MAX_LABEL":8,"LABEL_X":165.084004,"LABEL_Y":-21.064697,"NE_ID":1159320641,"WIKIDATAID":"Q33788","NAME_AR":"كاليدونيا الجديدة","NAME_BN":"নতুন ক্যালিডোনিয়া","NAME_DE":"Neukaledonien","NAME_EN":"New Caledonia","NAME_ES":"Nueva Caledonia","NAME_FA":"کالدونیای جدید","NAME_FR":"Nouvelle-Calédonie","NAME_EL":"Νέα Καληδονία","NAME_HE":"קלדוניה החדשה","NAME_HI":"नया कैलेडोनिया","NAME_HU":"Új-Kaledónia","NAME_ID":"Kaledonia Baru","NAME_IT":"Nuova Caledonia","NAME_JA":"ニューカレドニア","NAME_KO":"누벨칼레도니","NAME_NL":"Nieuw-Caledonië","NAME_PL":"Nowa Kaledonia","NAME_PT":"Nova Caledónia","NAME_RU":"Новая Каледония","NAME_SV":"Nya Kaledonien","NAME_TR":"Yeni Kaledonya","NAME_UK":"Нова Каледонія","NAME_UR":"نیو کیلیڈونیا","NAME_VI":"Nouvelle-Calédonie","NAME_ZH":"新喀里多尼亚","NAME_ZHT":"新喀里多尼亞","FCLASS_ISO":"Admin-0 dependency","TLC_DIFF":null,"FCLASS_TLC":"Admin-0 dependency","FCLASS_US":null,"FCLASS_FR":null,"FCLASS_RU":null,"FCLASS_ES":null,"FCLASS_CN":null,"FCLASS_TW":null,"FCLASS_IN":null,"FCLASS_NP":null,"FCLASS_PK":null,"FCLASS_DE":null,"FCLASS_GB":null,"FCLASS_BR":null,"FCLASS_IL":null,"FCLASS_PS":null,"FCLASS_SA":null,"FCLASS_EG":null,"FCLASS_MA":null,"FCLASS_PT":null,"FCLASS_AR":null,"FCLASS_JP":null,"FCLASS_KO":null,"FCLASS_VN":null,"FCLASS_TR":null,"FCLASS_ID":null,"FCLASS_PL":null,"FCLASS_GR":null,"FCLASS_IT":null,"FCLASS_NL":null,"FCLASS_SE":null,"FCLASS_BD":null,"FCLASS_UA":null},"geometry":{"type":"Polygon","coordinates":[[[165.77999,-20.619920337736186],[166.599991,-21.199100283578606],[167.120011,-21.627319879218543],[166.740035,-21.85023746669915],[166.189732,-21.599166035674184],[165.474375,-21.180068348712002],[164.829815,-20.685248758132573],[164.167995,-20.024207222805],[164.029606,-19.705284137964586],[164.45996700000003,-19.718808285312193],[165.020036,-20.038529040510532],[165.460009,-20.357649153092385],[165.77999,-20.619920337736186]]]}},{"type":"Feature","bbox":[156.491358,-10.826367,162.398646,-6.599338],"properties":{"featurecla":"Admin-0 country","scalerank":1,"LABELRANK":3,"SOVEREIGNT":"Solomon Islands","SOV_A3":"SLB","ADM0_DIF":0,"LEVEL":2,"TYPE":"Sovereign country","TLC":"1","ADMIN":"Solomon Islands","ADM0_A3":"SLB","GEOU_DIF":0,"GEOUNIT":"Solomon Islands","GU_A3":"SLB","SU_DIF":0,"SUBUNIT":"Solomon Islands","SU_A3":"SLB","BRK_DIFF":0,"NAME":"Solomon Is.","NAME_LONG":"Solomon Islands","BRK_A3":"SLB","BRK_NAME":"Solomon Is.","BRK_GROUP":null,"ABBREV":"S. Is.","POSTAL":"SB","FORMAL_EN":null,"FORMAL_FR":null,"NAME_CIAWF":"Solomon Islands","NOTE_ADM0":null,"NOTE_BRK":null,"NAME_SORT":"Solomon Islands","NAME_ALT":null,"MAPCOLOR7":1,"MAPCOLOR8":4,"MAPCOLOR9":1,"MAPCOLOR13":6,"POP_EST":669823,"POP_RANK":11,"POP_YEAR":2019,"GDP_MD":1589,"GDP_YEAR":2019,"ECONOMY":"7. Least developed region","INCOME_GRP":"4. Lower middle income","FIPS_10":"BP","ISO_A2":"SB","ISO_A2_EH":"SB","ISO_A3":"SLB","ISO_A3_EH":"SLB","ISO_N3":"090","ISO_N3_EH":"090","UN_A3":"090","WB_A2":"SB","WB_A3":"SLB","WOE_ID":23424766,"WOE_ID_EH":23424766,"WOE_NOTE":"Exact WOE match as country","ADM0_ISO":"SLB","ADM0_DIFF":null,"ADM0_TLC":"SLB","ADM0_A3_US":"SLB","ADM0_A3_FR":"SLB","ADM0_A3_RU":"SLB","ADM0_A3_ES":"SLB","ADM0_A3_CN":"SLB","ADM0_A3_TW":"SLB","ADM0_A3_IN":"SLB","ADM0_A3_NP":"SLB","ADM0_A3_PK":"SLB","ADM0_A3_DE":"SLB","ADM0_A3_GB":"SLB","ADM0_A3_BR":"SLB","ADM0_A3_IL":"SLB","ADM0_A3_PS":"SLB","ADM0_A3_SA":"SLB","ADM0_A3_EG":"SLB","ADM0_A3_MA":"SLB","ADM0_A3_PT":"SLB","ADM0_A3_AR":"SLB","ADM0_A3_JP":"SLB","ADM0_A3_KO":"SLB","ADM0_A3_VN":"SLB","ADM0_A3_TR":"SLB","ADM0_A3_ID":"SLB","ADM0_A3_PL":"SLB","ADM0_A3_GR":"SLB","ADM0_A3_IT":"SLB","ADM0_A3_NL":"SLB","ADM0_A3_SE":"SLB","ADM0_A3_BD":"SLB","ADM0_A3_UA":"SLB","ADM0_A3_UN":-99,"ADM0_A3_WB":-99,"CONTINENT":"Oceania","REGION_UN":"Oceania","SUBREGION":"Melanesia","REGION_WB":"East Asia & Pacific","NAME_LEN":11,"LONG_LEN":15,"ABBREV_LEN":6,"TINY":-99,"HOMEPART":1,"MIN_ZOOM":0,"MIN_LABEL":3,"MAX_LABEL":8,"LABEL_X":159.170468,"LABEL_Y":-8.029548,"NE_ID":1159321249,"WIKIDATAID":"Q685","NAME_AR":"جزر سليمان","NAME_BN":"সলোমন দ্বীপপুঞ্জ","NAME_DE":"Salomonen","NAME_EN":"Solomon Islands","NAME_ES":"Islas Salomón","NAME_FA":"جزایر سلیمان","NAME_FR":"Îles Salomon","NAME_EL":"Νησιά Σολομώντα","NAME_HE":"איי שלמה","NAME_HI":"सोलोमन द्वीपसमूह","NAME_HU":"Salamon-szigetek","NAME_ID":"Kepulauan Solomon","NAME_IT":"Isole Salomone","NAME_JA":"ソロモン諸島","NAME_KO":"솔로몬 제도","NAME_NL":"Salomonseilanden","NAME_PL":"Wyspy Salomona","NAME_PT":"Ilhas Salomão","NAME_RU":"Соломоновы Острова","NAME_SV":"Salomonöarna","NAME_TR":"Solomon Adaları","NAME_UK":"Соломонові Острови","NAME_UR":"جزائر سلیمان","NAME_VI":"Quần đảo Solomon","NAME_ZH":"所罗门群岛","NAME_ZHT":"索羅門群島","FCLASS_ISO":"Admin-0 country","TLC_DIFF":null,"FCLASS_TLC":"Admin-0 country","FCLASS_US":null,"FCLASS_FR":null,"FCLASS_RU":null,"FCLASS_ES":null,"FCLASS_CN":null,"FCLASS_TW":null,"FCLASS_IN":null,"FCLASS_NP":null,"FCLASS_PK":null,"FCLASS_DE":null,"FCLASS_GB":null,"FCLASS_BR":null,"FCLASS_IL":null,"FCLASS_PS":null,"FCLASS_SA":null,"FCLASS_EG":null,"FCLASS_MA":null,"FCLASS_PT":null,"FCLASS_AR":null,"FCLASS_JP":null,"FCLASS_KO":null,"FCLASS_VN":null,"FCLASS_TR":null,"FCLASS_ID":null,"FCLASS_PL":null,"FCLASS_GR":null,"FCLASS_IT":null,"FCLASS_NL":null,"FCLASS_SE":null,"FCLASS_BD":null,"FCLASS_UA":null},"geometry":{"type":"MultiPolygon","coordinates":[[[[162.119025,-10.424721277956337],[162.398646,-10.762511562313007],[161.70003200000002,-10.756267301955477],[161.319797,-10.151222570762894],[161.917383,-10.389295796918434],[162.119025,-10.424721277956337]]],[[[161.67998200000002,-9.555377284763361],[161.52939700000002,-9.737100986180621],[160.788253,-8.881756475751585],[160.57999699999996,-8.290922370764804],[160.920028,-8.290922370764804],[161.280006,-9.081741731013684],[161.67998200000002,-9.555377284763361]]],[[[160.852229,-9.824437810334075],[160.462588,-9.846383453116447],[159.849447,-9.746675896107503],[159.640003,-9.594818048853785],[159.702945,-9.203118940760914],[160.362956,-9.358413112757585],[160.688518,-9.565415895480351],[160.852229,-9.824437810334075]]],[[[159.640003,-7.993964832533163],[159.875027,-8.308052073996928],[159.917402,-8.506862207941015],[159.133677,-8.087193217663208],[158.586114,-7.73125525927405],[158.21115,-7.401202637541186],[158.35997800000004,-7.300185724909298],[158.820001,-7.538161395184423],[159.640003,-7.993964832533163]]],[[[157.14,-7.00412775599919],[157.53842600000002,-7.327761511544439],[157.33942,-7.384239822637535],[156.90203,-7.158179651849759],[156.491358,-6.7502726774210435],[156.54282800000001,-6.584794552593842],[157.14,-7.00412775599919]]]]}},{"type":"Feature","bbox":[166.509144,-46.641235,178.517094,-34.450662],"properties":{"featurecla":"Admin-0 country","scalerank":1,"LABELRANK":2,"SOVEREIGNT":"New Zealand","SOV_A3":"NZ1","ADM0_DIF":1,"LEVEL":2,"TYPE":"Country","TLC":"1","ADMIN":"New Zealand","ADM0_A3":"NZL","GEOU_DIF":0,"GEOUNIT":"New Zealand","GU_A3":"NZL","SU_DIF":0,"SUBUNIT":"New Zealand","SU_A3":"NZL","BRK_DIFF":0,"NAME":"New Zealand","NAME_LONG":"New Zealand","BRK_A3":"NZL","BRK_NAME":"New Zealand","BRK_GROUP":null,"ABBREV":"N.Z.","POSTAL":"NZ","FORMAL_EN":"New Zealand","FORMAL_FR":null,"NAME_CIAWF":"New Zealand","NOTE_ADM0":null,"NOTE_BRK":null,"NAME_SORT":"New Zealand","NAME_ALT":null,"MAPCOLOR7":3,"MAPCOLOR8":3,"MAPCOLOR9":4,"MAPCOLOR13":4,"POP_EST":4917000,"POP_RANK":12,"POP_YEAR":2019,"GDP_MD":206928,"GDP_YEAR":2019,"ECONOMY":"2. Developed region: nonG7","INCOME_GRP":"1. High income: OECD","FIPS_10":"NZ","ISO_A2":"NZ","ISO_A2_EH":"NZ","ISO_A3":"NZL","ISO_A3_EH":"NZL","ISO_N3":"554","ISO_N3_EH":"554","UN_A3":"554","WB_A2":"NZ","WB_A3":"NZL","WOE_ID":23424916,"WOE_ID_EH":23424916,"WOE_NOTE":"Exact WOE match as country","ADM0_ISO":"NZL","ADM0_DIFF":null,"ADM0_TLC":"NZL","ADM0_A3_US":"NZL","ADM0_A3_FR":"NZL","ADM0_A3_RU":"NZL","ADM0_A3_ES":"NZL","ADM0_A3_CN":"NZL","ADM0_A3_TW":"NZL","ADM0_A3_IN":"NZL","ADM0_A3_NP":"NZL","ADM0_A3_PK":"NZL","ADM0_A3_DE":"NZL","ADM0_A3_GB":"NZL","ADM0_A3_BR":"NZL","ADM0_A3_IL":"NZL","ADM0_A3_PS":"NZL","ADM0_A3_SA":"NZL","ADM0_A3_EG":"NZL","ADM0_A3_MA":"NZL","ADM0_A3_PT":"NZL","ADM0_A3_AR":"NZL","ADM0_A3_JP":"NZL","ADM0_A3_KO":"NZL","ADM0_A3_VN":"NZL","ADM0_A3_TR":"NZL","ADM0_A3_ID":"NZL","ADM0_A3_PL":"NZL","ADM0_A3_GR":"NZL","ADM0_A3_IT":"NZL","ADM0_A3_NL":"NZL","ADM0_A3_SE":"NZL","ADM0_A3_BD":"NZL","ADM0_A3_UA":"NZL","ADM0_A3_UN":-99,"ADM0_A3_WB":-99,"CONTINENT":"Oceania","REGION_UN":"Oceania","SUBREGION":"Australia and New Zealand","REGION_WB":"East Asia & Pacific","NAME_LEN":11,"LONG_LEN":11,"ABBREV_LEN":4,"TINY":-99,"HOMEPART":1,"MIN_ZOOM":0,"MIN_LABEL":2,"MAX_LABEL":6.7,"LABEL_X":172.787,"LABEL_Y":-39.759,"NE_ID":1159321135,"WIKIDATAID":"Q664","NAME_AR":"نيوزيلندا","NAME_BN":"নিউজিল্যান্ড","NAME_DE":"Neuseeland","NAME_EN":"New Zealand","NAME_ES":"Nueva Zelanda","NAME_FA":"نیوزیلند","NAME_FR":"Nouvelle-Zélande","NAME_EL":"Νέα Ζηλανδία","NAME_HE":"ניו זילנד","NAME_HI":"न्यूज़ीलैण्ड","NAME_HU":"Új-Zéland","NAME_ID":"Selandia Baru","NAME_IT":"Nuova Zelanda","NAME_JA":"ニュージーランド","NAME_KO":"뉴질랜드","NAME_NL":"Nieuw-Zeeland","NAME_PL":"Nowa Zelandia","NAME_PT":"Nova Zelândia","NAME_RU":"Новая Зеландия","NAME_SV":"Nya Zeeland","NAME_TR":"Yeni Zelanda","NAME_UK":"Нова Зеландія","NAME_UR":"نیوزی لینڈ","NAME_VI":"New Zealand","NAME_ZH":"新西兰","NAME_ZHT":"新西蘭","FCLASS_ISO":"Admin-0 country","TLC_DIFF":null,"FCLASS_TLC":"Admin-0 country","FCLASS_US":null,"FCLASS_FR":null,"FCLASS_RU":null,"FCLASS_ES":null,"FCLASS_CN":null,"FCLASS_TW":null,"FCLASS_IN":null,"FCLASS_NP":null,"FCLASS_PK":null,"FCLASS_DE":null,"FCLASS_GB":null,"FCLASS_BR":null,"FCLASS_IL":null,"FCLASS_PS":null,"FCLASS_SA":null,"FCLASS_EG":null,"FCLASS_MA":null,"FCLASS_PT":null,"FCLASS_AR":null,"FCLASS_JP":null,"FCLASS_KO":null,"FCLASS_VN":null,"FCLASS_TR":null,"FCLASS_ID":null,"FCLASS_PL":null,"FCLASS_GR":null,"FCLASS_IT":null,"FCLASS_NL":null,"FCLASS_SE":null,"FCLASS_BD":null,"FCLASS_UA":null},"geometry":{"type":"MultiPolygon","coordinates":[[[[176.88582400000004,-37.15063539376266],[176.508017,-37.57888886138806],[176.01244,-38.11963415352568],[175.23956700000002,-38.43261400337776],[175.067898,-38.22676303134662],[174.650973,-38.11349509178587],[175.22763,-37.46343160763697],[174.900157,-37.025359036909734],[173.824047,-36.70527753648969],[173.852262,-36.41430445578572],[174.57480199999998,-36.13300640370325],[174.743474,-35.508759130536994],[174.69701699999996,-34.98062334379349],[174.292028,-34.42979525562823],[174.31900399999998,-34.28427959296028],[173.84099700000002,-33.942475702787135],[173.054171,-33.205246596390495],[172.636005,-32.61083950934837],[173.00704199999998,-32.5447369583205],[173.551298,-33.01180109515187],[174.32939000000002,-33.22898179508845],[174.612009,-33.97102237883337],[175.33661599999996,-34.839549195890456],[175.35759600000003,-34.27714872812161],[175.808887,-34.50222423818437],[175.95849,-35.12327229483003],[176.76319500000002,-35.38937086452381],[177.438813,-35.45455923581726],[178.01035400000004,-35.14326216423407],[178.517094,-35.237692670205014],[178.274731,-35.959274823555816],[177.97046000000003,-36.43018931434229],[177.206993,-36.413639733059824],[176.939981,-36.657866806072214],[177.032946,-37.00221079199903],[176.88582400000004,-37.15063539376266]]],[[[169.667815,-39.88025652921772],[170.52492,-39.47724764530767],[171.12509,-39.07554219440992],[171.569714,-38.49456211031944],[171.948709,-38.296269830263356],[172.097227,-37.85677505216495],[172.79858,-37.490990001275534],[173.020375,-37.827514941620265],[173.24723400000002,-38.1529639522896],[173.958405,-37.833556337920704],[174.247587,-38.16645357044209],[174.248517,-38.496584494069936],[173.876447,-38.858174065943054],[173.22274,-39.429645146579844],[172.71124599999996,-39.73965189145621],[173.080113,-40.10856987615202],[172.30858399999997,-40.11801480966885],[171.45292499999996,-40.405569035077384],[171.185138,-40.902172056269166],[170.616697,-41.662511485206146],[169.831422,-41.995472484615384],[169.332331,-42.20727200700574],[168.411354,-42.191500124046364],[167.76374499999997,-41.94671640584703],[166.676886,-41.89442304869724],[166.509144,-41.620494338251405],[167.04642400000003,-41.06359865309118],[168.303763,-40.3152386619829],[168.949409,-40.171619570101285],[169.667815,-39.88025652921772]]]]}},{"type":"Feature","bbox":[113.338953,-43.634597,153.569469,-10.668186],"properties":{"featurecla":"Admin-0 country","scalerank":1,"LABELRANK":2,"SOVEREIGNT":"Australia","SOV_A3":"AU1","ADM0_DIF":1,"LEVEL":2,"TYPE":"Country","TLC":"1","ADMIN":"Australia","ADM0_A3":"AUS","GEOU_DIF":0,"GEOUNIT":"Australia","GU_A3":"AUS","SU_DIF":0,"SUBUNIT":"Australia","SU_A3":"AUS","BRK_DIFF":0,"NAME":"Australia","NAME_LONG":"Australia","BRK_A3":"AUS","BRK_NAME":"Australia","BRK_GROUP":null,"ABBREV":"Auz.","POSTAL":"AU","FORMAL_EN":"Commonwealth of Australia","FORMAL_FR":null,"NAME_CIAWF":"Australia","NOTE_ADM0":null,"NOTE_BRK":null,"NAME_SORT":"Australia","NAME_ALT":null,"MAPCOLOR7":1,"MAPCOLOR8":2,"MAPCOLOR9":2,"MAPCOLOR13":7,"POP_EST":25364307,"POP_RANK":15,"POP_YEAR":2019,"GDP_MD":1396567,"GDP_YEAR":2019,"ECONOMY":"2. Developed region: nonG7","INCOME_GRP":"1. High income: OECD","FIPS_10":"AS","ISO_A2":"AU","ISO_A2_EH":"AU","ISO_A3":"AUS","ISO_A3_EH":"AUS","ISO_N3":"036","ISO_N3_EH":"036","UN_A3":"036","WB_A2":"AU","WB_A3":"AUS","WOE_ID":-90,"WOE_ID_EH":23424748,"WOE_NOTE":"Includes Ashmore and Cartier Islands (23424749) and Coral Sea Islands (23424790).","ADM0_ISO":"AUS","ADM0_DIFF":null,"ADM0_TLC":"AUS","ADM0_A3_US":"AUS","ADM0_A3_FR":"AUS","ADM0_A3_RU":"AUS","ADM0_A3_ES":"AUS","ADM0_A3_CN":"AUS","ADM0_A3_TW":"AUS","ADM0_A3_IN":"AUS","ADM0_A3_NP":"AUS","ADM0_A3_PK":"AUS","ADM0_A3_DE":"AUS","ADM0_A3_GB":"AUS","ADM0_A3_BR":"AUS","ADM0_A3_IL":"AUS","ADM0_A3_PS":"AUS","ADM0_A3_SA":"AUS","ADM0_A3_EG":"AUS","ADM0_A3_MA":"AUS","ADM0_A3_PT":"AUS","ADM0_A3_AR":"AUS","ADM0_A3_JP":"AUS","ADM0_A3_KO":"AUS","ADM0_A3_VN":"AUS","ADM0_A3_TR":"AUS","ADM0_A3_ID":"AUS","ADM0_A3_PL":"AUS","ADM0_A3_GR":"AUS","ADM0_A3_IT":"AUS","ADM0_A3_NL":"AUS","ADM0_A3_SE":"AUS","ADM0_A3_BD":"AUS","ADM0_A3_UA":"AUS","ADM0_A3_UN":-99,"ADM0_A3_WB":-99,"CONTINENT":"Oceania","REGION_UN":"Oceania","SUBREGION":"Australia and New Zealand","REGION_WB":"East Asia & Pacific","NAME_LEN":9,"LONG_LEN":9,"ABBREV_LEN":4,"TINY":-99,"HOMEPART":1,"MIN_ZOOM":0,"MIN_LABEL":1.7,"MAX_LABEL":5.7,"LABEL_X":134.04972,"LABEL_Y":-24.129522,"NE_ID":1159320355,"WIKIDATAID":"Q408","NAME_AR":"أستراليا","NAME_BN":"অস্ট্রেলিয়া","NAME_DE":"Australien","NAME_EN":"Australia","NAME_ES":"Australia","NAME_FA":"استرالیا","NAME_FR":"Australie","NAME_EL":"Αυστραλία","NAME_HE":"אוסטרליה","NAME_HI":"ऑस्ट्रेलिया","NAME_HU":"Ausztrália","NAME_ID":"Australia","NAME_IT":"Australia","NAME_JA":"オーストラリア","NAME_KO":"오스트레일리아","NAME_NL":"Australië","NAME_PL":"Australia","NAME_PT":"Austrália","NAME_RU":"Австралия","NAME_SV":"Australien","NAME_TR":"Avustralya","NAME_UK":"Австралія","NAME_UR":"آسٹریلیا","NAME_VI":"Úc","NAME_ZH":"澳大利亚","NAME_ZHT":"澳大利亞","FCLASS_ISO":"Admin-0 country","TLC_DIFF":null,"FCLASS_TLC":"Admin-0 country","FCLASS_US":null,"FCLASS_FR":null,"FCLASS_RU":null,"FCLASS_ES":null,"FCLASS_CN":null,"FCLASS_TW":null,"FCLASS_IN":null,"FCLASS_NP":null,"FCLASS_PK":null,"FCLASS_DE":null,"FCLASS_GB":null,"FCLASS_BR":null,"FCLASS_IL":null,"FCLASS_PS":null,"FCLASS_SA":null,"FCLASS_EG":null,"FCLASS_MA":null,"FCLASS_PT":null,"FCLASS_AR":null,"FCLASS_JP":null,"FCLASS_KO":null,"FCLASS_VN":null,"FCLASS_TR":null,"FCLASS_ID":null,"FCLASS_PL":null,"FCLASS_GR":null,"FCLASS_IT":null,"FCLASS_NL":null,"FCLASS_SE":null,"FCLASS_BD":null,"FCLASS_UA":null},"geometry":{"type":"MultiPolygon","coordinates":[[[[147.689259,-37.73995125008829],[148.289068,-37.79305792174196],[148.359865,-38.72509513081306],[148.01730100000003,-38.99341462310507],[147.914052,-39.61591885338951],[147.564564,-39.404654135655896],[146.870343,-39.94106101071779],[146.663327,-39.899843564349865],[146.048378,-39.87597361341543],[145.43193,-39.215932405651884],[145.29509,-38.702595777659404],[144.718071,-38.01959520715202],[144.743755,-37.657438649510325],[145.397978,-37.72752757872504],[146.364121,-38.00001024262082],[146.908584,-37.891855760420285],[147.689259,-37.73995125008829]]],[[[126.148714,-30.6413982728471],[125.08862300000001,-31.081576138547888],[124.22164800000002,-31.27898042806129],[124.028947,-31.72605679447731],[123.659667,-32.07102570019183],[122.81103599999999,-32.091604805105504],[122.18306400000002,-32.16691943705006],[121.299191,-32.01241581087997],[120.580268,-32.10491334409205],[119.89369500000001,-32.1437757090619],[119.298899,-32.59420912529293],[119.007341,-32.556105397227235],[118.505718,-32.794041352437795],[118.024972,-33.06088501711779],[117.295507,-33.0279636648447],[116.625109,-33.027660161837886],[115.564347,-32.49057319319645],[115.026809,-32.33024461625529],[115.048616,-31.844701844222],[115.54512300000002,-31.72895805032191],[115.71467400000002,-31.535098635615817],[115.679379,-31.228441737481585],[115.801645,-30.632016299784514],[115.689611,-30.120748426212995],[115.16090899999999,-29.24255216996233],[114.997043,-28.74322710075873],[115.040038,-28.242595415629598],[114.64197400000002,-27.667681310188176],[114.61649800000002,-27.407138131431516],[114.173579,-27.05296042342233],[114.048884,-26.353197358555516],[113.477498,-25.641675349008363],[113.338953,-25.256480379481758],[113.77835800000001,-25.646986073396462],[113.440962,-24.807735052031898],[113.936901,-25.07065490708036],[114.23285200000001,-25.420881299435326],[114.216161,-24.957421092123067],[113.72125500000001,-24.24154496690849],[113.625344,-23.954026864443684],[113.39352299999999,-23.680301072021418],[113.502044,-23.14952135928515],[113.70699299999998,-22.923014019761787],[113.843418,-22.46151025401237],[113.736552,-21.920295409316477],[114.149756,-21.251172885880752],[114.225307,-21.959265703521396],[114.647762,-21.319788467220963],[115.460167,-21.007993164023844],[115.94737300000001,-20.6093279686457],[116.711615,-20.26542403945993],[117.16631600000001,-20.192157252499424],[117.441545,-20.307836221653442],[118.22955899999998,-19.957918487310764],[118.836085,-19.853647183377202],[118.987807,-19.64742882427532],[119.252494,-19.561458103628457],[119.80522500000001,-19.58366052846898],[120.85622000000001,-19.307564666517987],[121.399856,-18.888048307689672],[121.65513800000001,-18.38163062405742],[122.241665,-17.899196352347122],[122.28662400000002,-17.519060772736857],[122.312772,-16.999906359661342],[123.012574,-16.185532691487932],[123.433789,-17.012903053300906],[123.859345,-16.822014523964867],[123.503242,-16.369170320761867],[123.81707299999998,-15.903096329335185],[124.258287,-16.111324878369267],[124.379726,-15.378996423924528],[124.926153,-14.904117144856247],[125.16727500000002,-14.522356647065164],[125.67008700000001,-14.357411341991027],[125.68579599999998,-14.08656134555325],[126.125149,-14.199709408064773],[126.142823,-13.955904704672992],[126.582589,-13.816893863850238],[127.065867,-13.685935435146108],[127.80463299999998,-14.131416156783343],[128.35969,-14.705023515308001],[128.985543,-14.711620997163859],[129.621473,-14.80232022022893],[129.4096,-14.270786781308823],[129.888641,-13.492248812586146],[130.339466,-13.237999626002756],[130.183506,-12.994662240568358],[130.617795,-12.437544877832849],[131.223495,-12.092853881314243],[131.735091,-12.208996238864597],[132.575298,-12.024781880148893],[132.557212,-11.524507787576653],[131.824698,-11.201731749522141],[132.357224,-11.05920116382977],[133.019561,-11.30238802820591],[133.550846,-11.704253437911474],[134.393068,-11.954669506331273],[134.678632,-11.855663905462114],[135.298491,-12.156361889615477],[135.882693,-11.876297366538406],[136.258381,-11.961495101572199],[136.492475,-11.77346887143125],[136.95162,-12.257378120669546],[136.685125,-12.7799145065581],[136.305407,-13.173602809321745],[135.961758,-13.206003893046324],[136.077617,-13.5948879808283],[135.783836,-14.080094736499756],[135.428664,-14.556270640102133],[135.500184,-14.829347726798149],[136.295175,-15.362802178506021],[137.06536,-15.67161667684385],[137.580471,-16.002866033796696],[138.303217,-16.571606084599246],[138.585164,-16.570664870616838],[139.108543,-16.815930409893525],[139.260575,-17.111410808958645],[140.215245,-17.435315836045117],[140.875463,-17.108990873635033],[141.07111,-16.595032395115574],[141.274095,-16.169849322927416],[141.398222,-15.642508383601815],[141.702183,-14.874951464554298],[141.56338,-14.407067768221381],[141.63552,-14.125102103189695],[141.519869,-13.56942068522882],[141.65092,-12.835949698666598],[141.842691,-12.63780850693197],[141.68699,-12.311758781155605],[141.928629,-11.793298988523409],[142.118488,-11.254953154280392],[142.143706,-10.97500011790828],[142.51526,-10.60707314887551],[142.79731,-11.087500297847352],[142.866763,-11.702483024626545],[143.115947,-11.8208670971664],[143.158632,-12.231673478013592],[143.52212400000002,-12.728353878684551],[143.597158,-13.279898167041235],[143.561811,-13.633159592818945],[143.922099,-14.394454921359403],[144.56371400000003,-14.028862681822297],[144.894908,-14.439148759897979],[145.374724,-14.81700754634406],[145.271991,-15.245070536891475],[145.48526,-16.070708985531336],[145.637033,-16.549861142238754],[145.888904,-16.66677907618289],[146.160309,-17.483823119131653],[146.063674,-17.977613563562272],[146.387478,-18.621512366591343],[147.471082,-19.11588420418968],[148.177602,-19.56428210072612],[148.848414,-19.973898598343844],[148.717465,-20.20142036961607],[149.28942,-20.7887686808981],[149.678337,-21.796891741029576],[150.077382,-21.59272808300491],[150.482939,-21.99511082970249],[150.727265,-21.85249194919132],[150.899554,-22.832743415606284],[151.609175,-23.39746464760324],[152.07354,-23.747249994038473],[152.855197,-24.48618964671685],[153.136162,-25.21543870031248],[153.16194899999996,-25.730158046686487],[153.092909,-26.286451921987414],[153.569469,-27.045826598742835],[153.51210800000004,-27.831268437511913],[153.33909499999996,-28.240046791336283],[153.069241,-29.022996205085796],[153.089602,-29.52317165314926],[152.891578,-30.144972391903238],[152.450002,-30.928367265534526],[151.709117,-31.348911795097173],[151.343972,-32.00816502295339],[151.010555,-32.42638849838835],[150.71413900000002,-33.151960985502896],[150.32822,-33.5682542433839],[150.075212,-34.18952280483051],[149.946124,-34.75739499335801],[149.997284,-35.01677473537483],[149.423882,-35.30081059378097],[148.304622,-35.3304959341777],[147.381733,-35.66441991241571],[146.922123,-35.97847146867001],[146.317922,-36.325051223248146],[145.489652,-35.96814168158168],[144.876976,-35.82530930672204],[145.032212,-35.401545483876625],[144.485682,-35.555565040282616],[143.609974,-36.142521562970835],[142.745427,-35.92321033088473],[142.17833,-35.794968038925674],[141.606582,-35.73693590873738],[140.638579,-35.501859957623644],[139.992158,-34.99848887194188],[139.806588,-34.37411047461007],[139.574148,-33.9560642723179],[139.082808,-33.61896207863646],[138.120748,-33.518593765713916],[138.449462,-33.11327358869405],[138.207564,-32.48913504858262],[137.71917,-33.0710186341531],[136.829406,-33.22483188347406],[137.352371,-32.76084736706999],[137.503886,-32.27424825708457],[137.890116,-31.859187760767988],[137.810328,-31.22813218823872],[136.99683700000003,-31.954513374402868],[136.372069,-32.24422628319384],[135.989043,-32.91442013796606],[135.208213,-32.56834380384998],[135.239218,-32.1199697317442],[134.613417,-31.50373311062565],[134.085904,-31.18371162823714],[134.273903,-30.986021329552127],[132.990777,-30.465083349610474],[132.288081,-30.440448624906026],[131.326331,-30.01981204993075],[129.535794,-30.101705146629254],[128.240938,-30.41099464626248],[127.10286699999999,-30.69842510216871],[126.148714,-30.6413982728471]]]]}},{"type":"Feature","bbox":[79.695167,5.96837,81.787959,9.824078],"properties":{"featurecla":"Admin-0 country","scalerank":1,"LABELRANK":3,"SOVEREIGNT":"Sri Lanka","SOV_A3":"LKA","ADM0_DIF":0,"LEVEL":2,"TYPE":"Sovereign country","TLC":"1","ADMIN":"Sri Lanka","ADM0_A3":"LKA","GEOU_DIF":0,"GEOUNIT":"Sri Lanka","GU_A3":"LKA","SU_DIF":0,"SUBUNIT":"Sri Lanka","SU_A3":"LKA","BRK_DIFF":0,"NAME":"Sri Lanka","NAME_LONG":"Sri Lanka","BRK_A3":"LKA","BRK_NAME":"Sri Lanka","BRK_GROUP":null,"ABBREV":"Sri L.","POSTAL":"LK","FORMAL_EN":"Democratic Socialist Republic of Sri Lanka","FORMAL_FR":null,"NAME_CIAWF":"Sri Lanka","NOTE_ADM0":null,"NOTE_BRK":null,"NAME_SORT":"Sri Lanka","NAME_ALT":null,"MAPCOLOR7":3,"MAPCOLOR8":5,"MAPCOLOR9":4,"MAPCOLOR13":9,"POP_EST":21803000,"POP_RANK":15,"POP_YEAR":2019,"GDP_MD":84008,"GDP_YEAR":2019,"ECONOMY":"6. Developing region","INCOME_GRP":"4. Lower middle income","FIPS_10":"CE","ISO_A2":"LK","ISO_A2_EH":"LK","ISO_A3":"LKA","ISO_A3_EH":"LKA","ISO_N3":"144","ISO_N3_EH":"144","UN_A3":"144","WB_A2":"LK","WB_A3":"LKA","WOE_ID":23424778,"WOE_ID_EH":23424778,"WOE_NOTE":"Exact WOE match as country","ADM0_ISO":"LKA","ADM0_DIFF":null,"ADM0_TLC":"LKA","ADM0_A3_US":"LKA","ADM0_A3_FR":"LKA","ADM0_A3_RU":"LKA","ADM0_A3_ES":"LKA","ADM0_A3_CN":"LKA","ADM0_A3_TW":"LKA","ADM0_A3_IN":"LKA","ADM0_A3_NP":"LKA","ADM0_A3_PK":"LKA","ADM0_A3_DE":"LKA","ADM0_A3_GB":"LKA","ADM0_A3_BR":"LKA","ADM0_A3_IL":"LKA","ADM0_A3_PS":"LKA","ADM0_A3_SA":"LKA","ADM0_A3_EG":"LKA","ADM0_A3_MA":"LKA","ADM0_A3_PT":"LKA","ADM0_A3_AR":"LKA","ADM0_A3_JP":"LKA","ADM0_A3_KO":"LKA","ADM0_A3_VN":"LKA","ADM0_A3_TR":"LKA","ADM0_A3_ID":"LKA","ADM0_A3_PL":"LKA","ADM0_A3_GR":"LKA","ADM0_A3_IT":"LKA","ADM0_A3_NL":"LKA","ADM0_A3_SE":"LKA","ADM0_A3_BD":"LKA","ADM0_A3_UA":"LKA","ADM0_A3_UN":-99,"ADM0_A3_WB":-99,"CONTINENT":"Asia","REGION_UN":"Asia","SUBREGION":"Southern Asia","REGION_WB":"South Asia","NAME_LEN":9,"LONG_LEN":9,"ABBREV_LEN":6,"TINY":-99,"HOMEPART":1,"MIN_ZOOM":0,"MIN_LABEL":3,"MAX_LABEL":8,"LABEL_X":80.704823,"LABEL_Y":7.581097,"NE_ID":1159321025,"WIKIDATAID":"Q854","NAME_AR":"سريلانكا","NAME_BN":"শ্রীলঙ্কা","NAME_DE":"Sri Lanka","NAME_EN":"Sri Lanka","NAME_ES":"Sri Lanka","NAME_FA":"سریلانکا","NAME_FR":"Sri Lanka","NAME_EL":"Σρι Λάνκα","NAME_HE":"סרי לנקה","NAME_HI":"श्रीलंका","NAME_HU":"Srí Lanka","NAME_ID":"Sri Lanka","NAME_IT":"Sri Lanka","NAME_JA":"スリランカ","NAME_KO":"스리랑카","NAME_NL":"Sri Lanka","NAME_PL":"Sri Lanka","NAME_PT":"Sri Lanka","NAME_RU":"Шри-Ланка","NAME_SV":"Sri Lanka","NAME_TR":"Sri Lanka","NAME_UK":"Шрі-Ланка","NAME_UR":"سری لنکا","NAME_VI":"Sri Lanka","NAME_ZH":"斯里兰卡","NAME_ZHT":"斯里蘭卡","FCLASS_ISO":"Admin-0 country","TLC_DIFF":null,"FCLASS_TLC":"Admin-0 country","FCLASS_US":null,"FCLASS_FR":null,"FCLASS_RU":null,"FCLASS_ES":null,"FCLASS_CN":null,"FCLASS_TW":null,"FCLASS_IN":null,"FCLASS_NP":null,"FCLASS_PK":null,"FCLASS_DE":null,"FCLASS_GB":null,"FCLASS_BR":null,"FCLASS_IL":null,"FCLASS_PS":null,"FCLASS_SA":null,"FCLASS_EG":null,"FCLASS_MA":null,"FCLASS_PT":null,"FCLASS_AR":null,"FCLASS_JP":null,"FCLASS_KO":null,"FCLASS_VN":null,"FCLASS_TR":null,"FCLASS_ID":null,"FCLASS_PL":null,"FCLASS_GR":null,"FCLASS_IT":null,"FCLASS_NL":null,"FCLASS_SE":null,"FCLASS_BD":null,"FCLASS_UA":null},"geometry":{"type":"Polygon","coordinates":[[[81.787959,7.501531163784078],[81.63732199999998,6.467993428397785],[81.21802,6.185093140355444],[80.348357,5.957605479525506],[79.872469,6.747809862770774],[79.695167,8.17298421525856],[80.14780100000002,9.776291820275656],[80.838818,9.228267094576468],[81.304319,8.53249222575975],[81.787959,7.501531163784078]]]}},{"type":"Feature","bbox":[73.675379,18.197701,135.026311,53.4588],"properties":{"featurecla":"Admin-0 country","scalerank":1,"LABELRANK":2,"SOVEREIGNT":"China","SOV_A3":"CH1","ADM0_DIF":1,"LEVEL":2,"TYPE":"Country","TLC":"1","ADMIN":"China","ADM0_A3":"CHN","GEOU_DIF":0,"GEOUNIT":"China","GU_A3":"CHN","SU_DIF":0,"SUBUNIT":"China","SU_A3":"CHN","BRK_DIFF":0,"NAME":"China","NAME_LONG":"China","BRK_A3":"CHN","BRK_NAME":"China","BRK_GROUP":null,"ABBREV":"China","POSTAL":"CN","FORMAL_EN":"People's Republic of China","FORMAL_FR":null,"NAME_CIAWF":"China","NOTE_ADM0":null,"NOTE_BRK":null,"NAME_SORT":"China","NAME_ALT":null,"MAPCOLOR7":4,"MAPCOLOR8":4,"MAPCOLOR9":4,"MAPCOLOR13":3,"POP_EST":1397715000,"POP_RANK":18,"POP_YEAR":2019,"GDP_MD":14342903,"GDP_YEAR":2019,"ECONOMY":"3. Emerging region: BRIC","INCOME_GRP":"3. Upper middle income","FIPS_10":"CH","ISO_A2":"CN","ISO_A2_EH":"CN","ISO_A3":"CHN","ISO_A3_EH":"CHN","ISO_N3":"156","ISO_N3_EH":"156","UN_A3":"156","WB_A2":"CN","WB_A3":"CHN","WOE_ID":23424781,"WOE_ID_EH":23424781,"WOE_NOTE":"Exact WOE match as country","ADM0_ISO":"CHN","ADM0_DIFF":null,"ADM0_TLC":"CHN","ADM0_A3_US":"CHN","ADM0_A3_FR":"CHN","ADM0_A3_RU":"CHN","ADM0_A3_ES":"CHN","ADM0_A3_CN":"CHN","ADM0_A3_TW":"TWN","ADM0_A3_IN":"CHN","ADM0_A3_NP":"CHN","ADM0_A3_PK":"CHN","ADM0_A3_DE":"CHN","ADM0_A3_GB":"CHN","ADM0_A3_BR":"CHN","ADM0_A3_IL":"CHN","ADM0_A3_PS":"CHN","ADM0_A3_SA":"CHN","ADM0_A3_EG":"CHN","ADM0_A3_MA":"CHN","ADM0_A3_PT":"CHN","ADM0_A3_AR":"CHN","ADM0_A3_JP":"CHN","ADM0_A3_KO":"CHN","ADM0_A3_VN":"CHN","ADM0_A3_TR":"CHN","ADM0_A3_ID":"CHN","ADM0_A3_PL":"CHN","ADM0_A3_GR":"CHN","ADM0_A3_IT":"CHN","ADM0_A3_NL":"CHN","ADM0_A3_SE":"CHN","ADM0_A3_BD":"CHN","ADM0_A3_UA":"CHN","ADM0_A3_UN":-99,"ADM0_A3_WB":-99,"CONTINENT":"Asia","REGION_UN":"Asia","SUBREGION":"Eastern Asia","REGION_WB":"East Asia & Pacific","NAME_LEN":5,"LONG_LEN":5,"ABBREV_LEN":5,"TINY":-99,"HOMEPART":1,"MIN_ZOOM":0,"MIN_LABEL":1.7,"MAX_LABEL":5.7,"LABEL_X":106.337289,"LABEL_Y":32.498178,"NE_ID":1159320471,"WIKIDATAID":"Q148","NAME_AR":"الصين","NAME_BN":"গণচীন","NAME_DE":"Volksrepublik China","NAME_EN":"People's Republic of China","NAME_ES":"China","NAME_FA":"جمهوری خلق چین","NAME_FR":"République populaire de Chine","NAME_EL":"Λαϊκή Δημοκρατία της Κίνας","NAME_HE":"הרפובליקה העממית של סין","NAME_HI":"चीनी जनवादी गणराज्य","NAME_HU":"Kína","NAME_ID":"Republik Rakyat Tiongkok","NAME_IT":"Cina","NAME_JA":"中華人民共和国","NAME_KO":"중화인민공화국","NAME_NL":"Volksrepubliek China","NAME_PL":"Chińska Republika Ludowa","NAME_PT":"China","NAME_RU":"Китайская Народная Республика","NAME_SV":"Kina","NAME_TR":"Çin Halk Cumhuriyeti","NAME_UK":"Китайська Народна Республіка","NAME_UR":"عوامی جمہوریہ چین","NAME_VI":"Trung Quốc","NAME_ZH":"中华人民共和国","NAME_ZHT":"中華人民共和國","FCLASS_ISO":"Admin-0 country","TLC_DIFF":null,"FCLASS_TLC":"Admin-0 country","FCLASS_US":null,"FCLASS_FR":null,"FCLASS_RU":null,"FCLASS_ES":null,"FCLASS_CN":null,"FCLASS_TW":"Unrecognized","FCLASS_IN":null,"FCLASS_NP":null,"FCLASS_PK":null,"FCLASS_DE":null,"FCLASS_GB":null,"FCLASS_BR":null,"FCLASS_IL":null,"FCLASS_PS":null,"FCLASS_SA":null,"FCLASS_EG":null,"FCLASS_MA":null,"FCLASS_PT":null,"FCLASS_AR":null,"FCLASS_JP":null,"FCLASS_KO":null,"FCLASS_VN":null,"FCLASS_TR":null,"FCLASS_ID":null,"FCLASS_PL":null,"FCLASS_GR":null,"FCLASS_IT":null,"FCLASS_NL":null,"FCLASS_SE":null,"FCLASS_BD":null,"FCLASS_UA":null},"geometry":{"type":"MultiPolygon","coordinates":[[[[109.47521,17.899245835473394],[108.655208,18.19397686721879],[108.626217,19.009236809362996],[109.119056,19.437120347345537],[110.21159900000002,19.70114928245917],[110.786551,19.678816203699107],[111.010051,19.31909886147712],[110.570647,18.903302436021615],[110.339188,18.356079419746422],[109.47521,17.899245835473394]]],[[[80.25999,38.949079873610124],[80.18015,39.3910373769169],[80.866206,39.591911018366815],[79.966106,40.91759898682143],[81.94707100000001,41.21879994262499],[82.45892599999999,41.38604225786928],[83.18048399999999,42.71541507673095],[85.16429,42.47316221102117],[85.72048399999998,42.80567583128231],[85.768233,43.53700203829561],[86.598776,43.604694901948676],[87.35997,44.0848777800068],[87.751264,44.14390558883867],[88.013832,43.64109312748351],[88.854298,43.25604279696383],[90.280826,42.98192852653511],[90.970809,42.38989895742958],[90.585768,41.52100038374321],[90.94554,41.195512238663916],[92.133891,41.06671629015266],[93.480734,40.961378309253426],[94.688929,40.48913697329666],[95.306875,40.40466439633238],[95.76245500000002,39.69900897990057],[96.349396,39.24061142288786],[97.451757,39.25862002233497],[99.515817,39.08480846465502],[100.84586599999999,39.192707198089856],[101.83303999999998,39.07718718789092],[103.312278,38.60408655824129],[104.52228200000002,38.60477347233386],[104.96499400000002,38.3613748841736],[106.129316,38.78115310860063],[107.74477300000001,39.051287482366455],[109.243596,39.08073710684595],[110.41210300000002,39.35328665158063],[111.12968200000002,39.76621117055045],[111.829588,40.02421403666373],[111.667737,40.27649503067544],[111.34837699999999,40.569028568242935],[111.87330600000001,41.05691653503881],[112.43606199999999,40.98868951148206],[113.463907,40.83546605414061],[114.46033199999998,41.235940305289525],[115.98509600000001,41.5266297104426],[116.71786800000001,42.019567593360975],[117.42170100000001,42.23059887610837],[118.874326,42.32876401829237],[119.66327,42.24536681961925],[119.772824,42.507895443848575],[118.866574,43.021063039629674],[118.064143,43.25432981432436],[117.295507,42.9849717773042],[116.308953,43.09876660096955],[115.742837,43.00606263092059],[115.48528199999998,43.30431058367791],[116.191802,44.027109693260535],[116.678801,44.566716639069696],[117.87924400000001,44.297116825391164],[119.28846100000001,44.747643342689706],[119.27939000000002,45.05931905943914],[120.18208000000001,45.80361277750907],[120.7382,46.0266333734737],[120.725789,46.40865172255804],[120.177089,46.57227458436933],[121.00308499999998,46.91320766767956],[122.245748,47.036247103663264],[123.57147,47.05469580684812],[125.068211,46.85144944714222],[125.946349,46.59901830196538],[126.56439900000001,45.90161468479516],[126.939157,45.60132185266464],[127.287456,45.17002556206661],[127.6574,44.47526739512982],[129.397818,44.24672014211387],[130.582293,43.73525933558086],[130.98726,43.0525435681266],[132.50669,43.051688610451976],[133.373596,43.33927407443185],[135.026311,43.55329553050892],[134.50081,42.89766803548396],[134.11235,42.628986485071074],[133.769644,41.81771370278998],[133.09712,41.088587615818746],[131.883454,41.22191021045265],[131.02519,40.95570536633954],[131.288555,40.30574262820312],[131.144688,39.39870500313381],[130.633866,39.3778570136763],[130.64,38.984087389102484],[129.994267,39.441499783181655],[129.596669,39.007370532766586],[128.05221500000002,38.67189988107657],[128.208433,38.25886760370469],[127.34378300000002,38.287428331323426],[126.869083,38.53301602266989],[126.182045,37.97608312568184],[125.079942,37.55115837594711],[124.26562500000001,37.04097353070452],[122.86757,36.808577038156365],[122.131388,36.43349526731954],[121.054554,36.2135588187832],[121.58599500000001,36.58653133052121],[121.37675700000001,36.89857463891836],[122.168595,37.43422176576535],[121.64035900000002,37.84910499082204],[120.76862900000002,37.56983779685897],[119.639602,37.016674680208176],[119.023464,36.499344397094916],[118.04274899999999,36.46070187705417],[117.53270200000001,36.08449444198553],[118.059699,35.536161105083146],[118.87814999999999,35.40247226108681],[118.91163600000002,35.0357754148991],[119.70280199999999,34.79627665110509],[120.82345699999999,35.38054546020743],[121.711259,35.06251202401655],[122.357937,35.04070440457643],[122.519995,34.61066502557295],[121.104164,34.38048703042851],[120.637009,33.93373045504484],[119.664562,33.51650530531496],[119.15120800000001,32.93099082301256],[120.22752500000001,32.46855905111162],[120.62036899999998,31.634895346006815],[121.229014,30.851404453542106],[121.908146,30.18969442484411],[121.891919,29.54554090239254],[121.264257,29.3076880554595],[121.503519,28.841547108329703],[122.092114,28.56929984533924],[121.93842800000002,27.851557407751812],[121.68443900000001,27.14860064264082],[121.125661,27.06863008899482],[120.39547300000001,26.100625805780215],[119.585497,24.916162900845084],[118.656871,23.829149971391246],[117.281606,22.982210345829923],[115.89073499999999,22.20518321735121],[114.763827,22.098857934868896],[114.15254700000001,21.68658742842227],[113.80678,21.98787650744388],[113.241078,21.526307681819553],[111.843592,21.059628056520268],[110.78546600000001,20.916452077983806],[110.44403900000002,19.92673277940682],[109.88986099999998,19.87165418410479],[109.627655,20.5527258348035],[109.864488,20.914496989747615],[108.522813,21.213264486124665],[108.05017999999998,21.061388074447578],[107.04342,21.303372430228553],[106.567273,21.681425523853804],[106.725403,22.215732726604394],[105.811247,22.384697883983794],[105.329209,22.731164640760877],[104.47685800000001,22.238765764464222],[103.504515,22.131915648966956],[102.706992,22.136582366372615],[102.170436,21.910348218818193],[101.652018,21.77431519732082],[101.80312,20.708211597697083],[101.270026,20.73373165595704],[101.180005,20.953278259341555],[101.150033,21.33885078995316],[100.416538,21.067415464835772],[99.983489,21.23910857821465],[99.240899,21.588571713637545],[99.531992,22.35894128633728],[98.898749,22.537947569322235],[98.66026199999999,23.385560607235924],[97.60472,23.233218619350133],[97.72460900000002,24.31875106523474],[98.671838,25.077419129681676],[98.712094,25.822204402458354],[98.68269,26.509051170032002],[98.246231,26.722196285807083],[97.911988,27.246822669175614],[97.32711400000001,27.18069205789816],[96.248833,27.313557279939523],[96.586591,27.686056234754336],[96.117679,28.23528943134504],[95.40480199999999,27.863665315704043],[94.56599,28.08067988022569],[93.413348,27.51736922776229],[92.503119,26.855789131376117],[91.696657,26.74409626785633],[91.258854,26.98395172307772],[90.730514,27.005639825283186],[90.015829,27.211694612902907],[89.47581000000001,26.985863188521314],[88.814248,26.32142804692065],[88.730326,27.025159994736292],[88.120441,26.837646773031274],[86.95451700000001,26.924807696106317],[85.82332000000001,27.12907882323921],[85.011638,27.51927154920434],[84.23458000000001,27.693949356397283],[83.898993,28.11842448101547],[83.33711499999998,28.24491846049243],[82.327513,28.817326703970934],[81.52580399999998,29.086352453622972],[81.111256,28.877075114932328],[79.721367,29.487552492752865],[78.73889399999999,30.037216754023614],[78.45844600000001,30.986818608646686],[79.176129,30.871543610829963],[79.208892,31.308809808477594],[78.81108600000002,31.745065980191075],[78.912269,32.43615905133799],[77.837451,33.41992175477368],[76.192848,33.7567938264009],[75.896897,34.39325931495965],[75.158028,34.7770931506135],[74.980002,35.01245775634605],[74.829986,35.4779822109521],[74.864816,35.794004428237756],[74.257514,35.97845123772256],[73.928852,35.89692539422612],[73.675379,36.64302520240824],[73.960013,36.82636522954497],[73.822244,37.01341449674252],[74.77686200000001,37.38972736181119],[75.467828,37.545012263531845],[76.526368,37.438591304736846],[76.90448400000001,37.94387532822058],[78.187197,38.0375264953873],[78.543661,38.34948128034432],[80.11943000000001,38.773055524977714],[80.25999,38.949079873610124]]]]}},{"type":"Feature","bbox":[120.106189,21.970571,121.951244,25.295459],"properties":{"featurecla":"Admin-0 country","scalerank":1,"LABELRANK":3,"SOVEREIGNT":"Taiwan","SOV_A3":"TWN","ADM0_DIF":0,"LEVEL":2,"TYPE":"Sovereign country","TLC":"1","ADMIN":"Taiwan","ADM0_A3":"TWN","GEOU_DIF":0,"GEOUNIT":"Taiwan","GU_A3":"TWN","SU_DIF":0,"SUBUNIT":"Taiwan","SU_A3":"TWN","BRK_DIFF":0,"NAME":"Taiwan","NAME_LONG":"Taiwan","BRK_A3":"TWN","BRK_NAME":"Taiwan","BRK_GROUP":null,"ABBREV":"Taiwan","POSTAL":"TW","FORMAL_EN":null,"FORMAL_FR":null,"NAME_CIAWF":"Taiwan","NOTE_ADM0":null,"NOTE_BRK":"Self admin.; Claimed by China","NAME_SORT":"Taiwan","NAME_ALT":null,"MAPCOLOR7":1,"MAPCOLOR8":5,"MAPCOLOR9":7,"MAPCOLOR13":2,"POP_EST":23568378,"POP_RANK":15,"POP_YEAR":2020,"GDP_MD":1127000,"GDP_YEAR":2016,"ECONOMY":"2. Developed region: nonG7","INCOME_GRP":"2. High income: nonOECD","FIPS_10":"TW","ISO_A2":"CN-TW","ISO_A2_EH":"TW","ISO_A3":"TWN","ISO_A3_EH":"TWN","ISO_N3":"158","ISO_N3_EH":"158","UN_A3":"-099","WB_A2":"-99","WB_A3":"-99","WOE_ID":23424971,"WOE_ID_EH":23424971,"WOE_NOTE":"Exact WOE match as country","ADM0_ISO":"TWN","ADM0_DIFF":null,"ADM0_TLC":"TWN","ADM0_A3_US":"TWN","ADM0_A3_FR":"TWN","ADM0_A3_RU":"CHN","ADM0_A3_ES":"TWN","ADM0_A3_CN":"CHN","ADM0_A3_TW":"TWN","ADM0_A3_IN":"TWN","ADM0_A3_NP":"CHN","ADM0_A3_PK":"CHN","ADM0_A3_DE":"TWN","ADM0_A3_GB":"TWN","ADM0_A3_BR":"TWN","ADM0_A3_IL":"TWN","ADM0_A3_PS":"TWN","ADM0_A3_SA":"TWN","ADM0_A3_EG":"CHN","ADM0_A3_MA":"CHN","ADM0_A3_PT":"TWN","ADM0_A3_AR":"TWN","ADM0_A3_JP":"TWN","ADM0_A3_KO":"TWN","ADM0_A3_VN":"TWN","ADM0_A3_TR":"TWN","ADM0_A3_ID":"CHN","ADM0_A3_PL":"TWN","ADM0_A3_GR":"TWN","ADM0_A3_IT":"TWN","ADM0_A3_NL":"TWN","ADM0_A3_SE":"TWN","ADM0_A3_BD":"CHN","ADM0_A3_UA":"TWN","ADM0_A3_UN":-99,"ADM0_A3_WB":-99,"CONTINENT":"Asia","REGION_UN":"Asia","SUBREGION":"Eastern Asia","REGION_WB":"East Asia & Pacific","NAME_LEN":6,"LONG_LEN":6,"ABBREV_LEN":6,"TINY":-99,"HOMEPART":1,"MIN_ZOOM":0,"MIN_LABEL":4.5,"MAX_LABEL":8,"LABEL_X":120.868204,"LABEL_Y":23.652408,"NE_ID":1159321335,"WIKIDATAID":"Q865","NAME_AR":"تايوان","NAME_BN":"তাইওয়ান","NAME_DE":"Republik China","NAME_EN":"Taiwan","NAME_ES":"República de China","NAME_FA":"تایوان","NAME_FR":"Taïwan","NAME_EL":"Δημοκρατία της Κίνας","NAME_HE":"טאיוואן","NAME_HI":"चीनी गणराज्य","NAME_HU":"Kínai Köztársaság","NAME_ID":"Taiwan","NAME_IT":"Taiwan","NAME_JA":"中華民国","NAME_KO":"중화민국","NAME_NL":"Taiwan","NAME_PL":"Republika Chińska","NAME_PT":"Taiwan","NAME_RU":"Тайвань","NAME_SV":"Taiwan","NAME_TR":"Çin Cumhuriyeti","NAME_UK":"Республіка Китай","NAME_UR":"تائیوان","NAME_VI":"Đài Loan","NAME_ZH":"中华民国","NAME_ZHT":"中華民國","FCLASS_ISO":"Admin-1 states provinces","TLC_DIFF":"1","FCLASS_TLC":"Admin-0 country","FCLASS_US":null,"FCLASS_FR":null,"FCLASS_RU":null,"FCLASS_ES":null,"FCLASS_CN":"Admin-1 states provinces","FCLASS_TW":"Admin-0 country","FCLASS_IN":null,"FCLASS_NP":"Admin-1 states provinces","FCLASS_PK":null,"FCLASS_DE":null,"FCLASS_GB":null,"FCLASS_BR":null,"FCLASS_IL":null,"FCLASS_PS":null,"FCLASS_SA":null,"FCLASS_EG":"Admin-1 states provinces","FCLASS_MA":"Admin-1 states provinces","FCLASS_PT":null,"FCLASS_AR":null,"FCLASS_JP":null,"FCLASS_KO":null,"FCLASS_VN":null,"FCLASS_TR":null,"FCLASS_ID":"Admin-1 states provinces","FCLASS_PL":null,"FCLASS_GR":null,"FCLASS_IT":null,"FCLASS_NL":null,"FCLASS_SE":null,"FCLASS_BD":"Admin-1 states provinces","FCLASS_UA":null},"geometry":{"type":"Polygon","coordinates":[[[121.77781800000001,23.689010046674024],[121.175632,22.21257490051329],[120.74708,21.45112784158794],[120.220083,22.234795746655486],[120.106189,22.91937406413664],[120.69468,23.82097181074067],[121.495044,24.511630564171444],[121.951244,24.240320383206775],[121.77781800000001,23.689010046674024]]]}},{"type":"Feature","bbox":[6.749955,36.619987,18.480247,47.115393],"properties":{"featurecla":"Admin-0 country","scalerank":1,"LABELRANK":2,"SOVEREIGNT":"Italy","SOV_A3":"ITA","ADM0_DIF":0,"LEVEL":2,"TYPE":"Sovereign country","TLC":"1","ADMIN":"Italy","ADM0_A3":"ITA","GEOU_DIF":0,"GEOUNIT":"Italy","GU_A3":"ITA","SU_DIF":0,"SUBUNIT":"Italy","SU_A3":"ITA","BRK_DIFF":0,"NAME":"Italy","NAME_LONG":"Italy","BRK_A3":"ITA","BRK_NAME":"Italy","BRK_GROUP":null,"ABBREV":"Italy","POSTAL":"I","FORMAL_EN":"Italian Republic","FORMAL_FR":null,"NAME_CIAWF":"Italy","NOTE_ADM0":null,"NOTE_BRK":null,"NAME_SORT":"Italy","NAME_ALT":null,"MAPCOLOR7":6,"MAPCOLOR8":7,"MAPCOLOR9":8,"MAPCOLOR13":7,"POP_EST":60297396,"POP_RANK":16,"POP_YEAR":2019,"GDP_MD":2003576,"GDP_YEAR":2019,"ECONOMY":"1. Developed region: G7","INCOME_GRP":"1. High income: OECD","FIPS_10":"IT","ISO_A2":"IT","ISO_A2_EH":"IT","ISO_A3":"ITA","ISO_A3_EH":"ITA","ISO_N3":"380","ISO_N3_EH":"380","UN_A3":"380","WB_A2":"IT","WB_A3":"ITA","WOE_ID":23424853,"WOE_ID_EH":23424853,"WOE_NOTE":"Exact WOE match as country","ADM0_ISO":"ITA","ADM0_DIFF":null,"ADM0_TLC":"ITA","ADM0_A3_US":"ITA","ADM0_A3_FR":"ITA","ADM0_A3_RU":"ITA","ADM0_A3_ES":"ITA","ADM0_A3_CN":"ITA","ADM0_A3_TW":"ITA","ADM0_A3_IN":"ITA","ADM0_A3_NP":"ITA","ADM0_A3_PK":"ITA","ADM0_A3_DE":"ITA","ADM0_A3_GB":"ITA","ADM0_A3_BR":"ITA","ADM0_A3_IL":"ITA","ADM0_A3_PS":"ITA","ADM0_A3_SA":"ITA","ADM0_A3_EG":"ITA","ADM0_A3_MA":"ITA","ADM0_A3_PT":"ITA","ADM0_A3_AR":"ITA","ADM0_A3_JP":"ITA","ADM0_A3_KO":"ITA","ADM0_A3_VN":"ITA","ADM0_A3_TR":"ITA","ADM0_A3_ID":"ITA","ADM0_A3_PL":"ITA","ADM0_A3_GR":"ITA","ADM0_A3_IT":"ITA","ADM0_A3_NL":"ITA","ADM0_A3_SE":"ITA","ADM0_A3_BD":"ITA","ADM0_A3_UA":"ITA","ADM0_A3_UN":-99,"ADM0_A3_WB":-99,"CONTINENT":"Europe","REGION_UN":"Europe","SUBREGION":"Southern Europe","REGION_WB":"Europe & Central Asia","NAME_LEN":5,"LONG_LEN":5,"ABBREV_LEN":5,"TINY":-99,"HOMEPART":1,"MIN_ZOOM":0,"MIN_LABEL":2,"MAX_LABEL":7,"LABEL_X":11.076907,"LABEL_Y":44.732482,"NE_ID":1159320919,"WIKIDATAID":"Q38","NAME_AR":"إيطاليا","NAME_BN":"ইতালি","NAME_DE":"Italien","NAME_EN":"Italy","NAME_ES":"Italia","NAME_FA":"ایتالیا","NAME_FR":"Italie","NAME_EL":"Ιταλία","NAME_HE":"איטליה","NAME_HI":"इटली","NAME_HU":"Olaszország","NAME_ID":"Italia","NAME_IT":"Italia","NAME_JA":"イタリア","NAME_KO":"이탈리아","NAME_NL":"Italië","NAME_PL":"Włochy","NAME_PT":"Itália","NAME_RU":"Италия","NAME_SV":"Italien","NAME_TR":"İtalya","NAME_UK":"Італія","NAME_UR":"اطالیہ","NAME_VI":"Ý","NAME_ZH":"意大利","NAME_ZHT":"義大利","FCLASS_ISO":"Admin-0 country","TLC_DIFF":null,"FCLASS_TLC":"Admin-0 country","FCLASS_US":null,"FCLASS_FR":null,"FCLASS_RU":null,"FCLASS_ES":null,"FCLASS_CN":null,"FCLASS_TW":null,"FCLASS_IN":null,"FCLASS_NP":null,"FCLASS_PK":null,"FCLASS_DE":null,"FCLASS_GB":null,"FCLASS_BR":null,"FCLASS_IL":null,"FCLASS_PS":null,"FCLASS_SA":null,"FCLASS_EG":null,"FCLASS_MA":null,"FCLASS_PT":null,"FCLASS_AR":null,"FCLASS_JP":null,"FCLASS_KO":null,"FCLASS_VN":null,"FCLASS_TR":null,"FCLASS_ID":null,"FCLASS_PL":null,"FCLASS_GR":null,"FCLASS_IT":null,"FCLASS_NL":null,"FCLASS_SE":null,"FCLASS_BD":null,"FCLASS_UA":null},"geometry":{"type":"MultiPolygon","coordinates":[[[[10.442701000000001,42.3938871314361],[11.048556,42.288790314153694],[11.164828000000002,42.42935078648372],[12.153088,42.55751329804594],[12.376484999999999,42.30077333075065],[13.806475,42.109474070106714],[13.69811,41.74303217846216],[13.93763,41.424569315410736],[13.141606,41.533709284084765],[12.328581,41.26748742683914],[12.383875000000002,40.89330559200958],[12.261453,40.67759681147709],[12.589237,40.29037136875409],[13.526906,39.905116099615626],[14.029820999999998,39.26800233086258],[15.14257,38.641331409807925],[15.926191000000001,38.646154356129564],[16.169897,38.47332600217641],[15.889346000000002,38.317193950029846],[16.785002,38.033029119336796],[17.519169,37.79440525035829],[18.376687,37.381146016884784],[18.480247,37.232597849883206],[18.293385,36.946951514927036],[17.73838,37.31917706463953],[16.869596,37.449935987052434],[16.448743,36.934664539949],[17.17149,36.637779934249544],[17.052841,36.217915528319644],[16.635088,36.170059916879985],[16.100961,35.4746368383292],[15.684087,35.411864958482255],[15.687963,35.660663074915796],[15.891981,36.09524694118491],[16.109332,36.267658393303705],[15.718814,36.73350734524466],[15.413613000000002,37.13658926216503],[14.998496,37.23584860645596],[14.703268000000001,37.57868439239134],[14.060672,37.72262286165527],[13.627985000000002,38.03986643944267],[12.888082000000002,38.090886339849405],[12.106683,38.445324138744866],[11.191906,38.95329957504086],[10.511947999999999,39.399843251532296],[10.200029,40.15953629800034],[9.702488,40.24833921019289],[8.888946,40.49978657746398],[8.428561,40.39697066825663],[7.850767,40.04261307345788],[7.435185000000001,39.98647168406259],[7.549596,40.31823368094362],[7.007562000000001,40.414894938480536],[6.749955,41.001423926403696],[7.096652,41.23088816344805],[6.802355,41.51266218086126],[6.843593000000001,41.72390505855573],[7.273851,41.563836527215805],[7.755992,41.59939846769877],[8.31663,41.852519522259826],[8.489952,41.73435624183536],[8.966306,41.75806808983067],[9.182882,42.05819715581411],[9.922837,41.9650862853982],[10.363377999999999,42.09037929999461],[10.442701000000001,42.3938871314361]]],[[[14.761249,35.60318435327126],[15.520375999999999,35.67411830056136],[15.160243,35.032157904071795],[15.309897999999999,34.778068941093196],[15.099988,34.354616299617305],[14.335229000000002,34.664981256569675],[13.826733000000003,34.753680576639596],[12.431004,35.17034447646701],[12.570944,35.588960083688015],[13.741156,35.514585722484775],[14.761249,35.60318435327126]]],[[[8.709991,37.81245234302148],[9.210012,38.056958128054404],[9.809975,37.49578783364286],[9.669519,36.43906574907923],[9.214818,36.489809987105275],[8.806936,36.220938458084085],[8.428302,36.43461760191523],[8.388253,37.39917047335986],[8.159998,37.851961025169764],[8.709991,37.81245234302148]]]]}},{"type":"Feature","bbox":[8.089977,54.800015,12.690006,57.730017],"properties":{"featurecla":"Admin-0 country","scalerank":1,"LABELRANK":4,"SOVEREIGNT":"Denmark","SOV_A3":"DN1","ADM0_DIF":1,"LEVEL":2,"TYPE":"Country","TLC":"1","ADMIN":"Denmark","ADM0_A3":"DNK","GEOU_DIF":0,"GEOUNIT":"Denmark","GU_A3":"DNK","SU_DIF":0,"SUBUNIT":"Denmark","SU_A3":"DNK","BRK_DIFF":0,"NAME":"Denmark","NAME_LONG":"Denmark","BRK_A3":"DNK","BRK_NAME":"Denmark","BRK_GROUP":null,"ABBREV":"Den.","POSTAL":"DK","FORMAL_EN":"Kingdom of Denmark","FORMAL_FR":null,"NAME_CIAWF":"Denmark","NOTE_ADM0":null,"NOTE_BRK":null,"NAME_SORT":"Denmark","NAME_ALT":null,"MAPCOLOR7":4,"MAPCOLOR8":1,"MAPCOLOR9":3,"MAPCOLOR13":12,"POP_EST":5818553,"POP_RANK":13,"POP_YEAR":2019,"GDP_MD":350104,"GDP_YEAR":2019,"ECONOMY":"2. Developed region: nonG7","INCOME_GRP":"1. High income: OECD","FIPS_10":"DA","ISO_A2":"DK","ISO_A2_EH":"DK","ISO_A3":"DNK","ISO_A3_EH":"DNK","ISO_N3":"208","ISO_N3_EH":"208","UN_A3":"208","WB_A2":"DK","WB_A3":"DNK","WOE_ID":23424796,"WOE_ID_EH":23424796,"WOE_NOTE":"Exact WOE match as country","ADM0_ISO":"DNK","ADM0_DIFF":null,"ADM0_TLC":"DNK","ADM0_A3_US":"DNK","ADM0_A3_FR":"DNK","ADM0_A3_RU":"DNK","ADM0_A3_ES":"DNK","ADM0_A3_CN":"DNK","ADM0_A3_TW":"DNK","ADM0_A3_IN":"DNK","ADM0_A3_NP":"DNK","ADM0_A3_PK":"DNK","ADM0_A3_DE":"DNK","ADM0_A3_GB":"DNK","ADM0_A3_BR":"DNK","ADM0_A3_IL":"DNK","ADM0_A3_PS":"DNK","ADM0_A3_SA":"DNK","ADM0_A3_EG":"DNK","ADM0_A3_MA":"DNK","ADM0_A3_PT":"DNK","ADM0_A3_AR":"DNK","ADM0_A3_JP":"DNK","ADM0_A3_KO":"DNK","ADM0_A3_VN":"DNK","ADM0_A3_TR":"DNK","ADM0_A3_ID":"DNK","ADM0_A3_PL":"DNK","ADM0_A3_GR":"DNK","ADM0_A3_IT":"DNK","ADM0_A3_NL":"DNK","ADM0_A3_SE":"DNK","ADM0_A3_BD":"DNK","ADM0_A3_UA":"DNK","ADM0_A3_UN":-99,"ADM0_A3_WB":-99,"CONTINENT":"Europe","REGION_UN":"Europe","SUBREGION":"Northern Europe","REGION_WB":"Europe & Central Asia","NAME_LEN":7,"LONG_LEN":7,"ABBREV_LEN":4,"TINY":-99,"HOMEPART":1,"MIN_ZOOM":0,"MIN_LABEL":3,"MAX_LABEL":8,"LABEL_X":9.018163,"LABEL_Y":55.966965,"NE_ID":1159320547,"WIKIDATAID":"Q35","NAME_AR":"الدنمارك","NAME_BN":"ডেনমার্ক","NAME_DE":"Dänemark","NAME_EN":"Denmark","NAME_ES":"Dinamarca","NAME_FA":"دانمارک","NAME_FR":"Danemark","NAME_EL":"Δανία","NAME_HE":"דנמרק","NAME_HI":"डेनमार्क","NAME_HU":"Dánia","NAME_ID":"Denmark","NAME_IT":"Danimarca","NAME_JA":"デンマーク","NAME_KO":"덴마크","NAME_NL":"Denemarken","NAME_PL":"Dania","NAME_PT":"Dinamarca","NAME_RU":"Дания","NAME_SV":"Danmark","NAME_TR":"Danimarka","NAME_UK":"Данія","NAME_UR":"ڈنمارک","NAME_VI":"Đan Mạch","NAME_ZH":"丹麦","NAME_ZHT":"丹麥","FCLASS_ISO":"Admin-0 country","TLC_DIFF":null,"FCLASS_TLC":"Admin-0 country","FCLASS_US":null,"FCLASS_FR":null,"FCLASS_RU":null,"FCLASS_ES":null,"FCLASS_CN":null,"FCLASS_TW":null,"FCLASS_IN":null,"FCLASS_NP":null,"FCLASS_PK":null,"FCLASS_DE":null,"FCLASS_GB":null,"FCLASS_BR":null,"FCLASS_IL":null,"FCLASS_PS":null,"FCLASS_SA":null,"FCLASS_EG":null,"FCLASS_MA":null,"FCLASS_PT":null,"FCLASS_AR":null,"FCLASS_JP":null,"FCLASS_KO":null,"FCLASS_VN":null,"FCLASS_TR":null,"FCLASS_ID":null,"FCLASS_PL":null,"FCLASS_GR":null,"FCLASS_IT":null,"FCLASS_NL":null,"FCLASS_SE":null,"FCLASS_BD":null,"FCLASS_UA":null},"geometry":{"type":"MultiPolygon","coordinates":[[[[9.921906,48.0831016457414],[9.282049,47.9812975148885],[8.526229,48.06949830775822],[8.120311,48.43901563628925],[8.089977,49.11269670133512],[8.256582,49.28908872661499],[8.543438,49.484395474363794],[9.424469000000002,49.52469842014584],[9.775558999999998,49.70344661918195],[10.580005999999997,49.88553516573247],[10.546106,49.55303533592793],[10.250000000000002,49.34127116078127],[10.369993,49.15847605463585],[10.912182,49.059391715764804],[10.667803999999999,48.81158160931142],[10.369993,48.883063548142445],[9.649985,48.40734486405761],[9.921906,48.0831016457414]]],[[[12.370904,48.8313496364822],[12.690006,48.50019090558228],[12.089991,47.96064322296275],[11.043543000000001,48.33750516738467],[10.903914,48.612686948594835],[12.370904,48.8313496364822]]]]}},{"type":"Feature","bbox":[-7.572168,49.96,1.681531,58.635],"properties":{"featurecla":"Admin-0 country","scalerank":1,"LABELRANK":2,"SOVEREIGNT":"United Kingdom","SOV_A3":"GB1","ADM0_DIF":1,"LEVEL":2,"TYPE":"Country","TLC":"1","ADMIN":"United Kingdom","ADM0_A3":"GBR","GEOU_DIF":0,"GEOUNIT":"United Kingdom","GU_A3":"GBR","SU_DIF":0,"SUBUNIT":"United Kingdom","SU_A3":"GBR","BRK_DIFF":0,"NAME":"United Kingdom","NAME_LONG":"United Kingdom","BRK_A3":"GBR","BRK_NAME":"United Kingdom","BRK_GROUP":null,"ABBREV":"U.K.","POSTAL":"GB","FORMAL_EN":"United Kingdom of Great Britain and Northern Ireland","FORMAL_FR":null,"NAME_CIAWF":"United Kingdom","NOTE_ADM0":null,"NOTE_BRK":null,"NAME_SORT":"United Kingdom","NAME_ALT":null,"MAPCOLOR7":6,"MAPCOLOR8":6,"MAPCOLOR9":6,"MAPCOLOR13":3,"POP_EST":66834405,"POP_RANK":16,"POP_YEAR":2019,"GDP_MD":2829108,"GDP_YEAR":2019,"ECONOMY":"1. Developed region: G7","INCOME_GRP":"1. High income: OECD","FIPS_10":"UK","ISO_A2":"GB","ISO_A2_EH":"GB","ISO_A3":"GBR","ISO_A3_EH":"GBR","ISO_N3":"826","ISO_N3_EH":"826","UN_A3":"826","WB_A2":"GB","WB_A3":"GBR","WOE_ID":-90,"WOE_ID_EH":23424975,"WOE_NOTE":"Eh ID includes Channel Islands and Isle of Man. UK constituent countries of England (24554868), Wales (12578049), Scotland (12578048), and Northern Ireland (20070563).","ADM0_ISO":"GBR","ADM0_DIFF":null,"ADM0_TLC":"GBR","ADM0_A3_US":"GBR","ADM0_A3_FR":"GBR","ADM0_A3_RU":"GBR","ADM0_A3_ES":"GBR","ADM0_A3_CN":"GBR","ADM0_A3_TW":"GBR","ADM0_A3_IN":"GBR","ADM0_A3_NP":"GBR","ADM0_A3_PK":"GBR","ADM0_A3_DE":"GBR","ADM0_A3_GB":"GBR","ADM0_A3_BR":"GBR","ADM0_A3_IL":"GBR","ADM0_A3_PS":"GBR","ADM0_A3_SA":"GBR","ADM0_A3_EG":"GBR","ADM0_A3_MA":"GBR","ADM0_A3_PT":"GBR","ADM0_A3_AR":"GBR","ADM0_A3_JP":"GBR","ADM0_A3_KO":"GBR","ADM0_A3_VN":"GBR","ADM0_A3_TR":"GBR","ADM0_A3_ID":"GBR","ADM0_A3_PL":"GBR","ADM0_A3_GR":"GBR","ADM0_A3_IT":"GBR","ADM0_A3_NL":"GBR","ADM0_A3_SE":"GBR","ADM0_A3_BD":"GBR","ADM0_A3_UA":"GBR","ADM0_A3_UN":-99,"ADM0_A3_WB":-99,"CONTINENT":"Europe","REGION_UN":"Europe","SUBREGION":"Northern Europe","REGION_WB":"Europe & Central Asia","NAME_LEN":14,"LONG_LEN":14,"ABBREV_LEN":4,"TINY":-99,"HOMEPART":1,"MIN_ZOOM":0,"MIN_LABEL":1.7,"MAX_LABEL":6.7,"LABEL_X":-2.116346,"LABEL_Y":54.402739,"NE_ID":1159320713,"WIKIDATAID":"Q145","NAME_AR":"المملكة المتحدة","NAME_BN":"যুক্তরাজ্য","NAME_DE":"Vereinigtes Königreich","NAME_EN":"United Kingdom","NAME_ES":"Reino Unido","NAME_FA":"بریتانیا","NAME_FR":"Royaume-Uni","NAME_EL":"Ηνωμένο Βασίλειο","NAME_HE":"הממלכה המאוחדת","NAME_HI":"यूनाइटेड किंगडम","NAME_HU":"Egyesült Királyság","NAME_ID":"Britania Raya","NAME_IT":"Regno Unito","NAME_JA":"イギリス","NAME_KO":"영국","NAME_NL":"Verenigd Koninkrijk","NAME_PL":"Wielka Brytania","NAME_PT":"Reino Unido","NAME_RU":"Великобритания","NAME_SV":"Storbritannien","NAME_TR":"Birleşik Krallık","NAME_UK":"Велика Британія","NAME_UR":"مملکت متحدہ","NAME_VI":"Vương quốc Liên hiệp Anh và Bắc Ireland","NAME_ZH":"英国","NAME_ZHT":"英國","FCLASS_ISO":"Admin-0 country","TLC_DIFF":null,"FCLASS_TLC":"Admin-0 country","FCLASS_US":null,"FCLASS_FR":null,"FCLASS_RU":null,"FCLASS_ES":null,"FCLASS_CN":null,"FCLASS_TW":null,"FCLASS_IN":null,"FCLASS_NP":null,"FCLASS_PK":null,"FCLASS_DE":null,"FCLASS_GB":null,"FCLASS_BR":null,"FCLASS_IL":null,"FCLASS_PS":null,"FCLASS_SA":null,"FCLASS_EG":null,"FCLASS_MA":null,"FCLASS_PT":null,"FCLASS_AR":null,"FCLASS_JP":null,"FCLASS_KO":null,"FCLASS_VN":null,"FCLASS_TR":null,"FCLASS_ID":null,"FCLASS_PL":null,"FCLASS_GR":null,"FCLASS_IT":null,"FCLASS_NL":null,"FCLASS_SE":null,"FCLASS_BD":null,"FCLASS_UA":null},"geometry":{"type":"MultiPolygon","coordinates":[[[[-6.197885,47.33246034021082],[-6.95373,47.47198352148713],[-7.572167999999999,47.46269108258095],[-7.366031,47.82373900505536],[-7.572167999999999,48.18222372418173],[-6.733847,48.20971235254001],[-5.661949,47.79604386670539],[-6.197885,47.33246034021082]]],[[[-3.0938310000000007,47.0177204339595],[-3.09208,47.01764816606434],[-2.945009,47.411991142623855],[-3.614701,47.8271604159927],[-3.6300049999999997,47.83660975057048],[-4.844169,47.95458663550307],[-5.082527,48.13551499881056],[-4.719112,48.432878659822805],[-5.047981,48.615351956787975],[-5.586398,48.301784078864074],[-5.644999000000001,48.938933397250565],[-6.149981,49.27280671152636],[-5.786825,49.94273653694646],[-5.009999,50.46193879847012],[-4.211495,50.41151433377429],[-3.005005,50.4651133695666],[-4.073828,49.77136152673027],[-3.055002,49.85975690583455],[-1.9592810000000003,49.85639230433077],[-2.219988,49.32823904439501],[-3.1190029999999997,48.74067950799401],[-2.0850090000000003,48.69859113205471],[-2.005676,48.629178518721396],[-1.114991,47.84330366612051],[-0.430485,47.73539656325385],[0.184981,46.963469517810616],[0.469977,46.69320641495217],[1.681531,46.5623979362517],[1.559988,46.12090314578658],[1.050562,45.91727423371095],[1.449865,45.55620028880003],[0.550334,45.18831187386216],[-0.787517,45.1948307057757],[-2.489998,45.00072993423741],[-2.9562739999999996,45.13976081189035],[-3.6174480000000004,44.80831561651172],[-4.542508,44.88877061739513],[-5.245023,44.61761128629678],[-5.776567,44.75957016167311],[-4.30999,45.50055724179058],[-3.4148510000000005,45.651754199256594],[-3.422719,45.65234067202404],[-4.984367000000001,45.76868728379132],[-5.267296,46.04557822573438],[-4.222347,46.26029544514999],[-4.770013,46.631443834755224],[-4.579999,47.07935588350215],[-3.0938310000000007,47.0177204339595]]]]}},{"type":"Feature","bbox":[-24.326184,63.496383,-13.609732,66.526792],"properties":{"featurecla":"Admin-0 country","scalerank":1,"LABELRANK":3,"SOVEREIGNT":"Iceland","SOV_A3":"ISL","ADM0_DIF":0,"LEVEL":2,"TYPE":"Sovereign country","TLC":"1","ADMIN":"Iceland","ADM0_A3":"ISL","GEOU_DIF":0,"GEOUNIT":"Iceland","GU_A3":"ISL","SU_DIF":0,"SUBUNIT":"Iceland","SU_A3":"ISL","BRK_DIFF":0,"NAME":"Iceland","NAME_LONG":"Iceland","BRK_A3":"ISL","BRK_NAME":"Iceland","BRK_GROUP":null,"ABBREV":"Iceland","POSTAL":"IS","FORMAL_EN":"Republic of Iceland","FORMAL_FR":null,"NAME_CIAWF":"Iceland","NOTE_ADM0":null,"NOTE_BRK":null,"NAME_SORT":"Iceland","NAME_ALT":null,"MAPCOLOR7":1,"MAPCOLOR8":4,"MAPCOLOR9":4,"MAPCOLOR13":9,"POP_EST":361313,"POP_RANK":10,"POP_YEAR":2019,"GDP_MD":24188,"GDP_YEAR":2019,"ECONOMY":"2. Developed region: nonG7","INCOME_GRP":"1. High income: OECD","FIPS_10":"IC","ISO_A2":"IS","ISO_A2_EH":"IS","ISO_A3":"ISL","ISO_A3_EH":"ISL","ISO_N3":"352","ISO_N3_EH":"352","UN_A3":"352","WB_A2":"IS","WB_A3":"ISL","WOE_ID":23424845,"WOE_ID_EH":23424845,"WOE_NOTE":"Exact WOE match as country","ADM0_ISO":"ISL","ADM0_DIFF":null,"ADM0_TLC":"ISL","ADM0_A3_US":"ISL","ADM0_A3_FR":"ISL","ADM0_A3_RU":"ISL","ADM0_A3_ES":"ISL","ADM0_A3_CN":"ISL","ADM0_A3_TW":"ISL","ADM0_A3_IN":"ISL","ADM0_A3_NP":"ISL","ADM0_A3_PK":"ISL","ADM0_A3_DE":"ISL","ADM0_A3_GB":"ISL","ADM0_A3_BR":"ISL","ADM0_A3_IL":"ISL","ADM0_A3_PS":"ISL","ADM0_A3_SA":"ISL","ADM0_A3_EG":"ISL","ADM0_A3_MA":"ISL","ADM0_A3_PT":"ISL","ADM0_A3_AR":"ISL","ADM0_A3_JP":"ISL","ADM0_A3_KO":"ISL","ADM0_A3_VN":"ISL","ADM0_A3_TR":"ISL","ADM0_A3_ID":"ISL","ADM0_A3_PL":"ISL","ADM0_A3_GR":"ISL","ADM0_A3_IT":"ISL","ADM0_A3_NL":"ISL","ADM0_A3_SE":"ISL","ADM0_A3_BD":"ISL","ADM0_A3_UA":"ISL","ADM0_A3_UN":-99,"ADM0_A3_WB":-99,"CONTINENT":"Europe","REGION_UN":"Europe","SUBREGION":"Northern Europe","REGION_WB":"Europe & Central Asia","NAME_LEN":7,"LONG_LEN":7,"ABBREV_LEN":7,"TINY":-99,"HOMEPART":1,"MIN_ZOOM":0,"MIN_LABEL":2,"MAX_LABEL":7,"LABEL_X":-18.673711,"LABEL_Y":64.779286,"NE_ID":1159320917,"WIKIDATAID":"Q189","NAME_AR":"آيسلندا","NAME_BN":"আইসল্যান্ড","NAME_DE":"Island","NAME_EN":"Iceland","NAME_ES":"Islandia","NAME_FA":"ایسلند","NAME_FR":"Islande","NAME_EL":"Ισλανδία","NAME_HE":"איסלנד","NAME_HI":"आइसलैण्ड","NAME_HU":"Izland","NAME_ID":"Islandia","NAME_IT":"Islanda","NAME_JA":"アイスランド","NAME_KO":"아이슬란드","NAME_NL":"IJsland","NAME_PL":"Islandia","NAME_PT":"Islândia","NAME_RU":"Исландия","NAME_SV":"Island","NAME_TR":"İzlanda","NAME_UK":"Ісландія","NAME_UR":"آئس لینڈ","NAME_VI":"Iceland","NAME_ZH":"冰岛","NAME_ZHT":"冰島","FCLASS_ISO":"Admin-0 country","TLC_DIFF":null,"FCLASS_TLC":"Admin-0 country","FCLASS_US":null,"FCLASS_FR":null,"FCLASS_RU":null,"FCLASS_ES":null,"FCLASS_CN":null,"FCLASS_TW":null,"FCLASS_IN":null,"FCLASS_NP":null,"FCLASS_PK":null,"FCLASS_DE":null,"FCLASS_GB":null,"FCLASS_BR":null,"FCLASS_IL":null,"FCLASS_PS":null,"FCLASS_SA":null,"FCLASS_EG":null,"FCLASS_MA":null,"FCLASS_PT":null,"FCLASS_AR":null,"FCLASS_JP":null,"FCLASS_KO":null,"FCLASS_VN":null,"FCLASS_TR":null,"FCLASS_ID":null,"FCLASS_PL":null,"FCLASS_GR":null,"FCLASS_IT":null,"FCLASS_NL":null,"FCLASS_SE":null,"FCLASS_BD":null,"FCLASS_UA":null},"geometry":{"type":"Polygon","coordinates":[[[-14.508695,55.18490827335267],[-14.739637000000002,54.81371866916832],[-13.609731999999997,54.41876581268579],[-14.909834,53.97264261128561],[-17.794438,53.56759668375782],[-18.656246,53.45915553366877],[-19.972755000000003,53.54673825077048],[-22.762971999999998,53.73440059317331],[-21.778484,53.995007120702624],[-23.955044,54.281485487162556],[-22.184403,54.394493463060726],[-22.227423,54.56508694609009],[-24.326184,54.69971745438237],[-23.650515,55.07435282957887],[-22.134922,55.15896648669032],[-20.576284,54.769534055994455],[-19.056841999999996,55.08241414450308],[-17.798624,54.92024219832906],[-16.167819,55.225366640535775],[-14.508695,55.18490827335267]]]}},{"type":"Feature","bbox":[44.79399,38.270378,50.392821,41.860675],"properties":{"featurecla":"Admin-0 country","scalerank":1,"LABELRANK":5,"SOVEREIGNT":"Azerbaijan","SOV_A3":"AZE","ADM0_DIF":0,"LEVEL":2,"TYPE":"Sovereign country","TLC":"1","ADMIN":"Azerbaijan","ADM0_A3":"AZE","GEOU_DIF":0,"GEOUNIT":"Azerbaijan","GU_A3":"AZE","SU_DIF":0,"SUBUNIT":"Azerbaijan","SU_A3":"AZE","BRK_DIFF":0,"NAME":"Azerbaijan","NAME_LONG":"Azerbaijan","BRK_A3":"AZE","BRK_NAME":"Azerbaijan","BRK_GROUP":null,"ABBREV":"Aze.","POSTAL":"AZ","FORMAL_EN":"Republic of Azerbaijan","FORMAL_FR":null,"NAME_CIAWF":"Azerbaijan","NOTE_ADM0":null,"NOTE_BRK":null,"NAME_SORT":"Azerbaijan","NAME_ALT":null,"MAPCOLOR7":1,"MAPCOLOR8":6,"MAPCOLOR9":5,"MAPCOLOR13":8,"POP_EST":10023318,"POP_RANK":14,"POP_YEAR":2019,"GDP_MD":48047,"GDP_YEAR":2019,"ECONOMY":"6. Developing region","INCOME_GRP":"3. Upper middle income","FIPS_10":"AJ","ISO_A2":"AZ","ISO_A2_EH":"AZ","ISO_A3":"AZE","ISO_A3_EH":"AZE","ISO_N3":"031","ISO_N3_EH":"031","UN_A3":"031","WB_A2":"AZ","WB_A3":"AZE","WOE_ID":23424741,"WOE_ID_EH":23424741,"WOE_NOTE":"Exact WOE match as country","ADM0_ISO":"AZE","ADM0_DIFF":null,"ADM0_TLC":"AZE","ADM0_A3_US":"AZE","ADM0_A3_FR":"AZE","ADM0_A3_RU":"AZE","ADM0_A3_ES":"AZE","ADM0_A3_CN":"AZE","ADM0_A3_TW":"AZE","ADM0_A3_IN":"AZE","ADM0_A3_NP":"AZE","ADM0_A3_PK":"AZE","ADM0_A3_DE":"AZE","ADM0_A3_GB":"AZE","ADM0_A3_BR":"AZE","ADM0_A3_IL":"AZE","ADM0_A3_PS":"AZE","ADM0_A3_SA":"AZE","ADM0_A3_EG":"AZE","ADM0_A3_MA":"AZE","ADM0_A3_PT":"AZE","ADM0_A3_AR":"AZE","ADM0_A3_JP":"AZE","ADM0_A3_KO":"AZE","ADM0_A3_VN":"AZE","ADM0_A3_TR":"AZE","ADM0_A3_ID":"AZE","ADM0_A3_PL":"AZE","ADM0_A3_GR":"AZE","ADM0_A3_IT":"AZE","ADM0_A3_NL":"AZE","ADM0_A3_SE":"AZE","ADM0_A3_BD":"AZE","ADM0_A3_UA":"AZE","ADM0_A3_UN":-99,"ADM0_A3_WB":-99,"CONTINENT":"Asia","REGION_UN":"Asia","SUBREGION":"Western Asia","REGION_WB":"Europe & Central Asia","NAME_LEN":10,"LONG_LEN":10,"ABBREV_LEN":4,"TINY":-99,"HOMEPART":1,"MIN_ZOOM":0,"MIN_LABEL":4,"MAX_LABEL":9,"LABEL_X":47.210994,"LABEL_Y":40.402387,"NE_ID":1159320381,"WIKIDATAID":"Q227","NAME_AR":"أذربيجان","NAME_BN":"আজারবাইজান","NAME_DE":"Aserbaidschan","NAME_EN":"Azerbaijan","NAME_ES":"Azerbaiyán","NAME_FA":"جمهوری آذربایجان","NAME_FR":"Azerbaïdjan","NAME_EL":"Αζερμπαϊτζάν","NAME_HE":"אזרבייג'ן","NAME_HI":"अज़रबैजान","NAME_HU":"Azerbajdzsán","NAME_ID":"Azerbaijan","NAME_IT":"Azerbaigian","NAME_JA":"アゼルバイジャン","NAME_KO":"아제르바이잔","NAME_NL":"Azerbeidzjan","NAME_PL":"Azerbejdżan","NAME_PT":"Azerbaijão","NAME_RU":"Азербайджан","NAME_SV":"Azerbajdzjan","NAME_TR":"Azerbaycan","NAME_UK":"Азербайджан","NAME_UR":"آذربائیجان","NAME_VI":"Azerbaijan","NAME_ZH":"阿塞拜疆","NAME_ZHT":"亞塞拜然","FCLASS_ISO":"Admin-0 country","TLC_DIFF":null,"FCLASS_TLC":"Admin-0 country","FCLASS_US":null,"FCLASS_FR":null,"FCLASS_RU":null,"FCLASS_ES":null,"FCLASS_CN":null,"FCLASS_TW":null,"FCLASS_IN":null,"FCLASS_NP":null,"FCLASS_PK":null,"FCLASS_DE":null,"FCLASS_GB":null,"FCLASS_BR":null,"FCLASS_IL":null,"FCLASS_PS":null,"FCLASS_SA":null,"FCLASS_EG":null,"FCLASS_MA":null,"FCLASS_PT":null,"FCLASS_AR":null,"FCLASS_JP":null,"FCLASS_KO":null,"FCLASS_VN":null,"FCLASS_TR":null,"FCLASS_ID":null,"FCLASS_PL":null,"FCLASS_GR":null,"FCLASS_IT":null,"FCLASS_NL":null,"FCLASS_SE":null,"FCLASS_BD":null,"FCLASS_UA":null},"geometry":{"type":"MultiPolygon","coordinates":[[[[46.404951,38.567509637194135],[46.686071,38.54128235842546],[47.37331499999999,38.06462777326501],[47.81566600000001,38.010821739572144],[47.987283,38.210990259623095],[48.58435299999999,38.526992450847864],[49.110264,38.11386173485057],[49.618915,37.55361604478774],[50.08483,37.5165307252493],[50.39282099999999,37.30238702719071],[49.569202,37.23835803414926],[49.395259,36.61754174451769],[49.223228000000006,36.33589638939517],[48.856532,36.14738368525484],[48.883249,35.74645747625536],[48.634375000000006,35.70597462761192],[48.01074400000001,36.130043886373294],[48.355529,36.52862521932405],[48.060095000000004,36.76408607326676],[47.685079,36.704884692394906],[46.50572,36.11113380104032],[46.483498999999995,36.669433073685866],[46.034534,36.80075677144836],[45.610012,37.018222080574155],[45.891907,37.272086280037584],[45.35917500000001,37.544561909259514],[45.560351,37.743139674658785],[45.179496,37.87986569244058],[44.97248,38.08698176406468],[45.217426,38.21541618864681],[45.962601,37.98911755068998],[46.50163700000001,37.94226575053544],[46.637907999999996,38.03465718560437],[46.14543199999999,38.459629468856875],[46.404951,38.567509637194135]]],[[[46.143623,36.08737544146457],[45.457722,36.19473181798131],[44.952688,36.56638329831998],[44.79399,36.86877361559313],[45.001987,36.89037167936975],[45.298145,36.675525541243005],[45.739978,36.67732848547378],[45.735379,36.55349460308277],[46.143623,36.08737544146457]]]]}},{"type":"Feature","bbox":[39.955009,41.064445,46.637908,43.553104],"properties":{"featurecla":"Admin-0 country","scalerank":1,"LABELRANK":5,"SOVEREIGNT":"Georgia","SOV_A3":"GEO","ADM0_DIF":0,"LEVEL":2,"TYPE":"Sovereign country","TLC":"1","ADMIN":"Georgia","ADM0_A3":"GEO","GEOU_DIF":0,"GEOUNIT":"Georgia","GU_A3":"GEO","SU_DIF":0,"SUBUNIT":"Georgia","SU_A3":"GEO","BRK_DIFF":0,"NAME":"Georgia","NAME_LONG":"Georgia","BRK_A3":"GEO","BRK_NAME":"Georgia","BRK_GROUP":null,"ABBREV":"Geo.","POSTAL":"GE","FORMAL_EN":"Georgia","FORMAL_FR":null,"NAME_CIAWF":"Georgia","NOTE_ADM0":null,"NOTE_BRK":null,"NAME_SORT":"Georgia","NAME_ALT":null,"MAPCOLOR7":5,"MAPCOLOR8":1,"MAPCOLOR9":3,"MAPCOLOR13":2,"POP_EST":3720382,"POP_RANK":12,"POP_YEAR":2019,"GDP_MD":17477,"GDP_YEAR":2019,"ECONOMY":"6. Developing region","INCOME_GRP":"4. Lower middle income","FIPS_10":"GG","ISO_A2":"GE","ISO_A2_EH":"GE","ISO_A3":"GEO","ISO_A3_EH":"GEO","ISO_N3":"268","ISO_N3_EH":"268","UN_A3":"268","WB_A2":"GE","WB_A3":"GEO","WOE_ID":23424823,"WOE_ID_EH":23424823,"WOE_NOTE":"Exact WOE match as country","ADM0_ISO":"GEO","ADM0_DIFF":null,"ADM0_TLC":"GEO","ADM0_A3_US":"GEO","ADM0_A3_FR":"GEO","ADM0_A3_RU":"GEO","ADM0_A3_ES":"GEO","ADM0_A3_CN":"GEO","ADM0_A3_TW":"GEO","ADM0_A3_IN":"GEO","ADM0_A3_NP":"GEO","ADM0_A3_PK":"GEO","ADM0_A3_DE":"GEO","ADM0_A3_GB":"GEO","ADM0_A3_BR":"GEO","ADM0_A3_IL":"GEO","ADM0_A3_PS":"GEO","ADM0_A3_SA":"GEO","ADM0_A3_EG":"GEO","ADM0_A3_MA":"GEO","ADM0_A3_PT":"GEO","ADM0_A3_AR":"GEO","ADM0_A3_JP":"GEO","ADM0_A3_KO":"GEO","ADM0_A3_VN":"GEO","ADM0_A3_TR":"GEO","ADM0_A3_ID":"GEO","ADM0_A3_PL":"GEO","ADM0_A3_GR":"GEO","ADM0_A3_IT":"GEO","ADM0_A3_NL":"GEO","ADM0_A3_SE":"GEO","ADM0_A3_BD":"GEO","ADM0_A3_UA":"GEO","ADM0_A3_UN":-99,"ADM0_A3_WB":-99,"CONTINENT":"Asia","REGION_UN":"Asia","SUBREGION":"Western Asia","REGION_WB":"Europe & Central Asia","NAME_LEN":7,"LONG_LEN":7,"ABBREV_LEN":4,"TINY":-99,"HOMEPART":1,"MIN_ZOOM":0,"MIN_LABEL":4,"MAX_LABEL":9,"LABEL_X":43.735724,"LABEL_Y":41.870087,"NE_ID":1159320779,"WIKIDATAID":"Q230","NAME_AR":"جورجيا","NAME_BN":"জর্জিয়া","NAME_DE":"Georgien","NAME_EN":"Georgia","NAME_ES":"Georgia","NAME_FA":"گرجستان","NAME_FR":"Géorgie","NAME_EL":"Γεωργία","NAME_HE":"גאורגיה","NAME_HI":"जॉर्जिया","NAME_HU":"Grúzia","NAME_ID":"Georgia","NAME_IT":"Georgia","NAME_JA":"ジョージア","NAME_KO":"조지아","NAME_NL":"Georgië","NAME_PL":"Gruzja","NAME_PT":"Geórgia","NAME_RU":"Грузия","NAME_SV":"Georgien","NAME_TR":"Gürcistan","NAME_UK":"Грузія","NAME_UR":"جارجیا","NAME_VI":"Gruzia","NAME_ZH":"格鲁吉亚","NAME_ZHT":"喬治亞","FCLASS_ISO":"Admin-0 country","TLC_DIFF":null,"FCLASS_TLC":"Admin-0 country","FCLASS_US":null,"FCLASS_FR":null,"FCLASS_RU":null,"FCLASS_ES":null,"FCLASS_CN":null,"FCLASS_TW":null,"FCLASS_IN":null,"FCLASS_NP":null,"FCLASS_PK":null,"FCLASS_DE":null,"FCLASS_GB":null,"FCLASS_BR":null,"FCLASS_IL":null,"FCLASS_PS":null,"FCLASS_SA":null,"FCLASS_EG":null,"FCLASS_MA":null,"FCLASS_PT":null,"FCLASS_AR":null,"FCLASS_JP":null,"FCLASS_KO":null,"FCLASS_VN":null,"FCLASS_TR":null,"FCLASS_ID":null,"FCLASS_PL":null,"FCLASS_GR":null,"FCLASS_IT":null,"FCLASS_NL":null,"FCLASS_SE":null,"FCLASS_BD":null,"FCLASS_UA":null},"geometry":{"type":"Polygon","coordinates":[[[39.955009,39.787856331966466],[40.076965,39.878551376009334],[40.92219000000001,39.74723493117935],[42.3944,39.622680533500265],[43.75599,39.252378907138926],[43.93121,39.108299761034],[44.537623,39.230044948572065],[45.470279,39.06779957468107],[45.7764,38.74849209233503],[46.404951,38.567509637194135],[46.14543199999999,38.459629468856875],[46.637907999999996,38.03465718560437],[46.50163700000001,37.94226575053544],[45.962601,37.98911755068998],[45.217426,38.21541618864681],[44.97248,38.08698176406468],[43.582746,37.96410599780992],[42.619549,38.35021062064342],[41.554084,38.31293663783576],[41.70317099999999,38.6474258415915],[41.45347000000001,39.1782274659054],[40.875469,39.463306147925806],[40.321394000000005,39.55203778780096],[39.955009,39.787856331966466]]]}},{"type":"Feature","bbox":[117.174275,5.581003,126.537424,18.505227],"properties":{"featurecla":"Admin-0 country","scalerank":1,"LABELRANK":2,"SOVEREIGNT":"Philippines","SOV_A3":"PHL","ADM0_DIF":0,"LEVEL":2,"TYPE":"Sovereign country","TLC":"1","ADMIN":"Philippines","ADM0_A3":"PHL","GEOU_DIF":0,"GEOUNIT":"Philippines","GU_A3":"PHL","SU_DIF":0,"SUBUNIT":"Philippines","SU_A3":"PHL","BRK_DIFF":0,"NAME":"Philippines","NAME_LONG":"Philippines","BRK_A3":"PHL","BRK_NAME":"Philippines","BRK_GROUP":null,"ABBREV":"Phil.","POSTAL":"PH","FORMAL_EN":"Republic of the Philippines","FORMAL_FR":null,"NAME_CIAWF":"Philippines","NOTE_ADM0":null,"NOTE_BRK":null,"NAME_SORT":"Philippines","NAME_ALT":null,"MAPCOLOR7":3,"MAPCOLOR8":2,"MAPCOLOR9":2,"MAPCOLOR13":8,"POP_EST":108116615,"POP_RANK":17,"POP_YEAR":2019,"GDP_MD":376795,"GDP_YEAR":2019,"ECONOMY":"5. Emerging region: G20","INCOME_GRP":"4. Lower middle income","FIPS_10":"RP","ISO_A2":"PH","ISO_A2_EH":"PH","ISO_A3":"PHL","ISO_A3_EH":"PHL","ISO_N3":"608","ISO_N3_EH":"608","UN_A3":"608","WB_A2":"PH","WB_A3":"PHL","WOE_ID":23424934,"WOE_ID_EH":23424934,"WOE_NOTE":"Exact WOE match as country","ADM0_ISO":"PHL","ADM0_DIFF":null,"ADM0_TLC":"PHL","ADM0_A3_US":"PHL","ADM0_A3_FR":"PHL","ADM0_A3_RU":"PHL","ADM0_A3_ES":"PHL","ADM0_A3_CN":"PHL","ADM0_A3_TW":"PHL","ADM0_A3_IN":"PHL","ADM0_A3_NP":"PHL","ADM0_A3_PK":"PHL","ADM0_A3_DE":"PHL","ADM0_A3_GB":"PHL","ADM0_A3_BR":"PHL","ADM0_A3_IL":"PHL","ADM0_A3_PS":"PHL","ADM0_A3_SA":"PHL","ADM0_A3_EG":"PHL","ADM0_A3_MA":"PHL","ADM0_A3_PT":"PHL","ADM0_A3_AR":"PHL","ADM0_A3_JP":"PHL","ADM0_A3_KO":"PHL","ADM0_A3_VN":"PHL","ADM0_A3_TR":"PHL","ADM0_A3_ID":"PHL","ADM0_A3_PL":"PHL","ADM0_A3_GR":"PHL","ADM0_A3_IT":"PHL","ADM0_A3_NL":"PHL","ADM0_A3_SE":"PHL","ADM0_A3_BD":"PHL","ADM0_A3_UA":"PHL","ADM0_A3_UN":-99,"ADM0_A3_WB":-99,"CONTINENT":"Asia","REGION_UN":"Asia","SUBREGION":"South-Eastern Asia","REGION_WB":"East Asia & Pacific","NAME_LEN":11,"LONG_LEN":11,"ABBREV_LEN":5,"TINY":-99,"HOMEPART":1,"MIN_ZOOM":0,"MIN_LABEL":2.5,"MAX_LABEL":7,"LABEL_X":122.465,"LABEL_Y":11.198,"NE_ID":1159321169,"WIKIDATAID":"Q928","NAME_AR":"الفلبين","NAME_BN":"ফিলিপাইন","NAME_DE":"Philippinen","NAME_EN":"Philippines","NAME_ES":"Filipinas","NAME_FA":"فیلیپین","NAME_FR":"Philippines","NAME_EL":"Φιλιππίνες","NAME_HE":"הפיליפינים","NAME_HI":"फ़िलीपीन्स","NAME_HU":"Fülöp-szigetek","NAME_ID":"Filipina","NAME_IT":"Filippine","NAME_JA":"フィリピン","NAME_KO":"필리핀","NAME_NL":"Filipijnen","NAME_PL":"Filipiny","NAME_PT":"Filipinas","NAME_RU":"Филиппины","NAME_SV":"Filippinerna","NAME_TR":"Filipinler","NAME_UK":"Філіппіни","NAME_UR":"فلپائن","NAME_VI":"Philippines","NAME_ZH":"菲律宾","NAME_ZHT":"菲律賓","FCLASS_ISO":"Admin-0 country","TLC_DIFF":null,"FCLASS_TLC":"Admin-0 country","FCLASS_US":null,"FCLASS_FR":null,"FCLASS_RU":null,"FCLASS_ES":null,"FCLASS_CN":null,"FCLASS_TW":null,"FCLASS_IN":null,"FCLASS_NP":null,"FCLASS_PK":null,"FCLASS_DE":null,"FCLASS_GB":null,"FCLASS_BR":null,"FCLASS_IL":null,"FCLASS_PS":null,"FCLASS_SA":null,"FCLASS_EG":null,"FCLASS_MA":null,"FCLASS_PT":null,"FCLASS_AR":null,"FCLASS_JP":null,"FCLASS_KO":null,"FCLASS_VN":null,"FCLASS_TR":null,"FCLASS_ID":null,"FCLASS_PL":null,"FCLASS_GR":null,"FCLASS_IT":null,"FCLASS_NL":null,"FCLASS_SE":null,"FCLASS_BD":null,"FCLASS_UA":null},"geometry":{"type":"MultiPolygon","coordinates":[[[[120.833896,12.601651625168104],[120.323436,13.344116027460641],[121.180128,13.308388666465794],[121.527394,12.957700840907664],[121.26219,12.114277803791497],[120.833896,12.601651625168104]]],[[[122.58608900000002,9.930943222287562],[122.837081,10.206740766402854],[122.947411,10.817031340541194],[123.49885,10.874737772088517],[123.337774,10.212869163655832],[124.077936,11.161455095790135],[123.98243799999999,10.224083421296209],[123.62318300000001,9.900451607779493],[123.309921,9.277460565373469],[122.99588300000002,8.98513304119488],[122.38005500000001,9.667164789005954],[122.58608900000002,9.930943222287562]]],[[[126.376814,8.384618451587702],[126.47851300000002,7.72682586850523],[126.53742400000002,7.170589002398138],[126.19677300000001,6.261791448204097],[125.831421,7.274095176151855],[125.36385200000001,6.770671847909485],[125.683161,6.038447466601007],[125.39651200000002,5.57219835785857],[124.21978799999998,6.149514254820022],[123.93872,6.868624864585188],[124.24366200000001,7.340446871848569],[123.61021199999999,7.8092356167251635],[123.296071,7.3982315888339],[122.825506,7.436408435528355],[122.085499,6.882810107651467],[121.919928,7.173305580140961],[122.31235900000001,8.008754436768763],[122.942398,8.287189775551374],[123.48768799999999,8.659849262218792],[123.84115400000002,8.212062304337046],[124.60146999999999,8.482994961680223],[124.76461199999999,8.924106023007528],[125.47139100000001,8.95037122065455],[125.41211800000002,9.713468559385745],[126.22271400000001,9.245685263725484],[126.306637,8.748295758306643],[126.376814,8.384618451587702]]],[[[118.504581,9.27559923079939],[117.174275,8.337914211958257],[117.664477,9.02928182889707],[118.386914,9.638712416924976],[118.987342,10.32003348246798],[119.51149600000001,11.295775722395792],[119.689677,10.49510390185102],[119.02945799999999,9.953211713223425],[118.504581,9.27559923079939]]],[[[122.336957,17.925110297968594],[122.17427900000001,17.530198675863925],[122.515654,16.845435964764444],[122.252311,16.048387465284122],[121.66278599999998,15.72962445124331],[121.50506999999999,14.9521532806968],[121.728829,14.181323107291913],[122.258925,14.074481528750459],[122.70127599999998,14.189239142845098],[123.950295,13.651113372516553],[123.85510699999999,13.121545108663053],[124.18128900000002,12.887462976057973],[124.07741900000002,12.437823189120369],[123.298035,12.916704593179789],[122.928652,13.428272770077417],[122.67135500000002,13.070960898929311],[122.03465000000001,13.653397947689015],[121.126385,13.509735840444687],[120.62863700000001,13.724493420196263],[120.67938400000001,14.125704326576832],[120.99181899999999,14.372255277821662],[120.69333600000002,14.596182307427721],[120.56414500000001,14.247147210304886],[120.070429,14.803369209843426],[119.920929,15.223980663696784],[119.883773,16.14567740308413],[120.286488,15.829330903542308],[120.390047,17.328693819983727],[120.71586700000002,18.19164458963773],[121.32130799999999,18.190540665704532],[121.937601,17.91908650475323],[122.24600599999998,18.166679191015614],[122.336957,17.925110297968594]]],[[[122.03837000000001,11.341050731831649],[121.883548,11.807286009686223],[122.483821,11.504101892930656],[123.120217,11.505545297292109],[123.10083800000001,11.09591904649792],[122.637714,10.67893722618963],[122.00261,10.383704935080182],[121.967367,10.84043012815177],[122.03837000000001,11.341050731831649]]],[[[125.502552,12.072364079222575],[125.78346499999999,10.978323188738468],[125.01188400000001,11.238684689256772],[125.03276099999998,10.909295789422636],[125.277449,10.302747247302126],[124.801819,10.082240059694723],[124.76016800000001,10.77393480511065],[124.459101,10.824949986375744],[124.302522,11.419017165005112],[124.891013,11.340797769423203],[124.87799000000001,11.711768755288867],[124.266762,12.458411537847626],[125.227116,12.436889624466268],[125.502552,12.072364079222575]]]]}},{"type":"Feature","bbox":[100.085757,0.773131,119.181904,6.928053],"properties":{"featurecla":"Admin-0 country","scalerank":1,"LABELRANK":3,"SOVEREIGNT":"Malaysia","SOV_A3":"MYS","ADM0_DIF":0,"LEVEL":2,"TYPE":"Sovereign country","TLC":"1","ADMIN":"Malaysia","ADM0_A3":"MYS","GEOU_DIF":0,"GEOUNIT":"Malaysia","GU_A3":"MYS","SU_DIF":0,"SUBUNIT":"Malaysia","SU_A3":"MYS","BRK_DIFF":0,"NAME":"Malaysia","NAME_LONG":"Malaysia","BRK_A3":"MYS","BRK_NAME":"Malaysia","BRK_GROUP":null,"ABBREV":"Malay.","POSTAL":"MY","FORMAL_EN":"Malaysia","FORMAL_FR":null,"NAME_CIAWF":"Malaysia","NOTE_ADM0":null,"NOTE_BRK":null,"NAME_SORT":"Malaysia","NAME_ALT":null,"MAPCOLOR7":2,"MAPCOLOR8":4,"MAPCOLOR9":3,"MAPCOLOR13":6,"POP_EST":31949777,"POP_RANK":15,"POP_YEAR":2019,"GDP_MD":364681,"GDP_YEAR":2019,"ECONOMY":"6. Developing region","INCOME_GRP":"3. Upper middle income","FIPS_10":"MY","ISO_A2":"MY","ISO_A2_EH":"MY","ISO_A3":"MYS","ISO_A3_EH":"MYS","ISO_N3":"458","ISO_N3_EH":"458","UN_A3":"458","WB_A2":"MY","WB_A3":"MYS","WOE_ID":23424901,"WOE_ID_EH":23424901,"WOE_NOTE":"Exact WOE match as country","ADM0_ISO":"MYS","ADM0_DIFF":null,"ADM0_TLC":"MYS","ADM0_A3_US":"MYS","ADM0_A3_FR":"MYS","ADM0_A3_RU":"MYS","ADM0_A3_ES":"MYS","ADM0_A3_CN":"MYS","ADM0_A3_TW":"MYS","ADM0_A3_IN":"MYS","ADM0_A3_NP":"MYS","ADM0_A3_PK":"MYS","ADM0_A3_DE":"MYS","ADM0_A3_GB":"MYS","ADM0_A3_BR":"MYS","ADM0_A3_IL":"MYS","ADM0_A3_PS":"MYS","ADM0_A3_SA":"MYS","ADM0_A3_EG":"MYS","ADM0_A3_MA":"MYS","ADM0_A3_PT":"MYS","ADM0_A3_AR":"MYS","ADM0_A3_JP":"MYS","ADM0_A3_KO":"MYS","ADM0_A3_VN":"MYS","ADM0_A3_TR":"MYS","ADM0_A3_ID":"MYS","ADM0_A3_PL":"MYS","ADM0_A3_GR":"MYS","ADM0_A3_IT":"MYS","ADM0_A3_NL":"MYS","ADM0_A3_SE":"MYS","ADM0_A3_BD":"MYS","ADM0_A3_UA":"MYS","ADM0_A3_UN":-99,"ADM0_A3_WB":-99,"CONTINENT":"Asia","REGION_UN":"Asia","SUBREGION":"South-Eastern Asia","REGION_WB":"East Asia & Pacific","NAME_LEN":8,"LONG_LEN":8,"ABBREV_LEN":6,"TINY":-99,"HOMEPART":1,"MIN_ZOOM":0,"MIN_LABEL":3,"MAX_LABEL":8,"LABEL_X":113.83708,"LABEL_Y":2.528667,"NE_ID":1159321083,"WIKIDATAID":"Q833","NAME_AR":"ماليزيا","NAME_BN":"মালয়েশিয়া","NAME_DE":"Malaysia","NAME_EN":"Malaysia","NAME_ES":"Malasia","NAME_FA":"مالزی","NAME_FR":"Malaisie","NAME_EL":"Μαλαισία","NAME_HE":"מלזיה","NAME_HI":"मलेशिया","NAME_HU":"Malajzia","NAME_ID":"Malaysia","NAME_IT":"Malaysia","NAME_JA":"マレーシア","NAME_KO":"말레이시아","NAME_NL":"Maleisië","NAME_PL":"Malezja","NAME_PT":"Malásia","NAME_RU":"Малайзия","NAME_SV":"Malaysia","NAME_TR":"Malezya","NAME_UK":"Малайзія","NAME_UR":"ملائیشیا","NAME_VI":"Malaysia","NAME_ZH":"马来西亚","NAME_ZHT":"馬來西亞","FCLASS_ISO":"Admin-0 country","TLC_DIFF":null,"FCLASS_TLC":"Admin-0 country","FCLASS_US":null,"FCLASS_FR":null,"FCLASS_RU":null,"FCLASS_ES":null,"FCLASS_CN":null,"FCLASS_TW":null,"FCLASS_IN":null,"FCLASS_NP":null,"FCLASS_PK":null,"FCLASS_DE":null,"FCLASS_GB":null,"FCLASS_BR":null,"FCLASS_IL":null,"FCLASS_PS":null,"FCLASS_SA":null,"FCLASS_EG":null,"FCLASS_MA":null,"FCLASS_PT":null,"FCLASS_AR":null,"FCLASS_JP":null,"FCLASS_KO":null,"FCLASS_VN":null,"FCLASS_TR":null,"FCLASS_ID":null,"FCLASS_PL":null,"FCLASS_GR":null,"FCLASS_IT":null,"FCLASS_NL":null,"FCLASS_SE":null,"FCLASS_BD":null,"FCLASS_UA":null},"geometry":{"type":"MultiPolygon","coordinates":[[[[100.085757,6.450817163240842],[100.259596,6.627992794971469],[101.075516,6.192774111714437],[101.154219,5.682047425079065],[101.81428200000002,5.800872305761487],[102.141187,6.209444994094513],[102.371147,6.116553988916366],[102.961705,5.515954694888179],[103.38121500000001,4.849201469911979],[103.438575,4.177898723241675],[103.33212199999998,3.7240730739422183],[103.429429,3.3809052745977017],[103.502448,2.7899158506079758],[103.854674,2.5146463123940896],[104.247932,1.6309207124192873],[104.228811,1.2929382531326987],[103.519707,1.2262403775380797],[102.573615,1.9667286643540258],[101.390638,2.7597462663284227],[101.27353999999998,3.268517771474836],[100.69543500000002,3.936040476452651],[100.557408,4.761788832802525],[100.196706,5.304897322707017],[100.30626000000001,6.029402854464637],[100.085757,6.450817163240842]]],[[[117.882035,4.1339595662622814],[117.015214,4.302045992455023],[115.865517,4.302509682155658],[115.51907799999998,3.1676231357323434],[115.13403699999999,2.8203423482734795],[114.62135499999998,1.4305393480541995],[113.80585,1.2174573750386253],[112.859809,1.497619438079598],[112.380252,1.4099786665855643],[111.79754799999999,0.9044034407288647],[111.159138,0.9764307328584056],[110.51406099999998,0.7731075391912786],[109.83022700000001,1.3380143687884223],[109.66326,2.0060570164559572],[110.396135,1.6635412262581641],[111.168853,1.850315297856158],[111.370081,2.6963072457803277],[111.796928,2.884677531372949],[112.99561500000002,3.100880125735206],[113.712935,3.8905158668101807],[114.204017,4.521174689948106],[114.659596,4.00437309244414],[114.86955700000001,4.344145868359874],[115.34746099999998,4.3125582172959405],[115.4057,4.949062286790568],[115.45071,5.43954025970816],[116.220741,6.131454468825234],[116.72510300000002,6.9079737726131585],[117.12962600000002,6.911231936079745],[117.64339300000002,6.408760383040196],[117.68907500000002,5.976621882079903],[118.347691,5.699274107077909],[119.18190400000002,5.399824603554039],[119.110694,5.0097324456979875],[118.439727,4.960311095862928],[118.61832100000001,4.473649479301515],[117.882035,4.1339595662622814]]]]}},{"type":"Feature","bbox":[114.204017,4.007637,115.45071,5.44773],"properties":{"featurecla":"Admin-0 country","scalerank":1,"LABELRANK":6,"SOVEREIGNT":"Brunei","SOV_A3":"BRN","ADM0_DIF":0,"LEVEL":2,"TYPE":"Sovereign country","TLC":"1","ADMIN":"Brunei","ADM0_A3":"BRN","GEOU_DIF":0,"GEOUNIT":"Brunei","GU_A3":"BRN","SU_DIF":0,"SUBUNIT":"Brunei","SU_A3":"BRN","BRK_DIFF":0,"NAME":"Brunei","NAME_LONG":"Brunei Darussalam","BRK_A3":"BRN","BRK_NAME":"Brunei","BRK_GROUP":null,"ABBREV":"Brunei","POSTAL":"BN","FORMAL_EN":"Negara Brunei Darussalam","FORMAL_FR":null,"NAME_CIAWF":"Brunei","NOTE_ADM0":null,"NOTE_BRK":null,"NAME_SORT":"Brunei","NAME_ALT":null,"MAPCOLOR7":4,"MAPCOLOR8":6,"MAPCOLOR9":6,"MAPCOLOR13":12,"POP_EST":433285,"POP_RANK":10,"POP_YEAR":2019,"GDP_MD":13469,"GDP_YEAR":2019,"ECONOMY":"6. Developing region","INCOME_GRP":"2. High income: nonOECD","FIPS_10":"BX","ISO_A2":"BN","ISO_A2_EH":"BN","ISO_A3":"BRN","ISO_A3_EH":"BRN","ISO_N3":"096","ISO_N3_EH":"096","UN_A3":"096","WB_A2":"BN","WB_A3":"BRN","WOE_ID":23424773,"WOE_ID_EH":23424773,"WOE_NOTE":"Exact WOE match as country","ADM0_ISO":"BRN","ADM0_DIFF":null,"ADM0_TLC":"BRN","ADM0_A3_US":"BRN","ADM0_A3_FR":"BRN","ADM0_A3_RU":"BRN","ADM0_A3_ES":"BRN","ADM0_A3_CN":"BRN","ADM0_A3_TW":"BRN","ADM0_A3_IN":"BRN","ADM0_A3_NP":"BRN","ADM0_A3_PK":"BRN","ADM0_A3_DE":"BRN","ADM0_A3_GB":"BRN","ADM0_A3_BR":"BRN","ADM0_A3_IL":"BRN","ADM0_A3_PS":"BRN","ADM0_A3_SA":"BRN","ADM0_A3_EG":"BRN","ADM0_A3_MA":"BRN","ADM0_A3_PT":"BRN","ADM0_A3_AR":"BRN","ADM0_A3_JP":"BRN","ADM0_A3_KO":"BRN","ADM0_A3_VN":"BRN","ADM0_A3_TR":"BRN","ADM0_A3_ID":"BRN","ADM0_A3_PL":"BRN","ADM0_A3_GR":"BRN","ADM0_A3_IT":"BRN","ADM0_A3_NL":"BRN","ADM0_A3_SE":"BRN","ADM0_A3_BD":"BRN","ADM0_A3_UA":"BRN","ADM0_A3_UN":-99,"ADM0_A3_WB":-99,"CONTINENT":"Asia","REGION_UN":"Asia","SUBREGION":"South-Eastern Asia","REGION_WB":"East Asia & Pacific","NAME_LEN":6,"LONG_LEN":17,"ABBREV_LEN":6,"TINY":2,"HOMEPART":1,"MIN_ZOOM":0,"MIN_LABEL":4,"MAX_LABEL":9,"LABEL_X":114.551943,"LABEL_Y":4.448298,"NE_ID":1159320451,"WIKIDATAID":"Q921","NAME_AR":"بروناي","NAME_BN":"ব্রুনাই","NAME_DE":"Brunei","NAME_EN":"Brunei","NAME_ES":"Brunéi","NAME_FA":"برونئی","NAME_FR":"Brunei","NAME_EL":"Μπρουνέι","NAME_HE":"ברוניי","NAME_HI":"ब्रुनेई","NAME_HU":"Brunei","NAME_ID":"Brunei Darussalam","NAME_IT":"Brunei","NAME_JA":"ブルネイ","NAME_KO":"브루나이","NAME_NL":"Brunei","NAME_PL":"Brunei","NAME_PT":"Brunei","NAME_RU":"Бруней","NAME_SV":"Brunei","NAME_TR":"Brunei","NAME_UK":"Бруней","NAME_UR":"برونائی دار السلام","NAME_VI":"Brunei","NAME_ZH":"文莱","NAME_ZHT":"汶萊","FCLASS_ISO":"Admin-0 country","TLC_DIFF":null,"FCLASS_TLC":"Admin-0 country","FCLASS_US":null,"FCLASS_FR":null,"FCLASS_RU":null,"FCLASS_ES":null,"FCLASS_CN":null,"FCLASS_TW":null,"FCLASS_IN":null,"FCLASS_NP":null,"FCLASS_PK":null,"FCLASS_DE":null,"FCLASS_GB":null,"FCLASS_BR":null,"FCLASS_IL":null,"FCLASS_PS":null,"FCLASS_SA":null,"FCLASS_EG":null,"FCLASS_MA":null,"FCLASS_PT":null,"FCLASS_AR":null,"FCLASS_JP":null,"FCLASS_KO":null,"FCLASS_VN":null,"FCLASS_TR":null,"FCLASS_ID":null,"FCLASS_PL":null,"FCLASS_GR":null,"FCLASS_IT":null,"FCLASS_NL":null,"FCLASS_SE":null,"FCLASS_BD":null,"FCLASS_UA":null},"geometry":{"type":"Polygon","coordinates":[[[115.45071,5.43954025970816],[115.4057,4.949062286790568],[115.34746099999998,4.3125582172959405],[114.86955700000001,4.344145868359874],[114.659596,4.00437309244414],[114.204017,4.521174689948106],[114.599961,4.894048869017869],[115.45071,5.43954025970816]]]}},{"type":"Feature","bbox":[13.69811,45.452316,16.564808,46.852386],"properties":{"featurecla":"Admin-0 country","scalerank":1,"LABELRANK":6,"SOVEREIGNT":"Slovenia","SOV_A3":"SVN","ADM0_DIF":0,"LEVEL":2,"TYPE":"Sovereign country","TLC":"1","ADMIN":"Slovenia","ADM0_A3":"SVN","GEOU_DIF":0,"GEOUNIT":"Slovenia","GU_A3":"SVN","SU_DIF":0,"SUBUNIT":"Slovenia","SU_A3":"SVN","BRK_DIFF":0,"NAME":"Slovenia","NAME_LONG":"Slovenia","BRK_A3":"SVN","BRK_NAME":"Slovenia","BRK_GROUP":null,"ABBREV":"Slo.","POSTAL":"SLO","FORMAL_EN":"Republic of Slovenia","FORMAL_FR":null,"NAME_CIAWF":"Slovenia","NOTE_ADM0":null,"NOTE_BRK":null,"NAME_SORT":"Slovenia","NAME_ALT":null,"MAPCOLOR7":2,"MAPCOLOR8":3,"MAPCOLOR9":2,"MAPCOLOR13":12,"POP_EST":2087946,"POP_RANK":12,"POP_YEAR":2019,"GDP_MD":54174,"GDP_YEAR":2019,"ECONOMY":"2. Developed region: nonG7","INCOME_GRP":"1. High income: OECD","FIPS_10":"SI","ISO_A2":"SI","ISO_A2_EH":"SI","ISO_A3":"SVN","ISO_A3_EH":"SVN","ISO_N3":"705","ISO_N3_EH":"705","UN_A3":"705","WB_A2":"SI","WB_A3":"SVN","WOE_ID":23424945,"WOE_ID_EH":23424945,"WOE_NOTE":"Exact WOE match as country","ADM0_ISO":"SVN","ADM0_DIFF":null,"ADM0_TLC":"SVN","ADM0_A3_US":"SVN","ADM0_A3_FR":"SVN","ADM0_A3_RU":"SVN","ADM0_A3_ES":"SVN","ADM0_A3_CN":"SVN","ADM0_A3_TW":"SVN","ADM0_A3_IN":"SVN","ADM0_A3_NP":"SVN","ADM0_A3_PK":"SVN","ADM0_A3_DE":"SVN","ADM0_A3_GB":"SVN","ADM0_A3_BR":"SVN","ADM0_A3_IL":"SVN","ADM0_A3_PS":"SVN","ADM0_A3_SA":"SVN","ADM0_A3_EG":"SVN","ADM0_A3_MA":"SVN","ADM0_A3_PT":"SVN","ADM0_A3_AR":"SVN","ADM0_A3_JP":"SVN","ADM0_A3_KO":"SVN","ADM0_A3_VN":"SVN","ADM0_A3_TR":"SVN","ADM0_A3_ID":"SVN","ADM0_A3_PL":"SVN","ADM0_A3_GR":"SVN","ADM0_A3_IT":"SVN","ADM0_A3_NL":"SVN","ADM0_A3_SE":"SVN","ADM0_A3_BD":"SVN","ADM0_A3_UA":"SVN","ADM0_A3_UN":-99,"ADM0_A3_WB":-99,"CONTINENT":"Europe","REGION_UN":"Europe","SUBREGION":"Southern Europe","REGION_WB":"Europe & Central Asia","NAME_LEN":8,"LONG_LEN":8,"ABBREV_LEN":4,"TINY":-99,"HOMEPART":1,"MIN_ZOOM":0,"MIN_LABEL":5,"MAX_LABEL":10,"LABEL_X":14.915312,"LABEL_Y":46.06076,"NE_ID":1159321285,"WIKIDATAID":"Q215","NAME_AR":"سلوفينيا","NAME_BN":"স্লোভেনিয়া","NAME_DE":"Slowenien","NAME_EN":"Slovenia","NAME_ES":"Eslovenia","NAME_FA":"اسلوونی","NAME_FR":"Slovénie","NAME_EL":"Σλοβενία","NAME_HE":"סלובניה","NAME_HI":"स्लोवेनिया","NAME_HU":"Szlovénia","NAME_ID":"Slovenia","NAME_IT":"Slovenia","NAME_JA":"スロベニア","NAME_KO":"슬로베니아","NAME_NL":"Slovenië","NAME_PL":"Słowenia","NAME_PT":"Eslovénia","NAME_RU":"Словения","NAME_SV":"Slovenien","NAME_TR":"Slovenya","NAME_UK":"Словенія","NAME_UR":"سلووینیا","NAME_VI":"Slovenia","NAME_ZH":"斯洛文尼亚","NAME_ZHT":"斯洛維尼亞","FCLASS_ISO":"Admin-0 country","TLC_DIFF":null,"FCLASS_TLC":"Admin-0 country","FCLASS_US":null,"FCLASS_FR":null,"FCLASS_RU":null,"FCLASS_ES":null,"FCLASS_CN":null,"FCLASS_TW":null,"FCLASS_IN":null,"FCLASS_NP":null,"FCLASS_PK":null,"FCLASS_DE":null,"FCLASS_GB":null,"FCLASS_BR":null,"FCLASS_IL":null,"FCLASS_PS":null,"FCLASS_SA":null,"FCLASS_EG":null,"FCLASS_MA":null,"FCLASS_PT":null,"FCLASS_AR":null,"FCLASS_JP":null,"FCLASS_KO":null,"FCLASS_VN":null,"FCLASS_TR":null,"FCLASS_ID":null,"FCLASS_PL":null,"FCLASS_GR":null,"FCLASS_IT":null,"FCLASS_NL":null,"FCLASS_SE":null,"FCLASS_BD":null,"FCLASS_UA":null},"geometry":{"type":"Polygon","coordinates":[[[13.806475,42.109474070106714],[14.632472,42.05196163044455],[15.137092000000003,42.22020956727003],[16.011664,42.23865293114874],[16.202298,42.36348198739257],[16.370505,42.355310127201385],[16.564808000000003,42.10535287622193],[15.768733,41.907962567036044],[15.671530000000002,41.606624851166806],[15.323954,41.53003447045524],[15.327675,41.320484977651944],[14.935244,41.33503752632533],[14.595109,41.45749713129176],[14.411968,41.330885886940926],[13.71506,41.35653036123984],[13.93763,41.424569315410736],[13.69811,41.74303217846216],[13.806475,42.109474070106714]]]}},{"type":"Feature","bbox":[20.645593,59.846373,31.516092,70.164193],"properties":{"featurecla":"Admin-0 country","scalerank":1,"LABELRANK":3,"SOVEREIGNT":"Finland","SOV_A3":"FI1","ADM0_DIF":1,"LEVEL":2,"TYPE":"Country","TLC":"1","ADMIN":"Finland","ADM0_A3":"FIN","GEOU_DIF":0,"GEOUNIT":"Finland","GU_A3":"FIN","SU_DIF":0,"SUBUNIT":"Finland","SU_A3":"FIN","BRK_DIFF":0,"NAME":"Finland","NAME_LONG":"Finland","BRK_A3":"FIN","BRK_NAME":"Finland","BRK_GROUP":null,"ABBREV":"Fin.","POSTAL":"FIN","FORMAL_EN":"Republic of Finland","FORMAL_FR":null,"NAME_CIAWF":"Finland","NOTE_ADM0":null,"NOTE_BRK":null,"NAME_SORT":"Finland","NAME_ALT":null,"MAPCOLOR7":4,"MAPCOLOR8":1,"MAPCOLOR9":4,"MAPCOLOR13":6,"POP_EST":5520314,"POP_RANK":13,"POP_YEAR":2019,"GDP_MD":269296,"GDP_YEAR":2019,"ECONOMY":"2. Developed region: nonG7","INCOME_GRP":"1. High income: OECD","FIPS_10":"FI","ISO_A2":"FI","ISO_A2_EH":"FI","ISO_A3":"FIN","ISO_A3_EH":"FIN","ISO_N3":"246","ISO_N3_EH":"246","UN_A3":"246","WB_A2":"FI","WB_A3":"FIN","WOE_ID":23424812,"WOE_ID_EH":23424812,"WOE_NOTE":"Exact WOE match as country","ADM0_ISO":"FIN","ADM0_DIFF":null,"ADM0_TLC":"FIN","ADM0_A3_US":"FIN","ADM0_A3_FR":"FIN","ADM0_A3_RU":"FIN","ADM0_A3_ES":"FIN","ADM0_A3_CN":"FIN","ADM0_A3_TW":"FIN","ADM0_A3_IN":"FIN","ADM0_A3_NP":"FIN","ADM0_A3_PK":"FIN","ADM0_A3_DE":"FIN","ADM0_A3_GB":"FIN","ADM0_A3_BR":"FIN","ADM0_A3_IL":"FIN","ADM0_A3_PS":"FIN","ADM0_A3_SA":"FIN","ADM0_A3_EG":"FIN","ADM0_A3_MA":"FIN","ADM0_A3_PT":"FIN","ADM0_A3_AR":"FIN","ADM0_A3_JP":"FIN","ADM0_A3_KO":"FIN","ADM0_A3_VN":"FIN","ADM0_A3_TR":"FIN","ADM0_A3_ID":"FIN","ADM0_A3_PL":"FIN","ADM0_A3_GR":"FIN","ADM0_A3_IT":"FIN","ADM0_A3_NL":"FIN","ADM0_A3_SE":"FIN","ADM0_A3_BD":"FIN","ADM0_A3_UA":"FIN","ADM0_A3_UN":-99,"ADM0_A3_WB":-99,"CONTINENT":"Europe","REGION_UN":"Europe","SUBREGION":"Northern Europe","REGION_WB":"Europe & Central Asia","NAME_LEN":7,"LONG_LEN":7,"ABBREV_LEN":4,"TINY":-99,"HOMEPART":1,"MIN_ZOOM":0,"MIN_LABEL":3,"MAX_LABEL":8,"LABEL_X":27.276449,"LABEL_Y":63.252361,"NE_ID":1159320623,"WIKIDATAID":"Q33","NAME_AR":"فنلندا","NAME_BN":"ফিনল্যান্ড","NAME_DE":"Finnland","NAME_EN":"Finland","NAME_ES":"Finlandia","NAME_FA":"فنلاند","NAME_FR":"Finlande","NAME_EL":"Φινλανδία","NAME_HE":"פינלנד","NAME_HI":"फ़िनलैण्ड","NAME_HU":"Finnország","NAME_ID":"Finlandia","NAME_IT":"Finlandia","NAME_JA":"フィンランド","NAME_KO":"핀란드","NAME_NL":"Finland","NAME_PL":"Finlandia","NAME_PT":"Finlândia","NAME_RU":"Финляндия","NAME_SV":"Finland","NAME_TR":"Finlandiya","NAME_UK":"Фінляндія","NAME_UR":"فن لینڈ","NAME_VI":"Phần Lan","NAME_ZH":"芬兰","NAME_ZHT":"芬蘭","FCLASS_ISO":"Admin-0 country","TLC_DIFF":null,"FCLASS_TLC":"Admin-0 country","FCLASS_US":null,"FCLASS_FR":null,"FCLASS_RU":null,"FCLASS_ES":null,"FCLASS_CN":null,"FCLASS_TW":null,"FCLASS_IN":null,"FCLASS_NP":null,"FCLASS_PK":null,"FCLASS_DE":null,"FCLASS_GB":null,"FCLASS_BR":null,"FCLASS_IL":null,"FCLASS_PS":null,"FCLASS_SA":null,"FCLASS_EG":null,"FCLASS_MA":null,"FCLASS_PT":null,"FCLASS_AR":null,"FCLASS_JP":null,"FCLASS_KO":null,"FCLASS_VN":null,"FCLASS_TR":null,"FCLASS_ID":null,"FCLASS_PL":null,"FCLASS_GR":null,"FCLASS_IT":null,"FCLASS_NL":null,"FCLASS_SE":null,"FCLASS_BD":null,"FCLASS_UA":null},"geometry":{"type":"Polygon","coordinates":[[[28.591929999999998,56.64674130860147],[28.445944,56.25982304438498],[29.977425999999998,55.88794002155111],[29.054589000000004,55.46277246878711],[30.21765,54.81212361464401],[29.54443,54.31506501984664],[30.444685000000003,53.878647575345155],[30.035872,53.4927410154852],[31.516092000000004,53.08318048339202],[31.139991,52.77575894647067],[30.211107,52.424904261812834],[28.07,51.63960015300612],[28.070002,51.639599532400126],[28.069998,51.63959829118814],[26.255173,51.59019847842456],[24.496624,51.36183714390696],[22.869695,51.229934881851754],[22.290764,51.570288246916334],[21.322244,51.77385518611196],[21.544866000000003,52.37932921997124],[21.059211,52.926549516084535],[21.536029,53.27618584720862],[22.442743999999998,53.65010078687323],[24.730512000000004,54.28803174055391],[25.398068000000002,54.40989503057784],[25.294043,54.655288525283346],[23.903379,54.9277553360029],[23.56588,55.15072861097461],[23.539473,56.021023245156485],[21.978535000000004,56.399663973009005],[20.645593,56.669534602273686],[21.244936,56.814422193634165],[22.356238,56.5239167437977],[23.662050000000004,56.55121386259392],[24.735678999999998,56.41776182013364],[25.689213000000002,56.66176818268585],[26.179622000000002,57.06256279038236],[27.732292000000005,57.24637032058415],[29.015573000000003,57.0305737572185],[28.591929999999998,56.64674130860147]]]}},{"type":"Feature","bbox":[16.879983,47.758429,22.558138,49.571574],"properties":{"featurecla":"Admin-0 country","scalerank":1,"LABELRANK":6,"SOVEREIGNT":"Slovakia","SOV_A3":"SVK","ADM0_DIF":0,"LEVEL":2,"TYPE":"Sovereign country","TLC":"1","ADMIN":"Slovakia","ADM0_A3":"SVK","GEOU_DIF":0,"GEOUNIT":"Slovakia","GU_A3":"SVK","SU_DIF":0,"SUBUNIT":"Slovakia","SU_A3":"SVK","BRK_DIFF":0,"NAME":"Slovakia","NAME_LONG":"Slovakia","BRK_A3":"SVK","BRK_NAME":"Slovakia","BRK_GROUP":null,"ABBREV":"Svk.","POSTAL":"SK","FORMAL_EN":"Slovak Republic","FORMAL_FR":null,"NAME_CIAWF":"Slovakia","NOTE_ADM0":null,"NOTE_BRK":null,"NAME_SORT":"Slovak Republic","NAME_ALT":null,"MAPCOLOR7":2,"MAPCOLOR8":4,"MAPCOLOR9":4,"MAPCOLOR13":9,"POP_EST":5454073,"POP_RANK":13,"POP_YEAR":2019,"GDP_MD":105079,"GDP_YEAR":2019,"ECONOMY":"2. Developed region: nonG7","INCOME_GRP":"1. High income: OECD","FIPS_10":"LO","ISO_A2":"SK","ISO_A2_EH":"SK","ISO_A3":"SVK","ISO_A3_EH":"SVK","ISO_N3":"703","ISO_N3_EH":"703","UN_A3":"703","WB_A2":"SK","WB_A3":"SVK","WOE_ID":23424877,"WOE_ID_EH":23424877,"WOE_NOTE":"Exact WOE match as country","ADM0_ISO":"SVK","ADM0_DIFF":null,"ADM0_TLC":"SVK","ADM0_A3_US":"SVK","ADM0_A3_FR":"SVK","ADM0_A3_RU":"SVK","ADM0_A3_ES":"SVK","ADM0_A3_CN":"SVK","ADM0_A3_TW":"SVK","ADM0_A3_IN":"SVK","ADM0_A3_NP":"SVK","ADM0_A3_PK":"SVK","ADM0_A3_DE":"SVK","ADM0_A3_GB":"SVK","ADM0_A3_BR":"SVK","ADM0_A3_IL":"SVK","ADM0_A3_PS":"SVK","ADM0_A3_SA":"SVK","ADM0_A3_EG":"SVK","ADM0_A3_MA":"SVK","ADM0_A3_PT":"SVK","ADM0_A3_AR":"SVK","ADM0_A3_JP":"SVK","ADM0_A3_KO":"SVK","ADM0_A3_VN":"SVK","ADM0_A3_TR":"SVK","ADM0_A3_ID":"SVK","ADM0_A3_PL":"SVK","ADM0_A3_GR":"SVK","ADM0_A3_IT":"SVK","ADM0_A3_NL":"SVK","ADM0_A3_SE":"SVK","ADM0_A3_BD":"SVK","ADM0_A3_UA":"SVK","ADM0_A3_UN":-99,"ADM0_A3_WB":-99,"CONTINENT":"Europe","REGION_UN":"Europe","SUBREGION":"Eastern Europe","REGION_WB":"Europe & Central Asia","NAME_LEN":8,"LONG_LEN":8,"ABBREV_LEN":4,"TINY":-99,"HOMEPART":1,"MIN_ZOOM":0,"MIN_LABEL":4,"MAX_LABEL":9,"LABEL_X":19.049868,"LABEL_Y":48.734044,"NE_ID":1159321283,"WIKIDATAID":"Q214","NAME_AR":"سلوفاكيا","NAME_BN":"স্লোভাকিয়া","NAME_DE":"Slowakei","NAME_EN":"Slovakia","NAME_ES":"Eslovaquia","NAME_FA":"اسلواکی","NAME_FR":"Slovaquie","NAME_EL":"Σλοβακία","NAME_HE":"סלובקיה","NAME_HI":"स्लोवाकिया","NAME_HU":"Szlovákia","NAME_ID":"Slowakia","NAME_IT":"Slovacchia","NAME_JA":"スロバキア","NAME_KO":"슬로바키아","NAME_NL":"Slowakije","NAME_PL":"Słowacja","NAME_PT":"Eslováquia","NAME_RU":"Словакия","NAME_SV":"Slovakien","NAME_TR":"Slovakya","NAME_UK":"Словаччина","NAME_UR":"سلوواکیہ","NAME_VI":"Slovakia","NAME_ZH":"斯洛伐克","NAME_ZHT":"斯洛伐克","FCLASS_ISO":"Admin-0 country","TLC_DIFF":null,"FCLASS_TLC":"Admin-0 country","FCLASS_US":null,"FCLASS_FR":null,"FCLASS_RU":null,"FCLASS_ES":null,"FCLASS_CN":null,"FCLASS_TW":null,"FCLASS_IN":null,"FCLASS_NP":null,"FCLASS_PK":null,"FCLASS_DE":null,"FCLASS_GB":null,"FCLASS_BR":null,"FCLASS_IL":null,"FCLASS_PS":null,"FCLASS_SA":null,"FCLASS_EG":null,"FCLASS_MA":null,"FCLASS_PT":null,"FCLASS_AR":null,"FCLASS_JP":null,"FCLASS_KO":null,"FCLASS_VN":null,"FCLASS_TR":null,"FCLASS_ID":null,"FCLASS_PL":null,"FCLASS_GR":null,"FCLASS_IT":null,"FCLASS_NL":null,"FCLASS_SE":null,"FCLASS_BD":null,"FCLASS_UA":null},"geometry":{"type":"Polygon","coordinates":[[[22.558138,43.99196840344566],[22.280842,43.804370274854875],[22.085608,43.51272143176894],[21.872236,43.43849075350646],[20.801294,43.65874174203208],[20.473562,43.614591296391225],[20.239053999999996,43.444006055922316],[19.769471000000003,43.35327230593792],[19.661364,43.39973586907854],[19.174365,43.286839855302745],[18.777025,43.26528129338188],[18.696513,43.11887529275517],[17.857133,43.029374386277034],[17.488473,43.10902910849773],[16.979667,43.29566027463018],[16.879983,43.547340098956184],[16.960288,43.63929765783797],[17.101985000000003,43.798291023858695],[17.545007,43.78605558558622],[17.886485,43.8606967757538],[17.913512,43.92772750331303],[18.104973,43.96192070189237],[18.170498,44.125472775856856],[18.399994,44.156679511323276],[18.554971000000002,44.28568697043177],[18.853144,44.28655674261882],[18.909575,44.2433145542049],[19.320713,44.340467478919344],[19.825023,44.086417816485856],[20.415839,44.24016739793351],[20.887955,44.16655851628886],[21.607808,44.26785344447202],[22.558138,43.99196840344566]]]}},{"type":"Feature","bbox":[12.240111,48.555305,18.853144,51.117268],"properties":{"featurecla":"Admin-0 country","scalerank":1,"LABELRANK":5,"SOVEREIGNT":"Czechia","SOV_A3":"CZE","ADM0_DIF":0,"LEVEL":2,"TYPE":"Sovereign country","TLC":"1","ADMIN":"Czechia","ADM0_A3":"CZE","GEOU_DIF":0,"GEOUNIT":"Czechia","GU_A3":"CZE","SU_DIF":0,"SUBUNIT":"Czechia","SU_A3":"CZE","BRK_DIFF":0,"NAME":"Czechia","NAME_LONG":"Czech Republic","BRK_A3":"CZE","BRK_NAME":"Czechia","BRK_GROUP":null,"ABBREV":"Cz.","POSTAL":"CZ","FORMAL_EN":"Czech Republic","FORMAL_FR":"la République tchèque","NAME_CIAWF":"Czechia","NOTE_ADM0":null,"NOTE_BRK":null,"NAME_SORT":"Czechia","NAME_ALT":"Česko","MAPCOLOR7":1,"MAPCOLOR8":1,"MAPCOLOR9":2,"MAPCOLOR13":6,"POP_EST":10669709,"POP_RANK":14,"POP_YEAR":2019,"GDP_MD":250680,"GDP_YEAR":2019,"ECONOMY":"2. Developed region: nonG7","INCOME_GRP":"1. High income: OECD","FIPS_10":"EZ","ISO_A2":"CZ","ISO_A2_EH":"CZ","ISO_A3":"CZE","ISO_A3_EH":"CZE","ISO_N3":"203","ISO_N3_EH":"203","UN_A3":"203","WB_A2":"CZ","WB_A3":"CZE","WOE_ID":23424810,"WOE_ID_EH":23424810,"WOE_NOTE":"Exact WOE match as country","ADM0_ISO":"CZE","ADM0_DIFF":null,"ADM0_TLC":"CZE","ADM0_A3_US":"CZE","ADM0_A3_FR":"CZE","ADM0_A3_RU":"CZE","ADM0_A3_ES":"CZE","ADM0_A3_CN":"CZE","ADM0_A3_TW":"CZE","ADM0_A3_IN":"CZE","ADM0_A3_NP":"CZE","ADM0_A3_PK":"CZE","ADM0_A3_DE":"CZE","ADM0_A3_GB":"CZE","ADM0_A3_BR":"CZE","ADM0_A3_IL":"CZE","ADM0_A3_PS":"CZE","ADM0_A3_SA":"CZE","ADM0_A3_EG":"CZE","ADM0_A3_MA":"CZE","ADM0_A3_PT":"CZE","ADM0_A3_AR":"CZE","ADM0_A3_JP":"CZE","ADM0_A3_KO":"CZE","ADM0_A3_VN":"CZE","ADM0_A3_TR":"CZE","ADM0_A3_ID":"CZE","ADM0_A3_PL":"CZE","ADM0_A3_GR":"CZE","ADM0_A3_IT":"CZE","ADM0_A3_NL":"CZE","ADM0_A3_SE":"CZE","ADM0_A3_BD":"CZE","ADM0_A3_UA":"CZE","ADM0_A3_UN":-99,"ADM0_A3_WB":-99,"CONTINENT":"Europe","REGION_UN":"Europe","SUBREGION":"Eastern Europe","REGION_WB":"Europe & Central Asia","NAME_LEN":7,"LONG_LEN":14,"ABBREV_LEN":3,"TINY":-99,"HOMEPART":1,"MIN_ZOOM":0,"MIN_LABEL":4,"MAX_LABEL":9,"LABEL_X":15.377555,"LABEL_Y":49.882364,"NE_ID":1159320535,"WIKIDATAID":"Q213","NAME_AR":"التشيك","NAME_BN":"চেক প্রজাতন্ত্র","NAME_DE":"Tschechien","NAME_EN":"Czech Republic","NAME_ES":"República Checa","NAME_FA":"جمهوری چک","NAME_FR":"Tchéquie","NAME_EL":"Τσεχία","NAME_HE":"צ'כיה","NAME_HI":"चेक गणराज्य","NAME_HU":"Csehország","NAME_ID":"Republik Ceko","NAME_IT":"Repubblica Ceca","NAME_JA":"チェコ","NAME_KO":"체코","NAME_NL":"Tsjechië","NAME_PL":"Czechy","NAME_PT":"Chéquia","NAME_RU":"Чехия","NAME_SV":"Tjeckien","NAME_TR":"Çek Cumhuriyeti","NAME_UK":"Чехія","NAME_UR":"چیک جمہوریہ","NAME_VI":"Cộng hòa Séc","NAME_ZH":"捷克","NAME_ZHT":"捷克共和國","FCLASS_ISO":"Admin-0 country","TLC_DIFF":null,"FCLASS_TLC":"Admin-0 country","FCLASS_US":null,"FCLASS_FR":null,"FCLASS_RU":null,"FCLASS_ES":null,"FCLASS_CN":null,"FCLASS_TW":null,"FCLASS_IN":null,"FCLASS_NP":null,"FCLASS_PK":null,"FCLASS_DE":null,"FCLASS_GB":null,"FCLASS_BR":null,"FCLASS_IL":null,"FCLASS_PS":null,"FCLASS_SA":null,"FCLASS_EG":null,"FCLASS_MA":null,"FCLASS_PT":null,"FCLASS_AR":null,"FCLASS_JP":null,"FCLASS_KO":null,"FCLASS_VN":null,"FCLASS_TR":null,"FCLASS_ID":null,"FCLASS_PL":null,"FCLASS_GR":null,"FCLASS_IT":null,"FCLASS_NL":null,"FCLASS_SE":null,"FCLASS_BD":null,"FCLASS_UA":null},"geometry":{"type":"Polygon","coordinates":[[[15.016996000000002,45.42808852857275],[15.490971999999998,45.20169475717635],[16.238627,45.140362497721924],[16.176253,44.94596593373233],[16.719476,44.79936923497853],[16.868769,44.98231061292047],[17.554567,44.90315730083836],[17.649445,44.68095485317874],[18.392914,44.637986124214315],[18.853144,44.28655674261882],[18.554971000000002,44.28568697043177],[18.399994,44.156679511323276],[18.170498,44.125472775856856],[18.104973,43.96192070189237],[17.913512,43.92772750331303],[17.886485,43.8606967757538],[17.545007,43.78605558558622],[17.101985000000003,43.798291023858695],[16.960288,43.63929765783797],[16.499283,43.77579537704274],[16.029647,43.73830260450152],[15.253416000000001,43.95838709214423],[14.901447,43.90461057852564],[14.338898000000002,43.60912849684776],[13.595946,43.84172859687217],[13.031329,44.15098780501077],[12.521024000000002,44.32318643373314],[12.415191,44.62410334405814],[12.240110999999999,44.835256353094735],[12.966837,44.98945556538009],[13.338132,45.16539842416536],[14.056228000000003,45.30179408970333],[14.307013,45.43552294950967],[14.570718,45.35481832444093],[15.016996000000002,45.42808852857275]]]}},{"type":"Feature","bbox":[36.32322,12.455416,43.081226,17.998307],"properties":{"featurecla":"Admin-0 country","scalerank":1,"LABELRANK":4,"SOVEREIGNT":"Eritrea","SOV_A3":"ERI","ADM0_DIF":0,"LEVEL":2,"TYPE":"Sovereign country","TLC":"1","ADMIN":"Eritrea","ADM0_A3":"ERI","GEOU_DIF":0,"GEOUNIT":"Eritrea","GU_A3":"ERI","SU_DIF":0,"SUBUNIT":"Eritrea","SU_A3":"ERI","BRK_DIFF":0,"NAME":"Eritrea","NAME_LONG":"Eritrea","BRK_A3":"ERI","BRK_NAME":"Eritrea","BRK_GROUP":null,"ABBREV":"Erit.","POSTAL":"ER","FORMAL_EN":"State of Eritrea","FORMAL_FR":null,"NAME_CIAWF":"Eritrea","NOTE_ADM0":null,"NOTE_BRK":null,"NAME_SORT":"Eritrea","NAME_ALT":null,"MAPCOLOR7":3,"MAPCOLOR8":1,"MAPCOLOR9":2,"MAPCOLOR13":12,"POP_EST":6081196,"POP_RANK":13,"POP_YEAR":2020,"GDP_MD":2065,"GDP_YEAR":2011,"ECONOMY":"7. Least developed region","INCOME_GRP":"5. Low income","FIPS_10":"ER","ISO_A2":"ER","ISO_A2_EH":"ER","ISO_A3":"ERI","ISO_A3_EH":"ERI","ISO_N3":"232","ISO_N3_EH":"232","UN_A3":"232","WB_A2":"ER","WB_A3":"ERI","WOE_ID":23424806,"WOE_ID_EH":23424806,"WOE_NOTE":"Exact WOE match as country","ADM0_ISO":"ERI","ADM0_DIFF":null,"ADM0_TLC":"ERI","ADM0_A3_US":"ERI","ADM0_A3_FR":"ERI","ADM0_A3_RU":"ERI","ADM0_A3_ES":"ERI","ADM0_A3_CN":"ERI","ADM0_A3_TW":"ERI","ADM0_A3_IN":"ERI","ADM0_A3_NP":"ERI","ADM0_A3_PK":"ERI","ADM0_A3_DE":"ERI","ADM0_A3_GB":"ERI","ADM0_A3_BR":"ERI","ADM0_A3_IL":"ERI","ADM0_A3_PS":"ERI","ADM0_A3_SA":"ERI","ADM0_A3_EG":"ERI","ADM0_A3_MA":"ERI","ADM0_A3_PT":"ERI","ADM0_A3_AR":"ERI","ADM0_A3_JP":"ERI","ADM0_A3_KO":"ERI","ADM0_A3_VN":"ERI","ADM0_A3_TR":"ERI","ADM0_A3_ID":"ERI","ADM0_A3_PL":"ERI","ADM0_A3_GR":"ERI","ADM0_A3_IT":"ERI","ADM0_A3_NL":"ERI","ADM0_A3_SE":"ERI","ADM0_A3_BD":"ERI","ADM0_A3_UA":"ERI","ADM0_A3_UN":-99,"ADM0_A3_WB":-99,"CONTINENT":"Africa","REGION_UN":"Africa","SUBREGION":"Eastern Africa","REGION_WB":"Sub-Saharan Africa","NAME_LEN":7,"LONG_LEN":7,"ABBREV_LEN":5,"TINY":-99,"HOMEPART":1,"MIN_ZOOM":0,"MIN_LABEL":4,"MAX_LABEL":9,"LABEL_X":38.285566,"LABEL_Y":15.787401,"NE_ID":1159320581,"WIKIDATAID":"Q986","NAME_AR":"إريتريا","NAME_BN":"ইরিত্রিয়া","NAME_DE":"Eritrea","NAME_EN":"Eritrea","NAME_ES":"Eritrea","NAME_FA":"اریتره","NAME_FR":"Érythrée","NAME_EL":"Ερυθραία","NAME_HE":"אריתריאה","NAME_HI":"इरित्रिया","NAME_HU":"Eritrea","NAME_ID":"Eritrea","NAME_IT":"Eritrea","NAME_JA":"エリトリア","NAME_KO":"에리트레아","NAME_NL":"Eritrea","NAME_PL":"Erytrea","NAME_PT":"Eritreia","NAME_RU":"Эритрея","NAME_SV":"Eritrea","NAME_TR":"Eritre","NAME_UK":"Еритрея","NAME_UR":"اریتریا","NAME_VI":"Eritrea","NAME_ZH":"厄立特里亚","NAME_ZHT":"厄利垂亞","FCLASS_ISO":"Admin-0 country","TLC_DIFF":null,"FCLASS_TLC":"Admin-0 country","FCLASS_US":null,"FCLASS_FR":null,"FCLASS_RU":null,"FCLASS_ES":null,"FCLASS_CN":null,"FCLASS_TW":null,"FCLASS_IN":null,"FCLASS_NP":null,"FCLASS_PK":null,"FCLASS_DE":null,"FCLASS_GB":null,"FCLASS_BR":null,"FCLASS_IL":null,"FCLASS_PS":null,"FCLASS_SA":null,"FCLASS_EG":null,"FCLASS_MA":null,"FCLASS_PT":null,"FCLASS_AR":null,"FCLASS_JP":null,"FCLASS_KO":null,"FCLASS_VN":null,"FCLASS_TR":null,"FCLASS_ID":null,"FCLASS_PL":null,"FCLASS_GR":null,"FCLASS_IT":null,"FCLASS_NL":null,"FCLASS_SE":null,"FCLASS_BD":null,"FCLASS_UA":null},"geometry":{"type":"Polygon","coordinates":[[[36.42951,14.27218234080626],[36.32322,14.659867830847215],[36.75389,16.076655074536752],[36.85253,16.71431241042097],[37.16747,17.007722079333057],[37.904,17.1648659515961],[38.41008999999999,17.709401652426028],[38.99062300000001,16.603253881126353],[39.26611,15.721639928184956],[39.814294,15.252250529910164],[41.179275,14.339013686766284],[41.734952,13.786056661380186],[42.276831,13.224970927439962],[42.589576,12.890284060366282],[43.081226,12.59691158417256],[42.779642,12.358457263711124],[42.35156,12.443245805328884],[42.009750000000004,12.759040861987902],[41.59856,13.330179325745942],[41.1552,13.64256083834265],[40.8966,13.977887976256106],[40.02625,14.366633820918763],[39.34061,14.378219505545506],[39.0994,14.58066814574713],[38.51295,14.3529549659964],[37.90607000000001,14.792309606939973],[37.59377,14.069532635067292],[36.42951,14.27218234080626]]]}},{"type":"Feature","bbox":[129.408463,31.029579,145.543137,45.551483],"properties":{"featurecla":"Admin-0 country","scalerank":1,"LABELRANK":2,"SOVEREIGNT":"Japan","SOV_A3":"JPN","ADM0_DIF":0,"LEVEL":2,"TYPE":"Sovereign country","TLC":"1","ADMIN":"Japan","ADM0_A3":"JPN","GEOU_DIF":0,"GEOUNIT":"Japan","GU_A3":"JPN","SU_DIF":0,"SUBUNIT":"Japan","SU_A3":"JPN","BRK_DIFF":0,"NAME":"Japan","NAME_LONG":"Japan","BRK_A3":"JPN","BRK_NAME":"Japan","BRK_GROUP":null,"ABBREV":"Japan","POSTAL":"J","FORMAL_EN":"Japan","FORMAL_FR":null,"NAME_CIAWF":"Japan","NOTE_ADM0":null,"NOTE_BRK":null,"NAME_SORT":"Japan","NAME_ALT":null,"MAPCOLOR7":5,"MAPCOLOR8":3,"MAPCOLOR9":5,"MAPCOLOR13":4,"POP_EST":126264931,"POP_RANK":17,"POP_YEAR":2019,"GDP_MD":5081769,"GDP_YEAR":2019,"ECONOMY":"1. Developed region: G7","INCOME_GRP":"1. High income: OECD","FIPS_10":"JA","ISO_A2":"JP","ISO_A2_EH":"JP","ISO_A3":"JPN","ISO_A3_EH":"JPN","ISO_N3":"392","ISO_N3_EH":"392","UN_A3":"392","WB_A2":"JP","WB_A3":"JPN","WOE_ID":23424856,"WOE_ID_EH":23424856,"WOE_NOTE":"Exact WOE match as country","ADM0_ISO":"JPN","ADM0_DIFF":null,"ADM0_TLC":"JPN","ADM0_A3_US":"JPN","ADM0_A3_FR":"JPN","ADM0_A3_RU":"JPN","ADM0_A3_ES":"JPN","ADM0_A3_CN":"JPN","ADM0_A3_TW":"JPN","ADM0_A3_IN":"JPN","ADM0_A3_NP":"JPN","ADM0_A3_PK":"JPN","ADM0_A3_DE":"JPN","ADM0_A3_GB":"JPN","ADM0_A3_BR":"JPN","ADM0_A3_IL":"JPN","ADM0_A3_PS":"JPN","ADM0_A3_SA":"JPN","ADM0_A3_EG":"JPN","ADM0_A3_MA":"JPN","ADM0_A3_PT":"JPN","ADM0_A3_AR":"JPN","ADM0_A3_JP":"JPN","ADM0_A3_KO":"JPN","ADM0_A3_VN":"JPN","ADM0_A3_TR":"JPN","ADM0_A3_ID":"JPN","ADM0_A3_PL":"JPN","ADM0_A3_GR":"JPN","ADM0_A3_IT":"JPN","ADM0_A3_NL":"JPN","ADM0_A3_SE":"JPN","ADM0_A3_BD":"JPN","ADM0_A3_UA":"JPN","ADM0_A3_UN":-99,"ADM0_A3_WB":-99,"CONTINENT":"Asia","REGION_UN":"Asia","SUBREGION":"Eastern Asia","REGION_WB":"East Asia & Pacific","NAME_LEN":5,"LONG_LEN":5,"ABBREV_LEN":5,"TINY":-99,"HOMEPART":1,"MIN_ZOOM":0,"MIN_LABEL":1.7,"MAX_LABEL":7,"LABEL_X":138.44217,"LABEL_Y":36.142538,"NE_ID":1159320937,"WIKIDATAID":"Q17","NAME_AR":"اليابان","NAME_BN":"জাপান","NAME_DE":"Japan","NAME_EN":"Japan","NAME_ES":"Japón","NAME_FA":"ژاپن","NAME_FR":"Japon","NAME_EL":"Ιαπωνία","NAME_HE":"יפן","NAME_HI":"जापान","NAME_HU":"Japán","NAME_ID":"Jepang","NAME_IT":"Giappone","NAME_JA":"日本","NAME_KO":"일본","NAME_NL":"Japan","NAME_PL":"Japonia","NAME_PT":"Japão","NAME_RU":"Япония","NAME_SV":"Japan","NAME_TR":"Japonya","NAME_UK":"Японія","NAME_UR":"جاپان","NAME_VI":"Nhật Bản","NAME_ZH":"日本","NAME_ZHT":"日本","FCLASS_ISO":"Admin-0 country","TLC_DIFF":null,"FCLASS_TLC":"Admin-0 country","FCLASS_US":null,"FCLASS_FR":null,"FCLASS_RU":null,"FCLASS_ES":null,"FCLASS_CN":null,"FCLASS_TW":null,"FCLASS_IN":null,"FCLASS_NP":null,"FCLASS_PK":null,"FCLASS_DE":null,"FCLASS_GB":null,"FCLASS_BR":null,"FCLASS_IL":null,"FCLASS_PS":null,"FCLASS_SA":null,"FCLASS_EG":null,"FCLASS_MA":null,"FCLASS_PT":null,"FCLASS_AR":null,"FCLASS_JP":null,"FCLASS_KO":null,"FCLASS_VN":null,"FCLASS_TR":null,"FCLASS_ID":null,"FCLASS_PL":null,"FCLASS_GR":null,"FCLASS_IT":null,"FCLASS_NL":null,"FCLASS_SE":null,"FCLASS_BD":null,"FCLASS_UA":null},"geometry":{"type":"MultiPolygon","coordinates":[[[[141.884601,36.44187256044511],[140.959489,35.62767591563589],[140.976388,34.784520531323835],[140.59977,34.12644884863021],[140.774074,33.71061687574565],[140.253279,33.12236350626509],[138.975528,32.72742311827612],[137.217599,32.67582766907883],[135.792983,31.70985878633848],[135.120983,32.03618453599475],[135.079435,32.66762791682777],[133.340316,32.48172465465292],[132.156771,32.08352724544044],[130.986145,32.06728185214964],[132.000036,31.441654731332065],[131.33279,29.980452981226296],[130.686318,29.615311398801772],[130.20242,29.952629470916865],[130.447676,30.730413703049415],[129.814692,30.980085248652813],[129.408463,31.566189496802288],[130.35393500000004,31.82832748866068],[130.878451,32.360849672938585],[131.88422900000003,32.79647492253594],[132.617673,33.369312650257264],[134.608301,33.61801608301959],[135.677538,33.447564511499294],[136.723831,34.91821048371541],[137.390612,34.52566588124572],[138.857602,35.34552538676938],[139.426405,35.661775357725],[140.05479,36.64909890023022],[139.883379,37.54599542185661],[140.305783,38.04515722542017],[141.368973,38.189568669073765],[141.914263,37.09134189890698],[141.884601,36.44187256044511]]],[[[144.613427,40.19076866245129],[145.320825,40.51377435189863],[145.543137,39.65486070814484],[144.059662,39.44379417034615],[143.18385,38.67262596276464],[141.611491,39.20432153669881],[141.067286,38.35132500706504],[139.955106,38.339530933475004],[139.817544,39.115127058728945],[140.312087,39.709644492453805],[141.380549,39.752366965232696],[141.671952,40.80764190048693],[141.967645,41.39491962209862],[143.14287,40.60921270478705],[143.910162,40.35344949466458],[144.613427,40.19076866245129]]],[[[132.371176,31.708869392909943],[132.924373,32.215070051776685],[133.492968,32.117147695173436],[133.904106,32.472439080165756],[134.638428,32.29028262905503],[134.766379,31.999949496572455],[134.203416,31.48531500466211],[133.79295,31.758490232897966],[133.28026800000004,31.5606630276187],[133.014858,31.06086190324385],[132.363115,31.304526709495068],[132.371176,31.708869392909943]]]]}},{"type":"Feature","bbox":[-62.685057,-27.548499,-54.29296,-19.342747],"properties":{"featurecla":"Admin-0 country","scalerank":1,"LABELRANK":4,"SOVEREIGNT":"Paraguay","SOV_A3":"PRY","ADM0_DIF":0,"LEVEL":2,"TYPE":"Sovereign country","TLC":"1","ADMIN":"Paraguay","ADM0_A3":"PRY","GEOU_DIF":0,"GEOUNIT":"Paraguay","GU_A3":"PRY","SU_DIF":0,"SUBUNIT":"Paraguay","SU_A3":"PRY","BRK_DIFF":0,"NAME":"Paraguay","NAME_LONG":"Paraguay","BRK_A3":"PRY","BRK_NAME":"Paraguay","BRK_GROUP":null,"ABBREV":"Para.","POSTAL":"PY","FORMAL_EN":"Republic of Paraguay","FORMAL_FR":null,"NAME_CIAWF":"Paraguay","NOTE_ADM0":null,"NOTE_BRK":null,"NAME_SORT":"Paraguay","NAME_ALT":null,"MAPCOLOR7":6,"MAPCOLOR8":3,"MAPCOLOR9":6,"MAPCOLOR13":2,"POP_EST":7044636,"POP_RANK":13,"POP_YEAR":2019,"GDP_MD":38145,"GDP_YEAR":2019,"ECONOMY":"5. Emerging region: G20","INCOME_GRP":"4. Lower middle income","FIPS_10":"PA","ISO_A2":"PY","ISO_A2_EH":"PY","ISO_A3":"PRY","ISO_A3_EH":"PRY","ISO_N3":"600","ISO_N3_EH":"600","UN_A3":"600","WB_A2":"PY","WB_A3":"PRY","WOE_ID":23424917,"WOE_ID_EH":23424917,"WOE_NOTE":"Exact WOE match as country","ADM0_ISO":"PRY","ADM0_DIFF":null,"ADM0_TLC":"PRY","ADM0_A3_US":"PRY","ADM0_A3_FR":"PRY","ADM0_A3_RU":"PRY","ADM0_A3_ES":"PRY","ADM0_A3_CN":"PRY","ADM0_A3_TW":"PRY","ADM0_A3_IN":"PRY","ADM0_A3_NP":"PRY","ADM0_A3_PK":"PRY","ADM0_A3_DE":"PRY","ADM0_A3_GB":"PRY","ADM0_A3_BR":"PRY","ADM0_A3_IL":"PRY","ADM0_A3_PS":"PRY","ADM0_A3_SA":"PRY","ADM0_A3_EG":"PRY","ADM0_A3_MA":"PRY","ADM0_A3_PT":"PRY","ADM0_A3_AR":"PRY","ADM0_A3_JP":"PRY","ADM0_A3_KO":"PRY","ADM0_A3_VN":"PRY","ADM0_A3_TR":"PRY","ADM0_A3_ID":"PRY","ADM0_A3_PL":"PRY","ADM0_A3_GR":"PRY","ADM0_A3_IT":"PRY","ADM0_A3_NL":"PRY","ADM0_A3_SE":"PRY","ADM0_A3_BD":"PRY","ADM0_A3_UA":"PRY","ADM0_A3_UN":-99,"ADM0_A3_WB":-99,"CONTINENT":"South America","REGION_UN":"Americas","SUBREGION":"South America","REGION_WB":"Latin America & Caribbean","NAME_LEN":8,"LONG_LEN":8,"ABBREV_LEN":5,"TINY":-99,"HOMEPART":1,"MIN_ZOOM":0,"MIN_LABEL":3,"MAX_LABEL":8,"LABEL_X":-60.146394,"LABEL_Y":-21.674509,"NE_ID":1159321195,"WIKIDATAID":"Q733","NAME_AR":"باراغواي","NAME_BN":"প্যারাগুয়ে","NAME_DE":"Paraguay","NAME_EN":"Paraguay","NAME_ES":"Paraguay","NAME_FA":"پاراگوئه","NAME_FR":"Paraguay","NAME_EL":"Παραγουάη","NAME_HE":"פרגוואי","NAME_HI":"पैराग्वे","NAME_HU":"Paraguay","NAME_ID":"Paraguay","NAME_IT":"Paraguay","NAME_JA":"パラグアイ","NAME_KO":"파라과이","NAME_NL":"Paraguay","NAME_PL":"Paragwaj","NAME_PT":"Paraguai","NAME_RU":"Парагвай","NAME_SV":"Paraguay","NAME_TR":"Paraguay","NAME_UK":"Парагвай","NAME_UR":"پیراگوئے","NAME_VI":"Paraguay","NAME_ZH":"巴拉圭","NAME_ZHT":"巴拉圭","FCLASS_ISO":"Admin-0 country","TLC_DIFF":null,"FCLASS_TLC":"Admin-0 country","FCLASS_US":null,"FCLASS_FR":null,"FCLASS_RU":null,"FCLASS_ES":null,"FCLASS_CN":null,"FCLASS_TW":null,"FCLASS_IN":null,"FCLASS_NP":null,"FCLASS_PK":null,"FCLASS_DE":null,"FCLASS_GB":null,"FCLASS_BR":null,"FCLASS_IL":null,"FCLASS_PS":null,"FCLASS_SA":null,"FCLASS_EG":null,"FCLASS_MA":null,"FCLASS_PT":null,"FCLASS_AR":null,"FCLASS_JP":null,"FCLASS_KO":null,"FCLASS_VN":null,"FCLASS_TR":null,"FCLASS_ID":null,"FCLASS_PL":null,"FCLASS_GR":null,"FCLASS_IT":null,"FCLASS_NL":null,"FCLASS_SE":null,"FCLASS_BD":null,"FCLASS_UA":null},"geometry":{"type":"Polygon","coordinates":[[[-58.166392,-19.772164118985273],[-57.87067400000001,-20.294507982904147],[-57.937155999999995,-21.562405234223654],[-56.881510000000006,-21.74083802416115],[-56.47331700000001,-21.55880044030002],[-55.797958,-21.81027831458861],[-55.610683,-22.087317455565977],[-55.517639,-22.93386607014533],[-55.400747,-23.28790992352156],[-55.027902000000005,-23.32863038455149],[-54.65283399999999,-23.180070424874977],[-54.29296,-23.34675537543894],[-54.293476,-23.850561685706175],[-54.428946,-24.390309167463123],[-54.625291,-24.914778925216783],[-54.788795,-25.71256046832627],[-55.695845999999996,-26.400744051999908],[-56.486702,-26.544560140550868],[-57.609759999999994,-26.407965007746487],[-58.618173999999996,-26.163930035524167],[-57.63366,-24.791739071237878],[-57.77721700000001,-24.390450334179718],[-58.807128,-24.033954852039077],[-60.028966000000004,-23.357572263303354],[-60.846565,-23.217879346041375],[-62.685057,-21.710065952010016],[-62.291179,-20.59336548648131],[-62.265961000000004,-20.089011388729638],[-61.786326,-19.26039737502189],[-60.04356500000001,-18.985465148658715],[-59.115042,-18.998853376832407],[-58.183471000000004,-19.481775024992256],[-58.166392,-19.772164118985273]]]}},{"type":"Feature","bbox":[42.604873,12.58595,53.108573,19.000003],"properties":{"featurecla":"Admin-0 country","scalerank":1,"LABELRANK":3,"SOVEREIGNT":"Yemen","SOV_A3":"YEM","ADM0_DIF":0,"LEVEL":2,"TYPE":"Sovereign country","TLC":"1","ADMIN":"Yemen","ADM0_A3":"YEM","GEOU_DIF":0,"GEOUNIT":"Yemen","GU_A3":"YEM","SU_DIF":0,"SUBUNIT":"Yemen","SU_A3":"YEM","BRK_DIFF":0,"NAME":"Yemen","NAME_LONG":"Yemen","BRK_A3":"YEM","BRK_NAME":"Yemen","BRK_GROUP":null,"ABBREV":"Yem.","POSTAL":"YE","FORMAL_EN":"Republic of Yemen","FORMAL_FR":null,"NAME_CIAWF":"Yemen","NOTE_ADM0":null,"NOTE_BRK":null,"NAME_SORT":"Yemen, Rep.","NAME_ALT":null,"MAPCOLOR7":5,"MAPCOLOR8":3,"MAPCOLOR9":3,"MAPCOLOR13":11,"POP_EST":29161922,"POP_RANK":15,"POP_YEAR":2019,"GDP_MD":22581,"GDP_YEAR":2019,"ECONOMY":"7. Least developed region","INCOME_GRP":"4. Lower middle income","FIPS_10":"YM","ISO_A2":"YE","ISO_A2_EH":"YE","ISO_A3":"YEM","ISO_A3_EH":"YEM","ISO_N3":"887","ISO_N3_EH":"887","UN_A3":"887","WB_A2":"RY","WB_A3":"YEM","WOE_ID":23425002,"WOE_ID_EH":23425002,"WOE_NOTE":"Exact WOE match as country","ADM0_ISO":"YEM","ADM0_DIFF":null,"ADM0_TLC":"YEM","ADM0_A3_US":"YEM","ADM0_A3_FR":"YEM","ADM0_A3_RU":"YEM","ADM0_A3_ES":"YEM","ADM0_A3_CN":"YEM","ADM0_A3_TW":"YEM","ADM0_A3_IN":"YEM","ADM0_A3_NP":"YEM","ADM0_A3_PK":"YEM","ADM0_A3_DE":"YEM","ADM0_A3_GB":"YEM","ADM0_A3_BR":"YEM","ADM0_A3_IL":"YEM","ADM0_A3_PS":"YEM","ADM0_A3_SA":"YEM","ADM0_A3_EG":"YEM","ADM0_A3_MA":"YEM","ADM0_A3_PT":"YEM","ADM0_A3_AR":"YEM","ADM0_A3_JP":"YEM","ADM0_A3_KO":"YEM","ADM0_A3_VN":"YEM","ADM0_A3_TR":"YEM","ADM0_A3_ID":"YEM","ADM0_A3_PL":"YEM","ADM0_A3_GR":"YEM","ADM0_A3_IT":"YEM","ADM0_A3_NL":"YEM","ADM0_A3_SE":"YEM","ADM0_A3_BD":"YEM","ADM0_A3_UA":"YEM","ADM0_A3_UN":-99,"ADM0_A3_WB":-99,"CONTINENT":"Asia","REGION_UN":"Asia","SUBREGION":"Western Asia","REGION_WB":"Middle East & North Africa","NAME_LEN":5,"LONG_LEN":5,"ABBREV_LEN":4,"TINY":-99,"HOMEPART":1,"MIN_ZOOM":0,"MIN_LABEL":3,"MAX_LABEL":8,"LABEL_X":45.874383,"LABEL_Y":15.328226,"NE_ID":1159321425,"WIKIDATAID":"Q805","NAME_AR":"اليمن","NAME_BN":"ইয়েমেন","NAME_DE":"Jemen","NAME_EN":"Yemen","NAME_ES":"Yemen","NAME_FA":"یمن","NAME_FR":"Yémen","NAME_EL":"Υεμένη","NAME_HE":"תימן","NAME_HI":"यमन","NAME_HU":"Jemen","NAME_ID":"Yaman","NAME_IT":"Yemen","NAME_JA":"イエメン","NAME_KO":"예멘","NAME_NL":"Jemen","NAME_PL":"Jemen","NAME_PT":"Iémen","NAME_RU":"Йемен","NAME_SV":"Jemen","NAME_TR":"Yemen","NAME_UK":"Ємен","NAME_UR":"یمن","NAME_VI":"Yemen","NAME_ZH":"也门","NAME_ZHT":"葉門","FCLASS_ISO":"Admin-0 country","TLC_DIFF":null,"FCLASS_TLC":"Admin-0 country","FCLASS_US":null,"FCLASS_FR":null,"FCLASS_RU":null,"FCLASS_ES":null,"FCLASS_CN":null,"FCLASS_TW":null,"FCLASS_IN":null,"FCLASS_NP":null,"FCLASS_PK":null,"FCLASS_DE":null,"FCLASS_GB":null,"FCLASS_BR":null,"FCLASS_IL":null,"FCLASS_PS":null,"FCLASS_SA":null,"FCLASS_EG":null,"FCLASS_MA":null,"FCLASS_PT":null,"FCLASS_AR":null,"FCLASS_JP":null,"FCLASS_KO":null,"FCLASS_VN":null,"FCLASS_TR":null,"FCLASS_ID":null,"FCLASS_PL":null,"FCLASS_GR":null,"FCLASS_IT":null,"FCLASS_NL":null,"FCLASS_SE":null,"FCLASS_BD":null,"FCLASS_UA":null},"geometry":{"type":"Polygon","coordinates":[[[52.000009999999996,18.661052193439552],[52.78218400000001,17.090518237788796],[53.108573,16.421497353396404],[52.385206,16.16364574123992],[52.191729,15.73676164691694],[52.168164999999995,15.40826725593514],[51.172515,15.000876060604133],[49.57457600000001,14.549819483825425],[48.679231,13.865841017789283],[48.23894700000001,13.812328847711598],[47.938914,13.869754519559379],[47.354454,13.466495316097834],[46.717076000000006,13.279194499385373],[45.877593000000005,13.22864286366529],[45.62505000000001,13.173326282908155],[45.406459,12.91609930619072],[45.14435600000001,12.844968380818413],[44.989533,12.596860835884534],[44.494576,12.61839477399399],[44.175112999999996,12.48593530560569],[43.482959,12.535577888750945],[43.222871,13.105162748004114],[43.25144800000001,13.636976889594777],[43.08794400000001,13.923530078064438],[42.892244999999996,14.640284896370009],[42.604873,15.03766002803555],[42.805015,15.08461761084044],[42.702438,15.52533435811851],[42.823671,15.711069458749664],[42.779332,16.130487520397605],[43.218375,16.436689654644226],[43.115798,16.84058824186577],[43.38079400000001,17.310465558803394],[43.791519,17.06206543999041],[44.062613,17.148449475550787],[45.216651,17.17039702423914],[45.399999,17.074835083940325],[46.36665899999999,16.979199295287632],[46.749993999999994,17.02703573059938],[47.000005,16.708038082551965],[47.466695,16.867617138844224],[48.183344,17.869713375767937],[49.116672,18.29748330230725],[52.000009999999996,18.661052193439552]]]}},{"type":"Feature","bbox":[34.632336,16.347891,55.666659,32.161009],"properties":{"featurecla":"Admin-0 country","scalerank":1,"LABELRANK":2,"SOVEREIGNT":"Saudi Arabia","SOV_A3":"SAU","ADM0_DIF":0,"LEVEL":2,"TYPE":"Sovereign country","TLC":"1","ADMIN":"Saudi Arabia","ADM0_A3":"SAU","GEOU_DIF":0,"GEOUNIT":"Saudi Arabia","GU_A3":"SAU","SU_DIF":0,"SUBUNIT":"Saudi Arabia","SU_A3":"SAU","BRK_DIFF":0,"NAME":"Saudi Arabia","NAME_LONG":"Saudi Arabia","BRK_A3":"SAU","BRK_NAME":"Saudi Arabia","BRK_GROUP":null,"ABBREV":"Saud.","POSTAL":"SA","FORMAL_EN":"Kingdom of Saudi Arabia","FORMAL_FR":null,"NAME_CIAWF":"Saudi Arabia","NOTE_ADM0":null,"NOTE_BRK":null,"NAME_SORT":"Saudi Arabia","NAME_ALT":null,"MAPCOLOR7":6,"MAPCOLOR8":1,"MAPCOLOR9":6,"MAPCOLOR13":7,"POP_EST":34268528,"POP_RANK":15,"POP_YEAR":2019,"GDP_MD":792966,"GDP_YEAR":2019,"ECONOMY":"2. Developed region: nonG7","INCOME_GRP":"2. High income: nonOECD","FIPS_10":"SA","ISO_A2":"SA","ISO_A2_EH":"SA","ISO_A3":"SAU","ISO_A3_EH":"SAU","ISO_N3":"682","ISO_N3_EH":"682","UN_A3":"682","WB_A2":"SA","WB_A3":"SAU","WOE_ID":23424938,"WOE_ID_EH":23424938,"WOE_NOTE":"Exact WOE match as country","ADM0_ISO":"SAU","ADM0_DIFF":null,"ADM0_TLC":"SAU","ADM0_A3_US":"SAU","ADM0_A3_FR":"SAU","ADM0_A3_RU":"SAU","ADM0_A3_ES":"SAU","ADM0_A3_CN":"SAU","ADM0_A3_TW":"SAU","ADM0_A3_IN":"SAU","ADM0_A3_NP":"SAU","ADM0_A3_PK":"SAU","ADM0_A3_DE":"SAU","ADM0_A3_GB":"SAU","ADM0_A3_BR":"SAU","ADM0_A3_IL":"SAU","ADM0_A3_PS":"SAU","ADM0_A3_SA":"SAU","ADM0_A3_EG":"SAU","ADM0_A3_MA":"SAU","ADM0_A3_PT":"SAU","ADM0_A3_AR":"SAU","ADM0_A3_JP":"SAU","ADM0_A3_KO":"SAU","ADM0_A3_VN":"SAU","ADM0_A3_TR":"SAU","ADM0_A3_ID":"SAU","ADM0_A3_PL":"SAU","ADM0_A3_GR":"SAU","ADM0_A3_IT":"SAU","ADM0_A3_NL":"SAU","ADM0_A3_SE":"SAU","ADM0_A3_BD":"SAU","ADM0_A3_UA":"SAU","ADM0_A3_UN":-99,"ADM0_A3_WB":-99,"CONTINENT":"Asia","REGION_UN":"Asia","SUBREGION":"Western Asia","REGION_WB":"Middle East & North Africa","NAME_LEN":12,"LONG_LEN":12,"ABBREV_LEN":5,"TINY":-99,"HOMEPART":1,"MIN_ZOOM":0,"MIN_LABEL":1.7,"MAX_LABEL":7,"LABEL_X":44.6996,"LABEL_Y":23.806908,"NE_ID":1159321225,"WIKIDATAID":"Q851","NAME_AR":"السعودية","NAME_BN":"সৌদি আরব","NAME_DE":"Saudi-Arabien","NAME_EN":"Saudi Arabia","NAME_ES":"Arabia Saudita","NAME_FA":"عربستان سعودی","NAME_FR":"Arabie saoudite","NAME_EL":"Σαουδική Αραβία","NAME_HE":"ערב הסעודית","NAME_HI":"सउदी अरब","NAME_HU":"Szaúd-Arábia","NAME_ID":"Arab Saudi","NAME_IT":"Arabia Saudita","NAME_JA":"サウジアラビア","NAME_KO":"사우디아라비아","NAME_NL":"Saoedi-Arabië","NAME_PL":"Arabia Saudyjska","NAME_PT":"Arábia Saudita","NAME_RU":"Саудовская Аравия","NAME_SV":"Saudiarabien","NAME_TR":"Suudi Arabistan","NAME_UK":"Саудівська Аравія","NAME_UR":"سعودی عرب","NAME_VI":"Ả Rập Saudi","NAME_ZH":"沙特阿拉伯","NAME_ZHT":"沙烏地阿拉伯","FCLASS_ISO":"Admin-0 country","TLC_DIFF":null,"FCLASS_TLC":"Admin-0 country","FCLASS_US":null,"FCLASS_FR":null,"FCLASS_RU":null,"FCLASS_ES":null,"FCLASS_CN":null,"FCLASS_TW":null,"FCLASS_IN":null,"FCLASS_NP":null,"FCLASS_PK":null,"FCLASS_DE":null,"FCLASS_GB":null,"FCLASS_BR":null,"FCLASS_IL":null,"FCLASS_PS":null,"FCLASS_SA":null,"FCLASS_EG":null,"FCLASS_MA":null,"FCLASS_PT":null,"FCLASS_AR":null,"FCLASS_JP":null,"FCLASS_KO":null,"FCLASS_VN":null,"FCLASS_TR":null,"FCLASS_ID":null,"FCLASS_PL":null,"FCLASS_GR":null,"FCLASS_IT":null,"FCLASS_NL":null,"FCLASS_SE":null,"FCLASS_BD":null,"FCLASS_UA":null},"geometry":{"type":"Polygon","coordinates":[[[34.956037,28.150460975160918],[36.068941,28.010124170049266],[36.501214,28.28149027450763],[36.740528,28.59806966583229],[37.50358200000001,28.719595987618355],[37.66812,29.01287423910693],[37.998849,29.16128989596373],[37.002166,30.0307298482915],[39.004886,30.4642153738755],[39.195468,30.5941031448305],[40.399994,30.360532833402203],[41.889981,29.754686702007053],[44.709499,27.993698104458698],[46.568712999999995,27.923153431030634],[47.459822,27.837849394425106],[47.708851,27.415717092104867],[48.416094,27.43874223464935],[48.80759499999999,26.670742755599825],[49.29955400000001,26.466453126874377],[49.470914,26.151615189680825],[50.152422,25.773700693562034],[50.21293500000001,25.401534558489214],[50.113303,25.100304030827257],[50.239859,24.795727139221654],[50.527387,24.541060729331473],[50.660557,24.242417578185346],[50.810108,24.018687151227926],[51.112415000000006,23.83732761651678],[51.389608,23.902305082731054],[51.579519,23.552698081501795],[51.617708,23.340516581045232],[52.000733,22.407129878958564],[55.006803,21.940214605049757],[55.20834099999999,22.13615164168736],[55.666659,21.47851664744652],[54.999982,19.605788299131383],[52.000009999999996,18.661052193439552],[49.116672,18.29748330230725],[48.183344,17.869713375767937],[47.466695,16.867617138844224],[47.000005,16.708038082551965],[46.749993999999994,17.02703573059938],[46.36665899999999,16.979199295287632],[45.399999,17.074835083940325],[45.216651,17.17039702423914],[44.062613,17.148449475550787],[43.791519,17.06206543999041],[43.38079400000001,17.310465558803394],[43.115798,16.84058824186577],[43.218375,16.436689654644226],[42.779332,16.130487520397605],[42.649573000000004,16.540003892289924],[42.347989,16.8284956710183],[42.27088800000001,17.209940960188533],[41.75438200000001,17.551903224844473],[41.221391000000004,18.349630044577857],[40.939341,19.121328387255396],[40.24765200000001,19.77021990769068],[39.801685,19.924691745708937],[39.139399,20.81811592793599],[39.023696,21.46630167130047],[39.06632900000001,22.01691170640808],[38.492771999999995,23.04107154973869],[38.02386,23.399694815265253],[37.483635,23.589358849442647],[37.154818,24.113409638326914],[37.209491,24.319575760592453],[36.931627,24.791105398733155],[36.639604,24.99363257619871],[36.249137,25.666015655270087],[35.640182,26.390606902261602],[35.130187,27.004212495367742],[34.632336,26.99993039689946],[34.787779,27.48791940216572],[34.83222,27.7980179831767],[34.956037,28.150460975160918]]]}},{"type":"Feature","bbox":[-180,-90,180,-63.27066],"properties":{"featurecla":"Admin-0 country","scalerank":1,"LABELRANK":4,"SOVEREIGNT":"Antarctica","SOV_A3":"ATA","ADM0_DIF":0,"LEVEL":2,"TYPE":"Indeterminate","TLC":"1","ADMIN":"Antarctica","ADM0_A3":"ATA","GEOU_DIF":0,"GEOUNIT":"Antarctica","GU_A3":"ATA","SU_DIF":0,"SUBUNIT":"Antarctica","SU_A3":"ATA","BRK_DIFF":0,"NAME":"Antarctica","NAME_LONG":"Antarctica","BRK_A3":"ATA","BRK_NAME":"Antarctica","BRK_GROUP":null,"ABBREV":"Ant.","POSTAL":"AQ","FORMAL_EN":null,"FORMAL_FR":null,"NAME_CIAWF":null,"NOTE_ADM0":"By treaty","NOTE_BRK":"Multiple claims held in abeyance by treaty","NAME_SORT":"Antarctica","NAME_ALT":null,"MAPCOLOR7":4,"MAPCOLOR8":5,"MAPCOLOR9":1,"MAPCOLOR13":-99,"POP_EST":4490,"POP_RANK":4,"POP_YEAR":2019,"GDP_MD":898,"GDP_YEAR":2013,"ECONOMY":"6. Developing region","INCOME_GRP":"2. High income: nonOECD","FIPS_10":"AY","ISO_A2":"AQ","ISO_A2_EH":"AQ","ISO_A3":"ATA","ISO_A3_EH":"ATA","ISO_N3":"010","ISO_N3_EH":"010","UN_A3":"010","WB_A2":"-99","WB_A3":"-99","WOE_ID":28289409,"WOE_ID_EH":28289409,"WOE_NOTE":"Exact WOE match as country","ADM0_ISO":"ATA","ADM0_DIFF":null,"ADM0_TLC":"ATA","ADM0_A3_US":"ATA","ADM0_A3_FR":"ATA","ADM0_A3_RU":"ATA","ADM0_A3_ES":"ATA","ADM0_A3_CN":"ATA","ADM0_A3_TW":"ATA","ADM0_A3_IN":"ATA","ADM0_A3_NP":"ATA","ADM0_A3_PK":"ATA","ADM0_A3_DE":"ATA","ADM0_A3_GB":"ATA","ADM0_A3_BR":"ATA","ADM0_A3_IL":"ATA","ADM0_A3_PS":"ATA","ADM0_A3_SA":"ATA","ADM0_A3_EG":"ATA","ADM0_A3_MA":"ATA","ADM0_A3_PT":"ATA","ADM0_A3_AR":"ATA","ADM0_A3_JP":"ATA","ADM0_A3_KO":"ATA","ADM0_A3_VN":"ATA","ADM0_A3_TR":"ATA","ADM0_A3_ID":"ATA","ADM0_A3_PL":"ATA","ADM0_A3_GR":"ATA","ADM0_A3_IT":"ATA","ADM0_A3_NL":"ATA","ADM0_A3_SE":"ATA","ADM0_A3_BD":"ATA","ADM0_A3_UA":"ATA","ADM0_A3_UN":-99,"ADM0_A3_WB":-99,"CONTINENT":"Antarctica","REGION_UN":"Antarctica","SUBREGION":"Antarctica","REGION_WB":"Antarctica","NAME_LEN":10,"LONG_LEN":10,"ABBREV_LEN":4,"TINY":-99,"HOMEPART":1,"MIN_ZOOM":0,"MIN_LABEL":4,"MAX_LABEL":9,"LABEL_X":35.885455,"LABEL_Y":-79.843222,"NE_ID":1159320335,"WIKIDATAID":"Q51","NAME_AR":"القارة القطبية الجنوبية","NAME_BN":"অ্যান্টার্কটিকা","NAME_DE":"Antarktika","NAME_EN":"Antarctica","NAME_ES":"Antártida","NAME_FA":"جنوبگان","NAME_FR":"Antarctique","NAME_EL":"Ανταρκτική","NAME_HE":"אנטארקטיקה","NAME_HI":"अंटार्कटिका","NAME_HU":"Antarktika","NAME_ID":"Antartika","NAME_IT":"Antartide","NAME_JA":"南極大陸","NAME_KO":"남극","NAME_NL":"Antarctica","NAME_PL":"Antarktyda","NAME_PT":"Antártida","NAME_RU":"Антарктида","NAME_SV":"Antarktis","NAME_TR":"Antarktika","NAME_UK":"Антарктида","NAME_UR":"انٹارکٹکا","NAME_VI":"Châu Nam Cực","NAME_ZH":"南极洲","NAME_ZHT":"南極洲","FCLASS_ISO":"Admin-0 dependency","TLC_DIFF":null,"FCLASS_TLC":"Admin-0 dependency","FCLASS_US":null,"FCLASS_FR":null,"FCLASS_RU":null,"FCLASS_ES":null,"FCLASS_CN":null,"FCLASS_TW":null,"FCLASS_IN":null,"FCLASS_NP":null,"FCLASS_PK":null,"FCLASS_DE":null,"FCLASS_GB":null,"FCLASS_BR":null,"FCLASS_IL":null,"FCLASS_PS":null,"FCLASS_SA":null,"FCLASS_EG":null,"FCLASS_MA":null,"FCLASS_PT":null,"FCLASS_AR":null,"FCLASS_JP":null,"FCLASS_KO":null,"FCLASS_VN":null,"FCLASS_TR":null,"FCLASS_ID":null,"FCLASS_PL":null,"FCLASS_GR":null,"FCLASS_IT":null,"FCLASS_NL":null,"FCLASS_SE":null,"FCLASS_BD":null,"FCLASS_UA":null},"geometry":{"type":"MultiPolygon","coordinates":[[[[-48.660616,-61.27030200772074],[-48.151396,-61.27032652229333],[-46.662857,-61.16652418989243],[-45.154758,-61.27032652229333],[-43.920828,-61.476832134803466],[-43.48995000000001,-61.76555332477481],[-43.372438,-61.968816389859356],[-43.333267,-62.20730874170891],[-44.880537,-62.35314195675575],[-46.506174,-62.47110154773165],[-48.386421,-62.57957918810764],[-50.48210699999999,-62.66968367925795],[-52.851988,-62.64269489356749],[-54.164259,-62.48920073761836],[-53.987990999999994,-62.29851606221885],[-51.853134,-62.17073401216527],[-50.991326,-62.01482661270061],[-50.364595,-61.81184581421201],[-49.914131,-61.63548916870734],[-49.306959,-61.46750297767573],[-48.660616,-61.27030152704264],[-48.660616,-61.27030200772074]]],[[[-66.290031,-62.31419884137737],[-64.037688,-62.33239306572144],[-61.88324600000001,-62.37782975942166],[-61.138976,-62.186434846419004],[-60.610119,-62.02142157880755],[-59.572095,-62.21386197507178],[-59.865849000000004,-62.45043424139745],[-60.159656,-62.658150643305106],[-62.255393,-62.59509131073134],[-64.488125,-62.62212297056096],[-65.741666,-62.46854549480699],[-65.741666,-62.45043424139745],[-66.290031,-62.31419884137737]]],[[[-73.915819,-57.83945406438147],[-73.915819,-57.83945353208801],[-73.230331,-57.77682061334052],[-72.074717,-57.797701278418316],[-71.780962,-57.52517226655628],[-71.72218,-57.324737515075434],[-71.741791,-56.88842715121383],[-71.173815,-56.63062764245408],[-70.253252,-56.54431948398994],[-69.724447,-56.748997030716076],[-69.489422,-56.952593803481],[-69.058518,-57.19754976365528],[-68.72554100000002,-57.430377987795026],[-68.45134600000002,-57.67218145648295],[-68.333834,-57.912383111326484],[-68.510128,-58.119971344700744],[-68.78429700000001,-58.31607213248023],[-69.959471,-58.38803397397593],[-71.075889,-58.490598042689605],[-72.388134,-58.48036067664771],[-71.8985,-58.274873568981484],[-73.073622,-58.34691925799287],[-74.19004,-58.418845527691595],[-74.953895,-58.26457287700627],[-75.012625,-58.04746349903246],[-73.915819,-57.83945406438147]]],[[[-102.330725,-58.17050879886767],[-102.330725,-58.17050879886767],[-101.703967,-58.07736970634695],[-100.430919,-58.149844280054545],[-98.98155,-58.19116079099861],[-97.884743,-58.26340409101082],[-96.787937,-58.201509689332184],[-96.20035,-58.49967144228745],[-96.98376500000002,-58.4587141329306],[-98.198083,-58.47919901630122],[-99.432013,-58.4587141329306],[-100.78345499999999,-58.489436720807085],[-101.801868,-58.386869262835255],[-102.330725,-58.17050879886767]]],[[[-122.621735,-59.08853032834172],[-122.621735,-59.0885298146287],[-122.40624500000001,-58.91695484743607],[-121.21151100000002,-59.00789169511687],[-119.918851,-59.088503101541264],[-118.72414299999998,-58.997778725458275],[-119.29211899999999,-59.17898818719381],[-120.23221700000002,-59.30924347668857],[-121.62283,-59.269233877471294],[-122.621735,-59.08853032834172]]],[[[-127.28313,-58.98769009126118],[-127.28313,-58.98768957603895],[-126.55847200000001,-58.87645839734381],[-125.55956600000002,-58.997778725458275],[-124.03188200000001,-59.199051865075575],[-124.619469,-59.17898818719381],[-125.912181,-59.12875100668867],[-127.28313,-58.98769009126118]]],[[[-163.712896,-61.53292001698438],[-163.712896,-61.53292001698438],[-163.105801,-61.354940405203344],[-161.245113,-61.430035490654156],[-160.24620799999997,-61.57958650735972],[-159.482405,-61.746992564232016],[-159.208184,-61.95961052036022],[-161.127601,-62.024015820274656],[-162.439847,-61.858092673564265],[-163.027408,-61.69129146107236],[-163.066604,-61.6633908088505],[-163.712896,-61.53292001698438]]],[[[180.00000000000003,-64.31515860417932],[180.00000000000003,-66.51326044311185],[-180.00000000000003,-66.51326044311185],[-180.00000000000003,-64.31515860417932],[-179.942499,-64.31865305347947],[-179.058677,-64.06526348874107],[-177.25677200000004,-64.20204403399032],[-177.140807,-64.18681136394466],[-176.08467299999998,-64.04769715692079],[-175.947235,-64.05259372580225],[-175.829882,-64.05585981483628],[-174.382503,-64.23744223570814],[-173.116559,-64.05585981483628],[-172.889106,-64.03095743995033],[-169.951223,-63.953619764571684],[-168.99998900000003,-64.05585981483628],[-168.530199,-64.10808094560929],[-167.022099,-64.25316052984277],[-164.182144,-64.36358542973407],[-161.929775,-64.4988988855427],[-158.07137999999998,-64.59996275728054],[-155.19225299999997,-64.4820294519803],[-150.942099,-64.56631641282848],[-148.533073,-64.70063079652861],[-145.888918,-64.57472620867514],[-143.107718,-64.45668357268553],[-142.892279,-64.25316052984277],[-146.829068,-64.23611697849071],[-150.060732,-64.13372638445745],[-150.902928,-63.962218189567686],[-153.586201,-63.86744302749092],[-153.409907,-63.66824359564388],[-153.037759,-63.48512695946987],[-152.665637,-63.31842455982587],[-152.861517,-63.13305419078133],[-154.52629900000002,-63.00882842075807],[-155.29018,-62.84829469797642],[-156.83745,-62.704871263760005],[-154.40878700000002,-62.73182678765056],[-152.097662,-62.65990694865395],[-150.648293,-62.81252217920526],[-148.865998,-62.677915009827984],[-147.22075,-62.50652540092767],[-146.417749,-62.35235032710165],[-146.770286,-62.160792922239516],[-148.062947,-62.03240219811595],[-149.531901,-61.894266261129154],[-151.588416,-61.86654925921013],[-153.39032200000003,-61.801811539556226],[-155.329376,-61.75547931839758],[-155.975668,-61.57877502316294],[-157.268302,-61.42919522652803],[-158.051768,-61.260041219721714],[-158.365134,-60.70881594628368],[-157.875474,-60.756741670700436],[-156.974573,-60.90953726313918],[-155.329376,-60.86183993576931],[-153.742832,-60.794989881108876],[-152.920247,-61.00464210621687],[-151.33378,-60.95713760048096],[-150.00195000000002,-60.8523022382982],[-148.748486,-60.7184223677537],[-147.612483,-60.55508549089946],[-146.104409,-60.506884949306816],[-146.143528,-60.32306124483593],[-146.496091,-60.138222633670374],[-146.20231,-59.96211918483658],[-144.909624,-59.87371451410793],[-144.322037,-60.040509027819404],[-142.794353,-59.942505457873764],[-141.638764,-59.81465587024042],[-140.209007,-59.80480709977221],[-138.85759,-59.75549238401865],[-137.5062,-59.63685039305055],[-136.428901,-59.52772150400493],[-135.214583,-59.418238212314265],[-134.431194,-59.448118156771656],[-133.745654,-59.48794328846659],[-132.257168,-59.418238212314265],[-130.925311,-59.50782531927417],[-129.554284,-59.49788551402682],[-128.242038,-59.42820095584505],[-126.890622,-59.47799813460992],[-125.402082,-59.52772150400493],[-124.01149600000001,-59.50782531927417],[-122.562152,-59.517761689780976],[-121.07361299999998,-59.52772150400493],[-119.70256,-59.50782531927417],[-118.684145,-59.358346129922424],[-117.469801,-59.278369413620844],[-116.21631199999999,-59.38830539758113],[-115.021552,-59.29837472463779],[-113.944331,-59.11782513961995],[-113.29798799999999,-59.278369413620844],[-112.94545199999999,-59.45807210682328],[-112.299083,-59.62694912830361],[-111.261059,-59.47799813460992],[-110.066325,-59.66653768064819],[-108.714909,-59.72585817901928],[-107.559346,-59.86388320079644],[-106.149148,-59.8343713154896],[-104.876074,-59.74562613590007],[-103.367949,-59.76535622265489],[-102.016507,-59.8343713154896],[-100.645531,-59.92285456208612],[-100.1167,-59.7061052667497],[-100.76304300000001,-59.53765201409295],[-101.25270300000001,-59.358346129922424],[-102.545337,-59.318394813090364],[-103.113313,-59.12787614192468],[-103.32875200000001,-58.93629185943583],[-103.68128899999999,-58.549965525557056],[-102.917485,-58.62145064430252],[-101.60524,-58.65203143850018],[-100.31252800000001,-58.62145064430252],[-99.13738,-58.702965745487646],[-98.118889,-58.85532374909417],[-97.68803699999998,-59.03725586110439],[-96.336595,-59.06749812446889],[-95.04396099999998,-58.99692730206268],[-93.672907,-58.89584494155243],[-92.439003,-58.835058547019685],[-91.420564,-58.956524635503214],[-90.088733,-58.916074578953086],[-89.226951,-58.519268732873414],[-88.423951,-58.75382620015976],[-87.268337,-58.84519237142571],[-86.014822,-58.79446613921533],[-85.19223600000001,-58.99692730206268],[-83.879991,-59.017097748228],[-82.665646,-59.077563885472784],[-81.470913,-59.18814791777995],[-80.68744700000002,-58.99692730206268],[-80.295791,-58.81475456044725],[-79.296886,-59.017097748228],[-77.92585800000002,-58.966622912701844],[-76.90736699999998,-59.077563885472784],[-76.221879,-59.248313572399894],[-74.890049,-59.198204912166574],[-73.852024,-59.0876272089791],[-72.833533,-58.956524635503214],[-71.619215,-58.8857254227524],[-70.209042,-58.82489484005978],[-68.935916,-58.75382620015976],[-67.956622,-58.641840642261506],[-67.369061,-58.478307094401586],[-67.13403600000001,-58.252202936403584],[-67.251548,-58.035017863387004],[-67.56494,-57.82693554160089],[-67.917477,-57.61764496716274],[-68.230843,-57.40716994364128],[-68.485452,-57.21666567389205],[-68.544209,-57.003847618917],[-68.446282,-56.789833621067736],[-67.976233,-56.58534972575459],[-67.5845,-56.358059603746646],[-67.427843,-56.140348376564056],[-67.62367,-55.89941368639495],[-67.741183,-55.6790651920144],[-67.251548,-55.42413860019274],[-66.703184,-55.25697883757425],[-66.056815,-55.04425252360625],[-65.371327,-54.86418964003459],[-64.568276,-54.694699571383886],[-64.176542,-54.444796790803856],[-63.62815200000001,-54.28495488584934],[-63.001394000000005,-54.135966074287495],[-62.041686,-54.10152875765625],[-61.414928,-53.91728777002617],[-60.709855000000005,-53.801718832677246],[-59.887269,-53.73223021654705],[-59.162585,-53.58125120527955],[-58.594556999999995,-53.39470928643366],[-57.81114300000001,-53.324548239969836],[-57.223582,-53.476443494346654],[-57.59573,-53.67423041298236],[-58.614143,-53.84799073039817],[-59.045073,-53.97495288478038],[-59.789342000000005,-53.88263828249394],[-60.611928,-53.94035125718891],[-61.297416000000005,-54.078524531782904],[-62.02210000000001,-54.22771949476561],[-62.51176,-54.39918689994786],[-62.648858,-54.62669853951462],[-62.590128,-54.841639781027],[-62.120079,-55.033000050038055],[-62.805567,-55.16755565104499],[-63.74569000000001,-55.21227780811935],[-64.294106,-55.40190292156084],[-64.881693,-55.57949584562328],[-65.508425,-55.822445214893605],[-65.66508200000001,-56.03101376420025],[-65.312545,-56.26022406106449],[-64.783715,-56.433993372037],[-63.961103,-56.563744226670586],[-63.1973,-56.73613097717028],[-62.785955,-56.950452220216974],[-62.57051599999999,-57.15295411216942],[-62.276736,-57.36491746658518],[-61.806661,-57.5441182526248],[-61.51290600000001,-57.74335365090387],[-61.37580899999999,-58.231586425970626],[-61.081976999999995,-58.42704475752413],[-61.00366100000001,-58.63164739135231],[-60.690269,-58.835058547019685],[-60.827367,-59.10777067488884],[-61.37580899999999,-59.318394813090364],[-61.96336999999999,-59.48794328846659],[-63.295201,-59.557504765071094],[-63.74569000000001,-59.735756470200315],[-64.352836,-59.90321759665327],[-65.860987,-60.089376359999484],[-67.192818,-60.16746478707199],[-68.446282,-60.27451491015043],[-69.797724,-60.381216377326616],[-70.600724,-60.583956256117666],[-72.206776,-60.603189274438265],[-73.969536,-60.583956256117666],[-75.555977,-60.62243585900704],[-77.24037,-60.62243585900704],[-76.926979,-60.814122477134035],[-75.399294,-60.89996323226523],[-74.282876,-61.033110646106635],[-73.656119,-61.20346144831071],[-74.772536,-61.3541230478978],[-76.4961,-61.30711717591986],[-77.92585800000002,-61.42919522652803],[-77.98466600000002,-61.62537260231996],[-78.023785,-61.811064506696134],[-76.848637,-61.968014641137536],[-76.633224,-62.14247055641585],[-75.360097,-62.315951346802784],[-73.244852,-62.388705218916996],[-71.442946,-62.515565398300886],[-70.013163,-62.65990694865395],[-68.191646,-62.803548596805435],[-65.704279,-62.87511936339274],[-63.256029999999996,-62.99991474439062],[-61.552026,-63.13305419078133],[-59.691416000000004,-63.28322502327788],[-58.712121,-63.49386940237805],[-58.222487,-63.65955454178589],[-57.00811699999999,-63.50260872515314],[-55.362894,-63.37116570367811],[-53.619771,-63.23029910761091],[-51.54364400000001,-63.11534662770352],[-49.76135,-62.9910215062415],[-47.273931,-62.98212601344584],[-44.825708,-63.04436208122047],[-42.808363,-63.15077444339891],[-42.16202,-62.95542282244011],[-40.771433,-62.82146927454751],[-38.244818,-62.81252217920526],[-36.26667,-62.71385153007051],[-34.386397,-62.61487381996359],[-32.310296,-62.551722415061384],[-30.097098,-62.47031303104992],[-28.549802000000003,-62.35235032710165],[-29.254901000000004,-62.188219057080936],[-29.685805000000002,-62.023215522713656],[-29.685805000000002,-61.84807351403449],[-31.624808,-61.86654925921013],[-33.681324,-61.94036492306318],[-35.639912,-61.94036492306318],[-35.914107,-61.764746711904436],[-35.77701,-61.410456289829746],[-35.326546,-61.30711717591986],[-33.896763,-61.194025444524016],[-32.212369,-61.080551456058956],[-30.998051000000004,-60.93809104162283],[-29.783732000000004,-60.794989881108876],[-28.882779,-60.603189274438265],[-27.511752000000005,-60.51652558204499],[-26.160336,-60.44892860909982],[-25.474822000000003,-60.410267908195145],[-23.927552,-60.390894372940046],[-22.458598,-60.32306124483593],[-21.224693999999996,-60.22589692565932],[-20.010374999999996,-60.10892854842216],[-18.913543000000004,-59.99154327413929],[-17.522982,-59.8343713154896],[-16.641589,-59.66653768064819],[-15.701491000000003,-59.517761689780976],[-15.40771,-59.318394813090364],[-16.46532,-59.198204912166574],[-16.112784,-58.98683738792552],[-15.446855,-58.82489484005978],[-14.408805,-58.723308153294504],[-13.311973,-58.601022171046864],[-12.293508,-58.437297653476335],[-11.510067,-58.231586425970626],[-11.020433,-57.98311059013644],[-10.295774,-57.837362622678505],[-9.101015,-57.868653955831675],[-8.611381,-58.04538467590725],[-7.416621999999999,-58.06610981180863],[-7.377451,-57.868653955831675],[-6.868231999999999,-57.659605401252946],[-5.790985,-57.7119812325261],[-5.5363750000000005,-57.91032406111245],[-4.341667,-57.94152438983696],[-3.048981,-57.84781435978859],[-1.795492,-57.785168784557904],[-0.6594890000000001,-57.8165054431813],[-0.228637,-58.035017863387004],[0.8681949999999999,-57.85823593177353],[1.886686,-57.76428086871419],[3.022638,-57.69105099347689],[4.139055,-57.61764496716274],[5.157546,-57.49149987287724],[6.273912000000001,-57.40716994364128],[7.135719999999999,-57.29088028327528],[7.742866,-57.099772834807794],[8.48711,-57.23789739337467],[9.525135000000002,-57.16357599836787],[10.249845000000002,-57.417718185619385],[10.817821,-57.60715437839181],[11.953824,-57.50202435640064],[12.404287,-57.29088028327528],[13.422778,-57.142329717616114],[14.734997999999997,-57.174194292081836],[15.126756999999998,-57.37547841218373],[15.949342,-57.174194292081836],[17.026589,-57.110409445116716],[18.201711,-57.08913262801545],[19.259373,-57.099772834807794],[20.375739,-57.16357599836787],[21.452985,-57.19544990360525],[21.923034000000005,-57.37547841218373],[22.569403,-57.53360590913887],[23.666184,-57.43880609509202],[24.841356999999995,-57.417718185619385],[25.977309,-57.417718185619385],[27.093726000000004,-57.40716994364128],[28.09258,-57.333189936066944],[29.150241999999995,-57.26967961948094],[30.031583,-57.121043545651624],[30.971733000000004,-57.025201655373515],[31.990172,-56.971836354451014],[32.754053,-56.822001165604306],[33.302443,-56.520552454038366],[33.870419,-56.33638147493442],[34.908495,-56.42313457770687],[35.300202000000006,-56.6177210790356],[36.16201,-56.74687227763925],[37.200035,-56.70386120164733],[37.905108,-56.89697968604639],[38.649404,-57.035859656845204],[39.667894,-56.907702817955965],[40.020431,-56.67156427928411],[40.921358000000005,-56.57456284133403],[41.95943400000001,-56.39062482948584],[42.938702,-56.314604501226434],[44.113876,-56.205794602926304],[44.897291,-56.08572013914792],[45.719928,-55.95430648245468],[46.50334300000001,-55.833446277449376],[47.44344,-55.89941368639495],[48.344419,-55.70117396077896],[48.990736,-55.54626924714547],[49.930885,-55.55734771396056],[50.753471,-55.42413860019274],[50.949325,-55.22347987811918],[51.791547,-55.06668843736272],[52.614133,-54.9543216437231],[53.613038,-54.86418964003459],[54.533550000000005,-54.819077890685676],[55.414943,-54.85291657408424],[56.355041,-54.9092808683087],[57.158093,-55.06668843736272],[57.255967999999996,-55.312776953524015],[58.13736099999999,-55.501893560461255],[58.744507999999996,-55.65697381958916],[59.939318,-55.72324094398108],[60.60522100000001,-55.877446908541614],[61.427806,-56.03101376420025],[62.38748900000001,-56.0638584025248],[63.190490000000004,-55.95430648245468],[64.052349,-55.72324094398108],[64.992447,-55.84441447246968],[65.971715,-55.91039297365446],[66.911864,-55.976230308187766],[67.891133,-56.020069210409666],[68.890038,-56.020069210409666],[69.712624,-56.59613353288038],[69.673453,-56.73613097717028],[69.555941,-56.982509652983765],[68.596258,-57.121043545651624],[67.81274,-57.322616817239314],[67.949889,-57.53360590913887],[69.066307,-57.523063148368024],[68.929157,-57.73289884456052],[68.419989,-57.93112746957222],[67.949889,-58.14894401319548],[68.71377,-58.31400895720142],[69.869307,-58.36543632707405],[71.024895,-58.27280799071967],[71.573285,-58.06610981180863],[71.906288,-57.868653955831675],[72.454627,-57.70151735774237],[73.08141,-57.5441182526248],[73.33602,-57.35432596881515],[73.864877,-57.08913262801545],[74.491557,-57.035859656845204],[75.62756000000002,-57.014540052764616],[76.62646499999998,-56.950452220216974],[77.644904,-56.864876539338226],[78.134539,-56.65003611304753],[78.42837099999998,-56.44479158081632],[79.113859,-56.23849034492471],[80.09312700000001,-56.096675083651824],[80.93535,-55.987216371646326],[81.483792,-55.80040565066804],[82.05176700000001,-55.70117396077896],[82.776426,-55.61272371722338],[83.775331,-55.668021064743634],[84.676206,-55.61272371722338],[85.655527,-55.54626924714547],[86.752359,-55.57949584562328],[87.477017,-55.42413860019274],[87.986289,-55.04422273052841],[88.358411,-55.201101690174596],[88.828408,-55.468601331337084],[89.67063,-55.57949584562328],[90.630365,-55.62378344704663],[91.5901,-55.55734771396056],[92.60853899999998,-55.60166030222837],[93.548637,-55.61272371722338],[94.17541999999999,-55.55734771396056],[95.017591,-55.59059433132066],[95.781472,-55.71220872878533],[96.682399,-55.63486940928705],[97.759646,-55.63486940928705],[98.68021000000002,-55.55734771396056],[99.718182,-55.63486940928705],[100.384188,-55.446361765632204],[100.893356,-55.25697883757425],[101.578896,-55.10031988271873],[102.832411,-54.672025546170296],[103.478676,-54.751285378272705],[104.24255699999999,-54.9092808683087],[104.90846,-55.11155344234148],[106.181561,-55.457468373552025],[107.16088100000002,-55.468601331337084],[108.081393,-55.468601331337084],[109.15864,-55.40190292156084],[110.235835,-55.32392170467746],[111.058472,-55.16755565104499],[111.74396,-54.999312568513425],[112.860378,-54.976808485907014],[113.604673,-54.85291657408424],[114.388088,-54.96556692533271],[114.897308,-55.14514659480858],[115.60238099999998,-55.32392170467746],[116.699161,-55.30162963856116],[117.38470100000002,-55.446361765632204],[118.57946000000001,-55.59059433132066],[119.832924,-55.64592289177609],[120.871,-55.60166030222837],[121.65441499999999,-55.42413860019274],[122.32036900000001,-55.245815273470086],[123.22129600000001,-55.201101690174596],[124.122274,-55.279325038988304],[125.16024700000001,-55.33506275444801],[126.100396,-55.245815273470086],[127.001427,-55.245815273470086],[127.88276800000001,-55.30162963856116],[128.80328,-55.357365018694644],[129.704259,-55.25697883757425],[130.781454,-55.16755565104499],[131.799945,-55.14514659480858],[132.935896,-55.14514659480858],[133.85646,-55.08911235238646],[134.757387,-55.04425252360625],[135.031582,-54.76258683045476],[135.070753,-54.52446895175422],[135.697485,-54.68334911145737],[135.873805,-54.9430737889284],[136.206705,-55.17874061193216],[136.618049,-55.368497234346016],[137.460271,-55.468601331337084],[138.596223,-55.435252030498994],[139.908442,-55.42413860019274],[140.809421,-55.390751137858175],[142.121692,-55.390751137858175],[143.061842,-55.37962575109494],[144.374061,-55.40190292156084],[145.490427,-55.446361765632204],[146.195552,-55.62378344704663],[145.999699,-55.833446277449376],[146.646067,-55.998170235081886],[147.723263,-56.12943484006416],[148.839629,-56.271158199541674],[150.132314,-56.368908171501324],[151.483705,-56.45567292511253],[152.50224700000004,-56.54215449922318],[153.638199,-56.55300794806498],[154.284567,-56.368908171501324],[155.165857,-56.520552454038366],[155.92979,-56.69313671132883],[156.81113199999996,-56.822001165604306],[158.02552799999998,-56.87558046981828],[159.18101300000004,-56.93976918877946],[159.670699,-57.15295411216942],[160.80665,-57.28026742386422],[161.570479,-57.47044233980759],[162.68689700000002,-57.55462702780478],[163.84243399999997,-57.5441182526248],[164.91968099999997,-57.57563602193089],[166.11444,-57.5651327720045],[167.309095,-57.60715437839181],[168.425616,-57.680553803801835],[169.463589,-57.806071794105684],[170.501665,-57.91032406111245],[171.20679000000004,-58.06610981180863],[171.089227,-58.27280799071967],[170.56042199999996,-58.45782221426302],[170.10995800000003,-58.69279034400737],[169.75737,-58.875576580112934],[169.287321,-59.0876272089791],[167.975101,-59.16807783588991],[167.387489,-59.348362833084806],[166.09480300000004,-59.45807210682328],[165.644391,-59.65664466880604],[164.958851,-59.844211350954616],[164.234193,-60.00133732785837],[163.822797,-60.20643955202548],[163.568239,-60.390894372940046],[163.47026,-60.61282676014601],[163.489897,-60.794989881108876],[164.05787299999997,-60.985623990056716],[164.27336300000002,-61.165701434073284],[164.74346399999996,-61.33536398710103],[166.60412600000004,-61.40105795032717],[166.995781,-61.606752062794875],[165.193876,-61.68119314811445],[163.666217,-61.78327218210366],[161.766385,-61.801811539556226],[160.924162,-62.069144125615146],[160.747894,-62.28861699370718],[160.31696399999998,-62.46125931250265],[159.78821099999996,-62.6329097131715],[161.120016,-62.785640327712265],[161.629287,-62.973227811401294],[162.490992,-63.141904149416746],[163.705336,-63.292028714024156],[165.09594900000002,-63.4325946461078],[166.60412600000004,-63.57247430477304],[168.895665,-63.71167021090176],[169.404782,-63.927808201367434],[172.283934,-64.02237969743032],[172.47704899999997,-64.05585981483628],[173.224083,-64.1849689631424],[175.98567200000002,-64.07382761489885],[178.277212,-64.21056609456491],[180.00000000000003,-64.31515860417932]]]]}},{"type":"Feature","bbox":[32.73178,35.000345,34.576474,35.671596],"properties":{"featurecla":"Admin-0 country","scalerank":1,"LABELRANK":6,"SOVEREIGNT":"Northern Cyprus","SOV_A3":"CYN","ADM0_DIF":0,"LEVEL":2,"TYPE":"Sovereign country","TLC":"1","ADMIN":"Northern Cyprus","ADM0_A3":"CYN","GEOU_DIF":0,"GEOUNIT":"Northern Cyprus","GU_A3":"CYN","SU_DIF":0,"SUBUNIT":"Northern Cyprus","SU_A3":"CYN","BRK_DIFF":0,"NAME":"N. Cyprus","NAME_LONG":"Northern Cyprus","BRK_A3":"CYN","BRK_NAME":"N. Cyprus","BRK_GROUP":null,"ABBREV":"N. Cy.","POSTAL":"CN","FORMAL_EN":"Turkish Republic of Northern Cyprus","FORMAL_FR":null,"NAME_CIAWF":null,"NOTE_ADM0":"Self admin.","NOTE_BRK":"Self admin.; Claimed by Cyprus","NAME_SORT":"Cyprus, Northern","NAME_ALT":null,"MAPCOLOR7":3,"MAPCOLOR8":1,"MAPCOLOR9":4,"MAPCOLOR13":8,"POP_EST":326000,"POP_RANK":10,"POP_YEAR":2017,"GDP_MD":3600,"GDP_YEAR":2013,"ECONOMY":"6. Developing region","INCOME_GRP":"3. Upper middle income","FIPS_10":"-99","ISO_A2":"-99","ISO_A2_EH":"-99","ISO_A3":"-99","ISO_A3_EH":"-99","ISO_N3":"-99","ISO_N3_EH":"-99","UN_A3":"-099","WB_A2":"-99","WB_A3":"-99","WOE_ID":-90,"WOE_ID_EH":23424995,"WOE_NOTE":"WOE lists as subunit of united Cyprus","ADM0_ISO":"CYP","ADM0_DIFF":"1","ADM0_TLC":"CYN","ADM0_A3_US":"CYP","ADM0_A3_FR":"CYP","ADM0_A3_RU":"CYP","ADM0_A3_ES":"CYP","ADM0_A3_CN":"CYP","ADM0_A3_TW":"CYP","ADM0_A3_IN":"CYP","ADM0_A3_NP":"CYP","ADM0_A3_PK":"CYP","ADM0_A3_DE":"CYP","ADM0_A3_GB":"CYP","ADM0_A3_BR":"CYP","ADM0_A3_IL":"CYP","ADM0_A3_PS":"CYP","ADM0_A3_SA":"CYP","ADM0_A3_EG":"CYP","ADM0_A3_MA":"CYP","ADM0_A3_PT":"CYP","ADM0_A3_AR":"CYP","ADM0_A3_JP":"CYP","ADM0_A3_KO":"CYP","ADM0_A3_VN":"CYP","ADM0_A3_TR":"CYN","ADM0_A3_ID":"CYP","ADM0_A3_PL":"CYP","ADM0_A3_GR":"CYP","ADM0_A3_IT":"CYP","ADM0_A3_NL":"CYP","ADM0_A3_SE":"CYP","ADM0_A3_BD":"CYP","ADM0_A3_UA":"CYP","ADM0_A3_UN":-99,"ADM0_A3_WB":-99,"CONTINENT":"Asia","REGION_UN":"Asia","SUBREGION":"Western Asia","REGION_WB":"Europe & Central Asia","NAME_LEN":9,"LONG_LEN":15,"ABBREV_LEN":6,"TINY":-99,"HOMEPART":1,"MIN_ZOOM":0,"MIN_LABEL":6,"MAX_LABEL":10,"LABEL_X":33.692434,"LABEL_Y":35.216071,"NE_ID":1159320531,"WIKIDATAID":"Q23681","NAME_AR":"قبرص الشمالية","NAME_BN":"উত্তর সাইপ্রাস","NAME_DE":"Türkische Republik Nordzypern","NAME_EN":"Turkish Republic of Northern Cyprus","NAME_ES":"República Turca del Norte de Chipre","NAME_FA":"جمهوری ترک قبرس شمالی","NAME_FR":"Chypre du Nord","NAME_EL":"Τουρκική Δημοκρατία της Βόρειας Κύπρου","NAME_HE":"הרפובליקה הטורקית של צפון קפריסין","NAME_HI":"उत्तरी साइप्रस","NAME_HU":"Észak-Ciprus","NAME_ID":"Republik Turki Siprus Utara","NAME_IT":"Cipro del Nord","NAME_JA":"北キプロス・トルコ共和国","NAME_KO":"북키프로스","NAME_NL":"Noord-Cyprus","NAME_PL":"Cypr Północny","NAME_PT":"República Turca do Chipre do Norte","NAME_RU":"Турецкая Республика Северного Кипра","NAME_SV":"Nordcypern","NAME_TR":"Kuzey Kıbrıs Türk Cumhuriyeti","NAME_UK":"Турецька Республіка Північного Кіпру","NAME_UR":"ترک جمہوریہ شمالی قبرص","NAME_VI":"Bắc Síp","NAME_ZH":"北塞浦路斯土耳其共和国","NAME_ZHT":"北賽普勒斯土耳其共和國","FCLASS_ISO":"Unrecognized","TLC_DIFF":"1","FCLASS_TLC":"Admin-0 country","FCLASS_US":"Admin-0 breakaway and disputed","FCLASS_FR":"Unrecognized","FCLASS_RU":"Unrecognized","FCLASS_ES":"Unrecognized","FCLASS_CN":"Unrecognized","FCLASS_TW":"Unrecognized","FCLASS_IN":"Unrecognized","FCLASS_NP":"Unrecognized","FCLASS_PK":"Unrecognized","FCLASS_DE":"Unrecognized","FCLASS_GB":"Unrecognized","FCLASS_BR":"Unrecognized","FCLASS_IL":"Unrecognized","FCLASS_PS":"Unrecognized","FCLASS_SA":"Unrecognized","FCLASS_EG":"Unrecognized","FCLASS_MA":"Unrecognized","FCLASS_PT":"Unrecognized","FCLASS_AR":"Unrecognized","FCLASS_JP":"Unrecognized","FCLASS_KO":"Unrecognized","FCLASS_VN":"Unrecognized","FCLASS_TR":"Admin-0 country","FCLASS_ID":"Unrecognized","FCLASS_PL":"Unrecognized","FCLASS_GR":"Unrecognized","FCLASS_IT":"Unrecognized","FCLASS_NL":"Unrecognized","FCLASS_SE":"Unrecognized","FCLASS_BD":"Unrecognized","FCLASS_UA":"Unrecognized"},"geometry":{"type":"Polygon","coordinates":[[[32.73178,33.12396480218131],[32.802474,33.12855245380247],[32.946961,33.33031110631646],[33.667227000000004,33.31904176259377],[34.576474,33.56801843961449],[33.900804,33.212467978495155],[33.973617,33.05566606765686],[33.86644,33.08507068526527],[33.675392,33.02159491301662],[33.525685,33.03905422205924],[33.475817,33.00690545549985],[33.455922,33.091630054255205],[33.383833,33.14296204990311],[33.190977,33.15168051531008],[32.919572,33.08024279776568],[32.73178,33.12396480218131]]]}},{"type":"Feature","bbox":[32.256667,34.571869,34.004881,35.173125],"properties":{"featurecla":"Admin-0 country","scalerank":1,"LABELRANK":5,"SOVEREIGNT":"Cyprus","SOV_A3":"CYP","ADM0_DIF":0,"LEVEL":2,"TYPE":"Sovereign country","TLC":"1","ADMIN":"Cyprus","ADM0_A3":"CYP","GEOU_DIF":0,"GEOUNIT":"Cyprus","GU_A3":"CYP","SU_DIF":0,"SUBUNIT":"Cyprus","SU_A3":"CYP","BRK_DIFF":0,"NAME":"Cyprus","NAME_LONG":"Cyprus","BRK_A3":"CYP","BRK_NAME":"Cyprus","BRK_GROUP":null,"ABBREV":"Cyp.","POSTAL":"CY","FORMAL_EN":"Republic of Cyprus","FORMAL_FR":null,"NAME_CIAWF":"Cyprus","NOTE_ADM0":null,"NOTE_BRK":null,"NAME_SORT":"Cyprus","NAME_ALT":null,"MAPCOLOR7":1,"MAPCOLOR8":2,"MAPCOLOR9":3,"MAPCOLOR13":7,"POP_EST":1198575,"POP_RANK":12,"POP_YEAR":2019,"GDP_MD":24948,"GDP_YEAR":2019,"ECONOMY":"6. Developing region","INCOME_GRP":"2. High income: nonOECD","FIPS_10":"CY","ISO_A2":"CY","ISO_A2_EH":"CY","ISO_A3":"CYP","ISO_A3_EH":"CYP","ISO_N3":"196","ISO_N3_EH":"196","UN_A3":"196","WB_A2":"CY","WB_A3":"CYP","WOE_ID":-90,"WOE_ID_EH":23424994,"WOE_NOTE":"WOE lists as subunit of united Cyprus","ADM0_ISO":"CYP","ADM0_DIFF":null,"ADM0_TLC":"CYP","ADM0_A3_US":"CYP","ADM0_A3_FR":"CYP","ADM0_A3_RU":"CYP","ADM0_A3_ES":"CYP","ADM0_A3_CN":"CYP","ADM0_A3_TW":"CYP","ADM0_A3_IN":"CYP","ADM0_A3_NP":"CYP","ADM0_A3_PK":"CYP","ADM0_A3_DE":"CYP","ADM0_A3_GB":"CYP","ADM0_A3_BR":"CYP","ADM0_A3_IL":"CYP","ADM0_A3_PS":"CYP","ADM0_A3_SA":"CYP","ADM0_A3_EG":"CYP","ADM0_A3_MA":"CYP","ADM0_A3_PT":"CYP","ADM0_A3_AR":"CYP","ADM0_A3_JP":"CYP","ADM0_A3_KO":"CYP","ADM0_A3_VN":"CYP","ADM0_A3_TR":"CYP","ADM0_A3_ID":"CYP","ADM0_A3_PL":"CYP","ADM0_A3_GR":"CYP","ADM0_A3_IT":"CYP","ADM0_A3_NL":"CYP","ADM0_A3_SE":"CYP","ADM0_A3_BD":"CYP","ADM0_A3_UA":"CYP","ADM0_A3_UN":-99,"ADM0_A3_WB":-99,"CONTINENT":"Asia","REGION_UN":"Asia","SUBREGION":"Western Asia","REGION_WB":"Europe & Central Asia","NAME_LEN":6,"LONG_LEN":6,"ABBREV_LEN":4,"TINY":-99,"HOMEPART":1,"MIN_ZOOM":0,"MIN_LABEL":4.5,"MAX_LABEL":9.5,"LABEL_X":33.084182,"LABEL_Y":34.913329,"NE_ID":1159320533,"WIKIDATAID":"Q229","NAME_AR":"قبرص","NAME_BN":"সাইপ্রাস","NAME_DE":"Republik Zypern","NAME_EN":"Cyprus","NAME_ES":"Chipre","NAME_FA":"قبرس","NAME_FR":"Chypre","NAME_EL":"Κύπρος","NAME_HE":"קפריסין","NAME_HI":"साइप्रस","NAME_HU":"Ciprus","NAME_ID":"Siprus","NAME_IT":"Cipro","NAME_JA":"キプロス","NAME_KO":"키프로스","NAME_NL":"Cyprus","NAME_PL":"Cypr","NAME_PT":"Chipre","NAME_RU":"Кипр","NAME_SV":"Cypern","NAME_TR":"Kıbrıs Cumhuriyeti","NAME_UK":"Кіпр","NAME_UR":"قبرص","NAME_VI":"Cộng hòa Síp","NAME_ZH":"塞浦路斯","NAME_ZHT":"賽普勒斯","FCLASS_ISO":"Admin-0 country","TLC_DIFF":null,"FCLASS_TLC":"Admin-0 country","FCLASS_US":null,"FCLASS_FR":null,"FCLASS_RU":null,"FCLASS_ES":null,"FCLASS_CN":null,"FCLASS_TW":null,"FCLASS_IN":null,"FCLASS_NP":null,"FCLASS_PK":null,"FCLASS_DE":null,"FCLASS_GB":null,"FCLASS_BR":null,"FCLASS_IL":null,"FCLASS_PS":null,"FCLASS_SA":null,"FCLASS_EG":null,"FCLASS_MA":null,"FCLASS_PT":null,"FCLASS_AR":null,"FCLASS_JP":null,"FCLASS_KO":null,"FCLASS_VN":null,"FCLASS_TR":null,"FCLASS_ID":null,"FCLASS_PL":null,"FCLASS_GR":null,"FCLASS_IT":null,"FCLASS_NL":null,"FCLASS_SE":null,"FCLASS_BD":null,"FCLASS_UA":null},"geometry":{"type":"Polygon","coordinates":[[[32.73178,33.12396480218131],[32.919572,33.08024279776568],[33.190977,33.15168051531008],[33.383833,33.14296204990311],[33.455922,33.091630054255205],[33.475817,33.00690545549985],[33.525685,33.03905422205924],[33.675392,33.02159491301662],[33.86644,33.08507068526527],[33.973617,33.05566606765686],[34.004881,32.98824703898203],[32.979827,32.646852853912854],[32.490296,32.756067355257045],[32.256667,33.09314478086561],[32.73178,33.12396480218131]]]}},{"type":"Feature","bbox":[-17.020428,21.420734,-1.124551,35.759988],"properties":{"featurecla":"Admin-0 country","scalerank":1,"LABELRANK":3,"SOVEREIGNT":"Morocco","SOV_A3":"MAR","ADM0_DIF":0,"LEVEL":2,"TYPE":"Sovereign country","TLC":"1","ADMIN":"Morocco","ADM0_A3":"MAR","GEOU_DIF":0,"GEOUNIT":"Morocco","GU_A3":"MAR","SU_DIF":0,"SUBUNIT":"Morocco","SU_A3":"MAR","BRK_DIFF":0,"NAME":"Morocco","NAME_LONG":"Morocco","BRK_A3":"MAR","BRK_NAME":"Morocco","BRK_GROUP":null,"ABBREV":"Mor.","POSTAL":"MA","FORMAL_EN":"Kingdom of Morocco","FORMAL_FR":null,"NAME_CIAWF":"Morocco","NOTE_ADM0":null,"NOTE_BRK":null,"NAME_SORT":"Morocco","NAME_ALT":null,"MAPCOLOR7":2,"MAPCOLOR8":2,"MAPCOLOR9":3,"MAPCOLOR13":9,"POP_EST":36471769,"POP_RANK":15,"POP_YEAR":2019,"GDP_MD":119700,"GDP_YEAR":2019,"ECONOMY":"6. Developing region","INCOME_GRP":"4. Lower middle income","FIPS_10":"MO","ISO_A2":"MA","ISO_A2_EH":"MA","ISO_A3":"MAR","ISO_A3_EH":"MAR","ISO_N3":"504","ISO_N3_EH":"504","UN_A3":"504","WB_A2":"MA","WB_A3":"MAR","WOE_ID":23424893,"WOE_ID_EH":23424893,"WOE_NOTE":"Exact WOE match as country","ADM0_ISO":"MAR","ADM0_DIFF":null,"ADM0_TLC":"MAR","ADM0_A3_US":"MAR","ADM0_A3_FR":"MAR","ADM0_A3_RU":"MAR","ADM0_A3_ES":"MAR","ADM0_A3_CN":"MAR","ADM0_A3_TW":"MAR","ADM0_A3_IN":"MAR","ADM0_A3_NP":"MAR","ADM0_A3_PK":"MAR","ADM0_A3_DE":"MAR","ADM0_A3_GB":"MAR","ADM0_A3_BR":"MAR","ADM0_A3_IL":"MAR","ADM0_A3_PS":"MAR","ADM0_A3_SA":"MAR","ADM0_A3_EG":"MAR","ADM0_A3_MA":"MAR","ADM0_A3_PT":"MAR","ADM0_A3_AR":"MAR","ADM0_A3_JP":"MAR","ADM0_A3_KO":"MAR","ADM0_A3_VN":"MAR","ADM0_A3_TR":"MAR","ADM0_A3_ID":"MAR","ADM0_A3_PL":"MAR","ADM0_A3_GR":"MAR","ADM0_A3_IT":"MAR","ADM0_A3_NL":"MAR","ADM0_A3_SE":"MAR","ADM0_A3_BD":"MAR","ADM0_A3_UA":"MAR","ADM0_A3_UN":-99,"ADM0_A3_WB":-99,"CONTINENT":"Africa","REGION_UN":"Africa","SUBREGION":"Northern Africa","REGION_WB":"Middle East & North Africa","NAME_LEN":7,"LONG_LEN":7,"ABBREV_LEN":4,"TINY":-99,"HOMEPART":1,"MIN_ZOOM":0,"MIN_LABEL":2.7,"MAX_LABEL":8,"LABEL_X":-7.187296,"LABEL_Y":31.650723,"NE_ID":1159321035,"WIKIDATAID":"Q1028","NAME_AR":"المغرب","NAME_BN":"মরক্কো","NAME_DE":"Marokko","NAME_EN":"Morocco","NAME_ES":"Marruecos","NAME_FA":"مراکش","NAME_FR":"Maroc","NAME_EL":"Μαρόκο","NAME_HE":"מרוקו","NAME_HI":"मोरक्को","NAME_HU":"Marokkó","NAME_ID":"Maroko","NAME_IT":"Marocco","NAME_JA":"モロッコ","NAME_KO":"모로코","NAME_NL":"Marokko","NAME_PL":"Maroko","NAME_PT":"Marrocos","NAME_RU":"Марокко","NAME_SV":"Marocko","NAME_TR":"Fas","NAME_UK":"Марокко","NAME_UR":"مراکش","NAME_VI":"Maroc","NAME_ZH":"摩洛哥","NAME_ZHT":"摩洛哥","FCLASS_ISO":"Admin-0 country","TLC_DIFF":null,"FCLASS_TLC":"Admin-0 country","FCLASS_US":null,"FCLASS_FR":null,"FCLASS_RU":null,"FCLASS_ES":null,"FCLASS_CN":null,"FCLASS_TW":null,"FCLASS_IN":null,"FCLASS_NP":null,"FCLASS_PK":null,"FCLASS_DE":null,"FCLASS_GB":null,"FCLASS_BR":null,"FCLASS_IL":null,"FCLASS_PS":null,"FCLASS_SA":null,"FCLASS_EG":null,"FCLASS_MA":null,"FCLASS_PT":null,"FCLASS_AR":null,"FCLASS_JP":null,"FCLASS_KO":null,"FCLASS_VN":null,"FCLASS_TR":null,"FCLASS_ID":null,"FCLASS_PL":null,"FCLASS_GR":null,"FCLASS_IT":null,"FCLASS_NL":null,"FCLASS_SE":null,"FCLASS_BD":null,"FCLASS_UA":null},"geometry":{"type":"Polygon","coordinates":[[[-2.169914,33.14772118517764],[-1.792986,32.60983879141722],[-1.733455,32.096049107025756],[-1.388049,31.19735006532667],[-1.1245510000000003,31.015411660564276],[-1.307899,30.681761174574454],[-2.6166049999999994,30.536703023112963],[-3.0689800000000003,30.217630203715515],[-3.6474980000000006,30.142246638580467],[-3.6904410000000003,29.499944511607428],[-4.859646,29.15490448258225],[-5.242129000000001,28.716672966196906],[-6.060632,28.48071852492939],[-7.059228,28.34661409754732],[-8.674116,27.695184541989097],[-8.66559,26.64106956719124],[-8.817828,26.64106956719124],[-8.794884,26.161216752220508],[-9.413037,26.132293880971726],[-9.735343,25.927842905584406],[-10.189424,25.927842905584406],[-10.551263,26.04457666539621],[-11.392555000000002,25.948057556717387],[-11.718220000000002,25.24521727828028],[-12.030759,25.178966999406228],[-12.500963,24.032728278569497],[-13.89111,23.043425463513874],[-14.221168000000002,21.766852354030902],[-14.630833,21.349055343029793],[-14.750955,21.01305934760483],[-17.002962,20.938485924252305],[-17.020428,20.93995784529121],[-16.973248,21.372156399800147],[-16.589137,21.62568656129455],[-16.261922,22.109295904782325],[-16.326414,22.42248864978336],[-15.982611000000002,23.073189996142148],[-15.426004,23.656826991249876],[-15.089332,23.80433031566928],[-14.824644999999999,24.336880367754986],[-14.800925999999999,24.82133831769588],[-14.43994,25.381109582431158],[-13.773805,25.709952998045228],[-13.139942,26.626518826089534],[-13.121613,26.639033397344967],[-12.618837,26.981788029774787],[-11.688919,27.080179677707594],[-10.900956999999998,27.687085188721568],[-10.399592,27.92276554026627],[-9.564811,28.65801199085326],[-9.814718000000001,29.744031229846275],[-9.434793000000003,30.488242601320128],[-9.300693,30.940955664347296],[-8.657476,31.518624395387643],[-7.654178,31.90723642959836],[-6.9125440000000005,32.25751254001208],[-6.2443420000000005,33.12885477145809],[-5.929994000000001,33.64163788215725],[-5.193863,33.637636703548175],[-4.591006,33.28351712867315],[-3.6400570000000005,33.34129913018595],[-2.604306,33.156676936543036],[-2.169914,33.14772118517764]]]}},{"type":"Feature","bbox":[24.70007,22,36.86623,31.58568],"properties":{"featurecla":"Admin-0 country","scalerank":1,"LABELRANK":2,"SOVEREIGNT":"Egypt","SOV_A3":"EGY","ADM0_DIF":0,"LEVEL":2,"TYPE":"Sovereign country","TLC":"1","ADMIN":"Egypt","ADM0_A3":"EGY","GEOU_DIF":0,"GEOUNIT":"Egypt","GU_A3":"EGY","SU_DIF":0,"SUBUNIT":"Egypt","SU_A3":"EGY","BRK_DIFF":0,"NAME":"Egypt","NAME_LONG":"Egypt","BRK_A3":"EGY","BRK_NAME":"Egypt","BRK_GROUP":null,"ABBREV":"Egypt","POSTAL":"EG","FORMAL_EN":"Arab Republic of Egypt","FORMAL_FR":null,"NAME_CIAWF":"Egypt","NOTE_ADM0":null,"NOTE_BRK":null,"NAME_SORT":"Egypt, Arab Rep.","NAME_ALT":null,"MAPCOLOR7":4,"MAPCOLOR8":6,"MAPCOLOR9":7,"MAPCOLOR13":2,"POP_EST":100388073,"POP_RANK":17,"POP_YEAR":2019,"GDP_MD":303092,"GDP_YEAR":2019,"ECONOMY":"5. Emerging region: G20","INCOME_GRP":"4. Lower middle income","FIPS_10":"EG","ISO_A2":"EG","ISO_A2_EH":"EG","ISO_A3":"EGY","ISO_A3_EH":"EGY","ISO_N3":"818","ISO_N3_EH":"818","UN_A3":"818","WB_A2":"EG","WB_A3":"EGY","WOE_ID":23424802,"WOE_ID_EH":23424802,"WOE_NOTE":"Exact WOE match as country","ADM0_ISO":"EGY","ADM0_DIFF":null,"ADM0_TLC":"EGY","ADM0_A3_US":"EGY","ADM0_A3_FR":"EGY","ADM0_A3_RU":"EGY","ADM0_A3_ES":"EGY","ADM0_A3_CN":"EGY","ADM0_A3_TW":"EGY","ADM0_A3_IN":"EGY","ADM0_A3_NP":"EGY","ADM0_A3_PK":"EGY","ADM0_A3_DE":"EGY","ADM0_A3_GB":"EGY","ADM0_A3_BR":"EGY","ADM0_A3_IL":"EGY","ADM0_A3_PS":"EGY","ADM0_A3_SA":"EGY","ADM0_A3_EG":"EGY","ADM0_A3_MA":"EGY","ADM0_A3_PT":"EGY","ADM0_A3_AR":"EGY","ADM0_A3_JP":"EGY","ADM0_A3_KO":"EGY","ADM0_A3_VN":"EGY","ADM0_A3_TR":"EGY","ADM0_A3_ID":"EGY","ADM0_A3_PL":"EGY","ADM0_A3_GR":"EGY","ADM0_A3_IT":"EGY","ADM0_A3_NL":"EGY","ADM0_A3_SE":"EGY","ADM0_A3_BD":"EGY","ADM0_A3_UA":"EGY","ADM0_A3_UN":-99,"ADM0_A3_WB":-99,"CONTINENT":"Africa","REGION_UN":"Africa","SUBREGION":"Northern Africa","REGION_WB":"Middle East & North Africa","NAME_LEN":5,"LONG_LEN":5,"ABBREV_LEN":5,"TINY":-99,"HOMEPART":1,"MIN_ZOOM":0,"MIN_LABEL":1.7,"MAX_LABEL":6.7,"LABEL_X":29.445837,"LABEL_Y":26.186173,"NE_ID":1159320575,"WIKIDATAID":"Q79","NAME_AR":"مصر","NAME_BN":"মিশর","NAME_DE":"Ägypten","NAME_EN":"Egypt","NAME_ES":"Egipto","NAME_FA":"مصر","NAME_FR":"Égypte","NAME_EL":"Αίγυπτος","NAME_HE":"מצרים","NAME_HI":"मिस्र","NAME_HU":"Egyiptom","NAME_ID":"Mesir","NAME_IT":"Egitto","NAME_JA":"エジプト","NAME_KO":"이집트","NAME_NL":"Egypte","NAME_PL":"Egipt","NAME_PT":"Egito","NAME_RU":"Египет","NAME_SV":"Egypten","NAME_TR":"Mısır","NAME_UK":"Єгипет","NAME_UR":"مصر","NAME_VI":"Ai Cập","NAME_ZH":"埃及","NAME_ZHT":"埃及","FCLASS_ISO":"Admin-0 country","TLC_DIFF":null,"FCLASS_TLC":"Admin-0 country","FCLASS_US":null,"FCLASS_FR":null,"FCLASS_RU":null,"FCLASS_ES":null,"FCLASS_CN":null,"FCLASS_TW":null,"FCLASS_IN":null,"FCLASS_NP":null,"FCLASS_PK":null,"FCLASS_DE":null,"FCLASS_GB":null,"FCLASS_BR":null,"FCLASS_IL":null,"FCLASS_PS":null,"FCLASS_SA":null,"FCLASS_EG":null,"FCLASS_MA":null,"FCLASS_PT":null,"FCLASS_AR":null,"FCLASS_JP":null,"FCLASS_KO":null,"FCLASS_VN":null,"FCLASS_TR":null,"FCLASS_ID":null,"FCLASS_PL":null,"FCLASS_GR":null,"FCLASS_IT":null,"FCLASS_NL":null,"FCLASS_SE":null,"FCLASS_BD":null,"FCLASS_UA":null},"geometry":{"type":"Polygon","coordinates":[[[36.86623,21.478515716891586],[32.9,21.478515716891586],[29.020000000000003,21.478515716891586],[24.999999999999996,21.478515716891586],[24.999999999999996,24.863295073355633],[24.999999999999996,28.046456746409664],[24.70007,28.755032324863716],[24.95762,29.294897577445855],[24.80287,29.667208555033866],[25.164820000000002,30.083299384649774],[26.49533,30.0976017190551],[27.457620000000002,29.868568514686988],[28.45048,29.61199994112208],[28.913530000000005,29.476527483517685],[29.683420000000005,29.751952834482847],[30.09503,30.0004124602432],[30.97693,30.07179891153281],[31.68796,29.962473457697467],[31.960410000000003,29.53183630028018],[32.19247,29.815726531840355],[32.99392,29.610521964805987],[33.7734,29.56129298325324],[34.265435,29.780162170491888],[34.26544,29.780164774304275],[34.823243,28.506540608757227],[34.9226,28.27803462450093],[34.64174,27.923502443171248],[34.42655,27.253974786437027],[34.15451,26.790129541159192],[33.92136,26.634163604254876],[33.58811,26.922220238729665],[33.13676,27.31943816302738],[32.42323,28.585598704822203],[32.32046,28.505968532729597],[32.73482,27.574647039612568],[33.34876,26.679912517445054],[34.10455,25.27974401779575],[34.47387,24.787111734927564],[34.79507,24.273282464559685],[35.69241,23.260144465372935],[35.49372,23.099878531484265],[35.52598,22.50073706098359],[36.69069,21.669014823933892],[36.86623,21.478515716891586]]]}},{"type":"Feature","bbox":[9.319411,19.58047,25.16482,33.136996],"properties":{"featurecla":"Admin-0 country","scalerank":1,"LABELRANK":3,"SOVEREIGNT":"Libya","SOV_A3":"LBY","ADM0_DIF":0,"LEVEL":2,"TYPE":"Sovereign country","TLC":"1","ADMIN":"Libya","ADM0_A3":"LBY","GEOU_DIF":0,"GEOUNIT":"Libya","GU_A3":"LBY","SU_DIF":0,"SUBUNIT":"Libya","SU_A3":"LBY","BRK_DIFF":0,"NAME":"Libya","NAME_LONG":"Libya","BRK_A3":"LBY","BRK_NAME":"Libya","BRK_GROUP":null,"ABBREV":"Libya","POSTAL":"LY","FORMAL_EN":"Libya","FORMAL_FR":null,"NAME_CIAWF":"Libya","NOTE_ADM0":null,"NOTE_BRK":null,"NAME_SORT":"Libya","NAME_ALT":null,"MAPCOLOR7":1,"MAPCOLOR8":2,"MAPCOLOR9":2,"MAPCOLOR13":11,"POP_EST":6777452,"POP_RANK":13,"POP_YEAR":2019,"GDP_MD":52091,"GDP_YEAR":2019,"ECONOMY":"6. Developing region","INCOME_GRP":"3. Upper middle income","FIPS_10":"LY","ISO_A2":"LY","ISO_A2_EH":"LY","ISO_A3":"LBY","ISO_A3_EH":"LBY","ISO_N3":"434","ISO_N3_EH":"434","UN_A3":"434","WB_A2":"LY","WB_A3":"LBY","WOE_ID":23424882,"WOE_ID_EH":23424882,"WOE_NOTE":"Exact WOE match as country","ADM0_ISO":"LBY","ADM0_DIFF":null,"ADM0_TLC":"LBY","ADM0_A3_US":"LBY","ADM0_A3_FR":"LBY","ADM0_A3_RU":"LBY","ADM0_A3_ES":"LBY","ADM0_A3_CN":"LBY","ADM0_A3_TW":"LBY","ADM0_A3_IN":"LBY","ADM0_A3_NP":"LBY","ADM0_A3_PK":"LBY","ADM0_A3_DE":"LBY","ADM0_A3_GB":"LBY","ADM0_A3_BR":"LBY","ADM0_A3_IL":"LBY","ADM0_A3_PS":"LBY","ADM0_A3_SA":"LBY","ADM0_A3_EG":"LBY","ADM0_A3_MA":"LBY","ADM0_A3_PT":"LBY","ADM0_A3_AR":"LBY","ADM0_A3_JP":"LBY","ADM0_A3_KO":"LBY","ADM0_A3_VN":"LBY","ADM0_A3_TR":"LBY","ADM0_A3_ID":"LBY","ADM0_A3_PL":"LBY","ADM0_A3_GR":"LBY","ADM0_A3_IT":"LBY","ADM0_A3_NL":"LBY","ADM0_A3_SE":"LBY","ADM0_A3_BD":"LBY","ADM0_A3_UA":"LBY","ADM0_A3_UN":-99,"ADM0_A3_WB":-99,"CONTINENT":"Africa","REGION_UN":"Africa","SUBREGION":"Northern Africa","REGION_WB":"Middle East & North Africa","NAME_LEN":5,"LONG_LEN":5,"ABBREV_LEN":5,"TINY":-99,"HOMEPART":1,"MIN_ZOOM":0,"MIN_LABEL":3,"MAX_LABEL":8,"LABEL_X":18.011015,"LABEL_Y":26.638944,"NE_ID":1159321017,"WIKIDATAID":"Q1016","NAME_AR":"ليبيا","NAME_BN":"লিবিয়া","NAME_DE":"Libyen","NAME_EN":"Libya","NAME_ES":"Libia","NAME_FA":"لیبی","NAME_FR":"Libye","NAME_EL":"Λιβύη","NAME_HE":"לוב","NAME_HI":"लीबिया","NAME_HU":"Líbia","NAME_ID":"Libya","NAME_IT":"Libia","NAME_JA":"リビア","NAME_KO":"리비아","NAME_NL":"Libië","NAME_PL":"Libia","NAME_PT":"Líbia","NAME_RU":"Ливия","NAME_SV":"Libyen","NAME_TR":"Libya","NAME_UK":"Лівія","NAME_UR":"لیبیا","NAME_VI":"Libya","NAME_ZH":"利比亚","NAME_ZHT":"利比亞","FCLASS_ISO":"Admin-0 country","TLC_DIFF":null,"FCLASS_TLC":"Admin-0 country","FCLASS_US":null,"FCLASS_FR":null,"FCLASS_RU":null,"FCLASS_ES":null,"FCLASS_CN":null,"FCLASS_TW":null,"FCLASS_IN":null,"FCLASS_NP":null,"FCLASS_PK":null,"FCLASS_DE":null,"FCLASS_GB":null,"FCLASS_BR":null,"FCLASS_IL":null,"FCLASS_PS":null,"FCLASS_SA":null,"FCLASS_EG":null,"FCLASS_MA":null,"FCLASS_PT":null,"FCLASS_AR":null,"FCLASS_JP":null,"FCLASS_KO":null,"FCLASS_VN":null,"FCLASS_TR":null,"FCLASS_ID":null,"FCLASS_PL":null,"FCLASS_GR":null,"FCLASS_IT":null,"FCLASS_NL":null,"FCLASS_SE":null,"FCLASS_BD":null,"FCLASS_UA":null},"geometry":{"type":"Polygon","coordinates":[[[24.999999999999996,21.478515716891586],[24.999999999999996,19.608657677298087],[23.85,19.60579395127264],[23.837660000000003,19.210104068070542],[19.84926,21.007915680978655],[15.86085,22.784332963680704],[14.851299999999998,22.279301821990106],[14.143871,21.934965365610967],[13.581424999999998,22.44350598370342],[11.999506,22.841435139385446],[11.560669,23.417335677530478],[10.771364,23.84299952588227],[10.303847000000001,23.675308946855033],[9.948261,24.185013095126163],[9.910693,24.575302169630326],[9.319411,25.236382796020347],[9.716286,25.61378994460527],[9.629056,26.179397147397253],[9.756128000000002,26.66951940966785],[9.683885,27.0761996516236],[9.859998,27.800235645500127],[9.805634000000001,28.21047371824044],[9.482140000000001,28.985665502860975],[9.970017,29.188204344037764],[10.056575,29.55639660041686],[9.950225,29.91608678145238],[10.636901,30.249530930575926],[10.944790000000001,30.525909424804897],[11.432252999999998,30.772891712496552],[11.488787,31.4305662548321],[12.66331,31.13639687209655],[13.08326,31.210013240315796],[13.91868,31.067194682040665],[15.24563,30.683645448503004],[15.71394,29.91625146509977],[16.611620000000002,29.74788966084048],[18.02109,29.38378817957541],[19.08641,28.94964964894724],[19.57404,29.17641349765099],[20.05335,29.577209589087172],[19.82033,30.241210938872214],[20.13397,30.660525936462612],[20.85452,31.062774715853006],[21.54298,31.17954348448787],[22.895760000000003,31.004319349276756],[23.2368,30.62033746664923],[23.609130000000004,30.616697223970572],[23.9275,30.469777352477642],[24.921140000000005,30.368615790941355],[25.164820000000002,30.083299384649774],[24.80287,29.667208555033866],[24.95762,29.294897577445855],[24.70007,28.755032324863716],[24.999999999999996,28.046456746409664],[24.999999999999996,24.863295073355633],[24.999999999999996,21.478515716891586]]]}},{"type":"Feature","bbox":[32.95418,3.42206,47.78942,14.95943],"properties":{"featurecla":"Admin-0 country","scalerank":1,"LABELRANK":2,"SOVEREIGNT":"Ethiopia","SOV_A3":"ETH","ADM0_DIF":0,"LEVEL":2,"TYPE":"Sovereign country","TLC":"1","ADMIN":"Ethiopia","ADM0_A3":"ETH","GEOU_DIF":0,"GEOUNIT":"Ethiopia","GU_A3":"ETH","SU_DIF":0,"SUBUNIT":"Ethiopia","SU_A3":"ETH","BRK_DIFF":0,"NAME":"Ethiopia","NAME_LONG":"Ethiopia","BRK_A3":"ETH","BRK_NAME":"Ethiopia","BRK_GROUP":null,"ABBREV":"Eth.","POSTAL":"ET","FORMAL_EN":"Federal Democratic Republic of Ethiopia","FORMAL_FR":null,"NAME_CIAWF":"Ethiopia","NOTE_ADM0":null,"NOTE_BRK":null,"NAME_SORT":"Ethiopia","NAME_ALT":null,"MAPCOLOR7":4,"MAPCOLOR8":4,"MAPCOLOR9":1,"MAPCOLOR13":13,"POP_EST":112078730,"POP_RANK":17,"POP_YEAR":2019,"GDP_MD":95912,"GDP_YEAR":2019,"ECONOMY":"7. Least developed region","INCOME_GRP":"5. Low income","FIPS_10":"ET","ISO_A2":"ET","ISO_A2_EH":"ET","ISO_A3":"ETH","ISO_A3_EH":"ETH","ISO_N3":"231","ISO_N3_EH":"231","UN_A3":"231","WB_A2":"ET","WB_A3":"ETH","WOE_ID":23424808,"WOE_ID_EH":23424808,"WOE_NOTE":"Exact WOE match as country","ADM0_ISO":"ETH","ADM0_DIFF":null,"ADM0_TLC":"ETH","ADM0_A3_US":"ETH","ADM0_A3_FR":"ETH","ADM0_A3_RU":"ETH","ADM0_A3_ES":"ETH","ADM0_A3_CN":"ETH","ADM0_A3_TW":"ETH","ADM0_A3_IN":"ETH","ADM0_A3_NP":"ETH","ADM0_A3_PK":"ETH","ADM0_A3_DE":"ETH","ADM0_A3_GB":"ETH","ADM0_A3_BR":"ETH","ADM0_A3_IL":"ETH","ADM0_A3_PS":"ETH","ADM0_A3_SA":"ETH","ADM0_A3_EG":"ETH","ADM0_A3_MA":"ETH","ADM0_A3_PT":"ETH","ADM0_A3_AR":"ETH","ADM0_A3_JP":"ETH","ADM0_A3_KO":"ETH","ADM0_A3_VN":"ETH","ADM0_A3_TR":"ETH","ADM0_A3_ID":"ETH","ADM0_A3_PL":"ETH","ADM0_A3_GR":"ETH","ADM0_A3_IT":"ETH","ADM0_A3_NL":"ETH","ADM0_A3_SE":"ETH","ADM0_A3_BD":"ETH","ADM0_A3_UA":"ETH","ADM0_A3_UN":-99,"ADM0_A3_WB":-99,"CONTINENT":"Africa","REGION_UN":"Africa","SUBREGION":"Eastern Africa","REGION_WB":"Sub-Saharan Africa","NAME_LEN":8,"LONG_LEN":8,"ABBREV_LEN":4,"TINY":-99,"HOMEPART":1,"MIN_ZOOM":0,"MIN_LABEL":2,"MAX_LABEL":7,"LABEL_X":39.0886,"LABEL_Y":8.032795,"NE_ID":1159320617,"WIKIDATAID":"Q115","NAME_AR":"إثيوبيا","NAME_BN":"ইথিওপিয়া","NAME_DE":"Äthiopien","NAME_EN":"Ethiopia","NAME_ES":"Etiopía","NAME_FA":"اتیوپی","NAME_FR":"Éthiopie","NAME_EL":"Αιθιοπία","NAME_HE":"אתיופיה","NAME_HI":"इथियोपिया","NAME_HU":"Etiópia","NAME_ID":"Ethiopia","NAME_IT":"Etiopia","NAME_JA":"エチオピア","NAME_KO":"에티오피아","NAME_NL":"Ethiopië","NAME_PL":"Etiopia","NAME_PT":"Etiópia","NAME_RU":"Эфиопия","NAME_SV":"Etiopien","NAME_TR":"Etiyopya","NAME_UK":"Ефіопія","NAME_UR":"ایتھوپیا","NAME_VI":"Ethiopia","NAME_ZH":"埃塞俄比亚","NAME_ZHT":"衣索比亞","FCLASS_ISO":"Admin-0 country","TLC_DIFF":null,"FCLASS_TLC":"Admin-0 country","FCLASS_US":null,"FCLASS_FR":null,"FCLASS_RU":null,"FCLASS_ES":null,"FCLASS_CN":null,"FCLASS_TW":null,"FCLASS_IN":null,"FCLASS_NP":null,"FCLASS_PK":null,"FCLASS_DE":null,"FCLASS_GB":null,"FCLASS_BR":null,"FCLASS_IL":null,"FCLASS_PS":null,"FCLASS_SA":null,"FCLASS_EG":null,"FCLASS_MA":null,"FCLASS_PT":null,"FCLASS_AR":null,"FCLASS_JP":null,"FCLASS_KO":null,"FCLASS_VN":null,"FCLASS_TR":null,"FCLASS_ID":null,"FCLASS_PL":null,"FCLASS_GR":null,"FCLASS_IT":null,"FCLASS_NL":null,"FCLASS_SE":null,"FCLASS_BD":null,"FCLASS_UA":null},"geometry":{"type":"Polygon","coordinates":[[[47.78942,7.9771029404223155],[44.9636,4.9952797083772005],[43.66087,4.951375625838955],[42.76967,4.248690881329668],[42.12861,4.230281392264802],[41.85508300000001,3.9158599441642448],[41.171800000000005,3.9160375285889923],[40.76848,4.253108694492297],[39.85494,3.8359212048977125],[39.559384,3.4200272720122404],[38.89251,3.4985639043290115],[38.67114,3.6136718199284643],[38.43697,3.586166201113086],[38.120915,3.596241378118324],[36.855093,4.443403286532608],[36.159079,4.443403286532608],[35.817448,4.7714413332487045],[35.817448,5.330525544323997],[35.298007,5.4975450512412944],[34.70702,6.579710288813],[34.25032,6.809979177606119],[34.0751,7.206870545132136],[33.56829,7.690146351936897],[32.95418,7.761126172473911],[33.2948,8.325130566837231],[33.8255,8.349450796012855],[33.97498,8.651495502522632],[33.96162,9.5392024682455],[34.25745,10.56962582033436],[34.73115,10.844829167080654],[34.83163,11.246045677817687],[35.26049,11.994283339219496],[35.86363,12.478446599598117],[36.27022,13.438397961622352],[36.42951,14.27218234080626],[37.59377,14.069532635067292],[37.90607000000001,14.792309606939973],[38.51295,14.3529549659964],[39.0994,14.58066814574713],[39.34061,14.378219505545506],[40.02625,14.366633820918763],[40.8966,13.977887976256106],[41.1552,13.64256083834265],[41.59856,13.330179325745942],[42.009750000000004,12.759040861987902],[42.35156,12.443245805328884],[42.00000000000001,12.011048623197565],[41.66176,11.552126140413835],[41.73959000000001,11.281499368814941],[41.75557,10.983023527591438],[42.314139999999995,10.96661913784769],[42.55493,11.036225980866305],[42.776852000000005,10.861239299581904],[42.55876,10.513086412514644],[42.92812,9.9712229826363],[43.29699,9.49669579040708],[43.67875,9.144508331239368],[46.94834,7.971042115036183],[47.78942,7.9771029404223155]]]}},{"type":"Feature","bbox":[41.66176,10.926879,43.317852,12.699639],"properties":{"featurecla":"Admin-0 country","scalerank":1,"LABELRANK":5,"SOVEREIGNT":"Djibouti","SOV_A3":"DJI","ADM0_DIF":0,"LEVEL":2,"TYPE":"Sovereign country","TLC":"1","ADMIN":"Djibouti","ADM0_A3":"DJI","GEOU_DIF":0,"GEOUNIT":"Djibouti","GU_A3":"DJI","SU_DIF":0,"SUBUNIT":"Djibouti","SU_A3":"DJI","BRK_DIFF":0,"NAME":"Djibouti","NAME_LONG":"Djibouti","BRK_A3":"DJI","BRK_NAME":"Djibouti","BRK_GROUP":null,"ABBREV":"Dji.","POSTAL":"DJ","FORMAL_EN":"Republic of Djibouti","FORMAL_FR":null,"NAME_CIAWF":"Djibouti","NOTE_ADM0":null,"NOTE_BRK":null,"NAME_SORT":"Djibouti","NAME_ALT":null,"MAPCOLOR7":1,"MAPCOLOR8":2,"MAPCOLOR9":4,"MAPCOLOR13":8,"POP_EST":973560,"POP_RANK":11,"POP_YEAR":2019,"GDP_MD":3324,"GDP_YEAR":2019,"ECONOMY":"7. Least developed region","INCOME_GRP":"4. Lower middle income","FIPS_10":"DJ","ISO_A2":"DJ","ISO_A2_EH":"DJ","ISO_A3":"DJI","ISO_A3_EH":"DJI","ISO_N3":"262","ISO_N3_EH":"262","UN_A3":"262","WB_A2":"DJ","WB_A3":"DJI","WOE_ID":23424797,"WOE_ID_EH":23424797,"WOE_NOTE":"Exact WOE match as country","ADM0_ISO":"DJI","ADM0_DIFF":null,"ADM0_TLC":"DJI","ADM0_A3_US":"DJI","ADM0_A3_FR":"DJI","ADM0_A3_RU":"DJI","ADM0_A3_ES":"DJI","ADM0_A3_CN":"DJI","ADM0_A3_TW":"DJI","ADM0_A3_IN":"DJI","ADM0_A3_NP":"DJI","ADM0_A3_PK":"DJI","ADM0_A3_DE":"DJI","ADM0_A3_GB":"DJI","ADM0_A3_BR":"DJI","ADM0_A3_IL":"DJI","ADM0_A3_PS":"DJI","ADM0_A3_SA":"DJI","ADM0_A3_EG":"DJI","ADM0_A3_MA":"DJI","ADM0_A3_PT":"DJI","ADM0_A3_AR":"DJI","ADM0_A3_JP":"DJI","ADM0_A3_KO":"DJI","ADM0_A3_VN":"DJI","ADM0_A3_TR":"DJI","ADM0_A3_ID":"DJI","ADM0_A3_PL":"DJI","ADM0_A3_GR":"DJI","ADM0_A3_IT":"DJI","ADM0_A3_NL":"DJI","ADM0_A3_SE":"DJI","ADM0_A3_BD":"DJI","ADM0_A3_UA":"DJI","ADM0_A3_UN":-99,"ADM0_A3_WB":-99,"CONTINENT":"Africa","REGION_UN":"Africa","SUBREGION":"Eastern Africa","REGION_WB":"Middle East & North Africa","NAME_LEN":8,"LONG_LEN":8,"ABBREV_LEN":4,"TINY":-99,"HOMEPART":1,"MIN_ZOOM":0,"MIN_LABEL":4,"MAX_LABEL":9,"LABEL_X":42.498825,"LABEL_Y":11.976343,"NE_ID":1159320541,"WIKIDATAID":"Q977","NAME_AR":"جيبوتي","NAME_BN":"জিবুতি","NAME_DE":"Dschibuti","NAME_EN":"Djibouti","NAME_ES":"Yibuti","NAME_FA":"جیبوتی","NAME_FR":"Djibouti","NAME_EL":"Τζιμπουτί","NAME_HE":"ג'יבוטי","NAME_HI":"जिबूती","NAME_HU":"Dzsibuti","NAME_ID":"Djibouti","NAME_IT":"Gibuti","NAME_JA":"ジブチ","NAME_KO":"지부티","NAME_NL":"Djibouti","NAME_PL":"Dżibuti","NAME_PT":"Djibouti","NAME_RU":"Джибути","NAME_SV":"Djibouti","NAME_TR":"Cibuti","NAME_UK":"Джибуті","NAME_UR":"جبوتی","NAME_VI":"Djibouti","NAME_ZH":"吉布提","NAME_ZHT":"吉布地","FCLASS_ISO":"Admin-0 country","TLC_DIFF":null,"FCLASS_TLC":"Admin-0 country","FCLASS_US":null,"FCLASS_FR":null,"FCLASS_RU":null,"FCLASS_ES":null,"FCLASS_CN":null,"FCLASS_TW":null,"FCLASS_IN":null,"FCLASS_NP":null,"FCLASS_PK":null,"FCLASS_DE":null,"FCLASS_GB":null,"FCLASS_BR":null,"FCLASS_IL":null,"FCLASS_PS":null,"FCLASS_SA":null,"FCLASS_EG":null,"FCLASS_MA":null,"FCLASS_PT":null,"FCLASS_AR":null,"FCLASS_JP":null,"FCLASS_KO":null,"FCLASS_VN":null,"FCLASS_TR":null,"FCLASS_ID":null,"FCLASS_PL":null,"FCLASS_GR":null,"FCLASS_IT":null,"FCLASS_NL":null,"FCLASS_SE":null,"FCLASS_BD":null,"FCLASS_UA":null},"geometry":{"type":"Polygon","coordinates":[[[42.35156,12.443245805328884],[42.779642,12.358457263711124],[43.081226,12.59691158417256],[43.317852,12.294693912767661],[43.28638099999999,11.888687065957335],[42.715874,11.654432742129949],[43.145305,11.38634405522644],[42.776852000000005,10.861239299581904],[42.55493,11.036225980866305],[42.314139999999995,10.96661913784769],[41.75557,10.983023527591438],[41.73959000000001,11.281499368814941],[41.66176,11.552126140413835],[42.00000000000001,12.011048623197565],[42.35156,12.443245805328884]]]}},{"type":"Feature","bbox":[42.55876,7.99688,48.948206,11.46204],"properties":{"featurecla":"Admin-0 country","scalerank":1,"LABELRANK":5,"SOVEREIGNT":"Somaliland","SOV_A3":"SOL","ADM0_DIF":0,"LEVEL":2,"TYPE":"Sovereign country","TLC":"1","ADMIN":"Somaliland","ADM0_A3":"SOL","GEOU_DIF":0,"GEOUNIT":"Somaliland","GU_A3":"SOL","SU_DIF":0,"SUBUNIT":"Somaliland","SU_A3":"SOL","BRK_DIFF":0,"NAME":"Somaliland","NAME_LONG":"Somaliland","BRK_A3":"SOL","BRK_NAME":"Somaliland","BRK_GROUP":null,"ABBREV":"Solnd.","POSTAL":"SL","FORMAL_EN":"Republic of Somaliland","FORMAL_FR":null,"NAME_CIAWF":null,"NOTE_ADM0":"Disputed","NOTE_BRK":"Self admin.; Claimed by Somalia","NAME_SORT":"Somaliland","NAME_ALT":null,"MAPCOLOR7":3,"MAPCOLOR8":6,"MAPCOLOR9":5,"MAPCOLOR13":2,"POP_EST":5096159,"POP_RANK":13,"POP_YEAR":2014,"GDP_MD":17836,"GDP_YEAR":2013,"ECONOMY":"6. Developing region","INCOME_GRP":"4. Lower middle income","FIPS_10":"-99","ISO_A2":"-99","ISO_A2_EH":"-99","ISO_A3":"-99","ISO_A3_EH":"-99","ISO_N3":"-99","ISO_N3_EH":"-99","UN_A3":"-099","WB_A2":"-99","WB_A3":"-99","WOE_ID":-99,"WOE_ID_EH":-99,"WOE_NOTE":"Includes old states of 2347021, 2347020, 2347017 and portion of 2347016.","ADM0_ISO":"SOM","ADM0_DIFF":"1","ADM0_TLC":"SOL","ADM0_A3_US":"SOM","ADM0_A3_FR":"SOM","ADM0_A3_RU":"SOM","ADM0_A3_ES":"SOM","ADM0_A3_CN":"SOM","ADM0_A3_TW":"SOL","ADM0_A3_IN":"SOM","ADM0_A3_NP":"SOM","ADM0_A3_PK":"SOM","ADM0_A3_DE":"SOM","ADM0_A3_GB":"SOM","ADM0_A3_BR":"SOM","ADM0_A3_IL":"SOM","ADM0_A3_PS":"SOM","ADM0_A3_SA":"SOM","ADM0_A3_EG":"SOM","ADM0_A3_MA":"SOM","ADM0_A3_PT":"SOM","ADM0_A3_AR":"SOM","ADM0_A3_JP":"SOM","ADM0_A3_KO":"SOM","ADM0_A3_VN":"SOM","ADM0_A3_TR":"SOM","ADM0_A3_ID":"SOM","ADM0_A3_PL":"SOM","ADM0_A3_GR":"SOM","ADM0_A3_IT":"SOM","ADM0_A3_NL":"SOM","ADM0_A3_SE":"SOM","ADM0_A3_BD":"SOM","ADM0_A3_UA":"SOM","ADM0_A3_UN":-99,"ADM0_A3_WB":-99,"CONTINENT":"Africa","REGION_UN":"Africa","SUBREGION":"Eastern Africa","REGION_WB":"Sub-Saharan Africa","NAME_LEN":10,"LONG_LEN":10,"ABBREV_LEN":6,"TINY":-99,"HOMEPART":1,"MIN_ZOOM":4,"MIN_LABEL":4.5,"MAX_LABEL":9,"LABEL_X":46.731595,"LABEL_Y":9.443889,"NE_ID":1159321259,"WIKIDATAID":"Q34754","NAME_AR":"صوماليلاند","NAME_BN":"সোমালিল্যান্ড","NAME_DE":"Somaliland","NAME_EN":"Somaliland","NAME_ES":"Somalilandia","NAME_FA":"سومالیلند","NAME_FR":"Somaliland","NAME_EL":"Σομαλιλάνδη","NAME_HE":"סומלילנד","NAME_HI":"सोमालीदेश","NAME_HU":"Szomáliföld","NAME_ID":"Somaliland","NAME_IT":"Somaliland","NAME_JA":"ソマリランド","NAME_KO":"소말릴란드","NAME_NL":"Somaliland","NAME_PL":"Somaliland","NAME_PT":"Somalilândia","NAME_RU":"Сомалиленд","NAME_SV":"Somaliland","NAME_TR":"Somaliland","NAME_UK":"Сомаліленд","NAME_UR":"صومالی لینڈ","NAME_VI":"Somaliland","NAME_ZH":"索马里兰","NAME_ZHT":"索馬利蘭","FCLASS_ISO":"Unrecognized","TLC_DIFF":"1","FCLASS_TLC":"Admin-0 country","FCLASS_US":"Unrecognized","FCLASS_FR":"Unrecognized","FCLASS_RU":"Unrecognized","FCLASS_ES":"Unrecognized","FCLASS_CN":"Unrecognized","FCLASS_TW":"Admin-0 country","FCLASS_IN":"Unrecognized","FCLASS_NP":"Unrecognized","FCLASS_PK":"Unrecognized","FCLASS_DE":"Unrecognized","FCLASS_GB":"Unrecognized","FCLASS_BR":"Unrecognized","FCLASS_IL":"Unrecognized","FCLASS_PS":"Unrecognized","FCLASS_SA":"Unrecognized","FCLASS_EG":"Unrecognized","FCLASS_MA":"Unrecognized","FCLASS_PT":"Unrecognized","FCLASS_AR":"Unrecognized","FCLASS_JP":"Unrecognized","FCLASS_KO":"Unrecognized","FCLASS_VN":"Unrecognized","FCLASS_TR":"Unrecognized","FCLASS_ID":"Unrecognized","FCLASS_PL":"Unrecognized","FCLASS_GR":"Unrecognized","FCLASS_IT":"Unrecognized","FCLASS_NL":"Unrecognized","FCLASS_SE":"Unrecognized","FCLASS_BD":"Unrecognized","FCLASS_UA":"Unrecognized"},"geometry":{"type":"Polygon","coordinates":[[[48.94820500000001,11.335928689654315],[48.94820500000001,11.335928689654315],[48.942005,11.319896222164585],[48.938491000000006,10.915689054002062],[48.938233,9.923511189703989],[48.93813,9.409169690786639],[48.486736,8.802789276716867],[47.78942,7.9771029404223155],[46.94834,7.971042115036183],[43.67875,9.144508331239368],[43.29699,9.49669579040708],[42.92812,9.9712229826363],[42.55876,10.513086412514644],[42.776852000000005,10.861239299581904],[43.145305,11.38634405522644],[43.47066,11.205584892649384],[43.66666800000001,10.799646321424277],[44.117804,10.388151862001799],[44.614259000000004,10.384873476748707],[45.55694100000001,10.636404803177221],[46.645401,10.752866110158488],[47.525658,11.057934135600618],[48.021596,11.122540674468503],[48.37878400000001,11.301477043328477],[48.948206,11.335933592112232],[48.94820500000001,11.335928689654315]]]}},{"type":"Feature","bbox":[29.579466,-1.443322,35.03599,4.249885],"properties":{"featurecla":"Admin-0 country","scalerank":1,"LABELRANK":3,"SOVEREIGNT":"Uganda","SOV_A3":"UGA","ADM0_DIF":0,"LEVEL":2,"TYPE":"Sovereign country","TLC":"1","ADMIN":"Uganda","ADM0_A3":"UGA","GEOU_DIF":0,"GEOUNIT":"Uganda","GU_A3":"UGA","SU_DIF":0,"SUBUNIT":"Uganda","SU_A3":"UGA","BRK_DIFF":0,"NAME":"Uganda","NAME_LONG":"Uganda","BRK_A3":"UGA","BRK_NAME":"Uganda","BRK_GROUP":null,"ABBREV":"Uga.","POSTAL":"UG","FORMAL_EN":"Republic of Uganda","FORMAL_FR":null,"NAME_CIAWF":"Uganda","NOTE_ADM0":null,"NOTE_BRK":null,"NAME_SORT":"Uganda","NAME_ALT":null,"MAPCOLOR7":6,"MAPCOLOR8":3,"MAPCOLOR9":6,"MAPCOLOR13":4,"POP_EST":44269594,"POP_RANK":15,"POP_YEAR":2019,"GDP_MD":35165,"GDP_YEAR":2019,"ECONOMY":"7. Least developed region","INCOME_GRP":"5. Low income","FIPS_10":"UG","ISO_A2":"UG","ISO_A2_EH":"UG","ISO_A3":"UGA","ISO_A3_EH":"UGA","ISO_N3":"800","ISO_N3_EH":"800","UN_A3":"800","WB_A2":"UG","WB_A3":"UGA","WOE_ID":23424974,"WOE_ID_EH":23424974,"WOE_NOTE":"Exact WOE match as country","ADM0_ISO":"UGA","ADM0_DIFF":null,"ADM0_TLC":"UGA","ADM0_A3_US":"UGA","ADM0_A3_FR":"UGA","ADM0_A3_RU":"UGA","ADM0_A3_ES":"UGA","ADM0_A3_CN":"UGA","ADM0_A3_TW":"UGA","ADM0_A3_IN":"UGA","ADM0_A3_NP":"UGA","ADM0_A3_PK":"UGA","ADM0_A3_DE":"UGA","ADM0_A3_GB":"UGA","ADM0_A3_BR":"UGA","ADM0_A3_IL":"UGA","ADM0_A3_PS":"UGA","ADM0_A3_SA":"UGA","ADM0_A3_EG":"UGA","ADM0_A3_MA":"UGA","ADM0_A3_PT":"UGA","ADM0_A3_AR":"UGA","ADM0_A3_JP":"UGA","ADM0_A3_KO":"UGA","ADM0_A3_VN":"UGA","ADM0_A3_TR":"UGA","ADM0_A3_ID":"UGA","ADM0_A3_PL":"UGA","ADM0_A3_GR":"UGA","ADM0_A3_IT":"UGA","ADM0_A3_NL":"UGA","ADM0_A3_SE":"UGA","ADM0_A3_BD":"UGA","ADM0_A3_UA":"UGA","ADM0_A3_UN":-99,"ADM0_A3_WB":-99,"CONTINENT":"Africa","REGION_UN":"Africa","SUBREGION":"Eastern Africa","REGION_WB":"Sub-Saharan Africa","NAME_LEN":6,"LONG_LEN":6,"ABBREV_LEN":4,"TINY":-99,"HOMEPART":1,"MIN_ZOOM":0,"MIN_LABEL":3,"MAX_LABEL":8,"LABEL_X":32.948555,"LABEL_Y":1.972589,"NE_ID":1159321343,"WIKIDATAID":"Q1036","NAME_AR":"أوغندا","NAME_BN":"উগান্ডা","NAME_DE":"Uganda","NAME_EN":"Uganda","NAME_ES":"Uganda","NAME_FA":"اوگاندا","NAME_FR":"Ouganda","NAME_EL":"Ουγκάντα","NAME_HE":"אוגנדה","NAME_HI":"युगाण्डा","NAME_HU":"Uganda","NAME_ID":"Uganda","NAME_IT":"Uganda","NAME_JA":"ウガンダ","NAME_KO":"우간다","NAME_NL":"Oeganda","NAME_PL":"Uganda","NAME_PT":"Uganda","NAME_RU":"Уганда","NAME_SV":"Uganda","NAME_TR":"Uganda","NAME_UK":"Уганда","NAME_UR":"یوگنڈا","NAME_VI":"Uganda","NAME_ZH":"乌干达","NAME_ZHT":"烏干達","FCLASS_ISO":"Admin-0 country","TLC_DIFF":null,"FCLASS_TLC":"Admin-0 country","FCLASS_US":null,"FCLASS_FR":null,"FCLASS_RU":null,"FCLASS_ES":null,"FCLASS_CN":null,"FCLASS_TW":null,"FCLASS_IN":null,"FCLASS_NP":null,"FCLASS_PK":null,"FCLASS_DE":null,"FCLASS_GB":null,"FCLASS_BR":null,"FCLASS_IL":null,"FCLASS_PS":null,"FCLASS_SA":null,"FCLASS_EG":null,"FCLASS_MA":null,"FCLASS_PT":null,"FCLASS_AR":null,"FCLASS_JP":null,"FCLASS_KO":null,"FCLASS_VN":null,"FCLASS_TR":null,"FCLASS_ID":null,"FCLASS_PL":null,"FCLASS_GR":null,"FCLASS_IT":null,"FCLASS_NL":null,"FCLASS_SE":null,"FCLASS_BD":null,"FCLASS_UA":null},"geometry":{"type":"Polygon","coordinates":[[[33.903711,-0.9499564744314043],[31.866169999999997,-1.0273049526348281],[30.76986,-1.0144969860933135],[30.419105000000002,-1.134584842173262],[29.821519,-1.443169375487913],[29.579466,-1.3411905004795697],[29.587838000000005,-0.5873957101935036],[29.819503000000005,-0.2053095606279902],[29.875779,0.5973691770982],[30.086154,1.0622521411625805],[30.468507999999996,1.583603337260905],[30.85267,1.849074944491032],[31.174149,2.2039213086514824],[30.773347000000005,2.3392328630006247],[30.833859999999998,3.5069741632630036],[30.833852,3.5069801520271455],[31.245560000000005,3.7791567782999005],[31.881450000000005,3.5559849184853065],[32.68642,3.7895540577584006],[33.39,3.787239127261389],[34.005,4.245993310282802],[34.47913,3.553320055265884],[34.59607,3.0522952543927904],[35.03599,1.9054886477897721],[34.6721,1.1768572399689756],[34.18,0.5149930654800678],[33.893569,0.10981393276796769],[33.903711,-0.9499564744314043]]]}},{"type":"Feature","bbox":[29.024926,-2.917858,30.816135,-1.134659],"properties":{"featurecla":"Admin-0 country","scalerank":1,"LABELRANK":3,"SOVEREIGNT":"Rwanda","SOV_A3":"RWA","ADM0_DIF":0,"LEVEL":2,"TYPE":"Sovereign country","TLC":"1","ADMIN":"Rwanda","ADM0_A3":"RWA","GEOU_DIF":0,"GEOUNIT":"Rwanda","GU_A3":"RWA","SU_DIF":0,"SUBUNIT":"Rwanda","SU_A3":"RWA","BRK_DIFF":0,"NAME":"Rwanda","NAME_LONG":"Rwanda","BRK_A3":"RWA","BRK_NAME":"Rwanda","BRK_GROUP":null,"ABBREV":"Rwa.","POSTAL":"RW","FORMAL_EN":"Republic of Rwanda","FORMAL_FR":null,"NAME_CIAWF":"Rwanda","NOTE_ADM0":null,"NOTE_BRK":null,"NAME_SORT":"Rwanda","NAME_ALT":null,"MAPCOLOR7":5,"MAPCOLOR8":2,"MAPCOLOR9":3,"MAPCOLOR13":10,"POP_EST":12626950,"POP_RANK":14,"POP_YEAR":2019,"GDP_MD":10354,"GDP_YEAR":2019,"ECONOMY":"7. Least developed region","INCOME_GRP":"5. Low income","FIPS_10":"RW","ISO_A2":"RW","ISO_A2_EH":"RW","ISO_A3":"RWA","ISO_A3_EH":"RWA","ISO_N3":"646","ISO_N3_EH":"646","UN_A3":"646","WB_A2":"RW","WB_A3":"RWA","WOE_ID":23424937,"WOE_ID_EH":23424937,"WOE_NOTE":"Exact WOE match as country","ADM0_ISO":"RWA","ADM0_DIFF":null,"ADM0_TLC":"RWA","ADM0_A3_US":"RWA","ADM0_A3_FR":"RWA","ADM0_A3_RU":"RWA","ADM0_A3_ES":"RWA","ADM0_A3_CN":"RWA","ADM0_A3_TW":"RWA","ADM0_A3_IN":"RWA","ADM0_A3_NP":"RWA","ADM0_A3_PK":"RWA","ADM0_A3_DE":"RWA","ADM0_A3_GB":"RWA","ADM0_A3_BR":"RWA","ADM0_A3_IL":"RWA","ADM0_A3_PS":"RWA","ADM0_A3_SA":"RWA","ADM0_A3_EG":"RWA","ADM0_A3_MA":"RWA","ADM0_A3_PT":"RWA","ADM0_A3_AR":"RWA","ADM0_A3_JP":"RWA","ADM0_A3_KO":"RWA","ADM0_A3_VN":"RWA","ADM0_A3_TR":"RWA","ADM0_A3_ID":"RWA","ADM0_A3_PL":"RWA","ADM0_A3_GR":"RWA","ADM0_A3_IT":"RWA","ADM0_A3_NL":"RWA","ADM0_A3_SE":"RWA","ADM0_A3_BD":"RWA","ADM0_A3_UA":"RWA","ADM0_A3_UN":-99,"ADM0_A3_WB":-99,"CONTINENT":"Africa","REGION_UN":"Africa","SUBREGION":"Eastern Africa","REGION_WB":"Sub-Saharan Africa","NAME_LEN":6,"LONG_LEN":6,"ABBREV_LEN":4,"TINY":-99,"HOMEPART":1,"MIN_ZOOM":0,"MIN_LABEL":3,"MAX_LABEL":8,"LABEL_X":30.103894,"LABEL_Y":-1.897196,"NE_ID":1159321219,"WIKIDATAID":"Q1037","NAME_AR":"رواندا","NAME_BN":"রুয়ান্ডা","NAME_DE":"Ruanda","NAME_EN":"Rwanda","NAME_ES":"Ruanda","NAME_FA":"رواندا","NAME_FR":"Rwanda","NAME_EL":"Ρουάντα","NAME_HE":"רואנדה","NAME_HI":"रवाण्डा","NAME_HU":"Ruanda","NAME_ID":"Rwanda","NAME_IT":"Ruanda","NAME_JA":"ルワンダ","NAME_KO":"르완다","NAME_NL":"Rwanda","NAME_PL":"Rwanda","NAME_PT":"Ruanda","NAME_RU":"Руанда","NAME_SV":"Rwanda","NAME_TR":"Ruanda","NAME_UK":"Руанда","NAME_UR":"روانڈا","NAME_VI":"Rwanda","NAME_ZH":"卢旺达","NAME_ZHT":"盧旺達","FCLASS_ISO":"Admin-0 country","TLC_DIFF":null,"FCLASS_TLC":"Admin-0 country","FCLASS_US":null,"FCLASS_FR":null,"FCLASS_RU":null,"FCLASS_ES":null,"FCLASS_CN":null,"FCLASS_TW":null,"FCLASS_IN":null,"FCLASS_NP":null,"FCLASS_PK":null,"FCLASS_DE":null,"FCLASS_GB":null,"FCLASS_BR":null,"FCLASS_IL":null,"FCLASS_PS":null,"FCLASS_SA":null,"FCLASS_EG":null,"FCLASS_MA":null,"FCLASS_PT":null,"FCLASS_AR":null,"FCLASS_JP":null,"FCLASS_KO":null,"FCLASS_VN":null,"FCLASS_TR":null,"FCLASS_ID":null,"FCLASS_PL":null,"FCLASS_GR":null,"FCLASS_IT":null,"FCLASS_NL":null,"FCLASS_SE":null,"FCLASS_BD":null,"FCLASS_UA":null},"geometry":{"type":"Polygon","coordinates":[[[30.419105000000002,-1.134584842173262],[30.816135000000003,-1.698665101531623],[30.758309,-2.286642744558375],[30.46967,-2.4131162750508786],[30.469674,-2.4131412528810863],[29.938359000000002,-2.3478296667449676],[29.632175999999998,-2.91659758233791],[29.024926,-2.83809668095063],[29.117479000000003,-2.2915997856635277],[29.254835000000003,-2.214558396343649],[29.291886999999996,-1.6198401725034688],[29.579466,-1.3411905004795697],[29.821519,-1.443169375487913],[30.419105000000002,-1.134584842173262]]]}},{"type":"Feature","bbox":[15.750026,42.65,19.59976,45.233777],"properties":{"featurecla":"Admin-0 country","scalerank":1,"LABELRANK":5,"SOVEREIGNT":"Bosnia and Herzegovina","SOV_A3":"BIH","ADM0_DIF":0,"LEVEL":2,"TYPE":"Sovereign country","TLC":"1","ADMIN":"Bosnia and Herzegovina","ADM0_A3":"BIH","GEOU_DIF":0,"GEOUNIT":"Bosnia and Herzegovina","GU_A3":"BIH","SU_DIF":0,"SUBUNIT":"Bosnia and Herzegovina","SU_A3":"BIH","BRK_DIFF":0,"NAME":"Bosnia and Herz.","NAME_LONG":"Bosnia and Herzegovina","BRK_A3":"BIH","BRK_NAME":"Bosnia and Herz.","BRK_GROUP":null,"ABBREV":"B.H.","POSTAL":"BiH","FORMAL_EN":"Bosnia and Herzegovina","FORMAL_FR":null,"NAME_CIAWF":"Bosnia and Herzegovina","NOTE_ADM0":null,"NOTE_BRK":null,"NAME_SORT":"Bosnia and Herzegovina","NAME_ALT":null,"MAPCOLOR7":1,"MAPCOLOR8":1,"MAPCOLOR9":1,"MAPCOLOR13":2,"POP_EST":3301000,"POP_RANK":12,"POP_YEAR":2019,"GDP_MD":20164,"GDP_YEAR":2019,"ECONOMY":"6. Developing region","INCOME_GRP":"3. Upper middle income","FIPS_10":"BK","ISO_A2":"BA","ISO_A2_EH":"BA","ISO_A3":"BIH","ISO_A3_EH":"BIH","ISO_N3":"070","ISO_N3_EH":"070","UN_A3":"070","WB_A2":"BA","WB_A3":"BIH","WOE_ID":23424761,"WOE_ID_EH":23424761,"WOE_NOTE":"Exact WOE match as country","ADM0_ISO":"BIH","ADM0_DIFF":null,"ADM0_TLC":"BIH","ADM0_A3_US":"BIH","ADM0_A3_FR":"BIH","ADM0_A3_RU":"BIH","ADM0_A3_ES":"BIH","ADM0_A3_CN":"BIH","ADM0_A3_TW":"BIH","ADM0_A3_IN":"BIH","ADM0_A3_NP":"BIH","ADM0_A3_PK":"BIH","ADM0_A3_DE":"BIH","ADM0_A3_GB":"BIH","ADM0_A3_BR":"BIH","ADM0_A3_IL":"BIH","ADM0_A3_PS":"BIH","ADM0_A3_SA":"BIH","ADM0_A3_EG":"BIH","ADM0_A3_MA":"BIH","ADM0_A3_PT":"BIH","ADM0_A3_AR":"BIH","ADM0_A3_JP":"BIH","ADM0_A3_KO":"BIH","ADM0_A3_VN":"BIH","ADM0_A3_TR":"BIH","ADM0_A3_ID":"BIH","ADM0_A3_PL":"BIH","ADM0_A3_GR":"BIH","ADM0_A3_IT":"BIH","ADM0_A3_NL":"BIH","ADM0_A3_SE":"BIH","ADM0_A3_BD":"BIH","ADM0_A3_UA":"BIH","ADM0_A3_UN":-99,"ADM0_A3_WB":-99,"CONTINENT":"Europe","REGION_UN":"Europe","SUBREGION":"Southern Europe","REGION_WB":"Europe & Central Asia","NAME_LEN":16,"LONG_LEN":22,"ABBREV_LEN":4,"TINY":-99,"HOMEPART":1,"MIN_ZOOM":0,"MIN_LABEL":4.5,"MAX_LABEL":6.8,"LABEL_X":18.06841,"LABEL_Y":44.091051,"NE_ID":1159320417,"WIKIDATAID":"Q225","NAME_AR":"البوسنة والهرسك","NAME_BN":"বসনিয়া ও হার্জেগোভিনা","NAME_DE":"Bosnien und Herzegowina","NAME_EN":"Bosnia and Herzegovina","NAME_ES":"Bosnia y Herzegovina","NAME_FA":"بوسنی و هرزگوین","NAME_FR":"Bosnie-Herzégovine","NAME_EL":"Βοσνία και Ερζεγοβίνη","NAME_HE":"בוסניה והרצגובינה","NAME_HI":"बॉस्निया और हर्ज़ेगोविना","NAME_HU":"Bosznia-Hercegovina","NAME_ID":"Bosnia dan Herzegovina","NAME_IT":"Bosnia ed Erzegovina","NAME_JA":"ボスニア・ヘルツェゴビナ","NAME_KO":"보스니아 헤르체고비나","NAME_NL":"Bosnië en Herzegovina","NAME_PL":"Bośnia i Hercegowina","NAME_PT":"Bósnia e Herzegovina","NAME_RU":"Босния и Герцеговина","NAME_SV":"Bosnien och Hercegovina","NAME_TR":"Bosna-Hersek","NAME_UK":"Боснія і Герцеговина","NAME_UR":"بوسنیا و ہرزیگووینا","NAME_VI":"Bosna và Hercegovina","NAME_ZH":"波斯尼亚和黑塞哥维那","NAME_ZHT":"波士尼亞與赫塞哥維納","FCLASS_ISO":"Admin-0 country","TLC_DIFF":null,"FCLASS_TLC":"Admin-0 country","FCLASS_US":null,"FCLASS_FR":null,"FCLASS_RU":null,"FCLASS_ES":null,"FCLASS_CN":null,"FCLASS_TW":null,"FCLASS_IN":null,"FCLASS_NP":null,"FCLASS_PK":null,"FCLASS_DE":null,"FCLASS_GB":null,"FCLASS_BR":null,"FCLASS_IL":null,"FCLASS_PS":null,"FCLASS_SA":null,"FCLASS_EG":null,"FCLASS_MA":null,"FCLASS_PT":null,"FCLASS_AR":null,"FCLASS_JP":null,"FCLASS_KO":null,"FCLASS_VN":null,"FCLASS_TR":null,"FCLASS_ID":null,"FCLASS_PL":null,"FCLASS_GR":null,"FCLASS_IT":null,"FCLASS_NL":null,"FCLASS_SE":null,"FCLASS_BD":null,"FCLASS_UA":null},"geometry":{"type":"Polygon","coordinates":[[[18.56,39.18200793957844],[17.674922,39.474835487513424],[17.297373,39.79657195853062],[16.916156,39.966453408942],[16.456443,40.25212559347202],[16.23966,40.4882326981231],[15.750026,40.84289459945896],[15.959367,41.156149423290124],[16.318157,40.98301363221145],[16.534939,41.13945584114983],[17.002146,41.156149423290124],[17.861783000000003,41.03101785862666],[18.553214,41.041464836746336],[19.005485,40.87429878339301],[19.00548,40.87429575880458],[19.36803,40.87639025320879],[19.117610000000003,40.54291371415823],[19.59976,40.250011472909435],[19.454,39.89005841914123],[19.21852,39.85609035258573],[19.03165,39.785959847302586],[18.70648,39.607127219427994],[18.56,39.18200793957844]]]}},{"type":"Feature","bbox":[20.463175,40.842727,22.952377,42.32026],"properties":{"featurecla":"Admin-0 country","scalerank":1,"LABELRANK":6,"SOVEREIGNT":"North Macedonia","SOV_A3":"MKD","ADM0_DIF":0,"LEVEL":2,"TYPE":"Sovereign country","TLC":"1","ADMIN":"North Macedonia","ADM0_A3":"MKD","GEOU_DIF":0,"GEOUNIT":"North Macedonia","GU_A3":"MKD","SU_DIF":0,"SUBUNIT":"North Macedonia","SU_A3":"MKD","BRK_DIFF":0,"NAME":"North Macedonia","NAME_LONG":"North Macedonia","BRK_A3":"MKD","BRK_NAME":"North Macedonia","BRK_GROUP":null,"ABBREV":"N. Mac.","POSTAL":"NM","FORMAL_EN":"Republic of North Macedonia","FORMAL_FR":null,"NAME_CIAWF":"North Macedonia","NOTE_ADM0":null,"NOTE_BRK":null,"NAME_SORT":"North Macedonia","NAME_ALT":null,"MAPCOLOR7":5,"MAPCOLOR8":3,"MAPCOLOR9":7,"MAPCOLOR13":3,"POP_EST":2083459,"POP_RANK":12,"POP_YEAR":2019,"GDP_MD":12547,"GDP_YEAR":2019,"ECONOMY":"6. Developing region","INCOME_GRP":"3. Upper middle income","FIPS_10":"MK","ISO_A2":"MK","ISO_A2_EH":"MK","ISO_A3":"MKD","ISO_A3_EH":"MKD","ISO_N3":"807","ISO_N3_EH":"807","UN_A3":"807","WB_A2":"MK","WB_A3":"MKD","WOE_ID":23424890,"WOE_ID_EH":23424890,"WOE_NOTE":"Exact WOE match as country","ADM0_ISO":"MKD","ADM0_DIFF":null,"ADM0_TLC":"MKD","ADM0_A3_US":"MKD","ADM0_A3_FR":"MKD","ADM0_A3_RU":"MKD","ADM0_A3_ES":"MKD","ADM0_A3_CN":"MKD","ADM0_A3_TW":"MKD","ADM0_A3_IN":"MKD","ADM0_A3_NP":"MKD","ADM0_A3_PK":"MKD","ADM0_A3_DE":"MKD","ADM0_A3_GB":"MKD","ADM0_A3_BR":"MKD","ADM0_A3_IL":"MKD","ADM0_A3_PS":"MKD","ADM0_A3_SA":"MKD","ADM0_A3_EG":"MKD","ADM0_A3_MA":"MKD","ADM0_A3_PT":"MKD","ADM0_A3_AR":"MKD","ADM0_A3_JP":"MKD","ADM0_A3_KO":"MKD","ADM0_A3_VN":"MKD","ADM0_A3_TR":"MKD","ADM0_A3_ID":"MKD","ADM0_A3_PL":"MKD","ADM0_A3_GR":"MKD","ADM0_A3_IT":"MKD","ADM0_A3_NL":"MKD","ADM0_A3_SE":"MKD","ADM0_A3_BD":"MKD","ADM0_A3_UA":"MKD","ADM0_A3_UN":-99,"ADM0_A3_WB":-99,"CONTINENT":"Europe","REGION_UN":"Europe","SUBREGION":"Southern Europe","REGION_WB":"Europe & Central Asia","NAME_LEN":15,"LONG_LEN":15,"ABBREV_LEN":7,"TINY":-99,"HOMEPART":1,"MIN_ZOOM":0,"MIN_LABEL":5,"MAX_LABEL":10,"LABEL_X":21.555839,"LABEL_Y":41.558223,"NE_ID":1159321061,"WIKIDATAID":"Q221","NAME_AR":"مقدونيا الشمالية","NAME_BN":"উত্তর মেসিডোনিয়া","NAME_DE":"Nordmazedonien","NAME_EN":"North Macedonia","NAME_ES":"Macedonia del Norte","NAME_FA":"مقدونیه شمالی","NAME_FR":"Macédoine du Nord","NAME_EL":"Βόρεια Μακεδονία","NAME_HE":"מקדוניה הצפונית","NAME_HI":"उत्तर मैसिडोनिया","NAME_HU":"Észak-Macedónia","NAME_ID":"Republik Makedonia Utara","NAME_IT":"Macedonia del Nord","NAME_JA":"北マケドニア","NAME_KO":"북마케도니아","NAME_NL":"Noord-Macedonië","NAME_PL":"Macedonia Północna","NAME_PT":"Macedónia do Norte","NAME_RU":"Северная Македония","NAME_SV":"Nordmakedonien","NAME_TR":"Kuzey Makedonya","NAME_UK":"Північна Македонія","NAME_UR":"شمالی مقدونیہ","NAME_VI":"Bắc Macedonia","NAME_ZH":"北马其顿","NAME_ZHT":"北馬其頓","FCLASS_ISO":"Admin-0 country","TLC_DIFF":null,"FCLASS_TLC":"Admin-0 country","FCLASS_US":null,"FCLASS_FR":null,"FCLASS_RU":null,"FCLASS_ES":null,"FCLASS_CN":null,"FCLASS_TW":null,"FCLASS_IN":null,"FCLASS_NP":null,"FCLASS_PK":null,"FCLASS_DE":null,"FCLASS_GB":null,"FCLASS_BR":null,"FCLASS_IL":null,"FCLASS_PS":null,"FCLASS_SA":null,"FCLASS_EG":null,"FCLASS_MA":null,"FCLASS_PT":null,"FCLASS_AR":null,"FCLASS_JP":null,"FCLASS_KO":null,"FCLASS_VN":null,"FCLASS_TR":null,"FCLASS_ID":null,"FCLASS_PL":null,"FCLASS_GR":null,"FCLASS_IT":null,"FCLASS_NL":null,"FCLASS_SE":null,"FCLASS_BD":null,"FCLASS_UA":null},"geometry":{"type":"Polygon","coordinates":[[[22.380526,38.9259479332245],[22.881374,38.67581282776097],[22.952377,38.157678053910224],[22.761769999999995,38.13157249369901],[22.597307999999998,37.994330041942],[22.055377999999997,38.009600492992156],[21.674161000000005,37.83716877599596],[21.02004,37.767204210679296],[20.605182,37.95944090877557],[20.463174999999996,38.296797225181685],[20.590247000000005,38.56338826049078],[20.590247000000005,38.56339217008553],[20.71731,38.55690273195606],[20.76216,38.71683669727811],[21.3527,38.837625841725384],[21.576636,38.86754901220066],[21.91708,38.9130170817544],[22.380526,38.9259479332245]]]}},{"type":"Feature","bbox":[18.829825,42.245224,22.986019,46.17173],"properties":{"featurecla":"Admin-0 country","scalerank":1,"LABELRANK":5,"SOVEREIGNT":"Republic of Serbia","SOV_A3":"SRB","ADM0_DIF":0,"LEVEL":2,"TYPE":"Sovereign country","TLC":"1","ADMIN":"Republic of Serbia","ADM0_A3":"SRB","GEOU_DIF":0,"GEOUNIT":"Republic of Serbia","GU_A3":"SRB","SU_DIF":0,"SUBUNIT":"Republic of Serbia","SU_A3":"SRB","BRK_DIFF":0,"NAME":"Serbia","NAME_LONG":"Serbia","BRK_A3":"SRB","BRK_NAME":"Serbia","BRK_GROUP":null,"ABBREV":"Serb.","POSTAL":"RS","FORMAL_EN":"Republic of Serbia","FORMAL_FR":null,"NAME_CIAWF":"Serbia","NOTE_ADM0":null,"NOTE_BRK":null,"NAME_SORT":"Serbia","NAME_ALT":null,"MAPCOLOR7":3,"MAPCOLOR8":3,"MAPCOLOR9":2,"MAPCOLOR13":10,"POP_EST":6944975,"POP_RANK":13,"POP_YEAR":2019,"GDP_MD":51475,"GDP_YEAR":2019,"ECONOMY":"6. Developing region","INCOME_GRP":"3. Upper middle income","FIPS_10":"RI","ISO_A2":"RS","ISO_A2_EH":"RS","ISO_A3":"SRB","ISO_A3_EH":"SRB","ISO_N3":"688","ISO_N3_EH":"688","UN_A3":"688","WB_A2":"YF","WB_A3":"SRB","WOE_ID":-90,"WOE_ID_EH":20069818,"WOE_NOTE":"Expired WOE also contains Kosovo.","ADM0_ISO":"SRB","ADM0_DIFF":null,"ADM0_TLC":"SRB","ADM0_A3_US":"SRB","ADM0_A3_FR":"SRB","ADM0_A3_RU":"SRB","ADM0_A3_ES":"SRB","ADM0_A3_CN":"SRB","ADM0_A3_TW":"SRB","ADM0_A3_IN":"SRB","ADM0_A3_NP":"SRB","ADM0_A3_PK":"SRB","ADM0_A3_DE":"SRB","ADM0_A3_GB":"SRB","ADM0_A3_BR":"SRB","ADM0_A3_IL":"SRB","ADM0_A3_PS":"SRB","ADM0_A3_SA":"SRB","ADM0_A3_EG":"SRB","ADM0_A3_MA":"SRB","ADM0_A3_PT":"SRB","ADM0_A3_AR":"SRB","ADM0_A3_JP":"SRB","ADM0_A3_KO":"SRB","ADM0_A3_VN":"SRB","ADM0_A3_TR":"SRB","ADM0_A3_ID":"SRB","ADM0_A3_PL":"SRB","ADM0_A3_GR":"SRB","ADM0_A3_IT":"SRB","ADM0_A3_NL":"SRB","ADM0_A3_SE":"SRB","ADM0_A3_BD":"SRB","ADM0_A3_UA":"SRB","ADM0_A3_UN":-99,"ADM0_A3_WB":-99,"CONTINENT":"Europe","REGION_UN":"Europe","SUBREGION":"Southern Europe","REGION_WB":"Europe & Central Asia","NAME_LEN":6,"LONG_LEN":6,"ABBREV_LEN":5,"TINY":-99,"HOMEPART":1,"MIN_ZOOM":0,"MIN_LABEL":4,"MAX_LABEL":7,"LABEL_X":20.787989,"LABEL_Y":44.189919,"NE_ID":1159321267,"WIKIDATAID":"Q403","NAME_AR":"صربيا","NAME_BN":"সার্বিয়া","NAME_DE":"Serbien","NAME_EN":"Serbia","NAME_ES":"Serbia","NAME_FA":"صربستان","NAME_FR":"Serbie","NAME_EL":"Σερβία","NAME_HE":"סרביה","NAME_HI":"सर्बिया","NAME_HU":"Szerbia","NAME_ID":"Serbia","NAME_IT":"Serbia","NAME_JA":"セルビア","NAME_KO":"세르비아","NAME_NL":"Servië","NAME_PL":"Serbia","NAME_PT":"Sérvia","NAME_RU":"Сербия","NAME_SV":"Serbien","NAME_TR":"Sırbistan","NAME_UK":"Сербія","NAME_UR":"سربیا","NAME_VI":"Serbia","NAME_ZH":"塞尔维亚","NAME_ZHT":"塞爾維亞","FCLASS_ISO":"Admin-0 country","TLC_DIFF":null,"FCLASS_TLC":"Admin-0 country","FCLASS_US":null,"FCLASS_FR":null,"FCLASS_RU":null,"FCLASS_ES":null,"FCLASS_CN":null,"FCLASS_TW":null,"FCLASS_IN":null,"FCLASS_NP":null,"FCLASS_PK":null,"FCLASS_DE":null,"FCLASS_GB":null,"FCLASS_BR":null,"FCLASS_IL":null,"FCLASS_PS":null,"FCLASS_SA":null,"FCLASS_EG":null,"FCLASS_MA":null,"FCLASS_PT":null,"FCLASS_AR":null,"FCLASS_JP":null,"FCLASS_KO":null,"FCLASS_VN":null,"FCLASS_TR":null,"FCLASS_ID":null,"FCLASS_PL":null,"FCLASS_GR":null,"FCLASS_IT":null,"FCLASS_NL":null,"FCLASS_SE":null,"FCLASS_BD":null,"FCLASS_UA":null},"geometry":{"type":"Polygon","coordinates":[[[18.829825,41.66246890201503],[18.829838,41.66247338445753],[19.596045,41.858543704381304],[20.220192,41.82556985611811],[20.762175,41.5321230538189],[20.874312999999997,41.29348668648173],[21.483526,41.11652865736523],[21.562022999999996,40.80523640358986],[22.145088,40.584963560560965],[22.459022,40.7549341418947],[22.705726,40.66054679972089],[22.474008,40.53239408495665],[22.657149999999998,40.39978462011108],[22.410446,40.226799888376156],[22.500157,39.947360737810094],[22.986019,39.61564076149392],[22.604801,39.374381614400285],[22.436595,39.12797600941912],[22.545012,39.03563450805278],[22.380526,38.9259479332245],[21.91708,38.9130170817544],[21.576636,38.86754901220066],[21.54332,38.9259401536373],[21.662920000000003,39.01843351894799],[21.77505,39.2073505430377],[21.63302,39.20306541772923],[21.43866,39.34657141884618],[21.274210000000004,39.382939164399524],[21.143395,39.50579892063593],[20.95651,39.55381579838265],[20.814480000000003,39.66253005189548],[20.63508,39.61991524177269],[20.49679,39.36369073976541],[20.25758,39.308049217304905],[20.3398,39.37438238741758],[19.95857,39.534614574650604],[19.629999999999995,39.617658250478634],[19.48389,39.72427256762863],[19.21852,39.85609035258573],[19.454,39.89005841914123],[19.59976,40.250011472909435],[19.117610000000003,40.54291371415823],[19.36803,40.87639025320879],[19.00548,40.87429575880458],[19.005485,40.87429878339301],[19.390476,41.15821163546479],[19.072769,41.37243164716763],[18.829825,41.66246890201503]]]}},{"type":"Feature","bbox":[18.450017,41.877551,20.3398,43.52384],"properties":{"featurecla":"Admin-0 country","scalerank":1,"LABELRANK":6,"SOVEREIGNT":"Montenegro","SOV_A3":"MNE","ADM0_DIF":0,"LEVEL":2,"TYPE":"Sovereign country","TLC":"1","ADMIN":"Montenegro","ADM0_A3":"MNE","GEOU_DIF":0,"GEOUNIT":"Montenegro","GU_A3":"MNE","SU_DIF":0,"SUBUNIT":"Montenegro","SU_A3":"MNE","BRK_DIFF":0,"NAME":"Montenegro","NAME_LONG":"Montenegro","BRK_A3":"MNE","BRK_NAME":"Montenegro","BRK_GROUP":null,"ABBREV":"Mont.","POSTAL":"ME","FORMAL_EN":"Montenegro","FORMAL_FR":null,"NAME_CIAWF":"Montenegro","NOTE_ADM0":null,"NOTE_BRK":null,"NAME_SORT":"Montenegro","NAME_ALT":null,"MAPCOLOR7":4,"MAPCOLOR8":1,"MAPCOLOR9":4,"MAPCOLOR13":5,"POP_EST":622137,"POP_RANK":11,"POP_YEAR":2019,"GDP_MD":5542,"GDP_YEAR":2019,"ECONOMY":"6. Developing region","INCOME_GRP":"3. Upper middle income","FIPS_10":"MJ","ISO_A2":"ME","ISO_A2_EH":"ME","ISO_A3":"MNE","ISO_A3_EH":"MNE","ISO_N3":"499","ISO_N3_EH":"499","UN_A3":"499","WB_A2":"ME","WB_A3":"MNE","WOE_ID":20069817,"WOE_ID_EH":20069817,"WOE_NOTE":"Exact WOE match as country","ADM0_ISO":"MNE","ADM0_DIFF":null,"ADM0_TLC":"MNE","ADM0_A3_US":"MNE","ADM0_A3_FR":"MNE","ADM0_A3_RU":"MNE","ADM0_A3_ES":"MNE","ADM0_A3_CN":"MNE","ADM0_A3_TW":"MNE","ADM0_A3_IN":"MNE","ADM0_A3_NP":"MNE","ADM0_A3_PK":"MNE","ADM0_A3_DE":"MNE","ADM0_A3_GB":"MNE","ADM0_A3_BR":"MNE","ADM0_A3_IL":"MNE","ADM0_A3_PS":"MNE","ADM0_A3_SA":"MNE","ADM0_A3_EG":"MNE","ADM0_A3_MA":"MNE","ADM0_A3_PT":"MNE","ADM0_A3_AR":"MNE","ADM0_A3_JP":"MNE","ADM0_A3_KO":"MNE","ADM0_A3_VN":"MNE","ADM0_A3_TR":"MNE","ADM0_A3_ID":"MNE","ADM0_A3_PL":"MNE","ADM0_A3_GR":"MNE","ADM0_A3_IT":"MNE","ADM0_A3_NL":"MNE","ADM0_A3_SE":"MNE","ADM0_A3_BD":"MNE","ADM0_A3_UA":"MNE","ADM0_A3_UN":-99,"ADM0_A3_WB":-99,"CONTINENT":"Europe","REGION_UN":"Europe","SUBREGION":"Southern Europe","REGION_WB":"Europe & Central Asia","NAME_LEN":10,"LONG_LEN":10,"ABBREV_LEN":5,"TINY":-99,"HOMEPART":1,"MIN_ZOOM":0,"MIN_LABEL":5,"MAX_LABEL":10,"LABEL_X":19.143727,"LABEL_Y":42.803101,"NE_ID":1159321069,"WIKIDATAID":"Q236","NAME_AR":"الجبل الأسود","NAME_BN":"মন্টিনিগ্রো","NAME_DE":"Montenegro","NAME_EN":"Montenegro","NAME_ES":"Montenegro","NAME_FA":"مونتهنگرو","NAME_FR":"Monténégro","NAME_EL":"Μαυροβούνιο","NAME_HE":"מונטנגרו","NAME_HI":"मॉन्टेनीग्रो","NAME_HU":"Montenegró","NAME_ID":"Montenegro","NAME_IT":"Montenegro","NAME_JA":"モンテネグロ","NAME_KO":"몬테네그로","NAME_NL":"Montenegro","NAME_PL":"Czarnogóra","NAME_PT":"Montenegro","NAME_RU":"Черногория","NAME_SV":"Montenegro","NAME_TR":"Karadağ","NAME_UK":"Чорногорія","NAME_UR":"مونٹینیگرو","NAME_VI":"Montenegro","NAME_ZH":"黑山","NAME_ZHT":"蒙特內哥羅","FCLASS_ISO":"Admin-0 country","TLC_DIFF":null,"FCLASS_TLC":"Admin-0 country","FCLASS_US":null,"FCLASS_FR":null,"FCLASS_RU":null,"FCLASS_ES":null,"FCLASS_CN":null,"FCLASS_TW":null,"FCLASS_IN":null,"FCLASS_NP":null,"FCLASS_PK":null,"FCLASS_DE":null,"FCLASS_GB":null,"FCLASS_BR":null,"FCLASS_IL":null,"FCLASS_PS":null,"FCLASS_SA":null,"FCLASS_EG":null,"FCLASS_MA":null,"FCLASS_PT":null,"FCLASS_AR":null,"FCLASS_JP":null,"FCLASS_KO":null,"FCLASS_VN":null,"FCLASS_TR":null,"FCLASS_ID":null,"FCLASS_PL":null,"FCLASS_GR":null,"FCLASS_IT":null,"FCLASS_NL":null,"FCLASS_SE":null,"FCLASS_BD":null,"FCLASS_UA":null},"geometry":{"type":"Polygon","coordinates":[[[20.0707,39.13442132461441],[19.801612999999996,39.06571257867547],[19.738051,39.211648578787305],[19.304486000000004,38.829014290420716],[19.371768,38.58070333342937],[19.16246,38.64123768132005],[18.88214,38.895795629818636],[18.450017,39.050103960989475],[18.56,39.18200793957844],[18.70648,39.607127219427994],[19.03165,39.785959847302586],[19.21852,39.85609035258573],[19.48389,39.72427256762863],[19.629999999999995,39.617658250478634],[19.95857,39.534614574650604],[20.3398,39.37438238741758],[20.25758,39.308049217304905],[20.0707,39.13442132461441]]]}},{"type":"Feature","bbox":[20.0707,41.84711,21.77505,43.27205],"properties":{"featurecla":"Admin-0 country","scalerank":1,"LABELRANK":6,"SOVEREIGNT":"Kosovo","SOV_A3":"KOS","ADM0_DIF":0,"LEVEL":2,"TYPE":"Disputed","TLC":"1","ADMIN":"Kosovo","ADM0_A3":"KOS","GEOU_DIF":0,"GEOUNIT":"Kosovo","GU_A3":"KOS","SU_DIF":0,"SUBUNIT":"Kosovo","SU_A3":"KOS","BRK_DIFF":0,"NAME":"Kosovo","NAME_LONG":"Kosovo","BRK_A3":"KOS","BRK_NAME":"Kosovo","BRK_GROUP":null,"ABBREV":"Kos.","POSTAL":"KO","FORMAL_EN":"Republic of Kosovo","FORMAL_FR":null,"NAME_CIAWF":"Kosovo","NOTE_ADM0":null,"NOTE_BRK":null,"NAME_SORT":"Kosovo","NAME_ALT":null,"MAPCOLOR7":2,"MAPCOLOR8":2,"MAPCOLOR9":3,"MAPCOLOR13":11,"POP_EST":1794248,"POP_RANK":12,"POP_YEAR":2019,"GDP_MD":7926,"GDP_YEAR":2019,"ECONOMY":"6. Developing region","INCOME_GRP":"4. Lower middle income","FIPS_10":"KV","ISO_A2":"-99","ISO_A2_EH":"XK","ISO_A3":"-99","ISO_A3_EH":"-99","ISO_N3":"-99","ISO_N3_EH":"-99","UN_A3":"-099","WB_A2":"KV","WB_A3":"KSV","WOE_ID":-90,"WOE_ID_EH":29389201,"WOE_NOTE":"Subunit of Serbia in WOE still; should include 29389201, 29389207, 29389218, 29389209 and 29389214.","ADM0_ISO":"SRB","ADM0_DIFF":"1","ADM0_TLC":"KOS","ADM0_A3_US":"KOS","ADM0_A3_FR":"KOS","ADM0_A3_RU":"SRB","ADM0_A3_ES":"SRB","ADM0_A3_CN":"SRB","ADM0_A3_TW":"KOS","ADM0_A3_IN":"SRB","ADM0_A3_NP":"SRB","ADM0_A3_PK":"KOS","ADM0_A3_DE":"KOS","ADM0_A3_GB":"SRB","ADM0_A3_BR":"KOS","ADM0_A3_IL":"KOS","ADM0_A3_PS":"SRB","ADM0_A3_SA":"KOS","ADM0_A3_EG":"KOS","ADM0_A3_MA":"SRB","ADM0_A3_PT":"KOS","ADM0_A3_AR":"SRB","ADM0_A3_JP":"KOS","ADM0_A3_KO":"KOS","ADM0_A3_VN":"SRB","ADM0_A3_TR":"KOS","ADM0_A3_ID":"SRB","ADM0_A3_PL":"KOS","ADM0_A3_GR":"SRB","ADM0_A3_IT":"KOS","ADM0_A3_NL":"KOS","ADM0_A3_SE":"KOS","ADM0_A3_BD":"KOS","ADM0_A3_UA":"SRB","ADM0_A3_UN":-99,"ADM0_A3_WB":-99,"CONTINENT":"Europe","REGION_UN":"Europe","SUBREGION":"Southern Europe","REGION_WB":"Europe & Central Asia","NAME_LEN":6,"LONG_LEN":6,"ABBREV_LEN":4,"TINY":-99,"HOMEPART":1,"MIN_ZOOM":0,"MIN_LABEL":5,"MAX_LABEL":10,"LABEL_X":20.860719,"LABEL_Y":42.593587,"NE_ID":1159321007,"WIKIDATAID":"Q1246","NAME_AR":"كوسوفو","NAME_BN":"কসোভো","NAME_DE":"Kosovo","NAME_EN":"Kosovo","NAME_ES":"Kosovo","NAME_FA":"کوزووو","NAME_FR":"Kosovo","NAME_EL":"Κοσσυφοπέδιο","NAME_HE":"קוסובו","NAME_HI":"कोसोवो गणराज्य","NAME_HU":"Koszovó","NAME_ID":"Kosovo","NAME_IT":"Kosovo","NAME_JA":"コソボ共和国","NAME_KO":"코소보","NAME_NL":"Kosovo","NAME_PL":"Kosowo","NAME_PT":"Kosovo","NAME_RU":"Республика Косово","NAME_SV":"Kosovo","NAME_TR":"Kosova","NAME_UK":"Косово","NAME_UR":"کوسووہ","NAME_VI":"Kosovo","NAME_ZH":"科索沃","NAME_ZHT":"科索沃","FCLASS_ISO":"Unrecognized","TLC_DIFF":"1","FCLASS_TLC":"Admin-0 country","FCLASS_US":"Admin-0 country","FCLASS_FR":"Admin-0 country","FCLASS_RU":"Admin-1 region","FCLASS_ES":"Unrecognized","FCLASS_CN":"Unrecognized","FCLASS_TW":"Admin-0 country","FCLASS_IN":"Admin-1 region","FCLASS_NP":"Unrecognized","FCLASS_PK":"Admin-0 country","FCLASS_DE":"Admin-0 country","FCLASS_GB":"Admin-0 country","FCLASS_BR":"Unrecognized","FCLASS_IL":"Admin-0 country","FCLASS_PS":"Unrecognized","FCLASS_SA":"Admin-0 country","FCLASS_EG":"Admin-0 country","FCLASS_MA":"Unrecognized","FCLASS_PT":"Admin-0 country","FCLASS_AR":"Unrecognized","FCLASS_JP":"Admin-0 country","FCLASS_KO":"Admin-0 country","FCLASS_VN":"Unrecognized","FCLASS_TR":"Admin-0 country","FCLASS_ID":"Unrecognized","FCLASS_PL":"Admin-0 country","FCLASS_GR":"Unrecognized","FCLASS_IT":"Admin-0 country","FCLASS_NL":"Admin-0 country","FCLASS_SE":"Admin-0 country","FCLASS_BD":"Admin-0 country","FCLASS_UA":"Unrecognized"},"geometry":{"type":"Polygon","coordinates":[[[20.590247000000005,38.56339217008553],[20.522950000000005,38.846248033579485],[20.283755,38.9259479332245],[20.0707,39.13442132461441],[20.25758,39.308049217304905],[20.49679,39.36369073976541],[20.63508,39.61991524177269],[20.814480000000003,39.66253005189548],[20.95651,39.55381579838265],[21.143395,39.50579892063593],[21.274210000000004,39.382939164399524],[21.43866,39.34657141884618],[21.63302,39.20306541772923],[21.77505,39.2073505430377],[21.662920000000003,39.01843351894799],[21.54332,38.9259401536373],[21.576636,38.86754901220066],[21.3527,38.837625841725384],[20.76216,38.71683669727811],[20.71731,38.55690273195606],[20.590247000000005,38.56339217008553]]]}},{"type":"Feature","bbox":[-61.95,10,-60.895,10.89],"properties":{"featurecla":"Admin-0 country","scalerank":1,"LABELRANK":5,"SOVEREIGNT":"Trinidad and Tobago","SOV_A3":"TTO","ADM0_DIF":0,"LEVEL":2,"TYPE":"Sovereign country","TLC":"1","ADMIN":"Trinidad and Tobago","ADM0_A3":"TTO","GEOU_DIF":0,"GEOUNIT":"Trinidad and Tobago","GU_A3":"TTO","SU_DIF":0,"SUBUNIT":"Trinidad and Tobago","SU_A3":"TTO","BRK_DIFF":0,"NAME":"Trinidad and Tobago","NAME_LONG":"Trinidad and Tobago","BRK_A3":"TTO","BRK_NAME":"Trinidad and Tobago","BRK_GROUP":null,"ABBREV":"Tr.T.","POSTAL":"TT","FORMAL_EN":"Republic of Trinidad and Tobago","FORMAL_FR":null,"NAME_CIAWF":"Trinidad and Tobago","NOTE_ADM0":null,"NOTE_BRK":null,"NAME_SORT":"Trinidad and Tobago","NAME_ALT":null,"MAPCOLOR7":5,"MAPCOLOR8":6,"MAPCOLOR9":2,"MAPCOLOR13":5,"POP_EST":1394973,"POP_RANK":12,"POP_YEAR":2019,"GDP_MD":24269,"GDP_YEAR":2019,"ECONOMY":"6. Developing region","INCOME_GRP":"2. High income: nonOECD","FIPS_10":"TD","ISO_A2":"TT","ISO_A2_EH":"TT","ISO_A3":"TTO","ISO_A3_EH":"TTO","ISO_N3":"780","ISO_N3_EH":"780","UN_A3":"780","WB_A2":"TT","WB_A3":"TTO","WOE_ID":23424958,"WOE_ID_EH":23424958,"WOE_NOTE":"Exact WOE match as country","ADM0_ISO":"TTO","ADM0_DIFF":null,"ADM0_TLC":"TTO","ADM0_A3_US":"TTO","ADM0_A3_FR":"TTO","ADM0_A3_RU":"TTO","ADM0_A3_ES":"TTO","ADM0_A3_CN":"TTO","ADM0_A3_TW":"TTO","ADM0_A3_IN":"TTO","ADM0_A3_NP":"TTO","ADM0_A3_PK":"TTO","ADM0_A3_DE":"TTO","ADM0_A3_GB":"TTO","ADM0_A3_BR":"TTO","ADM0_A3_IL":"TTO","ADM0_A3_PS":"TTO","ADM0_A3_SA":"TTO","ADM0_A3_EG":"TTO","ADM0_A3_MA":"TTO","ADM0_A3_PT":"TTO","ADM0_A3_AR":"TTO","ADM0_A3_JP":"TTO","ADM0_A3_KO":"TTO","ADM0_A3_VN":"TTO","ADM0_A3_TR":"TTO","ADM0_A3_ID":"TTO","ADM0_A3_PL":"TTO","ADM0_A3_GR":"TTO","ADM0_A3_IT":"TTO","ADM0_A3_NL":"TTO","ADM0_A3_SE":"TTO","ADM0_A3_BD":"TTO","ADM0_A3_UA":"TTO","ADM0_A3_UN":-99,"ADM0_A3_WB":-99,"CONTINENT":"North America","REGION_UN":"Americas","SUBREGION":"Caribbean","REGION_WB":"Latin America & Caribbean","NAME_LEN":19,"LONG_LEN":19,"ABBREV_LEN":5,"TINY":2,"HOMEPART":1,"MIN_ZOOM":0,"MIN_LABEL":4.5,"MAX_LABEL":9.5,"LABEL_X":-60.9184,"LABEL_Y":10.9989,"NE_ID":1159321321,"WIKIDATAID":"Q754","NAME_AR":"ترينيداد وتوباغو","NAME_BN":"ত্রিনিদাদ ও টোবাগো","NAME_DE":"Trinidad und Tobago","NAME_EN":"Trinidad and Tobago","NAME_ES":"Trinidad y Tobago","NAME_FA":"ترینیداد و توباگو","NAME_FR":"Trinité-et-Tobago","NAME_EL":"Τρινιντάντ και Τομπάγκο","NAME_HE":"טרינידד וטובגו","NAME_HI":"त्रिनिदाद और टोबैगो","NAME_HU":"Trinidad és Tobago","NAME_ID":"Trinidad dan Tobago","NAME_IT":"Trinidad e Tobago","NAME_JA":"トリニダード・トバゴ","NAME_KO":"트리니다드 토바고","NAME_NL":"Trinidad en Tobago","NAME_PL":"Trynidad i Tobago","NAME_PT":"Trinidad e Tobago","NAME_RU":"Тринидад и Тобаго","NAME_SV":"Trinidad och Tobago","NAME_TR":"Trinidad ve Tobago","NAME_UK":"Тринідад і Тобаго","NAME_UR":"ٹرینیڈاڈ و ٹوباگو","NAME_VI":"Trinidad và Tobago","NAME_ZH":"特立尼达和多巴哥","NAME_ZHT":"千里達及托巴哥","FCLASS_ISO":"Admin-0 country","TLC_DIFF":null,"FCLASS_TLC":"Admin-0 country","FCLASS_US":null,"FCLASS_FR":null,"FCLASS_RU":null,"FCLASS_ES":null,"FCLASS_CN":null,"FCLASS_TW":null,"FCLASS_IN":null,"FCLASS_NP":null,"FCLASS_PK":null,"FCLASS_DE":null,"FCLASS_GB":null,"FCLASS_BR":null,"FCLASS_IL":null,"FCLASS_PS":null,"FCLASS_SA":null,"FCLASS_EG":null,"FCLASS_MA":null,"FCLASS_PT":null,"FCLASS_AR":null,"FCLASS_JP":null,"FCLASS_KO":null,"FCLASS_VN":null,"FCLASS_TR":null,"FCLASS_ID":null,"FCLASS_PL":null,"FCLASS_GR":null,"FCLASS_IT":null,"FCLASS_NL":null,"FCLASS_SE":null,"FCLASS_BD":null,"FCLASS_UA":null},"geometry":{"type":"Polygon","coordinates":[[[-61.68000000000001,10.697304943625051],[-61.105000000000004,10.825018740757097],[-60.895,10.790639584018855],[-60.935,10.05794124999764],[-61.77,9.949613673872888],[-61.95,10.038248017218447],[-61.66,10.308923963205768],[-61.68000000000001,10.697304943625051]]]}},{"type":"Feature","bbox":[23.88698,3.509172,35.298007,12.248008],"properties":{"featurecla":"Admin-0 country","scalerank":1,"LABELRANK":3,"SOVEREIGNT":"South Sudan","SOV_A3":"SDS","ADM0_DIF":0,"LEVEL":2,"TYPE":"Sovereign country","TLC":"1","ADMIN":"South Sudan","ADM0_A3":"SDS","GEOU_DIF":0,"GEOUNIT":"South Sudan","GU_A3":"SDS","SU_DIF":0,"SUBUNIT":"South Sudan","SU_A3":"SDS","BRK_DIFF":0,"NAME":"S. Sudan","NAME_LONG":"South Sudan","BRK_A3":"SDS","BRK_NAME":"S. Sudan","BRK_GROUP":null,"ABBREV":"S. Sud.","POSTAL":"SS","FORMAL_EN":"Republic of South Sudan","FORMAL_FR":null,"NAME_CIAWF":"South Sudan","NOTE_ADM0":null,"NOTE_BRK":null,"NAME_SORT":"South Sudan","NAME_ALT":null,"MAPCOLOR7":1,"MAPCOLOR8":3,"MAPCOLOR9":3,"MAPCOLOR13":5,"POP_EST":11062113,"POP_RANK":14,"POP_YEAR":2019,"GDP_MD":11998,"GDP_YEAR":2015,"ECONOMY":"7. Least developed region","INCOME_GRP":"5. Low income","FIPS_10":"-99","ISO_A2":"SS","ISO_A2_EH":"SS","ISO_A3":"SSD","ISO_A3_EH":"SSD","ISO_N3":"728","ISO_N3_EH":"728","UN_A3":"728","WB_A2":"SS","WB_A3":"SSD","WOE_ID":-99,"WOE_ID_EH":-99,"WOE_NOTE":"Includes states of 20069899, 20069897, 20069898, 20069901, 20069909, and 20069908 but maybe more?","ADM0_ISO":"SSD","ADM0_DIFF":"1","ADM0_TLC":"SDS","ADM0_A3_US":"SDS","ADM0_A3_FR":"SDS","ADM0_A3_RU":"SDS","ADM0_A3_ES":"SDS","ADM0_A3_CN":"SDS","ADM0_A3_TW":"SDS","ADM0_A3_IN":"SDS","ADM0_A3_NP":"SDS","ADM0_A3_PK":"SDS","ADM0_A3_DE":"SDS","ADM0_A3_GB":"SDS","ADM0_A3_BR":"SDS","ADM0_A3_IL":"SDS","ADM0_A3_PS":"SDS","ADM0_A3_SA":"SDS","ADM0_A3_EG":"SDS","ADM0_A3_MA":"SDS","ADM0_A3_PT":"SDS","ADM0_A3_AR":"SDS","ADM0_A3_JP":"SDS","ADM0_A3_KO":"SDS","ADM0_A3_VN":"SDS","ADM0_A3_TR":"SDS","ADM0_A3_ID":"SDS","ADM0_A3_PL":"SDS","ADM0_A3_GR":"SDS","ADM0_A3_IT":"SDS","ADM0_A3_NL":"SDS","ADM0_A3_SE":"SDS","ADM0_A3_BD":"SDS","ADM0_A3_UA":"SDS","ADM0_A3_UN":-99,"ADM0_A3_WB":-99,"CONTINENT":"Africa","REGION_UN":"Africa","SUBREGION":"Eastern Africa","REGION_WB":"Sub-Saharan Africa","NAME_LEN":8,"LONG_LEN":11,"ABBREV_LEN":7,"TINY":-99,"HOMEPART":1,"MIN_ZOOM":0,"MIN_LABEL":3,"MAX_LABEL":8,"LABEL_X":30.390151,"LABEL_Y":7.230477,"NE_ID":1159321235,"WIKIDATAID":"Q958","NAME_AR":"جنوب السودان","NAME_BN":"দক্ষিণ সুদান","NAME_DE":"Südsudan","NAME_EN":"South Sudan","NAME_ES":"Sudán del Sur","NAME_FA":"سودان جنوبی","NAME_FR":"Soudan du Sud","NAME_EL":"Νότιο Σουδάν","NAME_HE":"דרום סודאן","NAME_HI":"दक्षिण सूडान","NAME_HU":"Dél-Szudán","NAME_ID":"Sudan Selatan","NAME_IT":"Sudan del Sud","NAME_JA":"南スーダン","NAME_KO":"남수단","NAME_NL":"Zuid-Soedan","NAME_PL":"Sudan Południowy","NAME_PT":"Sudão do Sul","NAME_RU":"Южный Судан","NAME_SV":"Sydsudan","NAME_TR":"Güney Sudan","NAME_UK":"Південний Судан","NAME_UR":"جنوبی سوڈان","NAME_VI":"Nam Sudan","NAME_ZH":"南苏丹","NAME_ZHT":"南蘇丹","FCLASS_ISO":"Admin-0 country","TLC_DIFF":null,"FCLASS_TLC":"Admin-0 country","FCLASS_US":null,"FCLASS_FR":null,"FCLASS_RU":null,"FCLASS_ES":null,"FCLASS_CN":null,"FCLASS_TW":null,"FCLASS_IN":null,"FCLASS_NP":null,"FCLASS_PK":null,"FCLASS_DE":null,"FCLASS_GB":null,"FCLASS_BR":null,"FCLASS_IL":null,"FCLASS_PS":null,"FCLASS_SA":null,"FCLASS_EG":null,"FCLASS_MA":null,"FCLASS_PT":null,"FCLASS_AR":null,"FCLASS_JP":null,"FCLASS_KO":null,"FCLASS_VN":null,"FCLASS_TR":null,"FCLASS_ID":null,"FCLASS_PL":null,"FCLASS_GR":null,"FCLASS_IT":null,"FCLASS_NL":null,"FCLASS_SE":null,"FCLASS_BD":null,"FCLASS_UA":null},"geometry":{"type":"Polygon","coordinates":[[[30.833852,3.5069801520271455],[29.9535,4.170012695258889],[29.715995,4.595868653556028],[29.159077999999997,4.384980104263523],[28.696677999999995,4.450594571684881],[28.428994,4.283160120128726],[27.979977,4.404069816441938],[27.374226,5.226679831165784],[27.213408999999995,5.542289594932757],[26.465909,5.936069006236714],[26.213418,6.532404675681734],[25.796648,6.962119701362274],[25.124131,7.47875716007181],[25.114932,7.800890648721791],[24.567369,8.201040337930808],[23.88698,8.587397723870888],[24.194068,8.695126772634104],[24.537415,8.881751535706165],[24.794926000000004,9.762655478343662],[25.069603999999998,10.219144079171487],[25.790633,10.354275525451895],[25.962307000000003,10.083955154279483],[26.477328,9.508777692415322],[26.752006,9.424109620608009],[27.112521000000005,9.593424812283581],[27.833551,9.559568292840794],[27.97089,9.356360790567933],[28.966597000000004,9.356360790567933],[29.000932,9.559568292840794],[29.515953,9.745736650499156],[29.618957,10.03324476046494],[29.996639,10.236038299209149],[30.837841,9.661127696462534],[31.352861999999995,9.762655478343662],[31.850716,10.472468187794972],[32.400072,11.012193797261052],[32.314235,11.601387198323923],[32.073892,11.887123339075535],[32.67475,11.937516222387737],[32.743419,12.1557772981891],[33.206938,12.088638511886137],[33.086766,11.365855646724844],[33.206938,10.65810760656644],[33.721959,10.269825023381586],[33.842131,9.931800185372815],[33.824963,9.44104549437282],[33.963393,9.421536810289577],[33.97498,8.651495502522632],[33.8255,8.349450796012855],[33.2948,8.325130566837231],[32.95418,7.761126172473911],[33.56829,7.690146351936897],[34.0751,7.206870545132136],[34.25032,6.809979177606119],[34.70702,6.579710288813],[35.298007,5.4975450512412944],[34.620196,4.841351622551382],[34.005,4.245993310282802],[33.39,3.787239127261389],[32.68642,3.7895540577584006],[31.881450000000005,3.5559849184853065],[31.245560000000005,3.7791567782999005],[30.833852,3.5069801520271455]]]}}]}