{"type":"FeatureCollection","name":"ne_110m_admin_0_countries","crs":{"type":"name","properties":{"name":"urn:ogc:def:crs:OGC:1.3:CRS84"}},"bbox":[-180,-90,180,83.64513],"features":[{"type":"Feature","bbox":[-180,-18.28799,180,-16.020882],"properties":{"featurecla":"Admin-0 country","scalerank":1,"LABELRANK":6,"SOVEREIGNT":"Fiji","SOV_A3":"FJI","ADM0_DIF":0,"LEVEL":2,"TYPE":"Sovereign country","TLC":"1","ADMIN":"Fiji","ADM0_A3":"FJI","GEOU_DIF":0,"GEOUNIT":"Fiji","GU_A3":"FJI","SU_DIF":0,"SUBUNIT":"Fiji","SU_A3":"FJI","BRK_DIFF":0,"NAME":"Fiji","NAME_LONG":"Fiji","BRK_A3":"FJI","BRK_NAME":"Fiji","BRK_GROUP":null,"ABBREV":"Fiji","POSTAL":"FJ","FORMAL_EN":"Republic of Fiji","FORMAL_FR":null,"NAME_CIAWF":"Fiji","NOTE_ADM0":null,"NOTE_BRK":null,"NAME_SORT":"Fiji","NAME_ALT":null,"MAPCOLOR7":5,"MAPCOLOR8":1,"MAPCOLOR9":2,"MAPCOLOR13":2,"POP_EST":889953,"POP_RANK":11,"POP_YEAR":2019,"GDP_MD":5496,"GDP_YEAR":2019,"ECONOMY":"6. Developing region","INCOME_GRP":"4. Lower middle income","FIPS_10":"FJ","ISO_A2":"FJ","ISO_A2_EH":"FJ","ISO_A3":"FJI","ISO_A3_EH":"FJI","ISO_N3":"242","ISO_N3_EH":"242","UN_A3":"242","WB_A2":"FJ","WB_A3":"FJI","WOE_ID":23424813,"WOE_ID_EH":23424813,"WOE_NOTE":"Exact WOE match as country","ADM0_ISO":"FJI","ADM0_DIFF":null,"ADM0_TLC":"FJI","ADM0_A3_US":"FJI","ADM0_A3_FR":"FJI","ADM0_A3_RU":"FJI","ADM0_A3_ES":"FJI","ADM0_A3_CN":"FJI","ADM0_A3_TW":"FJI","ADM0_A3_IN":"FJI","ADM0_A3_NP":"FJI","ADM0_A3_PK":"FJI","ADM0_A3_DE":"FJI","ADM0_A3_GB":"FJI","ADM0_A3_BR":"FJI","ADM0_A3_IL":"FJI","ADM0_A3_PS":"FJI","ADM0_A3_SA":"FJI","ADM0_A3_EG":"FJI","ADM0_A3_MA":"FJI","ADM0_A3_PT":"FJI","ADM0_A3_AR":"FJI","ADM0_A3_JP":"FJI","ADM0_A3_KO":"FJI","ADM0_A3_VN":"FJI","ADM0_A3_TR":"FJI","ADM0_A3_ID":"FJI","ADM0_A3_PL":"FJI","ADM0_A3_GR":"FJI","ADM0_A3_IT":"FJI","ADM0_A3_NL":"FJI","ADM0_A3_SE":"FJI","ADM0_A3_BD":"FJI","ADM0_A3_UA":"FJI","ADM0_A3_UN":-99,"ADM0_A3_WB":-99,"CONTINENT":"Oceania","REGION_UN":"Oceania","SUBREGION":"Melanesia","REGION_WB":"East Asia & Pacific","NAME_LEN":4,"LONG_LEN":4,"ABBREV_LEN":4,"TINY":-99,"HOMEPART":1,"MIN_ZOOM":0,"MIN_LABEL":3,"MAX_LABEL":8,"LABEL_X":177.975427,"LABEL_Y":-17.826099,"NE_ID":1159320625,"WIKIDATAID":"Q712","NAME_AR":"فيجي","NAME_BN":"ফিজি","NAME_DE":"Fidschi","NAME_EN":"Fiji","NAME_ES":"Fiyi","NAME_FA":"فیجی","NAME_FR":"Fidji","NAME_EL":"Φίτζι","NAME_HE":"פיג'י","NAME_HI":"फ़िजी","NAME_HU":"Fidzsi-szigetek","NAME_ID":"Fiji","NAME_IT":"Figi","NAME_JA":"フィジー","NAME_KO":"피지","NAME_NL":"Fiji","NAME_PL":"Fidżi","NAME_PT":"Fiji","NAME_RU":"Фиджи","NAME_SV":"Fiji","NAME_TR":"Fiji","NAME_UK":"Фіджі","NAME_UR":"فجی","NAME_VI":"Fiji","NAME_ZH":"斐济","NAME_ZHT":"斐濟","FCLASS_ISO":"Admin-0 country","TLC_DIFF":null,"FCLASS_TLC":"Admin-0 country","FCLASS_US":null,"FCLASS_FR":null,"FCLASS_RU":null,"FCLASS_ES":null,"FCLASS_CN":null,"FCLASS_TW":null,"FCLASS_IN":null,"FCLASS_NP":null,"FCLASS_PK":null,"FCLASS_DE":null,"FCLASS_GB":null,"FCLASS_BR":null,"FCLASS_IL":null,"FCLASS_PS":null,"FCLASS_SA":null,"FCLASS_EG":null,"FCLASS_MA":null,"FCLASS_PT":null,"FCLASS_AR":null,"FCLASS_JP":null,"FCLASS_KO":null,"FCLASS_VN":null,"FCLASS_TR":null,"FCLASS_ID":null,"FCLASS_PL":null,"FCLASS_GR":null,"FCLASS_IT":null,"FCLASS_NL":null,"FCLASS_SE":null,"FCLASS_BD":null,"FCLASS_UA":null},"geometry":{"type":"MultiPolygon","coordinates":[[],[]]}},{"type":"Feature","bbox":[-17.063423,20.999752,-8.665124,27.656426],"properties":{"featurecla":"Admin-0 country","scalerank":1,"LABELRANK":7,"SOVEREIGNT":"Western Sahara","SOV_A3":"SAH","ADM0_DIF":0,"LEVEL":2,"TYPE":"Indeterminate","TLC":"1","ADMIN":"Western Sahara","ADM0_A3":"SAH","GEOU_DIF":0,"GEOUNIT":"Western Sahara","GU_A3":"SAH","SU_DIF":0,"SUBUNIT":"Western Sahara","SU_A3":"SAH","BRK_DIFF":1,"NAME":"W. Sahara","NAME_LONG":"Western Sahara","BRK_A3":"B28","BRK_NAME":"W. Sahara","BRK_GROUP":null,"ABBREV":"W. Sah.","POSTAL":"WS","FORMAL_EN":"Sahrawi Arab Democratic Republic","FORMAL_FR":null,"NAME_CIAWF":"Western Sahara","NOTE_ADM0":null,"NOTE_BRK":"Self admin.; Claimed by Morocco","NAME_SORT":"Western Sahara","NAME_ALT":null,"MAPCOLOR7":4,"MAPCOLOR8":7,"MAPCOLOR9":4,"MAPCOLOR13":4,"POP_EST":603253,"POP_RANK":11,"POP_YEAR":2017,"GDP_MD":907,"GDP_YEAR":2007,"ECONOMY":"7. Least developed region","INCOME_GRP":"5. Low income","FIPS_10":"WI","ISO_A2":"EH","ISO_A2_EH":"EH","ISO_A3":"ESH","ISO_A3_EH":"ESH","ISO_N3":"732","ISO_N3_EH":"732","UN_A3":"732","WB_A2":"-99","WB_A3":"-99","WOE_ID":23424990,"WOE_ID_EH":23424990,"WOE_NOTE":"Exact WOE match as country","ADM0_ISO":"B28","ADM0_DIFF":null,"ADM0_TLC":"B28","ADM0_A3_US":"SAH","ADM0_A3_FR":"MAR","ADM0_A3_RU":"SAH","ADM0_A3_ES":"SAH","ADM0_A3_CN":"SAH","ADM0_A3_TW":"SAH","ADM0_A3_IN":"MAR","ADM0_A3_NP":"SAH","ADM0_A3_PK":"SAH","ADM0_A3_DE":"SAH","ADM0_A3_GB":"SAH","ADM0_A3_BR":"SAH","ADM0_A3_IL":"SAH","ADM0_A3_PS":"MAR","ADM0_A3_SA":"MAR","ADM0_A3_EG":"SAH","ADM0_A3_MA":"MAR","ADM0_A3_PT":"SAH","ADM0_A3_AR":"SAH","ADM0_A3_JP":"SAH","ADM0_A3_KO":"SAH","ADM0_A3_VN":"SAH","ADM0_A3_TR":"MAR","ADM0_A3_ID":"MAR","ADM0_A3_PL":"MAR","ADM0_A3_GR":"SAH","ADM0_A3_IT":"SAH","ADM0_A3_NL":"MAR","ADM0_A3_SE":"SAH","ADM0_A3_BD":"SAH","ADM0_A3_UA":"SAH","ADM0_A3_UN":-99,"ADM0_A3_WB":-99,"CONTINENT":"Africa","REGION_UN":"Africa","SUBREGION":"Northern Africa","REGION_WB":"Middle East & North Africa","NAME_LEN":9,"LONG_LEN":14,"ABBREV_LEN":7,"TINY":-99,"HOMEPART":1,"MIN_ZOOM":4.7,"MIN_LABEL":6,"MAX_LABEL":11,"LABEL_X":-12.630304,"LABEL_Y":23.967592,"NE_ID":1159321223,"WIKIDATAID":"Q6250","NAME_AR":"الصحراء الغربية","NAME_BN":"পশ্চিম সাহারা","NAME_DE":"Westsahara","NAME_EN":"Western Sahara","NAME_ES":"Sahara Occidental","NAME_FA":"صحرای غربی","NAME_FR":"Sahara occidental","NAME_EL":"Δυτική Σαχάρα","NAME_HE":"סהרה המערבית","NAME_HI":"पश्चिमी सहारा","NAME_HU":"Nyugat-Szahara","NAME_ID":"Sahara Barat","NAME_IT":"Sahara Occidentale","NAME_JA":"西サハラ","NAME_KO":"서사하라","NAME_NL":"Westelijke Sahara","NAME_PL":"Sahara Zachodnia","NAME_PT":"Sara Ocidental","NAME_RU":"Западная Сахара","NAME_SV":"Västsahara","NAME_TR":"Batı Sahra","NAME_UK":"Західна Сахара","NAME_UR":"مغربی صحارا","NAME_VI":"Tây Sahara","NAME_ZH":"西撒哈拉","NAME_ZHT":"西撒哈拉","FCLASS_ISO":"Admin-0 dependency","TLC_DIFF":null,"FCLASS_TLC":"Admin-0 dependency","FCLASS_US":null,"FCLASS_FR":"Unrecognized","FCLASS_RU":null,"FCLASS_ES":null,"FCLASS_CN":null,"FCLASS_TW":null,"FCLASS_IN":"Unrecognized","FCLASS_NP":null,"FCLASS_PK":null,"FCLASS_DE":null,"FCLASS_GB":null,"FCLASS_BR":null,"FCLASS_IL":null,"FCLASS_PS":"Unrecognized","FCLASS_SA":"Unrecognized","FCLASS_EG":null,"FCLASS_MA":"Unrecognized","FCLASS_PT":null,"FCLASS_AR":null,"FCLASS_JP":null,"FCLASS_KO":null,"FCLASS_VN":null,"FCLASS_TR":"Unrecognized","FCLASS_ID":"Unrecognized","FCLASS_PL":"Unrecognized","FCLASS_GR":null,"FCLASS_IT":null,"FCLASS_NL":"Unrecognized","FCLASS_SE":null,"FCLASS_BD":null,"FCLASS_UA":null},"geometry":{"type":"Polygon","coordinates":[[[-12.20855,23.348601666599073],[-12.874222,23.284832],[-13.118754,22.77122],[-12.929102,21.327071],[-16.845194,21.333323],[-17.063423,20.999752],[-17.020428,21.42231],[-17.002962,21.420734],[-14.750955,21.5006],[-14.630833,21.86094],[-14.221168,22.310163],[-13.89111,23.691009],[-12.500963,24.770116],[-12.20855,25.554158011020746],[-12.20855,23.348601666599073]]]}},{"type":"Feature","bbox":[-140.99778,41.675105,-52.648099,83.23324],"properties":{"featurecla":"Admin-0 country","scalerank":1,"LABELRANK":2,"SOVEREIGNT":"Canada","SOV_A3":"CAN","ADM0_DIF":0,"LEVEL":2,"TYPE":"Sovereign country","TLC":"1","ADMIN":"Canada","ADM0_A3":"CAN","GEOU_DIF":0,"GEOUNIT":"Canada","GU_A3":"CAN","SU_DIF":0,"SUBUNIT":"Canada","SU_A3":"CAN","BRK_DIFF":0,"NAME":"Canada","NAME_LONG":"Canada","BRK_A3":"CAN","BRK_NAME":"Canada","BRK_GROUP":null,"ABBREV":"Can.","POSTAL":"CA","FORMAL_EN":"Canada","FORMAL_FR":null,"NAME_CIAWF":"Canada","NOTE_ADM0":null,"NOTE_BRK":null,"NAME_SORT":"Canada","NAME_ALT":null,"MAPCOLOR7":6,"MAPCOLOR8":6,"MAPCOLOR9":2,"MAPCOLOR13":2,"POP_EST":37589262,"POP_RANK":15,"POP_YEAR":2019,"GDP_MD":1736425,"GDP_YEAR":2019,"ECONOMY":"1. Developed region: G7","INCOME_GRP":"1. High income: OECD","FIPS_10":"CA","ISO_A2":"CA","ISO_A2_EH":"CA","ISO_A3":"CAN","ISO_A3_EH":"CAN","ISO_N3":"124","ISO_N3_EH":"124","UN_A3":"124","WB_A2":"CA","WB_A3":"CAN","WOE_ID":23424775,"WOE_ID_EH":23424775,"WOE_NOTE":"Exact WOE match as country","ADM0_ISO":"CAN","ADM0_DIFF":null,"ADM0_TLC":"CAN","ADM0_A3_US":"CAN","ADM0_A3_FR":"CAN","ADM0_A3_RU":"CAN","ADM0_A3_ES":"CAN","ADM0_A3_CN":"CAN","ADM0_A3_TW":"CAN","ADM0_A3_IN":"CAN","ADM0_A3_NP":"CAN","ADM0_A3_PK":"CAN","ADM0_A3_DE":"CAN","ADM0_A3_GB":"CAN","ADM0_A3_BR":"CAN","ADM0_A3_IL":"CAN","ADM0_A3_PS":"CAN","ADM0_A3_SA":"CAN","ADM0_A3_EG":"CAN","ADM0_A3_MA":"CAN","ADM0_A3_PT":"CAN","ADM0_A3_AR":"CAN","ADM0_A3_JP":"CAN","ADM0_A3_KO":"CAN","ADM0_A3_VN":"CAN","ADM0_A3_TR":"CAN","ADM0_A3_ID":"CAN","ADM0_A3_PL":"CAN","ADM0_A3_GR":"CAN","ADM0_A3_IT":"CAN","ADM0_A3_NL":"CAN","ADM0_A3_SE":"CAN","ADM0_A3_BD":"CAN","ADM0_A3_UA":"CAN","ADM0_A3_UN":-99,"ADM0_A3_WB":-99,"CONTINENT":"North America","REGION_UN":"Americas","SUBREGION":"Northern America","REGION_WB":"North America","NAME_LEN":6,"LONG_LEN":6,"ABBREV_LEN":4,"TINY":-99,"HOMEPART":1,"MIN_ZOOM":0,"MIN_LABEL":1.7,"MAX_LABEL":5.7,"LABEL_X":-101.9107,"LABEL_Y":60.324287,"NE_ID":1159320467,"WIKIDATAID":"Q16","NAME_AR":"كندا","NAME_BN":"কানাডা","NAME_DE":"Kanada","NAME_EN":"Canada","NAME_ES":"Canadá","NAME_FA":"کانادا","NAME_FR":"Canada","NAME_EL":"Καναδάς","NAME_HE":"קנדה","NAME_HI":"कनाडा","NAME_HU":"Kanada","NAME_ID":"Kanada","NAME_IT":"Canada","NAME_JA":"カナダ","NAME_KO":"캐나다","NAME_NL":"Canada","NAME_PL":"Kanada","NAME_PT":"Canadá","NAME_RU":"Канада","NAME_SV":"Kanada","NAME_TR":"Kanada","NAME_UK":"Канада","NAME_UR":"کینیڈا","NAME_VI":"Canada","NAME_ZH":"加拿大","NAME_ZHT":"加拿大","FCLASS_ISO":"Admin-0 country","TLC_DIFF":null,"FCLASS_TLC":"Admin-0 country","FCLASS_US":null,"FCLASS_FR":null,"FCLASS_RU":null,"FCLASS_ES":null,"FCLASS_CN":null,"FCLASS_TW":null,"FCLASS_IN":null,"FCLASS_NP":null,"FCLASS_PK":null,"FCLASS_DE":null,"FCLASS_GB":null,"FCLASS_BR":null,"FCLASS_IL":null,"FCLASS_PS":null,"FCLASS_SA":null,"FCLASS_EG":null,"FCLASS_MA":null,"FCLASS_PT":null,"FCLASS_AR":null,"FCLASS_JP":null,"FCLASS_KO":null,"FCLASS_VN":null,"FCLASS_TR":null,"FCLASS_ID":null,"FCLASS_PL":null,"FCLASS_GR":null,"FCLASS_IT":null,"FCLASS_NL":null,"FCLASS_SE":null,"FCLASS_BD":null,"FCLASS_UA":null},"geometry":{"type":"MultiPolygon","coordinates":[[[[-122.84,49],[-122.97421,49.002538],[-124.91024,49.98456],[-125.62461,50.41656],[-127.43561,50.83061],[-127.99276,51.71583],[-127.85032,52.32961],[-129.12979,52.75538],[-129.30523,53.56159],[-130.51497,54.28757],[-130.536109,54.802754],[-130.53611,54.80278],[-129.98,55.285],[-130.00778,55.91583],[-131.70781,56.55212],[-132.73042,57.69289],[-133.35556,58.41028],[-134.27111,58.86111],[-134.945,59.27056],[-135.47583,59.78778],[-136.47972,59.46389],[-137.4525,58.905],[-138.34089,59.56211],[-139.039,60],[-140.013,60.27682],[-140.99778,60.30639],[-140.9925,66.00003],[-140.986,69.712],[-140.985988,69.711998],[-139.12052,69.47102],[-137.54636,68.99002],[-136.50358,68.89804],[-135.62576,69.31512],[-134.41464,69.62743],[-132.92925,69.50534],[-131.43136,69.94451],[-129.79471,70.19369],[-129.10773,69.77927],[-128.36156,70.01286],[-128.13817,70.48384],[-127.44712,70.37721],[-125.75632,69.48058],[-124.42483,70.1584],[-124.28968,69.39969],[-123.06108,69.56372],[-122.6835,69.85553],[-121.47226,69.79778],[-119.94288,69.37786],[-117.60268,69.01128],[-116.22643,68.84151],[-115.2469,68.90591],[-113.89794,68.3989],[-115.30489,67.90261],[-113.49727,67.68815],[-110.798,67.80612],[-109.94619,67.98104],[-108.8802,67.38144],[-107.79239,67.88736],[-108.81299,68.31164],[-108.16721,68.65392],[-106.95,68.7],[-106.15,68.8],[-105.34282,68.56122],[-104.33791,68.018],[-103.22115,68.09775],[-101.45433,67.64689],[-99.90195,67.80566],[-98.4432,67.78165],[-98.5586,68.40394],[-97.66948,68.57864],[-96.11991,68.23939],[-96.12588,67.29338],[-95.48943,68.0907],[-94.685,68.06383],[-94.23282,69.06903],[-95.30408,69.68571],[-96.47131,70.08976],[-96.39115,71.19482],[-95.2088,71.92053],[-93.88997,71.76015],[-92.87818,71.31869],[-91.51964,70.19129],[-92.40692,69.69997],[-90.5471,69.49766],[-90.55151,68.47499],[-89.21515,69.25873],[-88.01966,68.61508],[-88.31749,67.87338],[-87.35017,67.19872],[-86.30607,67.92146],[-85.57664,68.78456],[-85.52197,69.88211],[-84.10081,69.80539],[-82.62258,69.65826],[-81.28043,69.16202],[-81.2202,68.66567],[-81.96436,68.13253],[-81.25928,67.59716],[-81.38653,67.11078],[-83.34456,66.41154],[-84.73542,66.2573],[-85.76943,66.55833],[-86.0676,66.05625],[-87.03143,65.21297],[-87.32324,64.77563],[-88.48296,64.09897],[-89.91444,64.03273],[-90.70398,63.61017],[-90.77004,62.96021],[-91.93342,62.83508],[-93.15698,62.02469],[-94.24153,60.89865],[-94.62931,60.11021],[-94.6846,58.94882],[-93.21502,58.78212],[-92.76462,57.84571],[-92.29703,57.08709],[-90.89769,57.28468],[-89.03953,56.85172],[-88.03978,56.47162],[-87.32421,55.99914],[-86.07121,55.72383],[-85.01181,55.3026],[-83.36055,55.24489],[-82.27285,55.14832],[-82.4362,54.28227],[-82.12502,53.27703],[-81.40075,52.15788],[-79.91289,51.20842],[-79.14301,51.53393],[-78.60191,52.56208],[-79.12421,54.14145],[-79.82958,54.66772],[-78.22874,55.13645],[-77.0956,55.83741],[-76.54137,56.53423],[-76.62319,57.20263],[-77.30226,58.05209],[-78.51688,58.80458],[-77.33676,59.85261],[-77.77272,60.75788],[-78.10687,62.31964],[-77.41067,62.55053],[-75.69621,62.2784],[-74.6682,62.18111],[-73.83988,62.4438],[-72.90853,62.10507],[-71.67708,61.52535],[-71.37369,61.13717],[-69.59042,61.06141],[-69.62033,60.22125],[-69.2879,58.95736],[-68.37455,58.80106],[-67.64976,58.21206],[-66.20178,58.76731],[-65.24517,59.87071],[-64.58352,60.33558],[-63.80475,59.4426],[-62.50236,58.16708],[-61.39655,56.96745],[-61.79866,56.33945],[-60.46853,55.77548],[-59.56962,55.20407],[-57.97508,54.94549],[-57.3332,54.6265],[-56.93689,53.78032],[-56.15811,53.64749],[-55.75632,53.27036],[-55.68338,52.14664],[-56.40916,51.7707],[-57.12691,51.41972],[-58.77482,51.0643],[-60.03309,50.24277],[-61.72366,50.08046],[-63.86251,50.29099],[-65.36331,50.2982],[-66.39905,50.22897],[-67.23631,49.51156],[-68.51114,49.06836],[-69.95362,47.74488],[-71.10458,46.82171],[-70.25522,46.98606],[-68.65,48.3],[-66.55243,49.1331],[-65.05626,49.23278],[-64.17099,48.74248],[-65.11545,48.07085],[-64.79854,46.99297],[-64.47219,46.23849],[-63.17329,45.73902],[-61.52072,45.88377],[-60.51815,47.00793],[-60.4486,46.28264],[-59.80287,45.9204],[-61.03988,45.26525],[-63.25471,44.67014],[-64.24656,44.26553],[-65.36406,43.54523],[-66.1234,43.61867],[-66.16173,44.46512],[-64.42549,45.29204],[-66.02605,45.25931],[-67.13741,45.13753],[-67.79134,45.70281],[-67.79046,47.06636],[-68.23444,47.35486],[-68.905,47.185],[-69.237216,47.447781],[-69.99997,46.69307],[-70.305,45.915],[-70.66,45.46],[-71.08482,45.30524],[-71.405,45.255],[-71.50506,45.0082],[-73.34783,45.00738],[-74.867,45.00048],[-75.31821,44.81645],[-76.375,44.09631],[-76.5,44.018459],[-76.820034,43.628784],[-77.737885,43.629056],[-78.72028,43.625089],[-79.171674,43.466339],[-79.01,43.27],[-78.92,42.965],[-78.939362,42.863611],[-80.247448,42.3662],[-81.277747,42.209026],[-82.439278,41.675105],[-82.690089,41.675105],[-83.02981,41.832796],[-83.142,41.975681],[-83.12,42.08],[-82.9,42.43],[-82.43,42.98],[-82.137642,43.571088],[-82.337763,44.44],[-82.550925,45.347517],[-83.592851,45.816894],[-83.469551,45.994686],[-83.616131,46.116927],[-83.890765,46.116927],[-84.091851,46.275419],[-84.14212,46.512226],[-84.3367,46.40877],[-84.6049,46.4396],[-84.543749,46.538684],[-84.779238,46.637102],[-84.87608,46.900083],[-85.652363,47.220219],[-86.461991,47.553338],[-87.439793,47.94],[-88.378114,48.302918],[-89.272917,48.019808],[-89.6,48.01],[-90.83,48.27],[-91.64,48.14],[-92.61,48.45],[-93.63087,48.60926],[-94.32914,48.67074],[-94.64,48.84],[-94.81758,49.38905],[-95.15609,49.38425],[-95.15907,49],[-97.22872,49.0007],[-100.65,49],[-104.04826,48.99986],[-107.05,49],[-110.05,49],[-113,49],[-116.04818,49],[-117.03121,49],[-120,49],[-122.84,49]]],[[[-83.99367,62.4528],[-83.25048,62.91409],[-81.87699,62.90458],[-81.89825,62.7108],[-83.06857,62.15922],[-83.77462,62.18231],[-83.99367,62.4528]]],[[[-79.775833,72.802902],[-80.876099,73.333183],[-80.833885,73.693184],[-80.353058,73.75972],[-78.064438,73.651932],[-76.34,73.102685],[-76.251404,72.826385],[-77.314438,72.855545],[-78.39167,72.876656],[-79.486252,72.742203],[-79.775833,72.802902]]],[[[-80.315395,62.085565],[-79.92939,62.3856],[-79.52002,62.36371],[-79.26582,62.158675],[-79.65752,61.63308],[-80.09956,61.7181],[-80.36215,62.01649],[-80.315395,62.085565]]],[[[-93.612756,74.979997],[-94.156909,74.592347],[-95.608681,74.666864],[-96.820932,74.927623],[-96.288587,75.377828],[-94.85082,75.647218],[-93.977747,75.29649],[-93.612756,74.979997]]],[[[-93.840003,77.519997],[-94.295608,77.491343],[-96.169654,77.555111],[-96.436304,77.834629],[-94.422577,77.820005],[-93.720656,77.634331],[-93.840003,77.519997]]],[[[-96.754399,78.765813],[-95.559278,78.418315],[-95.830295,78.056941],[-97.309843,77.850597],[-98.124289,78.082857],[-98.552868,78.458105],[-98.631984,78.87193],[-97.337231,78.831984],[-96.754399,78.765813]]],[[[-88.15035,74.392307],[-89.764722,74.515555],[-92.422441,74.837758],[-92.768285,75.38682],[-92.889906,75.882655],[-93.893824,76.319244],[-95.962457,76.441381],[-97.121379,76.751078],[-96.745123,77.161389],[-94.684086,77.097878],[-93.573921,76.776296],[-91.605023,76.778518],[-90.741846,76.449597],[-90.969661,76.074013],[-89.822238,75.847774],[-89.187083,75.610166],[-87.838276,75.566189],[-86.379192,75.482421],[-84.789625,75.699204],[-82.753445,75.784315],[-81.128531,75.713983],[-80.057511,75.336849],[-79.833933,74.923127],[-80.457771,74.657304],[-81.948843,74.442459],[-83.228894,74.564028],[-86.097452,74.410032],[-88.15035,74.392307]]],[[[-111.264443,78.152956],[-109.854452,77.996325],[-110.186938,77.697015],[-112.051191,77.409229],[-113.534279,77.732207],[-112.724587,78.05105],[-111.264443,78.152956]]],[[[-110.963661,78.804441],[-109.663146,78.601973],[-110.881314,78.40692],[-112.542091,78.407902],[-112.525891,78.550555],[-111.50001,78.849994],[-110.963661,78.804441]]],[[[-55.600218,51.317075],[-56.134036,50.68701],[-56.795882,49.812309],[-56.143105,50.150117],[-55.471492,49.935815],[-55.822401,49.587129],[-54.935143,49.313011],[-54.473775,49.556691],[-53.476549,49.249139],[-53.786014,48.516781],[-53.086134,48.687804],[-52.958648,48.157164],[-52.648099,47.535548],[-53.069158,46.655499],[-53.521456,46.618292],[-54.178936,46.807066],[-53.961869,47.625207],[-54.240482,47.752279],[-55.400773,46.884994],[-55.997481,46.91972],[-55.291219,47.389562],[-56.250799,47.632545],[-57.325229,47.572807],[-59.266015,47.603348],[-59.419494,47.899454],[-58.796586,48.251525],[-59.231625,48.523188],[-58.391805,49.125581],[-57.35869,50.718274],[-56.73865,51.287438],[-55.870977,51.632094],[-55.406974,51.588273],[-55.600218,51.317075]]],[[[-83.882626,65.109618],[-82.787577,64.766693],[-81.642014,64.455136],[-81.55344,63.979609],[-80.817361,64.057486],[-80.103451,63.725981],[-80.99102,63.411246],[-82.547178,63.651722],[-83.108798,64.101876],[-84.100417,63.569712],[-85.523405,63.052379],[-85.866769,63.637253],[-87.221983,63.541238],[-86.35276,64.035833],[-86.224886,64.822917],[-85.883848,65.738778],[-85.161308,65.657285],[-84.975764,65.217518],[-84.464012,65.371772],[-83.882626,65.109618]]],[[[-78.770639,72.352173],[-77.824624,72.749617],[-75.605845,72.243678],[-74.228616,71.767144],[-74.099141,71.33084],[-72.242226,71.556925],[-71.200015,70.920013],[-68.786054,70.525024],[-67.91497,70.121948],[-66.969033,69.186087],[-68.805123,68.720198],[-66.449866,68.067163],[-64.862314,67.847539],[-63.424934,66.928473],[-61.851981,66.862121],[-62.163177,66.160251],[-63.918444,64.998669],[-65.14886,65.426033],[-66.721219,66.388041],[-68.015016,66.262726],[-68.141287,65.689789],[-67.089646,65.108455],[-65.73208,64.648406],[-65.320168,64.382737],[-64.669406,63.392927],[-65.013804,62.674185],[-66.275045,62.945099],[-68.783186,63.74567],[-67.369681,62.883966],[-66.328297,62.280075],[-66.165568,61.930897],[-68.877367,62.330149],[-71.023437,62.910708],[-72.235379,63.397836],[-71.886278,63.679989],[-73.378306,64.193963],[-74.834419,64.679076],[-74.818503,64.389093],[-77.70998,64.229542],[-78.555949,64.572906],[-77.897281,65.309192],[-76.018274,65.326969],[-73.959795,65.454765],[-74.293883,65.811771],[-73.944912,66.310578],[-72.651167,67.284576],[-72.92606,67.726926],[-73.311618,68.069437],[-74.843307,68.554627],[-76.869101,68.894736],[-76.228649,69.147769],[-77.28737,69.76954],[-78.168634,69.826488],[-78.957242,70.16688],[-79.492455,69.871808],[-81.305471,69.743185],[-84.944706,69.966634],[-87.060003,70.260001],[-88.681713,70.410741],[-89.51342,70.762038],[-88.467721,71.218186],[-89.888151,71.222552],[-90.20516,72.235074],[-89.436577,73.129464],[-88.408242,73.537889],[-85.826151,73.803816],[-86.562179,73.157447],[-85.774371,72.534126],[-84.850112,73.340278],[-82.31559,73.750951],[-80.600088,72.716544],[-80.748942,72.061907],[-78.770639,72.352173]]],[[[-94.503658,74.134907],[-92.420012,74.100025],[-90.509793,73.856732],[-92.003965,72.966244],[-93.196296,72.771992],[-94.269047,72.024596],[-95.409856,72.061881],[-96.033745,72.940277],[-96.018268,73.43743],[-95.495793,73.862417],[-94.503658,74.134907]]],[[[-122.854924,76.116543],[-122.854925,76.116543],[-121.157535,76.864508],[-119.103939,77.51222],[-117.570131,77.498319],[-116.198587,77.645287],[-116.335813,76.876962],[-117.106051,76.530032],[-118.040412,76.481172],[-119.899318,76.053213],[-121.499995,75.900019],[-122.854924,76.116543]]],[[[-132.710008,54.040009],[-131.74999,54.120004],[-132.04948,52.984621],[-131.179043,52.180433],[-131.57783,52.182371],[-132.180428,52.639707],[-132.549992,53.100015],[-133.054611,53.411469],[-133.239664,53.85108],[-133.180004,54.169975],[-132.710008,54.040009]]],[[[-105.492289,79.301594],[-103.529282,79.165349],[-100.825158,78.800462],[-100.060192,78.324754],[-99.670939,77.907545],[-101.30394,78.018985],[-102.949809,78.343229],[-105.176133,78.380332],[-104.210429,78.67742],[-105.41958,78.918336],[-105.492289,79.301594]]],[[[-123.510002,48.510011],[-124.012891,48.370846],[-125.655013,48.825005],[-125.954994,49.179996],[-126.850004,49.53],[-127.029993,49.814996],[-128.059336,49.994959],[-128.444584,50.539138],[-128.358414,50.770648],[-127.308581,50.552574],[-126.695001,50.400903],[-125.755007,50.295018],[-125.415002,49.950001],[-124.920768,49.475275],[-123.922509,49.062484],[-123.510002,48.510011]]],[[[-121.53788,74.44893],[-120.10978,74.24135],[-117.55564,74.18577],[-116.58442,73.89607],[-115.51081,73.47519],[-116.76794,73.22292],[-119.22,72.52],[-120.46,71.82],[-120.46,71.383602],[-123.09219,70.90164],[-123.62,71.34],[-125.928949,71.868688],[-125.5,72.292261],[-124.80729,73.02256],[-123.94,73.68],[-124.91775,74.29275],[-121.53788,74.44893]]],[[[-107.81943,75.84552],[-106.92893,76.01282],[-105.881,75.9694],[-105.70498,75.47951],[-106.31347,75.00527],[-109.7,74.85],[-112.22307,74.41696],[-113.74381,74.39427],[-113.87135,74.72029],[-111.79421,75.1625],[-116.31221,75.04343],[-117.7104,75.2222],[-116.34602,76.19903],[-115.40487,76.47887],[-112.59056,76.14134],[-110.81422,75.54919],[-109.0671,75.47321],[-110.49726,76.42982],[-109.5811,76.79417],[-108.54859,76.67832],[-108.21141,76.20168],[-107.81943,75.84552]]],[[[-106.52259,73.07601],[-105.40246,72.67259],[-104.77484,71.6984],[-104.46476,70.99297],[-102.78537,70.49776],[-100.98078,70.02432],[-101.08929,69.58447],[-102.73116,69.50402],[-102.09329,69.11962],[-102.43024,68.75282],[-104.24,68.91],[-105.96,69.18],[-107.12254,69.11922],[-109,68.78],[-111.534149,68.630059],[-113.3132,68.53554],[-113.85496,69.00744],[-115.22,69.28],[-116.10794,69.16821],[-117.34,69.96],[-116.67473,70.06655],[-115.13112,70.2373],[-113.72141,70.19237],[-112.4161,70.36638],[-114.35,70.6],[-116.48684,70.52045],[-117.9048,70.54056],[-118.43238,70.9092],[-116.11311,71.30918],[-117.65568,71.2952],[-119.40199,71.55859],[-118.56267,72.30785],[-117.86642,72.70594],[-115.18909,73.31459],[-114.16717,73.12145],[-114.66634,72.65277],[-112.44102,72.9554],[-111.05039,72.4504],[-109.92035,72.96113],[-109.00654,72.63335],[-108.18835,71.65089],[-107.68599,72.06548],[-108.39639,73.08953],[-107.51645,73.23598],[-106.52259,73.07601]]],[[[-100.43836,72.70588],[-101.54,73.36],[-100.35642,73.84389],[-99.16387,73.63339],[-97.38,73.76],[-97.12,73.47],[-98.05359,72.99052],[-96.54,72.56],[-96.72,71.66],[-98.35966,71.27285],[-99.32286,71.35639],[-100.01482,71.73827],[-102.5,72.51],[-102.48,72.83],[-100.43836,72.70588]]],[[[-106.6,73.6],[-105.26,73.64],[-104.5,73.42],[-105.38,72.76],[-106.94,73.46],[-106.6,73.6]]],[[[-98.5,76.72],[-97.735585,76.25656],[-97.704415,75.74344],[-98.16,75],[-99.80874,74.89744],[-100.88366,75.05736],[-100.86292,75.64075],[-102.50209,75.5638],[-102.56552,76.3366],[-101.48973,76.30537],[-99.98349,76.64634],[-98.57699,76.58859],[-98.5,76.72]]],[[[-96.01644,80.60233],[-95.32345,80.90729],[-94.29843,80.97727],[-94.73542,81.20646],[-92.40984,81.25739],[-91.13289,80.72345],[-89.45,80.509322],[-87.81,80.32],[-87.02,79.66],[-85.81435,79.3369],[-87.18756,79.0393],[-89.03535,78.28723],[-90.80436,78.21533],[-92.87669,78.34333],[-93.95116,78.75099],[-93.93574,79.11373],[-93.14524,79.3801],[-94.974,79.37248],[-96.07614,79.70502],[-96.70972,80.15777],[-96.01644,80.60233]]],[[[-91.58702,81.89429],[-90.1,82.085],[-88.93227,82.11751],[-86.97024,82.27961],[-85.5,82.652273],[-84.260005,82.6],[-83.18,82.32],[-82.42,82.86],[-81.1,83.02],[-79.30664,83.13056],[-76.25,83.172059],[-75.71878,83.06404],[-72.83153,83.23324],[-70.665765,83.169781],[-68.5,83.106322],[-65.82735,83.02801],[-63.68,82.9],[-61.85,82.6286],[-61.89388,82.36165],[-64.334,81.92775],[-66.75342,81.72527],[-67.65755,81.50141],[-65.48031,81.50657],[-67.84,80.9],[-69.4697,80.61683],[-71.18,79.8],[-73.2428,79.63415],[-73.88,79.430162],[-76.90773,79.32309],[-75.52924,79.19766],[-76.22046,79.01907],[-75.39345,78.52581],[-76.34354,78.18296],[-77.88851,77.89991],[-78.36269,77.50859],[-79.75951,77.20968],[-79.61965,76.98336],[-77.91089,77.022045],[-77.88911,76.777955],[-80.56125,76.17812],[-83.17439,76.45403],[-86.11184,76.29901],[-87.6,76.42],[-89.49068,76.47239],[-89.6161,76.95213],[-87.76739,77.17833],[-88.26,77.9],[-87.65,77.970222],[-84.97634,77.53873],[-86.34,78.18],[-87.96192,78.37181],[-87.15198,78.75867],[-85.37868,78.9969],[-85.09495,79.34543],[-86.50734,79.73624],[-86.93179,80.25145],[-84.19844,80.20836],[-83.408696,80.1],[-81.84823,80.46442],[-84.1,80.58],[-87.59895,80.51627],[-89.36663,80.85569],[-90.2,81.26],[-91.36786,81.5531],[-91.58702,81.89429]]],[[[-75.21597,67.44425],[-75.86588,67.14886],[-76.98687,67.09873],[-77.2364,67.58809],[-76.81166,68.14856],[-75.89521,68.28721],[-75.1145,68.01036],[-75.10333,67.58202],[-75.21597,67.44425]]],[[[-96.257401,69.49003],[-95.647681,69.10769],[-96.269521,68.75704],[-97.617401,69.06003],[-98.431801,68.9507],[-99.797401,69.40003],[-98.917401,69.71003],[-98.218261,70.14354],[-97.157401,69.86003],[-96.557401,69.68003],[-96.257401,69.49003]]],[[[-64.51912,49.87304],[-64.17322,49.95718],[-62.85829,49.70641],[-61.835585,49.28855],[-61.806305,49.10506],[-62.29318,49.08717],[-63.58926,49.40069],[-64.51912,49.87304]]],[[[-64.01486,47.03601],[-63.6645,46.55001],[-62.9393,46.41587],[-62.01208,46.44314],[-62.50391,46.03339],[-62.87433,45.96818],[-64.1428,46.39265],[-64.39261,46.72747],[-64.01486,47.03601]]]]}},{"type":"Feature","bbox":[-171.791111,18.91619,-66.96466,71.357764],"properties":{"featurecla":"Admin-0 country","scalerank":1,"LABELRANK":2,"SOVEREIGNT":"United States of America","SOV_A3":"US1","ADM0_DIF":1,"LEVEL":2,"TYPE":"Country","TLC":"1","ADMIN":"United States of America","ADM0_A3":"USA","GEOU_DIF":0,"GEOUNIT":"United States of America","GU_A3":"USA","SU_DIF":0,"SUBUNIT":"United States","SU_A3":"USA","BRK_DIFF":0,"NAME":"United States of America","NAME_LONG":"United States","BRK_A3":"USA","BRK_NAME":"United States","BRK_GROUP":null,"ABBREV":"U.S.A.","POSTAL":"US","FORMAL_EN":"United States of America","FORMAL_FR":null,"NAME_CIAWF":"United States","NOTE_ADM0":null,"NOTE_BRK":null,"NAME_SORT":"United States of America","NAME_ALT":null,"MAPCOLOR7":4,"MAPCOLOR8":5,"MAPCOLOR9":1,"MAPCOLOR13":1,"POP_EST":328239523,"POP_RANK":17,"POP_YEAR":2019,"GDP_MD":21433226,"GDP_YEAR":2019,"ECONOMY":"1. Developed region: G7","INCOME_GRP":"1. High income: OECD","FIPS_10":"US","ISO_A2":"US","ISO_A2_EH":"US","ISO_A3":"USA","ISO_A3_EH":"USA","ISO_N3":"840","ISO_N3_EH":"840","UN_A3":"840","WB_A2":"US","WB_A3":"USA","WOE_ID":23424977,"WOE_ID_EH":23424977,"WOE_NOTE":"Exact WOE match as country","ADM0_ISO":"USA","ADM0_DIFF":null,"ADM0_TLC":"USA","ADM0_A3_US":"USA","ADM0_A3_FR":"USA","ADM0_A3_RU":"USA","ADM0_A3_ES":"USA","ADM0_A3_CN":"USA","ADM0_A3_TW":"USA","ADM0_A3_IN":"USA","ADM0_A3_NP":"USA","ADM0_A3_PK":"USA","ADM0_A3_DE":"USA","ADM0_A3_GB":"USA","ADM0_A3_BR":"USA","ADM0_A3_IL":"USA","ADM0_A3_PS":"USA","ADM0_A3_SA":"USA","ADM0_A3_EG":"USA","ADM0_A3_MA":"USA","ADM0_A3_PT":"USA","ADM0_A3_AR":"USA","ADM0_A3_JP":"USA","ADM0_A3_KO":"USA","ADM0_A3_VN":"USA","ADM0_A3_TR":"USA","ADM0_A3_ID":"USA","ADM0_A3_PL":"USA","ADM0_A3_GR":"USA","ADM0_A3_IT":"USA","ADM0_A3_NL":"USA","ADM0_A3_SE":"USA","ADM0_A3_BD":"USA","ADM0_A3_UA":"USA","ADM0_A3_UN":-99,"ADM0_A3_WB":-99,"CONTINENT":"North America","REGION_UN":"Americas","SUBREGION":"Northern America","REGION_WB":"North America","NAME_LEN":24,"LONG_LEN":13,"ABBREV_LEN":6,"TINY":-99,"HOMEPART":1,"MIN_ZOOM":0,"MIN_LABEL":1.7,"MAX_LABEL":5.7,"LABEL_X":-97.482602,"LABEL_Y":39.538479,"NE_ID":1159321369,"WIKIDATAID":"Q30","NAME_AR":"الولايات المتحدة","NAME_BN":"মার্কিন যুক্তরাষ্ট্র","NAME_DE":"Vereinigte Staaten","NAME_EN":"United States of America","NAME_ES":"Estados Unidos","NAME_FA":"ایالات متحده آمریکا","NAME_FR":"États-Unis","NAME_EL":"Ηνωμένες Πολιτείες Αμερικής","NAME_HE":"ארצות הברית","NAME_HI":"संयुक्त राज्य अमेरिका","NAME_HU":"Amerikai Egyesült Államok","NAME_ID":"Amerika Serikat","NAME_IT":"Stati Uniti d'America","NAME_JA":"アメリカ合衆国","NAME_KO":"미국","NAME_NL":"Verenigde Staten van Amerika","NAME_PL":"Stany Zjednoczone","NAME_PT":"Estados Unidos","NAME_RU":"США","NAME_SV":"USA","NAME_TR":"Amerika Birleşik Devletleri","NAME_UK":"Сполучені Штати Америки","NAME_UR":"ریاستہائے متحدہ امریکا","NAME_VI":"Hoa Kỳ","NAME_ZH":"美国","NAME_ZHT":"美國","FCLASS_ISO":"Admin-0 country","TLC_DIFF":null,"FCLASS_TLC":"Admin-0 country","FCLASS_US":null,"FCLASS_FR":null,"FCLASS_RU":null,"FCLASS_ES":null,"FCLASS_CN":null,"FCLASS_TW":null,"FCLASS_IN":null,"FCLASS_NP":null,"FCLASS_PK":null,"FCLASS_DE":null,"FCLASS_GB":null,"FCLASS_BR":null,"FCLASS_IL":null,"FCLASS_PS":null,"FCLASS_SA":null,"FCLASS_EG":null,"FCLASS_MA":null,"FCLASS_PT":null,"FCLASS_AR":null,"FCLASS_JP":null,"FCLASS_KO":null,"FCLASS_VN":null,"FCLASS_TR":null,"FCLASS_ID":null,"FCLASS_PL":null,"FCLASS_GR":null,"FCLASS_IT":null,"FCLASS_NL":null,"FCLASS_SE":null,"FCLASS_BD":null,"FCLASS_UA":null},"geometry":{"type":"MultiPolygon","coordinates":[[[[-122.84,49],[-120,49],[-117.03121,49],[-116.04818,49],[-113,49],[-110.05,49],[-107.05,49],[-104.04826,48.99986],[-100.65,49],[-97.22872,49.0007],[-95.15907,49],[-95.15609,49.38425],[-94.81758,49.38905],[-94.64,48.84],[-94.32914,48.67074],[-93.63087,48.60926],[-92.61,48.45],[-91.64,48.14],[-90.83,48.27],[-89.6,48.01],[-89.272917,48.019808],[-88.378114,48.302918],[-87.439793,47.94],[-86.461991,47.553338],[-85.652363,47.220219],[-84.87608,46.900083],[-84.779238,46.637102],[-84.543749,46.538684],[-84.6049,46.4396],[-84.3367,46.40877],[-84.14212,46.512226],[-84.091851,46.275419],[-83.890765,46.116927],[-83.616131,46.116927],[-83.469551,45.994686],[-83.592851,45.816894],[-82.550925,45.347517],[-82.337763,44.44],[-82.137642,43.571088],[-82.43,42.98],[-82.9,42.43],[-83.12,42.08],[-83.142,41.975681],[-83.02981,41.832796],[-82.690089,41.675105],[-82.439278,41.675105],[-81.277747,42.209026],[-80.247448,42.3662],[-78.939362,42.863611],[-78.92,42.965],[-79.01,43.27],[-79.171674,43.466339],[-78.72028,43.625089],[-77.737885,43.629056],[-76.820034,43.628784],[-76.5,44.018459],[-76.375,44.09631],[-75.31821,44.81645],[-74.867,45.00048],[-73.34783,45.00738],[-71.50506,45.0082],[-71.405,45.255],[-71.08482,45.30524],[-70.66,45.46],[-70.305,45.915],[-69.99997,46.69307],[-69.237216,47.447781],[-68.905,47.185],[-68.23444,47.35486],[-67.79046,47.06636],[-67.79134,45.70281],[-67.13741,45.13753],[-66.96466,44.8097],[-68.03252,44.3252],[-69.06,43.98],[-70.11617,43.68405],[-70.645476,43.090238],[-70.81489,42.8653],[-70.825,42.335],[-70.495,41.805],[-70.08,41.78],[-70.185,42.145],[-69.88497,41.92283],[-69.96503,41.63717],[-70.64,41.475],[-71.12039,41.49445],[-71.86,41.32],[-72.295,41.27],[-72.87643,41.22065],[-73.71,40.931102],[-72.24126,41.11948],[-71.945,40.93],[-73.345,40.63],[-73.982,40.628],[-73.952325,40.75075],[-74.25671,40.47351],[-73.96244,40.42763],[-74.17838,39.70926],[-74.90604,38.93954],[-74.98041,39.1964],[-75.20002,39.24845],[-75.52805,39.4985],[-75.32,38.96],[-75.071835,38.782032],[-75.05673,38.40412],[-75.37747,38.01551],[-75.94023,37.21689],[-76.03127,37.2566],[-75.72205,37.93705],[-76.23287,38.319215],[-76.35,39.15],[-76.542725,38.717615],[-76.32933,38.08326],[-76.989998,38.239992],[-76.30162,37.917945],[-76.25874,36.9664],[-75.9718,36.89726],[-75.86804,36.55125],[-75.72749,35.55074],[-76.36318,34.80854],[-77.397635,34.51201],[-78.05496,33.92547],[-78.55435,33.86133],[-79.06067,33.49395],[-79.20357,33.15839],[-80.301325,32.509355],[-80.86498,32.0333],[-81.33629,31.44049],[-81.49042,30.72999],[-81.31371,30.03552],[-80.98,29.18],[-80.535585,28.47213],[-80.53,28.04],[-80.056539,26.88],[-80.088015,26.205765],[-80.13156,25.816775],[-80.38103,25.20616],[-80.68,25.08],[-81.17213,25.20126],[-81.33,25.64],[-81.71,25.87],[-82.24,26.73],[-82.70515,27.49504],[-82.85526,27.88624],[-82.65,28.55],[-82.93,29.1],[-83.70959,29.93656],[-84.1,30.09],[-85.10882,29.63615],[-85.28784,29.68612],[-85.7731,30.15261],[-86.4,30.4],[-87.53036,30.27433],[-88.41782,30.3849],[-89.18049,30.31598],[-89.593831,30.159994],[-89.413735,29.89419],[-89.43,29.48864],[-89.21767,29.29108],[-89.40823,29.15961],[-89.77928,29.30714],[-90.15463,29.11743],[-90.880225,29.148535],[-91.626785,29.677],[-92.49906,29.5523],[-93.22637,29.78375],[-93.84842,29.71363],[-94.69,29.48],[-95.60026,28.73863],[-96.59404,28.30748],[-97.14,27.83],[-97.37,27.38],[-97.38,26.69],[-97.33,26.21],[-97.14,25.87],[-97.53,25.84],[-98.24,26.06],[-99.02,26.37],[-99.3,26.84],[-99.52,27.54],[-100.11,28.11],[-100.45584,28.69612],[-100.9576,29.38071],[-101.6624,29.7793],[-102.48,29.76],[-103.11,28.97],[-103.94,29.27],[-104.45697,29.57196],[-104.70575,30.12173],[-105.03737,30.64402],[-105.63159,31.08383],[-106.1429,31.39995],[-106.50759,31.75452],[-108.24,31.754854],[-108.24194,31.34222],[-109.035,31.34194],[-111.02361,31.33472],[-113.30498,32.03914],[-114.815,32.52528],[-114.72139,32.72083],[-115.99135,32.61239],[-117.12776,32.53534],[-117.295938,33.046225],[-117.944,33.621236],[-118.410602,33.740909],[-118.519895,34.027782],[-119.081,34.078],[-119.438841,34.348477],[-120.36778,34.44711],[-120.62286,34.60855],[-120.74433,35.15686],[-121.71457,36.16153],[-122.54747,37.55176],[-122.51201,37.78339],[-122.95319,38.11371],[-123.7272,38.95166],[-123.86517,39.76699],[-124.39807,40.3132],[-124.17886,41.14202],[-124.2137,41.99964],[-124.53284,42.76599],[-124.14214,43.70838],[-124.020535,44.615895],[-123.89893,45.52341],[-124.079635,46.86475],[-124.39567,47.72017],[-124.68721,48.184433],[-124.566101,48.379715],[-123.12,48.04],[-122.58736,47.096],[-122.34,47.36],[-122.5,48.18],[-122.84,49]]],[[[-155.40214,20.07975],[-155.22452,19.99302],[-155.06226,19.8591],[-154.80741,19.50871],[-154.83147,19.45328],[-155.22217,19.23972],[-155.54211,19.08348],[-155.68817,18.91619],[-155.93665,19.05939],[-155.90806,19.33888],[-156.07347,19.70294],[-156.02368,19.81422],[-155.85008,19.97729],[-155.91907,20.17395],[-155.86108,20.26721],[-155.78505,20.2487],[-155.40214,20.07975]]],[[[-155.99566,20.76404],[-156.07926,20.64397],[-156.41445,20.57241],[-156.58673,20.783],[-156.70167,20.8643],[-156.71055,20.92676],[-156.61258,21.01249],[-156.25711,20.91745],[-155.99566,20.76404]]],[[[-156.75824,21.17684],[-156.78933,21.06873],[-157.32521,21.09777],[-157.25027,21.21958],[-156.75824,21.17684]]],[[[-158.0252,21.71696],[-157.94161,21.65272],[-157.65283,21.32217],[-157.70703,21.26442],[-157.7786,21.27729],[-158.12667,21.31244],[-158.2538,21.53919],[-158.29265,21.57912],[-158.0252,21.71696]]],[[[-159.36569,22.21494],[-159.34512,21.982],[-159.46372,21.88299],[-159.80051,22.06533],[-159.74877,22.1382],[-159.5962,22.23618],[-159.36569,22.21494]]],[[[-166.467792,60.38417],[-165.67443,60.293607],[-165.579164,59.909987],[-166.19277,59.754441],[-166.848337,59.941406],[-167.455277,60.213069],[-166.467792,60.38417]]],[[[-153.228729,57.968968],[-152.564791,57.901427],[-152.141147,57.591059],[-153.006314,57.115842],[-154.00509,56.734677],[-154.516403,56.992749],[-154.670993,57.461196],[-153.76278,57.816575],[-153.228729,57.968968]]],[[[-140.985988,69.711998],[-140.986,69.712],[-140.9925,66.00003],[-140.99778,60.30639],[-140.013,60.27682],[-139.039,60],[-138.34089,59.56211],[-137.4525,58.905],[-136.47972,59.46389],[-135.47583,59.78778],[-134.945,59.27056],[-134.27111,58.86111],[-133.35556,58.41028],[-132.73042,57.69289],[-131.70781,56.55212],[-130.00778,55.91583],[-129.98,55.285],[-130.53611,54.80278],[-130.536109,54.802754],[-130.53611,54.802753],[-131.085818,55.178906],[-131.967211,55.497776],[-132.250011,56.369996],[-133.539181,57.178887],[-134.078063,58.123068],[-135.038211,58.187715],[-136.628062,58.212209],[-137.800006,58.499995],[-139.867787,59.537762],[-140.825274,59.727517],[-142.574444,60.084447],[-143.958881,59.99918],[-145.925557,60.45861],[-147.114374,60.884656],[-148.224306,60.672989],[-148.018066,59.978329],[-148.570823,59.914173],[-149.727858,59.705658],[-150.608243,59.368211],[-151.716393,59.155821],[-151.859433,59.744984],[-151.409719,60.725803],[-150.346941,61.033588],[-150.621111,61.284425],[-151.895839,60.727198],[-152.57833,60.061657],[-154.019172,59.350279],[-153.287511,58.864728],[-154.232492,58.146374],[-155.307491,57.727795],[-156.308335,57.422774],[-156.556097,56.979985],[-158.117217,56.463608],[-158.433321,55.994154],[-159.603327,55.566686],[-160.28972,55.643581],[-161.223048,55.364735],[-162.237766,55.024187],[-163.069447,54.689737],[-164.785569,54.404173],[-164.942226,54.572225],[-163.84834,55.039431],[-162.870001,55.348043],[-161.804175,55.894986],[-160.563605,56.008055],[-160.07056,56.418055],[-158.684443,57.016675],[-158.461097,57.216921],[-157.72277,57.570001],[-157.550274,58.328326],[-157.041675,58.918885],[-158.194731,58.615802],[-158.517218,58.787781],[-159.058606,58.424186],[-159.711667,58.93139],[-159.981289,58.572549],[-160.355271,59.071123],[-161.355003,58.670838],[-161.968894,58.671665],[-162.054987,59.266925],[-161.874171,59.633621],[-162.518059,59.989724],[-163.818341,59.798056],[-164.662218,60.267484],[-165.346388,60.507496],[-165.350832,61.073895],[-166.121379,61.500019],[-165.734452,62.074997],[-164.919179,62.633076],[-164.562508,63.146378],[-163.753332,63.219449],[-163.067224,63.059459],[-162.260555,63.541936],[-161.53445,63.455817],[-160.772507,63.766108],[-160.958335,64.222799],[-161.518068,64.402788],[-160.777778,64.788604],[-161.391926,64.777235],[-162.45305,64.559445],[-162.757786,64.338605],[-163.546394,64.55916],[-164.96083,64.446945],[-166.425288,64.686672],[-166.845004,65.088896],[-168.11056,65.669997],[-166.705271,66.088318],[-164.47471,66.57666],[-163.652512,66.57666],[-163.788602,66.077207],[-161.677774,66.11612],[-162.489715,66.735565],[-163.719717,67.116395],[-164.430991,67.616338],[-165.390287,68.042772],[-166.764441,68.358877],[-166.204707,68.883031],[-164.430811,68.915535],[-163.168614,69.371115],[-162.930566,69.858062],[-161.908897,70.33333],[-160.934797,70.44769],[-159.039176,70.891642],[-158.119723,70.824721],[-156.580825,71.357764],[-155.06779,71.147776],[-154.344165,70.696409],[-153.900006,70.889989],[-152.210006,70.829992],[-152.270002,70.600006],[-150.739992,70.430017],[-149.720003,70.53001],[-147.613362,70.214035],[-145.68999,70.12001],[-144.920011,69.989992],[-143.589446,70.152514],[-142.07251,69.851938],[-140.985988,69.711998],[-140.985988,69.711998]]],[[[-171.731657,63.782515],[-171.114434,63.592191],[-170.491112,63.694975],[-169.682505,63.431116],[-168.689439,63.297506],[-168.771941,63.188598],[-169.52944,62.976931],[-170.290556,63.194438],[-170.671386,63.375822],[-171.553063,63.317789],[-171.791111,63.405846],[-171.731657,63.782515]]]]}},{"type":"Feature","bbox":[141.00021,-10.652476,156.019965,-2.500002],"properties":{"featurecla":"Admin-0 country","scalerank":1,"LABELRANK":2,"SOVEREIGNT":"Papua New Guinea","SOV_A3":"PNG","ADM0_DIF":0,"LEVEL":2,"TYPE":"Sovereign country","TLC":"1","ADMIN":"Papua New Guinea","ADM0_A3":"PNG","GEOU_DIF":0,"GEOUNIT":"Papua New Guinea","GU_A3":"PNG","SU_DIF":1,"SUBUNIT":"Papua New Guinea","SU_A3":"PN1","BRK_DIFF":0,"NAME":"Papua New Guinea","NAME_LONG":"Papua New Guinea","BRK_A3":"PN1","BRK_NAME":"Papua New Guinea","BRK_GROUP":null,"ABBREV":"P.N.G.","POSTAL":"PG","FORMAL_EN":"Independent State of Papua New Guinea","FORMAL_FR":null,"NAME_CIAWF":"Papua New Guinea","NOTE_ADM0":null,"NOTE_BRK":null,"NAME_SORT":"Papua New Guinea","NAME_ALT":null,"MAPCOLOR7":4,"MAPCOLOR8":2,"MAPCOLOR9":3,"MAPCOLOR13":1,"POP_EST":8776109,"POP_RANK":13,"POP_YEAR":2019,"GDP_MD":24829,"GDP_YEAR":2019,"ECONOMY":"6. Developing region","INCOME_GRP":"4. Lower middle income","FIPS_10":"PP","ISO_A2":"PG","ISO_A2_EH":"PG","ISO_A3":"PNG","ISO_A3_EH":"PNG","ISO_N3":"598","ISO_N3_EH":"598","UN_A3":"598","WB_A2":"PG","WB_A3":"PNG","WOE_ID":23424926,"WOE_ID_EH":23424926,"WOE_NOTE":"Exact WOE match as country","ADM0_ISO":"PN1","ADM0_DIFF":null,"ADM0_TLC":"PN1","ADM0_A3_US":"PNG","ADM0_A3_FR":"PNG","ADM0_A3_RU":"PNG","ADM0_A3_ES":"PNG","ADM0_A3_CN":"PNG","ADM0_A3_TW":"PNG","ADM0_A3_IN":"PNG","ADM0_A3_NP":"PNG","ADM0_A3_PK":"PNG","ADM0_A3_DE":"PNG","ADM0_A3_GB":"PNG","ADM0_A3_BR":"PNG","ADM0_A3_IL":"PNG","ADM0_A3_PS":"PNG","ADM0_A3_SA":"PNG","ADM0_A3_EG":"PNG","ADM0_A3_MA":"PNG","ADM0_A3_PT":"PNG","ADM0_A3_AR":"PNG","ADM0_A3_JP":"PNG","ADM0_A3_KO":"PNG","ADM0_A3_VN":"PNG","ADM0_A3_TR":"PNG","ADM0_A3_ID":"PNG","ADM0_A3_PL":"PNG","ADM0_A3_GR":"PNG","ADM0_A3_IT":"PNG","ADM0_A3_NL":"PNG","ADM0_A3_SE":"PNG","ADM0_A3_BD":"PNG","ADM0_A3_UA":"PNG","ADM0_A3_UN":-99,"ADM0_A3_WB":-99,"CONTINENT":"Oceania","REGION_UN":"Oceania","SUBREGION":"Melanesia","REGION_WB":"East Asia & Pacific","NAME_LEN":16,"LONG_LEN":16,"ABBREV_LEN":6,"TINY":-99,"HOMEPART":1,"MIN_ZOOM":0,"MIN_LABEL":2.5,"MAX_LABEL":7.5,"LABEL_X":143.910216,"LABEL_Y":-5.695285,"NE_ID":1159321173,"WIKIDATAID":"Q691","NAME_AR":"بابوا غينيا الجديدة","NAME_BN":"পাপুয়া নিউগিনি","NAME_DE":"Papua-Neuguinea","NAME_EN":"Papua New Guinea","NAME_ES":"Papúa Nueva Guinea","NAME_FA":"پاپوآ گینه نو","NAME_FR":"Papouasie-Nouvelle-Guinée","NAME_EL":"Παπούα Νέα Γουινέα","NAME_HE":"פפואה גינאה החדשה","NAME_HI":"पापुआ न्यू गिनी","NAME_HU":"Pápua Új-Guinea","NAME_ID":"Papua Nugini","NAME_IT":"Papua Nuova Guinea","NAME_JA":"パプアニューギニア","NAME_KO":"파푸아뉴기니","NAME_NL":"Papoea-Nieuw-Guinea","NAME_PL":"Papua-Nowa Gwinea","NAME_PT":"Papua-Nova Guiné","NAME_RU":"Папуа — Новая Гвинея","NAME_SV":"Papua Nya Guinea","NAME_TR":"Papua Yeni Gine","NAME_UK":"Папуа Нова Гвінея","NAME_UR":"پاپوا نیو گنی","NAME_VI":"Papua New Guinea","NAME_ZH":"巴布亚新几内亚","NAME_ZHT":"巴布亞紐幾內亞","FCLASS_ISO":"Admin-0 country","TLC_DIFF":null,"FCLASS_TLC":"Admin-0 country","FCLASS_US":null,"FCLASS_FR":null,"FCLASS_RU":null,"FCLASS_ES":null,"FCLASS_CN":null,"FCLASS_TW":null,"FCLASS_IN":null,"FCLASS_NP":null,"FCLASS_PK":null,"FCLASS_DE":null,"FCLASS_GB":null,"FCLASS_BR":null,"FCLASS_IL":null,"FCLASS_PS":null,"FCLASS_SA":null,"FCLASS_EG":null,"FCLASS_MA":null,"FCLASS_PT":null,"FCLASS_AR":null,"FCLASS_JP":null,"FCLASS_KO":null,"FCLASS_VN":null,"FCLASS_TR":null,"FCLASS_ID":null,"FCLASS_PL":null,"FCLASS_GR":null,"FCLASS_IT":null,"FCLASS_NL":null,"FCLASS_SE":null,"FCLASS_BD":null,"FCLASS_UA":null},"geometry":{"type":"MultiPolygon","coordinates":[[],[],[],[]]}},{"type":"Feature","bbox":[95.293026,-10.359987,141.033852,5.479821],"properties":{"featurecla":"Admin-0 country","scalerank":1,"LABELRANK":2,"SOVEREIGNT":"Indonesia","SOV_A3":"IDN","ADM0_DIF":0,"LEVEL":2,"TYPE":"Sovereign country","TLC":"1","ADMIN":"Indonesia","ADM0_A3":"IDN","GEOU_DIF":0,"GEOUNIT":"Indonesia","GU_A3":"IDN","SU_DIF":0,"SUBUNIT":"Indonesia","SU_A3":"IDN","BRK_DIFF":0,"NAME":"Indonesia","NAME_LONG":"Indonesia","BRK_A3":"IDN","BRK_NAME":"Indonesia","BRK_GROUP":null,"ABBREV":"Indo.","POSTAL":"INDO","FORMAL_EN":"Republic of Indonesia","FORMAL_FR":null,"NAME_CIAWF":"Indonesia","NOTE_ADM0":null,"NOTE_BRK":null,"NAME_SORT":"Indonesia","NAME_ALT":null,"MAPCOLOR7":6,"MAPCOLOR8":6,"MAPCOLOR9":6,"MAPCOLOR13":11,"POP_EST":270625568,"POP_RANK":17,"POP_YEAR":2019,"GDP_MD":1119190,"GDP_YEAR":2019,"ECONOMY":"4. Emerging region: MIKT","INCOME_GRP":"4. Lower middle income","FIPS_10":"ID","ISO_A2":"ID","ISO_A2_EH":"ID","ISO_A3":"IDN","ISO_A3_EH":"IDN","ISO_N3":"360","ISO_N3_EH":"360","UN_A3":"360","WB_A2":"ID","WB_A3":"IDN","WOE_ID":23424846,"WOE_ID_EH":23424846,"WOE_NOTE":"Exact WOE match as country","ADM0_ISO":"IDN","ADM0_DIFF":null,"ADM0_TLC":"IDN","ADM0_A3_US":"IDN","ADM0_A3_FR":"IDN","ADM0_A3_RU":"IDN","ADM0_A3_ES":"IDN","ADM0_A3_CN":"IDN","ADM0_A3_TW":"IDN","ADM0_A3_IN":"IDN","ADM0_A3_NP":"IDN","ADM0_A3_PK":"IDN","ADM0_A3_DE":"IDN","ADM0_A3_GB":"IDN","ADM0_A3_BR":"IDN","ADM0_A3_IL":"IDN","ADM0_A3_PS":"IDN","ADM0_A3_SA":"IDN","ADM0_A3_EG":"IDN","ADM0_A3_MA":"IDN","ADM0_A3_PT":"IDN","ADM0_A3_AR":"IDN","ADM0_A3_JP":"IDN","ADM0_A3_KO":"IDN","ADM0_A3_VN":"IDN","ADM0_A3_TR":"IDN","ADM0_A3_ID":"IDN","ADM0_A3_PL":"IDN","ADM0_A3_GR":"IDN","ADM0_A3_IT":"IDN","ADM0_A3_NL":"IDN","ADM0_A3_SE":"IDN","ADM0_A3_BD":"IDN","ADM0_A3_UA":"IDN","ADM0_A3_UN":-99,"ADM0_A3_WB":-99,"CONTINENT":"Asia","REGION_UN":"Asia","SUBREGION":"South-Eastern Asia","REGION_WB":"East Asia & Pacific","NAME_LEN":9,"LONG_LEN":9,"ABBREV_LEN":5,"TINY":-99,"HOMEPART":1,"MIN_ZOOM":0,"MIN_LABEL":1.7,"MAX_LABEL":6.7,"LABEL_X":101.892949,"LABEL_Y":-0.954404,"NE_ID":1159320845,"WIKIDATAID":"Q252","NAME_AR":"إندونيسيا","NAME_BN":"ইন্দোনেশিয়া","NAME_DE":"Indonesien","NAME_EN":"Indonesia","NAME_ES":"Indonesia","NAME_FA":"اندونزی","NAME_FR":"Indonésie","NAME_EL":"Ινδονησία","NAME_HE":"אינדונזיה","NAME_HI":"इंडोनेशिया","NAME_HU":"Indonézia","NAME_ID":"Indonesia","NAME_IT":"Indonesia","NAME_JA":"インドネシア","NAME_KO":"인도네시아","NAME_NL":"Indonesië","NAME_PL":"Indonezja","NAME_PT":"Indonésia","NAME_RU":"Индонезия","NAME_SV":"Indonesien","NAME_TR":"Endonezya","NAME_UK":"Індонезія","NAME_UR":"انڈونیشیا","NAME_VI":"Indonesia","NAME_ZH":"印度尼西亚","NAME_ZHT":"印度尼西亞","FCLASS_ISO":"Admin-0 country","TLC_DIFF":null,"FCLASS_TLC":"Admin-0 country","FCLASS_US":null,"FCLASS_FR":null,"FCLASS_RU":null,"FCLASS_ES":null,"FCLASS_CN":null,"FCLASS_TW":null,"FCLASS_IN":null,"FCLASS_NP":null,"FCLASS_PK":null,"FCLASS_DE":null,"FCLASS_GB":null,"FCLASS_BR":null,"FCLASS_IL":null,"FCLASS_PS":null,"FCLASS_SA":null,"FCLASS_EG":null,"FCLASS_MA":null,"FCLASS_PT":null,"FCLASS_AR":null,"FCLASS_JP":null,"FCLASS_KO":null,"FCLASS_VN":null,"FCLASS_TR":null,"FCLASS_ID":null,"FCLASS_PL":null,"FCLASS_GR":null,"FCLASS_IT":null,"FCLASS_NL":null,"FCLASS_SE":null,"FCLASS_BD":null,"FCLASS_UA":null},"geometry":{"type":"MultiPolygon","coordinates":[[],[],[],[],[],[],[],[],[],[],[],[],[]]}},{"type":"Feature","bbox":[-73.415436,-55.25,-53.628349,-21.83231],"properties":{"featurecla":"Admin-0 country","scalerank":1,"LABELRANK":2,"SOVEREIGNT":"Argentina","SOV_A3":"ARG","ADM0_DIF":0,"LEVEL":2,"TYPE":"Sovereign country","TLC":"1","ADMIN":"Argentina","ADM0_A3":"ARG","GEOU_DIF":0,"GEOUNIT":"Argentina","GU_A3":"ARG","SU_DIF":0,"SUBUNIT":"Argentina","SU_A3":"ARG","BRK_DIFF":0,"NAME":"Argentina","NAME_LONG":"Argentina","BRK_A3":"ARG","BRK_NAME":"Argentina","BRK_GROUP":null,"ABBREV":"Arg.","POSTAL":"AR","FORMAL_EN":"Argentine Republic","FORMAL_FR":null,"NAME_CIAWF":"Argentina","NOTE_ADM0":null,"NOTE_BRK":null,"NAME_SORT":"Argentina","NAME_ALT":null,"MAPCOLOR7":3,"MAPCOLOR8":1,"MAPCOLOR9":3,"MAPCOLOR13":13,"POP_EST":44938712,"POP_RANK":15,"POP_YEAR":2019,"GDP_MD":445445,"GDP_YEAR":2019,"ECONOMY":"5. Emerging region: G20","INCOME_GRP":"3. Upper middle income","FIPS_10":"AR","ISO_A2":"AR","ISO_A2_EH":"AR","ISO_A3":"ARG","ISO_A3_EH":"ARG","ISO_N3":"032","ISO_N3_EH":"032","UN_A3":"032","WB_A2":"AR","WB_A3":"ARG","WOE_ID":23424747,"WOE_ID_EH":23424747,"WOE_NOTE":"Exact WOE match as country","ADM0_ISO":"ARG","ADM0_DIFF":null,"ADM0_TLC":"ARG","ADM0_A3_US":"ARG","ADM0_A3_FR":"ARG","ADM0_A3_RU":"ARG","ADM0_A3_ES":"ARG","ADM0_A3_CN":"ARG","ADM0_A3_TW":"ARG","ADM0_A3_IN":"ARG","ADM0_A3_NP":"ARG","ADM0_A3_PK":"ARG","ADM0_A3_DE":"ARG","ADM0_A3_GB":"ARG","ADM0_A3_BR":"ARG","ADM0_A3_IL":"ARG","ADM0_A3_PS":"ARG","ADM0_A3_SA":"ARG","ADM0_A3_EG":"ARG","ADM0_A3_MA":"ARG","ADM0_A3_PT":"ARG","ADM0_A3_AR":"ARG","ADM0_A3_JP":"ARG","ADM0_A3_KO":"ARG","ADM0_A3_VN":"ARG","ADM0_A3_TR":"ARG","ADM0_A3_ID":"ARG","ADM0_A3_PL":"ARG","ADM0_A3_GR":"ARG","ADM0_A3_IT":"ARG","ADM0_A3_NL":"ARG","ADM0_A3_SE":"ARG","ADM0_A3_BD":"ARG","ADM0_A3_UA":"ARG","ADM0_A3_UN":-99,"ADM0_A3_WB":-99,"CONTINENT":"South America","REGION_UN":"Americas","SUBREGION":"South America","REGION_WB":"Latin America & Caribbean","NAME_LEN":9,"LONG_LEN":9,"ABBREV_LEN":4,"TINY":-99,"HOMEPART":1,"MIN_ZOOM":0,"MIN_LABEL":2,"MAX_LABEL":7,"LABEL_X":-64.173331,"LABEL_Y":-33.501159,"NE_ID":1159320331,"WIKIDATAID":"Q414","NAME_AR":"الأرجنتين","NAME_BN":"আর্জেন্টিনা","NAME_DE":"Argentinien","NAME_EN":"Argentina","NAME_ES":"Argentina","NAME_FA":"آرژانتین","NAME_FR":"Argentine","NAME_EL":"Αργεντινή","NAME_HE":"ארגנטינה","NAME_HI":"अर्जेण्टीना","NAME_HU":"Argentína","NAME_ID":"Argentina","NAME_IT":"Argentina","NAME_JA":"アルゼンチン","NAME_KO":"아르헨티나","NAME_NL":"Argentinië","NAME_PL":"Argentyna","NAME_PT":"Argentina","NAME_RU":"Аргентина","NAME_SV":"Argentina","NAME_TR":"Arjantin","NAME_UK":"Аргентина","NAME_UR":"ارجنٹائن","NAME_VI":"Argentina","NAME_ZH":"阿根廷","NAME_ZHT":"阿根廷","FCLASS_ISO":"Admin-0 country","TLC_DIFF":null,"FCLASS_TLC":"Admin-0 country","FCLASS_US":null,"FCLASS_FR":null,"FCLASS_RU":null,"FCLASS_ES":null,"FCLASS_CN":null,"FCLASS_TW":null,"FCLASS_IN":null,"FCLASS_NP":null,"FCLASS_PK":null,"FCLASS_DE":null,"FCLASS_GB":null,"FCLASS_BR":null,"FCLASS_IL":null,"FCLASS_PS":null,"FCLASS_SA":null,"FCLASS_EG":null,"FCLASS_MA":null,"FCLASS_PT":null,"FCLASS_AR":null,"FCLASS_JP":null,"FCLASS_KO":null,"FCLASS_VN":null,"FCLASS_TR":null,"FCLASS_ID":null,"FCLASS_PL":null,"FCLASS_GR":null,"FCLASS_IT":null,"FCLASS_NL":null,"FCLASS_SE":null,"FCLASS_BD":null,"FCLASS_UA":null},"geometry":{"type":"MultiPolygon","coordinates":[[],[]]}},{"type":"Feature","bbox":[-75.644395,-55.61183,-66.95992,-17.580012],"properties":{"featurecla":"Admin-0 country","scalerank":1,"LABELRANK":2,"SOVEREIGNT":"Chile","SOV_A3":"CHL","ADM0_DIF":0,"LEVEL":2,"TYPE":"Sovereign country","TLC":"1","ADMIN":"Chile","ADM0_A3":"CHL","GEOU_DIF":0,"GEOUNIT":"Chile","GU_A3":"CHL","SU_DIF":0,"SUBUNIT":"Chile","SU_A3":"CHL","BRK_DIFF":0,"NAME":"Chile","NAME_LONG":"Chile","BRK_A3":"CHL","BRK_NAME":"Chile","BRK_GROUP":null,"ABBREV":"Chile","POSTAL":"CL","FORMAL_EN":"Republic of Chile","FORMAL_FR":null,"NAME_CIAWF":"Chile","NOTE_ADM0":null,"NOTE_BRK":null,"NAME_SORT":"Chile","NAME_ALT":null,"MAPCOLOR7":5,"MAPCOLOR8":1,"MAPCOLOR9":5,"MAPCOLOR13":9,"POP_EST":18952038,"POP_RANK":14,"POP_YEAR":2019,"GDP_MD":282318,"GDP_YEAR":2019,"ECONOMY":"5. Emerging region: G20","INCOME_GRP":"3. Upper middle income","FIPS_10":"CI","ISO_A2":"CL","ISO_A2_EH":"CL","ISO_A3":"CHL","ISO_A3_EH":"CHL","ISO_N3":"152","ISO_N3_EH":"152","UN_A3":"152","WB_A2":"CL","WB_A3":"CHL","WOE_ID":23424782,"WOE_ID_EH":23424782,"WOE_NOTE":"Exact WOE match as country","ADM0_ISO":"CHL","ADM0_DIFF":null,"ADM0_TLC":"CHL","ADM0_A3_US":"CHL","ADM0_A3_FR":"CHL","ADM0_A3_RU":"CHL","ADM0_A3_ES":"CHL","ADM0_A3_CN":"CHL","ADM0_A3_TW":"CHL","ADM0_A3_IN":"CHL","ADM0_A3_NP":"CHL","ADM0_A3_PK":"CHL","ADM0_A3_DE":"CHL","ADM0_A3_GB":"CHL","ADM0_A3_BR":"CHL","ADM0_A3_IL":"CHL","ADM0_A3_PS":"CHL","ADM0_A3_SA":"CHL","ADM0_A3_EG":"CHL","ADM0_A3_MA":"CHL","ADM0_A3_PT":"CHL","ADM0_A3_AR":"CHL","ADM0_A3_JP":"CHL","ADM0_A3_KO":"CHL","ADM0_A3_VN":"CHL","ADM0_A3_TR":"CHL","ADM0_A3_ID":"CHL","ADM0_A3_PL":"CHL","ADM0_A3_GR":"CHL","ADM0_A3_IT":"CHL","ADM0_A3_NL":"CHL","ADM0_A3_SE":"CHL","ADM0_A3_BD":"CHL","ADM0_A3_UA":"CHL","ADM0_A3_UN":-99,"ADM0_A3_WB":-99,"CONTINENT":"South America","REGION_UN":"Americas","SUBREGION":"South America","REGION_WB":"Latin America & Caribbean","NAME_LEN":5,"LONG_LEN":5,"ABBREV_LEN":5,"TINY":-99,"HOMEPART":1,"MIN_ZOOM":0,"MIN_LABEL":1.7,"MAX_LABEL":6.7,"LABEL_X":-72.318871,"LABEL_Y":-38.151771,"NE_ID":1159320493,"WIKIDATAID":"Q298","NAME_AR":"تشيلي","NAME_BN":"চিলি","NAME_DE":"Chile","NAME_EN":"Chile","NAME_ES":"Chile","NAME_FA":"شیلی","NAME_FR":"Chili","NAME_EL":"Χιλή","NAME_HE":"צ'ילה","NAME_HI":"चिली","NAME_HU":"Chile","NAME_ID":"Chili","NAME_IT":"Cile","NAME_JA":"チリ","NAME_KO":"칠레","NAME_NL":"Chili","NAME_PL":"Chile","NAME_PT":"Chile","NAME_RU":"Чили","NAME_SV":"Chile","NAME_TR":"Şili","NAME_UK":"Чилі","NAME_UR":"چلی","NAME_VI":"Chile","NAME_ZH":"智利","NAME_ZHT":"智利","FCLASS_ISO":"Admin-0 country","TLC_DIFF":null,"FCLASS_TLC":"Admin-0 country","FCLASS_US":null,"FCLASS_FR":null,"FCLASS_RU":null,"FCLASS_ES":null,"FCLASS_CN":null,"FCLASS_TW":null,"FCLASS_IN":null,"FCLASS_NP":null,"FCLASS_PK":null,"FCLASS_DE":null,"FCLASS_GB":null,"FCLASS_BR":null,"FCLASS_IL":null,"FCLASS_PS":null,"FCLASS_SA":null,"FCLASS_EG":null,"FCLASS_MA":null,"FCLASS_PT":null,"FCLASS_AR":null,"FCLASS_JP":null,"FCLASS_KO":null,"FCLASS_VN":null,"FCLASS_TR":null,"FCLASS_ID":null,"FCLASS_PL":null,"FCLASS_GR":null,"FCLASS_IT":null,"FCLASS_NL":null,"FCLASS_SE":null,"FCLASS_BD":null,"FCLASS_UA":null},"geometry":{"type":"MultiPolygon","coordinates":[[],[]]}},{"type":"Feature","bbox":[-74.458034,18.030993,-71.624873,19.915684],"properties":{"featurecla":"Admin-0 country","scalerank":1,"LABELRANK":5,"SOVEREIGNT":"Haiti","SOV_A3":"HTI","ADM0_DIF":0,"LEVEL":2,"TYPE":"Sovereign country","TLC":"1","ADMIN":"Haiti","ADM0_A3":"HTI","GEOU_DIF":0,"GEOUNIT":"Haiti","GU_A3":"HTI","SU_DIF":0,"SUBUNIT":"Haiti","SU_A3":"HTI","BRK_DIFF":0,"NAME":"Haiti","NAME_LONG":"Haiti","BRK_A3":"HTI","BRK_NAME":"Haiti","BRK_GROUP":null,"ABBREV":"Haiti","POSTAL":"HT","FORMAL_EN":"Republic of Haiti","FORMAL_FR":null,"NAME_CIAWF":"Haiti","NOTE_ADM0":null,"NOTE_BRK":null,"NAME_SORT":"Haiti","NAME_ALT":null,"MAPCOLOR7":2,"MAPCOLOR8":1,"MAPCOLOR9":7,"MAPCOLOR13":2,"POP_EST":11263077,"POP_RANK":14,"POP_YEAR":2019,"GDP_MD":14332,"GDP_YEAR":2019,"ECONOMY":"7. Least developed region","INCOME_GRP":"5. Low income","FIPS_10":"HA","ISO_A2":"HT","ISO_A2_EH":"HT","ISO_A3":"HTI","ISO_A3_EH":"HTI","ISO_N3":"332","ISO_N3_EH":"332","UN_A3":"332","WB_A2":"HT","WB_A3":"HTI","WOE_ID":23424839,"WOE_ID_EH":23424839,"WOE_NOTE":"Exact WOE match as country","ADM0_ISO":"HTI","ADM0_DIFF":null,"ADM0_TLC":"HTI","ADM0_A3_US":"HTI","ADM0_A3_FR":"HTI","ADM0_A3_RU":"HTI","ADM0_A3_ES":"HTI","ADM0_A3_CN":"HTI","ADM0_A3_TW":"HTI","ADM0_A3_IN":"HTI","ADM0_A3_NP":"HTI","ADM0_A3_PK":"HTI","ADM0_A3_DE":"HTI","ADM0_A3_GB":"HTI","ADM0_A3_BR":"HTI","ADM0_A3_IL":"HTI","ADM0_A3_PS":"HTI","ADM0_A3_SA":"HTI","ADM0_A3_EG":"HTI","ADM0_A3_MA":"HTI","ADM0_A3_PT":"HTI","ADM0_A3_AR":"HTI","ADM0_A3_JP":"HTI","ADM0_A3_KO":"HTI","ADM0_A3_VN":"HTI","ADM0_A3_TR":"HTI","ADM0_A3_ID":"HTI","ADM0_A3_PL":"HTI","ADM0_A3_GR":"HTI","ADM0_A3_IT":"HTI","ADM0_A3_NL":"HTI","ADM0_A3_SE":"HTI","ADM0_A3_BD":"HTI","ADM0_A3_UA":"HTI","ADM0_A3_UN":-99,"ADM0_A3_WB":-99,"CONTINENT":"North America","REGION_UN":"Americas","SUBREGION":"Caribbean","REGION_WB":"Latin America & Caribbean","NAME_LEN":5,"LONG_LEN":5,"ABBREV_LEN":5,"TINY":-99,"HOMEPART":1,"MIN_ZOOM":0,"MIN_LABEL":4,"MAX_LABEL":9,"LABEL_X":-72.224051,"LABEL_Y":19.263784,"NE_ID":1159320839,"WIKIDATAID":"Q790","NAME_AR":"هايتي","NAME_BN":"হাইতি","NAME_DE":"Haiti","NAME_EN":"Haiti","NAME_ES":"Haití","NAME_FA":"هائیتی","NAME_FR":"Haïti","NAME_EL":"Αϊτή","NAME_HE":"האיטי","NAME_HI":"हैती","NAME_HU":"Haiti","NAME_ID":"Haiti","NAME_IT":"Haiti","NAME_JA":"ハイチ","NAME_KO":"아이티","NAME_NL":"Haïti","NAME_PL":"Haiti","NAME_PT":"Haiti","NAME_RU":"Республика Гаити","NAME_SV":"Haiti","NAME_TR":"Haiti","NAME_UK":"Гаїті","NAME_UR":"ہیٹی","NAME_VI":"Haiti","NAME_ZH":"海地","NAME_ZHT":"海地","FCLASS_ISO":"Admin-0 country","TLC_DIFF":null,"FCLASS_TLC":"Admin-0 country","FCLASS_US":null,"FCLASS_FR":null,"FCLASS_RU":null,"FCLASS_ES":null,"FCLASS_CN":null,"FCLASS_TW":null,"FCLASS_IN":null,"FCLASS_NP":null,"FCLASS_PK":null,"FCLASS_DE":null,"FCLASS_GB":null,"FCLASS_BR":null,"FCLASS_IL":null,"FCLASS_PS":null,"FCLASS_SA":null,"FCLASS_EG":null,"FCLASS_MA":null,"FCLASS_PT":null,"FCLASS_AR":null,"FCLASS_JP":null,"FCLASS_KO":null,"FCLASS_VN":null,"FCLASS_TR":null,"FCLASS_ID":null,"FCLASS_PL":null,"FCLASS_GR":null,"FCLASS_IT":null,"FCLASS_NL":null,"FCLASS_SE":null,"FCLASS_BD":null,"FCLASS_UA":null},"geometry":{"type":"Polygon","coordinates":[[[-71.712361,19.714456],[-71.624873,19.169838],[-71.701303,18.785417],[-71.945112,18.6169],[-71.687738,18.31666],[-71.708305,18.044997],[-72.372476,18.214961],[-72.844411,18.145611],[-73.454555,18.217906],[-73.922433,18.030993],[-74.458034,18.34255],[-74.369925,18.664908],[-73.449542,18.526053],[-72.694937,18.445799],[-72.334882,18.668422],[-72.79165,19.101625],[-72.784105,19.483591],[-73.415022,19.639551],[-73.189791,19.915684],[-72.579673,19.871501],[-71.712361,19.714456]]]}},{"type":"Feature","bbox":[-71.945112,17.598564,-68.317943,19.884911],"properties":{"featurecla":"Admin-0 country","scalerank":1,"LABELRANK":5,"SOVEREIGNT":"Dominican Republic","SOV_A3":"DOM","ADM0_DIF":0,"LEVEL":2,"TYPE":"Sovereign country","TLC":"1","ADMIN":"Dominican Republic","ADM0_A3":"DOM","GEOU_DIF":0,"GEOUNIT":"Dominican Republic","GU_A3":"DOM","SU_DIF":0,"SUBUNIT":"Dominican Republic","SU_A3":"DOM","BRK_DIFF":0,"NAME":"Dominican Rep.","NAME_LONG":"Dominican Republic","BRK_A3":"DOM","BRK_NAME":"Dominican Rep.","BRK_GROUP":null,"ABBREV":"Dom. Rep.","POSTAL":"DO","FORMAL_EN":"Dominican Republic","FORMAL_FR":null,"NAME_CIAWF":"Dominican Republic","NOTE_ADM0":null,"NOTE_BRK":null,"NAME_SORT":"Dominican Republic","NAME_ALT":null,"MAPCOLOR7":5,"MAPCOLOR8":2,"MAPCOLOR9":5,"MAPCOLOR13":7,"POP_EST":10738958,"POP_RANK":14,"POP_YEAR":2019,"GDP_MD":88941,"GDP_YEAR":2019,"ECONOMY":"6. Developing region","INCOME_GRP":"3. Upper middle income","FIPS_10":"DR","ISO_A2":"DO","ISO_A2_EH":"DO","ISO_A3":"DOM","ISO_A3_EH":"DOM","ISO_N3":"214","ISO_N3_EH":"214","UN_A3":"214","WB_A2":"DO","WB_A3":"DOM","WOE_ID":23424800,"WOE_ID_EH":23424800,"WOE_NOTE":"Exact WOE match as country","ADM0_ISO":"DOM","ADM0_DIFF":null,"ADM0_TLC":"DOM","ADM0_A3_US":"DOM","ADM0_A3_FR":"DOM","ADM0_A3_RU":"DOM","ADM0_A3_ES":"DOM","ADM0_A3_CN":"DOM","ADM0_A3_TW":"DOM","ADM0_A3_IN":"DOM","ADM0_A3_NP":"DOM","ADM0_A3_PK":"DOM","ADM0_A3_DE":"DOM","ADM0_A3_GB":"DOM","ADM0_A3_BR":"DOM","ADM0_A3_IL":"DOM","ADM0_A3_PS":"DOM","ADM0_A3_SA":"DOM","ADM0_A3_EG":"DOM","ADM0_A3_MA":"DOM","ADM0_A3_PT":"DOM","ADM0_A3_AR":"DOM","ADM0_A3_JP":"DOM","ADM0_A3_KO":"DOM","ADM0_A3_VN":"DOM","ADM0_A3_TR":"DOM","ADM0_A3_ID":"DOM","ADM0_A3_PL":"DOM","ADM0_A3_GR":"DOM","ADM0_A3_IT":"DOM","ADM0_A3_NL":"DOM","ADM0_A3_SE":"DOM","ADM0_A3_BD":"DOM","ADM0_A3_UA":"DOM","ADM0_A3_UN":-99,"ADM0_A3_WB":-99,"CONTINENT":"North America","REGION_UN":"Americas","SUBREGION":"Caribbean","REGION_WB":"Latin America & Caribbean","NAME_LEN":14,"LONG_LEN":18,"ABBREV_LEN":9,"TINY":-99,"HOMEPART":1,"MIN_ZOOM":0,"MIN_LABEL":4.5,"MAX_LABEL":9.5,"LABEL_X":-70.653998,"LABEL_Y":19.104137,"NE_ID":1159320563,"WIKIDATAID":"Q786","NAME_AR":"جمهورية الدومينيكان","NAME_BN":"ডোমিনিকান প্রজাতন্ত্র","NAME_DE":"Dominikanische Republik","NAME_EN":"Dominican Republic","NAME_ES":"República Dominicana","NAME_FA":"جمهوری دومینیکن","NAME_FR":"République dominicaine","NAME_EL":"Δομινικανή Δημοκρατία","NAME_HE":"הרפובליקה הדומיניקנית","NAME_HI":"डोमिनिकन गणराज्य","NAME_HU":"Dominikai Köztársaság","NAME_ID":"Republik Dominika","NAME_IT":"Repubblica Dominicana","NAME_JA":"ドミニカ共和国","NAME_KO":"도미니카 공화국","NAME_NL":"Dominicaanse Republiek","NAME_PL":"Dominikana","NAME_PT":"República Dominicana","NAME_RU":"Доминиканская Республика","NAME_SV":"Dominikanska republiken","NAME_TR":"Dominik Cumhuriyeti","NAME_UK":"Домініканська Республіка","NAME_UR":"جمہوریہ ڈومینیکن","NAME_VI":"Cộng hòa Dominica","NAME_ZH":"多米尼加","NAME_ZHT":"多明尼加","FCLASS_ISO":"Admin-0 country","TLC_DIFF":null,"FCLASS_TLC":"Admin-0 country","FCLASS_US":null,"FCLASS_FR":null,"FCLASS_RU":null,"FCLASS_ES":null,"FCLASS_CN":null,"FCLASS_TW":null,"FCLASS_IN":null,"FCLASS_NP":null,"FCLASS_PK":null,"FCLASS_DE":null,"FCLASS_GB":null,"FCLASS_BR":null,"FCLASS_IL":null,"FCLASS_PS":null,"FCLASS_SA":null,"FCLASS_EG":null,"FCLASS_MA":null,"FCLASS_PT":null,"FCLASS_AR":null,"FCLASS_JP":null,"FCLASS_KO":null,"FCLASS_VN":null,"FCLASS_TR":null,"FCLASS_ID":null,"FCLASS_PL":null,"FCLASS_GR":null,"FCLASS_IT":null,"FCLASS_NL":null,"FCLASS_SE":null,"FCLASS_BD":null,"FCLASS_UA":null},"geometry":{"type":"Polygon","coordinates":[[[-71.708305,18.044997],[-71.687738,18.31666],[-71.945112,18.6169],[-71.701303,18.785417],[-71.624873,19.169838],[-71.712361,19.714456],[-71.587304,19.884911],[-70.806706,19.880286],[-70.214365,19.622885],[-69.950815,19.648],[-69.76925,19.293267],[-69.222126,19.313214],[-69.254346,19.015196],[-68.809412,18.979074],[-68.317943,18.612198],[-68.689316,18.205142],[-69.164946,18.422648],[-69.623988,18.380713],[-69.952934,18.428307],[-70.133233,18.245915],[-70.517137,18.184291],[-70.669298,18.426886],[-70.99995,18.283329],[-71.40021,17.598564],[-71.657662,17.757573],[-71.708305,18.044997]]]}},{"type":"Feature","bbox":[-180,41.151416,180,81.2504],"properties":{"featurecla":"Admin-0 country","scalerank":1,"LABELRANK":2,"SOVEREIGNT":"Russia","SOV_A3":"RUS","ADM0_DIF":0,"LEVEL":2,"TYPE":"Sovereign country","TLC":"1","ADMIN":"Russia","ADM0_A3":"RUS","GEOU_DIF":0,"GEOUNIT":"Russia","GU_A3":"RUS","SU_DIF":0,"SUBUNIT":"Russia","SU_A3":"RUS","BRK_DIFF":0,"NAME":"Russia","NAME_LONG":"Russian Federation","BRK_A3":"RUS","BRK_NAME":"Russia","BRK_GROUP":null,"ABBREV":"Rus.","POSTAL":"RUS","FORMAL_EN":"Russian Federation","FORMAL_FR":null,"NAME_CIAWF":"Russia","NOTE_ADM0":null,"NOTE_BRK":null,"NAME_SORT":"Russian Federation","NAME_ALT":null,"MAPCOLOR7":2,"MAPCOLOR8":5,"MAPCOLOR9":7,"MAPCOLOR13":7,"POP_EST":144373535,"POP_RANK":17,"POP_YEAR":2019,"GDP_MD":1699876,"GDP_YEAR":2019,"ECONOMY":"3. Emerging region: BRIC","INCOME_GRP":"3. Upper middle income","FIPS_10":"RS","ISO_A2":"RU","ISO_A2_EH":"RU","ISO_A3":"RUS","ISO_A3_EH":"RUS","ISO_N3":"643","ISO_N3_EH":"643","UN_A3":"643","WB_A2":"RU","WB_A3":"RUS","WOE_ID":23424936,"WOE_ID_EH":23424936,"WOE_NOTE":"Exact WOE match as country","ADM0_ISO":"RUS","ADM0_DIFF":null,"ADM0_TLC":"RUS","ADM0_A3_US":"RUS","ADM0_A3_FR":"RUS","ADM0_A3_RU":"RUS","ADM0_A3_ES":"RUS","ADM0_A3_CN":"RUS","ADM0_A3_TW":"RUS","ADM0_A3_IN":"RUS","ADM0_A3_NP":"RUS","ADM0_A3_PK":"RUS","ADM0_A3_DE":"RUS","ADM0_A3_GB":"RUS","ADM0_A3_BR":"RUS","ADM0_A3_IL":"RUS","ADM0_A3_PS":"RUS","ADM0_A3_SA":"RUS","ADM0_A3_EG":"RUS","ADM0_A3_MA":"RUS","ADM0_A3_PT":"RUS","ADM0_A3_AR":"RUS","ADM0_A3_JP":"RUS","ADM0_A3_KO":"RUS","ADM0_A3_VN":"RUS","ADM0_A3_TR":"RUS","ADM0_A3_ID":"RUS","ADM0_A3_PL":"RUS","ADM0_A3_GR":"RUS","ADM0_A3_IT":"RUS","ADM0_A3_NL":"RUS","ADM0_A3_SE":"RUS","ADM0_A3_BD":"RUS","ADM0_A3_UA":"RUS","ADM0_A3_UN":-99,"ADM0_A3_WB":-99,"CONTINENT":"Europe","REGION_UN":"Europe","SUBREGION":"Eastern Europe","REGION_WB":"Europe & Central Asia","NAME_LEN":6,"LONG_LEN":18,"ABBREV_LEN":4,"TINY":-99,"HOMEPART":1,"MIN_ZOOM":0,"MIN_LABEL":1.7,"MAX_LABEL":5.2,"LABEL_X":44.686469,"LABEL_Y":58.249357,"NE_ID":1159321201,"WIKIDATAID":"Q159","NAME_AR":"روسيا","NAME_BN":"রাশিয়া","NAME_DE":"Russland","NAME_EN":"Russia","NAME_ES":"Rusia","NAME_FA":"روسیه","NAME_FR":"Russie","NAME_EL":"Ρωσία","NAME_HE":"רוסיה","NAME_HI":"रूस","NAME_HU":"Oroszország","NAME_ID":"Rusia","NAME_IT":"Russia","NAME_JA":"ロシア","NAME_KO":"러시아","NAME_NL":"Rusland","NAME_PL":"Rosja","NAME_PT":"Rússia","NAME_RU":"Россия","NAME_SV":"Ryssland","NAME_TR":"Rusya","NAME_UK":"Росія","NAME_UR":"روس","NAME_VI":"Nga","NAME_ZH":"俄罗斯","NAME_ZHT":"俄羅斯","FCLASS_ISO":"Admin-0 country","TLC_DIFF":null,"FCLASS_TLC":"Admin-0 country","FCLASS_US":null,"FCLASS_FR":null,"FCLASS_RU":null,"FCLASS_ES":null,"FCLASS_CN":null,"FCLASS_TW":null,"FCLASS_IN":null,"FCLASS_NP":null,"FCLASS_PK":null,"FCLASS_DE":null,"FCLASS_GB":null,"FCLASS_BR":null,"FCLASS_IL":null,"FCLASS_PS":null,"FCLASS_SA":null,"FCLASS_EG":null,"FCLASS_MA":null,"FCLASS_PT":null,"FCLASS_AR":null,"FCLASS_JP":null,"FCLASS_KO":null,"FCLASS_VN":null,"FCLASS_TR":null,"FCLASS_ID":null,"FCLASS_PL":null,"FCLASS_GR":null,"FCLASS_IT":null,"FCLASS_NL":null,"FCLASS_SE":null,"FCLASS_BD":null,"FCLASS_UA":null},"geometry":{"type":"MultiPolygon","coordinates":[[],[],[],[],[],[],[],[],[],[],[[[-171.791111,65.48457119872131],[-170.89107,65.54139],[-169.89958,65.97724],[-171.791111,66.88143535433383],[-171.791111,65.48457119872131]]],[]]}},{"type":"Feature","bbox":[-78.98,23.71,-77,27.04],"properties":{"featurecla":"Admin-0 country","scalerank":1,"LABELRANK":4,"SOVEREIGNT":"The Bahamas","SOV_A3":"BHS","ADM0_DIF":0,"LEVEL":2,"TYPE":"Sovereign country","TLC":"1","ADMIN":"The Bahamas","ADM0_A3":"BHS","GEOU_DIF":0,"GEOUNIT":"The Bahamas","GU_A3":"BHS","SU_DIF":0,"SUBUNIT":"The Bahamas","SU_A3":"BHS","BRK_DIFF":0,"NAME":"Bahamas","NAME_LONG":"Bahamas","BRK_A3":"BHS","BRK_NAME":"Bahamas","BRK_GROUP":null,"ABBREV":"Bhs.","POSTAL":"BS","FORMAL_EN":"Commonwealth of the Bahamas","FORMAL_FR":null,"NAME_CIAWF":"Bahamas, The","NOTE_ADM0":null,"NOTE_BRK":null,"NAME_SORT":"Bahamas, The","NAME_ALT":null,"MAPCOLOR7":1,"MAPCOLOR8":1,"MAPCOLOR9":2,"MAPCOLOR13":5,"POP_EST":389482,"POP_RANK":10,"POP_YEAR":2019,"GDP_MD":13578,"GDP_YEAR":2019,"ECONOMY":"6. Developing region","INCOME_GRP":"2. High income: nonOECD","FIPS_10":"BF","ISO_A2":"BS","ISO_A2_EH":"BS","ISO_A3":"BHS","ISO_A3_EH":"BHS","ISO_N3":"044","ISO_N3_EH":"044","UN_A3":"044","WB_A2":"BS","WB_A3":"BHS","WOE_ID":23424758,"WOE_ID_EH":23424758,"WOE_NOTE":"Exact WOE match as country","ADM0_ISO":"BHS","ADM0_DIFF":null,"ADM0_TLC":"BHS","ADM0_A3_US":"BHS","ADM0_A3_FR":"BHS","ADM0_A3_RU":"BHS","ADM0_A3_ES":"BHS","ADM0_A3_CN":"BHS","ADM0_A3_TW":"BHS","ADM0_A3_IN":"BHS","ADM0_A3_NP":"BHS","ADM0_A3_PK":"BHS","ADM0_A3_DE":"BHS","ADM0_A3_GB":"BHS","ADM0_A3_BR":"BHS","ADM0_A3_IL":"BHS","ADM0_A3_PS":"BHS","ADM0_A3_SA":"BHS","ADM0_A3_EG":"BHS","ADM0_A3_MA":"BHS","ADM0_A3_PT":"BHS","ADM0_A3_AR":"BHS","ADM0_A3_JP":"BHS","ADM0_A3_KO":"BHS","ADM0_A3_VN":"BHS","ADM0_A3_TR":"BHS","ADM0_A3_ID":"BHS","ADM0_A3_PL":"BHS","ADM0_A3_GR":"BHS","ADM0_A3_IT":"BHS","ADM0_A3_NL":"BHS","ADM0_A3_SE":"BHS","ADM0_A3_BD":"BHS","ADM0_A3_UA":"BHS","ADM0_A3_UN":-99,"ADM0_A3_WB":-99,"CONTINENT":"North America","REGION_UN":"Americas","SUBREGION":"Caribbean","REGION_WB":"Latin America & Caribbean","NAME_LEN":7,"LONG_LEN":7,"ABBREV_LEN":4,"TINY":-99,"HOMEPART":1,"MIN_ZOOM":0,"MIN_LABEL":4,"MAX_LABEL":9,"LABEL_X":-77.146688,"LABEL_Y":26.401789,"NE_ID":1159320415,"WIKIDATAID":"Q778","NAME_AR":"باهاماس","NAME_BN":"বাহামা দ্বীপপুঞ্জ","NAME_DE":"Bahamas","NAME_EN":"The Bahamas","NAME_ES":"Bahamas","NAME_FA":"باهاما","NAME_FR":"Bahamas","NAME_EL":"Μπαχάμες","NAME_HE":"איי בהאמה","NAME_HI":"बहामास","NAME_HU":"Bahama-szigetek","NAME_ID":"Bahama","NAME_IT":"Bahamas","NAME_JA":"バハマ","NAME_KO":"바하마","NAME_NL":"Bahama's","NAME_PL":"Bahamy","NAME_PT":"Bahamas","NAME_RU":"Багамские Острова","NAME_SV":"Bahamas","NAME_TR":"Bahamalar","NAME_UK":"Багамські Острови","NAME_UR":"بہاماس","NAME_VI":"Bahamas","NAME_ZH":"巴哈马","NAME_ZHT":"巴哈馬","FCLASS_ISO":"Admin-0 country","TLC_DIFF":null,"FCLASS_TLC":"Admin-0 country","FCLASS_US":null,"FCLASS_FR":null,"FCLASS_RU":null,"FCLASS_ES":null,"FCLASS_CN":null,"FCLASS_TW":null,"FCLASS_IN":null,"FCLASS_NP":null,"FCLASS_PK":null,"FCLASS_DE":null,"FCLASS_GB":null,"FCLASS_BR":null,"FCLASS_IL":null,"FCLASS_PS":null,"FCLASS_SA":null,"FCLASS_EG":null,"FCLASS_MA":null,"FCLASS_PT":null,"FCLASS_AR":null,"FCLASS_JP":null,"FCLASS_KO":null,"FCLASS_VN":null,"FCLASS_TR":null,"FCLASS_ID":null,"FCLASS_PL":null,"FCLASS_GR":null,"FCLASS_IT":null,"FCLASS_NL":null,"FCLASS_SE":null,"FCLASS_BD":null,"FCLASS_UA":null},"geometry":{"type":"MultiPolygon","coordinates":[[[[-78.98,26.79],[-78.51,26.87],[-77.85,26.84],[-77.82,26.58],[-78.91,26.42],[-78.98,26.79]]],[[[-77.79,27.04],[-77,26.59],[-77.17255,25.87918],[-77.35641,26.00735],[-77.34,26.53],[-77.78802,26.92516],[-77.79,27.04]]],[[[-78.19087,25.2103],[-77.89,25.17],[-77.54,24.34],[-77.53466,23.75975],[-77.78,23.71],[-78.03405,24.28615],[-78.40848,24.57564],[-78.19087,25.2103]]]]}},{"type":"Feature","bbox":[4.992078,58.078884,31.293418,80.657144],"properties":{"featurecla":"Admin-0 country","scalerank":1,"LABELRANK":3,"SOVEREIGNT":"Norway","SOV_A3":"NOR","ADM0_DIF":0,"LEVEL":2,"TYPE":"Sovereign country","TLC":null,"ADMIN":"Norway","ADM0_A3":"NOR","GEOU_DIF":0,"GEOUNIT":"Norway","GU_A3":"NOR","SU_DIF":0,"SUBUNIT":"Norway","SU_A3":"NOR","BRK_DIFF":0,"NAME":"Norway","NAME_LONG":"Norway","BRK_A3":"NOR","BRK_NAME":"Norway","BRK_GROUP":null,"ABBREV":"Nor.","POSTAL":"N","FORMAL_EN":"Kingdom of Norway","FORMAL_FR":null,"NAME_CIAWF":"Norway","NOTE_ADM0":null,"NOTE_BRK":null,"NAME_SORT":"Norway","NAME_ALT":null,"MAPCOLOR7":5,"MAPCOLOR8":3,"MAPCOLOR9":8,"MAPCOLOR13":12,"POP_EST":5347896,"POP_RANK":13,"POP_YEAR":2019,"GDP_MD":403336,"GDP_YEAR":2019,"ECONOMY":"2. Developed region: nonG7","INCOME_GRP":"1. High income: OECD","FIPS_10":"-99","ISO_A2":"-99","ISO_A2_EH":"NO","ISO_A3":"-99","ISO_A3_EH":"NOR","ISO_N3":"-99","ISO_N3_EH":"578","UN_A3":"-99","WB_A2":"-99","WB_A3":"-99","WOE_ID":-90,"WOE_ID_EH":23424910,"WOE_NOTE":"Does not include Svalbard, Jan Mayen, or Bouvet Islands (28289410).","ADM0_ISO":"NOR","ADM0_DIFF":null,"ADM0_TLC":"NOR","ADM0_A3_US":"NOR","ADM0_A3_FR":"NOR","ADM0_A3_RU":"NOR","ADM0_A3_ES":"NOR","ADM0_A3_CN":"NOR","ADM0_A3_TW":"NOR","ADM0_A3_IN":"NOR","ADM0_A3_NP":"NOR","ADM0_A3_PK":"NOR","ADM0_A3_DE":"NOR","ADM0_A3_GB":"NOR","ADM0_A3_BR":"NOR","ADM0_A3_IL":"NOR","ADM0_A3_PS":"NOR","ADM0_A3_SA":"NOR","ADM0_A3_EG":"NOR","ADM0_A3_MA":"NOR","ADM0_A3_PT":"NOR","ADM0_A3_AR":"NOR","ADM0_A3_JP":"NOR","ADM0_A3_KO":"NOR","ADM0_A3_VN":"NOR","ADM0_A3_TR":"NOR","ADM0_A3_ID":"NOR","ADM0_A3_PL":"NOR","ADM0_A3_GR":"NOR","ADM0_A3_IT":"NOR","ADM0_A3_NL":"NOR","ADM0_A3_SE":"NOR","ADM0_A3_BD":"NOR","ADM0_A3_UA":"NOR","ADM0_A3_UN":-99,"ADM0_A3_WB":-99,"CONTINENT":"Europe","REGION_UN":"Europe","SUBREGION":"Northern Europe","REGION_WB":"Europe & Central Asia","NAME_LEN":6,"LONG_LEN":6,"ABBREV_LEN":4,"TINY":-99,"HOMEPART":1,"MIN_ZOOM":0,"MIN_LABEL":3,"MAX_LABEL":7,"LABEL_X":9.679975,"LABEL_Y":61.357092,"NE_ID":1159321109,"WIKIDATAID":"Q20","NAME_AR":"النرويج","NAME_BN":"নরওয়ে","NAME_DE":"Norwegen","NAME_EN":"Norway","NAME_ES":"Noruega","NAME_FA":"نروژ","NAME_FR":"Norvège","NAME_EL":"Νορβηγία","NAME_HE":"נורווגיה","NAME_HI":"नॉर्वे","NAME_HU":"Norvégia","NAME_ID":"Norwegia","NAME_IT":"Norvegia","NAME_JA":"ノルウェー","NAME_KO":"노르웨이","NAME_NL":"Noorwegen","NAME_PL":"Norwegia","NAME_PT":"Noruega","NAME_RU":"Норвегия","NAME_SV":"Norge","NAME_TR":"Norveç","NAME_UK":"Норвегія","NAME_UR":"ناروے","NAME_VI":"Na Uy","NAME_ZH":"挪威","NAME_ZHT":"挪威","FCLASS_ISO":"Unrecognized","TLC_DIFF":null,"FCLASS_TLC":"Unrecognized","FCLASS_US":null,"FCLASS_FR":null,"FCLASS_RU":null,"FCLASS_ES":null,"FCLASS_CN":null,"FCLASS_TW":null,"FCLASS_IN":null,"FCLASS_NP":null,"FCLASS_PK":null,"FCLASS_DE":null,"FCLASS_GB":null,"FCLASS_BR":null,"FCLASS_IL":null,"FCLASS_PS":null,"FCLASS_SA":null,"FCLASS_EG":null,"FCLASS_MA":null,"FCLASS_PT":null,"FCLASS_AR":null,"FCLASS_JP":null,"FCLASS_KO":null,"FCLASS_VN":null,"FCLASS_TR":null,"FCLASS_ID":null,"FCLASS_PL":null,"FCLASS_GR":null,"FCLASS_IT":null,"FCLASS_NL":null,"FCLASS_SE":null,"FCLASS_BD":null,"FCLASS_UA":null},"geometry":{"type":"MultiPolygon","coordinates":[[],[],[],[]]}},{"type":"Feature","bbox":[-73.297,60.03676,-12.20855,83.64513],"properties":{"featurecla":"Admin-0 country","scalerank":1,"LABELRANK":3,"SOVEREIGNT":"Denmark","SOV_A3":"DN1","ADM0_DIF":1,"LEVEL":2,"TYPE":"Country","TLC":"1","ADMIN":"Greenland","ADM0_A3":"GRL","GEOU_DIF":0,"GEOUNIT":"Greenland","GU_A3":"GRL","SU_DIF":0,"SUBUNIT":"Greenland","SU_A3":"GRL","BRK_DIFF":0,"NAME":"Greenland","NAME_LONG":"Greenland","BRK_A3":"GRL","BRK_NAME":"Greenland","BRK_GROUP":null,"ABBREV":"Grlnd.","POSTAL":"GL","FORMAL_EN":"Greenland","FORMAL_FR":null,"NAME_CIAWF":"Greenland","NOTE_ADM0":"Den.","NOTE_BRK":null,"NAME_SORT":"Greenland","NAME_ALT":null,"MAPCOLOR7":4,"MAPCOLOR8":1,"MAPCOLOR9":3,"MAPCOLOR13":12,"POP_EST":56225,"POP_RANK":8,"POP_YEAR":2019,"GDP_MD":3051,"GDP_YEAR":2018,"ECONOMY":"2. Developed region: nonG7","INCOME_GRP":"2. High income: nonOECD","FIPS_10":"GL","ISO_A2":"GL","ISO_A2_EH":"GL","ISO_A3":"GRL","ISO_A3_EH":"GRL","ISO_N3":"304","ISO_N3_EH":"304","UN_A3":"304","WB_A2":"GL","WB_A3":"GRL","WOE_ID":23424828,"WOE_ID_EH":23424828,"WOE_NOTE":"Exact WOE match as country","ADM0_ISO":"GRL","ADM0_DIFF":null,"ADM0_TLC":"GRL","ADM0_A3_US":"GRL","ADM0_A3_FR":"GRL","ADM0_A3_RU":"GRL","ADM0_A3_ES":"GRL","ADM0_A3_CN":"GRL","ADM0_A3_TW":"GRL","ADM0_A3_IN":"GRL","ADM0_A3_NP":"GRL","ADM0_A3_PK":"GRL","ADM0_A3_DE":"GRL","ADM0_A3_GB":"GRL","ADM0_A3_BR":"GRL","ADM0_A3_IL":"GRL","ADM0_A3_PS":"GRL","ADM0_A3_SA":"GRL","ADM0_A3_EG":"GRL","ADM0_A3_MA":"GRL","ADM0_A3_PT":"GRL","ADM0_A3_AR":"GRL","ADM0_A3_JP":"GRL","ADM0_A3_KO":"GRL","ADM0_A3_VN":"GRL","ADM0_A3_TR":"GRL","ADM0_A3_ID":"GRL","ADM0_A3_PL":"GRL","ADM0_A3_GR":"GRL","ADM0_A3_IT":"GRL","ADM0_A3_NL":"GRL","ADM0_A3_SE":"GRL","ADM0_A3_BD":"GRL","ADM0_A3_UA":"GRL","ADM0_A3_UN":-99,"ADM0_A3_WB":-99,"CONTINENT":"North America","REGION_UN":"Americas","SUBREGION":"Northern America","REGION_WB":"Europe & Central Asia","NAME_LEN":9,"LONG_LEN":9,"ABBREV_LEN":6,"TINY":-99,"HOMEPART":-99,"MIN_ZOOM":0,"MIN_LABEL":1.7,"MAX_LABEL":6.7,"LABEL_X":-39.335251,"LABEL_Y":74.319387,"NE_ID":1159320551,"WIKIDATAID":"Q223","NAME_AR":"جرينلاند","NAME_BN":"গ্রিনল্যান্ড","NAME_DE":"Grönland","NAME_EN":"Greenland","NAME_ES":"Groenlandia","NAME_FA":"گرینلند","NAME_FR":"Groenland","NAME_EL":"Γροιλανδία","NAME_HE":"גרינלנד","NAME_HI":"ग्रीनलैण्ड","NAME_HU":"Grönland","NAME_ID":"Greenland","NAME_IT":"Groenlandia","NAME_JA":"グリーンランド","NAME_KO":"그린란드","NAME_NL":"Groenland","NAME_PL":"Grenlandia","NAME_PT":"Groenlândia","NAME_RU":"Гренландия","NAME_SV":"Grönland","NAME_TR":"Grönland","NAME_UK":"Гренландія","NAME_UR":"گرین لینڈ","NAME_VI":"Greenland","NAME_ZH":"格陵兰","NAME_ZHT":"格陵蘭","FCLASS_ISO":"Admin-0 dependency","TLC_DIFF":null,"FCLASS_TLC":"Admin-0 dependency","FCLASS_US":null,"FCLASS_FR":null,"FCLASS_RU":null,"FCLASS_ES":null,"FCLASS_CN":null,"FCLASS_TW":null,"FCLASS_IN":null,"FCLASS_NP":null,"FCLASS_PK":null,"FCLASS_DE":null,"FCLASS_GB":null,"FCLASS_BR":null,"FCLASS_IL":null,"FCLASS_PS":null,"FCLASS_SA":null,"FCLASS_EG":null,"FCLASS_MA":null,"FCLASS_PT":null,"FCLASS_AR":null,"FCLASS_JP":null,"FCLASS_KO":null,"FCLASS_VN":null,"FCLASS_TR":null,"FCLASS_ID":null,"FCLASS_PL":null,"FCLASS_GR":null,"FCLASS_IT":null,"FCLASS_NL":null,"FCLASS_SE":null,"FCLASS_BD":null,"FCLASS_UA":null},"geometry":{"type":"Polygon","coordinates":[[[-46.76379,82.62796],[-43.40644,83.22516],[-39.89753,83.18018],[-38.62214,83.54905],[-35.08787,83.64513],[-27.10046,83.51966],[-20.84539,82.72669],[-22.69182,82.34165],[-26.51753,82.29765],[-31.9,82.2],[-31.39646,82.02154],[-27.85666,82.13178],[-24.84448,81.78697],[-22.90328,82.09317],[-22.07175,81.73449],[-23.16961,81.15271],[-20.62363,81.52462],[-15.76818,81.91245],[-12.77018,81.71885],[-12.20855,81.29154],[-16.28533,80.58004],[-16.85,80.35],[-20.04624,80.17708],[-17.73035,80.12912],[-18.9,79.4],[-19.70499,78.75128],[-19.67353,77.63859],[-18.47285,76.98565],[-20.03503,76.94434],[-21.67944,76.62795],[-19.83407,76.09808],[-19.59896,75.24838],[-20.66818,75.15585],[-19.37281,74.29561],[-21.59422,74.22382],[-20.43454,73.81713],[-20.76234,73.46436],[-22.17221,73.30955],[-23.56593,73.30663],[-22.31311,72.62928],[-22.29954,72.18409],[-24.27834,72.59788],[-24.79296,72.3302],[-23.44296,72.08016],[-22.13281,71.46898],[-21.75356,70.66369],[-23.53603,70.471],[-24.30702,70.85649],[-25.54341,71.43094],[-25.20135,70.75226],[-26.36276,70.22646],[-23.72742,70.18401],[-22.34902,70.12946],[-25.02927,69.2588],[-27.74737,68.47046],[-30.67371,68.12503],[-31.77665,68.12078],[-32.81105,67.73547],[-34.20196,66.67974],[-36.35284,65.9789],[-37.04378,65.93768],[-38.37505,65.69213],[-39.81222,65.45848],[-40.66899,64.83997],[-40.68281,64.13902],[-41.1887,63.48246],[-42.81938,62.68233],[-42.41666,61.90093],[-42.86619,61.07404],[-43.3784,60.09772],[-44.7875,60.03676],[-46.26364,60.85328],[-48.26294,60.85843],[-49.23308,61.40681],[-49.90039,62.38336],[-51.63325,63.62691],[-52.14014,64.27842],[-52.27659,65.1767],[-53.66166,66.09957],[-53.30161,66.8365],[-53.96911,67.18899],[-52.9804,68.35759],[-51.47536,68.72958],[-51.08041,69.14781],[-50.87122,69.9291],[-52.013585,69.574925],[-52.55792,69.42616],[-53.45629,69.283625],[-54.68336,69.61003],[-54.75001,70.28932],[-54.35884,70.821315],[-53.431315,70.835755],[-51.39014,70.56978],[-53.10937,71.20485],[-54.00422,71.54719],[-55,71.406537],[-55.83468,71.65444],[-54.71819,72.58625],[-55.32634,72.95861],[-56.12003,73.64977],[-57.32363,74.71026],[-58.59679,75.09861],[-58.58516,75.51727],[-61.26861,76.10238],[-63.39165,76.1752],[-66.06427,76.13486],[-68.50438,76.06141],[-69.66485,76.37975],[-71.40257,77.00857],[-68.77671,77.32312],[-66.76397,77.37595],[-71.04293,77.63595],[-73.297,78.04419],[-73.15938,78.43271],[-69.37345,78.91388],[-65.7107,79.39436],[-65.3239,79.75814],[-68.02298,80.11721],[-67.15129,80.51582],[-63.68925,81.21396],[-62.23444,81.3211],[-62.65116,81.77042],[-60.28249,82.03363],[-57.20744,82.19074],[-54.13442,82.19962],[-53.04328,81.88833],[-50.39061,82.43883],[-48.00386,82.06481],[-46.59984,81.985945],[-44.523,81.6607],[-46.9007,82.19979],[-46.76379,82.62796]]]}},{"type":"Feature","bbox":[-117.12776,14.538829,-86.811982,32.72083],"properties":{"featurecla":"Admin-0 country","scalerank":1,"LABELRANK":2,"SOVEREIGNT":"Mexico","SOV_A3":"MEX","ADM0_DIF":0,"LEVEL":2,"TYPE":"Sovereign country","TLC":"1","ADMIN":"Mexico","ADM0_A3":"MEX","GEOU_DIF":0,"GEOUNIT":"Mexico","GU_A3":"MEX","SU_DIF":0,"SUBUNIT":"Mexico","SU_A3":"MEX","BRK_DIFF":0,"NAME":"Mexico","NAME_LONG":"Mexico","BRK_A3":"MEX","BRK_NAME":"Mexico","BRK_GROUP":null,"ABBREV":"Mex.","POSTAL":"MX","FORMAL_EN":"United Mexican States","FORMAL_FR":null,"NAME_CIAWF":"Mexico","NOTE_ADM0":null,"NOTE_BRK":null,"NAME_SORT":"Mexico","NAME_ALT":null,"MAPCOLOR7":6,"MAPCOLOR8":1,"MAPCOLOR9":7,"MAPCOLOR13":3,"POP_EST":127575529,"POP_RANK":17,"POP_YEAR":2019,"GDP_MD":1268870,"GDP_YEAR":2019,"ECONOMY":"4. Emerging region: MIKT","INCOME_GRP":"3. Upper middle income","FIPS_10":"MX","ISO_A2":"MX","ISO_A2_EH":"MX","ISO_A3":"MEX","ISO_A3_EH":"MEX","ISO_N3":"484","ISO_N3_EH":"484","UN_A3":"484","WB_A2":"MX","WB_A3":"MEX","WOE_ID":23424900,"WOE_ID_EH":23424900,"WOE_NOTE":"Exact WOE match as country","ADM0_ISO":"MEX","ADM0_DIFF":null,"ADM0_TLC":"MEX","ADM0_A3_US":"MEX","ADM0_A3_FR":"MEX","ADM0_A3_RU":"MEX","ADM0_A3_ES":"MEX","ADM0_A3_CN":"MEX","ADM0_A3_TW":"MEX","ADM0_A3_IN":"MEX","ADM0_A3_NP":"MEX","ADM0_A3_PK":"MEX","ADM0_A3_DE":"MEX","ADM0_A3_GB":"MEX","ADM0_A3_BR":"MEX","ADM0_A3_IL":"MEX","ADM0_A3_PS":"MEX","ADM0_A3_SA":"MEX","ADM0_A3_EG":"MEX","ADM0_A3_MA":"MEX","ADM0_A3_PT":"MEX","ADM0_A3_AR":"MEX","ADM0_A3_JP":"MEX","ADM0_A3_KO":"MEX","ADM0_A3_VN":"MEX","ADM0_A3_TR":"MEX","ADM0_A3_ID":"MEX","ADM0_A3_PL":"MEX","ADM0_A3_GR":"MEX","ADM0_A3_IT":"MEX","ADM0_A3_NL":"MEX","ADM0_A3_SE":"MEX","ADM0_A3_BD":"MEX","ADM0_A3_UA":"MEX","ADM0_A3_UN":-99,"ADM0_A3_WB":-99,"CONTINENT":"North America","REGION_UN":"Americas","SUBREGION":"Central America","REGION_WB":"Latin America & Caribbean","NAME_LEN":6,"LONG_LEN":6,"ABBREV_LEN":4,"TINY":-99,"HOMEPART":1,"MIN_ZOOM":0,"MIN_LABEL":2,"MAX_LABEL":6.7,"LABEL_X":-102.289448,"LABEL_Y":23.919988,"NE_ID":1159321055,"WIKIDATAID":"Q96","NAME_AR":"المكسيك","NAME_BN":"মেক্সিকো","NAME_DE":"Mexiko","NAME_EN":"Mexico","NAME_ES":"México","NAME_FA":"مکزیک","NAME_FR":"Mexique","NAME_EL":"Μεξικό","NAME_HE":"מקסיקו","NAME_HI":"मेक्सिको","NAME_HU":"Mexikó","NAME_ID":"Meksiko","NAME_IT":"Messico","NAME_JA":"メキシコ","NAME_KO":"멕시코","NAME_NL":"Mexico","NAME_PL":"Meksyk","NAME_PT":"México","NAME_RU":"Мексика","NAME_SV":"Mexiko","NAME_TR":"Meksika","NAME_UK":"Мексика","NAME_UR":"میکسیکو","NAME_VI":"México","NAME_ZH":"墨西哥","NAME_ZHT":"墨西哥","FCLASS_ISO":"Admin-0 country","TLC_DIFF":null,"FCLASS_TLC":"Admin-0 country","FCLASS_US":null,"FCLASS_FR":null,"FCLASS_RU":null,"FCLASS_ES":null,"FCLASS_CN":null,"FCLASS_TW":null,"FCLASS_IN":null,"FCLASS_NP":null,"FCLASS_PK":null,"FCLASS_DE":null,"FCLASS_GB":null,"FCLASS_BR":null,"FCLASS_IL":null,"FCLASS_PS":null,"FCLASS_SA":null,"FCLASS_EG":null,"FCLASS_MA":null,"FCLASS_PT":null,"FCLASS_AR":null,"FCLASS_JP":null,"FCLASS_KO":null,"FCLASS_VN":null,"FCLASS_TR":null,"FCLASS_ID":null,"FCLASS_PL":null,"FCLASS_GR":null,"FCLASS_IT":null,"FCLASS_NL":null,"FCLASS_SE":null,"FCLASS_BD":null,"FCLASS_UA":null},"geometry":{"type":"Polygon","coordinates":[[[-117.12776,32.53534],[-115.99135,32.61239],[-114.72139,32.72083],[-114.815,32.52528],[-113.30498,32.03914],[-111.02361,31.33472],[-109.035,31.34194],[-108.24194,31.34222],[-108.24,31.754854],[-106.50759,31.75452],[-106.1429,31.39995],[-105.63159,31.08383],[-105.03737,30.64402],[-104.70575,30.12173],[-104.45697,29.57196],[-103.94,29.27],[-103.11,28.97],[-102.48,29.76],[-101.6624,29.7793],[-100.9576,29.38071],[-100.45584,28.69612],[-100.11,28.11],[-99.52,27.54],[-99.3,26.84],[-99.02,26.37],[-98.24,26.06],[-97.53,25.84],[-97.140008,25.869997],[-97.528072,24.992144],[-97.702946,24.272343],[-97.776042,22.93258],[-97.872367,22.444212],[-97.699044,21.898689],[-97.38896,21.411019],[-97.189333,20.635433],[-96.525576,19.890931],[-96.292127,19.320371],[-95.900885,18.828024],[-94.839063,18.562717],[-94.42573,18.144371],[-93.548651,18.423837],[-92.786114,18.524839],[-92.037348,18.704569],[-91.407903,18.876083],[-90.77187,19.28412],[-90.53359,19.867418],[-90.451476,20.707522],[-90.278618,20.999855],[-89.601321,21.261726],[-88.543866,21.493675],[-87.658417,21.458846],[-87.05189,21.543543],[-86.811982,21.331515],[-86.845908,20.849865],[-87.383291,20.255405],[-87.621054,19.646553],[-87.43675,19.472403],[-87.58656,19.04013],[-87.837191,18.259816],[-88.090664,18.516648],[-88.300031,18.499982],[-88.490123,18.486831],[-88.848344,17.883198],[-89.029857,18.001511],[-89.150909,17.955468],[-89.14308,17.808319],[-90.067934,17.819326],[-91.00152,17.817595],[-91.002269,17.254658],[-91.453921,17.252177],[-91.08167,16.918477],[-90.711822,16.687483],[-90.600847,16.470778],[-90.438867,16.41011],[-90.464473,16.069562],[-91.74796,16.066565],[-92.229249,15.251447],[-92.087216,15.064585],[-92.20323,14.830103],[-92.22775,14.538829],[-93.359464,15.61543],[-93.875169,15.940164],[-94.691656,16.200975],[-95.250227,16.128318],[-96.053382,15.752088],[-96.557434,15.653515],[-97.263592,15.917065],[-98.01303,16.107312],[-98.947676,16.566043],[-99.697397,16.706164],[-100.829499,17.171071],[-101.666089,17.649026],[-101.918528,17.91609],[-102.478132,17.975751],[-103.50099,18.292295],[-103.917527,18.748572],[-104.99201,19.316134],[-105.493038,19.946767],[-105.731396,20.434102],[-105.397773,20.531719],[-105.500661,20.816895],[-105.270752,21.076285],[-105.265817,21.422104],[-105.603161,21.871146],[-105.693414,22.26908],[-106.028716,22.773752],[-106.90998,23.767774],[-107.915449,24.548915],[-108.401905,25.172314],[-109.260199,25.580609],[-109.444089,25.824884],[-109.291644,26.442934],[-109.801458,26.676176],[-110.391732,27.162115],[-110.641019,27.859876],[-111.178919,27.941241],[-111.759607,28.467953],[-112.228235,28.954409],[-112.271824,29.266844],[-112.809594,30.021114],[-113.163811,30.786881],[-113.148669,31.170966],[-113.871881,31.567608],[-114.205737,31.524045],[-114.776451,31.799532],[-114.9367,31.393485],[-114.771232,30.913617],[-114.673899,30.162681],[-114.330974,29.750432],[-113.588875,29.061611],[-113.424053,28.826174],[-113.271969,28.754783],[-113.140039,28.411289],[-112.962298,28.42519],[-112.761587,27.780217],[-112.457911,27.525814],[-112.244952,27.171727],[-111.616489,26.662817],[-111.284675,25.73259],[-110.987819,25.294606],[-110.710007,24.826004],[-110.655049,24.298595],[-110.172856,24.265548],[-109.771847,23.811183],[-109.409104,23.364672],[-109.433392,23.185588],[-109.854219,22.818272],[-110.031392,22.823078],[-110.295071,23.430973],[-110.949501,24.000964],[-111.670568,24.484423],[-112.182036,24.738413],[-112.148989,25.470125],[-112.300711,26.012004],[-112.777297,26.32196],[-113.464671,26.768186],[-113.59673,26.63946],[-113.848937,26.900064],[-114.465747,27.14209],[-115.055142,27.722727],[-114.982253,27.7982],[-114.570366,27.741485],[-114.199329,28.115003],[-114.162018,28.566112],[-114.931842,29.279479],[-115.518654,29.556362],[-115.887365,30.180794],[-116.25835,30.836464],[-116.721526,31.635744],[-117.12776,32.53534]]]}},{"type":"Feature","bbox":[-78.990935,-4.298187,-66.876326,12.437303],"properties":{"featurecla":"Admin-0 country","scalerank":1,"LABELRANK":2,"SOVEREIGNT":"Colombia","SOV_A3":"COL","ADM0_DIF":0,"LEVEL":2,"TYPE":"Sovereign country","TLC":"1","ADMIN":"Colombia","ADM0_A3":"COL","GEOU_DIF":0,"GEOUNIT":"Colombia","GU_A3":"COL","SU_DIF":0,"SUBUNIT":"Colombia","SU_A3":"COL","BRK_DIFF":0,"NAME":"Colombia","NAME_LONG":"Colombia","BRK_A3":"COL","BRK_NAME":"Colombia","BRK_GROUP":null,"ABBREV":"Col.","POSTAL":"CO","FORMAL_EN":"Republic of Colombia","FORMAL_FR":null,"NAME_CIAWF":"Colombia","NOTE_ADM0":null,"NOTE_BRK":null,"NAME_SORT":"Colombia","NAME_ALT":null,"MAPCOLOR7":2,"MAPCOLOR8":1,"MAPCOLOR9":3,"MAPCOLOR13":1,"POP_EST":50339443,"POP_RANK":16,"POP_YEAR":2019,"GDP_MD":323615,"GDP_YEAR":2019,"ECONOMY":"6. Developing region","INCOME_GRP":"3. Upper middle income","FIPS_10":"CO","ISO_A2":"CO","ISO_A2_EH":"CO","ISO_A3":"COL","ISO_A3_EH":"COL","ISO_N3":"170","ISO_N3_EH":"170","UN_A3":"170","WB_A2":"CO","WB_A3":"COL","WOE_ID":23424787,"WOE_ID_EH":23424787,"WOE_NOTE":"Exact WOE match as country","ADM0_ISO":"COL","ADM0_DIFF":null,"ADM0_TLC":"COL","ADM0_A3_US":"COL","ADM0_A3_FR":"COL","ADM0_A3_RU":"COL","ADM0_A3_ES":"COL","ADM0_A3_CN":"COL","ADM0_A3_TW":"COL","ADM0_A3_IN":"COL","ADM0_A3_NP":"COL","ADM0_A3_PK":"COL","ADM0_A3_DE":"COL","ADM0_A3_GB":"COL","ADM0_A3_BR":"COL","ADM0_A3_IL":"COL","ADM0_A3_PS":"COL","ADM0_A3_SA":"COL","ADM0_A3_EG":"COL","ADM0_A3_MA":"COL","ADM0_A3_PT":"COL","ADM0_A3_AR":"COL","ADM0_A3_JP":"COL","ADM0_A3_KO":"COL","ADM0_A3_VN":"COL","ADM0_A3_TR":"COL","ADM0_A3_ID":"COL","ADM0_A3_PL":"COL","ADM0_A3_GR":"COL","ADM0_A3_IT":"COL","ADM0_A3_NL":"COL","ADM0_A3_SE":"COL","ADM0_A3_BD":"COL","ADM0_A3_UA":"COL","ADM0_A3_UN":-99,"ADM0_A3_WB":-99,"CONTINENT":"South America","REGION_UN":"Americas","SUBREGION":"South America","REGION_WB":"Latin America & Caribbean","NAME_LEN":8,"LONG_LEN":8,"ABBREV_LEN":4,"TINY":-99,"HOMEPART":1,"MIN_ZOOM":0,"MIN_LABEL":3,"MAX_LABEL":7,"LABEL_X":-73.174347,"LABEL_Y":3.373111,"NE_ID":1159320517,"WIKIDATAID":"Q739","NAME_AR":"كولومبيا","NAME_BN":"কলম্বিয়া","NAME_DE":"Kolumbien","NAME_EN":"Colombia","NAME_ES":"Colombia","NAME_FA":"کلمبیا","NAME_FR":"Colombie","NAME_EL":"Κολομβία","NAME_HE":"קולומביה","NAME_HI":"कोलम्बिया","NAME_HU":"Kolumbia","NAME_ID":"Kolombia","NAME_IT":"Colombia","NAME_JA":"コロンビア","NAME_KO":"콜롬비아","NAME_NL":"Colombia","NAME_PL":"Kolumbia","NAME_PT":"Colômbia","NAME_RU":"Колумбия","NAME_SV":"Colombia","NAME_TR":"Kolombiya","NAME_UK":"Колумбія","NAME_UR":"کولمبیا","NAME_VI":"Colombia","NAME_ZH":"哥伦比亚","NAME_ZHT":"哥倫比亞","FCLASS_ISO":"Admin-0 country","TLC_DIFF":null,"FCLASS_TLC":"Admin-0 country","FCLASS_US":null,"FCLASS_FR":null,"FCLASS_RU":null,"FCLASS_ES":null,"FCLASS_CN":null,"FCLASS_TW":null,"FCLASS_IN":null,"FCLASS_NP":null,"FCLASS_PK":null,"FCLASS_DE":null,"FCLASS_GB":null,"FCLASS_BR":null,"FCLASS_IL":null,"FCLASS_PS":null,"FCLASS_SA":null,"FCLASS_EG":null,"FCLASS_MA":null,"FCLASS_PT":null,"FCLASS_AR":null,"FCLASS_JP":null,"FCLASS_KO":null,"FCLASS_VN":null,"FCLASS_TR":null,"FCLASS_ID":null,"FCLASS_PL":null,"FCLASS_GR":null,"FCLASS_IT":null,"FCLASS_NL":null,"FCLASS_SE":null,"FCLASS_BD":null,"FCLASS_UA":null},"geometry":{"type":"Polygon","coordinates":[[[-77.87911564090264,7.220541],[-77.881571,7.223771],[-77.753414,7.70984],[-77.431108,7.638061],[-77.242566,7.935278],[-77.474723,8.524286],[-77.353361,8.670505],[-76.836674,8.638749],[-76.086384,9.336821],[-75.6746,9.443248],[-75.664704,9.774003],[-75.480426,10.61899],[-74.906895,11.083045],[-74.276753,11.102036],[-74.197223,11.310473],[-73.414764,11.227015],[-72.627835,11.731972],[-72.238195,11.95555],[-71.75409,12.437303],[-71.399822,12.376041],[-71.137461,12.112982],[-71.331584,11.776284],[-71.973922,11.608672],[-72.227575,11.108702],[-72.614658,10.821975],[-72.905286,10.450344],[-73.027604,9.73677],[-73.304952,9.152],[-72.78873,9.085027],[-72.660495,8.625288],[-72.439862,8.405275],[-72.360901,8.002638],[-72.479679,7.632506],[-72.444487,7.423785],[-72.198352,7.340431],[-72.11648958359709,7.220541],[-77.87911564090264,7.220541]]]}},{"type":"Feature","bbox":[-82.965783,7.220541,-77.242566,9.61161],"properties":{"featurecla":"Admin-0 country","scalerank":1,"LABELRANK":4,"SOVEREIGNT":"Panama","SOV_A3":"PAN","ADM0_DIF":0,"LEVEL":2,"TYPE":"Sovereign country","TLC":"1","ADMIN":"Panama","ADM0_A3":"PAN","GEOU_DIF":0,"GEOUNIT":"Panama","GU_A3":"PAN","SU_DIF":0,"SUBUNIT":"Panama","SU_A3":"PAN","BRK_DIFF":0,"NAME":"Panama","NAME_LONG":"Panama","BRK_A3":"PAN","BRK_NAME":"Panama","BRK_GROUP":null,"ABBREV":"Pan.","POSTAL":"PA","FORMAL_EN":"Republic of Panama","FORMAL_FR":null,"NAME_CIAWF":"Panama","NOTE_ADM0":null,"NOTE_BRK":null,"NAME_SORT":"Panama","NAME_ALT":null,"MAPCOLOR7":4,"MAPCOLOR8":4,"MAPCOLOR9":6,"MAPCOLOR13":3,"POP_EST":4246439,"POP_RANK":12,"POP_YEAR":2019,"GDP_MD":66800,"GDP_YEAR":2019,"ECONOMY":"6. Developing region","INCOME_GRP":"3. Upper middle income","FIPS_10":"PM","ISO_A2":"PA","ISO_A2_EH":"PA","ISO_A3":"PAN","ISO_A3_EH":"PAN","ISO_N3":"591","ISO_N3_EH":"591","UN_A3":"591","WB_A2":"PA","WB_A3":"PAN","WOE_ID":23424924,"WOE_ID_EH":23424924,"WOE_NOTE":"Exact WOE match as country","ADM0_ISO":"PAN","ADM0_DIFF":null,"ADM0_TLC":"PAN","ADM0_A3_US":"PAN","ADM0_A3_FR":"PAN","ADM0_A3_RU":"PAN","ADM0_A3_ES":"PAN","ADM0_A3_CN":"PAN","ADM0_A3_TW":"PAN","ADM0_A3_IN":"PAN","ADM0_A3_NP":"PAN","ADM0_A3_PK":"PAN","ADM0_A3_DE":"PAN","ADM0_A3_GB":"PAN","ADM0_A3_BR":"PAN","ADM0_A3_IL":"PAN","ADM0_A3_PS":"PAN","ADM0_A3_SA":"PAN","ADM0_A3_EG":"PAN","ADM0_A3_MA":"PAN","ADM0_A3_PT":"PAN","ADM0_A3_AR":"PAN","ADM0_A3_JP":"PAN","ADM0_A3_KO":"PAN","ADM0_A3_VN":"PAN","ADM0_A3_TR":"PAN","ADM0_A3_ID":"PAN","ADM0_A3_PL":"PAN","ADM0_A3_GR":"PAN","ADM0_A3_IT":"PAN","ADM0_A3_NL":"PAN","ADM0_A3_SE":"PAN","ADM0_A3_BD":"PAN","ADM0_A3_UA":"PAN","ADM0_A3_UN":-99,"ADM0_A3_WB":-99,"CONTINENT":"North America","REGION_UN":"Americas","SUBREGION":"Central America","REGION_WB":"Latin America & Caribbean","NAME_LEN":6,"LONG_LEN":6,"ABBREV_LEN":4,"TINY":-99,"HOMEPART":1,"MIN_ZOOM":0,"MIN_LABEL":4,"MAX_LABEL":9,"LABEL_X":-80.352106,"LABEL_Y":8.72198,"NE_ID":1159321161,"WIKIDATAID":"Q804","NAME_AR":"بنما","NAME_BN":"পানামা","NAME_DE":"Panama","NAME_EN":"Panama","NAME_ES":"Panamá","NAME_FA":"پاناما","NAME_FR":"Panama","NAME_EL":"Παναμάς","NAME_HE":"פנמה","NAME_HI":"पनामा","NAME_HU":"Panama","NAME_ID":"Panama","NAME_IT":"Panama","NAME_JA":"パナマ","NAME_KO":"파나마","NAME_NL":"Panama","NAME_PL":"Panama","NAME_PT":"Panamá","NAME_RU":"Панама","NAME_SV":"Panama","NAME_TR":"Panama","NAME_UK":"Панама","NAME_UR":"پاناما","NAME_VI":"Panama","NAME_ZH":"巴拿马","NAME_ZHT":"巴拿馬","FCLASS_ISO":"Admin-0 country","TLC_DIFF":null,"FCLASS_TLC":"Admin-0 country","FCLASS_US":null,"FCLASS_FR":null,"FCLASS_RU":null,"FCLASS_ES":null,"FCLASS_CN":null,"FCLASS_TW":null,"FCLASS_IN":null,"FCLASS_NP":null,"FCLASS_PK":null,"FCLASS_DE":null,"FCLASS_GB":null,"FCLASS_BR":null,"FCLASS_IL":null,"FCLASS_PS":null,"FCLASS_SA":null,"FCLASS_EG":null,"FCLASS_MA":null,"FCLASS_PT":null,"FCLASS_AR":null,"FCLASS_JP":null,"FCLASS_KO":null,"FCLASS_VN":null,"FCLASS_TR":null,"FCLASS_ID":null,"FCLASS_PL":null,"FCLASS_GR":null,"FCLASS_IT":null,"FCLASS_NL":null,"FCLASS_SE":null,"FCLASS_BD":null,"FCLASS_UA":null},"geometry":{"type":"Polygon","coordinates":[[[-77.353361,8.670505],[-77.474723,8.524286],[-77.242566,7.935278],[-77.431108,7.638061],[-77.753414,7.70984],[-77.881571,7.223771],[-78.214936,7.512255],[-78.429161,8.052041],[-78.182096,8.319182],[-78.435465,8.387705],[-78.622121,8.718124],[-79.120307,8.996092],[-79.557877,8.932375],[-79.760578,8.584515],[-80.164481,8.333316],[-80.382659,8.298409],[-80.480689,8.090308],[-80.00369,7.547524],[-80.276671,7.419754],[-80.421158,7.271572],[-80.886401,7.220541],[-81.059543,7.817921],[-81.189716,7.647906],[-81.519515,7.70661],[-81.721311,8.108963],[-82.131441,8.175393],[-82.390934,8.292362],[-82.820081,8.290864],[-82.850958,8.073823],[-82.965783,8.225028],[-82.913176,8.423517],[-82.829771,8.626295],[-82.868657,8.807266],[-82.719183,8.925709],[-82.927155,9.07433],[-82.932891,9.476812],[-82.546196,9.566135],[-82.187123,9.207449],[-82.207586,8.995575],[-81.808567,8.950617],[-81.714154,9.031955],[-81.439287,8.786234],[-80.947302,8.858504],[-80.521901,9.111072],[-79.9146,9.312765],[-79.573303,9.61161],[-79.021192,9.552931],[-79.05845,9.454565],[-78.500888,9.420459],[-78.055928,9.24773],[-77.729514,8.946844],[-77.353361,8.670505]]]}},{"type":"Feature","bbox":[-85.941725,8.225028,-82.546196,11.217119],"properties":{"featurecla":"Admin-0 country","scalerank":1,"LABELRANK":5,"SOVEREIGNT":"Costa Rica","SOV_A3":"CRI","ADM0_DIF":0,"LEVEL":2,"TYPE":"Sovereign country","TLC":"1","ADMIN":"Costa Rica","ADM0_A3":"CRI","GEOU_DIF":0,"GEOUNIT":"Costa Rica","GU_A3":"CRI","SU_DIF":0,"SUBUNIT":"Costa Rica","SU_A3":"CRI","BRK_DIFF":0,"NAME":"Costa Rica","NAME_LONG":"Costa Rica","BRK_A3":"CRI","BRK_NAME":"Costa Rica","BRK_GROUP":null,"ABBREV":"C.R.","POSTAL":"CR","FORMAL_EN":"Republic of Costa Rica","FORMAL_FR":null,"NAME_CIAWF":"Costa Rica","NOTE_ADM0":null,"NOTE_BRK":null,"NAME_SORT":"Costa Rica","NAME_ALT":null,"MAPCOLOR7":3,"MAPCOLOR8":2,"MAPCOLOR9":4,"MAPCOLOR13":2,"POP_EST":5047561,"POP_RANK":13,"POP_YEAR":2019,"GDP_MD":61801,"GDP_YEAR":2019,"ECONOMY":"5. Emerging region: G20","INCOME_GRP":"3. Upper middle income","FIPS_10":"CS","ISO_A2":"CR","ISO_A2_EH":"CR","ISO_A3":"CRI","ISO_A3_EH":"CRI","ISO_N3":"188","ISO_N3_EH":"188","UN_A3":"188","WB_A2":"CR","WB_A3":"CRI","WOE_ID":23424791,"WOE_ID_EH":23424791,"WOE_NOTE":"Exact WOE match as country","ADM0_ISO":"CRI","ADM0_DIFF":null,"ADM0_TLC":"CRI","ADM0_A3_US":"CRI","ADM0_A3_FR":"CRI","ADM0_A3_RU":"CRI","ADM0_A3_ES":"CRI","ADM0_A3_CN":"CRI","ADM0_A3_TW":"CRI","ADM0_A3_IN":"CRI","ADM0_A3_NP":"CRI","ADM0_A3_PK":"CRI","ADM0_A3_DE":"CRI","ADM0_A3_GB":"CRI","ADM0_A3_BR":"CRI","ADM0_A3_IL":"CRI","ADM0_A3_PS":"CRI","ADM0_A3_SA":"CRI","ADM0_A3_EG":"CRI","ADM0_A3_MA":"CRI","ADM0_A3_PT":"CRI","ADM0_A3_AR":"CRI","ADM0_A3_JP":"CRI","ADM0_A3_KO":"CRI","ADM0_A3_VN":"CRI","ADM0_A3_TR":"CRI","ADM0_A3_ID":"CRI","ADM0_A3_PL":"CRI","ADM0_A3_GR":"CRI","ADM0_A3_IT":"CRI","ADM0_A3_NL":"CRI","ADM0_A3_SE":"CRI","ADM0_A3_BD":"CRI","ADM0_A3_UA":"CRI","ADM0_A3_UN":-99,"ADM0_A3_WB":-99,"CONTINENT":"North America","REGION_UN":"Americas","SUBREGION":"Central America","REGION_WB":"Latin America & Caribbean","NAME_LEN":10,"LONG_LEN":10,"ABBREV_LEN":4,"TINY":-99,"HOMEPART":1,"MIN_ZOOM":0,"MIN_LABEL":2.5,"MAX_LABEL":8,"LABEL_X":-84.077922,"LABEL_Y":10.0651,"NE_ID":1159320525,"WIKIDATAID":"Q800","NAME_AR":"كوستاريكا","NAME_BN":"কোস্টা রিকা","NAME_DE":"Costa Rica","NAME_EN":"Costa Rica","NAME_ES":"Costa Rica","NAME_FA":"کاستاریکا","NAME_FR":"Costa Rica","NAME_EL":"Κόστα Ρίκα","NAME_HE":"קוסטה ריקה","NAME_HI":"कोस्टा रीका","NAME_HU":"Costa Rica","NAME_ID":"Kosta Rika","NAME_IT":"Costa Rica","NAME_JA":"コスタリカ","NAME_KO":"코스타리카","NAME_NL":"Costa Rica","NAME_PL":"Kostaryka","NAME_PT":"Costa Rica","NAME_RU":"Коста-Рика","NAME_SV":"Costa Rica","NAME_TR":"Kosta Rika","NAME_UK":"Коста-Рика","NAME_UR":"کوسٹاریکا","NAME_VI":"Costa Rica","NAME_ZH":"哥斯达黎加","NAME_ZHT":"哥斯大黎加","FCLASS_ISO":"Admin-0 country","TLC_DIFF":null,"FCLASS_TLC":"Admin-0 country","FCLASS_US":null,"FCLASS_FR":null,"FCLASS_RU":null,"FCLASS_ES":null,"FCLASS_CN":null,"FCLASS_TW":null,"FCLASS_IN":null,"FCLASS_NP":null,"FCLASS_PK":null,"FCLASS_DE":null,"FCLASS_GB":null,"FCLASS_BR":null,"FCLASS_IL":null,"FCLASS_PS":null,"FCLASS_SA":null,"FCLASS_EG":null,"FCLASS_MA":null,"FCLASS_PT":null,"FCLASS_AR":null,"FCLASS_JP":null,"FCLASS_KO":null,"FCLASS_VN":null,"FCLASS_TR":null,"FCLASS_ID":null,"FCLASS_PL":null,"FCLASS_GR":null,"FCLASS_IT":null,"FCLASS_NL":null,"FCLASS_SE":null,"FCLASS_BD":null,"FCLASS_UA":null},"geometry":{"type":"Polygon","coordinates":[[[-82.546196,9.566135],[-82.932891,9.476812],[-82.927155,9.07433],[-82.719183,8.925709],[-82.868657,8.807266],[-82.829771,8.626295],[-82.913176,8.423517],[-82.965783,8.225028],[-83.508437,8.446927],[-83.711474,8.656836],[-83.596313,8.830443],[-83.632642,9.051386],[-83.909886,9.290803],[-84.303402,9.487354],[-84.647644,9.615537],[-84.713351,9.908052],[-84.97566,10.086723],[-84.911375,9.795992],[-85.110923,9.55704],[-85.339488,9.834542],[-85.660787,9.933347],[-85.797445,10.134886],[-85.791709,10.439337],[-85.659314,10.754331],[-85.941725,10.895278],[-85.71254,11.088445],[-85.561852,11.217119],[-84.903003,10.952303],[-84.673069,11.082657],[-84.355931,10.999226],[-84.190179,10.79345],[-83.895054,10.726839],[-83.655612,10.938764],[-83.40232,10.395438],[-83.015677,9.992982],[-82.546196,9.566135]]]}},{"type":"Feature","bbox":[-87.668493,10.726839,-83.147219,15.016267],"properties":{"featurecla":"Admin-0 country","scalerank":1,"LABELRANK":5,"SOVEREIGNT":"Nicaragua","SOV_A3":"NIC","ADM0_DIF":0,"LEVEL":2,"TYPE":"Sovereign country","TLC":"1","ADMIN":"Nicaragua","ADM0_A3":"NIC","GEOU_DIF":0,"GEOUNIT":"Nicaragua","GU_A3":"NIC","SU_DIF":0,"SUBUNIT":"Nicaragua","SU_A3":"NIC","BRK_DIFF":0,"NAME":"Nicaragua","NAME_LONG":"Nicaragua","BRK_A3":"NIC","BRK_NAME":"Nicaragua","BRK_GROUP":null,"ABBREV":"Nic.","POSTAL":"NI","FORMAL_EN":"Republic of Nicaragua","FORMAL_FR":null,"NAME_CIAWF":"Nicaragua","NOTE_ADM0":null,"NOTE_BRK":null,"NAME_SORT":"Nicaragua","NAME_ALT":null,"MAPCOLOR7":1,"MAPCOLOR8":4,"MAPCOLOR9":1,"MAPCOLOR13":9,"POP_EST":6545502,"POP_RANK":13,"POP_YEAR":2019,"GDP_MD":12520,"GDP_YEAR":2019,"ECONOMY":"6. Developing region","INCOME_GRP":"4. Lower middle income","FIPS_10":"NU","ISO_A2":"NI","ISO_A2_EH":"NI","ISO_A3":"NIC","ISO_A3_EH":"NIC","ISO_N3":"558","ISO_N3_EH":"558","UN_A3":"558","WB_A2":"NI","WB_A3":"NIC","WOE_ID":23424915,"WOE_ID_EH":23424915,"WOE_NOTE":"Exact WOE match as country","ADM0_ISO":"NIC","ADM0_DIFF":null,"ADM0_TLC":"NIC","ADM0_A3_US":"NIC","ADM0_A3_FR":"NIC","ADM0_A3_RU":"NIC","ADM0_A3_ES":"NIC","ADM0_A3_CN":"NIC","ADM0_A3_TW":"NIC","ADM0_A3_IN":"NIC","ADM0_A3_NP":"NIC","ADM0_A3_PK":"NIC","ADM0_A3_DE":"NIC","ADM0_A3_GB":"NIC","ADM0_A3_BR":"NIC","ADM0_A3_IL":"NIC","ADM0_A3_PS":"NIC","ADM0_A3_SA":"NIC","ADM0_A3_EG":"NIC","ADM0_A3_MA":"NIC","ADM0_A3_PT":"NIC","ADM0_A3_AR":"NIC","ADM0_A3_JP":"NIC","ADM0_A3_KO":"NIC","ADM0_A3_VN":"NIC","ADM0_A3_TR":"NIC","ADM0_A3_ID":"NIC","ADM0_A3_PL":"NIC","ADM0_A3_GR":"NIC","ADM0_A3_IT":"NIC","ADM0_A3_NL":"NIC","ADM0_A3_SE":"NIC","ADM0_A3_BD":"NIC","ADM0_A3_UA":"NIC","ADM0_A3_UN":-99,"ADM0_A3_WB":-99,"CONTINENT":"North America","REGION_UN":"Americas","SUBREGION":"Central America","REGION_WB":"Latin America & Caribbean","NAME_LEN":9,"LONG_LEN":9,"ABBREV_LEN":4,"TINY":-99,"HOMEPART":1,"MIN_ZOOM":0,"MIN_LABEL":4,"MAX_LABEL":9,"LABEL_X":-85.069347,"LABEL_Y":12.670697,"NE_ID":1159321091,"WIKIDATAID":"Q811","NAME_AR":"نيكاراغوا","NAME_BN":"নিকারাগুয়া","NAME_DE":"Nicaragua","NAME_EN":"Nicaragua","NAME_ES":"Nicaragua","NAME_FA":"نیکاراگوئه","NAME_FR":"Nicaragua","NAME_EL":"Νικαράγουα","NAME_HE":"ניקרגואה","NAME_HI":"निकारागुआ","NAME_HU":"Nicaragua","NAME_ID":"Nikaragua","NAME_IT":"Nicaragua","NAME_JA":"ニカラグア","NAME_KO":"니카라과","NAME_NL":"Nicaragua","NAME_PL":"Nikaragua","NAME_PT":"Nicarágua","NAME_RU":"Никарагуа","NAME_SV":"Nicaragua","NAME_TR":"Nikaragua","NAME_UK":"Нікарагуа","NAME_UR":"نکاراگوا","NAME_VI":"Nicaragua","NAME_ZH":"尼加拉瓜","NAME_ZHT":"尼加拉瓜","FCLASS_ISO":"Admin-0 country","TLC_DIFF":null,"FCLASS_TLC":"Admin-0 country","FCLASS_US":null,"FCLASS_FR":null,"FCLASS_RU":null,"FCLASS_ES":null,"FCLASS_CN":null,"FCLASS_TW":null,"FCLASS_IN":null,"FCLASS_NP":null,"FCLASS_PK":null,"FCLASS_DE":null,"FCLASS_GB":null,"FCLASS_BR":null,"FCLASS_IL":null,"FCLASS_PS":null,"FCLASS_SA":null,"FCLASS_EG":null,"FCLASS_MA":null,"FCLASS_PT":null,"FCLASS_AR":null,"FCLASS_JP":null,"FCLASS_KO":null,"FCLASS_VN":null,"FCLASS_TR":null,"FCLASS_ID":null,"FCLASS_PL":null,"FCLASS_GR":null,"FCLASS_IT":null,"FCLASS_NL":null,"FCLASS_SE":null,"FCLASS_BD":null,"FCLASS_UA":null},"geometry":{"type":"Polygon","coordinates":[[[-83.655612,10.938764],[-83.895054,10.726839],[-84.190179,10.79345],[-84.355931,10.999226],[-84.673069,11.082657],[-84.903003,10.952303],[-85.561852,11.217119],[-85.71254,11.088445],[-86.058488,11.403439],[-86.52585,11.806877],[-86.745992,12.143962],[-87.167516,12.458258],[-87.668493,12.90991],[-87.557467,13.064552],[-87.392386,12.914018],[-87.316654,12.984686],[-87.005769,13.025794],[-86.880557,13.254204],[-86.733822,13.263093],[-86.755087,13.754845],[-86.520708,13.778487],[-86.312142,13.771356],[-86.096264,14.038187],[-85.801295,13.836055],[-85.698665,13.960078],[-85.514413,14.079012],[-85.165365,14.35437],[-85.148751,14.560197],[-85.052787,14.551541],[-84.924501,14.790493],[-84.820037,14.819587],[-84.649582,14.666805],[-84.449336,14.621614],[-84.228342,14.748764],[-83.975721,14.749436],[-83.628585,14.880074],[-83.489989,15.016267],[-83.147219,14.995829],[-83.233234,14.899866],[-83.284162,14.676624],[-83.182126,14.310703],[-83.4125,13.970078],[-83.519832,13.567699],[-83.552207,13.127054],[-83.498515,12.869292],[-83.473323,12.419087],[-83.626104,12.32085],[-83.719613,11.893124],[-83.650858,11.629032],[-83.85547,11.373311],[-83.808936,11.103044],[-83.655612,10.938764]]]}},{"type":"Feature","bbox":[-89.353326,12.984686,-83.147219,16.005406],"properties":{"featurecla":"Admin-0 country","scalerank":1,"LABELRANK":5,"SOVEREIGNT":"Honduras","SOV_A3":"HND","ADM0_DIF":0,"LEVEL":2,"TYPE":"Sovereign country","TLC":"1","ADMIN":"Honduras","ADM0_A3":"HND","GEOU_DIF":0,"GEOUNIT":"Honduras","GU_A3":"HND","SU_DIF":0,"SUBUNIT":"Honduras","SU_A3":"HND","BRK_DIFF":0,"NAME":"Honduras","NAME_LONG":"Honduras","BRK_A3":"HND","BRK_NAME":"Honduras","BRK_GROUP":null,"ABBREV":"Hond.","POSTAL":"HN","FORMAL_EN":"Republic of Honduras","FORMAL_FR":null,"NAME_CIAWF":"Honduras","NOTE_ADM0":null,"NOTE_BRK":null,"NAME_SORT":"Honduras","NAME_ALT":null,"MAPCOLOR7":2,"MAPCOLOR8":5,"MAPCOLOR9":2,"MAPCOLOR13":5,"POP_EST":9746117,"POP_RANK":13,"POP_YEAR":2019,"GDP_MD":25095,"GDP_YEAR":2019,"ECONOMY":"6. Developing region","INCOME_GRP":"4. Lower middle income","FIPS_10":"HO","ISO_A2":"HN","ISO_A2_EH":"HN","ISO_A3":"HND","ISO_A3_EH":"HND","ISO_N3":"340","ISO_N3_EH":"340","UN_A3":"340","WB_A2":"HN","WB_A3":"HND","WOE_ID":23424841,"WOE_ID_EH":23424841,"WOE_NOTE":"Exact WOE match as country","ADM0_ISO":"HND","ADM0_DIFF":null,"ADM0_TLC":"HND","ADM0_A3_US":"HND","ADM0_A3_FR":"HND","ADM0_A3_RU":"HND","ADM0_A3_ES":"HND","ADM0_A3_CN":"HND","ADM0_A3_TW":"HND","ADM0_A3_IN":"HND","ADM0_A3_NP":"HND","ADM0_A3_PK":"HND","ADM0_A3_DE":"HND","ADM0_A3_GB":"HND","ADM0_A3_BR":"HND","ADM0_A3_IL":"HND","ADM0_A3_PS":"HND","ADM0_A3_SA":"HND","ADM0_A3_EG":"HND","ADM0_A3_MA":"HND","ADM0_A3_PT":"HND","ADM0_A3_AR":"HND","ADM0_A3_JP":"HND","ADM0_A3_KO":"HND","ADM0_A3_VN":"HND","ADM0_A3_TR":"HND","ADM0_A3_ID":"HND","ADM0_A3_PL":"HND","ADM0_A3_GR":"HND","ADM0_A3_IT":"HND","ADM0_A3_NL":"HND","ADM0_A3_SE":"HND","ADM0_A3_BD":"HND","ADM0_A3_UA":"HND","ADM0_A3_UN":-99,"ADM0_A3_WB":-99,"CONTINENT":"North America","REGION_UN":"Americas","SUBREGION":"Central America","REGION_WB":"Latin America & Caribbean","NAME_LEN":8,"LONG_LEN":8,"ABBREV_LEN":5,"TINY":-99,"HOMEPART":1,"MIN_ZOOM":0,"MIN_LABEL":4.5,"MAX_LABEL":9.5,"LABEL_X":-86.887604,"LABEL_Y":14.794801,"NE_ID":1159320827,"WIKIDATAID":"Q783","NAME_AR":"هندوراس","NAME_BN":"হন্ডুরাস","NAME_DE":"Honduras","NAME_EN":"Honduras","NAME_ES":"Honduras","NAME_FA":"هندوراس","NAME_FR":"Honduras","NAME_EL":"Ονδούρα","NAME_HE":"הונדורס","NAME_HI":"हौण्डुरस","NAME_HU":"Honduras","NAME_ID":"Honduras","NAME_IT":"Honduras","NAME_JA":"ホンジュラス","NAME_KO":"온두라스","NAME_NL":"Honduras","NAME_PL":"Honduras","NAME_PT":"Honduras","NAME_RU":"Гондурас","NAME_SV":"Honduras","NAME_TR":"Honduras","NAME_UK":"Гондурас","NAME_UR":"ہونڈوراس","NAME_VI":"Honduras","NAME_ZH":"洪都拉斯","NAME_ZHT":"宏都拉斯","FCLASS_ISO":"Admin-0 country","TLC_DIFF":null,"FCLASS_TLC":"Admin-0 country","FCLASS_US":null,"FCLASS_FR":null,"FCLASS_RU":null,"FCLASS_ES":null,"FCLASS_CN":null,"FCLASS_TW":null,"FCLASS_IN":null,"FCLASS_NP":null,"FCLASS_PK":null,"FCLASS_DE":null,"FCLASS_GB":null,"FCLASS_BR":null,"FCLASS_IL":null,"FCLASS_PS":null,"FCLASS_SA":null,"FCLASS_EG":null,"FCLASS_MA":null,"FCLASS_PT":null,"FCLASS_AR":null,"FCLASS_JP":null,"FCLASS_KO":null,"FCLASS_VN":null,"FCLASS_TR":null,"FCLASS_ID":null,"FCLASS_PL":null,"FCLASS_GR":null,"FCLASS_IT":null,"FCLASS_NL":null,"FCLASS_SE":null,"FCLASS_BD":null,"FCLASS_UA":null},"geometry":{"type":"Polygon","coordinates":[[[-83.147219,14.995829],[-83.489989,15.016267],[-83.628585,14.880074],[-83.975721,14.749436],[-84.228342,14.748764],[-84.449336,14.621614],[-84.649582,14.666805],[-84.820037,14.819587],[-84.924501,14.790493],[-85.052787,14.551541],[-85.148751,14.560197],[-85.165365,14.35437],[-85.514413,14.079012],[-85.698665,13.960078],[-85.801295,13.836055],[-86.096264,14.038187],[-86.312142,13.771356],[-86.520708,13.778487],[-86.755087,13.754845],[-86.733822,13.263093],[-86.880557,13.254204],[-87.005769,13.025794],[-87.316654,12.984686],[-87.489409,13.297535],[-87.793111,13.38448],[-87.723503,13.78505],[-87.859515,13.893312],[-88.065343,13.964626],[-88.503998,13.845486],[-88.541231,13.980155],[-88.843073,14.140507],[-89.058512,14.340029],[-89.353326,14.424133],[-89.145535,14.678019],[-89.22522,14.874286],[-89.154811,15.066419],[-88.68068,15.346247],[-88.225023,15.727722],[-88.121153,15.688655],[-87.901813,15.864458],[-87.61568,15.878799],[-87.522921,15.797279],[-87.367762,15.84694],[-86.903191,15.756713],[-86.440946,15.782835],[-86.119234,15.893449],[-86.001954,16.005406],[-85.683317,15.953652],[-85.444004,15.885749],[-85.182444,15.909158],[-84.983722,15.995923],[-84.52698,15.857224],[-84.368256,15.835158],[-84.063055,15.648244],[-83.773977,15.424072],[-83.410381,15.270903],[-83.147219,14.995829]]]}},{"type":"Feature","bbox":[-90.095555,13.149017,-87.723503,14.424133],"properties":{"featurecla":"Admin-0 country","scalerank":1,"LABELRANK":6,"SOVEREIGNT":"El Salvador","SOV_A3":"SLV","ADM0_DIF":0,"LEVEL":2,"TYPE":"Sovereign country","TLC":"1","ADMIN":"El Salvador","ADM0_A3":"SLV","GEOU_DIF":0,"GEOUNIT":"El Salvador","GU_A3":"SLV","SU_DIF":0,"SUBUNIT":"El Salvador","SU_A3":"SLV","BRK_DIFF":0,"NAME":"El Salvador","NAME_LONG":"El Salvador","BRK_A3":"SLV","BRK_NAME":"El Salvador","BRK_GROUP":null,"ABBREV":"El. S.","POSTAL":"SV","FORMAL_EN":"Republic of El Salvador","FORMAL_FR":null,"NAME_CIAWF":"El Salvador","NOTE_ADM0":null,"NOTE_BRK":null,"NAME_SORT":"El Salvador","NAME_ALT":null,"MAPCOLOR7":1,"MAPCOLOR8":4,"MAPCOLOR9":6,"MAPCOLOR13":8,"POP_EST":6453553,"POP_RANK":13,"POP_YEAR":2019,"GDP_MD":27022,"GDP_YEAR":2019,"ECONOMY":"6. Developing region","INCOME_GRP":"4. Lower middle income","FIPS_10":"ES","ISO_A2":"SV","ISO_A2_EH":"SV","ISO_A3":"SLV","ISO_A3_EH":"SLV","ISO_N3":"222","ISO_N3_EH":"222","UN_A3":"222","WB_A2":"SV","WB_A3":"SLV","WOE_ID":23424807,"WOE_ID_EH":23424807,"WOE_NOTE":"Exact WOE match as country","ADM0_ISO":"SLV","ADM0_DIFF":null,"ADM0_TLC":"SLV","ADM0_A3_US":"SLV","ADM0_A3_FR":"SLV","ADM0_A3_RU":"SLV","ADM0_A3_ES":"SLV","ADM0_A3_CN":"SLV","ADM0_A3_TW":"SLV","ADM0_A3_IN":"SLV","ADM0_A3_NP":"SLV","ADM0_A3_PK":"SLV","ADM0_A3_DE":"SLV","ADM0_A3_GB":"SLV","ADM0_A3_BR":"SLV","ADM0_A3_IL":"SLV","ADM0_A3_PS":"SLV","ADM0_A3_SA":"SLV","ADM0_A3_EG":"SLV","ADM0_A3_MA":"SLV","ADM0_A3_PT":"SLV","ADM0_A3_AR":"SLV","ADM0_A3_JP":"SLV","ADM0_A3_KO":"SLV","ADM0_A3_VN":"SLV","ADM0_A3_TR":"SLV","ADM0_A3_ID":"SLV","ADM0_A3_PL":"SLV","ADM0_A3_GR":"SLV","ADM0_A3_IT":"SLV","ADM0_A3_NL":"SLV","ADM0_A3_SE":"SLV","ADM0_A3_BD":"SLV","ADM0_A3_UA":"SLV","ADM0_A3_UN":-99,"ADM0_A3_WB":-99,"CONTINENT":"North America","REGION_UN":"Americas","SUBREGION":"Central America","REGION_WB":"Latin America & Caribbean","NAME_LEN":11,"LONG_LEN":11,"ABBREV_LEN":6,"TINY":-99,"HOMEPART":1,"MIN_ZOOM":0,"MIN_LABEL":5,"MAX_LABEL":10,"LABEL_X":-88.890124,"LABEL_Y":13.685371,"NE_ID":1159321253,"WIKIDATAID":"Q792","NAME_AR":"السلفادور","NAME_BN":"এল সালভাদোর","NAME_DE":"El Salvador","NAME_EN":"El Salvador","NAME_ES":"El Salvador","NAME_FA":"السالوادور","NAME_FR":"Salvador","NAME_EL":"Ελ Σαλβαδόρ","NAME_HE":"אל סלוודור","NAME_HI":"अल साल्वाडोर","NAME_HU":"Salvador","NAME_ID":"El Salvador","NAME_IT":"El Salvador","NAME_JA":"エルサルバドル","NAME_KO":"엘살바도르","NAME_NL":"El Salvador","NAME_PL":"Salwador","NAME_PT":"El Salvador","NAME_RU":"Сальвадор","NAME_SV":"El Salvador","NAME_TR":"El Salvador","NAME_UK":"Сальвадор","NAME_UR":"ایل سیلواڈور","NAME_VI":"El Salvador","NAME_ZH":"萨尔瓦多","NAME_ZHT":"薩爾瓦多","FCLASS_ISO":"Admin-0 country","TLC_DIFF":null,"FCLASS_TLC":"Admin-0 country","FCLASS_US":null,"FCLASS_FR":null,"FCLASS_RU":null,"FCLASS_ES":null,"FCLASS_CN":null,"FCLASS_TW":null,"FCLASS_IN":null,"FCLASS_NP":null,"FCLASS_PK":null,"FCLASS_DE":null,"FCLASS_GB":null,"FCLASS_BR":null,"FCLASS_IL":null,"FCLASS_PS":null,"FCLASS_SA":null,"FCLASS_EG":null,"FCLASS_MA":null,"FCLASS_PT":null,"FCLASS_AR":null,"FCLASS_JP":null,"FCLASS_KO":null,"FCLASS_VN":null,"FCLASS_TR":null,"FCLASS_ID":null,"FCLASS_PL":null,"FCLASS_GR":null,"FCLASS_IT":null,"FCLASS_NL":null,"FCLASS_SE":null,"FCLASS_BD":null,"FCLASS_UA":null},"geometry":{"type":"Polygon","coordinates":[[[-89.353326,14.424133],[-89.058512,14.340029],[-88.843073,14.140507],[-88.541231,13.980155],[-88.503998,13.845486],[-88.065343,13.964626],[-87.859515,13.893312],[-87.723503,13.78505],[-87.793111,13.38448],[-87.904112,13.149017],[-88.483302,13.163951],[-88.843228,13.259734],[-89.256743,13.458533],[-89.812394,13.520622],[-90.095555,13.735338],[-90.064678,13.88197],[-89.721934,14.134228],[-89.534219,14.244816],[-89.587343,14.362586],[-89.353326,14.424133]]]}},{"type":"Feature","bbox":[-92.229249,13.735338,-88.225023,17.819326],"properties":{"featurecla":"Admin-0 country","scalerank":1,"LABELRANK":3,"SOVEREIGNT":"Guatemala","SOV_A3":"GTM","ADM0_DIF":0,"LEVEL":2,"TYPE":"Sovereign country","TLC":"1","ADMIN":"Guatemala","ADM0_A3":"GTM","GEOU_DIF":0,"GEOUNIT":"Guatemala","GU_A3":"GTM","SU_DIF":0,"SUBUNIT":"Guatemala","SU_A3":"GTM","BRK_DIFF":0,"NAME":"Guatemala","NAME_LONG":"Guatemala","BRK_A3":"GTM","BRK_NAME":"Guatemala","BRK_GROUP":null,"ABBREV":"Guat.","POSTAL":"GT","FORMAL_EN":"Republic of Guatemala","FORMAL_FR":null,"NAME_CIAWF":"Guatemala","NOTE_ADM0":null,"NOTE_BRK":null,"NAME_SORT":"Guatemala","NAME_ALT":null,"MAPCOLOR7":3,"MAPCOLOR8":3,"MAPCOLOR9":3,"MAPCOLOR13":6,"POP_EST":16604026,"POP_RANK":14,"POP_YEAR":2019,"GDP_MD":76710,"GDP_YEAR":2019,"ECONOMY":"6. Developing region","INCOME_GRP":"4. Lower middle income","FIPS_10":"GT","ISO_A2":"GT","ISO_A2_EH":"GT","ISO_A3":"GTM","ISO_A3_EH":"GTM","ISO_N3":"320","ISO_N3_EH":"320","UN_A3":"320","WB_A2":"GT","WB_A3":"GTM","WOE_ID":23424834,"WOE_ID_EH":23424834,"WOE_NOTE":"Exact WOE match as country","ADM0_ISO":"GTM","ADM0_DIFF":null,"ADM0_TLC":"GTM","ADM0_A3_US":"GTM","ADM0_A3_FR":"GTM","ADM0_A3_RU":"GTM","ADM0_A3_ES":"GTM","ADM0_A3_CN":"GTM","ADM0_A3_TW":"GTM","ADM0_A3_IN":"GTM","ADM0_A3_NP":"GTM","ADM0_A3_PK":"GTM","ADM0_A3_DE":"GTM","ADM0_A3_GB":"GTM","ADM0_A3_BR":"GTM","ADM0_A3_IL":"GTM","ADM0_A3_PS":"GTM","ADM0_A3_SA":"GTM","ADM0_A3_EG":"GTM","ADM0_A3_MA":"GTM","ADM0_A3_PT":"GTM","ADM0_A3_AR":"GTM","ADM0_A3_JP":"GTM","ADM0_A3_KO":"GTM","ADM0_A3_VN":"GTM","ADM0_A3_TR":"GTM","ADM0_A3_ID":"GTM","ADM0_A3_PL":"GTM","ADM0_A3_GR":"GTM","ADM0_A3_IT":"GTM","ADM0_A3_NL":"GTM","ADM0_A3_SE":"GTM","ADM0_A3_BD":"GTM","ADM0_A3_UA":"GTM","ADM0_A3_UN":-99,"ADM0_A3_WB":-99,"CONTINENT":"North America","REGION_UN":"Americas","SUBREGION":"Central America","REGION_WB":"Latin America & Caribbean","NAME_LEN":9,"LONG_LEN":9,"ABBREV_LEN":5,"TINY":4,"HOMEPART":1,"MIN_ZOOM":0,"MIN_LABEL":3,"MAX_LABEL":8,"LABEL_X":-90.497134,"LABEL_Y":14.982133,"NE_ID":1159320815,"WIKIDATAID":"Q774","NAME_AR":"غواتيمالا","NAME_BN":"গুয়াতেমালা","NAME_DE":"Guatemala","NAME_EN":"Guatemala","NAME_ES":"Guatemala","NAME_FA":"گواتمالا","NAME_FR":"Guatemala","NAME_EL":"Γουατεμάλα","NAME_HE":"גואטמלה","NAME_HI":"ग्वाटेमाला","NAME_HU":"Guatemala","NAME_ID":"Guatemala","NAME_IT":"Guatemala","NAME_JA":"グアテマラ","NAME_KO":"과테말라","NAME_NL":"Guatemala","NAME_PL":"Gwatemala","NAME_PT":"Guatemala","NAME_RU":"Гватемала","NAME_SV":"Guatemala","NAME_TR":"Guatemala","NAME_UK":"Гватемала","NAME_UR":"گواتیمالا","NAME_VI":"Guatemala","NAME_ZH":"危地马拉","NAME_ZHT":"瓜地馬拉","FCLASS_ISO":"Admin-0 country","TLC_DIFF":null,"FCLASS_TLC":"Admin-0 country","FCLASS_US":null,"FCLASS_FR":null,"FCLASS_RU":null,"FCLASS_ES":null,"FCLASS_CN":null,"FCLASS_TW":null,"FCLASS_IN":null,"FCLASS_NP":null,"FCLASS_PK":null,"FCLASS_DE":null,"FCLASS_GB":null,"FCLASS_BR":null,"FCLASS_IL":null,"FCLASS_PS":null,"FCLASS_SA":null,"FCLASS_EG":null,"FCLASS_MA":null,"FCLASS_PT":null,"FCLASS_AR":null,"FCLASS_JP":null,"FCLASS_KO":null,"FCLASS_VN":null,"FCLASS_TR":null,"FCLASS_ID":null,"FCLASS_PL":null,"FCLASS_GR":null,"FCLASS_IT":null,"FCLASS_NL":null,"FCLASS_SE":null,"FCLASS_BD":null,"FCLASS_UA":null},"geometry":{"type":"Polygon","coordinates":[[[-92.22775,14.538829],[-92.20323,14.830103],[-92.087216,15.064585],[-92.229249,15.251447],[-91.74796,16.066565],[-90.464473,16.069562],[-90.438867,16.41011],[-90.600847,16.470778],[-90.711822,16.687483],[-91.08167,16.918477],[-91.453921,17.252177],[-91.002269,17.254658],[-91.00152,17.817595],[-90.067934,17.819326],[-89.14308,17.808319],[-89.150806,17.015577],[-89.229122,15.886938],[-88.930613,15.887273],[-88.604586,15.70638],[-88.518364,15.855389],[-88.225023,15.727722],[-88.68068,15.346247],[-89.154811,15.066419],[-89.22522,14.874286],[-89.145535,14.678019],[-89.353326,14.424133],[-89.587343,14.362586],[-89.534219,14.244816],[-89.721934,14.134228],[-90.064678,13.88197],[-90.095555,13.735338],[-90.608624,13.909771],[-91.23241,13.927832],[-91.689747,14.126218],[-92.22775,14.538829]]]}},{"type":"Feature","bbox":[-89.229122,15.886938,-88.106813,18.499982],"properties":{"featurecla":"Admin-0 country","scalerank":1,"LABELRANK":6,"SOVEREIGNT":"Belize","SOV_A3":"BLZ","ADM0_DIF":0,"LEVEL":2,"TYPE":"Sovereign country","TLC":"1","ADMIN":"Belize","ADM0_A3":"BLZ","GEOU_DIF":0,"GEOUNIT":"Belize","GU_A3":"BLZ","SU_DIF":0,"SUBUNIT":"Belize","SU_A3":"BLZ","BRK_DIFF":0,"NAME":"Belize","NAME_LONG":"Belize","BRK_A3":"BLZ","BRK_NAME":"Belize","BRK_GROUP":null,"ABBREV":"Belize","POSTAL":"BZ","FORMAL_EN":"Belize","FORMAL_FR":null,"NAME_CIAWF":"Belize","NOTE_ADM0":null,"NOTE_BRK":null,"NAME_SORT":"Belize","NAME_ALT":null,"MAPCOLOR7":1,"MAPCOLOR8":4,"MAPCOLOR9":5,"MAPCOLOR13":7,"POP_EST":390353,"POP_RANK":10,"POP_YEAR":2019,"GDP_MD":1879,"GDP_YEAR":2019,"ECONOMY":"6. Developing region","INCOME_GRP":"4. Lower middle income","FIPS_10":"BH","ISO_A2":"BZ","ISO_A2_EH":"BZ","ISO_A3":"BLZ","ISO_A3_EH":"BLZ","ISO_N3":"084","ISO_N3_EH":"084","UN_A3":"084","WB_A2":"BZ","WB_A3":"BLZ","WOE_ID":23424760,"WOE_ID_EH":23424760,"WOE_NOTE":"Exact WOE match as country","ADM0_ISO":"BLZ","ADM0_DIFF":null,"ADM0_TLC":"BLZ","ADM0_A3_US":"BLZ","ADM0_A3_FR":"BLZ","ADM0_A3_RU":"BLZ","ADM0_A3_ES":"BLZ","ADM0_A3_CN":"BLZ","ADM0_A3_TW":"BLZ","ADM0_A3_IN":"BLZ","ADM0_A3_NP":"BLZ","ADM0_A3_PK":"BLZ","ADM0_A3_DE":"BLZ","ADM0_A3_GB":"BLZ","ADM0_A3_BR":"BLZ","ADM0_A3_IL":"BLZ","ADM0_A3_PS":"BLZ","ADM0_A3_SA":"BLZ","ADM0_A3_EG":"BLZ","ADM0_A3_MA":"BLZ","ADM0_A3_PT":"BLZ","ADM0_A3_AR":"BLZ","ADM0_A3_JP":"BLZ","ADM0_A3_KO":"BLZ","ADM0_A3_VN":"BLZ","ADM0_A3_TR":"BLZ","ADM0_A3_ID":"BLZ","ADM0_A3_PL":"BLZ","ADM0_A3_GR":"BLZ","ADM0_A3_IT":"BLZ","ADM0_A3_NL":"BLZ","ADM0_A3_SE":"BLZ","ADM0_A3_BD":"BLZ","ADM0_A3_UA":"BLZ","ADM0_A3_UN":-99,"ADM0_A3_WB":-99,"CONTINENT":"North America","REGION_UN":"Americas","SUBREGION":"Central America","REGION_WB":"Latin America & Caribbean","NAME_LEN":6,"LONG_LEN":6,"ABBREV_LEN":6,"TINY":-99,"HOMEPART":1,"MIN_ZOOM":0,"MIN_LABEL":5,"MAX_LABEL":10,"LABEL_X":-88.712962,"LABEL_Y":17.202068,"NE_ID":1159320431,"WIKIDATAID":"Q242","NAME_AR":"بليز","NAME_BN":"বেলিজ","NAME_DE":"Belize","NAME_EN":"Belize","NAME_ES":"Belice","NAME_FA":"بلیز","NAME_FR":"Belize","NAME_EL":"Μπελίζ","NAME_HE":"בליז","NAME_HI":"बेलीज़","NAME_HU":"Belize","NAME_ID":"Belize","NAME_IT":"Belize","NAME_JA":"ベリーズ","NAME_KO":"벨리즈","NAME_NL":"Belize","NAME_PL":"Belize","NAME_PT":"Belize","NAME_RU":"Белиз","NAME_SV":"Belize","NAME_TR":"Belize","NAME_UK":"Беліз","NAME_UR":"بیلیز","NAME_VI":"Belize","NAME_ZH":"伯利兹","NAME_ZHT":"貝里斯","FCLASS_ISO":"Admin-0 country","TLC_DIFF":null,"FCLASS_TLC":"Admin-0 country","FCLASS_US":null,"FCLASS_FR":null,"FCLASS_RU":null,"FCLASS_ES":null,"FCLASS_CN":null,"FCLASS_TW":null,"FCLASS_IN":null,"FCLASS_NP":null,"FCLASS_PK":null,"FCLASS_DE":null,"FCLASS_GB":null,"FCLASS_BR":null,"FCLASS_IL":null,"FCLASS_PS":null,"FCLASS_SA":null,"FCLASS_EG":null,"FCLASS_MA":null,"FCLASS_PT":null,"FCLASS_AR":null,"FCLASS_JP":null,"FCLASS_KO":null,"FCLASS_VN":null,"FCLASS_TR":null,"FCLASS_ID":null,"FCLASS_PL":null,"FCLASS_GR":null,"FCLASS_IT":null,"FCLASS_NL":null,"FCLASS_SE":null,"FCLASS_BD":null,"FCLASS_UA":null},"geometry":{"type":"Polygon","coordinates":[[[-89.14308,17.808319],[-89.150909,17.955468],[-89.029857,18.001511],[-88.848344,17.883198],[-88.490123,18.486831],[-88.300031,18.499982],[-88.296336,18.353273],[-88.106813,18.348674],[-88.123479,18.076675],[-88.285355,17.644143],[-88.197867,17.489475],[-88.302641,17.131694],[-88.239518,17.036066],[-88.355428,16.530774],[-88.551825,16.265467],[-88.732434,16.233635],[-88.930613,15.887273],[-89.229122,15.886938],[-89.150806,17.015577],[-89.14308,17.808319]]]}},{"type":"Feature","bbox":[-73.304952,0.724452,-59.758285,12.162307],"properties":{"featurecla":"Admin-0 country","scalerank":1,"LABELRANK":3,"SOVEREIGNT":"Venezuela","SOV_A3":"VEN","ADM0_DIF":0,"LEVEL":2,"TYPE":"Sovereign country","TLC":"1","ADMIN":"Venezuela","ADM0_A3":"VEN","GEOU_DIF":0,"GEOUNIT":"Venezuela","GU_A3":"VEN","SU_DIF":0,"SUBUNIT":"Venezuela","SU_A3":"VEN","BRK_DIFF":0,"NAME":"Venezuela","NAME_LONG":"Venezuela","BRK_A3":"VEN","BRK_NAME":"Venezuela","BRK_GROUP":null,"ABBREV":"Ven.","POSTAL":"VE","FORMAL_EN":"Bolivarian Republic of Venezuela","FORMAL_FR":"República Bolivariana de Venezuela","NAME_CIAWF":"Venezuela","NOTE_ADM0":null,"NOTE_BRK":null,"NAME_SORT":"Venezuela, RB","NAME_ALT":null,"MAPCOLOR7":1,"MAPCOLOR8":3,"MAPCOLOR9":1,"MAPCOLOR13":4,"POP_EST":28515829,"POP_RANK":15,"POP_YEAR":2019,"GDP_MD":482359,"GDP_YEAR":2014,"ECONOMY":"5. Emerging region: G20","INCOME_GRP":"3. Upper middle income","FIPS_10":"VE","ISO_A2":"VE","ISO_A2_EH":"VE","ISO_A3":"VEN","ISO_A3_EH":"VEN","ISO_N3":"862","ISO_N3_EH":"862","UN_A3":"862","WB_A2":"VE","WB_A3":"VEN","WOE_ID":23424982,"WOE_ID_EH":23424982,"WOE_NOTE":"Exact WOE match as country","ADM0_ISO":"VEN","ADM0_DIFF":null,"ADM0_TLC":"VEN","ADM0_A3_US":"VEN","ADM0_A3_FR":"VEN","ADM0_A3_RU":"VEN","ADM0_A3_ES":"VEN","ADM0_A3_CN":"VEN","ADM0_A3_TW":"VEN","ADM0_A3_IN":"VEN","ADM0_A3_NP":"VEN","ADM0_A3_PK":"VEN","ADM0_A3_DE":"VEN","ADM0_A3_GB":"VEN","ADM0_A3_BR":"VEN","ADM0_A3_IL":"VEN","ADM0_A3_PS":"VEN","ADM0_A3_SA":"VEN","ADM0_A3_EG":"VEN","ADM0_A3_MA":"VEN","ADM0_A3_PT":"VEN","ADM0_A3_AR":"VEN","ADM0_A3_JP":"VEN","ADM0_A3_KO":"VEN","ADM0_A3_VN":"VEN","ADM0_A3_TR":"VEN","ADM0_A3_ID":"VEN","ADM0_A3_PL":"VEN","ADM0_A3_GR":"VEN","ADM0_A3_IT":"VEN","ADM0_A3_NL":"VEN","ADM0_A3_SE":"VEN","ADM0_A3_BD":"VEN","ADM0_A3_UA":"VEN","ADM0_A3_UN":-99,"ADM0_A3_WB":-99,"CONTINENT":"South America","REGION_UN":"Americas","SUBREGION":"South America","REGION_WB":"Latin America & Caribbean","NAME_LEN":9,"LONG_LEN":9,"ABBREV_LEN":4,"TINY":-99,"HOMEPART":1,"MIN_ZOOM":0,"MIN_LABEL":2.5,"MAX_LABEL":7.5,"LABEL_X":-64.599381,"LABEL_Y":7.182476,"NE_ID":1159321411,"WIKIDATAID":"Q717","NAME_AR":"فنزويلا","NAME_BN":"ভেনেজুয়েলা","NAME_DE":"Venezuela","NAME_EN":"Venezuela","NAME_ES":"Venezuela","NAME_FA":"ونزوئلا","NAME_FR":"Venezuela","NAME_EL":"Βενεζουέλα","NAME_HE":"ונצואלה","NAME_HI":"वेनेज़ुएला","NAME_HU":"Venezuela","NAME_ID":"Venezuela","NAME_IT":"Venezuela","NAME_JA":"ベネズエラ","NAME_KO":"베네수엘라","NAME_NL":"Venezuela","NAME_PL":"Wenezuela","NAME_PT":"Venezuela","NAME_RU":"Венесуэла","NAME_SV":"Venezuela","NAME_TR":"Venezuela","NAME_UK":"Венесуела","NAME_UR":"وینیزویلا","NAME_VI":"Venezuela","NAME_ZH":"委内瑞拉","NAME_ZHT":"委內瑞拉","FCLASS_ISO":"Admin-0 country","TLC_DIFF":null,"FCLASS_TLC":"Admin-0 country","FCLASS_US":null,"FCLASS_FR":null,"FCLASS_RU":null,"FCLASS_ES":null,"FCLASS_CN":null,"FCLASS_TW":null,"FCLASS_IN":null,"FCLASS_NP":null,"FCLASS_PK":null,"FCLASS_DE":null,"FCLASS_GB":null,"FCLASS_BR":null,"FCLASS_IL":null,"FCLASS_PS":null,"FCLASS_SA":null,"FCLASS_EG":null,"FCLASS_MA":null,"FCLASS_PT":null,"FCLASS_AR":null,"FCLASS_JP":null,"FCLASS_KO":null,"FCLASS_VN":null,"FCLASS_TR":null,"FCLASS_ID":null,"FCLASS_PL":null,"FCLASS_GR":null,"FCLASS_IT":null,"FCLASS_NL":null,"FCLASS_SE":null,"FCLASS_BD":null,"FCLASS_UA":null},"geometry":{"type":"Polygon","coordinates":[[[-72.11648958359709,7.220541],[-72.198352,7.340431],[-72.444487,7.423785],[-72.479679,7.632506],[-72.360901,8.002638],[-72.439862,8.405275],[-72.660495,8.625288],[-72.78873,9.085027],[-73.304952,9.152],[-73.027604,9.73677],[-72.905286,10.450344],[-72.614658,10.821975],[-72.227575,11.108702],[-71.973922,11.608672],[-71.331584,11.776284],[-71.360006,11.539994],[-71.94705,11.423282],[-71.620868,10.96946],[-71.633064,10.446494],[-72.074174,9.865651],[-71.695644,9.072263],[-71.264559,9.137195],[-71.039999,9.859993],[-71.350084,10.211935],[-71.400623,10.968969],[-70.155299,11.375482],[-70.293843,11.846822],[-69.943245,12.162307],[-69.5843,11.459611],[-68.882999,11.443385],[-68.233271,10.885744],[-68.194127,10.554653],[-67.296249,10.545868],[-66.227864,10.648627],[-65.655238,10.200799],[-64.890452,10.077215],[-64.329479,10.389599],[-64.318007,10.641418],[-63.079322,10.701724],[-61.880946,10.715625],[-62.730119,10.420269],[-62.388512,9.948204],[-61.588767,9.873067],[-60.830597,9.38134],[-60.671252,8.580174],[-60.150096,8.602757],[-59.758285,8.367035],[-60.550588,7.779603],[-60.637973,7.415],[-60.458597464764516,7.220541],[-72.11648958359709,7.220541]]]}},{"type":"Feature","bbox":[-61.410303,1.268088,-56.539386,8.367035],"properties":{"featurecla":"Admin-0 country","scalerank":1,"LABELRANK":4,"SOVEREIGNT":"Guyana","SOV_A3":"GUY","ADM0_DIF":0,"LEVEL":2,"TYPE":"Sovereign country","TLC":"1","ADMIN":"Guyana","ADM0_A3":"GUY","GEOU_DIF":0,"GEOUNIT":"Guyana","GU_A3":"GUY","SU_DIF":0,"SUBUNIT":"Guyana","SU_A3":"GUY","BRK_DIFF":0,"NAME":"Guyana","NAME_LONG":"Guyana","BRK_A3":"GUY","BRK_NAME":"Guyana","BRK_GROUP":null,"ABBREV":"Guy.","POSTAL":"GY","FORMAL_EN":"Co-operative Republic of Guyana","FORMAL_FR":null,"NAME_CIAWF":"Guyana","NOTE_ADM0":null,"NOTE_BRK":null,"NAME_SORT":"Guyana","NAME_ALT":null,"MAPCOLOR7":3,"MAPCOLOR8":1,"MAPCOLOR9":4,"MAPCOLOR13":8,"POP_EST":782766,"POP_RANK":11,"POP_YEAR":2019,"GDP_MD":5173,"GDP_YEAR":2019,"ECONOMY":"6. Developing region","INCOME_GRP":"4. Lower middle income","FIPS_10":"GY","ISO_A2":"GY","ISO_A2_EH":"GY","ISO_A3":"GUY","ISO_A3_EH":"GUY","ISO_N3":"328","ISO_N3_EH":"328","UN_A3":"328","WB_A2":"GY","WB_A3":"GUY","WOE_ID":23424836,"WOE_ID_EH":23424836,"WOE_NOTE":"Exact WOE match as country","ADM0_ISO":"GUY","ADM0_DIFF":null,"ADM0_TLC":"GUY","ADM0_A3_US":"GUY","ADM0_A3_FR":"GUY","ADM0_A3_RU":"GUY","ADM0_A3_ES":"GUY","ADM0_A3_CN":"GUY","ADM0_A3_TW":"GUY","ADM0_A3_IN":"GUY","ADM0_A3_NP":"GUY","ADM0_A3_PK":"GUY","ADM0_A3_DE":"GUY","ADM0_A3_GB":"GUY","ADM0_A3_BR":"GUY","ADM0_A3_IL":"GUY","ADM0_A3_PS":"GUY","ADM0_A3_SA":"GUY","ADM0_A3_EG":"GUY","ADM0_A3_MA":"GUY","ADM0_A3_PT":"GUY","ADM0_A3_AR":"GUY","ADM0_A3_JP":"GUY","ADM0_A3_KO":"GUY","ADM0_A3_VN":"GUY","ADM0_A3_TR":"GUY","ADM0_A3_ID":"GUY","ADM0_A3_PL":"GUY","ADM0_A3_GR":"GUY","ADM0_A3_IT":"GUY","ADM0_A3_NL":"GUY","ADM0_A3_SE":"GUY","ADM0_A3_BD":"GUY","ADM0_A3_UA":"GUY","ADM0_A3_UN":-99,"ADM0_A3_WB":-99,"CONTINENT":"South America","REGION_UN":"Americas","SUBREGION":"South America","REGION_WB":"Latin America & Caribbean","NAME_LEN":6,"LONG_LEN":6,"ABBREV_LEN":4,"TINY":-99,"HOMEPART":1,"MIN_ZOOM":0,"MIN_LABEL":4,"MAX_LABEL":9,"LABEL_X":-58.942643,"LABEL_Y":5.124317,"NE_ID":1159320817,"WIKIDATAID":"Q734","NAME_AR":"غيانا","NAME_BN":"গায়ানা","NAME_DE":"Guyana","NAME_EN":"Guyana","NAME_ES":"Guyana","NAME_FA":"گویان","NAME_FR":"Guyana","NAME_EL":"Γουιάνα","NAME_HE":"גיאנה","NAME_HI":"गयाना","NAME_HU":"Guyana","NAME_ID":"Guyana","NAME_IT":"Guyana","NAME_JA":"ガイアナ","NAME_KO":"가이아나","NAME_NL":"Guyana","NAME_PL":"Gujana","NAME_PT":"Guiana","NAME_RU":"Гайана","NAME_SV":"Guyana","NAME_TR":"Guyana","NAME_UK":"Гаяна","NAME_UR":"گیانا","NAME_VI":"Guyana","NAME_ZH":"圭亚那","NAME_ZHT":"圭亞那","FCLASS_ISO":"Admin-0 country","TLC_DIFF":null,"FCLASS_TLC":"Admin-0 country","FCLASS_US":null,"FCLASS_FR":null,"FCLASS_RU":null,"FCLASS_ES":null,"FCLASS_CN":null,"FCLASS_TW":null,"FCLASS_IN":null,"FCLASS_NP":null,"FCLASS_PK":null,"FCLASS_DE":null,"FCLASS_GB":null,"FCLASS_BR":null,"FCLASS_IL":null,"FCLASS_PS":null,"FCLASS_SA":null,"FCLASS_EG":null,"FCLASS_MA":null,"FCLASS_PT":null,"FCLASS_AR":null,"FCLASS_JP":null,"FCLASS_KO":null,"FCLASS_VN":null,"FCLASS_TR":null,"FCLASS_ID":null,"FCLASS_PL":null,"FCLASS_GR":null,"FCLASS_IT":null,"FCLASS_NL":null,"FCLASS_SE":null,"FCLASS_BD":null,"FCLASS_UA":null},"geometry":{"type":"Polygon","coordinates":[[[-60.458597464764516,7.220541],[-60.637973,7.415],[-60.550588,7.779603],[-59.758285,8.367035],[-59.101684,7.999202],[-58.482962,7.347691],[-58.47602646463807,7.220541],[-60.458597464764516,7.220541]]]}},{"type":"Feature","bbox":[-54.524754,2.053389,9.560016,51.148506],"properties":{"featurecla":"Admin-0 country","scalerank":1,"LABELRANK":2,"SOVEREIGNT":"France","SOV_A3":"FR1","ADM0_DIF":1,"LEVEL":2,"TYPE":"Country","TLC":"1","ADMIN":"France","ADM0_A3":"FRA","GEOU_DIF":0,"GEOUNIT":"France","GU_A3":"FRA","SU_DIF":0,"SUBUNIT":"France","SU_A3":"FRA","BRK_DIFF":0,"NAME":"France","NAME_LONG":"France","BRK_A3":"FRA","BRK_NAME":"France","BRK_GROUP":null,"ABBREV":"Fr.","POSTAL":"F","FORMAL_EN":"French Republic","FORMAL_FR":null,"NAME_CIAWF":"France","NOTE_ADM0":null,"NOTE_BRK":null,"NAME_SORT":"France","NAME_ALT":null,"MAPCOLOR7":7,"MAPCOLOR8":5,"MAPCOLOR9":9,"MAPCOLOR13":11,"POP_EST":67059887,"POP_RANK":16,"POP_YEAR":2019,"GDP_MD":2715518,"GDP_YEAR":2019,"ECONOMY":"1. Developed region: G7","INCOME_GRP":"1. High income: OECD","FIPS_10":"FR","ISO_A2":"-99","ISO_A2_EH":"FR","ISO_A3":"-99","ISO_A3_EH":"FRA","ISO_N3":"-99","ISO_N3_EH":"250","UN_A3":"250","WB_A2":"FR","WB_A3":"FRA","WOE_ID":-90,"WOE_ID_EH":23424819,"WOE_NOTE":"Includes only Metropolitan France (including Corsica)","ADM0_ISO":"FRA","ADM0_DIFF":null,"ADM0_TLC":"FRA","ADM0_A3_US":"FRA","ADM0_A3_FR":"FRA","ADM0_A3_RU":"FRA","ADM0_A3_ES":"FRA","ADM0_A3_CN":"FRA","ADM0_A3_TW":"FRA","ADM0_A3_IN":"FRA","ADM0_A3_NP":"FRA","ADM0_A3_PK":"FRA","ADM0_A3_DE":"FRA","ADM0_A3_GB":"FRA","ADM0_A3_BR":"FRA","ADM0_A3_IL":"FRA","ADM0_A3_PS":"FRA","ADM0_A3_SA":"FRA","ADM0_A3_EG":"FRA","ADM0_A3_MA":"FRA","ADM0_A3_PT":"FRA","ADM0_A3_AR":"FRA","ADM0_A3_JP":"FRA","ADM0_A3_KO":"FRA","ADM0_A3_VN":"FRA","ADM0_A3_TR":"FRA","ADM0_A3_ID":"FRA","ADM0_A3_PL":"FRA","ADM0_A3_GR":"FRA","ADM0_A3_IT":"FRA","ADM0_A3_NL":"FRA","ADM0_A3_SE":"FRA","ADM0_A3_BD":"FRA","ADM0_A3_UA":"FRA","ADM0_A3_UN":-99,"ADM0_A3_WB":-99,"CONTINENT":"Europe","REGION_UN":"Europe","SUBREGION":"Western Europe","REGION_WB":"Europe & Central Asia","NAME_LEN":6,"LONG_LEN":6,"ABBREV_LEN":3,"TINY":-99,"HOMEPART":1,"MIN_ZOOM":0,"MIN_LABEL":1.7,"MAX_LABEL":6.7,"LABEL_X":2.552275,"LABEL_Y":46.696113,"NE_ID":1159320637,"WIKIDATAID":"Q142","NAME_AR":"فرنسا","NAME_BN":"ফ্রান্স","NAME_DE":"Frankreich","NAME_EN":"France","NAME_ES":"Francia","NAME_FA":"فرانسه","NAME_FR":"France","NAME_EL":"Γαλλία","NAME_HE":"צרפת","NAME_HI":"फ़्रान्स","NAME_HU":"Franciaország","NAME_ID":"Prancis","NAME_IT":"Francia","NAME_JA":"フランス","NAME_KO":"프랑스","NAME_NL":"Frankrijk","NAME_PL":"Francja","NAME_PT":"França","NAME_RU":"Франция","NAME_SV":"Frankrike","NAME_TR":"Fransa","NAME_UK":"Франція","NAME_UR":"فرانس","NAME_VI":"Pháp","NAME_ZH":"法国","NAME_ZHT":"法國","FCLASS_ISO":"Admin-0 country","TLC_DIFF":null,"FCLASS_TLC":"Admin-0 country","FCLASS_US":null,"FCLASS_FR":null,"FCLASS_RU":null,"FCLASS_ES":null,"FCLASS_CN":null,"FCLASS_TW":null,"FCLASS_IN":null,"FCLASS_NP":null,"FCLASS_PK":null,"FCLASS_DE":null,"FCLASS_GB":null,"FCLASS_BR":null,"FCLASS_IL":null,"FCLASS_PS":null,"FCLASS_SA":null,"FCLASS_EG":null,"FCLASS_MA":null,"FCLASS_PT":null,"FCLASS_AR":null,"FCLASS_JP":null,"FCLASS_KO":null,"FCLASS_VN":null,"FCLASS_TR":null,"FCLASS_ID":null,"FCLASS_PL":null,"FCLASS_GR":null,"FCLASS_IT":null,"FCLASS_NL":null,"FCLASS_SE":null,"FCLASS_BD":null,"FCLASS_UA":null},"geometry":{"type":"MultiPolygon","coordinates":[[],[],[]]}},{"type":"Feature","bbox":[-67.242428,17.946553,-65.591004,18.520601],"properties":{"featurecla":"Admin-0 country","scalerank":1,"LABELRANK":5,"SOVEREIGNT":"United States of America","SOV_A3":"US1","ADM0_DIF":1,"LEVEL":2,"TYPE":"Dependency","TLC":"1","ADMIN":"Puerto Rico","ADM0_A3":"PRI","GEOU_DIF":0,"GEOUNIT":"Puerto Rico","GU_A3":"PRI","SU_DIF":0,"SUBUNIT":"Puerto Rico","SU_A3":"PRI","BRK_DIFF":0,"NAME":"Puerto Rico","NAME_LONG":"Puerto Rico","BRK_A3":"PRI","BRK_NAME":"Puerto Rico","BRK_GROUP":null,"ABBREV":"P.R.","POSTAL":"PR","FORMAL_EN":"Commonwealth of Puerto Rico","FORMAL_FR":null,"NAME_CIAWF":"Puerto Rico","NOTE_ADM0":"U.S.A.","NOTE_BRK":null,"NAME_SORT":"Puerto Rico","NAME_ALT":null,"MAPCOLOR7":4,"MAPCOLOR8":5,"MAPCOLOR9":1,"MAPCOLOR13":1,"POP_EST":3193694,"POP_RANK":12,"POP_YEAR":2019,"GDP_MD":104988,"GDP_YEAR":2019,"ECONOMY":"6. Developing region","INCOME_GRP":"2. High income: nonOECD","FIPS_10":"RQ","ISO_A2":"PR","ISO_A2_EH":"PR","ISO_A3":"PRI","ISO_A3_EH":"PRI","ISO_N3":"630","ISO_N3_EH":"630","UN_A3":"630","WB_A2":"PR","WB_A3":"PRI","WOE_ID":23424935,"WOE_ID_EH":23424935,"WOE_NOTE":"Exact WOE match as country","ADM0_ISO":"PRI","ADM0_DIFF":null,"ADM0_TLC":"PRI","ADM0_A3_US":"PRI","ADM0_A3_FR":"PRI","ADM0_A3_RU":"PRI","ADM0_A3_ES":"PRI","ADM0_A3_CN":"PRI","ADM0_A3_TW":"PRI","ADM0_A3_IN":"PRI","ADM0_A3_NP":"PRI","ADM0_A3_PK":"PRI","ADM0_A3_DE":"PRI","ADM0_A3_GB":"PRI","ADM0_A3_BR":"PRI","ADM0_A3_IL":"PRI","ADM0_A3_PS":"PRI","ADM0_A3_SA":"PRI","ADM0_A3_EG":"PRI","ADM0_A3_MA":"PRI","ADM0_A3_PT":"PRI","ADM0_A3_AR":"PRI","ADM0_A3_JP":"PRI","ADM0_A3_KO":"PRI","ADM0_A3_VN":"PRI","ADM0_A3_TR":"PRI","ADM0_A3_ID":"PRI","ADM0_A3_PL":"PRI","ADM0_A3_GR":"PRI","ADM0_A3_IT":"PRI","ADM0_A3_NL":"PRI","ADM0_A3_SE":"PRI","ADM0_A3_BD":"PRI","ADM0_A3_UA":"PRI","ADM0_A3_UN":-99,"ADM0_A3_WB":-99,"CONTINENT":"North America","REGION_UN":"Americas","SUBREGION":"Caribbean","REGION_WB":"Latin America & Caribbean","NAME_LEN":11,"LONG_LEN":11,"ABBREV_LEN":4,"TINY":-99,"HOMEPART":-99,"MIN_ZOOM":0,"MIN_LABEL":3,"MAX_LABEL":8,"LABEL_X":-66.481065,"LABEL_Y":18.234668,"NE_ID":1159321363,"WIKIDATAID":"Q1183","NAME_AR":"بورتوريكو","NAME_BN":"পুয়ের্তো রিকো","NAME_DE":"Puerto Rico","NAME_EN":"Puerto Rico","NAME_ES":"Puerto Rico","NAME_FA":"پورتوریکو","NAME_FR":"Porto Rico","NAME_EL":"Πουέρτο Ρίκο","NAME_HE":"פוארטו ריקו","NAME_HI":"पोर्टो रीको","NAME_HU":"Puerto Rico","NAME_ID":"Puerto Riko","NAME_IT":"Porto Rico","NAME_JA":"プエルトリコ","NAME_KO":"푸에르토리코","NAME_NL":"Puerto Rico","NAME_PL":"Portoryko","NAME_PT":"Porto Rico","NAME_RU":"Пуэрто-Рико","NAME_SV":"Puerto Rico","NAME_TR":"Porto Riko","NAME_UK":"Пуерто-Рико","NAME_UR":"پورٹو ریکو","NAME_VI":"Puerto Rico","NAME_ZH":"波多黎各","NAME_ZHT":"波多黎各","FCLASS_ISO":"Admin-0 dependency","TLC_DIFF":null,"FCLASS_TLC":"Admin-0 dependency","FCLASS_US":null,"FCLASS_FR":null,"FCLASS_RU":null,"FCLASS_ES":null,"FCLASS_CN":null,"FCLASS_TW":null,"FCLASS_IN":null,"FCLASS_NP":null,"FCLASS_PK":null,"FCLASS_DE":null,"FCLASS_GB":null,"FCLASS_BR":null,"FCLASS_IL":null,"FCLASS_PS":null,"FCLASS_SA":null,"FCLASS_EG":null,"FCLASS_MA":null,"FCLASS_PT":null,"FCLASS_AR":null,"FCLASS_JP":null,"FCLASS_KO":null,"FCLASS_VN":null,"FCLASS_TR":null,"FCLASS_ID":null,"FCLASS_PL":null,"FCLASS_GR":null,"FCLASS_IT":null,"FCLASS_NL":null,"FCLASS_SE":null,"FCLASS_BD":null,"FCLASS_UA":null},"geometry":{"type":"Polygon","coordinates":[[[-66.282434,18.514762],[-65.771303,18.426679],[-65.591004,18.228035],[-65.847164,17.975906],[-66.599934,17.981823],[-67.184162,17.946553],[-67.242428,18.37446],[-67.100679,18.520601],[-66.282434,18.514762]]]}},{"type":"Feature","bbox":[-78.337719,17.701116,-76.199659,18.524218],"properties":{"featurecla":"Admin-0 country","scalerank":1,"LABELRANK":4,"SOVEREIGNT":"Jamaica","SOV_A3":"JAM","ADM0_DIF":0,"LEVEL":2,"TYPE":"Sovereign country","TLC":"1","ADMIN":"Jamaica","ADM0_A3":"JAM","GEOU_DIF":0,"GEOUNIT":"Jamaica","GU_A3":"JAM","SU_DIF":0,"SUBUNIT":"Jamaica","SU_A3":"JAM","BRK_DIFF":0,"NAME":"Jamaica","NAME_LONG":"Jamaica","BRK_A3":"JAM","BRK_NAME":"Jamaica","BRK_GROUP":null,"ABBREV":"Jam.","POSTAL":"J","FORMAL_EN":"Jamaica","FORMAL_FR":null,"NAME_CIAWF":"Jamaica","NOTE_ADM0":null,"NOTE_BRK":null,"NAME_SORT":"Jamaica","NAME_ALT":null,"MAPCOLOR7":1,"MAPCOLOR8":2,"MAPCOLOR9":4,"MAPCOLOR13":10,"POP_EST":2948279,"POP_RANK":12,"POP_YEAR":2019,"GDP_MD":16458,"GDP_YEAR":2019,"ECONOMY":"6. Developing region","INCOME_GRP":"3. Upper middle income","FIPS_10":"JM","ISO_A2":"JM","ISO_A2_EH":"JM","ISO_A3":"JAM","ISO_A3_EH":"JAM","ISO_N3":"388","ISO_N3_EH":"388","UN_A3":"388","WB_A2":"JM","WB_A3":"JAM","WOE_ID":23424858,"WOE_ID_EH":23424858,"WOE_NOTE":"Exact WOE match as country","ADM0_ISO":"JAM","ADM0_DIFF":null,"ADM0_TLC":"JAM","ADM0_A3_US":"JAM","ADM0_A3_FR":"JAM","ADM0_A3_RU":"JAM","ADM0_A3_ES":"JAM","ADM0_A3_CN":"JAM","ADM0_A3_TW":"JAM","ADM0_A3_IN":"JAM","ADM0_A3_NP":"JAM","ADM0_A3_PK":"JAM","ADM0_A3_DE":"JAM","ADM0_A3_GB":"JAM","ADM0_A3_BR":"JAM","ADM0_A3_IL":"JAM","ADM0_A3_PS":"JAM","ADM0_A3_SA":"JAM","ADM0_A3_EG":"JAM","ADM0_A3_MA":"JAM","ADM0_A3_PT":"JAM","ADM0_A3_AR":"JAM","ADM0_A3_JP":"JAM","ADM0_A3_KO":"JAM","ADM0_A3_VN":"JAM","ADM0_A3_TR":"JAM","ADM0_A3_ID":"JAM","ADM0_A3_PL":"JAM","ADM0_A3_GR":"JAM","ADM0_A3_IT":"JAM","ADM0_A3_NL":"JAM","ADM0_A3_SE":"JAM","ADM0_A3_BD":"JAM","ADM0_A3_UA":"JAM","ADM0_A3_UN":-99,"ADM0_A3_WB":-99,"CONTINENT":"North America","REGION_UN":"Americas","SUBREGION":"Caribbean","REGION_WB":"Latin America & Caribbean","NAME_LEN":7,"LONG_LEN":7,"ABBREV_LEN":4,"TINY":-99,"HOMEPART":1,"MIN_ZOOM":0,"MIN_LABEL":4,"MAX_LABEL":9,"LABEL_X":-77.318767,"LABEL_Y":18.137124,"NE_ID":1159320931,"WIKIDATAID":"Q766","NAME_AR":"جامايكا","NAME_BN":"জ্যামাইকা","NAME_DE":"Jamaika","NAME_EN":"Jamaica","NAME_ES":"Jamaica","NAME_FA":"جامائیکا","NAME_FR":"Jamaïque","NAME_EL":"Τζαμάικα","NAME_HE":"ג'מייקה","NAME_HI":"जमैका","NAME_HU":"Jamaica","NAME_ID":"Jamaika","NAME_IT":"Giamaica","NAME_JA":"ジャマイカ","NAME_KO":"자메이카","NAME_NL":"Jamaica","NAME_PL":"Jamajka","NAME_PT":"Jamaica","NAME_RU":"Ямайка","NAME_SV":"Jamaica","NAME_TR":"Jamaika","NAME_UK":"Ямайка","NAME_UR":"جمیکا","NAME_VI":"Jamaica","NAME_ZH":"牙买加","NAME_ZHT":"牙買加","FCLASS_ISO":"Admin-0 country","TLC_DIFF":null,"FCLASS_TLC":"Admin-0 country","FCLASS_US":null,"FCLASS_FR":null,"FCLASS_RU":null,"FCLASS_ES":null,"FCLASS_CN":null,"FCLASS_TW":null,"FCLASS_IN":null,"FCLASS_NP":null,"FCLASS_PK":null,"FCLASS_DE":null,"FCLASS_GB":null,"FCLASS_BR":null,"FCLASS_IL":null,"FCLASS_PS":null,"FCLASS_SA":null,"FCLASS_EG":null,"FCLASS_MA":null,"FCLASS_PT":null,"FCLASS_AR":null,"FCLASS_JP":null,"FCLASS_KO":null,"FCLASS_VN":null,"FCLASS_TR":null,"FCLASS_ID":null,"FCLASS_PL":null,"FCLASS_GR":null,"FCLASS_IT":null,"FCLASS_NL":null,"FCLASS_SE":null,"FCLASS_BD":null,"FCLASS_UA":null},"geometry":{"type":"Polygon","coordinates":[[[-77.569601,18.490525],[-76.896619,18.400867],[-76.365359,18.160701],[-76.199659,17.886867],[-76.902561,17.868238],[-77.206341,17.701116],[-77.766023,17.861597],[-78.337719,18.225968],[-78.217727,18.454533],[-77.797365,18.524218],[-77.569601,18.490525]]]}},{"type":"Feature","bbox":[-84.974911,19.855481,-74.178025,23.188611],"properties":{"featurecla":"Admin-0 country","scalerank":1,"LABELRANK":3,"SOVEREIGNT":"Cuba","SOV_A3":"CU1","ADM0_DIF":1,"LEVEL":1,"TYPE":"Sovereignty","TLC":"1","ADMIN":"Cuba","ADM0_A3":"CUB","GEOU_DIF":0,"GEOUNIT":"Cuba","GU_A3":"CUB","SU_DIF":0,"SUBUNIT":"Cuba","SU_A3":"CUB","BRK_DIFF":0,"NAME":"Cuba","NAME_LONG":"Cuba","BRK_A3":"CUB","BRK_NAME":"Cuba","BRK_GROUP":null,"ABBREV":"Cuba","POSTAL":"CU","FORMAL_EN":"Republic of Cuba","FORMAL_FR":null,"NAME_CIAWF":"Cuba","NOTE_ADM0":null,"NOTE_BRK":null,"NAME_SORT":"Cuba","NAME_ALT":null,"MAPCOLOR7":3,"MAPCOLOR8":5,"MAPCOLOR9":3,"MAPCOLOR13":4,"POP_EST":11333483,"POP_RANK":14,"POP_YEAR":2019,"GDP_MD":100023,"GDP_YEAR":2018,"ECONOMY":"5. Emerging region: G20","INCOME_GRP":"3. Upper middle income","FIPS_10":"CU","ISO_A2":"CU","ISO_A2_EH":"CU","ISO_A3":"CUB","ISO_A3_EH":"CUB","ISO_N3":"192","ISO_N3_EH":"192","UN_A3":"192","WB_A2":"CU","WB_A3":"CUB","WOE_ID":23424793,"WOE_ID_EH":23424793,"WOE_NOTE":"Exact WOE match as country","ADM0_ISO":"CUB","ADM0_DIFF":null,"ADM0_TLC":"CUB","ADM0_A3_US":"CUB","ADM0_A3_FR":"CUB","ADM0_A3_RU":"CUB","ADM0_A3_ES":"CUB","ADM0_A3_CN":"CUB","ADM0_A3_TW":"CUB","ADM0_A3_IN":"CUB","ADM0_A3_NP":"CUB","ADM0_A3_PK":"CUB","ADM0_A3_DE":"CUB","ADM0_A3_GB":"CUB","ADM0_A3_BR":"CUB","ADM0_A3_IL":"CUB","ADM0_A3_PS":"CUB","ADM0_A3_SA":"CUB","ADM0_A3_EG":"CUB","ADM0_A3_MA":"CUB","ADM0_A3_PT":"CUB","ADM0_A3_AR":"CUB","ADM0_A3_JP":"CUB","ADM0_A3_KO":"CUB","ADM0_A3_VN":"CUB","ADM0_A3_TR":"CUB","ADM0_A3_ID":"CUB","ADM0_A3_PL":"CUB","ADM0_A3_GR":"CUB","ADM0_A3_IT":"CUB","ADM0_A3_NL":"CUB","ADM0_A3_SE":"CUB","ADM0_A3_BD":"CUB","ADM0_A3_UA":"CUB","ADM0_A3_UN":-99,"ADM0_A3_WB":-99,"CONTINENT":"North America","REGION_UN":"Americas","SUBREGION":"Caribbean","REGION_WB":"Latin America & Caribbean","NAME_LEN":4,"LONG_LEN":4,"ABBREV_LEN":4,"TINY":-99,"HOMEPART":1,"MIN_ZOOM":0,"MIN_LABEL":2.7,"MAX_LABEL":8,"LABEL_X":-77.975855,"LABEL_Y":21.334024,"NE_ID":1159320527,"WIKIDATAID":"Q241","NAME_AR":"كوبا","NAME_BN":"কিউবা","NAME_DE":"Kuba","NAME_EN":"Cuba","NAME_ES":"Cuba","NAME_FA":"کوبا","NAME_FR":"Cuba","NAME_EL":"Κούβα","NAME_HE":"קובה","NAME_HI":"क्यूबा","NAME_HU":"Kuba","NAME_ID":"Kuba","NAME_IT":"Cuba","NAME_JA":"キューバ","NAME_KO":"쿠바","NAME_NL":"Cuba","NAME_PL":"Kuba","NAME_PT":"Cuba","NAME_RU":"Куба","NAME_SV":"Kuba","NAME_TR":"Küba","NAME_UK":"Куба","NAME_UR":"کیوبا","NAME_VI":"Cuba","NAME_ZH":"古巴","NAME_ZHT":"古巴","FCLASS_ISO":"Admin-0 country","TLC_DIFF":null,"FCLASS_TLC":"Admin-0 country","FCLASS_US":null,"FCLASS_FR":null,"FCLASS_RU":null,"FCLASS_ES":null,"FCLASS_CN":null,"FCLASS_TW":null,"FCLASS_IN":null,"FCLASS_NP":null,"FCLASS_PK":null,"FCLASS_DE":null,"FCLASS_GB":null,"FCLASS_BR":null,"FCLASS_IL":null,"FCLASS_PS":null,"FCLASS_SA":null,"FCLASS_EG":null,"FCLASS_MA":null,"FCLASS_PT":null,"FCLASS_AR":null,"FCLASS_JP":null,"FCLASS_KO":null,"FCLASS_VN":null,"FCLASS_TR":null,"FCLASS_ID":null,"FCLASS_PL":null,"FCLASS_GR":null,"FCLASS_IT":null,"FCLASS_NL":null,"FCLASS_SE":null,"FCLASS_BD":null,"FCLASS_UA":null},"geometry":{"type":"Polygon","coordinates":[[[-82.268151,23.188611],[-81.404457,23.117271],[-80.618769,23.10598],[-79.679524,22.765303],[-79.281486,22.399202],[-78.347434,22.512166],[-77.993296,22.277194],[-77.146422,21.657851],[-76.523825,21.20682],[-76.19462,21.220565],[-75.598222,21.016624],[-75.67106,20.735091],[-74.933896,20.693905],[-74.178025,20.284628],[-74.296648,20.050379],[-74.961595,19.923435],[-75.63468,19.873774],[-76.323656,19.952891],[-77.755481,19.855481],[-77.085108,20.413354],[-77.492655,20.673105],[-78.137292,20.739949],[-78.482827,21.028613],[-78.719867,21.598114],[-79.285,21.559175],[-80.217475,21.827324],[-80.517535,22.037079],[-81.820943,22.192057],[-82.169992,22.387109],[-81.795002,22.636965],[-82.775898,22.68815],[-83.494459,22.168518],[-83.9088,22.154565],[-84.052151,21.910575],[-84.54703,21.801228],[-84.974911,21.896028],[-84.447062,22.20495],[-84.230357,22.565755],[-83.77824,22.788118],[-83.267548,22.983042],[-82.510436,23.078747],[-82.268151,23.188611]]]}},{"type":"Feature","bbox":[-17.625043,12.33209,-11.467899,16.598264],"properties":{"featurecla":"Admin-0 country","scalerank":1,"LABELRANK":3,"SOVEREIGNT":"Senegal","SOV_A3":"SEN","ADM0_DIF":0,"LEVEL":2,"TYPE":"Sovereign country","TLC":"1","ADMIN":"Senegal","ADM0_A3":"SEN","GEOU_DIF":0,"GEOUNIT":"Senegal","GU_A3":"SEN","SU_DIF":0,"SUBUNIT":"Senegal","SU_A3":"SEN","BRK_DIFF":0,"NAME":"Senegal","NAME_LONG":"Senegal","BRK_A3":"SEN","BRK_NAME":"Senegal","BRK_GROUP":null,"ABBREV":"Sen.","POSTAL":"SN","FORMAL_EN":"Republic of Senegal","FORMAL_FR":null,"NAME_CIAWF":"Senegal","NOTE_ADM0":null,"NOTE_BRK":null,"NAME_SORT":"Senegal","NAME_ALT":null,"MAPCOLOR7":2,"MAPCOLOR8":6,"MAPCOLOR9":5,"MAPCOLOR13":5,"POP_EST":16296364,"POP_RANK":14,"POP_YEAR":2019,"GDP_MD":23578,"GDP_YEAR":2019,"ECONOMY":"7. Least developed region","INCOME_GRP":"4. Lower middle income","FIPS_10":"SG","ISO_A2":"SN","ISO_A2_EH":"SN","ISO_A3":"SEN","ISO_A3_EH":"SEN","ISO_N3":"686","ISO_N3_EH":"686","UN_A3":"686","WB_A2":"SN","WB_A3":"SEN","WOE_ID":23424943,"WOE_ID_EH":23424943,"WOE_NOTE":"Exact WOE match as country","ADM0_ISO":"SEN","ADM0_DIFF":null,"ADM0_TLC":"SEN","ADM0_A3_US":"SEN","ADM0_A3_FR":"SEN","ADM0_A3_RU":"SEN","ADM0_A3_ES":"SEN","ADM0_A3_CN":"SEN","ADM0_A3_TW":"SEN","ADM0_A3_IN":"SEN","ADM0_A3_NP":"SEN","ADM0_A3_PK":"SEN","ADM0_A3_DE":"SEN","ADM0_A3_GB":"SEN","ADM0_A3_BR":"SEN","ADM0_A3_IL":"SEN","ADM0_A3_PS":"SEN","ADM0_A3_SA":"SEN","ADM0_A3_EG":"SEN","ADM0_A3_MA":"SEN","ADM0_A3_PT":"SEN","ADM0_A3_AR":"SEN","ADM0_A3_JP":"SEN","ADM0_A3_KO":"SEN","ADM0_A3_VN":"SEN","ADM0_A3_TR":"SEN","ADM0_A3_ID":"SEN","ADM0_A3_PL":"SEN","ADM0_A3_GR":"SEN","ADM0_A3_IT":"SEN","ADM0_A3_NL":"SEN","ADM0_A3_SE":"SEN","ADM0_A3_BD":"SEN","ADM0_A3_UA":"SEN","ADM0_A3_UN":-99,"ADM0_A3_WB":-99,"CONTINENT":"Africa","REGION_UN":"Africa","SUBREGION":"Western Africa","REGION_WB":"Sub-Saharan Africa","NAME_LEN":7,"LONG_LEN":7,"ABBREV_LEN":4,"TINY":-99,"HOMEPART":1,"MIN_ZOOM":0,"MIN_LABEL":2.7,"MAX_LABEL":8,"LABEL_X":-14.778586,"LABEL_Y":15.138125,"NE_ID":1159321243,"WIKIDATAID":"Q1041","NAME_AR":"السنغال","NAME_BN":"সেনেগাল","NAME_DE":"Senegal","NAME_EN":"Senegal","NAME_ES":"Senegal","NAME_FA":"سنگال","NAME_FR":"Sénégal","NAME_EL":"Σενεγάλη","NAME_HE":"סנגל","NAME_HI":"सेनेगल","NAME_HU":"Szenegál","NAME_ID":"Senegal","NAME_IT":"Senegal","NAME_JA":"セネガル","NAME_KO":"세네갈","NAME_NL":"Senegal","NAME_PL":"Senegal","NAME_PT":"Senegal","NAME_RU":"Сенегал","NAME_SV":"Senegal","NAME_TR":"Senegal","NAME_UK":"Сенегал","NAME_UR":"سینیگال","NAME_VI":"Sénégal","NAME_ZH":"塞内加尔","NAME_ZHT":"塞內加爾","FCLASS_ISO":"Admin-0 country","TLC_DIFF":null,"FCLASS_TLC":"Admin-0 country","FCLASS_US":null,"FCLASS_FR":null,"FCLASS_RU":null,"FCLASS_ES":null,"FCLASS_CN":null,"FCLASS_TW":null,"FCLASS_IN":null,"FCLASS_NP":null,"FCLASS_PK":null,"FCLASS_DE":null,"FCLASS_GB":null,"FCLASS_BR":null,"FCLASS_IL":null,"FCLASS_PS":null,"FCLASS_SA":null,"FCLASS_EG":null,"FCLASS_MA":null,"FCLASS_PT":null,"FCLASS_AR":null,"FCLASS_JP":null,"FCLASS_KO":null,"FCLASS_VN":null,"FCLASS_TR":null,"FCLASS_ID":null,"FCLASS_PL":null,"FCLASS_GR":null,"FCLASS_IT":null,"FCLASS_NL":null,"FCLASS_SE":null,"FCLASS_BD":null,"FCLASS_UA":null},"geometry":{"type":"Polygon","coordinates":[[[-16.713729,13.594959],[-17.126107,14.373516],[-17.625043,14.729541],[-17.185173,14.919477],[-16.700706,15.621527],[-16.463098,16.135036],[-16.12069,16.455663],[-15.623666,16.369337],[-15.135737,16.587282],[-14.577348,16.598264],[-14.099521,16.304302],[-13.435738,16.039383],[-12.830658,15.303692],[-12.20855,14.656177715184542],[-12.20855,12.45825972428499],[-12.278599,12.35444],[-12.499051,12.33209],[-13.217818,12.575874],[-13.700476,12.586183],[-15.548477,12.62817],[-15.816574,12.515567],[-16.147717,12.547762],[-16.677452,12.384852],[-16.841525,13.151394],[-15.931296,13.130284],[-15.691001,13.270353],[-15.511813,13.27857],[-15.141163,13.509512],[-14.712197,13.298207],[-14.277702,13.280585],[-13.844963,13.505042],[-14.046992,13.794068],[-14.376714,13.62568],[-14.687031,13.630357],[-15.081735,13.876492],[-15.39877,13.860369],[-15.624596,13.623587],[-16.713729,13.594959]]]}},{"type":"Feature","bbox":[-17.063423,14.616834,-4.923337,27.395744],"properties":{"featurecla":"Admin-0 country","scalerank":1,"LABELRANK":3,"SOVEREIGNT":"Mauritania","SOV_A3":"MRT","ADM0_DIF":0,"LEVEL":2,"TYPE":"Sovereign country","TLC":"1","ADMIN":"Mauritania","ADM0_A3":"MRT","GEOU_DIF":0,"GEOUNIT":"Mauritania","GU_A3":"MRT","SU_DIF":0,"SUBUNIT":"Mauritania","SU_A3":"MRT","BRK_DIFF":0,"NAME":"Mauritania","NAME_LONG":"Mauritania","BRK_A3":"MRT","BRK_NAME":"Mauritania","BRK_GROUP":null,"ABBREV":"Mrt.","POSTAL":"MR","FORMAL_EN":"Islamic Republic of Mauritania","FORMAL_FR":null,"NAME_CIAWF":"Mauritania","NOTE_ADM0":null,"NOTE_BRK":null,"NAME_SORT":"Mauritania","NAME_ALT":null,"MAPCOLOR7":3,"MAPCOLOR8":3,"MAPCOLOR9":2,"MAPCOLOR13":1,"POP_EST":4525696,"POP_RANK":12,"POP_YEAR":2019,"GDP_MD":7600,"GDP_YEAR":2019,"ECONOMY":"7. Least developed region","INCOME_GRP":"5. Low income","FIPS_10":"MR","ISO_A2":"MR","ISO_A2_EH":"MR","ISO_A3":"MRT","ISO_A3_EH":"MRT","ISO_N3":"478","ISO_N3_EH":"478","UN_A3":"478","WB_A2":"MR","WB_A3":"MRT","WOE_ID":23424896,"WOE_ID_EH":23424896,"WOE_NOTE":"Exact WOE match as country","ADM0_ISO":"MRT","ADM0_DIFF":null,"ADM0_TLC":"MRT","ADM0_A3_US":"MRT","ADM0_A3_FR":"MRT","ADM0_A3_RU":"MRT","ADM0_A3_ES":"MRT","ADM0_A3_CN":"MRT","ADM0_A3_TW":"MRT","ADM0_A3_IN":"MRT","ADM0_A3_NP":"MRT","ADM0_A3_PK":"MRT","ADM0_A3_DE":"MRT","ADM0_A3_GB":"MRT","ADM0_A3_BR":"MRT","ADM0_A3_IL":"MRT","ADM0_A3_PS":"MRT","ADM0_A3_SA":"MRT","ADM0_A3_EG":"MRT","ADM0_A3_MA":"MRT","ADM0_A3_PT":"MRT","ADM0_A3_AR":"MRT","ADM0_A3_JP":"MRT","ADM0_A3_KO":"MRT","ADM0_A3_VN":"MRT","ADM0_A3_TR":"MRT","ADM0_A3_ID":"MRT","ADM0_A3_PL":"MRT","ADM0_A3_GR":"MRT","ADM0_A3_IT":"MRT","ADM0_A3_NL":"MRT","ADM0_A3_SE":"MRT","ADM0_A3_BD":"MRT","ADM0_A3_UA":"MRT","ADM0_A3_UN":-99,"ADM0_A3_WB":-99,"CONTINENT":"Africa","REGION_UN":"Africa","SUBREGION":"Western Africa","REGION_WB":"Sub-Saharan Africa","NAME_LEN":10,"LONG_LEN":10,"ABBREV_LEN":4,"TINY":-99,"HOMEPART":1,"MIN_ZOOM":0,"MIN_LABEL":3,"MAX_LABEL":8,"LABEL_X":-9.740299,"LABEL_Y":19.587062,"NE_ID":1159321075,"WIKIDATAID":"Q1025","NAME_AR":"موريتانيا","NAME_BN":"মৌরিতানিয়া","NAME_DE":"Mauretanien","NAME_EN":"Mauritania","NAME_ES":"Mauritania","NAME_FA":"موریتانی","NAME_FR":"Mauritanie","NAME_EL":"Μαυριτανία","NAME_HE":"מאוריטניה","NAME_HI":"मॉरीतानिया","NAME_HU":"Mauritánia","NAME_ID":"Mauritania","NAME_IT":"Mauritania","NAME_JA":"モーリタニア","NAME_KO":"모리타니","NAME_NL":"Mauritanië","NAME_PL":"Mauretania","NAME_PT":"Mauritânia","NAME_RU":"Мавритания","NAME_SV":"Mauretanien","NAME_TR":"Moritanya","NAME_UK":"Мавританія","NAME_UR":"موریتانیہ","NAME_VI":"Mauritanie","NAME_ZH":"毛里塔尼亚","NAME_ZHT":"茅利塔尼亞","FCLASS_ISO":"Admin-0 country","TLC_DIFF":null,"FCLASS_TLC":"Admin-0 country","FCLASS_US":null,"FCLASS_FR":null,"FCLASS_RU":null,"FCLASS_ES":null,"FCLASS_CN":null,"FCLASS_TW":null,"FCLASS_IN":null,"FCLASS_NP":null,"FCLASS_PK":null,"FCLASS_DE":null,"FCLASS_GB":null,"FCLASS_BR":null,"FCLASS_IL":null,"FCLASS_PS":null,"FCLASS_SA":null,"FCLASS_EG":null,"FCLASS_MA":null,"FCLASS_PT":null,"FCLASS_AR":null,"FCLASS_JP":null,"FCLASS_KO":null,"FCLASS_VN":null,"FCLASS_TR":null,"FCLASS_ID":null,"FCLASS_PL":null,"FCLASS_GR":null,"FCLASS_IT":null,"FCLASS_NL":null,"FCLASS_SE":null,"FCLASS_BD":null,"FCLASS_UA":null},"geometry":{"type":"Polygon","coordinates":[[[-17.063423,20.999752],[-16.845194,21.333323],[-12.929102,21.327071],[-13.118754,22.77122],[-12.874222,23.284832],[-12.20855,23.348601666599073],[-12.20855,14.656177715184542],[-12.830658,15.303692],[-13.435738,16.039383],[-14.099521,16.304302],[-14.577348,16.598264],[-15.135737,16.587282],[-15.623666,16.369337],[-16.12069,16.455663],[-16.463098,16.135036],[-16.549708,16.673892],[-16.270552,17.166963],[-16.146347,18.108482],[-16.256883,19.096716],[-16.377651,19.593817],[-16.277838,20.092521],[-16.536324,20.567866],[-17.063423,20.999752]]]}},{"type":"Feature","bbox":[-15.130311,7.309037,-7.8321,12.586183],"properties":{"featurecla":"Admin-0 country","scalerank":1,"LABELRANK":3,"SOVEREIGNT":"Guinea","SOV_A3":"GIN","ADM0_DIF":0,"LEVEL":2,"TYPE":"Sovereign country","TLC":"1","ADMIN":"Guinea","ADM0_A3":"GIN","GEOU_DIF":0,"GEOUNIT":"Guinea","GU_A3":"GIN","SU_DIF":0,"SUBUNIT":"Guinea","SU_A3":"GIN","BRK_DIFF":0,"NAME":"Guinea","NAME_LONG":"Guinea","BRK_A3":"GIN","BRK_NAME":"Guinea","BRK_GROUP":null,"ABBREV":"Gin.","POSTAL":"GN","FORMAL_EN":"Republic of Guinea","FORMAL_FR":null,"NAME_CIAWF":"Guinea","NOTE_ADM0":null,"NOTE_BRK":null,"NAME_SORT":"Guinea","NAME_ALT":null,"MAPCOLOR7":6,"MAPCOLOR8":3,"MAPCOLOR9":7,"MAPCOLOR13":2,"POP_EST":12771246,"POP_RANK":14,"POP_YEAR":2019,"GDP_MD":12296,"GDP_YEAR":2019,"ECONOMY":"7. Least developed region","INCOME_GRP":"5. Low income","FIPS_10":"GV","ISO_A2":"GN","ISO_A2_EH":"GN","ISO_A3":"GIN","ISO_A3_EH":"GIN","ISO_N3":"324","ISO_N3_EH":"324","UN_A3":"324","WB_A2":"GN","WB_A3":"GIN","WOE_ID":23424835,"WOE_ID_EH":23424835,"WOE_NOTE":"Exact WOE match as country","ADM0_ISO":"GIN","ADM0_DIFF":null,"ADM0_TLC":"GIN","ADM0_A3_US":"GIN","ADM0_A3_FR":"GIN","ADM0_A3_RU":"GIN","ADM0_A3_ES":"GIN","ADM0_A3_CN":"GIN","ADM0_A3_TW":"GIN","ADM0_A3_IN":"GIN","ADM0_A3_NP":"GIN","ADM0_A3_PK":"GIN","ADM0_A3_DE":"GIN","ADM0_A3_GB":"GIN","ADM0_A3_BR":"GIN","ADM0_A3_IL":"GIN","ADM0_A3_PS":"GIN","ADM0_A3_SA":"GIN","ADM0_A3_EG":"GIN","ADM0_A3_MA":"GIN","ADM0_A3_PT":"GIN","ADM0_A3_AR":"GIN","ADM0_A3_JP":"GIN","ADM0_A3_KO":"GIN","ADM0_A3_VN":"GIN","ADM0_A3_TR":"GIN","ADM0_A3_ID":"GIN","ADM0_A3_PL":"GIN","ADM0_A3_GR":"GIN","ADM0_A3_IT":"GIN","ADM0_A3_NL":"GIN","ADM0_A3_SE":"GIN","ADM0_A3_BD":"GIN","ADM0_A3_UA":"GIN","ADM0_A3_UN":-99,"ADM0_A3_WB":-99,"CONTINENT":"Africa","REGION_UN":"Africa","SUBREGION":"Western Africa","REGION_WB":"Sub-Saharan Africa","NAME_LEN":6,"LONG_LEN":6,"ABBREV_LEN":4,"TINY":-99,"HOMEPART":1,"MIN_ZOOM":0,"MIN_LABEL":3,"MAX_LABEL":8,"LABEL_X":-10.016402,"LABEL_Y":10.618516,"NE_ID":1159320795,"WIKIDATAID":"Q1006","NAME_AR":"غينيا","NAME_BN":"গিনি","NAME_DE":"Guinea","NAME_EN":"Guinea","NAME_ES":"Guinea","NAME_FA":"گینه","NAME_FR":"Guinée","NAME_EL":"Γουινέα","NAME_HE":"גינאה","NAME_HI":"गिनी","NAME_HU":"Guinea","NAME_ID":"Guinea","NAME_IT":"Guinea","NAME_JA":"ギニア","NAME_KO":"기니","NAME_NL":"Guinee","NAME_PL":"Gwinea","NAME_PT":"Guiné","NAME_RU":"Гвинея","NAME_SV":"Guinea","NAME_TR":"Gine","NAME_UK":"Гвінея","NAME_UR":"جمہوریہ گنی","NAME_VI":"Guinée","NAME_ZH":"几内亚","NAME_ZHT":"幾內亞","FCLASS_ISO":"Admin-0 country","TLC_DIFF":null,"FCLASS_TLC":"Admin-0 country","FCLASS_US":null,"FCLASS_FR":null,"FCLASS_RU":null,"FCLASS_ES":null,"FCLASS_CN":null,"FCLASS_TW":null,"FCLASS_IN":null,"FCLASS_NP":null,"FCLASS_PK":null,"FCLASS_DE":null,"FCLASS_GB":null,"FCLASS_BR":null,"FCLASS_IL":null,"FCLASS_PS":null,"FCLASS_SA":null,"FCLASS_EG":null,"FCLASS_MA":null,"FCLASS_PT":null,"FCLASS_AR":null,"FCLASS_JP":null,"FCLASS_KO":null,"FCLASS_VN":null,"FCLASS_TR":null,"FCLASS_ID":null,"FCLASS_PL":null,"FCLASS_GR":null,"FCLASS_IT":null,"FCLASS_NL":null,"FCLASS_SE":null,"FCLASS_BD":null,"FCLASS_UA":null},"geometry":{"type":"Polygon","coordinates":[[[-13.700476,12.586183],[-13.217818,12.575874],[-12.499051,12.33209],[-12.278599,12.35444],[-12.20855,12.45825972428499],[-12.20855,9.853769141938598],[-12.425929,9.835834],[-12.596719,9.620188],[-12.711958,9.342712],[-13.24655,8.903049],[-13.685154,9.494744],[-14.074045,9.886167],[-14.330076,10.01572],[-14.579699,10.214467],[-14.693232,10.656301],[-14.839554,10.876572],[-15.130311,11.040412],[-14.685687,11.527824],[-14.382192,11.509272],[-14.121406,11.677117],[-13.9008,11.678719],[-13.743161,11.811269],[-13.828272,12.142644],[-13.718744,12.247186],[-13.700476,12.586183]]]}},{"type":"Feature","bbox":[-16.677452,11.040412,-13.700476,12.62817],"properties":{"featurecla":"Admin-0 country","scalerank":1,"LABELRANK":6,"SOVEREIGNT":"Guinea-Bissau","SOV_A3":"GNB","ADM0_DIF":0,"LEVEL":2,"TYPE":"Sovereign country","TLC":"1","ADMIN":"Guinea-Bissau","ADM0_A3":"GNB","GEOU_DIF":0,"GEOUNIT":"Guinea-Bissau","GU_A3":"GNB","SU_DIF":0,"SUBUNIT":"Guinea-Bissau","SU_A3":"GNB","BRK_DIFF":0,"NAME":"Guinea-Bissau","NAME_LONG":"Guinea-Bissau","BRK_A3":"GNB","BRK_NAME":"Guinea-Bissau","BRK_GROUP":null,"ABBREV":"GnB.","POSTAL":"GW","FORMAL_EN":"Republic of Guinea-Bissau","FORMAL_FR":null,"NAME_CIAWF":"Guinea-Bissau","NOTE_ADM0":null,"NOTE_BRK":null,"NAME_SORT":"Guinea-Bissau","NAME_ALT":null,"MAPCOLOR7":3,"MAPCOLOR8":5,"MAPCOLOR9":3,"MAPCOLOR13":4,"POP_EST":1920922,"POP_RANK":12,"POP_YEAR":2019,"GDP_MD":1339,"GDP_YEAR":2019,"ECONOMY":"7. Least developed region","INCOME_GRP":"5. Low income","FIPS_10":"PU","ISO_A2":"GW","ISO_A2_EH":"GW","ISO_A3":"GNB","ISO_A3_EH":"GNB","ISO_N3":"624","ISO_N3_EH":"624","UN_A3":"624","WB_A2":"GW","WB_A3":"GNB","WOE_ID":23424929,"WOE_ID_EH":23424929,"WOE_NOTE":"Exact WOE match as country","ADM0_ISO":"GNB","ADM0_DIFF":null,"ADM0_TLC":"GNB","ADM0_A3_US":"GNB","ADM0_A3_FR":"GNB","ADM0_A3_RU":"GNB","ADM0_A3_ES":"GNB","ADM0_A3_CN":"GNB","ADM0_A3_TW":"GNB","ADM0_A3_IN":"GNB","ADM0_A3_NP":"GNB","ADM0_A3_PK":"GNB","ADM0_A3_DE":"GNB","ADM0_A3_GB":"GNB","ADM0_A3_BR":"GNB","ADM0_A3_IL":"GNB","ADM0_A3_PS":"GNB","ADM0_A3_SA":"GNB","ADM0_A3_EG":"GNB","ADM0_A3_MA":"GNB","ADM0_A3_PT":"GNB","ADM0_A3_AR":"GNB","ADM0_A3_JP":"GNB","ADM0_A3_KO":"GNB","ADM0_A3_VN":"GNB","ADM0_A3_TR":"GNB","ADM0_A3_ID":"GNB","ADM0_A3_PL":"GNB","ADM0_A3_GR":"GNB","ADM0_A3_IT":"GNB","ADM0_A3_NL":"GNB","ADM0_A3_SE":"GNB","ADM0_A3_BD":"GNB","ADM0_A3_UA":"GNB","ADM0_A3_UN":-99,"ADM0_A3_WB":-99,"CONTINENT":"Africa","REGION_UN":"Africa","SUBREGION":"Western Africa","REGION_WB":"Sub-Saharan Africa","NAME_LEN":13,"LONG_LEN":13,"ABBREV_LEN":4,"TINY":-99,"HOMEPART":1,"MIN_ZOOM":0,"MIN_LABEL":5,"MAX_LABEL":10,"LABEL_X":-14.52413,"LABEL_Y":12.163712,"NE_ID":1159320799,"WIKIDATAID":"Q1007","NAME_AR":"غينيا بيساو","NAME_BN":"গিনি-বিসাউ","NAME_DE":"Guinea-Bissau","NAME_EN":"Guinea-Bissau","NAME_ES":"Guinea-Bisáu","NAME_FA":"گینه بیسائو","NAME_FR":"Guinée-Bissau","NAME_EL":"Γουινέα-Μπισσάου","NAME_HE":"גינאה ביסאו","NAME_HI":"गिनी-बिसाऊ","NAME_HU":"Bissau-Guinea","NAME_ID":"Guinea-Bissau","NAME_IT":"Guinea-Bissau","NAME_JA":"ギニアビサウ","NAME_KO":"기니비사우","NAME_NL":"Guinee-Bissau","NAME_PL":"Gwinea Bissau","NAME_PT":"Guiné-Bissau","NAME_RU":"Гвинея-Бисау","NAME_SV":"Guinea-Bissau","NAME_TR":"Gine-Bissau","NAME_UK":"Гвінея-Бісау","NAME_UR":"گنی بساؤ","NAME_VI":"Guiné-Bissau","NAME_ZH":"几内亚比绍","NAME_ZHT":"幾內亞比索","FCLASS_ISO":"Admin-0 country","TLC_DIFF":null,"FCLASS_TLC":"Admin-0 country","FCLASS_US":null,"FCLASS_FR":null,"FCLASS_RU":null,"FCLASS_ES":null,"FCLASS_CN":null,"FCLASS_TW":null,"FCLASS_IN":null,"FCLASS_NP":null,"FCLASS_PK":null,"FCLASS_DE":null,"FCLASS_GB":null,"FCLASS_BR":null,"FCLASS_IL":null,"FCLASS_PS":null,"FCLASS_SA":null,"FCLASS_EG":null,"FCLASS_MA":null,"FCLASS_PT":null,"FCLASS_AR":null,"FCLASS_JP":null,"FCLASS_KO":null,"FCLASS_VN":null,"FCLASS_TR":null,"FCLASS_ID":null,"FCLASS_PL":null,"FCLASS_GR":null,"FCLASS_IT":null,"FCLASS_NL":null,"FCLASS_SE":null,"FCLASS_BD":null,"FCLASS_UA":null},"geometry":{"type":"Polygon","coordinates":[[[-16.677452,12.384852],[-16.147717,12.547762],[-15.816574,12.515567],[-15.548477,12.62817],[-13.700476,12.586183],[-13.718744,12.247186],[-13.828272,12.142644],[-13.743161,11.811269],[-13.9008,11.678719],[-14.121406,11.677117],[-14.382192,11.509272],[-14.685687,11.527824],[-15.130311,11.040412],[-15.66418,11.458474],[-16.085214,11.524594],[-16.314787,11.806515],[-16.308947,11.958702],[-16.613838,12.170911],[-16.677452,12.384852]]]}},{"type":"Feature","bbox":[-13.24655,6.785917,-10.230094,10.046984],"properties":{"featurecla":"Admin-0 country","scalerank":1,"LABELRANK":4,"SOVEREIGNT":"Sierra Leone","SOV_A3":"SLE","ADM0_DIF":0,"LEVEL":2,"TYPE":"Sovereign country","TLC":"1","ADMIN":"Sierra Leone","ADM0_A3":"SLE","GEOU_DIF":0,"GEOUNIT":"Sierra Leone","GU_A3":"SLE","SU_DIF":0,"SUBUNIT":"Sierra Leone","SU_A3":"SLE","BRK_DIFF":0,"NAME":"Sierra Leone","NAME_LONG":"Sierra Leone","BRK_A3":"SLE","BRK_NAME":"Sierra Leone","BRK_GROUP":null,"ABBREV":"S.L.","POSTAL":"SL","FORMAL_EN":"Republic of Sierra Leone","FORMAL_FR":null,"NAME_CIAWF":"Sierra Leone","NOTE_ADM0":null,"NOTE_BRK":null,"NAME_SORT":"Sierra Leone","NAME_ALT":null,"MAPCOLOR7":1,"MAPCOLOR8":4,"MAPCOLOR9":1,"MAPCOLOR13":7,"POP_EST":7813215,"POP_RANK":13,"POP_YEAR":2019,"GDP_MD":4121,"GDP_YEAR":2019,"ECONOMY":"7. Least developed region","INCOME_GRP":"5. Low income","FIPS_10":"SL","ISO_A2":"SL","ISO_A2_EH":"SL","ISO_A3":"SLE","ISO_A3_EH":"SLE","ISO_N3":"694","ISO_N3_EH":"694","UN_A3":"694","WB_A2":"SL","WB_A3":"SLE","WOE_ID":23424946,"WOE_ID_EH":23424946,"WOE_NOTE":"Exact WOE match as country","ADM0_ISO":"SLE","ADM0_DIFF":null,"ADM0_TLC":"SLE","ADM0_A3_US":"SLE","ADM0_A3_FR":"SLE","ADM0_A3_RU":"SLE","ADM0_A3_ES":"SLE","ADM0_A3_CN":"SLE","ADM0_A3_TW":"SLE","ADM0_A3_IN":"SLE","ADM0_A3_NP":"SLE","ADM0_A3_PK":"SLE","ADM0_A3_DE":"SLE","ADM0_A3_GB":"SLE","ADM0_A3_BR":"SLE","ADM0_A3_IL":"SLE","ADM0_A3_PS":"SLE","ADM0_A3_SA":"SLE","ADM0_A3_EG":"SLE","ADM0_A3_MA":"SLE","ADM0_A3_PT":"SLE","ADM0_A3_AR":"SLE","ADM0_A3_JP":"SLE","ADM0_A3_KO":"SLE","ADM0_A3_VN":"SLE","ADM0_A3_TR":"SLE","ADM0_A3_ID":"SLE","ADM0_A3_PL":"SLE","ADM0_A3_GR":"SLE","ADM0_A3_IT":"SLE","ADM0_A3_NL":"SLE","ADM0_A3_SE":"SLE","ADM0_A3_BD":"SLE","ADM0_A3_UA":"SLE","ADM0_A3_UN":-99,"ADM0_A3_WB":-99,"CONTINENT":"Africa","REGION_UN":"Africa","SUBREGION":"Western Africa","REGION_WB":"Sub-Saharan Africa","NAME_LEN":12,"LONG_LEN":12,"ABBREV_LEN":4,"TINY":-99,"HOMEPART":1,"MIN_ZOOM":0,"MIN_LABEL":4,"MAX_LABEL":9,"LABEL_X":-11.763677,"LABEL_Y":8.617449,"NE_ID":1159321251,"WIKIDATAID":"Q1044","NAME_AR":"سيراليون","NAME_BN":"সিয়েরা লিওন","NAME_DE":"Sierra Leone","NAME_EN":"Sierra Leone","NAME_ES":"Sierra Leona","NAME_FA":"سیرالئون","NAME_FR":"Sierra Leone","NAME_EL":"Σιέρα Λεόνε","NAME_HE":"סיירה לאון","NAME_HI":"सिएरा लियोन","NAME_HU":"Sierra Leone","NAME_ID":"Sierra Leone","NAME_IT":"Sierra Leone","NAME_JA":"シエラレオネ","NAME_KO":"시에라리온","NAME_NL":"Sierra Leone","NAME_PL":"Sierra Leone","NAME_PT":"Serra Leoa","NAME_RU":"Сьерра-Леоне","NAME_SV":"Sierra Leone","NAME_TR":"Sierra Leone","NAME_UK":"Сьєрра-Леоне","NAME_UR":"سیرالیون","NAME_VI":"Sierra Leone","NAME_ZH":"塞拉利昂","NAME_ZHT":"獅子山","FCLASS_ISO":"Admin-0 country","TLC_DIFF":null,"FCLASS_TLC":"Admin-0 country","FCLASS_US":null,"FCLASS_FR":null,"FCLASS_RU":null,"FCLASS_ES":null,"FCLASS_CN":null,"FCLASS_TW":null,"FCLASS_IN":null,"FCLASS_NP":null,"FCLASS_PK":null,"FCLASS_DE":null,"FCLASS_GB":null,"FCLASS_BR":null,"FCLASS_IL":null,"FCLASS_PS":null,"FCLASS_SA":null,"FCLASS_EG":null,"FCLASS_MA":null,"FCLASS_PT":null,"FCLASS_AR":null,"FCLASS_JP":null,"FCLASS_KO":null,"FCLASS_VN":null,"FCLASS_TR":null,"FCLASS_ID":null,"FCLASS_PL":null,"FCLASS_GR":null,"FCLASS_IT":null,"FCLASS_NL":null,"FCLASS_SE":null,"FCLASS_BD":null,"FCLASS_UA":null},"geometry":{"type":"Polygon","coordinates":[[[-13.24655,8.903049],[-12.711958,9.342712],[-12.596719,9.620188],[-12.425929,9.835834],[-12.20855,9.853769141938598],[-12.20855,7.220541],[-12.352326121406797,7.220541],[-12.428099,7.262942],[-12.949049,7.798646],[-13.124025,8.163946],[-13.24655,8.903049]]]}},{"type":"Feature","bbox":[11.640096,-17.930636,24.079905,-4.438023],"properties":{"featurecla":"Admin-0 country","scalerank":1,"LABELRANK":3,"SOVEREIGNT":"Angola","SOV_A3":"AGO","ADM0_DIF":0,"LEVEL":2,"TYPE":"Sovereign country","TLC":"1","ADMIN":"Angola","ADM0_A3":"AGO","GEOU_DIF":0,"GEOUNIT":"Angola","GU_A3":"AGO","SU_DIF":0,"SUBUNIT":"Angola","SU_A3":"AGO","BRK_DIFF":0,"NAME":"Angola","NAME_LONG":"Angola","BRK_A3":"AGO","BRK_NAME":"Angola","BRK_GROUP":null,"ABBREV":"Ang.","POSTAL":"AO","FORMAL_EN":"People's Republic of Angola","FORMAL_FR":null,"NAME_CIAWF":"Angola","NOTE_ADM0":null,"NOTE_BRK":null,"NAME_SORT":"Angola","NAME_ALT":null,"MAPCOLOR7":3,"MAPCOLOR8":2,"MAPCOLOR9":6,"MAPCOLOR13":1,"POP_EST":31825295,"POP_RANK":15,"POP_YEAR":2019,"GDP_MD":88815,"GDP_YEAR":2019,"ECONOMY":"7. Least developed region","INCOME_GRP":"3. Upper middle income","FIPS_10":"AO","ISO_A2":"AO","ISO_A2_EH":"AO","ISO_A3":"AGO","ISO_A3_EH":"AGO","ISO_N3":"024","ISO_N3_EH":"024","UN_A3":"024","WB_A2":"AO","WB_A3":"AGO","WOE_ID":23424745,"WOE_ID_EH":23424745,"WOE_NOTE":"Exact WOE match as country","ADM0_ISO":"AGO","ADM0_DIFF":null,"ADM0_TLC":"AGO","ADM0_A3_US":"AGO","ADM0_A3_FR":"AGO","ADM0_A3_RU":"AGO","ADM0_A3_ES":"AGO","ADM0_A3_CN":"AGO","ADM0_A3_TW":"AGO","ADM0_A3_IN":"AGO","ADM0_A3_NP":"AGO","ADM0_A3_PK":"AGO","ADM0_A3_DE":"AGO","ADM0_A3_GB":"AGO","ADM0_A3_BR":"AGO","ADM0_A3_IL":"AGO","ADM0_A3_PS":"AGO","ADM0_A3_SA":"AGO","ADM0_A3_EG":"AGO","ADM0_A3_MA":"AGO","ADM0_A3_PT":"AGO","ADM0_A3_AR":"AGO","ADM0_A3_JP":"AGO","ADM0_A3_KO":"AGO","ADM0_A3_VN":"AGO","ADM0_A3_TR":"AGO","ADM0_A3_ID":"AGO","ADM0_A3_PL":"AGO","ADM0_A3_GR":"AGO","ADM0_A3_IT":"AGO","ADM0_A3_NL":"AGO","ADM0_A3_SE":"AGO","ADM0_A3_BD":"AGO","ADM0_A3_UA":"AGO","ADM0_A3_UN":-99,"ADM0_A3_WB":-99,"CONTINENT":"Africa","REGION_UN":"Africa","SUBREGION":"Middle Africa","REGION_WB":"Sub-Saharan Africa","NAME_LEN":6,"LONG_LEN":6,"ABBREV_LEN":4,"TINY":-99,"HOMEPART":1,"MIN_ZOOM":0,"MIN_LABEL":3,"MAX_LABEL":7,"LABEL_X":17.984249,"LABEL_Y":-12.182762,"NE_ID":1159320323,"WIKIDATAID":"Q916","NAME_AR":"أنغولا","NAME_BN":"অ্যাঙ্গোলা","NAME_DE":"Angola","NAME_EN":"Angola","NAME_ES":"Angola","NAME_FA":"آنگولا","NAME_FR":"Angola","NAME_EL":"Ανγκόλα","NAME_HE":"אנגולה","NAME_HI":"अंगोला","NAME_HU":"Angola","NAME_ID":"Angola","NAME_IT":"Angola","NAME_JA":"アンゴラ","NAME_KO":"앙골라","NAME_NL":"Angola","NAME_PL":"Angola","NAME_PT":"Angola","NAME_RU":"Ангола","NAME_SV":"Angola","NAME_TR":"Angola","NAME_UK":"Ангола","NAME_UR":"انگولا","NAME_VI":"Angola","NAME_ZH":"安哥拉","NAME_ZHT":"安哥拉","FCLASS_ISO":"Admin-0 country","TLC_DIFF":null,"FCLASS_TLC":"Admin-0 country","FCLASS_US":null,"FCLASS_FR":null,"FCLASS_RU":null,"FCLASS_ES":null,"FCLASS_CN":null,"FCLASS_TW":null,"FCLASS_IN":null,"FCLASS_NP":null,"FCLASS_PK":null,"FCLASS_DE":null,"FCLASS_GB":null,"FCLASS_BR":null,"FCLASS_IL":null,"FCLASS_PS":null,"FCLASS_SA":null,"FCLASS_EG":null,"FCLASS_MA":null,"FCLASS_PT":null,"FCLASS_AR":null,"FCLASS_JP":null,"FCLASS_KO":null,"FCLASS_VN":null,"FCLASS_TR":null,"FCLASS_ID":null,"FCLASS_PL":null,"FCLASS_GR":null,"FCLASS_IT":null,"FCLASS_NL":null,"FCLASS_SE":null,"FCLASS_BD":null,"FCLASS_UA":null},"geometry":{"type":"MultiPolygon","coordinates":[[],[]]}},{"type":"Feature","bbox":[-16.841525,13.130284,-13.844963,13.876492],"properties":{"featurecla":"Admin-0 country","scalerank":1,"LABELRANK":6,"SOVEREIGNT":"Gambia","SOV_A3":"GMB","ADM0_DIF":0,"LEVEL":2,"TYPE":"Sovereign country","TLC":"1","ADMIN":"Gambia","ADM0_A3":"GMB","GEOU_DIF":0,"GEOUNIT":"Gambia","GU_A3":"GMB","SU_DIF":0,"SUBUNIT":"Gambia","SU_A3":"GMB","BRK_DIFF":0,"NAME":"Gambia","NAME_LONG":"The Gambia","BRK_A3":"GMB","BRK_NAME":"Gambia","BRK_GROUP":null,"ABBREV":"Gambia","POSTAL":"GM","FORMAL_EN":"Republic of the Gambia","FORMAL_FR":null,"NAME_CIAWF":"Gambia, The","NOTE_ADM0":null,"NOTE_BRK":null,"NAME_SORT":"Gambia, The","NAME_ALT":null,"MAPCOLOR7":1,"MAPCOLOR8":4,"MAPCOLOR9":1,"MAPCOLOR13":8,"POP_EST":2347706,"POP_RANK":12,"POP_YEAR":2019,"GDP_MD":1826,"GDP_YEAR":2019,"ECONOMY":"7. Least developed region","INCOME_GRP":"5. Low income","FIPS_10":"GA","ISO_A2":"GM","ISO_A2_EH":"GM","ISO_A3":"GMB","ISO_A3_EH":"GMB","ISO_N3":"270","ISO_N3_EH":"270","UN_A3":"270","WB_A2":"GM","WB_A3":"GMB","WOE_ID":23424821,"WOE_ID_EH":23424821,"WOE_NOTE":"Exact WOE match as country","ADM0_ISO":"GMB","ADM0_DIFF":null,"ADM0_TLC":"GMB","ADM0_A3_US":"GMB","ADM0_A3_FR":"GMB","ADM0_A3_RU":"GMB","ADM0_A3_ES":"GMB","ADM0_A3_CN":"GMB","ADM0_A3_TW":"GMB","ADM0_A3_IN":"GMB","ADM0_A3_NP":"GMB","ADM0_A3_PK":"GMB","ADM0_A3_DE":"GMB","ADM0_A3_GB":"GMB","ADM0_A3_BR":"GMB","ADM0_A3_IL":"GMB","ADM0_A3_PS":"GMB","ADM0_A3_SA":"GMB","ADM0_A3_EG":"GMB","ADM0_A3_MA":"GMB","ADM0_A3_PT":"GMB","ADM0_A3_AR":"GMB","ADM0_A3_JP":"GMB","ADM0_A3_KO":"GMB","ADM0_A3_VN":"GMB","ADM0_A3_TR":"GMB","ADM0_A3_ID":"GMB","ADM0_A3_PL":"GMB","ADM0_A3_GR":"GMB","ADM0_A3_IT":"GMB","ADM0_A3_NL":"GMB","ADM0_A3_SE":"GMB","ADM0_A3_BD":"GMB","ADM0_A3_UA":"GMB","ADM0_A3_UN":-99,"ADM0_A3_WB":-99,"CONTINENT":"Africa","REGION_UN":"Africa","SUBREGION":"Western Africa","REGION_WB":"Sub-Saharan Africa","NAME_LEN":6,"LONG_LEN":10,"ABBREV_LEN":6,"TINY":-99,"HOMEPART":1,"MIN_ZOOM":0,"MIN_LABEL":5,"MAX_LABEL":10,"LABEL_X":-14.998318,"LABEL_Y":13.641721,"NE_ID":1159320797,"WIKIDATAID":"Q1005","NAME_AR":"غامبيا","NAME_BN":"গাম্বিয়া","NAME_DE":"Gambia","NAME_EN":"The Gambia","NAME_ES":"Gambia","NAME_FA":"گامبیا","NAME_FR":"Gambie","NAME_EL":"Γκάμπια","NAME_HE":"גמביה","NAME_HI":"गाम्बिया","NAME_HU":"Gambia","NAME_ID":"Gambia","NAME_IT":"Gambia","NAME_JA":"ガンビア","NAME_KO":"감비아","NAME_NL":"Gambia","NAME_PL":"Gambia","NAME_PT":"Gâmbia","NAME_RU":"Гамбия","NAME_SV":"Gambia","NAME_TR":"Gambiya","NAME_UK":"Гамбія","NAME_UR":"گیمبیا","NAME_VI":"Gambia","NAME_ZH":"冈比亚","NAME_ZHT":"甘比亞","FCLASS_ISO":"Admin-0 country","TLC_DIFF":null,"FCLASS_TLC":"Admin-0 country","FCLASS_US":null,"FCLASS_FR":null,"FCLASS_RU":null,"FCLASS_ES":null,"FCLASS_CN":null,"FCLASS_TW":null,"FCLASS_IN":null,"FCLASS_NP":null,"FCLASS_PK":null,"FCLASS_DE":null,"FCLASS_GB":null,"FCLASS_BR":null,"FCLASS_IL":null,"FCLASS_PS":null,"FCLASS_SA":null,"FCLASS_EG":null,"FCLASS_MA":null,"FCLASS_PT":null,"FCLASS_AR":null,"FCLASS_JP":null,"FCLASS_KO":null,"FCLASS_VN":null,"FCLASS_TR":null,"FCLASS_ID":null,"FCLASS_PL":null,"FCLASS_GR":null,"FCLASS_IT":null,"FCLASS_NL":null,"FCLASS_SE":null,"FCLASS_BD":null,"FCLASS_UA":null},"geometry":{"type":"Polygon","coordinates":[[[-16.713729,13.594959],[-15.624596,13.623587],[-15.39877,13.860369],[-15.081735,13.876492],[-14.687031,13.630357],[-14.376714,13.62568],[-14.046992,13.794068],[-13.844963,13.505042],[-14.277702,13.280585],[-14.712197,13.298207],[-15.141163,13.509512],[-15.511813,13.27857],[-15.691001,13.270353],[-15.931296,13.130284],[-16.841525,13.151394],[-16.713729,13.594959]]]}},{"type":"Feature","bbox":[52.00001,16.651051,59.80806,26.395934],"properties":{"featurecla":"Admin-0 country","scalerank":1,"LABELRANK":4,"SOVEREIGNT":"Oman","SOV_A3":"OMN","ADM0_DIF":0,"LEVEL":2,"TYPE":"Sovereign country","TLC":"1","ADMIN":"Oman","ADM0_A3":"OMN","GEOU_DIF":0,"GEOUNIT":"Oman","GU_A3":"OMN","SU_DIF":0,"SUBUNIT":"Oman","SU_A3":"OMN","BRK_DIFF":0,"NAME":"Oman","NAME_LONG":"Oman","BRK_A3":"OMN","BRK_NAME":"Oman","BRK_GROUP":null,"ABBREV":"Oman","POSTAL":"OM","FORMAL_EN":"Sultanate of Oman","FORMAL_FR":null,"NAME_CIAWF":"Oman","NOTE_ADM0":null,"NOTE_BRK":null,"NAME_SORT":"Oman","NAME_ALT":null,"MAPCOLOR7":1,"MAPCOLOR8":4,"MAPCOLOR9":1,"MAPCOLOR13":6,"POP_EST":4974986,"POP_RANK":12,"POP_YEAR":2019,"GDP_MD":76331,"GDP_YEAR":2019,"ECONOMY":"6. Developing region","INCOME_GRP":"2. High income: nonOECD","FIPS_10":"MU","ISO_A2":"OM","ISO_A2_EH":"OM","ISO_A3":"OMN","ISO_A3_EH":"OMN","ISO_N3":"512","ISO_N3_EH":"512","UN_A3":"512","WB_A2":"OM","WB_A3":"OMN","WOE_ID":23424898,"WOE_ID_EH":23424898,"WOE_NOTE":"Exact WOE match as country","ADM0_ISO":"OMN","ADM0_DIFF":null,"ADM0_TLC":"OMN","ADM0_A3_US":"OMN","ADM0_A3_FR":"OMN","ADM0_A3_RU":"OMN","ADM0_A3_ES":"OMN","ADM0_A3_CN":"OMN","ADM0_A3_TW":"OMN","ADM0_A3_IN":"OMN","ADM0_A3_NP":"OMN","ADM0_A3_PK":"OMN","ADM0_A3_DE":"OMN","ADM0_A3_GB":"OMN","ADM0_A3_BR":"OMN","ADM0_A3_IL":"OMN","ADM0_A3_PS":"OMN","ADM0_A3_SA":"OMN","ADM0_A3_EG":"OMN","ADM0_A3_MA":"OMN","ADM0_A3_PT":"OMN","ADM0_A3_AR":"OMN","ADM0_A3_JP":"OMN","ADM0_A3_KO":"OMN","ADM0_A3_VN":"OMN","ADM0_A3_TR":"OMN","ADM0_A3_ID":"OMN","ADM0_A3_PL":"OMN","ADM0_A3_GR":"OMN","ADM0_A3_IT":"OMN","ADM0_A3_NL":"OMN","ADM0_A3_SE":"OMN","ADM0_A3_BD":"OMN","ADM0_A3_UA":"OMN","ADM0_A3_UN":-99,"ADM0_A3_WB":-99,"CONTINENT":"Asia","REGION_UN":"Asia","SUBREGION":"Western Asia","REGION_WB":"Middle East & North Africa","NAME_LEN":4,"LONG_LEN":4,"ABBREV_LEN":4,"TINY":-99,"HOMEPART":1,"MIN_ZOOM":0,"MIN_LABEL":4,"MAX_LABEL":9,"LABEL_X":57.336553,"LABEL_Y":22.120427,"NE_ID":1159321151,"WIKIDATAID":"Q842","NAME_AR":"سلطنة عمان","NAME_BN":"ওমান","NAME_DE":"Oman","NAME_EN":"Oman","NAME_ES":"Omán","NAME_FA":"عمان","NAME_FR":"Oman","NAME_EL":"Ομάν","NAME_HE":"עומאן","NAME_HI":"ओमान","NAME_HU":"Omán","NAME_ID":"Oman","NAME_IT":"Oman","NAME_JA":"オマーン","NAME_KO":"오만","NAME_NL":"Oman","NAME_PL":"Oman","NAME_PT":"Omã","NAME_RU":"Оман","NAME_SV":"Oman","NAME_TR":"Umman","NAME_UK":"Оман","NAME_UR":"عمان","NAME_VI":"Oman","NAME_ZH":"阿曼","NAME_ZHT":"阿曼","FCLASS_ISO":"Admin-0 country","TLC_DIFF":null,"FCLASS_TLC":"Admin-0 country","FCLASS_US":null,"FCLASS_FR":null,"FCLASS_RU":null,"FCLASS_ES":null,"FCLASS_CN":null,"FCLASS_TW":null,"FCLASS_IN":null,"FCLASS_NP":null,"FCLASS_PK":null,"FCLASS_DE":null,"FCLASS_GB":null,"FCLASS_BR":null,"FCLASS_IL":null,"FCLASS_PS":null,"FCLASS_SA":null,"FCLASS_EG":null,"FCLASS_MA":null,"FCLASS_PT":null,"FCLASS_AR":null,"FCLASS_JP":null,"FCLASS_KO":null,"FCLASS_VN":null,"FCLASS_TR":null,"FCLASS_ID":null,"FCLASS_PL":null,"FCLASS_GR":null,"FCLASS_IT":null,"FCLASS_NL":null,"FCLASS_SE":null,"FCLASS_BD":null,"FCLASS_UA":null},"geometry":{"type":"MultiPolygon","coordinates":[[],[]]}},{"type":"Feature","bbox":[166.629137,-16.59785,167.844877,-14.626497],"properties":{"featurecla":"Admin-0 country","scalerank":1,"LABELRANK":4,"SOVEREIGNT":"Vanuatu","SOV_A3":"VUT","ADM0_DIF":0,"LEVEL":2,"TYPE":"Sovereign country","TLC":"1","ADMIN":"Vanuatu","ADM0_A3":"VUT","GEOU_DIF":0,"GEOUNIT":"Vanuatu","GU_A3":"VUT","SU_DIF":0,"SUBUNIT":"Vanuatu","SU_A3":"VUT","BRK_DIFF":0,"NAME":"Vanuatu","NAME_LONG":"Vanuatu","BRK_A3":"VUT","BRK_NAME":"Vanuatu","BRK_GROUP":null,"ABBREV":"Van.","POSTAL":"VU","FORMAL_EN":"Republic of Vanuatu","FORMAL_FR":null,"NAME_CIAWF":"Vanuatu","NOTE_ADM0":null,"NOTE_BRK":null,"NAME_SORT":"Vanuatu","NAME_ALT":null,"MAPCOLOR7":6,"MAPCOLOR8":3,"MAPCOLOR9":7,"MAPCOLOR13":3,"POP_EST":299882,"POP_RANK":10,"POP_YEAR":2019,"GDP_MD":934,"GDP_YEAR":2019,"ECONOMY":"7. Least developed region","INCOME_GRP":"4. Lower middle income","FIPS_10":"NH","ISO_A2":"VU","ISO_A2_EH":"VU","ISO_A3":"VUT","ISO_A3_EH":"VUT","ISO_N3":"548","ISO_N3_EH":"548","UN_A3":"548","WB_A2":"VU","WB_A3":"VUT","WOE_ID":23424907,"WOE_ID_EH":23424907,"WOE_NOTE":"Exact WOE match as country","ADM0_ISO":"VUT","ADM0_DIFF":null,"ADM0_TLC":"VUT","ADM0_A3_US":"VUT","ADM0_A3_FR":"VUT","ADM0_A3_RU":"VUT","ADM0_A3_ES":"VUT","ADM0_A3_CN":"VUT","ADM0_A3_TW":"VUT","ADM0_A3_IN":"VUT","ADM0_A3_NP":"VUT","ADM0_A3_PK":"VUT","ADM0_A3_DE":"VUT","ADM0_A3_GB":"VUT","ADM0_A3_BR":"VUT","ADM0_A3_IL":"VUT","ADM0_A3_PS":"VUT","ADM0_A3_SA":"VUT","ADM0_A3_EG":"VUT","ADM0_A3_MA":"VUT","ADM0_A3_PT":"VUT","ADM0_A3_AR":"VUT","ADM0_A3_JP":"VUT","ADM0_A3_KO":"VUT","ADM0_A3_VN":"VUT","ADM0_A3_TR":"VUT","ADM0_A3_ID":"VUT","ADM0_A3_PL":"VUT","ADM0_A3_GR":"VUT","ADM0_A3_IT":"VUT","ADM0_A3_NL":"VUT","ADM0_A3_SE":"VUT","ADM0_A3_BD":"VUT","ADM0_A3_UA":"VUT","ADM0_A3_UN":-99,"ADM0_A3_WB":-99,"CONTINENT":"Oceania","REGION_UN":"Oceania","SUBREGION":"Melanesia","REGION_WB":"East Asia & Pacific","NAME_LEN":7,"LONG_LEN":7,"ABBREV_LEN":4,"TINY":2,"HOMEPART":1,"MIN_ZOOM":0,"MIN_LABEL":4,"MAX_LABEL":9,"LABEL_X":166.908762,"LABEL_Y":-15.37153,"NE_ID":1159321421,"WIKIDATAID":"Q686","NAME_AR":"فانواتو","NAME_BN":"ভানুয়াতু","NAME_DE":"Vanuatu","NAME_EN":"Vanuatu","NAME_ES":"Vanuatu","NAME_FA":"وانواتو","NAME_FR":"Vanuatu","NAME_EL":"Βανουάτου","NAME_HE":"ונואטו","NAME_HI":"वानूआटू","NAME_HU":"Vanuatu","NAME_ID":"Vanuatu","NAME_IT":"Vanuatu","NAME_JA":"バヌアツ","NAME_KO":"바누아투","NAME_NL":"Vanuatu","NAME_PL":"Vanuatu","NAME_PT":"Vanuatu","NAME_RU":"Вануату","NAME_SV":"Vanuatu","NAME_TR":"Vanuatu","NAME_UK":"Вануату","NAME_UR":"وانواتو","NAME_VI":"Vanuatu","NAME_ZH":"瓦努阿图","NAME_ZHT":"萬那杜","FCLASS_ISO":"Admin-0 country","TLC_DIFF":null,"FCLASS_TLC":"Admin-0 country","FCLASS_US":null,"FCLASS_FR":null,"FCLASS_RU":null,"FCLASS_ES":null,"FCLASS_CN":null,"FCLASS_TW":null,"FCLASS_IN":null,"FCLASS_NP":null,"FCLASS_PK":null,"FCLASS_DE":null,"FCLASS_GB":null,"FCLASS_BR":null,"FCLASS_IL":null,"FCLASS_PS":null,"FCLASS_SA":null,"FCLASS_EG":null,"FCLASS_MA":null,"FCLASS_PT":null,"FCLASS_AR":null,"FCLASS_JP":null,"FCLASS_KO":null,"FCLASS_VN":null,"FCLASS_TR":null,"FCLASS_ID":null,"FCLASS_PL":null,"FCLASS_GR":null,"FCLASS_IT":null,"FCLASS_NL":null,"FCLASS_SE":null,"FCLASS_BD":null,"FCLASS_UA":null},"geometry":{"type":"MultiPolygon","coordinates":[[],[]]}},{"type":"Feature","bbox":[124.265625,37.669071,130.780007,42.985387],"properties":{"featurecla":"Admin-0 country","scalerank":1,"LABELRANK":3,"SOVEREIGNT":"North Korea","SOV_A3":"PRK","ADM0_DIF":0,"LEVEL":2,"TYPE":"Sovereign country","TLC":"1","ADMIN":"North Korea","ADM0_A3":"PRK","GEOU_DIF":0,"GEOUNIT":"North Korea","GU_A3":"PRK","SU_DIF":0,"SUBUNIT":"North Korea","SU_A3":"PRK","BRK_DIFF":0,"NAME":"North Korea","NAME_LONG":"Dem. Rep. Korea","BRK_A3":"PRK","BRK_NAME":"Dem. Rep. Korea","BRK_GROUP":null,"ABBREV":"N.K.","POSTAL":"KP","FORMAL_EN":"Democratic People's Republic of Korea","FORMAL_FR":null,"NAME_CIAWF":"Korea, North","NOTE_ADM0":null,"NOTE_BRK":null,"NAME_SORT":"Korea, Dem. Rep.","NAME_ALT":null,"MAPCOLOR7":3,"MAPCOLOR8":5,"MAPCOLOR9":3,"MAPCOLOR13":9,"POP_EST":25666161,"POP_RANK":15,"POP_YEAR":2019,"GDP_MD":40000,"GDP_YEAR":2016,"ECONOMY":"7. Least developed region","INCOME_GRP":"5. Low income","FIPS_10":"KN","ISO_A2":"KP","ISO_A2_EH":"KP","ISO_A3":"PRK","ISO_A3_EH":"PRK","ISO_N3":"408","ISO_N3_EH":"408","UN_A3":"408","WB_A2":"KP","WB_A3":"PRK","WOE_ID":23424865,"WOE_ID_EH":23424865,"WOE_NOTE":"Exact WOE match as country","ADM0_ISO":"PRK","ADM0_DIFF":null,"ADM0_TLC":"PRK","ADM0_A3_US":"PRK","ADM0_A3_FR":"PRK","ADM0_A3_RU":"PRK","ADM0_A3_ES":"PRK","ADM0_A3_CN":"PRK","ADM0_A3_TW":"PRK","ADM0_A3_IN":"PRK","ADM0_A3_NP":"PRK","ADM0_A3_PK":"PRK","ADM0_A3_DE":"PRK","ADM0_A3_GB":"PRK","ADM0_A3_BR":"PRK","ADM0_A3_IL":"PRK","ADM0_A3_PS":"PRK","ADM0_A3_SA":"PRK","ADM0_A3_EG":"PRK","ADM0_A3_MA":"PRK","ADM0_A3_PT":"PRK","ADM0_A3_AR":"PRK","ADM0_A3_JP":"PRK","ADM0_A3_KO":"PRK","ADM0_A3_VN":"PRK","ADM0_A3_TR":"PRK","ADM0_A3_ID":"PRK","ADM0_A3_PL":"PRK","ADM0_A3_GR":"PRK","ADM0_A3_IT":"PRK","ADM0_A3_NL":"PRK","ADM0_A3_SE":"PRK","ADM0_A3_BD":"PRK","ADM0_A3_UA":"PRK","ADM0_A3_UN":-99,"ADM0_A3_WB":-99,"CONTINENT":"Asia","REGION_UN":"Asia","SUBREGION":"Eastern Asia","REGION_WB":"East Asia & Pacific","NAME_LEN":11,"LONG_LEN":15,"ABBREV_LEN":4,"TINY":-99,"HOMEPART":1,"MIN_ZOOM":0,"MIN_LABEL":3,"MAX_LABEL":8,"LABEL_X":126.444516,"LABEL_Y":39.885252,"NE_ID":1159321181,"WIKIDATAID":"Q423","NAME_AR":"كوريا الشمالية","NAME_BN":"উত্তর কোরিয়া","NAME_DE":"Nordkorea","NAME_EN":"North Korea","NAME_ES":"Corea del Norte","NAME_FA":"کره شمالی","NAME_FR":"Corée du Nord","NAME_EL":"Βόρεια Κορέα","NAME_HE":"קוריאה הצפונית","NAME_HI":"उत्तर कोरिया","NAME_HU":"Észak-Korea","NAME_ID":"Korea Utara","NAME_IT":"Corea del Nord","NAME_JA":"朝鮮民主主義人民共和国","NAME_KO":"조선민주주의인민공화국","NAME_NL":"Noord-Korea","NAME_PL":"Korea Północna","NAME_PT":"Coreia do Norte","NAME_RU":"КНДР","NAME_SV":"Nordkorea","NAME_TR":"Kuzey Kore","NAME_UK":"Корейська Народно-Демократична Республіка","NAME_UR":"شمالی کوریا","NAME_VI":"Cộng hòa Dân chủ Nhân dân Triều Tiên","NAME_ZH":"朝鲜民主主义人民共和国","NAME_ZHT":"朝鮮民主主義人民共和國","FCLASS_ISO":"Admin-0 country","TLC_DIFF":null,"FCLASS_TLC":"Admin-0 country","FCLASS_US":null,"FCLASS_FR":null,"FCLASS_RU":null,"FCLASS_ES":null,"FCLASS_CN":null,"FCLASS_TW":null,"FCLASS_IN":null,"FCLASS_NP":null,"FCLASS_PK":null,"FCLASS_DE":null,"FCLASS_GB":null,"FCLASS_BR":null,"FCLASS_IL":null,"FCLASS_PS":null,"FCLASS_SA":null,"FCLASS_EG":null,"FCLASS_MA":null,"FCLASS_PT":null,"FCLASS_AR":null,"FCLASS_JP":null,"FCLASS_KO":null,"FCLASS_VN":null,"FCLASS_TR":null,"FCLASS_ID":null,"FCLASS_PL":null,"FCLASS_GR":null,"FCLASS_IT":null,"FCLASS_NL":null,"FCLASS_SE":null,"FCLASS_BD":null,"FCLASS_UA":null},"geometry":{"type":"MultiPolygon","coordinates":[[],[]]}},{"type":"Feature","bbox":[20.150016,34.919988,26.604196,41.826905],"properties":{"featurecla":"Admin-0 country","scalerank":1,"LABELRANK":3,"SOVEREIGNT":"Greece","SOV_A3":"GRC","ADM0_DIF":0,"LEVEL":2,"TYPE":"Sovereign country","TLC":"1","ADMIN":"Greece","ADM0_A3":"GRC","GEOU_DIF":0,"GEOUNIT":"Greece","GU_A3":"GRC","SU_DIF":0,"SUBUNIT":"Greece","SU_A3":"GRC","BRK_DIFF":0,"NAME":"Greece","NAME_LONG":"Greece","BRK_A3":"GRC","BRK_NAME":"Greece","BRK_GROUP":null,"ABBREV":"Greece","POSTAL":"GR","FORMAL_EN":"Hellenic Republic","FORMAL_FR":null,"NAME_CIAWF":"Greece","NOTE_ADM0":null,"NOTE_BRK":null,"NAME_SORT":"Greece","NAME_ALT":null,"MAPCOLOR7":2,"MAPCOLOR8":2,"MAPCOLOR9":2,"MAPCOLOR13":9,"POP_EST":10716322,"POP_RANK":14,"POP_YEAR":2019,"GDP_MD":209852,"GDP_YEAR":2019,"ECONOMY":"2. Developed region: nonG7","INCOME_GRP":"1. High income: OECD","FIPS_10":"GR","ISO_A2":"GR","ISO_A2_EH":"GR","ISO_A3":"GRC","ISO_A3_EH":"GRC","ISO_N3":"300","ISO_N3_EH":"300","UN_A3":"300","WB_A2":"GR","WB_A3":"GRC","WOE_ID":23424833,"WOE_ID_EH":23424833,"WOE_NOTE":"Exact WOE match as country","ADM0_ISO":"GRC","ADM0_DIFF":null,"ADM0_TLC":"GRC","ADM0_A3_US":"GRC","ADM0_A3_FR":"GRC","ADM0_A3_RU":"GRC","ADM0_A3_ES":"GRC","ADM0_A3_CN":"GRC","ADM0_A3_TW":"GRC","ADM0_A3_IN":"GRC","ADM0_A3_NP":"GRC","ADM0_A3_PK":"GRC","ADM0_A3_DE":"GRC","ADM0_A3_GB":"GRC","ADM0_A3_BR":"GRC","ADM0_A3_IL":"GRC","ADM0_A3_PS":"GRC","ADM0_A3_SA":"GRC","ADM0_A3_EG":"GRC","ADM0_A3_MA":"GRC","ADM0_A3_PT":"GRC","ADM0_A3_AR":"GRC","ADM0_A3_JP":"GRC","ADM0_A3_KO":"GRC","ADM0_A3_VN":"GRC","ADM0_A3_TR":"GRC","ADM0_A3_ID":"GRC","ADM0_A3_PL":"GRC","ADM0_A3_GR":"GRC","ADM0_A3_IT":"GRC","ADM0_A3_NL":"GRC","ADM0_A3_SE":"GRC","ADM0_A3_BD":"GRC","ADM0_A3_UA":"GRC","ADM0_A3_UN":-99,"ADM0_A3_WB":-99,"CONTINENT":"Europe","REGION_UN":"Europe","SUBREGION":"Southern Europe","REGION_WB":"Europe & Central Asia","NAME_LEN":6,"LONG_LEN":6,"ABBREV_LEN":6,"TINY":-99,"HOMEPART":1,"MIN_ZOOM":0,"MIN_LABEL":2.7,"MAX_LABEL":8,"LABEL_X":21.72568,"LABEL_Y":39.492763,"NE_ID":1159320811,"WIKIDATAID":"Q41","NAME_AR":"اليونان","NAME_BN":"গ্রিস","NAME_DE":"Griechenland","NAME_EN":"Greece","NAME_ES":"Grecia","NAME_FA":"یونان","NAME_FR":"Grèce","NAME_EL":"Ελλάδα","NAME_HE":"יוון","NAME_HI":"यूनान","NAME_HU":"Görögország","NAME_ID":"Yunani","NAME_IT":"Grecia","NAME_JA":"ギリシャ","NAME_KO":"그리스","NAME_NL":"Griekenland","NAME_PL":"Grecja","NAME_PT":"Grécia","NAME_RU":"Греция","NAME_SV":"Grekland","NAME_TR":"Yunanistan","NAME_UK":"Греція","NAME_UR":"یونان","NAME_VI":"Hy Lạp","NAME_ZH":"希腊","NAME_ZHT":"希臘","FCLASS_ISO":"Admin-0 country","TLC_DIFF":null,"FCLASS_TLC":"Admin-0 country","FCLASS_US":null,"FCLASS_FR":null,"FCLASS_RU":null,"FCLASS_ES":null,"FCLASS_CN":null,"FCLASS_TW":null,"FCLASS_IN":null,"FCLASS_NP":null,"FCLASS_PK":null,"FCLASS_DE":null,"FCLASS_GB":null,"FCLASS_BR":null,"FCLASS_IL":null,"FCLASS_PS":null,"FCLASS_SA":null,"FCLASS_EG":null,"FCLASS_MA":null,"FCLASS_PT":null,"FCLASS_AR":null,"FCLASS_JP":null,"FCLASS_KO":null,"FCLASS_VN":null,"FCLASS_TR":null,"FCLASS_ID":null,"FCLASS_PL":null,"FCLASS_GR":null,"FCLASS_IT":null,"FCLASS_NL":null,"FCLASS_SE":null,"FCLASS_BD":null,"FCLASS_UA":null},"geometry":{"type":"MultiPolygon","coordinates":[[],[]]}},{"type":"Feature","bbox":[26.043351,35.821535,44.79399,42.141485],"properties":{"featurecla":"Admin-0 country","scalerank":1,"LABELRANK":2,"SOVEREIGNT":"Turkey","SOV_A3":"TUR","ADM0_DIF":0,"LEVEL":2,"TYPE":"Sovereign country","TLC":"1","ADMIN":"Turkey","ADM0_A3":"TUR","GEOU_DIF":0,"GEOUNIT":"Turkey","GU_A3":"TUR","SU_DIF":0,"SUBUNIT":"Turkey","SU_A3":"TUR","BRK_DIFF":0,"NAME":"Turkey","NAME_LONG":"Turkey","BRK_A3":"TUR","BRK_NAME":"Turkey","BRK_GROUP":null,"ABBREV":"Tur.","POSTAL":"TR","FORMAL_EN":"Republic of Turkey","FORMAL_FR":null,"NAME_CIAWF":"Turkey","NOTE_ADM0":null,"NOTE_BRK":null,"NAME_SORT":"Turkey","NAME_ALT":null,"MAPCOLOR7":6,"MAPCOLOR8":3,"MAPCOLOR9":8,"MAPCOLOR13":4,"POP_EST":83429615,"POP_RANK":16,"POP_YEAR":2019,"GDP_MD":761425,"GDP_YEAR":2019,"ECONOMY":"4. Emerging region: MIKT","INCOME_GRP":"3. Upper middle income","FIPS_10":"TU","ISO_A2":"TR","ISO_A2_EH":"TR","ISO_A3":"TUR","ISO_A3_EH":"TUR","ISO_N3":"792","ISO_N3_EH":"792","UN_A3":"792","WB_A2":"TR","WB_A3":"TUR","WOE_ID":23424969,"WOE_ID_EH":23424969,"WOE_NOTE":"Exact WOE match as country","ADM0_ISO":"TUR","ADM0_DIFF":null,"ADM0_TLC":"TUR","ADM0_A3_US":"TUR","ADM0_A3_FR":"TUR","ADM0_A3_RU":"TUR","ADM0_A3_ES":"TUR","ADM0_A3_CN":"TUR","ADM0_A3_TW":"TUR","ADM0_A3_IN":"TUR","ADM0_A3_NP":"TUR","ADM0_A3_PK":"TUR","ADM0_A3_DE":"TUR","ADM0_A3_GB":"TUR","ADM0_A3_BR":"TUR","ADM0_A3_IL":"TUR","ADM0_A3_PS":"TUR","ADM0_A3_SA":"TUR","ADM0_A3_EG":"TUR","ADM0_A3_MA":"TUR","ADM0_A3_PT":"TUR","ADM0_A3_AR":"TUR","ADM0_A3_JP":"TUR","ADM0_A3_KO":"TUR","ADM0_A3_VN":"TUR","ADM0_A3_TR":"TUR","ADM0_A3_ID":"TUR","ADM0_A3_PL":"TUR","ADM0_A3_GR":"TUR","ADM0_A3_IT":"TUR","ADM0_A3_NL":"TUR","ADM0_A3_SE":"TUR","ADM0_A3_BD":"TUR","ADM0_A3_UA":"TUR","ADM0_A3_UN":-99,"ADM0_A3_WB":-99,"CONTINENT":"Asia","REGION_UN":"Asia","SUBREGION":"Western Asia","REGION_WB":"Europe & Central Asia","NAME_LEN":6,"LONG_LEN":6,"ABBREV_LEN":4,"TINY":-99,"HOMEPART":1,"MIN_ZOOM":0,"MIN_LABEL":2,"MAX_LABEL":7,"LABEL_X":34.508268,"LABEL_Y":39.345388,"NE_ID":1159321331,"WIKIDATAID":"Q43","NAME_AR":"تركيا","NAME_BN":"তুরস্ক","NAME_DE":"Türkei","NAME_EN":"Turkey","NAME_ES":"Turquía","NAME_FA":"ترکیه","NAME_FR":"Turquie","NAME_EL":"Τουρκία","NAME_HE":"טורקיה","NAME_HI":"तुर्की","NAME_HU":"Törökország","NAME_ID":"Turki","NAME_IT":"Turchia","NAME_JA":"トルコ","NAME_KO":"터키","NAME_NL":"Turkije","NAME_PL":"Turcja","NAME_PT":"Turquia","NAME_RU":"Турция","NAME_SV":"Turkiet","NAME_TR":"Türkiye","NAME_UK":"Туреччина","NAME_UR":"ترکی","NAME_VI":"Thổ Nhĩ Kỳ","NAME_ZH":"土耳其","NAME_ZHT":"土耳其","FCLASS_ISO":"Admin-0 country","TLC_DIFF":null,"FCLASS_TLC":"Admin-0 country","FCLASS_US":null,"FCLASS_FR":null,"FCLASS_RU":null,"FCLASS_ES":null,"FCLASS_CN":null,"FCLASS_TW":null,"FCLASS_IN":null,"FCLASS_NP":null,"FCLASS_PK":null,"FCLASS_DE":null,"FCLASS_GB":null,"FCLASS_BR":null,"FCLASS_IL":null,"FCLASS_PS":null,"FCLASS_SA":null,"FCLASS_EG":null,"FCLASS_MA":null,"FCLASS_PT":null,"FCLASS_AR":null,"FCLASS_JP":null,"FCLASS_KO":null,"FCLASS_VN":null,"FCLASS_TR":null,"FCLASS_ID":null,"FCLASS_PL":null,"FCLASS_GR":null,"FCLASS_IT":null,"FCLASS_NL":null,"FCLASS_SE":null,"FCLASS_BD":null,"FCLASS_UA":null},"geometry":{"type":"MultiPolygon","coordinates":[[],[]]}},{"type":"Feature","bbox":[156.491358,-10.826367,162.398646,-6.599338],"properties":{"featurecla":"Admin-0 country","scalerank":1,"LABELRANK":3,"SOVEREIGNT":"Solomon Islands","SOV_A3":"SLB","ADM0_DIF":0,"LEVEL":2,"TYPE":"Sovereign country","TLC":"1","ADMIN":"Solomon Islands","ADM0_A3":"SLB","GEOU_DIF":0,"GEOUNIT":"Solomon Islands","GU_A3":"SLB","SU_DIF":0,"SUBUNIT":"Solomon Islands","SU_A3":"SLB","BRK_DIFF":0,"NAME":"Solomon Is.","NAME_LONG":"Solomon Islands","BRK_A3":"SLB","BRK_NAME":"Solomon Is.","BRK_GROUP":null,"ABBREV":"S. Is.","POSTAL":"SB","FORMAL_EN":null,"FORMAL_FR":null,"NAME_CIAWF":"Solomon Islands","NOTE_ADM0":null,"NOTE_BRK":null,"NAME_SORT":"Solomon Islands","NAME_ALT":null,"MAPCOLOR7":1,"MAPCOLOR8":4,"MAPCOLOR9":1,"MAPCOLOR13":6,"POP_EST":669823,"POP_RANK":11,"POP_YEAR":2019,"GDP_MD":1589,"GDP_YEAR":2019,"ECONOMY":"7. Least developed region","INCOME_GRP":"4. Lower middle income","FIPS_10":"BP","ISO_A2":"SB","ISO_A2_EH":"SB","ISO_A3":"SLB","ISO_A3_EH":"SLB","ISO_N3":"090","ISO_N3_EH":"090","UN_A3":"090","WB_A2":"SB","WB_A3":"SLB","WOE_ID":23424766,"WOE_ID_EH":23424766,"WOE_NOTE":"Exact WOE match as country","ADM0_ISO":"SLB","ADM0_DIFF":null,"ADM0_TLC":"SLB","ADM0_A3_US":"SLB","ADM0_A3_FR":"SLB","ADM0_A3_RU":"SLB","ADM0_A3_ES":"SLB","ADM0_A3_CN":"SLB","ADM0_A3_TW":"SLB","ADM0_A3_IN":"SLB","ADM0_A3_NP":"SLB","ADM0_A3_PK":"SLB","ADM0_A3_DE":"SLB","ADM0_A3_GB":"SLB","ADM0_A3_BR":"SLB","ADM0_A3_IL":"SLB","ADM0_A3_PS":"SLB","ADM0_A3_SA":"SLB","ADM0_A3_EG":"SLB","ADM0_A3_MA":"SLB","ADM0_A3_PT":"SLB","ADM0_A3_AR":"SLB","ADM0_A3_JP":"SLB","ADM0_A3_KO":"SLB","ADM0_A3_VN":"SLB","ADM0_A3_TR":"SLB","ADM0_A3_ID":"SLB","ADM0_A3_PL":"SLB","ADM0_A3_GR":"SLB","ADM0_A3_IT":"SLB","ADM0_A3_NL":"SLB","ADM0_A3_SE":"SLB","ADM0_A3_BD":"SLB","ADM0_A3_UA":"SLB","ADM0_A3_UN":-99,"ADM0_A3_WB":-99,"CONTINENT":"Oceania","REGION_UN":"Oceania","SUBREGION":"Melanesia","REGION_WB":"East Asia & Pacific","NAME_LEN":11,"LONG_LEN":15,"ABBREV_LEN":6,"TINY":-99,"HOMEPART":1,"MIN_ZOOM":0,"MIN_LABEL":3,"MAX_LABEL":8,"LABEL_X":159.170468,"LABEL_Y":-8.029548,"NE_ID":1159321249,"WIKIDATAID":"Q685","NAME_AR":"جزر سليمان","NAME_BN":"সলোমন দ্বীপপুঞ্জ","NAME_DE":"Salomonen","NAME_EN":"Solomon Islands","NAME_ES":"Islas Salomón","NAME_FA":"جزایر سلیمان","NAME_FR":"Îles Salomon","NAME_EL":"Νησιά Σολομώντα","NAME_HE":"איי שלמה","NAME_HI":"सोलोमन द्वीपसमूह","NAME_HU":"Salamon-szigetek","NAME_ID":"Kepulauan Solomon","NAME_IT":"Isole Salomone","NAME_JA":"ソロモン諸島","NAME_KO":"솔로몬 제도","NAME_NL":"Salomonseilanden","NAME_PL":"Wyspy Salomona","NAME_PT":"Ilhas Salomão","NAME_RU":"Соломоновы Острова","NAME_SV":"Salomonöarna","NAME_TR":"Solomon Adaları","NAME_UK":"Соломонові Острови","NAME_UR":"جزائر سلیمان","NAME_VI":"Quần đảo Solomon","NAME_ZH":"所罗门群岛","NAME_ZHT":"索羅門群島","FCLASS_ISO":"Admin-0 country","TLC_DIFF":null,"FCLASS_TLC":"Admin-0 country","FCLASS_US":null,"FCLASS_FR":null,"FCLASS_RU":null,"FCLASS_ES":null,"FCLASS_CN":null,"FCLASS_TW":null,"FCLASS_IN":null,"FCLASS_NP":null,"FCLASS_PK":null,"FCLASS_DE":null,"FCLASS_GB":null,"FCLASS_BR":null,"FCLASS_IL":null,"FCLASS_PS":null,"FCLASS_SA":null,"FCLASS_EG":null,"FCLASS_MA":null,"FCLASS_PT":null,"FCLASS_AR":null,"FCLASS_JP":null,"FCLASS_KO":null,"FCLASS_VN":null,"FCLASS_TR":null,"FCLASS_ID":null,"FCLASS_PL":null,"FCLASS_GR":null,"FCLASS_IT":null,"FCLASS_NL":null,"FCLASS_SE":null,"FCLASS_BD":null,"FCLASS_UA":null},"geometry":{"type":"MultiPolygon","coordinates":[[],[],[],[],[]]}},{"type":"Feature","bbox":[166.509144,-46.641235,178.517094,-34.450662],"properties":{"featurecla":"Admin-0 country","scalerank":1,"LABELRANK":2,"SOVEREIGNT":"New Zealand","SOV_A3":"NZ1","ADM0_DIF":1,"LEVEL":2,"TYPE":"Country","TLC":"1","ADMIN":"New Zealand","ADM0_A3":"NZL","GEOU_DIF":0,"GEOUNIT":"New Zealand","GU_A3":"NZL","SU_DIF":0,"SUBUNIT":"New Zealand","SU_A3":"NZL","BRK_DIFF":0,"NAME":"New Zealand","NAME_LONG":"New Zealand","BRK_A3":"NZL","BRK_NAME":"New Zealand","BRK_GROUP":null,"ABBREV":"N.Z.","POSTAL":"NZ","FORMAL_EN":"New Zealand","FORMAL_FR":null,"NAME_CIAWF":"New Zealand","NOTE_ADM0":null,"NOTE_BRK":null,"NAME_SORT":"New Zealand","NAME_ALT":null,"MAPCOLOR7":3,"MAPCOLOR8":3,"MAPCOLOR9":4,"MAPCOLOR13":4,"POP_EST":4917000,"POP_RANK":12,"POP_YEAR":2019,"GDP_MD":206928,"GDP_YEAR":2019,"ECONOMY":"2. Developed region: nonG7","INCOME_GRP":"1. High income: OECD","FIPS_10":"NZ","ISO_A2":"NZ","ISO_A2_EH":"NZ","ISO_A3":"NZL","ISO_A3_EH":"NZL","ISO_N3":"554","ISO_N3_EH":"554","UN_A3":"554","WB_A2":"NZ","WB_A3":"NZL","WOE_ID":23424916,"WOE_ID_EH":23424916,"WOE_NOTE":"Exact WOE match as country","ADM0_ISO":"NZL","ADM0_DIFF":null,"ADM0_TLC":"NZL","ADM0_A3_US":"NZL","ADM0_A3_FR":"NZL","ADM0_A3_RU":"NZL","ADM0_A3_ES":"NZL","ADM0_A3_CN":"NZL","ADM0_A3_TW":"NZL","ADM0_A3_IN":"NZL","ADM0_A3_NP":"NZL","ADM0_A3_PK":"NZL","ADM0_A3_DE":"NZL","ADM0_A3_GB":"NZL","ADM0_A3_BR":"NZL","ADM0_A3_IL":"NZL","ADM0_A3_PS":"NZL","ADM0_A3_SA":"NZL","ADM0_A3_EG":"NZL","ADM0_A3_MA":"NZL","ADM0_A3_PT":"NZL","ADM0_A3_AR":"NZL","ADM0_A3_JP":"NZL","ADM0_A3_KO":"NZL","ADM0_A3_VN":"NZL","ADM0_A3_TR":"NZL","ADM0_A3_ID":"NZL","ADM0_A3_PL":"NZL","ADM0_A3_GR":"NZL","ADM0_A3_IT":"NZL","ADM0_A3_NL":"NZL","ADM0_A3_SE":"NZL","ADM0_A3_BD":"NZL","ADM0_A3_UA":"NZL","ADM0_A3_UN":-99,"ADM0_A3_WB":-99,"CONTINENT":"Oceania","REGION_UN":"Oceania","SUBREGION":"Australia and New Zealand","REGION_WB":"East Asia & Pacific","NAME_LEN":11,"LONG_LEN":11,"ABBREV_LEN":4,"TINY":-99,"HOMEPART":1,"MIN_ZOOM":0,"MIN_LABEL":2,"MAX_LABEL":6.7,"LABEL_X":172.787,"LABEL_Y":-39.759,"NE_ID":1159321135,"WIKIDATAID":"Q664","NAME_AR":"نيوزيلندا","NAME_BN":"নিউজিল্যান্ড","NAME_DE":"Neuseeland","NAME_EN":"New Zealand","NAME_ES":"Nueva Zelanda","NAME_FA":"نیوزیلند","NAME_FR":"Nouvelle-Zélande","NAME_EL":"Νέα Ζηλανδία","NAME_HE":"ניו זילנד","NAME_HI":"न्यूज़ीलैण्ड","NAME_HU":"Új-Zéland","NAME_ID":"Selandia Baru","NAME_IT":"Nuova Zelanda","NAME_JA":"ニュージーランド","NAME_KO":"뉴질랜드","NAME_NL":"Nieuw-Zeeland","NAME_PL":"Nowa Zelandia","NAME_PT":"Nova Zelândia","NAME_RU":"Новая Зеландия","NAME_SV":"Nya Zeeland","NAME_TR":"Yeni Zelanda","NAME_UK":"Нова Зеландія","NAME_UR":"نیوزی لینڈ","NAME_VI":"New Zealand","NAME_ZH":"新西兰","NAME_ZHT":"新西蘭","FCLASS_ISO":"Admin-0 country","TLC_DIFF":null,"FCLASS_TLC":"Admin-0 country","FCLASS_US":null,"FCLASS_FR":null,"FCLASS_RU":null,"FCLASS_ES":null,"FCLASS_CN":null,"FCLASS_TW":null,"FCLASS_IN":null,"FCLASS_NP":null,"FCLASS_PK":null,"FCLASS_DE":null,"FCLASS_GB":null,"FCLASS_BR":null,"FCLASS_IL":null,"FCLASS_PS":null,"FCLASS_SA":null,"FCLASS_EG":null,"FCLASS_MA":null,"FCLASS_PT":null,"FCLASS_AR":null,"FCLASS_JP":null,"FCLASS_KO":null,"FCLASS_VN":null,"FCLASS_TR":null,"FCLASS_ID":null,"FCLASS_PL":null,"FCLASS_GR":null,"FCLASS_IT":null,"FCLASS_NL":null,"FCLASS_SE":null,"FCLASS_BD":null,"FCLASS_UA":null},"geometry":{"type":"MultiPolygon","coordinates":[[],[]]}},{"type":"Feature","bbox":[113.338953,-43.634597,153.569469,-10.668186],"properties":{"featurecla":"Admin-0 country","scalerank":1,"LABELRANK":2,"SOVEREIGNT":"Australia","SOV_A3":"AU1","ADM0_DIF":1,"LEVEL":2,"TYPE":"Country","TLC":"1","ADMIN":"Australia","ADM0_A3":"AUS","GEOU_DIF":0,"GEOUNIT":"Australia","GU_A3":"AUS","SU_DIF":0,"SUBUNIT":"Australia","SU_A3":"AUS","BRK_DIFF":0,"NAME":"Australia","NAME_LONG":"Australia","BRK_A3":"AUS","BRK_NAME":"Australia","BRK_GROUP":null,"ABBREV":"Auz.","POSTAL":"AU","FORMAL_EN":"Commonwealth of Australia","FORMAL_FR":null,"NAME_CIAWF":"Australia","NOTE_ADM0":null,"NOTE_BRK":null,"NAME_SORT":"Australia","NAME_ALT":null,"MAPCOLOR7":1,"MAPCOLOR8":2,"MAPCOLOR9":2,"MAPCOLOR13":7,"POP_EST":25364307,"POP_RANK":15,"POP_YEAR":2019,"GDP_MD":1396567,"GDP_YEAR":2019,"ECONOMY":"2. Developed region: nonG7","INCOME_GRP":"1. High income: OECD","FIPS_10":"AS","ISO_A2":"AU","ISO_A2_EH":"AU","ISO_A3":"AUS","ISO_A3_EH":"AUS","ISO_N3":"036","ISO_N3_EH":"036","UN_A3":"036","WB_A2":"AU","WB_A3":"AUS","WOE_ID":-90,"WOE_ID_EH":23424748,"WOE_NOTE":"Includes Ashmore and Cartier Islands (23424749) and Coral Sea Islands (23424790).","ADM0_ISO":"AUS","ADM0_DIFF":null,"ADM0_TLC":"AUS","ADM0_A3_US":"AUS","ADM0_A3_FR":"AUS","ADM0_A3_RU":"AUS","ADM0_A3_ES":"AUS","ADM0_A3_CN":"AUS","ADM0_A3_TW":"AUS","ADM0_A3_IN":"AUS","ADM0_A3_NP":"AUS","ADM0_A3_PK":"AUS","ADM0_A3_DE":"AUS","ADM0_A3_GB":"AUS","ADM0_A3_BR":"AUS","ADM0_A3_IL":"AUS","ADM0_A3_PS":"AUS","ADM0_A3_SA":"AUS","ADM0_A3_EG":"AUS","ADM0_A3_MA":"AUS","ADM0_A3_PT":"AUS","ADM0_A3_AR":"AUS","ADM0_A3_JP":"AUS","ADM0_A3_KO":"AUS","ADM0_A3_VN":"AUS","ADM0_A3_TR":"AUS","ADM0_A3_ID":"AUS","ADM0_A3_PL":"AUS","ADM0_A3_GR":"AUS","ADM0_A3_IT":"AUS","ADM0_A3_NL":"AUS","ADM0_A3_SE":"AUS","ADM0_A3_BD":"AUS","ADM0_A3_UA":"AUS","ADM0_A3_UN":-99,"ADM0_A3_WB":-99,"CONTINENT":"Oceania","REGION_UN":"Oceania","SUBREGION":"Australia and New Zealand","REGION_WB":"East Asia & Pacific","NAME_LEN":9,"LONG_LEN":9,"ABBREV_LEN":4,"TINY":-99,"HOMEPART":1,"MIN_ZOOM":0,"MIN_LABEL":1.7,"MAX_LABEL":5.7,"LABEL_X":134.04972,"LABEL_Y":-24.129522,"NE_ID":1159320355,"WIKIDATAID":"Q408","NAME_AR":"أستراليا","NAME_BN":"অস্ট্রেলিয়া","NAME_DE":"Australien","NAME_EN":"Australia","NAME_ES":"Australia","NAME_FA":"استرالیا","NAME_FR":"Australie","NAME_EL":"Αυστραλία","NAME_HE":"אוסטרליה","NAME_HI":"ऑस्ट्रेलिया","NAME_HU":"Ausztrália","NAME_ID":"Australia","NAME_IT":"Australia","NAME_JA":"オーストラリア","NAME_KO":"오스트레일리아","NAME_NL":"Australië","NAME_PL":"Australia","NAME_PT":"Austrália","NAME_RU":"Австралия","NAME_SV":"Australien","NAME_TR":"Avustralya","NAME_UK":"Австралія","NAME_UR":"آسٹریلیا","NAME_VI":"Úc","NAME_ZH":"澳大利亚","NAME_ZHT":"澳大利亞","FCLASS_ISO":"Admin-0 country","TLC_DIFF":null,"FCLASS_TLC":"Admin-0 country","FCLASS_US":null,"FCLASS_FR":null,"FCLASS_RU":null,"FCLASS_ES":null,"FCLASS_CN":null,"FCLASS_TW":null,"FCLASS_IN":null,"FCLASS_NP":null,"FCLASS_PK":null,"FCLASS_DE":null,"FCLASS_GB":null,"FCLASS_BR":null,"FCLASS_IL":null,"FCLASS_PS":null,"FCLASS_SA":null,"FCLASS_EG":null,"FCLASS_MA":null,"FCLASS_PT":null,"FCLASS_AR":null,"FCLASS_JP":null,"FCLASS_KO":null,"FCLASS_VN":null,"FCLASS_TR":null,"FCLASS_ID":null,"FCLASS_PL":null,"FCLASS_GR":null,"FCLASS_IT":null,"FCLASS_NL":null,"FCLASS_SE":null,"FCLASS_BD":null,"FCLASS_UA":null},"geometry":{"type":"MultiPolygon","coordinates":[[],[]]}},{"type":"Feature","bbox":[73.675379,18.197701,135.026311,53.4588],"properties":{"featurecla":"Admin-0 country","scalerank":1,"LABELRANK":2,"SOVEREIGNT":"China","SOV_A3":"CH1","ADM0_DIF":1,"LEVEL":2,"TYPE":"Country","TLC":"1","ADMIN":"China","ADM0_A3":"CHN","GEOU_DIF":0,"GEOUNIT":"China","GU_A3":"CHN","SU_DIF":0,"SUBUNIT":"China","SU_A3":"CHN","BRK_DIFF":0,"NAME":"China","NAME_LONG":"China","BRK_A3":"CHN","BRK_NAME":"China","BRK_GROUP":null,"ABBREV":"China","POSTAL":"CN","FORMAL_EN":"People's Republic of China","FORMAL_FR":null,"NAME_CIAWF":"China","NOTE_ADM0":null,"NOTE_BRK":null,"NAME_SORT":"China","NAME_ALT":null,"MAPCOLOR7":4,"MAPCOLOR8":4,"MAPCOLOR9":4,"MAPCOLOR13":3,"POP_EST":1397715000,"POP_RANK":18,"POP_YEAR":2019,"GDP_MD":14342903,"GDP_YEAR":2019,"ECONOMY":"3. Emerging region: BRIC","INCOME_GRP":"3. Upper middle income","FIPS_10":"CH","ISO_A2":"CN","ISO_A2_EH":"CN","ISO_A3":"CHN","ISO_A3_EH":"CHN","ISO_N3":"156","ISO_N3_EH":"156","UN_A3":"156","WB_A2":"CN","WB_A3":"CHN","WOE_ID":23424781,"WOE_ID_EH":23424781,"WOE_NOTE":"Exact WOE match as country","ADM0_ISO":"CHN","ADM0_DIFF":null,"ADM0_TLC":"CHN","ADM0_A3_US":"CHN","ADM0_A3_FR":"CHN","ADM0_A3_RU":"CHN","ADM0_A3_ES":"CHN","ADM0_A3_CN":"CHN","ADM0_A3_TW":"TWN","ADM0_A3_IN":"CHN","ADM0_A3_NP":"CHN","ADM0_A3_PK":"CHN","ADM0_A3_DE":"CHN","ADM0_A3_GB":"CHN","ADM0_A3_BR":"CHN","ADM0_A3_IL":"CHN","ADM0_A3_PS":"CHN","ADM0_A3_SA":"CHN","ADM0_A3_EG":"CHN","ADM0_A3_MA":"CHN","ADM0_A3_PT":"CHN","ADM0_A3_AR":"CHN","ADM0_A3_JP":"CHN","ADM0_A3_KO":"CHN","ADM0_A3_VN":"CHN","ADM0_A3_TR":"CHN","ADM0_A3_ID":"CHN","ADM0_A3_PL":"CHN","ADM0_A3_GR":"CHN","ADM0_A3_IT":"CHN","ADM0_A3_NL":"CHN","ADM0_A3_SE":"CHN","ADM0_A3_BD":"CHN","ADM0_A3_UA":"CHN","ADM0_A3_UN":-99,"ADM0_A3_WB":-99,"CONTINENT":"Asia","REGION_UN":"Asia","SUBREGION":"Eastern Asia","REGION_WB":"East Asia & Pacific","NAME_LEN":5,"LONG_LEN":5,"ABBREV_LEN":5,"TINY":-99,"HOMEPART":1,"MIN_ZOOM":0,"MIN_LABEL":1.7,"MAX_LABEL":5.7,"LABEL_X":106.337289,"LABEL_Y":32.498178,"NE_ID":1159320471,"WIKIDATAID":"Q148","NAME_AR":"الصين","NAME_BN":"গণচীন","NAME_DE":"Volksrepublik China","NAME_EN":"People's Republic of China","NAME_ES":"China","NAME_FA":"جمهوری خلق چین","NAME_FR":"République populaire de Chine","NAME_EL":"Λαϊκή Δημοκρατία της Κίνας","NAME_HE":"הרפובליקה העממית של סין","NAME_HI":"चीनी जनवादी गणराज्य","NAME_HU":"Kína","NAME_ID":"Republik Rakyat Tiongkok","NAME_IT":"Cina","NAME_JA":"中華人民共和国","NAME_KO":"중화인민공화국","NAME_NL":"Volksrepubliek China","NAME_PL":"Chińska Republika Ludowa","NAME_PT":"China","NAME_RU":"Китайская Народная Республика","NAME_SV":"Kina","NAME_TR":"Çin Halk Cumhuriyeti","NAME_UK":"Китайська Народна Республіка","NAME_UR":"عوامی جمہوریہ چین","NAME_VI":"Trung Quốc","NAME_ZH":"中华人民共和国","NAME_ZHT":"中華人民共和國","FCLASS_ISO":"Admin-0 country","TLC_DIFF":null,"FCLASS_TLC":"Admin-0 country","FCLASS_US":null,"FCLASS_FR":null,"FCLASS_RU":null,"FCLASS_ES":null,"FCLASS_CN":null,"FCLASS_TW":"Unrecognized","FCLASS_IN":null,"FCLASS_NP":null,"FCLASS_PK":null,"FCLASS_DE":null,"FCLASS_GB":null,"FCLASS_BR":null,"FCLASS_IL":null,"FCLASS_PS":null,"FCLASS_SA":null,"FCLASS_EG":null,"FCLASS_MA":null,"FCLASS_PT":null,"FCLASS_AR":null,"FCLASS_JP":null,"FCLASS_KO":null,"FCLASS_VN":null,"FCLASS_TR":null,"FCLASS_ID":null,"FCLASS_PL":null,"FCLASS_GR":null,"FCLASS_IT":null,"FCLASS_NL":null,"FCLASS_SE":null,"FCLASS_BD":null,"FCLASS_UA":null},"geometry":{"type":"MultiPolygon","coordinates":[[],[]]}},{"type":"Feature","bbox":[6.749955,36.619987,18.480247,47.115393],"properties":{"featurecla":"Admin-0 country","scalerank":1,"LABELRANK":2,"SOVEREIGNT":"Italy","SOV_A3":"ITA","ADM0_DIF":0,"LEVEL":2,"TYPE":"Sovereign country","TLC":"1","ADMIN":"Italy","ADM0_A3":"ITA","GEOU_DIF":0,"GEOUNIT":"Italy","GU_A3":"ITA","SU_DIF":0,"SUBUNIT":"Italy","SU_A3":"ITA","BRK_DIFF":0,"NAME":"Italy","NAME_LONG":"Italy","BRK_A3":"ITA","BRK_NAME":"Italy","BRK_GROUP":null,"ABBREV":"Italy","POSTAL":"I","FORMAL_EN":"Italian Republic","FORMAL_FR":null,"NAME_CIAWF":"Italy","NOTE_ADM0":null,"NOTE_BRK":null,"NAME_SORT":"Italy","NAME_ALT":null,"MAPCOLOR7":6,"MAPCOLOR8":7,"MAPCOLOR9":8,"MAPCOLOR13":7,"POP_EST":60297396,"POP_RANK":16,"POP_YEAR":2019,"GDP_MD":2003576,"GDP_YEAR":2019,"ECONOMY":"1. Developed region: G7","INCOME_GRP":"1. High income: OECD","FIPS_10":"IT","ISO_A2":"IT","ISO_A2_EH":"IT","ISO_A3":"ITA","ISO_A3_EH":"ITA","ISO_N3":"380","ISO_N3_EH":"380","UN_A3":"380","WB_A2":"IT","WB_A3":"ITA","WOE_ID":23424853,"WOE_ID_EH":23424853,"WOE_NOTE":"Exact WOE match as country","ADM0_ISO":"ITA","ADM0_DIFF":null,"ADM0_TLC":"ITA","ADM0_A3_US":"ITA","ADM0_A3_FR":"ITA","ADM0_A3_RU":"ITA","ADM0_A3_ES":"ITA","ADM0_A3_CN":"ITA","ADM0_A3_TW":"ITA","ADM0_A3_IN":"ITA","ADM0_A3_NP":"ITA","ADM0_A3_PK":"ITA","ADM0_A3_DE":"ITA","ADM0_A3_GB":"ITA","ADM0_A3_BR":"ITA","ADM0_A3_IL":"ITA","ADM0_A3_PS":"ITA","ADM0_A3_SA":"ITA","ADM0_A3_EG":"ITA","ADM0_A3_MA":"ITA","ADM0_A3_PT":"ITA","ADM0_A3_AR":"ITA","ADM0_A3_JP":"ITA","ADM0_A3_KO":"ITA","ADM0_A3_VN":"ITA","ADM0_A3_TR":"ITA","ADM0_A3_ID":"ITA","ADM0_A3_PL":"ITA","ADM0_A3_GR":"ITA","ADM0_A3_IT":"ITA","ADM0_A3_NL":"ITA","ADM0_A3_SE":"ITA","ADM0_A3_BD":"ITA","ADM0_A3_UA":"ITA","ADM0_A3_UN":-99,"ADM0_A3_WB":-99,"CONTINENT":"Europe","REGION_UN":"Europe","SUBREGION":"Southern Europe","REGION_WB":"Europe & Central Asia","NAME_LEN":5,"LONG_LEN":5,"ABBREV_LEN":5,"TINY":-99,"HOMEPART":1,"MIN_ZOOM":0,"MIN_LABEL":2,"MAX_LABEL":7,"LABEL_X":11.076907,"LABEL_Y":44.732482,"NE_ID":1159320919,"WIKIDATAID":"Q38","NAME_AR":"إيطاليا","NAME_BN":"ইতালি","NAME_DE":"Italien","NAME_EN":"Italy","NAME_ES":"Italia","NAME_FA":"ایتالیا","NAME_FR":"Italie","NAME_EL":"Ιταλία","NAME_HE":"איטליה","NAME_HI":"इटली","NAME_HU":"Olaszország","NAME_ID":"Italia","NAME_IT":"Italia","NAME_JA":"イタリア","NAME_KO":"이탈리아","NAME_NL":"Italië","NAME_PL":"Włochy","NAME_PT":"Itália","NAME_RU":"Италия","NAME_SV":"Italien","NAME_TR":"İtalya","NAME_UK":"Італія","NAME_UR":"اطالیہ","NAME_VI":"Ý","NAME_ZH":"意大利","NAME_ZHT":"義大利","FCLASS_ISO":"Admin-0 country","TLC_DIFF":null,"FCLASS_TLC":"Admin-0 country","FCLASS_US":null,"FCLASS_FR":null,"FCLASS_RU":null,"FCLASS_ES":null,"FCLASS_CN":null,"FCLASS_TW":null,"FCLASS_IN":null,"FCLASS_NP":null,"FCLASS_PK":null,"FCLASS_DE":null,"FCLASS_GB":null,"FCLASS_BR":null,"FCLASS_IL":null,"FCLASS_PS":null,"FCLASS_SA":null,"FCLASS_EG":null,"FCLASS_MA":null,"FCLASS_PT":null,"FCLASS_AR":null,"FCLASS_JP":null,"FCLASS_KO":null,"FCLASS_VN":null,"FCLASS_TR":null,"FCLASS_ID":null,"FCLASS_PL":null,"FCLASS_GR":null,"FCLASS_IT":null,"FCLASS_NL":null,"FCLASS_SE":null,"FCLASS_BD":null,"FCLASS_UA":null},"geometry":{"type":"MultiPolygon","coordinates":[[],[],[]]}},{"type":"Feature","bbox":[8.089977,54.800015,12.690006,57.730017],"properties":{"featurecla":"Admin-0 country","scalerank":1,"LABELRANK":4,"SOVEREIGNT":"Denmark","SOV_A3":"DN1","ADM0_DIF":1,"LEVEL":2,"TYPE":"Country","TLC":"1","ADMIN":"Denmark","ADM0_A3":"DNK","GEOU_DIF":0,"GEOUNIT":"Denmark","GU_A3":"DNK","SU_DIF":0,"SUBUNIT":"Denmark","SU_A3":"DNK","BRK_DIFF":0,"NAME":"Denmark","NAME_LONG":"Denmark","BRK_A3":"DNK","BRK_NAME":"Denmark","BRK_GROUP":null,"ABBREV":"Den.","POSTAL":"DK","FORMAL_EN":"Kingdom of Denmark","FORMAL_FR":null,"NAME_CIAWF":"Denmark","NOTE_ADM0":null,"NOTE_BRK":null,"NAME_SORT":"Denmark","NAME_ALT":null,"MAPCOLOR7":4,"MAPCOLOR8":1,"MAPCOLOR9":3,"MAPCOLOR13":12,"POP_EST":5818553,"POP_RANK":13,"POP_YEAR":2019,"GDP_MD":350104,"GDP_YEAR":2019,"ECONOMY":"2. Developed region: nonG7","INCOME_GRP":"1. High income: OECD","FIPS_10":"DA","ISO_A2":"DK","ISO_A2_EH":"DK","ISO_A3":"DNK","ISO_A3_EH":"DNK","ISO_N3":"208","ISO_N3_EH":"208","UN_A3":"208","WB_A2":"DK","WB_A3":"DNK","WOE_ID":23424796,"WOE_ID_EH":23424796,"WOE_NOTE":"Exact WOE match as country","ADM0_ISO":"DNK","ADM0_DIFF":null,"ADM0_TLC":"DNK","ADM0_A3_US":"DNK","ADM0_A3_FR":"DNK","ADM0_A3_RU":"DNK","ADM0_A3_ES":"DNK","ADM0_A3_CN":"DNK","ADM0_A3_TW":"DNK","ADM0_A3_IN":"DNK","ADM0_A3_NP":"DNK","ADM0_A3_PK":"DNK","ADM0_A3_DE":"DNK","ADM0_A3_GB":"DNK","ADM0_A3_BR":"DNK","ADM0_A3_IL":"DNK","ADM0_A3_PS":"DNK","ADM0_A3_SA":"DNK","ADM0_A3_EG":"DNK","ADM0_A3_MA":"DNK","ADM0_A3_PT":"DNK","ADM0_A3_AR":"DNK","ADM0_A3_JP":"DNK","ADM0_A3_KO":"DNK","ADM0_A3_VN":"DNK","ADM0_A3_TR":"DNK","ADM0_A3_ID":"DNK","ADM0_A3_PL":"DNK","ADM0_A3_GR":"DNK","ADM0_A3_IT":"DNK","ADM0_A3_NL":"DNK","ADM0_A3_SE":"DNK","ADM0_A3_BD":"DNK","ADM0_A3_UA":"DNK","ADM0_A3_UN":-99,"ADM0_A3_WB":-99,"CONTINENT":"Europe","REGION_UN":"Europe","SUBREGION":"Northern Europe","REGION_WB":"Europe & Central Asia","NAME_LEN":7,"LONG_LEN":7,"ABBREV_LEN":4,"TINY":-99,"HOMEPART":1,"MIN_ZOOM":0,"MIN_LABEL":3,"MAX_LABEL":8,"LABEL_X":9.018163,"LABEL_Y":55.966965,"NE_ID":1159320547,"WIKIDATAID":"Q35","NAME_AR":"الدنمارك","NAME_BN":"ডেনমার্ক","NAME_DE":"Dänemark","NAME_EN":"Denmark","NAME_ES":"Dinamarca","NAME_FA":"دانمارک","NAME_FR":"Danemark","NAME_EL":"Δανία","NAME_HE":"דנמרק","NAME_HI":"डेनमार्क","NAME_HU":"Dánia","NAME_ID":"Denmark","NAME_IT":"Danimarca","NAME_JA":"デンマーク","NAME_KO":"덴마크","NAME_NL":"Denemarken","NAME_PL":"Dania","NAME_PT":"Dinamarca","NAME_RU":"Дания","NAME_SV":"Danmark","NAME_TR":"Danimarka","NAME_UK":"Данія","NAME_UR":"ڈنمارک","NAME_VI":"Đan Mạch","NAME_ZH":"丹麦","NAME_ZHT":"丹麥","FCLASS_ISO":"Admin-0 country","TLC_DIFF":null,"FCLASS_TLC":"Admin-0 country","FCLASS_US":null,"FCLASS_FR":null,"FCLASS_RU":null,"FCLASS_ES":null,"FCLASS_CN":null,"FCLASS_TW":null,"FCLASS_IN":null,"FCLASS_NP":null,"FCLASS_PK":null,"FCLASS_DE":null,"FCLASS_GB":null,"FCLASS_BR":null,"FCLASS_IL":null,"FCLASS_PS":null,"FCLASS_SA":null,"FCLASS_EG":null,"FCLASS_MA":null,"FCLASS_PT":null,"FCLASS_AR":null,"FCLASS_JP":null,"FCLASS_KO":null,"FCLASS_VN":null,"FCLASS_TR":null,"FCLASS_ID":null,"FCLASS_PL":null,"FCLASS_GR":null,"FCLASS_IT":null,"FCLASS_NL":null,"FCLASS_SE":null,"FCLASS_BD":null,"FCLASS_UA":null},"geometry":{"type":"MultiPolygon","coordinates":[[],[]]}},{"type":"Feature","bbox":[-7.572168,49.96,1.681531,58.635],"properties":{"featurecla":"Admin-0 country","scalerank":1,"LABELRANK":2,"SOVEREIGNT":"United Kingdom","SOV_A3":"GB1","ADM0_DIF":1,"LEVEL":2,"TYPE":"Country","TLC":"1","ADMIN":"United Kingdom","ADM0_A3":"GBR","GEOU_DIF":0,"GEOUNIT":"United Kingdom","GU_A3":"GBR","SU_DIF":0,"SUBUNIT":"United Kingdom","SU_A3":"GBR","BRK_DIFF":0,"NAME":"United Kingdom","NAME_LONG":"United Kingdom","BRK_A3":"GBR","BRK_NAME":"United Kingdom","BRK_GROUP":null,"ABBREV":"U.K.","POSTAL":"GB","FORMAL_EN":"United Kingdom of Great Britain and Northern Ireland","FORMAL_FR":null,"NAME_CIAWF":"United Kingdom","NOTE_ADM0":null,"NOTE_BRK":null,"NAME_SORT":"United Kingdom","NAME_ALT":null,"MAPCOLOR7":6,"MAPCOLOR8":6,"MAPCOLOR9":6,"MAPCOLOR13":3,"POP_EST":66834405,"POP_RANK":16,"POP_YEAR":2019,"GDP_MD":2829108,"GDP_YEAR":2019,"ECONOMY":"1. Developed region: G7","INCOME_GRP":"1. High income: OECD","FIPS_10":"UK","ISO_A2":"GB","ISO_A2_EH":"GB","ISO_A3":"GBR","ISO_A3_EH":"GBR","ISO_N3":"826","ISO_N3_EH":"826","UN_A3":"826","WB_A2":"GB","WB_A3":"GBR","WOE_ID":-90,"WOE_ID_EH":23424975,"WOE_NOTE":"Eh ID includes Channel Islands and Isle of Man. UK constituent countries of England (24554868), Wales (12578049), Scotland (12578048), and Northern Ireland (20070563).","ADM0_ISO":"GBR","ADM0_DIFF":null,"ADM0_TLC":"GBR","ADM0_A3_US":"GBR","ADM0_A3_FR":"GBR","ADM0_A3_RU":"GBR","ADM0_A3_ES":"GBR","ADM0_A3_CN":"GBR","ADM0_A3_TW":"GBR","ADM0_A3_IN":"GBR","ADM0_A3_NP":"GBR","ADM0_A3_PK":"GBR","ADM0_A3_DE":"GBR","ADM0_A3_GB":"GBR","ADM0_A3_BR":"GBR","ADM0_A3_IL":"GBR","ADM0_A3_PS":"GBR","ADM0_A3_SA":"GBR","ADM0_A3_EG":"GBR","ADM0_A3_MA":"GBR","ADM0_A3_PT":"GBR","ADM0_A3_AR":"GBR","ADM0_A3_JP":"GBR","ADM0_A3_KO":"GBR","ADM0_A3_VN":"GBR","ADM0_A3_TR":"GBR","ADM0_A3_ID":"GBR","ADM0_A3_PL":"GBR","ADM0_A3_GR":"GBR","ADM0_A3_IT":"GBR","ADM0_A3_NL":"GBR","ADM0_A3_SE":"GBR","ADM0_A3_BD":"GBR","ADM0_A3_UA":"GBR","ADM0_A3_UN":-99,"ADM0_A3_WB":-99,"CONTINENT":"Europe","REGION_UN":"Europe","SUBREGION":"Northern Europe","REGION_WB":"Europe & Central Asia","NAME_LEN":14,"LONG_LEN":14,"ABBREV_LEN":4,"TINY":-99,"HOMEPART":1,"MIN_ZOOM":0,"MIN_LABEL":1.7,"MAX_LABEL":6.7,"LABEL_X":-2.116346,"LABEL_Y":54.402739,"NE_ID":1159320713,"WIKIDATAID":"Q145","NAME_AR":"المملكة المتحدة","NAME_BN":"যুক্তরাজ্য","NAME_DE":"Vereinigtes Königreich","NAME_EN":"United Kingdom","NAME_ES":"Reino Unido","NAME_FA":"بریتانیا","NAME_FR":"Royaume-Uni","NAME_EL":"Ηνωμένο Βασίλειο","NAME_HE":"הממלכה המאוחדת","NAME_HI":"यूनाइटेड किंगडम","NAME_HU":"Egyesült Királyság","NAME_ID":"Britania Raya","NAME_IT":"Regno Unito","NAME_JA":"イギリス","NAME_KO":"영국","NAME_NL":"Verenigd Koninkrijk","NAME_PL":"Wielka Brytania","NAME_PT":"Reino Unido","NAME_RU":"Великобритания","NAME_SV":"Storbritannien","NAME_TR":"Birleşik Krallık","NAME_UK":"Велика Британія","NAME_UR":"مملکت متحدہ","NAME_VI":"Vương quốc Liên hiệp Anh và Bắc Ireland","NAME_ZH":"英国","NAME_ZHT":"英國","FCLASS_ISO":"Admin-0 country","TLC_DIFF":null,"FCLASS_TLC":"Admin-0 country","FCLASS_US":null,"FCLASS_FR":null,"FCLASS_RU":null,"FCLASS_ES":null,"FCLASS_CN":null,"FCLASS_TW":null,"FCLASS_IN":null,"FCLASS_NP":null,"FCLASS_PK":null,"FCLASS_DE":null,"FCLASS_GB":null,"FCLASS_BR":null,"FCLASS_IL":null,"FCLASS_PS":null,"FCLASS_SA":null,"FCLASS_EG":null,"FCLASS_MA":null,"FCLASS_PT":null,"FCLASS_AR":null,"FCLASS_JP":null,"FCLASS_KO":null,"FCLASS_VN":null,"FCLASS_TR":null,"FCLASS_ID":null,"FCLASS_PL":null,"FCLASS_GR":null,"FCLASS_IT":null,"FCLASS_NL":null,"FCLASS_SE":null,"FCLASS_BD":null,"FCLASS_UA":null},"geometry":{"type":"MultiPolygon","coordinates":[[],[]]}},{"type":"Feature","bbox":[-24.326184,63.496383,-13.609732,66.526792],"properties":{"featurecla":"Admin-0 country","scalerank":1,"LABELRANK":3,"SOVEREIGNT":"Iceland","SOV_A3":"ISL","ADM0_DIF":0,"LEVEL":2,"TYPE":"Sovereign country","TLC":"1","ADMIN":"Iceland","ADM0_A3":"ISL","GEOU_DIF":0,"GEOUNIT":"Iceland","GU_A3":"ISL","SU_DIF":0,"SUBUNIT":"Iceland","SU_A3":"ISL","BRK_DIFF":0,"NAME":"Iceland","NAME_LONG":"Iceland","BRK_A3":"ISL","BRK_NAME":"Iceland","BRK_GROUP":null,"ABBREV":"Iceland","POSTAL":"IS","FORMAL_EN":"Republic of Iceland","FORMAL_FR":null,"NAME_CIAWF":"Iceland","NOTE_ADM0":null,"NOTE_BRK":null,"NAME_SORT":"Iceland","NAME_ALT":null,"MAPCOLOR7":1,"MAPCOLOR8":4,"MAPCOLOR9":4,"MAPCOLOR13":9,"POP_EST":361313,"POP_RANK":10,"POP_YEAR":2019,"GDP_MD":24188,"GDP_YEAR":2019,"ECONOMY":"2. Developed region: nonG7","INCOME_GRP":"1. High income: OECD","FIPS_10":"IC","ISO_A2":"IS","ISO_A2_EH":"IS","ISO_A3":"ISL","ISO_A3_EH":"ISL","ISO_N3":"352","ISO_N3_EH":"352","UN_A3":"352","WB_A2":"IS","WB_A3":"ISL","WOE_ID":23424845,"WOE_ID_EH":23424845,"WOE_NOTE":"Exact WOE match as country","ADM0_ISO":"ISL","ADM0_DIFF":null,"ADM0_TLC":"ISL","ADM0_A3_US":"ISL","ADM0_A3_FR":"ISL","ADM0_A3_RU":"ISL","ADM0_A3_ES":"ISL","ADM0_A3_CN":"ISL","ADM0_A3_TW":"ISL","ADM0_A3_IN":"ISL","ADM0_A3_NP":"ISL","ADM0_A3_PK":"ISL","ADM0_A3_DE":"ISL","ADM0_A3_GB":"ISL","ADM0_A3_BR":"ISL","ADM0_A3_IL":"ISL","ADM0_A3_PS":"ISL","ADM0_A3_SA":"ISL","ADM0_A3_EG":"ISL","ADM0_A3_MA":"ISL","ADM0_A3_PT":"ISL","ADM0_A3_AR":"ISL","ADM0_A3_JP":"ISL","ADM0_A3_KO":"ISL","ADM0_A3_VN":"ISL","ADM0_A3_TR":"ISL","ADM0_A3_ID":"ISL","ADM0_A3_PL":"ISL","ADM0_A3_GR":"ISL","ADM0_A3_IT":"ISL","ADM0_A3_NL":"ISL","ADM0_A3_SE":"ISL","ADM0_A3_BD":"ISL","ADM0_A3_UA":"ISL","ADM0_A3_UN":-99,"ADM0_A3_WB":-99,"CONTINENT":"Europe","REGION_UN":"Europe","SUBREGION":"Northern Europe","REGION_WB":"Europe & Central Asia","NAME_LEN":7,"LONG_LEN":7,"ABBREV_LEN":7,"TINY":-99,"HOMEPART":1,"MIN_ZOOM":0,"MIN_LABEL":2,"MAX_LABEL":7,"LABEL_X":-18.673711,"LABEL_Y":64.779286,"NE_ID":1159320917,"WIKIDATAID":"Q189","NAME_AR":"آيسلندا","NAME_BN":"আইসল্যান্ড","NAME_DE":"Island","NAME_EN":"Iceland","NAME_ES":"Islandia","NAME_FA":"ایسلند","NAME_FR":"Islande","NAME_EL":"Ισλανδία","NAME_HE":"איסלנד","NAME_HI":"आइसलैण्ड","NAME_HU":"Izland","NAME_ID":"Islandia","NAME_IT":"Islanda","NAME_JA":"アイスランド","NAME_KO":"아이슬란드","NAME_NL":"IJsland","NAME_PL":"Islandia","NAME_PT":"Islândia","NAME_RU":"Исландия","NAME_SV":"Island","NAME_TR":"İzlanda","NAME_UK":"Ісландія","NAME_UR":"آئس لینڈ","NAME_VI":"Iceland","NAME_ZH":"冰岛","NAME_ZHT":"冰島","FCLASS_ISO":"Admin-0 country","TLC_DIFF":null,"FCLASS_TLC":"Admin-0 country","FCLASS_US":null,"FCLASS_FR":null,"FCLASS_RU":null,"FCLASS_ES":null,"FCLASS_CN":null,"FCLASS_TW":null,"FCLASS_IN":null,"FCLASS_NP":null,"FCLASS_PK":null,"FCLASS_DE":null,"FCLASS_GB":null,"FCLASS_BR":null,"FCLASS_IL":null,"FCLASS_PS":null,"FCLASS_SA":null,"FCLASS_EG":null,"FCLASS_MA":null,"FCLASS_PT":null,"FCLASS_AR":null,"FCLASS_JP":null,"FCLASS_KO":null,"FCLASS_VN":null,"FCLASS_TR":null,"FCLASS_ID":null,"FCLASS_PL":null,"FCLASS_GR":null,"FCLASS_IT":null,"FCLASS_NL":null,"FCLASS_SE":null,"FCLASS_BD":null,"FCLASS_UA":null},"geometry":{"type":"Polygon","coordinates":[[[-14.508695,66.455892],[-14.739637,65.808748],[-13.609732,65.126671],[-14.909834,64.364082],[-17.794438,63.678749],[-18.656246,63.496383],[-19.972755,63.643635],[-22.762972,63.960179],[-21.778484,64.402116],[-23.955044,64.89113],[-22.184403,65.084968],[-22.227423,65.378594],[-24.326184,65.611189],[-23.650515,66.262519],[-22.134922,66.410469],[-20.576284,65.732112],[-19.056842,66.276601],[-17.798624,65.993853],[-16.167819,66.526792],[-14.508695,66.455892]]]}},{"type":"Feature","bbox":[44.79399,38.270378,50.392821,41.860675],"properties":{"featurecla":"Admin-0 country","scalerank":1,"LABELRANK":5,"SOVEREIGNT":"Azerbaijan","SOV_A3":"AZE","ADM0_DIF":0,"LEVEL":2,"TYPE":"Sovereign country","TLC":"1","ADMIN":"Azerbaijan","ADM0_A3":"AZE","GEOU_DIF":0,"GEOUNIT":"Azerbaijan","GU_A3":"AZE","SU_DIF":0,"SUBUNIT":"Azerbaijan","SU_A3":"AZE","BRK_DIFF":0,"NAME":"Azerbaijan","NAME_LONG":"Azerbaijan","BRK_A3":"AZE","BRK_NAME":"Azerbaijan","BRK_GROUP":null,"ABBREV":"Aze.","POSTAL":"AZ","FORMAL_EN":"Republic of Azerbaijan","FORMAL_FR":null,"NAME_CIAWF":"Azerbaijan","NOTE_ADM0":null,"NOTE_BRK":null,"NAME_SORT":"Azerbaijan","NAME_ALT":null,"MAPCOLOR7":1,"MAPCOLOR8":6,"MAPCOLOR9":5,"MAPCOLOR13":8,"POP_EST":10023318,"POP_RANK":14,"POP_YEAR":2019,"GDP_MD":48047,"GDP_YEAR":2019,"ECONOMY":"6. Developing region","INCOME_GRP":"3. Upper middle income","FIPS_10":"AJ","ISO_A2":"AZ","ISO_A2_EH":"AZ","ISO_A3":"AZE","ISO_A3_EH":"AZE","ISO_N3":"031","ISO_N3_EH":"031","UN_A3":"031","WB_A2":"AZ","WB_A3":"AZE","WOE_ID":23424741,"WOE_ID_EH":23424741,"WOE_NOTE":"Exact WOE match as country","ADM0_ISO":"AZE","ADM0_DIFF":null,"ADM0_TLC":"AZE","ADM0_A3_US":"AZE","ADM0_A3_FR":"AZE","ADM0_A3_RU":"AZE","ADM0_A3_ES":"AZE","ADM0_A3_CN":"AZE","ADM0_A3_TW":"AZE","ADM0_A3_IN":"AZE","ADM0_A3_NP":"AZE","ADM0_A3_PK":"AZE","ADM0_A3_DE":"AZE","ADM0_A3_GB":"AZE","ADM0_A3_BR":"AZE","ADM0_A3_IL":"AZE","ADM0_A3_PS":"AZE","ADM0_A3_SA":"AZE","ADM0_A3_EG":"AZE","ADM0_A3_MA":"AZE","ADM0_A3_PT":"AZE","ADM0_A3_AR":"AZE","ADM0_A3_JP":"AZE","ADM0_A3_KO":"AZE","ADM0_A3_VN":"AZE","ADM0_A3_TR":"AZE","ADM0_A3_ID":"AZE","ADM0_A3_PL":"AZE","ADM0_A3_GR":"AZE","ADM0_A3_IT":"AZE","ADM0_A3_NL":"AZE","ADM0_A3_SE":"AZE","ADM0_A3_BD":"AZE","ADM0_A3_UA":"AZE","ADM0_A3_UN":-99,"ADM0_A3_WB":-99,"CONTINENT":"Asia","REGION_UN":"Asia","SUBREGION":"Western Asia","REGION_WB":"Europe & Central Asia","NAME_LEN":10,"LONG_LEN":10,"ABBREV_LEN":4,"TINY":-99,"HOMEPART":1,"MIN_ZOOM":0,"MIN_LABEL":4,"MAX_LABEL":9,"LABEL_X":47.210994,"LABEL_Y":40.402387,"NE_ID":1159320381,"WIKIDATAID":"Q227","NAME_AR":"أذربيجان","NAME_BN":"আজারবাইজান","NAME_DE":"Aserbaidschan","NAME_EN":"Azerbaijan","NAME_ES":"Azerbaiyán","NAME_FA":"جمهوری آذربایجان","NAME_FR":"Azerbaïdjan","NAME_EL":"Αζερμπαϊτζάν","NAME_HE":"אזרבייג'ן","NAME_HI":"अज़रबैजान","NAME_HU":"Azerbajdzsán","NAME_ID":"Azerbaijan","NAME_IT":"Azerbaigian","NAME_JA":"アゼルバイジャン","NAME_KO":"아제르바이잔","NAME_NL":"Azerbeidzjan","NAME_PL":"Azerbejdżan","NAME_PT":"Azerbaijão","NAME_RU":"Азербайджан","NAME_SV":"Azerbajdzjan","NAME_TR":"Azerbaycan","NAME_UK":"Азербайджан","NAME_UR":"آذربائیجان","NAME_VI":"Azerbaijan","NAME_ZH":"阿塞拜疆","NAME_ZHT":"亞塞拜然","FCLASS_ISO":"Admin-0 country","TLC_DIFF":null,"FCLASS_TLC":"Admin-0 country","FCLASS_US":null,"FCLASS_FR":null,"FCLASS_RU":null,"FCLASS_ES":null,"FCLASS_CN":null,"FCLASS_TW":null,"FCLASS_IN":null,"FCLASS_NP":null,"FCLASS_PK":null,"FCLASS_DE":null,"FCLASS_GB":null,"FCLASS_BR":null,"FCLASS_IL":null,"FCLASS_PS":null,"FCLASS_SA":null,"FCLASS_EG":null,"FCLASS_MA":null,"FCLASS_PT":null,"FCLASS_AR":null,"FCLASS_JP":null,"FCLASS_KO":null,"FCLASS_VN":null,"FCLASS_TR":null,"FCLASS_ID":null,"FCLASS_PL":null,"FCLASS_GR":null,"FCLASS_IT":null,"FCLASS_NL":null,"FCLASS_SE":null,"FCLASS_BD":null,"FCLASS_UA":null},"geometry":{"type":"MultiPolygon","coordinates":[[],[]]}},{"type":"Feature","bbox":[117.174275,5.581003,126.537424,18.505227],"properties":{"featurecla":"Admin-0 country","scalerank":1,"LABELRANK":2,"SOVEREIGNT":"Philippines","SOV_A3":"PHL","ADM0_DIF":0,"LEVEL":2,"TYPE":"Sovereign country","TLC":"1","ADMIN":"Philippines","ADM0_A3":"PHL","GEOU_DIF":0,"GEOUNIT":"Philippines","GU_A3":"PHL","SU_DIF":0,"SUBUNIT":"Philippines","SU_A3":"PHL","BRK_DIFF":0,"NAME":"Philippines","NAME_LONG":"Philippines","BRK_A3":"PHL","BRK_NAME":"Philippines","BRK_GROUP":null,"ABBREV":"Phil.","POSTAL":"PH","FORMAL_EN":"Republic of the Philippines","FORMAL_FR":null,"NAME_CIAWF":"Philippines","NOTE_ADM0":null,"NOTE_BRK":null,"NAME_SORT":"Philippines","NAME_ALT":null,"MAPCOLOR7":3,"MAPCOLOR8":2,"MAPCOLOR9":2,"MAPCOLOR13":8,"POP_EST":108116615,"POP_RANK":17,"POP_YEAR":2019,"GDP_MD":376795,"GDP_YEAR":2019,"ECONOMY":"5. Emerging region: G20","INCOME_GRP":"4. Lower middle income","FIPS_10":"RP","ISO_A2":"PH","ISO_A2_EH":"PH","ISO_A3":"PHL","ISO_A3_EH":"PHL","ISO_N3":"608","ISO_N3_EH":"608","UN_A3":"608","WB_A2":"PH","WB_A3":"PHL","WOE_ID":23424934,"WOE_ID_EH":23424934,"WOE_NOTE":"Exact WOE match as country","ADM0_ISO":"PHL","ADM0_DIFF":null,"ADM0_TLC":"PHL","ADM0_A3_US":"PHL","ADM0_A3_FR":"PHL","ADM0_A3_RU":"PHL","ADM0_A3_ES":"PHL","ADM0_A3_CN":"PHL","ADM0_A3_TW":"PHL","ADM0_A3_IN":"PHL","ADM0_A3_NP":"PHL","ADM0_A3_PK":"PHL","ADM0_A3_DE":"PHL","ADM0_A3_GB":"PHL","ADM0_A3_BR":"PHL","ADM0_A3_IL":"PHL","ADM0_A3_PS":"PHL","ADM0_A3_SA":"PHL","ADM0_A3_EG":"PHL","ADM0_A3_MA":"PHL","ADM0_A3_PT":"PHL","ADM0_A3_AR":"PHL","ADM0_A3_JP":"PHL","ADM0_A3_KO":"PHL","ADM0_A3_VN":"PHL","ADM0_A3_TR":"PHL","ADM0_A3_ID":"PHL","ADM0_A3_PL":"PHL","ADM0_A3_GR":"PHL","ADM0_A3_IT":"PHL","ADM0_A3_NL":"PHL","ADM0_A3_SE":"PHL","ADM0_A3_BD":"PHL","ADM0_A3_UA":"PHL","ADM0_A3_UN":-99,"ADM0_A3_WB":-99,"CONTINENT":"Asia","REGION_UN":"Asia","SUBREGION":"South-Eastern Asia","REGION_WB":"East Asia & Pacific","NAME_LEN":11,"LONG_LEN":11,"ABBREV_LEN":5,"TINY":-99,"HOMEPART":1,"MIN_ZOOM":0,"MIN_LABEL":2.5,"MAX_LABEL":7,"LABEL_X":122.465,"LABEL_Y":11.198,"NE_ID":1159321169,"WIKIDATAID":"Q928","NAME_AR":"الفلبين","NAME_BN":"ফিলিপাইন","NAME_DE":"Philippinen","NAME_EN":"Philippines","NAME_ES":"Filipinas","NAME_FA":"فیلیپین","NAME_FR":"Philippines","NAME_EL":"Φιλιππίνες","NAME_HE":"הפיליפינים","NAME_HI":"फ़िलीपीन्स","NAME_HU":"Fülöp-szigetek","NAME_ID":"Filipina","NAME_IT":"Filippine","NAME_JA":"フィリピン","NAME_KO":"필리핀","NAME_NL":"Filipijnen","NAME_PL":"Filipiny","NAME_PT":"Filipinas","NAME_RU":"Филиппины","NAME_SV":"Filippinerna","NAME_TR":"Filipinler","NAME_UK":"Філіппіни","NAME_UR":"فلپائن","NAME_VI":"Philippines","NAME_ZH":"菲律宾","NAME_ZHT":"菲律賓","FCLASS_ISO":"Admin-0 country","TLC_DIFF":null,"FCLASS_TLC":"Admin-0 country","FCLASS_US":null,"FCLASS_FR":null,"FCLASS_RU":null,"FCLASS_ES":null,"FCLASS_CN":null,"FCLASS_TW":null,"FCLASS_IN":null,"FCLASS_NP":null,"FCLASS_PK":null,"FCLASS_DE":null,"FCLASS_GB":null,"FCLASS_BR":null,"FCLASS_IL":null,"FCLASS_PS":null,"FCLASS_SA":null,"FCLASS_EG":null,"FCLASS_MA":null,"FCLASS_PT":null,"FCLASS_AR":null,"FCLASS_JP":null,"FCLASS_KO":null,"FCLASS_VN":null,"FCLASS_TR":null,"FCLASS_ID":null,"FCLASS_PL":null,"FCLASS_GR":null,"FCLASS_IT":null,"FCLASS_NL":null,"FCLASS_SE":null,"FCLASS_BD":null,"FCLASS_UA":null},"geometry":{"type":"MultiPolygon","coordinates":[[],[],[],[],[],[],[]]}},{"type":"Feature","bbox":[100.085757,0.773131,119.181904,6.928053],"properties":{"featurecla":"Admin-0 country","scalerank":1,"LABELRANK":3,"SOVEREIGNT":"Malaysia","SOV_A3":"MYS","ADM0_DIF":0,"LEVEL":2,"TYPE":"Sovereign country","TLC":"1","ADMIN":"Malaysia","ADM0_A3":"MYS","GEOU_DIF":0,"GEOUNIT":"Malaysia","GU_A3":"MYS","SU_DIF":0,"SUBUNIT":"Malaysia","SU_A3":"MYS","BRK_DIFF":0,"NAME":"Malaysia","NAME_LONG":"Malaysia","BRK_A3":"MYS","BRK_NAME":"Malaysia","BRK_GROUP":null,"ABBREV":"Malay.","POSTAL":"MY","FORMAL_EN":"Malaysia","FORMAL_FR":null,"NAME_CIAWF":"Malaysia","NOTE_ADM0":null,"NOTE_BRK":null,"NAME_SORT":"Malaysia","NAME_ALT":null,"MAPCOLOR7":2,"MAPCOLOR8":4,"MAPCOLOR9":3,"MAPCOLOR13":6,"POP_EST":31949777,"POP_RANK":15,"POP_YEAR":2019,"GDP_MD":364681,"GDP_YEAR":2019,"ECONOMY":"6. Developing region","INCOME_GRP":"3. Upper middle income","FIPS_10":"MY","ISO_A2":"MY","ISO_A2_EH":"MY","ISO_A3":"MYS","ISO_A3_EH":"MYS","ISO_N3":"458","ISO_N3_EH":"458","UN_A3":"458","WB_A2":"MY","WB_A3":"MYS","WOE_ID":23424901,"WOE_ID_EH":23424901,"WOE_NOTE":"Exact WOE match as country","ADM0_ISO":"MYS","ADM0_DIFF":null,"ADM0_TLC":"MYS","ADM0_A3_US":"MYS","ADM0_A3_FR":"MYS","ADM0_A3_RU":"MYS","ADM0_A3_ES":"MYS","ADM0_A3_CN":"MYS","ADM0_A3_TW":"MYS","ADM0_A3_IN":"MYS","ADM0_A3_NP":"MYS","ADM0_A3_PK":"MYS","ADM0_A3_DE":"MYS","ADM0_A3_GB":"MYS","ADM0_A3_BR":"MYS","ADM0_A3_IL":"MYS","ADM0_A3_PS":"MYS","ADM0_A3_SA":"MYS","ADM0_A3_EG":"MYS","ADM0_A3_MA":"MYS","ADM0_A3_PT":"MYS","ADM0_A3_AR":"MYS","ADM0_A3_JP":"MYS","ADM0_A3_KO":"MYS","ADM0_A3_VN":"MYS","ADM0_A3_TR":"MYS","ADM0_A3_ID":"MYS","ADM0_A3_PL":"MYS","ADM0_A3_GR":"MYS","ADM0_A3_IT":"MYS","ADM0_A3_NL":"MYS","ADM0_A3_SE":"MYS","ADM0_A3_BD":"MYS","ADM0_A3_UA":"MYS","ADM0_A3_UN":-99,"ADM0_A3_WB":-99,"CONTINENT":"Asia","REGION_UN":"Asia","SUBREGION":"South-Eastern Asia","REGION_WB":"East Asia & Pacific","NAME_LEN":8,"LONG_LEN":8,"ABBREV_LEN":6,"TINY":-99,"HOMEPART":1,"MIN_ZOOM":0,"MIN_LABEL":3,"MAX_LABEL":8,"LABEL_X":113.83708,"LABEL_Y":2.528667,"NE_ID":1159321083,"WIKIDATAID":"Q833","NAME_AR":"ماليزيا","NAME_BN":"মালয়েশিয়া","NAME_DE":"Malaysia","NAME_EN":"Malaysia","NAME_ES":"Malasia","NAME_FA":"مالزی","NAME_FR":"Malaisie","NAME_EL":"Μαλαισία","NAME_HE":"מלזיה","NAME_HI":"मलेशिया","NAME_HU":"Malajzia","NAME_ID":"Malaysia","NAME_IT":"Malaysia","NAME_JA":"マレーシア","NAME_KO":"말레이시아","NAME_NL":"Maleisië","NAME_PL":"Malezja","NAME_PT":"Malásia","NAME_RU":"Малайзия","NAME_SV":"Malaysia","NAME_TR":"Malezya","NAME_UK":"Малайзія","NAME_UR":"ملائیشیا","NAME_VI":"Malaysia","NAME_ZH":"马来西亚","NAME_ZHT":"馬來西亞","FCLASS_ISO":"Admin-0 country","TLC_DIFF":null,"FCLASS_TLC":"Admin-0 country","FCLASS_US":null,"FCLASS_FR":null,"FCLASS_RU":null,"FCLASS_ES":null,"FCLASS_CN":null,"FCLASS_TW":null,"FCLASS_IN":null,"FCLASS_NP":null,"FCLASS_PK":null,"FCLASS_DE":null,"FCLASS_GB":null,"FCLASS_BR":null,"FCLASS_IL":null,"FCLASS_PS":null,"FCLASS_SA":null,"FCLASS_EG":null,"FCLASS_MA":null,"FCLASS_PT":null,"FCLASS_AR":null,"FCLASS_JP":null,"FCLASS_KO":null,"FCLASS_VN":null,"FCLASS_TR":null,"FCLASS_ID":null,"FCLASS_PL":null,"FCLASS_GR":null,"FCLASS_IT":null,"FCLASS_NL":null,"FCLASS_SE":null,"FCLASS_BD":null,"FCLASS_UA":null},"geometry":{"type":"MultiPolygon","coordinates":[[],[]]}},{"type":"Feature","bbox":[129.408463,31.029579,145.543137,45.551483],"properties":{"featurecla":"Admin-0 country","scalerank":1,"LABELRANK":2,"SOVEREIGNT":"Japan","SOV_A3":"JPN","ADM0_DIF":0,"LEVEL":2,"TYPE":"Sovereign country","TLC":"1","ADMIN":"Japan","ADM0_A3":"JPN","GEOU_DIF":0,"GEOUNIT":"Japan","GU_A3":"JPN","SU_DIF":0,"SUBUNIT":"Japan","SU_A3":"JPN","BRK_DIFF":0,"NAME":"Japan","NAME_LONG":"Japan","BRK_A3":"JPN","BRK_NAME":"Japan","BRK_GROUP":null,"ABBREV":"Japan","POSTAL":"J","FORMAL_EN":"Japan","FORMAL_FR":null,"NAME_CIAWF":"Japan","NOTE_ADM0":null,"NOTE_BRK":null,"NAME_SORT":"Japan","NAME_ALT":null,"MAPCOLOR7":5,"MAPCOLOR8":3,"MAPCOLOR9":5,"MAPCOLOR13":4,"POP_EST":126264931,"POP_RANK":17,"POP_YEAR":2019,"GDP_MD":5081769,"GDP_YEAR":2019,"ECONOMY":"1. Developed region: G7","INCOME_GRP":"1. High income: OECD","FIPS_10":"JA","ISO_A2":"JP","ISO_A2_EH":"JP","ISO_A3":"JPN","ISO_A3_EH":"JPN","ISO_N3":"392","ISO_N3_EH":"392","UN_A3":"392","WB_A2":"JP","WB_A3":"JPN","WOE_ID":23424856,"WOE_ID_EH":23424856,"WOE_NOTE":"Exact WOE match as country","ADM0_ISO":"JPN","ADM0_DIFF":null,"ADM0_TLC":"JPN","ADM0_A3_US":"JPN","ADM0_A3_FR":"JPN","ADM0_A3_RU":"JPN","ADM0_A3_ES":"JPN","ADM0_A3_CN":"JPN","ADM0_A3_TW":"JPN","ADM0_A3_IN":"JPN","ADM0_A3_NP":"JPN","ADM0_A3_PK":"JPN","ADM0_A3_DE":"JPN","ADM0_A3_GB":"JPN","ADM0_A3_BR":"JPN","ADM0_A3_IL":"JPN","ADM0_A3_PS":"JPN","ADM0_A3_SA":"JPN","ADM0_A3_EG":"JPN","ADM0_A3_MA":"JPN","ADM0_A3_PT":"JPN","ADM0_A3_AR":"JPN","ADM0_A3_JP":"JPN","ADM0_A3_KO":"JPN","ADM0_A3_VN":"JPN","ADM0_A3_TR":"JPN","ADM0_A3_ID":"JPN","ADM0_A3_PL":"JPN","ADM0_A3_GR":"JPN","ADM0_A3_IT":"JPN","ADM0_A3_NL":"JPN","ADM0_A3_SE":"JPN","ADM0_A3_BD":"JPN","ADM0_A3_UA":"JPN","ADM0_A3_UN":-99,"ADM0_A3_WB":-99,"CONTINENT":"Asia","REGION_UN":"Asia","SUBREGION":"Eastern Asia","REGION_WB":"East Asia & Pacific","NAME_LEN":5,"LONG_LEN":5,"ABBREV_LEN":5,"TINY":-99,"HOMEPART":1,"MIN_ZOOM":0,"MIN_LABEL":1.7,"MAX_LABEL":7,"LABEL_X":138.44217,"LABEL_Y":36.142538,"NE_ID":1159320937,"WIKIDATAID":"Q17","NAME_AR":"اليابان","NAME_BN":"জাপান","NAME_DE":"Japan","NAME_EN":"Japan","NAME_ES":"Japón","NAME_FA":"ژاپن","NAME_FR":"Japon","NAME_EL":"Ιαπωνία","NAME_HE":"יפן","NAME_HI":"जापान","NAME_HU":"Japán","NAME_ID":"Jepang","NAME_IT":"Giappone","NAME_JA":"日本","NAME_KO":"일본","NAME_NL":"Japan","NAME_PL":"Japonia","NAME_PT":"Japão","NAME_RU":"Япония","NAME_SV":"Japan","NAME_TR":"Japonya","NAME_UK":"Японія","NAME_UR":"جاپان","NAME_VI":"Nhật Bản","NAME_ZH":"日本","NAME_ZHT":"日本","FCLASS_ISO":"Admin-0 country","TLC_DIFF":null,"FCLASS_TLC":"Admin-0 country","FCLASS_US":null,"FCLASS_FR":null,"FCLASS_RU":null,"FCLASS_ES":null,"FCLASS_CN":null,"FCLASS_TW":null,"FCLASS_IN":null,"FCLASS_NP":null,"FCLASS_PK":null,"FCLASS_DE":null,"FCLASS_GB":null,"FCLASS_BR":null,"FCLASS_IL":null,"FCLASS_PS":null,"FCLASS_SA":null,"FCLASS_EG":null,"FCLASS_MA":null,"FCLASS_PT":null,"FCLASS_AR":null,"FCLASS_JP":null,"FCLASS_KO":null,"FCLASS_VN":null,"FCLASS_TR":null,"FCLASS_ID":null,"FCLASS_PL":null,"FCLASS_GR":null,"FCLASS_IT":null,"FCLASS_NL":null,"FCLASS_SE":null,"FCLASS_BD":null,"FCLASS_UA":null},"geometry":{"type":"MultiPolygon","coordinates":[[],[],[]]}},{"type":"Feature","bbox":[-17.020428,21.420734,-1.124551,35.759988],"properties":{"featurecla":"Admin-0 country","scalerank":1,"LABELRANK":3,"SOVEREIGNT":"Morocco","SOV_A3":"MAR","ADM0_DIF":0,"LEVEL":2,"TYPE":"Sovereign country","TLC":"1","ADMIN":"Morocco","ADM0_A3":"MAR","GEOU_DIF":0,"GEOUNIT":"Morocco","GU_A3":"MAR","SU_DIF":0,"SUBUNIT":"Morocco","SU_A3":"MAR","BRK_DIFF":0,"NAME":"Morocco","NAME_LONG":"Morocco","BRK_A3":"MAR","BRK_NAME":"Morocco","BRK_GROUP":null,"ABBREV":"Mor.","POSTAL":"MA","FORMAL_EN":"Kingdom of Morocco","FORMAL_FR":null,"NAME_CIAWF":"Morocco","NOTE_ADM0":null,"NOTE_BRK":null,"NAME_SORT":"Morocco","NAME_ALT":null,"MAPCOLOR7":2,"MAPCOLOR8":2,"MAPCOLOR9":3,"MAPCOLOR13":9,"POP_EST":36471769,"POP_RANK":15,"POP_YEAR":2019,"GDP_MD":119700,"GDP_YEAR":2019,"ECONOMY":"6. Developing region","INCOME_GRP":"4. Lower middle income","FIPS_10":"MO","ISO_A2":"MA","ISO_A2_EH":"MA","ISO_A3":"MAR","ISO_A3_EH":"MAR","ISO_N3":"504","ISO_N3_EH":"504","UN_A3":"504","WB_A2":"MA","WB_A3":"MAR","WOE_ID":23424893,"WOE_ID_EH":23424893,"WOE_NOTE":"Exact WOE match as country","ADM0_ISO":"MAR","ADM0_DIFF":null,"ADM0_TLC":"MAR","ADM0_A3_US":"MAR","ADM0_A3_FR":"MAR","ADM0_A3_RU":"MAR","ADM0_A3_ES":"MAR","ADM0_A3_CN":"MAR","ADM0_A3_TW":"MAR","ADM0_A3_IN":"MAR","ADM0_A3_NP":"MAR","ADM0_A3_PK":"MAR","ADM0_A3_DE":"MAR","ADM0_A3_GB":"MAR","ADM0_A3_BR":"MAR","ADM0_A3_IL":"MAR","ADM0_A3_PS":"MAR","ADM0_A3_SA":"MAR","ADM0_A3_EG":"MAR","ADM0_A3_MA":"MAR","ADM0_A3_PT":"MAR","ADM0_A3_AR":"MAR","ADM0_A3_JP":"MAR","ADM0_A3_KO":"MAR","ADM0_A3_VN":"MAR","ADM0_A3_TR":"MAR","ADM0_A3_ID":"MAR","ADM0_A3_PL":"MAR","ADM0_A3_GR":"MAR","ADM0_A3_IT":"MAR","ADM0_A3_NL":"MAR","ADM0_A3_SE":"MAR","ADM0_A3_BD":"MAR","ADM0_A3_UA":"MAR","ADM0_A3_UN":-99,"ADM0_A3_WB":-99,"CONTINENT":"Africa","REGION_UN":"Africa","SUBREGION":"Northern Africa","REGION_WB":"Middle East & North Africa","NAME_LEN":7,"LONG_LEN":7,"ABBREV_LEN":4,"TINY":-99,"HOMEPART":1,"MIN_ZOOM":0,"MIN_LABEL":2.7,"MAX_LABEL":8,"LABEL_X":-7.187296,"LABEL_Y":31.650723,"NE_ID":1159321035,"WIKIDATAID":"Q1028","NAME_AR":"المغرب","NAME_BN":"মরক্কো","NAME_DE":"Marokko","NAME_EN":"Morocco","NAME_ES":"Marruecos","NAME_FA":"مراکش","NAME_FR":"Maroc","NAME_EL":"Μαρόκο","NAME_HE":"מרוקו","NAME_HI":"मोरक्को","NAME_HU":"Marokkó","NAME_ID":"Maroko","NAME_IT":"Marocco","NAME_JA":"モロッコ","NAME_KO":"모로코","NAME_NL":"Marokko","NAME_PL":"Maroko","NAME_PT":"Marrocos","NAME_RU":"Марокко","NAME_SV":"Marocko","NAME_TR":"Fas","NAME_UK":"Марокко","NAME_UR":"مراکش","NAME_VI":"Maroc","NAME_ZH":"摩洛哥","NAME_ZHT":"摩洛哥","FCLASS_ISO":"Admin-0 country","TLC_DIFF":null,"FCLASS_TLC":"Admin-0 country","FCLASS_US":null,"FCLASS_FR":null,"FCLASS_RU":null,"FCLASS_ES":null,"FCLASS_CN":null,"FCLASS_TW":null,"FCLASS_IN":null,"FCLASS_NP":null,"FCLASS_PK":null,"FCLASS_DE":null,"FCLASS_GB":null,"FCLASS_BR":null,"FCLASS_IL":null,"FCLASS_PS":null,"FCLASS_SA":null,"FCLASS_EG":null,"FCLASS_MA":null,"FCLASS_PT":null,"FCLASS_AR":null,"FCLASS_JP":null,"FCLASS_KO":null,"FCLASS_VN":null,"FCLASS_TR":null,"FCLASS_ID":null,"FCLASS_PL":null,"FCLASS_GR":null,"FCLASS_IT":null,"FCLASS_NL":null,"FCLASS_SE":null,"FCLASS_BD":null,"FCLASS_UA":null},"geometry":{"type":"Polygon","coordinates":[[[-12.20855,25.554158011020746],[-12.500963,24.770116],[-13.89111,23.691009],[-14.221168,22.310163],[-14.630833,21.86094],[-14.750955,21.5006],[-17.002962,21.420734],[-17.020428,21.42231],[-16.973248,21.885745],[-16.589137,22.158234],[-16.261922,22.67934],[-16.326414,23.017768],[-15.982611,23.723358],[-15.426004,24.359134],[-15.089332,24.520261],[-14.824645,25.103533],[-14.800926,25.636265],[-14.43994,26.254418],[-13.773805,26.618892],[-13.139942,27.640148],[-13.121613,27.654148],[-12.618837,28.038186],[-12.20855,28.086920922268416],[-12.20855,25.554158011020746]]]}},{"type":"Feature","bbox":[-61.95,10,-60.895,10.89],"properties":{"featurecla":"Admin-0 country","scalerank":1,"LABELRANK":5,"SOVEREIGNT":"Trinidad and Tobago","SOV_A3":"TTO","ADM0_DIF":0,"LEVEL":2,"TYPE":"Sovereign country","TLC":"1","ADMIN":"Trinidad and Tobago","ADM0_A3":"TTO","GEOU_DIF":0,"GEOUNIT":"Trinidad and Tobago","GU_A3":"TTO","SU_DIF":0,"SUBUNIT":"Trinidad and Tobago","SU_A3":"TTO","BRK_DIFF":0,"NAME":"Trinidad and Tobago","NAME_LONG":"Trinidad and Tobago","BRK_A3":"TTO","BRK_NAME":"Trinidad and Tobago","BRK_GROUP":null,"ABBREV":"Tr.T.","POSTAL":"TT","FORMAL_EN":"Republic of Trinidad and Tobago","FORMAL_FR":null,"NAME_CIAWF":"Trinidad and Tobago","NOTE_ADM0":null,"NOTE_BRK":null,"NAME_SORT":"Trinidad and Tobago","NAME_ALT":null,"MAPCOLOR7":5,"MAPCOLOR8":6,"MAPCOLOR9":2,"MAPCOLOR13":5,"POP_EST":1394973,"POP_RANK":12,"POP_YEAR":2019,"GDP_MD":24269,"GDP_YEAR":2019,"ECONOMY":"6. Developing region","INCOME_GRP":"2. High income: nonOECD","FIPS_10":"TD","ISO_A2":"TT","ISO_A2_EH":"TT","ISO_A3":"TTO","ISO_A3_EH":"TTO","ISO_N3":"780","ISO_N3_EH":"780","UN_A3":"780","WB_A2":"TT","WB_A3":"TTO","WOE_ID":23424958,"WOE_ID_EH":23424958,"WOE_NOTE":"Exact WOE match as country","ADM0_ISO":"TTO","ADM0_DIFF":null,"ADM0_TLC":"TTO","ADM0_A3_US":"TTO","ADM0_A3_FR":"TTO","ADM0_A3_RU":"TTO","ADM0_A3_ES":"TTO","ADM0_A3_CN":"TTO","ADM0_A3_TW":"TTO","ADM0_A3_IN":"TTO","ADM0_A3_NP":"TTO","ADM0_A3_PK":"TTO","ADM0_A3_DE":"TTO","ADM0_A3_GB":"TTO","ADM0_A3_BR":"TTO","ADM0_A3_IL":"TTO","ADM0_A3_PS":"TTO","ADM0_A3_SA":"TTO","ADM0_A3_EG":"TTO","ADM0_A3_MA":"TTO","ADM0_A3_PT":"TTO","ADM0_A3_AR":"TTO","ADM0_A3_JP":"TTO","ADM0_A3_KO":"TTO","ADM0_A3_VN":"TTO","ADM0_A3_TR":"TTO","ADM0_A3_ID":"TTO","ADM0_A3_PL":"TTO","ADM0_A3_GR":"TTO","ADM0_A3_IT":"TTO","ADM0_A3_NL":"TTO","ADM0_A3_SE":"TTO","ADM0_A3_BD":"TTO","ADM0_A3_UA":"TTO","ADM0_A3_UN":-99,"ADM0_A3_WB":-99,"CONTINENT":"North America","REGION_UN":"Americas","SUBREGION":"Caribbean","REGION_WB":"Latin America & Caribbean","NAME_LEN":19,"LONG_LEN":19,"ABBREV_LEN":5,"TINY":2,"HOMEPART":1,"MIN_ZOOM":0,"MIN_LABEL":4.5,"MAX_LABEL":9.5,"LABEL_X":-60.9184,"LABEL_Y":10.9989,"NE_ID":1159321321,"WIKIDATAID":"Q754","NAME_AR":"ترينيداد وتوباغو","NAME_BN":"ত্রিনিদাদ ও টোবাগো","NAME_DE":"Trinidad und Tobago","NAME_EN":"Trinidad and Tobago","NAME_ES":"Trinidad y Tobago","NAME_FA":"ترینیداد و توباگو","NAME_FR":"Trinité-et-Tobago","NAME_EL":"Τρινιντάντ και Τομπάγκο","NAME_HE":"טרינידד וטובגו","NAME_HI":"त्रिनिदाद और टोबैगो","NAME_HU":"Trinidad és Tobago","NAME_ID":"Trinidad dan Tobago","NAME_IT":"Trinidad e Tobago","NAME_JA":"トリニダード・トバゴ","NAME_KO":"트리니다드 토바고","NAME_NL":"Trinidad en Tobago","NAME_PL":"Trynidad i Tobago","NAME_PT":"Trinidad e Tobago","NAME_RU":"Тринидад и Тобаго","NAME_SV":"Trinidad och Tobago","NAME_TR":"Trinidad ve Tobago","NAME_UK":"Тринідад і Тобаго","NAME_UR":"ٹرینیڈاڈ و ٹوباگو","NAME_VI":"Trinidad và Tobago","NAME_ZH":"特立尼达和多巴哥","NAME_ZHT":"千里達及托巴哥","FCLASS_ISO":"Admin-0 country","TLC_DIFF":null,"FCLASS_TLC":"Admin-0 country","FCLASS_US":null,"FCLASS_FR":null,"FCLASS_RU":null,"FCLASS_ES":null,"FCLASS_CN":null,"FCLASS_TW":null,"FCLASS_IN":null,"FCLASS_NP":null,"FCLASS_PK":null,"FCLASS_DE":null,"FCLASS_GB":null,"FCLASS_BR":null,"FCLASS_IL":null,"FCLASS_PS":null,"FCLASS_SA":null,"FCLASS_EG":null,"FCLASS_MA":null,"FCLASS_PT":null,"FCLASS_AR":null,"FCLASS_JP":null,"FCLASS_KO":null,"FCLASS_VN":null,"FCLASS_TR":null,"FCLASS_ID":null,"FCLASS_PL":null,"FCLASS_GR":null,"FCLASS_IT":null,"FCLASS_NL":null,"FCLASS_SE":null,"FCLASS_BD":null,"FCLASS_UA":null},"geometry":{"type":"Polygon","coordinates":[[[-61.68,10.76],[-61.105,10.89],[-60.895,10.855],[-60.935,10.11],[-61.77,10],[-61.95,10.09],[-61.66,10.365],[-61.68,10.76]]]}}]}