{"type":"FeatureCollection","name":"ne_110m_admin_0_countries","crs":{"type":"name","properties":{"name":"urn:ogc:def:crs:OGC:1.3:CRS84"}},"bbox":[-180,-90,180,83.64513],"features":[{"type":"Feature","bbox":[-180,-18.28799,180,-16.020882],"properties":{"featurecla":"Admin-0 country","scalerank":1,"LABELRANK":6,"SOVEREIGNT":"Fiji","SOV_A3":"FJI","ADM0_DIF":0,"LEVEL":2,"TYPE":"Sovereign country","TLC":"1","ADMIN":"Fiji","ADM0_A3":"FJI","GEOU_DIF":0,"GEOUNIT":"Fiji","GU_A3":"FJI","SU_DIF":0,"SUBUNIT":"Fiji","SU_A3":"FJI","BRK_DIFF":0,"NAME":"Fiji","NAME_LONG":"Fiji","BRK_A3":"FJI","BRK_NAME":"Fiji","BRK_GROUP":null,"ABBREV":"Fiji","POSTAL":"FJ","FORMAL_EN":"Republic of Fiji","FORMAL_FR":null,"NAME_CIAWF":"Fiji","NOTE_ADM0":null,"NOTE_BRK":null,"NAME_SORT":"Fiji","NAME_ALT":null,"MAPCOLOR7":5,"MAPCOLOR8":1,"MAPCOLOR9":2,"MAPCOLOR13":2,"POP_EST":889953,"POP_RANK":11,"POP_YEAR":2019,"GDP_MD":5496,"GDP_YEAR":2019,"ECONOMY":"6. Developing region","INCOME_GRP":"4. Lower middle income","FIPS_10":"FJ","ISO_A2":"FJ","ISO_A2_EH":"FJ","ISO_A3":"FJI","ISO_A3_EH":"FJI","ISO_N3":"242","ISO_N3_EH":"242","UN_A3":"242","WB_A2":"FJ","WB_A3":"FJI","WOE_ID":23424813,"WOE_ID_EH":23424813,"WOE_NOTE":"Exact WOE match as country","ADM0_ISO":"FJI","ADM0_DIFF":null,"ADM0_TLC":"FJI","ADM0_A3_US":"FJI","ADM0_A3_FR":"FJI","ADM0_A3_RU":"FJI","ADM0_A3_ES":"FJI","ADM0_A3_CN":"FJI","ADM0_A3_TW":"FJI","ADM0_A3_IN":"FJI","ADM0_A3_NP":"FJI","ADM0_A3_PK":"FJI","ADM0_A3_DE":"FJI","ADM0_A3_GB":"FJI","ADM0_A3_BR":"FJI","ADM0_A3_IL":"FJI","ADM0_A3_PS":"FJI","ADM0_A3_SA":"FJI","ADM0_A3_EG":"FJI","ADM0_A3_MA":"FJI","ADM0_A3_PT":"FJI","ADM0_A3_AR":"FJI","ADM0_A3_JP":"FJI","ADM0_A3_KO":"FJI","ADM0_A3_VN":"FJI","ADM0_A3_TR":"FJI","ADM0_A3_ID":"FJI","ADM0_A3_PL":"FJI","ADM0_A3_GR":"FJI","ADM0_A3_IT":"FJI","ADM0_A3_NL":"FJI","ADM0_A3_SE":"FJI","ADM0_A3_BD":"FJI","ADM0_A3_UA":"FJI","ADM0_A3_UN":-99,"ADM0_A3_WB":-99,"CONTINENT":"Oceania","REGION_UN":"Oceania","SUBREGION":"Melanesia","REGION_WB":"East Asia & Pacific","NAME_LEN":4,"LONG_LEN":4,"ABBREV_LEN":4,"TINY":-99,"HOMEPART":1,"MIN_ZOOM":0,"MIN_LABEL":3,"MAX_LABEL":8,"LABEL_X":177.975427,"LABEL_Y":-17.826099,"NE_ID":1159320625,"WIKIDATAID":"Q712","NAME_AR":"فيجي","NAME_BN":"ফিজি","NAME_DE":"Fidschi","NAME_EN":"Fiji","NAME_ES":"Fiyi","NAME_FA":"فیجی","NAME_FR":"Fidji","NAME_EL":"Φίτζι","NAME_HE":"פיג'י","NAME_HI":"फ़िजी","NAME_HU":"Fidzsi-szigetek","NAME_ID":"Fiji","NAME_IT":"Figi","NAME_JA":"フィジー","NAME_KO":"피지","NAME_NL":"Fiji","NAME_PL":"Fidżi","NAME_PT":"Fiji","NAME_RU":"Фиджи","NAME_SV":"Fiji","NAME_TR":"Fiji","NAME_UK":"Фіджі","NAME_UR":"فجی","NAME_VI":"Fiji","NAME_ZH":"斐济","NAME_ZHT":"斐濟","FCLASS_ISO":"Admin-0 country","TLC_DIFF":null,"FCLASS_TLC":"Admin-0 country","FCLASS_US":null,"FCLASS_FR":null,"FCLASS_RU":null,"FCLASS_ES":null,"FCLASS_CN":null,"FCLASS_TW":null,"FCLASS_IN":null,"FCLASS_NP":null,"FCLASS_PK":null,"FCLASS_DE":null,"FCLASS_GB":null,"FCLASS_BR":null,"FCLASS_IL":null,"FCLASS_PS":null,"FCLASS_SA":null,"FCLASS_EG":null,"FCLASS_MA":null,"FCLASS_PT":null,"FCLASS_AR":null,"FCLASS_JP":null,"FCLASS_KO":null,"FCLASS_VN":null,"FCLASS_TR":null,"FCLASS_ID":null,"FCLASS_PL":null,"FCLASS_GR":null,"FCLASS_IT":null,"FCLASS_NL":null,"FCLASS_SE":null,"FCLASS_BD":null,"FCLASS_UA":null},"geometry":{"type":"MultiPolygon","coordinates":[[],[],[]]}},{"type":"Feature","bbox":[-140.99778,41.675105,-52.648099,83.23324],"properties":{"featurecla":"Admin-0 country","scalerank":1,"LABELRANK":2,"SOVEREIGNT":"Canada","SOV_A3":"CAN","ADM0_DIF":0,"LEVEL":2,"TYPE":"Sovereign country","TLC":"1","ADMIN":"Canada","ADM0_A3":"CAN","GEOU_DIF":0,"GEOUNIT":"Canada","GU_A3":"CAN","SU_DIF":0,"SUBUNIT":"Canada","SU_A3":"CAN","BRK_DIFF":0,"NAME":"Canada","NAME_LONG":"Canada","BRK_A3":"CAN","BRK_NAME":"Canada","BRK_GROUP":null,"ABBREV":"Can.","POSTAL":"CA","FORMAL_EN":"Canada","FORMAL_FR":null,"NAME_CIAWF":"Canada","NOTE_ADM0":null,"NOTE_BRK":null,"NAME_SORT":"Canada","NAME_ALT":null,"MAPCOLOR7":6,"MAPCOLOR8":6,"MAPCOLOR9":2,"MAPCOLOR13":2,"POP_EST":37589262,"POP_RANK":15,"POP_YEAR":2019,"GDP_MD":1736425,"GDP_YEAR":2019,"ECONOMY":"1. Developed region: G7","INCOME_GRP":"1. High income: OECD","FIPS_10":"CA","ISO_A2":"CA","ISO_A2_EH":"CA","ISO_A3":"CAN","ISO_A3_EH":"CAN","ISO_N3":"124","ISO_N3_EH":"124","UN_A3":"124","WB_A2":"CA","WB_A3":"CAN","WOE_ID":23424775,"WOE_ID_EH":23424775,"WOE_NOTE":"Exact WOE match as country","ADM0_ISO":"CAN","ADM0_DIFF":null,"ADM0_TLC":"CAN","ADM0_A3_US":"CAN","ADM0_A3_FR":"CAN","ADM0_A3_RU":"CAN","ADM0_A3_ES":"CAN","ADM0_A3_CN":"CAN","ADM0_A3_TW":"CAN","ADM0_A3_IN":"CAN","ADM0_A3_NP":"CAN","ADM0_A3_PK":"CAN","ADM0_A3_DE":"CAN","ADM0_A3_GB":"CAN","ADM0_A3_BR":"CAN","ADM0_A3_IL":"CAN","ADM0_A3_PS":"CAN","ADM0_A3_SA":"CAN","ADM0_A3_EG":"CAN","ADM0_A3_MA":"CAN","ADM0_A3_PT":"CAN","ADM0_A3_AR":"CAN","ADM0_A3_JP":"CAN","ADM0_A3_KO":"CAN","ADM0_A3_VN":"CAN","ADM0_A3_TR":"CAN","ADM0_A3_ID":"CAN","ADM0_A3_PL":"CAN","ADM0_A3_GR":"CAN","ADM0_A3_IT":"CAN","ADM0_A3_NL":"CAN","ADM0_A3_SE":"CAN","ADM0_A3_BD":"CAN","ADM0_A3_UA":"CAN","ADM0_A3_UN":-99,"ADM0_A3_WB":-99,"CONTINENT":"North America","REGION_UN":"Americas","SUBREGION":"Northern America","REGION_WB":"North America","NAME_LEN":6,"LONG_LEN":6,"ABBREV_LEN":4,"TINY":-99,"HOMEPART":1,"MIN_ZOOM":0,"MIN_LABEL":1.7,"MAX_LABEL":5.7,"LABEL_X":-101.9107,"LABEL_Y":60.324287,"NE_ID":1159320467,"WIKIDATAID":"Q16","NAME_AR":"كندا","NAME_BN":"কানাডা","NAME_DE":"Kanada","NAME_EN":"Canada","NAME_ES":"Canadá","NAME_FA":"کانادا","NAME_FR":"Canada","NAME_EL":"Καναδάς","NAME_HE":"קנדה","NAME_HI":"कनाडा","NAME_HU":"Kanada","NAME_ID":"Kanada","NAME_IT":"Canada","NAME_JA":"カナダ","NAME_KO":"캐나다","NAME_NL":"Canada","NAME_PL":"Kanada","NAME_PT":"Canadá","NAME_RU":"Канада","NAME_SV":"Kanada","NAME_TR":"Kanada","NAME_UK":"Канада","NAME_UR":"کینیڈا","NAME_VI":"Canada","NAME_ZH":"加拿大","NAME_ZHT":"加拿大","FCLASS_ISO":"Admin-0 country","TLC_DIFF":null,"FCLASS_TLC":"Admin-0 country","FCLASS_US":null,"FCLASS_FR":null,"FCLASS_RU":null,"FCLASS_ES":null,"FCLASS_CN":null,"FCLASS_TW":null,"FCLASS_IN":null,"FCLASS_NP":null,"FCLASS_PK":null,"FCLASS_DE":null,"FCLASS_GB":null,"FCLASS_BR":null,"FCLASS_IL":null,"FCLASS_PS":null,"FCLASS_SA":null,"FCLASS_EG":null,"FCLASS_MA":null,"FCLASS_PT":null,"FCLASS_AR":null,"FCLASS_JP":null,"FCLASS_KO":null,"FCLASS_VN":null,"FCLASS_TR":null,"FCLASS_ID":null,"FCLASS_PL":null,"FCLASS_GR":null,"FCLASS_IT":null,"FCLASS_NL":null,"FCLASS_SE":null,"FCLASS_BD":null,"FCLASS_UA":null},"geometry":{"type":"MultiPolygon","coordinates":[[],[],[],[],[],[],[],[],[],[],[],[],[],[],[],[],[],[],[],[],[],[],[],[],[],[],[],[],[],[]]}},{"type":"Feature","bbox":[-171.791111,18.91619,-66.96466,71.357764],"properties":{"featurecla":"Admin-0 country","scalerank":1,"LABELRANK":2,"SOVEREIGNT":"United States of America","SOV_A3":"US1","ADM0_DIF":1,"LEVEL":2,"TYPE":"Country","TLC":"1","ADMIN":"United States of America","ADM0_A3":"USA","GEOU_DIF":0,"GEOUNIT":"United States of America","GU_A3":"USA","SU_DIF":0,"SUBUNIT":"United States","SU_A3":"USA","BRK_DIFF":0,"NAME":"United States of America","NAME_LONG":"United States","BRK_A3":"USA","BRK_NAME":"United States","BRK_GROUP":null,"ABBREV":"U.S.A.","POSTAL":"US","FORMAL_EN":"United States of America","FORMAL_FR":null,"NAME_CIAWF":"United States","NOTE_ADM0":null,"NOTE_BRK":null,"NAME_SORT":"United States of America","NAME_ALT":null,"MAPCOLOR7":4,"MAPCOLOR8":5,"MAPCOLOR9":1,"MAPCOLOR13":1,"POP_EST":328239523,"POP_RANK":17,"POP_YEAR":2019,"GDP_MD":21433226,"GDP_YEAR":2019,"ECONOMY":"1. Developed region: G7","INCOME_GRP":"1. High income: OECD","FIPS_10":"US","ISO_A2":"US","ISO_A2_EH":"US","ISO_A3":"USA","ISO_A3_EH":"USA","ISO_N3":"840","ISO_N3_EH":"840","UN_A3":"840","WB_A2":"US","WB_A3":"USA","WOE_ID":23424977,"WOE_ID_EH":23424977,"WOE_NOTE":"Exact WOE match as country","ADM0_ISO":"USA","ADM0_DIFF":null,"ADM0_TLC":"USA","ADM0_A3_US":"USA","ADM0_A3_FR":"USA","ADM0_A3_RU":"USA","ADM0_A3_ES":"USA","ADM0_A3_CN":"USA","ADM0_A3_TW":"USA","ADM0_A3_IN":"USA","ADM0_A3_NP":"USA","ADM0_A3_PK":"USA","ADM0_A3_DE":"USA","ADM0_A3_GB":"USA","ADM0_A3_BR":"USA","ADM0_A3_IL":"USA","ADM0_A3_PS":"USA","ADM0_A3_SA":"USA","ADM0_A3_EG":"USA","ADM0_A3_MA":"USA","ADM0_A3_PT":"USA","ADM0_A3_AR":"USA","ADM0_A3_JP":"USA","ADM0_A3_KO":"USA","ADM0_A3_VN":"USA","ADM0_A3_TR":"USA","ADM0_A3_ID":"USA","ADM0_A3_PL":"USA","ADM0_A3_GR":"USA","ADM0_A3_IT":"USA","ADM0_A3_NL":"USA","ADM0_A3_SE":"USA","ADM0_A3_BD":"USA","ADM0_A3_UA":"USA","ADM0_A3_UN":-99,"ADM0_A3_WB":-99,"CONTINENT":"North America","REGION_UN":"Americas","SUBREGION":"Northern America","REGION_WB":"North America","NAME_LEN":24,"LONG_LEN":13,"ABBREV_LEN":6,"TINY":-99,"HOMEPART":1,"MIN_ZOOM":0,"MIN_LABEL":1.7,"MAX_LABEL":5.7,"LABEL_X":-97.482602,"LABEL_Y":39.538479,"NE_ID":1159321369,"WIKIDATAID":"Q30","NAME_AR":"الولايات المتحدة","NAME_BN":"মার্কিন যুক্তরাষ্ট্র","NAME_DE":"Vereinigte Staaten","NAME_EN":"United States of America","NAME_ES":"Estados Unidos","NAME_FA":"ایالات متحده آمریکا","NAME_FR":"États-Unis","NAME_EL":"Ηνωμένες Πολιτείες Αμερικής","NAME_HE":"ארצות הברית","NAME_HI":"संयुक्त राज्य अमेरिका","NAME_HU":"Amerikai Egyesült Államok","NAME_ID":"Amerika Serikat","NAME_IT":"Stati Uniti d'America","NAME_JA":"アメリカ合衆国","NAME_KO":"미국","NAME_NL":"Verenigde Staten van Amerika","NAME_PL":"Stany Zjednoczone","NAME_PT":"Estados Unidos","NAME_RU":"США","NAME_SV":"USA","NAME_TR":"Amerika Birleşik Devletleri","NAME_UK":"Сполучені Штати Америки","NAME_UR":"ریاستہائے متحدہ امریکا","NAME_VI":"Hoa Kỳ","NAME_ZH":"美国","NAME_ZHT":"美國","FCLASS_ISO":"Admin-0 country","TLC_DIFF":null,"FCLASS_TLC":"Admin-0 country","FCLASS_US":null,"FCLASS_FR":null,"FCLASS_RU":null,"FCLASS_ES":null,"FCLASS_CN":null,"FCLASS_TW":null,"FCLASS_IN":null,"FCLASS_NP":null,"FCLASS_PK":null,"FCLASS_DE":null,"FCLASS_GB":null,"FCLASS_BR":null,"FCLASS_IL":null,"FCLASS_PS":null,"FCLASS_SA":null,"FCLASS_EG":null,"FCLASS_MA":null,"FCLASS_PT":null,"FCLASS_AR":null,"FCLASS_JP":null,"FCLASS_KO":null,"FCLASS_VN":null,"FCLASS_TR":null,"FCLASS_ID":null,"FCLASS_PL":null,"FCLASS_GR":null,"FCLASS_IT":null,"FCLASS_NL":null,"FCLASS_SE":null,"FCLASS_BD":null,"FCLASS_UA":null},"geometry":{"type":"MultiPolygon","coordinates":[[],[],[],[],[],[],[],[],[],[]]}},{"type":"Feature","bbox":[141.00021,-10.652476,156.019965,-2.500002],"properties":{"featurecla":"Admin-0 country","scalerank":1,"LABELRANK":2,"SOVEREIGNT":"Papua New Guinea","SOV_A3":"PNG","ADM0_DIF":0,"LEVEL":2,"TYPE":"Sovereign country","TLC":"1","ADMIN":"Papua New Guinea","ADM0_A3":"PNG","GEOU_DIF":0,"GEOUNIT":"Papua New Guinea","GU_A3":"PNG","SU_DIF":1,"SUBUNIT":"Papua New Guinea","SU_A3":"PN1","BRK_DIFF":0,"NAME":"Papua New Guinea","NAME_LONG":"Papua New Guinea","BRK_A3":"PN1","BRK_NAME":"Papua New Guinea","BRK_GROUP":null,"ABBREV":"P.N.G.","POSTAL":"PG","FORMAL_EN":"Independent State of Papua New Guinea","FORMAL_FR":null,"NAME_CIAWF":"Papua New Guinea","NOTE_ADM0":null,"NOTE_BRK":null,"NAME_SORT":"Papua New Guinea","NAME_ALT":null,"MAPCOLOR7":4,"MAPCOLOR8":2,"MAPCOLOR9":3,"MAPCOLOR13":1,"POP_EST":8776109,"POP_RANK":13,"POP_YEAR":2019,"GDP_MD":24829,"GDP_YEAR":2019,"ECONOMY":"6. Developing region","INCOME_GRP":"4. Lower middle income","FIPS_10":"PP","ISO_A2":"PG","ISO_A2_EH":"PG","ISO_A3":"PNG","ISO_A3_EH":"PNG","ISO_N3":"598","ISO_N3_EH":"598","UN_A3":"598","WB_A2":"PG","WB_A3":"PNG","WOE_ID":23424926,"WOE_ID_EH":23424926,"WOE_NOTE":"Exact WOE match as country","ADM0_ISO":"PN1","ADM0_DIFF":null,"ADM0_TLC":"PN1","ADM0_A3_US":"PNG","ADM0_A3_FR":"PNG","ADM0_A3_RU":"PNG","ADM0_A3_ES":"PNG","ADM0_A3_CN":"PNG","ADM0_A3_TW":"PNG","ADM0_A3_IN":"PNG","ADM0_A3_NP":"PNG","ADM0_A3_PK":"PNG","ADM0_A3_DE":"PNG","ADM0_A3_GB":"PNG","ADM0_A3_BR":"PNG","ADM0_A3_IL":"PNG","ADM0_A3_PS":"PNG","ADM0_A3_SA":"PNG","ADM0_A3_EG":"PNG","ADM0_A3_MA":"PNG","ADM0_A3_PT":"PNG","ADM0_A3_AR":"PNG","ADM0_A3_JP":"PNG","ADM0_A3_KO":"PNG","ADM0_A3_VN":"PNG","ADM0_A3_TR":"PNG","ADM0_A3_ID":"PNG","ADM0_A3_PL":"PNG","ADM0_A3_GR":"PNG","ADM0_A3_IT":"PNG","ADM0_A3_NL":"PNG","ADM0_A3_SE":"PNG","ADM0_A3_BD":"PNG","ADM0_A3_UA":"PNG","ADM0_A3_UN":-99,"ADM0_A3_WB":-99,"CONTINENT":"Oceania","REGION_UN":"Oceania","SUBREGION":"Melanesia","REGION_WB":"East Asia & Pacific","NAME_LEN":16,"LONG_LEN":16,"ABBREV_LEN":6,"TINY":-99,"HOMEPART":1,"MIN_ZOOM":0,"MIN_LABEL":2.5,"MAX_LABEL":7.5,"LABEL_X":143.910216,"LABEL_Y":-5.695285,"NE_ID":1159321173,"WIKIDATAID":"Q691","NAME_AR":"بابوا غينيا الجديدة","NAME_BN":"পাপুয়া নিউগিনি","NAME_DE":"Papua-Neuguinea","NAME_EN":"Papua New Guinea","NAME_ES":"Papúa Nueva Guinea","NAME_FA":"پاپوآ گینه نو","NAME_FR":"Papouasie-Nouvelle-Guinée","NAME_EL":"Παπούα Νέα Γουινέα","NAME_HE":"פפואה גינאה החדשה","NAME_HI":"पापुआ न्यू गिनी","NAME_HU":"Pápua Új-Guinea","NAME_ID":"Papua Nugini","NAME_IT":"Papua Nuova Guinea","NAME_JA":"パプアニューギニア","NAME_KO":"파푸아뉴기니","NAME_NL":"Papoea-Nieuw-Guinea","NAME_PL":"Papua-Nowa Gwinea","NAME_PT":"Papua-Nova Guiné","NAME_RU":"Папуа — Новая Гвинея","NAME_SV":"Papua Nya Guinea","NAME_TR":"Papua Yeni Gine","NAME_UK":"Папуа Нова Гвінея","NAME_UR":"پاپوا نیو گنی","NAME_VI":"Papua New Guinea","NAME_ZH":"巴布亚新几内亚","NAME_ZHT":"巴布亞紐幾內亞","FCLASS_ISO":"Admin-0 country","TLC_DIFF":null,"FCLASS_TLC":"Admin-0 country","FCLASS_US":null,"FCLASS_FR":null,"FCLASS_RU":null,"FCLASS_ES":null,"FCLASS_CN":null,"FCLASS_TW":null,"FCLASS_IN":null,"FCLASS_NP":null,"FCLASS_PK":null,"FCLASS_DE":null,"FCLASS_GB":null,"FCLASS_BR":null,"FCLASS_IL":null,"FCLASS_PS":null,"FCLASS_SA":null,"FCLASS_EG":null,"FCLASS_MA":null,"FCLASS_PT":null,"FCLASS_AR":null,"FCLASS_JP":null,"FCLASS_KO":null,"FCLASS_VN":null,"FCLASS_TR":null,"FCLASS_ID":null,"FCLASS_PL":null,"FCLASS_GR":null,"FCLASS_IT":null,"FCLASS_NL":null,"FCLASS_SE":null,"FCLASS_BD":null,"FCLASS_UA":null},"geometry":{"type":"MultiPolygon","coordinates":[[],[],[],[]]}},{"type":"Feature","bbox":[95.293026,-10.359987,141.033852,5.479821],"properties":{"featurecla":"Admin-0 country","scalerank":1,"LABELRANK":2,"SOVEREIGNT":"Indonesia","SOV_A3":"IDN","ADM0_DIF":0,"LEVEL":2,"TYPE":"Sovereign country","TLC":"1","ADMIN":"Indonesia","ADM0_A3":"IDN","GEOU_DIF":0,"GEOUNIT":"Indonesia","GU_A3":"IDN","SU_DIF":0,"SUBUNIT":"Indonesia","SU_A3":"IDN","BRK_DIFF":0,"NAME":"Indonesia","NAME_LONG":"Indonesia","BRK_A3":"IDN","BRK_NAME":"Indonesia","BRK_GROUP":null,"ABBREV":"Indo.","POSTAL":"INDO","FORMAL_EN":"Republic of Indonesia","FORMAL_FR":null,"NAME_CIAWF":"Indonesia","NOTE_ADM0":null,"NOTE_BRK":null,"NAME_SORT":"Indonesia","NAME_ALT":null,"MAPCOLOR7":6,"MAPCOLOR8":6,"MAPCOLOR9":6,"MAPCOLOR13":11,"POP_EST":270625568,"POP_RANK":17,"POP_YEAR":2019,"GDP_MD":1119190,"GDP_YEAR":2019,"ECONOMY":"4. Emerging region: MIKT","INCOME_GRP":"4. Lower middle income","FIPS_10":"ID","ISO_A2":"ID","ISO_A2_EH":"ID","ISO_A3":"IDN","ISO_A3_EH":"IDN","ISO_N3":"360","ISO_N3_EH":"360","UN_A3":"360","WB_A2":"ID","WB_A3":"IDN","WOE_ID":23424846,"WOE_ID_EH":23424846,"WOE_NOTE":"Exact WOE match as country","ADM0_ISO":"IDN","ADM0_DIFF":null,"ADM0_TLC":"IDN","ADM0_A3_US":"IDN","ADM0_A3_FR":"IDN","ADM0_A3_RU":"IDN","ADM0_A3_ES":"IDN","ADM0_A3_CN":"IDN","ADM0_A3_TW":"IDN","ADM0_A3_IN":"IDN","ADM0_A3_NP":"IDN","ADM0_A3_PK":"IDN","ADM0_A3_DE":"IDN","ADM0_A3_GB":"IDN","ADM0_A3_BR":"IDN","ADM0_A3_IL":"IDN","ADM0_A3_PS":"IDN","ADM0_A3_SA":"IDN","ADM0_A3_EG":"IDN","ADM0_A3_MA":"IDN","ADM0_A3_PT":"IDN","ADM0_A3_AR":"IDN","ADM0_A3_JP":"IDN","ADM0_A3_KO":"IDN","ADM0_A3_VN":"IDN","ADM0_A3_TR":"IDN","ADM0_A3_ID":"IDN","ADM0_A3_PL":"IDN","ADM0_A3_GR":"IDN","ADM0_A3_IT":"IDN","ADM0_A3_NL":"IDN","ADM0_A3_SE":"IDN","ADM0_A3_BD":"IDN","ADM0_A3_UA":"IDN","ADM0_A3_UN":-99,"ADM0_A3_WB":-99,"CONTINENT":"Asia","REGION_UN":"Asia","SUBREGION":"South-Eastern Asia","REGION_WB":"East Asia & Pacific","NAME_LEN":9,"LONG_LEN":9,"ABBREV_LEN":5,"TINY":-99,"HOMEPART":1,"MIN_ZOOM":0,"MIN_LABEL":1.7,"MAX_LABEL":6.7,"LABEL_X":101.892949,"LABEL_Y":-0.954404,"NE_ID":1159320845,"WIKIDATAID":"Q252","NAME_AR":"إندونيسيا","NAME_BN":"ইন্দোনেশিয়া","NAME_DE":"Indonesien","NAME_EN":"Indonesia","NAME_ES":"Indonesia","NAME_FA":"اندونزی","NAME_FR":"Indonésie","NAME_EL":"Ινδονησία","NAME_HE":"אינדונזיה","NAME_HI":"इंडोनेशिया","NAME_HU":"Indonézia","NAME_ID":"Indonesia","NAME_IT":"Indonesia","NAME_JA":"インドネシア","NAME_KO":"인도네시아","NAME_NL":"Indonesië","NAME_PL":"Indonezja","NAME_PT":"Indonésia","NAME_RU":"Индонезия","NAME_SV":"Indonesien","NAME_TR":"Endonezya","NAME_UK":"Індонезія","NAME_UR":"انڈونیشیا","NAME_VI":"Indonesia","NAME_ZH":"印度尼西亚","NAME_ZHT":"印度尼西亞","FCLASS_ISO":"Admin-0 country","TLC_DIFF":null,"FCLASS_TLC":"Admin-0 country","FCLASS_US":null,"FCLASS_FR":null,"FCLASS_RU":null,"FCLASS_ES":null,"FCLASS_CN":null,"FCLASS_TW":null,"FCLASS_IN":null,"FCLASS_NP":null,"FCLASS_PK":null,"FCLASS_DE":null,"FCLASS_GB":null,"FCLASS_BR":null,"FCLASS_IL":null,"FCLASS_PS":null,"FCLASS_SA":null,"FCLASS_EG":null,"FCLASS_MA":null,"FCLASS_PT":null,"FCLASS_AR":null,"FCLASS_JP":null,"FCLASS_KO":null,"FCLASS_VN":null,"FCLASS_TR":null,"FCLASS_ID":null,"FCLASS_PL":null,"FCLASS_GR":null,"FCLASS_IT":null,"FCLASS_NL":null,"FCLASS_SE":null,"FCLASS_BD":null,"FCLASS_UA":null},"geometry":{"type":"MultiPolygon","coordinates":[[],[],[],[],[],[],[],[],[],[],[],[],[]]}},{"type":"Feature","bbox":[-73.415436,-55.25,-53.628349,-21.83231],"properties":{"featurecla":"Admin-0 country","scalerank":1,"LABELRANK":2,"SOVEREIGNT":"Argentina","SOV_A3":"ARG","ADM0_DIF":0,"LEVEL":2,"TYPE":"Sovereign country","TLC":"1","ADMIN":"Argentina","ADM0_A3":"ARG","GEOU_DIF":0,"GEOUNIT":"Argentina","GU_A3":"ARG","SU_DIF":0,"SUBUNIT":"Argentina","SU_A3":"ARG","BRK_DIFF":0,"NAME":"Argentina","NAME_LONG":"Argentina","BRK_A3":"ARG","BRK_NAME":"Argentina","BRK_GROUP":null,"ABBREV":"Arg.","POSTAL":"AR","FORMAL_EN":"Argentine Republic","FORMAL_FR":null,"NAME_CIAWF":"Argentina","NOTE_ADM0":null,"NOTE_BRK":null,"NAME_SORT":"Argentina","NAME_ALT":null,"MAPCOLOR7":3,"MAPCOLOR8":1,"MAPCOLOR9":3,"MAPCOLOR13":13,"POP_EST":44938712,"POP_RANK":15,"POP_YEAR":2019,"GDP_MD":445445,"GDP_YEAR":2019,"ECONOMY":"5. Emerging region: G20","INCOME_GRP":"3. Upper middle income","FIPS_10":"AR","ISO_A2":"AR","ISO_A2_EH":"AR","ISO_A3":"ARG","ISO_A3_EH":"ARG","ISO_N3":"032","ISO_N3_EH":"032","UN_A3":"032","WB_A2":"AR","WB_A3":"ARG","WOE_ID":23424747,"WOE_ID_EH":23424747,"WOE_NOTE":"Exact WOE match as country","ADM0_ISO":"ARG","ADM0_DIFF":null,"ADM0_TLC":"ARG","ADM0_A3_US":"ARG","ADM0_A3_FR":"ARG","ADM0_A3_RU":"ARG","ADM0_A3_ES":"ARG","ADM0_A3_CN":"ARG","ADM0_A3_TW":"ARG","ADM0_A3_IN":"ARG","ADM0_A3_NP":"ARG","ADM0_A3_PK":"ARG","ADM0_A3_DE":"ARG","ADM0_A3_GB":"ARG","ADM0_A3_BR":"ARG","ADM0_A3_IL":"ARG","ADM0_A3_PS":"ARG","ADM0_A3_SA":"ARG","ADM0_A3_EG":"ARG","ADM0_A3_MA":"ARG","ADM0_A3_PT":"ARG","ADM0_A3_AR":"ARG","ADM0_A3_JP":"ARG","ADM0_A3_KO":"ARG","ADM0_A3_VN":"ARG","ADM0_A3_TR":"ARG","ADM0_A3_ID":"ARG","ADM0_A3_PL":"ARG","ADM0_A3_GR":"ARG","ADM0_A3_IT":"ARG","ADM0_A3_NL":"ARG","ADM0_A3_SE":"ARG","ADM0_A3_BD":"ARG","ADM0_A3_UA":"ARG","ADM0_A3_UN":-99,"ADM0_A3_WB":-99,"CONTINENT":"South America","REGION_UN":"Americas","SUBREGION":"South America","REGION_WB":"Latin America & Caribbean","NAME_LEN":9,"LONG_LEN":9,"ABBREV_LEN":4,"TINY":-99,"HOMEPART":1,"MIN_ZOOM":0,"MIN_LABEL":2,"MAX_LABEL":7,"LABEL_X":-64.173331,"LABEL_Y":-33.501159,"NE_ID":1159320331,"WIKIDATAID":"Q414","NAME_AR":"الأرجنتين","NAME_BN":"আর্জেন্টিনা","NAME_DE":"Argentinien","NAME_EN":"Argentina","NAME_ES":"Argentina","NAME_FA":"آرژانتین","NAME_FR":"Argentine","NAME_EL":"Αργεντινή","NAME_HE":"ארגנטינה","NAME_HI":"अर्जेण्टीना","NAME_HU":"Argentína","NAME_ID":"Argentina","NAME_IT":"Argentina","NAME_JA":"アルゼンチン","NAME_KO":"아르헨티나","NAME_NL":"Argentinië","NAME_PL":"Argentyna","NAME_PT":"Argentina","NAME_RU":"Аргентина","NAME_SV":"Argentina","NAME_TR":"Arjantin","NAME_UK":"Аргентина","NAME_UR":"ارجنٹائن","NAME_VI":"Argentina","NAME_ZH":"阿根廷","NAME_ZHT":"阿根廷","FCLASS_ISO":"Admin-0 country","TLC_DIFF":null,"FCLASS_TLC":"Admin-0 country","FCLASS_US":null,"FCLASS_FR":null,"FCLASS_RU":null,"FCLASS_ES":null,"FCLASS_CN":null,"FCLASS_TW":null,"FCLASS_IN":null,"FCLASS_NP":null,"FCLASS_PK":null,"FCLASS_DE":null,"FCLASS_GB":null,"FCLASS_BR":null,"FCLASS_IL":null,"FCLASS_PS":null,"FCLASS_SA":null,"FCLASS_EG":null,"FCLASS_MA":null,"FCLASS_PT":null,"FCLASS_AR":null,"FCLASS_JP":null,"FCLASS_KO":null,"FCLASS_VN":null,"FCLASS_TR":null,"FCLASS_ID":null,"FCLASS_PL":null,"FCLASS_GR":null,"FCLASS_IT":null,"FCLASS_NL":null,"FCLASS_SE":null,"FCLASS_BD":null,"FCLASS_UA":null},"geometry":{"type":"MultiPolygon","coordinates":[[[[-5.794983226459306,-20.32332574316468],[-5.511371191459943,-20.742727177432386],[-5.137923997994359,-21.4243185355689],[-4.2502235832617465,-21.942347595625694],[-3.319475277042176,-22.14028203687196],[-3.5963216124214394,-22.612192603889813],[-4.214924399514379,-22.6817349958756],[-4.56471837824218,-22.369966642493154],[-4.960933426934158,-22.363373023758655],[-5.6627099144723925,-22.398896584353484],[-5.794983226459306,-20.32332574316468]]],[[[1.9583281594832644,1.7603407459302105],[1.740764585692892,0.9668462348341049],[1.5086351602454342,-0.05391986138916335],[1.5039080083568128,-1.0461624783153114],[1.3266757159676914,-1.2657985499852027],[1.25747830139644,-1.9087429815126824],[1.1974677081262801,-2.427956136181108],[2.1916461813442054,-3.2951090003842842],[2.071396759869586,-3.9787072594757915],[2.5523525096107167,-4.421652106724426],[2.501917687854154,-4.9059634564989105],[1.733781494891746,-6.164383725418343],[0.5888952758396362,-6.684128574640856],[-0.9469195601341148,-6.89274792920143],[-1.7890753246303441,-6.803240196120925],[-1.619450889383403,-7.390963471066116],[-1.7635295062709946,-8.132923081139241],[-1.616512276902439,-8.628439251173374],[-2.061687766781739,-8.982729985777356],[-2.827378275059363,-9.135608210516986],[-3.5599828348142792,-8.79771253073202],[-3.841078053296808,-9.06506774737307],[-3.7026745430085466,-10.038592801340794],[-3.1918598204671986,-10.318402289313596],[-2.7939879854950815,-9.997771602296467],[-2.5601719264460714,-10.502303917470785],[-3.2323815951343873,-10.824553083249913],[-3.8029168590724893,-11.452080819249074],[-3.8741593393068703,-12.43758433815173],[-4.02562834250504,-12.964872965137943],[-4.708427771525652,-12.99514522131131],[-5.249381369920792,-13.518388038393402],[-5.416754034727709,-14.254454740222572],[-4.6815166427816886,-14.928290307866135],[-3.995648860777564,-15.095758343371994],[-4.202532323056575,-15.967709257709823],[-5.003626609227192,-16.543790710569745],[-5.394381661591735,-17.68377707561038],[-6.000020411649035,-18.09221470929855],[-6.2521035656082535,-18.551922310923043],[-5.968833812928301,-19.518511065935567],[-5.486426144058132,-20.037529204723274],[-5.772849794230136,-20.0053999053425],[-6.40638799809612,-19.89476720390408],[-8.0438540860764,-19.88174469964587],[-8.37221332012109,-19.35663495436318],[-8.422026119758796,-18.6504150464621],[-8.870645917468686,-18.748496263009823],[-9.14384047953551,-18.426966520509477],[-9.30074865188394,-17.4284237017559],[-8.80821885884691,-16.964930810845665],[-8.641342385526535,-16.341884911881536],[-8.76554483950297,-15.864978624635604],[-8.46254507134928,-15.015888499079722],[-8.308136990184142,-13.718933277827372],[-8.431859717890067,-13.156672004424486],[-8.131305078510689,-12.948899661033082],[-8.237818547931873,-12.589077361803103],[-8.59046463366187,-12.420516178887533],[-8.383727385418252,-11.993792267986654],[-8.74391014962832,-11.650576584467546],[-9.010452980222826,-10.538559749417976],[-8.72919125696171,-10.315519291616877],[-8.953510788358566,-9.130776104980042],[-8.858904247006647,-8.109847606453025],[-8.726061436593575,-7.21485283076878],[-8.295842192469934,-6.821967400304587],[-8.60255044687483,-5.874786314116093],[-8.6747046413011,-4.965818510425974],[-8.13134036841613,-4.275335844796978],[-8.208712417995887,-3.44798411499473],[-7.8237082374074305,-2.44758907703172],[-7.883193176301488,-1.5337132374259197],[-8.10393155998112,-1.3663885880680944],[-8.597729312478767,0.32244294936113843],[-8.165240149571675,1.379632381221906],[-8.308972613264622,2.335882392455966],[-8.072579858625906,3.257583568389865],[-7.583278404578005,4.222410063587079],[-7.024539027355112,4.873551476554325],[-7.300618566634218,5.247365416431136],[-7.1418318553033515,5.5760433657864965],[-7.264231004997012,7.2197474317864305],[-6.349717824582438,7.755945304583069],[-6.101967124769053,8.792068821509956],[-6.220078928282849,9.03284253368092],[-5.52976013029257,9.951509790509899],[-4.368676404148205,9.756656362984073],[-3.8300499286649443,9.064512068187632],[-3.510543989219331,9.863188503506533],[-2.505761614536525,9.845811811084584],[-2.3597752019833242,9.638652786062677],[-0.734641730094679,8.054066509409944],[-0.02510658964634241,7.906320858208454],[1.0279235755808311,7.173544157363329],[1.9094514394132438,6.777212203938672],[2.025650444333653,6.339046248563103],[1.1686086577679535,4.84422571560612],[2.016931941750656,4.563275821908439],[2.960785506397588,4.392796975337048],[3.6318037134319434,4.534398965833566],[4.424053918393053,5.268799984534302],[4.595096652679167,6.137192797402885],[5.025941557023021,6.310414639999327],[5.430204813190178,5.72177226723127],[5.378306762700087,4.931855839177425],[4.644982975440199,4.414163537446355],[4.065582047035209,4.030165381028041],[3.0928075281742737,3.093497190744769],[1.9583281594832644,1.7603407459302105]]]]}},{"type":"Feature","bbox":[-75.644395,-55.61183,-66.95992,-17.580012],"properties":{"featurecla":"Admin-0 country","scalerank":1,"LABELRANK":2,"SOVEREIGNT":"Chile","SOV_A3":"CHL","ADM0_DIF":0,"LEVEL":2,"TYPE":"Sovereign country","TLC":"1","ADMIN":"Chile","ADM0_A3":"CHL","GEOU_DIF":0,"GEOUNIT":"Chile","GU_A3":"CHL","SU_DIF":0,"SUBUNIT":"Chile","SU_A3":"CHL","BRK_DIFF":0,"NAME":"Chile","NAME_LONG":"Chile","BRK_A3":"CHL","BRK_NAME":"Chile","BRK_GROUP":null,"ABBREV":"Chile","POSTAL":"CL","FORMAL_EN":"Republic of Chile","FORMAL_FR":null,"NAME_CIAWF":"Chile","NOTE_ADM0":null,"NOTE_BRK":null,"NAME_SORT":"Chile","NAME_ALT":null,"MAPCOLOR7":5,"MAPCOLOR8":1,"MAPCOLOR9":5,"MAPCOLOR13":9,"POP_EST":18952038,"POP_RANK":14,"POP_YEAR":2019,"GDP_MD":282318,"GDP_YEAR":2019,"ECONOMY":"5. Emerging region: G20","INCOME_GRP":"3. Upper middle income","FIPS_10":"CI","ISO_A2":"CL","ISO_A2_EH":"CL","ISO_A3":"CHL","ISO_A3_EH":"CHL","ISO_N3":"152","ISO_N3_EH":"152","UN_A3":"152","WB_A2":"CL","WB_A3":"CHL","WOE_ID":23424782,"WOE_ID_EH":23424782,"WOE_NOTE":"Exact WOE match as country","ADM0_ISO":"CHL","ADM0_DIFF":null,"ADM0_TLC":"CHL","ADM0_A3_US":"CHL","ADM0_A3_FR":"CHL","ADM0_A3_RU":"CHL","ADM0_A3_ES":"CHL","ADM0_A3_CN":"CHL","ADM0_A3_TW":"CHL","ADM0_A3_IN":"CHL","ADM0_A3_NP":"CHL","ADM0_A3_PK":"CHL","ADM0_A3_DE":"CHL","ADM0_A3_GB":"CHL","ADM0_A3_BR":"CHL","ADM0_A3_IL":"CHL","ADM0_A3_PS":"CHL","ADM0_A3_SA":"CHL","ADM0_A3_EG":"CHL","ADM0_A3_MA":"CHL","ADM0_A3_PT":"CHL","ADM0_A3_AR":"CHL","ADM0_A3_JP":"CHL","ADM0_A3_KO":"CHL","ADM0_A3_VN":"CHL","ADM0_A3_TR":"CHL","ADM0_A3_ID":"CHL","ADM0_A3_PL":"CHL","ADM0_A3_GR":"CHL","ADM0_A3_IT":"CHL","ADM0_A3_NL":"CHL","ADM0_A3_SE":"CHL","ADM0_A3_BD":"CHL","ADM0_A3_UA":"CHL","ADM0_A3_UN":-99,"ADM0_A3_WB":-99,"CONTINENT":"South America","REGION_UN":"Americas","SUBREGION":"South America","REGION_WB":"Latin America & Caribbean","NAME_LEN":5,"LONG_LEN":5,"ABBREV_LEN":5,"TINY":-99,"HOMEPART":1,"MIN_ZOOM":0,"MIN_LABEL":1.7,"MAX_LABEL":6.7,"LABEL_X":-72.318871,"LABEL_Y":-38.151771,"NE_ID":1159320493,"WIKIDATAID":"Q298","NAME_AR":"تشيلي","NAME_BN":"চিলি","NAME_DE":"Chile","NAME_EN":"Chile","NAME_ES":"Chile","NAME_FA":"شیلی","NAME_FR":"Chili","NAME_EL":"Χιλή","NAME_HE":"צ'ילה","NAME_HI":"चिली","NAME_HU":"Chile","NAME_ID":"Chili","NAME_IT":"Cile","NAME_JA":"チリ","NAME_KO":"칠레","NAME_NL":"Chili","NAME_PL":"Chile","NAME_PT":"Chile","NAME_RU":"Чили","NAME_SV":"Chile","NAME_TR":"Şili","NAME_UK":"Чилі","NAME_UR":"چلی","NAME_VI":"Chile","NAME_ZH":"智利","NAME_ZHT":"智利","FCLASS_ISO":"Admin-0 country","TLC_DIFF":null,"FCLASS_TLC":"Admin-0 country","FCLASS_US":null,"FCLASS_FR":null,"FCLASS_RU":null,"FCLASS_ES":null,"FCLASS_CN":null,"FCLASS_TW":null,"FCLASS_IN":null,"FCLASS_NP":null,"FCLASS_PK":null,"FCLASS_DE":null,"FCLASS_GB":null,"FCLASS_BR":null,"FCLASS_IL":null,"FCLASS_PS":null,"FCLASS_SA":null,"FCLASS_EG":null,"FCLASS_MA":null,"FCLASS_PT":null,"FCLASS_AR":null,"FCLASS_JP":null,"FCLASS_KO":null,"FCLASS_VN":null,"FCLASS_TR":null,"FCLASS_ID":null,"FCLASS_PL":null,"FCLASS_GR":null,"FCLASS_IT":null,"FCLASS_NL":null,"FCLASS_SE":null,"FCLASS_BD":null,"FCLASS_UA":null},"geometry":{"type":"MultiPolygon","coordinates":[[[[-5.794983226459306,-20.32332574316468],[-5.6627099144723925,-22.398896584353484],[-4.960933426934158,-22.363373023758655],[-4.56471837824218,-22.369966642493154],[-4.761532423844708,-22.752778735537724],[-5.303740859788837,-23.065709700573727],[-5.625073418784121,-23.053389227236046],[-6.0151818033227995,-23.00071463755952],[-6.507967677058384,-22.75296135443118],[-7.202252593181612,-22.665238080091598],[-8.0706445314434,-22.211249815990865],[-8.789765984990602,-21.769319976832918],[-9.8102862645926,-20.812412357695166],[-9.240537982195905,-20.957360287923084],[-8.248692938908087,-21.499042880124303],[-7.343285697713258,-21.765785822145023],[-7.0360027988485925,-21.31694014080179],[-6.86898315917612,-20.665157478415484],[-6.279538930970436,-20.240403295715],[-5.794983226459306,-20.32332574316468]]],[[[-8.727519222056271,13.923732134611708],[-8.239956163283766,13.2955178253576],[-8.075297397155326,12.60490086890505],[-7.579095409368787,12.221904847935408],[-7.803877388245473,11.265224765927522],[-7.26291012940928,10.19819829954183],[-6.843699971442075,8.866536877494822],[-6.220078928282849,9.03284253368092],[-6.101967124769053,8.792068821509956],[-6.349717824582438,7.755945304583069],[-7.264231004997012,7.2197474317864305],[-7.1418318553033515,5.5760433657864965],[-7.300618566634218,5.247365416431136],[-7.024539027355112,4.873551476554325],[-7.583278404578005,4.222410063587079],[-8.072579858625906,3.257583568389865],[-8.308972613264622,2.335882392455966],[-8.165240149571675,1.379632381221906],[-8.597729312478767,0.32244294936113843],[-8.10393155998112,-1.3663885880680944],[-7.883193176301488,-1.5337132374259197],[-7.8237082374074305,-2.44758907703172],[-8.208712417995887,-3.44798411499473],[-8.13134036841613,-4.275335844796978],[-8.6747046413011,-4.965818510425974],[-8.60255044687483,-5.874786314116093],[-8.295842192469934,-6.821967400304587],[-8.726061436593575,-7.21485283076878],[-8.858904247006647,-8.109847606453025],[-8.953510788358566,-9.130776104980042],[-8.72919125696171,-10.315519291616877],[-9.010452980222826,-10.538559749417976],[-8.74391014962832,-11.650576584467546],[-8.383727385418252,-11.993792267986654],[-8.59046463366187,-12.420516178887533],[-8.237818547931873,-12.589077361803103],[-8.131305078510689,-12.948899661033082],[-8.431859717890067,-13.156672004424486],[-8.308136990184142,-13.718933277827372],[-8.46254507134928,-15.015888499079722],[-8.76554483950297,-15.864978624635604],[-8.641342385526535,-16.341884911881536],[-8.80821885884691,-16.964930810845665],[-9.30074865188394,-17.4284237017559],[-9.14384047953551,-18.426966520509477],[-8.870645917468686,-18.748496263009823],[-8.422026119758796,-18.6504150464621],[-8.37221332012109,-19.35663495436318],[-8.0438540860764,-19.88174469964587],[-6.40638799809612,-19.89476720390408],[-5.772849794230136,-20.0053999053425],[-6.371766629626154,-20.03311353296408],[-6.6788283202443575,-20.283609446403236],[-7.257097785684308,-20.661398346957085],[-7.294516817096507,-21.537668593749355],[-7.572795038421114,-21.579215719559233],[-8.346383350866327,-21.334958195961768],[-9.170305174736688,-20.751885377427243],[-9.17030508113566,-20.751886308142247],[-10.058461859118859,-20.295315092107295],[-10.3345053581723,-19.724149164482156],[-10.203174751739477,-19.156091823269524],[-10.614941345123283,-18.564531905921466],[-10.884114689167609,-16.960854974985967],[-10.688297993858829,-16.014610290973458],[-10.021652760731282,-15.203043644818168],[-11.125617696368682,-15.02938606699927],[-10.539345665909144,-14.111682947895112],[-10.458505237708607,-12.482235155753157],[-9.619156966854673,-12.749007414088297],[-9.42020843929841,-10.69936168424399],[-9.940207796136711,-10.483368521796503],[-10.054875053962398,-11.72140772509446],[-10.529962141968861,-11.627904337307312],[-10.436673246846373,-10.211137184988686],[-10.356368791265066,-8.37157279230759],[-10.070971933641868,-7.66756742472143],[-10.379571202074663,-6.726161768107059],[-10.547091323138405,-5.620081257767771],[-10.223858478068898,-5.55816240905056],[-9.886734048550302,-3.918047842231208],[-9.472683638868252,-2.2860239849426955],[-9.251450678480124,-0.77952031191799],[-9.556340076632248,0.6933177801077319],[-9.376123044478891,1.531515194370495],[-9.571249553969636,2.7480882088648797],[-9.175687514679895,3.9954708373941528],[-9.165546652333653,5.919598576253369],[-9.0387112735076,7.985421484439136],[-8.920922049626764,10.19491928021805],[-9.098645322918834,11.784663484973288],[-9.38399082115938,13.135979673203062],[-8.936697519046778,13.41379481237516],[-8.727519222056271,13.923732134611708]]]]}},{"type":"Feature","bbox":[-78.98,23.71,-77,27.04],"properties":{"featurecla":"Admin-0 country","scalerank":1,"LABELRANK":4,"SOVEREIGNT":"The Bahamas","SOV_A3":"BHS","ADM0_DIF":0,"LEVEL":2,"TYPE":"Sovereign country","TLC":"1","ADMIN":"The Bahamas","ADM0_A3":"BHS","GEOU_DIF":0,"GEOUNIT":"The Bahamas","GU_A3":"BHS","SU_DIF":0,"SUBUNIT":"The Bahamas","SU_A3":"BHS","BRK_DIFF":0,"NAME":"Bahamas","NAME_LONG":"Bahamas","BRK_A3":"BHS","BRK_NAME":"Bahamas","BRK_GROUP":null,"ABBREV":"Bhs.","POSTAL":"BS","FORMAL_EN":"Commonwealth of the Bahamas","FORMAL_FR":null,"NAME_CIAWF":"Bahamas, The","NOTE_ADM0":null,"NOTE_BRK":null,"NAME_SORT":"Bahamas, The","NAME_ALT":null,"MAPCOLOR7":1,"MAPCOLOR8":1,"MAPCOLOR9":2,"MAPCOLOR13":5,"POP_EST":389482,"POP_RANK":10,"POP_YEAR":2019,"GDP_MD":13578,"GDP_YEAR":2019,"ECONOMY":"6. Developing region","INCOME_GRP":"2. High income: nonOECD","FIPS_10":"BF","ISO_A2":"BS","ISO_A2_EH":"BS","ISO_A3":"BHS","ISO_A3_EH":"BHS","ISO_N3":"044","ISO_N3_EH":"044","UN_A3":"044","WB_A2":"BS","WB_A3":"BHS","WOE_ID":23424758,"WOE_ID_EH":23424758,"WOE_NOTE":"Exact WOE match as country","ADM0_ISO":"BHS","ADM0_DIFF":null,"ADM0_TLC":"BHS","ADM0_A3_US":"BHS","ADM0_A3_FR":"BHS","ADM0_A3_RU":"BHS","ADM0_A3_ES":"BHS","ADM0_A3_CN":"BHS","ADM0_A3_TW":"BHS","ADM0_A3_IN":"BHS","ADM0_A3_NP":"BHS","ADM0_A3_PK":"BHS","ADM0_A3_DE":"BHS","ADM0_A3_GB":"BHS","ADM0_A3_BR":"BHS","ADM0_A3_IL":"BHS","ADM0_A3_PS":"BHS","ADM0_A3_SA":"BHS","ADM0_A3_EG":"BHS","ADM0_A3_MA":"BHS","ADM0_A3_PT":"BHS","ADM0_A3_AR":"BHS","ADM0_A3_JP":"BHS","ADM0_A3_KO":"BHS","ADM0_A3_VN":"BHS","ADM0_A3_TR":"BHS","ADM0_A3_ID":"BHS","ADM0_A3_PL":"BHS","ADM0_A3_GR":"BHS","ADM0_A3_IT":"BHS","ADM0_A3_NL":"BHS","ADM0_A3_SE":"BHS","ADM0_A3_BD":"BHS","ADM0_A3_UA":"BHS","ADM0_A3_UN":-99,"ADM0_A3_WB":-99,"CONTINENT":"North America","REGION_UN":"Americas","SUBREGION":"Caribbean","REGION_WB":"Latin America & Caribbean","NAME_LEN":7,"LONG_LEN":7,"ABBREV_LEN":4,"TINY":-99,"HOMEPART":1,"MIN_ZOOM":0,"MIN_LABEL":4,"MAX_LABEL":9,"LABEL_X":-77.146688,"LABEL_Y":26.401789,"NE_ID":1159320415,"WIKIDATAID":"Q778","NAME_AR":"باهاماس","NAME_BN":"বাহামা দ্বীপপুঞ্জ","NAME_DE":"Bahamas","NAME_EN":"The Bahamas","NAME_ES":"Bahamas","NAME_FA":"باهاما","NAME_FR":"Bahamas","NAME_EL":"Μπαχάμες","NAME_HE":"איי בהאמה","NAME_HI":"बहामास","NAME_HU":"Bahama-szigetek","NAME_ID":"Bahama","NAME_IT":"Bahamas","NAME_JA":"バハマ","NAME_KO":"바하마","NAME_NL":"Bahama's","NAME_PL":"Bahamy","NAME_PT":"Bahamas","NAME_RU":"Багамские Острова","NAME_SV":"Bahamas","NAME_TR":"Bahamalar","NAME_UK":"Багамські Острови","NAME_UR":"بہاماس","NAME_VI":"Bahamas","NAME_ZH":"巴哈马","NAME_ZHT":"巴哈馬","FCLASS_ISO":"Admin-0 country","TLC_DIFF":null,"FCLASS_TLC":"Admin-0 country","FCLASS_US":null,"FCLASS_FR":null,"FCLASS_RU":null,"FCLASS_ES":null,"FCLASS_CN":null,"FCLASS_TW":null,"FCLASS_IN":null,"FCLASS_NP":null,"FCLASS_PK":null,"FCLASS_DE":null,"FCLASS_GB":null,"FCLASS_BR":null,"FCLASS_IL":null,"FCLASS_PS":null,"FCLASS_SA":null,"FCLASS_EG":null,"FCLASS_MA":null,"FCLASS_PT":null,"FCLASS_AR":null,"FCLASS_JP":null,"FCLASS_KO":null,"FCLASS_VN":null,"FCLASS_TR":null,"FCLASS_ID":null,"FCLASS_PL":null,"FCLASS_GR":null,"FCLASS_IT":null,"FCLASS_NL":null,"FCLASS_SE":null,"FCLASS_BD":null,"FCLASS_UA":null},"geometry":{"type":"MultiPolygon","coordinates":[[],[],[]]}},{"type":"Feature","bbox":[-61.2,-52.3,-57.75,-51.1],"properties":{"featurecla":"Admin-0 country","scalerank":1,"LABELRANK":5,"SOVEREIGNT":"United Kingdom","SOV_A3":"GB1","ADM0_DIF":1,"LEVEL":2,"TYPE":"Disputed","TLC":"1","ADMIN":"Falkland Islands","ADM0_A3":"FLK","GEOU_DIF":0,"GEOUNIT":"Falkland Islands","GU_A3":"FLK","SU_DIF":0,"SUBUNIT":"Falkland Islands","SU_A3":"FLK","BRK_DIFF":1,"NAME":"Falkland Is.","NAME_LONG":"Falkland Islands / Malvinas","BRK_A3":"B12","BRK_NAME":"Falkland Is.","BRK_GROUP":null,"ABBREV":"Flk. Is.","POSTAL":"FK","FORMAL_EN":"Falkland Islands","FORMAL_FR":null,"NAME_CIAWF":"Falkland Islands (Islas Malvinas)","NOTE_ADM0":"U.K.","NOTE_BRK":"Admin. by U.K.; Claimed by Argentina","NAME_SORT":"Falkland Islands","NAME_ALT":"Islas Malvinas","MAPCOLOR7":6,"MAPCOLOR8":6,"MAPCOLOR9":6,"MAPCOLOR13":3,"POP_EST":3398,"POP_RANK":4,"POP_YEAR":2016,"GDP_MD":282,"GDP_YEAR":2012,"ECONOMY":"2. Developed region: nonG7","INCOME_GRP":"1. High income: OECD","FIPS_10":"FK","ISO_A2":"FK","ISO_A2_EH":"FK","ISO_A3":"FLK","ISO_A3_EH":"FLK","ISO_N3":"238","ISO_N3_EH":"238","UN_A3":"238","WB_A2":"-99","WB_A3":"-99","WOE_ID":23424814,"WOE_ID_EH":23424814,"WOE_NOTE":"Exact WOE match as country","ADM0_ISO":"B12","ADM0_DIFF":null,"ADM0_TLC":"B12","ADM0_A3_US":"FLK","ADM0_A3_FR":"FLK","ADM0_A3_RU":"FLK","ADM0_A3_ES":"FLK","ADM0_A3_CN":"FLK","ADM0_A3_TW":"FLK","ADM0_A3_IN":"FLK","ADM0_A3_NP":"FLK","ADM0_A3_PK":"FLK","ADM0_A3_DE":"FLK","ADM0_A3_GB":"FLK","ADM0_A3_BR":"FLK","ADM0_A3_IL":"FLK","ADM0_A3_PS":"FLK","ADM0_A3_SA":"FLK","ADM0_A3_EG":"FLK","ADM0_A3_MA":"FLK","ADM0_A3_PT":"FLK","ADM0_A3_AR":"ARG","ADM0_A3_JP":"FLK","ADM0_A3_KO":"FLK","ADM0_A3_VN":"FLK","ADM0_A3_TR":"FLK","ADM0_A3_ID":"FLK","ADM0_A3_PL":"FLK","ADM0_A3_GR":"FLK","ADM0_A3_IT":"FLK","ADM0_A3_NL":"FLK","ADM0_A3_SE":"FLK","ADM0_A3_BD":"FLK","ADM0_A3_UA":"FLK","ADM0_A3_UN":-99,"ADM0_A3_WB":-99,"CONTINENT":"South America","REGION_UN":"Americas","SUBREGION":"South America","REGION_WB":"Latin America & Caribbean","NAME_LEN":12,"LONG_LEN":27,"ABBREV_LEN":8,"TINY":-99,"HOMEPART":-99,"MIN_ZOOM":0,"MIN_LABEL":4.5,"MAX_LABEL":9,"LABEL_X":-58.738602,"LABEL_Y":-51.608913,"NE_ID":1159320711,"WIKIDATAID":"Q9648","NAME_AR":"جزر فوكلاند","NAME_BN":"ফকল্যান্ড দ্বীপপুঞ্জ","NAME_DE":"Falklandinseln","NAME_EN":"Falkland Islands","NAME_ES":"Islas Malvinas","NAME_FA":"جزایر فالکلند","NAME_FR":"îles Malouines","NAME_EL":"Νήσοι Φώκλαντ","NAME_HE":"איי פוקלנד","NAME_HI":"फ़ॉकलैंड द्वीपसमूह","NAME_HU":"Falkland-szigetek","NAME_ID":"Kepulauan Falkland","NAME_IT":"Isole Falkland","NAME_JA":"フォークランド諸島","NAME_KO":"포클랜드 제도","NAME_NL":"Falklandeilanden","NAME_PL":"Falklandy","NAME_PT":"Ilhas Malvinas","NAME_RU":"Фолклендские острова","NAME_SV":"Falklandsöarna","NAME_TR":"Falkland Adaları","NAME_UK":"Фолклендські острови","NAME_UR":"جزائر فاکلینڈ","NAME_VI":"Quần đảo Falkland","NAME_ZH":"福克兰群岛","NAME_ZHT":"福克蘭群島","FCLASS_ISO":"Admin-0 dependency","TLC_DIFF":null,"FCLASS_TLC":"Admin-0 dependency","FCLASS_US":null,"FCLASS_FR":null,"FCLASS_RU":null,"FCLASS_ES":null,"FCLASS_CN":null,"FCLASS_TW":null,"FCLASS_IN":null,"FCLASS_NP":null,"FCLASS_PK":null,"FCLASS_DE":null,"FCLASS_GB":null,"FCLASS_BR":null,"FCLASS_IL":null,"FCLASS_PS":null,"FCLASS_SA":null,"FCLASS_EG":null,"FCLASS_MA":null,"FCLASS_PT":null,"FCLASS_AR":"Unrecognized","FCLASS_JP":null,"FCLASS_KO":null,"FCLASS_VN":null,"FCLASS_TR":null,"FCLASS_ID":null,"FCLASS_PL":null,"FCLASS_GR":null,"FCLASS_IT":null,"FCLASS_NL":null,"FCLASS_SE":null,"FCLASS_BD":null,"FCLASS_UA":null},"geometry":{"type":"Polygon","coordinates":[[[-0.812331484576436,-19.42621228433726],[0,-18.8565439451646],[0.5774394258451904,-19.09441113684734],[0.9889996986766505,-18.719267693095784],[1.527694962204119,-19.151151666962395],[1.31934747039797,-19.478490677954852],[0.40473279196529566,-19.75344136353244],[0.10154255892813432,-19.423115967998754],[-0.4717089690284509,-19.84777057273164],[-0.812331484576436,-19.42621228433726]]]}},{"type":"Feature","bbox":[4.992078,58.078884,31.293418,80.657144],"properties":{"featurecla":"Admin-0 country","scalerank":1,"LABELRANK":3,"SOVEREIGNT":"Norway","SOV_A3":"NOR","ADM0_DIF":0,"LEVEL":2,"TYPE":"Sovereign country","TLC":null,"ADMIN":"Norway","ADM0_A3":"NOR","GEOU_DIF":0,"GEOUNIT":"Norway","GU_A3":"NOR","SU_DIF":0,"SUBUNIT":"Norway","SU_A3":"NOR","BRK_DIFF":0,"NAME":"Norway","NAME_LONG":"Norway","BRK_A3":"NOR","BRK_NAME":"Norway","BRK_GROUP":null,"ABBREV":"Nor.","POSTAL":"N","FORMAL_EN":"Kingdom of Norway","FORMAL_FR":null,"NAME_CIAWF":"Norway","NOTE_ADM0":null,"NOTE_BRK":null,"NAME_SORT":"Norway","NAME_ALT":null,"MAPCOLOR7":5,"MAPCOLOR8":3,"MAPCOLOR9":8,"MAPCOLOR13":12,"POP_EST":5347896,"POP_RANK":13,"POP_YEAR":2019,"GDP_MD":403336,"GDP_YEAR":2019,"ECONOMY":"2. Developed region: nonG7","INCOME_GRP":"1. High income: OECD","FIPS_10":"-99","ISO_A2":"-99","ISO_A2_EH":"NO","ISO_A3":"-99","ISO_A3_EH":"NOR","ISO_N3":"-99","ISO_N3_EH":"578","UN_A3":"-99","WB_A2":"-99","WB_A3":"-99","WOE_ID":-90,"WOE_ID_EH":23424910,"WOE_NOTE":"Does not include Svalbard, Jan Mayen, or Bouvet Islands (28289410).","ADM0_ISO":"NOR","ADM0_DIFF":null,"ADM0_TLC":"NOR","ADM0_A3_US":"NOR","ADM0_A3_FR":"NOR","ADM0_A3_RU":"NOR","ADM0_A3_ES":"NOR","ADM0_A3_CN":"NOR","ADM0_A3_TW":"NOR","ADM0_A3_IN":"NOR","ADM0_A3_NP":"NOR","ADM0_A3_PK":"NOR","ADM0_A3_DE":"NOR","ADM0_A3_GB":"NOR","ADM0_A3_BR":"NOR","ADM0_A3_IL":"NOR","ADM0_A3_PS":"NOR","ADM0_A3_SA":"NOR","ADM0_A3_EG":"NOR","ADM0_A3_MA":"NOR","ADM0_A3_PT":"NOR","ADM0_A3_AR":"NOR","ADM0_A3_JP":"NOR","ADM0_A3_KO":"NOR","ADM0_A3_VN":"NOR","ADM0_A3_TR":"NOR","ADM0_A3_ID":"NOR","ADM0_A3_PL":"NOR","ADM0_A3_GR":"NOR","ADM0_A3_IT":"NOR","ADM0_A3_NL":"NOR","ADM0_A3_SE":"NOR","ADM0_A3_BD":"NOR","ADM0_A3_UA":"NOR","ADM0_A3_UN":-99,"ADM0_A3_WB":-99,"CONTINENT":"Europe","REGION_UN":"Europe","SUBREGION":"Northern Europe","REGION_WB":"Europe & Central Asia","NAME_LEN":6,"LONG_LEN":6,"ABBREV_LEN":4,"TINY":-99,"HOMEPART":1,"MIN_ZOOM":0,"MIN_LABEL":3,"MAX_LABEL":7,"LABEL_X":9.679975,"LABEL_Y":61.357092,"NE_ID":1159321109,"WIKIDATAID":"Q20","NAME_AR":"النرويج","NAME_BN":"নরওয়ে","NAME_DE":"Norwegen","NAME_EN":"Norway","NAME_ES":"Noruega","NAME_FA":"نروژ","NAME_FR":"Norvège","NAME_EL":"Νορβηγία","NAME_HE":"נורווגיה","NAME_HI":"नॉर्वे","NAME_HU":"Norvégia","NAME_ID":"Norwegia","NAME_IT":"Norvegia","NAME_JA":"ノルウェー","NAME_KO":"노르웨이","NAME_NL":"Noorwegen","NAME_PL":"Norwegia","NAME_PT":"Noruega","NAME_RU":"Норвегия","NAME_SV":"Norge","NAME_TR":"Norveç","NAME_UK":"Норвегія","NAME_UR":"ناروے","NAME_VI":"Na Uy","NAME_ZH":"挪威","NAME_ZHT":"挪威","FCLASS_ISO":"Unrecognized","TLC_DIFF":null,"FCLASS_TLC":"Unrecognized","FCLASS_US":null,"FCLASS_FR":null,"FCLASS_RU":null,"FCLASS_ES":null,"FCLASS_CN":null,"FCLASS_TW":null,"FCLASS_IN":null,"FCLASS_NP":null,"FCLASS_PK":null,"FCLASS_DE":null,"FCLASS_GB":null,"FCLASS_BR":null,"FCLASS_IL":null,"FCLASS_PS":null,"FCLASS_SA":null,"FCLASS_EG":null,"FCLASS_MA":null,"FCLASS_PT":null,"FCLASS_AR":null,"FCLASS_JP":null,"FCLASS_KO":null,"FCLASS_VN":null,"FCLASS_TR":null,"FCLASS_ID":null,"FCLASS_PL":null,"FCLASS_GR":null,"FCLASS_IT":null,"FCLASS_NL":null,"FCLASS_SE":null,"FCLASS_BD":null,"FCLASS_UA":null},"geometry":{"type":"MultiPolygon","coordinates":[[],[],[],[]]}},{"type":"Feature","bbox":[-117.12776,14.538829,-86.811982,32.72083],"properties":{"featurecla":"Admin-0 country","scalerank":1,"LABELRANK":2,"SOVEREIGNT":"Mexico","SOV_A3":"MEX","ADM0_DIF":0,"LEVEL":2,"TYPE":"Sovereign country","TLC":"1","ADMIN":"Mexico","ADM0_A3":"MEX","GEOU_DIF":0,"GEOUNIT":"Mexico","GU_A3":"MEX","SU_DIF":0,"SUBUNIT":"Mexico","SU_A3":"MEX","BRK_DIFF":0,"NAME":"Mexico","NAME_LONG":"Mexico","BRK_A3":"MEX","BRK_NAME":"Mexico","BRK_GROUP":null,"ABBREV":"Mex.","POSTAL":"MX","FORMAL_EN":"United Mexican States","FORMAL_FR":null,"NAME_CIAWF":"Mexico","NOTE_ADM0":null,"NOTE_BRK":null,"NAME_SORT":"Mexico","NAME_ALT":null,"MAPCOLOR7":6,"MAPCOLOR8":1,"MAPCOLOR9":7,"MAPCOLOR13":3,"POP_EST":127575529,"POP_RANK":17,"POP_YEAR":2019,"GDP_MD":1268870,"GDP_YEAR":2019,"ECONOMY":"4. Emerging region: MIKT","INCOME_GRP":"3. Upper middle income","FIPS_10":"MX","ISO_A2":"MX","ISO_A2_EH":"MX","ISO_A3":"MEX","ISO_A3_EH":"MEX","ISO_N3":"484","ISO_N3_EH":"484","UN_A3":"484","WB_A2":"MX","WB_A3":"MEX","WOE_ID":23424900,"WOE_ID_EH":23424900,"WOE_NOTE":"Exact WOE match as country","ADM0_ISO":"MEX","ADM0_DIFF":null,"ADM0_TLC":"MEX","ADM0_A3_US":"MEX","ADM0_A3_FR":"MEX","ADM0_A3_RU":"MEX","ADM0_A3_ES":"MEX","ADM0_A3_CN":"MEX","ADM0_A3_TW":"MEX","ADM0_A3_IN":"MEX","ADM0_A3_NP":"MEX","ADM0_A3_PK":"MEX","ADM0_A3_DE":"MEX","ADM0_A3_GB":"MEX","ADM0_A3_BR":"MEX","ADM0_A3_IL":"MEX","ADM0_A3_PS":"MEX","ADM0_A3_SA":"MEX","ADM0_A3_EG":"MEX","ADM0_A3_MA":"MEX","ADM0_A3_PT":"MEX","ADM0_A3_AR":"MEX","ADM0_A3_JP":"MEX","ADM0_A3_KO":"MEX","ADM0_A3_VN":"MEX","ADM0_A3_TR":"MEX","ADM0_A3_ID":"MEX","ADM0_A3_PL":"MEX","ADM0_A3_GR":"MEX","ADM0_A3_IT":"MEX","ADM0_A3_NL":"MEX","ADM0_A3_SE":"MEX","ADM0_A3_BD":"MEX","ADM0_A3_UA":"MEX","ADM0_A3_UN":-99,"ADM0_A3_WB":-99,"CONTINENT":"North America","REGION_UN":"Americas","SUBREGION":"Central America","REGION_WB":"Latin America & Caribbean","NAME_LEN":6,"LONG_LEN":6,"ABBREV_LEN":4,"TINY":-99,"HOMEPART":1,"MIN_ZOOM":0,"MIN_LABEL":2,"MAX_LABEL":6.7,"LABEL_X":-102.289448,"LABEL_Y":23.919988,"NE_ID":1159321055,"WIKIDATAID":"Q96","NAME_AR":"المكسيك","NAME_BN":"মেক্সিকো","NAME_DE":"Mexiko","NAME_EN":"Mexico","NAME_ES":"México","NAME_FA":"مکزیک","NAME_FR":"Mexique","NAME_EL":"Μεξικό","NAME_HE":"מקסיקו","NAME_HI":"मेक्सिको","NAME_HU":"Mexikó","NAME_ID":"Meksiko","NAME_IT":"Messico","NAME_JA":"メキシコ","NAME_KO":"멕시코","NAME_NL":"Mexico","NAME_PL":"Meksyk","NAME_PT":"México","NAME_RU":"Мексика","NAME_SV":"Mexiko","NAME_TR":"Meksika","NAME_UK":"Мексика","NAME_UR":"میکسیکو","NAME_VI":"México","NAME_ZH":"墨西哥","NAME_ZHT":"墨西哥","FCLASS_ISO":"Admin-0 country","TLC_DIFF":null,"FCLASS_TLC":"Admin-0 country","FCLASS_US":null,"FCLASS_FR":null,"FCLASS_RU":null,"FCLASS_ES":null,"FCLASS_CN":null,"FCLASS_TW":null,"FCLASS_IN":null,"FCLASS_NP":null,"FCLASS_PK":null,"FCLASS_DE":null,"FCLASS_GB":null,"FCLASS_BR":null,"FCLASS_IL":null,"FCLASS_PS":null,"FCLASS_SA":null,"FCLASS_EG":null,"FCLASS_MA":null,"FCLASS_PT":null,"FCLASS_AR":null,"FCLASS_JP":null,"FCLASS_KO":null,"FCLASS_VN":null,"FCLASS_TR":null,"FCLASS_ID":null,"FCLASS_PL":null,"FCLASS_GR":null,"FCLASS_IT":null,"FCLASS_NL":null,"FCLASS_SE":null,"FCLASS_BD":null,"FCLASS_UA":null},"geometry":{"type":"Polygon","coordinates":[[[-41.01372058630925,41.31748234946848],[-39.90836355877651,41.34287201953888],[-39.34664658593779,41.12308995450506],[-38.42533893166264,41.50148927673701],[-37.58918001517427,41.72292790406708],[-36.78355079194934,41.99467975940781],[-36.10850540687128,42.234672857999755],[-35.473044482780516,42.6423218011371],[-35.44006458176453,42.742811178797716],[-31.862546684313504,42.742811178797716],[-31.940395921431126,42.40558200511196],[-32.27644298240302,42.549413433599696],[-32.51081499145337,42.503224485567074],[-32.72389334373425,42.46247205099702],[-33.01230872040218,41.96681584259212],[-33.24050527357552,42.021953163350524],[-33.36820422055744,41.968098599907854],[-33.330377925550934,41.862717809313395],[-34.3756171282794,41.71095979785254],[-35.42677750878689,41.543035030639935],[-35.30977299767502,41.13209651265072],[-35.81574132963494,41.04744046655447],[-35.328288193563594,40.87104961960283],[-34.86624685973323,40.7683555864808],[-34.69732749044519,40.628632482972044],[-34.50386292998539,40.61296032084138],[-34.462402697386445,40.356452498814605],[-35.891240619391084,40.118378851520184],[-36.24930352592159,39.419149153962756],[-36.05167911630498,39.306173885485514],[-36.12896775566776,39.10772703919664],[-36.09269811471287,38.88345672102447],[-37.58059696309167,39.471065930693804],[-38.22535441538033,39.610291882183375],[-39.19050170728757,39.637937902943015],[-39.79206814744922,39.46744763732219],[-40.58911029471425,39.01529551830653],[-41.01372058630925,38.86865401507453],[-41.01372058630925,41.31748234946848]]]}},{"type":"Feature","bbox":[-58.427074,-34.952647,-53.209589,-30.109686],"properties":{"featurecla":"Admin-0 country","scalerank":1,"LABELRANK":4,"SOVEREIGNT":"Uruguay","SOV_A3":"URY","ADM0_DIF":0,"LEVEL":2,"TYPE":"Sovereign country","TLC":"1","ADMIN":"Uruguay","ADM0_A3":"URY","GEOU_DIF":0,"GEOUNIT":"Uruguay","GU_A3":"URY","SU_DIF":0,"SUBUNIT":"Uruguay","SU_A3":"URY","BRK_DIFF":0,"NAME":"Uruguay","NAME_LONG":"Uruguay","BRK_A3":"URY","BRK_NAME":"Uruguay","BRK_GROUP":null,"ABBREV":"Ury.","POSTAL":"UY","FORMAL_EN":"Oriental Republic of Uruguay","FORMAL_FR":null,"NAME_CIAWF":"Uruguay","NOTE_ADM0":null,"NOTE_BRK":null,"NAME_SORT":"Uruguay","NAME_ALT":null,"MAPCOLOR7":1,"MAPCOLOR8":2,"MAPCOLOR9":2,"MAPCOLOR13":10,"POP_EST":3461734,"POP_RANK":12,"POP_YEAR":2019,"GDP_MD":56045,"GDP_YEAR":2019,"ECONOMY":"5. Emerging region: G20","INCOME_GRP":"3. Upper middle income","FIPS_10":"UY","ISO_A2":"UY","ISO_A2_EH":"UY","ISO_A3":"URY","ISO_A3_EH":"URY","ISO_N3":"858","ISO_N3_EH":"858","UN_A3":"858","WB_A2":"UY","WB_A3":"URY","WOE_ID":23424979,"WOE_ID_EH":23424979,"WOE_NOTE":"Exact WOE match as country","ADM0_ISO":"URY","ADM0_DIFF":null,"ADM0_TLC":"URY","ADM0_A3_US":"URY","ADM0_A3_FR":"URY","ADM0_A3_RU":"URY","ADM0_A3_ES":"URY","ADM0_A3_CN":"URY","ADM0_A3_TW":"URY","ADM0_A3_IN":"URY","ADM0_A3_NP":"URY","ADM0_A3_PK":"URY","ADM0_A3_DE":"URY","ADM0_A3_GB":"URY","ADM0_A3_BR":"URY","ADM0_A3_IL":"URY","ADM0_A3_PS":"URY","ADM0_A3_SA":"URY","ADM0_A3_EG":"URY","ADM0_A3_MA":"URY","ADM0_A3_PT":"URY","ADM0_A3_AR":"URY","ADM0_A3_JP":"URY","ADM0_A3_KO":"URY","ADM0_A3_VN":"URY","ADM0_A3_TR":"URY","ADM0_A3_ID":"URY","ADM0_A3_PL":"URY","ADM0_A3_GR":"URY","ADM0_A3_IT":"URY","ADM0_A3_NL":"URY","ADM0_A3_SE":"URY","ADM0_A3_BD":"URY","ADM0_A3_UA":"URY","ADM0_A3_UN":-99,"ADM0_A3_WB":-99,"CONTINENT":"South America","REGION_UN":"Americas","SUBREGION":"South America","REGION_WB":"Latin America & Caribbean","NAME_LEN":7,"LONG_LEN":7,"ABBREV_LEN":4,"TINY":-99,"HOMEPART":1,"MIN_ZOOM":0,"MIN_LABEL":3,"MAX_LABEL":8,"LABEL_X":-55.966942,"LABEL_Y":-32.961127,"NE_ID":1159321353,"WIKIDATAID":"Q77","NAME_AR":"الأوروغواي","NAME_BN":"উরুগুয়ে","NAME_DE":"Uruguay","NAME_EN":"Uruguay","NAME_ES":"Uruguay","NAME_FA":"اروگوئه","NAME_FR":"Uruguay","NAME_EL":"Ουρουγουάη","NAME_HE":"אורוגוואי","NAME_HI":"उरुग्वे","NAME_HU":"Uruguay","NAME_ID":"Uruguay","NAME_IT":"Uruguay","NAME_JA":"ウルグアイ","NAME_KO":"우루과이","NAME_NL":"Uruguay","NAME_PL":"Urugwaj","NAME_PT":"Uruguai","NAME_RU":"Уругвай","NAME_SV":"Uruguay","NAME_TR":"Uruguay","NAME_UK":"Уругвай","NAME_UR":"یوراگوئے","NAME_VI":"Uruguay","NAME_ZH":"乌拉圭","NAME_ZHT":"烏拉圭","FCLASS_ISO":"Admin-0 country","TLC_DIFF":null,"FCLASS_TLC":"Admin-0 country","FCLASS_US":null,"FCLASS_FR":null,"FCLASS_RU":null,"FCLASS_ES":null,"FCLASS_CN":null,"FCLASS_TW":null,"FCLASS_IN":null,"FCLASS_NP":null,"FCLASS_PK":null,"FCLASS_DE":null,"FCLASS_GB":null,"FCLASS_BR":null,"FCLASS_IL":null,"FCLASS_PS":null,"FCLASS_SA":null,"FCLASS_EG":null,"FCLASS_MA":null,"FCLASS_PT":null,"FCLASS_AR":null,"FCLASS_JP":null,"FCLASS_KO":null,"FCLASS_VN":null,"FCLASS_TR":null,"FCLASS_ID":null,"FCLASS_PL":null,"FCLASS_GR":null,"FCLASS_IT":null,"FCLASS_NL":null,"FCLASS_SE":null,"FCLASS_BD":null,"FCLASS_UA":null},"geometry":{"type":"Polygon","coordinates":[[[1.9583281594832644,1.7603407459302105],[2.4957138278040816,1.8565475114429855],[3.3019143564430986,1.0669320648992215],[3.6075217100602037,1.0872067848686633],[4.42748297028948,0.42127225049507055],[5.043674873854853,-0.15427729638967644],[5.48144960986808,-0.8522270301847614],[5.105201157478464,-1.3082638238141664],[5.30209585264536,-1.881651296414706],[4.929499814662421,-2.4916580634589502],[4.011780807186383,-3.0100109760117566],[3.433047974902238,-2.7922850417873555],[3.000882347460023,-2.8870227080916635],[2.2764207167710038,-2.4430268554725907],[1.73625393906935,-2.465669354086571],[1.25747830139644,-1.9087429815126824],[1.3266757159676914,-1.2657985499852027],[1.5039080083568128,-1.0461624783153114],[1.5086351602454342,-0.05391986138916335],[1.740764585692892,0.9668462348341049],[1.9583281594832644,1.7603407459302105]]]}},{"type":"Feature","bbox":[-73.987235,-33.768378,-34.729993,5.244486],"properties":{"featurecla":"Admin-0 country","scalerank":1,"LABELRANK":2,"SOVEREIGNT":"Brazil","SOV_A3":"BRA","ADM0_DIF":0,"LEVEL":2,"TYPE":"Sovereign country","TLC":"1","ADMIN":"Brazil","ADM0_A3":"BRA","GEOU_DIF":0,"GEOUNIT":"Brazil","GU_A3":"BRA","SU_DIF":0,"SUBUNIT":"Brazil","SU_A3":"BRA","BRK_DIFF":0,"NAME":"Brazil","NAME_LONG":"Brazil","BRK_A3":"BRA","BRK_NAME":"Brazil","BRK_GROUP":null,"ABBREV":"Brazil","POSTAL":"BR","FORMAL_EN":"Federative Republic of Brazil","FORMAL_FR":null,"NAME_CIAWF":"Brazil","NOTE_ADM0":null,"NOTE_BRK":null,"NAME_SORT":"Brazil","NAME_ALT":null,"MAPCOLOR7":5,"MAPCOLOR8":6,"MAPCOLOR9":5,"MAPCOLOR13":7,"POP_EST":211049527,"POP_RANK":17,"POP_YEAR":2019,"GDP_MD":1839758,"GDP_YEAR":2019,"ECONOMY":"3. Emerging region: BRIC","INCOME_GRP":"3. Upper middle income","FIPS_10":"BR","ISO_A2":"BR","ISO_A2_EH":"BR","ISO_A3":"BRA","ISO_A3_EH":"BRA","ISO_N3":"076","ISO_N3_EH":"076","UN_A3":"076","WB_A2":"BR","WB_A3":"BRA","WOE_ID":23424768,"WOE_ID_EH":23424768,"WOE_NOTE":"Exact WOE match as country","ADM0_ISO":"BRA","ADM0_DIFF":null,"ADM0_TLC":"BRA","ADM0_A3_US":"BRA","ADM0_A3_FR":"BRA","ADM0_A3_RU":"BRA","ADM0_A3_ES":"BRA","ADM0_A3_CN":"BRA","ADM0_A3_TW":"BRA","ADM0_A3_IN":"BRA","ADM0_A3_NP":"BRA","ADM0_A3_PK":"BRA","ADM0_A3_DE":"BRA","ADM0_A3_GB":"BRA","ADM0_A3_BR":"BRA","ADM0_A3_IL":"BRA","ADM0_A3_PS":"BRA","ADM0_A3_SA":"BRA","ADM0_A3_EG":"BRA","ADM0_A3_MA":"BRA","ADM0_A3_PT":"BRA","ADM0_A3_AR":"BRA","ADM0_A3_JP":"BRA","ADM0_A3_KO":"BRA","ADM0_A3_VN":"BRA","ADM0_A3_TR":"BRA","ADM0_A3_ID":"BRA","ADM0_A3_PL":"BRA","ADM0_A3_GR":"BRA","ADM0_A3_IT":"BRA","ADM0_A3_NL":"BRA","ADM0_A3_SE":"BRA","ADM0_A3_BD":"BRA","ADM0_A3_UA":"BRA","ADM0_A3_UN":-99,"ADM0_A3_WB":-99,"CONTINENT":"South America","REGION_UN":"Americas","SUBREGION":"South America","REGION_WB":"Latin America & Caribbean","NAME_LEN":6,"LONG_LEN":6,"ABBREV_LEN":6,"TINY":-99,"HOMEPART":1,"MIN_ZOOM":0,"MIN_LABEL":1.7,"MAX_LABEL":5.7,"LABEL_X":-49.55945,"LABEL_Y":-12.098687,"NE_ID":1159320441,"WIKIDATAID":"Q155","NAME_AR":"البرازيل","NAME_BN":"ব্রাজিল","NAME_DE":"Brasilien","NAME_EN":"Brazil","NAME_ES":"Brasil","NAME_FA":"برزیل","NAME_FR":"Brésil","NAME_EL":"Βραζιλία","NAME_HE":"ברזיל","NAME_HI":"ब्राज़ील","NAME_HU":"Brazília","NAME_ID":"Brasil","NAME_IT":"Brasile","NAME_JA":"ブラジル","NAME_KO":"브라질","NAME_NL":"Brazilië","NAME_PL":"Brazylia","NAME_PT":"Brasil","NAME_RU":"Бразилия","NAME_SV":"Brasilien","NAME_TR":"Brezilya","NAME_UK":"Бразилія","NAME_UR":"برازیل","NAME_VI":"Brasil","NAME_ZH":"巴西","NAME_ZHT":"巴西","FCLASS_ISO":"Admin-0 country","TLC_DIFF":null,"FCLASS_TLC":"Admin-0 country","FCLASS_US":null,"FCLASS_FR":null,"FCLASS_RU":null,"FCLASS_ES":null,"FCLASS_CN":null,"FCLASS_TW":null,"FCLASS_IN":null,"FCLASS_NP":null,"FCLASS_PK":null,"FCLASS_DE":null,"FCLASS_GB":null,"FCLASS_BR":null,"FCLASS_IL":null,"FCLASS_PS":null,"FCLASS_SA":null,"FCLASS_EG":null,"FCLASS_MA":null,"FCLASS_PT":null,"FCLASS_AR":null,"FCLASS_JP":null,"FCLASS_KO":null,"FCLASS_VN":null,"FCLASS_TR":null,"FCLASS_ID":null,"FCLASS_PL":null,"FCLASS_GR":null,"FCLASS_IT":null,"FCLASS_NL":null,"FCLASS_SE":null,"FCLASS_BD":null,"FCLASS_UA":null},"geometry":{"type":"Polygon","coordinates":[[[5.30209585264536,-1.881651296414706],[5.105201157478464,-1.3082638238141664],[5.48144960986808,-0.8522270301847614],[5.043674873854853,-0.15427729638967644],[4.42748297028948,0.42127225049507055],[3.6075217100602037,1.0872067848686633],[3.3019143564430986,1.0669320648992215],[2.4957138278040816,1.8565475114429855],[1.9583281594832644,1.7603407459302105],[3.0928075281742737,3.093497190744769],[4.065582047035209,4.030165381028041],[4.644982975440199,4.414163537446355],[5.378306762700087,4.931855839177425],[5.430204813190178,5.72177226723127],[5.025941557023021,6.310414639999327],[4.595096652679167,6.137192797402885],[4.784769233497172,6.701201655357942],[4.924034912182381,7.280395517164504],[4.945838235753492,7.8222556596100015],[4.640711837855294,8.01261879933351],[4.309854483149367,7.864756416786294],[3.9881686995815797,7.9189161986627425],[3.898585357390324,8.301010805866177],[3.845062574765097,9.204064092402927],[3.689597666142622,9.501878428785172],[3.1032218860373626,9.78266352167847],[2.7399429465020484,9.598714967190272],[1.8152126297769635,9.803140334137751],[1.8933831579966396,11.129888839441874],[1.6373853773256741,11.675369959619893],[1.9195240542277663,11.872868003116757],[1.841445892859018,12.428143728141661],[2.0944689850755096,12.849641615876662],[2.267954421147671,13.60934522433831],[2.063429862979534,14.212674235820263],[1.5692036289784628,14.489646882401718],[1.4756383939919446,14.870196667838906],[1.616963619065204,15.422854040114386],[-0.14566645311991333,15.471719372978134],[-0.5036486986490627,16.58331733549142],[-0.2329917110428685,16.599922010702944],[-0.24599135943335426,17.010231943475805],[-0.4282577391969027,17.28710086570433],[-0.4713705058311893,17.83471624707609],[-1.0175153278304911,18.112264822678547],[-1.607812572858624,18.097619657729922],[-2.000405375916185,18.36688464267491],[-2.63983540807854,18.543455551611604],[-3.018429825773358,18.88783695628627],[-4.080476052509818,19.017197075986285],[-5.13953823156907,19.82388081591417],[-5.087354797382962,20.451538654483908],[-5.219050006458102,20.804729219940903],[-5.144304094917886,21.502270947283943],[-6.396760131423138,21.29763527050961],[-6.885124178777379,20.92764688988049],[-7.701361316078736,20.510712577139508],[-7.89758375998875,20.218230095713363],[-8.387345637366947,20.17095292869402],[-9.101630573879394,20.207982712059632],[-9.627722677547476,20.01368753894461],[-10.069143777531792,20.091801525724374],[-10.113667542957497,21.503413783424275],[-10.85859655712466,20.904135432816968],[-11.706666794868179,20.864386463215528],[-12.114592523077635,21.328325936423123],[-12.758084842446733,21.329167936136766],[-12.592732464077098,21.741455285039642],[-13.184902746632115,22.2541445710038],[-13.673531556369113,23.040942437674822],[-13.43341330526205,23.229724893324754],[-13.473827020339485,23.61300212696972],[-12.90775104001265,23.92427844485433],[-13.054085168804953,24.4043275852124],[-12.833371022537426,24.737970980803933],[-12.802559863662454,25.162441547194046],[-11.723826426506639,25.857045268194767],[-10.92184038843412,26.085434475764192],[-10.799118359441033,26.228044324931624],[-9.895908722864924,26.243574691408536],[-9.622809507914084,28.68135797706806],[-9.626530213341749,29.059164185553982],[-9.823556797812886,29.545047489567136],[-10.30269786948042,29.832625756962155],[-10.34689782531066,30.455574172128813],[-9.776510630773435,30.62959523825673],[-9.563466130934275,30.552660951966672],[-9.55256557721464,30.880993248204224],[-10.165751905407152,30.93501456876044],[-10.220286971701693,31.464720039815443],[-8.192840965011502,31.550482551048063],[-7.866421198533075,31.856850181730433],[-7.561095935206756,31.601707189420058],[-7.329903798631486,31.110425897833515],[-7.1400120493209895,31.223056270969586],[-6.545976462668553,30.795325060720636],[-5.744269369393192,30.878621159195596],[-5.555105202052493,31.14538287300112],[-4.79116465691711,31.366005906574454],[-4.368180900708811,31.51604168178503],[-4.259070681941882,31.876752452714882],[-3.5206474929014737,32.1324710037879],[-3.582043457507872,32.30792778564227],[-4.470837046743958,32.360309345337306],[-4.635023223406729,32.88332493420569],[-4.612537769099623,33.44163028969295],[-5.093433086507091,33.64376619558285],[-4.898197914260441,33.7251326367908],[-4.111592353772759,33.63840310229264],[-3.2656804861515343,33.448241300950755],[-2.9654646739298074,33.64903608909597],[-2.2073575696143948,33.787805293770866],[-1.0259114128475013,34.10653307514011],[-0.6394369468280874,34.421560086875935],[-0.7816633807703727,34.651938380450076],[-0.22775606297810558,34.68953373451248],[0.020265213054368274,34.50124218426761],[-0.11780737531687055,34.14096497313319],[0.24661444848260697,34.01621817048056],[0.4883464458079508,33.632254689101394],[0.194688549070657,33.340922891705354],[0.02672171993857899,32.63174568513464],[0.29426058915725534,32.20755597327893],[0.3689480847906609,31.817670774343277],[1.007089364371213,31.41832975442168],[1.516653533187637,31.37264963054555],[1.6335662686146826,31.537580455254645],[1.9628169962354416,31.57087560823566],[2.4363403416395473,31.71338089807734],[2.779796292820699,31.932882441494712],[3.3549792475194535,31.851498568866234],[3.609506531348453,31.876778418797958],[4.174226623821297,31.795422460365312],[4.273809610746175,31.965492126156303],[4.10406596704803,32.13687627334438],[4.216503525307268,32.37762063200443],[4.636296426277828,32.29274512093449],[5.133655018646519,32.365181562403805],[5.725357494522719,32.16931798078156],[6.173469078963205,31.980749710008013],[6.507977343268133,32.19736164066248],[6.739979837995221,32.15366338685914],[6.869906926933199,31.911461302792546],[7.372746884295409,31.951842701739842],[7.791809484744335,32.25422332663146],[8.151745680479857,32.855812471717925],[8.825112047744499,33.586387180992006],[9.187854339201516,33.607936199787986],[9.415741388131808,33.13679524280181],[9.893577540354501,31.641569031423153],[10.43896070230423,31.4704463203825],[10.419870424306442,30.883540097278427],[9.58935181719269,30.225271941759996],[9.889909000565291,29.94880633137915],[11.693174011900346,29.70057357665936],[11.652468271474904,28.83218605147918],[12.4802787834423,29.345111177185405],[13.733962534347402,28.935905378179044],[15.363745449403106,28.260637200423567],[15.796735787216814,27.70346955039542],[15.57322278536537,27.233954804710738],[16.777491580908695,27.389980777681735],[18.670228291884353,26.715234727294057],[20.17195133633487,26.572060463685133],[21.530453887946354,25.651917583628098],[22.62658561078899,24.480650756400905],[23.339324287303747,24.112335136548385],[24.17254721067654,23.94947566139619],[24.4752777347472,23.611577999685355],[24.59116507505247,22.411846808524942],[24.648769215592367,21.837374642741107],[23.98593259821347,20.389540613400825],[23.392253638680316,19.86653296914594],[21.834090171774662,18.784754807713714],[21.06196758891314,17.819771350851994],[20.24174474322369,17.10699185119222],[20.006051067226668,17.121542776939148],[19.64083762188276,16.46516606194007],[19.43842099207345,14.68075452787733],[18.965785610737846,13.244644815432398],[18.777049398681445,12.625581858709623],[18.437942574680747,12.285629302219695],[18.095338539624542,11.018053467776555],[17.023893649046027,9.872790015058385],[16.74063150019023,8.88732775791997],[15.979639730599528,8.554269367118449],[15.70233675805075,7.99385459386332],[14.7598615759307,8.10829813960422],[13.353241196784644,7.881873757980411],[12.698435171385919,7.507766177518245],[11.703551451794548,7.313604112340707],[10.621044506359292,6.619494918750755],[9.81706081781824,5.700308989703987],[9.635408490084409,4.972306251630008],[9.732853086740619,4.415199980805513],[9.49748777790471,3.4272534583790786],[9.270863401452326,2.9581691518937303],[8.649771688518886,2.4551080760566495],[7.617895070405995,0.7689215817162744],[6.853156122743522,0.0238575268301389],[6.275925968643762,-0.4107442068844746],[5.859429542007492,-1.3380623085548349],[5.30209585264536,-1.881651296414706]]]}},{"type":"Feature","bbox":[-69.590424,-22.872919,-57.498371,-9.761988],"properties":{"featurecla":"Admin-0 country","scalerank":1,"LABELRANK":3,"SOVEREIGNT":"Bolivia","SOV_A3":"BOL","ADM0_DIF":0,"LEVEL":2,"TYPE":"Sovereign country","TLC":"1","ADMIN":"Bolivia","ADM0_A3":"BOL","GEOU_DIF":0,"GEOUNIT":"Bolivia","GU_A3":"BOL","SU_DIF":0,"SUBUNIT":"Bolivia","SU_A3":"BOL","BRK_DIFF":0,"NAME":"Bolivia","NAME_LONG":"Bolivia","BRK_A3":"BOL","BRK_NAME":"Bolivia","BRK_GROUP":null,"ABBREV":"Bolivia","POSTAL":"BO","FORMAL_EN":"Plurinational State of Bolivia","FORMAL_FR":null,"NAME_CIAWF":"Bolivia","NOTE_ADM0":null,"NOTE_BRK":null,"NAME_SORT":"Bolivia","NAME_ALT":null,"MAPCOLOR7":1,"MAPCOLOR8":5,"MAPCOLOR9":2,"MAPCOLOR13":3,"POP_EST":11513100,"POP_RANK":14,"POP_YEAR":2019,"GDP_MD":40895,"GDP_YEAR":2019,"ECONOMY":"5. Emerging region: G20","INCOME_GRP":"4. Lower middle income","FIPS_10":"BL","ISO_A2":"BO","ISO_A2_EH":"BO","ISO_A3":"BOL","ISO_A3_EH":"BOL","ISO_N3":"068","ISO_N3_EH":"068","UN_A3":"068","WB_A2":"BO","WB_A3":"BOL","WOE_ID":23424762,"WOE_ID_EH":23424762,"WOE_NOTE":"Exact WOE match as country","ADM0_ISO":"BOL","ADM0_DIFF":null,"ADM0_TLC":"BOL","ADM0_A3_US":"BOL","ADM0_A3_FR":"BOL","ADM0_A3_RU":"BOL","ADM0_A3_ES":"BOL","ADM0_A3_CN":"BOL","ADM0_A3_TW":"BOL","ADM0_A3_IN":"BOL","ADM0_A3_NP":"BOL","ADM0_A3_PK":"BOL","ADM0_A3_DE":"BOL","ADM0_A3_GB":"BOL","ADM0_A3_BR":"BOL","ADM0_A3_IL":"BOL","ADM0_A3_PS":"BOL","ADM0_A3_SA":"BOL","ADM0_A3_EG":"BOL","ADM0_A3_MA":"BOL","ADM0_A3_PT":"BOL","ADM0_A3_AR":"BOL","ADM0_A3_JP":"BOL","ADM0_A3_KO":"BOL","ADM0_A3_VN":"BOL","ADM0_A3_TR":"BOL","ADM0_A3_ID":"BOL","ADM0_A3_PL":"BOL","ADM0_A3_GR":"BOL","ADM0_A3_IT":"BOL","ADM0_A3_NL":"BOL","ADM0_A3_SE":"BOL","ADM0_A3_BD":"BOL","ADM0_A3_UA":"BOL","ADM0_A3_UN":-99,"ADM0_A3_WB":-99,"CONTINENT":"South America","REGION_UN":"Americas","SUBREGION":"South America","REGION_WB":"Latin America & Caribbean","NAME_LEN":7,"LONG_LEN":7,"ABBREV_LEN":7,"TINY":-99,"HOMEPART":1,"MIN_ZOOM":0,"MIN_LABEL":3,"MAX_LABEL":7.5,"LABEL_X":-64.593433,"LABEL_Y":-16.666015,"NE_ID":1159320439,"WIKIDATAID":"Q750","NAME_AR":"بوليفيا","NAME_BN":"বলিভিয়া","NAME_DE":"Bolivien","NAME_EN":"Bolivia","NAME_ES":"Bolivia","NAME_FA":"بولیوی","NAME_FR":"Bolivie","NAME_EL":"Βολιβία","NAME_HE":"בוליביה","NAME_HI":"बोलिविया","NAME_HU":"Bolívia","NAME_ID":"Bolivia","NAME_IT":"Bolivia","NAME_JA":"ボリビア","NAME_KO":"볼리비아","NAME_NL":"Bolivia","NAME_PL":"Boliwia","NAME_PT":"Bolívia","NAME_RU":"Боливия","NAME_SV":"Bolivia","NAME_TR":"Bolivya","NAME_UK":"Болівія","NAME_UR":"بولیویا","NAME_VI":"Bolivia","NAME_ZH":"玻利维亚","NAME_ZHT":"玻利維亞","FCLASS_ISO":"Admin-0 country","TLC_DIFF":null,"FCLASS_TLC":"Admin-0 country","FCLASS_US":null,"FCLASS_FR":null,"FCLASS_RU":null,"FCLASS_ES":null,"FCLASS_CN":null,"FCLASS_TW":null,"FCLASS_IN":null,"FCLASS_NP":null,"FCLASS_PK":null,"FCLASS_DE":null,"FCLASS_GB":null,"FCLASS_BR":null,"FCLASS_IL":null,"FCLASS_PS":null,"FCLASS_SA":null,"FCLASS_EG":null,"FCLASS_MA":null,"FCLASS_PT":null,"FCLASS_AR":null,"FCLASS_JP":null,"FCLASS_KO":null,"FCLASS_VN":null,"FCLASS_TR":null,"FCLASS_ID":null,"FCLASS_PL":null,"FCLASS_GR":null,"FCLASS_IT":null,"FCLASS_NL":null,"FCLASS_SE":null,"FCLASS_BD":null,"FCLASS_UA":null},"geometry":{"type":"Polygon","coordinates":[[[-9.101630573879394,20.207982712059632],[-8.387345637366947,20.17095292869402],[-7.89758375998875,20.218230095713363],[-7.701361316078736,20.510712577139508],[-6.885124178777379,20.92764688988049],[-6.396760131423138,21.29763527050961],[-5.144304094917886,21.502270947283943],[-5.219050006458102,20.804729219940903],[-5.087354797382962,20.451538654483908],[-5.13953823156907,19.82388081591417],[-4.080476052509818,19.017197075986285],[-3.018429825773358,18.88783695628627],[-2.63983540807854,18.543455551611604],[-2.000405375916185,18.36688464267491],[-1.607812572858624,18.097619657729922],[-1.0175153278304911,18.112264822678547],[-0.4713705058311893,17.83471624707609],[-0.4282577391969027,17.28710086570433],[-0.24599135943335426,17.010231943475805],[-0.2329917110428685,16.599922010702944],[-0.5036486986490627,16.58331733549142],[-0.14566645311991333,15.471719372978134],[1.616963619065204,15.422854040114386],[1.4756383939919446,14.870196667838906],[1.5692036289784628,14.489646882401718],[2.063429862979534,14.212674235820263],[2.267954421147671,13.60934522433831],[2.0944689850755096,12.849641615876662],[1.841445892859018,12.428143728141661],[1.9195240542277663,11.872868003116757],[1.6373853773256741,11.675369959619893],[1.625945988679628,11.975625672724409],[0.7952075219911527,12.480253509323283],[-0.03915117042108453,12.496345319177694],[-1.601765619573377,12.204117924743118],[-2.0182451440994917,11.34165652523861],[-2.0323170980680643,10.816372473051004],[-2.3597752019833242,9.638652786062677],[-2.505761614536525,9.845811811084584],[-3.510543989219331,9.863188503506533],[-3.8300499286649443,9.064512068187632],[-4.368676404148205,9.756656362984073],[-5.52976013029257,9.951509790509899],[-6.220078928282849,9.03284253368092],[-6.843699971442075,8.866536877494822],[-7.26291012940928,10.19819829954183],[-7.803877388245473,11.265224765927522],[-7.579095409368787,12.221904847935408],[-8.075297397155326,12.60490086890505],[-8.239956163283766,13.2955178253576],[-8.727519222056271,13.923732134611708],[-8.2199775064227,14.996070621088544],[-8.667720151230782,15.776155335089092],[-8.477157612485652,16.109740781609677],[-8.666296248547681,16.452713312834256],[-8.334658797187577,16.949136062306476],[-8.36801466023828,17.755958691214108],[-8.364443051768614,18.421488300173976],[-8.18209884565697,18.751237970938572],[-9.101630573879394,20.207982712059632]]]}},{"type":"Feature","bbox":[-81.410943,-18.347975,-68.66508,-0.057205],"properties":{"featurecla":"Admin-0 country","scalerank":1,"LABELRANK":2,"SOVEREIGNT":"Peru","SOV_A3":"PER","ADM0_DIF":0,"LEVEL":2,"TYPE":"Sovereign country","TLC":"1","ADMIN":"Peru","ADM0_A3":"PER","GEOU_DIF":0,"GEOUNIT":"Peru","GU_A3":"PER","SU_DIF":0,"SUBUNIT":"Peru","SU_A3":"PER","BRK_DIFF":0,"NAME":"Peru","NAME_LONG":"Peru","BRK_A3":"PER","BRK_NAME":"Peru","BRK_GROUP":null,"ABBREV":"Peru","POSTAL":"PE","FORMAL_EN":"Republic of Peru","FORMAL_FR":null,"NAME_CIAWF":"Peru","NOTE_ADM0":null,"NOTE_BRK":null,"NAME_SORT":"Peru","NAME_ALT":null,"MAPCOLOR7":4,"MAPCOLOR8":4,"MAPCOLOR9":4,"MAPCOLOR13":11,"POP_EST":32510453,"POP_RANK":15,"POP_YEAR":2019,"GDP_MD":226848,"GDP_YEAR":2019,"ECONOMY":"5. Emerging region: G20","INCOME_GRP":"3. Upper middle income","FIPS_10":"PE","ISO_A2":"PE","ISO_A2_EH":"PE","ISO_A3":"PER","ISO_A3_EH":"PER","ISO_N3":"604","ISO_N3_EH":"604","UN_A3":"604","WB_A2":"PE","WB_A3":"PER","WOE_ID":23424919,"WOE_ID_EH":23424919,"WOE_NOTE":"Exact WOE match as country","ADM0_ISO":"PER","ADM0_DIFF":null,"ADM0_TLC":"PER","ADM0_A3_US":"PER","ADM0_A3_FR":"PER","ADM0_A3_RU":"PER","ADM0_A3_ES":"PER","ADM0_A3_CN":"PER","ADM0_A3_TW":"PER","ADM0_A3_IN":"PER","ADM0_A3_NP":"PER","ADM0_A3_PK":"PER","ADM0_A3_DE":"PER","ADM0_A3_GB":"PER","ADM0_A3_BR":"PER","ADM0_A3_IL":"PER","ADM0_A3_PS":"PER","ADM0_A3_SA":"PER","ADM0_A3_EG":"PER","ADM0_A3_MA":"PER","ADM0_A3_PT":"PER","ADM0_A3_AR":"PER","ADM0_A3_JP":"PER","ADM0_A3_KO":"PER","ADM0_A3_VN":"PER","ADM0_A3_TR":"PER","ADM0_A3_ID":"PER","ADM0_A3_PL":"PER","ADM0_A3_GR":"PER","ADM0_A3_IT":"PER","ADM0_A3_NL":"PER","ADM0_A3_SE":"PER","ADM0_A3_BD":"PER","ADM0_A3_UA":"PER","ADM0_A3_UN":-99,"ADM0_A3_WB":-99,"CONTINENT":"South America","REGION_UN":"Americas","SUBREGION":"South America","REGION_WB":"Latin America & Caribbean","NAME_LEN":4,"LONG_LEN":4,"ABBREV_LEN":4,"TINY":-99,"HOMEPART":1,"MIN_ZOOM":0,"MIN_LABEL":2,"MAX_LABEL":7,"LABEL_X":-72.90016,"LABEL_Y":-12.976679,"NE_ID":1159321163,"WIKIDATAID":"Q419","NAME_AR":"بيرو","NAME_BN":"পেরু","NAME_DE":"Peru","NAME_EN":"Peru","NAME_ES":"Perú","NAME_FA":"پرو","NAME_FR":"Pérou","NAME_EL":"Περού","NAME_HE":"פרו","NAME_HI":"पेरू","NAME_HU":"Peru","NAME_ID":"Peru","NAME_IT":"Perù","NAME_JA":"ペルー","NAME_KO":"페루","NAME_NL":"Peru","NAME_PL":"Peru","NAME_PT":"Peru","NAME_RU":"Перу","NAME_SV":"Peru","NAME_TR":"Peru","NAME_UK":"Перу","NAME_UR":"پیرو","NAME_VI":"Peru","NAME_ZH":"秘鲁","NAME_ZHT":"秘魯","FCLASS_ISO":"Admin-0 country","TLC_DIFF":null,"FCLASS_TLC":"Admin-0 country","FCLASS_US":null,"FCLASS_FR":null,"FCLASS_RU":null,"FCLASS_ES":null,"FCLASS_CN":null,"FCLASS_TW":null,"FCLASS_IN":null,"FCLASS_NP":null,"FCLASS_PK":null,"FCLASS_DE":null,"FCLASS_GB":null,"FCLASS_BR":null,"FCLASS_IL":null,"FCLASS_PS":null,"FCLASS_SA":null,"FCLASS_EG":null,"FCLASS_MA":null,"FCLASS_PT":null,"FCLASS_AR":null,"FCLASS_JP":null,"FCLASS_KO":null,"FCLASS_VN":null,"FCLASS_TR":null,"FCLASS_ID":null,"FCLASS_PL":null,"FCLASS_GR":null,"FCLASS_IT":null,"FCLASS_NL":null,"FCLASS_SE":null,"FCLASS_BD":null,"FCLASS_UA":null},"geometry":{"type":"Polygon","coordinates":[[[-9.895908722864924,26.243574691408536],[-10.799118359441033,26.228044324931624],[-10.92184038843412,26.085434475764192],[-11.723826426506639,25.857045268194767],[-12.802559863662454,25.162441547194046],[-12.833371022537426,24.737970980803933],[-13.054085168804953,24.4043275852124],[-12.90775104001265,23.92427844485433],[-13.473827020339485,23.61300212696972],[-13.43341330526205,23.229724893324754],[-13.673531556369113,23.040942437674822],[-13.184902746632115,22.2541445710038],[-12.592732464077098,21.741455285039642],[-12.758084842446733,21.329167936136766],[-12.114592523077635,21.328325936423123],[-11.706666794868179,20.864386463215528],[-10.85859655712466,20.904135432816968],[-10.113667542957497,21.503413783424275],[-10.069143777531792,20.091801525724374],[-9.627722677547476,20.01368753894461],[-9.101630573879394,20.207982712059632],[-8.18209884565697,18.751237970938572],[-8.364443051768614,18.421488300173976],[-8.36801466023828,17.755958691214108],[-8.334658797187577,16.949136062306476],[-8.666296248547681,16.452713312834256],[-8.477157612485652,16.109740781609677],[-8.667720151230782,15.776155335089092],[-8.2199775064227,14.996070621088544],[-8.727519222056271,13.923732134611708],[-8.936697519046778,13.41379481237516],[-9.38399082115938,13.135979673203062],[-10.333748060106377,13.624024379117882],[-10.44439545510512,14.012955172604057],[-12.337859776266775,14.826594427002556],[-14.091136969953423,15.713902347964309],[-14.86861182054268,16.22609773170932],[-15.343843574518438,16.967077277437298],[-15.222847009563298,17.255486995675795],[-16.164594327026883,18.4023584669062],[-17.318050890383624,20.014397386801438],[-18.474425414502072,21.73978473729991],[-18.929060361687505,22.107628431934664],[-19.332140749468163,22.73983716932221],[-20.178111011066107,23.23439735981994],[-20.93157583094726,23.50781093860724],[-20.678244956043674,23.95162876636578],[-21.292029627157003,24.742404114371173],[-21.084759901168802,25.40678247278301],[-20.380324369749033,26.068091453340124],[-20.20514789033874,25.71443748315991],[-20.45584469561456,25.467364354067758],[-20.378232403244755,25.144926628025598],[-19.97961094725388,25.267454838532228],[-19.56474795164856,25.220646281586458],[-19.08305399649161,24.820426175694923],[-18.576337111129806,25.253557305507734],[-18.473172758840235,25.874925459547114],[-17.967987616164667,26.712312986441592],[-16.806629804538385,27.186604928468842],[-15.819742534280373,28.209681508593032],[-15.571332454540759,28.803457423142365],[-15.792606372734928,29.4456979556277],[-15.52944032050966,29.552101712025326],[-14.801665650605155,29.204387919403906],[-14.430291953613235,28.824251323031792],[-13.934822652343735,28.640234285107475],[-13.242451094858321,27.774578604329243],[-12.47940564520207,27.722870234763146],[-11.943889565293068,27.995011426208162],[-11.564935506258585,27.869315593928103],[-10.964262294960783,27.985395760363286],[-10.157129672195897,27.623933831440624],[-10.734092746438849,26.685680592288477],[-10.433136757635497,26.684008503833095],[-9.895908722864924,26.243574691408536]]]}},{"type":"Feature","bbox":[-78.990935,-4.298187,-66.876326,12.437303],"properties":{"featurecla":"Admin-0 country","scalerank":1,"LABELRANK":2,"SOVEREIGNT":"Colombia","SOV_A3":"COL","ADM0_DIF":0,"LEVEL":2,"TYPE":"Sovereign country","TLC":"1","ADMIN":"Colombia","ADM0_A3":"COL","GEOU_DIF":0,"GEOUNIT":"Colombia","GU_A3":"COL","SU_DIF":0,"SUBUNIT":"Colombia","SU_A3":"COL","BRK_DIFF":0,"NAME":"Colombia","NAME_LONG":"Colombia","BRK_A3":"COL","BRK_NAME":"Colombia","BRK_GROUP":null,"ABBREV":"Col.","POSTAL":"CO","FORMAL_EN":"Republic of Colombia","FORMAL_FR":null,"NAME_CIAWF":"Colombia","NOTE_ADM0":null,"NOTE_BRK":null,"NAME_SORT":"Colombia","NAME_ALT":null,"MAPCOLOR7":2,"MAPCOLOR8":1,"MAPCOLOR9":3,"MAPCOLOR13":1,"POP_EST":50339443,"POP_RANK":16,"POP_YEAR":2019,"GDP_MD":323615,"GDP_YEAR":2019,"ECONOMY":"6. Developing region","INCOME_GRP":"3. Upper middle income","FIPS_10":"CO","ISO_A2":"CO","ISO_A2_EH":"CO","ISO_A3":"COL","ISO_A3_EH":"COL","ISO_N3":"170","ISO_N3_EH":"170","UN_A3":"170","WB_A2":"CO","WB_A3":"COL","WOE_ID":23424787,"WOE_ID_EH":23424787,"WOE_NOTE":"Exact WOE match as country","ADM0_ISO":"COL","ADM0_DIFF":null,"ADM0_TLC":"COL","ADM0_A3_US":"COL","ADM0_A3_FR":"COL","ADM0_A3_RU":"COL","ADM0_A3_ES":"COL","ADM0_A3_CN":"COL","ADM0_A3_TW":"COL","ADM0_A3_IN":"COL","ADM0_A3_NP":"COL","ADM0_A3_PK":"COL","ADM0_A3_DE":"COL","ADM0_A3_GB":"COL","ADM0_A3_BR":"COL","ADM0_A3_IL":"COL","ADM0_A3_PS":"COL","ADM0_A3_SA":"COL","ADM0_A3_EG":"COL","ADM0_A3_MA":"COL","ADM0_A3_PT":"COL","ADM0_A3_AR":"COL","ADM0_A3_JP":"COL","ADM0_A3_KO":"COL","ADM0_A3_VN":"COL","ADM0_A3_TR":"COL","ADM0_A3_ID":"COL","ADM0_A3_PL":"COL","ADM0_A3_GR":"COL","ADM0_A3_IT":"COL","ADM0_A3_NL":"COL","ADM0_A3_SE":"COL","ADM0_A3_BD":"COL","ADM0_A3_UA":"COL","ADM0_A3_UN":-99,"ADM0_A3_WB":-99,"CONTINENT":"South America","REGION_UN":"Americas","SUBREGION":"South America","REGION_WB":"Latin America & Caribbean","NAME_LEN":8,"LONG_LEN":8,"ABBREV_LEN":4,"TINY":-99,"HOMEPART":1,"MIN_ZOOM":0,"MIN_LABEL":3,"MAX_LABEL":7,"LABEL_X":-73.174347,"LABEL_Y":3.373111,"NE_ID":1159320517,"WIKIDATAID":"Q739","NAME_AR":"كولومبيا","NAME_BN":"কলম্বিয়া","NAME_DE":"Kolumbien","NAME_EN":"Colombia","NAME_ES":"Colombia","NAME_FA":"کلمبیا","NAME_FR":"Colombie","NAME_EL":"Κολομβία","NAME_HE":"קולומביה","NAME_HI":"कोलम्बिया","NAME_HU":"Kolumbia","NAME_ID":"Kolombia","NAME_IT":"Colombia","NAME_JA":"コロンビア","NAME_KO":"콜롬비아","NAME_NL":"Colombia","NAME_PL":"Kolumbia","NAME_PT":"Colômbia","NAME_RU":"Колумбия","NAME_SV":"Colombia","NAME_TR":"Kolombiya","NAME_UK":"Колумбія","NAME_UR":"کولمبیا","NAME_VI":"Colombia","NAME_ZH":"哥伦比亚","NAME_ZHT":"哥倫比亞","FCLASS_ISO":"Admin-0 country","TLC_DIFF":null,"FCLASS_TLC":"Admin-0 country","FCLASS_US":null,"FCLASS_FR":null,"FCLASS_RU":null,"FCLASS_ES":null,"FCLASS_CN":null,"FCLASS_TW":null,"FCLASS_IN":null,"FCLASS_NP":null,"FCLASS_PK":null,"FCLASS_DE":null,"FCLASS_GB":null,"FCLASS_BR":null,"FCLASS_IL":null,"FCLASS_PS":null,"FCLASS_SA":null,"FCLASS_EG":null,"FCLASS_MA":null,"FCLASS_PT":null,"FCLASS_AR":null,"FCLASS_JP":null,"FCLASS_KO":null,"FCLASS_VN":null,"FCLASS_TR":null,"FCLASS_ID":null,"FCLASS_PL":null,"FCLASS_GR":null,"FCLASS_IT":null,"FCLASS_NL":null,"FCLASS_SE":null,"FCLASS_BD":null,"FCLASS_UA":null},"geometry":{"type":"Polygon","coordinates":[[[-7.1400120493209895,31.223056270969586],[-7.329903798631486,31.110425897833515],[-7.561095935206756,31.601707189420058],[-7.866421198533075,31.856850181730433],[-8.192840965011502,31.550482551048063],[-10.220286971701693,31.464720039815443],[-10.165751905407152,30.93501456876044],[-9.55256557721464,30.880993248204224],[-9.563466130934275,30.552660951966672],[-9.776510630773435,30.62959523825673],[-10.34689782531066,30.455574172128813],[-10.30269786948042,29.832625756962155],[-9.823556797812886,29.545047489567136],[-9.626530213341749,29.059164185553982],[-9.622809507914084,28.68135797706806],[-9.895908722864924,26.243574691408536],[-10.433136757635497,26.684008503833095],[-10.734092746438849,26.685680592288477],[-10.157129672195897,27.623933831440624],[-10.964262294960783,27.985395760363286],[-11.564935506258585,27.869315593928103],[-11.943889565293068,27.995011426208162],[-12.47940564520207,27.722870234763146],[-13.242451094858321,27.774578604329243],[-13.934822652343735,28.640234285107475],[-14.430291953613235,28.824251323031792],[-14.801665650605155,29.204387919403906],[-15.52944032050966,29.552101712025326],[-15.792606372734928,29.4456979556277],[-16.256227277513005,29.608369370136444],[-16.795746735741265,29.844174984369925],[-17.06945487488629,29.6792686871363],[-17.955652341816116,29.709842106338904],[-18.257026128872297,30.05152121210666],[-18.44679559053816,30.017620451912883],[-19.547532714855077,30.391565769054825],[-19.727362124456043,30.639293766500224],[-19.35138037440774,30.745754962008355],[-19.46053655628323,31.163975904115123],[-19.262550506481478,31.495367801286314],[-18.754800653880046,31.606674789960163],[-18.391108999617156,32.17821276376302],[-18.051920898285267,32.65533443055832],[-18.46678852008138,32.81404738827768],[-18.336711672360465,33.31370082056242],[-18.683380966460437,34.04080598393307],[-18.486824843117013,34.277652963565245],[-18.754759473036756,34.94769419065574],[-19.251725107724354,35.33419464335381],[-19.172952089341198,35.73794523564753],[-18.818056722273642,35.71448391711465],[-18.650223701040886,35.97175755756798],[-18.96995386837935,36.41656964692017],[-18.85604018677193,36.54517824716032],[-18.29350945802775,36.57276167931838],[-17.557865633091193,37.19760062338036],[-17.12148247452746,37.32015472299643],[-17.145874697570633,37.58047309256696],[-17.033706989591053,38.256057014084995],[-16.451817691438432,38.666624291656625],[-15.760472738751464,38.73547928541321],[-15.693045332800398,38.90275630552899],[-14.823046067703634,38.90208398036105],[-13.999044515347194,39.34999924077888],[-13.586706124060516,39.54933720598872],[-13.08890738415227,39.95014751029428],[-12.690476631584689,39.927574002046995],[-12.379079889079,39.74471448025086],[-12.568496169308903,39.474941985485174],[-13.265764802176726,39.302743134640465],[-13.504612400403495,38.900490944329974],[-13.906512125623987,38.650872078488355],[-14.193510651441835,38.34109424168465],[-14.264559499882674,37.7756486625331],[-14.514584342779427,37.295132816457475],[-13.947081188329715,37.28239869557725],[-13.768059495892588,36.929192273069816],[-13.51012483537155,36.77139899629822],[-13.390779455222996,36.45730156916584],[-13.487777173591454,36.153230032035786],[-13.432197423818982,35.98885257680572],[-13.160245998869888,35.94019191795633],[-12.875538223873022,35.67732641858286],[-11.500761944967849,35.84165772822754],[-10.86714786953314,35.77532218265905],[-10.055545863279653,35.12151180319333],[-9.629800900999069,35.23043076258265],[-8.855724711611641,35.2242744122306],[-8.251575306568213,35.34385663720792],[-7.86410727846157,35.22059766085779],[-8.029325475541352,34.774844726118374],[-8.249669309506261,34.49056421147299],[-8.294890066473172,33.89845051379457],[-8.04736525557241,33.359005901333546],[-7.732665097377982,33.12530230066998],[-7.68534259289456,32.9406083721683],[-8.191720469374067,32.5019919877175],[-7.800323876773998,32.33421349458178],[-7.505086190190528,32.0524484734029],[-7.1400120493209895,31.223056270969586]]]}},{"type":"Feature","bbox":[-82.965783,7.220541,-77.242566,9.61161],"properties":{"featurecla":"Admin-0 country","scalerank":1,"LABELRANK":4,"SOVEREIGNT":"Panama","SOV_A3":"PAN","ADM0_DIF":0,"LEVEL":2,"TYPE":"Sovereign country","TLC":"1","ADMIN":"Panama","ADM0_A3":"PAN","GEOU_DIF":0,"GEOUNIT":"Panama","GU_A3":"PAN","SU_DIF":0,"SUBUNIT":"Panama","SU_A3":"PAN","BRK_DIFF":0,"NAME":"Panama","NAME_LONG":"Panama","BRK_A3":"PAN","BRK_NAME":"Panama","BRK_GROUP":null,"ABBREV":"Pan.","POSTAL":"PA","FORMAL_EN":"Republic of Panama","FORMAL_FR":null,"NAME_CIAWF":"Panama","NOTE_ADM0":null,"NOTE_BRK":null,"NAME_SORT":"Panama","NAME_ALT":null,"MAPCOLOR7":4,"MAPCOLOR8":4,"MAPCOLOR9":6,"MAPCOLOR13":3,"POP_EST":4246439,"POP_RANK":12,"POP_YEAR":2019,"GDP_MD":66800,"GDP_YEAR":2019,"ECONOMY":"6. Developing region","INCOME_GRP":"3. Upper middle income","FIPS_10":"PM","ISO_A2":"PA","ISO_A2_EH":"PA","ISO_A3":"PAN","ISO_A3_EH":"PAN","ISO_N3":"591","ISO_N3_EH":"591","UN_A3":"591","WB_A2":"PA","WB_A3":"PAN","WOE_ID":23424924,"WOE_ID_EH":23424924,"WOE_NOTE":"Exact WOE match as country","ADM0_ISO":"PAN","ADM0_DIFF":null,"ADM0_TLC":"PAN","ADM0_A3_US":"PAN","ADM0_A3_FR":"PAN","ADM0_A3_RU":"PAN","ADM0_A3_ES":"PAN","ADM0_A3_CN":"PAN","ADM0_A3_TW":"PAN","ADM0_A3_IN":"PAN","ADM0_A3_NP":"PAN","ADM0_A3_PK":"PAN","ADM0_A3_DE":"PAN","ADM0_A3_GB":"PAN","ADM0_A3_BR":"PAN","ADM0_A3_IL":"PAN","ADM0_A3_PS":"PAN","ADM0_A3_SA":"PAN","ADM0_A3_EG":"PAN","ADM0_A3_MA":"PAN","ADM0_A3_PT":"PAN","ADM0_A3_AR":"PAN","ADM0_A3_JP":"PAN","ADM0_A3_KO":"PAN","ADM0_A3_VN":"PAN","ADM0_A3_TR":"PAN","ADM0_A3_ID":"PAN","ADM0_A3_PL":"PAN","ADM0_A3_GR":"PAN","ADM0_A3_IT":"PAN","ADM0_A3_NL":"PAN","ADM0_A3_SE":"PAN","ADM0_A3_BD":"PAN","ADM0_A3_UA":"PAN","ADM0_A3_UN":-99,"ADM0_A3_WB":-99,"CONTINENT":"North America","REGION_UN":"Americas","SUBREGION":"Central America","REGION_WB":"Latin America & Caribbean","NAME_LEN":6,"LONG_LEN":6,"ABBREV_LEN":4,"TINY":-99,"HOMEPART":1,"MIN_ZOOM":0,"MIN_LABEL":4,"MAX_LABEL":9,"LABEL_X":-80.352106,"LABEL_Y":8.72198,"NE_ID":1159321161,"WIKIDATAID":"Q804","NAME_AR":"بنما","NAME_BN":"পানামা","NAME_DE":"Panama","NAME_EN":"Panama","NAME_ES":"Panamá","NAME_FA":"پاناما","NAME_FR":"Panama","NAME_EL":"Παναμάς","NAME_HE":"פנמה","NAME_HI":"पनामा","NAME_HU":"Panama","NAME_ID":"Panama","NAME_IT":"Panama","NAME_JA":"パナマ","NAME_KO":"파나마","NAME_NL":"Panama","NAME_PL":"Panama","NAME_PT":"Panamá","NAME_RU":"Панама","NAME_SV":"Panama","NAME_TR":"Panama","NAME_UK":"Панама","NAME_UR":"پاناما","NAME_VI":"Panama","NAME_ZH":"巴拿马","NAME_ZHT":"巴拿馬","FCLASS_ISO":"Admin-0 country","TLC_DIFF":null,"FCLASS_TLC":"Admin-0 country","FCLASS_US":null,"FCLASS_FR":null,"FCLASS_RU":null,"FCLASS_ES":null,"FCLASS_CN":null,"FCLASS_TW":null,"FCLASS_IN":null,"FCLASS_NP":null,"FCLASS_PK":null,"FCLASS_DE":null,"FCLASS_GB":null,"FCLASS_BR":null,"FCLASS_IL":null,"FCLASS_PS":null,"FCLASS_SA":null,"FCLASS_EG":null,"FCLASS_MA":null,"FCLASS_PT":null,"FCLASS_AR":null,"FCLASS_JP":null,"FCLASS_KO":null,"FCLASS_VN":null,"FCLASS_TR":null,"FCLASS_ID":null,"FCLASS_PL":null,"FCLASS_GR":null,"FCLASS_IT":null,"FCLASS_NL":null,"FCLASS_SE":null,"FCLASS_BD":null,"FCLASS_UA":null},"geometry":{"type":"Polygon","coordinates":[[[-18.85604018677193,36.54517824716032],[-18.96995386837935,36.41656964692017],[-18.650223701040886,35.97175755756798],[-18.818056722273642,35.71448391711465],[-19.172952089341198,35.73794523564753],[-19.251725107724354,35.33419464335381],[-19.644421439530664,35.52979035599671],[-19.94169074483351,35.93813154684508],[-19.708676007502202,36.17810758773834],[-19.99043531405607,36.20484498634822],[-20.233464291355535,36.44650881788442],[-20.807737643668123,36.610369077330944],[-21.272662880006248,36.509359423229476],[-21.445205351781507,36.20968945973612],[-21.84645600434366,35.961530736123414],[-22.076484683981658,35.90717135720238],[-22.153085280092203,35.72912820841391],[-21.566815399827576,35.35260207984774],[-21.84169274449739,35.21687150849073],[-21.975815606714125,35.07995248227239],[-22.465880589508515,34.98092414043867],[-22.736062560868483,35.438961441080075],[-22.85120885080885,35.28609440508724],[-23.21287024363094,35.2907639430728],[-23.488145812603065,35.58661469560872],[-23.938229313938145,35.585561822180246],[-24.23445641133391,35.64417053328459],[-24.694959353429013,35.584568428745904],[-24.694519314351574,35.40690032673767],[-24.841098911842998,35.51190922697428],[-24.815457804535843,35.67756141476465],[-24.757211979508213,35.85051765041688],[-24.827059170964837,35.98900904306555],[-24.684320245728053,36.10347554967335],[-24.93150476098745,36.19275213392858],[-25.00018926367198,36.5100780545556],[-24.595653120228413,36.63319281605299],[-24.153078588105874,36.39825442952789],[-24.143315522900966,36.227855975517116],[-23.70612961284356,36.24492661167554],[-23.616223862091278,36.321672273856194],[-23.283752648548603,36.162486885539074],[-22.763406540091125,36.28233673177005],[-22.339322884618262,36.53509772094942],[-21.70962443508262,36.767766972238945],[-21.379463214946803,37.04326807094106],[-20.772297283052392,37.060692120420086],[-20.800044330339194,36.97908829594481],[-20.190556643325998,37.014701506218884],[-19.686312346048837,36.92716330891784],[-19.296007836118704,36.724508227594136],[-18.85604018677193,36.54517824716032]]]}},{"type":"Feature","bbox":[-85.941725,8.225028,-82.546196,11.217119],"properties":{"featurecla":"Admin-0 country","scalerank":1,"LABELRANK":5,"SOVEREIGNT":"Costa Rica","SOV_A3":"CRI","ADM0_DIF":0,"LEVEL":2,"TYPE":"Sovereign country","TLC":"1","ADMIN":"Costa Rica","ADM0_A3":"CRI","GEOU_DIF":0,"GEOUNIT":"Costa Rica","GU_A3":"CRI","SU_DIF":0,"SUBUNIT":"Costa Rica","SU_A3":"CRI","BRK_DIFF":0,"NAME":"Costa Rica","NAME_LONG":"Costa Rica","BRK_A3":"CRI","BRK_NAME":"Costa Rica","BRK_GROUP":null,"ABBREV":"C.R.","POSTAL":"CR","FORMAL_EN":"Republic of Costa Rica","FORMAL_FR":null,"NAME_CIAWF":"Costa Rica","NOTE_ADM0":null,"NOTE_BRK":null,"NAME_SORT":"Costa Rica","NAME_ALT":null,"MAPCOLOR7":3,"MAPCOLOR8":2,"MAPCOLOR9":4,"MAPCOLOR13":2,"POP_EST":5047561,"POP_RANK":13,"POP_YEAR":2019,"GDP_MD":61801,"GDP_YEAR":2019,"ECONOMY":"5. Emerging region: G20","INCOME_GRP":"3. Upper middle income","FIPS_10":"CS","ISO_A2":"CR","ISO_A2_EH":"CR","ISO_A3":"CRI","ISO_A3_EH":"CRI","ISO_N3":"188","ISO_N3_EH":"188","UN_A3":"188","WB_A2":"CR","WB_A3":"CRI","WOE_ID":23424791,"WOE_ID_EH":23424791,"WOE_NOTE":"Exact WOE match as country","ADM0_ISO":"CRI","ADM0_DIFF":null,"ADM0_TLC":"CRI","ADM0_A3_US":"CRI","ADM0_A3_FR":"CRI","ADM0_A3_RU":"CRI","ADM0_A3_ES":"CRI","ADM0_A3_CN":"CRI","ADM0_A3_TW":"CRI","ADM0_A3_IN":"CRI","ADM0_A3_NP":"CRI","ADM0_A3_PK":"CRI","ADM0_A3_DE":"CRI","ADM0_A3_GB":"CRI","ADM0_A3_BR":"CRI","ADM0_A3_IL":"CRI","ADM0_A3_PS":"CRI","ADM0_A3_SA":"CRI","ADM0_A3_EG":"CRI","ADM0_A3_MA":"CRI","ADM0_A3_PT":"CRI","ADM0_A3_AR":"CRI","ADM0_A3_JP":"CRI","ADM0_A3_KO":"CRI","ADM0_A3_VN":"CRI","ADM0_A3_TR":"CRI","ADM0_A3_ID":"CRI","ADM0_A3_PL":"CRI","ADM0_A3_GR":"CRI","ADM0_A3_IT":"CRI","ADM0_A3_NL":"CRI","ADM0_A3_SE":"CRI","ADM0_A3_BD":"CRI","ADM0_A3_UA":"CRI","ADM0_A3_UN":-99,"ADM0_A3_WB":-99,"CONTINENT":"North America","REGION_UN":"Americas","SUBREGION":"Central America","REGION_WB":"Latin America & Caribbean","NAME_LEN":10,"LONG_LEN":10,"ABBREV_LEN":4,"TINY":-99,"HOMEPART":1,"MIN_ZOOM":0,"MIN_LABEL":2.5,"MAX_LABEL":8,"LABEL_X":-84.077922,"LABEL_Y":10.0651,"NE_ID":1159320525,"WIKIDATAID":"Q800","NAME_AR":"كوستاريكا","NAME_BN":"কোস্টা রিকা","NAME_DE":"Costa Rica","NAME_EN":"Costa Rica","NAME_ES":"Costa Rica","NAME_FA":"کاستاریکا","NAME_FR":"Costa Rica","NAME_EL":"Κόστα Ρίκα","NAME_HE":"קוסטה ריקה","NAME_HI":"कोस्टा रीका","NAME_HU":"Costa Rica","NAME_ID":"Kosta Rika","NAME_IT":"Costa Rica","NAME_JA":"コスタリカ","NAME_KO":"코스타리카","NAME_NL":"Costa Rica","NAME_PL":"Kostaryka","NAME_PT":"Costa Rica","NAME_RU":"Коста-Рика","NAME_SV":"Costa Rica","NAME_TR":"Kosta Rika","NAME_UK":"Коста-Рика","NAME_UR":"کوسٹاریکا","NAME_VI":"Costa Rica","NAME_ZH":"哥斯达黎加","NAME_ZHT":"哥斯大黎加","FCLASS_ISO":"Admin-0 country","TLC_DIFF":null,"FCLASS_TLC":"Admin-0 country","FCLASS_US":null,"FCLASS_FR":null,"FCLASS_RU":null,"FCLASS_ES":null,"FCLASS_CN":null,"FCLASS_TW":null,"FCLASS_IN":null,"FCLASS_NP":null,"FCLASS_PK":null,"FCLASS_DE":null,"FCLASS_GB":null,"FCLASS_BR":null,"FCLASS_IL":null,"FCLASS_PS":null,"FCLASS_SA":null,"FCLASS_EG":null,"FCLASS_MA":null,"FCLASS_PT":null,"FCLASS_AR":null,"FCLASS_JP":null,"FCLASS_KO":null,"FCLASS_VN":null,"FCLASS_TR":null,"FCLASS_ID":null,"FCLASS_PL":null,"FCLASS_GR":null,"FCLASS_IT":null,"FCLASS_NL":null,"FCLASS_SE":null,"FCLASS_BD":null,"FCLASS_UA":null},"geometry":{"type":"Polygon","coordinates":[[[-24.595653120228413,36.63319281605299],[-25.00018926367198,36.5100780545556],[-24.93150476098745,36.19275213392858],[-24.684320245728053,36.10347554967335],[-24.827059170964837,35.98900904306555],[-24.757211979508213,35.85051765041688],[-24.815457804535843,35.67756141476465],[-24.841098911842998,35.51190922697428],[-25.458364124283186,35.61301573595467],[-25.710008435580374,35.75133500486091],[-25.61396128393336,35.90574955844869],[-25.688398283877834,36.075890230580974],[-26.025827974327065,36.22582024535623],[-26.48257349647499,36.32412542119015],[-26.875523047060582,36.37465051702672],[-26.99540364206693,36.59526761322941],[-27.309348006296098,36.6965481045286],[-27.190733623972974,36.47759395127944],[-27.365803949363567,36.25921783695021],[-27.659974374819164,36.44332672845845],[-28.02425783738603,36.47185243907979],[-28.20712093169804,36.60913006262869],[-28.25402895077562,36.84870504708709],[-28.1651675341282,37.11528254356723],[-28.49664525075061,37.18153969098449],[-28.28110279650524,37.36732789753404],[-28.139312401732592,37.49040503154201],[-27.3765330486791,37.38394136902249],[-27.14794416318576,37.51934806733362],[-26.7885000192686,37.50093415203713],[-26.574174514152723,37.36483522287276],[-26.24210240319992,37.355327344175386],[-26.015393869819622,37.55427222403912],[-25.65314455497833,37.16630232147109],[-25.170133082171095,36.904774603676074],[-24.595653120228413,36.63319281605299]]]}},{"type":"Feature","bbox":[-87.668493,10.726839,-83.147219,15.016267],"properties":{"featurecla":"Admin-0 country","scalerank":1,"LABELRANK":5,"SOVEREIGNT":"Nicaragua","SOV_A3":"NIC","ADM0_DIF":0,"LEVEL":2,"TYPE":"Sovereign country","TLC":"1","ADMIN":"Nicaragua","ADM0_A3":"NIC","GEOU_DIF":0,"GEOUNIT":"Nicaragua","GU_A3":"NIC","SU_DIF":0,"SUBUNIT":"Nicaragua","SU_A3":"NIC","BRK_DIFF":0,"NAME":"Nicaragua","NAME_LONG":"Nicaragua","BRK_A3":"NIC","BRK_NAME":"Nicaragua","BRK_GROUP":null,"ABBREV":"Nic.","POSTAL":"NI","FORMAL_EN":"Republic of Nicaragua","FORMAL_FR":null,"NAME_CIAWF":"Nicaragua","NOTE_ADM0":null,"NOTE_BRK":null,"NAME_SORT":"Nicaragua","NAME_ALT":null,"MAPCOLOR7":1,"MAPCOLOR8":4,"MAPCOLOR9":1,"MAPCOLOR13":9,"POP_EST":6545502,"POP_RANK":13,"POP_YEAR":2019,"GDP_MD":12520,"GDP_YEAR":2019,"ECONOMY":"6. Developing region","INCOME_GRP":"4. Lower middle income","FIPS_10":"NU","ISO_A2":"NI","ISO_A2_EH":"NI","ISO_A3":"NIC","ISO_A3_EH":"NIC","ISO_N3":"558","ISO_N3_EH":"558","UN_A3":"558","WB_A2":"NI","WB_A3":"NIC","WOE_ID":23424915,"WOE_ID_EH":23424915,"WOE_NOTE":"Exact WOE match as country","ADM0_ISO":"NIC","ADM0_DIFF":null,"ADM0_TLC":"NIC","ADM0_A3_US":"NIC","ADM0_A3_FR":"NIC","ADM0_A3_RU":"NIC","ADM0_A3_ES":"NIC","ADM0_A3_CN":"NIC","ADM0_A3_TW":"NIC","ADM0_A3_IN":"NIC","ADM0_A3_NP":"NIC","ADM0_A3_PK":"NIC","ADM0_A3_DE":"NIC","ADM0_A3_GB":"NIC","ADM0_A3_BR":"NIC","ADM0_A3_IL":"NIC","ADM0_A3_PS":"NIC","ADM0_A3_SA":"NIC","ADM0_A3_EG":"NIC","ADM0_A3_MA":"NIC","ADM0_A3_PT":"NIC","ADM0_A3_AR":"NIC","ADM0_A3_JP":"NIC","ADM0_A3_KO":"NIC","ADM0_A3_VN":"NIC","ADM0_A3_TR":"NIC","ADM0_A3_ID":"NIC","ADM0_A3_PL":"NIC","ADM0_A3_GR":"NIC","ADM0_A3_IT":"NIC","ADM0_A3_NL":"NIC","ADM0_A3_SE":"NIC","ADM0_A3_BD":"NIC","ADM0_A3_UA":"NIC","ADM0_A3_UN":-99,"ADM0_A3_WB":-99,"CONTINENT":"North America","REGION_UN":"Americas","SUBREGION":"Central America","REGION_WB":"Latin America & Caribbean","NAME_LEN":9,"LONG_LEN":9,"ABBREV_LEN":4,"TINY":-99,"HOMEPART":1,"MIN_ZOOM":0,"MIN_LABEL":4,"MAX_LABEL":9,"LABEL_X":-85.069347,"LABEL_Y":12.670697,"NE_ID":1159321091,"WIKIDATAID":"Q811","NAME_AR":"نيكاراغوا","NAME_BN":"নিকারাগুয়া","NAME_DE":"Nicaragua","NAME_EN":"Nicaragua","NAME_ES":"Nicaragua","NAME_FA":"نیکاراگوئه","NAME_FR":"Nicaragua","NAME_EL":"Νικαράγουα","NAME_HE":"ניקרגואה","NAME_HI":"निकारागुआ","NAME_HU":"Nicaragua","NAME_ID":"Nikaragua","NAME_IT":"Nicaragua","NAME_JA":"ニカラグア","NAME_KO":"니카라과","NAME_NL":"Nicaragua","NAME_PL":"Nikaragua","NAME_PT":"Nicarágua","NAME_RU":"Никарагуа","NAME_SV":"Nicaragua","NAME_TR":"Nikaragua","NAME_UK":"Нікарагуа","NAME_UR":"نکاراگوا","NAME_VI":"Nicaragua","NAME_ZH":"尼加拉瓜","NAME_ZHT":"尼加拉瓜","FCLASS_ISO":"Admin-0 country","TLC_DIFF":null,"FCLASS_TLC":"Admin-0 country","FCLASS_US":null,"FCLASS_FR":null,"FCLASS_RU":null,"FCLASS_ES":null,"FCLASS_CN":null,"FCLASS_TW":null,"FCLASS_IN":null,"FCLASS_NP":null,"FCLASS_PK":null,"FCLASS_DE":null,"FCLASS_GB":null,"FCLASS_BR":null,"FCLASS_IL":null,"FCLASS_PS":null,"FCLASS_SA":null,"FCLASS_EG":null,"FCLASS_MA":null,"FCLASS_PT":null,"FCLASS_AR":null,"FCLASS_JP":null,"FCLASS_KO":null,"FCLASS_VN":null,"FCLASS_TR":null,"FCLASS_ID":null,"FCLASS_PL":null,"FCLASS_GR":null,"FCLASS_IT":null,"FCLASS_NL":null,"FCLASS_SE":null,"FCLASS_BD":null,"FCLASS_UA":null},"geometry":{"type":"Polygon","coordinates":[[[-26.015393869819622,37.55427222403912],[-26.24210240319992,37.355327344175386],[-26.574174514152723,37.36483522287276],[-26.7885000192686,37.50093415203713],[-27.14794416318576,37.51934806733362],[-27.3765330486791,37.38394136902249],[-28.139312401732592,37.49040503154201],[-28.28110279650524,37.36732789753404],[-28.71311465221138,37.55834003575495],[-29.294841761661516,37.797100395025076],[-29.59622130350776,38.02201310551271],[-30.115053887535026,38.19583971107019],[-30.748270209358203,38.459928426679305],[-30.65516500476594,38.59626462129779],[-30.445811228545768,38.508320539004345],[-30.37567330262901,38.57461911220386],[-30.041448656696097,38.65620468550148],[-29.945260322094096,38.850271052767035],[-29.785235670438237,38.880383591577576],[-29.89764326847007,39.25013695408071],[-29.642870566664467,39.30498528236224],[-29.411016669463084,39.3321938664234],[-29.219402719608304,39.56713290948823],[-28.85730531004179,39.45980206989369],[-28.765272923928126,39.569033770677706],[-28.5816758049704,39.68652881129115],[-28.241463891694902,39.945716930064734],[-28.25803667159656,40.10252096423002],[-28.149800852364464,40.110203259240954],[-28.047373131529096,40.30777776760569],[-27.93584348350009,40.34476064500309],[-27.72032573765881,40.25535403458524],[-27.489767729256407,40.25042518716079],[-27.26444067260583,40.37702799907747],[-26.982841306052286,40.413239817040335],[-26.61650634404624,40.559109860391466],[-26.483401912462018,40.67964504119029],[-26.09700877475761,40.71119260649274],[-26.178067235312305,40.62808539270023],[-26.19975861797301,40.4546559739358],[-26.02845817175665,40.19477271813276],[-26.230903821208056,39.90737878047019],[-26.286031162424116,39.5890283022638],[-26.25162454732177,39.25060414068536],[-26.15128118168426,39.06199870268965],[-26.051928847466186,38.72175770363492],[-26.204303352688346,38.62520111772653],[-26.238416437643455,38.28356110541457],[-26.12073825075666,38.08967235511],[-26.3034176786452,37.86307551893229],[-26.209001642643507,37.6601876895162],[-26.015393869819622,37.55427222403912]]]}},{"type":"Feature","bbox":[-89.353326,12.984686,-83.147219,16.005406],"properties":{"featurecla":"Admin-0 country","scalerank":1,"LABELRANK":5,"SOVEREIGNT":"Honduras","SOV_A3":"HND","ADM0_DIF":0,"LEVEL":2,"TYPE":"Sovereign country","TLC":"1","ADMIN":"Honduras","ADM0_A3":"HND","GEOU_DIF":0,"GEOUNIT":"Honduras","GU_A3":"HND","SU_DIF":0,"SUBUNIT":"Honduras","SU_A3":"HND","BRK_DIFF":0,"NAME":"Honduras","NAME_LONG":"Honduras","BRK_A3":"HND","BRK_NAME":"Honduras","BRK_GROUP":null,"ABBREV":"Hond.","POSTAL":"HN","FORMAL_EN":"Republic of Honduras","FORMAL_FR":null,"NAME_CIAWF":"Honduras","NOTE_ADM0":null,"NOTE_BRK":null,"NAME_SORT":"Honduras","NAME_ALT":null,"MAPCOLOR7":2,"MAPCOLOR8":5,"MAPCOLOR9":2,"MAPCOLOR13":5,"POP_EST":9746117,"POP_RANK":13,"POP_YEAR":2019,"GDP_MD":25095,"GDP_YEAR":2019,"ECONOMY":"6. Developing region","INCOME_GRP":"4. Lower middle income","FIPS_10":"HO","ISO_A2":"HN","ISO_A2_EH":"HN","ISO_A3":"HND","ISO_A3_EH":"HND","ISO_N3":"340","ISO_N3_EH":"340","UN_A3":"340","WB_A2":"HN","WB_A3":"HND","WOE_ID":23424841,"WOE_ID_EH":23424841,"WOE_NOTE":"Exact WOE match as country","ADM0_ISO":"HND","ADM0_DIFF":null,"ADM0_TLC":"HND","ADM0_A3_US":"HND","ADM0_A3_FR":"HND","ADM0_A3_RU":"HND","ADM0_A3_ES":"HND","ADM0_A3_CN":"HND","ADM0_A3_TW":"HND","ADM0_A3_IN":"HND","ADM0_A3_NP":"HND","ADM0_A3_PK":"HND","ADM0_A3_DE":"HND","ADM0_A3_GB":"HND","ADM0_A3_BR":"HND","ADM0_A3_IL":"HND","ADM0_A3_PS":"HND","ADM0_A3_SA":"HND","ADM0_A3_EG":"HND","ADM0_A3_MA":"HND","ADM0_A3_PT":"HND","ADM0_A3_AR":"HND","ADM0_A3_JP":"HND","ADM0_A3_KO":"HND","ADM0_A3_VN":"HND","ADM0_A3_TR":"HND","ADM0_A3_ID":"HND","ADM0_A3_PL":"HND","ADM0_A3_GR":"HND","ADM0_A3_IT":"HND","ADM0_A3_NL":"HND","ADM0_A3_SE":"HND","ADM0_A3_BD":"HND","ADM0_A3_UA":"HND","ADM0_A3_UN":-99,"ADM0_A3_WB":-99,"CONTINENT":"North America","REGION_UN":"Americas","SUBREGION":"Central America","REGION_WB":"Latin America & Caribbean","NAME_LEN":8,"LONG_LEN":8,"ABBREV_LEN":5,"TINY":-99,"HOMEPART":1,"MIN_ZOOM":0,"MIN_LABEL":4.5,"MAX_LABEL":9.5,"LABEL_X":-86.887604,"LABEL_Y":14.794801,"NE_ID":1159320827,"WIKIDATAID":"Q783","NAME_AR":"هندوراس","NAME_BN":"হন্ডুরাস","NAME_DE":"Honduras","NAME_EN":"Honduras","NAME_ES":"Honduras","NAME_FA":"هندوراس","NAME_FR":"Honduras","NAME_EL":"Ονδούρα","NAME_HE":"הונדורס","NAME_HI":"हौण्डुरस","NAME_HU":"Honduras","NAME_ID":"Honduras","NAME_IT":"Honduras","NAME_JA":"ホンジュラス","NAME_KO":"온두라스","NAME_NL":"Honduras","NAME_PL":"Honduras","NAME_PT":"Honduras","NAME_RU":"Гондурас","NAME_SV":"Honduras","NAME_TR":"Honduras","NAME_UK":"Гондурас","NAME_UR":"ہونڈوراس","NAME_VI":"Honduras","NAME_ZH":"洪都拉斯","NAME_ZHT":"宏都拉斯","FCLASS_ISO":"Admin-0 country","TLC_DIFF":null,"FCLASS_TLC":"Admin-0 country","FCLASS_US":null,"FCLASS_FR":null,"FCLASS_RU":null,"FCLASS_ES":null,"FCLASS_CN":null,"FCLASS_TW":null,"FCLASS_IN":null,"FCLASS_NP":null,"FCLASS_PK":null,"FCLASS_DE":null,"FCLASS_GB":null,"FCLASS_BR":null,"FCLASS_IL":null,"FCLASS_PS":null,"FCLASS_SA":null,"FCLASS_EG":null,"FCLASS_MA":null,"FCLASS_PT":null,"FCLASS_AR":null,"FCLASS_JP":null,"FCLASS_KO":null,"FCLASS_VN":null,"FCLASS_TR":null,"FCLASS_ID":null,"FCLASS_PL":null,"FCLASS_GR":null,"FCLASS_IT":null,"FCLASS_NL":null,"FCLASS_SE":null,"FCLASS_BD":null,"FCLASS_UA":null},"geometry":{"type":"Polygon","coordinates":[[[-26.09700877475761,40.71119260649274],[-26.483401912462018,40.67964504119029],[-26.61650634404624,40.559109860391466],[-26.982841306052286,40.413239817040335],[-27.26444067260583,40.37702799907747],[-27.489767729256407,40.25042518716079],[-27.72032573765881,40.25535403458524],[-27.93584348350009,40.34476064500309],[-28.047373131529096,40.30777776760569],[-28.149800852364464,40.110203259240954],[-28.25803667159656,40.10252096423002],[-28.241463891694902,39.945716930064734],[-28.5816758049704,39.68652881129115],[-28.765272923928126,39.569033770677706],[-28.85730531004179,39.45980206989369],[-29.219402719608304,39.56713290948823],[-29.411016669463084,39.3321938664234],[-29.642870566664467,39.30498528236224],[-29.89764326847007,39.25013695408071],[-29.785235670438237,38.880383591577576],[-29.945260322094096,38.850271052767035],[-30.041448656696097,38.65620468550148],[-30.37567330262901,38.57461911220386],[-30.623652744205277,38.784934698765255],[-30.97425052478943,38.801193645415175],[-30.97268400577382,39.116666366380315],[-31.143184887954767,39.17619079862522],[-31.38397637867769,39.19599456300834],[-31.84536253413768,39.03220444672551],[-31.912405603534893,39.127826388661525],[-32.27678181455802,39.19762352579493],[-32.55386825720173,39.31117334184134],[-32.89639171092497,39.323481021112876],[-32.716622879165335,39.550511118372725],[-32.84363196510991,39.68402996578706],[-32.80340826999307,39.84007198904447],[-32.33110727813377,40.129994157091396],[-31.896696156196672,40.49004469821022],[-31.773342398147527,40.4782656602906],[-31.561711405242093,40.64470799713823],[-31.24460656695175,40.70196049302043],[-31.12573212447114,40.65660812930861],[-30.961515822809606,40.71837612167333],[-30.425525018570944,40.72552215451307],[-29.913200719202568,40.81713227361196],[-29.572697960781273,40.94842921428497],[-29.461017011817344,41.048970621574306],[-29.09474436860538,41.058920390802385],[-28.814709054890773,41.04455267802917],[-28.525442301925892,41.10051858250995],[-28.317220005214907,41.19361601945423],[-27.78142016493755,41.15731089593524],[-27.59966960970471,41.16367090960696],[-27.22668995332288,41.06874308423559],[-26.866422478990742,40.943207281563296],[-26.43479350796161,40.87975531644704],[-26.09700877475761,40.71119260649274]]]}},{"type":"Feature","bbox":[-90.095555,13.149017,-87.723503,14.424133],"properties":{"featurecla":"Admin-0 country","scalerank":1,"LABELRANK":6,"SOVEREIGNT":"El Salvador","SOV_A3":"SLV","ADM0_DIF":0,"LEVEL":2,"TYPE":"Sovereign country","TLC":"1","ADMIN":"El Salvador","ADM0_A3":"SLV","GEOU_DIF":0,"GEOUNIT":"El Salvador","GU_A3":"SLV","SU_DIF":0,"SUBUNIT":"El Salvador","SU_A3":"SLV","BRK_DIFF":0,"NAME":"El Salvador","NAME_LONG":"El Salvador","BRK_A3":"SLV","BRK_NAME":"El Salvador","BRK_GROUP":null,"ABBREV":"El. S.","POSTAL":"SV","FORMAL_EN":"Republic of El Salvador","FORMAL_FR":null,"NAME_CIAWF":"El Salvador","NOTE_ADM0":null,"NOTE_BRK":null,"NAME_SORT":"El Salvador","NAME_ALT":null,"MAPCOLOR7":1,"MAPCOLOR8":4,"MAPCOLOR9":6,"MAPCOLOR13":8,"POP_EST":6453553,"POP_RANK":13,"POP_YEAR":2019,"GDP_MD":27022,"GDP_YEAR":2019,"ECONOMY":"6. Developing region","INCOME_GRP":"4. Lower middle income","FIPS_10":"ES","ISO_A2":"SV","ISO_A2_EH":"SV","ISO_A3":"SLV","ISO_A3_EH":"SLV","ISO_N3":"222","ISO_N3_EH":"222","UN_A3":"222","WB_A2":"SV","WB_A3":"SLV","WOE_ID":23424807,"WOE_ID_EH":23424807,"WOE_NOTE":"Exact WOE match as country","ADM0_ISO":"SLV","ADM0_DIFF":null,"ADM0_TLC":"SLV","ADM0_A3_US":"SLV","ADM0_A3_FR":"SLV","ADM0_A3_RU":"SLV","ADM0_A3_ES":"SLV","ADM0_A3_CN":"SLV","ADM0_A3_TW":"SLV","ADM0_A3_IN":"SLV","ADM0_A3_NP":"SLV","ADM0_A3_PK":"SLV","ADM0_A3_DE":"SLV","ADM0_A3_GB":"SLV","ADM0_A3_BR":"SLV","ADM0_A3_IL":"SLV","ADM0_A3_PS":"SLV","ADM0_A3_SA":"SLV","ADM0_A3_EG":"SLV","ADM0_A3_MA":"SLV","ADM0_A3_PT":"SLV","ADM0_A3_AR":"SLV","ADM0_A3_JP":"SLV","ADM0_A3_KO":"SLV","ADM0_A3_VN":"SLV","ADM0_A3_TR":"SLV","ADM0_A3_ID":"SLV","ADM0_A3_PL":"SLV","ADM0_A3_GR":"SLV","ADM0_A3_IT":"SLV","ADM0_A3_NL":"SLV","ADM0_A3_SE":"SLV","ADM0_A3_BD":"SLV","ADM0_A3_UA":"SLV","ADM0_A3_UN":-99,"ADM0_A3_WB":-99,"CONTINENT":"North America","REGION_UN":"Americas","SUBREGION":"Central America","REGION_WB":"Latin America & Caribbean","NAME_LEN":11,"LONG_LEN":11,"ABBREV_LEN":6,"TINY":-99,"HOMEPART":1,"MIN_ZOOM":0,"MIN_LABEL":5,"MAX_LABEL":10,"LABEL_X":-88.890124,"LABEL_Y":13.685371,"NE_ID":1159321253,"WIKIDATAID":"Q792","NAME_AR":"السلفادور","NAME_BN":"এল সালভাদোর","NAME_DE":"El Salvador","NAME_EN":"El Salvador","NAME_ES":"El Salvador","NAME_FA":"السالوادور","NAME_FR":"Salvador","NAME_EL":"Ελ Σαλβαδόρ","NAME_HE":"אל סלוודור","NAME_HI":"अल साल्वाडोर","NAME_HU":"Salvador","NAME_ID":"El Salvador","NAME_IT":"El Salvador","NAME_JA":"エルサルバドル","NAME_KO":"엘살바도르","NAME_NL":"El Salvador","NAME_PL":"Salwador","NAME_PT":"El Salvador","NAME_RU":"Сальвадор","NAME_SV":"El Salvador","NAME_TR":"El Salvador","NAME_UK":"Сальвадор","NAME_UR":"ایل سیلواڈور","NAME_VI":"El Salvador","NAME_ZH":"萨尔瓦多","NAME_ZHT":"薩爾瓦多","FCLASS_ISO":"Admin-0 country","TLC_DIFF":null,"FCLASS_TLC":"Admin-0 country","FCLASS_US":null,"FCLASS_FR":null,"FCLASS_RU":null,"FCLASS_ES":null,"FCLASS_CN":null,"FCLASS_TW":null,"FCLASS_IN":null,"FCLASS_NP":null,"FCLASS_PK":null,"FCLASS_DE":null,"FCLASS_GB":null,"FCLASS_BR":null,"FCLASS_IL":null,"FCLASS_PS":null,"FCLASS_SA":null,"FCLASS_EG":null,"FCLASS_MA":null,"FCLASS_PT":null,"FCLASS_AR":null,"FCLASS_JP":null,"FCLASS_KO":null,"FCLASS_VN":null,"FCLASS_TR":null,"FCLASS_ID":null,"FCLASS_PL":null,"FCLASS_GR":null,"FCLASS_IT":null,"FCLASS_NL":null,"FCLASS_SE":null,"FCLASS_BD":null,"FCLASS_UA":null},"geometry":{"type":"Polygon","coordinates":[[[-32.89639171092497,39.323481021112876],[-32.55386825720173,39.31117334184134],[-32.27678181455802,39.19762352579493],[-31.912405603534893,39.127826388661525],[-31.84536253413768,39.03220444672551],[-31.38397637867769,39.19599456300834],[-31.143184887954767,39.17619079862522],[-30.97268400577382,39.116666366380315],[-30.97425052478943,38.801193645415175],[-31.05203913759715,38.60349235294384],[-31.69134527532889,38.5176554052006],[-32.105295430385844,38.529235450707375],[-32.59874749511439,38.609092107815826],[-33.22184100939108,38.55852800953112],[-33.576571315993164,38.67121076944833],[-33.572381998158086,38.788033163184366],[-33.245614865420045,39.04001566799228],[-33.06058446028148,39.156619082464886],[-33.1427753639955,39.23615846576429],[-32.89639171092497,39.323481021112876]]]}},{"type":"Feature","bbox":[-92.229249,13.735338,-88.225023,17.819326],"properties":{"featurecla":"Admin-0 country","scalerank":1,"LABELRANK":3,"SOVEREIGNT":"Guatemala","SOV_A3":"GTM","ADM0_DIF":0,"LEVEL":2,"TYPE":"Sovereign country","TLC":"1","ADMIN":"Guatemala","ADM0_A3":"GTM","GEOU_DIF":0,"GEOUNIT":"Guatemala","GU_A3":"GTM","SU_DIF":0,"SUBUNIT":"Guatemala","SU_A3":"GTM","BRK_DIFF":0,"NAME":"Guatemala","NAME_LONG":"Guatemala","BRK_A3":"GTM","BRK_NAME":"Guatemala","BRK_GROUP":null,"ABBREV":"Guat.","POSTAL":"GT","FORMAL_EN":"Republic of Guatemala","FORMAL_FR":null,"NAME_CIAWF":"Guatemala","NOTE_ADM0":null,"NOTE_BRK":null,"NAME_SORT":"Guatemala","NAME_ALT":null,"MAPCOLOR7":3,"MAPCOLOR8":3,"MAPCOLOR9":3,"MAPCOLOR13":6,"POP_EST":16604026,"POP_RANK":14,"POP_YEAR":2019,"GDP_MD":76710,"GDP_YEAR":2019,"ECONOMY":"6. Developing region","INCOME_GRP":"4. Lower middle income","FIPS_10":"GT","ISO_A2":"GT","ISO_A2_EH":"GT","ISO_A3":"GTM","ISO_A3_EH":"GTM","ISO_N3":"320","ISO_N3_EH":"320","UN_A3":"320","WB_A2":"GT","WB_A3":"GTM","WOE_ID":23424834,"WOE_ID_EH":23424834,"WOE_NOTE":"Exact WOE match as country","ADM0_ISO":"GTM","ADM0_DIFF":null,"ADM0_TLC":"GTM","ADM0_A3_US":"GTM","ADM0_A3_FR":"GTM","ADM0_A3_RU":"GTM","ADM0_A3_ES":"GTM","ADM0_A3_CN":"GTM","ADM0_A3_TW":"GTM","ADM0_A3_IN":"GTM","ADM0_A3_NP":"GTM","ADM0_A3_PK":"GTM","ADM0_A3_DE":"GTM","ADM0_A3_GB":"GTM","ADM0_A3_BR":"GTM","ADM0_A3_IL":"GTM","ADM0_A3_PS":"GTM","ADM0_A3_SA":"GTM","ADM0_A3_EG":"GTM","ADM0_A3_MA":"GTM","ADM0_A3_PT":"GTM","ADM0_A3_AR":"GTM","ADM0_A3_JP":"GTM","ADM0_A3_KO":"GTM","ADM0_A3_VN":"GTM","ADM0_A3_TR":"GTM","ADM0_A3_ID":"GTM","ADM0_A3_PL":"GTM","ADM0_A3_GR":"GTM","ADM0_A3_IT":"GTM","ADM0_A3_NL":"GTM","ADM0_A3_SE":"GTM","ADM0_A3_BD":"GTM","ADM0_A3_UA":"GTM","ADM0_A3_UN":-99,"ADM0_A3_WB":-99,"CONTINENT":"North America","REGION_UN":"Americas","SUBREGION":"Central America","REGION_WB":"Latin America & Caribbean","NAME_LEN":9,"LONG_LEN":9,"ABBREV_LEN":5,"TINY":4,"HOMEPART":1,"MIN_ZOOM":0,"MIN_LABEL":3,"MAX_LABEL":8,"LABEL_X":-90.497134,"LABEL_Y":14.982133,"NE_ID":1159320815,"WIKIDATAID":"Q774","NAME_AR":"غواتيمالا","NAME_BN":"গুয়াতেমালা","NAME_DE":"Guatemala","NAME_EN":"Guatemala","NAME_ES":"Guatemala","NAME_FA":"گواتمالا","NAME_FR":"Guatemala","NAME_EL":"Γουατεμάλα","NAME_HE":"גואטמלה","NAME_HI":"ग्वाटेमाला","NAME_HU":"Guatemala","NAME_ID":"Guatemala","NAME_IT":"Guatemala","NAME_JA":"グアテマラ","NAME_KO":"과테말라","NAME_NL":"Guatemala","NAME_PL":"Gwatemala","NAME_PT":"Guatemala","NAME_RU":"Гватемала","NAME_SV":"Guatemala","NAME_TR":"Guatemala","NAME_UK":"Гватемала","NAME_UR":"گواتیمالا","NAME_VI":"Guatemala","NAME_ZH":"危地马拉","NAME_ZHT":"瓜地馬拉","FCLASS_ISO":"Admin-0 country","TLC_DIFF":null,"FCLASS_TLC":"Admin-0 country","FCLASS_US":null,"FCLASS_FR":null,"FCLASS_RU":null,"FCLASS_ES":null,"FCLASS_CN":null,"FCLASS_TW":null,"FCLASS_IN":null,"FCLASS_NP":null,"FCLASS_PK":null,"FCLASS_DE":null,"FCLASS_GB":null,"FCLASS_BR":null,"FCLASS_IL":null,"FCLASS_PS":null,"FCLASS_SA":null,"FCLASS_EG":null,"FCLASS_MA":null,"FCLASS_PT":null,"FCLASS_AR":null,"FCLASS_JP":null,"FCLASS_KO":null,"FCLASS_VN":null,"FCLASS_TR":null,"FCLASS_ID":null,"FCLASS_PL":null,"FCLASS_GR":null,"FCLASS_IT":null,"FCLASS_NL":null,"FCLASS_SE":null,"FCLASS_BD":null,"FCLASS_UA":null},"geometry":{"type":"Polygon","coordinates":[[[-36.09269811471287,38.88345672102447],[-36.12896775566776,39.10772703919664],[-36.05167911630498,39.306173885485514],[-36.24930352592159,39.419149153962756],[-35.891240619391084,40.118378851520184],[-34.462402697386445,40.356452498814605],[-34.50386292998539,40.61296032084138],[-34.69732749044519,40.628632482972044],[-34.86624685973323,40.7683555864808],[-35.328288193563594,40.87104961960283],[-35.81574132963494,41.04744046655447],[-35.30977299767502,41.13209651265072],[-35.42677750878689,41.543035030639935],[-34.3756171282794,41.71095979785254],[-33.330377925550934,41.862717809313395],[-33.182917417360606,41.28347798320721],[-33.047952540860635,40.43838558336784],[-32.71495256193225,40.48973572258584],[-32.31605347437914,40.41074641185318],[-32.24860899755485,40.53576821889811],[-31.896696156196672,40.49004469821022],[-32.33110727813377,40.129994157091396],[-32.80340826999307,39.84007198904447],[-32.84363196510991,39.68402996578706],[-32.716622879165335,39.550511118372725],[-32.89639171092497,39.323481021112876],[-33.1427753639955,39.23615846576429],[-33.06058446028148,39.156619082464886],[-33.245614865420045,39.04001566799228],[-33.572381998158086,38.788033163184366],[-33.576571315993164,38.67121076944833],[-34.17670841775223,38.71078356717609],[-34.86648827085001,38.60942044724143],[-35.41149404497439,38.67397788591966],[-36.09269811471287,38.88345672102447]]]}},{"type":"Feature","bbox":[-89.229122,15.886938,-88.106813,18.499982],"properties":{"featurecla":"Admin-0 country","scalerank":1,"LABELRANK":6,"SOVEREIGNT":"Belize","SOV_A3":"BLZ","ADM0_DIF":0,"LEVEL":2,"TYPE":"Sovereign country","TLC":"1","ADMIN":"Belize","ADM0_A3":"BLZ","GEOU_DIF":0,"GEOUNIT":"Belize","GU_A3":"BLZ","SU_DIF":0,"SUBUNIT":"Belize","SU_A3":"BLZ","BRK_DIFF":0,"NAME":"Belize","NAME_LONG":"Belize","BRK_A3":"BLZ","BRK_NAME":"Belize","BRK_GROUP":null,"ABBREV":"Belize","POSTAL":"BZ","FORMAL_EN":"Belize","FORMAL_FR":null,"NAME_CIAWF":"Belize","NOTE_ADM0":null,"NOTE_BRK":null,"NAME_SORT":"Belize","NAME_ALT":null,"MAPCOLOR7":1,"MAPCOLOR8":4,"MAPCOLOR9":5,"MAPCOLOR13":7,"POP_EST":390353,"POP_RANK":10,"POP_YEAR":2019,"GDP_MD":1879,"GDP_YEAR":2019,"ECONOMY":"6. Developing region","INCOME_GRP":"4. Lower middle income","FIPS_10":"BH","ISO_A2":"BZ","ISO_A2_EH":"BZ","ISO_A3":"BLZ","ISO_A3_EH":"BLZ","ISO_N3":"084","ISO_N3_EH":"084","UN_A3":"084","WB_A2":"BZ","WB_A3":"BLZ","WOE_ID":23424760,"WOE_ID_EH":23424760,"WOE_NOTE":"Exact WOE match as country","ADM0_ISO":"BLZ","ADM0_DIFF":null,"ADM0_TLC":"BLZ","ADM0_A3_US":"BLZ","ADM0_A3_FR":"BLZ","ADM0_A3_RU":"BLZ","ADM0_A3_ES":"BLZ","ADM0_A3_CN":"BLZ","ADM0_A3_TW":"BLZ","ADM0_A3_IN":"BLZ","ADM0_A3_NP":"BLZ","ADM0_A3_PK":"BLZ","ADM0_A3_DE":"BLZ","ADM0_A3_GB":"BLZ","ADM0_A3_BR":"BLZ","ADM0_A3_IL":"BLZ","ADM0_A3_PS":"BLZ","ADM0_A3_SA":"BLZ","ADM0_A3_EG":"BLZ","ADM0_A3_MA":"BLZ","ADM0_A3_PT":"BLZ","ADM0_A3_AR":"BLZ","ADM0_A3_JP":"BLZ","ADM0_A3_KO":"BLZ","ADM0_A3_VN":"BLZ","ADM0_A3_TR":"BLZ","ADM0_A3_ID":"BLZ","ADM0_A3_PL":"BLZ","ADM0_A3_GR":"BLZ","ADM0_A3_IT":"BLZ","ADM0_A3_NL":"BLZ","ADM0_A3_SE":"BLZ","ADM0_A3_BD":"BLZ","ADM0_A3_UA":"BLZ","ADM0_A3_UN":-99,"ADM0_A3_WB":-99,"CONTINENT":"North America","REGION_UN":"Americas","SUBREGION":"Central America","REGION_WB":"Latin America & Caribbean","NAME_LEN":6,"LONG_LEN":6,"ABBREV_LEN":6,"TINY":-99,"HOMEPART":1,"MIN_ZOOM":0,"MIN_LABEL":5,"MAX_LABEL":10,"LABEL_X":-88.712962,"LABEL_Y":17.202068,"NE_ID":1159320431,"WIKIDATAID":"Q242","NAME_AR":"بليز","NAME_BN":"বেলিজ","NAME_DE":"Belize","NAME_EN":"Belize","NAME_ES":"Belice","NAME_FA":"بلیز","NAME_FR":"Belize","NAME_EL":"Μπελίζ","NAME_HE":"בליז","NAME_HI":"बेलीज़","NAME_HU":"Belize","NAME_ID":"Belize","NAME_IT":"Belize","NAME_JA":"ベリーズ","NAME_KO":"벨리즈","NAME_NL":"Belize","NAME_PL":"Belize","NAME_PT":"Belize","NAME_RU":"Белиз","NAME_SV":"Belize","NAME_TR":"Belize","NAME_UK":"Беліз","NAME_UR":"بیلیز","NAME_VI":"Belize","NAME_ZH":"伯利兹","NAME_ZHT":"貝里斯","FCLASS_ISO":"Admin-0 country","TLC_DIFF":null,"FCLASS_TLC":"Admin-0 country","FCLASS_US":null,"FCLASS_FR":null,"FCLASS_RU":null,"FCLASS_ES":null,"FCLASS_CN":null,"FCLASS_TW":null,"FCLASS_IN":null,"FCLASS_NP":null,"FCLASS_PK":null,"FCLASS_DE":null,"FCLASS_GB":null,"FCLASS_BR":null,"FCLASS_IL":null,"FCLASS_PS":null,"FCLASS_SA":null,"FCLASS_EG":null,"FCLASS_MA":null,"FCLASS_PT":null,"FCLASS_AR":null,"FCLASS_JP":null,"FCLASS_KO":null,"FCLASS_VN":null,"FCLASS_TR":null,"FCLASS_ID":null,"FCLASS_PL":null,"FCLASS_GR":null,"FCLASS_IT":null,"FCLASS_NL":null,"FCLASS_SE":null,"FCLASS_BD":null,"FCLASS_UA":null},"geometry":{"type":"Polygon","coordinates":[[[-33.330377925550934,41.862717809313395],[-33.36820422055744,41.968098599907854],[-33.24050527357552,42.021953163350524],[-33.01230872040218,41.96681584259212],[-32.72389334373425,42.46247205099702],[-32.51081499145337,42.503224485567074],[-32.478553591644236,42.39820843289018],[-32.26284316426636,42.4258908671185],[-32.2300104059298,42.22691619335116],[-32.330487733227606,41.88699790461838],[-32.202245810825644,41.788956159156534],[-32.25194034607902,41.51085420596828],[-32.1626502071849,41.45138108663031],[-32.19614463402159,41.061617523949096],[-32.36510531542693,40.83340624967349],[-32.56101753734106,40.77954401345981],[-32.71495256193225,40.48973572258584],[-33.047952540860635,40.43838558336784],[-33.182917417360606,41.28347798320721],[-33.330377925550934,41.862717809313395]]]}},{"type":"Feature","bbox":[-73.304952,0.724452,-59.758285,12.162307],"properties":{"featurecla":"Admin-0 country","scalerank":1,"LABELRANK":3,"SOVEREIGNT":"Venezuela","SOV_A3":"VEN","ADM0_DIF":0,"LEVEL":2,"TYPE":"Sovereign country","TLC":"1","ADMIN":"Venezuela","ADM0_A3":"VEN","GEOU_DIF":0,"GEOUNIT":"Venezuela","GU_A3":"VEN","SU_DIF":0,"SUBUNIT":"Venezuela","SU_A3":"VEN","BRK_DIFF":0,"NAME":"Venezuela","NAME_LONG":"Venezuela","BRK_A3":"VEN","BRK_NAME":"Venezuela","BRK_GROUP":null,"ABBREV":"Ven.","POSTAL":"VE","FORMAL_EN":"Bolivarian Republic of Venezuela","FORMAL_FR":"República Bolivariana de Venezuela","NAME_CIAWF":"Venezuela","NOTE_ADM0":null,"NOTE_BRK":null,"NAME_SORT":"Venezuela, RB","NAME_ALT":null,"MAPCOLOR7":1,"MAPCOLOR8":3,"MAPCOLOR9":1,"MAPCOLOR13":4,"POP_EST":28515829,"POP_RANK":15,"POP_YEAR":2019,"GDP_MD":482359,"GDP_YEAR":2014,"ECONOMY":"5. Emerging region: G20","INCOME_GRP":"3. Upper middle income","FIPS_10":"VE","ISO_A2":"VE","ISO_A2_EH":"VE","ISO_A3":"VEN","ISO_A3_EH":"VEN","ISO_N3":"862","ISO_N3_EH":"862","UN_A3":"862","WB_A2":"VE","WB_A3":"VEN","WOE_ID":23424982,"WOE_ID_EH":23424982,"WOE_NOTE":"Exact WOE match as country","ADM0_ISO":"VEN","ADM0_DIFF":null,"ADM0_TLC":"VEN","ADM0_A3_US":"VEN","ADM0_A3_FR":"VEN","ADM0_A3_RU":"VEN","ADM0_A3_ES":"VEN","ADM0_A3_CN":"VEN","ADM0_A3_TW":"VEN","ADM0_A3_IN":"VEN","ADM0_A3_NP":"VEN","ADM0_A3_PK":"VEN","ADM0_A3_DE":"VEN","ADM0_A3_GB":"VEN","ADM0_A3_BR":"VEN","ADM0_A3_IL":"VEN","ADM0_A3_PS":"VEN","ADM0_A3_SA":"VEN","ADM0_A3_EG":"VEN","ADM0_A3_MA":"VEN","ADM0_A3_PT":"VEN","ADM0_A3_AR":"VEN","ADM0_A3_JP":"VEN","ADM0_A3_KO":"VEN","ADM0_A3_VN":"VEN","ADM0_A3_TR":"VEN","ADM0_A3_ID":"VEN","ADM0_A3_PL":"VEN","ADM0_A3_GR":"VEN","ADM0_A3_IT":"VEN","ADM0_A3_NL":"VEN","ADM0_A3_SE":"VEN","ADM0_A3_BD":"VEN","ADM0_A3_UA":"VEN","ADM0_A3_UN":-99,"ADM0_A3_WB":-99,"CONTINENT":"South America","REGION_UN":"Americas","SUBREGION":"South America","REGION_WB":"Latin America & Caribbean","NAME_LEN":9,"LONG_LEN":9,"ABBREV_LEN":4,"TINY":-99,"HOMEPART":1,"MIN_ZOOM":0,"MIN_LABEL":2.5,"MAX_LABEL":7.5,"LABEL_X":-64.599381,"LABEL_Y":7.182476,"NE_ID":1159321411,"WIKIDATAID":"Q717","NAME_AR":"فنزويلا","NAME_BN":"ভেনেজুয়েলা","NAME_DE":"Venezuela","NAME_EN":"Venezuela","NAME_ES":"Venezuela","NAME_FA":"ونزوئلا","NAME_FR":"Venezuela","NAME_EL":"Βενεζουέλα","NAME_HE":"ונצואלה","NAME_HI":"वेनेज़ुएला","NAME_HU":"Venezuela","NAME_ID":"Venezuela","NAME_IT":"Venezuela","NAME_JA":"ベネズエラ","NAME_KO":"베네수엘라","NAME_NL":"Venezuela","NAME_PL":"Wenezuela","NAME_PT":"Venezuela","NAME_RU":"Венесуэла","NAME_SV":"Venezuela","NAME_TR":"Venezuela","NAME_UK":"Венесуела","NAME_UR":"وینیزویلا","NAME_VI":"Venezuela","NAME_ZH":"委内瑞拉","NAME_ZHT":"委內瑞拉","FCLASS_ISO":"Admin-0 country","TLC_DIFF":null,"FCLASS_TLC":"Admin-0 country","FCLASS_US":null,"FCLASS_FR":null,"FCLASS_RU":null,"FCLASS_ES":null,"FCLASS_CN":null,"FCLASS_TW":null,"FCLASS_IN":null,"FCLASS_NP":null,"FCLASS_PK":null,"FCLASS_DE":null,"FCLASS_GB":null,"FCLASS_BR":null,"FCLASS_IL":null,"FCLASS_PS":null,"FCLASS_SA":null,"FCLASS_EG":null,"FCLASS_MA":null,"FCLASS_PT":null,"FCLASS_AR":null,"FCLASS_JP":null,"FCLASS_KO":null,"FCLASS_VN":null,"FCLASS_TR":null,"FCLASS_ID":null,"FCLASS_PL":null,"FCLASS_GR":null,"FCLASS_IT":null,"FCLASS_NL":null,"FCLASS_SE":null,"FCLASS_BD":null,"FCLASS_UA":null},"geometry":{"type":"Polygon","coordinates":[[[-0.7816633807703727,34.651938380450076],[-0.6394369468280874,34.421560086875935],[-1.0259114128475013,34.10653307514011],[-2.2073575696143948,33.787805293770866],[-2.9654646739298074,33.64903608909597],[-3.2656804861515343,33.448241300950755],[-4.111592353772759,33.63840310229264],[-4.898197914260441,33.7251326367908],[-5.093433086507091,33.64376619558285],[-4.612537769099623,33.44163028969295],[-4.635023223406729,32.88332493420569],[-4.470837046743958,32.360309345337306],[-3.582043457507872,32.30792778564227],[-3.5206474929014737,32.1324710037879],[-4.259070681941882,31.876752452714882],[-4.368180900708811,31.51604168178503],[-4.79116465691711,31.366005906574454],[-5.555105202052493,31.14538287300112],[-5.744269369393192,30.878621159195596],[-6.545976462668553,30.795325060720636],[-7.1400120493209895,31.223056270969586],[-7.505086190190528,32.0524484734029],[-7.800323876773998,32.33421349458178],[-8.191720469374067,32.5019919877175],[-7.68534259289456,32.9406083721683],[-7.732665097377982,33.12530230066998],[-8.04736525557241,33.359005901333546],[-8.294890066473172,33.89845051379457],[-8.249669309506261,34.49056421147299],[-8.029325475541352,34.774844726118374],[-7.86410727846157,35.22059766085779],[-8.251575306568213,35.34385663720792],[-8.855724711611641,35.2242744122306],[-9.629800900999069,35.23043076258265],[-10.055545863279653,35.12151180319333],[-10.86714786953314,35.77532218265905],[-11.500761944967849,35.84165772822754],[-12.875538223873022,35.67732641858286],[-13.160245998869888,35.94019191795633],[-13.432197423818982,35.98885257680572],[-13.487777173591454,36.153230032035786],[-13.390779455222996,36.45730156916584],[-13.51012483537155,36.77139899629822],[-13.768059495892588,36.929192273069816],[-13.947081188329715,37.28239869557725],[-14.514584342779427,37.295132816457475],[-14.264559499882674,37.7756486625331],[-14.193510651441835,38.34109424168465],[-13.906512125623987,38.650872078488355],[-13.504612400403495,38.900490944329974],[-13.265764802176726,39.302743134640465],[-12.568496169308903,39.474941985485174],[-12.58172246926032,39.29211375140961],[-13.221015808621068,39.162410627024045],[-12.825000308018799,38.83567739197493],[-12.797108472578302,38.4301999378161],[-13.233641783041412,37.94719769825025],[-12.756639768103804,37.351776450178],[-12.292365533252717,37.43222851878915],[-12.101990515348033,38.01344387838807],[-12.468362812000846,38.26716865846321],[-12.582394021725227,38.850211038836555],[-11.238379751629985,39.24190715964748],[-11.424413520745183,39.594557247908824],[-11.057236137001086,39.855847646586405],[-10.612895016194594,39.339500674430234],[-9.836344850115998,39.36500032755778],[-9.086475023364107,38.96873877592707],[-9.024882250508174,38.71478917178692],[-8.03641043867596,38.74887676201597],[-6.864767976978861,38.870802152402995],[-6.216696488156665,38.543851086342706],[-5.372211442465009,38.47155314376805],[-4.765363463722397,38.72921565667065],[-4.760132601916247,38.92435229979873],[-3.396122630143111,38.997811525664446],[-2.0747317419037965,39.02597290423746],[-3.0058167906480406,38.78613531019886],[-2.6220827060041,38.42478589176964],[-1.7433629219525002,38.375644985768886],[-0.9086548358462629,37.99704445823527],[-0.7306799429807821,37.36780347177378],[-0.16340803795657677,37.38689994875324],[0.262765292154761,37.2004816751129],[-0.596337157387505,36.73346070390227],[-0.6894011821110536,36.44230721911074],[-0.3187572329905401,36.14612155207485],[-0.5857871023903255,35.995077038718996],[-1.247116920526243,35.862836011455414],[-1.2221111501912285,35.490333972168116],[-1.5100127743482383,35.2653457575657],[-0.7816633807703727,34.651938380450076]]]}},{"type":"Feature","bbox":[-61.410303,1.268088,-56.539386,8.367035],"properties":{"featurecla":"Admin-0 country","scalerank":1,"LABELRANK":4,"SOVEREIGNT":"Guyana","SOV_A3":"GUY","ADM0_DIF":0,"LEVEL":2,"TYPE":"Sovereign country","TLC":"1","ADMIN":"Guyana","ADM0_A3":"GUY","GEOU_DIF":0,"GEOUNIT":"Guyana","GU_A3":"GUY","SU_DIF":0,"SUBUNIT":"Guyana","SU_A3":"GUY","BRK_DIFF":0,"NAME":"Guyana","NAME_LONG":"Guyana","BRK_A3":"GUY","BRK_NAME":"Guyana","BRK_GROUP":null,"ABBREV":"Guy.","POSTAL":"GY","FORMAL_EN":"Co-operative Republic of Guyana","FORMAL_FR":null,"NAME_CIAWF":"Guyana","NOTE_ADM0":null,"NOTE_BRK":null,"NAME_SORT":"Guyana","NAME_ALT":null,"MAPCOLOR7":3,"MAPCOLOR8":1,"MAPCOLOR9":4,"MAPCOLOR13":8,"POP_EST":782766,"POP_RANK":11,"POP_YEAR":2019,"GDP_MD":5173,"GDP_YEAR":2019,"ECONOMY":"6. Developing region","INCOME_GRP":"4. Lower middle income","FIPS_10":"GY","ISO_A2":"GY","ISO_A2_EH":"GY","ISO_A3":"GUY","ISO_A3_EH":"GUY","ISO_N3":"328","ISO_N3_EH":"328","UN_A3":"328","WB_A2":"GY","WB_A3":"GUY","WOE_ID":23424836,"WOE_ID_EH":23424836,"WOE_NOTE":"Exact WOE match as country","ADM0_ISO":"GUY","ADM0_DIFF":null,"ADM0_TLC":"GUY","ADM0_A3_US":"GUY","ADM0_A3_FR":"GUY","ADM0_A3_RU":"GUY","ADM0_A3_ES":"GUY","ADM0_A3_CN":"GUY","ADM0_A3_TW":"GUY","ADM0_A3_IN":"GUY","ADM0_A3_NP":"GUY","ADM0_A3_PK":"GUY","ADM0_A3_DE":"GUY","ADM0_A3_GB":"GUY","ADM0_A3_BR":"GUY","ADM0_A3_IL":"GUY","ADM0_A3_PS":"GUY","ADM0_A3_SA":"GUY","ADM0_A3_EG":"GUY","ADM0_A3_MA":"GUY","ADM0_A3_PT":"GUY","ADM0_A3_AR":"GUY","ADM0_A3_JP":"GUY","ADM0_A3_KO":"GUY","ADM0_A3_VN":"GUY","ADM0_A3_TR":"GUY","ADM0_A3_ID":"GUY","ADM0_A3_PL":"GUY","ADM0_A3_GR":"GUY","ADM0_A3_IT":"GUY","ADM0_A3_NL":"GUY","ADM0_A3_SE":"GUY","ADM0_A3_BD":"GUY","ADM0_A3_UA":"GUY","ADM0_A3_UN":-99,"ADM0_A3_WB":-99,"CONTINENT":"South America","REGION_UN":"Americas","SUBREGION":"South America","REGION_WB":"Latin America & Caribbean","NAME_LEN":6,"LONG_LEN":6,"ABBREV_LEN":4,"TINY":-99,"HOMEPART":1,"MIN_ZOOM":0,"MIN_LABEL":4,"MAX_LABEL":9,"LABEL_X":-58.942643,"LABEL_Y":5.124317,"NE_ID":1159320817,"WIKIDATAID":"Q734","NAME_AR":"غيانا","NAME_BN":"গায়ানা","NAME_DE":"Guyana","NAME_EN":"Guyana","NAME_ES":"Guyana","NAME_FA":"گویان","NAME_FR":"Guyana","NAME_EL":"Γουιάνα","NAME_HE":"גיאנה","NAME_HI":"गयाना","NAME_HU":"Guyana","NAME_ID":"Guyana","NAME_IT":"Guyana","NAME_JA":"ガイアナ","NAME_KO":"가이아나","NAME_NL":"Guyana","NAME_PL":"Gujana","NAME_PT":"Guiana","NAME_RU":"Гайана","NAME_SV":"Guyana","NAME_TR":"Guyana","NAME_UK":"Гаяна","NAME_UR":"گیانا","NAME_VI":"Guyana","NAME_ZH":"圭亚那","NAME_ZHT":"圭亞那","FCLASS_ISO":"Admin-0 country","TLC_DIFF":null,"FCLASS_TLC":"Admin-0 country","FCLASS_US":null,"FCLASS_FR":null,"FCLASS_RU":null,"FCLASS_ES":null,"FCLASS_CN":null,"FCLASS_TW":null,"FCLASS_IN":null,"FCLASS_NP":null,"FCLASS_PK":null,"FCLASS_DE":null,"FCLASS_GB":null,"FCLASS_BR":null,"FCLASS_IL":null,"FCLASS_PS":null,"FCLASS_SA":null,"FCLASS_EG":null,"FCLASS_MA":null,"FCLASS_PT":null,"FCLASS_AR":null,"FCLASS_JP":null,"FCLASS_KO":null,"FCLASS_VN":null,"FCLASS_TR":null,"FCLASS_ID":null,"FCLASS_PL":null,"FCLASS_GR":null,"FCLASS_IT":null,"FCLASS_NL":null,"FCLASS_SE":null,"FCLASS_BD":null,"FCLASS_UA":null},"geometry":{"type":"Polygon","coordinates":[[[3.609506531348453,31.876778418797958],[3.3549792475194535,31.851498568866234],[2.779796292820699,31.932882441494712],[2.4363403416395473,31.71338089807734],[1.9628169962354416,31.57087560823566],[1.6335662686146826,31.537580455254645],[1.516653533187637,31.37264963054555],[1.007089364371213,31.41832975442168],[0.3689480847906609,31.817670774343277],[0.29426058915725534,32.20755597327893],[0.02672171993857899,32.63174568513464],[0.194688549070657,33.340922891705354],[0.4883464458079508,33.632254689101394],[0.24661444848260697,34.01621817048056],[-0.11780737531687055,34.14096497313319],[0.020265213054368274,34.50124218426761],[-0.22775606297810558,34.68953373451248],[-0.7816633807703727,34.651938380450076],[-1.5100127743482383,35.2653457575657],[-1.2221111501912285,35.490333972168116],[-1.247116920526243,35.862836011455414],[-0.5857871023903255,35.995077038718996],[-0.3187572329905401,36.14612155207485],[-0.6894011821110536,36.44230721911074],[-0.596337157387505,36.73346070390227],[0.262765292154761,37.2004816751129],[0.9742956925615913,36.90661323522202],[1.6386108256306726,36.382859119498974],[1.6635379069306255,35.969712347026615],[2.068855070742029,35.94676640632222],[2.637516645780914,35.54648170298957],[3.0543695142784366,35.25837576534419],[2.8668076650569696,34.52818651148171],[2.216877477549156,34.3231087385211],[2.2709232348831563,34.12874791187481],[2.068288333894746,33.70575742099519],[2.525140799463029,33.09778435433401],[2.8621315927307656,33.09187302390729],[2.9894490235966336,32.61865257391076],[3.609506531348453,31.876778418797958]]]}},{"type":"Feature","bbox":[-58.044694,1.817667,-53.958045,6.025291],"properties":{"featurecla":"Admin-0 country","scalerank":1,"LABELRANK":4,"SOVEREIGNT":"Suriname","SOV_A3":"SUR","ADM0_DIF":0,"LEVEL":2,"TYPE":"Sovereign country","TLC":"1","ADMIN":"Suriname","ADM0_A3":"SUR","GEOU_DIF":0,"GEOUNIT":"Suriname","GU_A3":"SUR","SU_DIF":0,"SUBUNIT":"Suriname","SU_A3":"SUR","BRK_DIFF":0,"NAME":"Suriname","NAME_LONG":"Suriname","BRK_A3":"SUR","BRK_NAME":"Suriname","BRK_GROUP":null,"ABBREV":"Sur.","POSTAL":"SR","FORMAL_EN":"Republic of Suriname","FORMAL_FR":null,"NAME_CIAWF":"Suriname","NOTE_ADM0":null,"NOTE_BRK":null,"NAME_SORT":"Suriname","NAME_ALT":null,"MAPCOLOR7":1,"MAPCOLOR8":4,"MAPCOLOR9":7,"MAPCOLOR13":6,"POP_EST":581363,"POP_RANK":11,"POP_YEAR":2019,"GDP_MD":3697,"GDP_YEAR":2019,"ECONOMY":"6. Developing region","INCOME_GRP":"3. Upper middle income","FIPS_10":"NS","ISO_A2":"SR","ISO_A2_EH":"SR","ISO_A3":"SUR","ISO_A3_EH":"SUR","ISO_N3":"740","ISO_N3_EH":"740","UN_A3":"740","WB_A2":"SR","WB_A3":"SUR","WOE_ID":23424913,"WOE_ID_EH":23424913,"WOE_NOTE":"Exact WOE match as country","ADM0_ISO":"SUR","ADM0_DIFF":null,"ADM0_TLC":"SUR","ADM0_A3_US":"SUR","ADM0_A3_FR":"SUR","ADM0_A3_RU":"SUR","ADM0_A3_ES":"SUR","ADM0_A3_CN":"SUR","ADM0_A3_TW":"SUR","ADM0_A3_IN":"SUR","ADM0_A3_NP":"SUR","ADM0_A3_PK":"SUR","ADM0_A3_DE":"SUR","ADM0_A3_GB":"SUR","ADM0_A3_BR":"SUR","ADM0_A3_IL":"SUR","ADM0_A3_PS":"SUR","ADM0_A3_SA":"SUR","ADM0_A3_EG":"SUR","ADM0_A3_MA":"SUR","ADM0_A3_PT":"SUR","ADM0_A3_AR":"SUR","ADM0_A3_JP":"SUR","ADM0_A3_KO":"SUR","ADM0_A3_VN":"SUR","ADM0_A3_TR":"SUR","ADM0_A3_ID":"SUR","ADM0_A3_PL":"SUR","ADM0_A3_GR":"SUR","ADM0_A3_IT":"SUR","ADM0_A3_NL":"SUR","ADM0_A3_SE":"SUR","ADM0_A3_BD":"SUR","ADM0_A3_UA":"SUR","ADM0_A3_UN":-99,"ADM0_A3_WB":-99,"CONTINENT":"South America","REGION_UN":"Americas","SUBREGION":"South America","REGION_WB":"Latin America & Caribbean","NAME_LEN":8,"LONG_LEN":8,"ABBREV_LEN":4,"TINY":-99,"HOMEPART":1,"MIN_ZOOM":0,"MIN_LABEL":4,"MAX_LABEL":9,"LABEL_X":-55.91094,"LABEL_Y":4.143987,"NE_ID":1159321281,"WIKIDATAID":"Q730","NAME_AR":"سورينام","NAME_BN":"সুরিনাম","NAME_DE":"Suriname","NAME_EN":"Suriname","NAME_ES":"Surinam","NAME_FA":"سورینام","NAME_FR":"Suriname","NAME_EL":"Σουρινάμ","NAME_HE":"סורינאם","NAME_HI":"सूरीनाम","NAME_HU":"Suriname","NAME_ID":"Suriname","NAME_IT":"Suriname","NAME_JA":"スリナム","NAME_KO":"수리남","NAME_NL":"Suriname","NAME_PL":"Surinam","NAME_PT":"Suriname","NAME_RU":"Суринам","NAME_SV":"Surinam","NAME_TR":"Surinam","NAME_UK":"Суринам","NAME_UR":"سرینام","NAME_VI":"Suriname","NAME_ZH":"苏里南","NAME_ZHT":"蘇利南","FCLASS_ISO":"Admin-0 country","TLC_DIFF":null,"FCLASS_TLC":"Admin-0 country","FCLASS_US":null,"FCLASS_FR":null,"FCLASS_RU":null,"FCLASS_ES":null,"FCLASS_CN":null,"FCLASS_TW":null,"FCLASS_IN":null,"FCLASS_NP":null,"FCLASS_PK":null,"FCLASS_DE":null,"FCLASS_GB":null,"FCLASS_BR":null,"FCLASS_IL":null,"FCLASS_PS":null,"FCLASS_SA":null,"FCLASS_EG":null,"FCLASS_MA":null,"FCLASS_PT":null,"FCLASS_AR":null,"FCLASS_JP":null,"FCLASS_KO":null,"FCLASS_VN":null,"FCLASS_TR":null,"FCLASS_ID":null,"FCLASS_PL":null,"FCLASS_GR":null,"FCLASS_IT":null,"FCLASS_NL":null,"FCLASS_SE":null,"FCLASS_BD":null,"FCLASS_UA":null},"geometry":{"type":"Polygon","coordinates":[[[5.725357494522719,32.16931798078156],[5.133655018646519,32.365181562403805],[4.636296426277828,32.29274512093449],[4.216503525307268,32.37762063200443],[4.10406596704803,32.13687627334438],[4.273809610746175,31.965492126156303],[4.174226623821297,31.795422460365312],[3.609506531348453,31.876778418797958],[2.9894490235966336,32.61865257391076],[2.8621315927307656,33.09187302390729],[2.525140799463029,33.09778435433401],[2.068288333894746,33.70575742099519],[2.2709232348831563,34.12874791187481],[2.216877477549156,34.3231087385211],[2.8668076650569696,34.52818651148171],[3.0543695142784366,35.25837576534419],[4.331454695198813,35.071024074293895],[4.451510484999446,35.21474425794066],[5.319198260900253,35.25119577853357],[6.459068722744834,34.99755068816602],[5.87055538377516,34.31359167865323],[5.928568311246234,33.748139794799826],[6.319821874288894,33.243930010382165],[6.118583521454496,32.892291363747695],[6.008299971707026,32.51334303732016],[5.725357494522719,32.16931798078156]]]}},{"type":"Feature","bbox":[-54.524754,2.053389,9.560016,51.148506],"properties":{"featurecla":"Admin-0 country","scalerank":1,"LABELRANK":2,"SOVEREIGNT":"France","SOV_A3":"FR1","ADM0_DIF":1,"LEVEL":2,"TYPE":"Country","TLC":"1","ADMIN":"France","ADM0_A3":"FRA","GEOU_DIF":0,"GEOUNIT":"France","GU_A3":"FRA","SU_DIF":0,"SUBUNIT":"France","SU_A3":"FRA","BRK_DIFF":0,"NAME":"France","NAME_LONG":"France","BRK_A3":"FRA","BRK_NAME":"France","BRK_GROUP":null,"ABBREV":"Fr.","POSTAL":"F","FORMAL_EN":"French Republic","FORMAL_FR":null,"NAME_CIAWF":"France","NOTE_ADM0":null,"NOTE_BRK":null,"NAME_SORT":"France","NAME_ALT":null,"MAPCOLOR7":7,"MAPCOLOR8":5,"MAPCOLOR9":9,"MAPCOLOR13":11,"POP_EST":67059887,"POP_RANK":16,"POP_YEAR":2019,"GDP_MD":2715518,"GDP_YEAR":2019,"ECONOMY":"1. Developed region: G7","INCOME_GRP":"1. High income: OECD","FIPS_10":"FR","ISO_A2":"-99","ISO_A2_EH":"FR","ISO_A3":"-99","ISO_A3_EH":"FRA","ISO_N3":"-99","ISO_N3_EH":"250","UN_A3":"250","WB_A2":"FR","WB_A3":"FRA","WOE_ID":-90,"WOE_ID_EH":23424819,"WOE_NOTE":"Includes only Metropolitan France (including Corsica)","ADM0_ISO":"FRA","ADM0_DIFF":null,"ADM0_TLC":"FRA","ADM0_A3_US":"FRA","ADM0_A3_FR":"FRA","ADM0_A3_RU":"FRA","ADM0_A3_ES":"FRA","ADM0_A3_CN":"FRA","ADM0_A3_TW":"FRA","ADM0_A3_IN":"FRA","ADM0_A3_NP":"FRA","ADM0_A3_PK":"FRA","ADM0_A3_DE":"FRA","ADM0_A3_GB":"FRA","ADM0_A3_BR":"FRA","ADM0_A3_IL":"FRA","ADM0_A3_PS":"FRA","ADM0_A3_SA":"FRA","ADM0_A3_EG":"FRA","ADM0_A3_MA":"FRA","ADM0_A3_PT":"FRA","ADM0_A3_AR":"FRA","ADM0_A3_JP":"FRA","ADM0_A3_KO":"FRA","ADM0_A3_VN":"FRA","ADM0_A3_TR":"FRA","ADM0_A3_ID":"FRA","ADM0_A3_PL":"FRA","ADM0_A3_GR":"FRA","ADM0_A3_IT":"FRA","ADM0_A3_NL":"FRA","ADM0_A3_SE":"FRA","ADM0_A3_BD":"FRA","ADM0_A3_UA":"FRA","ADM0_A3_UN":-99,"ADM0_A3_WB":-99,"CONTINENT":"Europe","REGION_UN":"Europe","SUBREGION":"Western Europe","REGION_WB":"Europe & Central Asia","NAME_LEN":6,"LONG_LEN":6,"ABBREV_LEN":3,"TINY":-99,"HOMEPART":1,"MIN_ZOOM":0,"MIN_LABEL":1.7,"MAX_LABEL":6.7,"LABEL_X":2.552275,"LABEL_Y":46.696113,"NE_ID":1159320637,"WIKIDATAID":"Q142","NAME_AR":"فرنسا","NAME_BN":"ফ্রান্স","NAME_DE":"Frankreich","NAME_EN":"France","NAME_ES":"Francia","NAME_FA":"فرانسه","NAME_FR":"France","NAME_EL":"Γαλλία","NAME_HE":"צרפת","NAME_HI":"फ़्रान्स","NAME_HU":"Franciaország","NAME_ID":"Prancis","NAME_IT":"Francia","NAME_JA":"フランス","NAME_KO":"프랑스","NAME_NL":"Frankrijk","NAME_PL":"Francja","NAME_PT":"França","NAME_RU":"Франция","NAME_SV":"Frankrike","NAME_TR":"Fransa","NAME_UK":"Франція","NAME_UR":"فرانس","NAME_VI":"Pháp","NAME_ZH":"法国","NAME_ZHT":"法國","FCLASS_ISO":"Admin-0 country","TLC_DIFF":null,"FCLASS_TLC":"Admin-0 country","FCLASS_US":null,"FCLASS_FR":null,"FCLASS_RU":null,"FCLASS_ES":null,"FCLASS_CN":null,"FCLASS_TW":null,"FCLASS_IN":null,"FCLASS_NP":null,"FCLASS_PK":null,"FCLASS_DE":null,"FCLASS_GB":null,"FCLASS_BR":null,"FCLASS_IL":null,"FCLASS_PS":null,"FCLASS_SA":null,"FCLASS_EG":null,"FCLASS_MA":null,"FCLASS_PT":null,"FCLASS_AR":null,"FCLASS_JP":null,"FCLASS_KO":null,"FCLASS_VN":null,"FCLASS_TR":null,"FCLASS_ID":null,"FCLASS_PL":null,"FCLASS_GR":null,"FCLASS_IT":null,"FCLASS_NL":null,"FCLASS_SE":null,"FCLASS_BD":null,"FCLASS_UA":null},"geometry":{"type":"MultiPolygon","coordinates":[[[[8.825112047744499,33.586387180992006],[8.151745680479857,32.855812471717925],[7.791809484744335,32.25422332663146],[7.372746884295409,31.951842701739842],[6.869906926933199,31.911461302792546],[6.739979837995221,32.15366338685914],[6.507977343268133,32.19736164066248],[6.173469078963205,31.980749710008013],[5.725357494522719,32.16931798078156],[6.008299971707026,32.51334303732016],[6.118583521454496,32.892291363747695],[6.319821874288894,33.243930010382165],[5.928568311246234,33.748139794799826],[5.87055538377516,34.31359167865323],[6.459068722744834,34.99755068816602],[6.817108962968593,34.895400490087596],[7.591639324685716,34.672689552087704],[8.672918653229043,33.932307282872095],[8.825112047744499,33.586387180992006]]],[],[]]}},{"type":"Feature","bbox":[-80.967765,-4.959129,-75.233723,1.380924],"properties":{"featurecla":"Admin-0 country","scalerank":1,"LABELRANK":3,"SOVEREIGNT":"Ecuador","SOV_A3":"ECU","ADM0_DIF":0,"LEVEL":2,"TYPE":"Sovereign country","TLC":"1","ADMIN":"Ecuador","ADM0_A3":"ECU","GEOU_DIF":0,"GEOUNIT":"Ecuador","GU_A3":"ECU","SU_DIF":0,"SUBUNIT":"Ecuador","SU_A3":"ECU","BRK_DIFF":0,"NAME":"Ecuador","NAME_LONG":"Ecuador","BRK_A3":"ECU","BRK_NAME":"Ecuador","BRK_GROUP":null,"ABBREV":"Ecu.","POSTAL":"EC","FORMAL_EN":"Republic of Ecuador","FORMAL_FR":null,"NAME_CIAWF":"Ecuador","NOTE_ADM0":null,"NOTE_BRK":null,"NAME_SORT":"Ecuador","NAME_ALT":null,"MAPCOLOR7":1,"MAPCOLOR8":5,"MAPCOLOR9":2,"MAPCOLOR13":12,"POP_EST":17373662,"POP_RANK":14,"POP_YEAR":2019,"GDP_MD":107435,"GDP_YEAR":2019,"ECONOMY":"6. Developing region","INCOME_GRP":"3. Upper middle income","FIPS_10":"EC","ISO_A2":"EC","ISO_A2_EH":"EC","ISO_A3":"ECU","ISO_A3_EH":"ECU","ISO_N3":"218","ISO_N3_EH":"218","UN_A3":"218","WB_A2":"EC","WB_A3":"ECU","WOE_ID":23424801,"WOE_ID_EH":23424801,"WOE_NOTE":"Exact WOE match as country","ADM0_ISO":"ECU","ADM0_DIFF":null,"ADM0_TLC":"ECU","ADM0_A3_US":"ECU","ADM0_A3_FR":"ECU","ADM0_A3_RU":"ECU","ADM0_A3_ES":"ECU","ADM0_A3_CN":"ECU","ADM0_A3_TW":"ECU","ADM0_A3_IN":"ECU","ADM0_A3_NP":"ECU","ADM0_A3_PK":"ECU","ADM0_A3_DE":"ECU","ADM0_A3_GB":"ECU","ADM0_A3_BR":"ECU","ADM0_A3_IL":"ECU","ADM0_A3_PS":"ECU","ADM0_A3_SA":"ECU","ADM0_A3_EG":"ECU","ADM0_A3_MA":"ECU","ADM0_A3_PT":"ECU","ADM0_A3_AR":"ECU","ADM0_A3_JP":"ECU","ADM0_A3_KO":"ECU","ADM0_A3_VN":"ECU","ADM0_A3_TR":"ECU","ADM0_A3_ID":"ECU","ADM0_A3_PL":"ECU","ADM0_A3_GR":"ECU","ADM0_A3_IT":"ECU","ADM0_A3_NL":"ECU","ADM0_A3_SE":"ECU","ADM0_A3_BD":"ECU","ADM0_A3_UA":"ECU","ADM0_A3_UN":-99,"ADM0_A3_WB":-99,"CONTINENT":"South America","REGION_UN":"Americas","SUBREGION":"South America","REGION_WB":"Latin America & Caribbean","NAME_LEN":7,"LONG_LEN":7,"ABBREV_LEN":4,"TINY":-99,"HOMEPART":1,"MIN_ZOOM":0,"MIN_LABEL":3,"MAX_LABEL":8,"LABEL_X":-78.188375,"LABEL_Y":-1.259076,"NE_ID":1159320567,"WIKIDATAID":"Q736","NAME_AR":"الإكوادور","NAME_BN":"ইকুয়েডর","NAME_DE":"Ecuador","NAME_EN":"Ecuador","NAME_ES":"Ecuador","NAME_FA":"اکوادور","NAME_FR":"Équateur","NAME_EL":"Εκουαδόρ","NAME_HE":"אקוודור","NAME_HI":"ईक्वाडोर","NAME_HU":"Ecuador","NAME_ID":"Ekuador","NAME_IT":"Ecuador","NAME_JA":"エクアドル","NAME_KO":"에콰도르","NAME_NL":"Ecuador","NAME_PL":"Ekwador","NAME_PT":"Equador","NAME_RU":"Эквадор","NAME_SV":"Ecuador","NAME_TR":"Ekvador","NAME_UK":"Еквадор","NAME_UR":"ایکواڈور","NAME_VI":"Ecuador","NAME_ZH":"厄瓜多尔","NAME_ZHT":"厄瓜多爾","FCLASS_ISO":"Admin-0 country","TLC_DIFF":null,"FCLASS_TLC":"Admin-0 country","FCLASS_US":null,"FCLASS_FR":null,"FCLASS_RU":null,"FCLASS_ES":null,"FCLASS_CN":null,"FCLASS_TW":null,"FCLASS_IN":null,"FCLASS_NP":null,"FCLASS_PK":null,"FCLASS_DE":null,"FCLASS_GB":null,"FCLASS_BR":null,"FCLASS_IL":null,"FCLASS_PS":null,"FCLASS_SA":null,"FCLASS_EG":null,"FCLASS_MA":null,"FCLASS_PT":null,"FCLASS_AR":null,"FCLASS_JP":null,"FCLASS_KO":null,"FCLASS_VN":null,"FCLASS_TR":null,"FCLASS_ID":null,"FCLASS_PL":null,"FCLASS_GR":null,"FCLASS_IT":null,"FCLASS_NL":null,"FCLASS_SE":null,"FCLASS_BD":null,"FCLASS_UA":null},"geometry":{"type":"Polygon","coordinates":[[[-15.792606372734928,29.4456979556277],[-15.571332454540759,28.803457423142365],[-15.819742534280373,28.209681508593032],[-16.806629804538385,27.186604928468842],[-17.967987616164667,26.712312986441592],[-18.473172758840235,25.874925459547114],[-18.576337111129806,25.253557305507734],[-19.08305399649161,24.820426175694923],[-19.56474795164856,25.220646281586458],[-19.97961094725388,25.267454838532228],[-20.378232403244755,25.144926628025598],[-20.45584469561456,25.467364354067758],[-20.20514789033874,25.71443748315991],[-20.380324369749033,26.068091453340124],[-19.94945347212687,26.792387269317842],[-20.22547043609072,27.148943265970143],[-20.54569458350908,26.694039277832847],[-21.208028998214438,27.00218480562367],[-21.043789165680614,27.2749440784757],[-21.342445915160816,28.04363619373215],[-21.00872952589518,28.219157722165473],[-20.908207673285514,28.78081922090397],[-20.61016550413093,29.381541600954986],[-20.737031141609766,29.722271308330992],[-20.20338873722849,29.9719485316498],[-19.547532714855077,30.391565769054825],[-18.44679559053816,30.017620451912883],[-18.257026128872297,30.05152121210666],[-17.955652341816116,29.709842106338904],[-17.06945487488629,29.6792686871363],[-16.795746735741265,29.844174984369925],[-16.256227277513005,29.608369370136444],[-15.792606372734928,29.4456979556277]]]}},{"type":"Feature","bbox":[11.640096,-17.930636,24.079905,-4.438023],"properties":{"featurecla":"Admin-0 country","scalerank":1,"LABELRANK":3,"SOVEREIGNT":"Angola","SOV_A3":"AGO","ADM0_DIF":0,"LEVEL":2,"TYPE":"Sovereign country","TLC":"1","ADMIN":"Angola","ADM0_A3":"AGO","GEOU_DIF":0,"GEOUNIT":"Angola","GU_A3":"AGO","SU_DIF":0,"SUBUNIT":"Angola","SU_A3":"AGO","BRK_DIFF":0,"NAME":"Angola","NAME_LONG":"Angola","BRK_A3":"AGO","BRK_NAME":"Angola","BRK_GROUP":null,"ABBREV":"Ang.","POSTAL":"AO","FORMAL_EN":"People's Republic of Angola","FORMAL_FR":null,"NAME_CIAWF":"Angola","NOTE_ADM0":null,"NOTE_BRK":null,"NAME_SORT":"Angola","NAME_ALT":null,"MAPCOLOR7":3,"MAPCOLOR8":2,"MAPCOLOR9":6,"MAPCOLOR13":1,"POP_EST":31825295,"POP_RANK":15,"POP_YEAR":2019,"GDP_MD":88815,"GDP_YEAR":2019,"ECONOMY":"7. Least developed region","INCOME_GRP":"3. Upper middle income","FIPS_10":"AO","ISO_A2":"AO","ISO_A2_EH":"AO","ISO_A3":"AGO","ISO_A3_EH":"AGO","ISO_N3":"024","ISO_N3_EH":"024","UN_A3":"024","WB_A2":"AO","WB_A3":"AGO","WOE_ID":23424745,"WOE_ID_EH":23424745,"WOE_NOTE":"Exact WOE match as country","ADM0_ISO":"AGO","ADM0_DIFF":null,"ADM0_TLC":"AGO","ADM0_A3_US":"AGO","ADM0_A3_FR":"AGO","ADM0_A3_RU":"AGO","ADM0_A3_ES":"AGO","ADM0_A3_CN":"AGO","ADM0_A3_TW":"AGO","ADM0_A3_IN":"AGO","ADM0_A3_NP":"AGO","ADM0_A3_PK":"AGO","ADM0_A3_DE":"AGO","ADM0_A3_GB":"AGO","ADM0_A3_BR":"AGO","ADM0_A3_IL":"AGO","ADM0_A3_PS":"AGO","ADM0_A3_SA":"AGO","ADM0_A3_EG":"AGO","ADM0_A3_MA":"AGO","ADM0_A3_PT":"AGO","ADM0_A3_AR":"AGO","ADM0_A3_JP":"AGO","ADM0_A3_KO":"AGO","ADM0_A3_VN":"AGO","ADM0_A3_TR":"AGO","ADM0_A3_ID":"AGO","ADM0_A3_PL":"AGO","ADM0_A3_GR":"AGO","ADM0_A3_IT":"AGO","ADM0_A3_NL":"AGO","ADM0_A3_SE":"AGO","ADM0_A3_BD":"AGO","ADM0_A3_UA":"AGO","ADM0_A3_UN":-99,"ADM0_A3_WB":-99,"CONTINENT":"Africa","REGION_UN":"Africa","SUBREGION":"Middle Africa","REGION_WB":"Sub-Saharan Africa","NAME_LEN":6,"LONG_LEN":6,"ABBREV_LEN":4,"TINY":-99,"HOMEPART":1,"MIN_ZOOM":0,"MIN_LABEL":3,"MAX_LABEL":7,"LABEL_X":17.984249,"LABEL_Y":-12.182762,"NE_ID":1159320323,"WIKIDATAID":"Q916","NAME_AR":"أنغولا","NAME_BN":"অ্যাঙ্গোলা","NAME_DE":"Angola","NAME_EN":"Angola","NAME_ES":"Angola","NAME_FA":"آنگولا","NAME_FR":"Angola","NAME_EL":"Ανγκόλα","NAME_HE":"אנגולה","NAME_HI":"अंगोला","NAME_HU":"Angola","NAME_ID":"Angola","NAME_IT":"Angola","NAME_JA":"アンゴラ","NAME_KO":"앙골라","NAME_NL":"Angola","NAME_PL":"Angola","NAME_PT":"Angola","NAME_RU":"Ангола","NAME_SV":"Angola","NAME_TR":"Angola","NAME_UK":"Ангола","NAME_UR":"انگولا","NAME_VI":"Angola","NAME_ZH":"安哥拉","NAME_ZHT":"安哥拉","FCLASS_ISO":"Admin-0 country","TLC_DIFF":null,"FCLASS_TLC":"Admin-0 country","FCLASS_US":null,"FCLASS_FR":null,"FCLASS_RU":null,"FCLASS_ES":null,"FCLASS_CN":null,"FCLASS_TW":null,"FCLASS_IN":null,"FCLASS_NP":null,"FCLASS_PK":null,"FCLASS_DE":null,"FCLASS_GB":null,"FCLASS_BR":null,"FCLASS_IL":null,"FCLASS_PS":null,"FCLASS_SA":null,"FCLASS_EG":null,"FCLASS_MA":null,"FCLASS_PT":null,"FCLASS_AR":null,"FCLASS_JP":null,"FCLASS_KO":null,"FCLASS_VN":null,"FCLASS_TR":null,"FCLASS_ID":null,"FCLASS_PL":null,"FCLASS_GR":null,"FCLASS_IT":null,"FCLASS_NL":null,"FCLASS_SE":null,"FCLASS_BD":null,"FCLASS_UA":null},"geometry":{"type":"MultiPolygon","coordinates":[[],[]]}},{"type":"Feature","bbox":[52.00001,16.651051,59.80806,26.395934],"properties":{"featurecla":"Admin-0 country","scalerank":1,"LABELRANK":4,"SOVEREIGNT":"Oman","SOV_A3":"OMN","ADM0_DIF":0,"LEVEL":2,"TYPE":"Sovereign country","TLC":"1","ADMIN":"Oman","ADM0_A3":"OMN","GEOU_DIF":0,"GEOUNIT":"Oman","GU_A3":"OMN","SU_DIF":0,"SUBUNIT":"Oman","SU_A3":"OMN","BRK_DIFF":0,"NAME":"Oman","NAME_LONG":"Oman","BRK_A3":"OMN","BRK_NAME":"Oman","BRK_GROUP":null,"ABBREV":"Oman","POSTAL":"OM","FORMAL_EN":"Sultanate of Oman","FORMAL_FR":null,"NAME_CIAWF":"Oman","NOTE_ADM0":null,"NOTE_BRK":null,"NAME_SORT":"Oman","NAME_ALT":null,"MAPCOLOR7":1,"MAPCOLOR8":4,"MAPCOLOR9":1,"MAPCOLOR13":6,"POP_EST":4974986,"POP_RANK":12,"POP_YEAR":2019,"GDP_MD":76331,"GDP_YEAR":2019,"ECONOMY":"6. Developing region","INCOME_GRP":"2. High income: nonOECD","FIPS_10":"MU","ISO_A2":"OM","ISO_A2_EH":"OM","ISO_A3":"OMN","ISO_A3_EH":"OMN","ISO_N3":"512","ISO_N3_EH":"512","UN_A3":"512","WB_A2":"OM","WB_A3":"OMN","WOE_ID":23424898,"WOE_ID_EH":23424898,"WOE_NOTE":"Exact WOE match as country","ADM0_ISO":"OMN","ADM0_DIFF":null,"ADM0_TLC":"OMN","ADM0_A3_US":"OMN","ADM0_A3_FR":"OMN","ADM0_A3_RU":"OMN","ADM0_A3_ES":"OMN","ADM0_A3_CN":"OMN","ADM0_A3_TW":"OMN","ADM0_A3_IN":"OMN","ADM0_A3_NP":"OMN","ADM0_A3_PK":"OMN","ADM0_A3_DE":"OMN","ADM0_A3_GB":"OMN","ADM0_A3_BR":"OMN","ADM0_A3_IL":"OMN","ADM0_A3_PS":"OMN","ADM0_A3_SA":"OMN","ADM0_A3_EG":"OMN","ADM0_A3_MA":"OMN","ADM0_A3_PT":"OMN","ADM0_A3_AR":"OMN","ADM0_A3_JP":"OMN","ADM0_A3_KO":"OMN","ADM0_A3_VN":"OMN","ADM0_A3_TR":"OMN","ADM0_A3_ID":"OMN","ADM0_A3_PL":"OMN","ADM0_A3_GR":"OMN","ADM0_A3_IT":"OMN","ADM0_A3_NL":"OMN","ADM0_A3_SE":"OMN","ADM0_A3_BD":"OMN","ADM0_A3_UA":"OMN","ADM0_A3_UN":-99,"ADM0_A3_WB":-99,"CONTINENT":"Asia","REGION_UN":"Asia","SUBREGION":"Western Asia","REGION_WB":"Middle East & North Africa","NAME_LEN":4,"LONG_LEN":4,"ABBREV_LEN":4,"TINY":-99,"HOMEPART":1,"MIN_ZOOM":0,"MIN_LABEL":4,"MAX_LABEL":9,"LABEL_X":57.336553,"LABEL_Y":22.120427,"NE_ID":1159321151,"WIKIDATAID":"Q842","NAME_AR":"سلطنة عمان","NAME_BN":"ওমান","NAME_DE":"Oman","NAME_EN":"Oman","NAME_ES":"Omán","NAME_FA":"عمان","NAME_FR":"Oman","NAME_EL":"Ομάν","NAME_HE":"עומאן","NAME_HI":"ओमान","NAME_HU":"Omán","NAME_ID":"Oman","NAME_IT":"Oman","NAME_JA":"オマーン","NAME_KO":"오만","NAME_NL":"Oman","NAME_PL":"Oman","NAME_PT":"Omã","NAME_RU":"Оман","NAME_SV":"Oman","NAME_TR":"Umman","NAME_UK":"Оман","NAME_UR":"عمان","NAME_VI":"Oman","NAME_ZH":"阿曼","NAME_ZHT":"阿曼","FCLASS_ISO":"Admin-0 country","TLC_DIFF":null,"FCLASS_TLC":"Admin-0 country","FCLASS_US":null,"FCLASS_FR":null,"FCLASS_RU":null,"FCLASS_ES":null,"FCLASS_CN":null,"FCLASS_TW":null,"FCLASS_IN":null,"FCLASS_NP":null,"FCLASS_PK":null,"FCLASS_DE":null,"FCLASS_GB":null,"FCLASS_BR":null,"FCLASS_IL":null,"FCLASS_PS":null,"FCLASS_SA":null,"FCLASS_EG":null,"FCLASS_MA":null,"FCLASS_PT":null,"FCLASS_AR":null,"FCLASS_JP":null,"FCLASS_KO":null,"FCLASS_VN":null,"FCLASS_TR":null,"FCLASS_ID":null,"FCLASS_PL":null,"FCLASS_GR":null,"FCLASS_IT":null,"FCLASS_NL":null,"FCLASS_SE":null,"FCLASS_BD":null,"FCLASS_UA":null},"geometry":{"type":"MultiPolygon","coordinates":[[],[]]}},{"type":"Feature","bbox":[166.629137,-16.59785,167.844877,-14.626497],"properties":{"featurecla":"Admin-0 country","scalerank":1,"LABELRANK":4,"SOVEREIGNT":"Vanuatu","SOV_A3":"VUT","ADM0_DIF":0,"LEVEL":2,"TYPE":"Sovereign country","TLC":"1","ADMIN":"Vanuatu","ADM0_A3":"VUT","GEOU_DIF":0,"GEOUNIT":"Vanuatu","GU_A3":"VUT","SU_DIF":0,"SUBUNIT":"Vanuatu","SU_A3":"VUT","BRK_DIFF":0,"NAME":"Vanuatu","NAME_LONG":"Vanuatu","BRK_A3":"VUT","BRK_NAME":"Vanuatu","BRK_GROUP":null,"ABBREV":"Van.","POSTAL":"VU","FORMAL_EN":"Republic of Vanuatu","FORMAL_FR":null,"NAME_CIAWF":"Vanuatu","NOTE_ADM0":null,"NOTE_BRK":null,"NAME_SORT":"Vanuatu","NAME_ALT":null,"MAPCOLOR7":6,"MAPCOLOR8":3,"MAPCOLOR9":7,"MAPCOLOR13":3,"POP_EST":299882,"POP_RANK":10,"POP_YEAR":2019,"GDP_MD":934,"GDP_YEAR":2019,"ECONOMY":"7. Least developed region","INCOME_GRP":"4. Lower middle income","FIPS_10":"NH","ISO_A2":"VU","ISO_A2_EH":"VU","ISO_A3":"VUT","ISO_A3_EH":"VUT","ISO_N3":"548","ISO_N3_EH":"548","UN_A3":"548","WB_A2":"VU","WB_A3":"VUT","WOE_ID":23424907,"WOE_ID_EH":23424907,"WOE_NOTE":"Exact WOE match as country","ADM0_ISO":"VUT","ADM0_DIFF":null,"ADM0_TLC":"VUT","ADM0_A3_US":"VUT","ADM0_A3_FR":"VUT","ADM0_A3_RU":"VUT","ADM0_A3_ES":"VUT","ADM0_A3_CN":"VUT","ADM0_A3_TW":"VUT","ADM0_A3_IN":"VUT","ADM0_A3_NP":"VUT","ADM0_A3_PK":"VUT","ADM0_A3_DE":"VUT","ADM0_A3_GB":"VUT","ADM0_A3_BR":"VUT","ADM0_A3_IL":"VUT","ADM0_A3_PS":"VUT","ADM0_A3_SA":"VUT","ADM0_A3_EG":"VUT","ADM0_A3_MA":"VUT","ADM0_A3_PT":"VUT","ADM0_A3_AR":"VUT","ADM0_A3_JP":"VUT","ADM0_A3_KO":"VUT","ADM0_A3_VN":"VUT","ADM0_A3_TR":"VUT","ADM0_A3_ID":"VUT","ADM0_A3_PL":"VUT","ADM0_A3_GR":"VUT","ADM0_A3_IT":"VUT","ADM0_A3_NL":"VUT","ADM0_A3_SE":"VUT","ADM0_A3_BD":"VUT","ADM0_A3_UA":"VUT","ADM0_A3_UN":-99,"ADM0_A3_WB":-99,"CONTINENT":"Oceania","REGION_UN":"Oceania","SUBREGION":"Melanesia","REGION_WB":"East Asia & Pacific","NAME_LEN":7,"LONG_LEN":7,"ABBREV_LEN":4,"TINY":2,"HOMEPART":1,"MIN_ZOOM":0,"MIN_LABEL":4,"MAX_LABEL":9,"LABEL_X":166.908762,"LABEL_Y":-15.37153,"NE_ID":1159321421,"WIKIDATAID":"Q686","NAME_AR":"فانواتو","NAME_BN":"ভানুয়াতু","NAME_DE":"Vanuatu","NAME_EN":"Vanuatu","NAME_ES":"Vanuatu","NAME_FA":"وانواتو","NAME_FR":"Vanuatu","NAME_EL":"Βανουάτου","NAME_HE":"ונואטו","NAME_HI":"वानूआटू","NAME_HU":"Vanuatu","NAME_ID":"Vanuatu","NAME_IT":"Vanuatu","NAME_JA":"バヌアツ","NAME_KO":"바누아투","NAME_NL":"Vanuatu","NAME_PL":"Vanuatu","NAME_PT":"Vanuatu","NAME_RU":"Вануату","NAME_SV":"Vanuatu","NAME_TR":"Vanuatu","NAME_UK":"Вануату","NAME_UR":"وانواتو","NAME_VI":"Vanuatu","NAME_ZH":"瓦努阿图","NAME_ZHT":"萬那杜","FCLASS_ISO":"Admin-0 country","TLC_DIFF":null,"FCLASS_TLC":"Admin-0 country","FCLASS_US":null,"FCLASS_FR":null,"FCLASS_RU":null,"FCLASS_ES":null,"FCLASS_CN":null,"FCLASS_TW":null,"FCLASS_IN":null,"FCLASS_NP":null,"FCLASS_PK":null,"FCLASS_DE":null,"FCLASS_GB":null,"FCLASS_BR":null,"FCLASS_IL":null,"FCLASS_PS":null,"FCLASS_SA":null,"FCLASS_EG":null,"FCLASS_MA":null,"FCLASS_PT":null,"FCLASS_AR":null,"FCLASS_JP":null,"FCLASS_KO":null,"FCLASS_VN":null,"FCLASS_TR":null,"FCLASS_ID":null,"FCLASS_PL":null,"FCLASS_GR":null,"FCLASS_IT":null,"FCLASS_NL":null,"FCLASS_SE":null,"FCLASS_BD":null,"FCLASS_UA":null},"geometry":{"type":"MultiPolygon","coordinates":[[],[]]}},{"type":"Feature","bbox":[124.265625,37.669071,130.780007,42.985387],"properties":{"featurecla":"Admin-0 country","scalerank":1,"LABELRANK":3,"SOVEREIGNT":"North Korea","SOV_A3":"PRK","ADM0_DIF":0,"LEVEL":2,"TYPE":"Sovereign country","TLC":"1","ADMIN":"North Korea","ADM0_A3":"PRK","GEOU_DIF":0,"GEOUNIT":"North Korea","GU_A3":"PRK","SU_DIF":0,"SUBUNIT":"North Korea","SU_A3":"PRK","BRK_DIFF":0,"NAME":"North Korea","NAME_LONG":"Dem. Rep. Korea","BRK_A3":"PRK","BRK_NAME":"Dem. Rep. Korea","BRK_GROUP":null,"ABBREV":"N.K.","POSTAL":"KP","FORMAL_EN":"Democratic People's Republic of Korea","FORMAL_FR":null,"NAME_CIAWF":"Korea, North","NOTE_ADM0":null,"NOTE_BRK":null,"NAME_SORT":"Korea, Dem. Rep.","NAME_ALT":null,"MAPCOLOR7":3,"MAPCOLOR8":5,"MAPCOLOR9":3,"MAPCOLOR13":9,"POP_EST":25666161,"POP_RANK":15,"POP_YEAR":2019,"GDP_MD":40000,"GDP_YEAR":2016,"ECONOMY":"7. Least developed region","INCOME_GRP":"5. Low income","FIPS_10":"KN","ISO_A2":"KP","ISO_A2_EH":"KP","ISO_A3":"PRK","ISO_A3_EH":"PRK","ISO_N3":"408","ISO_N3_EH":"408","UN_A3":"408","WB_A2":"KP","WB_A3":"PRK","WOE_ID":23424865,"WOE_ID_EH":23424865,"WOE_NOTE":"Exact WOE match as country","ADM0_ISO":"PRK","ADM0_DIFF":null,"ADM0_TLC":"PRK","ADM0_A3_US":"PRK","ADM0_A3_FR":"PRK","ADM0_A3_RU":"PRK","ADM0_A3_ES":"PRK","ADM0_A3_CN":"PRK","ADM0_A3_TW":"PRK","ADM0_A3_IN":"PRK","ADM0_A3_NP":"PRK","ADM0_A3_PK":"PRK","ADM0_A3_DE":"PRK","ADM0_A3_GB":"PRK","ADM0_A3_BR":"PRK","ADM0_A3_IL":"PRK","ADM0_A3_PS":"PRK","ADM0_A3_SA":"PRK","ADM0_A3_EG":"PRK","ADM0_A3_MA":"PRK","ADM0_A3_PT":"PRK","ADM0_A3_AR":"PRK","ADM0_A3_JP":"PRK","ADM0_A3_KO":"PRK","ADM0_A3_VN":"PRK","ADM0_A3_TR":"PRK","ADM0_A3_ID":"PRK","ADM0_A3_PL":"PRK","ADM0_A3_GR":"PRK","ADM0_A3_IT":"PRK","ADM0_A3_NL":"PRK","ADM0_A3_SE":"PRK","ADM0_A3_BD":"PRK","ADM0_A3_UA":"PRK","ADM0_A3_UN":-99,"ADM0_A3_WB":-99,"CONTINENT":"Asia","REGION_UN":"Asia","SUBREGION":"Eastern Asia","REGION_WB":"East Asia & Pacific","NAME_LEN":11,"LONG_LEN":15,"ABBREV_LEN":4,"TINY":-99,"HOMEPART":1,"MIN_ZOOM":0,"MIN_LABEL":3,"MAX_LABEL":8,"LABEL_X":126.444516,"LABEL_Y":39.885252,"NE_ID":1159321181,"WIKIDATAID":"Q423","NAME_AR":"كوريا الشمالية","NAME_BN":"উত্তর কোরিয়া","NAME_DE":"Nordkorea","NAME_EN":"North Korea","NAME_ES":"Corea del Norte","NAME_FA":"کره شمالی","NAME_FR":"Corée du Nord","NAME_EL":"Βόρεια Κορέα","NAME_HE":"קוריאה הצפונית","NAME_HI":"उत्तर कोरिया","NAME_HU":"Észak-Korea","NAME_ID":"Korea Utara","NAME_IT":"Corea del Nord","NAME_JA":"朝鮮民主主義人民共和国","NAME_KO":"조선민주주의인민공화국","NAME_NL":"Noord-Korea","NAME_PL":"Korea Północna","NAME_PT":"Coreia do Norte","NAME_RU":"КНДР","NAME_SV":"Nordkorea","NAME_TR":"Kuzey Kore","NAME_UK":"Корейська Народно-Демократична Республіка","NAME_UR":"شمالی کوریا","NAME_VI":"Cộng hòa Dân chủ Nhân dân Triều Tiên","NAME_ZH":"朝鲜民主主义人民共和国","NAME_ZHT":"朝鮮民主主義人民共和國","FCLASS_ISO":"Admin-0 country","TLC_DIFF":null,"FCLASS_TLC":"Admin-0 country","FCLASS_US":null,"FCLASS_FR":null,"FCLASS_RU":null,"FCLASS_ES":null,"FCLASS_CN":null,"FCLASS_TW":null,"FCLASS_IN":null,"FCLASS_NP":null,"FCLASS_PK":null,"FCLASS_DE":null,"FCLASS_GB":null,"FCLASS_BR":null,"FCLASS_IL":null,"FCLASS_PS":null,"FCLASS_SA":null,"FCLASS_EG":null,"FCLASS_MA":null,"FCLASS_PT":null,"FCLASS_AR":null,"FCLASS_JP":null,"FCLASS_KO":null,"FCLASS_VN":null,"FCLASS_TR":null,"FCLASS_ID":null,"FCLASS_PL":null,"FCLASS_GR":null,"FCLASS_IT":null,"FCLASS_NL":null,"FCLASS_SE":null,"FCLASS_BD":null,"FCLASS_UA":null},"geometry":{"type":"MultiPolygon","coordinates":[[],[]]}},{"type":"Feature","bbox":[20.150016,34.919988,26.604196,41.826905],"properties":{"featurecla":"Admin-0 country","scalerank":1,"LABELRANK":3,"SOVEREIGNT":"Greece","SOV_A3":"GRC","ADM0_DIF":0,"LEVEL":2,"TYPE":"Sovereign country","TLC":"1","ADMIN":"Greece","ADM0_A3":"GRC","GEOU_DIF":0,"GEOUNIT":"Greece","GU_A3":"GRC","SU_DIF":0,"SUBUNIT":"Greece","SU_A3":"GRC","BRK_DIFF":0,"NAME":"Greece","NAME_LONG":"Greece","BRK_A3":"GRC","BRK_NAME":"Greece","BRK_GROUP":null,"ABBREV":"Greece","POSTAL":"GR","FORMAL_EN":"Hellenic Republic","FORMAL_FR":null,"NAME_CIAWF":"Greece","NOTE_ADM0":null,"NOTE_BRK":null,"NAME_SORT":"Greece","NAME_ALT":null,"MAPCOLOR7":2,"MAPCOLOR8":2,"MAPCOLOR9":2,"MAPCOLOR13":9,"POP_EST":10716322,"POP_RANK":14,"POP_YEAR":2019,"GDP_MD":209852,"GDP_YEAR":2019,"ECONOMY":"2. Developed region: nonG7","INCOME_GRP":"1. High income: OECD","FIPS_10":"GR","ISO_A2":"GR","ISO_A2_EH":"GR","ISO_A3":"GRC","ISO_A3_EH":"GRC","ISO_N3":"300","ISO_N3_EH":"300","UN_A3":"300","WB_A2":"GR","WB_A3":"GRC","WOE_ID":23424833,"WOE_ID_EH":23424833,"WOE_NOTE":"Exact WOE match as country","ADM0_ISO":"GRC","ADM0_DIFF":null,"ADM0_TLC":"GRC","ADM0_A3_US":"GRC","ADM0_A3_FR":"GRC","ADM0_A3_RU":"GRC","ADM0_A3_ES":"GRC","ADM0_A3_CN":"GRC","ADM0_A3_TW":"GRC","ADM0_A3_IN":"GRC","ADM0_A3_NP":"GRC","ADM0_A3_PK":"GRC","ADM0_A3_DE":"GRC","ADM0_A3_GB":"GRC","ADM0_A3_BR":"GRC","ADM0_A3_IL":"GRC","ADM0_A3_PS":"GRC","ADM0_A3_SA":"GRC","ADM0_A3_EG":"GRC","ADM0_A3_MA":"GRC","ADM0_A3_PT":"GRC","ADM0_A3_AR":"GRC","ADM0_A3_JP":"GRC","ADM0_A3_KO":"GRC","ADM0_A3_VN":"GRC","ADM0_A3_TR":"GRC","ADM0_A3_ID":"GRC","ADM0_A3_PL":"GRC","ADM0_A3_GR":"GRC","ADM0_A3_IT":"GRC","ADM0_A3_NL":"GRC","ADM0_A3_SE":"GRC","ADM0_A3_BD":"GRC","ADM0_A3_UA":"GRC","ADM0_A3_UN":-99,"ADM0_A3_WB":-99,"CONTINENT":"Europe","REGION_UN":"Europe","SUBREGION":"Southern Europe","REGION_WB":"Europe & Central Asia","NAME_LEN":6,"LONG_LEN":6,"ABBREV_LEN":6,"TINY":-99,"HOMEPART":1,"MIN_ZOOM":0,"MIN_LABEL":2.7,"MAX_LABEL":8,"LABEL_X":21.72568,"LABEL_Y":39.492763,"NE_ID":1159320811,"WIKIDATAID":"Q41","NAME_AR":"اليونان","NAME_BN":"গ্রিস","NAME_DE":"Griechenland","NAME_EN":"Greece","NAME_ES":"Grecia","NAME_FA":"یونان","NAME_FR":"Grèce","NAME_EL":"Ελλάδα","NAME_HE":"יוון","NAME_HI":"यूनान","NAME_HU":"Görögország","NAME_ID":"Yunani","NAME_IT":"Grecia","NAME_JA":"ギリシャ","NAME_KO":"그리스","NAME_NL":"Griekenland","NAME_PL":"Grecja","NAME_PT":"Grécia","NAME_RU":"Греция","NAME_SV":"Grekland","NAME_TR":"Yunanistan","NAME_UK":"Греція","NAME_UR":"یونان","NAME_VI":"Hy Lạp","NAME_ZH":"希腊","NAME_ZHT":"希臘","FCLASS_ISO":"Admin-0 country","TLC_DIFF":null,"FCLASS_TLC":"Admin-0 country","FCLASS_US":null,"FCLASS_FR":null,"FCLASS_RU":null,"FCLASS_ES":null,"FCLASS_CN":null,"FCLASS_TW":null,"FCLASS_IN":null,"FCLASS_NP":null,"FCLASS_PK":null,"FCLASS_DE":null,"FCLASS_GB":null,"FCLASS_BR":null,"FCLASS_IL":null,"FCLASS_PS":null,"FCLASS_SA":null,"FCLASS_EG":null,"FCLASS_MA":null,"FCLASS_PT":null,"FCLASS_AR":null,"FCLASS_JP":null,"FCLASS_KO":null,"FCLASS_VN":null,"FCLASS_TR":null,"FCLASS_ID":null,"FCLASS_PL":null,"FCLASS_GR":null,"FCLASS_IT":null,"FCLASS_NL":null,"FCLASS_SE":null,"FCLASS_BD":null,"FCLASS_UA":null},"geometry":{"type":"MultiPolygon","coordinates":[[],[]]}},{"type":"Feature","bbox":[26.043351,35.821535,44.79399,42.141485],"properties":{"featurecla":"Admin-0 country","scalerank":1,"LABELRANK":2,"SOVEREIGNT":"Turkey","SOV_A3":"TUR","ADM0_DIF":0,"LEVEL":2,"TYPE":"Sovereign country","TLC":"1","ADMIN":"Turkey","ADM0_A3":"TUR","GEOU_DIF":0,"GEOUNIT":"Turkey","GU_A3":"TUR","SU_DIF":0,"SUBUNIT":"Turkey","SU_A3":"TUR","BRK_DIFF":0,"NAME":"Turkey","NAME_LONG":"Turkey","BRK_A3":"TUR","BRK_NAME":"Turkey","BRK_GROUP":null,"ABBREV":"Tur.","POSTAL":"TR","FORMAL_EN":"Republic of Turkey","FORMAL_FR":null,"NAME_CIAWF":"Turkey","NOTE_ADM0":null,"NOTE_BRK":null,"NAME_SORT":"Turkey","NAME_ALT":null,"MAPCOLOR7":6,"MAPCOLOR8":3,"MAPCOLOR9":8,"MAPCOLOR13":4,"POP_EST":83429615,"POP_RANK":16,"POP_YEAR":2019,"GDP_MD":761425,"GDP_YEAR":2019,"ECONOMY":"4. Emerging region: MIKT","INCOME_GRP":"3. Upper middle income","FIPS_10":"TU","ISO_A2":"TR","ISO_A2_EH":"TR","ISO_A3":"TUR","ISO_A3_EH":"TUR","ISO_N3":"792","ISO_N3_EH":"792","UN_A3":"792","WB_A2":"TR","WB_A3":"TUR","WOE_ID":23424969,"WOE_ID_EH":23424969,"WOE_NOTE":"Exact WOE match as country","ADM0_ISO":"TUR","ADM0_DIFF":null,"ADM0_TLC":"TUR","ADM0_A3_US":"TUR","ADM0_A3_FR":"TUR","ADM0_A3_RU":"TUR","ADM0_A3_ES":"TUR","ADM0_A3_CN":"TUR","ADM0_A3_TW":"TUR","ADM0_A3_IN":"TUR","ADM0_A3_NP":"TUR","ADM0_A3_PK":"TUR","ADM0_A3_DE":"TUR","ADM0_A3_GB":"TUR","ADM0_A3_BR":"TUR","ADM0_A3_IL":"TUR","ADM0_A3_PS":"TUR","ADM0_A3_SA":"TUR","ADM0_A3_EG":"TUR","ADM0_A3_MA":"TUR","ADM0_A3_PT":"TUR","ADM0_A3_AR":"TUR","ADM0_A3_JP":"TUR","ADM0_A3_KO":"TUR","ADM0_A3_VN":"TUR","ADM0_A3_TR":"TUR","ADM0_A3_ID":"TUR","ADM0_A3_PL":"TUR","ADM0_A3_GR":"TUR","ADM0_A3_IT":"TUR","ADM0_A3_NL":"TUR","ADM0_A3_SE":"TUR","ADM0_A3_BD":"TUR","ADM0_A3_UA":"TUR","ADM0_A3_UN":-99,"ADM0_A3_WB":-99,"CONTINENT":"Asia","REGION_UN":"Asia","SUBREGION":"Western Asia","REGION_WB":"Europe & Central Asia","NAME_LEN":6,"LONG_LEN":6,"ABBREV_LEN":4,"TINY":-99,"HOMEPART":1,"MIN_ZOOM":0,"MIN_LABEL":2,"MAX_LABEL":7,"LABEL_X":34.508268,"LABEL_Y":39.345388,"NE_ID":1159321331,"WIKIDATAID":"Q43","NAME_AR":"تركيا","NAME_BN":"তুরস্ক","NAME_DE":"Türkei","NAME_EN":"Turkey","NAME_ES":"Turquía","NAME_FA":"ترکیه","NAME_FR":"Turquie","NAME_EL":"Τουρκία","NAME_HE":"טורקיה","NAME_HI":"तुर्की","NAME_HU":"Törökország","NAME_ID":"Turki","NAME_IT":"Turchia","NAME_JA":"トルコ","NAME_KO":"터키","NAME_NL":"Turkije","NAME_PL":"Turcja","NAME_PT":"Turquia","NAME_RU":"Турция","NAME_SV":"Turkiet","NAME_TR":"Türkiye","NAME_UK":"Туреччина","NAME_UR":"ترکی","NAME_VI":"Thổ Nhĩ Kỳ","NAME_ZH":"土耳其","NAME_ZHT":"土耳其","FCLASS_ISO":"Admin-0 country","TLC_DIFF":null,"FCLASS_TLC":"Admin-0 country","FCLASS_US":null,"FCLASS_FR":null,"FCLASS_RU":null,"FCLASS_ES":null,"FCLASS_CN":null,"FCLASS_TW":null,"FCLASS_IN":null,"FCLASS_NP":null,"FCLASS_PK":null,"FCLASS_DE":null,"FCLASS_GB":null,"FCLASS_BR":null,"FCLASS_IL":null,"FCLASS_PS":null,"FCLASS_SA":null,"FCLASS_EG":null,"FCLASS_MA":null,"FCLASS_PT":null,"FCLASS_AR":null,"FCLASS_JP":null,"FCLASS_KO":null,"FCLASS_VN":null,"FCLASS_TR":null,"FCLASS_ID":null,"FCLASS_PL":null,"FCLASS_GR":null,"FCLASS_IT":null,"FCLASS_NL":null,"FCLASS_SE":null,"FCLASS_BD":null,"FCLASS_UA":null},"geometry":{"type":"MultiPolygon","coordinates":[[],[]]}},{"type":"Feature","bbox":[156.491358,-10.826367,162.398646,-6.599338],"properties":{"featurecla":"Admin-0 country","scalerank":1,"LABELRANK":3,"SOVEREIGNT":"Solomon Islands","SOV_A3":"SLB","ADM0_DIF":0,"LEVEL":2,"TYPE":"Sovereign country","TLC":"1","ADMIN":"Solomon Islands","ADM0_A3":"SLB","GEOU_DIF":0,"GEOUNIT":"Solomon Islands","GU_A3":"SLB","SU_DIF":0,"SUBUNIT":"Solomon Islands","SU_A3":"SLB","BRK_DIFF":0,"NAME":"Solomon Is.","NAME_LONG":"Solomon Islands","BRK_A3":"SLB","BRK_NAME":"Solomon Is.","BRK_GROUP":null,"ABBREV":"S. Is.","POSTAL":"SB","FORMAL_EN":null,"FORMAL_FR":null,"NAME_CIAWF":"Solomon Islands","NOTE_ADM0":null,"NOTE_BRK":null,"NAME_SORT":"Solomon Islands","NAME_ALT":null,"MAPCOLOR7":1,"MAPCOLOR8":4,"MAPCOLOR9":1,"MAPCOLOR13":6,"POP_EST":669823,"POP_RANK":11,"POP_YEAR":2019,"GDP_MD":1589,"GDP_YEAR":2019,"ECONOMY":"7. Least developed region","INCOME_GRP":"4. Lower middle income","FIPS_10":"BP","ISO_A2":"SB","ISO_A2_EH":"SB","ISO_A3":"SLB","ISO_A3_EH":"SLB","ISO_N3":"090","ISO_N3_EH":"090","UN_A3":"090","WB_A2":"SB","WB_A3":"SLB","WOE_ID":23424766,"WOE_ID_EH":23424766,"WOE_NOTE":"Exact WOE match as country","ADM0_ISO":"SLB","ADM0_DIFF":null,"ADM0_TLC":"SLB","ADM0_A3_US":"SLB","ADM0_A3_FR":"SLB","ADM0_A3_RU":"SLB","ADM0_A3_ES":"SLB","ADM0_A3_CN":"SLB","ADM0_A3_TW":"SLB","ADM0_A3_IN":"SLB","ADM0_A3_NP":"SLB","ADM0_A3_PK":"SLB","ADM0_A3_DE":"SLB","ADM0_A3_GB":"SLB","ADM0_A3_BR":"SLB","ADM0_A3_IL":"SLB","ADM0_A3_PS":"SLB","ADM0_A3_SA":"SLB","ADM0_A3_EG":"SLB","ADM0_A3_MA":"SLB","ADM0_A3_PT":"SLB","ADM0_A3_AR":"SLB","ADM0_A3_JP":"SLB","ADM0_A3_KO":"SLB","ADM0_A3_VN":"SLB","ADM0_A3_TR":"SLB","ADM0_A3_ID":"SLB","ADM0_A3_PL":"SLB","ADM0_A3_GR":"SLB","ADM0_A3_IT":"SLB","ADM0_A3_NL":"SLB","ADM0_A3_SE":"SLB","ADM0_A3_BD":"SLB","ADM0_A3_UA":"SLB","ADM0_A3_UN":-99,"ADM0_A3_WB":-99,"CONTINENT":"Oceania","REGION_UN":"Oceania","SUBREGION":"Melanesia","REGION_WB":"East Asia & Pacific","NAME_LEN":11,"LONG_LEN":15,"ABBREV_LEN":6,"TINY":-99,"HOMEPART":1,"MIN_ZOOM":0,"MIN_LABEL":3,"MAX_LABEL":8,"LABEL_X":159.170468,"LABEL_Y":-8.029548,"NE_ID":1159321249,"WIKIDATAID":"Q685","NAME_AR":"جزر سليمان","NAME_BN":"সলোমন দ্বীপপুঞ্জ","NAME_DE":"Salomonen","NAME_EN":"Solomon Islands","NAME_ES":"Islas Salomón","NAME_FA":"جزایر سلیمان","NAME_FR":"Îles Salomon","NAME_EL":"Νησιά Σολομώντα","NAME_HE":"איי שלמה","NAME_HI":"सोलोमन द्वीपसमूह","NAME_HU":"Salamon-szigetek","NAME_ID":"Kepulauan Solomon","NAME_IT":"Isole Salomone","NAME_JA":"ソロモン諸島","NAME_KO":"솔로몬 제도","NAME_NL":"Salomonseilanden","NAME_PL":"Wyspy Salomona","NAME_PT":"Ilhas Salomão","NAME_RU":"Соломоновы Острова","NAME_SV":"Salomonöarna","NAME_TR":"Solomon Adaları","NAME_UK":"Соломонові Острови","NAME_UR":"جزائر سلیمان","NAME_VI":"Quần đảo Solomon","NAME_ZH":"所罗门群岛","NAME_ZHT":"索羅門群島","FCLASS_ISO":"Admin-0 country","TLC_DIFF":null,"FCLASS_TLC":"Admin-0 country","FCLASS_US":null,"FCLASS_FR":null,"FCLASS_RU":null,"FCLASS_ES":null,"FCLASS_CN":null,"FCLASS_TW":null,"FCLASS_IN":null,"FCLASS_NP":null,"FCLASS_PK":null,"FCLASS_DE":null,"FCLASS_GB":null,"FCLASS_BR":null,"FCLASS_IL":null,"FCLASS_PS":null,"FCLASS_SA":null,"FCLASS_EG":null,"FCLASS_MA":null,"FCLASS_PT":null,"FCLASS_AR":null,"FCLASS_JP":null,"FCLASS_KO":null,"FCLASS_VN":null,"FCLASS_TR":null,"FCLASS_ID":null,"FCLASS_PL":null,"FCLASS_GR":null,"FCLASS_IT":null,"FCLASS_NL":null,"FCLASS_SE":null,"FCLASS_BD":null,"FCLASS_UA":null},"geometry":{"type":"MultiPolygon","coordinates":[[],[],[],[],[]]}},{"type":"Feature","bbox":[166.509144,-46.641235,178.517094,-34.450662],"properties":{"featurecla":"Admin-0 country","scalerank":1,"LABELRANK":2,"SOVEREIGNT":"New Zealand","SOV_A3":"NZ1","ADM0_DIF":1,"LEVEL":2,"TYPE":"Country","TLC":"1","ADMIN":"New Zealand","ADM0_A3":"NZL","GEOU_DIF":0,"GEOUNIT":"New Zealand","GU_A3":"NZL","SU_DIF":0,"SUBUNIT":"New Zealand","SU_A3":"NZL","BRK_DIFF":0,"NAME":"New Zealand","NAME_LONG":"New Zealand","BRK_A3":"NZL","BRK_NAME":"New Zealand","BRK_GROUP":null,"ABBREV":"N.Z.","POSTAL":"NZ","FORMAL_EN":"New Zealand","FORMAL_FR":null,"NAME_CIAWF":"New Zealand","NOTE_ADM0":null,"NOTE_BRK":null,"NAME_SORT":"New Zealand","NAME_ALT":null,"MAPCOLOR7":3,"MAPCOLOR8":3,"MAPCOLOR9":4,"MAPCOLOR13":4,"POP_EST":4917000,"POP_RANK":12,"POP_YEAR":2019,"GDP_MD":206928,"GDP_YEAR":2019,"ECONOMY":"2. Developed region: nonG7","INCOME_GRP":"1. High income: OECD","FIPS_10":"NZ","ISO_A2":"NZ","ISO_A2_EH":"NZ","ISO_A3":"NZL","ISO_A3_EH":"NZL","ISO_N3":"554","ISO_N3_EH":"554","UN_A3":"554","WB_A2":"NZ","WB_A3":"NZL","WOE_ID":23424916,"WOE_ID_EH":23424916,"WOE_NOTE":"Exact WOE match as country","ADM0_ISO":"NZL","ADM0_DIFF":null,"ADM0_TLC":"NZL","ADM0_A3_US":"NZL","ADM0_A3_FR":"NZL","ADM0_A3_RU":"NZL","ADM0_A3_ES":"NZL","ADM0_A3_CN":"NZL","ADM0_A3_TW":"NZL","ADM0_A3_IN":"NZL","ADM0_A3_NP":"NZL","ADM0_A3_PK":"NZL","ADM0_A3_DE":"NZL","ADM0_A3_GB":"NZL","ADM0_A3_BR":"NZL","ADM0_A3_IL":"NZL","ADM0_A3_PS":"NZL","ADM0_A3_SA":"NZL","ADM0_A3_EG":"NZL","ADM0_A3_MA":"NZL","ADM0_A3_PT":"NZL","ADM0_A3_AR":"NZL","ADM0_A3_JP":"NZL","ADM0_A3_KO":"NZL","ADM0_A3_VN":"NZL","ADM0_A3_TR":"NZL","ADM0_A3_ID":"NZL","ADM0_A3_PL":"NZL","ADM0_A3_GR":"NZL","ADM0_A3_IT":"NZL","ADM0_A3_NL":"NZL","ADM0_A3_SE":"NZL","ADM0_A3_BD":"NZL","ADM0_A3_UA":"NZL","ADM0_A3_UN":-99,"ADM0_A3_WB":-99,"CONTINENT":"Oceania","REGION_UN":"Oceania","SUBREGION":"Australia and New Zealand","REGION_WB":"East Asia & Pacific","NAME_LEN":11,"LONG_LEN":11,"ABBREV_LEN":4,"TINY":-99,"HOMEPART":1,"MIN_ZOOM":0,"MIN_LABEL":2,"MAX_LABEL":6.7,"LABEL_X":172.787,"LABEL_Y":-39.759,"NE_ID":1159321135,"WIKIDATAID":"Q664","NAME_AR":"نيوزيلندا","NAME_BN":"নিউজিল্যান্ড","NAME_DE":"Neuseeland","NAME_EN":"New Zealand","NAME_ES":"Nueva Zelanda","NAME_FA":"نیوزیلند","NAME_FR":"Nouvelle-Zélande","NAME_EL":"Νέα Ζηλανδία","NAME_HE":"ניו זילנד","NAME_HI":"न्यूज़ीलैण्ड","NAME_HU":"Új-Zéland","NAME_ID":"Selandia Baru","NAME_IT":"Nuova Zelanda","NAME_JA":"ニュージーランド","NAME_KO":"뉴질랜드","NAME_NL":"Nieuw-Zeeland","NAME_PL":"Nowa Zelandia","NAME_PT":"Nova Zelândia","NAME_RU":"Новая Зеландия","NAME_SV":"Nya Zeeland","NAME_TR":"Yeni Zelanda","NAME_UK":"Нова Зеландія","NAME_UR":"نیوزی لینڈ","NAME_VI":"New Zealand","NAME_ZH":"新西兰","NAME_ZHT":"新西蘭","FCLASS_ISO":"Admin-0 country","TLC_DIFF":null,"FCLASS_TLC":"Admin-0 country","FCLASS_US":null,"FCLASS_FR":null,"FCLASS_RU":null,"FCLASS_ES":null,"FCLASS_CN":null,"FCLASS_TW":null,"FCLASS_IN":null,"FCLASS_NP":null,"FCLASS_PK":null,"FCLASS_DE":null,"FCLASS_GB":null,"FCLASS_BR":null,"FCLASS_IL":null,"FCLASS_PS":null,"FCLASS_SA":null,"FCLASS_EG":null,"FCLASS_MA":null,"FCLASS_PT":null,"FCLASS_AR":null,"FCLASS_JP":null,"FCLASS_KO":null,"FCLASS_VN":null,"FCLASS_TR":null,"FCLASS_ID":null,"FCLASS_PL":null,"FCLASS_GR":null,"FCLASS_IT":null,"FCLASS_NL":null,"FCLASS_SE":null,"FCLASS_BD":null,"FCLASS_UA":null},"geometry":{"type":"MultiPolygon","coordinates":[[],[]]}},{"type":"Feature","bbox":[113.338953,-43.634597,153.569469,-10.668186],"properties":{"featurecla":"Admin-0 country","scalerank":1,"LABELRANK":2,"SOVEREIGNT":"Australia","SOV_A3":"AU1","ADM0_DIF":1,"LEVEL":2,"TYPE":"Country","TLC":"1","ADMIN":"Australia","ADM0_A3":"AUS","GEOU_DIF":0,"GEOUNIT":"Australia","GU_A3":"AUS","SU_DIF":0,"SUBUNIT":"Australia","SU_A3":"AUS","BRK_DIFF":0,"NAME":"Australia","NAME_LONG":"Australia","BRK_A3":"AUS","BRK_NAME":"Australia","BRK_GROUP":null,"ABBREV":"Auz.","POSTAL":"AU","FORMAL_EN":"Commonwealth of Australia","FORMAL_FR":null,"NAME_CIAWF":"Australia","NOTE_ADM0":null,"NOTE_BRK":null,"NAME_SORT":"Australia","NAME_ALT":null,"MAPCOLOR7":1,"MAPCOLOR8":2,"MAPCOLOR9":2,"MAPCOLOR13":7,"POP_EST":25364307,"POP_RANK":15,"POP_YEAR":2019,"GDP_MD":1396567,"GDP_YEAR":2019,"ECONOMY":"2. Developed region: nonG7","INCOME_GRP":"1. High income: OECD","FIPS_10":"AS","ISO_A2":"AU","ISO_A2_EH":"AU","ISO_A3":"AUS","ISO_A3_EH":"AUS","ISO_N3":"036","ISO_N3_EH":"036","UN_A3":"036","WB_A2":"AU","WB_A3":"AUS","WOE_ID":-90,"WOE_ID_EH":23424748,"WOE_NOTE":"Includes Ashmore and Cartier Islands (23424749) and Coral Sea Islands (23424790).","ADM0_ISO":"AUS","ADM0_DIFF":null,"ADM0_TLC":"AUS","ADM0_A3_US":"AUS","ADM0_A3_FR":"AUS","ADM0_A3_RU":"AUS","ADM0_A3_ES":"AUS","ADM0_A3_CN":"AUS","ADM0_A3_TW":"AUS","ADM0_A3_IN":"AUS","ADM0_A3_NP":"AUS","ADM0_A3_PK":"AUS","ADM0_A3_DE":"AUS","ADM0_A3_GB":"AUS","ADM0_A3_BR":"AUS","ADM0_A3_IL":"AUS","ADM0_A3_PS":"AUS","ADM0_A3_SA":"AUS","ADM0_A3_EG":"AUS","ADM0_A3_MA":"AUS","ADM0_A3_PT":"AUS","ADM0_A3_AR":"AUS","ADM0_A3_JP":"AUS","ADM0_A3_KO":"AUS","ADM0_A3_VN":"AUS","ADM0_A3_TR":"AUS","ADM0_A3_ID":"AUS","ADM0_A3_PL":"AUS","ADM0_A3_GR":"AUS","ADM0_A3_IT":"AUS","ADM0_A3_NL":"AUS","ADM0_A3_SE":"AUS","ADM0_A3_BD":"AUS","ADM0_A3_UA":"AUS","ADM0_A3_UN":-99,"ADM0_A3_WB":-99,"CONTINENT":"Oceania","REGION_UN":"Oceania","SUBREGION":"Australia and New Zealand","REGION_WB":"East Asia & Pacific","NAME_LEN":9,"LONG_LEN":9,"ABBREV_LEN":4,"TINY":-99,"HOMEPART":1,"MIN_ZOOM":0,"MIN_LABEL":1.7,"MAX_LABEL":5.7,"LABEL_X":134.04972,"LABEL_Y":-24.129522,"NE_ID":1159320355,"WIKIDATAID":"Q408","NAME_AR":"أستراليا","NAME_BN":"অস্ট্রেলিয়া","NAME_DE":"Australien","NAME_EN":"Australia","NAME_ES":"Australia","NAME_FA":"استرالیا","NAME_FR":"Australie","NAME_EL":"Αυστραλία","NAME_HE":"אוסטרליה","NAME_HI":"ऑस्ट्रेलिया","NAME_HU":"Ausztrália","NAME_ID":"Australia","NAME_IT":"Australia","NAME_JA":"オーストラリア","NAME_KO":"오스트레일리아","NAME_NL":"Australië","NAME_PL":"Australia","NAME_PT":"Austrália","NAME_RU":"Австралия","NAME_SV":"Australien","NAME_TR":"Avustralya","NAME_UK":"Австралія","NAME_UR":"آسٹریلیا","NAME_VI":"Úc","NAME_ZH":"澳大利亚","NAME_ZHT":"澳大利亞","FCLASS_ISO":"Admin-0 country","TLC_DIFF":null,"FCLASS_TLC":"Admin-0 country","FCLASS_US":null,"FCLASS_FR":null,"FCLASS_RU":null,"FCLASS_ES":null,"FCLASS_CN":null,"FCLASS_TW":null,"FCLASS_IN":null,"FCLASS_NP":null,"FCLASS_PK":null,"FCLASS_DE":null,"FCLASS_GB":null,"FCLASS_BR":null,"FCLASS_IL":null,"FCLASS_PS":null,"FCLASS_SA":null,"FCLASS_EG":null,"FCLASS_MA":null,"FCLASS_PT":null,"FCLASS_AR":null,"FCLASS_JP":null,"FCLASS_KO":null,"FCLASS_VN":null,"FCLASS_TR":null,"FCLASS_ID":null,"FCLASS_PL":null,"FCLASS_GR":null,"FCLASS_IT":null,"FCLASS_NL":null,"FCLASS_SE":null,"FCLASS_BD":null,"FCLASS_UA":null},"geometry":{"type":"MultiPolygon","coordinates":[[],[]]}},{"type":"Feature","bbox":[73.675379,18.197701,135.026311,53.4588],"properties":{"featurecla":"Admin-0 country","scalerank":1,"LABELRANK":2,"SOVEREIGNT":"China","SOV_A3":"CH1","ADM0_DIF":1,"LEVEL":2,"TYPE":"Country","TLC":"1","ADMIN":"China","ADM0_A3":"CHN","GEOU_DIF":0,"GEOUNIT":"China","GU_A3":"CHN","SU_DIF":0,"SUBUNIT":"China","SU_A3":"CHN","BRK_DIFF":0,"NAME":"China","NAME_LONG":"China","BRK_A3":"CHN","BRK_NAME":"China","BRK_GROUP":null,"ABBREV":"China","POSTAL":"CN","FORMAL_EN":"People's Republic of China","FORMAL_FR":null,"NAME_CIAWF":"China","NOTE_ADM0":null,"NOTE_BRK":null,"NAME_SORT":"China","NAME_ALT":null,"MAPCOLOR7":4,"MAPCOLOR8":4,"MAPCOLOR9":4,"MAPCOLOR13":3,"POP_EST":1397715000,"POP_RANK":18,"POP_YEAR":2019,"GDP_MD":14342903,"GDP_YEAR":2019,"ECONOMY":"3. Emerging region: BRIC","INCOME_GRP":"3. Upper middle income","FIPS_10":"CH","ISO_A2":"CN","ISO_A2_EH":"CN","ISO_A3":"CHN","ISO_A3_EH":"CHN","ISO_N3":"156","ISO_N3_EH":"156","UN_A3":"156","WB_A2":"CN","WB_A3":"CHN","WOE_ID":23424781,"WOE_ID_EH":23424781,"WOE_NOTE":"Exact WOE match as country","ADM0_ISO":"CHN","ADM0_DIFF":null,"ADM0_TLC":"CHN","ADM0_A3_US":"CHN","ADM0_A3_FR":"CHN","ADM0_A3_RU":"CHN","ADM0_A3_ES":"CHN","ADM0_A3_CN":"CHN","ADM0_A3_TW":"TWN","ADM0_A3_IN":"CHN","ADM0_A3_NP":"CHN","ADM0_A3_PK":"CHN","ADM0_A3_DE":"CHN","ADM0_A3_GB":"CHN","ADM0_A3_BR":"CHN","ADM0_A3_IL":"CHN","ADM0_A3_PS":"CHN","ADM0_A3_SA":"CHN","ADM0_A3_EG":"CHN","ADM0_A3_MA":"CHN","ADM0_A3_PT":"CHN","ADM0_A3_AR":"CHN","ADM0_A3_JP":"CHN","ADM0_A3_KO":"CHN","ADM0_A3_VN":"CHN","ADM0_A3_TR":"CHN","ADM0_A3_ID":"CHN","ADM0_A3_PL":"CHN","ADM0_A3_GR":"CHN","ADM0_A3_IT":"CHN","ADM0_A3_NL":"CHN","ADM0_A3_SE":"CHN","ADM0_A3_BD":"CHN","ADM0_A3_UA":"CHN","ADM0_A3_UN":-99,"ADM0_A3_WB":-99,"CONTINENT":"Asia","REGION_UN":"Asia","SUBREGION":"Eastern Asia","REGION_WB":"East Asia & Pacific","NAME_LEN":5,"LONG_LEN":5,"ABBREV_LEN":5,"TINY":-99,"HOMEPART":1,"MIN_ZOOM":0,"MIN_LABEL":1.7,"MAX_LABEL":5.7,"LABEL_X":106.337289,"LABEL_Y":32.498178,"NE_ID":1159320471,"WIKIDATAID":"Q148","NAME_AR":"الصين","NAME_BN":"গণচীন","NAME_DE":"Volksrepublik China","NAME_EN":"People's Republic of China","NAME_ES":"China","NAME_FA":"جمهوری خلق چین","NAME_FR":"République populaire de Chine","NAME_EL":"Λαϊκή Δημοκρατία της Κίνας","NAME_HE":"הרפובליקה העממית של סין","NAME_HI":"चीनी जनवादी गणराज्य","NAME_HU":"Kína","NAME_ID":"Republik Rakyat Tiongkok","NAME_IT":"Cina","NAME_JA":"中華人民共和国","NAME_KO":"중화인민공화국","NAME_NL":"Volksrepubliek China","NAME_PL":"Chińska Republika Ludowa","NAME_PT":"China","NAME_RU":"Китайская Народная Республика","NAME_SV":"Kina","NAME_TR":"Çin Halk Cumhuriyeti","NAME_UK":"Китайська Народна Республіка","NAME_UR":"عوامی جمہوریہ چین","NAME_VI":"Trung Quốc","NAME_ZH":"中华人民共和国","NAME_ZHT":"中華人民共和國","FCLASS_ISO":"Admin-0 country","TLC_DIFF":null,"FCLASS_TLC":"Admin-0 country","FCLASS_US":null,"FCLASS_FR":null,"FCLASS_RU":null,"FCLASS_ES":null,"FCLASS_CN":null,"FCLASS_TW":"Unrecognized","FCLASS_IN":null,"FCLASS_NP":null,"FCLASS_PK":null,"FCLASS_DE":null,"FCLASS_GB":null,"FCLASS_BR":null,"FCLASS_IL":null,"FCLASS_PS":null,"FCLASS_SA":null,"FCLASS_EG":null,"FCLASS_MA":null,"FCLASS_PT":null,"FCLASS_AR":null,"FCLASS_JP":null,"FCLASS_KO":null,"FCLASS_VN":null,"FCLASS_TR":null,"FCLASS_ID":null,"FCLASS_PL":null,"FCLASS_GR":null,"FCLASS_IT":null,"FCLASS_NL":null,"FCLASS_SE":null,"FCLASS_BD":null,"FCLASS_UA":null},"geometry":{"type":"MultiPolygon","coordinates":[[],[]]}},{"type":"Feature","bbox":[6.749955,36.619987,18.480247,47.115393],"properties":{"featurecla":"Admin-0 country","scalerank":1,"LABELRANK":2,"SOVEREIGNT":"Italy","SOV_A3":"ITA","ADM0_DIF":0,"LEVEL":2,"TYPE":"Sovereign country","TLC":"1","ADMIN":"Italy","ADM0_A3":"ITA","GEOU_DIF":0,"GEOUNIT":"Italy","GU_A3":"ITA","SU_DIF":0,"SUBUNIT":"Italy","SU_A3":"ITA","BRK_DIFF":0,"NAME":"Italy","NAME_LONG":"Italy","BRK_A3":"ITA","BRK_NAME":"Italy","BRK_GROUP":null,"ABBREV":"Italy","POSTAL":"I","FORMAL_EN":"Italian Republic","FORMAL_FR":null,"NAME_CIAWF":"Italy","NOTE_ADM0":null,"NOTE_BRK":null,"NAME_SORT":"Italy","NAME_ALT":null,"MAPCOLOR7":6,"MAPCOLOR8":7,"MAPCOLOR9":8,"MAPCOLOR13":7,"POP_EST":60297396,"POP_RANK":16,"POP_YEAR":2019,"GDP_MD":2003576,"GDP_YEAR":2019,"ECONOMY":"1. Developed region: G7","INCOME_GRP":"1. High income: OECD","FIPS_10":"IT","ISO_A2":"IT","ISO_A2_EH":"IT","ISO_A3":"ITA","ISO_A3_EH":"ITA","ISO_N3":"380","ISO_N3_EH":"380","UN_A3":"380","WB_A2":"IT","WB_A3":"ITA","WOE_ID":23424853,"WOE_ID_EH":23424853,"WOE_NOTE":"Exact WOE match as country","ADM0_ISO":"ITA","ADM0_DIFF":null,"ADM0_TLC":"ITA","ADM0_A3_US":"ITA","ADM0_A3_FR":"ITA","ADM0_A3_RU":"ITA","ADM0_A3_ES":"ITA","ADM0_A3_CN":"ITA","ADM0_A3_TW":"ITA","ADM0_A3_IN":"ITA","ADM0_A3_NP":"ITA","ADM0_A3_PK":"ITA","ADM0_A3_DE":"ITA","ADM0_A3_GB":"ITA","ADM0_A3_BR":"ITA","ADM0_A3_IL":"ITA","ADM0_A3_PS":"ITA","ADM0_A3_SA":"ITA","ADM0_A3_EG":"ITA","ADM0_A3_MA":"ITA","ADM0_A3_PT":"ITA","ADM0_A3_AR":"ITA","ADM0_A3_JP":"ITA","ADM0_A3_KO":"ITA","ADM0_A3_VN":"ITA","ADM0_A3_TR":"ITA","ADM0_A3_ID":"ITA","ADM0_A3_PL":"ITA","ADM0_A3_GR":"ITA","ADM0_A3_IT":"ITA","ADM0_A3_NL":"ITA","ADM0_A3_SE":"ITA","ADM0_A3_BD":"ITA","ADM0_A3_UA":"ITA","ADM0_A3_UN":-99,"ADM0_A3_WB":-99,"CONTINENT":"Europe","REGION_UN":"Europe","SUBREGION":"Southern Europe","REGION_WB":"Europe & Central Asia","NAME_LEN":5,"LONG_LEN":5,"ABBREV_LEN":5,"TINY":-99,"HOMEPART":1,"MIN_ZOOM":0,"MIN_LABEL":2,"MAX_LABEL":7,"LABEL_X":11.076907,"LABEL_Y":44.732482,"NE_ID":1159320919,"WIKIDATAID":"Q38","NAME_AR":"إيطاليا","NAME_BN":"ইতালি","NAME_DE":"Italien","NAME_EN":"Italy","NAME_ES":"Italia","NAME_FA":"ایتالیا","NAME_FR":"Italie","NAME_EL":"Ιταλία","NAME_HE":"איטליה","NAME_HI":"इटली","NAME_HU":"Olaszország","NAME_ID":"Italia","NAME_IT":"Italia","NAME_JA":"イタリア","NAME_KO":"이탈리아","NAME_NL":"Italië","NAME_PL":"Włochy","NAME_PT":"Itália","NAME_RU":"Италия","NAME_SV":"Italien","NAME_TR":"İtalya","NAME_UK":"Італія","NAME_UR":"اطالیہ","NAME_VI":"Ý","NAME_ZH":"意大利","NAME_ZHT":"義大利","FCLASS_ISO":"Admin-0 country","TLC_DIFF":null,"FCLASS_TLC":"Admin-0 country","FCLASS_US":null,"FCLASS_FR":null,"FCLASS_RU":null,"FCLASS_ES":null,"FCLASS_CN":null,"FCLASS_TW":null,"FCLASS_IN":null,"FCLASS_NP":null,"FCLASS_PK":null,"FCLASS_DE":null,"FCLASS_GB":null,"FCLASS_BR":null,"FCLASS_IL":null,"FCLASS_PS":null,"FCLASS_SA":null,"FCLASS_EG":null,"FCLASS_MA":null,"FCLASS_PT":null,"FCLASS_AR":null,"FCLASS_JP":null,"FCLASS_KO":null,"FCLASS_VN":null,"FCLASS_TR":null,"FCLASS_ID":null,"FCLASS_PL":null,"FCLASS_GR":null,"FCLASS_IT":null,"FCLASS_NL":null,"FCLASS_SE":null,"FCLASS_BD":null,"FCLASS_UA":null},"geometry":{"type":"MultiPolygon","coordinates":[[],[],[]]}},{"type":"Feature","bbox":[8.089977,54.800015,12.690006,57.730017],"properties":{"featurecla":"Admin-0 country","scalerank":1,"LABELRANK":4,"SOVEREIGNT":"Denmark","SOV_A3":"DN1","ADM0_DIF":1,"LEVEL":2,"TYPE":"Country","TLC":"1","ADMIN":"Denmark","ADM0_A3":"DNK","GEOU_DIF":0,"GEOUNIT":"Denmark","GU_A3":"DNK","SU_DIF":0,"SUBUNIT":"Denmark","SU_A3":"DNK","BRK_DIFF":0,"NAME":"Denmark","NAME_LONG":"Denmark","BRK_A3":"DNK","BRK_NAME":"Denmark","BRK_GROUP":null,"ABBREV":"Den.","POSTAL":"DK","FORMAL_EN":"Kingdom of Denmark","FORMAL_FR":null,"NAME_CIAWF":"Denmark","NOTE_ADM0":null,"NOTE_BRK":null,"NAME_SORT":"Denmark","NAME_ALT":null,"MAPCOLOR7":4,"MAPCOLOR8":1,"MAPCOLOR9":3,"MAPCOLOR13":12,"POP_EST":5818553,"POP_RANK":13,"POP_YEAR":2019,"GDP_MD":350104,"GDP_YEAR":2019,"ECONOMY":"2. Developed region: nonG7","INCOME_GRP":"1. High income: OECD","FIPS_10":"DA","ISO_A2":"DK","ISO_A2_EH":"DK","ISO_A3":"DNK","ISO_A3_EH":"DNK","ISO_N3":"208","ISO_N3_EH":"208","UN_A3":"208","WB_A2":"DK","WB_A3":"DNK","WOE_ID":23424796,"WOE_ID_EH":23424796,"WOE_NOTE":"Exact WOE match as country","ADM0_ISO":"DNK","ADM0_DIFF":null,"ADM0_TLC":"DNK","ADM0_A3_US":"DNK","ADM0_A3_FR":"DNK","ADM0_A3_RU":"DNK","ADM0_A3_ES":"DNK","ADM0_A3_CN":"DNK","ADM0_A3_TW":"DNK","ADM0_A3_IN":"DNK","ADM0_A3_NP":"DNK","ADM0_A3_PK":"DNK","ADM0_A3_DE":"DNK","ADM0_A3_GB":"DNK","ADM0_A3_BR":"DNK","ADM0_A3_IL":"DNK","ADM0_A3_PS":"DNK","ADM0_A3_SA":"DNK","ADM0_A3_EG":"DNK","ADM0_A3_MA":"DNK","ADM0_A3_PT":"DNK","ADM0_A3_AR":"DNK","ADM0_A3_JP":"DNK","ADM0_A3_KO":"DNK","ADM0_A3_VN":"DNK","ADM0_A3_TR":"DNK","ADM0_A3_ID":"DNK","ADM0_A3_PL":"DNK","ADM0_A3_GR":"DNK","ADM0_A3_IT":"DNK","ADM0_A3_NL":"DNK","ADM0_A3_SE":"DNK","ADM0_A3_BD":"DNK","ADM0_A3_UA":"DNK","ADM0_A3_UN":-99,"ADM0_A3_WB":-99,"CONTINENT":"Europe","REGION_UN":"Europe","SUBREGION":"Northern Europe","REGION_WB":"Europe & Central Asia","NAME_LEN":7,"LONG_LEN":7,"ABBREV_LEN":4,"TINY":-99,"HOMEPART":1,"MIN_ZOOM":0,"MIN_LABEL":3,"MAX_LABEL":8,"LABEL_X":9.018163,"LABEL_Y":55.966965,"NE_ID":1159320547,"WIKIDATAID":"Q35","NAME_AR":"الدنمارك","NAME_BN":"ডেনমার্ক","NAME_DE":"Dänemark","NAME_EN":"Denmark","NAME_ES":"Dinamarca","NAME_FA":"دانمارک","NAME_FR":"Danemark","NAME_EL":"Δανία","NAME_HE":"דנמרק","NAME_HI":"डेनमार्क","NAME_HU":"Dánia","NAME_ID":"Denmark","NAME_IT":"Danimarca","NAME_JA":"デンマーク","NAME_KO":"덴마크","NAME_NL":"Denemarken","NAME_PL":"Dania","NAME_PT":"Dinamarca","NAME_RU":"Дания","NAME_SV":"Danmark","NAME_TR":"Danimarka","NAME_UK":"Данія","NAME_UR":"ڈنمارک","NAME_VI":"Đan Mạch","NAME_ZH":"丹麦","NAME_ZHT":"丹麥","FCLASS_ISO":"Admin-0 country","TLC_DIFF":null,"FCLASS_TLC":"Admin-0 country","FCLASS_US":null,"FCLASS_FR":null,"FCLASS_RU":null,"FCLASS_ES":null,"FCLASS_CN":null,"FCLASS_TW":null,"FCLASS_IN":null,"FCLASS_NP":null,"FCLASS_PK":null,"FCLASS_DE":null,"FCLASS_GB":null,"FCLASS_BR":null,"FCLASS_IL":null,"FCLASS_PS":null,"FCLASS_SA":null,"FCLASS_EG":null,"FCLASS_MA":null,"FCLASS_PT":null,"FCLASS_AR":null,"FCLASS_JP":null,"FCLASS_KO":null,"FCLASS_VN":null,"FCLASS_TR":null,"FCLASS_ID":null,"FCLASS_PL":null,"FCLASS_GR":null,"FCLASS_IT":null,"FCLASS_NL":null,"FCLASS_SE":null,"FCLASS_BD":null,"FCLASS_UA":null},"geometry":{"type":"MultiPolygon","coordinates":[[],[]]}},{"type":"Feature","bbox":[-7.572168,49.96,1.681531,58.635],"properties":{"featurecla":"Admin-0 country","scalerank":1,"LABELRANK":2,"SOVEREIGNT":"United Kingdom","SOV_A3":"GB1","ADM0_DIF":1,"LEVEL":2,"TYPE":"Country","TLC":"1","ADMIN":"United Kingdom","ADM0_A3":"GBR","GEOU_DIF":0,"GEOUNIT":"United Kingdom","GU_A3":"GBR","SU_DIF":0,"SUBUNIT":"United Kingdom","SU_A3":"GBR","BRK_DIFF":0,"NAME":"United Kingdom","NAME_LONG":"United Kingdom","BRK_A3":"GBR","BRK_NAME":"United Kingdom","BRK_GROUP":null,"ABBREV":"U.K.","POSTAL":"GB","FORMAL_EN":"United Kingdom of Great Britain and Northern Ireland","FORMAL_FR":null,"NAME_CIAWF":"United Kingdom","NOTE_ADM0":null,"NOTE_BRK":null,"NAME_SORT":"United Kingdom","NAME_ALT":null,"MAPCOLOR7":6,"MAPCOLOR8":6,"MAPCOLOR9":6,"MAPCOLOR13":3,"POP_EST":66834405,"POP_RANK":16,"POP_YEAR":2019,"GDP_MD":2829108,"GDP_YEAR":2019,"ECONOMY":"1. Developed region: G7","INCOME_GRP":"1. High income: OECD","FIPS_10":"UK","ISO_A2":"GB","ISO_A2_EH":"GB","ISO_A3":"GBR","ISO_A3_EH":"GBR","ISO_N3":"826","ISO_N3_EH":"826","UN_A3":"826","WB_A2":"GB","WB_A3":"GBR","WOE_ID":-90,"WOE_ID_EH":23424975,"WOE_NOTE":"Eh ID includes Channel Islands and Isle of Man. UK constituent countries of England (24554868), Wales (12578049), Scotland (12578048), and Northern Ireland (20070563).","ADM0_ISO":"GBR","ADM0_DIFF":null,"ADM0_TLC":"GBR","ADM0_A3_US":"GBR","ADM0_A3_FR":"GBR","ADM0_A3_RU":"GBR","ADM0_A3_ES":"GBR","ADM0_A3_CN":"GBR","ADM0_A3_TW":"GBR","ADM0_A3_IN":"GBR","ADM0_A3_NP":"GBR","ADM0_A3_PK":"GBR","ADM0_A3_DE":"GBR","ADM0_A3_GB":"GBR","ADM0_A3_BR":"GBR","ADM0_A3_IL":"GBR","ADM0_A3_PS":"GBR","ADM0_A3_SA":"GBR","ADM0_A3_EG":"GBR","ADM0_A3_MA":"GBR","ADM0_A3_PT":"GBR","ADM0_A3_AR":"GBR","ADM0_A3_JP":"GBR","ADM0_A3_KO":"GBR","ADM0_A3_VN":"GBR","ADM0_A3_TR":"GBR","ADM0_A3_ID":"GBR","ADM0_A3_PL":"GBR","ADM0_A3_GR":"GBR","ADM0_A3_IT":"GBR","ADM0_A3_NL":"GBR","ADM0_A3_SE":"GBR","ADM0_A3_BD":"GBR","ADM0_A3_UA":"GBR","ADM0_A3_UN":-99,"ADM0_A3_WB":-99,"CONTINENT":"Europe","REGION_UN":"Europe","SUBREGION":"Northern Europe","REGION_WB":"Europe & Central Asia","NAME_LEN":14,"LONG_LEN":14,"ABBREV_LEN":4,"TINY":-99,"HOMEPART":1,"MIN_ZOOM":0,"MIN_LABEL":1.7,"MAX_LABEL":6.7,"LABEL_X":-2.116346,"LABEL_Y":54.402739,"NE_ID":1159320713,"WIKIDATAID":"Q145","NAME_AR":"المملكة المتحدة","NAME_BN":"যুক্তরাজ্য","NAME_DE":"Vereinigtes Königreich","NAME_EN":"United Kingdom","NAME_ES":"Reino Unido","NAME_FA":"بریتانیا","NAME_FR":"Royaume-Uni","NAME_EL":"Ηνωμένο Βασίλειο","NAME_HE":"הממלכה המאוחדת","NAME_HI":"यूनाइटेड किंगडम","NAME_HU":"Egyesült Királyság","NAME_ID":"Britania Raya","NAME_IT":"Regno Unito","NAME_JA":"イギリス","NAME_KO":"영국","NAME_NL":"Verenigd Koninkrijk","NAME_PL":"Wielka Brytania","NAME_PT":"Reino Unido","NAME_RU":"Великобритания","NAME_SV":"Storbritannien","NAME_TR":"Birleşik Krallık","NAME_UK":"Велика Британія","NAME_UR":"مملکت متحدہ","NAME_VI":"Vương quốc Liên hiệp Anh và Bắc Ireland","NAME_ZH":"英国","NAME_ZHT":"英國","FCLASS_ISO":"Admin-0 country","TLC_DIFF":null,"FCLASS_TLC":"Admin-0 country","FCLASS_US":null,"FCLASS_FR":null,"FCLASS_RU":null,"FCLASS_ES":null,"FCLASS_CN":null,"FCLASS_TW":null,"FCLASS_IN":null,"FCLASS_NP":null,"FCLASS_PK":null,"FCLASS_DE":null,"FCLASS_GB":null,"FCLASS_BR":null,"FCLASS_IL":null,"FCLASS_PS":null,"FCLASS_SA":null,"FCLASS_EG":null,"FCLASS_MA":null,"FCLASS_PT":null,"FCLASS_AR":null,"FCLASS_JP":null,"FCLASS_KO":null,"FCLASS_VN":null,"FCLASS_TR":null,"FCLASS_ID":null,"FCLASS_PL":null,"FCLASS_GR":null,"FCLASS_IT":null,"FCLASS_NL":null,"FCLASS_SE":null,"FCLASS_BD":null,"FCLASS_UA":null},"geometry":{"type":"MultiPolygon","coordinates":[[],[]]}},{"type":"Feature","bbox":[44.79399,38.270378,50.392821,41.860675],"properties":{"featurecla":"Admin-0 country","scalerank":1,"LABELRANK":5,"SOVEREIGNT":"Azerbaijan","SOV_A3":"AZE","ADM0_DIF":0,"LEVEL":2,"TYPE":"Sovereign country","TLC":"1","ADMIN":"Azerbaijan","ADM0_A3":"AZE","GEOU_DIF":0,"GEOUNIT":"Azerbaijan","GU_A3":"AZE","SU_DIF":0,"SUBUNIT":"Azerbaijan","SU_A3":"AZE","BRK_DIFF":0,"NAME":"Azerbaijan","NAME_LONG":"Azerbaijan","BRK_A3":"AZE","BRK_NAME":"Azerbaijan","BRK_GROUP":null,"ABBREV":"Aze.","POSTAL":"AZ","FORMAL_EN":"Republic of Azerbaijan","FORMAL_FR":null,"NAME_CIAWF":"Azerbaijan","NOTE_ADM0":null,"NOTE_BRK":null,"NAME_SORT":"Azerbaijan","NAME_ALT":null,"MAPCOLOR7":1,"MAPCOLOR8":6,"MAPCOLOR9":5,"MAPCOLOR13":8,"POP_EST":10023318,"POP_RANK":14,"POP_YEAR":2019,"GDP_MD":48047,"GDP_YEAR":2019,"ECONOMY":"6. Developing region","INCOME_GRP":"3. Upper middle income","FIPS_10":"AJ","ISO_A2":"AZ","ISO_A2_EH":"AZ","ISO_A3":"AZE","ISO_A3_EH":"AZE","ISO_N3":"031","ISO_N3_EH":"031","UN_A3":"031","WB_A2":"AZ","WB_A3":"AZE","WOE_ID":23424741,"WOE_ID_EH":23424741,"WOE_NOTE":"Exact WOE match as country","ADM0_ISO":"AZE","ADM0_DIFF":null,"ADM0_TLC":"AZE","ADM0_A3_US":"AZE","ADM0_A3_FR":"AZE","ADM0_A3_RU":"AZE","ADM0_A3_ES":"AZE","ADM0_A3_CN":"AZE","ADM0_A3_TW":"AZE","ADM0_A3_IN":"AZE","ADM0_A3_NP":"AZE","ADM0_A3_PK":"AZE","ADM0_A3_DE":"AZE","ADM0_A3_GB":"AZE","ADM0_A3_BR":"AZE","ADM0_A3_IL":"AZE","ADM0_A3_PS":"AZE","ADM0_A3_SA":"AZE","ADM0_A3_EG":"AZE","ADM0_A3_MA":"AZE","ADM0_A3_PT":"AZE","ADM0_A3_AR":"AZE","ADM0_A3_JP":"AZE","ADM0_A3_KO":"AZE","ADM0_A3_VN":"AZE","ADM0_A3_TR":"AZE","ADM0_A3_ID":"AZE","ADM0_A3_PL":"AZE","ADM0_A3_GR":"AZE","ADM0_A3_IT":"AZE","ADM0_A3_NL":"AZE","ADM0_A3_SE":"AZE","ADM0_A3_BD":"AZE","ADM0_A3_UA":"AZE","ADM0_A3_UN":-99,"ADM0_A3_WB":-99,"CONTINENT":"Asia","REGION_UN":"Asia","SUBREGION":"Western Asia","REGION_WB":"Europe & Central Asia","NAME_LEN":10,"LONG_LEN":10,"ABBREV_LEN":4,"TINY":-99,"HOMEPART":1,"MIN_ZOOM":0,"MIN_LABEL":4,"MAX_LABEL":9,"LABEL_X":47.210994,"LABEL_Y":40.402387,"NE_ID":1159320381,"WIKIDATAID":"Q227","NAME_AR":"أذربيجان","NAME_BN":"আজারবাইজান","NAME_DE":"Aserbaidschan","NAME_EN":"Azerbaijan","NAME_ES":"Azerbaiyán","NAME_FA":"جمهوری آذربایجان","NAME_FR":"Azerbaïdjan","NAME_EL":"Αζερμπαϊτζάν","NAME_HE":"אזרבייג'ן","NAME_HI":"अज़रबैजान","NAME_HU":"Azerbajdzsán","NAME_ID":"Azerbaijan","NAME_IT":"Azerbaigian","NAME_JA":"アゼルバイジャン","NAME_KO":"아제르바이잔","NAME_NL":"Azerbeidzjan","NAME_PL":"Azerbejdżan","NAME_PT":"Azerbaijão","NAME_RU":"Азербайджан","NAME_SV":"Azerbajdzjan","NAME_TR":"Azerbaycan","NAME_UK":"Азербайджан","NAME_UR":"آذربائیجان","NAME_VI":"Azerbaijan","NAME_ZH":"阿塞拜疆","NAME_ZHT":"亞塞拜然","FCLASS_ISO":"Admin-0 country","TLC_DIFF":null,"FCLASS_TLC":"Admin-0 country","FCLASS_US":null,"FCLASS_FR":null,"FCLASS_RU":null,"FCLASS_ES":null,"FCLASS_CN":null,"FCLASS_TW":null,"FCLASS_IN":null,"FCLASS_NP":null,"FCLASS_PK":null,"FCLASS_DE":null,"FCLASS_GB":null,"FCLASS_BR":null,"FCLASS_IL":null,"FCLASS_PS":null,"FCLASS_SA":null,"FCLASS_EG":null,"FCLASS_MA":null,"FCLASS_PT":null,"FCLASS_AR":null,"FCLASS_JP":null,"FCLASS_KO":null,"FCLASS_VN":null,"FCLASS_TR":null,"FCLASS_ID":null,"FCLASS_PL":null,"FCLASS_GR":null,"FCLASS_IT":null,"FCLASS_NL":null,"FCLASS_SE":null,"FCLASS_BD":null,"FCLASS_UA":null},"geometry":{"type":"MultiPolygon","coordinates":[[],[]]}},{"type":"Feature","bbox":[117.174275,5.581003,126.537424,18.505227],"properties":{"featurecla":"Admin-0 country","scalerank":1,"LABELRANK":2,"SOVEREIGNT":"Philippines","SOV_A3":"PHL","ADM0_DIF":0,"LEVEL":2,"TYPE":"Sovereign country","TLC":"1","ADMIN":"Philippines","ADM0_A3":"PHL","GEOU_DIF":0,"GEOUNIT":"Philippines","GU_A3":"PHL","SU_DIF":0,"SUBUNIT":"Philippines","SU_A3":"PHL","BRK_DIFF":0,"NAME":"Philippines","NAME_LONG":"Philippines","BRK_A3":"PHL","BRK_NAME":"Philippines","BRK_GROUP":null,"ABBREV":"Phil.","POSTAL":"PH","FORMAL_EN":"Republic of the Philippines","FORMAL_FR":null,"NAME_CIAWF":"Philippines","NOTE_ADM0":null,"NOTE_BRK":null,"NAME_SORT":"Philippines","NAME_ALT":null,"MAPCOLOR7":3,"MAPCOLOR8":2,"MAPCOLOR9":2,"MAPCOLOR13":8,"POP_EST":108116615,"POP_RANK":17,"POP_YEAR":2019,"GDP_MD":376795,"GDP_YEAR":2019,"ECONOMY":"5. Emerging region: G20","INCOME_GRP":"4. Lower middle income","FIPS_10":"RP","ISO_A2":"PH","ISO_A2_EH":"PH","ISO_A3":"PHL","ISO_A3_EH":"PHL","ISO_N3":"608","ISO_N3_EH":"608","UN_A3":"608","WB_A2":"PH","WB_A3":"PHL","WOE_ID":23424934,"WOE_ID_EH":23424934,"WOE_NOTE":"Exact WOE match as country","ADM0_ISO":"PHL","ADM0_DIFF":null,"ADM0_TLC":"PHL","ADM0_A3_US":"PHL","ADM0_A3_FR":"PHL","ADM0_A3_RU":"PHL","ADM0_A3_ES":"PHL","ADM0_A3_CN":"PHL","ADM0_A3_TW":"PHL","ADM0_A3_IN":"PHL","ADM0_A3_NP":"PHL","ADM0_A3_PK":"PHL","ADM0_A3_DE":"PHL","ADM0_A3_GB":"PHL","ADM0_A3_BR":"PHL","ADM0_A3_IL":"PHL","ADM0_A3_PS":"PHL","ADM0_A3_SA":"PHL","ADM0_A3_EG":"PHL","ADM0_A3_MA":"PHL","ADM0_A3_PT":"PHL","ADM0_A3_AR":"PHL","ADM0_A3_JP":"PHL","ADM0_A3_KO":"PHL","ADM0_A3_VN":"PHL","ADM0_A3_TR":"PHL","ADM0_A3_ID":"PHL","ADM0_A3_PL":"PHL","ADM0_A3_GR":"PHL","ADM0_A3_IT":"PHL","ADM0_A3_NL":"PHL","ADM0_A3_SE":"PHL","ADM0_A3_BD":"PHL","ADM0_A3_UA":"PHL","ADM0_A3_UN":-99,"ADM0_A3_WB":-99,"CONTINENT":"Asia","REGION_UN":"Asia","SUBREGION":"South-Eastern Asia","REGION_WB":"East Asia & Pacific","NAME_LEN":11,"LONG_LEN":11,"ABBREV_LEN":5,"TINY":-99,"HOMEPART":1,"MIN_ZOOM":0,"MIN_LABEL":2.5,"MAX_LABEL":7,"LABEL_X":122.465,"LABEL_Y":11.198,"NE_ID":1159321169,"WIKIDATAID":"Q928","NAME_AR":"الفلبين","NAME_BN":"ফিলিপাইন","NAME_DE":"Philippinen","NAME_EN":"Philippines","NAME_ES":"Filipinas","NAME_FA":"فیلیپین","NAME_FR":"Philippines","NAME_EL":"Φιλιππίνες","NAME_HE":"הפיליפינים","NAME_HI":"फ़िलीपीन्स","NAME_HU":"Fülöp-szigetek","NAME_ID":"Filipina","NAME_IT":"Filippine","NAME_JA":"フィリピン","NAME_KO":"필리핀","NAME_NL":"Filipijnen","NAME_PL":"Filipiny","NAME_PT":"Filipinas","NAME_RU":"Филиппины","NAME_SV":"Filippinerna","NAME_TR":"Filipinler","NAME_UK":"Філіппіни","NAME_UR":"فلپائن","NAME_VI":"Philippines","NAME_ZH":"菲律宾","NAME_ZHT":"菲律賓","FCLASS_ISO":"Admin-0 country","TLC_DIFF":null,"FCLASS_TLC":"Admin-0 country","FCLASS_US":null,"FCLASS_FR":null,"FCLASS_RU":null,"FCLASS_ES":null,"FCLASS_CN":null,"FCLASS_TW":null,"FCLASS_IN":null,"FCLASS_NP":null,"FCLASS_PK":null,"FCLASS_DE":null,"FCLASS_GB":null,"FCLASS_BR":null,"FCLASS_IL":null,"FCLASS_PS":null,"FCLASS_SA":null,"FCLASS_EG":null,"FCLASS_MA":null,"FCLASS_PT":null,"FCLASS_AR":null,"FCLASS_JP":null,"FCLASS_KO":null,"FCLASS_VN":null,"FCLASS_TR":null,"FCLASS_ID":null,"FCLASS_PL":null,"FCLASS_GR":null,"FCLASS_IT":null,"FCLASS_NL":null,"FCLASS_SE":null,"FCLASS_BD":null,"FCLASS_UA":null},"geometry":{"type":"MultiPolygon","coordinates":[[],[],[],[],[],[],[]]}},{"type":"Feature","bbox":[100.085757,0.773131,119.181904,6.928053],"properties":{"featurecla":"Admin-0 country","scalerank":1,"LABELRANK":3,"SOVEREIGNT":"Malaysia","SOV_A3":"MYS","ADM0_DIF":0,"LEVEL":2,"TYPE":"Sovereign country","TLC":"1","ADMIN":"Malaysia","ADM0_A3":"MYS","GEOU_DIF":0,"GEOUNIT":"Malaysia","GU_A3":"MYS","SU_DIF":0,"SUBUNIT":"Malaysia","SU_A3":"MYS","BRK_DIFF":0,"NAME":"Malaysia","NAME_LONG":"Malaysia","BRK_A3":"MYS","BRK_NAME":"Malaysia","BRK_GROUP":null,"ABBREV":"Malay.","POSTAL":"MY","FORMAL_EN":"Malaysia","FORMAL_FR":null,"NAME_CIAWF":"Malaysia","NOTE_ADM0":null,"NOTE_BRK":null,"NAME_SORT":"Malaysia","NAME_ALT":null,"MAPCOLOR7":2,"MAPCOLOR8":4,"MAPCOLOR9":3,"MAPCOLOR13":6,"POP_EST":31949777,"POP_RANK":15,"POP_YEAR":2019,"GDP_MD":364681,"GDP_YEAR":2019,"ECONOMY":"6. Developing region","INCOME_GRP":"3. Upper middle income","FIPS_10":"MY","ISO_A2":"MY","ISO_A2_EH":"MY","ISO_A3":"MYS","ISO_A3_EH":"MYS","ISO_N3":"458","ISO_N3_EH":"458","UN_A3":"458","WB_A2":"MY","WB_A3":"MYS","WOE_ID":23424901,"WOE_ID_EH":23424901,"WOE_NOTE":"Exact WOE match as country","ADM0_ISO":"MYS","ADM0_DIFF":null,"ADM0_TLC":"MYS","ADM0_A3_US":"MYS","ADM0_A3_FR":"MYS","ADM0_A3_RU":"MYS","ADM0_A3_ES":"MYS","ADM0_A3_CN":"MYS","ADM0_A3_TW":"MYS","ADM0_A3_IN":"MYS","ADM0_A3_NP":"MYS","ADM0_A3_PK":"MYS","ADM0_A3_DE":"MYS","ADM0_A3_GB":"MYS","ADM0_A3_BR":"MYS","ADM0_A3_IL":"MYS","ADM0_A3_PS":"MYS","ADM0_A3_SA":"MYS","ADM0_A3_EG":"MYS","ADM0_A3_MA":"MYS","ADM0_A3_PT":"MYS","ADM0_A3_AR":"MYS","ADM0_A3_JP":"MYS","ADM0_A3_KO":"MYS","ADM0_A3_VN":"MYS","ADM0_A3_TR":"MYS","ADM0_A3_ID":"MYS","ADM0_A3_PL":"MYS","ADM0_A3_GR":"MYS","ADM0_A3_IT":"MYS","ADM0_A3_NL":"MYS","ADM0_A3_SE":"MYS","ADM0_A3_BD":"MYS","ADM0_A3_UA":"MYS","ADM0_A3_UN":-99,"ADM0_A3_WB":-99,"CONTINENT":"Asia","REGION_UN":"Asia","SUBREGION":"South-Eastern Asia","REGION_WB":"East Asia & Pacific","NAME_LEN":8,"LONG_LEN":8,"ABBREV_LEN":6,"TINY":-99,"HOMEPART":1,"MIN_ZOOM":0,"MIN_LABEL":3,"MAX_LABEL":8,"LABEL_X":113.83708,"LABEL_Y":2.528667,"NE_ID":1159321083,"WIKIDATAID":"Q833","NAME_AR":"ماليزيا","NAME_BN":"মালয়েশিয়া","NAME_DE":"Malaysia","NAME_EN":"Malaysia","NAME_ES":"Malasia","NAME_FA":"مالزی","NAME_FR":"Malaisie","NAME_EL":"Μαλαισία","NAME_HE":"מלזיה","NAME_HI":"मलेशिया","NAME_HU":"Malajzia","NAME_ID":"Malaysia","NAME_IT":"Malaysia","NAME_JA":"マレーシア","NAME_KO":"말레이시아","NAME_NL":"Maleisië","NAME_PL":"Malezja","NAME_PT":"Malásia","NAME_RU":"Малайзия","NAME_SV":"Malaysia","NAME_TR":"Malezya","NAME_UK":"Малайзія","NAME_UR":"ملائیشیا","NAME_VI":"Malaysia","NAME_ZH":"马来西亚","NAME_ZHT":"馬來西亞","FCLASS_ISO":"Admin-0 country","TLC_DIFF":null,"FCLASS_TLC":"Admin-0 country","FCLASS_US":null,"FCLASS_FR":null,"FCLASS_RU":null,"FCLASS_ES":null,"FCLASS_CN":null,"FCLASS_TW":null,"FCLASS_IN":null,"FCLASS_NP":null,"FCLASS_PK":null,"FCLASS_DE":null,"FCLASS_GB":null,"FCLASS_BR":null,"FCLASS_IL":null,"FCLASS_PS":null,"FCLASS_SA":null,"FCLASS_EG":null,"FCLASS_MA":null,"FCLASS_PT":null,"FCLASS_AR":null,"FCLASS_JP":null,"FCLASS_KO":null,"FCLASS_VN":null,"FCLASS_TR":null,"FCLASS_ID":null,"FCLASS_PL":null,"FCLASS_GR":null,"FCLASS_IT":null,"FCLASS_NL":null,"FCLASS_SE":null,"FCLASS_BD":null,"FCLASS_UA":null},"geometry":{"type":"MultiPolygon","coordinates":[[],[]]}},{"type":"Feature","bbox":[129.408463,31.029579,145.543137,45.551483],"properties":{"featurecla":"Admin-0 country","scalerank":1,"LABELRANK":2,"SOVEREIGNT":"Japan","SOV_A3":"JPN","ADM0_DIF":0,"LEVEL":2,"TYPE":"Sovereign country","TLC":"1","ADMIN":"Japan","ADM0_A3":"JPN","GEOU_DIF":0,"GEOUNIT":"Japan","GU_A3":"JPN","SU_DIF":0,"SUBUNIT":"Japan","SU_A3":"JPN","BRK_DIFF":0,"NAME":"Japan","NAME_LONG":"Japan","BRK_A3":"JPN","BRK_NAME":"Japan","BRK_GROUP":null,"ABBREV":"Japan","POSTAL":"J","FORMAL_EN":"Japan","FORMAL_FR":null,"NAME_CIAWF":"Japan","NOTE_ADM0":null,"NOTE_BRK":null,"NAME_SORT":"Japan","NAME_ALT":null,"MAPCOLOR7":5,"MAPCOLOR8":3,"MAPCOLOR9":5,"MAPCOLOR13":4,"POP_EST":126264931,"POP_RANK":17,"POP_YEAR":2019,"GDP_MD":5081769,"GDP_YEAR":2019,"ECONOMY":"1. Developed region: G7","INCOME_GRP":"1. High income: OECD","FIPS_10":"JA","ISO_A2":"JP","ISO_A2_EH":"JP","ISO_A3":"JPN","ISO_A3_EH":"JPN","ISO_N3":"392","ISO_N3_EH":"392","UN_A3":"392","WB_A2":"JP","WB_A3":"JPN","WOE_ID":23424856,"WOE_ID_EH":23424856,"WOE_NOTE":"Exact WOE match as country","ADM0_ISO":"JPN","ADM0_DIFF":null,"ADM0_TLC":"JPN","ADM0_A3_US":"JPN","ADM0_A3_FR":"JPN","ADM0_A3_RU":"JPN","ADM0_A3_ES":"JPN","ADM0_A3_CN":"JPN","ADM0_A3_TW":"JPN","ADM0_A3_IN":"JPN","ADM0_A3_NP":"JPN","ADM0_A3_PK":"JPN","ADM0_A3_DE":"JPN","ADM0_A3_GB":"JPN","ADM0_A3_BR":"JPN","ADM0_A3_IL":"JPN","ADM0_A3_PS":"JPN","ADM0_A3_SA":"JPN","ADM0_A3_EG":"JPN","ADM0_A3_MA":"JPN","ADM0_A3_PT":"JPN","ADM0_A3_AR":"JPN","ADM0_A3_JP":"JPN","ADM0_A3_KO":"JPN","ADM0_A3_VN":"JPN","ADM0_A3_TR":"JPN","ADM0_A3_ID":"JPN","ADM0_A3_PL":"JPN","ADM0_A3_GR":"JPN","ADM0_A3_IT":"JPN","ADM0_A3_NL":"JPN","ADM0_A3_SE":"JPN","ADM0_A3_BD":"JPN","ADM0_A3_UA":"JPN","ADM0_A3_UN":-99,"ADM0_A3_WB":-99,"CONTINENT":"Asia","REGION_UN":"Asia","SUBREGION":"Eastern Asia","REGION_WB":"East Asia & Pacific","NAME_LEN":5,"LONG_LEN":5,"ABBREV_LEN":5,"TINY":-99,"HOMEPART":1,"MIN_ZOOM":0,"MIN_LABEL":1.7,"MAX_LABEL":7,"LABEL_X":138.44217,"LABEL_Y":36.142538,"NE_ID":1159320937,"WIKIDATAID":"Q17","NAME_AR":"اليابان","NAME_BN":"জাপান","NAME_DE":"Japan","NAME_EN":"Japan","NAME_ES":"Japón","NAME_FA":"ژاپن","NAME_FR":"Japon","NAME_EL":"Ιαπωνία","NAME_HE":"יפן","NAME_HI":"जापान","NAME_HU":"Japán","NAME_ID":"Jepang","NAME_IT":"Giappone","NAME_JA":"日本","NAME_KO":"일본","NAME_NL":"Japan","NAME_PL":"Japonia","NAME_PT":"Japão","NAME_RU":"Япония","NAME_SV":"Japan","NAME_TR":"Japonya","NAME_UK":"Японія","NAME_UR":"جاپان","NAME_VI":"Nhật Bản","NAME_ZH":"日本","NAME_ZHT":"日本","FCLASS_ISO":"Admin-0 country","TLC_DIFF":null,"FCLASS_TLC":"Admin-0 country","FCLASS_US":null,"FCLASS_FR":null,"FCLASS_RU":null,"FCLASS_ES":null,"FCLASS_CN":null,"FCLASS_TW":null,"FCLASS_IN":null,"FCLASS_NP":null,"FCLASS_PK":null,"FCLASS_DE":null,"FCLASS_GB":null,"FCLASS_BR":null,"FCLASS_IL":null,"FCLASS_PS":null,"FCLASS_SA":null,"FCLASS_EG":null,"FCLASS_MA":null,"FCLASS_PT":null,"FCLASS_AR":null,"FCLASS_JP":null,"FCLASS_KO":null,"FCLASS_VN":null,"FCLASS_TR":null,"FCLASS_ID":null,"FCLASS_PL":null,"FCLASS_GR":null,"FCLASS_IT":null,"FCLASS_NL":null,"FCLASS_SE":null,"FCLASS_BD":null,"FCLASS_UA":null},"geometry":{"type":"MultiPolygon","coordinates":[[],[],[]]}},{"type":"Feature","bbox":[-62.685057,-27.548499,-54.29296,-19.342747],"properties":{"featurecla":"Admin-0 country","scalerank":1,"LABELRANK":4,"SOVEREIGNT":"Paraguay","SOV_A3":"PRY","ADM0_DIF":0,"LEVEL":2,"TYPE":"Sovereign country","TLC":"1","ADMIN":"Paraguay","ADM0_A3":"PRY","GEOU_DIF":0,"GEOUNIT":"Paraguay","GU_A3":"PRY","SU_DIF":0,"SUBUNIT":"Paraguay","SU_A3":"PRY","BRK_DIFF":0,"NAME":"Paraguay","NAME_LONG":"Paraguay","BRK_A3":"PRY","BRK_NAME":"Paraguay","BRK_GROUP":null,"ABBREV":"Para.","POSTAL":"PY","FORMAL_EN":"Republic of Paraguay","FORMAL_FR":null,"NAME_CIAWF":"Paraguay","NOTE_ADM0":null,"NOTE_BRK":null,"NAME_SORT":"Paraguay","NAME_ALT":null,"MAPCOLOR7":6,"MAPCOLOR8":3,"MAPCOLOR9":6,"MAPCOLOR13":2,"POP_EST":7044636,"POP_RANK":13,"POP_YEAR":2019,"GDP_MD":38145,"GDP_YEAR":2019,"ECONOMY":"5. Emerging region: G20","INCOME_GRP":"4. Lower middle income","FIPS_10":"PA","ISO_A2":"PY","ISO_A2_EH":"PY","ISO_A3":"PRY","ISO_A3_EH":"PRY","ISO_N3":"600","ISO_N3_EH":"600","UN_A3":"600","WB_A2":"PY","WB_A3":"PRY","WOE_ID":23424917,"WOE_ID_EH":23424917,"WOE_NOTE":"Exact WOE match as country","ADM0_ISO":"PRY","ADM0_DIFF":null,"ADM0_TLC":"PRY","ADM0_A3_US":"PRY","ADM0_A3_FR":"PRY","ADM0_A3_RU":"PRY","ADM0_A3_ES":"PRY","ADM0_A3_CN":"PRY","ADM0_A3_TW":"PRY","ADM0_A3_IN":"PRY","ADM0_A3_NP":"PRY","ADM0_A3_PK":"PRY","ADM0_A3_DE":"PRY","ADM0_A3_GB":"PRY","ADM0_A3_BR":"PRY","ADM0_A3_IL":"PRY","ADM0_A3_PS":"PRY","ADM0_A3_SA":"PRY","ADM0_A3_EG":"PRY","ADM0_A3_MA":"PRY","ADM0_A3_PT":"PRY","ADM0_A3_AR":"PRY","ADM0_A3_JP":"PRY","ADM0_A3_KO":"PRY","ADM0_A3_VN":"PRY","ADM0_A3_TR":"PRY","ADM0_A3_ID":"PRY","ADM0_A3_PL":"PRY","ADM0_A3_GR":"PRY","ADM0_A3_IT":"PRY","ADM0_A3_NL":"PRY","ADM0_A3_SE":"PRY","ADM0_A3_BD":"PRY","ADM0_A3_UA":"PRY","ADM0_A3_UN":-99,"ADM0_A3_WB":-99,"CONTINENT":"South America","REGION_UN":"Americas","SUBREGION":"South America","REGION_WB":"Latin America & Caribbean","NAME_LEN":8,"LONG_LEN":8,"ABBREV_LEN":5,"TINY":-99,"HOMEPART":1,"MIN_ZOOM":0,"MIN_LABEL":3,"MAX_LABEL":8,"LABEL_X":-60.146394,"LABEL_Y":-21.674509,"NE_ID":1159321195,"WIKIDATAID":"Q733","NAME_AR":"باراغواي","NAME_BN":"প্যারাগুয়ে","NAME_DE":"Paraguay","NAME_EN":"Paraguay","NAME_ES":"Paraguay","NAME_FA":"پاراگوئه","NAME_FR":"Paraguay","NAME_EL":"Παραγουάη","NAME_HE":"פרגוואי","NAME_HI":"पैराग्वे","NAME_HU":"Paraguay","NAME_ID":"Paraguay","NAME_IT":"Paraguay","NAME_JA":"パラグアイ","NAME_KO":"파라과이","NAME_NL":"Paraguay","NAME_PL":"Paragwaj","NAME_PT":"Paraguai","NAME_RU":"Парагвай","NAME_SV":"Paraguay","NAME_TR":"Paraguay","NAME_UK":"Парагвай","NAME_UR":"پیراگوئے","NAME_VI":"Paraguay","NAME_ZH":"巴拉圭","NAME_ZHT":"巴拉圭","FCLASS_ISO":"Admin-0 country","TLC_DIFF":null,"FCLASS_TLC":"Admin-0 country","FCLASS_US":null,"FCLASS_FR":null,"FCLASS_RU":null,"FCLASS_ES":null,"FCLASS_CN":null,"FCLASS_TW":null,"FCLASS_IN":null,"FCLASS_NP":null,"FCLASS_PK":null,"FCLASS_DE":null,"FCLASS_GB":null,"FCLASS_BR":null,"FCLASS_IL":null,"FCLASS_PS":null,"FCLASS_SA":null,"FCLASS_EG":null,"FCLASS_MA":null,"FCLASS_PT":null,"FCLASS_AR":null,"FCLASS_JP":null,"FCLASS_KO":null,"FCLASS_VN":null,"FCLASS_TR":null,"FCLASS_ID":null,"FCLASS_PL":null,"FCLASS_GR":null,"FCLASS_IT":null,"FCLASS_NL":null,"FCLASS_SE":null,"FCLASS_BD":null,"FCLASS_UA":null},"geometry":{"type":"Polygon","coordinates":[[[1.6373853773256741,11.675369959619893],[1.8933831579966396,11.129888839441874],[1.8152126297769635,9.803140334137751],[2.7399429465020484,9.598714967190272],[3.1032218860373626,9.78266352167847],[3.689597666142622,9.501878428785172],[3.845062574765097,9.204064092402927],[3.898585357390324,8.301010805866177],[3.9881686995815797,7.9189161986627425],[4.309854483149367,7.864756416786294],[4.640711837855294,8.01261879933351],[4.945838235753492,7.8222556596100015],[4.924034912182381,7.280395517164504],[4.784769233497172,6.701201655357942],[4.595096652679167,6.137192797402885],[4.424053918393053,5.268799984534302],[3.6318037134319434,4.534398965833566],[2.960785506397588,4.392796975337048],[2.016931941750656,4.563275821908439],[1.1686086577679535,4.84422571560612],[2.025650444333653,6.339046248563103],[1.9094514394132438,6.777212203938672],[1.0279235755808311,7.173544157363329],[-0.02510658964634241,7.906320858208454],[-0.734641730094679,8.054066509409944],[-2.3597752019833242,9.638652786062677],[-2.0323170980680643,10.816372473051004],[-2.0182451440994917,11.34165652523861],[-1.601765619573377,12.204117924743118],[-0.03915117042108453,12.496345319177694],[0.7952075219911527,12.480253509323283],[1.625945988679628,11.975625672724409],[1.6373853773256741,11.675369959619893]]]}},{"type":"Feature","bbox":[-180,-90,180,-63.27066],"properties":{"featurecla":"Admin-0 country","scalerank":1,"LABELRANK":4,"SOVEREIGNT":"Antarctica","SOV_A3":"ATA","ADM0_DIF":0,"LEVEL":2,"TYPE":"Indeterminate","TLC":"1","ADMIN":"Antarctica","ADM0_A3":"ATA","GEOU_DIF":0,"GEOUNIT":"Antarctica","GU_A3":"ATA","SU_DIF":0,"SUBUNIT":"Antarctica","SU_A3":"ATA","BRK_DIFF":0,"NAME":"Antarctica","NAME_LONG":"Antarctica","BRK_A3":"ATA","BRK_NAME":"Antarctica","BRK_GROUP":null,"ABBREV":"Ant.","POSTAL":"AQ","FORMAL_EN":null,"FORMAL_FR":null,"NAME_CIAWF":null,"NOTE_ADM0":"By treaty","NOTE_BRK":"Multiple claims held in abeyance by treaty","NAME_SORT":"Antarctica","NAME_ALT":null,"MAPCOLOR7":4,"MAPCOLOR8":5,"MAPCOLOR9":1,"MAPCOLOR13":-99,"POP_EST":4490,"POP_RANK":4,"POP_YEAR":2019,"GDP_MD":898,"GDP_YEAR":2013,"ECONOMY":"6. Developing region","INCOME_GRP":"2. High income: nonOECD","FIPS_10":"AY","ISO_A2":"AQ","ISO_A2_EH":"AQ","ISO_A3":"ATA","ISO_A3_EH":"ATA","ISO_N3":"010","ISO_N3_EH":"010","UN_A3":"010","WB_A2":"-99","WB_A3":"-99","WOE_ID":28289409,"WOE_ID_EH":28289409,"WOE_NOTE":"Exact WOE match as country","ADM0_ISO":"ATA","ADM0_DIFF":null,"ADM0_TLC":"ATA","ADM0_A3_US":"ATA","ADM0_A3_FR":"ATA","ADM0_A3_RU":"ATA","ADM0_A3_ES":"ATA","ADM0_A3_CN":"ATA","ADM0_A3_TW":"ATA","ADM0_A3_IN":"ATA","ADM0_A3_NP":"ATA","ADM0_A3_PK":"ATA","ADM0_A3_DE":"ATA","ADM0_A3_GB":"ATA","ADM0_A3_BR":"ATA","ADM0_A3_IL":"ATA","ADM0_A3_PS":"ATA","ADM0_A3_SA":"ATA","ADM0_A3_EG":"ATA","ADM0_A3_MA":"ATA","ADM0_A3_PT":"ATA","ADM0_A3_AR":"ATA","ADM0_A3_JP":"ATA","ADM0_A3_KO":"ATA","ADM0_A3_VN":"ATA","ADM0_A3_TR":"ATA","ADM0_A3_ID":"ATA","ADM0_A3_PL":"ATA","ADM0_A3_GR":"ATA","ADM0_A3_IT":"ATA","ADM0_A3_NL":"ATA","ADM0_A3_SE":"ATA","ADM0_A3_BD":"ATA","ADM0_A3_UA":"ATA","ADM0_A3_UN":-99,"ADM0_A3_WB":-99,"CONTINENT":"Antarctica","REGION_UN":"Antarctica","SUBREGION":"Antarctica","REGION_WB":"Antarctica","NAME_LEN":10,"LONG_LEN":10,"ABBREV_LEN":4,"TINY":-99,"HOMEPART":1,"MIN_ZOOM":0,"MIN_LABEL":4,"MAX_LABEL":9,"LABEL_X":35.885455,"LABEL_Y":-79.843222,"NE_ID":1159320335,"WIKIDATAID":"Q51","NAME_AR":"القارة القطبية الجنوبية","NAME_BN":"অ্যান্টার্কটিকা","NAME_DE":"Antarktika","NAME_EN":"Antarctica","NAME_ES":"Antártida","NAME_FA":"جنوبگان","NAME_FR":"Antarctique","NAME_EL":"Ανταρκτική","NAME_HE":"אנטארקטיקה","NAME_HI":"अंटार्कटिका","NAME_HU":"Antarktika","NAME_ID":"Antartika","NAME_IT":"Antartide","NAME_JA":"南極大陸","NAME_KO":"남극","NAME_NL":"Antarctica","NAME_PL":"Antarktyda","NAME_PT":"Antártida","NAME_RU":"Антарктида","NAME_SV":"Antarktis","NAME_TR":"Antarktika","NAME_UK":"Антарктида","NAME_UR":"انٹارکٹکا","NAME_VI":"Châu Nam Cực","NAME_ZH":"南极洲","NAME_ZHT":"南極洲","FCLASS_ISO":"Admin-0 dependency","TLC_DIFF":null,"FCLASS_TLC":"Admin-0 dependency","FCLASS_US":null,"FCLASS_FR":null,"FCLASS_RU":null,"FCLASS_ES":null,"FCLASS_CN":null,"FCLASS_TW":null,"FCLASS_IN":null,"FCLASS_NP":null,"FCLASS_PK":null,"FCLASS_DE":null,"FCLASS_GB":null,"FCLASS_BR":null,"FCLASS_IL":null,"FCLASS_PS":null,"FCLASS_SA":null,"FCLASS_EG":null,"FCLASS_MA":null,"FCLASS_PT":null,"FCLASS_AR":null,"FCLASS_JP":null,"FCLASS_KO":null,"FCLASS_VN":null,"FCLASS_TR":null,"FCLASS_ID":null,"FCLASS_PL":null,"FCLASS_GR":null,"FCLASS_IT":null,"FCLASS_NL":null,"FCLASS_SE":null,"FCLASS_BD":null,"FCLASS_UA":null},"geometry":{"type":"MultiPolygon","coordinates":[[],[],[],[],[],[],[],[]]}},{"type":"Feature","bbox":[-61.95,10,-60.895,10.89],"properties":{"featurecla":"Admin-0 country","scalerank":1,"LABELRANK":5,"SOVEREIGNT":"Trinidad and Tobago","SOV_A3":"TTO","ADM0_DIF":0,"LEVEL":2,"TYPE":"Sovereign country","TLC":"1","ADMIN":"Trinidad and Tobago","ADM0_A3":"TTO","GEOU_DIF":0,"GEOUNIT":"Trinidad and Tobago","GU_A3":"TTO","SU_DIF":0,"SUBUNIT":"Trinidad and Tobago","SU_A3":"TTO","BRK_DIFF":0,"NAME":"Trinidad and Tobago","NAME_LONG":"Trinidad and Tobago","BRK_A3":"TTO","BRK_NAME":"Trinidad and Tobago","BRK_GROUP":null,"ABBREV":"Tr.T.","POSTAL":"TT","FORMAL_EN":"Republic of Trinidad and Tobago","FORMAL_FR":null,"NAME_CIAWF":"Trinidad and Tobago","NOTE_ADM0":null,"NOTE_BRK":null,"NAME_SORT":"Trinidad and Tobago","NAME_ALT":null,"MAPCOLOR7":5,"MAPCOLOR8":6,"MAPCOLOR9":2,"MAPCOLOR13":5,"POP_EST":1394973,"POP_RANK":12,"POP_YEAR":2019,"GDP_MD":24269,"GDP_YEAR":2019,"ECONOMY":"6. Developing region","INCOME_GRP":"2. High income: nonOECD","FIPS_10":"TD","ISO_A2":"TT","ISO_A2_EH":"TT","ISO_A3":"TTO","ISO_A3_EH":"TTO","ISO_N3":"780","ISO_N3_EH":"780","UN_A3":"780","WB_A2":"TT","WB_A3":"TTO","WOE_ID":23424958,"WOE_ID_EH":23424958,"WOE_NOTE":"Exact WOE match as country","ADM0_ISO":"TTO","ADM0_DIFF":null,"ADM0_TLC":"TTO","ADM0_A3_US":"TTO","ADM0_A3_FR":"TTO","ADM0_A3_RU":"TTO","ADM0_A3_ES":"TTO","ADM0_A3_CN":"TTO","ADM0_A3_TW":"TTO","ADM0_A3_IN":"TTO","ADM0_A3_NP":"TTO","ADM0_A3_PK":"TTO","ADM0_A3_DE":"TTO","ADM0_A3_GB":"TTO","ADM0_A3_BR":"TTO","ADM0_A3_IL":"TTO","ADM0_A3_PS":"TTO","ADM0_A3_SA":"TTO","ADM0_A3_EG":"TTO","ADM0_A3_MA":"TTO","ADM0_A3_PT":"TTO","ADM0_A3_AR":"TTO","ADM0_A3_JP":"TTO","ADM0_A3_KO":"TTO","ADM0_A3_VN":"TTO","ADM0_A3_TR":"TTO","ADM0_A3_ID":"TTO","ADM0_A3_PL":"TTO","ADM0_A3_GR":"TTO","ADM0_A3_IT":"TTO","ADM0_A3_NL":"TTO","ADM0_A3_SE":"TTO","ADM0_A3_BD":"TTO","ADM0_A3_UA":"TTO","ADM0_A3_UN":-99,"ADM0_A3_WB":-99,"CONTINENT":"North America","REGION_UN":"Americas","SUBREGION":"Caribbean","REGION_WB":"Latin America & Caribbean","NAME_LEN":19,"LONG_LEN":19,"ABBREV_LEN":5,"TINY":2,"HOMEPART":1,"MIN_ZOOM":0,"MIN_LABEL":4.5,"MAX_LABEL":9.5,"LABEL_X":-60.9184,"LABEL_Y":10.9989,"NE_ID":1159321321,"WIKIDATAID":"Q754","NAME_AR":"ترينيداد وتوباغو","NAME_BN":"ত্রিনিদাদ ও টোবাগো","NAME_DE":"Trinidad und Tobago","NAME_EN":"Trinidad and Tobago","NAME_ES":"Trinidad y Tobago","NAME_FA":"ترینیداد و توباگو","NAME_FR":"Trinité-et-Tobago","NAME_EL":"Τρινιντάντ και Τομπάγκο","NAME_HE":"טרינידד וטובגו","NAME_HI":"त्रिनिदाद और टोबैगो","NAME_HU":"Trinidad és Tobago","NAME_ID":"Trinidad dan Tobago","NAME_IT":"Trinidad e Tobago","NAME_JA":"トリニダード・トバゴ","NAME_KO":"트리니다드 토바고","NAME_NL":"Trinidad en Tobago","NAME_PL":"Trynidad i Tobago","NAME_PT":"Trinidad e Tobago","NAME_RU":"Тринидад и Тобаго","NAME_SV":"Trinidad och Tobago","NAME_TR":"Trinidad ve Tobago","NAME_UK":"Тринідад і Тобаго","NAME_UR":"ٹرینیڈاڈ و ٹوباگو","NAME_VI":"Trinidad và Tobago","NAME_ZH":"特立尼达和多巴哥","NAME_ZHT":"千里達及托巴哥","FCLASS_ISO":"Admin-0 country","TLC_DIFF":null,"FCLASS_TLC":"Admin-0 country","FCLASS_US":null,"FCLASS_FR":null,"FCLASS_RU":null,"FCLASS_ES":null,"FCLASS_CN":null,"FCLASS_TW":null,"FCLASS_IN":null,"FCLASS_NP":null,"FCLASS_PK":null,"FCLASS_DE":null,"FCLASS_GB":null,"FCLASS_BR":null,"FCLASS_IL":null,"FCLASS_PS":null,"FCLASS_SA":null,"FCLASS_EG":null,"FCLASS_MA":null,"FCLASS_PT":null,"FCLASS_AR":null,"FCLASS_JP":null,"FCLASS_KO":null,"FCLASS_VN":null,"FCLASS_TR":null,"FCLASS_ID":null,"FCLASS_PL":null,"FCLASS_GR":null,"FCLASS_IT":null,"FCLASS_NL":null,"FCLASS_SE":null,"FCLASS_BD":null,"FCLASS_UA":null},"geometry":{"type":"Polygon","coordinates":[[[-1.8536003935759966,39.06231370938023],[-1.220175592743447,39.16722681497053],[-0.9880772591677967,39.14148911467765],[-1.0275002033412193,38.564807911713665],[-1.9437492493883155,38.4726547453392],[-2.1426007217704868,38.540658060641675],[-1.8270763054072017,38.75712000075004],[-1.8536003935759966,39.06231370938023]]]}}]}