{"type":"FeatureCollection","name":"ne_50m_admin_0_countries","crs":{"type":"name","properties":{"name":"urn:ogc:def:crs:OGC:1.3:CRS84"}},"bbox":[-180,-89.99892578125,180,83.599609375],"features":[{"type":"Feature","bbox":[25.224023,-22.402051,33.006738,-15.643066],"properties":{"featurecla":"Admin-0 country","scalerank":1,"LABELRANK":3,"SOVEREIGNT":"Zimbabwe","SOV_A3":"ZWE","ADM0_DIF":0,"LEVEL":2,"TYPE":"Sovereign country","TLC":"1","ADMIN":"Zimbabwe","ADM0_A3":"ZWE","GEOU_DIF":0,"GEOUNIT":"Zimbabwe","GU_A3":"ZWE","SU_DIF":0,"SUBUNIT":"Zimbabwe","SU_A3":"ZWE","BRK_DIFF":0,"NAME":"Zimbabwe","NAME_LONG":"Zimbabwe","BRK_A3":"ZWE","BRK_NAME":"Zimbabwe","BRK_GROUP":null,"ABBREV":"Zimb.","POSTAL":"ZW","FORMAL_EN":"Republic of Zimbabwe","FORMAL_FR":null,"NAME_CIAWF":"Zimbabwe","NOTE_ADM0":null,"NOTE_BRK":null,"NAME_SORT":"Zimbabwe","NAME_ALT":null,"MAPCOLOR7":1,"MAPCOLOR8":5,"MAPCOLOR9":3,"MAPCOLOR13":9,"POP_EST":14645468,"POP_RANK":14,"POP_YEAR":2019,"GDP_MD":21440,"GDP_YEAR":2019,"ECONOMY":"5. Emerging region: G20","INCOME_GRP":"5. Low income","FIPS_10":"ZI","ISO_A2":"ZW","ISO_A2_EH":"ZW","ISO_A3":"ZWE","ISO_A3_EH":"ZWE","ISO_N3":"716","ISO_N3_EH":"716","UN_A3":"716","WB_A2":"ZW","WB_A3":"ZWE","WOE_ID":23425004,"WOE_ID_EH":23425004,"WOE_NOTE":"Exact WOE match as country","ADM0_ISO":"ZWE","ADM0_DIFF":null,"ADM0_TLC":"ZWE","ADM0_A3_US":"ZWE","ADM0_A3_FR":"ZWE","ADM0_A3_RU":"ZWE","ADM0_A3_ES":"ZWE","ADM0_A3_CN":"ZWE","ADM0_A3_TW":"ZWE","ADM0_A3_IN":"ZWE","ADM0_A3_NP":"ZWE","ADM0_A3_PK":"ZWE","ADM0_A3_DE":"ZWE","ADM0_A3_GB":"ZWE","ADM0_A3_BR":"ZWE","ADM0_A3_IL":"ZWE","ADM0_A3_PS":"ZWE","ADM0_A3_SA":"ZWE","ADM0_A3_EG":"ZWE","ADM0_A3_MA":"ZWE","ADM0_A3_PT":"ZWE","ADM0_A3_AR":"ZWE","ADM0_A3_JP":"ZWE","ADM0_A3_KO":"ZWE","ADM0_A3_VN":"ZWE","ADM0_A3_TR":"ZWE","ADM0_A3_ID":"ZWE","ADM0_A3_PL":"ZWE","ADM0_A3_GR":"ZWE","ADM0_A3_IT":"ZWE","ADM0_A3_NL":"ZWE","ADM0_A3_SE":"ZWE","ADM0_A3_BD":"ZWE","ADM0_A3_UA":"ZWE","ADM0_A3_UN":-99,"ADM0_A3_WB":-99,"CONTINENT":"Africa","REGION_UN":"Africa","SUBREGION":"Eastern Africa","REGION_WB":"Sub-Saharan Africa","NAME_LEN":8,"LONG_LEN":8,"ABBREV_LEN":5,"TINY":-99,"HOMEPART":1,"MIN_ZOOM":0,"MIN_LABEL":2.5,"MAX_LABEL":8,"LABEL_X":29.925444,"LABEL_Y":-18.91164,"NE_ID":1159321441,"WIKIDATAID":"Q954","NAME_AR":"زيمبابوي","NAME_BN":"জিম্বাবুয়ে","NAME_DE":"Simbabwe","NAME_EN":"Zimbabwe","NAME_ES":"Zimbabue","NAME_FA":"زیمبابوه","NAME_FR":"Zimbabwe","NAME_EL":"Ζιμπάμπουε","NAME_HE":"זימבבואה","NAME_HI":"ज़िम्बाब्वे","NAME_HU":"Zimbabwe","NAME_ID":"Zimbabwe","NAME_IT":"Zimbabwe","NAME_JA":"ジンバブエ","NAME_KO":"짐바브웨","NAME_NL":"Zimbabwe","NAME_PL":"Zimbabwe","NAME_PT":"Zimbábue","NAME_RU":"Зимбабве","NAME_SV":"Zimbabwe","NAME_TR":"Zimbabve","NAME_UK":"Зімбабве","NAME_UR":"زمبابوے","NAME_VI":"Zimbabwe","NAME_ZH":"津巴布韦","NAME_ZHT":"辛巴威","FCLASS_ISO":"Admin-0 country","TLC_DIFF":null,"FCLASS_TLC":"Admin-0 country","FCLASS_US":null,"FCLASS_FR":null,"FCLASS_RU":null,"FCLASS_ES":null,"FCLASS_CN":null,"FCLASS_TW":null,"FCLASS_IN":null,"FCLASS_NP":null,"FCLASS_PK":null,"FCLASS_DE":null,"FCLASS_GB":null,"FCLASS_BR":null,"FCLASS_IL":null,"FCLASS_PS":null,"FCLASS_SA":null,"FCLASS_EG":null,"FCLASS_MA":null,"FCLASS_PT":null,"FCLASS_AR":null,"FCLASS_JP":null,"FCLASS_KO":null,"FCLASS_VN":null,"FCLASS_TR":null,"FCLASS_ID":null,"FCLASS_PL":null,"FCLASS_GR":null,"FCLASS_IT":null,"FCLASS_NL":null,"FCLASS_SE":null,"FCLASS_BD":null,"FCLASS_UA":null},"geometry":{"type":"Polygon","coordinates":[[[31.287891,-22.402051],[31.197266,-22.344922],[31.073438,-22.307813],[30.916113,-22.290723],[30.711621,-22.297852],[30.460156,-22.329004],[30.19043,-22.291113],[29.902344,-22.18418],[29.663086,-22.146289],[29.377441,-22.192773],[29.364844,-22.193945],[29.315234,-22.157715],[29.237207,-22.079492],[29.106836,-22.065723],[29.071484,-22.047461],[29.042383,-22.018359],[29.02334,-21.98125],[29.01582,-21.939941],[29.037305,-21.811328],[29.025586,-21.796875],[28.990723,-21.781445],[28.919336,-21.766016],[28.747754,-21.707617],[28.532031,-21.65127],[28.181641,-21.589355],[28.045605,-21.573047],[28.014063,-21.554199],[27.974609,-21.506738],[27.907422,-21.359082],[27.844141,-21.261523],[27.693457,-21.111035],[27.669434,-21.064258],[27.676953,-20.944824],[27.688086,-20.84834],[27.704297,-20.766406],[27.696973,-20.689746],[27.694824,-20.594531],[27.699609,-20.530664],[27.679297,-20.503027],[27.624609,-20.483594],[27.468945,-20.474805],[27.280762,-20.478711],[27.274609,-20.381836],[27.256738,-20.232031],[27.221484,-20.145801],[27.178223,-20.100977],[27.091797,-20.054199],[26.916699,-19.990137],[26.678223,-19.892773],[26.474609,-19.748633],[26.241016,-19.569336],[26.168066,-19.538281],[26.081934,-19.369922],[25.950684,-19.081738],[25.95918,-18.985645],[25.939355,-18.938672],[25.811914,-18.79707],[25.783691,-18.723535],[25.76123,-18.649219],[25.558301,-18.441797],[25.489258,-18.35127],[25.436719,-18.234961],[25.384375,-18.141992],[25.340234,-18.104492],[25.282422,-18.041211],[25.242285,-17.969043],[25.224023,-17.915234],[25.239063,-17.843066],[25.258789,-17.793555],[25.451758,-17.845117],[25.557129,-17.849512],[25.639648,-17.824121],[25.741602,-17.858203],[25.863281,-17.951953],[25.995898,-17.969824],[26.139551,-17.911719],[26.333398,-17.929297],[26.577539,-18.022559],[26.779883,-18.041504],[27.020801,-17.958398],[27.235742,-17.72832],[27.437891,-17.511914],[27.636719,-17.262109],[27.756543,-17.060352],[27.932227,-16.896191],[28.16377,-16.769727],[28.399805,-16.662793],[28.760645,-16.531934],[28.760547,-16.532129],[28.832715,-16.424121],[28.856738,-16.306152],[28.856738,-16.142285],[28.875586,-16.036133],[28.913086,-15.987793],[28.973047,-15.950098],[29.050586,-15.901172],[29.287891,-15.776465],[29.487305,-15.696777],[29.72959,-15.644629],[29.994922,-15.644043],[30.250684,-15.643457],[30.396094,-15.643066],[30.398145,-15.800781],[30.409375,-15.978223],[30.437793,-15.995313],[30.630176,-15.999219],[30.93877,-16.011719],[31.23623,-16.023633],[31.426172,-16.152344],[31.489844,-16.179688],[31.687598,-16.21416],[31.939844,-16.428809],[32.243262,-16.44873],[32.451953,-16.515723],[32.63584,-16.589453],[32.741797,-16.677637],[32.810254,-16.697656],[32.90293,-16.704199],[32.948047,-16.712305],[32.937891,-16.775977],[32.87627,-16.883594],[32.884375,-17.037793],[32.969336,-17.251563],[32.980762,-17.4375],[32.954688,-17.76543],[32.955566,-18.08291],[32.964648,-18.196289],[32.978516,-18.271484],[32.996387,-18.312598],[32.993066,-18.35957],[32.94248,-18.492676],[32.90166,-18.63291],[32.900293,-18.689063],[32.88457,-18.728516],[32.854492,-18.763672],[32.721973,-18.828418],[32.699219,-18.868457],[32.699707,-18.940918],[32.716504,-19.001855],[32.766211,-19.024316],[32.826172,-19.058789],[32.849805,-19.104395],[32.85,-19.152441],[32.830957,-19.241406],[32.777637,-19.38877],[32.830762,-19.558203],[32.89043,-19.668066],[32.972656,-19.79541],[33.006738,-19.873828],[33.004883,-19.930176],[32.992773,-19.984863],[32.869629,-20.217188],[32.780859,-20.361523],[32.672559,-20.516113],[32.529297,-20.613086],[32.492383,-20.659766],[32.477637,-20.712988],[32.482813,-20.828906],[32.476172,-20.950098],[32.353613,-21.136523],[32.429785,-21.29707],[32.412402,-21.311816],[32.371094,-21.334863],[32.194727,-21.51543],[32.016309,-21.698047],[31.885938,-21.831543],[31.737695,-21.983398],[31.571484,-22.153516],[31.429492,-22.298828],[31.287891,-22.402051]]]}},{"type":"Feature","bbox":[21.978906,-18.041504,33.661523,-8.193652],"properties":{"featurecla":"Admin-0 country","scalerank":1,"LABELRANK":3,"SOVEREIGNT":"Zambia","SOV_A3":"ZMB","ADM0_DIF":0,"LEVEL":2,"TYPE":"Sovereign country","TLC":"1","ADMIN":"Zambia","ADM0_A3":"ZMB","GEOU_DIF":0,"GEOUNIT":"Zambia","GU_A3":"ZMB","SU_DIF":0,"SUBUNIT":"Zambia","SU_A3":"ZMB","BRK_DIFF":0,"NAME":"Zambia","NAME_LONG":"Zambia","BRK_A3":"ZMB","BRK_NAME":"Zambia","BRK_GROUP":null,"ABBREV":"Zambia","POSTAL":"ZM","FORMAL_EN":"Republic of Zambia","FORMAL_FR":null,"NAME_CIAWF":"Zambia","NOTE_ADM0":null,"NOTE_BRK":null,"NAME_SORT":"Zambia","NAME_ALT":null,"MAPCOLOR7":5,"MAPCOLOR8":8,"MAPCOLOR9":5,"MAPCOLOR13":13,"POP_EST":17861030,"POP_RANK":14,"POP_YEAR":2019,"GDP_MD":23309,"GDP_YEAR":2019,"ECONOMY":"7. Least developed region","INCOME_GRP":"4. Lower middle income","FIPS_10":"ZA","ISO_A2":"ZM","ISO_A2_EH":"ZM","ISO_A3":"ZMB","ISO_A3_EH":"ZMB","ISO_N3":"894","ISO_N3_EH":"894","UN_A3":"894","WB_A2":"ZM","WB_A3":"ZMB","WOE_ID":23425003,"WOE_ID_EH":23425003,"WOE_NOTE":"Exact WOE match as country","ADM0_ISO":"ZMB","ADM0_DIFF":null,"ADM0_TLC":"ZMB","ADM0_A3_US":"ZMB","ADM0_A3_FR":"ZMB","ADM0_A3_RU":"ZMB","ADM0_A3_ES":"ZMB","ADM0_A3_CN":"ZMB","ADM0_A3_TW":"ZMB","ADM0_A3_IN":"ZMB","ADM0_A3_NP":"ZMB","ADM0_A3_PK":"ZMB","ADM0_A3_DE":"ZMB","ADM0_A3_GB":"ZMB","ADM0_A3_BR":"ZMB","ADM0_A3_IL":"ZMB","ADM0_A3_PS":"ZMB","ADM0_A3_SA":"ZMB","ADM0_A3_EG":"ZMB","ADM0_A3_MA":"ZMB","ADM0_A3_PT":"ZMB","ADM0_A3_AR":"ZMB","ADM0_A3_JP":"ZMB","ADM0_A3_KO":"ZMB","ADM0_A3_VN":"ZMB","ADM0_A3_TR":"ZMB","ADM0_A3_ID":"ZMB","ADM0_A3_PL":"ZMB","ADM0_A3_GR":"ZMB","ADM0_A3_IT":"ZMB","ADM0_A3_NL":"ZMB","ADM0_A3_SE":"ZMB","ADM0_A3_BD":"ZMB","ADM0_A3_UA":"ZMB","ADM0_A3_UN":-99,"ADM0_A3_WB":-99,"CONTINENT":"Africa","REGION_UN":"Africa","SUBREGION":"Eastern Africa","REGION_WB":"Sub-Saharan Africa","NAME_LEN":6,"LONG_LEN":6,"ABBREV_LEN":6,"TINY":-99,"HOMEPART":1,"MIN_ZOOM":0,"MIN_LABEL":3,"MAX_LABEL":8,"LABEL_X":26.395298,"LABEL_Y":-14.660804,"NE_ID":1159321439,"WIKIDATAID":"Q953","NAME_AR":"زامبيا","NAME_BN":"জাম্বিয়া","NAME_DE":"Sambia","NAME_EN":"Zambia","NAME_ES":"Zambia","NAME_FA":"زامبیا","NAME_FR":"Zambie","NAME_EL":"Ζάμπια","NAME_HE":"זמביה","NAME_HI":"ज़ाम्बिया","NAME_HU":"Zambia","NAME_ID":"Zambia","NAME_IT":"Zambia","NAME_JA":"ザンビア","NAME_KO":"잠비아","NAME_NL":"Zambia","NAME_PL":"Zambia","NAME_PT":"Zâmbia","NAME_RU":"Замбия","NAME_SV":"Zambia","NAME_TR":"Zambiya","NAME_UK":"Замбія","NAME_UR":"زیمبیا","NAME_VI":"Zambia","NAME_ZH":"赞比亚","NAME_ZHT":"尚比亞","FCLASS_ISO":"Admin-0 country","TLC_DIFF":null,"FCLASS_TLC":"Admin-0 country","FCLASS_US":null,"FCLASS_FR":null,"FCLASS_RU":null,"FCLASS_ES":null,"FCLASS_CN":null,"FCLASS_TW":null,"FCLASS_IN":null,"FCLASS_NP":null,"FCLASS_PK":null,"FCLASS_DE":null,"FCLASS_GB":null,"FCLASS_BR":null,"FCLASS_IL":null,"FCLASS_PS":null,"FCLASS_SA":null,"FCLASS_EG":null,"FCLASS_MA":null,"FCLASS_PT":null,"FCLASS_AR":null,"FCLASS_JP":null,"FCLASS_KO":null,"FCLASS_VN":null,"FCLASS_TR":null,"FCLASS_ID":null,"FCLASS_PL":null,"FCLASS_GR":null,"FCLASS_IT":null,"FCLASS_NL":null,"FCLASS_SE":null,"FCLASS_BD":null,"FCLASS_UA":null},"geometry":{"type":"Polygon","coordinates":[[[30.396094,-15.643066],[30.250684,-15.643457],[29.994922,-15.644043],[29.72959,-15.644629],[29.487305,-15.696777],[29.287891,-15.776465],[29.050586,-15.901172],[28.973047,-15.950098],[28.913086,-15.987793],[28.875586,-16.036133],[28.856738,-16.142285],[28.856738,-16.306152],[28.832715,-16.424121],[28.760547,-16.532129],[28.760645,-16.531934],[28.399805,-16.662793],[28.16377,-16.769727],[27.932227,-16.896191],[27.756543,-17.060352],[27.636719,-17.262109],[27.437891,-17.511914],[27.235742,-17.72832],[27.020801,-17.958398],[26.779883,-18.041504],[26.577539,-18.022559],[26.333398,-17.929297],[26.139551,-17.911719],[25.995898,-17.969824],[25.863281,-17.951953],[25.741602,-17.858203],[25.639648,-17.824121],[25.557129,-17.849512],[25.451758,-17.845117],[25.258789,-17.793555],[25.092188,-17.634375],[25.001758,-17.568555],[24.932422,-17.543457],[24.73291,-17.517773],[24.274902,-17.481055],[24.227148,-17.489551],[24.036914,-17.520898],[23.799219,-17.560156],[23.594922,-17.599414],[23.380664,-17.640625],[23.181641,-17.474414],[22.955859,-17.285742],[22.721973,-17.075293],[22.545996,-16.910254],[22.459473,-16.815137],[22.305078,-16.689551],[22.193945,-16.628125],[22.150684,-16.597168],[22.040234,-16.262793],[21.979785,-15.955566],[21.979785,-15.724121],[21.979688,-15.403223],[21.97959,-15.082324],[21.979492,-14.761426],[21.979395,-14.440527],[21.979297,-14.119629],[21.979102,-13.79873],[21.979102,-13.477734],[21.979004,-13.156836],[21.978906,-13.000977],[22.20957,-13.000977],[22.470996,-13.000977],[22.744336,-13.000977],[23.041504,-13.000977],[23.338672,-13.000977],[23.63584,-13.000977],[23.843164,-13.000977],[23.897461,-12.998242],[23.962988,-12.988477],[23.968066,-12.956934],[23.882422,-12.799023],[23.886523,-12.743262],[23.909375,-12.636133],[23.944727,-12.54375],[23.991309,-12.422168],[23.996484,-12.350684],[23.958887,-12.117773],[23.962305,-11.987891],[23.973438,-11.85293],[23.983887,-11.725],[23.970996,-11.63584],[23.986816,-11.587207],[24.014648,-11.517676],[24.029297,-11.43916],[24.04668,-11.405371],[24.041406,-11.374121],[24.025586,-11.315625],[24.010059,-11.184766],[23.988281,-11.002832],[23.966504,-10.871777],[24.002734,-10.879102],[24.078418,-10.891504],[24.115137,-10.955664],[24.136523,-11.025977],[24.187207,-11.02998],[24.319922,-11.071777],[24.365723,-11.129883],[24.396289,-11.255176],[24.37793,-11.319336],[24.335156,-11.371289],[24.37793,-11.41709],[24.466602,-11.447656],[24.518555,-11.438477],[24.668262,-11.35293],[24.728125,-11.337793],[24.806348,-11.321191],[24.876855,-11.299121],[25.075977,-11.260059],[25.184863,-11.242969],[25.245996,-11.212402],[25.28877,-11.212402],[25.319336,-11.236914],[25.291797,-11.325488],[25.282617,-11.40498],[25.320703,-11.553516],[25.349414,-11.623047],[25.413379,-11.673535],[25.459961,-11.699805],[25.511914,-11.753418],[25.618848,-11.744141],[25.854883,-11.820117],[25.926563,-11.855273],[26.025977,-11.890137],[26.096387,-11.903223],[26.339648,-11.929883],[26.429688,-11.947852],[26.596387,-11.97207],[26.729688,-11.975977],[26.824023,-11.965234],[26.89043,-11.943555],[26.930859,-11.919336],[26.949609,-11.898828],[26.976855,-11.824609],[27.02666,-11.66377],[27.046094,-11.615918],[27.09541,-11.59375],[27.15918,-11.579199],[27.196387,-11.605078],[27.238086,-11.783496],[27.423633,-11.944531],[27.487012,-12.079688],[27.533398,-12.195312],[27.573828,-12.227051],[27.644336,-12.266797],[27.756836,-12.280859],[27.857422,-12.284863],[28.068848,-12.368164],[28.237305,-12.43457],[28.357715,-12.482031],[28.412891,-12.518066],[28.451465,-12.577441],[28.474414,-12.62334],[28.51123,-12.742188],[28.550879,-12.836133],[28.61543,-12.854102],[28.672949,-12.861328],[28.730078,-12.925488],[28.773145,-12.981934],[28.858789,-13.119434],[28.92168,-13.214648],[28.942285,-13.307129],[29.014258,-13.368848],[29.111621,-13.395117],[29.201855,-13.39834],[29.253711,-13.370801],[29.381836,-13.322852],[29.481445,-13.267969],[29.554199,-13.248926],[29.597168,-13.260547],[29.630273,-13.298535],[29.647656,-13.372949],[29.651758,-13.414355],[29.722656,-13.453809],[29.775195,-13.438086],[29.795313,-13.392773],[29.796484,-13.369727],[29.796289,-13.16748],[29.796094,-12.99209],[29.795801,-12.827051],[29.795605,-12.625879],[29.795508,-12.450586],[29.795313,-12.306152],[29.795117,-12.155469],[29.749609,-12.164062],[29.691992,-12.19834],[29.559766,-12.202441],[29.508203,-12.228223],[29.491992,-12.266895],[29.502246,-12.317578],[29.504883,-12.386133],[29.485547,-12.418457],[29.427539,-12.43125],[29.34375,-12.404785],[29.191211,-12.370215],[29.064355,-12.348828],[28.973438,-12.257812],[28.85,-12.120508],[28.769434,-12.05127],[28.574609,-11.908105],[28.541602,-11.879199],[28.48252,-11.812109],[28.431836,-11.69834],[28.407031,-11.622852],[28.383398,-11.566699],[28.357227,-11.483008],[28.404199,-11.354395],[28.470313,-11.10957],[28.517969,-10.933203],[28.544238,-10.802344],[28.638867,-10.669238],[28.645508,-10.550195],[28.607422,-10.397363],[28.617188,-10.312988],[28.623535,-10.098828],[28.628906,-9.91875],[28.630078,-9.83125],[28.604199,-9.678809],[28.540527,-9.510059],[28.400195,-9.275],[28.400684,-9.224805],[28.484277,-9.169434],[28.616504,-9.072266],[28.68125,-9.014648],[28.758789,-8.932617],[28.793555,-8.891016],[28.869531,-8.78584],[28.917773,-8.700586],[28.934473,-8.590234],[28.898145,-8.485449],[28.972266,-8.464941],[29.215625,-8.427832],[29.483789,-8.386914],[29.766211,-8.34375],[30.051367,-8.300293],[30.327539,-8.258203],[30.57793,-8.22002],[30.751172,-8.193652],[30.776758,-8.26582],[30.830664,-8.385547],[30.891992,-8.47373],[30.968359,-8.550977],[31.033398,-8.597656],[31.076367,-8.611914],[31.350586,-8.607031],[31.449219,-8.653906],[31.534863,-8.713281],[31.55625,-8.805469],[31.612793,-8.863281],[31.673633,-8.908789],[31.7,-8.914355],[31.744727,-8.903223],[31.818066,-8.902246],[31.886133,-8.921973],[31.918652,-8.942188],[31.921875,-9.019434],[31.942578,-9.054004],[32.035352,-9.067383],[32.129785,-9.07334],[32.220898,-9.125586],[32.319336,-9.134863],[32.433203,-9.156348],[32.487109,-9.212695],[32.608398,-9.270508],[32.756641,-9.322266],[32.863281,-9.380859],[32.919922,-9.407422],[32.92334,-9.433984],[32.951074,-9.48418],[32.979883,-9.520313],[32.982129,-9.573633],[32.995996,-9.622852],[33.037793,-9.635059],[33.072461,-9.638184],[33.104492,-9.602637],[33.148047,-9.603516],[33.195703,-9.626172],[33.212695,-9.683008],[33.25,-9.75957],[33.310449,-9.811816],[33.350977,-9.862207],[33.337109,-9.954004],[33.311523,-10.037988],[33.393555,-10.120898],[33.500098,-10.199707],[33.528906,-10.234668],[33.537598,-10.351562],[33.553711,-10.391309],[33.626172,-10.488574],[33.661523,-10.553125],[33.659082,-10.590527],[33.464746,-10.783105],[33.403125,-10.801758],[33.344922,-10.812695],[33.292773,-10.852344],[33.261328,-10.893359],[33.272754,-10.915039],[33.293262,-10.981152],[33.338672,-11.085156],[33.379785,-11.15791],[33.345508,-11.249121],[33.268359,-11.403906],[33.232715,-11.417676],[33.226367,-11.534863],[33.25,-11.577637],[33.288281,-11.611133],[33.303906,-11.69082],[33.305078,-11.8],[33.300977,-11.888184],[33.252344,-12.112598],[33.340137,-12.308301],[33.37002,-12.329688],[33.491406,-12.331055],[33.512305,-12.347754],[33.483203,-12.403418],[33.430664,-12.460449],[33.397949,-12.489844],[33.243457,-12.556543],[33.021582,-12.630469],[32.975195,-12.701367],[32.945605,-12.804395],[32.970508,-12.864746],[33,-12.899609],[32.99043,-12.989453],[32.971094,-13.084277],[32.977637,-13.158887],[32.967578,-13.225],[32.938574,-13.257422],[32.899707,-13.357031],[32.851855,-13.457031],[32.814063,-13.502734],[32.758398,-13.550293],[32.67041,-13.59043],[32.67207,-13.610352],[32.771777,-13.656543],[32.797461,-13.688477],[32.806738,-13.710254],[32.785352,-13.731445],[32.765137,-13.761035],[32.811035,-13.791602],[32.867188,-13.817383],[32.920313,-13.883887],[32.967578,-13.976855],[32.98125,-14.009375],[32.99209,-14.022168],[33.009277,-14.02373],[33.042383,-14.010059],[33.103613,-13.95918],[33.148047,-13.940918],[33.201758,-14.013379],[32.987109,-14.084961],[32.874512,-14.122461],[32.553223,-14.22959],[32.272852,-14.323047],[32.199902,-14.34082],[32.054492,-14.386523],[31.982129,-14.414453],[31.728906,-14.496094],[31.623047,-14.536719],[31.537891,-14.577148],[31.328516,-14.637695],[31.130859,-14.694629],[30.915137,-14.75332],[30.67334,-14.819141],[30.537695,-14.866504],[30.446094,-14.90752],[30.231836,-14.990332],[30.221777,-15.010547],[30.225,-15.066895],[30.252148,-15.183203],[30.305664,-15.288867],[30.350586,-15.349707],[30.379883,-15.505859],[30.396094,-15.643066]]]}},{"type":"Feature","bbox":[42.549023,12.318994,54.511133,18.996143],"properties":{"featurecla":"Admin-0 country","scalerank":1,"LABELRANK":3,"SOVEREIGNT":"Yemen","SOV_A3":"YEM","ADM0_DIF":0,"LEVEL":2,"TYPE":"Sovereign country","TLC":"1","ADMIN":"Yemen","ADM0_A3":"YEM","GEOU_DIF":0,"GEOUNIT":"Yemen","GU_A3":"YEM","SU_DIF":0,"SUBUNIT":"Yemen","SU_A3":"YEM","BRK_DIFF":0,"NAME":"Yemen","NAME_LONG":"Yemen","BRK_A3":"YEM","BRK_NAME":"Yemen","BRK_GROUP":null,"ABBREV":"Yem.","POSTAL":"YE","FORMAL_EN":"Republic of Yemen","FORMAL_FR":null,"NAME_CIAWF":"Yemen","NOTE_ADM0":null,"NOTE_BRK":null,"NAME_SORT":"Yemen, Rep.","NAME_ALT":null,"MAPCOLOR7":5,"MAPCOLOR8":3,"MAPCOLOR9":3,"MAPCOLOR13":11,"POP_EST":29161922,"POP_RANK":15,"POP_YEAR":2019,"GDP_MD":22581,"GDP_YEAR":2019,"ECONOMY":"7. Least developed region","INCOME_GRP":"4. Lower middle income","FIPS_10":"YM","ISO_A2":"YE","ISO_A2_EH":"YE","ISO_A3":"YEM","ISO_A3_EH":"YEM","ISO_N3":"887","ISO_N3_EH":"887","UN_A3":"887","WB_A2":"RY","WB_A3":"YEM","WOE_ID":23425002,"WOE_ID_EH":23425002,"WOE_NOTE":"Exact WOE match as country","ADM0_ISO":"YEM","ADM0_DIFF":null,"ADM0_TLC":"YEM","ADM0_A3_US":"YEM","ADM0_A3_FR":"YEM","ADM0_A3_RU":"YEM","ADM0_A3_ES":"YEM","ADM0_A3_CN":"YEM","ADM0_A3_TW":"YEM","ADM0_A3_IN":"YEM","ADM0_A3_NP":"YEM","ADM0_A3_PK":"YEM","ADM0_A3_DE":"YEM","ADM0_A3_GB":"YEM","ADM0_A3_BR":"YEM","ADM0_A3_IL":"YEM","ADM0_A3_PS":"YEM","ADM0_A3_SA":"YEM","ADM0_A3_EG":"YEM","ADM0_A3_MA":"YEM","ADM0_A3_PT":"YEM","ADM0_A3_AR":"YEM","ADM0_A3_JP":"YEM","ADM0_A3_KO":"YEM","ADM0_A3_VN":"YEM","ADM0_A3_TR":"YEM","ADM0_A3_ID":"YEM","ADM0_A3_PL":"YEM","ADM0_A3_GR":"YEM","ADM0_A3_IT":"YEM","ADM0_A3_NL":"YEM","ADM0_A3_SE":"YEM","ADM0_A3_BD":"YEM","ADM0_A3_UA":"YEM","ADM0_A3_UN":-99,"ADM0_A3_WB":-99,"CONTINENT":"Asia","REGION_UN":"Asia","SUBREGION":"Western Asia","REGION_WB":"Middle East & North Africa","NAME_LEN":5,"LONG_LEN":5,"ABBREV_LEN":4,"TINY":-99,"HOMEPART":1,"MIN_ZOOM":0,"MIN_LABEL":3,"MAX_LABEL":8,"LABEL_X":45.874383,"LABEL_Y":15.328226,"NE_ID":1159321425,"WIKIDATAID":"Q805","NAME_AR":"اليمن","NAME_BN":"ইয়েমেন","NAME_DE":"Jemen","NAME_EN":"Yemen","NAME_ES":"Yemen","NAME_FA":"یمن","NAME_FR":"Yémen","NAME_EL":"Υεμένη","NAME_HE":"תימן","NAME_HI":"यमन","NAME_HU":"Jemen","NAME_ID":"Yaman","NAME_IT":"Yemen","NAME_JA":"イエメン","NAME_KO":"예멘","NAME_NL":"Jemen","NAME_PL":"Jemen","NAME_PT":"Iémen","NAME_RU":"Йемен","NAME_SV":"Jemen","NAME_TR":"Yemen","NAME_UK":"Ємен","NAME_UR":"یمن","NAME_VI":"Yemen","NAME_ZH":"也门","NAME_ZHT":"葉門","FCLASS_ISO":"Admin-0 country","TLC_DIFF":null,"FCLASS_TLC":"Admin-0 country","FCLASS_US":null,"FCLASS_FR":null,"FCLASS_RU":null,"FCLASS_ES":null,"FCLASS_CN":null,"FCLASS_TW":null,"FCLASS_IN":null,"FCLASS_NP":null,"FCLASS_PK":null,"FCLASS_DE":null,"FCLASS_GB":null,"FCLASS_BR":null,"FCLASS_IL":null,"FCLASS_PS":null,"FCLASS_SA":null,"FCLASS_EG":null,"FCLASS_MA":null,"FCLASS_PT":null,"FCLASS_AR":null,"FCLASS_JP":null,"FCLASS_KO":null,"FCLASS_VN":null,"FCLASS_TR":null,"FCLASS_ID":null,"FCLASS_PL":null,"FCLASS_GR":null,"FCLASS_IT":null,"FCLASS_NL":null,"FCLASS_SE":null,"FCLASS_BD":null,"FCLASS_UA":null},"geometry":{"type":"MultiPolygon","coordinates":[[[[53.085645,16.648389],[52.581445,16.470361],[52.448438,16.39126],[52.327734,16.293555],[52.237305,16.171387],[52.174023,15.956836],[52.22207,15.760596],[52.21748,15.655518],[52.087305,15.585938],[51.96582,15.535693],[51.830762,15.459277],[51.748633,15.440137],[51.681543,15.379102],[51.603711,15.336816],[51.322461,15.22627],[51.015137,15.140771],[50.527051,15.038184],[50.338574,14.927197],[50.166895,14.851025],[49.906348,14.828125],[49.548633,14.722412],[49.349902,14.637793],[49.10293,14.500049],[49.048047,14.456445],[49.004688,14.355029],[48.928711,14.26748],[48.77998,14.123877],[48.668359,14.050146],[48.59375,14.04624],[48.449023,14.005908],[48.277832,13.997656],[47.989941,14.048096],[47.916016,14.012842],[47.855078,13.956934],[47.633398,13.858447],[47.407715,13.661621],[47.242578,13.609375],[46.975684,13.547461],[46.788867,13.465576],[46.663477,13.432715],[46.501953,13.415576],[46.203125,13.423828],[45.919727,13.394287],[45.657324,13.338721],[45.533984,13.233496],[45.393555,13.067041],[45.163867,12.998291],[45.109766,12.938574],[45.038672,12.815869],[44.889844,12.78418],[44.755273,12.76377],[44.617773,12.817236],[44.358496,12.669141],[44.260352,12.644629],[44.111523,12.638672],[44.005859,12.607666],[43.929785,12.616504],[43.835352,12.674414],[43.634375,12.744482],[43.487598,12.698828],[43.475293,12.839014],[43.231934,13.26709],[43.282617,13.639844],[43.282422,13.692529],[43.234082,13.858936],[43.089063,14.010986],[43.093359,14.203662],[43.044824,14.341553],[43.00625,14.483105],[43.01875,14.520801],[43.021094,14.554883],[42.946973,14.773145],[42.922168,14.817383],[42.912988,14.863086],[42.937305,14.898047],[42.936426,14.938574],[42.89707,15.005566],[42.855664,15.132959],[42.657813,15.232812],[42.697852,15.326318],[42.736426,15.293555],[42.788477,15.265723],[42.799023,15.32627],[42.799902,15.371631],[42.717188,15.654639],[42.839648,16.032031],[42.799316,16.371777],[42.986328,16.509082],[43.033594,16.550391],[43.060742,16.586621],[43.104785,16.66416],[43.165039,16.689404],[43.186328,16.770996],[43.184473,16.811816],[43.145605,16.846777],[43.116504,16.941992],[43.126172,17.062451],[43.135938,17.112988],[43.155957,17.205029],[43.221387,17.239258],[43.236914,17.266455],[43.186328,17.324707],[43.190918,17.359375],[43.302148,17.456787],[43.346094,17.486035],[43.417969,17.51626],[43.474219,17.515918],[43.539258,17.49873],[43.597266,17.471436],[43.653418,17.421875],[43.712988,17.365527],[43.804297,17.344141],[43.866406,17.349609],[43.916992,17.324707],[43.959668,17.33833],[44.008203,17.36748],[44.085938,17.365527],[44.155957,17.398535],[44.354688,17.414355],[44.546484,17.404346],[44.746777,17.431689],[44.946484,17.42959],[45.148047,17.427441],[45.192773,17.423389],[45.236621,17.406201],[45.406543,17.319775],[45.535352,17.302051],[45.794434,17.278418],[46.070801,17.253174],[46.310352,17.231299],[46.513477,17.25166],[46.682031,17.268555],[46.727637,17.265576],[46.778516,17.212109],[46.87998,17.079004],[46.975684,16.953467],[47.143555,16.94668],[47.25127,16.993945],[47.369629,17.0604],[47.441797,17.111865],[47.525391,17.316113],[47.57959,17.44834],[47.703711,17.596826],[47.807813,17.721094],[47.945508,17.88584],[48.02168,17.976953],[48.172168,18.156934],[48.31582,18.227051],[48.592969,18.362402],[48.864844,18.495215],[49.041992,18.581787],[49.192383,18.621338],[49.445117,18.655322],[49.74209,18.695312],[50.038965,18.735254],[50.355273,18.777783],[50.708203,18.825293],[50.95,18.857861],[51.258398,18.899365],[51.514941,18.933887],[51.742969,18.964551],[51.977637,18.996143],[52.021875,18.896289],[52.066211,18.796387],[52.110449,18.696484],[52.154688,18.596582],[52.199023,18.49668],[52.243262,18.396826],[52.2875,18.296924],[52.331738,18.19707],[52.376074,18.097168],[52.420313,17.997314],[52.464551,17.897412],[52.508887,17.79751],[52.553125,17.697607],[52.597363,17.597754],[52.641699,17.497852],[52.685938,17.397949],[52.729199,17.300391],[52.800586,17.26792],[52.842969,17.175684],[52.903711,17.043848],[52.964355,16.912061],[53.025,16.780225],[53.085645,16.648389]]],[[[42.590234,15.303418],[42.558691,15.281201],[42.549023,15.320068],[42.569727,15.407324],[42.602344,15.43252],[42.624512,15.367969],[42.610449,15.332275],[42.590234,15.303418]]],[[[42.755859,13.704297],[42.689746,13.673633],[42.734961,13.752979],[42.78125,13.769287],[42.794141,13.766113],[42.755859,13.704297]]],[[[42.787402,13.971484],[42.774219,13.950244],[42.756055,13.954883],[42.694043,14.00791],[42.762109,14.06748],[42.79834,14.012256],[42.787402,13.971484]]],[[[53.763184,12.636816],[53.824805,12.624805],[53.918555,12.659424],[54.187402,12.664014],[54.511133,12.552783],[54.45,12.523438],[54.41377,12.483301],[54.271289,12.446631],[54.129492,12.360645],[53.718848,12.318994],[53.59834,12.342285],[53.499414,12.425342],[53.31582,12.533154],[53.388477,12.601855],[53.403906,12.63335],[53.430957,12.663574],[53.534961,12.715771],[53.638477,12.707373],[53.763184,12.636816]]]]}},{"type":"Feature","bbox":[102.127441,8.583252,109.444922,23.345215],"properties":{"featurecla":"Admin-0 country","scalerank":3,"LABELRANK":2,"SOVEREIGNT":"Vietnam","SOV_A3":"VNM","ADM0_DIF":0,"LEVEL":2,"TYPE":"Sovereign country","TLC":"1","ADMIN":"Vietnam","ADM0_A3":"VNM","GEOU_DIF":0,"GEOUNIT":"Vietnam","GU_A3":"VNM","SU_DIF":0,"SUBUNIT":"Vietnam","SU_A3":"VNM","BRK_DIFF":0,"NAME":"Vietnam","NAME_LONG":"Vietnam","BRK_A3":"VNM","BRK_NAME":"Vietnam","BRK_GROUP":null,"ABBREV":"Viet.","POSTAL":"VN","FORMAL_EN":"Socialist Republic of Vietnam","FORMAL_FR":null,"NAME_CIAWF":"Vietnam","NOTE_ADM0":null,"NOTE_BRK":null,"NAME_SORT":"Vietnam","NAME_ALT":null,"MAPCOLOR7":5,"MAPCOLOR8":6,"MAPCOLOR9":5,"MAPCOLOR13":4,"POP_EST":96462106,"POP_RANK":16,"POP_YEAR":2019,"GDP_MD":261921,"GDP_YEAR":2019,"ECONOMY":"5. Emerging region: G20","INCOME_GRP":"4. Lower middle income","FIPS_10":"VM","ISO_A2":"VN","ISO_A2_EH":"VN","ISO_A3":"VNM","ISO_A3_EH":"VNM","ISO_N3":"704","ISO_N3_EH":"704","UN_A3":"704","WB_A2":"VN","WB_A3":"VNM","WOE_ID":23424984,"WOE_ID_EH":23424984,"WOE_NOTE":"Exact WOE match as country","ADM0_ISO":"VNM","ADM0_DIFF":null,"ADM0_TLC":"VNM","ADM0_A3_US":"VNM","ADM0_A3_FR":"VNM","ADM0_A3_RU":"VNM","ADM0_A3_ES":"VNM","ADM0_A3_CN":"VNM","ADM0_A3_TW":"VNM","ADM0_A3_IN":"VNM","ADM0_A3_NP":"VNM","ADM0_A3_PK":"VNM","ADM0_A3_DE":"VNM","ADM0_A3_GB":"VNM","ADM0_A3_BR":"VNM","ADM0_A3_IL":"VNM","ADM0_A3_PS":"VNM","ADM0_A3_SA":"VNM","ADM0_A3_EG":"VNM","ADM0_A3_MA":"VNM","ADM0_A3_PT":"VNM","ADM0_A3_AR":"VNM","ADM0_A3_JP":"VNM","ADM0_A3_KO":"VNM","ADM0_A3_VN":"VNM","ADM0_A3_TR":"VNM","ADM0_A3_ID":"VNM","ADM0_A3_PL":"VNM","ADM0_A3_GR":"VNM","ADM0_A3_IT":"VNM","ADM0_A3_NL":"VNM","ADM0_A3_SE":"VNM","ADM0_A3_BD":"VNM","ADM0_A3_UA":"VNM","ADM0_A3_UN":-99,"ADM0_A3_WB":-99,"CONTINENT":"Asia","REGION_UN":"Asia","SUBREGION":"South-Eastern Asia","REGION_WB":"East Asia & Pacific","NAME_LEN":7,"LONG_LEN":7,"ABBREV_LEN":5,"TINY":2,"HOMEPART":1,"MIN_ZOOM":0,"MIN_LABEL":2,"MAX_LABEL":7,"LABEL_X":105.387292,"LABEL_Y":21.715416,"NE_ID":1159321417,"WIKIDATAID":"Q881","NAME_AR":"فيتنام","NAME_BN":"ভিয়েতনাম","NAME_DE":"Vietnam","NAME_EN":"Vietnam","NAME_ES":"Vietnam","NAME_FA":"ویتنام","NAME_FR":"Viêt Nam","NAME_EL":"Βιετνάμ","NAME_HE":"וייטנאם","NAME_HI":"वियतनाम","NAME_HU":"Vietnám","NAME_ID":"Vietnam","NAME_IT":"Vietnam","NAME_JA":"ベトナム","NAME_KO":"베트남","NAME_NL":"Vietnam","NAME_PL":"Wietnam","NAME_PT":"Vietname","NAME_RU":"Вьетнам","NAME_SV":"Vietnam","NAME_TR":"Vietnam","NAME_UK":"В'єтнам","NAME_UR":"ویتنام","NAME_VI":"Việt Nam","NAME_ZH":"越南","NAME_ZHT":"越南","FCLASS_ISO":"Admin-0 country","TLC_DIFF":null,"FCLASS_TLC":"Admin-0 country","FCLASS_US":null,"FCLASS_FR":null,"FCLASS_RU":null,"FCLASS_ES":null,"FCLASS_CN":null,"FCLASS_TW":null,"FCLASS_IN":null,"FCLASS_NP":null,"FCLASS_PK":null,"FCLASS_DE":null,"FCLASS_GB":null,"FCLASS_BR":null,"FCLASS_IL":null,"FCLASS_PS":null,"FCLASS_SA":null,"FCLASS_EG":null,"FCLASS_MA":null,"FCLASS_PT":null,"FCLASS_AR":null,"FCLASS_JP":null,"FCLASS_KO":null,"FCLASS_VN":null,"FCLASS_TR":null,"FCLASS_ID":null,"FCLASS_PL":null,"FCLASS_GR":null,"FCLASS_IT":null,"FCLASS_NL":null,"FCLASS_SE":null,"FCLASS_BD":null,"FCLASS_UA":null},"geometry":{"type":"MultiPolygon","coordinates":[[],[],[],[],[],[],[],[]]}},{"type":"Feature","bbox":[-73.366211,0.687988,-59.828906,12.177881],"properties":{"featurecla":"Admin-0 country","scalerank":5,"LABELRANK":3,"SOVEREIGNT":"Venezuela","SOV_A3":"VEN","ADM0_DIF":0,"LEVEL":2,"TYPE":"Sovereign country","TLC":"1","ADMIN":"Venezuela","ADM0_A3":"VEN","GEOU_DIF":0,"GEOUNIT":"Venezuela","GU_A3":"VEN","SU_DIF":0,"SUBUNIT":"Venezuela","SU_A3":"VEN","BRK_DIFF":0,"NAME":"Venezuela","NAME_LONG":"Venezuela","BRK_A3":"VEN","BRK_NAME":"Venezuela","BRK_GROUP":null,"ABBREV":"Ven.","POSTAL":"VE","FORMAL_EN":"Bolivarian Republic of Venezuela","FORMAL_FR":"República Bolivariana de Venezuela","NAME_CIAWF":"Venezuela","NOTE_ADM0":null,"NOTE_BRK":null,"NAME_SORT":"Venezuela, RB","NAME_ALT":null,"MAPCOLOR7":1,"MAPCOLOR8":3,"MAPCOLOR9":1,"MAPCOLOR13":4,"POP_EST":28515829,"POP_RANK":15,"POP_YEAR":2019,"GDP_MD":482359,"GDP_YEAR":2014,"ECONOMY":"5. Emerging region: G20","INCOME_GRP":"3. Upper middle income","FIPS_10":"VE","ISO_A2":"VE","ISO_A2_EH":"VE","ISO_A3":"VEN","ISO_A3_EH":"VEN","ISO_N3":"862","ISO_N3_EH":"862","UN_A3":"862","WB_A2":"VE","WB_A3":"VEN","WOE_ID":23424982,"WOE_ID_EH":23424982,"WOE_NOTE":"Exact WOE match as country","ADM0_ISO":"VEN","ADM0_DIFF":null,"ADM0_TLC":"VEN","ADM0_A3_US":"VEN","ADM0_A3_FR":"VEN","ADM0_A3_RU":"VEN","ADM0_A3_ES":"VEN","ADM0_A3_CN":"VEN","ADM0_A3_TW":"VEN","ADM0_A3_IN":"VEN","ADM0_A3_NP":"VEN","ADM0_A3_PK":"VEN","ADM0_A3_DE":"VEN","ADM0_A3_GB":"VEN","ADM0_A3_BR":"VEN","ADM0_A3_IL":"VEN","ADM0_A3_PS":"VEN","ADM0_A3_SA":"VEN","ADM0_A3_EG":"VEN","ADM0_A3_MA":"VEN","ADM0_A3_PT":"VEN","ADM0_A3_AR":"VEN","ADM0_A3_JP":"VEN","ADM0_A3_KO":"VEN","ADM0_A3_VN":"VEN","ADM0_A3_TR":"VEN","ADM0_A3_ID":"VEN","ADM0_A3_PL":"VEN","ADM0_A3_GR":"VEN","ADM0_A3_IT":"VEN","ADM0_A3_NL":"VEN","ADM0_A3_SE":"VEN","ADM0_A3_BD":"VEN","ADM0_A3_UA":"VEN","ADM0_A3_UN":-99,"ADM0_A3_WB":-99,"CONTINENT":"South America","REGION_UN":"Americas","SUBREGION":"South America","REGION_WB":"Latin America & Caribbean","NAME_LEN":9,"LONG_LEN":9,"ABBREV_LEN":4,"TINY":-99,"HOMEPART":1,"MIN_ZOOM":0,"MIN_LABEL":2.5,"MAX_LABEL":7.5,"LABEL_X":-64.599381,"LABEL_Y":7.182476,"NE_ID":1159321411,"WIKIDATAID":"Q717","NAME_AR":"فنزويلا","NAME_BN":"ভেনেজুয়েলা","NAME_DE":"Venezuela","NAME_EN":"Venezuela","NAME_ES":"Venezuela","NAME_FA":"ونزوئلا","NAME_FR":"Venezuela","NAME_EL":"Βενεζουέλα","NAME_HE":"ונצואלה","NAME_HI":"वेनेज़ुएला","NAME_HU":"Venezuela","NAME_ID":"Venezuela","NAME_IT":"Venezuela","NAME_JA":"ベネズエラ","NAME_KO":"베네수엘라","NAME_NL":"Venezuela","NAME_PL":"Wenezuela","NAME_PT":"Venezuela","NAME_RU":"Венесуэла","NAME_SV":"Venezuela","NAME_TR":"Venezuela","NAME_UK":"Венесуела","NAME_UR":"وینیزویلا","NAME_VI":"Venezuela","NAME_ZH":"委内瑞拉","NAME_ZHT":"委內瑞拉","FCLASS_ISO":"Admin-0 country","TLC_DIFF":null,"FCLASS_TLC":"Admin-0 country","FCLASS_US":null,"FCLASS_FR":null,"FCLASS_RU":null,"FCLASS_ES":null,"FCLASS_CN":null,"FCLASS_TW":null,"FCLASS_IN":null,"FCLASS_NP":null,"FCLASS_PK":null,"FCLASS_DE":null,"FCLASS_GB":null,"FCLASS_BR":null,"FCLASS_IL":null,"FCLASS_PS":null,"FCLASS_SA":null,"FCLASS_EG":null,"FCLASS_MA":null,"FCLASS_PT":null,"FCLASS_AR":null,"FCLASS_JP":null,"FCLASS_KO":null,"FCLASS_VN":null,"FCLASS_TR":null,"FCLASS_ID":null,"FCLASS_PL":null,"FCLASS_GR":null,"FCLASS_IT":null,"FCLASS_NL":null,"FCLASS_SE":null,"FCLASS_BD":null,"FCLASS_UA":null},"geometry":{"type":"MultiPolygon","coordinates":[[],[],[],[],[]]}},{"type":"Feature","bbox":[166.526074,-20.241797,169.896289,-13.709473],"properties":{"featurecla":"Admin-0 country","scalerank":1,"LABELRANK":4,"SOVEREIGNT":"Vanuatu","SOV_A3":"VUT","ADM0_DIF":0,"LEVEL":2,"TYPE":"Sovereign country","TLC":"1","ADMIN":"Vanuatu","ADM0_A3":"VUT","GEOU_DIF":0,"GEOUNIT":"Vanuatu","GU_A3":"VUT","SU_DIF":0,"SUBUNIT":"Vanuatu","SU_A3":"VUT","BRK_DIFF":0,"NAME":"Vanuatu","NAME_LONG":"Vanuatu","BRK_A3":"VUT","BRK_NAME":"Vanuatu","BRK_GROUP":null,"ABBREV":"Van.","POSTAL":"VU","FORMAL_EN":"Republic of Vanuatu","FORMAL_FR":null,"NAME_CIAWF":"Vanuatu","NOTE_ADM0":null,"NOTE_BRK":null,"NAME_SORT":"Vanuatu","NAME_ALT":null,"MAPCOLOR7":6,"MAPCOLOR8":3,"MAPCOLOR9":7,"MAPCOLOR13":3,"POP_EST":299882,"POP_RANK":10,"POP_YEAR":2019,"GDP_MD":934,"GDP_YEAR":2019,"ECONOMY":"7. Least developed region","INCOME_GRP":"4. Lower middle income","FIPS_10":"NH","ISO_A2":"VU","ISO_A2_EH":"VU","ISO_A3":"VUT","ISO_A3_EH":"VUT","ISO_N3":"548","ISO_N3_EH":"548","UN_A3":"548","WB_A2":"VU","WB_A3":"VUT","WOE_ID":23424907,"WOE_ID_EH":23424907,"WOE_NOTE":"Exact WOE match as country","ADM0_ISO":"VUT","ADM0_DIFF":null,"ADM0_TLC":"VUT","ADM0_A3_US":"VUT","ADM0_A3_FR":"VUT","ADM0_A3_RU":"VUT","ADM0_A3_ES":"VUT","ADM0_A3_CN":"VUT","ADM0_A3_TW":"VUT","ADM0_A3_IN":"VUT","ADM0_A3_NP":"VUT","ADM0_A3_PK":"VUT","ADM0_A3_DE":"VUT","ADM0_A3_GB":"VUT","ADM0_A3_BR":"VUT","ADM0_A3_IL":"VUT","ADM0_A3_PS":"VUT","ADM0_A3_SA":"VUT","ADM0_A3_EG":"VUT","ADM0_A3_MA":"VUT","ADM0_A3_PT":"VUT","ADM0_A3_AR":"VUT","ADM0_A3_JP":"VUT","ADM0_A3_KO":"VUT","ADM0_A3_VN":"VUT","ADM0_A3_TR":"VUT","ADM0_A3_ID":"VUT","ADM0_A3_PL":"VUT","ADM0_A3_GR":"VUT","ADM0_A3_IT":"VUT","ADM0_A3_NL":"VUT","ADM0_A3_SE":"VUT","ADM0_A3_BD":"VUT","ADM0_A3_UA":"VUT","ADM0_A3_UN":-99,"ADM0_A3_WB":-99,"CONTINENT":"Oceania","REGION_UN":"Oceania","SUBREGION":"Melanesia","REGION_WB":"East Asia & Pacific","NAME_LEN":7,"LONG_LEN":7,"ABBREV_LEN":4,"TINY":2,"HOMEPART":1,"MIN_ZOOM":0,"MIN_LABEL":4,"MAX_LABEL":9,"LABEL_X":166.908762,"LABEL_Y":-15.37153,"NE_ID":1159321421,"WIKIDATAID":"Q686","NAME_AR":"فانواتو","NAME_BN":"ভানুয়াতু","NAME_DE":"Vanuatu","NAME_EN":"Vanuatu","NAME_ES":"Vanuatu","NAME_FA":"وانواتو","NAME_FR":"Vanuatu","NAME_EL":"Βανουάτου","NAME_HE":"ונואטו","NAME_HI":"वानूआटू","NAME_HU":"Vanuatu","NAME_ID":"Vanuatu","NAME_IT":"Vanuatu","NAME_JA":"バヌアツ","NAME_KO":"바누아투","NAME_NL":"Vanuatu","NAME_PL":"Vanuatu","NAME_PT":"Vanuatu","NAME_RU":"Вануату","NAME_SV":"Vanuatu","NAME_TR":"Vanuatu","NAME_UK":"Вануату","NAME_UR":"وانواتو","NAME_VI":"Vanuatu","NAME_ZH":"瓦努阿图","NAME_ZHT":"萬那杜","FCLASS_ISO":"Admin-0 country","TLC_DIFF":null,"FCLASS_TLC":"Admin-0 country","FCLASS_US":null,"FCLASS_FR":null,"FCLASS_RU":null,"FCLASS_ES":null,"FCLASS_CN":null,"FCLASS_TW":null,"FCLASS_IN":null,"FCLASS_NP":null,"FCLASS_PK":null,"FCLASS_DE":null,"FCLASS_GB":null,"FCLASS_BR":null,"FCLASS_IL":null,"FCLASS_PS":null,"FCLASS_SA":null,"FCLASS_EG":null,"FCLASS_MA":null,"FCLASS_PT":null,"FCLASS_AR":null,"FCLASS_JP":null,"FCLASS_KO":null,"FCLASS_VN":null,"FCLASS_TR":null,"FCLASS_ID":null,"FCLASS_PL":null,"FCLASS_GR":null,"FCLASS_IT":null,"FCLASS_NL":null,"FCLASS_SE":null,"FCLASS_BD":null,"FCLASS_UA":null},"geometry":{"type":"MultiPolygon","coordinates":[[],[],[],[],[],[],[],[],[],[],[],[],[],[]]}},{"type":"Feature","bbox":[55.975684,37.172217,73.136914,45.555371],"properties":{"featurecla":"Admin-0 country","scalerank":1,"LABELRANK":3,"SOVEREIGNT":"Uzbekistan","SOV_A3":"UZB","ADM0_DIF":0,"LEVEL":2,"TYPE":"Sovereign country","TLC":"1","ADMIN":"Uzbekistan","ADM0_A3":"UZB","GEOU_DIF":0,"GEOUNIT":"Uzbekistan","GU_A3":"UZB","SU_DIF":0,"SUBUNIT":"Uzbekistan","SU_A3":"UZB","BRK_DIFF":0,"NAME":"Uzbekistan","NAME_LONG":"Uzbekistan","BRK_A3":"UZB","BRK_NAME":"Uzbekistan","BRK_GROUP":null,"ABBREV":"Uzb.","POSTAL":"UZ","FORMAL_EN":"Republic of Uzbekistan","FORMAL_FR":null,"NAME_CIAWF":"Uzbekistan","NOTE_ADM0":null,"NOTE_BRK":null,"NAME_SORT":"Uzbekistan","NAME_ALT":null,"MAPCOLOR7":2,"MAPCOLOR8":3,"MAPCOLOR9":5,"MAPCOLOR13":4,"POP_EST":33580650,"POP_RANK":15,"POP_YEAR":2019,"GDP_MD":57921,"GDP_YEAR":2019,"ECONOMY":"6. Developing region","INCOME_GRP":"4. Lower middle income","FIPS_10":"UZ","ISO_A2":"UZ","ISO_A2_EH":"UZ","ISO_A3":"UZB","ISO_A3_EH":"UZB","ISO_N3":"860","ISO_N3_EH":"860","UN_A3":"860","WB_A2":"UZ","WB_A3":"UZB","WOE_ID":23424980,"WOE_ID_EH":23424980,"WOE_NOTE":"Exact WOE match as country","ADM0_ISO":"UZB","ADM0_DIFF":null,"ADM0_TLC":"UZB","ADM0_A3_US":"UZB","ADM0_A3_FR":"UZB","ADM0_A3_RU":"UZB","ADM0_A3_ES":"UZB","ADM0_A3_CN":"UZB","ADM0_A3_TW":"UZB","ADM0_A3_IN":"UZB","ADM0_A3_NP":"UZB","ADM0_A3_PK":"UZB","ADM0_A3_DE":"UZB","ADM0_A3_GB":"UZB","ADM0_A3_BR":"UZB","ADM0_A3_IL":"UZB","ADM0_A3_PS":"UZB","ADM0_A3_SA":"UZB","ADM0_A3_EG":"UZB","ADM0_A3_MA":"UZB","ADM0_A3_PT":"UZB","ADM0_A3_AR":"UZB","ADM0_A3_JP":"UZB","ADM0_A3_KO":"UZB","ADM0_A3_VN":"UZB","ADM0_A3_TR":"UZB","ADM0_A3_ID":"UZB","ADM0_A3_PL":"UZB","ADM0_A3_GR":"UZB","ADM0_A3_IT":"UZB","ADM0_A3_NL":"UZB","ADM0_A3_SE":"UZB","ADM0_A3_BD":"UZB","ADM0_A3_UA":"UZB","ADM0_A3_UN":-99,"ADM0_A3_WB":-99,"CONTINENT":"Asia","REGION_UN":"Asia","SUBREGION":"Central Asia","REGION_WB":"Europe & Central Asia","NAME_LEN":10,"LONG_LEN":10,"ABBREV_LEN":4,"TINY":5,"HOMEPART":1,"MIN_ZOOM":0,"MIN_LABEL":3,"MAX_LABEL":8,"LABEL_X":64.005429,"LABEL_Y":41.693603,"NE_ID":1159321405,"WIKIDATAID":"Q265","NAME_AR":"أوزبكستان","NAME_BN":"উজবেকিস্তান","NAME_DE":"Usbekistan","NAME_EN":"Uzbekistan","NAME_ES":"Uzbekistán","NAME_FA":"ازبکستان","NAME_FR":"Ouzbékistan","NAME_EL":"Ουζμπεκιστάν","NAME_HE":"אוזבקיסטן","NAME_HI":"उज़्बेकिस्तान","NAME_HU":"Üzbegisztán","NAME_ID":"Uzbekistan","NAME_IT":"Uzbekistan","NAME_JA":"ウズベキスタン","NAME_KO":"우즈베키스탄","NAME_NL":"Oezbekistan","NAME_PL":"Uzbekistan","NAME_PT":"Uzbequistão","NAME_RU":"Узбекистан","NAME_SV":"Uzbekistan","NAME_TR":"Özbekistan","NAME_UK":"Узбекистан","NAME_UR":"ازبکستان","NAME_VI":"Uzbekistan","NAME_ZH":"乌兹别克斯坦","NAME_ZHT":"烏茲別克","FCLASS_ISO":"Admin-0 country","TLC_DIFF":null,"FCLASS_TLC":"Admin-0 country","FCLASS_US":null,"FCLASS_FR":null,"FCLASS_RU":null,"FCLASS_ES":null,"FCLASS_CN":null,"FCLASS_TW":null,"FCLASS_IN":null,"FCLASS_NP":null,"FCLASS_PK":null,"FCLASS_DE":null,"FCLASS_GB":null,"FCLASS_BR":null,"FCLASS_IL":null,"FCLASS_PS":null,"FCLASS_SA":null,"FCLASS_EG":null,"FCLASS_MA":null,"FCLASS_PT":null,"FCLASS_AR":null,"FCLASS_JP":null,"FCLASS_KO":null,"FCLASS_VN":null,"FCLASS_TR":null,"FCLASS_ID":null,"FCLASS_PL":null,"FCLASS_GR":null,"FCLASS_IT":null,"FCLASS_NL":null,"FCLASS_SE":null,"FCLASS_BD":null,"FCLASS_UA":null},"geometry":{"type":"MultiPolygon","coordinates":[[],[],[]]}},{"type":"Feature","bbox":[138.061914,5.277246,162.993457,9.593311],"properties":{"featurecla":"Admin-0 country","scalerank":3,"LABELRANK":6,"SOVEREIGNT":"Federated States of Micronesia","SOV_A3":"FSM","ADM0_DIF":0,"LEVEL":2,"TYPE":"Sovereign country","TLC":"1","ADMIN":"Federated States of Micronesia","ADM0_A3":"FSM","GEOU_DIF":0,"GEOUNIT":"Federated States of Micronesia","GU_A3":"FSM","SU_DIF":0,"SUBUNIT":"Federated States of Micronesia","SU_A3":"FSM","BRK_DIFF":0,"NAME":"Micronesia","NAME_LONG":"Federated States of Micronesia","BRK_A3":"FSM","BRK_NAME":"Micronesia","BRK_GROUP":null,"ABBREV":"F.S.M.","POSTAL":"FSM","FORMAL_EN":"Federated States of Micronesia","FORMAL_FR":null,"NAME_CIAWF":"Micronesia, Federated States of","NOTE_ADM0":null,"NOTE_BRK":null,"NAME_SORT":"Micronesia, Federated States of","NAME_ALT":null,"MAPCOLOR7":5,"MAPCOLOR8":2,"MAPCOLOR9":4,"MAPCOLOR13":13,"POP_EST":113815,"POP_RANK":9,"POP_YEAR":2019,"GDP_MD":401,"GDP_YEAR":2018,"ECONOMY":"6. Developing region","INCOME_GRP":"4. Lower middle income","FIPS_10":"FM","ISO_A2":"FM","ISO_A2_EH":"FM","ISO_A3":"FSM","ISO_A3_EH":"FSM","ISO_N3":"583","ISO_N3_EH":"583","UN_A3":"583","WB_A2":"FM","WB_A3":"FSM","WOE_ID":23424815,"WOE_ID_EH":23424815,"WOE_NOTE":"Exact WOE match as country","ADM0_ISO":"FSM","ADM0_DIFF":null,"ADM0_TLC":"FSM","ADM0_A3_US":"FSM","ADM0_A3_FR":"FSM","ADM0_A3_RU":"FSM","ADM0_A3_ES":"FSM","ADM0_A3_CN":"FSM","ADM0_A3_TW":"FSM","ADM0_A3_IN":"FSM","ADM0_A3_NP":"FSM","ADM0_A3_PK":"FSM","ADM0_A3_DE":"FSM","ADM0_A3_GB":"FSM","ADM0_A3_BR":"FSM","ADM0_A3_IL":"FSM","ADM0_A3_PS":"FSM","ADM0_A3_SA":"FSM","ADM0_A3_EG":"FSM","ADM0_A3_MA":"FSM","ADM0_A3_PT":"FSM","ADM0_A3_AR":"FSM","ADM0_A3_JP":"FSM","ADM0_A3_KO":"FSM","ADM0_A3_VN":"FSM","ADM0_A3_TR":"FSM","ADM0_A3_ID":"FSM","ADM0_A3_PL":"FSM","ADM0_A3_GR":"FSM","ADM0_A3_IT":"FSM","ADM0_A3_NL":"FSM","ADM0_A3_SE":"FSM","ADM0_A3_BD":"FSM","ADM0_A3_UA":"FSM","ADM0_A3_UN":-99,"ADM0_A3_WB":-99,"CONTINENT":"Oceania","REGION_UN":"Oceania","SUBREGION":"Micronesia","REGION_WB":"East Asia & Pacific","NAME_LEN":10,"LONG_LEN":30,"ABBREV_LEN":6,"TINY":-99,"HOMEPART":1,"MIN_ZOOM":0,"MIN_LABEL":5,"MAX_LABEL":10,"LABEL_X":158.234019,"LABEL_Y":6.887553,"NE_ID":1159320691,"WIKIDATAID":"Q702","NAME_AR":"ولايات ميكرونيسيا المتحدة","NAME_BN":"মাইক্রোনেশিয়া যুক্তরাজ্য","NAME_DE":"Föderierte Staaten von Mikronesien","NAME_EN":"Federated States of Micronesia","NAME_ES":"Estados Federados de Micronesia","NAME_FA":"میکرونزی","NAME_FR":"États fédérés de Micronésie","NAME_EL":"Ομόσπονδες Πολιτείες της Μικρονησίας","NAME_HE":"מיקרונזיה","NAME_HI":"माइक्रोनेशिया के संघीकृत राज्य","NAME_HU":"Mikronéziai Szövetségi Államok","NAME_ID":"Mikronesia","NAME_IT":"Stati Federati di Micronesia","NAME_JA":"ミクロネシア連邦","NAME_KO":"미크로네시아 연방","NAME_NL":"Micronesia","NAME_PL":"Mikronezja","NAME_PT":"Micronésia","NAME_RU":"Микронезия","NAME_SV":"Mikronesiska federationen","NAME_TR":"Mikronezya","NAME_UK":"Мікронезія","NAME_UR":"مائیکرونیشیا","NAME_VI":"Micronesia","NAME_ZH":"密克罗尼西亚联邦","NAME_ZHT":"密克羅尼西亞聯邦","FCLASS_ISO":"Admin-0 country","TLC_DIFF":null,"FCLASS_TLC":"Admin-0 country","FCLASS_US":null,"FCLASS_FR":null,"FCLASS_RU":null,"FCLASS_ES":null,"FCLASS_CN":null,"FCLASS_TW":null,"FCLASS_IN":null,"FCLASS_NP":null,"FCLASS_PK":null,"FCLASS_DE":null,"FCLASS_GB":null,"FCLASS_BR":null,"FCLASS_IL":null,"FCLASS_PS":null,"FCLASS_SA":null,"FCLASS_EG":null,"FCLASS_MA":null,"FCLASS_PT":null,"FCLASS_AR":null,"FCLASS_JP":null,"FCLASS_KO":null,"FCLASS_VN":null,"FCLASS_TR":null,"FCLASS_ID":null,"FCLASS_PL":null,"FCLASS_GR":null,"FCLASS_IT":null,"FCLASS_NL":null,"FCLASS_SE":null,"FCLASS_BD":null,"FCLASS_UA":null},"geometry":{"type":"MultiPolygon","coordinates":[[],[],[],[],[]]}},{"type":"Feature","bbox":[166.844727,5.799805,171.756836,11.168652],"properties":{"featurecla":"Admin-0 country","scalerank":5,"LABELRANK":6,"SOVEREIGNT":"Marshall Islands","SOV_A3":"MHL","ADM0_DIF":0,"LEVEL":2,"TYPE":"Sovereign country","TLC":"1","ADMIN":"Marshall Islands","ADM0_A3":"MHL","GEOU_DIF":0,"GEOUNIT":"Marshall Islands","GU_A3":"MHL","SU_DIF":0,"SUBUNIT":"Marshall Islands","SU_A3":"MHL","BRK_DIFF":0,"NAME":"Marshall Is.","NAME_LONG":"Marshall Islands","BRK_A3":"MHL","BRK_NAME":"Marshall Is.","BRK_GROUP":null,"ABBREV":"M. Is.","POSTAL":"MH","FORMAL_EN":"Republic of the Marshall Islands","FORMAL_FR":null,"NAME_CIAWF":"Marshall Islands","NOTE_ADM0":null,"NOTE_BRK":null,"NAME_SORT":"Marshall Islands","NAME_ALT":null,"MAPCOLOR7":2,"MAPCOLOR8":5,"MAPCOLOR9":5,"MAPCOLOR13":3,"POP_EST":58791,"POP_RANK":8,"POP_YEAR":2019,"GDP_MD":221,"GDP_YEAR":2018,"ECONOMY":"6. Developing region","INCOME_GRP":"4. Lower middle income","FIPS_10":"RM","ISO_A2":"MH","ISO_A2_EH":"MH","ISO_A3":"MHL","ISO_A3_EH":"MHL","ISO_N3":"584","ISO_N3_EH":"584","UN_A3":"584","WB_A2":"MH","WB_A3":"MHL","WOE_ID":23424932,"WOE_ID_EH":23424932,"WOE_NOTE":"Exact WOE match as country","ADM0_ISO":"MHL","ADM0_DIFF":null,"ADM0_TLC":"MHL","ADM0_A3_US":"MHL","ADM0_A3_FR":"MHL","ADM0_A3_RU":"MHL","ADM0_A3_ES":"MHL","ADM0_A3_CN":"MHL","ADM0_A3_TW":"MHL","ADM0_A3_IN":"MHL","ADM0_A3_NP":"MHL","ADM0_A3_PK":"MHL","ADM0_A3_DE":"MHL","ADM0_A3_GB":"MHL","ADM0_A3_BR":"MHL","ADM0_A3_IL":"MHL","ADM0_A3_PS":"MHL","ADM0_A3_SA":"MHL","ADM0_A3_EG":"MHL","ADM0_A3_MA":"MHL","ADM0_A3_PT":"MHL","ADM0_A3_AR":"MHL","ADM0_A3_JP":"MHL","ADM0_A3_KO":"MHL","ADM0_A3_VN":"MHL","ADM0_A3_TR":"MHL","ADM0_A3_ID":"MHL","ADM0_A3_PL":"MHL","ADM0_A3_GR":"MHL","ADM0_A3_IT":"MHL","ADM0_A3_NL":"MHL","ADM0_A3_SE":"MHL","ADM0_A3_BD":"MHL","ADM0_A3_UA":"MHL","ADM0_A3_UN":-99,"ADM0_A3_WB":-99,"CONTINENT":"Oceania","REGION_UN":"Oceania","SUBREGION":"Micronesia","REGION_WB":"East Asia & Pacific","NAME_LEN":12,"LONG_LEN":16,"ABBREV_LEN":6,"TINY":2,"HOMEPART":1,"MIN_ZOOM":0,"MIN_LABEL":5,"MAX_LABEL":10,"LABEL_X":171.193609,"LABEL_Y":7.082568,"NE_ID":1159321057,"WIKIDATAID":"Q709","NAME_AR":"جزر مارشال","NAME_BN":"মার্শাল দ্বীপপুঞ্জ","NAME_DE":"Marshallinseln","NAME_EN":"Marshall Islands","NAME_ES":"Islas Marshall","NAME_FA":"جزایر مارشال","NAME_FR":"Îles Marshall","NAME_EL":"Νησιά Μάρσαλ","NAME_HE":"איי מרשל","NAME_HI":"मार्शल द्वीपसमूह","NAME_HU":"Marshall-szigetek","NAME_ID":"Kepulauan Marshall","NAME_IT":"Isole Marshall","NAME_JA":"マーシャル諸島","NAME_KO":"마셜 제도","NAME_NL":"Marshalleilanden","NAME_PL":"Wyspy Marshalla","NAME_PT":"Ilhas Marshall","NAME_RU":"Маршалловы Острова","NAME_SV":"Marshallöarna","NAME_TR":"Marshall Adaları","NAME_UK":"Маршаллові Острови","NAME_UR":"جزائر مارشل","NAME_VI":"Quần đảo Marshall","NAME_ZH":"马绍尔群岛","NAME_ZHT":"馬紹爾群島","FCLASS_ISO":"Admin-0 country","TLC_DIFF":null,"FCLASS_TLC":"Admin-0 country","FCLASS_US":null,"FCLASS_FR":null,"FCLASS_RU":null,"FCLASS_ES":null,"FCLASS_CN":null,"FCLASS_TW":null,"FCLASS_IN":null,"FCLASS_NP":null,"FCLASS_PK":null,"FCLASS_DE":null,"FCLASS_GB":null,"FCLASS_BR":null,"FCLASS_IL":null,"FCLASS_PS":null,"FCLASS_SA":null,"FCLASS_EG":null,"FCLASS_MA":null,"FCLASS_PT":null,"FCLASS_AR":null,"FCLASS_JP":null,"FCLASS_KO":null,"FCLASS_VN":null,"FCLASS_TR":null,"FCLASS_ID":null,"FCLASS_PL":null,"FCLASS_GR":null,"FCLASS_IT":null,"FCLASS_NL":null,"FCLASS_SE":null,"FCLASS_BD":null,"FCLASS_UA":null},"geometry":{"type":"MultiPolygon","coordinates":[[],[],[],[],[]]}},{"type":"Feature","bbox":[145.152148,14.111328,145.835449,18.806787],"properties":{"featurecla":"Admin-0 country","scalerank":3,"LABELRANK":6,"SOVEREIGNT":"United States of America","SOV_A3":"US1","ADM0_DIF":1,"LEVEL":2,"TYPE":"Dependency","TLC":"1","ADMIN":"Northern Mariana Islands","ADM0_A3":"MNP","GEOU_DIF":0,"GEOUNIT":"Northern Mariana Islands","GU_A3":"MNP","SU_DIF":0,"SUBUNIT":"Northern Mariana Islands","SU_A3":"MNP","BRK_DIFF":0,"NAME":"N. Mariana Is.","NAME_LONG":"Northern Mariana Islands","BRK_A3":"MNP","BRK_NAME":"N. Mariana Is.","BRK_GROUP":null,"ABBREV":"N.M.I.","POSTAL":"MP","FORMAL_EN":"Commonwealth of the Northern Mariana Islands","FORMAL_FR":null,"NAME_CIAWF":"Northern Mariana Islands","NOTE_ADM0":"U.S.A.","NOTE_BRK":null,"NAME_SORT":"Northern Mariana Islands","NAME_ALT":null,"MAPCOLOR7":4,"MAPCOLOR8":5,"MAPCOLOR9":1,"MAPCOLOR13":1,"POP_EST":57216,"POP_RANK":8,"POP_YEAR":2019,"GDP_MD":1323,"GDP_YEAR":2018,"ECONOMY":"6. Developing region","INCOME_GRP":"2. High income: nonOECD","FIPS_10":"CQ","ISO_A2":"MP","ISO_A2_EH":"MP","ISO_A3":"MNP","ISO_A3_EH":"MNP","ISO_N3":"580","ISO_N3_EH":"580","UN_A3":"580","WB_A2":"MP","WB_A3":"MNP","WOE_ID":23424788,"WOE_ID_EH":23424788,"WOE_NOTE":"Exact WOE match as country","ADM0_ISO":"MNP","ADM0_DIFF":null,"ADM0_TLC":"MNP","ADM0_A3_US":"MNP","ADM0_A3_FR":"MNP","ADM0_A3_RU":"MNP","ADM0_A3_ES":"MNP","ADM0_A3_CN":"MNP","ADM0_A3_TW":"MNP","ADM0_A3_IN":"MNP","ADM0_A3_NP":"MNP","ADM0_A3_PK":"MNP","ADM0_A3_DE":"MNP","ADM0_A3_GB":"MNP","ADM0_A3_BR":"MNP","ADM0_A3_IL":"MNP","ADM0_A3_PS":"MNP","ADM0_A3_SA":"MNP","ADM0_A3_EG":"MNP","ADM0_A3_MA":"MNP","ADM0_A3_PT":"MNP","ADM0_A3_AR":"MNP","ADM0_A3_JP":"MNP","ADM0_A3_KO":"MNP","ADM0_A3_VN":"MNP","ADM0_A3_TR":"MNP","ADM0_A3_ID":"MNP","ADM0_A3_PL":"MNP","ADM0_A3_GR":"MNP","ADM0_A3_IT":"MNP","ADM0_A3_NL":"MNP","ADM0_A3_SE":"MNP","ADM0_A3_BD":"MNP","ADM0_A3_UA":"MNP","ADM0_A3_UN":-99,"ADM0_A3_WB":-99,"CONTINENT":"Oceania","REGION_UN":"Oceania","SUBREGION":"Micronesia","REGION_WB":"East Asia & Pacific","NAME_LEN":14,"LONG_LEN":24,"ABBREV_LEN":6,"TINY":3,"HOMEPART":-99,"MIN_ZOOM":0,"MIN_LABEL":5,"MAX_LABEL":10,"LABEL_X":145.734397,"LABEL_Y":15.188188,"NE_ID":1159321361,"WIKIDATAID":"Q16644","NAME_AR":"جزر ماريانا الشمالية","NAME_BN":"উত্তর মারিয়ানা দ্বীপপুঞ্জ","NAME_DE":"Nördliche Marianen","NAME_EN":"Northern Mariana Islands","NAME_ES":"Islas Marianas del Norte","NAME_FA":"جزایر ماریانای شمالی","NAME_FR":"îles Mariannes du Nord","NAME_EL":"Βόρειες Μαριάνες Νήσοι","NAME_HE":"איי מריאנה הצפוניים","NAME_HI":"उत्तरी मारियाना द्वीप","NAME_HU":"Északi-Mariana-szigetek","NAME_ID":"Kepulauan Mariana Utara","NAME_IT":"Isole Marianne Settentrionali","NAME_JA":"北マリアナ諸島","NAME_KO":"북마리아나 제도","NAME_NL":"Noordelijke Marianen","NAME_PL":"Mariany Północne","NAME_PT":"Ilhas Marianas do Norte","NAME_RU":"Северные Марианские острова","NAME_SV":"Nordmarianerna","NAME_TR":"Kuzey Mariana Adaları","NAME_UK":"Північні Маріанські острови","NAME_UR":"جزائر شمالی ماریانا","NAME_VI":"Quần đảo Bắc Mariana","NAME_ZH":"北马里亚纳群岛","NAME_ZHT":"北馬里亞納群島","FCLASS_ISO":"Admin-0 dependency","TLC_DIFF":null,"FCLASS_TLC":"Admin-0 dependency","FCLASS_US":null,"FCLASS_FR":null,"FCLASS_RU":null,"FCLASS_ES":null,"FCLASS_CN":null,"FCLASS_TW":null,"FCLASS_IN":null,"FCLASS_NP":null,"FCLASS_PK":null,"FCLASS_DE":null,"FCLASS_GB":null,"FCLASS_BR":null,"FCLASS_IL":null,"FCLASS_PS":null,"FCLASS_SA":null,"FCLASS_EG":null,"FCLASS_MA":null,"FCLASS_PT":null,"FCLASS_AR":null,"FCLASS_JP":null,"FCLASS_KO":null,"FCLASS_VN":null,"FCLASS_TR":null,"FCLASS_ID":null,"FCLASS_PL":null,"FCLASS_GR":null,"FCLASS_IT":null,"FCLASS_NL":null,"FCLASS_SE":null,"FCLASS_BD":null,"FCLASS_UA":null},"geometry":{"type":"MultiPolygon","coordinates":[[],[],[],[],[],[]]}},{"type":"Feature","bbox":[-65.023633,17.701709,-64.580469,18.385205],"properties":{"featurecla":"Admin-0 country","scalerank":3,"LABELRANK":6,"SOVEREIGNT":"United States of America","SOV_A3":"US1","ADM0_DIF":1,"LEVEL":2,"TYPE":"Dependency","TLC":"1","ADMIN":"United States Virgin Islands","ADM0_A3":"VIR","GEOU_DIF":0,"GEOUNIT":"United States Virgin Islands","GU_A3":"VIR","SU_DIF":0,"SUBUNIT":"United States Virgin Islands","SU_A3":"VIR","BRK_DIFF":0,"NAME":"U.S. Virgin Is.","NAME_LONG":"United States Virgin Islands","BRK_A3":"VIR","BRK_NAME":"U.S. Virgin Is.","BRK_GROUP":null,"ABBREV":"V.I. (U.S.)","POSTAL":"VI","FORMAL_EN":"Virgin Islands of the United States","FORMAL_FR":null,"NAME_CIAWF":"Virgin Islands","NOTE_ADM0":"U.S.A.","NOTE_BRK":null,"NAME_SORT":"Virgin Islands (U.S.)","NAME_ALT":null,"MAPCOLOR7":4,"MAPCOLOR8":5,"MAPCOLOR9":1,"MAPCOLOR13":1,"POP_EST":106631,"POP_RANK":9,"POP_YEAR":2019,"GDP_MD":3855,"GDP_YEAR":2017,"ECONOMY":"6. Developing region","INCOME_GRP":"2. High income: nonOECD","FIPS_10":"VQ","ISO_A2":"VI","ISO_A2_EH":"VI","ISO_A3":"VIR","ISO_A3_EH":"VIR","ISO_N3":"850","ISO_N3_EH":"850","UN_A3":"850","WB_A2":"VI","WB_A3":"VIR","WOE_ID":23424985,"WOE_ID_EH":23424985,"WOE_NOTE":"Exact WOE match as country","ADM0_ISO":"VIR","ADM0_DIFF":null,"ADM0_TLC":"VIR","ADM0_A3_US":"VIR","ADM0_A3_FR":"VIR","ADM0_A3_RU":"VIR","ADM0_A3_ES":"VIR","ADM0_A3_CN":"VIR","ADM0_A3_TW":"VIR","ADM0_A3_IN":"VIR","ADM0_A3_NP":"VIR","ADM0_A3_PK":"VIR","ADM0_A3_DE":"VIR","ADM0_A3_GB":"VIR","ADM0_A3_BR":"VIR","ADM0_A3_IL":"VIR","ADM0_A3_PS":"VIR","ADM0_A3_SA":"VIR","ADM0_A3_EG":"VIR","ADM0_A3_MA":"VIR","ADM0_A3_PT":"VIR","ADM0_A3_AR":"VIR","ADM0_A3_JP":"VIR","ADM0_A3_KO":"VIR","ADM0_A3_VN":"VIR","ADM0_A3_TR":"VIR","ADM0_A3_ID":"VIR","ADM0_A3_PL":"VIR","ADM0_A3_GR":"VIR","ADM0_A3_IT":"VIR","ADM0_A3_NL":"VIR","ADM0_A3_SE":"VIR","ADM0_A3_BD":"VIR","ADM0_A3_UA":"VIR","ADM0_A3_UN":-99,"ADM0_A3_WB":-99,"CONTINENT":"North America","REGION_UN":"Americas","SUBREGION":"Caribbean","REGION_WB":"Latin America & Caribbean","NAME_LEN":15,"LONG_LEN":28,"ABBREV_LEN":11,"TINY":3,"HOMEPART":-99,"MIN_ZOOM":0,"MIN_LABEL":5,"MAX_LABEL":10,"LABEL_X":-64.779172,"LABEL_Y":17.746706,"NE_ID":1159321371,"WIKIDATAID":"Q11703","NAME_AR":"جزر العذراء الأمريكية","NAME_BN":"মার্কিন ভার্জিন দ্বীপপুঞ্জ","NAME_DE":"Amerikanische Jungferninseln","NAME_EN":"United States Virgin Islands","NAME_ES":"Islas Vírgenes de los Estados Unidos","NAME_FA":"جزایر ویرجین ایالات متحده","NAME_FR":"îles Vierges des États-Unis","NAME_EL":"Αμερικανικές Παρθένοι Νήσοι","NAME_HE":"איי הבתולה של ארצות הברית","NAME_HI":"संयुक्त राज्य वर्जिन द्वीपसमूह","NAME_HU":"Amerikai Virgin-szigetek","NAME_ID":"Kepulauan Virgin Amerika Serikat","NAME_IT":"Isole Vergini americane","NAME_JA":"アメリカ領ヴァージン諸島","NAME_KO":"미국령 버진아일랜드","NAME_NL":"Amerikaanse Maagdeneilanden","NAME_PL":"Wyspy Dziewicze Stanów Zjednoczonych","NAME_PT":"Ilhas Virgens Americanas","NAME_RU":"Американские Виргинские острова","NAME_SV":"Amerikanska Jungfruöarna","NAME_TR":"ABD Virjin Adaları","NAME_UK":"Американські Віргінські Острови","NAME_UR":"امریکی جزائر ورجن","NAME_VI":"Quần đảo Virgin thuộc Mỹ","NAME_ZH":"美属维尔京群岛","NAME_ZHT":"美屬維京群島","FCLASS_ISO":"Admin-0 dependency","TLC_DIFF":null,"FCLASS_TLC":"Admin-0 dependency","FCLASS_US":null,"FCLASS_FR":null,"FCLASS_RU":null,"FCLASS_ES":null,"FCLASS_CN":null,"FCLASS_TW":null,"FCLASS_IN":null,"FCLASS_NP":null,"FCLASS_PK":null,"FCLASS_DE":null,"FCLASS_GB":null,"FCLASS_BR":null,"FCLASS_IL":null,"FCLASS_PS":null,"FCLASS_SA":null,"FCLASS_EG":null,"FCLASS_MA":null,"FCLASS_PT":null,"FCLASS_AR":null,"FCLASS_JP":null,"FCLASS_KO":null,"FCLASS_VN":null,"FCLASS_TR":null,"FCLASS_ID":null,"FCLASS_PL":null,"FCLASS_GR":null,"FCLASS_IT":null,"FCLASS_NL":null,"FCLASS_SE":null,"FCLASS_BD":null,"FCLASS_UA":null},"geometry":{"type":"MultiPolygon","coordinates":[[],[],[]]}},{"type":"Feature","bbox":[-67.937061,17.947266,-65.294873,18.522168],"properties":{"featurecla":"Admin-0 country","scalerank":1,"LABELRANK":5,"SOVEREIGNT":"United States of America","SOV_A3":"US1","ADM0_DIF":1,"LEVEL":2,"TYPE":"Dependency","TLC":"1","ADMIN":"Puerto Rico","ADM0_A3":"PRI","GEOU_DIF":0,"GEOUNIT":"Puerto Rico","GU_A3":"PRI","SU_DIF":0,"SUBUNIT":"Puerto Rico","SU_A3":"PRI","BRK_DIFF":0,"NAME":"Puerto Rico","NAME_LONG":"Puerto Rico","BRK_A3":"PRI","BRK_NAME":"Puerto Rico","BRK_GROUP":null,"ABBREV":"P.R.","POSTAL":"PR","FORMAL_EN":"Commonwealth of Puerto Rico","FORMAL_FR":null,"NAME_CIAWF":"Puerto Rico","NOTE_ADM0":"U.S.A.","NOTE_BRK":null,"NAME_SORT":"Puerto Rico","NAME_ALT":null,"MAPCOLOR7":4,"MAPCOLOR8":5,"MAPCOLOR9":1,"MAPCOLOR13":1,"POP_EST":3193694,"POP_RANK":12,"POP_YEAR":2019,"GDP_MD":104988,"GDP_YEAR":2019,"ECONOMY":"6. Developing region","INCOME_GRP":"2. High income: nonOECD","FIPS_10":"RQ","ISO_A2":"PR","ISO_A2_EH":"PR","ISO_A3":"PRI","ISO_A3_EH":"PRI","ISO_N3":"630","ISO_N3_EH":"630","UN_A3":"630","WB_A2":"PR","WB_A3":"PRI","WOE_ID":23424935,"WOE_ID_EH":23424935,"WOE_NOTE":"Exact WOE match as country","ADM0_ISO":"PRI","ADM0_DIFF":null,"ADM0_TLC":"PRI","ADM0_A3_US":"PRI","ADM0_A3_FR":"PRI","ADM0_A3_RU":"PRI","ADM0_A3_ES":"PRI","ADM0_A3_CN":"PRI","ADM0_A3_TW":"PRI","ADM0_A3_IN":"PRI","ADM0_A3_NP":"PRI","ADM0_A3_PK":"PRI","ADM0_A3_DE":"PRI","ADM0_A3_GB":"PRI","ADM0_A3_BR":"PRI","ADM0_A3_IL":"PRI","ADM0_A3_PS":"PRI","ADM0_A3_SA":"PRI","ADM0_A3_EG":"PRI","ADM0_A3_MA":"PRI","ADM0_A3_PT":"PRI","ADM0_A3_AR":"PRI","ADM0_A3_JP":"PRI","ADM0_A3_KO":"PRI","ADM0_A3_VN":"PRI","ADM0_A3_TR":"PRI","ADM0_A3_ID":"PRI","ADM0_A3_PL":"PRI","ADM0_A3_GR":"PRI","ADM0_A3_IT":"PRI","ADM0_A3_NL":"PRI","ADM0_A3_SE":"PRI","ADM0_A3_BD":"PRI","ADM0_A3_UA":"PRI","ADM0_A3_UN":-99,"ADM0_A3_WB":-99,"CONTINENT":"North America","REGION_UN":"Americas","SUBREGION":"Caribbean","REGION_WB":"Latin America & Caribbean","NAME_LEN":11,"LONG_LEN":11,"ABBREV_LEN":4,"TINY":-99,"HOMEPART":-99,"MIN_ZOOM":0,"MIN_LABEL":3,"MAX_LABEL":8,"LABEL_X":-66.481065,"LABEL_Y":18.234668,"NE_ID":1159321363,"WIKIDATAID":"Q1183","NAME_AR":"بورتوريكو","NAME_BN":"পুয়ের্তো রিকো","NAME_DE":"Puerto Rico","NAME_EN":"Puerto Rico","NAME_ES":"Puerto Rico","NAME_FA":"پورتوریکو","NAME_FR":"Porto Rico","NAME_EL":"Πουέρτο Ρίκο","NAME_HE":"פוארטו ריקו","NAME_HI":"पोर्टो रीको","NAME_HU":"Puerto Rico","NAME_ID":"Puerto Riko","NAME_IT":"Porto Rico","NAME_JA":"プエルトリコ","NAME_KO":"푸에르토리코","NAME_NL":"Puerto Rico","NAME_PL":"Portoryko","NAME_PT":"Porto Rico","NAME_RU":"Пуэрто-Рико","NAME_SV":"Puerto Rico","NAME_TR":"Porto Riko","NAME_UK":"Пуерто-Рико","NAME_UR":"پورٹو ریکو","NAME_VI":"Puerto Rico","NAME_ZH":"波多黎各","NAME_ZHT":"波多黎各","FCLASS_ISO":"Admin-0 dependency","TLC_DIFF":null,"FCLASS_TLC":"Admin-0 dependency","FCLASS_US":null,"FCLASS_FR":null,"FCLASS_RU":null,"FCLASS_ES":null,"FCLASS_CN":null,"FCLASS_TW":null,"FCLASS_IN":null,"FCLASS_NP":null,"FCLASS_PK":null,"FCLASS_DE":null,"FCLASS_GB":null,"FCLASS_BR":null,"FCLASS_IL":null,"FCLASS_PS":null,"FCLASS_SA":null,"FCLASS_EG":null,"FCLASS_MA":null,"FCLASS_PT":null,"FCLASS_AR":null,"FCLASS_JP":null,"FCLASS_KO":null,"FCLASS_VN":null,"FCLASS_TR":null,"FCLASS_ID":null,"FCLASS_PL":null,"FCLASS_GR":null,"FCLASS_IT":null,"FCLASS_NL":null,"FCLASS_SE":null,"FCLASS_BD":null,"FCLASS_UA":null},"geometry":{"type":"MultiPolygon","coordinates":[[],[],[]]}},{"type":"Feature","bbox":[-38.017432,-58.492285,-26.259863,-53.984082],"properties":{"featurecla":"Admin-0 country","scalerank":3,"LABELRANK":4,"SOVEREIGNT":"United Kingdom","SOV_A3":"GB1","ADM0_DIF":1,"LEVEL":2,"TYPE":"Dependency","TLC":"1","ADMIN":"South Georgia and the Islands","ADM0_A3":"SGS","GEOU_DIF":0,"GEOUNIT":"South Georgia and the Islands","GU_A3":"SGS","SU_DIF":0,"SUBUNIT":"South Georgia and the Islands","SU_A3":"SGS","BRK_DIFF":0,"NAME":"S. Geo. and the Is.","NAME_LONG":"South Georgia and the Islands","BRK_A3":"SGS","BRK_NAME":"S. Geo. and the Is.","BRK_GROUP":null,"ABBREV":"S.G. & Is.","POSTAL":"GS","FORMAL_EN":"South Georgia and the Islands","FORMAL_FR":null,"NAME_CIAWF":null,"NOTE_ADM0":"U.K.","NOTE_BRK":null,"NAME_SORT":"South Georgia and the Islands","NAME_ALT":null,"MAPCOLOR7":6,"MAPCOLOR8":6,"MAPCOLOR9":6,"MAPCOLOR13":3,"POP_EST":30,"POP_RANK":1,"POP_YEAR":2017,"GDP_MD":0,"GDP_YEAR":2016,"ECONOMY":"7. Least developed region","INCOME_GRP":"5. Low income","FIPS_10":"SX","ISO_A2":"GS","ISO_A2_EH":"GS","ISO_A3":"SGS","ISO_A3_EH":"SGS","ISO_N3":"239","ISO_N3_EH":"239","UN_A3":"-099","WB_A2":"-99","WB_A3":"-99","WOE_ID":23424955,"WOE_ID_EH":23424955,"WOE_NOTE":"Exact WOE match as country","ADM0_ISO":"SGS","ADM0_DIFF":null,"ADM0_TLC":"SGS","ADM0_A3_US":"SGS","ADM0_A3_FR":"SGS","ADM0_A3_RU":"SGS","ADM0_A3_ES":"SGS","ADM0_A3_CN":"SGS","ADM0_A3_TW":"SGS","ADM0_A3_IN":"SGS","ADM0_A3_NP":"SGS","ADM0_A3_PK":"SGS","ADM0_A3_DE":"SGS","ADM0_A3_GB":"SGS","ADM0_A3_BR":"SGS","ADM0_A3_IL":"SGS","ADM0_A3_PS":"SGS","ADM0_A3_SA":"SGS","ADM0_A3_EG":"SGS","ADM0_A3_MA":"SGS","ADM0_A3_PT":"SGS","ADM0_A3_AR":"SGS","ADM0_A3_JP":"SGS","ADM0_A3_KO":"SGS","ADM0_A3_VN":"SGS","ADM0_A3_TR":"SGS","ADM0_A3_ID":"SGS","ADM0_A3_PL":"SGS","ADM0_A3_GR":"SGS","ADM0_A3_IT":"SGS","ADM0_A3_NL":"SGS","ADM0_A3_SE":"SGS","ADM0_A3_BD":"SGS","ADM0_A3_UA":"SGS","ADM0_A3_UN":-99,"ADM0_A3_WB":-99,"CONTINENT":"Seven seas (open ocean)","REGION_UN":"Americas","SUBREGION":"Seven seas (open ocean)","REGION_WB":"Antarctica","NAME_LEN":19,"LONG_LEN":29,"ABBREV_LEN":10,"TINY":3,"HOMEPART":-99,"MIN_ZOOM":0,"MIN_LABEL":5,"MAX_LABEL":9,"LABEL_X":-31.063179,"LABEL_Y":-55.683402,"NE_ID":1159320731,"WIKIDATAID":"Q35086","NAME_AR":"جورجيا الجنوبية وجزر ساندويتش الجنوبية","NAME_BN":"দক্ষিণ জর্জিয়া ও দক্ষিণ স্যন্ডউইচ দ্বীপপুঞ্জ","NAME_DE":"Südgeorgien und die Südlichen Sandwichinseln","NAME_EN":"South Georgia and the South Sandwich Islands","NAME_ES":"Islas Georgias del Sur y Sandwich del Sur","NAME_FA":"جزایر جورجیای جنوبی و ساندویچ جنوبی","NAME_FR":"Géorgie du Sud-et-les Îles Sandwich du Sud","NAME_EL":"Νήσοι Νότια Γεωργία και Νότιες Σάντουιτς","NAME_HE":"איי ג'ורג'יה הדרומית ואיי סנדוויץ' הדרומיים","NAME_HI":"दक्षिण जॉर्जिया एवं दक्षिण सैंडविच द्वीप समूह","NAME_HU":"Déli-Georgia és Déli-Sandwich-szigetek","NAME_ID":"Georgia Selatan dan Kepulauan Sandwich Selatan","NAME_IT":"Georgia del Sud e isole Sandwich meridionali","NAME_JA":"サウスジョージア・サウスサンドウィッチ諸島","NAME_KO":"사우스조지아 사우스샌드위치 제도","NAME_NL":"Zuid-Georgia en de Zuidelijke Sandwicheilanden","NAME_PL":"Georgia Południowa i Sandwich Południowy","NAME_PT":"Ilhas Geórgia do Sul e Sandwich do Sul","NAME_RU":"Южная Георгия и Южные Сандвичевы острова","NAME_SV":"Sydgeorgien och Sydsandwichöarna","NAME_TR":"Güney Georgia ve Güney Sandwich Adaları","NAME_UK":"Південна Джорджія та Південні Сандвічеві острови","NAME_UR":"جنوبی جارجیا و جزائر جنوبی سینڈوچ","NAME_VI":"Nam Georgia và Quần đảo Nam Sandwich","NAME_ZH":"南乔治亚和南桑威奇群岛","NAME_ZHT":"南喬治亞與南桑威奇","FCLASS_ISO":"Admin-0 dependency","TLC_DIFF":null,"FCLASS_TLC":"Admin-0 dependency","FCLASS_US":null,"FCLASS_FR":null,"FCLASS_RU":null,"FCLASS_ES":null,"FCLASS_CN":null,"FCLASS_TW":null,"FCLASS_IN":null,"FCLASS_NP":null,"FCLASS_PK":null,"FCLASS_DE":null,"FCLASS_GB":null,"FCLASS_BR":null,"FCLASS_IL":null,"FCLASS_PS":null,"FCLASS_SA":null,"FCLASS_EG":null,"FCLASS_MA":null,"FCLASS_PT":null,"FCLASS_AR":"Unrecognized","FCLASS_JP":null,"FCLASS_KO":null,"FCLASS_VN":null,"FCLASS_TR":null,"FCLASS_ID":null,"FCLASS_PL":null,"FCLASS_GR":null,"FCLASS_IT":null,"FCLASS_NL":null,"FCLASS_SE":null,"FCLASS_BD":null,"FCLASS_UA":null},"geometry":{"type":"MultiPolygon","coordinates":[[],[]]}},{"type":"Feature","bbox":[-14.414941,-16.004004,-5.659717,-7.882617],"properties":{"featurecla":"Admin-0 country","scalerank":3,"LABELRANK":6,"SOVEREIGNT":"United Kingdom","SOV_A3":"GB1","ADM0_DIF":1,"LEVEL":2,"TYPE":"Dependency","TLC":"1","ADMIN":"Saint Helena","ADM0_A3":"SHN","GEOU_DIF":0,"GEOUNIT":"Saint Helena","GU_A3":"SHN","SU_DIF":0,"SUBUNIT":"Saint Helena","SU_A3":"SHN","BRK_DIFF":0,"NAME":"Saint Helena","NAME_LONG":"Saint Helena","BRK_A3":"SHN","BRK_NAME":"Saint Helena","BRK_GROUP":null,"ABBREV":"St.H.","POSTAL":"SH","FORMAL_EN":null,"FORMAL_FR":null,"NAME_CIAWF":"Saint Helena, Ascension, and Tristan da Cunha","NOTE_ADM0":"U.K.","NOTE_BRK":null,"NAME_SORT":"St. Helena","NAME_ALT":null,"MAPCOLOR7":6,"MAPCOLOR8":6,"MAPCOLOR9":6,"MAPCOLOR13":3,"POP_EST":4534,"POP_RANK":4,"POP_YEAR":2016,"GDP_MD":31,"GDP_YEAR":2010,"ECONOMY":"6. Developing region","INCOME_GRP":"4. Lower middle income","FIPS_10":"SH","ISO_A2":"SH","ISO_A2_EH":"SH","ISO_A3":"SHN","ISO_A3_EH":"SHN","ISO_N3":"654","ISO_N3_EH":"654","UN_A3":"654","WB_A2":"-99","WB_A3":"-99","WOE_ID":23424944,"WOE_ID_EH":23424944,"WOE_NOTE":"Exact WOE match as country","ADM0_ISO":"SHN","ADM0_DIFF":null,"ADM0_TLC":"SHN","ADM0_A3_US":"SHN","ADM0_A3_FR":"SHN","ADM0_A3_RU":"SHN","ADM0_A3_ES":"SHN","ADM0_A3_CN":"SHN","ADM0_A3_TW":"SHN","ADM0_A3_IN":"SHN","ADM0_A3_NP":"SHN","ADM0_A3_PK":"SHN","ADM0_A3_DE":"SHN","ADM0_A3_GB":"SHN","ADM0_A3_BR":"SHN","ADM0_A3_IL":"SHN","ADM0_A3_PS":"SHN","ADM0_A3_SA":"SHN","ADM0_A3_EG":"SHN","ADM0_A3_MA":"SHN","ADM0_A3_PT":"SHN","ADM0_A3_AR":"SHN","ADM0_A3_JP":"SHN","ADM0_A3_KO":"SHN","ADM0_A3_VN":"SHN","ADM0_A3_TR":"SHN","ADM0_A3_ID":"SHN","ADM0_A3_PL":"SHN","ADM0_A3_GR":"SHN","ADM0_A3_IT":"SHN","ADM0_A3_NL":"SHN","ADM0_A3_SE":"SHN","ADM0_A3_BD":"SHN","ADM0_A3_UA":"SHN","ADM0_A3_UN":-99,"ADM0_A3_WB":-99,"CONTINENT":"Seven seas (open ocean)","REGION_UN":"Africa","SUBREGION":"Western Africa","REGION_WB":"Sub-Saharan Africa","NAME_LEN":12,"LONG_LEN":12,"ABBREV_LEN":5,"TINY":-99,"HOMEPART":-99,"MIN_ZOOM":0,"MIN_LABEL":5,"MAX_LABEL":10,"LABEL_X":-5.71262,"LABEL_Y":-15.950487,"NE_ID":1159320733,"WIKIDATAID":"Q34497","NAME_AR":"سانت هيلينا","NAME_BN":"সেন্ট হেলেনা","NAME_DE":"St. Helena","NAME_EN":"Saint Helena","NAME_ES":"Isla Santa Elena","NAME_FA":"سینت هلینا","NAME_FR":"Sainte-Hélène","NAME_EL":"Νήσος Αγίας Ελένης","NAME_HE":"סנט הלנה","NAME_HI":"सन्त हेलेना","NAME_HU":"Szent Ilona","NAME_ID":"Saint Helena","NAME_IT":"Sant'Elena","NAME_JA":"セントヘレナ","NAME_KO":"세인트헬레나","NAME_NL":"Sint-Helena","NAME_PL":"Wyspa Świętej Heleny","NAME_PT":"Santa Helena","NAME_RU":"Остров Святой Елены","NAME_SV":"Sankta Helena","NAME_TR":"Saint Helena","NAME_UK":"Острів Святої Єлени","NAME_UR":"سینٹ ہلینا","NAME_VI":"Saint Helena","NAME_ZH":"圣赫勒拿","NAME_ZHT":"聖赫勒拿","FCLASS_ISO":"Admin-0 dependency","TLC_DIFF":null,"FCLASS_TLC":"Admin-0 dependency","FCLASS_US":null,"FCLASS_FR":null,"FCLASS_RU":null,"FCLASS_ES":null,"FCLASS_CN":null,"FCLASS_TW":null,"FCLASS_IN":null,"FCLASS_NP":null,"FCLASS_PK":null,"FCLASS_DE":null,"FCLASS_GB":null,"FCLASS_BR":null,"FCLASS_IL":null,"FCLASS_PS":null,"FCLASS_SA":null,"FCLASS_EG":null,"FCLASS_MA":null,"FCLASS_PT":null,"FCLASS_AR":null,"FCLASS_JP":null,"FCLASS_KO":null,"FCLASS_VN":null,"FCLASS_TR":null,"FCLASS_ID":null,"FCLASS_PL":null,"FCLASS_GR":null,"FCLASS_IT":null,"FCLASS_NL":null,"FCLASS_SE":null,"FCLASS_BD":null,"FCLASS_UA":null},"geometry":{"type":"MultiPolygon","coordinates":[[[[-5.692139,-15.997754],[-5.78252,-16.004004],[-5.775049,-15.956738],[-5.707861,-15.906152],[-5.6625,-15.912793],[-5.659717,-15.970898],[-5.692139,-15.997754]]],[[[-14.364355,-7.974316],[-14.398682,-7.975781],[-14.408691,-7.96748],[-14.414941,-7.94375],[-14.398584,-7.905762],[-14.383643,-7.882617],[-14.3604,-7.885938],[-14.328857,-7.912598],[-14.302539,-7.935449],[-14.316797,-7.956152],[-14.364355,-7.974316]]]]}},{"type":"Feature","bbox":[-61.14502,-52.308008,-57.791797,-51.269922],"properties":{"featurecla":"Admin-0 country","scalerank":1,"LABELRANK":5,"SOVEREIGNT":"United Kingdom","SOV_A3":"GB1","ADM0_DIF":1,"LEVEL":2,"TYPE":"Disputed","TLC":"1","ADMIN":"Falkland Islands","ADM0_A3":"FLK","GEOU_DIF":0,"GEOUNIT":"Falkland Islands","GU_A3":"FLK","SU_DIF":0,"SUBUNIT":"Falkland Islands","SU_A3":"FLK","BRK_DIFF":1,"NAME":"Falkland Is.","NAME_LONG":"Falkland Islands / Malvinas","BRK_A3":"B12","BRK_NAME":"Falkland Is.","BRK_GROUP":null,"ABBREV":"Flk. Is.","POSTAL":"FK","FORMAL_EN":"Falkland Islands","FORMAL_FR":null,"NAME_CIAWF":"Falkland Islands (Islas Malvinas)","NOTE_ADM0":"U.K.","NOTE_BRK":"Admin. by U.K.; Claimed by Argentina","NAME_SORT":"Falkland Islands","NAME_ALT":"Islas Malvinas","MAPCOLOR7":6,"MAPCOLOR8":6,"MAPCOLOR9":6,"MAPCOLOR13":3,"POP_EST":3398,"POP_RANK":4,"POP_YEAR":2016,"GDP_MD":282,"GDP_YEAR":2012,"ECONOMY":"2. Developed region: nonG7","INCOME_GRP":"1. High income: OECD","FIPS_10":"FK","ISO_A2":"FK","ISO_A2_EH":"FK","ISO_A3":"FLK","ISO_A3_EH":"FLK","ISO_N3":"238","ISO_N3_EH":"238","UN_A3":"238","WB_A2":"-99","WB_A3":"-99","WOE_ID":23424814,"WOE_ID_EH":23424814,"WOE_NOTE":"Exact WOE match as country","ADM0_ISO":"B12","ADM0_DIFF":null,"ADM0_TLC":"B12","ADM0_A3_US":"FLK","ADM0_A3_FR":"FLK","ADM0_A3_RU":"FLK","ADM0_A3_ES":"FLK","ADM0_A3_CN":"FLK","ADM0_A3_TW":"FLK","ADM0_A3_IN":"FLK","ADM0_A3_NP":"FLK","ADM0_A3_PK":"FLK","ADM0_A3_DE":"FLK","ADM0_A3_GB":"FLK","ADM0_A3_BR":"FLK","ADM0_A3_IL":"FLK","ADM0_A3_PS":"FLK","ADM0_A3_SA":"FLK","ADM0_A3_EG":"FLK","ADM0_A3_MA":"FLK","ADM0_A3_PT":"FLK","ADM0_A3_AR":"ARG","ADM0_A3_JP":"FLK","ADM0_A3_KO":"FLK","ADM0_A3_VN":"FLK","ADM0_A3_TR":"FLK","ADM0_A3_ID":"FLK","ADM0_A3_PL":"FLK","ADM0_A3_GR":"FLK","ADM0_A3_IT":"FLK","ADM0_A3_NL":"FLK","ADM0_A3_SE":"FLK","ADM0_A3_BD":"FLK","ADM0_A3_UA":"FLK","ADM0_A3_UN":-99,"ADM0_A3_WB":-99,"CONTINENT":"South America","REGION_UN":"Americas","SUBREGION":"South America","REGION_WB":"Latin America & Caribbean","NAME_LEN":12,"LONG_LEN":27,"ABBREV_LEN":8,"TINY":-99,"HOMEPART":-99,"MIN_ZOOM":0,"MIN_LABEL":4.5,"MAX_LABEL":9,"LABEL_X":-58.738602,"LABEL_Y":-51.608913,"NE_ID":1159320711,"WIKIDATAID":"Q9648","NAME_AR":"جزر فوكلاند","NAME_BN":"ফকল্যান্ড দ্বীপপুঞ্জ","NAME_DE":"Falklandinseln","NAME_EN":"Falkland Islands","NAME_ES":"Islas Malvinas","NAME_FA":"جزایر فالکلند","NAME_FR":"îles Malouines","NAME_EL":"Νήσοι Φώκλαντ","NAME_HE":"איי פוקלנד","NAME_HI":"फ़ॉकलैंड द्वीपसमूह","NAME_HU":"Falkland-szigetek","NAME_ID":"Kepulauan Falkland","NAME_IT":"Isole Falkland","NAME_JA":"フォークランド諸島","NAME_KO":"포클랜드 제도","NAME_NL":"Falklandeilanden","NAME_PL":"Falklandy","NAME_PT":"Ilhas Malvinas","NAME_RU":"Фолклендские острова","NAME_SV":"Falklandsöarna","NAME_TR":"Falkland Adaları","NAME_UK":"Фолклендські острови","NAME_UR":"جزائر فاکلینڈ","NAME_VI":"Quần đảo Falkland","NAME_ZH":"福克兰群岛","NAME_ZHT":"福克蘭群島","FCLASS_ISO":"Admin-0 dependency","TLC_DIFF":null,"FCLASS_TLC":"Admin-0 dependency","FCLASS_US":null,"FCLASS_FR":null,"FCLASS_RU":null,"FCLASS_ES":null,"FCLASS_CN":null,"FCLASS_TW":null,"FCLASS_IN":null,"FCLASS_NP":null,"FCLASS_PK":null,"FCLASS_DE":null,"FCLASS_GB":null,"FCLASS_BR":null,"FCLASS_IL":null,"FCLASS_PS":null,"FCLASS_SA":null,"FCLASS_EG":null,"FCLASS_MA":null,"FCLASS_PT":null,"FCLASS_AR":"Unrecognized","FCLASS_JP":null,"FCLASS_KO":null,"FCLASS_VN":null,"FCLASS_TR":null,"FCLASS_ID":null,"FCLASS_PL":null,"FCLASS_GR":null,"FCLASS_IT":null,"FCLASS_NL":null,"FCLASS_SE":null,"FCLASS_BD":null,"FCLASS_UA":null},"geometry":{"type":"MultiPolygon","coordinates":[[],[],[],[],[],[]]}},{"type":"Feature","bbox":[-81.419092,19.271875,-79.742285,19.765723],"properties":{"featurecla":"Admin-0 country","scalerank":1,"LABELRANK":5,"SOVEREIGNT":"United Kingdom","SOV_A3":"GB1","ADM0_DIF":1,"LEVEL":2,"TYPE":"Dependency","TLC":"1","ADMIN":"Cayman Islands","ADM0_A3":"CYM","GEOU_DIF":0,"GEOUNIT":"Cayman Islands","GU_A3":"CYM","SU_DIF":0,"SUBUNIT":"Cayman Islands","SU_A3":"CYM","BRK_DIFF":0,"NAME":"Cayman Is.","NAME_LONG":"Cayman Islands","BRK_A3":"CYM","BRK_NAME":"Cayman Is.","BRK_GROUP":null,"ABBREV":"Cym. Is.","POSTAL":"KY","FORMAL_EN":"Cayman Islands","FORMAL_FR":null,"NAME_CIAWF":"Cayman Islands","NOTE_ADM0":"U.K.","NOTE_BRK":null,"NAME_SORT":"Cayman Islands","NAME_ALT":null,"MAPCOLOR7":6,"MAPCOLOR8":6,"MAPCOLOR9":6,"MAPCOLOR13":3,"POP_EST":64948,"POP_RANK":8,"POP_YEAR":2019,"GDP_MD":5517,"GDP_YEAR":2018,"ECONOMY":"5. Emerging region: G20","INCOME_GRP":"2. High income: nonOECD","FIPS_10":"CJ","ISO_A2":"KY","ISO_A2_EH":"KY","ISO_A3":"CYM","ISO_A3_EH":"CYM","ISO_N3":"136","ISO_N3_EH":"136","UN_A3":"136","WB_A2":"KY","WB_A3":"CYM","WOE_ID":23424783,"WOE_ID_EH":23424783,"WOE_NOTE":"Exact WOE match as country","ADM0_ISO":"CYM","ADM0_DIFF":null,"ADM0_TLC":"CYM","ADM0_A3_US":"CYM","ADM0_A3_FR":"CYM","ADM0_A3_RU":"CYM","ADM0_A3_ES":"CYM","ADM0_A3_CN":"CYM","ADM0_A3_TW":"CYM","ADM0_A3_IN":"CYM","ADM0_A3_NP":"CYM","ADM0_A3_PK":"CYM","ADM0_A3_DE":"CYM","ADM0_A3_GB":"CYM","ADM0_A3_BR":"CYM","ADM0_A3_IL":"CYM","ADM0_A3_PS":"CYM","ADM0_A3_SA":"CYM","ADM0_A3_EG":"CYM","ADM0_A3_MA":"CYM","ADM0_A3_PT":"CYM","ADM0_A3_AR":"CYM","ADM0_A3_JP":"CYM","ADM0_A3_KO":"CYM","ADM0_A3_VN":"CYM","ADM0_A3_TR":"CYM","ADM0_A3_ID":"CYM","ADM0_A3_PL":"CYM","ADM0_A3_GR":"CYM","ADM0_A3_IT":"CYM","ADM0_A3_NL":"CYM","ADM0_A3_SE":"CYM","ADM0_A3_BD":"CYM","ADM0_A3_UA":"CYM","ADM0_A3_UN":-99,"ADM0_A3_WB":-99,"CONTINENT":"North America","REGION_UN":"Americas","SUBREGION":"Caribbean","REGION_WB":"Latin America & Caribbean","NAME_LEN":10,"LONG_LEN":14,"ABBREV_LEN":8,"TINY":2,"HOMEPART":-99,"MIN_ZOOM":0,"MIN_LABEL":5,"MAX_LABEL":9.5,"LABEL_X":-81.24055,"LABEL_Y":19.319862,"NE_ID":1159320707,"WIKIDATAID":"Q5785","NAME_AR":"جزر كايمان","NAME_BN":"কেইম্যান দ্বীপপুঞ্জ","NAME_DE":"Cayman Islands","NAME_EN":"Cayman Islands","NAME_ES":"Islas Caimán","NAME_FA":"جزایر کیمن","NAME_FR":"îles Caïmans","NAME_EL":"Νησιά Καϋμάν","NAME_HE":"איי קיימן","NAME_HI":"केमन द्वीपसमूह","NAME_HU":"Kajmán-szigetek","NAME_ID":"Kepulauan Cayman","NAME_IT":"Isole Cayman","NAME_JA":"ケイマン諸島","NAME_KO":"케이맨 제도","NAME_NL":"Kaaimaneilanden","NAME_PL":"Kajmany","NAME_PT":"Ilhas Caimão","NAME_RU":"острова Кайман","NAME_SV":"Caymanöarna","NAME_TR":"Cayman Adaları","NAME_UK":"Кайманові острови","NAME_UR":"جزائر کیمین","NAME_VI":"Quần đảo Cayman","NAME_ZH":"开曼群岛","NAME_ZHT":"開曼群島","FCLASS_ISO":"Admin-0 dependency","TLC_DIFF":null,"FCLASS_TLC":"Admin-0 dependency","FCLASS_US":null,"FCLASS_FR":null,"FCLASS_RU":null,"FCLASS_ES":null,"FCLASS_CN":null,"FCLASS_TW":null,"FCLASS_IN":null,"FCLASS_NP":null,"FCLASS_PK":null,"FCLASS_DE":null,"FCLASS_GB":null,"FCLASS_BR":null,"FCLASS_IL":null,"FCLASS_PS":null,"FCLASS_SA":null,"FCLASS_EG":null,"FCLASS_MA":null,"FCLASS_PT":null,"FCLASS_AR":null,"FCLASS_JP":null,"FCLASS_KO":null,"FCLASS_VN":null,"FCLASS_TR":null,"FCLASS_ID":null,"FCLASS_PL":null,"FCLASS_GR":null,"FCLASS_IT":null,"FCLASS_NL":null,"FCLASS_SE":null,"FCLASS_BD":null,"FCLASS_UA":null},"geometry":{"type":"MultiPolygon","coordinates":[[],[],[]]}},{"type":"Feature","bbox":[-64.695117,18.399121,-64.273584,18.752686],"properties":{"featurecla":"Admin-0 country","scalerank":3,"LABELRANK":6,"SOVEREIGNT":"United Kingdom","SOV_A3":"GB1","ADM0_DIF":1,"LEVEL":2,"TYPE":"Dependency","TLC":"1","ADMIN":"British Virgin Islands","ADM0_A3":"VGB","GEOU_DIF":0,"GEOUNIT":"British Virgin Islands","GU_A3":"VGB","SU_DIF":0,"SUBUNIT":"British Virgin Islands","SU_A3":"VGB","BRK_DIFF":0,"NAME":"British Virgin Is.","NAME_LONG":"British Virgin Islands","BRK_A3":"VGB","BRK_NAME":"British Virgin Is.","BRK_GROUP":null,"ABBREV":"V.I. (Br.)","POSTAL":"VG","FORMAL_EN":"British Virgin Islands","FORMAL_FR":null,"NAME_CIAWF":"British Virgin Islands","NOTE_ADM0":"U.K.","NOTE_BRK":null,"NAME_SORT":"British Virgin Islands","NAME_ALT":null,"MAPCOLOR7":6,"MAPCOLOR8":6,"MAPCOLOR9":6,"MAPCOLOR13":3,"POP_EST":30030,"POP_RANK":7,"POP_YEAR":2019,"GDP_MD":500,"GDP_YEAR":2017,"ECONOMY":"2. Developed region: nonG7","INCOME_GRP":"1. High income: OECD","FIPS_10":"VI","ISO_A2":"VG","ISO_A2_EH":"VG","ISO_A3":"VGB","ISO_A3_EH":"VGB","ISO_N3":"092","ISO_N3_EH":"092","UN_A3":"092","WB_A2":"-99","WB_A3":"-99","WOE_ID":23424983,"WOE_ID_EH":23424983,"WOE_NOTE":"Exact WOE match as country","ADM0_ISO":"VGB","ADM0_DIFF":null,"ADM0_TLC":"VGB","ADM0_A3_US":"VGB","ADM0_A3_FR":"VGB","ADM0_A3_RU":"VGB","ADM0_A3_ES":"VGB","ADM0_A3_CN":"VGB","ADM0_A3_TW":"VGB","ADM0_A3_IN":"VGB","ADM0_A3_NP":"VGB","ADM0_A3_PK":"VGB","ADM0_A3_DE":"VGB","ADM0_A3_GB":"VGB","ADM0_A3_BR":"VGB","ADM0_A3_IL":"VGB","ADM0_A3_PS":"VGB","ADM0_A3_SA":"VGB","ADM0_A3_EG":"VGB","ADM0_A3_MA":"VGB","ADM0_A3_PT":"VGB","ADM0_A3_AR":"VGB","ADM0_A3_JP":"VGB","ADM0_A3_KO":"VGB","ADM0_A3_VN":"VGB","ADM0_A3_TR":"VGB","ADM0_A3_ID":"VGB","ADM0_A3_PL":"VGB","ADM0_A3_GR":"VGB","ADM0_A3_IT":"VGB","ADM0_A3_NL":"VGB","ADM0_A3_SE":"VGB","ADM0_A3_BD":"VGB","ADM0_A3_UA":"VGB","ADM0_A3_UN":-99,"ADM0_A3_WB":-99,"CONTINENT":"North America","REGION_UN":"Americas","SUBREGION":"Caribbean","REGION_WB":"Latin America & Caribbean","NAME_LEN":18,"LONG_LEN":22,"ABBREV_LEN":10,"TINY":3,"HOMEPART":-99,"MIN_ZOOM":0,"MIN_LABEL":5,"MAX_LABEL":9.5,"LABEL_X":-64.63661,"LABEL_Y":18.426606,"NE_ID":1159320739,"WIKIDATAID":"Q25305","NAME_AR":"جزر العذراء البريطانية","NAME_BN":"ব্রিটিশ ভার্জিন দ্বীপপুঞ্জ","NAME_DE":"Britische Jungferninseln","NAME_EN":"British Virgin Islands","NAME_ES":"Islas Vírgenes Británicas","NAME_FA":"جزایر ویرجین بریتانیا","NAME_FR":"îles Vierges britanniques","NAME_EL":"Βρετανικές Παρθένοι Νήσοι","NAME_HE":"איי הבתולה הבריטיים","NAME_HI":"ब्रिटिश वर्जिन द्वीपसमूह","NAME_HU":"Brit Virgin-szigetek","NAME_ID":"Kepulauan Virgin Britania Raya","NAME_IT":"Isole Vergini britanniche","NAME_JA":"イギリス領ヴァージン諸島","NAME_KO":"영국령 버진아일랜드","NAME_NL":"Britse Maagdeneilanden","NAME_PL":"Brytyjskie Wyspy Dziewicze","NAME_PT":"Ilhas Virgens Britânicas","NAME_RU":"Британские Виргинские острова","NAME_SV":"Brittiska Jungfruöarna","NAME_TR":"Britanya Virjin Adaları","NAME_UK":"Британські Віргінські острови","NAME_UR":"برطانوی جزائر ورجن","NAME_VI":"Quần đảo Virgin thuộc Anh","NAME_ZH":"英属维尔京群岛","NAME_ZHT":"英屬維京群島","FCLASS_ISO":"Admin-0 dependency","TLC_DIFF":null,"FCLASS_TLC":"Admin-0 dependency","FCLASS_US":null,"FCLASS_FR":null,"FCLASS_RU":null,"FCLASS_ES":null,"FCLASS_CN":null,"FCLASS_TW":null,"FCLASS_IN":null,"FCLASS_NP":null,"FCLASS_PK":null,"FCLASS_DE":null,"FCLASS_GB":null,"FCLASS_BR":null,"FCLASS_IL":null,"FCLASS_PS":null,"FCLASS_SA":null,"FCLASS_EG":null,"FCLASS_MA":null,"FCLASS_PT":null,"FCLASS_AR":null,"FCLASS_JP":null,"FCLASS_KO":null,"FCLASS_VN":null,"FCLASS_TR":null,"FCLASS_ID":null,"FCLASS_PL":null,"FCLASS_GR":null,"FCLASS_IT":null,"FCLASS_NL":null,"FCLASS_SE":null,"FCLASS_BD":null,"FCLASS_UA":null},"geometry":{"type":"MultiPolygon","coordinates":[[],[],[]]}},{"type":"Feature","bbox":[-72.342383,21.751709,-71.636914,21.951904],"properties":{"featurecla":"Admin-0 country","scalerank":3,"LABELRANK":6,"SOVEREIGNT":"United Kingdom","SOV_A3":"GB1","ADM0_DIF":1,"LEVEL":2,"TYPE":"Dependency","TLC":"1","ADMIN":"Turks and Caicos Islands","ADM0_A3":"TCA","GEOU_DIF":0,"GEOUNIT":"Turks and Caicos Islands","GU_A3":"TCA","SU_DIF":0,"SUBUNIT":"Turks and Caicos Islands","SU_A3":"TCA","BRK_DIFF":0,"NAME":"Turks and Caicos Is.","NAME_LONG":"Turks and Caicos Islands","BRK_A3":"TCA","BRK_NAME":"Turks and Caicos Is.","BRK_GROUP":null,"ABBREV":"T.C. Is.","POSTAL":"TC","FORMAL_EN":"Turks and Caicos Islands","FORMAL_FR":null,"NAME_CIAWF":"Turks and Caicos Islands","NOTE_ADM0":"U.K.","NOTE_BRK":null,"NAME_SORT":"Turks and Caicos Islands","NAME_ALT":null,"MAPCOLOR7":6,"MAPCOLOR8":6,"MAPCOLOR9":6,"MAPCOLOR13":3,"POP_EST":38191,"POP_RANK":7,"POP_YEAR":2019,"GDP_MD":1197,"GDP_YEAR":2019,"ECONOMY":"6. Developing region","INCOME_GRP":"2. High income: nonOECD","FIPS_10":"TK","ISO_A2":"TC","ISO_A2_EH":"TC","ISO_A3":"TCA","ISO_A3_EH":"TCA","ISO_N3":"796","ISO_N3_EH":"796","UN_A3":"796","WB_A2":"TC","WB_A3":"TCA","WOE_ID":23424962,"WOE_ID_EH":23424962,"WOE_NOTE":"Exact WOE match as country","ADM0_ISO":"TCA","ADM0_DIFF":null,"ADM0_TLC":"TCA","ADM0_A3_US":"TCA","ADM0_A3_FR":"TCA","ADM0_A3_RU":"TCA","ADM0_A3_ES":"TCA","ADM0_A3_CN":"TCA","ADM0_A3_TW":"TCA","ADM0_A3_IN":"TCA","ADM0_A3_NP":"TCA","ADM0_A3_PK":"TCA","ADM0_A3_DE":"TCA","ADM0_A3_GB":"TCA","ADM0_A3_BR":"TCA","ADM0_A3_IL":"TCA","ADM0_A3_PS":"TCA","ADM0_A3_SA":"TCA","ADM0_A3_EG":"TCA","ADM0_A3_MA":"TCA","ADM0_A3_PT":"TCA","ADM0_A3_AR":"TCA","ADM0_A3_JP":"TCA","ADM0_A3_KO":"TCA","ADM0_A3_VN":"TCA","ADM0_A3_TR":"TCA","ADM0_A3_ID":"TCA","ADM0_A3_PL":"TCA","ADM0_A3_GR":"TCA","ADM0_A3_IT":"TCA","ADM0_A3_NL":"TCA","ADM0_A3_SE":"TCA","ADM0_A3_BD":"TCA","ADM0_A3_UA":"TCA","ADM0_A3_UN":-99,"ADM0_A3_WB":-99,"CONTINENT":"North America","REGION_UN":"Americas","SUBREGION":"Caribbean","REGION_WB":"Latin America & Caribbean","NAME_LEN":20,"LONG_LEN":24,"ABBREV_LEN":8,"TINY":-99,"HOMEPART":-99,"MIN_ZOOM":0,"MIN_LABEL":5,"MAX_LABEL":10,"LABEL_X":-71.752704,"LABEL_Y":21.81663,"NE_ID":1159320737,"WIKIDATAID":"Q18221","NAME_AR":"جزر توركس وكايكوس","NAME_BN":"টার্কস ও কেইকোস দ্বীপপুঞ্জ","NAME_DE":"Turks- und Caicosinseln","NAME_EN":"Turks and Caicos Islands","NAME_ES":"Islas Turcas y Caicos","NAME_FA":"جزایر تورکس و کایکوس","NAME_FR":"îles Turques-et-Caïques","NAME_EL":"Τερκ και Κάικος","NAME_HE":"איי טרקס וקייקוס","NAME_HI":"तुर्क और केकोस द्वीपसमूह","NAME_HU":"Turks- és Caicos-szigetek","NAME_ID":"Kepulauan Turks dan Caicos","NAME_IT":"Turks e Caicos","NAME_JA":"タークス・カイコス諸島","NAME_KO":"터크스 케이커스 제도","NAME_NL":"Turks- en Caicoseilanden","NAME_PL":"Turks i Caicos","NAME_PT":"Turks e Caicos","NAME_RU":"Тёркс и Кайкос","NAME_SV":"Turks- och Caicosöarna","NAME_TR":"Turks ve Caicos Adaları","NAME_UK":"Острови Теркс і Кайкос","NAME_UR":"جزائر کیکس و ترکیہ","NAME_VI":"Quần đảo Turks và Caicos","NAME_ZH":"特克斯和凯科斯群岛","NAME_ZHT":"土克凱可群島","FCLASS_ISO":"Admin-0 dependency","TLC_DIFF":null,"FCLASS_TLC":"Admin-0 dependency","FCLASS_US":null,"FCLASS_FR":null,"FCLASS_RU":null,"FCLASS_ES":null,"FCLASS_CN":null,"FCLASS_TW":null,"FCLASS_IN":null,"FCLASS_NP":null,"FCLASS_PK":null,"FCLASS_DE":null,"FCLASS_GB":null,"FCLASS_BR":null,"FCLASS_IL":null,"FCLASS_PS":null,"FCLASS_SA":null,"FCLASS_EG":null,"FCLASS_MA":null,"FCLASS_PT":null,"FCLASS_AR":null,"FCLASS_JP":null,"FCLASS_KO":null,"FCLASS_VN":null,"FCLASS_TR":null,"FCLASS_ID":null,"FCLASS_PL":null,"FCLASS_GR":null,"FCLASS_IT":null,"FCLASS_NL":null,"FCLASS_SE":null,"FCLASS_BD":null,"FCLASS_UA":null},"geometry":{"type":"MultiPolygon","coordinates":[[],[],[]]}},{"type":"Feature","bbox":[-8.144824,50.021387,1.746582,60.831885],"properties":{"featurecla":"Admin-0 country","scalerank":1,"LABELRANK":2,"SOVEREIGNT":"United Kingdom","SOV_A3":"GB1","ADM0_DIF":1,"LEVEL":2,"TYPE":"Country","TLC":"1","ADMIN":"United Kingdom","ADM0_A3":"GBR","GEOU_DIF":0,"GEOUNIT":"United Kingdom","GU_A3":"GBR","SU_DIF":0,"SUBUNIT":"United Kingdom","SU_A3":"GBR","BRK_DIFF":0,"NAME":"United Kingdom","NAME_LONG":"United Kingdom","BRK_A3":"GBR","BRK_NAME":"United Kingdom","BRK_GROUP":null,"ABBREV":"U.K.","POSTAL":"GB","FORMAL_EN":"United Kingdom of Great Britain and Northern Ireland","FORMAL_FR":null,"NAME_CIAWF":"United Kingdom","NOTE_ADM0":null,"NOTE_BRK":null,"NAME_SORT":"United Kingdom","NAME_ALT":null,"MAPCOLOR7":6,"MAPCOLOR8":6,"MAPCOLOR9":6,"MAPCOLOR13":3,"POP_EST":66834405,"POP_RANK":16,"POP_YEAR":2019,"GDP_MD":2829108,"GDP_YEAR":2019,"ECONOMY":"1. Developed region: G7","INCOME_GRP":"1. High income: OECD","FIPS_10":"UK","ISO_A2":"GB","ISO_A2_EH":"GB","ISO_A3":"GBR","ISO_A3_EH":"GBR","ISO_N3":"826","ISO_N3_EH":"826","UN_A3":"826","WB_A2":"GB","WB_A3":"GBR","WOE_ID":-90,"WOE_ID_EH":23424975,"WOE_NOTE":"Eh ID includes Channel Islands and Isle of Man. UK constituent countries of England (24554868), Wales (12578049), Scotland (12578048), and Northern Ireland (20070563).","ADM0_ISO":"GBR","ADM0_DIFF":null,"ADM0_TLC":"GBR","ADM0_A3_US":"GBR","ADM0_A3_FR":"GBR","ADM0_A3_RU":"GBR","ADM0_A3_ES":"GBR","ADM0_A3_CN":"GBR","ADM0_A3_TW":"GBR","ADM0_A3_IN":"GBR","ADM0_A3_NP":"GBR","ADM0_A3_PK":"GBR","ADM0_A3_DE":"GBR","ADM0_A3_GB":"GBR","ADM0_A3_BR":"GBR","ADM0_A3_IL":"GBR","ADM0_A3_PS":"GBR","ADM0_A3_SA":"GBR","ADM0_A3_EG":"GBR","ADM0_A3_MA":"GBR","ADM0_A3_PT":"GBR","ADM0_A3_AR":"GBR","ADM0_A3_JP":"GBR","ADM0_A3_KO":"GBR","ADM0_A3_VN":"GBR","ADM0_A3_TR":"GBR","ADM0_A3_ID":"GBR","ADM0_A3_PL":"GBR","ADM0_A3_GR":"GBR","ADM0_A3_IT":"GBR","ADM0_A3_NL":"GBR","ADM0_A3_SE":"GBR","ADM0_A3_BD":"GBR","ADM0_A3_UA":"GBR","ADM0_A3_UN":-99,"ADM0_A3_WB":-99,"CONTINENT":"Europe","REGION_UN":"Europe","SUBREGION":"Northern Europe","REGION_WB":"Europe & Central Asia","NAME_LEN":14,"LONG_LEN":14,"ABBREV_LEN":4,"TINY":-99,"HOMEPART":1,"MIN_ZOOM":0,"MIN_LABEL":1.7,"MAX_LABEL":6.7,"LABEL_X":-2.116346,"LABEL_Y":54.402739,"NE_ID":1159320713,"WIKIDATAID":"Q145","NAME_AR":"المملكة المتحدة","NAME_BN":"যুক্তরাজ্য","NAME_DE":"Vereinigtes Königreich","NAME_EN":"United Kingdom","NAME_ES":"Reino Unido","NAME_FA":"بریتانیا","NAME_FR":"Royaume-Uni","NAME_EL":"Ηνωμένο Βασίλειο","NAME_HE":"הממלכה המאוחדת","NAME_HI":"यूनाइटेड किंगडम","NAME_HU":"Egyesült Királyság","NAME_ID":"Britania Raya","NAME_IT":"Regno Unito","NAME_JA":"イギリス","NAME_KO":"영국","NAME_NL":"Verenigd Koninkrijk","NAME_PL":"Wielka Brytania","NAME_PT":"Reino Unido","NAME_RU":"Великобритания","NAME_SV":"Storbritannien","NAME_TR":"Birleşik Krallık","NAME_UK":"Велика Британія","NAME_UR":"مملکت متحدہ","NAME_VI":"Vương quốc Liên hiệp Anh và Bắc Ireland","NAME_ZH":"英国","NAME_ZHT":"英國","FCLASS_ISO":"Admin-0 country","TLC_DIFF":null,"FCLASS_TLC":"Admin-0 country","FCLASS_US":null,"FCLASS_FR":null,"FCLASS_RU":null,"FCLASS_ES":null,"FCLASS_CN":null,"FCLASS_TW":null,"FCLASS_IN":null,"FCLASS_NP":null,"FCLASS_PK":null,"FCLASS_DE":null,"FCLASS_GB":null,"FCLASS_BR":null,"FCLASS_IL":null,"FCLASS_PS":null,"FCLASS_SA":null,"FCLASS_EG":null,"FCLASS_MA":null,"FCLASS_PT":null,"FCLASS_AR":null,"FCLASS_JP":null,"FCLASS_KO":null,"FCLASS_VN":null,"FCLASS_TR":null,"FCLASS_ID":null,"FCLASS_PL":null,"FCLASS_GR":null,"FCLASS_IT":null,"FCLASS_NL":null,"FCLASS_SE":null,"FCLASS_BD":null,"FCLASS_UA":null},"geometry":{"type":"MultiPolygon","coordinates":[[],[],[],[],[],[],[],[],[],[],[],[],[],[],[],[],[],[],[],[],[],[],[]]}},{"type":"Feature","bbox":[51.568359,22.621484,56.387988,26.068164],"properties":{"featurecla":"Admin-0 country","scalerank":1,"LABELRANK":4,"SOVEREIGNT":"United Arab Emirates","SOV_A3":"ARE","ADM0_DIF":0,"LEVEL":2,"TYPE":"Sovereign country","TLC":"1","ADMIN":"United Arab Emirates","ADM0_A3":"ARE","GEOU_DIF":0,"GEOUNIT":"United Arab Emirates","GU_A3":"ARE","SU_DIF":0,"SUBUNIT":"United Arab Emirates","SU_A3":"ARE","BRK_DIFF":0,"NAME":"United Arab Emirates","NAME_LONG":"United Arab Emirates","BRK_A3":"ARE","BRK_NAME":"United Arab Emirates","BRK_GROUP":null,"ABBREV":"U.A.E.","POSTAL":"AE","FORMAL_EN":"United Arab Emirates","FORMAL_FR":null,"NAME_CIAWF":"United Arab Emirates","NOTE_ADM0":null,"NOTE_BRK":null,"NAME_SORT":"United Arab Emirates","NAME_ALT":null,"MAPCOLOR7":2,"MAPCOLOR8":1,"MAPCOLOR9":3,"MAPCOLOR13":3,"POP_EST":9770529,"POP_RANK":13,"POP_YEAR":2019,"GDP_MD":421142,"GDP_YEAR":2019,"ECONOMY":"6. Developing region","INCOME_GRP":"2. High income: nonOECD","FIPS_10":"AE","ISO_A2":"AE","ISO_A2_EH":"AE","ISO_A3":"ARE","ISO_A3_EH":"ARE","ISO_N3":"784","ISO_N3_EH":"784","UN_A3":"784","WB_A2":"AE","WB_A3":"ARE","WOE_ID":23424738,"WOE_ID_EH":23424738,"WOE_NOTE":"Exact WOE match as country","ADM0_ISO":"ARE","ADM0_DIFF":null,"ADM0_TLC":"ARE","ADM0_A3_US":"ARE","ADM0_A3_FR":"ARE","ADM0_A3_RU":"ARE","ADM0_A3_ES":"ARE","ADM0_A3_CN":"ARE","ADM0_A3_TW":"ARE","ADM0_A3_IN":"ARE","ADM0_A3_NP":"ARE","ADM0_A3_PK":"ARE","ADM0_A3_DE":"ARE","ADM0_A3_GB":"ARE","ADM0_A3_BR":"ARE","ADM0_A3_IL":"ARE","ADM0_A3_PS":"ARE","ADM0_A3_SA":"ARE","ADM0_A3_EG":"ARE","ADM0_A3_MA":"ARE","ADM0_A3_PT":"ARE","ADM0_A3_AR":"ARE","ADM0_A3_JP":"ARE","ADM0_A3_KO":"ARE","ADM0_A3_VN":"ARE","ADM0_A3_TR":"ARE","ADM0_A3_ID":"ARE","ADM0_A3_PL":"ARE","ADM0_A3_GR":"ARE","ADM0_A3_IT":"ARE","ADM0_A3_NL":"ARE","ADM0_A3_SE":"ARE","ADM0_A3_BD":"ARE","ADM0_A3_UA":"ARE","ADM0_A3_UN":-99,"ADM0_A3_WB":-99,"CONTINENT":"Asia","REGION_UN":"Asia","SUBREGION":"Western Asia","REGION_WB":"Middle East & North Africa","NAME_LEN":20,"LONG_LEN":20,"ABBREV_LEN":6,"TINY":-99,"HOMEPART":1,"MIN_ZOOM":0,"MIN_LABEL":4,"MAX_LABEL":9,"LABEL_X":54.547256,"LABEL_Y":23.466285,"NE_ID":1159320329,"WIKIDATAID":"Q878","NAME_AR":"الإمارات العربية المتحدة","NAME_BN":"সংযুক্ত আরব আমিরাত","NAME_DE":"Vereinigte Arabische Emirate","NAME_EN":"United Arab Emirates","NAME_ES":"Emiratos Árabes Unidos","NAME_FA":"امارات متحده عربی","NAME_FR":"Émirats arabes unis","NAME_EL":"Ηνωμένα Αραβικά Εμιράτα","NAME_HE":"איחוד האמירויות הערביות","NAME_HI":"संयुक्त अरब अमीरात","NAME_HU":"Egyesült Arab Emírségek","NAME_ID":"Uni Emirat Arab","NAME_IT":"Emirati Arabi Uniti","NAME_JA":"アラブ首長国連邦","NAME_KO":"아랍에미리트","NAME_NL":"Verenigde Arabische Emiraten","NAME_PL":"Zjednoczone Emiraty Arabskie","NAME_PT":"Emirados Árabes Unidos","NAME_RU":"Объединённые Арабские Эмираты","NAME_SV":"Förenade Arabemiraten","NAME_TR":"Birleşik Arap Emirlikleri","NAME_UK":"Об'єднані Арабські Емірати","NAME_UR":"متحدہ عرب امارات","NAME_VI":"Các Tiểu vương quốc Ả Rập Thống nhất","NAME_ZH":"阿拉伯联合酋长国","NAME_ZHT":"阿拉伯聯合大公國","FCLASS_ISO":"Admin-0 country","TLC_DIFF":null,"FCLASS_TLC":"Admin-0 country","FCLASS_US":null,"FCLASS_FR":null,"FCLASS_RU":null,"FCLASS_ES":null,"FCLASS_CN":null,"FCLASS_TW":null,"FCLASS_IN":null,"FCLASS_NP":null,"FCLASS_PK":null,"FCLASS_DE":null,"FCLASS_GB":null,"FCLASS_BR":null,"FCLASS_IL":null,"FCLASS_PS":null,"FCLASS_SA":null,"FCLASS_EG":null,"FCLASS_MA":null,"FCLASS_PT":null,"FCLASS_AR":null,"FCLASS_JP":null,"FCLASS_KO":null,"FCLASS_VN":null,"FCLASS_TR":null,"FCLASS_ID":null,"FCLASS_PL":null,"FCLASS_GR":null,"FCLASS_IT":null,"FCLASS_NL":null,"FCLASS_SE":null,"FCLASS_BD":null,"FCLASS_UA":null},"geometry":{"type":"MultiPolygon","coordinates":[[[[56.297852,25.650684],[56.363477,25.569385],[56.372852,25.018311],[56.387988,24.979199],[56.35293,24.973291],[56.313574,24.931299],[56.267871,24.866699],[56.204688,24.833301],[56.154492,24.795508],[56.106543,24.748682],[56.063867,24.73877],[56.008398,24.798242],[55.970313,24.858936],[55.979688,24.87207],[56.006348,24.876416],[56.016699,24.907715],[56.000586,24.953223],[55.963086,24.970264],[55.91582,24.971777],[55.870703,24.951416],[55.822852,24.911279],[55.795703,24.868115],[55.791602,24.781299],[55.804199,24.683594],[55.803906,24.63623],[55.777539,24.577344],[55.768164,24.490625],[55.786816,24.423535],[55.804004,24.383545],[55.805664,24.349805],[55.76084,24.242676],[55.799707,24.222656],[55.928613,24.215137],[55.966309,24.142627],[55.992188,24.092969],[55.985156,24.063379],[55.894141,24.041406],[55.779102,24.01709],[55.696582,24.024121],[55.547852,23.991357],[55.468457,23.941113],[55.491797,23.909668],[55.519336,23.885498],[55.531641,23.819043],[55.508496,23.724609],[55.466309,23.63291],[55.413867,23.51875],[55.353223,23.387451],[55.270215,23.189941],[55.199902,23.034766],[55.192188,22.922949],[55.194043,22.85],[55.18584,22.704102],[55.119434,22.623926],[55.104297,22.621484],[55.025,22.631152],[54.998242,22.634375],[54.922461,22.643652],[54.804883,22.658008],[54.652246,22.67666],[54.47168,22.69873],[54.270117,22.72334],[54.05459,22.749658],[53.832129,22.776807],[53.60957,22.804004],[53.394043,22.830322],[53.192383,22.854932],[53.011914,22.877002],[52.859277,22.895605],[52.741602,22.91001],[52.665918,22.919287],[52.63916,22.92251],[52.555078,22.932812],[52.50957,22.986963],[52.45459,23.052441],[52.399609,23.117969],[52.344531,23.183496],[52.289551,23.248975],[52.23457,23.314453],[52.179492,23.37998],[52.124512,23.445459],[52.069434,23.510986],[52.014453,23.576465],[51.959473,23.641992],[51.904395,23.70752],[51.849414,23.772998],[51.794336,23.838477],[51.739355,23.904004],[51.684375,23.969531],[51.629297,24.03501],[51.592578,24.078857],[51.572168,24.12832],[51.568359,24.25791],[51.568359,24.286182],[51.605469,24.338428],[51.623145,24.301074],[51.664551,24.250439],[51.734766,24.262793],[51.767578,24.254395],[51.791699,24.074756],[51.843164,24.010889],[51.906055,23.985352],[52.118555,23.971094],[52.250879,23.995215],[52.511426,24.1125],[52.648242,24.154639],[53.026367,24.147314],[53.32959,24.098438],[53.801758,24.069482],[53.893359,24.077051],[54.147949,24.171191],[54.304297,24.254297],[54.39707,24.278174],[54.458398,24.358252],[54.498828,24.462695],[54.534668,24.530957],[54.580469,24.563525],[54.624121,24.621289],[54.658984,24.715527],[54.746777,24.810449],[55.098145,25.041602],[55.303516,25.236816],[55.32168,25.299805],[55.433398,25.394482],[55.522852,25.498145],[55.941211,25.793994],[56.025195,25.916016],[56.074609,26.052783],[56.080469,26.062646],[56.116504,26.068164],[56.16748,26.047461],[56.172559,25.945166],[56.154102,25.848486],[56.151953,25.746094],[56.144629,25.690527],[56.183594,25.644922],[56.249512,25.625391],[56.278516,25.627734],[56.297852,25.650684]],[[56.281836,25.235547],[56.287793,25.278613],[56.277344,25.300879],[56.234277,25.303809],[56.216504,25.266699],[56.210547,25.213281],[56.240234,25.208838],[56.281836,25.235547]]],[[[53.332227,24.258594],[53.258301,24.25293],[53.190918,24.290918],[53.33252,24.341602],[53.370898,24.364453],[53.412402,24.411035],[53.445312,24.371191],[53.408984,24.30791],[53.382617,24.280859],[53.332227,24.258594]]],[[[52.616895,24.288574],[52.6,24.281299],[52.582227,24.335254],[52.583594,24.352344],[52.629395,24.376758],[52.657617,24.332617],[52.616895,24.288574]]],[[[53.927832,24.177197],[53.928125,24.143359],[53.826367,24.153125],[53.799121,24.135547],[53.71582,24.145313],[53.634473,24.169775],[53.689648,24.210791],[53.833789,24.258936],[53.89375,24.215137],[53.927832,24.177197]]],[[[54.46543,24.442773],[54.456641,24.42334],[54.428418,24.425098],[54.357715,24.442773],[54.334766,24.471045],[54.378906,24.50459],[54.39834,24.506348],[54.426563,24.471045],[54.46543,24.442773]]]]}},{"type":"Feature","bbox":[22.131836,45.234131,40.12832,52.353564],"properties":{"featurecla":"Admin-0 country","scalerank":1,"LABELRANK":3,"SOVEREIGNT":"Ukraine","SOV_A3":"UKR","ADM0_DIF":0,"LEVEL":2,"TYPE":"Sovereign country","TLC":"1","ADMIN":"Ukraine","ADM0_A3":"UKR","GEOU_DIF":0,"GEOUNIT":"Ukraine","GU_A3":"UKR","SU_DIF":0,"SUBUNIT":"Ukraine","SU_A3":"UKR","BRK_DIFF":0,"NAME":"Ukraine","NAME_LONG":"Ukraine","BRK_A3":"UKR","BRK_NAME":"Ukraine","BRK_GROUP":null,"ABBREV":"Ukr.","POSTAL":"UA","FORMAL_EN":"Ukraine","FORMAL_FR":null,"NAME_CIAWF":"Ukraine","NOTE_ADM0":null,"NOTE_BRK":null,"NAME_SORT":"Ukraine","NAME_ALT":null,"MAPCOLOR7":5,"MAPCOLOR8":1,"MAPCOLOR9":6,"MAPCOLOR13":3,"POP_EST":44385155,"POP_RANK":15,"POP_YEAR":2019,"GDP_MD":153781,"GDP_YEAR":2019,"ECONOMY":"6. Developing region","INCOME_GRP":"4. Lower middle income","FIPS_10":"UP","ISO_A2":"UA","ISO_A2_EH":"UA","ISO_A3":"UKR","ISO_A3_EH":"UKR","ISO_N3":"804","ISO_N3_EH":"804","UN_A3":"804","WB_A2":"UA","WB_A3":"UKR","WOE_ID":23424976,"WOE_ID_EH":23424976,"WOE_NOTE":"Exact WOE match as country","ADM0_ISO":"UKR","ADM0_DIFF":null,"ADM0_TLC":"UKR","ADM0_A3_US":"UKR","ADM0_A3_FR":"UKR","ADM0_A3_RU":"UKR","ADM0_A3_ES":"UKR","ADM0_A3_CN":"UKR","ADM0_A3_TW":"UKR","ADM0_A3_IN":"UKR","ADM0_A3_NP":"UKR","ADM0_A3_PK":"UKR","ADM0_A3_DE":"UKR","ADM0_A3_GB":"UKR","ADM0_A3_BR":"UKR","ADM0_A3_IL":"UKR","ADM0_A3_PS":"UKR","ADM0_A3_SA":"UKR","ADM0_A3_EG":"UKR","ADM0_A3_MA":"UKR","ADM0_A3_PT":"UKR","ADM0_A3_AR":"UKR","ADM0_A3_JP":"UKR","ADM0_A3_KO":"UKR","ADM0_A3_VN":"UKR","ADM0_A3_TR":"UKR","ADM0_A3_ID":"UKR","ADM0_A3_PL":"UKR","ADM0_A3_GR":"UKR","ADM0_A3_IT":"UKR","ADM0_A3_NL":"UKR","ADM0_A3_SE":"UKR","ADM0_A3_BD":"UKR","ADM0_A3_UA":"UKR","ADM0_A3_UN":-99,"ADM0_A3_WB":-99,"CONTINENT":"Europe","REGION_UN":"Europe","SUBREGION":"Eastern Europe","REGION_WB":"Europe & Central Asia","NAME_LEN":7,"LONG_LEN":7,"ABBREV_LEN":4,"TINY":-99,"HOMEPART":1,"MIN_ZOOM":0,"MIN_LABEL":2.7,"MAX_LABEL":7,"LABEL_X":32.140865,"LABEL_Y":49.724739,"NE_ID":1159321345,"WIKIDATAID":"Q212","NAME_AR":"أوكرانيا","NAME_BN":"ইউক্রেন","NAME_DE":"Ukraine","NAME_EN":"Ukraine","NAME_ES":"Ucrania","NAME_FA":"اوکراین","NAME_FR":"Ukraine","NAME_EL":"Ουκρανία","NAME_HE":"אוקראינה","NAME_HI":"युक्रेन","NAME_HU":"Ukrajna","NAME_ID":"Ukraina","NAME_IT":"Ucraina","NAME_JA":"ウクライナ","NAME_KO":"우크라이나","NAME_NL":"Oekraïne","NAME_PL":"Ukraina","NAME_PT":"Ucrânia","NAME_RU":"Украина","NAME_SV":"Ukraina","NAME_TR":"Ukrayna","NAME_UK":"Україна","NAME_UR":"یوکرین","NAME_VI":"Ukraina","NAME_ZH":"乌克兰","NAME_ZHT":"烏克蘭","FCLASS_ISO":"Admin-0 country","TLC_DIFF":null,"FCLASS_TLC":"Admin-0 country","FCLASS_US":null,"FCLASS_FR":null,"FCLASS_RU":null,"FCLASS_ES":null,"FCLASS_CN":null,"FCLASS_TW":null,"FCLASS_IN":null,"FCLASS_NP":null,"FCLASS_PK":null,"FCLASS_DE":null,"FCLASS_GB":null,"FCLASS_BR":null,"FCLASS_IL":null,"FCLASS_PS":null,"FCLASS_SA":null,"FCLASS_EG":null,"FCLASS_MA":null,"FCLASS_PT":null,"FCLASS_AR":null,"FCLASS_JP":null,"FCLASS_KO":null,"FCLASS_VN":null,"FCLASS_TR":null,"FCLASS_ID":null,"FCLASS_PL":null,"FCLASS_GR":null,"FCLASS_IT":null,"FCLASS_NL":null,"FCLASS_SE":null,"FCLASS_BD":null,"FCLASS_UA":null},"geometry":{"type":"MultiPolygon","coordinates":[[],[]]}},{"type":"Feature","bbox":[29.561914,-1.469922,34.978223,4.220215],"properties":{"featurecla":"Admin-0 country","scalerank":1,"LABELRANK":3,"SOVEREIGNT":"Uganda","SOV_A3":"UGA","ADM0_DIF":0,"LEVEL":2,"TYPE":"Sovereign country","TLC":"1","ADMIN":"Uganda","ADM0_A3":"UGA","GEOU_DIF":0,"GEOUNIT":"Uganda","GU_A3":"UGA","SU_DIF":0,"SUBUNIT":"Uganda","SU_A3":"UGA","BRK_DIFF":0,"NAME":"Uganda","NAME_LONG":"Uganda","BRK_A3":"UGA","BRK_NAME":"Uganda","BRK_GROUP":null,"ABBREV":"Uga.","POSTAL":"UG","FORMAL_EN":"Republic of Uganda","FORMAL_FR":null,"NAME_CIAWF":"Uganda","NOTE_ADM0":null,"NOTE_BRK":null,"NAME_SORT":"Uganda","NAME_ALT":null,"MAPCOLOR7":6,"MAPCOLOR8":3,"MAPCOLOR9":6,"MAPCOLOR13":4,"POP_EST":44269594,"POP_RANK":15,"POP_YEAR":2019,"GDP_MD":35165,"GDP_YEAR":2019,"ECONOMY":"7. Least developed region","INCOME_GRP":"5. Low income","FIPS_10":"UG","ISO_A2":"UG","ISO_A2_EH":"UG","ISO_A3":"UGA","ISO_A3_EH":"UGA","ISO_N3":"800","ISO_N3_EH":"800","UN_A3":"800","WB_A2":"UG","WB_A3":"UGA","WOE_ID":23424974,"WOE_ID_EH":23424974,"WOE_NOTE":"Exact WOE match as country","ADM0_ISO":"UGA","ADM0_DIFF":null,"ADM0_TLC":"UGA","ADM0_A3_US":"UGA","ADM0_A3_FR":"UGA","ADM0_A3_RU":"UGA","ADM0_A3_ES":"UGA","ADM0_A3_CN":"UGA","ADM0_A3_TW":"UGA","ADM0_A3_IN":"UGA","ADM0_A3_NP":"UGA","ADM0_A3_PK":"UGA","ADM0_A3_DE":"UGA","ADM0_A3_GB":"UGA","ADM0_A3_BR":"UGA","ADM0_A3_IL":"UGA","ADM0_A3_PS":"UGA","ADM0_A3_SA":"UGA","ADM0_A3_EG":"UGA","ADM0_A3_MA":"UGA","ADM0_A3_PT":"UGA","ADM0_A3_AR":"UGA","ADM0_A3_JP":"UGA","ADM0_A3_KO":"UGA","ADM0_A3_VN":"UGA","ADM0_A3_TR":"UGA","ADM0_A3_ID":"UGA","ADM0_A3_PL":"UGA","ADM0_A3_GR":"UGA","ADM0_A3_IT":"UGA","ADM0_A3_NL":"UGA","ADM0_A3_SE":"UGA","ADM0_A3_BD":"UGA","ADM0_A3_UA":"UGA","ADM0_A3_UN":-99,"ADM0_A3_WB":-99,"CONTINENT":"Africa","REGION_UN":"Africa","SUBREGION":"Eastern Africa","REGION_WB":"Sub-Saharan Africa","NAME_LEN":6,"LONG_LEN":6,"ABBREV_LEN":4,"TINY":-99,"HOMEPART":1,"MIN_ZOOM":0,"MIN_LABEL":3,"MAX_LABEL":8,"LABEL_X":32.948555,"LABEL_Y":1.972589,"NE_ID":1159321343,"WIKIDATAID":"Q1036","NAME_AR":"أوغندا","NAME_BN":"উগান্ডা","NAME_DE":"Uganda","NAME_EN":"Uganda","NAME_ES":"Uganda","NAME_FA":"اوگاندا","NAME_FR":"Ouganda","NAME_EL":"Ουγκάντα","NAME_HE":"אוגנדה","NAME_HI":"युगाण्डा","NAME_HU":"Uganda","NAME_ID":"Uganda","NAME_IT":"Uganda","NAME_JA":"ウガンダ","NAME_KO":"우간다","NAME_NL":"Oeganda","NAME_PL":"Uganda","NAME_PT":"Uganda","NAME_RU":"Уганда","NAME_SV":"Uganda","NAME_TR":"Uganda","NAME_UK":"Уганда","NAME_UR":"یوگنڈا","NAME_VI":"Uganda","NAME_ZH":"乌干达","NAME_ZHT":"烏干達","FCLASS_ISO":"Admin-0 country","TLC_DIFF":null,"FCLASS_TLC":"Admin-0 country","FCLASS_US":null,"FCLASS_FR":null,"FCLASS_RU":null,"FCLASS_ES":null,"FCLASS_CN":null,"FCLASS_TW":null,"FCLASS_IN":null,"FCLASS_NP":null,"FCLASS_PK":null,"FCLASS_DE":null,"FCLASS_GB":null,"FCLASS_BR":null,"FCLASS_IL":null,"FCLASS_PS":null,"FCLASS_SA":null,"FCLASS_EG":null,"FCLASS_MA":null,"FCLASS_PT":null,"FCLASS_AR":null,"FCLASS_JP":null,"FCLASS_KO":null,"FCLASS_VN":null,"FCLASS_TR":null,"FCLASS_ID":null,"FCLASS_PL":null,"FCLASS_GR":null,"FCLASS_IT":null,"FCLASS_NL":null,"FCLASS_SE":null,"FCLASS_BD":null,"FCLASS_UA":null},"geometry":{"type":"Polygon","coordinates":[[[33.903223,-1.002051],[33.794043,-1.002051],[33.616309,-1.002051],[33.438477,-1.002051],[33.260742,-1.002051],[33.083008,-1.002051],[32.905176,-1.002051],[32.727441,-1.002051],[32.549707,-1.002051],[32.371875,-1.002051],[32.194141,-1.002051],[32.016406,-1.002051],[31.838574,-1.002051],[31.66084,-1.002051],[31.483105,-1.002051],[31.305273,-1.002051],[31.127539,-1.002051],[30.949707,-1.002051],[30.844727,-1.002051],[30.823633,-0.999023],[30.80918,-0.994922],[30.741992,-1.00752],[30.672754,-1.051367],[30.59873,-1.069727],[30.519922,-1.0625],[30.509961,-1.067285],[30.469922,-1.066016],[30.412305,-1.063086],[30.360254,-1.074609],[30.320508,-1.113086],[30.279883,-1.178809],[30.207031,-1.254199],[30.15,-1.321094],[30.101562,-1.368652],[29.990527,-1.446973],[29.930078,-1.469922],[29.9,-1.466309],[29.881641,-1.451758],[29.846875,-1.35166],[29.825391,-1.335547],[29.609668,-1.387109],[29.576953,-1.387891],[29.57998,-1.356738],[29.564063,-1.121387],[29.561914,-0.977344],[29.590039,-0.887109],[29.606445,-0.783105],[29.608203,-0.691309],[29.647852,-0.535254],[29.633203,-0.441699],[29.684375,-0.113574],[29.697852,-0.060205],[29.717676,0.09834],[29.749707,0.147217],[29.777832,0.166357],[29.814648,0.263623],[29.885449,0.418945],[29.934473,0.499023],[29.923828,0.673926],[29.931641,0.792871],[29.942871,0.819238],[30.047363,0.863525],[30.18291,0.973486],[30.240137,1.102783],[30.321094,1.185303],[30.477832,1.238818],[30.478125,1.239062],[30.942578,1.682812],[31.158789,1.922021],[31.252734,2.04458],[31.256055,2.088477],[31.274023,2.146289],[31.236328,2.191357],[31.191406,2.232275],[31.176367,2.270068],[31.137598,2.288867],[31.082129,2.288086],[31.045313,2.315527],[31.003613,2.369385],[30.961914,2.403271],[30.830078,2.400439],[30.728613,2.455371],[30.729883,2.530273],[30.769531,2.677979],[30.84668,2.847021],[30.850781,2.893652],[30.839941,2.933496],[30.821387,2.967578],[30.786523,3.001367],[30.754004,3.041797],[30.779297,3.163379],[30.827832,3.282617],[30.867578,3.342139],[30.906445,3.408936],[30.895313,3.463672],[30.838574,3.490723],[30.868164,3.544141],[30.929395,3.634082],[31.048047,3.725],[31.152344,3.785596],[31.221973,3.785937],[31.357422,3.737598],[31.47998,3.680469],[31.547168,3.677588],[31.628906,3.701465],[31.798047,3.802637],[31.838672,3.770459],[31.888281,3.709082],[31.941797,3.607568],[32.048242,3.561182],[32.099414,3.529199],[32.135938,3.519727],[32.15625,3.528027],[32.19668,3.607812],[32.245508,3.651318],[32.335742,3.706201],[32.534766,3.749951],[32.676953,3.763184],[32.737109,3.772705],[32.838086,3.798486],[32.997266,3.880176],[33.154102,3.774707],[33.324316,3.754346],[33.489355,3.755078],[33.539551,3.787109],[33.568457,3.811719],[33.741602,3.985254],[33.976074,4.220215],[34.132031,3.88916],[34.185742,3.869775],[34.178223,3.840869],[34.165039,3.812988],[34.26709,3.733154],[34.392871,3.691504],[34.437695,3.650586],[34.441797,3.60625],[34.399414,3.412695],[34.407227,3.35752],[34.447852,3.163477],[34.522559,3.119971],[34.58916,2.924756],[34.723242,2.841943],[34.74248,2.818115],[34.773438,2.723437],[34.814453,2.619824],[34.84668,2.595752],[34.866211,2.589697],[34.905762,2.479687],[34.883008,2.41792],[34.913965,2.230176],[34.964063,2.062402],[34.977539,1.861914],[34.978223,1.773633],[34.976465,1.719629],[34.965234,1.643359],[34.941211,1.599268],[34.89834,1.556494],[34.850977,1.489014],[34.80957,1.416699],[34.783594,1.381152],[34.803809,1.272852],[34.798633,1.244531],[34.787598,1.230713],[34.726758,1.214258],[34.649121,1.185303],[34.601953,1.156445],[34.535254,1.101562],[34.481738,1.042139],[34.41084,0.867285],[34.292578,0.73125],[34.272559,0.686426],[34.160938,0.605176],[34.111719,0.505127],[34.080566,0.382471],[34.037207,0.294531],[33.943164,0.173779],[33.921484,-0.016992],[33.924414,-0.397852],[33.9,-0.831641],[33.903223,-1.002051]]]}},{"type":"Feature","bbox":[52.493848,35.170801,66.629297,42.778467],"properties":{"featurecla":"Admin-0 country","scalerank":4,"LABELRANK":4,"SOVEREIGNT":"Turkmenistan","SOV_A3":"TKM","ADM0_DIF":0,"LEVEL":2,"TYPE":"Sovereign country","TLC":"1","ADMIN":"Turkmenistan","ADM0_A3":"TKM","GEOU_DIF":0,"GEOUNIT":"Turkmenistan","GU_A3":"TKM","SU_DIF":0,"SUBUNIT":"Turkmenistan","SU_A3":"TKM","BRK_DIFF":0,"NAME":"Turkmenistan","NAME_LONG":"Turkmenistan","BRK_A3":"TKM","BRK_NAME":"Turkmenistan","BRK_GROUP":null,"ABBREV":"Turkm.","POSTAL":"TM","FORMAL_EN":"Turkmenistan","FORMAL_FR":null,"NAME_CIAWF":"Turkmenistan","NOTE_ADM0":null,"NOTE_BRK":null,"NAME_SORT":"Turkmenistan","NAME_ALT":null,"MAPCOLOR7":3,"MAPCOLOR8":2,"MAPCOLOR9":1,"MAPCOLOR13":9,"POP_EST":5942089,"POP_RANK":13,"POP_YEAR":2019,"GDP_MD":40761,"GDP_YEAR":2018,"ECONOMY":"6. Developing region","INCOME_GRP":"3. Upper middle income","FIPS_10":"TX","ISO_A2":"TM","ISO_A2_EH":"TM","ISO_A3":"TKM","ISO_A3_EH":"TKM","ISO_N3":"795","ISO_N3_EH":"795","UN_A3":"795","WB_A2":"TM","WB_A3":"TKM","WOE_ID":23424972,"WOE_ID_EH":23424972,"WOE_NOTE":"Exact WOE match as country","ADM0_ISO":"TKM","ADM0_DIFF":null,"ADM0_TLC":"TKM","ADM0_A3_US":"TKM","ADM0_A3_FR":"TKM","ADM0_A3_RU":"TKM","ADM0_A3_ES":"TKM","ADM0_A3_CN":"TKM","ADM0_A3_TW":"TKM","ADM0_A3_IN":"TKM","ADM0_A3_NP":"TKM","ADM0_A3_PK":"TKM","ADM0_A3_DE":"TKM","ADM0_A3_GB":"TKM","ADM0_A3_BR":"TKM","ADM0_A3_IL":"TKM","ADM0_A3_PS":"TKM","ADM0_A3_SA":"TKM","ADM0_A3_EG":"TKM","ADM0_A3_MA":"TKM","ADM0_A3_PT":"TKM","ADM0_A3_AR":"TKM","ADM0_A3_JP":"TKM","ADM0_A3_KO":"TKM","ADM0_A3_VN":"TKM","ADM0_A3_TR":"TKM","ADM0_A3_ID":"TKM","ADM0_A3_PL":"TKM","ADM0_A3_GR":"TKM","ADM0_A3_IT":"TKM","ADM0_A3_NL":"TKM","ADM0_A3_SE":"TKM","ADM0_A3_BD":"TKM","ADM0_A3_UA":"TKM","ADM0_A3_UN":-99,"ADM0_A3_WB":-99,"CONTINENT":"Asia","REGION_UN":"Asia","SUBREGION":"Central Asia","REGION_WB":"Europe & Central Asia","NAME_LEN":12,"LONG_LEN":12,"ABBREV_LEN":6,"TINY":-99,"HOMEPART":1,"MIN_ZOOM":0,"MIN_LABEL":3,"MAX_LABEL":8,"LABEL_X":58.676647,"LABEL_Y":39.855246,"NE_ID":1159321309,"WIKIDATAID":"Q874","NAME_AR":"تركمانستان","NAME_BN":"তুর্কমেনিস্তান","NAME_DE":"Turkmenistan","NAME_EN":"Turkmenistan","NAME_ES":"Turkmenistán","NAME_FA":"ترکمنستان","NAME_FR":"Turkménistan","NAME_EL":"Τουρκμενιστάν","NAME_HE":"טורקמניסטן","NAME_HI":"तुर्कमेनिस्तान","NAME_HU":"Türkmenisztán","NAME_ID":"Turkmenistan","NAME_IT":"Turkmenistan","NAME_JA":"トルクメニスタン","NAME_KO":"투르크메니스탄","NAME_NL":"Turkmenistan","NAME_PL":"Turkmenistan","NAME_PT":"Turquemenistão","NAME_RU":"Туркмения","NAME_SV":"Turkmenistan","NAME_TR":"Türkmenistan","NAME_UK":"Туркменістан","NAME_UR":"ترکمانستان","NAME_VI":"Turkmenistan","NAME_ZH":"土库曼斯坦","NAME_ZHT":"土庫曼","FCLASS_ISO":"Admin-0 country","TLC_DIFF":null,"FCLASS_TLC":"Admin-0 country","FCLASS_US":null,"FCLASS_FR":null,"FCLASS_RU":null,"FCLASS_ES":null,"FCLASS_CN":null,"FCLASS_TW":null,"FCLASS_IN":null,"FCLASS_NP":null,"FCLASS_PK":null,"FCLASS_DE":null,"FCLASS_GB":null,"FCLASS_BR":null,"FCLASS_IL":null,"FCLASS_PS":null,"FCLASS_SA":null,"FCLASS_EG":null,"FCLASS_MA":null,"FCLASS_PT":null,"FCLASS_AR":null,"FCLASS_JP":null,"FCLASS_KO":null,"FCLASS_VN":null,"FCLASS_TR":null,"FCLASS_ID":null,"FCLASS_PL":null,"FCLASS_GR":null,"FCLASS_IT":null,"FCLASS_NL":null,"FCLASS_SE":null,"FCLASS_BD":null,"FCLASS_UA":null},"geometry":{"type":"MultiPolygon","coordinates":[[],[[[54.2320847230158,37.340381],[54.191602,37.332471],[53.99360793468063,37.340381],[54.2320847230158,37.340381]]]]}},{"type":"Feature","bbox":[25.668945,35.831445,44.817188,42.093262],"properties":{"featurecla":"Admin-0 country","scalerank":3,"LABELRANK":2,"SOVEREIGNT":"Turkey","SOV_A3":"TUR","ADM0_DIF":0,"LEVEL":2,"TYPE":"Sovereign country","TLC":"1","ADMIN":"Turkey","ADM0_A3":"TUR","GEOU_DIF":0,"GEOUNIT":"Turkey","GU_A3":"TUR","SU_DIF":0,"SUBUNIT":"Turkey","SU_A3":"TUR","BRK_DIFF":0,"NAME":"Turkey","NAME_LONG":"Turkey","BRK_A3":"TUR","BRK_NAME":"Turkey","BRK_GROUP":null,"ABBREV":"Tur.","POSTAL":"TR","FORMAL_EN":"Republic of Turkey","FORMAL_FR":null,"NAME_CIAWF":"Turkey","NOTE_ADM0":null,"NOTE_BRK":null,"NAME_SORT":"Turkey","NAME_ALT":null,"MAPCOLOR7":6,"MAPCOLOR8":3,"MAPCOLOR9":8,"MAPCOLOR13":4,"POP_EST":83429615,"POP_RANK":16,"POP_YEAR":2019,"GDP_MD":761425,"GDP_YEAR":2019,"ECONOMY":"4. Emerging region: MIKT","INCOME_GRP":"3. Upper middle income","FIPS_10":"TU","ISO_A2":"TR","ISO_A2_EH":"TR","ISO_A3":"TUR","ISO_A3_EH":"TUR","ISO_N3":"792","ISO_N3_EH":"792","UN_A3":"792","WB_A2":"TR","WB_A3":"TUR","WOE_ID":23424969,"WOE_ID_EH":23424969,"WOE_NOTE":"Exact WOE match as country","ADM0_ISO":"TUR","ADM0_DIFF":null,"ADM0_TLC":"TUR","ADM0_A3_US":"TUR","ADM0_A3_FR":"TUR","ADM0_A3_RU":"TUR","ADM0_A3_ES":"TUR","ADM0_A3_CN":"TUR","ADM0_A3_TW":"TUR","ADM0_A3_IN":"TUR","ADM0_A3_NP":"TUR","ADM0_A3_PK":"TUR","ADM0_A3_DE":"TUR","ADM0_A3_GB":"TUR","ADM0_A3_BR":"TUR","ADM0_A3_IL":"TUR","ADM0_A3_PS":"TUR","ADM0_A3_SA":"TUR","ADM0_A3_EG":"TUR","ADM0_A3_MA":"TUR","ADM0_A3_PT":"TUR","ADM0_A3_AR":"TUR","ADM0_A3_JP":"TUR","ADM0_A3_KO":"TUR","ADM0_A3_VN":"TUR","ADM0_A3_TR":"TUR","ADM0_A3_ID":"TUR","ADM0_A3_PL":"TUR","ADM0_A3_GR":"TUR","ADM0_A3_IT":"TUR","ADM0_A3_NL":"TUR","ADM0_A3_SE":"TUR","ADM0_A3_BD":"TUR","ADM0_A3_UA":"TUR","ADM0_A3_UN":-99,"ADM0_A3_WB":-99,"CONTINENT":"Asia","REGION_UN":"Asia","SUBREGION":"Western Asia","REGION_WB":"Europe & Central Asia","NAME_LEN":6,"LONG_LEN":6,"ABBREV_LEN":4,"TINY":-99,"HOMEPART":1,"MIN_ZOOM":0,"MIN_LABEL":2,"MAX_LABEL":7,"LABEL_X":34.508268,"LABEL_Y":39.345388,"NE_ID":1159321331,"WIKIDATAID":"Q43","NAME_AR":"تركيا","NAME_BN":"তুরস্ক","NAME_DE":"Türkei","NAME_EN":"Turkey","NAME_ES":"Turquía","NAME_FA":"ترکیه","NAME_FR":"Turquie","NAME_EL":"Τουρκία","NAME_HE":"טורקיה","NAME_HI":"तुर्की","NAME_HU":"Törökország","NAME_ID":"Turki","NAME_IT":"Turchia","NAME_JA":"トルコ","NAME_KO":"터키","NAME_NL":"Turkije","NAME_PL":"Turcja","NAME_PT":"Turquia","NAME_RU":"Турция","NAME_SV":"Turkiet","NAME_TR":"Türkiye","NAME_UK":"Туреччина","NAME_UR":"ترکی","NAME_VI":"Thổ Nhĩ Kỳ","NAME_ZH":"土耳其","NAME_ZHT":"土耳其","FCLASS_ISO":"Admin-0 country","TLC_DIFF":null,"FCLASS_TLC":"Admin-0 country","FCLASS_US":null,"FCLASS_FR":null,"FCLASS_RU":null,"FCLASS_ES":null,"FCLASS_CN":null,"FCLASS_TW":null,"FCLASS_IN":null,"FCLASS_NP":null,"FCLASS_PK":null,"FCLASS_DE":null,"FCLASS_GB":null,"FCLASS_BR":null,"FCLASS_IL":null,"FCLASS_PS":null,"FCLASS_SA":null,"FCLASS_EG":null,"FCLASS_MA":null,"FCLASS_PT":null,"FCLASS_AR":null,"FCLASS_JP":null,"FCLASS_KO":null,"FCLASS_VN":null,"FCLASS_TR":null,"FCLASS_ID":null,"FCLASS_PL":null,"FCLASS_GR":null,"FCLASS_IT":null,"FCLASS_NL":null,"FCLASS_SE":null,"FCLASS_BD":null,"FCLASS_UA":null},"geometry":{"type":"MultiPolygon","coordinates":[[],[[[44.734960200575294,37.340381],[44.794141,37.290381],[44.796777,37.269775],[44.758301,37.21709],[44.766699,37.156348],[44.765137,37.142432],[44.730957,37.165283],[44.669336,37.173584],[44.605957,37.176025],[44.566016,37.158252],[44.495996,37.110547],[44.401953,37.058496],[44.325586,37.010742],[44.281836,36.978027],[44.245703,36.983301],[44.21748,37.011865],[44.20166,37.051807],[44.208398,37.202637],[44.191797,37.249854],[44.15625,37.282959],[44.114453,37.301855],[44.064648,37.312451],[44.013184,37.313525],[43.940039,37.269287],[43.836426,37.223535],[43.675781,37.227246],[43.567969,37.23584],[43.51582,37.244531],[43.306738,37.314648],[43.263086,37.316504],[43.19749558052804,37.340381],[42.993751383911615,37.340381],[42.936621,37.324756],[42.869141,37.334912],[42.85515416159403,37.340381],[42.72091465374714,37.340381],[42.635449,37.249268],[42.455859,37.128711],[42.358984,37.108594],[42.312891,37.22959],[42.268555,37.276562],[42.247559,37.282227],[42.202734,37.297266],[42.167871,37.288623],[42.059863,37.206055],[41.886816,37.156396],[41.743555,37.126123],[41.515527,37.08916],[41.339551,37.070801],[41.264648,37.069336],[41.102148,37.085889],[40.958887,37.10918],[40.815625,37.108154],[40.705664,37.097705],[40.450391,37.008887],[40.016406,36.826074],[39.686523,36.738623],[39.501465,36.702246],[39.356641,36.681592],[39.108398,36.680566],[38.906445,36.694678],[38.766602,36.693115],[38.688867,36.715088],[38.578027,36.789111],[38.44375,36.862256],[38.383984,36.879248],[38.305859,36.893359],[38.191699,36.901562],[37.906641,36.794629],[37.817969,36.765576],[37.720313,36.743701],[37.523535,36.67832],[37.436328,36.643311],[37.327051,36.646582],[37.187402,36.655908],[37.066211,36.652637],[36.985352,36.702393],[36.941797,36.758398],[36.776563,36.792676],[36.658594,36.802539],[36.628418,36.777686],[36.596875,36.701367],[36.54668,36.506348],[36.5375,36.457422],[36.641406,36.263525],[36.636719,36.233984],[36.562402,36.223926],[36.477051,36.220703],[36.421484,36.203467],[36.375391,36.17124],[36.347559,36.003516],[36.248828,35.972705],[36.201953,35.937549],[36.153613,35.833887],[36.127344,35.831445],[35.967578,35.910059],[35.892676,35.916553],[35.956934,35.998145],[35.887109,36.159082],[35.810938,36.309863],[35.882812,36.406348],[36.031738,36.522705],[36.188477,36.658984],[36.188184,36.743066],[36.180078,36.807227],[36.135156,36.851611],[36.048926,36.910596],[35.90459,36.847607],[35.801563,36.778076],[35.734277,36.763965],[35.661133,36.724316],[35.625586,36.652783],[35.537402,36.597021],[35.393164,36.575195],[35.176172,36.634863],[34.943164,36.725684],[34.81123,36.799268],[34.703613,36.816797],[34.601367,36.784473],[34.299609,36.604199],[34.023438,36.340771],[33.954883,36.295215],[33.694727,36.181982],[33.522754,36.143994],[33.441797,36.152832],[33.099512,36.102979],[32.929492,36.095703],[32.794824,36.035889],[32.533789,36.100732],[32.377734,36.183643],[32.283789,36.267871],[32.130566,36.449121],[32.021973,36.535303],[31.77793,36.612793],[31.352539,36.801074],[31.240625,36.821729],[30.950293,36.848682],[30.644043,36.865674],[30.582031,36.797168],[30.558496,36.52583],[30.506055,36.451123],[30.483594,36.3104],[30.446094,36.269873],[30.387305,36.243262],[30.29541,36.287695],[30.231641,36.307324],[30.083203,36.249365],[29.789258,36.168066],[29.689063,36.156689],[29.34834,36.258838],[29.223633,36.324463],[29.143262,36.397217],[29.116113,36.520117],[29.065527,36.590088],[29.058105,36.638135],[29.038281,36.693457],[28.969629,36.715332],[28.895898,36.673584],[28.816895,36.675293],[28.717676,36.700879],[28.483594,36.803809],[28.303711,36.811963],[28.195605,36.686328],[28.111523,36.646387],[28.019434,36.634473],[28.01416,36.670215],[28.083984,36.751465],[27.803809,36.736475],[27.655859,36.674609],[27.54043,36.684229],[27.453906,36.712158],[27.466895,36.746338],[27.554688,36.758887],[27.630859,36.78667],[27.934473,36.809277],[28.005371,36.831982],[28.083008,36.920264],[28.224414,36.996387],[28.242383,37.029053],[28.133691,37.029492],[27.668359,37.007422],[27.348926,37.01958],[27.311035,36.981885],[27.262988,36.976562],[27.249707,37.07915],[27.300195,37.126855],[27.368164,37.122412],[27.535059,37.163867],[27.520117,37.249121],[27.400586,37.306738],[27.376514698308075,37.340381],[44.734960200575294,37.340381]]],[]]}},{"type":"Feature","bbox":[7.495605,30.229395,11.535938,37.340381],"properties":{"featurecla":"Admin-0 country","scalerank":1,"LABELRANK":3,"SOVEREIGNT":"Tunisia","SOV_A3":"TUN","ADM0_DIF":0,"LEVEL":2,"TYPE":"Sovereign country","TLC":"1","ADMIN":"Tunisia","ADM0_A3":"TUN","GEOU_DIF":0,"GEOUNIT":"Tunisia","GU_A3":"TUN","SU_DIF":0,"SUBUNIT":"Tunisia","SU_A3":"TUN","BRK_DIFF":0,"NAME":"Tunisia","NAME_LONG":"Tunisia","BRK_A3":"TUN","BRK_NAME":"Tunisia","BRK_GROUP":null,"ABBREV":"Tun.","POSTAL":"TN","FORMAL_EN":"Republic of Tunisia","FORMAL_FR":null,"NAME_CIAWF":"Tunisia","NOTE_ADM0":null,"NOTE_BRK":null,"NAME_SORT":"Tunisia","NAME_ALT":null,"MAPCOLOR7":4,"MAPCOLOR8":3,"MAPCOLOR9":3,"MAPCOLOR13":2,"POP_EST":11694719,"POP_RANK":14,"POP_YEAR":2019,"GDP_MD":38796,"GDP_YEAR":2019,"ECONOMY":"6. Developing region","INCOME_GRP":"3. Upper middle income","FIPS_10":"TS","ISO_A2":"TN","ISO_A2_EH":"TN","ISO_A3":"TUN","ISO_A3_EH":"TUN","ISO_N3":"788","ISO_N3_EH":"788","UN_A3":"788","WB_A2":"TN","WB_A3":"TUN","WOE_ID":23424967,"WOE_ID_EH":23424967,"WOE_NOTE":"Exact WOE match as country","ADM0_ISO":"TUN","ADM0_DIFF":null,"ADM0_TLC":"TUN","ADM0_A3_US":"TUN","ADM0_A3_FR":"TUN","ADM0_A3_RU":"TUN","ADM0_A3_ES":"TUN","ADM0_A3_CN":"TUN","ADM0_A3_TW":"TUN","ADM0_A3_IN":"TUN","ADM0_A3_NP":"TUN","ADM0_A3_PK":"TUN","ADM0_A3_DE":"TUN","ADM0_A3_GB":"TUN","ADM0_A3_BR":"TUN","ADM0_A3_IL":"TUN","ADM0_A3_PS":"TUN","ADM0_A3_SA":"TUN","ADM0_A3_EG":"TUN","ADM0_A3_MA":"TUN","ADM0_A3_PT":"TUN","ADM0_A3_AR":"TUN","ADM0_A3_JP":"TUN","ADM0_A3_KO":"TUN","ADM0_A3_VN":"TUN","ADM0_A3_TR":"TUN","ADM0_A3_ID":"TUN","ADM0_A3_PL":"TUN","ADM0_A3_GR":"TUN","ADM0_A3_IT":"TUN","ADM0_A3_NL":"TUN","ADM0_A3_SE":"TUN","ADM0_A3_BD":"TUN","ADM0_A3_UA":"TUN","ADM0_A3_UN":-99,"ADM0_A3_WB":-99,"CONTINENT":"Africa","REGION_UN":"Africa","SUBREGION":"Northern Africa","REGION_WB":"Middle East & North Africa","NAME_LEN":7,"LONG_LEN":7,"ABBREV_LEN":4,"TINY":-99,"HOMEPART":1,"MIN_ZOOM":0,"MIN_LABEL":3,"MAX_LABEL":8,"LABEL_X":9.007881,"LABEL_Y":33.687263,"NE_ID":1159321327,"WIKIDATAID":"Q948","NAME_AR":"تونس","NAME_BN":"তিউনিসিয়া","NAME_DE":"Tunesien","NAME_EN":"Tunisia","NAME_ES":"Túnez","NAME_FA":"تونس","NAME_FR":"Tunisie","NAME_EL":"Τυνησία","NAME_HE":"תוניסיה","NAME_HI":"ट्यूनिशिया","NAME_HU":"Tunézia","NAME_ID":"Tunisia","NAME_IT":"Tunisia","NAME_JA":"チュニジア","NAME_KO":"튀니지","NAME_NL":"Tunesië","NAME_PL":"Tunezja","NAME_PT":"Tunísia","NAME_RU":"Тунис","NAME_SV":"Tunisien","NAME_TR":"Tunus","NAME_UK":"Туніс","NAME_UR":"تونس","NAME_VI":"Tuy-ni-di","NAME_ZH":"突尼斯","NAME_ZHT":"突尼西亞","FCLASS_ISO":"Admin-0 country","TLC_DIFF":null,"FCLASS_TLC":"Admin-0 country","FCLASS_US":null,"FCLASS_FR":null,"FCLASS_RU":null,"FCLASS_ES":null,"FCLASS_CN":null,"FCLASS_TW":null,"FCLASS_IN":null,"FCLASS_NP":null,"FCLASS_PK":null,"FCLASS_DE":null,"FCLASS_GB":null,"FCLASS_BR":null,"FCLASS_IL":null,"FCLASS_PS":null,"FCLASS_SA":null,"FCLASS_EG":null,"FCLASS_MA":null,"FCLASS_PT":null,"FCLASS_AR":null,"FCLASS_JP":null,"FCLASS_KO":null,"FCLASS_VN":null,"FCLASS_TR":null,"FCLASS_ID":null,"FCLASS_PL":null,"FCLASS_GR":null,"FCLASS_IT":null,"FCLASS_NL":null,"FCLASS_SE":null,"FCLASS_BD":null,"FCLASS_UA":null},"geometry":{"type":"MultiPolygon","coordinates":[[[[11.50459,33.181934],[11.502441,33.155566],[11.467188,32.965723],[11.45918,32.897363],[11.453906,32.781689],[11.453906,32.642578],[11.533789,32.524951],[11.535938,32.47334],[11.50498,32.413672],[11.358008,32.345215],[11.168262,32.256738],[11.005176,32.172705],[10.826367,32.080664],[10.771582,32.021191],[10.683008,31.975391],[10.608887,31.929541],[10.595508,31.885742],[10.543652,31.802539],[10.475781,31.736035],[10.306055,31.704834],[10.274609,31.684961],[10.195996,31.585107],[10.159863,31.545801],[10.114941,31.46377],[10.172656,31.250977],[10.243359,31.032129],[10.257031,30.94082],[10.256055,30.864941],[10.216406,30.783203],[10.125977,30.665967],[10.059766,30.580078],[9.93252,30.425342],[9.89502,30.387305],[9.807422,30.342236],[9.637988,30.282324],[9.51875,30.229395],[9.458008,30.465381],[9.406055,30.666797],[9.363281,30.83291],[9.287891,31.125342],[9.224023,31.373682],[9.160254,31.621338],[9.102344,31.846143],[9.044043,32.072363],[9.018945,32.105371],[8.844043,32.212109],[8.68291,32.310449],[8.515137,32.422314],[8.333398,32.543604],[8.304199,32.696289],[8.210938,32.926709],[8.1125,33.055322],[8.075586,33.089062],[7.877246,33.172119],[7.762695,33.233105],[7.731348,33.268506],[7.70918,33.362305],[7.627539,33.548633],[7.534375,33.71792],[7.500195,33.832471],[7.495605,33.976514],[7.513867,34.080518],[7.554492,34.125],[7.748535,34.254492],[7.838281,34.410303],[7.949414,34.468701],[8.045605,34.512695],[8.123438,34.563916],[8.192773,34.646289],[8.245605,34.734082],[8.254688,34.828955],[8.276855,34.979492],[8.312109,35.084619],[8.394238,35.203857],[8.359863,35.299609],[8.316406,35.403125],[8.329004,35.582227],[8.318066,35.654932],[8.28291,35.719287],[8.24707,35.801807],[8.245703,35.870557],[8.280273,36.050977],[8.306738,36.18877],[8.34873,36.367969],[8.333984,36.418164],[8.302734,36.455615],[8.208789,36.495117],[8.207617,36.518945],[8.230762,36.545264],[8.369629,36.63252],[8.444238,36.760742],[8.506738,36.7875],[8.60127,36.833936],[8.597656,36.883887],[8.576563,36.937207],[8.823535,36.997607],[9.058887,37.155859],[9.141992,37.194629],[9.687988,37.340381],[9.758887,37.330273],[9.838477,37.308984],[9.815527,37.254639],[9.783984,37.211426],[9.830273,37.135352],[9.896387,37.181641],[9.879395,37.212842],[9.875586,37.25415],[9.988086,37.257764],[10.087402,37.25127],[10.196387,37.205859],[10.18877,37.033887],[10.334082,36.865381],[10.293262,36.781494],[10.412305,36.731836],[10.518164,36.791357],[10.571289,36.879443],[10.766211,36.930273],[10.951367,37.059277],[11.053906,37.07251],[11.077051,36.966699],[11.12666,36.874072],[11.056543,36.841455],[10.967188,36.743018],[10.798145,36.493115],[10.642383,36.419629],[10.525684,36.32334],[10.487988,36.254883],[10.476562,36.175146],[10.505762,36.032422],[10.59082,35.887256],[10.688965,35.799512],[10.783691,35.77207],[11.004297,35.633838],[11.000684,35.551611],[11.031543,35.453857],[11.043262,35.335107],[11.120117,35.240283],[10.955859,35.033643],[10.866211,34.884326],[10.690918,34.678467],[10.534863,34.544727],[10.200391,34.346045],[10.118359,34.280078],[10.064844,34.211621],[10.040039,34.140332],[10.049023,34.056299],[10.158984,33.850049],[10.305273,33.728271],[10.454297,33.6625],[10.713184,33.689014],[10.704297,33.609668],[10.722754,33.514404],[10.828125,33.518896],[10.898438,33.533691],[10.958008,33.626318],[11.08457,33.562891],[11.150293,33.369238],[11.257422,33.308838],[11.269922,33.286328],[11.232129,33.271582],[11.202637,33.249219],[11.234277,33.233594],[11.338086,33.209473],[11.400586,33.224902],[11.50459,33.181934]]],[[[11.278027,34.753809],[11.123633,34.681689],[11.153027,34.74458],[11.254883,34.820312],[11.281055,34.802197],[11.278027,34.753809]]],[[[10.957617,33.72207],[10.931348,33.717432],[10.883008,33.690186],[10.857422,33.687158],[10.784766,33.717676],[10.757031,33.71748],[10.72207,33.738916],[10.733887,33.855615],[10.745215,33.888672],[10.921973,33.893115],[11.017871,33.82334],[11.033594,33.805029],[11.037598,33.785059],[10.993066,33.745947],[10.957617,33.72207]]]]}},{"type":"Feature","bbox":[-61.906104,10.064648,-60.525488,11.325391],"properties":{"featurecla":"Admin-0 country","scalerank":3,"LABELRANK":5,"SOVEREIGNT":"Trinidad and Tobago","SOV_A3":"TTO","ADM0_DIF":0,"LEVEL":2,"TYPE":"Sovereign country","TLC":"1","ADMIN":"Trinidad and Tobago","ADM0_A3":"TTO","GEOU_DIF":0,"GEOUNIT":"Trinidad and Tobago","GU_A3":"TTO","SU_DIF":0,"SUBUNIT":"Trinidad and Tobago","SU_A3":"TTO","BRK_DIFF":0,"NAME":"Trinidad and Tobago","NAME_LONG":"Trinidad and Tobago","BRK_A3":"TTO","BRK_NAME":"Trinidad and Tobago","BRK_GROUP":null,"ABBREV":"Tr.T.","POSTAL":"TT","FORMAL_EN":"Republic of Trinidad and Tobago","FORMAL_FR":null,"NAME_CIAWF":"Trinidad and Tobago","NOTE_ADM0":null,"NOTE_BRK":null,"NAME_SORT":"Trinidad and Tobago","NAME_ALT":null,"MAPCOLOR7":5,"MAPCOLOR8":6,"MAPCOLOR9":2,"MAPCOLOR13":5,"POP_EST":1394973,"POP_RANK":12,"POP_YEAR":2019,"GDP_MD":24269,"GDP_YEAR":2019,"ECONOMY":"6. Developing region","INCOME_GRP":"2. High income: nonOECD","FIPS_10":"TD","ISO_A2":"TT","ISO_A2_EH":"TT","ISO_A3":"TTO","ISO_A3_EH":"TTO","ISO_N3":"780","ISO_N3_EH":"780","UN_A3":"780","WB_A2":"TT","WB_A3":"TTO","WOE_ID":23424958,"WOE_ID_EH":23424958,"WOE_NOTE":"Exact WOE match as country","ADM0_ISO":"TTO","ADM0_DIFF":null,"ADM0_TLC":"TTO","ADM0_A3_US":"TTO","ADM0_A3_FR":"TTO","ADM0_A3_RU":"TTO","ADM0_A3_ES":"TTO","ADM0_A3_CN":"TTO","ADM0_A3_TW":"TTO","ADM0_A3_IN":"TTO","ADM0_A3_NP":"TTO","ADM0_A3_PK":"TTO","ADM0_A3_DE":"TTO","ADM0_A3_GB":"TTO","ADM0_A3_BR":"TTO","ADM0_A3_IL":"TTO","ADM0_A3_PS":"TTO","ADM0_A3_SA":"TTO","ADM0_A3_EG":"TTO","ADM0_A3_MA":"TTO","ADM0_A3_PT":"TTO","ADM0_A3_AR":"TTO","ADM0_A3_JP":"TTO","ADM0_A3_KO":"TTO","ADM0_A3_VN":"TTO","ADM0_A3_TR":"TTO","ADM0_A3_ID":"TTO","ADM0_A3_PL":"TTO","ADM0_A3_GR":"TTO","ADM0_A3_IT":"TTO","ADM0_A3_NL":"TTO","ADM0_A3_SE":"TTO","ADM0_A3_BD":"TTO","ADM0_A3_UA":"TTO","ADM0_A3_UN":-99,"ADM0_A3_WB":-99,"CONTINENT":"North America","REGION_UN":"Americas","SUBREGION":"Caribbean","REGION_WB":"Latin America & Caribbean","NAME_LEN":19,"LONG_LEN":19,"ABBREV_LEN":5,"TINY":2,"HOMEPART":1,"MIN_ZOOM":0,"MIN_LABEL":4.5,"MAX_LABEL":9.5,"LABEL_X":-60.9184,"LABEL_Y":10.9989,"NE_ID":1159321321,"WIKIDATAID":"Q754","NAME_AR":"ترينيداد وتوباغو","NAME_BN":"ত্রিনিদাদ ও টোবাগো","NAME_DE":"Trinidad und Tobago","NAME_EN":"Trinidad and Tobago","NAME_ES":"Trinidad y Tobago","NAME_FA":"ترینیداد و توباگو","NAME_FR":"Trinité-et-Tobago","NAME_EL":"Τρινιντάντ και Τομπάγκο","NAME_HE":"טרינידד וטובגו","NAME_HI":"त्रिनिदाद और टोबैगो","NAME_HU":"Trinidad és Tobago","NAME_ID":"Trinidad dan Tobago","NAME_IT":"Trinidad e Tobago","NAME_JA":"トリニダード・トバゴ","NAME_KO":"트리니다드 토바고","NAME_NL":"Trinidad en Tobago","NAME_PL":"Trynidad i Tobago","NAME_PT":"Trinidad e Tobago","NAME_RU":"Тринидад и Тобаго","NAME_SV":"Trinidad och Tobago","NAME_TR":"Trinidad ve Tobago","NAME_UK":"Тринідад і Тобаго","NAME_UR":"ٹرینیڈاڈ و ٹوباگو","NAME_VI":"Trinidad và Tobago","NAME_ZH":"特立尼达和多巴哥","NAME_ZHT":"千里達及托巴哥","FCLASS_ISO":"Admin-0 country","TLC_DIFF":null,"FCLASS_TLC":"Admin-0 country","FCLASS_US":null,"FCLASS_FR":null,"FCLASS_RU":null,"FCLASS_ES":null,"FCLASS_CN":null,"FCLASS_TW":null,"FCLASS_IN":null,"FCLASS_NP":null,"FCLASS_PK":null,"FCLASS_DE":null,"FCLASS_GB":null,"FCLASS_BR":null,"FCLASS_IL":null,"FCLASS_PS":null,"FCLASS_SA":null,"FCLASS_EG":null,"FCLASS_MA":null,"FCLASS_PT":null,"FCLASS_AR":null,"FCLASS_JP":null,"FCLASS_KO":null,"FCLASS_VN":null,"FCLASS_TR":null,"FCLASS_ID":null,"FCLASS_PL":null,"FCLASS_GR":null,"FCLASS_IT":null,"FCLASS_NL":null,"FCLASS_SE":null,"FCLASS_BD":null,"FCLASS_UA":null},"geometry":{"type":"MultiPolygon","coordinates":[[],[]]}},{"type":"Feature","bbox":[-175.362354,-21.450586,-173.921875,-18.565332],"properties":{"featurecla":"Admin-0 country","scalerank":3,"LABELRANK":4,"SOVEREIGNT":"Tonga","SOV_A3":"TON","ADM0_DIF":0,"LEVEL":2,"TYPE":"Sovereign country","TLC":"1","ADMIN":"Tonga","ADM0_A3":"TON","GEOU_DIF":0,"GEOUNIT":"Tonga","GU_A3":"TON","SU_DIF":0,"SUBUNIT":"Tonga","SU_A3":"TON","BRK_DIFF":0,"NAME":"Tonga","NAME_LONG":"Tonga","BRK_A3":"TON","BRK_NAME":"Tonga","BRK_GROUP":null,"ABBREV":"Tongo","POSTAL":"TO","FORMAL_EN":"Kingdom of Tonga","FORMAL_FR":null,"NAME_CIAWF":"Tonga","NOTE_ADM0":null,"NOTE_BRK":null,"NAME_SORT":"Tonga","NAME_ALT":null,"MAPCOLOR7":2,"MAPCOLOR8":1,"MAPCOLOR9":1,"MAPCOLOR13":8,"POP_EST":104494,"POP_RANK":9,"POP_YEAR":2019,"GDP_MD":512,"GDP_YEAR":2019,"ECONOMY":"6. Developing region","INCOME_GRP":"4. Lower middle income","FIPS_10":"TN","ISO_A2":"TO","ISO_A2_EH":"TO","ISO_A3":"TON","ISO_A3_EH":"TON","ISO_N3":"776","ISO_N3_EH":"776","UN_A3":"776","WB_A2":"TO","WB_A3":"TON","WOE_ID":23424964,"WOE_ID_EH":23424964,"WOE_NOTE":"Exact WOE match as country","ADM0_ISO":"TON","ADM0_DIFF":null,"ADM0_TLC":"TON","ADM0_A3_US":"TON","ADM0_A3_FR":"TON","ADM0_A3_RU":"TON","ADM0_A3_ES":"TON","ADM0_A3_CN":"TON","ADM0_A3_TW":"TON","ADM0_A3_IN":"TON","ADM0_A3_NP":"TON","ADM0_A3_PK":"TON","ADM0_A3_DE":"TON","ADM0_A3_GB":"TON","ADM0_A3_BR":"TON","ADM0_A3_IL":"TON","ADM0_A3_PS":"TON","ADM0_A3_SA":"TON","ADM0_A3_EG":"TON","ADM0_A3_MA":"TON","ADM0_A3_PT":"TON","ADM0_A3_AR":"TON","ADM0_A3_JP":"TON","ADM0_A3_KO":"TON","ADM0_A3_VN":"TON","ADM0_A3_TR":"TON","ADM0_A3_ID":"TON","ADM0_A3_PL":"TON","ADM0_A3_GR":"TON","ADM0_A3_IT":"TON","ADM0_A3_NL":"TON","ADM0_A3_SE":"TON","ADM0_A3_BD":"TON","ADM0_A3_UA":"TON","ADM0_A3_UN":-99,"ADM0_A3_WB":-99,"CONTINENT":"Oceania","REGION_UN":"Oceania","SUBREGION":"Polynesia","REGION_WB":"East Asia & Pacific","NAME_LEN":5,"LONG_LEN":5,"ABBREV_LEN":5,"TINY":3,"HOMEPART":1,"MIN_ZOOM":0,"MIN_LABEL":4,"MAX_LABEL":9,"LABEL_X":-175.163014,"LABEL_Y":-21.210026,"NE_ID":1159321319,"WIKIDATAID":"Q678","NAME_AR":"تونغا","NAME_BN":"টোঙ্গা","NAME_DE":"Tonga","NAME_EN":"Tonga","NAME_ES":"Tonga","NAME_FA":"تونگا","NAME_FR":"Tonga","NAME_EL":"Τόνγκα","NAME_HE":"טונגה","NAME_HI":"टोंगा","NAME_HU":"Tonga","NAME_ID":"Tonga","NAME_IT":"Tonga","NAME_JA":"トンガ","NAME_KO":"통가","NAME_NL":"Tonga","NAME_PL":"Tonga","NAME_PT":"Tonga","NAME_RU":"Тонга","NAME_SV":"Tonga","NAME_TR":"Tonga","NAME_UK":"Тонга","NAME_UR":"ٹونگا","NAME_VI":"Tonga","NAME_ZH":"汤加","NAME_ZHT":"東加","FCLASS_ISO":"Admin-0 country","TLC_DIFF":null,"FCLASS_TLC":"Admin-0 country","FCLASS_US":null,"FCLASS_FR":null,"FCLASS_RU":null,"FCLASS_ES":null,"FCLASS_CN":null,"FCLASS_TW":null,"FCLASS_IN":null,"FCLASS_NP":null,"FCLASS_PK":null,"FCLASS_DE":null,"FCLASS_GB":null,"FCLASS_BR":null,"FCLASS_IL":null,"FCLASS_PS":null,"FCLASS_SA":null,"FCLASS_EG":null,"FCLASS_MA":null,"FCLASS_PT":null,"FCLASS_AR":null,"FCLASS_JP":null,"FCLASS_KO":null,"FCLASS_VN":null,"FCLASS_TR":null,"FCLASS_ID":null,"FCLASS_PL":null,"FCLASS_GR":null,"FCLASS_IT":null,"FCLASS_NL":null,"FCLASS_SE":null,"FCLASS_BD":null,"FCLASS_UA":null},"geometry":{"type":"MultiPolygon","coordinates":[[],[],[]]}},{"type":"Feature","bbox":[-0.090186,6.089404,1.77793,11.115625],"properties":{"featurecla":"Admin-0 country","scalerank":1,"LABELRANK":6,"SOVEREIGNT":"Togo","SOV_A3":"TGO","ADM0_DIF":0,"LEVEL":2,"TYPE":"Sovereign country","TLC":"1","ADMIN":"Togo","ADM0_A3":"TGO","GEOU_DIF":0,"GEOUNIT":"Togo","GU_A3":"TGO","SU_DIF":0,"SUBUNIT":"Togo","SU_A3":"TGO","BRK_DIFF":0,"NAME":"Togo","NAME_LONG":"Togo","BRK_A3":"TGO","BRK_NAME":"Togo","BRK_GROUP":null,"ABBREV":"Togo","POSTAL":"TG","FORMAL_EN":"Togolese Republic","FORMAL_FR":"République Togolaise","NAME_CIAWF":"Togo","NOTE_ADM0":null,"NOTE_BRK":null,"NAME_SORT":"Togo","NAME_ALT":null,"MAPCOLOR7":3,"MAPCOLOR8":1,"MAPCOLOR9":3,"MAPCOLOR13":5,"POP_EST":8082366,"POP_RANK":13,"POP_YEAR":2019,"GDP_MD":5490,"GDP_YEAR":2019,"ECONOMY":"7. Least developed region","INCOME_GRP":"5. Low income","FIPS_10":"TO","ISO_A2":"TG","ISO_A2_EH":"TG","ISO_A3":"TGO","ISO_A3_EH":"TGO","ISO_N3":"768","ISO_N3_EH":"768","UN_A3":"768","WB_A2":"TG","WB_A3":"TGO","WOE_ID":23424965,"WOE_ID_EH":23424965,"WOE_NOTE":"Exact WOE match as country","ADM0_ISO":"TGO","ADM0_DIFF":null,"ADM0_TLC":"TGO","ADM0_A3_US":"TGO","ADM0_A3_FR":"TGO","ADM0_A3_RU":"TGO","ADM0_A3_ES":"TGO","ADM0_A3_CN":"TGO","ADM0_A3_TW":"TGO","ADM0_A3_IN":"TGO","ADM0_A3_NP":"TGO","ADM0_A3_PK":"TGO","ADM0_A3_DE":"TGO","ADM0_A3_GB":"TGO","ADM0_A3_BR":"TGO","ADM0_A3_IL":"TGO","ADM0_A3_PS":"TGO","ADM0_A3_SA":"TGO","ADM0_A3_EG":"TGO","ADM0_A3_MA":"TGO","ADM0_A3_PT":"TGO","ADM0_A3_AR":"TGO","ADM0_A3_JP":"TGO","ADM0_A3_KO":"TGO","ADM0_A3_VN":"TGO","ADM0_A3_TR":"TGO","ADM0_A3_ID":"TGO","ADM0_A3_PL":"TGO","ADM0_A3_GR":"TGO","ADM0_A3_IT":"TGO","ADM0_A3_NL":"TGO","ADM0_A3_SE":"TGO","ADM0_A3_BD":"TGO","ADM0_A3_UA":"TGO","ADM0_A3_UN":-99,"ADM0_A3_WB":-99,"CONTINENT":"Africa","REGION_UN":"Africa","SUBREGION":"Western Africa","REGION_WB":"Sub-Saharan Africa","NAME_LEN":4,"LONG_LEN":4,"ABBREV_LEN":4,"TINY":-99,"HOMEPART":1,"MIN_ZOOM":0,"MIN_LABEL":5,"MAX_LABEL":10,"LABEL_X":1.058113,"LABEL_Y":8.80722,"NE_ID":1159321303,"WIKIDATAID":"Q945","NAME_AR":"توغو","NAME_BN":"টোগো","NAME_DE":"Togo","NAME_EN":"Togo","NAME_ES":"Togo","NAME_FA":"توگو","NAME_FR":"Togo","NAME_EL":"Τόγκο","NAME_HE":"טוגו","NAME_HI":"टोगो","NAME_HU":"Togo","NAME_ID":"Togo","NAME_IT":"Togo","NAME_JA":"トーゴ","NAME_KO":"토고","NAME_NL":"Togo","NAME_PL":"Togo","NAME_PT":"Togo","NAME_RU":"Того","NAME_SV":"Togo","NAME_TR":"Togo","NAME_UK":"Того","NAME_UR":"ٹوگو","NAME_VI":"Togo","NAME_ZH":"多哥","NAME_ZHT":"多哥","FCLASS_ISO":"Admin-0 country","TLC_DIFF":null,"FCLASS_TLC":"Admin-0 country","FCLASS_US":null,"FCLASS_FR":null,"FCLASS_RU":null,"FCLASS_ES":null,"FCLASS_CN":null,"FCLASS_TW":null,"FCLASS_IN":null,"FCLASS_NP":null,"FCLASS_PK":null,"FCLASS_DE":null,"FCLASS_GB":null,"FCLASS_BR":null,"FCLASS_IL":null,"FCLASS_PS":null,"FCLASS_SA":null,"FCLASS_EG":null,"FCLASS_MA":null,"FCLASS_PT":null,"FCLASS_AR":null,"FCLASS_JP":null,"FCLASS_KO":null,"FCLASS_VN":null,"FCLASS_TR":null,"FCLASS_ID":null,"FCLASS_PL":null,"FCLASS_GR":null,"FCLASS_IT":null,"FCLASS_NL":null,"FCLASS_SE":null,"FCLASS_BD":null,"FCLASS_UA":null},"geometry":{"type":"Polygon","coordinates":[[[0.900488,10.993262],[0.874805,10.885742],[0.821875,10.752588],[0.7875,10.710254],[0.763379,10.38667],[0.77998,10.35957],[0.792188,10.351562],[0.958301,10.242041],[1.176172,10.098389],[1.330078,9.996973],[1.342871,9.962939],[1.345117,9.750195],[1.34707,9.567529],[1.378906,9.462988],[1.385742,9.36167],[1.424316,9.28501],[1.566309,9.137256],[1.600195,9.050049],[1.603809,8.770996],[1.606641,8.559277],[1.624609,8.270996],[1.624609,8.030225],[1.624609,7.725879],[1.624707,7.369189],[1.624707,6.997314],[1.530957,6.992432],[1.582031,6.877002],[1.59082,6.772266],[1.60293,6.738086],[1.577539,6.687402],[1.598535,6.610205],[1.639258,6.581543],[1.743164,6.42627],[1.77793,6.294629],[1.610938,6.25083],[1.622656,6.216797],[1.310645,6.146875],[1.187207,6.089404],[1.185059,6.14502],[1.139648,6.155029],[1.084473,6.173779],[1.049902,6.202637],[1.002148,6.268555],[0.984961,6.320312],[0.912207,6.328564],[0.822461,6.386377],[0.736914,6.452588],[0.707227,6.51875],[0.71543,6.549316],[0.702246,6.580762],[0.672754,6.592529],[0.595703,6.742188],[0.548047,6.80249],[0.525586,6.850928],[0.533398,6.88833],[0.523047,6.938867],[0.538086,6.979687],[0.579492,7.004102],[0.59248,7.033984],[0.596191,7.096631],[0.619531,7.226562],[0.634766,7.353662],[0.591016,7.388818],[0.537305,7.39873],[0.50957,7.435107],[0.498926,7.495117],[0.5,7.546875],[0.605176,7.728223],[0.583594,8.145801],[0.599219,8.20957],[0.64707,8.253467],[0.688086,8.304248],[0.686328,8.354883],[0.616211,8.479639],[0.483301,8.575293],[0.415332,8.652734],[0.378613,8.722021],[0.372559,8.759277],[0.453125,8.81377],[0.48877,8.851465],[0.493262,8.894922],[0.460352,8.974219],[0.466113,9.115332],[0.497168,9.22124],[0.529004,9.358301],[0.525684,9.398486],[0.447559,9.480273],[0.405273,9.491455],[0.370996,9.485547],[0.289355,9.431836],[0.259961,9.426025],[0.241504,9.441895],[0.233398,9.463525],[0.261914,9.495605],[0.251563,9.535645],[0.275488,9.570605],[0.327344,9.586572],[0.342578,9.60415],[0.272754,9.620947],[0.264551,9.644727],[0.269531,9.66792],[0.289648,9.672314],[0.311719,9.670996],[0.323926,9.687598],[0.33457,9.803955],[0.343066,9.84458],[0.351855,9.924902],[0.362695,10.236475],[0.378613,10.268555],[0.380859,10.291846],[0.331836,10.306934],[0.216016,10.390527],[0.148242,10.454785],[0.089258,10.520605],[0.039453,10.563867],[-0.057715,10.630615],[-0.086328,10.673047],[-0.090186,10.715527],[-0.060596,10.800586],[-0.013867,10.891357],[0.009424,11.020996],[-0.004736,11.055566],[-0.068604,11.115625],[0.159277,11.069629],[0.48418,10.991992],[0.490723,10.978174],[0.492676,10.95498],[0.549121,10.95542],[0.642969,10.983057],[0.900488,10.993262]]]}},{"type":"Feature","bbox":[124.036328,-9.511914,127.296094,-8.139941],"properties":{"featurecla":"Admin-0 country","scalerank":4,"LABELRANK":5,"SOVEREIGNT":"East Timor","SOV_A3":"TLS","ADM0_DIF":0,"LEVEL":2,"TYPE":"Sovereign country","TLC":"1","ADMIN":"East Timor","ADM0_A3":"TLS","GEOU_DIF":0,"GEOUNIT":"East Timor","GU_A3":"TLS","SU_DIF":0,"SUBUNIT":"East Timor","SU_A3":"TLS","BRK_DIFF":0,"NAME":"Timor-Leste","NAME_LONG":"Timor-Leste","BRK_A3":"TLS","BRK_NAME":"Timor-Leste","BRK_GROUP":null,"ABBREV":"T.L.","POSTAL":"TL","FORMAL_EN":"Democratic Republic of Timor-Leste","FORMAL_FR":null,"NAME_CIAWF":"Timor-Leste","NOTE_ADM0":null,"NOTE_BRK":null,"NAME_SORT":"Timor-Leste","NAME_ALT":"East Timor","MAPCOLOR7":2,"MAPCOLOR8":2,"MAPCOLOR9":4,"MAPCOLOR13":3,"POP_EST":1293119,"POP_RANK":12,"POP_YEAR":2019,"GDP_MD":2017,"GDP_YEAR":2019,"ECONOMY":"7. Least developed region","INCOME_GRP":"4. Lower middle income","FIPS_10":"TT","ISO_A2":"TL","ISO_A2_EH":"TL","ISO_A3":"TLS","ISO_A3_EH":"TLS","ISO_N3":"626","ISO_N3_EH":"626","UN_A3":"626","WB_A2":"TP","WB_A3":"TMP","WOE_ID":23424968,"WOE_ID_EH":23424968,"WOE_NOTE":"Exact WOE match as country","ADM0_ISO":"TLS","ADM0_DIFF":null,"ADM0_TLC":"TLS","ADM0_A3_US":"TLS","ADM0_A3_FR":"TLS","ADM0_A3_RU":"TLS","ADM0_A3_ES":"TLS","ADM0_A3_CN":"TLS","ADM0_A3_TW":"TLS","ADM0_A3_IN":"TLS","ADM0_A3_NP":"TLS","ADM0_A3_PK":"TLS","ADM0_A3_DE":"TLS","ADM0_A3_GB":"TLS","ADM0_A3_BR":"TLS","ADM0_A3_IL":"TLS","ADM0_A3_PS":"TLS","ADM0_A3_SA":"TLS","ADM0_A3_EG":"TLS","ADM0_A3_MA":"TLS","ADM0_A3_PT":"TLS","ADM0_A3_AR":"TLS","ADM0_A3_JP":"TLS","ADM0_A3_KO":"TLS","ADM0_A3_VN":"TLS","ADM0_A3_TR":"TLS","ADM0_A3_ID":"TLS","ADM0_A3_PL":"TLS","ADM0_A3_GR":"TLS","ADM0_A3_IT":"TLS","ADM0_A3_NL":"TLS","ADM0_A3_SE":"TLS","ADM0_A3_BD":"TLS","ADM0_A3_UA":"TLS","ADM0_A3_UN":-99,"ADM0_A3_WB":-99,"CONTINENT":"Asia","REGION_UN":"Asia","SUBREGION":"South-Eastern Asia","REGION_WB":"East Asia & Pacific","NAME_LEN":11,"LONG_LEN":11,"ABBREV_LEN":4,"TINY":-99,"HOMEPART":1,"MIN_ZOOM":0,"MIN_LABEL":4,"MAX_LABEL":9,"LABEL_X":125.854679,"LABEL_Y":-8.803705,"NE_ID":1159321313,"WIKIDATAID":"Q574","NAME_AR":"تيمور الشرقية","NAME_BN":"পূর্ব তিমুর","NAME_DE":"Osttimor","NAME_EN":"East Timor","NAME_ES":"Timor Oriental","NAME_FA":"تیمور شرقی","NAME_FR":"Timor oriental","NAME_EL":"Ανατολικό Τιμόρ","NAME_HE":"מזרח טימור","NAME_HI":"पूर्वी तिमोर","NAME_HU":"Kelet-Timor","NAME_ID":"Timor Leste","NAME_IT":"Timor Est","NAME_JA":"東ティモール","NAME_KO":"동티모르","NAME_NL":"Oost-Timor","NAME_PL":"Timor Wschodni","NAME_PT":"Timor-Leste","NAME_RU":"Восточный Тимор","NAME_SV":"Östtimor","NAME_TR":"Doğu Timor","NAME_UK":"Східний Тимор","NAME_UR":"مشرقی تیمور","NAME_VI":"Đông Timor","NAME_ZH":"东帝汶","NAME_ZHT":"東帝汶","FCLASS_ISO":"Admin-0 country","TLC_DIFF":null,"FCLASS_TLC":"Admin-0 country","FCLASS_US":null,"FCLASS_FR":null,"FCLASS_RU":null,"FCLASS_ES":null,"FCLASS_CN":null,"FCLASS_TW":null,"FCLASS_IN":null,"FCLASS_NP":null,"FCLASS_PK":null,"FCLASS_DE":null,"FCLASS_GB":null,"FCLASS_BR":null,"FCLASS_IL":null,"FCLASS_PS":null,"FCLASS_SA":null,"FCLASS_EG":null,"FCLASS_MA":null,"FCLASS_PT":null,"FCLASS_AR":null,"FCLASS_JP":null,"FCLASS_KO":null,"FCLASS_VN":null,"FCLASS_TR":null,"FCLASS_ID":null,"FCLASS_PL":null,"FCLASS_GR":null,"FCLASS_IT":null,"FCLASS_NL":null,"FCLASS_SE":null,"FCLASS_BD":null,"FCLASS_UA":null},"geometry":{"type":"MultiPolygon","coordinates":[[],[],[]]}},{"type":"Feature","bbox":[97.373926,5.636768,105.641016,20.424414],"properties":{"featurecla":"Admin-0 country","scalerank":4,"LABELRANK":3,"SOVEREIGNT":"Thailand","SOV_A3":"THA","ADM0_DIF":0,"LEVEL":2,"TYPE":"Sovereign country","TLC":"1","ADMIN":"Thailand","ADM0_A3":"THA","GEOU_DIF":0,"GEOUNIT":"Thailand","GU_A3":"THA","SU_DIF":0,"SUBUNIT":"Thailand","SU_A3":"THA","BRK_DIFF":0,"NAME":"Thailand","NAME_LONG":"Thailand","BRK_A3":"THA","BRK_NAME":"Thailand","BRK_GROUP":null,"ABBREV":"Thai.","POSTAL":"TH","FORMAL_EN":"Kingdom of Thailand","FORMAL_FR":null,"NAME_CIAWF":"Thailand","NOTE_ADM0":null,"NOTE_BRK":null,"NAME_SORT":"Thailand","NAME_ALT":null,"MAPCOLOR7":3,"MAPCOLOR8":6,"MAPCOLOR9":8,"MAPCOLOR13":1,"POP_EST":69625582,"POP_RANK":16,"POP_YEAR":2019,"GDP_MD":543548,"GDP_YEAR":2019,"ECONOMY":"5. Emerging region: G20","INCOME_GRP":"3. Upper middle income","FIPS_10":"TH","ISO_A2":"TH","ISO_A2_EH":"TH","ISO_A3":"THA","ISO_A3_EH":"THA","ISO_N3":"764","ISO_N3_EH":"764","UN_A3":"764","WB_A2":"TH","WB_A3":"THA","WOE_ID":23424960,"WOE_ID_EH":23424960,"WOE_NOTE":"Exact WOE match as country","ADM0_ISO":"THA","ADM0_DIFF":null,"ADM0_TLC":"THA","ADM0_A3_US":"THA","ADM0_A3_FR":"THA","ADM0_A3_RU":"THA","ADM0_A3_ES":"THA","ADM0_A3_CN":"THA","ADM0_A3_TW":"THA","ADM0_A3_IN":"THA","ADM0_A3_NP":"THA","ADM0_A3_PK":"THA","ADM0_A3_DE":"THA","ADM0_A3_GB":"THA","ADM0_A3_BR":"THA","ADM0_A3_IL":"THA","ADM0_A3_PS":"THA","ADM0_A3_SA":"THA","ADM0_A3_EG":"THA","ADM0_A3_MA":"THA","ADM0_A3_PT":"THA","ADM0_A3_AR":"THA","ADM0_A3_JP":"THA","ADM0_A3_KO":"THA","ADM0_A3_VN":"THA","ADM0_A3_TR":"THA","ADM0_A3_ID":"THA","ADM0_A3_PL":"THA","ADM0_A3_GR":"THA","ADM0_A3_IT":"THA","ADM0_A3_NL":"THA","ADM0_A3_SE":"THA","ADM0_A3_BD":"THA","ADM0_A3_UA":"THA","ADM0_A3_UN":-99,"ADM0_A3_WB":-99,"CONTINENT":"Asia","REGION_UN":"Asia","SUBREGION":"South-Eastern Asia","REGION_WB":"East Asia & Pacific","NAME_LEN":8,"LONG_LEN":8,"ABBREV_LEN":5,"TINY":-99,"HOMEPART":1,"MIN_ZOOM":0,"MIN_LABEL":2.7,"MAX_LABEL":8,"LABEL_X":101.073198,"LABEL_Y":15.45974,"NE_ID":1159321305,"WIKIDATAID":"Q869","NAME_AR":"تايلاند","NAME_BN":"থাইল্যান্ড","NAME_DE":"Thailand","NAME_EN":"Thailand","NAME_ES":"Tailandia","NAME_FA":"تایلند","NAME_FR":"Thaïlande","NAME_EL":"Ταϊλάνδη","NAME_HE":"תאילנד","NAME_HI":"थाईलैण्ड","NAME_HU":"Thaiföld","NAME_ID":"Thailand","NAME_IT":"Thailandia","NAME_JA":"タイ王国","NAME_KO":"태국","NAME_NL":"Thailand","NAME_PL":"Tajlandia","NAME_PT":"Tailândia","NAME_RU":"Таиланд","NAME_SV":"Thailand","NAME_TR":"Tayland","NAME_UK":"Таїланд","NAME_UR":"تھائی لینڈ","NAME_VI":"Thái Lan","NAME_ZH":"泰国","NAME_ZHT":"泰國","FCLASS_ISO":"Admin-0 country","TLC_DIFF":null,"FCLASS_TLC":"Admin-0 country","FCLASS_US":null,"FCLASS_FR":null,"FCLASS_RU":null,"FCLASS_ES":null,"FCLASS_CN":null,"FCLASS_TW":null,"FCLASS_IN":null,"FCLASS_NP":null,"FCLASS_PK":null,"FCLASS_DE":null,"FCLASS_GB":null,"FCLASS_BR":null,"FCLASS_IL":null,"FCLASS_PS":null,"FCLASS_SA":null,"FCLASS_EG":null,"FCLASS_MA":null,"FCLASS_PT":null,"FCLASS_AR":null,"FCLASS_JP":null,"FCLASS_KO":null,"FCLASS_VN":null,"FCLASS_TR":null,"FCLASS_ID":null,"FCLASS_PL":null,"FCLASS_GR":null,"FCLASS_IT":null,"FCLASS_NL":null,"FCLASS_SE":null,"FCLASS_BD":null,"FCLASS_UA":null},"geometry":{"type":"MultiPolygon","coordinates":[[],[],[],[],[],[],[],[],[],[]]}},{"type":"Feature","bbox":[29.323438,-11.716211,40.463574,-0.994922],"properties":{"featurecla":"Admin-0 country","scalerank":3,"LABELRANK":3,"SOVEREIGNT":"United Republic of Tanzania","SOV_A3":"TZA","ADM0_DIF":0,"LEVEL":2,"TYPE":"Sovereign country","TLC":"1","ADMIN":"United Republic of Tanzania","ADM0_A3":"TZA","GEOU_DIF":0,"GEOUNIT":"Tanzania","GU_A3":"TZA","SU_DIF":0,"SUBUNIT":"Tanzania","SU_A3":"TZA","BRK_DIFF":0,"NAME":"Tanzania","NAME_LONG":"Tanzania","BRK_A3":"TZA","BRK_NAME":"Tanzania","BRK_GROUP":null,"ABBREV":"Tanz.","POSTAL":"TZ","FORMAL_EN":"United Republic of Tanzania","FORMAL_FR":null,"NAME_CIAWF":"Tanzania","NOTE_ADM0":null,"NOTE_BRK":null,"NAME_SORT":"Tanzania","NAME_ALT":null,"MAPCOLOR7":3,"MAPCOLOR8":6,"MAPCOLOR9":2,"MAPCOLOR13":2,"POP_EST":58005463,"POP_RANK":16,"POP_YEAR":2019,"GDP_MD":63177,"GDP_YEAR":2019,"ECONOMY":"7. Least developed region","INCOME_GRP":"5. Low income","FIPS_10":"TZ","ISO_A2":"TZ","ISO_A2_EH":"TZ","ISO_A3":"TZA","ISO_A3_EH":"TZA","ISO_N3":"834","ISO_N3_EH":"834","UN_A3":"834","WB_A2":"TZ","WB_A3":"TZA","WOE_ID":23424973,"WOE_ID_EH":23424973,"WOE_NOTE":"Exact WOE match as country","ADM0_ISO":"TZA","ADM0_DIFF":null,"ADM0_TLC":"TZA","ADM0_A3_US":"TZA","ADM0_A3_FR":"TZA","ADM0_A3_RU":"TZA","ADM0_A3_ES":"TZA","ADM0_A3_CN":"TZA","ADM0_A3_TW":"TZA","ADM0_A3_IN":"TZA","ADM0_A3_NP":"TZA","ADM0_A3_PK":"TZA","ADM0_A3_DE":"TZA","ADM0_A3_GB":"TZA","ADM0_A3_BR":"TZA","ADM0_A3_IL":"TZA","ADM0_A3_PS":"TZA","ADM0_A3_SA":"TZA","ADM0_A3_EG":"TZA","ADM0_A3_MA":"TZA","ADM0_A3_PT":"TZA","ADM0_A3_AR":"TZA","ADM0_A3_JP":"TZA","ADM0_A3_KO":"TZA","ADM0_A3_VN":"TZA","ADM0_A3_TR":"TZA","ADM0_A3_ID":"TZA","ADM0_A3_PL":"TZA","ADM0_A3_GR":"TZA","ADM0_A3_IT":"TZA","ADM0_A3_NL":"TZA","ADM0_A3_SE":"TZA","ADM0_A3_BD":"TZA","ADM0_A3_UA":"TZA","ADM0_A3_UN":-99,"ADM0_A3_WB":-99,"CONTINENT":"Africa","REGION_UN":"Africa","SUBREGION":"Eastern Africa","REGION_WB":"Sub-Saharan Africa","NAME_LEN":8,"LONG_LEN":8,"ABBREV_LEN":5,"TINY":-99,"HOMEPART":1,"MIN_ZOOM":0,"MIN_LABEL":3,"MAX_LABEL":8,"LABEL_X":34.959183,"LABEL_Y":-6.051866,"NE_ID":1159321337,"WIKIDATAID":"Q924","NAME_AR":"تنزانيا","NAME_BN":"তানজানিয়া","NAME_DE":"Tansania","NAME_EN":"Tanzania","NAME_ES":"Tanzania","NAME_FA":"تانزانیا","NAME_FR":"Tanzanie","NAME_EL":"Τανζανία","NAME_HE":"טנזניה","NAME_HI":"तंज़ानिया","NAME_HU":"Tanzánia","NAME_ID":"Tanzania","NAME_IT":"Tanzania","NAME_JA":"タンザニア","NAME_KO":"탄자니아","NAME_NL":"Tanzania","NAME_PL":"Tanzania","NAME_PT":"Tanzânia","NAME_RU":"Танзания","NAME_SV":"Tanzania","NAME_TR":"Tanzanya","NAME_UK":"Танзанія","NAME_UR":"تنزانیہ","NAME_VI":"Tanzania","NAME_ZH":"坦桑尼亚","NAME_ZHT":"坦尚尼亞","FCLASS_ISO":"Admin-0 country","TLC_DIFF":null,"FCLASS_TLC":"Admin-0 country","FCLASS_US":null,"FCLASS_FR":null,"FCLASS_RU":null,"FCLASS_ES":null,"FCLASS_CN":null,"FCLASS_TW":null,"FCLASS_IN":null,"FCLASS_NP":null,"FCLASS_PK":null,"FCLASS_DE":null,"FCLASS_GB":null,"FCLASS_BR":null,"FCLASS_IL":null,"FCLASS_PS":null,"FCLASS_SA":null,"FCLASS_EG":null,"FCLASS_MA":null,"FCLASS_PT":null,"FCLASS_AR":null,"FCLASS_JP":null,"FCLASS_KO":null,"FCLASS_VN":null,"FCLASS_TR":null,"FCLASS_ID":null,"FCLASS_PL":null,"FCLASS_GR":null,"FCLASS_IT":null,"FCLASS_NL":null,"FCLASS_SE":null,"FCLASS_BD":null,"FCLASS_UA":null},"geometry":{"type":"MultiPolygon","coordinates":[[[[39.496484,-6.174609],[39.573047,-6.387402],[39.563184,-6.427246],[39.50918,-6.45166],[39.480957,-6.453711],[39.447363,-6.419727],[39.423633,-6.347852],[39.382617,-6.364941],[39.312695,-6.279102],[39.243457,-6.275],[39.182324,-6.172559],[39.20625,-6.083203],[39.192383,-5.931055],[39.266992,-5.853125],[39.308984,-5.721973],[39.357227,-5.811523],[39.368262,-5.951172],[39.433301,-6.11543],[39.487891,-6.166211],[39.496484,-6.174609]]],[[[39.865039,-4.906152],[39.870996,-4.956543],[39.855664,-5.004004],[39.858984,-5.155176],[39.853027,-5.255469],[39.795898,-5.394434],[39.749316,-5.443848],[39.707617,-5.429492],[39.673438,-5.406641],[39.646777,-5.368555],[39.701074,-5.113672],[39.673438,-4.927051],[39.780762,-4.944922],[39.865039,-4.906152]]],[[[32.919922,-9.407422],[32.863281,-9.380859],[32.756641,-9.322266],[32.608398,-9.270508],[32.487109,-9.212695],[32.433203,-9.156348],[32.319336,-9.134863],[32.220898,-9.125586],[32.129785,-9.07334],[32.035352,-9.067383],[31.942578,-9.054004],[31.921875,-9.019434],[31.918652,-8.942188],[31.886133,-8.921973],[31.818066,-8.902246],[31.744727,-8.903223],[31.7,-8.914355],[31.673633,-8.908789],[31.612793,-8.863281],[31.55625,-8.805469],[31.534863,-8.713281],[31.449219,-8.653906],[31.350586,-8.607031],[31.076367,-8.611914],[31.033398,-8.597656],[30.968359,-8.550977],[30.891992,-8.47373],[30.830664,-8.385547],[30.776758,-8.26582],[30.751172,-8.193652],[30.720898,-8.104395],[30.653809,-7.970898],[30.558887,-7.781934],[30.485645,-7.627148],[30.406738,-7.460645],[30.374512,-7.338672],[30.313184,-7.203711],[30.212695,-7.037891],[30.161816,-6.973047],[30.10625,-6.915039],[29.961816,-6.803125],[29.798145,-6.691895],[29.709668,-6.616895],[29.590625,-6.394434],[29.54082,-6.313867],[29.50625,-6.17207],[29.480078,-6.025],[29.49082,-5.96543],[29.596387,-5.775977],[29.607031,-5.722656],[29.594141,-5.650781],[29.542383,-5.499805],[29.503711,-5.400977],[29.476465,-5.316602],[29.420117,-5.176172],[29.342773,-4.983105],[29.323438,-4.898828],[29.325684,-4.835645],[29.367578,-4.668848],[29.404199,-4.49668],[29.403223,-4.449316],[29.717773,-4.455859],[29.769531,-4.418066],[29.947266,-4.307324],[30.147168,-4.085352],[30.187109,-3.992871],[30.268555,-3.850488],[30.348438,-3.779785],[30.379102,-3.730762],[30.4,-3.653906],[30.425,-3.588867],[30.529883,-3.49248],[30.631934,-3.418652],[30.624609,-3.388672],[30.610938,-3.366406],[30.626074,-3.347363],[30.681836,-3.309375],[30.790234,-3.274609],[30.811426,-3.200586],[30.811133,-3.116406],[30.793555,-3.069336],[30.796875,-3.015137],[30.780273,-2.984863],[30.709473,-2.977246],[30.604297,-2.935254],[30.515039,-2.917578],[30.455566,-2.893164],[30.433496,-2.874512],[30.424023,-2.824023],[30.441309,-2.769043],[30.450488,-2.753223],[30.47334,-2.694336],[30.434375,-2.658887],[30.424219,-2.641602],[30.441992,-2.613477],[30.533691,-2.42627],[30.553613,-2.400098],[30.593359,-2.396777],[30.656641,-2.373828],[30.714844,-2.363477],[30.7625,-2.37168],[30.797656,-2.362695],[30.828711,-2.338477],[30.85498,-2.26543],[30.876563,-2.143359],[30.864648,-2.044043],[30.819141,-1.96748],[30.806738,-1.850684],[30.827539,-1.693652],[30.812598,-1.563086],[30.762207,-1.458691],[30.710742,-1.396777],[30.631934,-1.36748],[30.508105,-1.208203],[30.470215,-1.131152],[30.477051,-1.083008],[30.509961,-1.067285],[30.519922,-1.0625],[30.59873,-1.069727],[30.672754,-1.051367],[30.741992,-1.00752],[30.80918,-0.994922],[30.823633,-0.999023],[30.844727,-1.002051],[30.949707,-1.002051],[31.127539,-1.002051],[31.305273,-1.002051],[31.483105,-1.002051],[31.66084,-1.002051],[31.838574,-1.002051],[32.016406,-1.002051],[32.194141,-1.002051],[32.371875,-1.002051],[32.549707,-1.002051],[32.727441,-1.002051],[32.905176,-1.002051],[33.083008,-1.002051],[33.260742,-1.002051],[33.438477,-1.002051],[33.616309,-1.002051],[33.794043,-1.002051],[33.903223,-1.002051],[33.979395,-1.002051],[34.051563,-1.039844],[34.131641,-1.08457],[34.344727,-1.203613],[34.55791,-1.322559],[34.771094,-1.441602],[34.984277,-1.560547],[35.197461,-1.67959],[35.410547,-1.798633],[35.62373,-1.917578],[35.836914,-2.036621],[36.05,-2.155664],[36.263086,-2.274609],[36.476367,-2.393555],[36.689453,-2.512598],[36.902637,-2.631641],[37.11582,-2.750586],[37.329004,-2.869629],[37.542188,-2.988574],[37.643848,-3.04541],[37.65918,-3.07002],[37.676855,-3.178418],[37.687988,-3.246191],[37.681836,-3.305762],[37.625391,-3.407227],[37.608691,-3.460254],[37.608203,-3.49707],[37.62207,-3.511523],[37.670117,-3.516797],[37.711035,-3.54082],[37.726172,-3.559766],[37.757422,-3.636133],[37.797266,-3.674414],[37.887305,-3.739258],[38.04082,-3.849805],[38.194336,-3.960352],[38.347852,-4.070898],[38.501367,-4.181445],[38.654883,-4.291895],[38.808398,-4.402441],[38.961914,-4.512988],[39.11543,-4.623535],[39.190137,-4.677246],[39.221777,-4.692383],[39.201855,-4.776465],[39.123242,-4.980469],[39.11875,-5.06543],[39.087988,-5.16543],[39.058301,-5.231543],[38.978223,-5.518555],[38.911035,-5.625977],[38.819238,-5.877637],[38.804688,-6.070117],[38.855273,-6.204883],[38.874023,-6.33125],[38.981445,-6.455078],[39.067383,-6.499316],[39.125488,-6.555957],[39.228418,-6.685254],[39.287305,-6.814941],[39.472363,-6.878613],[39.546094,-7.024023],[39.519238,-7.124121],[39.433398,-7.207031],[39.353125,-7.341406],[39.288477,-7.517871],[39.287012,-7.787695],[39.330469,-7.74668],[39.428418,-7.812793],[39.441016,-8.011523],[39.340039,-8.242871],[39.308984,-8.350977],[39.304004,-8.443848],[39.377344,-8.720801],[39.488379,-8.861816],[39.480078,-8.905957],[39.45127,-8.942969],[39.641309,-9.19248],[39.625488,-9.409473],[39.69668,-9.578418],[39.72793,-9.724805],[39.774805,-9.837109],[39.783789,-9.914551],[39.725195,-10.000488],[39.86377,-10.021973],[39.945215,-10.092285],[39.983594,-10.15957],[40.083691,-10.156641],[40.137891,-10.202637],[40.216016,-10.240625],[40.38877,-10.353516],[40.435547,-10.410254],[40.452539,-10.442969],[40.463574,-10.464355],[40.347461,-10.551563],[40.166211,-10.6875],[39.988672,-10.820801],[39.81709,-10.912402],[39.694434,-10.954785],[39.563477,-10.978516],[39.43916,-11.03457],[39.321582,-11.122559],[39.170996,-11.166895],[38.9875,-11.167285],[38.794727,-11.228906],[38.60332,-11.345313],[38.491797,-11.413281],[38.315137,-11.311133],[38.176563,-11.278711],[38.017285,-11.282129],[37.920215,-11.294727],[37.885352,-11.316699],[37.855078,-11.379102],[37.829297,-11.481934],[37.724805,-11.580664],[37.541699,-11.675098],[37.372852,-11.710449],[37.218359,-11.686523],[37.113867,-11.647168],[37.05918,-11.592188],[36.978906,-11.566992],[36.872656,-11.571289],[36.771094,-11.610352],[36.673828,-11.684277],[36.518652,-11.716211],[36.305664,-11.706348],[36.191309,-11.670703],[36.175488,-11.609277],[36.082227,-11.537305],[35.911328,-11.454688],[35.785449,-11.45293],[35.704688,-11.532129],[35.630957,-11.582031],[35.564355,-11.602344],[35.504395,-11.604785],[35.451367,-11.589551],[35.418262,-11.583203],[35.182617,-11.574805],[34.959473,-11.578125],[34.952637,-11.54375],[34.937012,-11.463477],[34.890625,-11.393555],[34.850586,-11.351953],[34.800879,-11.340918],[34.773828,-11.341699],[34.752148,-11.309473],[34.726465,-11.238184],[34.688477,-11.177441],[34.638086,-11.127148],[34.60791,-11.080469],[34.597656,-11.0375],[34.605664,-10.990234],[34.652344,-10.872852],[34.66709,-10.79248],[34.661816,-10.710059],[34.636523,-10.625586],[34.583594,-10.525098],[34.589551,-10.496191],[34.571582,-10.427637],[34.569727,-10.379688],[34.57998,-10.319824],[34.569922,-10.241113],[34.524219,-10.073145],[34.524219,-10.030176],[34.475977,-9.948828],[34.327832,-9.756543],[34.320898,-9.731543],[34.088574,-9.537793],[33.995605,-9.49541],[33.962109,-9.531738],[33.949609,-9.565332],[33.959375,-9.627344],[33.953711,-9.658203],[33.943945,-9.672168],[33.888867,-9.670117],[33.854199,-9.662988],[33.766211,-9.610938],[33.697656,-9.598145],[33.527539,-9.60752],[33.467773,-9.619727],[33.420898,-9.608008],[33.330859,-9.519141],[33.225293,-9.500488],[33.130469,-9.495898],[32.974023,-9.39502],[32.937305,-9.399707],[32.919922,-9.407422]]],[[[39.711328,-7.977441],[39.657227,-7.990527],[39.636133,-7.977832],[39.60293,-7.936133],[39.660645,-7.900586],[39.716602,-7.831543],[39.846582,-7.730273],[39.890918,-7.663477],[39.907129,-7.649219],[39.897754,-7.728125],[39.824414,-7.900684],[39.761816,-7.911914],[39.711328,-7.977441]]]]}},{"type":"Feature","bbox":[67.349609,36.684033,75.11875,41.035107],"properties":{"featurecla":"Admin-0 country","scalerank":1,"LABELRANK":4,"SOVEREIGNT":"Tajikistan","SOV_A3":"TJK","ADM0_DIF":0,"LEVEL":2,"TYPE":"Sovereign country","TLC":"1","ADMIN":"Tajikistan","ADM0_A3":"TJK","GEOU_DIF":0,"GEOUNIT":"Tajikistan","GU_A3":"TJK","SU_DIF":0,"SUBUNIT":"Tajikistan","SU_A3":"TJK","BRK_DIFF":0,"NAME":"Tajikistan","NAME_LONG":"Tajikistan","BRK_A3":"TJK","BRK_NAME":"Tajikistan","BRK_GROUP":null,"ABBREV":"Tjk.","POSTAL":"TJ","FORMAL_EN":"Republic of Tajikistan","FORMAL_FR":null,"NAME_CIAWF":"Tajikistan","NOTE_ADM0":null,"NOTE_BRK":null,"NAME_SORT":"Tajikistan","NAME_ALT":null,"MAPCOLOR7":3,"MAPCOLOR8":6,"MAPCOLOR9":2,"MAPCOLOR13":5,"POP_EST":9321018,"POP_RANK":13,"POP_YEAR":2019,"GDP_MD":8116,"GDP_YEAR":2019,"ECONOMY":"6. Developing region","INCOME_GRP":"5. Low income","FIPS_10":"TI","ISO_A2":"TJ","ISO_A2_EH":"TJ","ISO_A3":"TJK","ISO_A3_EH":"TJK","ISO_N3":"762","ISO_N3_EH":"762","UN_A3":"762","WB_A2":"TJ","WB_A3":"TJK","WOE_ID":23424961,"WOE_ID_EH":23424961,"WOE_NOTE":"Exact WOE match as country","ADM0_ISO":"TJK","ADM0_DIFF":null,"ADM0_TLC":"TJK","ADM0_A3_US":"TJK","ADM0_A3_FR":"TJK","ADM0_A3_RU":"TJK","ADM0_A3_ES":"TJK","ADM0_A3_CN":"TJK","ADM0_A3_TW":"TJK","ADM0_A3_IN":"TJK","ADM0_A3_NP":"TJK","ADM0_A3_PK":"TJK","ADM0_A3_DE":"TJK","ADM0_A3_GB":"TJK","ADM0_A3_BR":"TJK","ADM0_A3_IL":"TJK","ADM0_A3_PS":"TJK","ADM0_A3_SA":"TJK","ADM0_A3_EG":"TJK","ADM0_A3_MA":"TJK","ADM0_A3_PT":"TJK","ADM0_A3_AR":"TJK","ADM0_A3_JP":"TJK","ADM0_A3_KO":"TJK","ADM0_A3_VN":"TJK","ADM0_A3_TR":"TJK","ADM0_A3_ID":"TJK","ADM0_A3_PL":"TJK","ADM0_A3_GR":"TJK","ADM0_A3_IT":"TJK","ADM0_A3_NL":"TJK","ADM0_A3_SE":"TJK","ADM0_A3_BD":"TJK","ADM0_A3_UA":"TJK","ADM0_A3_UN":-99,"ADM0_A3_WB":-99,"CONTINENT":"Asia","REGION_UN":"Asia","SUBREGION":"Central Asia","REGION_WB":"Europe & Central Asia","NAME_LEN":10,"LONG_LEN":10,"ABBREV_LEN":4,"TINY":-99,"HOMEPART":1,"MIN_ZOOM":0,"MIN_LABEL":4,"MAX_LABEL":9,"LABEL_X":72.587276,"LABEL_Y":38.199835,"NE_ID":1159321307,"WIKIDATAID":"Q863","NAME_AR":"طاجيكستان","NAME_BN":"তাজিকিস্তান","NAME_DE":"Tadschikistan","NAME_EN":"Tajikistan","NAME_ES":"Tayikistán","NAME_FA":"تاجیکستان","NAME_FR":"Tadjikistan","NAME_EL":"Τατζικιστάν","NAME_HE":"טג׳יקיסטן","NAME_HI":"ताजिकिस्तान","NAME_HU":"Tádzsikisztán","NAME_ID":"Tajikistan","NAME_IT":"Tagikistan","NAME_JA":"タジキスタン","NAME_KO":"타지키스탄","NAME_NL":"Tadzjikistan","NAME_PL":"Tadżykistan","NAME_PT":"Tajiquistão","NAME_RU":"Таджикистан","NAME_SV":"Tadzjikistan","NAME_TR":"Tacikistan","NAME_UK":"Таджикистан","NAME_UR":"تاجکستان","NAME_VI":"Tajikistan","NAME_ZH":"塔吉克斯坦","NAME_ZHT":"塔吉克","FCLASS_ISO":"Admin-0 country","TLC_DIFF":null,"FCLASS_TLC":"Admin-0 country","FCLASS_US":null,"FCLASS_FR":null,"FCLASS_RU":null,"FCLASS_ES":null,"FCLASS_CN":null,"FCLASS_TW":null,"FCLASS_IN":null,"FCLASS_NP":null,"FCLASS_PK":null,"FCLASS_DE":null,"FCLASS_GB":null,"FCLASS_BR":null,"FCLASS_IL":null,"FCLASS_PS":null,"FCLASS_SA":null,"FCLASS_EG":null,"FCLASS_MA":null,"FCLASS_PT":null,"FCLASS_AR":null,"FCLASS_JP":null,"FCLASS_KO":null,"FCLASS_VN":null,"FCLASS_TR":null,"FCLASS_ID":null,"FCLASS_PL":null,"FCLASS_GR":null,"FCLASS_IT":null,"FCLASS_NL":null,"FCLASS_SE":null,"FCLASS_BD":null,"FCLASS_UA":null},"geometry":{"type":"MultiPolygon","coordinates":[[],[],[]]}},{"type":"Feature","bbox":[118.287305,21.925,121.929004,25.276904],"properties":{"featurecla":"Admin-0 country","scalerank":1,"LABELRANK":3,"SOVEREIGNT":"Taiwan","SOV_A3":"TWN","ADM0_DIF":0,"LEVEL":2,"TYPE":"Sovereign country","TLC":"1","ADMIN":"Taiwan","ADM0_A3":"TWN","GEOU_DIF":0,"GEOUNIT":"Taiwan","GU_A3":"TWN","SU_DIF":0,"SUBUNIT":"Taiwan","SU_A3":"TWN","BRK_DIFF":0,"NAME":"Taiwan","NAME_LONG":"Taiwan","BRK_A3":"TWN","BRK_NAME":"Taiwan","BRK_GROUP":null,"ABBREV":"Taiwan","POSTAL":"TW","FORMAL_EN":null,"FORMAL_FR":null,"NAME_CIAWF":"Taiwan","NOTE_ADM0":null,"NOTE_BRK":"Self admin.; Claimed by China","NAME_SORT":"Taiwan","NAME_ALT":null,"MAPCOLOR7":1,"MAPCOLOR8":5,"MAPCOLOR9":7,"MAPCOLOR13":2,"POP_EST":23568378,"POP_RANK":15,"POP_YEAR":2020,"GDP_MD":1127000,"GDP_YEAR":2016,"ECONOMY":"2. Developed region: nonG7","INCOME_GRP":"2. High income: nonOECD","FIPS_10":"TW","ISO_A2":"CN-TW","ISO_A2_EH":"TW","ISO_A3":"TWN","ISO_A3_EH":"TWN","ISO_N3":"158","ISO_N3_EH":"158","UN_A3":"-099","WB_A2":"-99","WB_A3":"-99","WOE_ID":23424971,"WOE_ID_EH":23424971,"WOE_NOTE":"Exact WOE match as country","ADM0_ISO":"TWN","ADM0_DIFF":null,"ADM0_TLC":"TWN","ADM0_A3_US":"TWN","ADM0_A3_FR":"TWN","ADM0_A3_RU":"CHN","ADM0_A3_ES":"TWN","ADM0_A3_CN":"CHN","ADM0_A3_TW":"TWN","ADM0_A3_IN":"TWN","ADM0_A3_NP":"CHN","ADM0_A3_PK":"CHN","ADM0_A3_DE":"TWN","ADM0_A3_GB":"TWN","ADM0_A3_BR":"TWN","ADM0_A3_IL":"TWN","ADM0_A3_PS":"TWN","ADM0_A3_SA":"TWN","ADM0_A3_EG":"CHN","ADM0_A3_MA":"CHN","ADM0_A3_PT":"TWN","ADM0_A3_AR":"TWN","ADM0_A3_JP":"TWN","ADM0_A3_KO":"TWN","ADM0_A3_VN":"TWN","ADM0_A3_TR":"TWN","ADM0_A3_ID":"CHN","ADM0_A3_PL":"TWN","ADM0_A3_GR":"TWN","ADM0_A3_IT":"TWN","ADM0_A3_NL":"TWN","ADM0_A3_SE":"TWN","ADM0_A3_BD":"CHN","ADM0_A3_UA":"TWN","ADM0_A3_UN":-99,"ADM0_A3_WB":-99,"CONTINENT":"Asia","REGION_UN":"Asia","SUBREGION":"Eastern Asia","REGION_WB":"East Asia & Pacific","NAME_LEN":6,"LONG_LEN":6,"ABBREV_LEN":6,"TINY":-99,"HOMEPART":1,"MIN_ZOOM":0,"MIN_LABEL":4.5,"MAX_LABEL":8,"LABEL_X":120.868204,"LABEL_Y":23.652408,"NE_ID":1159321335,"WIKIDATAID":"Q865","NAME_AR":"تايوان","NAME_BN":"তাইওয়ান","NAME_DE":"Republik China","NAME_EN":"Taiwan","NAME_ES":"República de China","NAME_FA":"تایوان","NAME_FR":"Taïwan","NAME_EL":"Δημοκρατία της Κίνας","NAME_HE":"טאיוואן","NAME_HI":"चीनी गणराज्य","NAME_HU":"Kínai Köztársaság","NAME_ID":"Taiwan","NAME_IT":"Taiwan","NAME_JA":"中華民国","NAME_KO":"중화민국","NAME_NL":"Taiwan","NAME_PL":"Republika Chińska","NAME_PT":"Taiwan","NAME_RU":"Тайвань","NAME_SV":"Taiwan","NAME_TR":"Çin Cumhuriyeti","NAME_UK":"Республіка Китай","NAME_UR":"تائیوان","NAME_VI":"Đài Loan","NAME_ZH":"中华民国","NAME_ZHT":"中華民國","FCLASS_ISO":"Admin-1 states provinces","TLC_DIFF":"1","FCLASS_TLC":"Admin-0 country","FCLASS_US":null,"FCLASS_FR":null,"FCLASS_RU":null,"FCLASS_ES":null,"FCLASS_CN":"Admin-1 states provinces","FCLASS_TW":"Admin-0 country","FCLASS_IN":null,"FCLASS_NP":"Admin-1 states provinces","FCLASS_PK":null,"FCLASS_DE":null,"FCLASS_GB":null,"FCLASS_BR":null,"FCLASS_IL":null,"FCLASS_PS":null,"FCLASS_SA":null,"FCLASS_EG":"Admin-1 states provinces","FCLASS_MA":"Admin-1 states provinces","FCLASS_PT":null,"FCLASS_AR":null,"FCLASS_JP":null,"FCLASS_KO":null,"FCLASS_VN":null,"FCLASS_TR":null,"FCLASS_ID":"Admin-1 states provinces","FCLASS_PL":null,"FCLASS_GR":null,"FCLASS_IT":null,"FCLASS_NL":null,"FCLASS_SE":null,"FCLASS_BD":"Admin-1 states provinces","FCLASS_UA":null},"geometry":{"type":"MultiPolygon","coordinates":[[],[]]}},{"type":"Feature","bbox":[35.764453,32.317285,42.359082,37.297266],"properties":{"featurecla":"Admin-0 country","scalerank":1,"LABELRANK":3,"SOVEREIGNT":"Syria","SOV_A3":"SYR","ADM0_DIF":0,"LEVEL":2,"TYPE":"Sovereign country","TLC":"1","ADMIN":"Syria","ADM0_A3":"SYR","GEOU_DIF":0,"GEOUNIT":"Syria","GU_A3":"SYR","SU_DIF":0,"SUBUNIT":"Syria","SU_A3":"SYR","BRK_DIFF":0,"NAME":"Syria","NAME_LONG":"Syria","BRK_A3":"SYR","BRK_NAME":"Syria","BRK_GROUP":null,"ABBREV":"Syria","POSTAL":"SYR","FORMAL_EN":"Syrian Arab Republic","FORMAL_FR":null,"NAME_CIAWF":"Syria","NOTE_ADM0":null,"NOTE_BRK":null,"NAME_SORT":"Syrian Arab Republic","NAME_ALT":null,"MAPCOLOR7":2,"MAPCOLOR8":6,"MAPCOLOR9":2,"MAPCOLOR13":6,"POP_EST":17070135,"POP_RANK":14,"POP_YEAR":2019,"GDP_MD":98830,"GDP_YEAR":2015,"ECONOMY":"6. Developing region","INCOME_GRP":"4. Lower middle income","FIPS_10":"SY","ISO_A2":"SY","ISO_A2_EH":"SY","ISO_A3":"SYR","ISO_A3_EH":"SYR","ISO_N3":"760","ISO_N3_EH":"760","UN_A3":"760","WB_A2":"SY","WB_A3":"SYR","WOE_ID":23424956,"WOE_ID_EH":23424956,"WOE_NOTE":"Exact WOE match as country","ADM0_ISO":"SYR","ADM0_DIFF":null,"ADM0_TLC":"SYR","ADM0_A3_US":"SYR","ADM0_A3_FR":"SYR","ADM0_A3_RU":"SYR","ADM0_A3_ES":"SYR","ADM0_A3_CN":"SYR","ADM0_A3_TW":"SYR","ADM0_A3_IN":"SYR","ADM0_A3_NP":"SYR","ADM0_A3_PK":"SYR","ADM0_A3_DE":"SYR","ADM0_A3_GB":"SYR","ADM0_A3_BR":"SYR","ADM0_A3_IL":"SYR","ADM0_A3_PS":"SYR","ADM0_A3_SA":"SYR","ADM0_A3_EG":"SYR","ADM0_A3_MA":"SYR","ADM0_A3_PT":"SYR","ADM0_A3_AR":"SYR","ADM0_A3_JP":"SYR","ADM0_A3_KO":"SYR","ADM0_A3_VN":"SYR","ADM0_A3_TR":"SYR","ADM0_A3_ID":"SYR","ADM0_A3_PL":"SYR","ADM0_A3_GR":"SYR","ADM0_A3_IT":"SYR","ADM0_A3_NL":"SYR","ADM0_A3_SE":"SYR","ADM0_A3_BD":"SYR","ADM0_A3_UA":"SYR","ADM0_A3_UN":-99,"ADM0_A3_WB":-99,"CONTINENT":"Asia","REGION_UN":"Asia","SUBREGION":"Western Asia","REGION_WB":"Middle East & North Africa","NAME_LEN":5,"LONG_LEN":5,"ABBREV_LEN":5,"TINY":-99,"HOMEPART":1,"MIN_ZOOM":0,"MIN_LABEL":3,"MAX_LABEL":8,"LABEL_X":38.277783,"LABEL_Y":35.006636,"NE_ID":1159321295,"WIKIDATAID":"Q858","NAME_AR":"سوريا","NAME_BN":"সিরিয়া","NAME_DE":"Syrien","NAME_EN":"Syria","NAME_ES":"Siria","NAME_FA":"سوریه","NAME_FR":"Syrie","NAME_EL":"Συρία","NAME_HE":"סוריה","NAME_HI":"सीरिया","NAME_HU":"Szíria","NAME_ID":"Suriah","NAME_IT":"Siria","NAME_JA":"シリア","NAME_KO":"시리아","NAME_NL":"Syrië","NAME_PL":"Syria","NAME_PT":"Síria","NAME_RU":"Сирия","NAME_SV":"Syrien","NAME_TR":"Suriye","NAME_UK":"Сирія","NAME_UR":"سوریہ","NAME_VI":"Syria","NAME_ZH":"叙利亚","NAME_ZHT":"敘利亞","FCLASS_ISO":"Admin-0 country","TLC_DIFF":null,"FCLASS_TLC":"Admin-0 country","FCLASS_US":null,"FCLASS_FR":null,"FCLASS_RU":null,"FCLASS_ES":null,"FCLASS_CN":null,"FCLASS_TW":null,"FCLASS_IN":null,"FCLASS_NP":null,"FCLASS_PK":null,"FCLASS_DE":null,"FCLASS_GB":null,"FCLASS_BR":null,"FCLASS_IL":null,"FCLASS_PS":null,"FCLASS_SA":null,"FCLASS_EG":null,"FCLASS_MA":null,"FCLASS_PT":null,"FCLASS_AR":null,"FCLASS_JP":null,"FCLASS_KO":null,"FCLASS_VN":null,"FCLASS_TR":null,"FCLASS_ID":null,"FCLASS_PL":null,"FCLASS_GR":null,"FCLASS_IT":null,"FCLASS_NL":null,"FCLASS_SE":null,"FCLASS_BD":null,"FCLASS_UA":null},"geometry":{"type":"Polygon","coordinates":[[[35.892676,35.916553],[35.967578,35.910059],[36.127344,35.831445],[36.153613,35.833887],[36.201953,35.937549],[36.248828,35.972705],[36.347559,36.003516],[36.375391,36.17124],[36.421484,36.203467],[36.477051,36.220703],[36.562402,36.223926],[36.636719,36.233984],[36.641406,36.263525],[36.5375,36.457422],[36.54668,36.506348],[36.596875,36.701367],[36.628418,36.777686],[36.658594,36.802539],[36.776563,36.792676],[36.941797,36.758398],[36.985352,36.702393],[37.066211,36.652637],[37.187402,36.655908],[37.327051,36.646582],[37.436328,36.643311],[37.523535,36.67832],[37.720313,36.743701],[37.817969,36.765576],[37.906641,36.794629],[38.191699,36.901562],[38.305859,36.893359],[38.383984,36.879248],[38.44375,36.862256],[38.578027,36.789111],[38.688867,36.715088],[38.766602,36.693115],[38.906445,36.694678],[39.108398,36.680566],[39.356641,36.681592],[39.501465,36.702246],[39.686523,36.738623],[40.016406,36.826074],[40.450391,37.008887],[40.705664,37.097705],[40.815625,37.108154],[40.958887,37.10918],[41.102148,37.085889],[41.264648,37.069336],[41.339551,37.070801],[41.515527,37.08916],[41.743555,37.126123],[41.886816,37.156396],[42.059863,37.206055],[42.167871,37.288623],[42.202734,37.297266],[42.247559,37.282227],[42.268555,37.276562],[42.312891,37.22959],[42.358984,37.108594],[42.359082,37.09502],[42.350098,37.060596],[42.237305,36.961133],[42.083984,36.826025],[41.974023,36.74082],[41.788574,36.597168],[41.650195,36.566406],[41.416797,36.514648],[41.354199,36.464404],[41.295996,36.38335],[41.261816,36.272461],[41.251758,36.203027],[41.245605,36.073389],[41.300195,35.938965],[41.352637,35.809961],[41.359375,35.724609],[41.354102,35.64043],[41.30332,35.550635],[41.24834,35.42749],[41.216406,35.288184],[41.199609,35.027393],[41.199219,34.805322],[41.194727,34.768994],[41.099023,34.612305],[40.987012,34.429053],[40.935059,34.386572],[40.689453,34.332031],[40.421484,34.197754],[40.121973,34.047656],[39.85,33.911377],[39.564453,33.768359],[39.268359,33.62002],[39.056738,33.514014],[38.773535,33.372217],[38.515625,33.236621],[38.254297,33.099219],[38.055762,32.994873],[37.754102,32.829834],[37.577441,32.733057],[37.317578,32.590771],[37.088965,32.465527],[36.818359,32.317285],[36.479199,32.361328],[36.37207,32.386914],[36.284277,32.457471],[36.219727,32.495117],[36.059473,32.533789],[35.956445,32.666699],[35.894727,32.71377],[35.787305,32.734912],[35.833283,32.820094],[35.841863,32.875954],[35.887977,32.944379],[35.859022,32.989367],[35.84508,33.084665],[35.824704,33.108024],[35.817197,33.133173],[35.833283,33.163702],[35.826849,33.195117],[35.808618,33.208577],[35.800038,33.256121],[35.785024,33.291089],[35.792531,33.334107],[35.816125,33.361879],[35.840738,33.415661],[35.869141,33.431738],[35.914746,33.465381],[35.926563,33.500293],[35.967578,33.53457],[36.022266,33.5625],[36.034473,33.585059],[36.02666,33.597949],[35.97168,33.623096],[35.942383,33.667578],[35.968457,33.732422],[35.986133,33.752637],[36.018848,33.783936],[36.092188,33.831592],[36.149805,33.839502],[36.199414,33.839551],[36.283398,33.835596],[36.348535,33.827051],[36.365039,33.839355],[36.362793,33.855127],[36.282227,33.894189],[36.277832,33.925293],[36.297852,33.958643],[36.354883,34.011328],[36.422852,34.049854],[36.45752,34.056836],[36.535156,34.134326],[36.584961,34.22124],[36.504395,34.432373],[36.455566,34.466162],[36.376465,34.495166],[36.329883,34.499609],[36.32627,34.51333],[36.388672,34.566895],[36.433008,34.613477],[36.383887,34.65791],[36.296289,34.678711],[36.263574,34.632861],[36.151074,34.628613],[35.97627,34.629199],[35.899316,34.8521],[35.887891,34.948633],[35.889941,35.060303],[35.943066,35.223828],[35.918066,35.299512],[35.916016,35.350537],[35.902441,35.420703],[35.764453,35.571582],[35.839648,35.849219],[35.892676,35.916553]]]}},{"type":"Feature","bbox":[11.147168,55.346387,24.155469,69.036865],"properties":{"featurecla":"Admin-0 country","scalerank":3,"LABELRANK":3,"SOVEREIGNT":"Sweden","SOV_A3":"SWE","ADM0_DIF":0,"LEVEL":2,"TYPE":"Sovereign country","TLC":"1","ADMIN":"Sweden","ADM0_A3":"SWE","GEOU_DIF":0,"GEOUNIT":"Sweden","GU_A3":"SWE","SU_DIF":0,"SUBUNIT":"Sweden","SU_A3":"SWE","BRK_DIFF":0,"NAME":"Sweden","NAME_LONG":"Sweden","BRK_A3":"SWE","BRK_NAME":"Sweden","BRK_GROUP":null,"ABBREV":"Swe.","POSTAL":"S","FORMAL_EN":"Kingdom of Sweden","FORMAL_FR":null,"NAME_CIAWF":"Sweden","NOTE_ADM0":null,"NOTE_BRK":null,"NAME_SORT":"Sweden","NAME_ALT":null,"MAPCOLOR7":1,"MAPCOLOR8":4,"MAPCOLOR9":2,"MAPCOLOR13":4,"POP_EST":10285453,"POP_RANK":14,"POP_YEAR":2019,"GDP_MD":530883,"GDP_YEAR":2019,"ECONOMY":"2. Developed region: nonG7","INCOME_GRP":"1. High income: OECD","FIPS_10":"SW","ISO_A2":"SE","ISO_A2_EH":"SE","ISO_A3":"SWE","ISO_A3_EH":"SWE","ISO_N3":"752","ISO_N3_EH":"752","UN_A3":"752","WB_A2":"SE","WB_A3":"SWE","WOE_ID":23424954,"WOE_ID_EH":23424954,"WOE_NOTE":"Exact WOE match as country","ADM0_ISO":"SWE","ADM0_DIFF":null,"ADM0_TLC":"SWE","ADM0_A3_US":"SWE","ADM0_A3_FR":"SWE","ADM0_A3_RU":"SWE","ADM0_A3_ES":"SWE","ADM0_A3_CN":"SWE","ADM0_A3_TW":"SWE","ADM0_A3_IN":"SWE","ADM0_A3_NP":"SWE","ADM0_A3_PK":"SWE","ADM0_A3_DE":"SWE","ADM0_A3_GB":"SWE","ADM0_A3_BR":"SWE","ADM0_A3_IL":"SWE","ADM0_A3_PS":"SWE","ADM0_A3_SA":"SWE","ADM0_A3_EG":"SWE","ADM0_A3_MA":"SWE","ADM0_A3_PT":"SWE","ADM0_A3_AR":"SWE","ADM0_A3_JP":"SWE","ADM0_A3_KO":"SWE","ADM0_A3_VN":"SWE","ADM0_A3_TR":"SWE","ADM0_A3_ID":"SWE","ADM0_A3_PL":"SWE","ADM0_A3_GR":"SWE","ADM0_A3_IT":"SWE","ADM0_A3_NL":"SWE","ADM0_A3_SE":"SWE","ADM0_A3_BD":"SWE","ADM0_A3_UA":"SWE","ADM0_A3_UN":-99,"ADM0_A3_WB":-99,"CONTINENT":"Europe","REGION_UN":"Europe","SUBREGION":"Northern Europe","REGION_WB":"Europe & Central Asia","NAME_LEN":6,"LONG_LEN":6,"ABBREV_LEN":4,"TINY":-99,"HOMEPART":1,"MIN_ZOOM":0,"MIN_LABEL":2,"MAX_LABEL":7,"LABEL_X":19.01705,"LABEL_Y":65.85918,"NE_ID":1159321287,"WIKIDATAID":"Q34","NAME_AR":"السويد","NAME_BN":"সুইডেন","NAME_DE":"Schweden","NAME_EN":"Sweden","NAME_ES":"Suecia","NAME_FA":"سوئد","NAME_FR":"Suède","NAME_EL":"Σουηδία","NAME_HE":"שוודיה","NAME_HI":"स्वीडन","NAME_HU":"Svédország","NAME_ID":"Swedia","NAME_IT":"Svezia","NAME_JA":"スウェーデン","NAME_KO":"스웨덴","NAME_NL":"Zweden","NAME_PL":"Szwecja","NAME_PT":"Suécia","NAME_RU":"Швеция","NAME_SV":"Sverige","NAME_TR":"İsveç","NAME_UK":"Швеція","NAME_UR":"سویڈن","NAME_VI":"Thụy Điển","NAME_ZH":"瑞典","NAME_ZHT":"瑞典","FCLASS_ISO":"Admin-0 country","TLC_DIFF":null,"FCLASS_TLC":"Admin-0 country","FCLASS_US":null,"FCLASS_FR":null,"FCLASS_RU":null,"FCLASS_ES":null,"FCLASS_CN":null,"FCLASS_TW":null,"FCLASS_IN":null,"FCLASS_NP":null,"FCLASS_PK":null,"FCLASS_DE":null,"FCLASS_GB":null,"FCLASS_BR":null,"FCLASS_IL":null,"FCLASS_PS":null,"FCLASS_SA":null,"FCLASS_EG":null,"FCLASS_MA":null,"FCLASS_PT":null,"FCLASS_AR":null,"FCLASS_JP":null,"FCLASS_KO":null,"FCLASS_VN":null,"FCLASS_TR":null,"FCLASS_ID":null,"FCLASS_PL":null,"FCLASS_GR":null,"FCLASS_IT":null,"FCLASS_NL":null,"FCLASS_SE":null,"FCLASS_BD":null,"FCLASS_UA":null},"geometry":{"type":"MultiPolygon","coordinates":[[],[],[],[],[],[]]}},{"type":"Feature","bbox":[30.7875,-27.309961,32.112891,-25.742969],"properties":{"featurecla":"Admin-0 country","scalerank":1,"LABELRANK":4,"SOVEREIGNT":"eSwatini","SOV_A3":"SWZ","ADM0_DIF":0,"LEVEL":2,"TYPE":"Sovereign country","TLC":"1","ADMIN":"eSwatini","ADM0_A3":"SWZ","GEOU_DIF":0,"GEOUNIT":"eSwatini","GU_A3":"SWZ","SU_DIF":0,"SUBUNIT":"eSwatini","SU_A3":"SWZ","BRK_DIFF":0,"NAME":"eSwatini","NAME_LONG":"Kingdom of eSwatini","BRK_A3":"SWZ","BRK_NAME":"eSwatini","BRK_GROUP":null,"ABBREV":"eSw.","POSTAL":"ES","FORMAL_EN":"Kingdom of eSwatini","FORMAL_FR":null,"NAME_CIAWF":"eSwatini","NOTE_ADM0":null,"NOTE_BRK":null,"NAME_SORT":"eSwatini","NAME_ALT":"Swaziland","MAPCOLOR7":3,"MAPCOLOR8":6,"MAPCOLOR9":2,"MAPCOLOR13":5,"POP_EST":1148130,"POP_RANK":12,"POP_YEAR":2019,"GDP_MD":4471,"GDP_YEAR":2019,"ECONOMY":"6. Developing region","INCOME_GRP":"4. Lower middle income","FIPS_10":"WZ","ISO_A2":"SZ","ISO_A2_EH":"SZ","ISO_A3":"SWZ","ISO_A3_EH":"SWZ","ISO_N3":"748","ISO_N3_EH":"748","UN_A3":"748","WB_A2":"SZ","WB_A3":"SWZ","WOE_ID":23424993,"WOE_ID_EH":23424993,"WOE_NOTE":"Exact WOE match as country","ADM0_ISO":"SWZ","ADM0_DIFF":null,"ADM0_TLC":"SWZ","ADM0_A3_US":"SWZ","ADM0_A3_FR":"SWZ","ADM0_A3_RU":"SWZ","ADM0_A3_ES":"SWZ","ADM0_A3_CN":"SWZ","ADM0_A3_TW":"SWZ","ADM0_A3_IN":"SWZ","ADM0_A3_NP":"SWZ","ADM0_A3_PK":"SWZ","ADM0_A3_DE":"SWZ","ADM0_A3_GB":"SWZ","ADM0_A3_BR":"SWZ","ADM0_A3_IL":"SWZ","ADM0_A3_PS":"SWZ","ADM0_A3_SA":"SWZ","ADM0_A3_EG":"SWZ","ADM0_A3_MA":"SWZ","ADM0_A3_PT":"SWZ","ADM0_A3_AR":"SWZ","ADM0_A3_JP":"SWZ","ADM0_A3_KO":"SWZ","ADM0_A3_VN":"SWZ","ADM0_A3_TR":"SWZ","ADM0_A3_ID":"SWZ","ADM0_A3_PL":"SWZ","ADM0_A3_GR":"SWZ","ADM0_A3_IT":"SWZ","ADM0_A3_NL":"SWZ","ADM0_A3_SE":"SWZ","ADM0_A3_BD":"SWZ","ADM0_A3_UA":"SWZ","ADM0_A3_UN":-99,"ADM0_A3_WB":-99,"CONTINENT":"Africa","REGION_UN":"Africa","SUBREGION":"Southern Africa","REGION_WB":"Sub-Saharan Africa","NAME_LEN":8,"LONG_LEN":19,"ABBREV_LEN":4,"TINY":-99,"HOMEPART":1,"MIN_ZOOM":0,"MIN_LABEL":4,"MAX_LABEL":9,"LABEL_X":31.467264,"LABEL_Y":-26.533676,"NE_ID":1159321289,"WIKIDATAID":"Q1050","NAME_AR":"إسواتيني","NAME_BN":"ইসোয়াতিনি","NAME_DE":"Eswatini","NAME_EN":"Eswatini","NAME_ES":"Suazilandia","NAME_FA":"اسواتینی","NAME_FR":"Eswatini","NAME_EL":"Εσουατίνι","NAME_HE":"אסוואטיני","NAME_HI":"एस्वातीनी","NAME_HU":"Szváziföld","NAME_ID":"Eswatini","NAME_IT":"eSwatini","NAME_JA":"エスワティニ","NAME_KO":"에스와티니","NAME_NL":"Swaziland","NAME_PL":"Eswatini","NAME_PT":"Essuatíni","NAME_RU":"Эсватини","NAME_SV":"Swaziland","NAME_TR":"Esvatini","NAME_UK":"Есватіні","NAME_UR":"اسواتینی","NAME_VI":"Eswatini","NAME_ZH":"斯威士兰","NAME_ZHT":"史瓦帝尼","FCLASS_ISO":"Admin-0 country","TLC_DIFF":null,"FCLASS_TLC":"Admin-0 country","FCLASS_US":null,"FCLASS_FR":null,"FCLASS_RU":null,"FCLASS_ES":null,"FCLASS_CN":null,"FCLASS_TW":null,"FCLASS_IN":null,"FCLASS_NP":null,"FCLASS_PK":null,"FCLASS_DE":null,"FCLASS_GB":null,"FCLASS_BR":null,"FCLASS_IL":null,"FCLASS_PS":null,"FCLASS_SA":null,"FCLASS_EG":null,"FCLASS_MA":null,"FCLASS_PT":null,"FCLASS_AR":null,"FCLASS_JP":null,"FCLASS_KO":null,"FCLASS_VN":null,"FCLASS_TR":null,"FCLASS_ID":null,"FCLASS_PL":null,"FCLASS_GR":null,"FCLASS_IT":null,"FCLASS_NL":null,"FCLASS_SE":null,"FCLASS_BD":null,"FCLASS_UA":null},"geometry":{"type":"Polygon","coordinates":[[[31.948242,-25.957617],[31.968457,-25.972266],[32.060547,-26.018359],[32.068848,-26.110156],[32.059961,-26.215039],[32.041406,-26.28125],[32.04834,-26.347168],[32.07793,-26.449805],[32.105957,-26.52002],[32.112891,-26.839453],[32.081641,-26.824805],[32.024805,-26.811133],[31.994727,-26.81748],[31.967188,-26.960645],[31.946094,-27.173633],[31.958398,-27.305859],[31.742578,-27.309961],[31.469531,-27.295508],[31.274023,-27.238379],[31.063379,-27.112305],[30.938086,-26.91582],[30.883301,-26.792383],[30.806738,-26.785254],[30.794336,-26.764258],[30.7875,-26.613672],[30.789062,-26.455469],[30.80332,-26.413477],[30.945215,-26.21875],[31.033301,-26.097754],[31.088086,-25.980664],[31.207324,-25.843359],[31.335156,-25.755566],[31.382617,-25.742969],[31.415137,-25.746582],[31.64043,-25.867285],[31.871484,-25.981641],[31.92168,-25.96875],[31.948242,-25.957617]]]}},{"type":"Feature","bbox":[24.147363,3.490723,35.268359,12.223096],"properties":{"featurecla":"Admin-0 country","scalerank":1,"LABELRANK":3,"SOVEREIGNT":"South Sudan","SOV_A3":"SDS","ADM0_DIF":0,"LEVEL":2,"TYPE":"Sovereign country","TLC":"1","ADMIN":"South Sudan","ADM0_A3":"SDS","GEOU_DIF":0,"GEOUNIT":"South Sudan","GU_A3":"SDS","SU_DIF":0,"SUBUNIT":"South Sudan","SU_A3":"SDS","BRK_DIFF":0,"NAME":"S. Sudan","NAME_LONG":"South Sudan","BRK_A3":"SDS","BRK_NAME":"S. Sudan","BRK_GROUP":null,"ABBREV":"S. Sud.","POSTAL":"SS","FORMAL_EN":"Republic of South Sudan","FORMAL_FR":null,"NAME_CIAWF":"South Sudan","NOTE_ADM0":null,"NOTE_BRK":null,"NAME_SORT":"South Sudan","NAME_ALT":null,"MAPCOLOR7":1,"MAPCOLOR8":3,"MAPCOLOR9":3,"MAPCOLOR13":5,"POP_EST":11062113,"POP_RANK":14,"POP_YEAR":2019,"GDP_MD":11998,"GDP_YEAR":2015,"ECONOMY":"7. Least developed region","INCOME_GRP":"5. Low income","FIPS_10":"-99","ISO_A2":"SS","ISO_A2_EH":"SS","ISO_A3":"SSD","ISO_A3_EH":"SSD","ISO_N3":"728","ISO_N3_EH":"728","UN_A3":"728","WB_A2":"SS","WB_A3":"SSD","WOE_ID":-99,"WOE_ID_EH":-99,"WOE_NOTE":"Includes states of 20069899, 20069897, 20069898, 20069901, 20069909, and 20069908 but maybe more?","ADM0_ISO":"SSD","ADM0_DIFF":"1","ADM0_TLC":"SDS","ADM0_A3_US":"SDS","ADM0_A3_FR":"SDS","ADM0_A3_RU":"SDS","ADM0_A3_ES":"SDS","ADM0_A3_CN":"SDS","ADM0_A3_TW":"SDS","ADM0_A3_IN":"SDS","ADM0_A3_NP":"SDS","ADM0_A3_PK":"SDS","ADM0_A3_DE":"SDS","ADM0_A3_GB":"SDS","ADM0_A3_BR":"SDS","ADM0_A3_IL":"SDS","ADM0_A3_PS":"SDS","ADM0_A3_SA":"SDS","ADM0_A3_EG":"SDS","ADM0_A3_MA":"SDS","ADM0_A3_PT":"SDS","ADM0_A3_AR":"SDS","ADM0_A3_JP":"SDS","ADM0_A3_KO":"SDS","ADM0_A3_VN":"SDS","ADM0_A3_TR":"SDS","ADM0_A3_ID":"SDS","ADM0_A3_PL":"SDS","ADM0_A3_GR":"SDS","ADM0_A3_IT":"SDS","ADM0_A3_NL":"SDS","ADM0_A3_SE":"SDS","ADM0_A3_BD":"SDS","ADM0_A3_UA":"SDS","ADM0_A3_UN":-99,"ADM0_A3_WB":-99,"CONTINENT":"Africa","REGION_UN":"Africa","SUBREGION":"Eastern Africa","REGION_WB":"Sub-Saharan Africa","NAME_LEN":8,"LONG_LEN":11,"ABBREV_LEN":7,"TINY":-99,"HOMEPART":1,"MIN_ZOOM":0,"MIN_LABEL":3,"MAX_LABEL":8,"LABEL_X":30.390151,"LABEL_Y":7.230477,"NE_ID":1159321235,"WIKIDATAID":"Q958","NAME_AR":"جنوب السودان","NAME_BN":"দক্ষিণ সুদান","NAME_DE":"Südsudan","NAME_EN":"South Sudan","NAME_ES":"Sudán del Sur","NAME_FA":"سودان جنوبی","NAME_FR":"Soudan du Sud","NAME_EL":"Νότιο Σουδάν","NAME_HE":"דרום סודאן","NAME_HI":"दक्षिण सूडान","NAME_HU":"Dél-Szudán","NAME_ID":"Sudan Selatan","NAME_IT":"Sudan del Sud","NAME_JA":"南スーダン","NAME_KO":"남수단","NAME_NL":"Zuid-Soedan","NAME_PL":"Sudan Południowy","NAME_PT":"Sudão do Sul","NAME_RU":"Южный Судан","NAME_SV":"Sydsudan","NAME_TR":"Güney Sudan","NAME_UK":"Південний Судан","NAME_UR":"جنوبی سوڈان","NAME_VI":"Nam Sudan","NAME_ZH":"南苏丹","NAME_ZHT":"南蘇丹","FCLASS_ISO":"Admin-0 country","TLC_DIFF":null,"FCLASS_TLC":"Admin-0 country","FCLASS_US":null,"FCLASS_FR":null,"FCLASS_RU":null,"FCLASS_ES":null,"FCLASS_CN":null,"FCLASS_TW":null,"FCLASS_IN":null,"FCLASS_NP":null,"FCLASS_PK":null,"FCLASS_DE":null,"FCLASS_GB":null,"FCLASS_BR":null,"FCLASS_IL":null,"FCLASS_PS":null,"FCLASS_SA":null,"FCLASS_EG":null,"FCLASS_MA":null,"FCLASS_PT":null,"FCLASS_AR":null,"FCLASS_JP":null,"FCLASS_KO":null,"FCLASS_VN":null,"FCLASS_TR":null,"FCLASS_ID":null,"FCLASS_PL":null,"FCLASS_GR":null,"FCLASS_IT":null,"FCLASS_NL":null,"FCLASS_SE":null,"FCLASS_BD":null,"FCLASS_UA":null},"geometry":{"type":"Polygon","coordinates":[[[33.976074,4.220215],[33.741602,3.985254],[33.568457,3.811719],[33.539551,3.787109],[33.489355,3.755078],[33.324316,3.754346],[33.154102,3.774707],[32.997266,3.880176],[32.838086,3.798486],[32.737109,3.772705],[32.676953,3.763184],[32.534766,3.749951],[32.335742,3.706201],[32.245508,3.651318],[32.19668,3.607812],[32.15625,3.528027],[32.135938,3.519727],[32.099414,3.529199],[32.048242,3.561182],[31.941797,3.607568],[31.888281,3.709082],[31.838672,3.770459],[31.798047,3.802637],[31.628906,3.701465],[31.547168,3.677588],[31.47998,3.680469],[31.357422,3.737598],[31.221973,3.785937],[31.152344,3.785596],[31.048047,3.725],[30.929395,3.634082],[30.868164,3.544141],[30.838574,3.490723],[30.816895,3.53335],[30.796973,3.573145],[30.757227,3.624219],[30.699902,3.644092],[30.647656,3.634131],[30.586719,3.624219],[30.559375,3.652783],[30.553516,3.722949],[30.536914,3.787207],[30.508301,3.835693],[30.420703,3.883887],[30.194922,3.981934],[30.021387,4.177637],[29.933984,4.268506],[29.870215,4.327148],[29.779883,4.480957],[29.676855,4.586914],[29.552051,4.636035],[29.469629,4.611816],[29.384863,4.498389],[29.224902,4.391895],[29.151465,4.388184],[29.057422,4.445947],[28.939355,4.487061],[28.727051,4.50498],[28.639551,4.454492],[28.524805,4.372852],[28.427539,4.32417],[28.367188,4.318652],[28.311035,4.338037],[28.247266,4.348535],[28.19209,4.350244],[28.078613,4.424805],[28.019824,4.479395],[27.980664,4.53208],[27.916602,4.56792],[27.841602,4.597754],[27.788086,4.644678],[27.761426,4.703223],[27.719238,4.77832],[27.66416,4.845996],[27.491016,4.967578],[27.439258,5.039209],[27.40332,5.10918],[27.332422,5.186328],[27.256738,5.289648],[27.23252,5.440771],[27.229102,5.5625],[27.213379,5.618799],[27.18125,5.675146],[27.143945,5.722949],[27.083398,5.776855],[26.942285,5.854932],[26.796484,5.945508],[26.726367,5.998242],[26.593652,6.017529],[26.514258,6.069238],[26.447461,6.183008],[26.420508,6.27417],[26.35332,6.344922],[26.324609,6.39624],[26.308594,6.455322],[26.361816,6.635303],[26.28457,6.699023],[26.169336,6.781738],[26.086914,6.872119],[26.036523,6.955225],[25.888965,7.064941],[25.566602,7.228711],[25.380664,7.333398],[25.278906,7.42749],[25.190137,7.519336],[25.181348,7.557227],[25.238672,7.648975],[25.247363,7.724561],[25.200391,7.80791],[25.007227,7.964844],[24.85332,8.137549],[24.736719,8.191553],[24.456055,8.239453],[24.375488,8.258447],[24.291406,8.291406],[24.208398,8.369141],[24.17998,8.461133],[24.220898,8.608252],[24.194824,8.653369],[24.147363,8.665625],[24.160449,8.696289],[24.213574,8.767822],[24.300195,8.814258],[24.531934,8.886914],[24.544824,8.914844],[24.549414,9.006787],[24.568262,9.051709],[24.648047,9.179102],[24.659375,9.229932],[24.662891,9.338135],[24.673633,9.389307],[24.69668,9.425684],[24.760352,9.488916],[24.782617,9.527344],[24.792188,9.610303],[24.785254,9.774658],[24.817676,9.8396],[24.963867,9.988867],[25.00293,10.055273],[25.016211,10.115234],[25.014844,10.175879],[25.023633,10.235791],[25.066992,10.293799],[25.104004,10.311816],[25.211719,10.329932],[25.285156,10.318506],[25.798047,10.420508],[25.858203,10.406494],[25.885254,10.346094],[25.882812,10.249609],[25.891504,10.202734],[25.919141,10.169336],[26.000586,10.123437],[26.057031,10.046777],[26.087012,10.018457],[26.169531,9.965918],[26.551367,9.52583],[26.658691,9.484131],[26.763184,9.499219],[26.970508,9.590625],[27.074219,9.613818],[27.799805,9.587891],[27.880859,9.601611],[27.88584,9.599658],[27.996289,9.378809],[28.048926,9.328613],[28.844531,9.326074],[28.829395,9.388818],[28.839453,9.459082],[28.932324,9.549463],[28.97959,9.594189],[28.97959,9.593994],[28.999609,9.610156],[29.122363,9.674658],[29.242383,9.718066],[29.473145,9.768604],[29.557422,9.848291],[29.603906,9.921387],[29.605469,10.065088],[29.635938,10.088623],[29.691016,10.121924],[29.95791,10.250244],[30.003027,10.277393],[30.474609,9.978955],[30.739355,9.742676],[30.755371,9.731201],[30.769141,9.726807],[30.783105,9.734961],[30.794922,9.74585],[30.81416,9.753125],[30.827051,9.756299],[30.940332,9.759375],[31.154492,9.770947],[31.224902,9.799268],[31.654883,10.221143],[31.764258,10.355713],[31.791992,10.383154],[31.854297,10.479053],[31.919922,10.643848],[31.933008,10.6625],[32.404102,11.057764],[32.420801,11.089111],[32.425391,11.113965],[32.354199,11.246924],[32.338867,11.314502],[32.335742,11.418555],[32.349902,11.58042],[32.344922,11.682715],[32.343066,11.694287],[32.338477,11.710107],[32.335352,11.716016],[32.072266,12.006738],[32.736719,12.009668],[32.738281,12.03374],[32.737695,12.046436],[32.735645,12.058057],[32.723047,12.09292],[32.71582,12.139258],[32.715332,12.152197],[32.716309,12.164844],[32.720117,12.188818],[32.720508,12.201807],[32.719824,12.208008],[32.718555,12.21377],[32.718945,12.218848],[32.721875,12.223096],[33.199316,12.217285],[33.193066,12.13501],[33.135059,11.941602],[33.136133,11.825586],[33.122461,11.693164],[33.119141,11.682422],[33.106055,11.653857],[33.094629,11.6375],[33.081543,11.621729],[33.077832,11.615771],[33.07334,11.606104],[33.073047,11.591504],[33.172168,10.850146],[33.168457,10.831445],[33.164746,10.819189],[33.138281,10.772949],[33.131445,10.757715],[33.130078,10.745947],[33.14082,10.737891],[33.360742,10.657812],[33.371387,10.652734],[33.379883,10.646191],[33.459082,10.55083],[33.892188,10.198975],[33.907031,10.181445],[33.951855,10.070947],[33.956836,10.054199],[33.958398,10.027734],[33.957324,10.007178],[33.946191,9.940918],[33.949902,9.911133],[33.957324,9.891455],[33.963281,9.868701],[33.963281,9.861768],[33.9625,9.855811],[33.95918,9.845264],[33.894922,9.717627],[33.874023,9.626758],[33.867773,9.550342],[33.871484,9.506152],[33.878809,9.477734],[33.882129,9.471191],[33.884863,9.466406],[33.887891,9.463525],[33.890918,9.462207],[34.076758,9.461523],[34.078125,9.461523],[34.077148,9.420996],[34.08457,9.218506],[34.091016,9.04126],[34.101562,8.751855],[34.101758,8.676367],[34.094531,8.582227],[34.072754,8.545264],[34.019727,8.49209],[33.95332,8.443506],[33.785059,8.431104],[33.644824,8.432568],[33.545313,8.443408],[33.409375,8.447754],[33.281055,8.437256],[33.234277,8.396387],[33.165234,8.251074],[33.065234,8.040479],[33.012598,7.951514],[32.998926,7.899512],[33.014648,7.868555],[33.080762,7.82373],[33.225977,7.760645],[33.392285,7.72373],[33.516309,7.707764],[33.600977,7.69043],[33.666113,7.670996],[33.902441,7.509521],[33.97793,7.43457],[34.02041,7.367969],[34.030176,7.296973],[34.064258,7.225732],[34.200391,7.08457],[34.279297,7.002832],[34.484375,6.898389],[34.562793,6.779834],[34.63877,6.722168],[34.710645,6.660303],[34.749219,6.567871],[34.838086,6.300146],[34.897852,6.159814],[34.958984,6.045068],[34.983594,5.858301],[35.031934,5.774902],[35.081934,5.673145],[35.164453,5.581201],[35.252441,5.511035],[35.268359,5.492285],[35.084473,5.311865],[34.87832,5.10957],[34.639844,4.875488],[34.380176,4.620654],[34.176855,4.419092],[33.976074,4.220215]]]}},{"type":"Feature","bbox":[21.825293,8.665625,38.609473,22.202441],"properties":{"featurecla":"Admin-0 country","scalerank":1,"LABELRANK":3,"SOVEREIGNT":"Sudan","SOV_A3":"SDN","ADM0_DIF":0,"LEVEL":2,"TYPE":"Sovereign country","TLC":"1","ADMIN":"Sudan","ADM0_A3":"SDN","GEOU_DIF":0,"GEOUNIT":"Sudan","GU_A3":"SDN","SU_DIF":0,"SUBUNIT":"Sudan","SU_A3":"SDN","BRK_DIFF":0,"NAME":"Sudan","NAME_LONG":"Sudan","BRK_A3":"SDN","BRK_NAME":"Sudan","BRK_GROUP":null,"ABBREV":"Sudan","POSTAL":"SD","FORMAL_EN":"Republic of the Sudan","FORMAL_FR":null,"NAME_CIAWF":"Sudan","NOTE_ADM0":null,"NOTE_BRK":null,"NAME_SORT":"Sudan","NAME_ALT":null,"MAPCOLOR7":2,"MAPCOLOR8":6,"MAPCOLOR9":4,"MAPCOLOR13":1,"POP_EST":42813238,"POP_RANK":15,"POP_YEAR":2019,"GDP_MD":30513,"GDP_YEAR":2019,"ECONOMY":"6. Developing region","INCOME_GRP":"4. Lower middle income","FIPS_10":"SU","ISO_A2":"SD","ISO_A2_EH":"SD","ISO_A3":"SDN","ISO_A3_EH":"SDN","ISO_N3":"729","ISO_N3_EH":"729","UN_A3":"729","WB_A2":"SD","WB_A3":"SDN","WOE_ID":-90,"WOE_ID_EH":23424952,"WOE_NOTE":"Almost all FLickr photos are in the north.","ADM0_ISO":"SDZ","ADM0_DIFF":null,"ADM0_TLC":"SDZ","ADM0_A3_US":"SDN","ADM0_A3_FR":"SDN","ADM0_A3_RU":"SDN","ADM0_A3_ES":"SDN","ADM0_A3_CN":"SDN","ADM0_A3_TW":"SDN","ADM0_A3_IN":"SDN","ADM0_A3_NP":"SDN","ADM0_A3_PK":"SDN","ADM0_A3_DE":"SDN","ADM0_A3_GB":"SDN","ADM0_A3_BR":"SDN","ADM0_A3_IL":"SDN","ADM0_A3_PS":"SDN","ADM0_A3_SA":"SDN","ADM0_A3_EG":"SDN","ADM0_A3_MA":"SDN","ADM0_A3_PT":"SDN","ADM0_A3_AR":"SDN","ADM0_A3_JP":"SDN","ADM0_A3_KO":"SDN","ADM0_A3_VN":"SDN","ADM0_A3_TR":"SDN","ADM0_A3_ID":"SDN","ADM0_A3_PL":"SDN","ADM0_A3_GR":"SDN","ADM0_A3_IT":"SDN","ADM0_A3_NL":"SDN","ADM0_A3_SE":"SDN","ADM0_A3_BD":"SDN","ADM0_A3_UA":"SDN","ADM0_A3_UN":-99,"ADM0_A3_WB":-99,"CONTINENT":"Africa","REGION_UN":"Africa","SUBREGION":"Northern Africa","REGION_WB":"Sub-Saharan Africa","NAME_LEN":5,"LONG_LEN":5,"ABBREV_LEN":5,"TINY":-99,"HOMEPART":1,"MIN_ZOOM":0,"MIN_LABEL":2.5,"MAX_LABEL":8,"LABEL_X":29.260657,"LABEL_Y":16.330746,"NE_ID":1159321229,"WIKIDATAID":"Q1049","NAME_AR":"السودان","NAME_BN":"সুদান","NAME_DE":"Sudan","NAME_EN":"Sudan","NAME_ES":"Sudán","NAME_FA":"سودان","NAME_FR":"Soudan","NAME_EL":"Σουδάν","NAME_HE":"סודאן","NAME_HI":"सूडान","NAME_HU":"Szudán","NAME_ID":"Sudan","NAME_IT":"Sudan","NAME_JA":"スーダン","NAME_KO":"수단","NAME_NL":"Soedan","NAME_PL":"Sudan","NAME_PT":"Sudão","NAME_RU":"Судан","NAME_SV":"Sudan","NAME_TR":"Sudan","NAME_UK":"Судан","NAME_UR":"سوڈان","NAME_VI":"Sudan","NAME_ZH":"苏丹","NAME_ZHT":"蘇丹","FCLASS_ISO":"Admin-0 country","TLC_DIFF":null,"FCLASS_TLC":"Admin-0 country","FCLASS_US":null,"FCLASS_FR":null,"FCLASS_RU":null,"FCLASS_ES":null,"FCLASS_CN":null,"FCLASS_TW":null,"FCLASS_IN":null,"FCLASS_NP":null,"FCLASS_PK":null,"FCLASS_DE":null,"FCLASS_GB":null,"FCLASS_BR":null,"FCLASS_IL":null,"FCLASS_PS":null,"FCLASS_SA":null,"FCLASS_EG":null,"FCLASS_MA":null,"FCLASS_PT":null,"FCLASS_AR":null,"FCLASS_JP":null,"FCLASS_KO":null,"FCLASS_VN":null,"FCLASS_TR":null,"FCLASS_ID":null,"FCLASS_PL":null,"FCLASS_GR":null,"FCLASS_IT":null,"FCLASS_NL":null,"FCLASS_SE":null,"FCLASS_BD":null,"FCLASS_UA":null},"geometry":{"type":"Polygon","coordinates":[[[34.078125,9.461523],[34.076758,9.461523],[33.890918,9.462207],[33.887891,9.463525],[33.884863,9.466406],[33.882129,9.471191],[33.878809,9.477734],[33.871484,9.506152],[33.867773,9.550342],[33.874023,9.626758],[33.894922,9.717627],[33.95918,9.845264],[33.9625,9.855811],[33.963281,9.861768],[33.963281,9.868701],[33.957324,9.891455],[33.949902,9.911133],[33.946191,9.940918],[33.957324,10.007178],[33.958398,10.027734],[33.956836,10.054199],[33.951855,10.070947],[33.907031,10.181445],[33.892188,10.198975],[33.459082,10.55083],[33.379883,10.646191],[33.371387,10.652734],[33.360742,10.657812],[33.14082,10.737891],[33.130078,10.745947],[33.131445,10.757715],[33.138281,10.772949],[33.164746,10.819189],[33.168457,10.831445],[33.172168,10.850146],[33.073047,11.591504],[33.07334,11.606104],[33.077832,11.615771],[33.081543,11.621729],[33.094629,11.6375],[33.106055,11.653857],[33.119141,11.682422],[33.122461,11.693164],[33.136133,11.825586],[33.135059,11.941602],[33.193066,12.13501],[33.199316,12.217285],[32.721875,12.223096],[32.718945,12.218848],[32.718555,12.21377],[32.719824,12.208008],[32.720508,12.201807],[32.720117,12.188818],[32.716309,12.164844],[32.715332,12.152197],[32.71582,12.139258],[32.723047,12.09292],[32.735645,12.058057],[32.737695,12.046436],[32.738281,12.03374],[32.736719,12.009668],[32.072266,12.006738],[32.335352,11.716016],[32.338477,11.710107],[32.343066,11.694287],[32.344922,11.682715],[32.349902,11.58042],[32.335742,11.418555],[32.338867,11.314502],[32.354199,11.246924],[32.425391,11.113965],[32.420801,11.089111],[32.404102,11.057764],[31.933008,10.6625],[31.919922,10.643848],[31.854297,10.479053],[31.791992,10.383154],[31.764258,10.355713],[31.654883,10.221143],[31.224902,9.799268],[31.154492,9.770947],[30.940332,9.759375],[30.827051,9.756299],[30.81416,9.753125],[30.794922,9.74585],[30.783105,9.734961],[30.769141,9.726807],[30.755371,9.731201],[30.739355,9.742676],[30.474609,9.978955],[30.003027,10.277393],[29.95791,10.250244],[29.691016,10.121924],[29.635938,10.088623],[29.605469,10.065088],[29.603906,9.921387],[29.557422,9.848291],[29.473145,9.768604],[29.242383,9.718066],[29.122363,9.674658],[28.999609,9.610156],[28.97959,9.593994],[28.97959,9.594189],[28.932324,9.549463],[28.839453,9.459082],[28.829395,9.388818],[28.844531,9.326074],[28.048926,9.328613],[27.996289,9.378809],[27.88584,9.599658],[27.880859,9.601611],[27.799805,9.587891],[27.074219,9.613818],[26.970508,9.590625],[26.763184,9.499219],[26.658691,9.484131],[26.551367,9.52583],[26.169531,9.965918],[26.087012,10.018457],[26.057031,10.046777],[26.000586,10.123437],[25.919141,10.169336],[25.891504,10.202734],[25.882812,10.249609],[25.885254,10.346094],[25.858203,10.406494],[25.798047,10.420508],[25.285156,10.318506],[25.211719,10.329932],[25.104004,10.311816],[25.066992,10.293799],[25.023633,10.235791],[25.014844,10.175879],[25.016211,10.115234],[25.00293,10.055273],[24.963867,9.988867],[24.817676,9.8396],[24.785254,9.774658],[24.792188,9.610303],[24.782617,9.527344],[24.760352,9.488916],[24.69668,9.425684],[24.673633,9.389307],[24.662891,9.338135],[24.659375,9.229932],[24.648047,9.179102],[24.568262,9.051709],[24.549414,9.006787],[24.544824,8.914844],[24.531934,8.886914],[24.300195,8.814258],[24.213574,8.767822],[24.160449,8.696289],[24.147363,8.665625],[24.048145,8.691309],[23.921973,8.709717],[23.679297,8.732471],[23.583203,8.76582],[23.537305,8.81582],[23.551855,8.943213],[23.528027,8.970605],[23.489063,8.993311],[23.462793,9.048486],[23.468262,9.114746],[23.596094,9.261914],[23.622656,9.340625],[23.642773,9.613916],[23.65625,9.710352],[23.646289,9.8229],[23.54502,10.030078],[23.456641,10.174268],[23.312305,10.387939],[23.255859,10.457812],[22.964355,10.751807],[22.930762,10.795312],[22.860059,10.919678],[22.894824,11.029004],[22.937695,11.192041],[22.942773,11.267187],[22.922656,11.344873],[22.849023,11.403271],[22.783398,11.409961],[22.754004,11.439844],[22.697363,11.482666],[22.641016,11.515918],[22.591113,11.579883],[22.556348,11.669531],[22.580957,11.990137],[22.564355,12.032959],[22.489844,12.044727],[22.472461,12.067773],[22.475488,12.129248],[22.435254,12.311914],[22.390234,12.462988],[22.414453,12.546387],[22.352344,12.660449],[22.233398,12.709473],[22.121191,12.69458],[22.000684,12.671875],[21.928125,12.678125],[21.878125,12.699365],[21.843359,12.741211],[21.825293,12.790527],[21.841797,12.864746],[21.907715,13.000977],[21.990234,13.113086],[22.158008,13.215039],[22.202637,13.269336],[22.228125,13.32959],[22.232617,13.398779],[22.221387,13.471631],[22.202344,13.538086],[22.15293,13.626416],[22.107617,13.730322],[22.106445,13.799805],[22.128223,13.850146],[22.173145,13.910596],[22.262109,13.978711],[22.283496,13.992334],[22.339355,14.028857],[22.388184,14.055518],[22.509961,14.127441],[22.538574,14.161865],[22.528223,14.203223],[22.49834,14.237061],[22.449316,14.284229],[22.439355,14.342139],[22.425,14.441211],[22.399707,14.504199],[22.381543,14.550488],[22.416211,14.585205],[22.467773,14.63335],[22.532031,14.662744],[22.631836,14.688086],[22.670898,14.722461],[22.682422,14.788623],[22.679199,14.851465],[22.714941,14.898389],[22.763281,14.998682],[22.802148,15.044434],[22.867188,15.096631],[22.932324,15.162109],[22.961328,15.238135],[22.969531,15.311328],[22.933887,15.533105],[23.00918,15.62583],[23.105176,15.702539],[23.243457,15.697217],[23.458008,15.713965],[23.604004,15.745996],[23.708203,15.744971],[23.945996,15.703516],[23.965234,15.713428],[23.970801,15.721533],[23.983398,15.780176],[23.983301,15.928125],[23.98291,16.374219],[23.98252,16.820264],[23.982227,17.266357],[23.981836,17.712402],[23.981445,18.158496],[23.981055,18.604541],[23.980664,19.050586],[23.980273,19.496631],[23.980273,19.621484],[23.980273,19.746289],[23.980273,19.871094],[23.980273,19.995947],[24.226953,19.99585],[24.473633,19.995703],[24.72041,19.995557],[24.966992,19.995459],[24.970215,19.997266],[24.973242,19.999023],[24.976367,20.000781],[24.979492,20.002588],[24.979688,20.500928],[24.979883,20.999219],[24.980078,21.497559],[24.980273,21.99585],[25.362305,21.995801],[25.744336,21.995752],[26.126367,21.995654],[26.508398,21.995605],[26.89043,21.995557],[27.272461,21.995508],[27.654492,21.995459],[28.036426,21.995361],[28.418555,21.995312],[28.800586,21.995264],[29.18252,21.995215],[29.564551,21.995117],[29.94668,21.995117],[30.328613,21.99502],[30.710645,21.994922],[31.092676,21.994873],[31.20918,21.994873],[31.260645,22.002295],[31.358496,22.188623],[31.400293,22.202441],[31.464258,22.191504],[31.486133,22.147803],[31.466406,22.084668],[31.434473,21.99585],[31.62168,21.99585],[31.949805,21.995898],[32.277832,21.995996],[32.606055,21.995996],[32.934082,21.996094],[33.262207,21.996143],[33.590332,21.996191],[33.918457,21.99624],[34.246484,21.996289],[34.574609,21.996338],[34.902734,21.996387],[35.230859,21.996436],[35.558984,21.996484],[35.887012,21.996533],[36.215234,21.996582],[36.543262,21.996631],[36.871387,21.996729],[36.882617,21.768799],[36.926953,21.586523],[37.081152,21.326025],[37.211719,21.18584],[37.258594,21.108545],[37.263184,21.072656],[37.257227,21.039404],[37.21748,21.077637],[37.150586,21.10376],[37.141113,20.981787],[37.156836,20.894922],[37.172656,20.731982],[37.227539,20.556738],[37.187891,20.394922],[37.193164,20.120703],[37.262598,19.791895],[37.248438,19.581885],[37.361523,19.091992],[37.471289,18.820117],[37.531641,18.753125],[37.599414,18.717432],[37.729785,18.694336],[37.921875,18.555908],[38.074023,18.409766],[38.128125,18.333301],[38.201758,18.249414],[38.252148,18.264404],[38.283105,18.286719],[38.33291,18.219043],[38.574023,18.072949],[38.609473,18.005078],[38.522852,17.938525],[38.422461,17.823926],[38.397168,17.778369],[38.385547,17.75127],[38.37373,17.717334],[38.347363,17.683594],[38.289844,17.637012],[38.267285,17.616699],[38.253516,17.584766],[38.219043,17.563965],[38.181543,17.562842],[38.148535,17.548535],[38.098926,17.526465],[38.025293,17.537793],[37.950098,17.517676],[37.922559,17.492334],[37.862988,17.470264],[37.80332,17.465527],[37.782422,17.458008],[37.725977,17.420508],[37.656738,17.368262],[37.575977,17.33501],[37.547461,17.324121],[37.510156,17.288135],[37.45293,17.108691],[37.411035,17.061719],[37.34043,17.05708],[37.248828,17.056885],[37.169531,17.041406],[37.061523,17.061279],[37.008984,17.058887],[36.995215,17.020557],[36.975781,16.866553],[36.978711,16.800586],[36.935742,16.722363],[36.887793,16.624658],[36.905469,16.459521],[36.91377,16.296191],[36.825879,16.050293],[36.813477,15.993945],[36.724512,15.798877],[36.679199,15.726367],[36.566016,15.362109],[36.521777,15.250146],[36.426758,15.13208],[36.448145,14.940088],[36.470801,14.736475],[36.492285,14.544336],[36.524316,14.256836],[36.443945,13.988428],[36.44707,13.842041],[36.390625,13.626074],[36.346289,13.52627],[36.306836,13.466846],[36.273535,13.405762],[36.212207,13.271094],[36.160156,13.093311],[36.137109,12.911133],[36.135352,12.805322],[36.125195,12.757031],[36.10752,12.726465],[35.987598,12.706299],[35.820605,12.684863],[35.730566,12.661035],[35.670215,12.62373],[35.596094,12.537305],[35.449609,12.300586],[35.372754,12.155566],[35.252441,11.957031],[35.112305,11.816553],[35.082715,11.748291],[35.059668,11.621045],[35.00791,11.419873],[34.960742,11.276758],[34.969141,11.161768],[34.924902,10.962109],[34.931445,10.864795],[34.882324,10.810547],[34.816211,10.75918],[34.771289,10.746191],[34.675,10.804932],[34.601758,10.864551],[34.571875,10.880176],[34.508008,10.842871],[34.431445,10.787842],[34.343945,10.658643],[34.275684,10.528125],[34.314844,10.251562],[34.31123,10.190869],[34.291504,10.124756],[34.185254,9.918555],[34.159082,9.853418],[34.120313,9.729687],[34.079297,9.513477],[34.078125,9.461523]]]}},{"type":"Feature","bbox":[79.707812,5.949365,81.876953,9.812695],"properties":{"featurecla":"Admin-0 country","scalerank":4,"LABELRANK":3,"SOVEREIGNT":"Sri Lanka","SOV_A3":"LKA","ADM0_DIF":0,"LEVEL":2,"TYPE":"Sovereign country","TLC":"1","ADMIN":"Sri Lanka","ADM0_A3":"LKA","GEOU_DIF":0,"GEOUNIT":"Sri Lanka","GU_A3":"LKA","SU_DIF":0,"SUBUNIT":"Sri Lanka","SU_A3":"LKA","BRK_DIFF":0,"NAME":"Sri Lanka","NAME_LONG":"Sri Lanka","BRK_A3":"LKA","BRK_NAME":"Sri Lanka","BRK_GROUP":null,"ABBREV":"Sri L.","POSTAL":"LK","FORMAL_EN":"Democratic Socialist Republic of Sri Lanka","FORMAL_FR":null,"NAME_CIAWF":"Sri Lanka","NOTE_ADM0":null,"NOTE_BRK":null,"NAME_SORT":"Sri Lanka","NAME_ALT":null,"MAPCOLOR7":3,"MAPCOLOR8":5,"MAPCOLOR9":4,"MAPCOLOR13":9,"POP_EST":21803000,"POP_RANK":15,"POP_YEAR":2019,"GDP_MD":84008,"GDP_YEAR":2019,"ECONOMY":"6. Developing region","INCOME_GRP":"4. Lower middle income","FIPS_10":"CE","ISO_A2":"LK","ISO_A2_EH":"LK","ISO_A3":"LKA","ISO_A3_EH":"LKA","ISO_N3":"144","ISO_N3_EH":"144","UN_A3":"144","WB_A2":"LK","WB_A3":"LKA","WOE_ID":23424778,"WOE_ID_EH":23424778,"WOE_NOTE":"Exact WOE match as country","ADM0_ISO":"LKA","ADM0_DIFF":null,"ADM0_TLC":"LKA","ADM0_A3_US":"LKA","ADM0_A3_FR":"LKA","ADM0_A3_RU":"LKA","ADM0_A3_ES":"LKA","ADM0_A3_CN":"LKA","ADM0_A3_TW":"LKA","ADM0_A3_IN":"LKA","ADM0_A3_NP":"LKA","ADM0_A3_PK":"LKA","ADM0_A3_DE":"LKA","ADM0_A3_GB":"LKA","ADM0_A3_BR":"LKA","ADM0_A3_IL":"LKA","ADM0_A3_PS":"LKA","ADM0_A3_SA":"LKA","ADM0_A3_EG":"LKA","ADM0_A3_MA":"LKA","ADM0_A3_PT":"LKA","ADM0_A3_AR":"LKA","ADM0_A3_JP":"LKA","ADM0_A3_KO":"LKA","ADM0_A3_VN":"LKA","ADM0_A3_TR":"LKA","ADM0_A3_ID":"LKA","ADM0_A3_PL":"LKA","ADM0_A3_GR":"LKA","ADM0_A3_IT":"LKA","ADM0_A3_NL":"LKA","ADM0_A3_SE":"LKA","ADM0_A3_BD":"LKA","ADM0_A3_UA":"LKA","ADM0_A3_UN":-99,"ADM0_A3_WB":-99,"CONTINENT":"Asia","REGION_UN":"Asia","SUBREGION":"Southern Asia","REGION_WB":"South Asia","NAME_LEN":9,"LONG_LEN":9,"ABBREV_LEN":6,"TINY":-99,"HOMEPART":1,"MIN_ZOOM":0,"MIN_LABEL":3,"MAX_LABEL":8,"LABEL_X":80.704823,"LABEL_Y":7.581097,"NE_ID":1159321025,"WIKIDATAID":"Q854","NAME_AR":"سريلانكا","NAME_BN":"শ্রীলঙ্কা","NAME_DE":"Sri Lanka","NAME_EN":"Sri Lanka","NAME_ES":"Sri Lanka","NAME_FA":"سریلانکا","NAME_FR":"Sri Lanka","NAME_EL":"Σρι Λάνκα","NAME_HE":"סרי לנקה","NAME_HI":"श्रीलंका","NAME_HU":"Srí Lanka","NAME_ID":"Sri Lanka","NAME_IT":"Sri Lanka","NAME_JA":"スリランカ","NAME_KO":"스리랑카","NAME_NL":"Sri Lanka","NAME_PL":"Sri Lanka","NAME_PT":"Sri Lanka","NAME_RU":"Шри-Ланка","NAME_SV":"Sri Lanka","NAME_TR":"Sri Lanka","NAME_UK":"Шрі-Ланка","NAME_UR":"سری لنکا","NAME_VI":"Sri Lanka","NAME_ZH":"斯里兰卡","NAME_ZHT":"斯里蘭卡","FCLASS_ISO":"Admin-0 country","TLC_DIFF":null,"FCLASS_TLC":"Admin-0 country","FCLASS_US":null,"FCLASS_FR":null,"FCLASS_RU":null,"FCLASS_ES":null,"FCLASS_CN":null,"FCLASS_TW":null,"FCLASS_IN":null,"FCLASS_NP":null,"FCLASS_PK":null,"FCLASS_DE":null,"FCLASS_GB":null,"FCLASS_BR":null,"FCLASS_IL":null,"FCLASS_PS":null,"FCLASS_SA":null,"FCLASS_EG":null,"FCLASS_MA":null,"FCLASS_PT":null,"FCLASS_AR":null,"FCLASS_JP":null,"FCLASS_KO":null,"FCLASS_VN":null,"FCLASS_TR":null,"FCLASS_ID":null,"FCLASS_PL":null,"FCLASS_GR":null,"FCLASS_IT":null,"FCLASS_NL":null,"FCLASS_SE":null,"FCLASS_BD":null,"FCLASS_UA":null},"geometry":{"type":"MultiPolygon","coordinates":[[],[],[]]}},{"type":"Feature","bbox":[-18.160547,27.646387,4.32207,43.764551],"properties":{"featurecla":"Admin-0 country","scalerank":4,"LABELRANK":2,"SOVEREIGNT":"Spain","SOV_A3":"ESP","ADM0_DIF":0,"LEVEL":2,"TYPE":"Sovereign country","TLC":"1","ADMIN":"Spain","ADM0_A3":"ESP","GEOU_DIF":0,"GEOUNIT":"Spain","GU_A3":"ESP","SU_DIF":0,"SUBUNIT":"Spain","SU_A3":"ESP","BRK_DIFF":0,"NAME":"Spain","NAME_LONG":"Spain","BRK_A3":"ESP","BRK_NAME":"Spain","BRK_GROUP":null,"ABBREV":"Sp.","POSTAL":"E","FORMAL_EN":"Kingdom of Spain","FORMAL_FR":null,"NAME_CIAWF":"Spain","NOTE_ADM0":null,"NOTE_BRK":null,"NAME_SORT":"Spain","NAME_ALT":null,"MAPCOLOR7":4,"MAPCOLOR8":5,"MAPCOLOR9":5,"MAPCOLOR13":5,"POP_EST":47076781,"POP_RANK":15,"POP_YEAR":2019,"GDP_MD":1393490,"GDP_YEAR":2019,"ECONOMY":"2. Developed region: nonG7","INCOME_GRP":"1. High income: OECD","FIPS_10":"SP","ISO_A2":"ES","ISO_A2_EH":"ES","ISO_A3":"ESP","ISO_A3_EH":"ESP","ISO_N3":"724","ISO_N3_EH":"724","UN_A3":"724","WB_A2":"ES","WB_A3":"ESP","WOE_ID":23424950,"WOE_ID_EH":23424950,"WOE_NOTE":"Exact WOE match as country","ADM0_ISO":"ESP","ADM0_DIFF":null,"ADM0_TLC":"ESP","ADM0_A3_US":"ESP","ADM0_A3_FR":"ESP","ADM0_A3_RU":"ESP","ADM0_A3_ES":"ESP","ADM0_A3_CN":"ESP","ADM0_A3_TW":"ESP","ADM0_A3_IN":"ESP","ADM0_A3_NP":"ESP","ADM0_A3_PK":"ESP","ADM0_A3_DE":"ESP","ADM0_A3_GB":"ESP","ADM0_A3_BR":"ESP","ADM0_A3_IL":"ESP","ADM0_A3_PS":"ESP","ADM0_A3_SA":"ESP","ADM0_A3_EG":"ESP","ADM0_A3_MA":"ESP","ADM0_A3_PT":"ESP","ADM0_A3_AR":"ESP","ADM0_A3_JP":"ESP","ADM0_A3_KO":"ESP","ADM0_A3_VN":"ESP","ADM0_A3_TR":"ESP","ADM0_A3_ID":"ESP","ADM0_A3_PL":"ESP","ADM0_A3_GR":"ESP","ADM0_A3_IT":"ESP","ADM0_A3_NL":"ESP","ADM0_A3_SE":"ESP","ADM0_A3_BD":"ESP","ADM0_A3_UA":"ESP","ADM0_A3_UN":-99,"ADM0_A3_WB":-99,"CONTINENT":"Europe","REGION_UN":"Europe","SUBREGION":"Southern Europe","REGION_WB":"Europe & Central Asia","NAME_LEN":5,"LONG_LEN":5,"ABBREV_LEN":3,"TINY":-99,"HOMEPART":1,"MIN_ZOOM":0,"MIN_LABEL":2,"MAX_LABEL":7,"LABEL_X":-3.464718,"LABEL_Y":40.090953,"NE_ID":1159320587,"WIKIDATAID":"Q29","NAME_AR":"إسبانيا","NAME_BN":"স্পেন","NAME_DE":"Spanien","NAME_EN":"Spain","NAME_ES":"España","NAME_FA":"اسپانیا","NAME_FR":"Espagne","NAME_EL":"Ισπανία","NAME_HE":"ספרד","NAME_HI":"स्पेन","NAME_HU":"Spanyolország","NAME_ID":"Spanyol","NAME_IT":"Spagna","NAME_JA":"スペイン","NAME_KO":"스페인","NAME_NL":"Spanje","NAME_PL":"Hiszpania","NAME_PT":"Espanha","NAME_RU":"Испания","NAME_SV":"Spanien","NAME_TR":"İspanya","NAME_UK":"Іспанія","NAME_UR":"ہسپانیہ","NAME_VI":"Tây Ban Nha","NAME_ZH":"西班牙","NAME_ZHT":"西班牙","FCLASS_ISO":"Admin-0 country","TLC_DIFF":null,"FCLASS_TLC":"Admin-0 country","FCLASS_US":null,"FCLASS_FR":null,"FCLASS_RU":null,"FCLASS_ES":null,"FCLASS_CN":null,"FCLASS_TW":null,"FCLASS_IN":null,"FCLASS_NP":null,"FCLASS_PK":null,"FCLASS_DE":null,"FCLASS_GB":null,"FCLASS_BR":null,"FCLASS_IL":null,"FCLASS_PS":null,"FCLASS_SA":null,"FCLASS_EG":null,"FCLASS_MA":null,"FCLASS_PT":null,"FCLASS_AR":null,"FCLASS_JP":null,"FCLASS_KO":null,"FCLASS_VN":null,"FCLASS_TR":null,"FCLASS_ID":null,"FCLASS_PL":null,"FCLASS_GR":null,"FCLASS_IT":null,"FCLASS_NL":null,"FCLASS_SE":null,"FCLASS_BD":null,"FCLASS_UA":null},"geometry":{"type":"MultiPolygon","coordinates":[[],[],[],[],[[[-1.6883161874213186,37.340381],[-1.797607,37.232861],[-1.939307,36.94585],[-2.111523,36.77666],[-2.187695,36.745459],[-2.305566,36.819824],[-2.452832,36.831152],[-2.595703,36.806494],[-2.670605,36.747559],[-2.787549,36.714746],[-2.901855,36.743164],[-3.14917,36.758496],[-3.259131,36.755762],[-3.43125,36.70791],[-3.578809,36.739844],[-3.827783,36.756055],[-4.366846,36.718115],[-4.434863,36.700244],[-4.502246,36.62915],[-4.674121,36.506445],[-4.935303,36.502051],[-5.171484,36.423779],[-5.230518,36.373633],[-5.329687,36.235742],[-5.360937,36.134912],[-5.381592,36.134082],[-5.407227,36.158887],[-5.443604,36.150586],[-5.4625,36.073779],[-5.55127,36.038818],[-5.625488,36.025928],[-5.808398,36.08833],[-5.960693,36.181738],[-6.040674,36.188428],[-6.170459,36.333789],[-6.22627,36.426465],[-6.265918,36.526514],[-6.257715,36.564844],[-6.268945,36.596729],[-6.384131,36.637012],[-6.412256,36.728857],[-6.32832,36.848145],[-6.259424,36.898975],[-6.216797,36.913574],[-6.320947,36.908496],[-6.396191,36.831641],[-6.492432,36.954639],[-6.884619,37.194238],[-6.859375,37.24917],[-6.86377,37.278906],[-6.929492,37.214941],[-6.974658,37.198437],[-7.174951,37.208789],[-7.406152,37.179443],[-7.445667217511988,37.340381],[-1.6883161874213186,37.340381]]],[[[-16.334473,28.379932],[-16.418213,28.151416],[-16.49624,28.061914],[-16.542773,28.03208],[-16.658008,28.007178],[-16.794727,28.14917],[-16.866016,28.293262],[-16.905322,28.3396],[-16.843066,28.376123],[-16.752051,28.369824],[-16.556836,28.400488],[-16.517432,28.412695],[-16.318994,28.558203],[-16.123633,28.575977],[-16.119141,28.528271],[-16.334473,28.379932]]],[[[-13.715967,28.91123],[-13.783984,28.845459],[-13.859912,28.869092],[-13.823633,29.01333],[-13.788184,29.056104],[-13.650098,29.118994],[-13.535059,29.144287],[-13.501416,29.21123],[-13.463574,29.237207],[-13.422949,29.19751],[-13.45376,29.151367],[-13.47793,29.006592],[-13.554688,28.960205],[-13.715967,28.91123]]],[[[-14.196777,28.169287],[-14.332617,28.056006],[-14.468604,28.082373],[-14.491797,28.100928],[-14.355566,28.129687],[-14.231982,28.21582],[-14.152588,28.406641],[-14.028369,28.617432],[-14.003369,28.706689],[-13.95415,28.741455],[-13.886279,28.744678],[-13.857227,28.738037],[-13.827148,28.691211],[-13.827588,28.585156],[-13.862988,28.409326],[-13.928027,28.253467],[-14.196777,28.169287]]],[[[-15.400586,28.147363],[-15.406689,28.070508],[-15.383154,27.992822],[-15.38916,27.874707],[-15.436768,27.810693],[-15.559375,27.746973],[-15.655762,27.758398],[-15.710303,27.784082],[-15.807324,27.887549],[-15.809473,27.994482],[-15.720947,28.06416],[-15.682764,28.154053],[-15.452783,28.136914],[-15.432715,28.154248],[-15.415479,28.159326],[-15.400586,28.147363]]],[[[-17.184668,28.021973],[-17.225391,28.013525],[-17.273926,28.038281],[-17.324902,28.117676],[-17.290332,28.176318],[-17.258594,28.203174],[-17.214355,28.199268],[-17.129639,28.155957],[-17.10376,28.111133],[-17.101074,28.083447],[-17.184668,28.021973]]],[[[-17.887939,27.80957],[-17.984766,27.646387],[-18.106592,27.707471],[-18.135937,27.72793],[-18.160547,27.761475],[-18.043359,27.768115],[-17.924512,27.850146],[-17.887939,27.80957]]],[[[-17.834277,28.493213],[-17.859375,28.485693],[-17.882129,28.5646],[-18.000781,28.758252],[-17.928809,28.84458],[-17.797559,28.846777],[-17.744531,28.786572],[-17.726562,28.724463],[-17.751611,28.688574],[-17.744385,28.616016],[-17.758008,28.569092],[-17.834277,28.493213]]]]}},{"type":"Feature","bbox":[126.00752,33.201514,130.934277,38.623437],"properties":{"featurecla":"Admin-0 country","scalerank":1,"LABELRANK":2,"SOVEREIGNT":"South Korea","SOV_A3":"KOR","ADM0_DIF":0,"LEVEL":2,"TYPE":"Sovereign country","TLC":"1","ADMIN":"South Korea","ADM0_A3":"KOR","GEOU_DIF":0,"GEOUNIT":"South Korea","GU_A3":"KOR","SU_DIF":0,"SUBUNIT":"South Korea","SU_A3":"KOR","BRK_DIFF":0,"NAME":"South Korea","NAME_LONG":"Republic of Korea","BRK_A3":"KOR","BRK_NAME":"Republic of Korea","BRK_GROUP":null,"ABBREV":"S.K.","POSTAL":"KR","FORMAL_EN":"Republic of Korea","FORMAL_FR":null,"NAME_CIAWF":"Korea, South","NOTE_ADM0":null,"NOTE_BRK":null,"NAME_SORT":"Korea, Rep.","NAME_ALT":null,"MAPCOLOR7":4,"MAPCOLOR8":1,"MAPCOLOR9":1,"MAPCOLOR13":5,"POP_EST":51709098,"POP_RANK":16,"POP_YEAR":2019,"GDP_MD":1646739,"GDP_YEAR":2019,"ECONOMY":"4. Emerging region: MIKT","INCOME_GRP":"1. High income: OECD","FIPS_10":"KS","ISO_A2":"KR","ISO_A2_EH":"KR","ISO_A3":"KOR","ISO_A3_EH":"KOR","ISO_N3":"410","ISO_N3_EH":"410","UN_A3":"410","WB_A2":"KR","WB_A3":"KOR","WOE_ID":23424868,"WOE_ID_EH":23424868,"WOE_NOTE":"Exact WOE match as country","ADM0_ISO":"KOR","ADM0_DIFF":null,"ADM0_TLC":"KOR","ADM0_A3_US":"KOR","ADM0_A3_FR":"KOR","ADM0_A3_RU":"KOR","ADM0_A3_ES":"KOR","ADM0_A3_CN":"KOR","ADM0_A3_TW":"KOR","ADM0_A3_IN":"KOR","ADM0_A3_NP":"KOR","ADM0_A3_PK":"KOR","ADM0_A3_DE":"KOR","ADM0_A3_GB":"KOR","ADM0_A3_BR":"KOR","ADM0_A3_IL":"KOR","ADM0_A3_PS":"KOR","ADM0_A3_SA":"KOR","ADM0_A3_EG":"KOR","ADM0_A3_MA":"KOR","ADM0_A3_PT":"KOR","ADM0_A3_AR":"KOR","ADM0_A3_JP":"KOR","ADM0_A3_KO":"KOR","ADM0_A3_VN":"KOR","ADM0_A3_TR":"KOR","ADM0_A3_ID":"KOR","ADM0_A3_PL":"KOR","ADM0_A3_GR":"KOR","ADM0_A3_IT":"KOR","ADM0_A3_NL":"KOR","ADM0_A3_SE":"KOR","ADM0_A3_BD":"KOR","ADM0_A3_UA":"KOR","ADM0_A3_UN":-99,"ADM0_A3_WB":-99,"CONTINENT":"Asia","REGION_UN":"Asia","SUBREGION":"Eastern Asia","REGION_WB":"East Asia & Pacific","NAME_LEN":11,"LONG_LEN":17,"ABBREV_LEN":4,"TINY":-99,"HOMEPART":1,"MIN_ZOOM":0,"MIN_LABEL":2.5,"MAX_LABEL":7,"LABEL_X":128.129504,"LABEL_Y":36.384924,"NE_ID":1159320985,"WIKIDATAID":"Q884","NAME_AR":"كوريا الجنوبية","NAME_BN":"দক্ষিণ কোরিয়া","NAME_DE":"Südkorea","NAME_EN":"South Korea","NAME_ES":"Corea del Sur","NAME_FA":"کره جنوبی","NAME_FR":"Corée du Sud","NAME_EL":"Νότια Κορέα","NAME_HE":"קוריאה הדרומית","NAME_HI":"दक्षिण कोरिया","NAME_HU":"Dél-Korea","NAME_ID":"Korea Selatan","NAME_IT":"Corea del Sud","NAME_JA":"大韓民国","NAME_KO":"대한민국","NAME_NL":"Zuid-Korea","NAME_PL":"Korea Południowa","NAME_PT":"Coreia do Sul","NAME_RU":"Республика Корея","NAME_SV":"Sydkorea","NAME_TR":"Güney Kore","NAME_UK":"Південна Корея","NAME_UR":"جنوبی کوریا","NAME_VI":"Hàn Quốc","NAME_ZH":"大韩民国","NAME_ZHT":"大韓民國","FCLASS_ISO":"Admin-0 country","TLC_DIFF":null,"FCLASS_TLC":"Admin-0 country","FCLASS_US":null,"FCLASS_FR":null,"FCLASS_RU":null,"FCLASS_ES":null,"FCLASS_CN":null,"FCLASS_TW":null,"FCLASS_IN":null,"FCLASS_NP":null,"FCLASS_PK":null,"FCLASS_DE":null,"FCLASS_GB":null,"FCLASS_BR":null,"FCLASS_IL":null,"FCLASS_PS":null,"FCLASS_SA":null,"FCLASS_EG":null,"FCLASS_MA":null,"FCLASS_PT":null,"FCLASS_AR":null,"FCLASS_JP":null,"FCLASS_KO":null,"FCLASS_VN":null,"FCLASS_TR":null,"FCLASS_ID":null,"FCLASS_PL":null,"FCLASS_GR":null,"FCLASS_IT":null,"FCLASS_NL":null,"FCLASS_SE":null,"FCLASS_BD":null,"FCLASS_UA":null},"geometry":{"type":"MultiPolygon","coordinates":[[],[],[],[],[],[],[],[],[],[],[]]}},{"type":"Feature","bbox":[16.447559,-46.962891,37.887695,-22.146289],"properties":{"featurecla":"Admin-0 country","scalerank":1,"LABELRANK":2,"SOVEREIGNT":"South Africa","SOV_A3":"ZAF","ADM0_DIF":0,"LEVEL":2,"TYPE":"Sovereign country","TLC":"1","ADMIN":"South Africa","ADM0_A3":"ZAF","GEOU_DIF":0,"GEOUNIT":"South Africa","GU_A3":"ZAF","SU_DIF":0,"SUBUNIT":"South Africa","SU_A3":"ZAF","BRK_DIFF":0,"NAME":"South Africa","NAME_LONG":"South Africa","BRK_A3":"ZAF","BRK_NAME":"South Africa","BRK_GROUP":null,"ABBREV":"S.Af.","POSTAL":"ZA","FORMAL_EN":"Republic of South Africa","FORMAL_FR":null,"NAME_CIAWF":"South Africa","NOTE_ADM0":null,"NOTE_BRK":null,"NAME_SORT":"South Africa","NAME_ALT":null,"MAPCOLOR7":2,"MAPCOLOR8":3,"MAPCOLOR9":4,"MAPCOLOR13":2,"POP_EST":58558270,"POP_RANK":16,"POP_YEAR":2019,"GDP_MD":351431,"GDP_YEAR":2019,"ECONOMY":"5. Emerging region: G20","INCOME_GRP":"3. Upper middle income","FIPS_10":"SF","ISO_A2":"ZA","ISO_A2_EH":"ZA","ISO_A3":"ZAF","ISO_A3_EH":"ZAF","ISO_N3":"710","ISO_N3_EH":"710","UN_A3":"710","WB_A2":"ZA","WB_A3":"ZAF","WOE_ID":23424942,"WOE_ID_EH":23424942,"WOE_NOTE":"Exact WOE match as country","ADM0_ISO":"ZAF","ADM0_DIFF":null,"ADM0_TLC":"ZAF","ADM0_A3_US":"ZAF","ADM0_A3_FR":"ZAF","ADM0_A3_RU":"ZAF","ADM0_A3_ES":"ZAF","ADM0_A3_CN":"ZAF","ADM0_A3_TW":"ZAF","ADM0_A3_IN":"ZAF","ADM0_A3_NP":"ZAF","ADM0_A3_PK":"ZAF","ADM0_A3_DE":"ZAF","ADM0_A3_GB":"ZAF","ADM0_A3_BR":"ZAF","ADM0_A3_IL":"ZAF","ADM0_A3_PS":"ZAF","ADM0_A3_SA":"ZAF","ADM0_A3_EG":"ZAF","ADM0_A3_MA":"ZAF","ADM0_A3_PT":"ZAF","ADM0_A3_AR":"ZAF","ADM0_A3_JP":"ZAF","ADM0_A3_KO":"ZAF","ADM0_A3_VN":"ZAF","ADM0_A3_TR":"ZAF","ADM0_A3_ID":"ZAF","ADM0_A3_PL":"ZAF","ADM0_A3_GR":"ZAF","ADM0_A3_IT":"ZAF","ADM0_A3_NL":"ZAF","ADM0_A3_SE":"ZAF","ADM0_A3_BD":"ZAF","ADM0_A3_UA":"ZAF","ADM0_A3_UN":-99,"ADM0_A3_WB":-99,"CONTINENT":"Africa","REGION_UN":"Africa","SUBREGION":"Southern Africa","REGION_WB":"Sub-Saharan Africa","NAME_LEN":12,"LONG_LEN":12,"ABBREV_LEN":5,"TINY":-99,"HOMEPART":1,"MIN_ZOOM":0,"MIN_LABEL":1.7,"MAX_LABEL":6.7,"LABEL_X":23.665734,"LABEL_Y":-29.708776,"NE_ID":1159321431,"WIKIDATAID":"Q258","NAME_AR":"جنوب أفريقيا","NAME_BN":"দক্ষিণ আফ্রিকা","NAME_DE":"Südafrika","NAME_EN":"South Africa","NAME_ES":"Sudáfrica","NAME_FA":"آفریقای جنوبی","NAME_FR":"Afrique du Sud","NAME_EL":"Νότια Αφρική","NAME_HE":"דרום אפריקה","NAME_HI":"दक्षिण अफ़्रीका","NAME_HU":"Dél-afrikai Köztársaság","NAME_ID":"Afrika Selatan","NAME_IT":"Sudafrica","NAME_JA":"南アフリカ共和国","NAME_KO":"남아프리카 공화국","NAME_NL":"Zuid-Afrika","NAME_PL":"Południowa Afryka","NAME_PT":"África do Sul","NAME_RU":"ЮАР","NAME_SV":"Sydafrika","NAME_TR":"Güney Afrika Cumhuriyeti","NAME_UK":"Південно-Африканська Республіка","NAME_UR":"جنوبی افریقا","NAME_VI":"Cộng hòa Nam Phi","NAME_ZH":"南非","NAME_ZHT":"南非","FCLASS_ISO":"Admin-0 country","TLC_DIFF":null,"FCLASS_TLC":"Admin-0 country","FCLASS_US":null,"FCLASS_FR":null,"FCLASS_RU":null,"FCLASS_ES":null,"FCLASS_CN":null,"FCLASS_TW":null,"FCLASS_IN":null,"FCLASS_NP":null,"FCLASS_PK":null,"FCLASS_DE":null,"FCLASS_GB":null,"FCLASS_BR":null,"FCLASS_IL":null,"FCLASS_PS":null,"FCLASS_SA":null,"FCLASS_EG":null,"FCLASS_MA":null,"FCLASS_PT":null,"FCLASS_AR":null,"FCLASS_JP":null,"FCLASS_KO":null,"FCLASS_VN":null,"FCLASS_TR":null,"FCLASS_ID":null,"FCLASS_PL":null,"FCLASS_GR":null,"FCLASS_IT":null,"FCLASS_NL":null,"FCLASS_SE":null,"FCLASS_BD":null,"FCLASS_UA":null},"geometry":{"type":"MultiPolygon","coordinates":[[[[29.364844,-22.193945],[29.377441,-22.192773],[29.663086,-22.146289],[29.902344,-22.18418],[30.19043,-22.291113],[30.460156,-22.329004],[30.711621,-22.297852],[30.916113,-22.290723],[31.073438,-22.307813],[31.197266,-22.344922],[31.287891,-22.402051],[31.293164,-22.454688],[31.300195,-22.478613],[31.348047,-22.617578],[31.419336,-22.825098],[31.466699,-23.016699],[31.531738,-23.279492],[31.529688,-23.425781],[31.545605,-23.482324],[31.604102,-23.55293],[31.675586,-23.674219],[31.7,-23.743066],[31.724023,-23.794531],[31.799609,-23.892188],[31.858301,-24.040234],[31.908008,-24.23623],[31.950586,-24.330273],[31.966602,-24.376465],[31.98584,-24.460645],[31.983203,-24.638281],[31.984375,-24.844043],[31.985742,-25.073828],[31.987012,-25.263477],[31.979395,-25.359473],[31.98457,-25.631934],[31.920313,-25.773926],[31.92832,-25.885352],[31.948242,-25.957617],[31.92168,-25.96875],[31.871484,-25.981641],[31.64043,-25.867285],[31.415137,-25.746582],[31.382617,-25.742969],[31.335156,-25.755566],[31.207324,-25.843359],[31.088086,-25.980664],[31.033301,-26.097754],[30.945215,-26.21875],[30.80332,-26.413477],[30.789062,-26.455469],[30.7875,-26.613672],[30.794336,-26.764258],[30.806738,-26.785254],[30.883301,-26.792383],[30.938086,-26.91582],[31.063379,-27.112305],[31.274023,-27.238379],[31.469531,-27.295508],[31.742578,-27.309961],[31.958398,-27.305859],[31.946094,-27.173633],[31.967188,-26.960645],[31.994727,-26.81748],[32.024805,-26.811133],[32.081641,-26.824805],[32.112891,-26.839453],[32.199609,-26.833496],[32.353516,-26.861621],[32.477734,-26.858496],[32.58877,-26.855762],[32.776563,-26.850977],[32.886133,-26.849316],[32.849121,-27.080176],[32.705859,-27.441602],[32.657031,-27.607324],[32.534766,-28.199707],[32.375195,-28.498242],[32.285742,-28.621484],[32.027246,-28.839551],[31.955371,-28.883789],[31.891504,-28.912109],[31.778223,-28.937109],[31.335156,-29.378125],[31.169922,-29.59082],[31.02334,-29.900879],[30.877637,-30.071094],[30.663574,-30.43418],[30.472266,-30.714551],[30.288672,-30.970117],[29.971191,-31.32207],[29.830273,-31.423828],[29.735156,-31.47041],[29.48291,-31.674707],[29.127832,-32.003125],[28.855957,-32.294238],[28.449414,-32.624609],[28.214063,-32.769238],[27.860645,-33.053906],[27.762109,-33.095996],[27.36377,-33.360547],[27.077441,-33.521191],[26.613672,-33.707422],[26.429492,-33.75957],[25.989551,-33.711328],[25.805859,-33.737109],[25.652441,-33.849609],[25.638184,-34.011133],[25.574219,-34.035352],[25.477246,-34.028125],[25.169727,-33.960742],[25.00293,-33.973633],[24.905566,-34.059766],[24.827148,-34.168945],[24.595508,-34.174512],[24.183008,-34.061523],[23.697852,-33.992773],[23.585547,-33.985156],[23.350391,-34.068945],[23.268164,-34.081152],[22.925586,-34.063184],[22.735547,-34.010254],[22.553809,-34.010059],[22.414453,-34.053809],[22.245508,-34.069141],[21.788965,-34.372656],[21.553223,-34.373047],[21.349805,-34.408203],[21.248926,-34.407031],[21.060156,-34.364648],[20.989844,-34.36748],[20.882422,-34.386523],[20.774805,-34.439941],[20.529883,-34.463086],[20.434668,-34.508594],[20.020605,-34.785742],[19.92627,-34.774707],[19.85,-34.756641],[19.634961,-34.75332],[19.391504,-34.605664],[19.298242,-34.615039],[19.323242,-34.570801],[19.330762,-34.492383],[19.279395,-34.437012],[19.244629,-34.412305],[19.149121,-34.416895],[19.09834,-34.350098],[18.952148,-34.34375],[18.901563,-34.360645],[18.831348,-34.364063],[18.825098,-34.296484],[18.830664,-34.253906],[18.826367,-34.188477],[18.808789,-34.108203],[18.752148,-34.082617],[18.708691,-34.071875],[18.605176,-34.077344],[18.533887,-34.085938],[18.500391,-34.109277],[18.462109,-34.168066],[18.461621,-34.346875],[18.410352,-34.295605],[18.352051,-34.188477],[18.333398,-34.074219],[18.354395,-33.939063],[18.465039,-33.887793],[18.456445,-33.796484],[18.433008,-33.717285],[18.309473,-33.514453],[18.26123,-33.42168],[18.156348,-33.358789],[18.074805,-33.207324],[17.992578,-33.152344],[17.958398,-33.046387],[17.878223,-32.961523],[17.851074,-32.827441],[17.895313,-32.750488],[17.965234,-32.708594],[18.036523,-32.775098],[18.125,-32.749121],[18.250879,-32.652148],[18.325293,-32.50498],[18.329883,-32.269531],[18.310742,-32.122461],[18.21084,-31.74248],[18.163672,-31.655176],[17.938574,-31.383203],[17.677441,-31.019043],[17.34707,-30.444824],[17.189063,-30.099805],[16.95,-29.403418],[16.739453,-29.009375],[16.480762,-28.641504],[16.447559,-28.617578],[16.487109,-28.572852],[16.626172,-28.487891],[16.689453,-28.464941],[16.723047,-28.475488],[16.755762,-28.452148],[16.7875,-28.394727],[16.794531,-28.34082],[16.810156,-28.264551],[16.841211,-28.218945],[16.875293,-28.12793],[16.933301,-28.069629],[17.05625,-28.031055],[17.149414,-28.082227],[17.188477,-28.13252],[17.20459,-28.198828],[17.245801,-28.230859],[17.312012,-28.228613],[17.358691,-28.269434],[17.385742,-28.353223],[17.380273,-28.413965],[17.342578,-28.45166],[17.347852,-28.501172],[17.395898,-28.562695],[17.415723,-28.621094],[17.447949,-28.698145],[17.616797,-28.743066],[17.699316,-28.768359],[17.841602,-28.776953],[17.976074,-28.811328],[18.102734,-28.87168],[18.31084,-28.88623],[18.600391,-28.855273],[18.83877,-28.869141],[19.026074,-28.92793],[19.161719,-28.93877],[19.245801,-28.90166],[19.282227,-28.847949],[19.270996,-28.777734],[19.312695,-28.733301],[19.407227,-28.714453],[19.48291,-28.661621],[19.539844,-28.574609],[19.671484,-28.503906],[19.877832,-28.449414],[19.980469,-28.45127],[19.980469,-28.310352],[19.980469,-27.865527],[19.980469,-27.420703],[19.980469,-26.975977],[19.980469,-26.531152],[19.980469,-26.086328],[19.980469,-25.641602],[19.980469,-25.196777],[19.980469,-24.776758],[20.028613,-24.807031],[20.345215,-25.029883],[20.430664,-25.14707],[20.473145,-25.221289],[20.609277,-25.491211],[20.710742,-25.733203],[20.793164,-25.915625],[20.799414,-25.999023],[20.811035,-26.080566],[20.822656,-26.120605],[20.815039,-26.164941],[20.757031,-26.26416],[20.697852,-26.340137],[20.626758,-26.443848],[20.619922,-26.580859],[20.641406,-26.742188],[20.685059,-26.822461],[20.739844,-26.848828],[20.870898,-26.808789],[20.953906,-26.821094],[21.070996,-26.851758],[21.45498,-26.832813],[21.501367,-26.842676],[21.646289,-26.854199],[21.694727,-26.840918],[21.738086,-26.806836],[21.788281,-26.710059],[21.833203,-26.67832],[21.914551,-26.661914],[22.010938,-26.63584],[22.090918,-26.580176],[22.217578,-26.388867],[22.470898,-26.219043],[22.548633,-26.178418],[22.597656,-26.132715],[22.640234,-26.071191],[22.729004,-25.857324],[22.796094,-25.679102],[22.818945,-25.595117],[22.878809,-25.45791],[22.95127,-25.370313],[23.02207,-25.324121],[23.05752,-25.312305],[23.14873,-25.288672],[23.266016,-25.266602],[23.389258,-25.291406],[23.521484,-25.344434],[23.670703,-25.433984],[23.823438,-25.544629],[23.89375,-25.600879],[23.969531,-25.626074],[24.104492,-25.634863],[24.192969,-25.63291],[24.330566,-25.742871],[24.400195,-25.749805],[24.555859,-25.783105],[24.748145,-25.817383],[24.869238,-25.813477],[24.998926,-25.754004],[25.09248,-25.751465],[25.213379,-25.75625],[25.346191,-25.739941],[25.443652,-25.714453],[25.518164,-25.662793],[25.583789,-25.60625],[25.65918,-25.437891],[25.702637,-25.302344],[25.769922,-25.146484],[25.852441,-24.935254],[25.881836,-24.787988],[25.912109,-24.747461],[26.031836,-24.702441],[26.130859,-24.671484],[26.397168,-24.613574],[26.451758,-24.582715],[26.501563,-24.513281],[26.617773,-24.395508],[26.761133,-24.297168],[26.835059,-24.24082],[26.970605,-23.763477],[26.987012,-23.70459],[27.085547,-23.57793],[27.146387,-23.524414],[27.185547,-23.523438],[27.241211,-23.490039],[27.313379,-23.424219],[27.399219,-23.383594],[27.49873,-23.368359],[27.563184,-23.324609],[27.592676,-23.252637],[27.643848,-23.217676],[27.716797,-23.219629],[27.758301,-23.196777],[27.768555,-23.148926],[27.812598,-23.108008],[27.890527,-23.073926],[27.931348,-23.033594],[27.935059,-22.987012],[28.02793,-22.87373],[28.210156,-22.693652],[28.381738,-22.593359],[28.542871,-22.572949],[28.695508,-22.535449],[28.839844,-22.480859],[28.945801,-22.395117],[29.013477,-22.278418],[29.129883,-22.213281],[29.364844,-22.193945]],[[28.736914,-30.101953],[28.901074,-30.038477],[28.975293,-29.999414],[29.029004,-29.967578],[29.098047,-29.919043],[29.121973,-29.801172],[29.142188,-29.700977],[29.195117,-29.65166],[29.249219,-29.618848],[29.293555,-29.566895],[29.348828,-29.441992],[29.386719,-29.319727],[29.390723,-29.269727],[29.370898,-29.218457],[29.335938,-29.163672],[29.301367,-29.089844],[29.259766,-29.07832],[29.178027,-29.036914],[29.058008,-28.953711],[28.953711,-28.881445],[28.85625,-28.776074],[28.816211,-28.758887],[28.721777,-28.687695],[28.681152,-28.646777],[28.652637,-28.597852],[28.625781,-28.581738],[28.583398,-28.594141],[28.471875,-28.61582],[28.232617,-28.70127],[28.084375,-28.77998],[27.959863,-28.87334],[27.830371,-28.909082],[27.735547,-28.940039],[27.660449,-29.046973],[27.590234,-29.146484],[27.527148,-29.236133],[27.491016,-29.276563],[27.458008,-29.302734],[27.424902,-29.360059],[27.356836,-29.455273],[27.294531,-29.519336],[27.207422,-29.554199],[27.095215,-29.599316],[27.056934,-29.625586],[27.051758,-29.664062],[27.091797,-29.753711],[27.130469,-29.840234],[27.193555,-29.941309],[27.239746,-30.015332],[27.312695,-30.105664],[27.355371,-30.158594],[27.349707,-30.247363],[27.364063,-30.279199],[27.388477,-30.315918],[27.408594,-30.325293],[27.431445,-30.338477],[27.491992,-30.363965],[27.506543,-30.380957],[27.549023,-30.41123],[27.589648,-30.466406],[27.666602,-30.542285],[27.753125,-30.6],[27.901855,-30.623828],[28.018164,-30.642285],[28.056836,-30.631055],[28.096387,-30.58457],[28.128711,-30.525098],[28.139063,-30.449902],[28.176172,-30.409863],[28.31543,-30.218457],[28.39209,-30.147559],[28.439063,-30.14248],[28.499609,-30.128906],[28.57666,-30.123047],[28.634375,-30.128711],[28.646875,-30.126563],[28.736914,-30.101953]]],[[[37.856934,-46.944238],[37.813965,-46.962891],[37.611816,-46.946484],[37.590039,-46.908008],[37.649707,-46.848926],[37.684863,-46.824023],[37.789551,-46.8375],[37.872852,-46.885449],[37.887695,-46.90166],[37.856934,-46.944238]]]]}},{"type":"Feature","bbox":[40.964453,-1.695312,51.390234,11.983691],"properties":{"featurecla":"Admin-0 country","scalerank":1,"LABELRANK":6,"SOVEREIGNT":"Somalia","SOV_A3":"SOM","ADM0_DIF":0,"LEVEL":2,"TYPE":"Sovereign country","TLC":"1","ADMIN":"Somalia","ADM0_A3":"SOM","GEOU_DIF":0,"GEOUNIT":"Somalia","GU_A3":"SOM","SU_DIF":0,"SUBUNIT":"Somalia","SU_A3":"SOM","BRK_DIFF":0,"NAME":"Somalia","NAME_LONG":"Somalia","BRK_A3":"SOM","BRK_NAME":"Somalia","BRK_GROUP":null,"ABBREV":"Som.","POSTAL":"SO","FORMAL_EN":"Federal Republic of Somalia","FORMAL_FR":null,"NAME_CIAWF":"Somalia","NOTE_ADM0":null,"NOTE_BRK":null,"NAME_SORT":"Somalia","NAME_ALT":null,"MAPCOLOR7":2,"MAPCOLOR8":8,"MAPCOLOR9":6,"MAPCOLOR13":7,"POP_EST":10192317.3,"POP_RANK":14,"POP_YEAR":2019,"GDP_MD":4719,"GDP_YEAR":2016,"ECONOMY":"7. Least developed region","INCOME_GRP":"5. Low income","FIPS_10":"SO","ISO_A2":"SO","ISO_A2_EH":"SO","ISO_A3":"SOM","ISO_A3_EH":"SOM","ISO_N3":"706","ISO_N3_EH":"706","UN_A3":"706","WB_A2":"SO","WB_A3":"SOM","WOE_ID":-90,"WOE_ID_EH":23424949,"WOE_NOTE":"Includes Somaliland (2347021, 2347020, 2347017 and portion of 2347016)","ADM0_ISO":"SOM","ADM0_DIFF":null,"ADM0_TLC":"SOM","ADM0_A3_US":"SOM","ADM0_A3_FR":"SOM","ADM0_A3_RU":"SOM","ADM0_A3_ES":"SOM","ADM0_A3_CN":"SOM","ADM0_A3_TW":"SOM","ADM0_A3_IN":"SOM","ADM0_A3_NP":"SOM","ADM0_A3_PK":"SOM","ADM0_A3_DE":"SOM","ADM0_A3_GB":"SOM","ADM0_A3_BR":"SOM","ADM0_A3_IL":"SOM","ADM0_A3_PS":"SOM","ADM0_A3_SA":"SOM","ADM0_A3_EG":"SOM","ADM0_A3_MA":"SOM","ADM0_A3_PT":"SOM","ADM0_A3_AR":"SOM","ADM0_A3_JP":"SOM","ADM0_A3_KO":"SOM","ADM0_A3_VN":"SOM","ADM0_A3_TR":"SOM","ADM0_A3_ID":"SOM","ADM0_A3_PL":"SOM","ADM0_A3_GR":"SOM","ADM0_A3_IT":"SOM","ADM0_A3_NL":"SOM","ADM0_A3_SE":"SOM","ADM0_A3_BD":"SOM","ADM0_A3_UA":"SOM","ADM0_A3_UN":-99,"ADM0_A3_WB":-99,"CONTINENT":"Africa","REGION_UN":"Africa","SUBREGION":"Eastern Africa","REGION_WB":"Sub-Saharan Africa","NAME_LEN":7,"LONG_LEN":7,"ABBREV_LEN":4,"TINY":-99,"HOMEPART":1,"MIN_ZOOM":0,"MIN_LABEL":4,"MAX_LABEL":9,"LABEL_X":45.19238,"LABEL_Y":3.568925,"NE_ID":1159321261,"WIKIDATAID":"Q1045","NAME_AR":"الصومال","NAME_BN":"সোমালিয়া","NAME_DE":"Somalia","NAME_EN":"Somalia","NAME_ES":"Somalia","NAME_FA":"سومالی","NAME_FR":"Somalie","NAME_EL":"Σομαλία","NAME_HE":"סומליה","NAME_HI":"सोमालिया","NAME_HU":"Szomália","NAME_ID":"Somalia","NAME_IT":"Somalia","NAME_JA":"ソマリア","NAME_KO":"소말리아","NAME_NL":"Somalië","NAME_PL":"Somalia","NAME_PT":"Somália","NAME_RU":"Сомали","NAME_SV":"Somalia","NAME_TR":"Somali","NAME_UK":"Сомалі","NAME_UR":"صومالیہ","NAME_VI":"Somalia","NAME_ZH":"索马里","NAME_ZHT":"索馬利亞","FCLASS_ISO":"Admin-0 country","TLC_DIFF":null,"FCLASS_TLC":"Admin-0 country","FCLASS_US":null,"FCLASS_FR":null,"FCLASS_RU":null,"FCLASS_ES":null,"FCLASS_CN":null,"FCLASS_TW":null,"FCLASS_IN":null,"FCLASS_NP":null,"FCLASS_PK":null,"FCLASS_DE":null,"FCLASS_GB":null,"FCLASS_BR":null,"FCLASS_IL":null,"FCLASS_PS":null,"FCLASS_SA":null,"FCLASS_EG":null,"FCLASS_MA":null,"FCLASS_PT":null,"FCLASS_AR":null,"FCLASS_JP":null,"FCLASS_KO":null,"FCLASS_VN":null,"FCLASS_TR":null,"FCLASS_ID":null,"FCLASS_PL":null,"FCLASS_GR":null,"FCLASS_IT":null,"FCLASS_NL":null,"FCLASS_SE":null,"FCLASS_BD":null,"FCLASS_UA":null},"geometry":{"type":"Polygon","coordinates":[[[41.532715,-1.695312],[41.537598,-1.613184],[41.521875,-1.572266],[41.426953,-1.449512],[41.249805,-1.220508],[41.11582,-1.047461],[40.978711,-0.870313],[40.978223,-0.728711],[40.976562,-0.307324],[40.973242,0.5354],[40.97002,1.378174],[40.966699,2.220947],[40.965039,2.642334],[40.964453,2.814648],[40.978711,2.842432],[41.134961,2.99707],[41.341797,3.20166],[41.613477,3.590479],[41.760938,3.801611],[41.883984,3.977734],[41.915332,4.031299],[42.024121,4.137939],[42.228418,4.20166],[42.355176,4.212256],[42.791602,4.291992],[42.856641,4.324219],[42.894727,4.361084],[42.930957,4.445312],[43.016016,4.56333],[43.125684,4.644482],[43.333984,4.750391],[43.538281,4.840332],[43.583496,4.85498],[43.829199,4.911426],[43.889453,4.930762],[43.988867,4.950537],[44.028125,4.950977],[44.369531,4.931201],[44.636621,4.915771],[44.911621,4.899902],[44.940527,4.912012],[45.132812,5.12168],[45.438477,5.45542],[45.633594,5.668262],[45.934961,5.997217],[46.166797,6.234668],[46.422949,6.497266],[46.671777,6.737256],[46.971191,7.026025],[47.159766,7.207861],[47.452832,7.490479],[47.731641,7.759326],[47.978223,7.99707],[48.126758,8.222168],[48.272754,8.443359],[48.428613,8.67959],[48.616602,8.9646],[48.793555,9.232715],[48.938086,9.451758],[48.938086,9.564111],[48.938281,9.807617],[48.938281,9.973486],[48.938379,10.433252],[48.938477,10.714209],[48.938477,10.982324],[48.938574,11.258447],[49.062109,11.27085],[49.388281,11.342725],[49.64209,11.450928],[50.110059,11.529297],[50.466211,11.727539],[50.52832,11.823193],[50.635938,11.943799],[50.792285,11.983691],[51.191309,11.841992],[51.254883,11.830713],[51.231836,11.74502],[51.218164,11.657666],[51.136328,11.505127],[51.084277,11.335645],[51.122266,11.076758],[51.140625,10.656885],[51.13125,10.595898],[51.104883,10.53584],[51.093848,10.488525],[51.050781,10.471973],[51.031836,10.444775],[51.063184,10.433936],[51.188281,10.479736],[51.185547,10.529834],[51.192969,10.554639],[51.295703,10.498682],[51.369141,10.475244],[51.390234,10.422607],[51.38457,10.386523],[51.268164,10.403125],[51.208789,10.431055],[51.035938,10.385156],[50.930078,10.335547],[50.898438,10.253125],[50.87373,9.92417],[50.832813,9.710498],[50.825,9.428174],[50.685156,9.241162],[50.637988,9.109277],[50.429785,8.845264],[50.321191,8.61958],[50.285742,8.509424],[50.102832,8.199805],[49.852051,7.962549],[49.76123,7.659521],[49.671191,7.469531],[49.57002,7.296973],[49.348535,6.990527],[49.234961,6.777344],[49.092676,6.407861],[49.049316,6.173633],[48.649023,5.494385],[48.233984,4.952686],[47.975293,4.497021],[47.511426,3.968262],[46.878809,3.285645],[46.051172,2.475146],[45.82627,2.309863],[44.920215,1.810156],[44.332715,1.390967],[44.032715,1.105908],[43.717578,0.857861],[43.467676,0.621631],[42.712109,-0.175684],[42.63418,-0.250781],[42.560742,-0.321484],[42.465625,-0.456543],[42.399414,-0.510059],[42.218945,-0.737988],[42.10625,-0.856152],[41.979883,-0.973047],[41.92627,-1.055566],[41.888281,-1.150586],[41.846191,-1.203418],[41.732227,-1.430078],[41.632031,-1.578516],[41.532715,-1.695312]]]}},{"type":"Feature","bbox":[42.656445,7.99707,48.938574,11.499805],"properties":{"featurecla":"Admin-0 country","scalerank":1,"LABELRANK":5,"SOVEREIGNT":"Somaliland","SOV_A3":"SOL","ADM0_DIF":0,"LEVEL":2,"TYPE":"Sovereign country","TLC":"1","ADMIN":"Somaliland","ADM0_A3":"SOL","GEOU_DIF":0,"GEOUNIT":"Somaliland","GU_A3":"SOL","SU_DIF":0,"SUBUNIT":"Somaliland","SU_A3":"SOL","BRK_DIFF":0,"NAME":"Somaliland","NAME_LONG":"Somaliland","BRK_A3":"SOL","BRK_NAME":"Somaliland","BRK_GROUP":null,"ABBREV":"Solnd.","POSTAL":"SL","FORMAL_EN":"Republic of Somaliland","FORMAL_FR":null,"NAME_CIAWF":null,"NOTE_ADM0":"Disputed","NOTE_BRK":"Self admin.; Claimed by Somalia","NAME_SORT":"Somaliland","NAME_ALT":null,"MAPCOLOR7":3,"MAPCOLOR8":6,"MAPCOLOR9":5,"MAPCOLOR13":2,"POP_EST":5096159,"POP_RANK":13,"POP_YEAR":2014,"GDP_MD":17836,"GDP_YEAR":2013,"ECONOMY":"6. Developing region","INCOME_GRP":"4. Lower middle income","FIPS_10":"-99","ISO_A2":"-99","ISO_A2_EH":"-99","ISO_A3":"-99","ISO_A3_EH":"-99","ISO_N3":"-99","ISO_N3_EH":"-99","UN_A3":"-099","WB_A2":"-99","WB_A3":"-99","WOE_ID":-99,"WOE_ID_EH":-99,"WOE_NOTE":"Includes old states of 2347021, 2347020, 2347017 and portion of 2347016.","ADM0_ISO":"SOM","ADM0_DIFF":"1","ADM0_TLC":"SOL","ADM0_A3_US":"SOM","ADM0_A3_FR":"SOM","ADM0_A3_RU":"SOM","ADM0_A3_ES":"SOM","ADM0_A3_CN":"SOM","ADM0_A3_TW":"SOL","ADM0_A3_IN":"SOM","ADM0_A3_NP":"SOM","ADM0_A3_PK":"SOM","ADM0_A3_DE":"SOM","ADM0_A3_GB":"SOM","ADM0_A3_BR":"SOM","ADM0_A3_IL":"SOM","ADM0_A3_PS":"SOM","ADM0_A3_SA":"SOM","ADM0_A3_EG":"SOM","ADM0_A3_MA":"SOM","ADM0_A3_PT":"SOM","ADM0_A3_AR":"SOM","ADM0_A3_JP":"SOM","ADM0_A3_KO":"SOM","ADM0_A3_VN":"SOM","ADM0_A3_TR":"SOM","ADM0_A3_ID":"SOM","ADM0_A3_PL":"SOM","ADM0_A3_GR":"SOM","ADM0_A3_IT":"SOM","ADM0_A3_NL":"SOM","ADM0_A3_SE":"SOM","ADM0_A3_BD":"SOM","ADM0_A3_UA":"SOM","ADM0_A3_UN":-99,"ADM0_A3_WB":-99,"CONTINENT":"Africa","REGION_UN":"Africa","SUBREGION":"Eastern Africa","REGION_WB":"Sub-Saharan Africa","NAME_LEN":10,"LONG_LEN":10,"ABBREV_LEN":6,"TINY":-99,"HOMEPART":1,"MIN_ZOOM":4,"MIN_LABEL":4.5,"MAX_LABEL":9,"LABEL_X":46.731595,"LABEL_Y":9.443889,"NE_ID":1159321259,"WIKIDATAID":"Q34754","NAME_AR":"صوماليلاند","NAME_BN":"সোমালিল্যান্ড","NAME_DE":"Somaliland","NAME_EN":"Somaliland","NAME_ES":"Somalilandia","NAME_FA":"سومالیلند","NAME_FR":"Somaliland","NAME_EL":"Σομαλιλάνδη","NAME_HE":"סומלילנד","NAME_HI":"सोमालीदेश","NAME_HU":"Szomáliföld","NAME_ID":"Somaliland","NAME_IT":"Somaliland","NAME_JA":"ソマリランド","NAME_KO":"소말릴란드","NAME_NL":"Somaliland","NAME_PL":"Somaliland","NAME_PT":"Somalilândia","NAME_RU":"Сомалиленд","NAME_SV":"Somaliland","NAME_TR":"Somaliland","NAME_UK":"Сомаліленд","NAME_UR":"صومالی لینڈ","NAME_VI":"Somaliland","NAME_ZH":"索马里兰","NAME_ZHT":"索馬利蘭","FCLASS_ISO":"Unrecognized","TLC_DIFF":"1","FCLASS_TLC":"Admin-0 country","FCLASS_US":"Unrecognized","FCLASS_FR":"Unrecognized","FCLASS_RU":"Unrecognized","FCLASS_ES":"Unrecognized","FCLASS_CN":"Unrecognized","FCLASS_TW":"Admin-0 country","FCLASS_IN":"Unrecognized","FCLASS_NP":"Unrecognized","FCLASS_PK":"Unrecognized","FCLASS_DE":"Unrecognized","FCLASS_GB":"Unrecognized","FCLASS_BR":"Unrecognized","FCLASS_IL":"Unrecognized","FCLASS_PS":"Unrecognized","FCLASS_SA":"Unrecognized","FCLASS_EG":"Unrecognized","FCLASS_MA":"Unrecognized","FCLASS_PT":"Unrecognized","FCLASS_AR":"Unrecognized","FCLASS_JP":"Unrecognized","FCLASS_KO":"Unrecognized","FCLASS_VN":"Unrecognized","FCLASS_TR":"Unrecognized","FCLASS_ID":"Unrecognized","FCLASS_PL":"Unrecognized","FCLASS_GR":"Unrecognized","FCLASS_IT":"Unrecognized","FCLASS_NL":"Unrecognized","FCLASS_SE":"Unrecognized","FCLASS_BD":"Unrecognized","FCLASS_UA":"Unrecognized"},"geometry":{"type":"Polygon","coordinates":[[[48.938574,11.258447],[48.938477,10.982324],[48.938477,10.714209],[48.938379,10.433252],[48.938281,9.973486],[48.938281,9.807617],[48.938086,9.564111],[48.938086,9.451758],[48.793555,9.232715],[48.616602,8.9646],[48.428613,8.67959],[48.272754,8.443359],[48.126758,8.222168],[47.978223,7.99707],[47.637695,7.99707],[47.305664,7.99707],[46.978223,7.99707],[46.919531,8.026123],[46.644727,8.118164],[46.295996,8.234961],[45.863281,8.379883],[45.555469,8.483008],[45.226953,8.59082],[44.893555,8.700195],[44.632031,8.786084],[44.30625,8.893066],[44.022852,8.986035],[43.983789,9.008838],[43.826758,9.150781],[43.620508,9.337402],[43.581055,9.340723],[43.48252,9.379492],[43.394336,9.480273],[43.303125,9.609082],[43.218457,9.770166],[43.181641,9.87998],[43.068945,9.926221],[43.014746,10.012598],[42.9125,10.14082],[42.841602,10.203076],[42.816406,10.257373],[42.783691,10.369629],[42.725195,10.491748],[42.669238,10.567578],[42.656445,10.6],[42.65957,10.621387],[42.763086,10.786914],[42.809766,10.845996],[42.862891,10.903223],[42.906152,10.960254],[42.922754,10.999316],[43.048633,11.194336],[43.159375,11.365723],[43.245996,11.499805],[43.441211,11.346436],[43.631152,11.035449],[43.852734,10.784277],[44.158203,10.550781],[44.279297,10.471875],[44.386523,10.430225],[44.942969,10.436719],[45.337695,10.649756],[45.695898,10.803906],[45.816699,10.835889],[46.024512,10.793701],[46.253906,10.781104],[46.460254,10.73418],[46.565039,10.745996],[46.973438,10.925391],[47.230078,11.099902],[47.40498,11.174023],[47.473828,11.174805],[47.7125,11.112012],[48.019238,11.139355],[48.438867,11.290137],[48.572559,11.320508],[48.674414,11.322656],[48.903125,11.254883],[48.938574,11.258447]]]}},{"type":"Feature","bbox":[155.677539,-11.832227,166.929199,-6.608887],"properties":{"featurecla":"Admin-0 country","scalerank":4,"LABELRANK":3,"SOVEREIGNT":"Solomon Islands","SOV_A3":"SLB","ADM0_DIF":0,"LEVEL":2,"TYPE":"Sovereign country","TLC":"1","ADMIN":"Solomon Islands","ADM0_A3":"SLB","GEOU_DIF":0,"GEOUNIT":"Solomon Islands","GU_A3":"SLB","SU_DIF":0,"SUBUNIT":"Solomon Islands","SU_A3":"SLB","BRK_DIFF":0,"NAME":"Solomon Is.","NAME_LONG":"Solomon Islands","BRK_A3":"SLB","BRK_NAME":"Solomon Is.","BRK_GROUP":null,"ABBREV":"S. Is.","POSTAL":"SB","FORMAL_EN":null,"FORMAL_FR":null,"NAME_CIAWF":"Solomon Islands","NOTE_ADM0":null,"NOTE_BRK":null,"NAME_SORT":"Solomon Islands","NAME_ALT":null,"MAPCOLOR7":1,"MAPCOLOR8":4,"MAPCOLOR9":1,"MAPCOLOR13":6,"POP_EST":669823,"POP_RANK":11,"POP_YEAR":2019,"GDP_MD":1589,"GDP_YEAR":2019,"ECONOMY":"7. Least developed region","INCOME_GRP":"4. Lower middle income","FIPS_10":"BP","ISO_A2":"SB","ISO_A2_EH":"SB","ISO_A3":"SLB","ISO_A3_EH":"SLB","ISO_N3":"090","ISO_N3_EH":"090","UN_A3":"090","WB_A2":"SB","WB_A3":"SLB","WOE_ID":23424766,"WOE_ID_EH":23424766,"WOE_NOTE":"Exact WOE match as country","ADM0_ISO":"SLB","ADM0_DIFF":null,"ADM0_TLC":"SLB","ADM0_A3_US":"SLB","ADM0_A3_FR":"SLB","ADM0_A3_RU":"SLB","ADM0_A3_ES":"SLB","ADM0_A3_CN":"SLB","ADM0_A3_TW":"SLB","ADM0_A3_IN":"SLB","ADM0_A3_NP":"SLB","ADM0_A3_PK":"SLB","ADM0_A3_DE":"SLB","ADM0_A3_GB":"SLB","ADM0_A3_BR":"SLB","ADM0_A3_IL":"SLB","ADM0_A3_PS":"SLB","ADM0_A3_SA":"SLB","ADM0_A3_EG":"SLB","ADM0_A3_MA":"SLB","ADM0_A3_PT":"SLB","ADM0_A3_AR":"SLB","ADM0_A3_JP":"SLB","ADM0_A3_KO":"SLB","ADM0_A3_VN":"SLB","ADM0_A3_TR":"SLB","ADM0_A3_ID":"SLB","ADM0_A3_PL":"SLB","ADM0_A3_GR":"SLB","ADM0_A3_IT":"SLB","ADM0_A3_NL":"SLB","ADM0_A3_SE":"SLB","ADM0_A3_BD":"SLB","ADM0_A3_UA":"SLB","ADM0_A3_UN":-99,"ADM0_A3_WB":-99,"CONTINENT":"Oceania","REGION_UN":"Oceania","SUBREGION":"Melanesia","REGION_WB":"East Asia & Pacific","NAME_LEN":11,"LONG_LEN":15,"ABBREV_LEN":6,"TINY":-99,"HOMEPART":1,"MIN_ZOOM":0,"MIN_LABEL":3,"MAX_LABEL":8,"LABEL_X":159.170468,"LABEL_Y":-8.029548,"NE_ID":1159321249,"WIKIDATAID":"Q685","NAME_AR":"جزر سليمان","NAME_BN":"সলোমন দ্বীপপুঞ্জ","NAME_DE":"Salomonen","NAME_EN":"Solomon Islands","NAME_ES":"Islas Salomón","NAME_FA":"جزایر سلیمان","NAME_FR":"Îles Salomon","NAME_EL":"Νησιά Σολομώντα","NAME_HE":"איי שלמה","NAME_HI":"सोलोमन द्वीपसमूह","NAME_HU":"Salamon-szigetek","NAME_ID":"Kepulauan Solomon","NAME_IT":"Isole Salomone","NAME_JA":"ソロモン諸島","NAME_KO":"솔로몬 제도","NAME_NL":"Salomonseilanden","NAME_PL":"Wyspy Salomona","NAME_PT":"Ilhas Salomão","NAME_RU":"Соломоновы Острова","NAME_SV":"Salomonöarna","NAME_TR":"Solomon Adaları","NAME_UK":"Соломонові Острови","NAME_UR":"جزائر سلیمان","NAME_VI":"Quần đảo Solomon","NAME_ZH":"所罗门群岛","NAME_ZHT":"索羅門群島","FCLASS_ISO":"Admin-0 country","TLC_DIFF":null,"FCLASS_TLC":"Admin-0 country","FCLASS_US":null,"FCLASS_FR":null,"FCLASS_RU":null,"FCLASS_ES":null,"FCLASS_CN":null,"FCLASS_TW":null,"FCLASS_IN":null,"FCLASS_NP":null,"FCLASS_PK":null,"FCLASS_DE":null,"FCLASS_GB":null,"FCLASS_BR":null,"FCLASS_IL":null,"FCLASS_PS":null,"FCLASS_SA":null,"FCLASS_EG":null,"FCLASS_MA":null,"FCLASS_PT":null,"FCLASS_AR":null,"FCLASS_JP":null,"FCLASS_KO":null,"FCLASS_VN":null,"FCLASS_TR":null,"FCLASS_ID":null,"FCLASS_PL":null,"FCLASS_GR":null,"FCLASS_IT":null,"FCLASS_NL":null,"FCLASS_SE":null,"FCLASS_BD":null,"FCLASS_UA":null},"geometry":{"type":"MultiPolygon","coordinates":[[],[],[],[],[],[],[],[],[],[],[],[],[],[],[],[],[],[],[],[],[]]}},{"type":"Feature","bbox":[-13.292676,6.906543,-10.283203,9.996533],"properties":{"featurecla":"Admin-0 country","scalerank":1,"LABELRANK":4,"SOVEREIGNT":"Sierra Leone","SOV_A3":"SLE","ADM0_DIF":0,"LEVEL":2,"TYPE":"Sovereign country","TLC":"1","ADMIN":"Sierra Leone","ADM0_A3":"SLE","GEOU_DIF":0,"GEOUNIT":"Sierra Leone","GU_A3":"SLE","SU_DIF":0,"SUBUNIT":"Sierra Leone","SU_A3":"SLE","BRK_DIFF":0,"NAME":"Sierra Leone","NAME_LONG":"Sierra Leone","BRK_A3":"SLE","BRK_NAME":"Sierra Leone","BRK_GROUP":null,"ABBREV":"S.L.","POSTAL":"SL","FORMAL_EN":"Republic of Sierra Leone","FORMAL_FR":null,"NAME_CIAWF":"Sierra Leone","NOTE_ADM0":null,"NOTE_BRK":null,"NAME_SORT":"Sierra Leone","NAME_ALT":null,"MAPCOLOR7":1,"MAPCOLOR8":4,"MAPCOLOR9":1,"MAPCOLOR13":7,"POP_EST":7813215,"POP_RANK":13,"POP_YEAR":2019,"GDP_MD":4121,"GDP_YEAR":2019,"ECONOMY":"7. Least developed region","INCOME_GRP":"5. Low income","FIPS_10":"SL","ISO_A2":"SL","ISO_A2_EH":"SL","ISO_A3":"SLE","ISO_A3_EH":"SLE","ISO_N3":"694","ISO_N3_EH":"694","UN_A3":"694","WB_A2":"SL","WB_A3":"SLE","WOE_ID":23424946,"WOE_ID_EH":23424946,"WOE_NOTE":"Exact WOE match as country","ADM0_ISO":"SLE","ADM0_DIFF":null,"ADM0_TLC":"SLE","ADM0_A3_US":"SLE","ADM0_A3_FR":"SLE","ADM0_A3_RU":"SLE","ADM0_A3_ES":"SLE","ADM0_A3_CN":"SLE","ADM0_A3_TW":"SLE","ADM0_A3_IN":"SLE","ADM0_A3_NP":"SLE","ADM0_A3_PK":"SLE","ADM0_A3_DE":"SLE","ADM0_A3_GB":"SLE","ADM0_A3_BR":"SLE","ADM0_A3_IL":"SLE","ADM0_A3_PS":"SLE","ADM0_A3_SA":"SLE","ADM0_A3_EG":"SLE","ADM0_A3_MA":"SLE","ADM0_A3_PT":"SLE","ADM0_A3_AR":"SLE","ADM0_A3_JP":"SLE","ADM0_A3_KO":"SLE","ADM0_A3_VN":"SLE","ADM0_A3_TR":"SLE","ADM0_A3_ID":"SLE","ADM0_A3_PL":"SLE","ADM0_A3_GR":"SLE","ADM0_A3_IT":"SLE","ADM0_A3_NL":"SLE","ADM0_A3_SE":"SLE","ADM0_A3_BD":"SLE","ADM0_A3_UA":"SLE","ADM0_A3_UN":-99,"ADM0_A3_WB":-99,"CONTINENT":"Africa","REGION_UN":"Africa","SUBREGION":"Western Africa","REGION_WB":"Sub-Saharan Africa","NAME_LEN":12,"LONG_LEN":12,"ABBREV_LEN":4,"TINY":-99,"HOMEPART":1,"MIN_ZOOM":0,"MIN_LABEL":4,"MAX_LABEL":9,"LABEL_X":-11.763677,"LABEL_Y":8.617449,"NE_ID":1159321251,"WIKIDATAID":"Q1044","NAME_AR":"سيراليون","NAME_BN":"সিয়েরা লিওন","NAME_DE":"Sierra Leone","NAME_EN":"Sierra Leone","NAME_ES":"Sierra Leona","NAME_FA":"سیرالئون","NAME_FR":"Sierra Leone","NAME_EL":"Σιέρα Λεόνε","NAME_HE":"סיירה לאון","NAME_HI":"सिएरा लियोन","NAME_HU":"Sierra Leone","NAME_ID":"Sierra Leone","NAME_IT":"Sierra Leone","NAME_JA":"シエラレオネ","NAME_KO":"시에라리온","NAME_NL":"Sierra Leone","NAME_PL":"Sierra Leone","NAME_PT":"Serra Leoa","NAME_RU":"Сьерра-Леоне","NAME_SV":"Sierra Leone","NAME_TR":"Sierra Leone","NAME_UK":"Сьєрра-Леоне","NAME_UR":"سیرالیون","NAME_VI":"Sierra Leone","NAME_ZH":"塞拉利昂","NAME_ZHT":"獅子山","FCLASS_ISO":"Admin-0 country","TLC_DIFF":null,"FCLASS_TLC":"Admin-0 country","FCLASS_US":null,"FCLASS_FR":null,"FCLASS_RU":null,"FCLASS_ES":null,"FCLASS_CN":null,"FCLASS_TW":null,"FCLASS_IN":null,"FCLASS_NP":null,"FCLASS_PK":null,"FCLASS_DE":null,"FCLASS_GB":null,"FCLASS_BR":null,"FCLASS_IL":null,"FCLASS_PS":null,"FCLASS_SA":null,"FCLASS_EG":null,"FCLASS_MA":null,"FCLASS_PT":null,"FCLASS_AR":null,"FCLASS_JP":null,"FCLASS_KO":null,"FCLASS_VN":null,"FCLASS_TR":null,"FCLASS_ID":null,"FCLASS_PL":null,"FCLASS_GR":null,"FCLASS_IT":null,"FCLASS_NL":null,"FCLASS_SE":null,"FCLASS_BD":null,"FCLASS_UA":null},"geometry":{"type":"MultiPolygon","coordinates":[[[[-10.283203,8.485156],[-10.285742,8.454102],[-10.314648,8.31084],[-10.359814,8.187939],[-10.389551,8.157617],[-10.516748,8.125293],[-10.57085,8.071143],[-10.617578,7.896436],[-10.647461,7.759375],[-10.691309,7.736426],[-10.878076,7.538232],[-11.000244,7.463037],[-11.0854,7.398584],[-11.166113,7.314404],[-11.267676,7.232617],[-11.37666,7.094678],[-11.454541,6.951221],[-11.50752,6.906543],[-11.54751,6.946973],[-11.733447,7.088574],[-11.929199,7.183545],[-12.346631,7.341797],[-12.485645,7.386279],[-12.480664,7.44248],[-12.432715,7.54502],[-12.510449,7.665723],[-12.480273,7.753271],[-12.510449,7.753369],[-12.570215,7.700586],[-12.697607,7.715869],[-12.781934,7.791113],[-12.850879,7.818701],[-12.880957,7.856641],[-12.925146,8.055176],[-12.956934,8.145312],[-13.020801,8.200928],[-13.148975,8.2146],[-13.201758,8.33584],[-13.272754,8.429736],[-13.26123,8.487598],[-13.20332,8.484277],[-13.157959,8.442285],[-13.08501,8.424756],[-12.994238,8.526465],[-12.912939,8.581543],[-12.894092,8.629785],[-12.904004,8.65625],[-12.953369,8.615137],[-13.088232,8.625732],[-13.121631,8.58877],[-13.181836,8.576904],[-13.228418,8.695898],[-13.226172,8.765967],[-13.206934,8.843115],[-13.071045,8.856348],[-13.059473,8.881152],[-13.153711,8.897705],[-13.271631,8.987402],[-13.292676,9.049219],[-13.234229,9.070117],[-13.178369,9.060889],[-13.129883,9.047559],[-13.077295,9.069629],[-13.028027,9.103564],[-12.998633,9.146924],[-12.958789,9.26333],[-12.831104,9.302246],[-12.755859,9.373584],[-12.684424,9.48418],[-12.65166,9.561914],[-12.622168,9.600635],[-12.603613,9.634229],[-12.589844,9.671143],[-12.557861,9.70498],[-12.524365,9.787207],[-12.501465,9.862158],[-12.427979,9.898145],[-12.277734,9.929785],[-12.142334,9.875391],[-11.922754,9.922754],[-11.911084,9.993018],[-11.710059,9.994189],[-11.471924,9.995459],[-11.273633,9.996533],[-11.205664,9.977734],[-11.180859,9.925342],[-11.115674,9.843164],[-11.047461,9.786328],[-10.963086,9.661621],[-10.864795,9.516455],[-10.758594,9.385352],[-10.690527,9.314258],[-10.682715,9.289355],[-10.687646,9.261133],[-10.72124,9.194482],[-10.749951,9.122363],[-10.747021,9.095264],[-10.726855,9.081689],[-10.615967,9.05918],[-10.605762,8.978809],[-10.605615,8.867578],[-10.551758,8.76377],[-10.500537,8.687549],[-10.503125,8.660303],[-10.628467,8.52998],[-10.677344,8.400586],[-10.702148,8.364209],[-10.712109,8.335254],[-10.686963,8.32168],[-10.652637,8.330273],[-10.604004,8.319482],[-10.557715,8.315674],[-10.496436,8.362109],[-10.394434,8.480957],[-10.360059,8.495508],[-10.283203,8.485156]]],[[[-12.526074,7.436328],[-12.540625,7.410254],[-12.607178,7.474512],[-12.951611,7.57085],[-12.854395,7.622021],[-12.615234,7.637207],[-12.544189,7.607373],[-12.5125,7.582422],[-12.500635,7.535107],[-12.526074,7.436328]]]]}},{"type":"Feature","bbox":[55.383398,-4.785547,55.542969,-4.558789],"properties":{"featurecla":"Admin-0 country","scalerank":1,"LABELRANK":6,"SOVEREIGNT":"Seychelles","SOV_A3":"SYC","ADM0_DIF":0,"LEVEL":2,"TYPE":"Sovereign country","TLC":"1","ADMIN":"Seychelles","ADM0_A3":"SYC","GEOU_DIF":0,"GEOUNIT":"Seychelles","GU_A3":"SYC","SU_DIF":0,"SUBUNIT":"Seychelles","SU_A3":"SYC","BRK_DIFF":0,"NAME":"Seychelles","NAME_LONG":"Seychelles","BRK_A3":"SYC","BRK_NAME":"Seychelles","BRK_GROUP":null,"ABBREV":"Syc.","POSTAL":"SC","FORMAL_EN":"Republic of Seychelles","FORMAL_FR":null,"NAME_CIAWF":"Seychelles","NOTE_ADM0":null,"NOTE_BRK":null,"NAME_SORT":"Seychelles","NAME_ALT":null,"MAPCOLOR7":5,"MAPCOLOR8":8,"MAPCOLOR9":3,"MAPCOLOR13":1,"POP_EST":97625,"POP_RANK":8,"POP_YEAR":2019,"GDP_MD":1703,"GDP_YEAR":2019,"ECONOMY":"6. Developing region","INCOME_GRP":"3. Upper middle income","FIPS_10":"SE","ISO_A2":"SC","ISO_A2_EH":"SC","ISO_A3":"SYC","ISO_A3_EH":"SYC","ISO_N3":"690","ISO_N3_EH":"690","UN_A3":"690","WB_A2":"SC","WB_A3":"SYC","WOE_ID":23424941,"WOE_ID_EH":23424941,"WOE_NOTE":"Exact WOE match as country","ADM0_ISO":"SYC","ADM0_DIFF":null,"ADM0_TLC":"SYC","ADM0_A3_US":"SYC","ADM0_A3_FR":"SYC","ADM0_A3_RU":"SYC","ADM0_A3_ES":"SYC","ADM0_A3_CN":"SYC","ADM0_A3_TW":"SYC","ADM0_A3_IN":"SYC","ADM0_A3_NP":"SYC","ADM0_A3_PK":"SYC","ADM0_A3_DE":"SYC","ADM0_A3_GB":"SYC","ADM0_A3_BR":"SYC","ADM0_A3_IL":"SYC","ADM0_A3_PS":"SYC","ADM0_A3_SA":"SYC","ADM0_A3_EG":"SYC","ADM0_A3_MA":"SYC","ADM0_A3_PT":"SYC","ADM0_A3_AR":"SYC","ADM0_A3_JP":"SYC","ADM0_A3_KO":"SYC","ADM0_A3_VN":"SYC","ADM0_A3_TR":"SYC","ADM0_A3_ID":"SYC","ADM0_A3_PL":"SYC","ADM0_A3_GR":"SYC","ADM0_A3_IT":"SYC","ADM0_A3_NL":"SYC","ADM0_A3_SE":"SYC","ADM0_A3_BD":"SYC","ADM0_A3_UA":"SYC","ADM0_A3_UN":-99,"ADM0_A3_WB":-99,"CONTINENT":"Seven seas (open ocean)","REGION_UN":"Africa","SUBREGION":"Eastern Africa","REGION_WB":"Sub-Saharan Africa","NAME_LEN":10,"LONG_LEN":10,"ABBREV_LEN":4,"TINY":2,"HOMEPART":1,"MIN_ZOOM":0,"MIN_LABEL":5,"MAX_LABEL":10,"LABEL_X":55.480175,"LABEL_Y":-4.676659,"NE_ID":1159321291,"WIKIDATAID":"Q1042","NAME_AR":"سيشل","NAME_BN":"সেশেলস","NAME_DE":"Seychellen","NAME_EN":"Seychelles","NAME_ES":"Seychelles","NAME_FA":"سیشل","NAME_FR":"Seychelles","NAME_EL":"Σεϋχέλλες","NAME_HE":"סיישל","NAME_HI":"सेशेल्स","NAME_HU":"Seychelle-szigetek","NAME_ID":"Seychelles","NAME_IT":"Seychelles","NAME_JA":"セーシェル","NAME_KO":"세이셸","NAME_NL":"Seychellen","NAME_PL":"Seszele","NAME_PT":"Seychelles","NAME_RU":"Сейшельские Острова","NAME_SV":"Seychellerna","NAME_TR":"Seyşeller","NAME_UK":"Сейшельські Острови","NAME_UR":"سیشیلز","NAME_VI":"Seychelles","NAME_ZH":"塞舌尔","NAME_ZHT":"塞席爾","FCLASS_ISO":"Admin-0 country","TLC_DIFF":null,"FCLASS_TLC":"Admin-0 country","FCLASS_US":null,"FCLASS_FR":null,"FCLASS_RU":null,"FCLASS_ES":null,"FCLASS_CN":null,"FCLASS_TW":null,"FCLASS_IN":null,"FCLASS_NP":null,"FCLASS_PK":null,"FCLASS_DE":null,"FCLASS_GB":null,"FCLASS_BR":null,"FCLASS_IL":null,"FCLASS_PS":null,"FCLASS_SA":null,"FCLASS_EG":null,"FCLASS_MA":null,"FCLASS_PT":null,"FCLASS_AR":null,"FCLASS_JP":null,"FCLASS_KO":null,"FCLASS_VN":null,"FCLASS_TR":null,"FCLASS_ID":null,"FCLASS_PL":null,"FCLASS_GR":null,"FCLASS_IT":null,"FCLASS_NL":null,"FCLASS_SE":null,"FCLASS_BD":null,"FCLASS_UA":null},"geometry":{"type":"Polygon","coordinates":[[[55.540332,-4.693066],[55.542969,-4.785547],[55.494727,-4.75459],[55.48125,-4.694824],[55.416797,-4.650293],[55.383398,-4.609277],[55.455762,-4.558789],[55.540332,-4.693066]]]}},{"type":"Feature","bbox":[-17.535645,12.328027,-11.382422,16.678906],"properties":{"featurecla":"Admin-0 country","scalerank":1,"LABELRANK":3,"SOVEREIGNT":"Senegal","SOV_A3":"SEN","ADM0_DIF":0,"LEVEL":2,"TYPE":"Sovereign country","TLC":"1","ADMIN":"Senegal","ADM0_A3":"SEN","GEOU_DIF":0,"GEOUNIT":"Senegal","GU_A3":"SEN","SU_DIF":0,"SUBUNIT":"Senegal","SU_A3":"SEN","BRK_DIFF":0,"NAME":"Senegal","NAME_LONG":"Senegal","BRK_A3":"SEN","BRK_NAME":"Senegal","BRK_GROUP":null,"ABBREV":"Sen.","POSTAL":"SN","FORMAL_EN":"Republic of Senegal","FORMAL_FR":null,"NAME_CIAWF":"Senegal","NOTE_ADM0":null,"NOTE_BRK":null,"NAME_SORT":"Senegal","NAME_ALT":null,"MAPCOLOR7":2,"MAPCOLOR8":6,"MAPCOLOR9":5,"MAPCOLOR13":5,"POP_EST":16296364,"POP_RANK":14,"POP_YEAR":2019,"GDP_MD":23578,"GDP_YEAR":2019,"ECONOMY":"7. Least developed region","INCOME_GRP":"4. Lower middle income","FIPS_10":"SG","ISO_A2":"SN","ISO_A2_EH":"SN","ISO_A3":"SEN","ISO_A3_EH":"SEN","ISO_N3":"686","ISO_N3_EH":"686","UN_A3":"686","WB_A2":"SN","WB_A3":"SEN","WOE_ID":23424943,"WOE_ID_EH":23424943,"WOE_NOTE":"Exact WOE match as country","ADM0_ISO":"SEN","ADM0_DIFF":null,"ADM0_TLC":"SEN","ADM0_A3_US":"SEN","ADM0_A3_FR":"SEN","ADM0_A3_RU":"SEN","ADM0_A3_ES":"SEN","ADM0_A3_CN":"SEN","ADM0_A3_TW":"SEN","ADM0_A3_IN":"SEN","ADM0_A3_NP":"SEN","ADM0_A3_PK":"SEN","ADM0_A3_DE":"SEN","ADM0_A3_GB":"SEN","ADM0_A3_BR":"SEN","ADM0_A3_IL":"SEN","ADM0_A3_PS":"SEN","ADM0_A3_SA":"SEN","ADM0_A3_EG":"SEN","ADM0_A3_MA":"SEN","ADM0_A3_PT":"SEN","ADM0_A3_AR":"SEN","ADM0_A3_JP":"SEN","ADM0_A3_KO":"SEN","ADM0_A3_VN":"SEN","ADM0_A3_TR":"SEN","ADM0_A3_ID":"SEN","ADM0_A3_PL":"SEN","ADM0_A3_GR":"SEN","ADM0_A3_IT":"SEN","ADM0_A3_NL":"SEN","ADM0_A3_SE":"SEN","ADM0_A3_BD":"SEN","ADM0_A3_UA":"SEN","ADM0_A3_UN":-99,"ADM0_A3_WB":-99,"CONTINENT":"Africa","REGION_UN":"Africa","SUBREGION":"Western Africa","REGION_WB":"Sub-Saharan Africa","NAME_LEN":7,"LONG_LEN":7,"ABBREV_LEN":4,"TINY":-99,"HOMEPART":1,"MIN_ZOOM":0,"MIN_LABEL":2.7,"MAX_LABEL":8,"LABEL_X":-14.778586,"LABEL_Y":15.138125,"NE_ID":1159321243,"WIKIDATAID":"Q1041","NAME_AR":"السنغال","NAME_BN":"সেনেগাল","NAME_DE":"Senegal","NAME_EN":"Senegal","NAME_ES":"Senegal","NAME_FA":"سنگال","NAME_FR":"Sénégal","NAME_EL":"Σενεγάλη","NAME_HE":"סנגל","NAME_HI":"सेनेगल","NAME_HU":"Szenegál","NAME_ID":"Senegal","NAME_IT":"Senegal","NAME_JA":"セネガル","NAME_KO":"세네갈","NAME_NL":"Senegal","NAME_PL":"Senegal","NAME_PT":"Senegal","NAME_RU":"Сенегал","NAME_SV":"Senegal","NAME_TR":"Senegal","NAME_UK":"Сенегал","NAME_UR":"سینیگال","NAME_VI":"Sénégal","NAME_ZH":"塞内加尔","NAME_ZHT":"塞內加爾","FCLASS_ISO":"Admin-0 country","TLC_DIFF":null,"FCLASS_TLC":"Admin-0 country","FCLASS_US":null,"FCLASS_FR":null,"FCLASS_RU":null,"FCLASS_ES":null,"FCLASS_CN":null,"FCLASS_TW":null,"FCLASS_IN":null,"FCLASS_NP":null,"FCLASS_PK":null,"FCLASS_DE":null,"FCLASS_GB":null,"FCLASS_BR":null,"FCLASS_IL":null,"FCLASS_PS":null,"FCLASS_SA":null,"FCLASS_EG":null,"FCLASS_MA":null,"FCLASS_PT":null,"FCLASS_AR":null,"FCLASS_JP":null,"FCLASS_KO":null,"FCLASS_VN":null,"FCLASS_TR":null,"FCLASS_ID":null,"FCLASS_PL":null,"FCLASS_GR":null,"FCLASS_IT":null,"FCLASS_NL":null,"FCLASS_SE":null,"FCLASS_BD":null,"FCLASS_UA":null},"geometry":{"type":"Polygon","coordinates":[[[-12.280615,14.809033],[-12.186523,14.648145],[-12.206836,14.571143],[-12.228418,14.458594],[-12.175244,14.37666],[-12.112891,14.323291],[-12.068359,14.274219],[-12.019189,14.206494],[-12.011182,14.071826],[-12.020117,13.974658],[-11.988086,13.930762],[-11.960889,13.875293],[-11.966357,13.828955],[-11.98418,13.788086],[-12.044141,13.733887],[-12.054199,13.633057],[-11.95708,13.510889],[-11.89458,13.444434],[-11.895215,13.406299],[-11.877783,13.364551],[-11.831689,13.31582],[-11.803369,13.327295],[-11.772217,13.36709],[-11.758252,13.394531],[-11.674463,13.382373],[-11.634961,13.369873],[-11.581348,13.290039],[-11.56167,13.236963],[-11.548779,13.170264],[-11.492822,13.086963],[-11.444141,13.028223],[-11.433936,12.991602],[-11.390381,12.941992],[-11.417432,12.831885],[-11.414355,12.775488],[-11.444092,12.627588],[-11.450586,12.557715],[-11.448779,12.531934],[-11.382422,12.479248],[-11.389404,12.404395],[-11.456738,12.417578],[-11.573682,12.426318],[-11.808105,12.387305],[-11.888574,12.40332],[-12.042383,12.398047],[-12.151953,12.376611],[-12.291211,12.328027],[-12.399072,12.340088],[-12.457373,12.378369],[-12.534229,12.375781],[-12.620801,12.396191],[-12.713037,12.433154],[-12.797314,12.451904],[-12.888184,12.52002],[-12.930713,12.532275],[-12.960547,12.514355],[-12.985645,12.49165],[-13.011914,12.477637],[-13.061279,12.48999],[-13.079834,12.536279],[-13.064404,12.581055],[-13.059766,12.615039],[-13.08291,12.633545],[-13.138477,12.639746],[-13.228076,12.6396],[-13.372559,12.653613],[-13.405762,12.662256],[-13.729248,12.673926],[-14.064844,12.675293],[-14.349219,12.676416],[-14.708154,12.677979],[-14.960596,12.678955],[-15.196094,12.679932],[-15.37793,12.588965],[-15.574805,12.490381],[-15.839551,12.437891],[-16.144189,12.457422],[-16.241504,12.443311],[-16.342285,12.399512],[-16.416309,12.367676],[-16.521338,12.348633],[-16.656934,12.364355],[-16.711816,12.354834],[-16.74585,12.399707],[-16.784863,12.47251],[-16.760303,12.525781],[-16.677637,12.560059],[-16.553223,12.604883],[-16.488086,12.581836],[-16.449951,12.580713],[-16.442871,12.609473],[-16.455029,12.624805],[-16.548828,12.663818],[-16.597656,12.715283],[-16.637842,12.685156],[-16.672559,12.622021],[-16.701416,12.603174],[-16.743896,12.585449],[-16.767969,12.628418],[-16.778418,12.670166],[-16.758984,12.702344],[-16.768945,12.883301],[-16.757373,12.979785],[-16.76333,13.06416],[-16.704541,13.119727],[-16.648779,13.15415],[-16.430859,13.157324],[-16.22832,13.160303],[-16.033057,13.15835],[-15.834277,13.156445],[-15.814404,13.325146],[-15.751562,13.338379],[-15.657324,13.355811],[-15.481836,13.376367],[-15.28623,13.395996],[-15.244531,13.429102],[-15.212109,13.485059],[-15.191602,13.535254],[-15.151123,13.556494],[-15.096387,13.539648],[-15.024609,13.51333],[-14.950293,13.472607],[-14.865039,13.434863],[-14.808252,13.411133],[-14.671924,13.351709],[-14.438574,13.268896],[-14.246777,13.23584],[-14.014893,13.296387],[-13.84751,13.335303],[-13.826709,13.407812],[-13.852832,13.478564],[-13.977393,13.543457],[-14.146973,13.536133],[-14.199023,13.51875],[-14.278027,13.497168],[-14.325537,13.488574],[-14.405469,13.503711],[-14.506982,13.559717],[-14.57085,13.616162],[-14.660156,13.642627],[-14.766016,13.669092],[-14.935791,13.785205],[-15.024463,13.806006],[-15.10835,13.812109],[-15.269531,13.789111],[-15.426855,13.727002],[-15.509668,13.58623],[-15.667187,13.588281],[-16.001611,13.592773],[-16.30874,13.596875],[-16.562305,13.587305],[-16.587793,13.689551],[-16.647852,13.770996],[-16.74541,13.84043],[-16.766943,13.904932],[-16.733887,13.961182],[-16.6396,14.007471],[-16.618115,14.040527],[-16.66748,14.035596],[-16.742139,14.005811],[-16.791748,14.00415],[-16.797754,14.093262],[-16.880518,14.20835],[-16.973828,14.403223],[-17.079395,14.483057],[-17.168066,14.640625],[-17.260645,14.701074],[-17.345801,14.729297],[-17.418457,14.723486],[-17.44502,14.651611],[-17.535645,14.755127],[-17.411816,14.792187],[-17.147168,14.922021],[-16.843408,15.293994],[-16.570752,15.734424],[-16.535254,15.838379],[-16.502051,15.917334],[-16.480078,16.097217],[-16.441016,16.204541],[-16.404346,16.224902],[-16.358105,16.307178],[-16.302295,16.451318],[-16.239014,16.531299],[-16.168359,16.54707],[-16.113281,16.540137],[-16.074023,16.510449],[-15.958984,16.492139],[-15.768213,16.485107],[-15.620801,16.506592],[-15.516699,16.556592],[-15.37998,16.581982],[-15.210547,16.582617],[-15.121436,16.603613],[-15.112646,16.644922],[-15.090576,16.657373],[-15.055225,16.640967],[-15.021924,16.647461],[-14.990625,16.676904],[-14.959521,16.678906],[-14.928613,16.653516],[-14.786719,16.645898],[-14.53374,16.655957],[-14.300098,16.580273],[-14.085645,16.418848],[-13.975049,16.311133],[-13.968164,16.257227],[-13.932617,16.202881],[-13.868457,16.148145],[-13.809814,16.138037],[-13.756641,16.17251],[-13.714941,16.168799],[-13.684668,16.126904],[-13.623535,16.118311],[-13.555518,16.144043],[-13.506982,16.135205],[-13.498145,16.110303],[-13.486963,16.097021],[-13.454102,16.091113],[-13.409668,16.05918],[-13.347559,15.973486],[-13.297021,15.853857],[-13.258008,15.700391],[-13.206445,15.616895],[-13.142383,15.60332],[-13.105273,15.571777],[-13.0979,15.535254],[-13.079297,15.510449],[-13.048535,15.496631],[-12.994336,15.504883],[-12.930859,15.453027],[-12.862695,15.34043],[-12.851904,15.289648],[-12.862646,15.262402],[-12.858496,15.242529],[-12.813184,15.223535],[-12.770312,15.18667],[-12.735254,15.13125],[-12.659619,15.08208],[-12.543555,15.039014],[-12.459863,14.974658],[-12.408691,14.889014],[-12.302539,14.816992],[-12.280615,14.809033]]]}},{"type":"Feature","bbox":[34.616211,16.371777,55.641016,32.124512],"properties":{"featurecla":"Admin-0 country","scalerank":4,"LABELRANK":2,"SOVEREIGNT":"Saudi Arabia","SOV_A3":"SAU","ADM0_DIF":0,"LEVEL":2,"TYPE":"Sovereign country","TLC":"1","ADMIN":"Saudi Arabia","ADM0_A3":"SAU","GEOU_DIF":0,"GEOUNIT":"Saudi Arabia","GU_A3":"SAU","SU_DIF":0,"SUBUNIT":"Saudi Arabia","SU_A3":"SAU","BRK_DIFF":0,"NAME":"Saudi Arabia","NAME_LONG":"Saudi Arabia","BRK_A3":"SAU","BRK_NAME":"Saudi Arabia","BRK_GROUP":null,"ABBREV":"Saud.","POSTAL":"SA","FORMAL_EN":"Kingdom of Saudi Arabia","FORMAL_FR":null,"NAME_CIAWF":"Saudi Arabia","NOTE_ADM0":null,"NOTE_BRK":null,"NAME_SORT":"Saudi Arabia","NAME_ALT":null,"MAPCOLOR7":6,"MAPCOLOR8":1,"MAPCOLOR9":6,"MAPCOLOR13":7,"POP_EST":34268528,"POP_RANK":15,"POP_YEAR":2019,"GDP_MD":792966,"GDP_YEAR":2019,"ECONOMY":"2. Developed region: nonG7","INCOME_GRP":"2. High income: nonOECD","FIPS_10":"SA","ISO_A2":"SA","ISO_A2_EH":"SA","ISO_A3":"SAU","ISO_A3_EH":"SAU","ISO_N3":"682","ISO_N3_EH":"682","UN_A3":"682","WB_A2":"SA","WB_A3":"SAU","WOE_ID":23424938,"WOE_ID_EH":23424938,"WOE_NOTE":"Exact WOE match as country","ADM0_ISO":"SAU","ADM0_DIFF":null,"ADM0_TLC":"SAU","ADM0_A3_US":"SAU","ADM0_A3_FR":"SAU","ADM0_A3_RU":"SAU","ADM0_A3_ES":"SAU","ADM0_A3_CN":"SAU","ADM0_A3_TW":"SAU","ADM0_A3_IN":"SAU","ADM0_A3_NP":"SAU","ADM0_A3_PK":"SAU","ADM0_A3_DE":"SAU","ADM0_A3_GB":"SAU","ADM0_A3_BR":"SAU","ADM0_A3_IL":"SAU","ADM0_A3_PS":"SAU","ADM0_A3_SA":"SAU","ADM0_A3_EG":"SAU","ADM0_A3_MA":"SAU","ADM0_A3_PT":"SAU","ADM0_A3_AR":"SAU","ADM0_A3_JP":"SAU","ADM0_A3_KO":"SAU","ADM0_A3_VN":"SAU","ADM0_A3_TR":"SAU","ADM0_A3_ID":"SAU","ADM0_A3_PL":"SAU","ADM0_A3_GR":"SAU","ADM0_A3_IT":"SAU","ADM0_A3_NL":"SAU","ADM0_A3_SE":"SAU","ADM0_A3_BD":"SAU","ADM0_A3_UA":"SAU","ADM0_A3_UN":-99,"ADM0_A3_WB":-99,"CONTINENT":"Asia","REGION_UN":"Asia","SUBREGION":"Western Asia","REGION_WB":"Middle East & North Africa","NAME_LEN":12,"LONG_LEN":12,"ABBREV_LEN":5,"TINY":-99,"HOMEPART":1,"MIN_ZOOM":0,"MIN_LABEL":1.7,"MAX_LABEL":7,"LABEL_X":44.6996,"LABEL_Y":23.806908,"NE_ID":1159321225,"WIKIDATAID":"Q851","NAME_AR":"السعودية","NAME_BN":"সৌদি আরব","NAME_DE":"Saudi-Arabien","NAME_EN":"Saudi Arabia","NAME_ES":"Arabia Saudita","NAME_FA":"عربستان سعودی","NAME_FR":"Arabie saoudite","NAME_EL":"Σαουδική Αραβία","NAME_HE":"ערב הסעודית","NAME_HI":"सउदी अरब","NAME_HU":"Szaúd-Arábia","NAME_ID":"Arab Saudi","NAME_IT":"Arabia Saudita","NAME_JA":"サウジアラビア","NAME_KO":"사우디아라비아","NAME_NL":"Saoedi-Arabië","NAME_PL":"Arabia Saudyjska","NAME_PT":"Arábia Saudita","NAME_RU":"Саудовская Аравия","NAME_SV":"Saudiarabien","NAME_TR":"Suudi Arabistan","NAME_UK":"Саудівська Аравія","NAME_UR":"سعودی عرب","NAME_VI":"Ả Rập Saudi","NAME_ZH":"沙特阿拉伯","NAME_ZHT":"沙烏地阿拉伯","FCLASS_ISO":"Admin-0 country","TLC_DIFF":null,"FCLASS_TLC":"Admin-0 country","FCLASS_US":null,"FCLASS_FR":null,"FCLASS_RU":null,"FCLASS_ES":null,"FCLASS_CN":null,"FCLASS_TW":null,"FCLASS_IN":null,"FCLASS_NP":null,"FCLASS_PK":null,"FCLASS_DE":null,"FCLASS_GB":null,"FCLASS_BR":null,"FCLASS_IL":null,"FCLASS_PS":null,"FCLASS_SA":null,"FCLASS_EG":null,"FCLASS_MA":null,"FCLASS_PT":null,"FCLASS_AR":null,"FCLASS_JP":null,"FCLASS_KO":null,"FCLASS_VN":null,"FCLASS_TR":null,"FCLASS_ID":null,"FCLASS_PL":null,"FCLASS_GR":null,"FCLASS_IT":null,"FCLASS_NL":null,"FCLASS_SE":null,"FCLASS_BD":null,"FCLASS_UA":null},"geometry":{"type":"MultiPolygon","coordinates":[[[[36.90166,25.383057],[36.875195,25.383057],[36.805078,25.450732],[36.763867,25.500586],[36.72207,25.534033],[36.530273,25.601562],[36.504297,25.645117],[36.533594,25.688721],[36.554102,25.645361],[36.58877,25.619824],[36.747559,25.55874],[36.924414,25.425537],[36.954785,25.414648],[36.90166,25.383057]]],[[[41.987695,16.715625],[42.065039,16.710059],[42.033203,16.741943],[42.026367,16.757666],[42.059961,16.803516],[42.17041,16.708643],[42.167188,16.596387],[42.157813,16.570703],[42.127734,16.594824],[42.108398,16.618457],[42.102344,16.643945],[42.071777,16.671484],[41.96416,16.653467],[41.897266,16.684277],[41.801563,16.77876],[41.776074,16.846875],[41.816113,16.860156],[41.858203,16.89292],[41.884961,16.946826],[41.860449,17.002539],[41.917285,16.993652],[41.947949,16.936426],[41.953906,16.80625],[41.9625,16.778662],[41.94668,16.748926],[41.987695,16.715625]]],[[[51.977637,18.996143],[51.742969,18.964551],[51.514941,18.933887],[51.258398,18.899365],[50.95,18.857861],[50.708203,18.825293],[50.355273,18.777783],[50.038965,18.735254],[49.74209,18.695312],[49.445117,18.655322],[49.192383,18.621338],[49.041992,18.581787],[48.864844,18.495215],[48.592969,18.362402],[48.31582,18.227051],[48.172168,18.156934],[48.02168,17.976953],[47.945508,17.88584],[47.807813,17.721094],[47.703711,17.596826],[47.57959,17.44834],[47.525391,17.316113],[47.441797,17.111865],[47.369629,17.0604],[47.25127,16.993945],[47.143555,16.94668],[46.975684,16.953467],[46.87998,17.079004],[46.778516,17.212109],[46.727637,17.265576],[46.682031,17.268555],[46.513477,17.25166],[46.310352,17.231299],[46.070801,17.253174],[45.794434,17.278418],[45.535352,17.302051],[45.406543,17.319775],[45.236621,17.406201],[45.192773,17.423389],[45.148047,17.427441],[44.946484,17.42959],[44.746777,17.431689],[44.546484,17.404346],[44.354688,17.414355],[44.155957,17.398535],[44.085938,17.365527],[44.008203,17.36748],[43.959668,17.33833],[43.916992,17.324707],[43.866406,17.349609],[43.804297,17.344141],[43.712988,17.365527],[43.653418,17.421875],[43.597266,17.471436],[43.539258,17.49873],[43.474219,17.515918],[43.417969,17.51626],[43.346094,17.486035],[43.302148,17.456787],[43.190918,17.359375],[43.186328,17.324707],[43.236914,17.266455],[43.221387,17.239258],[43.155957,17.205029],[43.135938,17.112988],[43.126172,17.062451],[43.116504,16.941992],[43.145605,16.846777],[43.184473,16.811816],[43.186328,16.770996],[43.165039,16.689404],[43.104785,16.66416],[43.060742,16.586621],[43.033594,16.550391],[42.986328,16.509082],[42.799316,16.371777],[42.789844,16.451562],[42.730664,16.569824],[42.726367,16.65332],[42.698828,16.736963],[42.647461,16.801367],[42.55293,16.868457],[42.544141,16.959668],[42.475,17.049854],[42.383301,17.122461],[42.332422,17.256641],[42.293945,17.434961],[42.052246,17.669336],[41.75,17.885742],[41.658008,18.007666],[41.507617,18.256104],[41.431738,18.452441],[41.229492,18.678418],[41.220801,18.765234],[41.19082,18.871191],[41.144141,18.989063],[41.116016,19.082178],[40.913281,19.490137],[40.847852,19.555273],[40.791602,19.646387],[40.777051,19.716895],[40.75918,19.755469],[40.615918,19.822363],[40.482227,19.993457],[40.080664,20.265918],[39.884082,20.292969],[39.72832,20.390332],[39.613672,20.517676],[39.491211,20.737012],[39.276074,20.973975],[39.093555,21.310352],[39.150684,21.432764],[39.14707,21.518994],[39.091016,21.663965],[39.029785,21.775977],[38.987891,21.881738],[39.021191,22.033447],[39.033984,22.203369],[39.069922,22.293652],[39.095898,22.392773],[39.062012,22.592187],[39.001367,22.698975],[39.007422,22.770068],[38.93877,22.804785],[38.88291,22.882031],[38.941113,22.881836],[38.835547,22.989063],[38.796875,23.048584],[38.757031,23.194287],[38.706055,23.305518],[38.542285,23.55791],[38.46416,23.711865],[38.288867,23.910986],[38.098633,24.058008],[37.977832,24.124561],[37.919727,24.1854],[37.820996,24.1875],[37.713379,24.274414],[37.638184,24.277734],[37.543066,24.29165],[37.430957,24.459033],[37.338477,24.61582],[37.180859,24.82002],[37.22041,24.87334],[37.266309,24.960059],[37.243457,25.073437],[37.218359,25.150684],[37.148828,25.291113],[36.920703,25.641162],[36.860156,25.69248],[36.762695,25.751318],[36.702539,25.902881],[36.675195,26.038867],[36.51875,26.104883],[36.249609,26.594775],[36.09375,26.76582],[36.032031,26.881006],[35.85166,27.070459],[35.762988,27.258789],[35.581348,27.432471],[35.423828,27.733789],[35.180469,28.034863],[35.07832,28.087012],[34.827539,28.108594],[34.72207,28.130664],[34.625,28.064502],[34.616211,28.14834],[34.683301,28.264111],[34.779883,28.507324],[34.799121,28.720508],[34.950781,29.353516],[35.16377,29.320947],[35.33916,29.294092],[35.595313,29.254883],[35.860352,29.214258],[36.01543,29.190479],[36.068457,29.200537],[36.282813,29.355371],[36.476074,29.495117],[36.591797,29.666113],[36.703906,29.831641],[36.755273,29.866016],[36.927051,29.89707],[37.199414,29.946289],[37.469238,29.995068],[37.490723,30.011719],[37.553613,30.14458],[37.633594,30.313281],[37.649902,30.330957],[37.669727,30.348145],[37.862891,30.442627],[37.980078,30.5],[37.812988,30.669287],[37.655469,30.828955],[37.479004,31.007764],[37.329492,31.146826],[37.105273,31.355176],[36.958594,31.491504],[37.215625,31.556104],[37.493359,31.625879],[37.773828,31.696338],[38.111426,31.781152],[38.375488,31.847461],[38.769629,31.946484],[38.962305,31.994922],[38.99707,32.007471],[39.14541,32.124512],[39.368652,32.091748],[39.704102,32.042529],[40.027832,31.99502],[40.369336,31.938965],[40.478906,31.893359],[40.808398,31.725439],[41.022461,31.616357],[41.272461,31.489014],[41.585059,31.329736],[41.799707,31.220361],[42.074414,31.080371],[42.288574,30.92041],[42.559766,30.717773],[42.857715,30.495215],[43.103125,30.322217],[43.44082,30.083984],[43.77373,29.849219],[44.099609,29.619336],[44.360742,29.435254],[44.69082,29.202344],[44.716504,29.193604],[45.050293,29.16709],[45.498926,29.131543],[45.949707,29.09585],[46.356445,29.063672],[46.531445,29.09624],[46.724805,29.074609],[46.982227,29.045654],[47.13877,29.026172],[47.433203,28.989551],[47.521289,28.837842],[47.553223,28.731543],[47.583105,28.627979],[47.671289,28.533154],[47.871973,28.535449],[48.049609,28.5375],[48.26875,28.540527],[48.44248,28.54292],[48.498535,28.448877],[48.523047,28.355029],[48.626367,28.132568],[48.77373,27.959082],[48.808984,27.895898],[48.832813,27.800684],[48.807227,27.765283],[48.797168,27.724316],[48.906445,27.629053],[49.086914,27.548584],[49.15752,27.528223],[49.2375,27.492725],[49.175098,27.437646],[49.281543,27.310498],[49.405273,27.180957],[49.537695,27.151758],[49.716504,26.955859],[49.986133,26.828906],[50.149805,26.662646],[50.134668,26.659521],[50.086621,26.676416],[50.026367,26.699219],[50.008105,26.678516],[50.011328,26.608789],[50.027344,26.526855],[50.110742,26.455957],[50.184961,26.404932],[50.213867,26.308496],[50.155469,26.100537],[50.135254,26.100684],[50.095996,26.118701],[50.053906,26.122852],[50.031641,26.110986],[50.081055,25.961377],[50.130273,25.846631],[50.189648,25.755811],[50.238965,25.622852],[50.28125,25.566113],[50.455176,25.424805],[50.508496,25.306689],[50.55791,25.08667],[50.666895,24.963818],[50.725586,24.869385],[50.804395,24.789258],[50.855664,24.679639],[50.92832,24.595117],[50.966016,24.573926],[51.022754,24.565234],[51.093359,24.564648],[51.178027,24.586719],[51.267969,24.607227],[51.338477,24.564355],[51.41123,24.570801],[51.418359,24.530957],[51.369922,24.476904],[51.309863,24.340381],[51.395215,24.318848],[51.476758,24.308203],[51.534766,24.286328],[51.568359,24.286182],[51.568359,24.25791],[51.572168,24.12832],[51.592578,24.078857],[51.629297,24.03501],[51.684375,23.969531],[51.739355,23.904004],[51.794336,23.838477],[51.849414,23.772998],[51.904395,23.70752],[51.959473,23.641992],[52.014453,23.576465],[52.069434,23.510986],[52.124512,23.445459],[52.179492,23.37998],[52.23457,23.314453],[52.289551,23.248975],[52.344531,23.183496],[52.399609,23.117969],[52.45459,23.052441],[52.50957,22.986963],[52.555078,22.932812],[52.63916,22.92251],[52.665918,22.919287],[52.741602,22.91001],[52.859277,22.895605],[53.011914,22.877002],[53.192383,22.854932],[53.394043,22.830322],[53.60957,22.804004],[53.832129,22.776807],[54.05459,22.749658],[54.270117,22.72334],[54.47168,22.69873],[54.652246,22.67666],[54.804883,22.658008],[54.922461,22.643652],[54.998242,22.634375],[55.025,22.631152],[55.104297,22.621484],[55.119434,22.623926],[55.18584,22.704102],[55.259277,22.590918],[55.320117,22.496924],[55.403809,22.367822],[55.492773,22.230664],[55.577734,22.099512],[55.641016,22.001855],[55.607422,21.900391],[55.570801,21.789697],[55.53418,21.679004],[55.497559,21.568311],[55.460938,21.457617],[55.424316,21.346924],[55.387695,21.23623],[55.351074,21.125537],[55.314453,21.014795],[55.27793,20.904102],[55.241211,20.793408],[55.20459,20.682715],[55.168066,20.572021],[55.131445,20.461328],[55.094727,20.350635],[55.058203,20.239941],[55.021484,20.129248],[54.977344,19.995947],[54.871094,19.960498],[54.699023,19.903125],[54.527051,19.845801],[54.35498,19.788477],[54.183008,19.731152],[54.010938,19.673828],[53.838867,19.616504],[53.666895,19.559131],[53.494824,19.501807],[53.322852,19.444482],[53.150781,19.387158],[52.978711,19.329785],[52.806738,19.272461],[52.634668,19.215137],[52.462695,19.157812],[52.290625,19.100488],[52.118555,19.043164],[51.977637,18.996143]]],[[[36.595508,25.712793],[36.586133,25.699219],[36.543945,25.734277],[36.546484,25.811621],[36.582715,25.855518],[36.579883,25.79541],[36.595605,25.734863],[36.595508,25.712793]]]]}},{"type":"Feature","bbox":[6.468164,0.047363,7.452344,1.699121],"properties":{"featurecla":"Admin-0 country","scalerank":1,"LABELRANK":6,"SOVEREIGNT":"São Tomé and Principe","SOV_A3":"STP","ADM0_DIF":0,"LEVEL":2,"TYPE":"Sovereign country","TLC":"1","ADMIN":"São Tomé and Principe","ADM0_A3":"STP","GEOU_DIF":0,"GEOUNIT":"São Tomé and Principe","GU_A3":"STP","SU_DIF":0,"SUBUNIT":"São Tomé and Principe","SU_A3":"STP","BRK_DIFF":0,"NAME":"São Tomé and Principe","NAME_LONG":"São Tomé and Principe","BRK_A3":"STP","BRK_NAME":"Sao Tome and Principe","BRK_GROUP":null,"ABBREV":"S.T.P.","POSTAL":"ST","FORMAL_EN":"Democratic Republic of São Tomé and Principe","FORMAL_FR":null,"NAME_CIAWF":"Sao Tome and Principe","NOTE_ADM0":null,"NOTE_BRK":null,"NAME_SORT":"Sao Tome and Principe","NAME_ALT":null,"MAPCOLOR7":1,"MAPCOLOR8":6,"MAPCOLOR9":1,"MAPCOLOR13":7,"POP_EST":215056,"POP_RANK":10,"POP_YEAR":2019,"GDP_MD":418,"GDP_YEAR":2019,"ECONOMY":"7. Least developed region","INCOME_GRP":"4. Lower middle income","FIPS_10":"TP","ISO_A2":"ST","ISO_A2_EH":"ST","ISO_A3":"STP","ISO_A3_EH":"STP","ISO_N3":"678","ISO_N3_EH":"678","UN_A3":"678","WB_A2":"ST","WB_A3":"STP","WOE_ID":23424966,"WOE_ID_EH":23424966,"WOE_NOTE":"Exact WOE match as country","ADM0_ISO":"STP","ADM0_DIFF":null,"ADM0_TLC":"STP","ADM0_A3_US":"STP","ADM0_A3_FR":"STP","ADM0_A3_RU":"STP","ADM0_A3_ES":"STP","ADM0_A3_CN":"STP","ADM0_A3_TW":"STP","ADM0_A3_IN":"STP","ADM0_A3_NP":"STP","ADM0_A3_PK":"STP","ADM0_A3_DE":"STP","ADM0_A3_GB":"STP","ADM0_A3_BR":"STP","ADM0_A3_IL":"STP","ADM0_A3_PS":"STP","ADM0_A3_SA":"STP","ADM0_A3_EG":"STP","ADM0_A3_MA":"STP","ADM0_A3_PT":"STP","ADM0_A3_AR":"STP","ADM0_A3_JP":"STP","ADM0_A3_KO":"STP","ADM0_A3_VN":"STP","ADM0_A3_TR":"STP","ADM0_A3_ID":"STP","ADM0_A3_PL":"STP","ADM0_A3_GR":"STP","ADM0_A3_IT":"STP","ADM0_A3_NL":"STP","ADM0_A3_SE":"STP","ADM0_A3_BD":"STP","ADM0_A3_UA":"STP","ADM0_A3_UN":-99,"ADM0_A3_WB":-99,"CONTINENT":"Africa","REGION_UN":"Africa","SUBREGION":"Middle Africa","REGION_WB":"Sub-Saharan Africa","NAME_LEN":21,"LONG_LEN":21,"ABBREV_LEN":6,"TINY":3,"HOMEPART":1,"MIN_ZOOM":0,"MIN_LABEL":5,"MAX_LABEL":10,"LABEL_X":7.021,"LABEL_Y":0.9709,"NE_ID":1159321273,"WIKIDATAID":"Q1039","NAME_AR":"ساو تومي وبرينسيب","NAME_BN":"সাঁউ তুমি ও প্রিন্সিপি","NAME_DE":"São Tomé und Príncipe","NAME_EN":"São Tomé and Príncipe","NAME_ES":"Santo Tomé y Príncipe","NAME_FA":"سائوتومه و پرینسیپ","NAME_FR":"Sao Tomé-et-Principe","NAME_EL":"Σάο Τομέ και Πρίνσιπε","NAME_HE":"סאו טומה ופרינסיפה","NAME_HI":"साओ तोमे और प्रिन्सिपी","NAME_HU":"São Tomé és Príncipe","NAME_ID":"Sao Tome dan Principe","NAME_IT":"São Tomé e Príncipe","NAME_JA":"サントメ・プリンシペ","NAME_KO":"상투메 프린시페","NAME_NL":"Sao Tomé en Principe","NAME_PL":"Wyspy Świętego Tomasza i Książęca","NAME_PT":"São Tomé e Príncipe","NAME_RU":"Сан-Томе и Принсипи","NAME_SV":"São Tomé och Príncipe","NAME_TR":"São Tomé ve Príncipe","NAME_UK":"Сан-Томе і Принсіпі","NAME_UR":"ساؤ ٹومے و پرنسپے","NAME_VI":"São Tomé và Príncipe","NAME_ZH":"圣多美和普林西比","NAME_ZHT":"聖多美普林西比","FCLASS_ISO":"Admin-0 country","TLC_DIFF":null,"FCLASS_TLC":"Admin-0 country","FCLASS_US":null,"FCLASS_FR":null,"FCLASS_RU":null,"FCLASS_ES":null,"FCLASS_CN":null,"FCLASS_TW":null,"FCLASS_IN":null,"FCLASS_NP":null,"FCLASS_PK":null,"FCLASS_DE":null,"FCLASS_GB":null,"FCLASS_BR":null,"FCLASS_IL":null,"FCLASS_PS":null,"FCLASS_SA":null,"FCLASS_EG":null,"FCLASS_MA":null,"FCLASS_PT":null,"FCLASS_AR":null,"FCLASS_JP":null,"FCLASS_KO":null,"FCLASS_VN":null,"FCLASS_TR":null,"FCLASS_ID":null,"FCLASS_PL":null,"FCLASS_GR":null,"FCLASS_IT":null,"FCLASS_NL":null,"FCLASS_SE":null,"FCLASS_BD":null,"FCLASS_UA":null},"geometry":{"type":"MultiPolygon","coordinates":[[[[7.423828,1.567725],[7.386621,1.541553],[7.342383,1.563574],[7.330664,1.603369],[7.387598,1.680176],[7.414453,1.699121],[7.437012,1.683057],[7.450391,1.661963],[7.452344,1.631104],[7.423828,1.567725]]],[[[6.659961,0.120654],[6.556836,0.047363],[6.519727,0.066309],[6.496973,0.117383],[6.468164,0.227344],[6.477539,0.280127],[6.524316,0.340283],[6.625879,0.400244],[6.686914,0.404395],[6.749805,0.325635],[6.75,0.243457],[6.659961,0.120654]]]]}},{"type":"Feature","bbox":[-172.778516,-14.047266,-171.449561,-13.465234],"properties":{"featurecla":"Admin-0 country","scalerank":1,"LABELRANK":4,"SOVEREIGNT":"Samoa","SOV_A3":"WSM","ADM0_DIF":0,"LEVEL":2,"TYPE":"Sovereign country","TLC":"1","ADMIN":"Samoa","ADM0_A3":"WSM","GEOU_DIF":0,"GEOUNIT":"Samoa","GU_A3":"WSM","SU_DIF":0,"SUBUNIT":"Samoa","SU_A3":"WSM","BRK_DIFF":0,"NAME":"Samoa","NAME_LONG":"Samoa","BRK_A3":"WSM","BRK_NAME":"Samoa","BRK_GROUP":null,"ABBREV":"Samoa","POSTAL":"WS","FORMAL_EN":"Independent State of Samoa","FORMAL_FR":null,"NAME_CIAWF":"Samoa","NOTE_ADM0":null,"NOTE_BRK":null,"NAME_SORT":"Samoa","NAME_ALT":null,"MAPCOLOR7":3,"MAPCOLOR8":3,"MAPCOLOR9":4,"MAPCOLOR13":6,"POP_EST":197097,"POP_RANK":9,"POP_YEAR":2019,"GDP_MD":852,"GDP_YEAR":2019,"ECONOMY":"7. Least developed region","INCOME_GRP":"4. Lower middle income","FIPS_10":"WS","ISO_A2":"WS","ISO_A2_EH":"WS","ISO_A3":"WSM","ISO_A3_EH":"WSM","ISO_N3":"882","ISO_N3_EH":"882","UN_A3":"882","WB_A2":"WS","WB_A3":"WSM","WOE_ID":23424992,"WOE_ID_EH":23424992,"WOE_NOTE":"Exact WOE match as country","ADM0_ISO":"WSM","ADM0_DIFF":null,"ADM0_TLC":"WSM","ADM0_A3_US":"WSM","ADM0_A3_FR":"WSM","ADM0_A3_RU":"WSM","ADM0_A3_ES":"WSM","ADM0_A3_CN":"WSM","ADM0_A3_TW":"WSM","ADM0_A3_IN":"WSM","ADM0_A3_NP":"WSM","ADM0_A3_PK":"WSM","ADM0_A3_DE":"WSM","ADM0_A3_GB":"WSM","ADM0_A3_BR":"WSM","ADM0_A3_IL":"WSM","ADM0_A3_PS":"WSM","ADM0_A3_SA":"WSM","ADM0_A3_EG":"WSM","ADM0_A3_MA":"WSM","ADM0_A3_PT":"WSM","ADM0_A3_AR":"WSM","ADM0_A3_JP":"WSM","ADM0_A3_KO":"WSM","ADM0_A3_VN":"WSM","ADM0_A3_TR":"WSM","ADM0_A3_ID":"WSM","ADM0_A3_PL":"WSM","ADM0_A3_GR":"WSM","ADM0_A3_IT":"WSM","ADM0_A3_NL":"WSM","ADM0_A3_SE":"WSM","ADM0_A3_BD":"WSM","ADM0_A3_UA":"WSM","ADM0_A3_UN":-99,"ADM0_A3_WB":-99,"CONTINENT":"Oceania","REGION_UN":"Oceania","SUBREGION":"Polynesia","REGION_WB":"East Asia & Pacific","NAME_LEN":5,"LONG_LEN":5,"ABBREV_LEN":5,"TINY":-99,"HOMEPART":1,"MIN_ZOOM":0,"MIN_LABEL":3,"MAX_LABEL":8,"LABEL_X":-172.438241,"LABEL_Y":-13.639139,"NE_ID":1159321423,"WIKIDATAID":"Q683","NAME_AR":"ساموا","NAME_BN":"সামোয়া","NAME_DE":"Samoa","NAME_EN":"Samoa","NAME_ES":"Samoa","NAME_FA":"ساموآ","NAME_FR":"Samoa","NAME_EL":"Σαμόα","NAME_HE":"סמואה","NAME_HI":"समोआ","NAME_HU":"Szamoa","NAME_ID":"Samoa","NAME_IT":"Samoa","NAME_JA":"サモア","NAME_KO":"사모아","NAME_NL":"Samoa","NAME_PL":"Samoa","NAME_PT":"Samoa","NAME_RU":"Самоа","NAME_SV":"Samoa","NAME_TR":"Samoa","NAME_UK":"Самоа","NAME_UR":"سامووا","NAME_VI":"Samoa","NAME_ZH":"萨摩亚","NAME_ZHT":"薩摩亞","FCLASS_ISO":"Admin-0 country","TLC_DIFF":null,"FCLASS_TLC":"Admin-0 country","FCLASS_US":null,"FCLASS_FR":null,"FCLASS_RU":null,"FCLASS_ES":null,"FCLASS_CN":null,"FCLASS_TW":null,"FCLASS_IN":null,"FCLASS_NP":null,"FCLASS_PK":null,"FCLASS_DE":null,"FCLASS_GB":null,"FCLASS_BR":null,"FCLASS_IL":null,"FCLASS_PS":null,"FCLASS_SA":null,"FCLASS_EG":null,"FCLASS_MA":null,"FCLASS_PT":null,"FCLASS_AR":null,"FCLASS_JP":null,"FCLASS_KO":null,"FCLASS_VN":null,"FCLASS_TR":null,"FCLASS_ID":null,"FCLASS_PL":null,"FCLASS_GR":null,"FCLASS_IT":null,"FCLASS_NL":null,"FCLASS_SE":null,"FCLASS_BD":null,"FCLASS_UA":null},"geometry":{"type":"MultiPolygon","coordinates":[[],[]]}},{"type":"Feature","bbox":[-61.353516,12.694727,-61.124023,13.35874],"properties":{"featurecla":"Admin-0 country","scalerank":1,"LABELRANK":6,"SOVEREIGNT":"Saint Vincent and the Grenadines","SOV_A3":"VCT","ADM0_DIF":0,"LEVEL":2,"TYPE":"Sovereign country","TLC":"1","ADMIN":"Saint Vincent and the Grenadines","ADM0_A3":"VCT","GEOU_DIF":0,"GEOUNIT":"Saint Vincent and the Grenadines","GU_A3":"VCT","SU_DIF":0,"SUBUNIT":"Saint Vincent and the Grenadines","SU_A3":"VCT","BRK_DIFF":0,"NAME":"St. Vin. and Gren.","NAME_LONG":"Saint Vincent and the Grenadines","BRK_A3":"VCT","BRK_NAME":"St. Vin. and Gren.","BRK_GROUP":null,"ABBREV":"St.V.G.","POSTAL":"VC","FORMAL_EN":"Saint Vincent and the Grenadines","FORMAL_FR":null,"NAME_CIAWF":"Saint Vincent and the Grenadines","NOTE_ADM0":null,"NOTE_BRK":null,"NAME_SORT":"St. Vincent and the Grenadines","NAME_ALT":null,"MAPCOLOR7":1,"MAPCOLOR8":1,"MAPCOLOR9":5,"MAPCOLOR13":7,"POP_EST":110589,"POP_RANK":9,"POP_YEAR":2019,"GDP_MD":824,"GDP_YEAR":2019,"ECONOMY":"6. Developing region","INCOME_GRP":"3. Upper middle income","FIPS_10":"VC","ISO_A2":"VC","ISO_A2_EH":"VC","ISO_A3":"VCT","ISO_A3_EH":"VCT","ISO_N3":"670","ISO_N3_EH":"670","UN_A3":"670","WB_A2":"VC","WB_A3":"VCT","WOE_ID":23424981,"WOE_ID_EH":23424981,"WOE_NOTE":"Exact WOE match as country","ADM0_ISO":"VCT","ADM0_DIFF":null,"ADM0_TLC":"VCT","ADM0_A3_US":"VCT","ADM0_A3_FR":"VCT","ADM0_A3_RU":"VCT","ADM0_A3_ES":"VCT","ADM0_A3_CN":"VCT","ADM0_A3_TW":"VCT","ADM0_A3_IN":"VCT","ADM0_A3_NP":"VCT","ADM0_A3_PK":"VCT","ADM0_A3_DE":"VCT","ADM0_A3_GB":"VCT","ADM0_A3_BR":"VCT","ADM0_A3_IL":"VCT","ADM0_A3_PS":"VCT","ADM0_A3_SA":"VCT","ADM0_A3_EG":"VCT","ADM0_A3_MA":"VCT","ADM0_A3_PT":"VCT","ADM0_A3_AR":"VCT","ADM0_A3_JP":"VCT","ADM0_A3_KO":"VCT","ADM0_A3_VN":"VCT","ADM0_A3_TR":"VCT","ADM0_A3_ID":"VCT","ADM0_A3_PL":"VCT","ADM0_A3_GR":"VCT","ADM0_A3_IT":"VCT","ADM0_A3_NL":"VCT","ADM0_A3_SE":"VCT","ADM0_A3_BD":"VCT","ADM0_A3_UA":"VCT","ADM0_A3_UN":-99,"ADM0_A3_WB":-99,"CONTINENT":"North America","REGION_UN":"Americas","SUBREGION":"Caribbean","REGION_WB":"Latin America & Caribbean","NAME_LEN":18,"LONG_LEN":32,"ABBREV_LEN":7,"TINY":-99,"HOMEPART":1,"MIN_ZOOM":0,"MIN_LABEL":5,"MAX_LABEL":10,"LABEL_X":-61.3359,"LABEL_Y":13.0879,"NE_ID":1159321409,"WIKIDATAID":"Q757","NAME_AR":"سانت فينسنت والغرينادين","NAME_BN":"সেন্ট ভিনসেন্ট ও গ্রেনাডাইন","NAME_DE":"St. Vincent und die Grenadinen","NAME_EN":"Saint Vincent and the Grenadines","NAME_ES":"San Vicente y las Granadinas","NAME_FA":"سنت وینسنت و گرنادینها","NAME_FR":"Saint-Vincent-et-les-Grenadines","NAME_EL":"Άγιος Βικέντιος και Γρεναδίνες","NAME_HE":"סנט וינסנט והגרנדינים","NAME_HI":"सन्त विन्सेण्ट और ग्रेनाडाइन्स","NAME_HU":"Saint Vincent és a Grenadine-szigetek","NAME_ID":"Saint Vincent dan Grenadine","NAME_IT":"Saint Vincent e Grenadine","NAME_JA":"セントビンセント・グレナディーン","NAME_KO":"세인트빈센트 그레나딘","NAME_NL":"Saint Vincent en de Grenadines","NAME_PL":"Saint Vincent i Grenadyny","NAME_PT":"São Vicente e Granadinas","NAME_RU":"Сент-Винсент и Гренадины","NAME_SV":"Saint Vincent och Grenadinerna","NAME_TR":"Saint Vincent ve Grenadinler","NAME_UK":"Сент-Вінсент і Гренадини","NAME_UR":"سینٹ وینسینٹ و گریناڈائنز","NAME_VI":"Saint Vincent và Grenadines","NAME_ZH":"圣文森特和格林纳丁斯","NAME_ZHT":"聖文森及格瑞那丁","FCLASS_ISO":"Admin-0 dependency","TLC_DIFF":null,"FCLASS_TLC":"Admin-0 dependency","FCLASS_US":null,"FCLASS_FR":null,"FCLASS_RU":null,"FCLASS_ES":null,"FCLASS_CN":null,"FCLASS_TW":null,"FCLASS_IN":null,"FCLASS_NP":null,"FCLASS_PK":null,"FCLASS_DE":null,"FCLASS_GB":null,"FCLASS_BR":null,"FCLASS_IL":null,"FCLASS_PS":null,"FCLASS_SA":null,"FCLASS_EG":null,"FCLASS_MA":null,"FCLASS_PT":null,"FCLASS_AR":null,"FCLASS_JP":null,"FCLASS_KO":null,"FCLASS_VN":null,"FCLASS_TR":null,"FCLASS_ID":null,"FCLASS_PL":null,"FCLASS_GR":null,"FCLASS_IT":null,"FCLASS_NL":null,"FCLASS_SE":null,"FCLASS_BD":null,"FCLASS_UA":null},"geometry":{"type":"MultiPolygon","coordinates":[[],[],[]]}},{"type":"Feature","bbox":[-62.840479,17.100586,-62.532227,17.402588],"properties":{"featurecla":"Admin-0 country","scalerank":3,"LABELRANK":6,"SOVEREIGNT":"Saint Kitts and Nevis","SOV_A3":"KNA","ADM0_DIF":0,"LEVEL":2,"TYPE":"Sovereign country","TLC":"1","ADMIN":"Saint Kitts and Nevis","ADM0_A3":"KNA","GEOU_DIF":0,"GEOUNIT":"Saint Kitts and Nevis","GU_A3":"KNA","SU_DIF":0,"SUBUNIT":"Saint Kitts and Nevis","SU_A3":"KNA","BRK_DIFF":0,"NAME":"St. Kitts and Nevis","NAME_LONG":"Saint Kitts and Nevis","BRK_A3":"KNA","BRK_NAME":"Saint Kitts and Nevis","BRK_GROUP":null,"ABBREV":"St.K.N.","POSTAL":"KN","FORMAL_EN":"Federation of Saint Kitts and Nevis","FORMAL_FR":null,"NAME_CIAWF":"Saint Kitts and Nevis","NOTE_ADM0":null,"NOTE_BRK":null,"NAME_SORT":"St. Kitts and Nevis","NAME_ALT":null,"MAPCOLOR7":1,"MAPCOLOR8":4,"MAPCOLOR9":1,"MAPCOLOR13":8,"POP_EST":52834,"POP_RANK":8,"POP_YEAR":2019,"GDP_MD":1053,"GDP_YEAR":2019,"ECONOMY":"6. Developing region","INCOME_GRP":"2. High income: nonOECD","FIPS_10":"SC","ISO_A2":"KN","ISO_A2_EH":"KN","ISO_A3":"KNA","ISO_A3_EH":"KNA","ISO_N3":"659","ISO_N3_EH":"659","UN_A3":"659","WB_A2":"KN","WB_A3":"KNA","WOE_ID":23424940,"WOE_ID_EH":23424940,"WOE_NOTE":"Exact WOE match as country","ADM0_ISO":"KNA","ADM0_DIFF":null,"ADM0_TLC":"KNA","ADM0_A3_US":"KNA","ADM0_A3_FR":"KNA","ADM0_A3_RU":"KNA","ADM0_A3_ES":"KNA","ADM0_A3_CN":"KNA","ADM0_A3_TW":"KNA","ADM0_A3_IN":"KNA","ADM0_A3_NP":"KNA","ADM0_A3_PK":"KNA","ADM0_A3_DE":"KNA","ADM0_A3_GB":"KNA","ADM0_A3_BR":"KNA","ADM0_A3_IL":"KNA","ADM0_A3_PS":"KNA","ADM0_A3_SA":"KNA","ADM0_A3_EG":"KNA","ADM0_A3_MA":"KNA","ADM0_A3_PT":"KNA","ADM0_A3_AR":"KNA","ADM0_A3_JP":"KNA","ADM0_A3_KO":"KNA","ADM0_A3_VN":"KNA","ADM0_A3_TR":"KNA","ADM0_A3_ID":"KNA","ADM0_A3_PL":"KNA","ADM0_A3_GR":"KNA","ADM0_A3_IT":"KNA","ADM0_A3_NL":"KNA","ADM0_A3_SE":"KNA","ADM0_A3_BD":"KNA","ADM0_A3_UA":"KNA","ADM0_A3_UN":-99,"ADM0_A3_WB":-99,"CONTINENT":"North America","REGION_UN":"Americas","SUBREGION":"Caribbean","REGION_WB":"Latin America & Caribbean","NAME_LEN":19,"LONG_LEN":21,"ABBREV_LEN":7,"TINY":4,"HOMEPART":1,"MIN_ZOOM":0,"MIN_LABEL":5,"MAX_LABEL":10,"LABEL_X":-62.757975,"LABEL_Y":17.336558,"NE_ID":1159320983,"WIKIDATAID":"Q763","NAME_AR":"سانت كيتس ونيفيس","NAME_BN":"সেন্ট কিট্স ও নেভিস","NAME_DE":"St. Kitts und Nevis","NAME_EN":"Saint Kitts and Nevis","NAME_ES":"San Cristóbal y Nieves","NAME_FA":"سنت کیتس و نویس","NAME_FR":"Saint-Christophe-et-Niévès","NAME_EL":"Άγιος Χριστόφορος και Νέβις","NAME_HE":"סנט קיטס ונוויס","NAME_HI":"सन्त किट्स और नेविस","NAME_HU":"Saint Kitts és Nevis","NAME_ID":"Saint Kitts dan Nevis","NAME_IT":"Saint Kitts e Nevis","NAME_JA":"セントクリストファー・ネイビス","NAME_KO":"세인트키츠 네비스","NAME_NL":"Saint Kitts en Nevis","NAME_PL":"Saint Kitts i Nevis","NAME_PT":"São Cristóvão e Nevis","NAME_RU":"Сент-Китс и Невис","NAME_SV":"Saint Kitts och Nevis","NAME_TR":"Saint Kitts ve Nevis","NAME_UK":"Сент-Кіттс і Невіс","NAME_UR":"سینٹ کیٹز و ناویس","NAME_VI":"Saint Kitts và Nevis","NAME_ZH":"圣基茨和尼维斯","NAME_ZHT":"聖克里斯多福與尼維斯","FCLASS_ISO":"Admin-0 country","TLC_DIFF":null,"FCLASS_TLC":"Admin-0 country","FCLASS_US":null,"FCLASS_FR":null,"FCLASS_RU":null,"FCLASS_ES":null,"FCLASS_CN":null,"FCLASS_TW":null,"FCLASS_IN":null,"FCLASS_NP":null,"FCLASS_PK":null,"FCLASS_DE":null,"FCLASS_GB":null,"FCLASS_BR":null,"FCLASS_IL":null,"FCLASS_PS":null,"FCLASS_SA":null,"FCLASS_EG":null,"FCLASS_MA":null,"FCLASS_PT":null,"FCLASS_AR":null,"FCLASS_JP":null,"FCLASS_KO":null,"FCLASS_VN":null,"FCLASS_TR":null,"FCLASS_ID":null,"FCLASS_PL":null,"FCLASS_GR":null,"FCLASS_IT":null,"FCLASS_NL":null,"FCLASS_SE":null,"FCLASS_BD":null,"FCLASS_UA":null},"geometry":{"type":"MultiPolygon","coordinates":[[],[]]}},{"type":"Feature","bbox":[28.857617,-2.808594,30.876563,-1.063086],"properties":{"featurecla":"Admin-0 country","scalerank":1,"LABELRANK":3,"SOVEREIGNT":"Rwanda","SOV_A3":"RWA","ADM0_DIF":0,"LEVEL":2,"TYPE":"Sovereign country","TLC":"1","ADMIN":"Rwanda","ADM0_A3":"RWA","GEOU_DIF":0,"GEOUNIT":"Rwanda","GU_A3":"RWA","SU_DIF":0,"SUBUNIT":"Rwanda","SU_A3":"RWA","BRK_DIFF":0,"NAME":"Rwanda","NAME_LONG":"Rwanda","BRK_A3":"RWA","BRK_NAME":"Rwanda","BRK_GROUP":null,"ABBREV":"Rwa.","POSTAL":"RW","FORMAL_EN":"Republic of Rwanda","FORMAL_FR":null,"NAME_CIAWF":"Rwanda","NOTE_ADM0":null,"NOTE_BRK":null,"NAME_SORT":"Rwanda","NAME_ALT":null,"MAPCOLOR7":5,"MAPCOLOR8":2,"MAPCOLOR9":3,"MAPCOLOR13":10,"POP_EST":12626950,"POP_RANK":14,"POP_YEAR":2019,"GDP_MD":10354,"GDP_YEAR":2019,"ECONOMY":"7. Least developed region","INCOME_GRP":"5. Low income","FIPS_10":"RW","ISO_A2":"RW","ISO_A2_EH":"RW","ISO_A3":"RWA","ISO_A3_EH":"RWA","ISO_N3":"646","ISO_N3_EH":"646","UN_A3":"646","WB_A2":"RW","WB_A3":"RWA","WOE_ID":23424937,"WOE_ID_EH":23424937,"WOE_NOTE":"Exact WOE match as country","ADM0_ISO":"RWA","ADM0_DIFF":null,"ADM0_TLC":"RWA","ADM0_A3_US":"RWA","ADM0_A3_FR":"RWA","ADM0_A3_RU":"RWA","ADM0_A3_ES":"RWA","ADM0_A3_CN":"RWA","ADM0_A3_TW":"RWA","ADM0_A3_IN":"RWA","ADM0_A3_NP":"RWA","ADM0_A3_PK":"RWA","ADM0_A3_DE":"RWA","ADM0_A3_GB":"RWA","ADM0_A3_BR":"RWA","ADM0_A3_IL":"RWA","ADM0_A3_PS":"RWA","ADM0_A3_SA":"RWA","ADM0_A3_EG":"RWA","ADM0_A3_MA":"RWA","ADM0_A3_PT":"RWA","ADM0_A3_AR":"RWA","ADM0_A3_JP":"RWA","ADM0_A3_KO":"RWA","ADM0_A3_VN":"RWA","ADM0_A3_TR":"RWA","ADM0_A3_ID":"RWA","ADM0_A3_PL":"RWA","ADM0_A3_GR":"RWA","ADM0_A3_IT":"RWA","ADM0_A3_NL":"RWA","ADM0_A3_SE":"RWA","ADM0_A3_BD":"RWA","ADM0_A3_UA":"RWA","ADM0_A3_UN":-99,"ADM0_A3_WB":-99,"CONTINENT":"Africa","REGION_UN":"Africa","SUBREGION":"Eastern Africa","REGION_WB":"Sub-Saharan Africa","NAME_LEN":6,"LONG_LEN":6,"ABBREV_LEN":4,"TINY":-99,"HOMEPART":1,"MIN_ZOOM":0,"MIN_LABEL":3,"MAX_LABEL":8,"LABEL_X":30.103894,"LABEL_Y":-1.897196,"NE_ID":1159321219,"WIKIDATAID":"Q1037","NAME_AR":"رواندا","NAME_BN":"রুয়ান্ডা","NAME_DE":"Ruanda","NAME_EN":"Rwanda","NAME_ES":"Ruanda","NAME_FA":"رواندا","NAME_FR":"Rwanda","NAME_EL":"Ρουάντα","NAME_HE":"רואנדה","NAME_HI":"रवाण्डा","NAME_HU":"Ruanda","NAME_ID":"Rwanda","NAME_IT":"Ruanda","NAME_JA":"ルワンダ","NAME_KO":"르완다","NAME_NL":"Rwanda","NAME_PL":"Rwanda","NAME_PT":"Ruanda","NAME_RU":"Руанда","NAME_SV":"Rwanda","NAME_TR":"Ruanda","NAME_UK":"Руанда","NAME_UR":"روانڈا","NAME_VI":"Rwanda","NAME_ZH":"卢旺达","NAME_ZHT":"盧旺達","FCLASS_ISO":"Admin-0 country","TLC_DIFF":null,"FCLASS_TLC":"Admin-0 country","FCLASS_US":null,"FCLASS_FR":null,"FCLASS_RU":null,"FCLASS_ES":null,"FCLASS_CN":null,"FCLASS_TW":null,"FCLASS_IN":null,"FCLASS_NP":null,"FCLASS_PK":null,"FCLASS_DE":null,"FCLASS_GB":null,"FCLASS_BR":null,"FCLASS_IL":null,"FCLASS_PS":null,"FCLASS_SA":null,"FCLASS_EG":null,"FCLASS_MA":null,"FCLASS_PT":null,"FCLASS_AR":null,"FCLASS_JP":null,"FCLASS_KO":null,"FCLASS_VN":null,"FCLASS_TR":null,"FCLASS_ID":null,"FCLASS_PL":null,"FCLASS_GR":null,"FCLASS_IT":null,"FCLASS_NL":null,"FCLASS_SE":null,"FCLASS_BD":null,"FCLASS_UA":null},"geometry":{"type":"Polygon","coordinates":[[[29.576953,-1.387891],[29.609668,-1.387109],[29.825391,-1.335547],[29.846875,-1.35166],[29.881641,-1.451758],[29.9,-1.466309],[29.930078,-1.469922],[29.990527,-1.446973],[30.101562,-1.368652],[30.15,-1.321094],[30.207031,-1.254199],[30.279883,-1.178809],[30.320508,-1.113086],[30.360254,-1.074609],[30.412305,-1.063086],[30.469922,-1.066016],[30.509961,-1.067285],[30.477051,-1.083008],[30.470215,-1.131152],[30.508105,-1.208203],[30.631934,-1.36748],[30.710742,-1.396777],[30.762207,-1.458691],[30.812598,-1.563086],[30.827539,-1.693652],[30.806738,-1.850684],[30.819141,-1.96748],[30.864648,-2.044043],[30.876563,-2.143359],[30.85498,-2.26543],[30.828711,-2.338477],[30.797656,-2.362695],[30.7625,-2.37168],[30.714844,-2.363477],[30.656641,-2.373828],[30.593359,-2.396777],[30.553613,-2.400098],[30.528906,-2.395605],[30.482227,-2.376074],[30.408496,-2.312988],[30.270996,-2.347852],[30.233789,-2.34707],[30.183301,-2.377051],[30.142285,-2.413965],[30.117285,-2.416602],[30.091895,-2.411523],[29.973438,-2.337109],[29.930176,-2.339551],[29.912402,-2.548633],[29.892578,-2.664648],[29.868164,-2.716406],[29.783398,-2.766406],[29.698047,-2.794727],[29.651367,-2.792773],[29.463672,-2.808398],[29.390234,-2.808594],[29.349805,-2.791504],[29.29707,-2.673047],[29.197559,-2.620313],[29.102051,-2.595703],[29.063184,-2.602539],[29.028613,-2.664551],[29.014355,-2.720215],[28.921777,-2.682031],[28.893945,-2.635059],[28.891406,-2.555566],[28.857617,-2.44668],[28.876367,-2.400293],[28.912695,-2.370313],[28.989551,-2.312793],[29.106445,-2.233203],[29.131543,-2.195117],[29.148047,-2.131836],[29.140625,-1.98457],[29.129395,-1.860254],[29.143262,-1.816016],[29.196582,-1.719922],[29.268164,-1.621582],[29.35166,-1.517578],[29.401953,-1.507422],[29.467969,-1.468066],[29.537793,-1.409766],[29.576953,-1.387891]]]}},{"type":"Feature","bbox":[-180,41.199268,180,81.854199],"properties":{"featurecla":"Admin-0 country","scalerank":5,"LABELRANK":2,"SOVEREIGNT":"Russia","SOV_A3":"RUS","ADM0_DIF":0,"LEVEL":2,"TYPE":"Sovereign country","TLC":"1","ADMIN":"Russia","ADM0_A3":"RUS","GEOU_DIF":0,"GEOUNIT":"Russia","GU_A3":"RUS","SU_DIF":0,"SUBUNIT":"Russia","SU_A3":"RUS","BRK_DIFF":0,"NAME":"Russia","NAME_LONG":"Russian Federation","BRK_A3":"RUS","BRK_NAME":"Russia","BRK_GROUP":null,"ABBREV":"Rus.","POSTAL":"RUS","FORMAL_EN":"Russian Federation","FORMAL_FR":null,"NAME_CIAWF":"Russia","NOTE_ADM0":null,"NOTE_BRK":null,"NAME_SORT":"Russian Federation","NAME_ALT":null,"MAPCOLOR7":2,"MAPCOLOR8":5,"MAPCOLOR9":7,"MAPCOLOR13":7,"POP_EST":144373535,"POP_RANK":17,"POP_YEAR":2019,"GDP_MD":1699876,"GDP_YEAR":2019,"ECONOMY":"3. Emerging region: BRIC","INCOME_GRP":"3. Upper middle income","FIPS_10":"RS","ISO_A2":"RU","ISO_A2_EH":"RU","ISO_A3":"RUS","ISO_A3_EH":"RUS","ISO_N3":"643","ISO_N3_EH":"643","UN_A3":"643","WB_A2":"RU","WB_A3":"RUS","WOE_ID":23424936,"WOE_ID_EH":23424936,"WOE_NOTE":"Exact WOE match as country","ADM0_ISO":"RUS","ADM0_DIFF":null,"ADM0_TLC":"RUS","ADM0_A3_US":"RUS","ADM0_A3_FR":"RUS","ADM0_A3_RU":"RUS","ADM0_A3_ES":"RUS","ADM0_A3_CN":"RUS","ADM0_A3_TW":"RUS","ADM0_A3_IN":"RUS","ADM0_A3_NP":"RUS","ADM0_A3_PK":"RUS","ADM0_A3_DE":"RUS","ADM0_A3_GB":"RUS","ADM0_A3_BR":"RUS","ADM0_A3_IL":"RUS","ADM0_A3_PS":"RUS","ADM0_A3_SA":"RUS","ADM0_A3_EG":"RUS","ADM0_A3_MA":"RUS","ADM0_A3_PT":"RUS","ADM0_A3_AR":"RUS","ADM0_A3_JP":"RUS","ADM0_A3_KO":"RUS","ADM0_A3_VN":"RUS","ADM0_A3_TR":"RUS","ADM0_A3_ID":"RUS","ADM0_A3_PL":"RUS","ADM0_A3_GR":"RUS","ADM0_A3_IT":"RUS","ADM0_A3_NL":"RUS","ADM0_A3_SE":"RUS","ADM0_A3_BD":"RUS","ADM0_A3_UA":"RUS","ADM0_A3_UN":-99,"ADM0_A3_WB":-99,"CONTINENT":"Europe","REGION_UN":"Europe","SUBREGION":"Eastern Europe","REGION_WB":"Europe & Central Asia","NAME_LEN":6,"LONG_LEN":18,"ABBREV_LEN":4,"TINY":-99,"HOMEPART":1,"MIN_ZOOM":0,"MIN_LABEL":1.7,"MAX_LABEL":5.2,"LABEL_X":44.686469,"LABEL_Y":58.249357,"NE_ID":1159321201,"WIKIDATAID":"Q159","NAME_AR":"روسيا","NAME_BN":"রাশিয়া","NAME_DE":"Russland","NAME_EN":"Russia","NAME_ES":"Rusia","NAME_FA":"روسیه","NAME_FR":"Russie","NAME_EL":"Ρωσία","NAME_HE":"רוסיה","NAME_HI":"रूस","NAME_HU":"Oroszország","NAME_ID":"Rusia","NAME_IT":"Russia","NAME_JA":"ロシア","NAME_KO":"러시아","NAME_NL":"Rusland","NAME_PL":"Rosja","NAME_PT":"Rússia","NAME_RU":"Россия","NAME_SV":"Ryssland","NAME_TR":"Rusya","NAME_UK":"Росія","NAME_UR":"روس","NAME_VI":"Nga","NAME_ZH":"俄罗斯","NAME_ZHT":"俄羅斯","FCLASS_ISO":"Admin-0 country","TLC_DIFF":null,"FCLASS_TLC":"Admin-0 country","FCLASS_US":null,"FCLASS_FR":null,"FCLASS_RU":null,"FCLASS_ES":null,"FCLASS_CN":null,"FCLASS_TW":null,"FCLASS_IN":null,"FCLASS_NP":null,"FCLASS_PK":null,"FCLASS_DE":null,"FCLASS_GB":null,"FCLASS_BR":null,"FCLASS_IL":null,"FCLASS_PS":null,"FCLASS_SA":null,"FCLASS_EG":null,"FCLASS_MA":null,"FCLASS_PT":null,"FCLASS_AR":null,"FCLASS_JP":null,"FCLASS_KO":null,"FCLASS_VN":null,"FCLASS_TR":null,"FCLASS_ID":null,"FCLASS_PL":null,"FCLASS_GR":null,"FCLASS_IT":null,"FCLASS_NL":null,"FCLASS_SE":null,"FCLASS_BD":null,"FCLASS_UA":null},"geometry":{"type":"MultiPolygon","coordinates":[[],[],[],[],[],[],[],[],[],[],[],[],[],[],[],[],[],[],[],[],[],[],[],[],[],[],[],[],[],[],[],[],[],[],[],[],[],[],[],[],[],[],[],[],[],[],[],[],[],[],[],[],[],[],[],[],[],[],[],[],[],[],[],[],[],[],[],[],[],[],[],[],[],[],[],[],[],[],[],[],[],[],[],[],[],[],[],[],[],[],[],[],[],[],[],[],[],[],[],[],[]]}},{"type":"Feature","bbox":[50.75459,24.564648,51.608887,26.153271],"properties":{"featurecla":"Admin-0 country","scalerank":1,"LABELRANK":5,"SOVEREIGNT":"Qatar","SOV_A3":"QAT","ADM0_DIF":0,"LEVEL":2,"TYPE":"Sovereign country","TLC":"1","ADMIN":"Qatar","ADM0_A3":"QAT","GEOU_DIF":0,"GEOUNIT":"Qatar","GU_A3":"QAT","SU_DIF":0,"SUBUNIT":"Qatar","SU_A3":"QAT","BRK_DIFF":0,"NAME":"Qatar","NAME_LONG":"Qatar","BRK_A3":"QAT","BRK_NAME":"Qatar","BRK_GROUP":null,"ABBREV":"Qatar","POSTAL":"QA","FORMAL_EN":"State of Qatar","FORMAL_FR":null,"NAME_CIAWF":"Qatar","NOTE_ADM0":null,"NOTE_BRK":null,"NAME_SORT":"Qatar","NAME_ALT":null,"MAPCOLOR7":3,"MAPCOLOR8":6,"MAPCOLOR9":2,"MAPCOLOR13":4,"POP_EST":2832067,"POP_RANK":12,"POP_YEAR":2019,"GDP_MD":175837,"GDP_YEAR":2019,"ECONOMY":"6. Developing region","INCOME_GRP":"2. High income: nonOECD","FIPS_10":"QA","ISO_A2":"QA","ISO_A2_EH":"QA","ISO_A3":"QAT","ISO_A3_EH":"QAT","ISO_N3":"634","ISO_N3_EH":"634","UN_A3":"634","WB_A2":"QA","WB_A3":"QAT","WOE_ID":23424930,"WOE_ID_EH":23424930,"WOE_NOTE":"Exact WOE match as country","ADM0_ISO":"QAT","ADM0_DIFF":null,"ADM0_TLC":"QAT","ADM0_A3_US":"QAT","ADM0_A3_FR":"QAT","ADM0_A3_RU":"QAT","ADM0_A3_ES":"QAT","ADM0_A3_CN":"QAT","ADM0_A3_TW":"QAT","ADM0_A3_IN":"QAT","ADM0_A3_NP":"QAT","ADM0_A3_PK":"QAT","ADM0_A3_DE":"QAT","ADM0_A3_GB":"QAT","ADM0_A3_BR":"QAT","ADM0_A3_IL":"QAT","ADM0_A3_PS":"QAT","ADM0_A3_SA":"QAT","ADM0_A3_EG":"QAT","ADM0_A3_MA":"QAT","ADM0_A3_PT":"QAT","ADM0_A3_AR":"QAT","ADM0_A3_JP":"QAT","ADM0_A3_KO":"QAT","ADM0_A3_VN":"QAT","ADM0_A3_TR":"QAT","ADM0_A3_ID":"QAT","ADM0_A3_PL":"QAT","ADM0_A3_GR":"QAT","ADM0_A3_IT":"QAT","ADM0_A3_NL":"QAT","ADM0_A3_SE":"QAT","ADM0_A3_BD":"QAT","ADM0_A3_UA":"QAT","ADM0_A3_UN":-99,"ADM0_A3_WB":-99,"CONTINENT":"Asia","REGION_UN":"Asia","SUBREGION":"Western Asia","REGION_WB":"Middle East & North Africa","NAME_LEN":5,"LONG_LEN":5,"ABBREV_LEN":5,"TINY":-99,"HOMEPART":1,"MIN_ZOOM":0,"MIN_LABEL":4,"MAX_LABEL":9,"LABEL_X":51.143509,"LABEL_Y":25.237383,"NE_ID":1159321197,"WIKIDATAID":"Q846","NAME_AR":"قطر","NAME_BN":"কাতার","NAME_DE":"Katar","NAME_EN":"Qatar","NAME_ES":"Catar","NAME_FA":"قطر","NAME_FR":"Qatar","NAME_EL":"Κατάρ","NAME_HE":"קטר","NAME_HI":"क़तर","NAME_HU":"Katar","NAME_ID":"Qatar","NAME_IT":"Qatar","NAME_JA":"カタール","NAME_KO":"카타르","NAME_NL":"Qatar","NAME_PL":"Katar","NAME_PT":"Catar","NAME_RU":"Катар","NAME_SV":"Qatar","NAME_TR":"Katar","NAME_UK":"Катар","NAME_UR":"قطر","NAME_VI":"Qatar","NAME_ZH":"卡塔尔","NAME_ZHT":"卡達","FCLASS_ISO":"Admin-0 country","TLC_DIFF":null,"FCLASS_TLC":"Admin-0 country","FCLASS_US":null,"FCLASS_FR":null,"FCLASS_RU":null,"FCLASS_ES":null,"FCLASS_CN":null,"FCLASS_TW":null,"FCLASS_IN":null,"FCLASS_NP":null,"FCLASS_PK":null,"FCLASS_DE":null,"FCLASS_GB":null,"FCLASS_BR":null,"FCLASS_IL":null,"FCLASS_PS":null,"FCLASS_SA":null,"FCLASS_EG":null,"FCLASS_MA":null,"FCLASS_PT":null,"FCLASS_AR":null,"FCLASS_JP":null,"FCLASS_KO":null,"FCLASS_VN":null,"FCLASS_TR":null,"FCLASS_ID":null,"FCLASS_PL":null,"FCLASS_GR":null,"FCLASS_IT":null,"FCLASS_NL":null,"FCLASS_SE":null,"FCLASS_BD":null,"FCLASS_UA":null},"geometry":{"type":"Polygon","coordinates":[[[51.267969,24.607227],[51.178027,24.586719],[51.093359,24.564648],[51.022754,24.565234],[50.966016,24.573926],[50.92832,24.595117],[50.855664,24.679639],[50.804395,24.789258],[50.835938,24.850391],[50.846777,24.888574],[50.777344,25.177441],[50.75459,25.399268],[50.762891,25.444727],[50.802637,25.49707],[50.868652,25.612695],[50.903809,25.724072],[51.003125,25.981445],[51.108105,26.080566],[51.262305,26.153271],[51.389063,26.011133],[51.543066,25.902393],[51.572266,25.781006],[51.526953,25.682129],[51.485352,25.524707],[51.510254,25.452344],[51.519531,25.389746],[51.561426,25.284473],[51.601953,25.147949],[51.608887,25.052881],[51.586914,24.964844],[51.533398,24.890869],[51.42793,24.668262],[51.396484,24.645117],[51.267969,24.607227]]]}},{"type":"Feature","bbox":[-31.282959,32.648291,-6.2125,42.137402],"properties":{"featurecla":"Admin-0 country","scalerank":3,"LABELRANK":2,"SOVEREIGNT":"Portugal","SOV_A3":"PRT","ADM0_DIF":0,"LEVEL":2,"TYPE":"Sovereign country","TLC":"1","ADMIN":"Portugal","ADM0_A3":"PRT","GEOU_DIF":0,"GEOUNIT":"Portugal","GU_A3":"PRT","SU_DIF":1,"SUBUNIT":"Portugal","SU_A3":"PR1","BRK_DIFF":0,"NAME":"Portugal","NAME_LONG":"Portugal","BRK_A3":"PR1","BRK_NAME":"Portugal","BRK_GROUP":null,"ABBREV":"Port.","POSTAL":"P","FORMAL_EN":"Portuguese Republic","FORMAL_FR":null,"NAME_CIAWF":"Portugal","NOTE_ADM0":null,"NOTE_BRK":null,"NAME_SORT":"Portugal","NAME_ALT":null,"MAPCOLOR7":1,"MAPCOLOR8":7,"MAPCOLOR9":1,"MAPCOLOR13":4,"POP_EST":10269417,"POP_RANK":14,"POP_YEAR":2019,"GDP_MD":238785,"GDP_YEAR":2019,"ECONOMY":"2. Developed region: nonG7","INCOME_GRP":"1. High income: OECD","FIPS_10":"PO","ISO_A2":"PT","ISO_A2_EH":"PT","ISO_A3":"PRT","ISO_A3_EH":"PRT","ISO_N3":"620","ISO_N3_EH":"620","UN_A3":"620","WB_A2":"PT","WB_A3":"PRT","WOE_ID":23424925,"WOE_ID_EH":23424925,"WOE_NOTE":"Exact WOE match as country","ADM0_ISO":"PR1","ADM0_DIFF":null,"ADM0_TLC":"PR1","ADM0_A3_US":"PRT","ADM0_A3_FR":"PRT","ADM0_A3_RU":"PRT","ADM0_A3_ES":"PRT","ADM0_A3_CN":"PRT","ADM0_A3_TW":"PRT","ADM0_A3_IN":"PRT","ADM0_A3_NP":"PRT","ADM0_A3_PK":"PRT","ADM0_A3_DE":"PRT","ADM0_A3_GB":"PRT","ADM0_A3_BR":"PRT","ADM0_A3_IL":"PRT","ADM0_A3_PS":"PRT","ADM0_A3_SA":"PRT","ADM0_A3_EG":"PRT","ADM0_A3_MA":"PRT","ADM0_A3_PT":"PRT","ADM0_A3_AR":"PRT","ADM0_A3_JP":"PRT","ADM0_A3_KO":"PRT","ADM0_A3_VN":"PRT","ADM0_A3_TR":"PRT","ADM0_A3_ID":"PRT","ADM0_A3_PL":"PRT","ADM0_A3_GR":"PRT","ADM0_A3_IT":"PRT","ADM0_A3_NL":"PRT","ADM0_A3_SE":"PRT","ADM0_A3_BD":"PRT","ADM0_A3_UA":"PRT","ADM0_A3_UN":-99,"ADM0_A3_WB":-99,"CONTINENT":"Europe","REGION_UN":"Europe","SUBREGION":"Southern Europe","REGION_WB":"Europe & Central Asia","NAME_LEN":8,"LONG_LEN":8,"ABBREV_LEN":5,"TINY":-99,"HOMEPART":1,"MIN_ZOOM":0,"MIN_LABEL":3,"MAX_LABEL":8,"LABEL_X":-8.271754,"LABEL_Y":39.606675,"NE_ID":1159321187,"WIKIDATAID":"Q45","NAME_AR":"البرتغال","NAME_BN":"পর্তুগাল","NAME_DE":"Portugal","NAME_EN":"Portugal","NAME_ES":"Portugal","NAME_FA":"پرتغال","NAME_FR":"Portugal","NAME_EL":"Πορτογαλία","NAME_HE":"פורטוגל","NAME_HI":"पुर्तगाल","NAME_HU":"Portugália","NAME_ID":"Portugal","NAME_IT":"Portogallo","NAME_JA":"ポルトガル","NAME_KO":"포르투갈","NAME_NL":"Portugal","NAME_PL":"Portugalia","NAME_PT":"Portugal","NAME_RU":"Португалия","NAME_SV":"Portugal","NAME_TR":"Portekiz","NAME_UK":"Португалія","NAME_UR":"پرتگال","NAME_VI":"Bồ Đào Nha","NAME_ZH":"葡萄牙","NAME_ZHT":"葡萄牙","FCLASS_ISO":"Admin-0 country","TLC_DIFF":null,"FCLASS_TLC":"Admin-0 country","FCLASS_US":null,"FCLASS_FR":null,"FCLASS_RU":null,"FCLASS_ES":null,"FCLASS_CN":null,"FCLASS_TW":null,"FCLASS_IN":null,"FCLASS_NP":null,"FCLASS_PK":null,"FCLASS_DE":null,"FCLASS_GB":null,"FCLASS_BR":null,"FCLASS_IL":null,"FCLASS_PS":null,"FCLASS_SA":null,"FCLASS_EG":null,"FCLASS_MA":null,"FCLASS_PT":null,"FCLASS_AR":null,"FCLASS_JP":null,"FCLASS_KO":null,"FCLASS_VN":null,"FCLASS_TR":null,"FCLASS_ID":null,"FCLASS_PL":null,"FCLASS_GR":null,"FCLASS_IT":null,"FCLASS_NL":null,"FCLASS_SE":null,"FCLASS_BD":null,"FCLASS_UA":null},"geometry":{"type":"MultiPolygon","coordinates":[[[[-17.190869,32.868604],[-17.054492,32.815869],[-16.929199,32.841406],[-16.773975,32.773535],[-16.693262,32.758008],[-16.765283,32.709717],[-16.837402,32.648291],[-17.018262,32.662793],[-17.171191,32.721875],[-17.226025,32.766846],[-17.241016,32.807373],[-17.190869,32.868604]]],[[[-7.445667217511988,37.340381],[-7.406152,37.179443],[-7.493604,37.168311],[-7.834131,37.005713],[-7.939697,37.00542],[-8.136768,37.077051],[-8.484326,37.100049],[-8.597656,37.121338],[-8.739111,37.074609],[-8.848437,37.075684],[-8.935352,37.016016],[-8.997803,37.032275],[-8.92627,37.166064],[-8.852453568199072,37.340381],[-7.445667217511988,37.340381]]],[[[-25.027344,36.959961],[-25.031543,36.941553],[-25.088379,36.948877],[-25.159912,36.943359],[-25.198389,36.996533],[-25.163525,37.018555],[-25.08291,37.024023],[-25.044336,37.000195],[-25.027344,36.959961]]],[],[],[],[],[],[]]}},{"type":"Feature","bbox":[116.969531,5.060205,126.593359,20.84126],"properties":{"featurecla":"Admin-0 country","scalerank":1,"LABELRANK":2,"SOVEREIGNT":"Philippines","SOV_A3":"PHL","ADM0_DIF":0,"LEVEL":2,"TYPE":"Sovereign country","TLC":"1","ADMIN":"Philippines","ADM0_A3":"PHL","GEOU_DIF":0,"GEOUNIT":"Philippines","GU_A3":"PHL","SU_DIF":0,"SUBUNIT":"Philippines","SU_A3":"PHL","BRK_DIFF":0,"NAME":"Philippines","NAME_LONG":"Philippines","BRK_A3":"PHL","BRK_NAME":"Philippines","BRK_GROUP":null,"ABBREV":"Phil.","POSTAL":"PH","FORMAL_EN":"Republic of the Philippines","FORMAL_FR":null,"NAME_CIAWF":"Philippines","NOTE_ADM0":null,"NOTE_BRK":null,"NAME_SORT":"Philippines","NAME_ALT":null,"MAPCOLOR7":3,"MAPCOLOR8":2,"MAPCOLOR9":2,"MAPCOLOR13":8,"POP_EST":108116615,"POP_RANK":17,"POP_YEAR":2019,"GDP_MD":376795,"GDP_YEAR":2019,"ECONOMY":"5. Emerging region: G20","INCOME_GRP":"4. Lower middle income","FIPS_10":"RP","ISO_A2":"PH","ISO_A2_EH":"PH","ISO_A3":"PHL","ISO_A3_EH":"PHL","ISO_N3":"608","ISO_N3_EH":"608","UN_A3":"608","WB_A2":"PH","WB_A3":"PHL","WOE_ID":23424934,"WOE_ID_EH":23424934,"WOE_NOTE":"Exact WOE match as country","ADM0_ISO":"PHL","ADM0_DIFF":null,"ADM0_TLC":"PHL","ADM0_A3_US":"PHL","ADM0_A3_FR":"PHL","ADM0_A3_RU":"PHL","ADM0_A3_ES":"PHL","ADM0_A3_CN":"PHL","ADM0_A3_TW":"PHL","ADM0_A3_IN":"PHL","ADM0_A3_NP":"PHL","ADM0_A3_PK":"PHL","ADM0_A3_DE":"PHL","ADM0_A3_GB":"PHL","ADM0_A3_BR":"PHL","ADM0_A3_IL":"PHL","ADM0_A3_PS":"PHL","ADM0_A3_SA":"PHL","ADM0_A3_EG":"PHL","ADM0_A3_MA":"PHL","ADM0_A3_PT":"PHL","ADM0_A3_AR":"PHL","ADM0_A3_JP":"PHL","ADM0_A3_KO":"PHL","ADM0_A3_VN":"PHL","ADM0_A3_TR":"PHL","ADM0_A3_ID":"PHL","ADM0_A3_PL":"PHL","ADM0_A3_GR":"PHL","ADM0_A3_IT":"PHL","ADM0_A3_NL":"PHL","ADM0_A3_SE":"PHL","ADM0_A3_BD":"PHL","ADM0_A3_UA":"PHL","ADM0_A3_UN":-99,"ADM0_A3_WB":-99,"CONTINENT":"Asia","REGION_UN":"Asia","SUBREGION":"South-Eastern Asia","REGION_WB":"East Asia & Pacific","NAME_LEN":11,"LONG_LEN":11,"ABBREV_LEN":5,"TINY":-99,"HOMEPART":1,"MIN_ZOOM":0,"MIN_LABEL":2.5,"MAX_LABEL":7,"LABEL_X":122.465,"LABEL_Y":11.198,"NE_ID":1159321169,"WIKIDATAID":"Q928","NAME_AR":"الفلبين","NAME_BN":"ফিলিপাইন","NAME_DE":"Philippinen","NAME_EN":"Philippines","NAME_ES":"Filipinas","NAME_FA":"فیلیپین","NAME_FR":"Philippines","NAME_EL":"Φιλιππίνες","NAME_HE":"הפיליפינים","NAME_HI":"फ़िलीपीन्स","NAME_HU":"Fülöp-szigetek","NAME_ID":"Filipina","NAME_IT":"Filippine","NAME_JA":"フィリピン","NAME_KO":"필리핀","NAME_NL":"Filipijnen","NAME_PL":"Filipiny","NAME_PT":"Filipinas","NAME_RU":"Филиппины","NAME_SV":"Filippinerna","NAME_TR":"Filipinler","NAME_UK":"Філіппіни","NAME_UR":"فلپائن","NAME_VI":"Philippines","NAME_ZH":"菲律宾","NAME_ZHT":"菲律賓","FCLASS_ISO":"Admin-0 country","TLC_DIFF":null,"FCLASS_TLC":"Admin-0 country","FCLASS_US":null,"FCLASS_FR":null,"FCLASS_RU":null,"FCLASS_ES":null,"FCLASS_CN":null,"FCLASS_TW":null,"FCLASS_IN":null,"FCLASS_NP":null,"FCLASS_PK":null,"FCLASS_DE":null,"FCLASS_GB":null,"FCLASS_BR":null,"FCLASS_IL":null,"FCLASS_PS":null,"FCLASS_SA":null,"FCLASS_EG":null,"FCLASS_MA":null,"FCLASS_PT":null,"FCLASS_AR":null,"FCLASS_JP":null,"FCLASS_KO":null,"FCLASS_VN":null,"FCLASS_TR":null,"FCLASS_ID":null,"FCLASS_PL":null,"FCLASS_GR":null,"FCLASS_IT":null,"FCLASS_NL":null,"FCLASS_SE":null,"FCLASS_BD":null,"FCLASS_UA":null},"geometry":{"type":"MultiPolygon","coordinates":[[],[],[],[],[],[],[],[],[],[],[],[],[],[],[],[],[],[],[],[],[],[],[],[],[],[],[],[],[],[],[],[],[],[],[],[],[],[],[],[],[],[],[],[],[],[],[],[]]}},{"type":"Feature","bbox":[140.862305,-11.630566,155.957617,-1.353223],"properties":{"featurecla":"Admin-0 country","scalerank":1,"LABELRANK":2,"SOVEREIGNT":"Papua New Guinea","SOV_A3":"PNG","ADM0_DIF":0,"LEVEL":2,"TYPE":"Sovereign country","TLC":"1","ADMIN":"Papua New Guinea","ADM0_A3":"PNG","GEOU_DIF":0,"GEOUNIT":"Papua New Guinea","GU_A3":"PNG","SU_DIF":1,"SUBUNIT":"Papua New Guinea","SU_A3":"PN1","BRK_DIFF":0,"NAME":"Papua New Guinea","NAME_LONG":"Papua New Guinea","BRK_A3":"PN1","BRK_NAME":"Papua New Guinea","BRK_GROUP":null,"ABBREV":"P.N.G.","POSTAL":"PG","FORMAL_EN":"Independent State of Papua New Guinea","FORMAL_FR":null,"NAME_CIAWF":"Papua New Guinea","NOTE_ADM0":null,"NOTE_BRK":null,"NAME_SORT":"Papua New Guinea","NAME_ALT":null,"MAPCOLOR7":4,"MAPCOLOR8":2,"MAPCOLOR9":3,"MAPCOLOR13":1,"POP_EST":8776109,"POP_RANK":13,"POP_YEAR":2019,"GDP_MD":24829,"GDP_YEAR":2019,"ECONOMY":"6. Developing region","INCOME_GRP":"4. Lower middle income","FIPS_10":"PP","ISO_A2":"PG","ISO_A2_EH":"PG","ISO_A3":"PNG","ISO_A3_EH":"PNG","ISO_N3":"598","ISO_N3_EH":"598","UN_A3":"598","WB_A2":"PG","WB_A3":"PNG","WOE_ID":23424926,"WOE_ID_EH":23424926,"WOE_NOTE":"Exact WOE match as country","ADM0_ISO":"PN1","ADM0_DIFF":null,"ADM0_TLC":"PN1","ADM0_A3_US":"PNG","ADM0_A3_FR":"PNG","ADM0_A3_RU":"PNG","ADM0_A3_ES":"PNG","ADM0_A3_CN":"PNG","ADM0_A3_TW":"PNG","ADM0_A3_IN":"PNG","ADM0_A3_NP":"PNG","ADM0_A3_PK":"PNG","ADM0_A3_DE":"PNG","ADM0_A3_GB":"PNG","ADM0_A3_BR":"PNG","ADM0_A3_IL":"PNG","ADM0_A3_PS":"PNG","ADM0_A3_SA":"PNG","ADM0_A3_EG":"PNG","ADM0_A3_MA":"PNG","ADM0_A3_PT":"PNG","ADM0_A3_AR":"PNG","ADM0_A3_JP":"PNG","ADM0_A3_KO":"PNG","ADM0_A3_VN":"PNG","ADM0_A3_TR":"PNG","ADM0_A3_ID":"PNG","ADM0_A3_PL":"PNG","ADM0_A3_GR":"PNG","ADM0_A3_IT":"PNG","ADM0_A3_NL":"PNG","ADM0_A3_SE":"PNG","ADM0_A3_BD":"PNG","ADM0_A3_UA":"PNG","ADM0_A3_UN":-99,"ADM0_A3_WB":-99,"CONTINENT":"Oceania","REGION_UN":"Oceania","SUBREGION":"Melanesia","REGION_WB":"East Asia & Pacific","NAME_LEN":16,"LONG_LEN":16,"ABBREV_LEN":6,"TINY":-99,"HOMEPART":1,"MIN_ZOOM":0,"MIN_LABEL":2.5,"MAX_LABEL":7.5,"LABEL_X":143.910216,"LABEL_Y":-5.695285,"NE_ID":1159321173,"WIKIDATAID":"Q691","NAME_AR":"بابوا غينيا الجديدة","NAME_BN":"পাপুয়া নিউগিনি","NAME_DE":"Papua-Neuguinea","NAME_EN":"Papua New Guinea","NAME_ES":"Papúa Nueva Guinea","NAME_FA":"پاپوآ گینه نو","NAME_FR":"Papouasie-Nouvelle-Guinée","NAME_EL":"Παπούα Νέα Γουινέα","NAME_HE":"פפואה גינאה החדשה","NAME_HI":"पापुआ न्यू गिनी","NAME_HU":"Pápua Új-Guinea","NAME_ID":"Papua Nugini","NAME_IT":"Papua Nuova Guinea","NAME_JA":"パプアニューギニア","NAME_KO":"파푸아뉴기니","NAME_NL":"Papoea-Nieuw-Guinea","NAME_PL":"Papua-Nowa Gwinea","NAME_PT":"Papua-Nova Guiné","NAME_RU":"Папуа — Новая Гвинея","NAME_SV":"Papua Nya Guinea","NAME_TR":"Papua Yeni Gine","NAME_UK":"Папуа Нова Гвінея","NAME_UR":"پاپوا نیو گنی","NAME_VI":"Papua New Guinea","NAME_ZH":"巴布亚新几内亚","NAME_ZHT":"巴布亞紐幾內亞","FCLASS_ISO":"Admin-0 country","TLC_DIFF":null,"FCLASS_TLC":"Admin-0 country","FCLASS_US":null,"FCLASS_FR":null,"FCLASS_RU":null,"FCLASS_ES":null,"FCLASS_CN":null,"FCLASS_TW":null,"FCLASS_IN":null,"FCLASS_NP":null,"FCLASS_PK":null,"FCLASS_DE":null,"FCLASS_GB":null,"FCLASS_BR":null,"FCLASS_IL":null,"FCLASS_PS":null,"FCLASS_SA":null,"FCLASS_EG":null,"FCLASS_MA":null,"FCLASS_PT":null,"FCLASS_AR":null,"FCLASS_JP":null,"FCLASS_KO":null,"FCLASS_VN":null,"FCLASS_TR":null,"FCLASS_ID":null,"FCLASS_PL":null,"FCLASS_GR":null,"FCLASS_IT":null,"FCLASS_NL":null,"FCLASS_SE":null,"FCLASS_BD":null,"FCLASS_UA":null},"geometry":{"type":"MultiPolygon","coordinates":[[],[],[],[],[],[],[],[],[],[],[],[],[],[],[],[],[],[],[],[],[],[],[],[],[],[]]}},{"type":"Feature","bbox":[-83.027344,7.220068,-77.195996,9.597852],"properties":{"featurecla":"Admin-0 country","scalerank":1,"LABELRANK":4,"SOVEREIGNT":"Panama","SOV_A3":"PAN","ADM0_DIF":0,"LEVEL":2,"TYPE":"Sovereign country","TLC":"1","ADMIN":"Panama","ADM0_A3":"PAN","GEOU_DIF":0,"GEOUNIT":"Panama","GU_A3":"PAN","SU_DIF":0,"SUBUNIT":"Panama","SU_A3":"PAN","BRK_DIFF":0,"NAME":"Panama","NAME_LONG":"Panama","BRK_A3":"PAN","BRK_NAME":"Panama","BRK_GROUP":null,"ABBREV":"Pan.","POSTAL":"PA","FORMAL_EN":"Republic of Panama","FORMAL_FR":null,"NAME_CIAWF":"Panama","NOTE_ADM0":null,"NOTE_BRK":null,"NAME_SORT":"Panama","NAME_ALT":null,"MAPCOLOR7":4,"MAPCOLOR8":4,"MAPCOLOR9":6,"MAPCOLOR13":3,"POP_EST":4246439,"POP_RANK":12,"POP_YEAR":2019,"GDP_MD":66800,"GDP_YEAR":2019,"ECONOMY":"6. Developing region","INCOME_GRP":"3. Upper middle income","FIPS_10":"PM","ISO_A2":"PA","ISO_A2_EH":"PA","ISO_A3":"PAN","ISO_A3_EH":"PAN","ISO_N3":"591","ISO_N3_EH":"591","UN_A3":"591","WB_A2":"PA","WB_A3":"PAN","WOE_ID":23424924,"WOE_ID_EH":23424924,"WOE_NOTE":"Exact WOE match as country","ADM0_ISO":"PAN","ADM0_DIFF":null,"ADM0_TLC":"PAN","ADM0_A3_US":"PAN","ADM0_A3_FR":"PAN","ADM0_A3_RU":"PAN","ADM0_A3_ES":"PAN","ADM0_A3_CN":"PAN","ADM0_A3_TW":"PAN","ADM0_A3_IN":"PAN","ADM0_A3_NP":"PAN","ADM0_A3_PK":"PAN","ADM0_A3_DE":"PAN","ADM0_A3_GB":"PAN","ADM0_A3_BR":"PAN","ADM0_A3_IL":"PAN","ADM0_A3_PS":"PAN","ADM0_A3_SA":"PAN","ADM0_A3_EG":"PAN","ADM0_A3_MA":"PAN","ADM0_A3_PT":"PAN","ADM0_A3_AR":"PAN","ADM0_A3_JP":"PAN","ADM0_A3_KO":"PAN","ADM0_A3_VN":"PAN","ADM0_A3_TR":"PAN","ADM0_A3_ID":"PAN","ADM0_A3_PL":"PAN","ADM0_A3_GR":"PAN","ADM0_A3_IT":"PAN","ADM0_A3_NL":"PAN","ADM0_A3_SE":"PAN","ADM0_A3_BD":"PAN","ADM0_A3_UA":"PAN","ADM0_A3_UN":-99,"ADM0_A3_WB":-99,"CONTINENT":"North America","REGION_UN":"Americas","SUBREGION":"Central America","REGION_WB":"Latin America & Caribbean","NAME_LEN":6,"LONG_LEN":6,"ABBREV_LEN":4,"TINY":-99,"HOMEPART":1,"MIN_ZOOM":0,"MIN_LABEL":4,"MAX_LABEL":9,"LABEL_X":-80.352106,"LABEL_Y":8.72198,"NE_ID":1159321161,"WIKIDATAID":"Q804","NAME_AR":"بنما","NAME_BN":"পানামা","NAME_DE":"Panama","NAME_EN":"Panama","NAME_ES":"Panamá","NAME_FA":"پاناما","NAME_FR":"Panama","NAME_EL":"Παναμάς","NAME_HE":"פנמה","NAME_HI":"पनामा","NAME_HU":"Panama","NAME_ID":"Panama","NAME_IT":"Panama","NAME_JA":"パナマ","NAME_KO":"파나마","NAME_NL":"Panama","NAME_PL":"Panama","NAME_PT":"Panamá","NAME_RU":"Панама","NAME_SV":"Panama","NAME_TR":"Panama","NAME_UK":"Панама","NAME_UR":"پاناما","NAME_VI":"Panama","NAME_ZH":"巴拿马","NAME_ZHT":"巴拿馬","FCLASS_ISO":"Admin-0 country","TLC_DIFF":null,"FCLASS_TLC":"Admin-0 country","FCLASS_US":null,"FCLASS_FR":null,"FCLASS_RU":null,"FCLASS_ES":null,"FCLASS_CN":null,"FCLASS_TW":null,"FCLASS_IN":null,"FCLASS_NP":null,"FCLASS_PK":null,"FCLASS_DE":null,"FCLASS_GB":null,"FCLASS_BR":null,"FCLASS_IL":null,"FCLASS_PS":null,"FCLASS_SA":null,"FCLASS_EG":null,"FCLASS_MA":null,"FCLASS_PT":null,"FCLASS_AR":null,"FCLASS_JP":null,"FCLASS_KO":null,"FCLASS_VN":null,"FCLASS_TR":null,"FCLASS_ID":null,"FCLASS_PL":null,"FCLASS_GR":null,"FCLASS_IT":null,"FCLASS_NL":null,"FCLASS_SE":null,"FCLASS_BD":null,"FCLASS_UA":null},"geometry":{"type":"MultiPolygon","coordinates":[[],[],[],[],[]]}},{"type":"Feature","bbox":[131.134961,3.021875,134.65957,7.712109],"properties":{"featurecla":"Admin-0 country","scalerank":4,"LABELRANK":6,"SOVEREIGNT":"Palau","SOV_A3":"PLW","ADM0_DIF":0,"LEVEL":2,"TYPE":"Sovereign country","TLC":"1","ADMIN":"Palau","ADM0_A3":"PLW","GEOU_DIF":0,"GEOUNIT":"Palau","GU_A3":"PLW","SU_DIF":0,"SUBUNIT":"Palau","SU_A3":"PLW","BRK_DIFF":0,"NAME":"Palau","NAME_LONG":"Palau","BRK_A3":"PLW","BRK_NAME":"Palau","BRK_GROUP":null,"ABBREV":"Palau","POSTAL":"PW","FORMAL_EN":"Republic of Palau","FORMAL_FR":null,"NAME_CIAWF":"Palau","NOTE_ADM0":null,"NOTE_BRK":null,"NAME_SORT":"Palau","NAME_ALT":null,"MAPCOLOR7":2,"MAPCOLOR8":5,"MAPCOLOR9":1,"MAPCOLOR13":12,"POP_EST":18008,"POP_RANK":6,"POP_YEAR":2019,"GDP_MD":268,"GDP_YEAR":2019,"ECONOMY":"6. Developing region","INCOME_GRP":"3. Upper middle income","FIPS_10":"PS","ISO_A2":"PW","ISO_A2_EH":"PW","ISO_A3":"PLW","ISO_A3_EH":"PLW","ISO_N3":"585","ISO_N3_EH":"585","UN_A3":"585","WB_A2":"PW","WB_A3":"PLW","WOE_ID":23424927,"WOE_ID_EH":23424927,"WOE_NOTE":"Exact WOE match as country","ADM0_ISO":"PLW","ADM0_DIFF":null,"ADM0_TLC":"PLW","ADM0_A3_US":"PLW","ADM0_A3_FR":"PLW","ADM0_A3_RU":"PLW","ADM0_A3_ES":"PLW","ADM0_A3_CN":"PLW","ADM0_A3_TW":"PLW","ADM0_A3_IN":"PLW","ADM0_A3_NP":"PLW","ADM0_A3_PK":"PLW","ADM0_A3_DE":"PLW","ADM0_A3_GB":"PLW","ADM0_A3_BR":"PLW","ADM0_A3_IL":"PLW","ADM0_A3_PS":"PLW","ADM0_A3_SA":"PLW","ADM0_A3_EG":"PLW","ADM0_A3_MA":"PLW","ADM0_A3_PT":"PLW","ADM0_A3_AR":"PLW","ADM0_A3_JP":"PLW","ADM0_A3_KO":"PLW","ADM0_A3_VN":"PLW","ADM0_A3_TR":"PLW","ADM0_A3_ID":"PLW","ADM0_A3_PL":"PLW","ADM0_A3_GR":"PLW","ADM0_A3_IT":"PLW","ADM0_A3_NL":"PLW","ADM0_A3_SE":"PLW","ADM0_A3_BD":"PLW","ADM0_A3_UA":"PLW","ADM0_A3_UN":-99,"ADM0_A3_WB":-99,"CONTINENT":"Oceania","REGION_UN":"Oceania","SUBREGION":"Micronesia","REGION_WB":"East Asia & Pacific","NAME_LEN":5,"LONG_LEN":5,"ABBREV_LEN":5,"TINY":2,"HOMEPART":1,"MIN_ZOOM":0,"MIN_LABEL":5,"MAX_LABEL":10,"LABEL_X":134.580157,"LABEL_Y":7.518252,"NE_ID":1159321171,"WIKIDATAID":"Q695","NAME_AR":"بالاو","NAME_BN":"পালাউ","NAME_DE":"Palau","NAME_EN":"Palau","NAME_ES":"Palaos","NAME_FA":"پالائو","NAME_FR":"Palaos","NAME_EL":"Παλάου","NAME_HE":"פלאו","NAME_HI":"पलाउ","NAME_HU":"Palau","NAME_ID":"Palau","NAME_IT":"Palau","NAME_JA":"パラオ","NAME_KO":"팔라우","NAME_NL":"Palau","NAME_PL":"Palau","NAME_PT":"Palau","NAME_RU":"Палау","NAME_SV":"Palau","NAME_TR":"Palau","NAME_UK":"Республіка Палау","NAME_UR":"پلاؤ","NAME_VI":"Palau","NAME_ZH":"帕劳","NAME_ZHT":"帛琉","FCLASS_ISO":"Admin-0 country","TLC_DIFF":null,"FCLASS_TLC":"Admin-0 country","FCLASS_US":null,"FCLASS_FR":null,"FCLASS_RU":null,"FCLASS_ES":null,"FCLASS_CN":null,"FCLASS_TW":null,"FCLASS_IN":null,"FCLASS_NP":null,"FCLASS_PK":null,"FCLASS_DE":null,"FCLASS_GB":null,"FCLASS_BR":null,"FCLASS_IL":null,"FCLASS_PS":null,"FCLASS_SA":null,"FCLASS_EG":null,"FCLASS_MA":null,"FCLASS_PT":null,"FCLASS_AR":null,"FCLASS_JP":null,"FCLASS_KO":null,"FCLASS_VN":null,"FCLASS_TR":null,"FCLASS_ID":null,"FCLASS_PL":null,"FCLASS_GR":null,"FCLASS_IT":null,"FCLASS_NL":null,"FCLASS_SE":null,"FCLASS_BD":null,"FCLASS_UA":null},"geometry":{"type":"MultiPolygon","coordinates":[[],[]]}},{"type":"Feature","bbox":[51.977637,16.648389,59.8375,26.356348],"properties":{"featurecla":"Admin-0 country","scalerank":3,"LABELRANK":4,"SOVEREIGNT":"Oman","SOV_A3":"OMN","ADM0_DIF":0,"LEVEL":2,"TYPE":"Sovereign country","TLC":"1","ADMIN":"Oman","ADM0_A3":"OMN","GEOU_DIF":0,"GEOUNIT":"Oman","GU_A3":"OMN","SU_DIF":0,"SUBUNIT":"Oman","SU_A3":"OMN","BRK_DIFF":0,"NAME":"Oman","NAME_LONG":"Oman","BRK_A3":"OMN","BRK_NAME":"Oman","BRK_GROUP":null,"ABBREV":"Oman","POSTAL":"OM","FORMAL_EN":"Sultanate of Oman","FORMAL_FR":null,"NAME_CIAWF":"Oman","NOTE_ADM0":null,"NOTE_BRK":null,"NAME_SORT":"Oman","NAME_ALT":null,"MAPCOLOR7":1,"MAPCOLOR8":4,"MAPCOLOR9":1,"MAPCOLOR13":6,"POP_EST":4974986,"POP_RANK":12,"POP_YEAR":2019,"GDP_MD":76331,"GDP_YEAR":2019,"ECONOMY":"6. Developing region","INCOME_GRP":"2. High income: nonOECD","FIPS_10":"MU","ISO_A2":"OM","ISO_A2_EH":"OM","ISO_A3":"OMN","ISO_A3_EH":"OMN","ISO_N3":"512","ISO_N3_EH":"512","UN_A3":"512","WB_A2":"OM","WB_A3":"OMN","WOE_ID":23424898,"WOE_ID_EH":23424898,"WOE_NOTE":"Exact WOE match as country","ADM0_ISO":"OMN","ADM0_DIFF":null,"ADM0_TLC":"OMN","ADM0_A3_US":"OMN","ADM0_A3_FR":"OMN","ADM0_A3_RU":"OMN","ADM0_A3_ES":"OMN","ADM0_A3_CN":"OMN","ADM0_A3_TW":"OMN","ADM0_A3_IN":"OMN","ADM0_A3_NP":"OMN","ADM0_A3_PK":"OMN","ADM0_A3_DE":"OMN","ADM0_A3_GB":"OMN","ADM0_A3_BR":"OMN","ADM0_A3_IL":"OMN","ADM0_A3_PS":"OMN","ADM0_A3_SA":"OMN","ADM0_A3_EG":"OMN","ADM0_A3_MA":"OMN","ADM0_A3_PT":"OMN","ADM0_A3_AR":"OMN","ADM0_A3_JP":"OMN","ADM0_A3_KO":"OMN","ADM0_A3_VN":"OMN","ADM0_A3_TR":"OMN","ADM0_A3_ID":"OMN","ADM0_A3_PL":"OMN","ADM0_A3_GR":"OMN","ADM0_A3_IT":"OMN","ADM0_A3_NL":"OMN","ADM0_A3_SE":"OMN","ADM0_A3_BD":"OMN","ADM0_A3_UA":"OMN","ADM0_A3_UN":-99,"ADM0_A3_WB":-99,"CONTINENT":"Asia","REGION_UN":"Asia","SUBREGION":"Western Asia","REGION_WB":"Middle East & North Africa","NAME_LEN":4,"LONG_LEN":4,"ABBREV_LEN":4,"TINY":-99,"HOMEPART":1,"MIN_ZOOM":0,"MIN_LABEL":4,"MAX_LABEL":9,"LABEL_X":57.336553,"LABEL_Y":22.120427,"NE_ID":1159321151,"WIKIDATAID":"Q842","NAME_AR":"سلطنة عمان","NAME_BN":"ওমান","NAME_DE":"Oman","NAME_EN":"Oman","NAME_ES":"Omán","NAME_FA":"عمان","NAME_FR":"Oman","NAME_EL":"Ομάν","NAME_HE":"עומאן","NAME_HI":"ओमान","NAME_HU":"Omán","NAME_ID":"Oman","NAME_IT":"Oman","NAME_JA":"オマーン","NAME_KO":"오만","NAME_NL":"Oman","NAME_PL":"Oman","NAME_PT":"Omã","NAME_RU":"Оман","NAME_SV":"Oman","NAME_TR":"Umman","NAME_UK":"Оман","NAME_UR":"عمان","NAME_VI":"Oman","NAME_ZH":"阿曼","NAME_ZHT":"阿曼","FCLASS_ISO":"Admin-0 country","TLC_DIFF":null,"FCLASS_TLC":"Admin-0 country","FCLASS_US":null,"FCLASS_FR":null,"FCLASS_RU":null,"FCLASS_ES":null,"FCLASS_CN":null,"FCLASS_TW":null,"FCLASS_IN":null,"FCLASS_NP":null,"FCLASS_PK":null,"FCLASS_DE":null,"FCLASS_GB":null,"FCLASS_BR":null,"FCLASS_IL":null,"FCLASS_PS":null,"FCLASS_SA":null,"FCLASS_EG":null,"FCLASS_MA":null,"FCLASS_PT":null,"FCLASS_AR":null,"FCLASS_JP":null,"FCLASS_KO":null,"FCLASS_VN":null,"FCLASS_TR":null,"FCLASS_ID":null,"FCLASS_PL":null,"FCLASS_GR":null,"FCLASS_IT":null,"FCLASS_NL":null,"FCLASS_SE":null,"FCLASS_BD":null,"FCLASS_UA":null},"geometry":{"type":"MultiPolygon","coordinates":[[],[[[53.085645,16.648389],[53.025,16.780225],[52.964355,16.912061],[52.903711,17.043848],[52.842969,17.175684],[52.800586,17.26792],[52.729199,17.300391],[52.685938,17.397949],[52.641699,17.497852],[52.597363,17.597754],[52.553125,17.697607],[52.508887,17.79751],[52.464551,17.897412],[52.420313,17.997314],[52.376074,18.097168],[52.331738,18.19707],[52.2875,18.296924],[52.243262,18.396826],[52.199023,18.49668],[52.154688,18.596582],[52.110449,18.696484],[52.066211,18.796387],[52.021875,18.896289],[51.977637,18.996143],[52.118555,19.043164],[52.290625,19.100488],[52.462695,19.157812],[52.634668,19.215137],[52.806738,19.272461],[52.978711,19.329785],[53.150781,19.387158],[53.322852,19.444482],[53.494824,19.501807],[53.666895,19.559131],[53.838867,19.616504],[54.010938,19.673828],[54.183008,19.731152],[54.35498,19.788477],[54.527051,19.845801],[54.699023,19.903125],[54.871094,19.960498],[54.977344,19.995947],[55.021484,20.129248],[55.058203,20.239941],[55.094727,20.350635],[55.131445,20.461328],[55.168066,20.572021],[55.20459,20.682715],[55.241211,20.793408],[55.27793,20.904102],[55.314453,21.014795],[55.351074,21.125537],[55.387695,21.23623],[55.424316,21.346924],[55.460938,21.457617],[55.497559,21.568311],[55.53418,21.679004],[55.570801,21.789697],[55.607422,21.900391],[55.641016,22.001855],[55.577734,22.099512],[55.492773,22.230664],[55.403809,22.367822],[55.320117,22.496924],[55.259277,22.590918],[55.18584,22.704102],[55.194043,22.85],[55.192188,22.922949],[55.199902,23.034766],[55.270215,23.189941],[55.353223,23.387451],[55.413867,23.51875],[55.466309,23.63291],[55.508496,23.724609],[55.531641,23.819043],[55.519336,23.885498],[55.491797,23.909668],[55.468457,23.941113],[55.547852,23.991357],[55.696582,24.024121],[55.779102,24.01709],[55.894141,24.041406],[55.985156,24.063379],[55.992188,24.092969],[55.966309,24.142627],[55.928613,24.215137],[55.799707,24.222656],[55.76084,24.242676],[55.805664,24.349805],[55.804004,24.383545],[55.786816,24.423535],[55.768164,24.490625],[55.777539,24.577344],[55.803906,24.63623],[55.804199,24.683594],[55.791602,24.781299],[55.795703,24.868115],[55.822852,24.911279],[55.870703,24.951416],[55.91582,24.971777],[55.963086,24.970264],[56.000586,24.953223],[56.016699,24.907715],[56.006348,24.876416],[55.979688,24.87207],[55.970313,24.858936],[56.008398,24.798242],[56.063867,24.73877],[56.106543,24.748682],[56.154492,24.795508],[56.204688,24.833301],[56.267871,24.866699],[56.313574,24.931299],[56.35293,24.973291],[56.387988,24.979199],[56.489844,24.716357],[56.640625,24.470312],[56.774121,24.33457],[56.9125,24.150195],[57.123047,23.980713],[57.219824,23.922754],[57.611328,23.803662],[57.791992,23.766027399335734],[57.791992,19.929574077194474],[57.741211,19.804492],[57.71416,19.678418],[57.715137,19.606934],[57.76084,19.432227],[57.763965,19.25332],[57.790332,19.145947],[57.791992,19.135899434590627],[57.791992,19.00642372205512],[57.738477,18.977344],[57.675781,18.957861],[57.42793,18.943799],[57.176563,18.902588],[56.957227,18.827832],[56.825977,18.753516],[56.655078,18.587354],[56.550781,18.165967],[56.383496,17.987988],[56.270313,17.950781],[55.997656,17.935205],[55.613867,17.886084],[55.479102,17.843262],[55.255371,17.585645],[55.238184,17.504736],[55.281445,17.44624],[55.295605,17.381592],[55.275195,17.320898],[55.17373,17.157617],[55.06416,17.038916],[54.771875,16.964648],[54.664648,17.008887],[54.566504,17.03125],[54.376953,17.033643],[54.068164,17.005518],[53.954395,16.917822],[53.775391,16.855713],[53.609863,16.759961],[53.297754,16.72334],[53.085645,16.648389]]],[[[56.297852,25.650684],[56.278516,25.627734],[56.249512,25.625391],[56.183594,25.644922],[56.144629,25.690527],[56.151953,25.746094],[56.154102,25.848486],[56.172559,25.945166],[56.16748,26.047461],[56.116504,26.068164],[56.080469,26.062646],[56.164453,26.207031],[56.197266,26.229199],[56.228418,26.219775],[56.305566,26.235205],[56.346484,26.313623],[56.378711,26.356348],[56.413086,26.351172],[56.429785,26.327197],[56.417773,26.208154],[56.416406,26.10874],[56.373633,25.80459],[56.329297,25.751953],[56.307227,25.709326],[56.297852,25.650684]]],[[[56.281836,25.235547],[56.240234,25.208838],[56.210547,25.213281],[56.216504,25.266699],[56.234277,25.303809],[56.277344,25.300879],[56.287793,25.278613],[56.281836,25.235547]]]]}},{"type":"Feature","bbox":[-9.098877,58.020947,33.629297,80.477832],"properties":{"featurecla":"Admin-0 country","scalerank":1,"LABELRANK":3,"SOVEREIGNT":"Norway","SOV_A3":"NOR","ADM0_DIF":0,"LEVEL":2,"TYPE":"Sovereign country","TLC":null,"ADMIN":"Norway","ADM0_A3":"NOR","GEOU_DIF":0,"GEOUNIT":"Norway","GU_A3":"NOR","SU_DIF":0,"SUBUNIT":"Norway","SU_A3":"NOR","BRK_DIFF":0,"NAME":"Norway","NAME_LONG":"Norway","BRK_A3":"NOR","BRK_NAME":"Norway","BRK_GROUP":null,"ABBREV":"Nor.","POSTAL":"N","FORMAL_EN":"Kingdom of Norway","FORMAL_FR":null,"NAME_CIAWF":"Norway","NOTE_ADM0":null,"NOTE_BRK":null,"NAME_SORT":"Norway","NAME_ALT":null,"MAPCOLOR7":5,"MAPCOLOR8":3,"MAPCOLOR9":8,"MAPCOLOR13":12,"POP_EST":5347896,"POP_RANK":13,"POP_YEAR":2019,"GDP_MD":403336,"GDP_YEAR":2019,"ECONOMY":"2. Developed region: nonG7","INCOME_GRP":"1. High income: OECD","FIPS_10":"-99","ISO_A2":"-99","ISO_A2_EH":"NO","ISO_A3":"-99","ISO_A3_EH":"NOR","ISO_N3":"-99","ISO_N3_EH":"578","UN_A3":"-99","WB_A2":"-99","WB_A3":"-99","WOE_ID":-90,"WOE_ID_EH":23424910,"WOE_NOTE":"Does not include Svalbard, Jan Mayen, or Bouvet Islands (28289410).","ADM0_ISO":"NOR","ADM0_DIFF":null,"ADM0_TLC":"NOR","ADM0_A3_US":"NOR","ADM0_A3_FR":"NOR","ADM0_A3_RU":"NOR","ADM0_A3_ES":"NOR","ADM0_A3_CN":"NOR","ADM0_A3_TW":"NOR","ADM0_A3_IN":"NOR","ADM0_A3_NP":"NOR","ADM0_A3_PK":"NOR","ADM0_A3_DE":"NOR","ADM0_A3_GB":"NOR","ADM0_A3_BR":"NOR","ADM0_A3_IL":"NOR","ADM0_A3_PS":"NOR","ADM0_A3_SA":"NOR","ADM0_A3_EG":"NOR","ADM0_A3_MA":"NOR","ADM0_A3_PT":"NOR","ADM0_A3_AR":"NOR","ADM0_A3_JP":"NOR","ADM0_A3_KO":"NOR","ADM0_A3_VN":"NOR","ADM0_A3_TR":"NOR","ADM0_A3_ID":"NOR","ADM0_A3_PL":"NOR","ADM0_A3_GR":"NOR","ADM0_A3_IT":"NOR","ADM0_A3_NL":"NOR","ADM0_A3_SE":"NOR","ADM0_A3_BD":"NOR","ADM0_A3_UA":"NOR","ADM0_A3_UN":-99,"ADM0_A3_WB":-99,"CONTINENT":"Europe","REGION_UN":"Europe","SUBREGION":"Northern Europe","REGION_WB":"Europe & Central Asia","NAME_LEN":6,"LONG_LEN":6,"ABBREV_LEN":4,"TINY":-99,"HOMEPART":1,"MIN_ZOOM":0,"MIN_LABEL":3,"MAX_LABEL":7,"LABEL_X":9.679975,"LABEL_Y":61.357092,"NE_ID":1159321109,"WIKIDATAID":"Q20","NAME_AR":"النرويج","NAME_BN":"নরওয়ে","NAME_DE":"Norwegen","NAME_EN":"Norway","NAME_ES":"Noruega","NAME_FA":"نروژ","NAME_FR":"Norvège","NAME_EL":"Νορβηγία","NAME_HE":"נורווגיה","NAME_HI":"नॉर्वे","NAME_HU":"Norvégia","NAME_ID":"Norwegia","NAME_IT":"Norvegia","NAME_JA":"ノルウェー","NAME_KO":"노르웨이","NAME_NL":"Noorwegen","NAME_PL":"Norwegia","NAME_PT":"Noruega","NAME_RU":"Норвегия","NAME_SV":"Norge","NAME_TR":"Norveç","NAME_UK":"Норвегія","NAME_UR":"ناروے","NAME_VI":"Na Uy","NAME_ZH":"挪威","NAME_ZHT":"挪威","FCLASS_ISO":"Unrecognized","TLC_DIFF":null,"FCLASS_TLC":"Unrecognized","FCLASS_US":null,"FCLASS_FR":null,"FCLASS_RU":null,"FCLASS_ES":null,"FCLASS_CN":null,"FCLASS_TW":null,"FCLASS_IN":null,"FCLASS_NP":null,"FCLASS_PK":null,"FCLASS_DE":null,"FCLASS_GB":null,"FCLASS_BR":null,"FCLASS_IL":null,"FCLASS_PS":null,"FCLASS_SA":null,"FCLASS_EG":null,"FCLASS_MA":null,"FCLASS_PT":null,"FCLASS_AR":null,"FCLASS_JP":null,"FCLASS_KO":null,"FCLASS_VN":null,"FCLASS_TR":null,"FCLASS_ID":null,"FCLASS_PL":null,"FCLASS_GR":null,"FCLASS_IT":null,"FCLASS_NL":null,"FCLASS_SE":null,"FCLASS_BD":null,"FCLASS_UA":null},"geometry":{"type":"MultiPolygon","coordinates":[[],[],[],[],[],[],[],[],[],[],[],[],[],[],[],[],[],[],[],[],[],[],[],[],[],[],[],[],[],[],[],[]]}},{"type":"Feature","bbox":[124.348633,37.719043,130.687305,42.998145],"properties":{"featurecla":"Admin-0 country","scalerank":1,"LABELRANK":3,"SOVEREIGNT":"North Korea","SOV_A3":"PRK","ADM0_DIF":0,"LEVEL":2,"TYPE":"Sovereign country","TLC":"1","ADMIN":"North Korea","ADM0_A3":"PRK","GEOU_DIF":0,"GEOUNIT":"North Korea","GU_A3":"PRK","SU_DIF":0,"SUBUNIT":"North Korea","SU_A3":"PRK","BRK_DIFF":0,"NAME":"North Korea","NAME_LONG":"Dem. Rep. Korea","BRK_A3":"PRK","BRK_NAME":"Dem. Rep. Korea","BRK_GROUP":null,"ABBREV":"N.K.","POSTAL":"KP","FORMAL_EN":"Democratic People's Republic of Korea","FORMAL_FR":null,"NAME_CIAWF":"Korea, North","NOTE_ADM0":null,"NOTE_BRK":null,"NAME_SORT":"Korea, Dem. Rep.","NAME_ALT":null,"MAPCOLOR7":3,"MAPCOLOR8":5,"MAPCOLOR9":3,"MAPCOLOR13":9,"POP_EST":25666161,"POP_RANK":15,"POP_YEAR":2019,"GDP_MD":40000,"GDP_YEAR":2016,"ECONOMY":"7. Least developed region","INCOME_GRP":"5. Low income","FIPS_10":"KN","ISO_A2":"KP","ISO_A2_EH":"KP","ISO_A3":"PRK","ISO_A3_EH":"PRK","ISO_N3":"408","ISO_N3_EH":"408","UN_A3":"408","WB_A2":"KP","WB_A3":"PRK","WOE_ID":23424865,"WOE_ID_EH":23424865,"WOE_NOTE":"Exact WOE match as country","ADM0_ISO":"PRK","ADM0_DIFF":null,"ADM0_TLC":"PRK","ADM0_A3_US":"PRK","ADM0_A3_FR":"PRK","ADM0_A3_RU":"PRK","ADM0_A3_ES":"PRK","ADM0_A3_CN":"PRK","ADM0_A3_TW":"PRK","ADM0_A3_IN":"PRK","ADM0_A3_NP":"PRK","ADM0_A3_PK":"PRK","ADM0_A3_DE":"PRK","ADM0_A3_GB":"PRK","ADM0_A3_BR":"PRK","ADM0_A3_IL":"PRK","ADM0_A3_PS":"PRK","ADM0_A3_SA":"PRK","ADM0_A3_EG":"PRK","ADM0_A3_MA":"PRK","ADM0_A3_PT":"PRK","ADM0_A3_AR":"PRK","ADM0_A3_JP":"PRK","ADM0_A3_KO":"PRK","ADM0_A3_VN":"PRK","ADM0_A3_TR":"PRK","ADM0_A3_ID":"PRK","ADM0_A3_PL":"PRK","ADM0_A3_GR":"PRK","ADM0_A3_IT":"PRK","ADM0_A3_NL":"PRK","ADM0_A3_SE":"PRK","ADM0_A3_BD":"PRK","ADM0_A3_UA":"PRK","ADM0_A3_UN":-99,"ADM0_A3_WB":-99,"CONTINENT":"Asia","REGION_UN":"Asia","SUBREGION":"Eastern Asia","REGION_WB":"East Asia & Pacific","NAME_LEN":11,"LONG_LEN":15,"ABBREV_LEN":4,"TINY":-99,"HOMEPART":1,"MIN_ZOOM":0,"MIN_LABEL":3,"MAX_LABEL":8,"LABEL_X":126.444516,"LABEL_Y":39.885252,"NE_ID":1159321181,"WIKIDATAID":"Q423","NAME_AR":"كوريا الشمالية","NAME_BN":"উত্তর কোরিয়া","NAME_DE":"Nordkorea","NAME_EN":"North Korea","NAME_ES":"Corea del Norte","NAME_FA":"کره شمالی","NAME_FR":"Corée du Nord","NAME_EL":"Βόρεια Κορέα","NAME_HE":"קוריאה הצפונית","NAME_HI":"उत्तर कोरिया","NAME_HU":"Észak-Korea","NAME_ID":"Korea Utara","NAME_IT":"Corea del Nord","NAME_JA":"朝鮮民主主義人民共和国","NAME_KO":"조선민주주의인민공화국","NAME_NL":"Noord-Korea","NAME_PL":"Korea Północna","NAME_PT":"Coreia do Norte","NAME_RU":"КНДР","NAME_SV":"Nordkorea","NAME_TR":"Kuzey Kore","NAME_UK":"Корейська Народно-Демократична Республіка","NAME_UR":"شمالی کوریا","NAME_VI":"Cộng hòa Dân chủ Nhân dân Triều Tiên","NAME_ZH":"朝鲜民主主义人民共和国","NAME_ZHT":"朝鮮民主主義人民共和國","FCLASS_ISO":"Admin-0 country","TLC_DIFF":null,"FCLASS_TLC":"Admin-0 country","FCLASS_US":null,"FCLASS_FR":null,"FCLASS_RU":null,"FCLASS_ES":null,"FCLASS_CN":null,"FCLASS_TW":null,"FCLASS_IN":null,"FCLASS_NP":null,"FCLASS_PK":null,"FCLASS_DE":null,"FCLASS_GB":null,"FCLASS_BR":null,"FCLASS_IL":null,"FCLASS_PS":null,"FCLASS_SA":null,"FCLASS_EG":null,"FCLASS_MA":null,"FCLASS_PT":null,"FCLASS_AR":null,"FCLASS_JP":null,"FCLASS_KO":null,"FCLASS_VN":null,"FCLASS_TR":null,"FCLASS_ID":null,"FCLASS_PL":null,"FCLASS_GR":null,"FCLASS_IT":null,"FCLASS_NL":null,"FCLASS_SE":null,"FCLASS_BD":null,"FCLASS_UA":null},"geometry":{"type":"MultiPolygon","coordinates":[[],[]]}},{"type":"Feature","bbox":[2.686035,4.277393,14.627148,13.872852],"properties":{"featurecla":"Admin-0 country","scalerank":1,"LABELRANK":2,"SOVEREIGNT":"Nigeria","SOV_A3":"NGA","ADM0_DIF":0,"LEVEL":2,"TYPE":"Sovereign country","TLC":"1","ADMIN":"Nigeria","ADM0_A3":"NGA","GEOU_DIF":0,"GEOUNIT":"Nigeria","GU_A3":"NGA","SU_DIF":0,"SUBUNIT":"Nigeria","SU_A3":"NGA","BRK_DIFF":0,"NAME":"Nigeria","NAME_LONG":"Nigeria","BRK_A3":"NGA","BRK_NAME":"Nigeria","BRK_GROUP":null,"ABBREV":"Nigeria","POSTAL":"NG","FORMAL_EN":"Federal Republic of Nigeria","FORMAL_FR":null,"NAME_CIAWF":"Nigeria","NOTE_ADM0":null,"NOTE_BRK":null,"NAME_SORT":"Nigeria","NAME_ALT":null,"MAPCOLOR7":3,"MAPCOLOR8":2,"MAPCOLOR9":5,"MAPCOLOR13":2,"POP_EST":200963599,"POP_RANK":17,"POP_YEAR":2019,"GDP_MD":448120,"GDP_YEAR":2019,"ECONOMY":"5. Emerging region: G20","INCOME_GRP":"4. Lower middle income","FIPS_10":"NI","ISO_A2":"NG","ISO_A2_EH":"NG","ISO_A3":"NGA","ISO_A3_EH":"NGA","ISO_N3":"566","ISO_N3_EH":"566","UN_A3":"566","WB_A2":"NG","WB_A3":"NGA","WOE_ID":23424908,"WOE_ID_EH":23424908,"WOE_NOTE":"Exact WOE match as country","ADM0_ISO":"NGA","ADM0_DIFF":null,"ADM0_TLC":"NGA","ADM0_A3_US":"NGA","ADM0_A3_FR":"NGA","ADM0_A3_RU":"NGA","ADM0_A3_ES":"NGA","ADM0_A3_CN":"NGA","ADM0_A3_TW":"NGA","ADM0_A3_IN":"NGA","ADM0_A3_NP":"NGA","ADM0_A3_PK":"NGA","ADM0_A3_DE":"NGA","ADM0_A3_GB":"NGA","ADM0_A3_BR":"NGA","ADM0_A3_IL":"NGA","ADM0_A3_PS":"NGA","ADM0_A3_SA":"NGA","ADM0_A3_EG":"NGA","ADM0_A3_MA":"NGA","ADM0_A3_PT":"NGA","ADM0_A3_AR":"NGA","ADM0_A3_JP":"NGA","ADM0_A3_KO":"NGA","ADM0_A3_VN":"NGA","ADM0_A3_TR":"NGA","ADM0_A3_ID":"NGA","ADM0_A3_PL":"NGA","ADM0_A3_GR":"NGA","ADM0_A3_IT":"NGA","ADM0_A3_NL":"NGA","ADM0_A3_SE":"NGA","ADM0_A3_BD":"NGA","ADM0_A3_UA":"NGA","ADM0_A3_UN":-99,"ADM0_A3_WB":-99,"CONTINENT":"Africa","REGION_UN":"Africa","SUBREGION":"Western Africa","REGION_WB":"Sub-Saharan Africa","NAME_LEN":7,"LONG_LEN":7,"ABBREV_LEN":7,"TINY":-99,"HOMEPART":1,"MIN_ZOOM":0,"MIN_LABEL":1.7,"MAX_LABEL":6.7,"LABEL_X":7.50322,"LABEL_Y":9.439799,"NE_ID":1159321089,"WIKIDATAID":"Q1033","NAME_AR":"نيجيريا","NAME_BN":"নাইজেরিয়া","NAME_DE":"Nigeria","NAME_EN":"Nigeria","NAME_ES":"Nigeria","NAME_FA":"نیجریه","NAME_FR":"Nigeria","NAME_EL":"Νιγηρία","NAME_HE":"ניגריה","NAME_HI":"नाईजीरिया","NAME_HU":"Nigéria","NAME_ID":"Nigeria","NAME_IT":"Nigeria","NAME_JA":"ナイジェリア","NAME_KO":"나이지리아","NAME_NL":"Nigeria","NAME_PL":"Nigeria","NAME_PT":"Nigéria","NAME_RU":"Нигерия","NAME_SV":"Nigeria","NAME_TR":"Nijerya","NAME_UK":"Нігерія","NAME_UR":"نائجیریا","NAME_VI":"Nigeria","NAME_ZH":"尼日利亚","NAME_ZHT":"奈及利亞","FCLASS_ISO":"Admin-0 country","TLC_DIFF":null,"FCLASS_TLC":"Admin-0 country","FCLASS_US":null,"FCLASS_FR":null,"FCLASS_RU":null,"FCLASS_ES":null,"FCLASS_CN":null,"FCLASS_TW":null,"FCLASS_IN":null,"FCLASS_NP":null,"FCLASS_PK":null,"FCLASS_DE":null,"FCLASS_GB":null,"FCLASS_BR":null,"FCLASS_IL":null,"FCLASS_PS":null,"FCLASS_SA":null,"FCLASS_EG":null,"FCLASS_MA":null,"FCLASS_PT":null,"FCLASS_AR":null,"FCLASS_JP":null,"FCLASS_KO":null,"FCLASS_VN":null,"FCLASS_TR":null,"FCLASS_ID":null,"FCLASS_PL":null,"FCLASS_GR":null,"FCLASS_IT":null,"FCLASS_NL":null,"FCLASS_SE":null,"FCLASS_BD":null,"FCLASS_UA":null},"geometry":{"type":"MultiPolygon","coordinates":[[[[7.300781,4.418164],[7.203906,4.387646],[7.14043,4.395117],[7.227344,4.527344],[7.271387,4.498926],[7.32793,4.487207],[7.300781,4.418164]]],[[[13.606348,13.70459],[13.763477,13.489551],[13.932324,13.258496],[14.063965,13.078516],[14.160059,12.612793],[14.170313,12.524072],[14.177637,12.484082],[14.184863,12.447217],[14.197461,12.383789],[14.272852,12.356494],[14.41543,12.344141],[14.518945,12.298242],[14.580957,12.22207],[14.587012,12.209424],[14.619727,12.150977],[14.627148,12.108691],[14.618164,11.986621],[14.597363,11.829834],[14.561816,11.728711],[14.581641,11.591162],[14.575391,11.532422],[14.559766,11.492285],[14.496094,11.446143],[14.409473,11.401172],[14.202344,11.268164],[14.143262,11.248535],[14.056738,11.24502],[13.981445,11.211865],[13.89209,11.140088],[13.699902,10.873145],[13.535352,10.605078],[13.478516,10.383252],[13.414551,10.171436],[13.269922,10.036182],[13.249805,9.960059],[13.24375,9.915918],[13.23877,9.814014],[13.221191,9.645166],[13.19873,9.56377],[13.175488,9.539648],[13.019434,9.48833],[12.929492,9.42627],[12.875684,9.303516],[12.855957,9.170752],[12.824414,9.019434],[12.806543,8.886621],[12.782227,8.817871],[12.731152,8.745654],[12.651563,8.667773],[12.582715,8.624121],[12.403516,8.595557],[12.311328,8.419727],[12.233398,8.282324],[12.231152,8.227393],[12.155957,7.94248],[12.025195,7.727783],[12.016602,7.652002],[12.016016,7.589746],[11.852441,7.400732],[11.80918,7.345068],[11.767383,7.272266],[11.808594,7.201953],[11.854785,7.137988],[11.861426,7.116406],[11.787012,7.056201],[11.65752,6.951562],[11.580078,6.888867],[11.562988,6.854639],[11.55166,6.697266],[11.529102,6.655029],[11.477539,6.597412],[11.401758,6.533936],[11.324609,6.484668],[11.237305,6.450537],[11.15332,6.437939],[11.106445,6.457715],[11.079688,6.505518],[11.03252,6.6979],[11.008691,6.739111],[10.954199,6.776562],[10.846484,6.881787],[10.737598,6.988281],[10.60625,7.063086],[10.578125,7.057715],[10.556348,7.037451],[10.519043,6.930469],[10.482324,6.89126],[10.413184,6.877734],[10.293066,6.876758],[10.205469,6.891602],[10.185547,6.912793],[10.167773,6.95918],[10.143555,6.996436],[10.038867,6.921387],[9.874219,6.803271],[9.820703,6.783936],[9.779883,6.760156],[9.725586,6.65],[9.659961,6.531982],[9.574023,6.47041],[9.490234,6.418652],[9.442188,6.373389],[9.37334,6.319629],[9.23877,6.186133],[9.060156,6.009082],[8.997168,5.917725],[8.935059,5.781006],[8.898828,5.629687],[8.85918,5.46377],[8.800977,5.197461],[8.715625,5.046875],[8.640527,4.927002],[8.585156,4.832812],[8.555859,4.755225],[8.54375,4.757812],[8.514844,4.724707],[8.431348,4.74624],[8.393652,4.81377],[8.34209,4.824756],[8.252734,4.923975],[8.233789,4.907471],[8.328027,4.656104],[8.293066,4.557617],[8.028516,4.555371],[7.800781,4.522266],[7.644238,4.525342],[7.565625,4.560937],[7.530762,4.655176],[7.517383,4.645459],[7.509473,4.594922],[7.459863,4.555225],[7.284375,4.547656],[7.206738,4.612061],[7.143848,4.684082],[7.076563,4.716162],[7.086914,4.68584],[7.16416,4.615576],[7.154688,4.514404],[7.013379,4.397314],[6.923242,4.390674],[6.867871,4.441113],[6.83916,4.523486],[6.824707,4.645264],[6.787598,4.724707],[6.767676,4.724707],[6.786035,4.652002],[6.792188,4.592627],[6.793066,4.469141],[6.860352,4.37334],[6.757031,4.343555],[6.715137,4.342432],[6.633008,4.340234],[6.617285,4.375781],[6.601562,4.455176],[6.57998,4.475977],[6.55459,4.341406],[6.5,4.331934],[6.462109,4.333154],[6.299805,4.303857],[6.263672,4.309424],[6.255957,4.334473],[6.275293,4.37168],[6.270996,4.432129],[6.214648,4.385498],[6.205566,4.292285],[6.17334,4.277393],[6.076563,4.290625],[5.970703,4.338574],[5.906445,4.387744],[5.798633,4.455957],[5.587793,4.647217],[5.553613,4.733203],[5.493262,4.83877],[5.448145,4.94585],[5.383301,5.129004],[5.403223,5.142285],[5.452148,5.126562],[5.475977,5.153857],[5.388281,5.173779],[5.37002,5.19502],[5.36416,5.259277],[5.367969,5.337744],[5.439258,5.365332],[5.500879,5.378613],[5.531836,5.426367],[5.549707,5.474219],[5.38584,5.401758],[5.232422,5.483789],[5.199219,5.533545],[5.21582,5.57168],[5.289062,5.57749],[5.393848,5.574512],[5.456641,5.611719],[5.418066,5.624707],[5.350293,5.623291],[5.325293,5.647949],[5.327344,5.70752],[5.305371,5.694336],[5.27627,5.641553],[5.172852,5.602734],[5.112402,5.641553],[5.10625,5.728125],[5.093066,5.76709],[5.04209,5.79751],[4.861035,6.026318],[4.633594,6.217187],[4.431348,6.348584],[4.125879,6.411377],[3.486621,6.408936],[3.450781,6.427051],[3.489941,6.457275],[3.546094,6.477441],[3.75166,6.583838],[3.716992,6.597949],[3.50332,6.531348],[3.430176,6.525],[3.335547,6.396924],[2.772461,6.375732],[2.706445,6.369238],[2.708008,6.427686],[2.735645,6.595703],[2.753711,6.661768],[2.774609,6.711719],[2.75293,6.771631],[2.731738,6.852832],[2.721387,6.980273],[2.747754,7.019824],[2.756738,7.06792],[2.750586,7.143213],[2.750488,7.395068],[2.76582,7.42251],[2.783984,7.443408],[2.785156,7.476855],[2.750977,7.541895],[2.719336,7.61626],[2.72041,7.723096],[2.707715,7.826611],[2.686035,7.87373],[2.702344,8.049805],[2.711523,8.272998],[2.703125,8.371826],[2.723633,8.441895],[2.734668,8.614014],[2.73291,8.78252],[2.774805,9.048535],[2.898047,9.061377],[3.044922,9.083838],[3.110449,9.188281],[3.148047,9.320605],[3.136133,9.451611],[3.164648,9.494678],[3.223438,9.565625],[3.329492,9.667041],[3.325195,9.778467],[3.354492,9.812793],[3.404785,9.838623],[3.476758,9.851904],[3.557227,9.907324],[3.602051,10.004541],[3.645898,10.160156],[3.576563,10.268359],[3.57793,10.29248],[3.604102,10.350684],[3.646582,10.408984],[3.680273,10.427783],[3.758496,10.412695],[3.771777,10.417627],[3.783789,10.435889],[3.834473,10.607422],[3.829688,10.65376],[3.756836,10.76875],[3.744922,10.850439],[3.73418,10.971924],[3.716406,11.07959],[3.695312,11.120312],[3.65625,11.15459],[3.638867,11.176855],[3.487793,11.39541],[3.490527,11.499219],[3.553906,11.631885],[3.59541,11.696289],[3.653125,11.731836],[3.664746,11.762451],[3.647363,11.799658],[3.618457,11.827734],[3.611816,11.887305],[3.620117,11.926953],[3.640625,11.970361],[3.63252,12.061572],[3.63418,12.201611],[3.643848,12.405273],[3.64668,12.52998],[3.769238,12.622168],[3.947852,12.775049],[4.03877,12.934668],[4.087402,13.055469],[4.147559,13.457715],[4.19082,13.482129],[4.242188,13.501074],[4.421387,13.64751],[4.559473,13.701807],[4.664844,13.733203],[4.82334,13.759766],[4.92168,13.749121],[5.100879,13.742725],[5.241895,13.757227],[5.361621,13.836865],[5.41582,13.85918],[5.491992,13.872852],[5.838184,13.765381],[6.184277,13.663672],[6.247168,13.672998],[6.299805,13.658789],[6.386328,13.603613],[6.514063,13.4854],[6.589941,13.409131],[6.626563,13.364258],[6.804297,13.107666],[6.870605,13.043262],[6.937207,13.008203],[7.005078,12.995557],[7.056738,13.000195],[7.106055,13.029102],[7.173047,13.086328],[7.274707,13.112256],[7.357813,13.107178],[7.788672,13.337891],[7.830469,13.340918],[7.955762,13.322754],[8.09502,13.291162],[8.456055,13.059668],[8.750586,12.908154],[8.957617,12.857471],[9.201563,12.821484],[9.615918,12.810645],[9.929297,13.135254],[10.045117,13.206152],[10.184668,13.270117],[10.22959,13.281006],[10.475879,13.330225],[10.958887,13.371533],[11.411914,13.353613],[11.501074,13.340527],[11.693359,13.297705],[11.990039,13.191797],[12.117969,13.09043],[12.319043,13.073682],[12.463184,13.09375],[12.510156,13.194336],[12.654785,13.326562],[12.759961,13.380371],[12.87168,13.449023],[13.048438,13.534521],[13.193848,13.573047],[13.323828,13.67085],[13.426953,13.701758],[13.606348,13.70459]]]]}},{"type":"Feature","bbox":[0.163867,11.696289,15.963184,23.517871],"properties":{"featurecla":"Admin-0 country","scalerank":1,"LABELRANK":3,"SOVEREIGNT":"Niger","SOV_A3":"NER","ADM0_DIF":0,"LEVEL":2,"TYPE":"Sovereign country","TLC":"1","ADMIN":"Niger","ADM0_A3":"NER","GEOU_DIF":0,"GEOUNIT":"Niger","GU_A3":"NER","SU_DIF":0,"SUBUNIT":"Niger","SU_A3":"NER","BRK_DIFF":0,"NAME":"Niger","NAME_LONG":"Niger","BRK_A3":"NER","BRK_NAME":"Niger","BRK_GROUP":null,"ABBREV":"Niger","POSTAL":"NE","FORMAL_EN":"Republic of Niger","FORMAL_FR":null,"NAME_CIAWF":"Niger","NOTE_ADM0":null,"NOTE_BRK":null,"NAME_SORT":"Niger","NAME_ALT":null,"MAPCOLOR7":4,"MAPCOLOR8":5,"MAPCOLOR9":3,"MAPCOLOR13":13,"POP_EST":23310715,"POP_RANK":15,"POP_YEAR":2019,"GDP_MD":12911,"GDP_YEAR":2019,"ECONOMY":"7. Least developed region","INCOME_GRP":"5. Low income","FIPS_10":"NG","ISO_A2":"NE","ISO_A2_EH":"NE","ISO_A3":"NER","ISO_A3_EH":"NER","ISO_N3":"562","ISO_N3_EH":"562","UN_A3":"562","WB_A2":"NE","WB_A3":"NER","WOE_ID":23424906,"WOE_ID_EH":23424906,"WOE_NOTE":"Exact WOE match as country","ADM0_ISO":"NER","ADM0_DIFF":null,"ADM0_TLC":"NER","ADM0_A3_US":"NER","ADM0_A3_FR":"NER","ADM0_A3_RU":"NER","ADM0_A3_ES":"NER","ADM0_A3_CN":"NER","ADM0_A3_TW":"NER","ADM0_A3_IN":"NER","ADM0_A3_NP":"NER","ADM0_A3_PK":"NER","ADM0_A3_DE":"NER","ADM0_A3_GB":"NER","ADM0_A3_BR":"NER","ADM0_A3_IL":"NER","ADM0_A3_PS":"NER","ADM0_A3_SA":"NER","ADM0_A3_EG":"NER","ADM0_A3_MA":"NER","ADM0_A3_PT":"NER","ADM0_A3_AR":"NER","ADM0_A3_JP":"NER","ADM0_A3_KO":"NER","ADM0_A3_VN":"NER","ADM0_A3_TR":"NER","ADM0_A3_ID":"NER","ADM0_A3_PL":"NER","ADM0_A3_GR":"NER","ADM0_A3_IT":"NER","ADM0_A3_NL":"NER","ADM0_A3_SE":"NER","ADM0_A3_BD":"NER","ADM0_A3_UA":"NER","ADM0_A3_UN":-99,"ADM0_A3_WB":-99,"CONTINENT":"Africa","REGION_UN":"Africa","SUBREGION":"Western Africa","REGION_WB":"Sub-Saharan Africa","NAME_LEN":5,"LONG_LEN":5,"ABBREV_LEN":5,"TINY":-99,"HOMEPART":1,"MIN_ZOOM":0,"MIN_LABEL":3,"MAX_LABEL":8,"LABEL_X":9.504356,"LABEL_Y":17.446195,"NE_ID":1159321087,"WIKIDATAID":"Q1032","NAME_AR":"النيجر","NAME_BN":"নাইজার","NAME_DE":"Niger","NAME_EN":"Niger","NAME_ES":"Níger","NAME_FA":"نیجر","NAME_FR":"Niger","NAME_EL":"Νίγηρας","NAME_HE":"ניז'ר","NAME_HI":"नाइजर","NAME_HU":"Niger","NAME_ID":"Niger","NAME_IT":"Niger","NAME_JA":"ニジェール","NAME_KO":"니제르","NAME_NL":"Niger","NAME_PL":"Niger","NAME_PT":"Níger","NAME_RU":"Нигер","NAME_SV":"Niger","NAME_TR":"Nijer","NAME_UK":"Нігер","NAME_UR":"نائجر","NAME_VI":"Niger","NAME_ZH":"尼日尔","NAME_ZHT":"尼日","FCLASS_ISO":"Admin-0 country","TLC_DIFF":null,"FCLASS_TLC":"Admin-0 country","FCLASS_US":null,"FCLASS_FR":null,"FCLASS_RU":null,"FCLASS_ES":null,"FCLASS_CN":null,"FCLASS_TW":null,"FCLASS_IN":null,"FCLASS_NP":null,"FCLASS_PK":null,"FCLASS_DE":null,"FCLASS_GB":null,"FCLASS_BR":null,"FCLASS_IL":null,"FCLASS_PS":null,"FCLASS_SA":null,"FCLASS_EG":null,"FCLASS_MA":null,"FCLASS_PT":null,"FCLASS_AR":null,"FCLASS_JP":null,"FCLASS_KO":null,"FCLASS_VN":null,"FCLASS_TR":null,"FCLASS_ID":null,"FCLASS_PL":null,"FCLASS_GR":null,"FCLASS_IT":null,"FCLASS_NL":null,"FCLASS_SE":null,"FCLASS_BD":null,"FCLASS_UA":null},"geometry":{"type":"Polygon","coordinates":[[[13.606348,13.70459],[13.426953,13.701758],[13.323828,13.67085],[13.193848,13.573047],[13.048438,13.534521],[12.87168,13.449023],[12.759961,13.380371],[12.654785,13.326562],[12.510156,13.194336],[12.463184,13.09375],[12.319043,13.073682],[12.117969,13.09043],[11.990039,13.191797],[11.693359,13.297705],[11.501074,13.340527],[11.411914,13.353613],[10.958887,13.371533],[10.475879,13.330225],[10.22959,13.281006],[10.184668,13.270117],[10.045117,13.206152],[9.929297,13.135254],[9.615918,12.810645],[9.201563,12.821484],[8.957617,12.857471],[8.750586,12.908154],[8.456055,13.059668],[8.09502,13.291162],[7.955762,13.322754],[7.830469,13.340918],[7.788672,13.337891],[7.357813,13.107178],[7.274707,13.112256],[7.173047,13.086328],[7.106055,13.029102],[7.056738,13.000195],[7.005078,12.995557],[6.937207,13.008203],[6.870605,13.043262],[6.804297,13.107666],[6.626563,13.364258],[6.589941,13.409131],[6.514063,13.4854],[6.386328,13.603613],[6.299805,13.658789],[6.247168,13.672998],[6.184277,13.663672],[5.838184,13.765381],[5.491992,13.872852],[5.41582,13.85918],[5.361621,13.836865],[5.241895,13.757227],[5.100879,13.742725],[4.92168,13.749121],[4.82334,13.759766],[4.664844,13.733203],[4.559473,13.701807],[4.421387,13.64751],[4.242188,13.501074],[4.19082,13.482129],[4.147559,13.457715],[4.087402,13.055469],[4.03877,12.934668],[3.947852,12.775049],[3.769238,12.622168],[3.64668,12.52998],[3.643848,12.405273],[3.63418,12.201611],[3.63252,12.061572],[3.640625,11.970361],[3.620117,11.926953],[3.611816,11.887305],[3.618457,11.827734],[3.647363,11.799658],[3.664746,11.762451],[3.653125,11.731836],[3.59541,11.696289],[3.531738,11.787451],[3.449805,11.851953],[3.359961,11.880469],[3.299121,11.927148],[3.267383,11.991895],[3.149609,12.118066],[2.878125,12.367725],[2.850195,12.373682],[2.805273,12.383838],[2.728516,12.353613],[2.681348,12.312793],[2.648438,12.296777],[2.598438,12.294336],[2.469336,12.262793],[2.366016,12.221924],[2.363281,12.188428],[2.412695,11.999316],[2.38916,11.89707],[2.343359,11.945996],[2.194434,12.136475],[2.091406,12.277979],[2.072949,12.309375],[2.058398,12.357959],[2.068555,12.37915],[2.109375,12.393848],[2.203809,12.412598],[2.221387,12.427246],[2.22627,12.466064],[2.211523,12.538428],[2.159766,12.636426],[2.10459,12.70127],[2.073828,12.713965],[2.017383,12.716211],[1.956152,12.707422],[1.840918,12.627881],[1.789844,12.613281],[1.671094,12.619824],[1.564941,12.6354],[1.500488,12.676465],[1.308691,12.834277],[1.096777,13.001123],[1.00791,13.024805],[0.987305,13.041895],[0.973047,13.170361],[0.976758,13.324512],[0.988477,13.364844],[1.076855,13.340771],[1.170898,13.32959],[1.201172,13.35752],[1.125977,13.412354],[1.017871,13.467871],[0.977734,13.551953],[0.946582,13.581152],[0.897949,13.610937],[0.842285,13.626416],[0.786035,13.650049],[0.747754,13.674512],[0.68457,13.6854],[0.618164,13.703418],[0.522363,13.839746],[0.429199,13.972119],[0.374023,14.076367],[0.354883,14.139014],[0.38252,14.245801],[0.35459,14.288037],[0.250586,14.396436],[0.163867,14.497217],[0.185059,14.65293],[0.202734,14.782812],[0.203809,14.865039],[0.21748,14.911475],[0.228711,14.963672],[0.28623,14.980176],[0.433008,14.979004],[0.718652,14.954883],[0.947461,14.982129],[0.960059,14.986914],[1.121289,15.126123],[1.300195,15.272266],[1.569141,15.286475],[1.859375,15.301709],[2.088184,15.309375],[2.420801,15.32041],[2.689648,15.329883],[3.001074,15.340967],[3.010547,15.408301],[3.029395,15.424854],[3.060156,15.427197],[3.289062,15.391113],[3.504297,15.356348],[3.520508,15.483105],[3.70957,15.641699],[3.816504,15.674023],[3.842969,15.701709],[3.876953,15.755273],[3.897949,15.837988],[3.907227,15.896826],[3.94707,15.945654],[3.976172,16.035547],[4.014844,16.192725],[4.121289,16.357715],[4.182129,16.581787],[4.191211,16.798193],[4.20293,16.962695],[4.234668,16.996387],[4.233691,17.288428],[4.232715,17.582178],[4.231934,17.830518],[4.230859,18.139453],[4.22998,18.410596],[4.229004,18.704346],[4.228223,18.968066],[4.227637,19.142773],[4.445703,19.184521],[4.671289,19.227783],[5.001367,19.291064],[5.358691,19.359521],[5.74834,19.434229],[5.836621,19.47915],[6.130664,19.731982],[6.263379,19.846143],[6.527051,20.072949],[6.730664,20.248047],[6.989355,20.470508],[7.263379,20.694482],[7.481738,20.873096],[7.825195,21.075586],[8.343066,21.380859],[8.860938,21.686133],[9.378711,21.991406],[9.896484,22.296729],[10.414355,22.602002],[10.932227,22.907275],[11.45,23.212598],[11.967871,23.517871],[12.48877,23.40166],[12.983594,23.29126],[13.48125,23.180176],[13.598633,23.119531],[13.862695,22.9021],[14.200684,22.62373],[14.215527,22.619678],[14.230762,22.618457],[14.555664,22.78252],[14.978906,22.996289],[14.979004,22.996191],[15.088965,22.418359],[15.172266,21.92207],[15.177832,21.605811],[15.181836,21.523389],[15.21582,21.467432],[15.293652,21.411523],[15.607324,20.954395],[15.540332,20.874902],[15.587109,20.733301],[15.668457,20.672363],[15.929297,20.399854],[15.963184,20.346191],[15.948828,20.303174],[15.766211,19.982568],[15.735059,19.904053],[15.698633,19.495215],[15.672949,19.206787],[15.637598,18.81084],[15.595508,18.337061],[15.561523,17.937256],[15.516699,17.408496],[15.474316,16.908398],[15.212109,16.633887],[14.74668,16.146631],[14.367969,15.750146],[14.178223,15.484766],[13.807129,14.966113],[13.642383,14.630762],[13.513672,14.455518],[13.448242,14.380664],[13.505762,14.134424],[13.606348,13.70459]]]}},{"type":"Feature","bbox":[-176.847656,-52.570312,178.53623,-8.546484],"properties":{"featurecla":"Admin-0 country","scalerank":1,"LABELRANK":2,"SOVEREIGNT":"New Zealand","SOV_A3":"NZ1","ADM0_DIF":1,"LEVEL":2,"TYPE":"Country","TLC":"1","ADMIN":"New Zealand","ADM0_A3":"NZL","GEOU_DIF":0,"GEOUNIT":"New Zealand","GU_A3":"NZL","SU_DIF":0,"SUBUNIT":"New Zealand","SU_A3":"NZL","BRK_DIFF":0,"NAME":"New Zealand","NAME_LONG":"New Zealand","BRK_A3":"NZL","BRK_NAME":"New Zealand","BRK_GROUP":null,"ABBREV":"N.Z.","POSTAL":"NZ","FORMAL_EN":"New Zealand","FORMAL_FR":null,"NAME_CIAWF":"New Zealand","NOTE_ADM0":null,"NOTE_BRK":null,"NAME_SORT":"New Zealand","NAME_ALT":null,"MAPCOLOR7":3,"MAPCOLOR8":3,"MAPCOLOR9":4,"MAPCOLOR13":4,"POP_EST":4917000,"POP_RANK":12,"POP_YEAR":2019,"GDP_MD":206928,"GDP_YEAR":2019,"ECONOMY":"2. Developed region: nonG7","INCOME_GRP":"1. High income: OECD","FIPS_10":"NZ","ISO_A2":"NZ","ISO_A2_EH":"NZ","ISO_A3":"NZL","ISO_A3_EH":"NZL","ISO_N3":"554","ISO_N3_EH":"554","UN_A3":"554","WB_A2":"NZ","WB_A3":"NZL","WOE_ID":23424916,"WOE_ID_EH":23424916,"WOE_NOTE":"Exact WOE match as country","ADM0_ISO":"NZL","ADM0_DIFF":null,"ADM0_TLC":"NZL","ADM0_A3_US":"NZL","ADM0_A3_FR":"NZL","ADM0_A3_RU":"NZL","ADM0_A3_ES":"NZL","ADM0_A3_CN":"NZL","ADM0_A3_TW":"NZL","ADM0_A3_IN":"NZL","ADM0_A3_NP":"NZL","ADM0_A3_PK":"NZL","ADM0_A3_DE":"NZL","ADM0_A3_GB":"NZL","ADM0_A3_BR":"NZL","ADM0_A3_IL":"NZL","ADM0_A3_PS":"NZL","ADM0_A3_SA":"NZL","ADM0_A3_EG":"NZL","ADM0_A3_MA":"NZL","ADM0_A3_PT":"NZL","ADM0_A3_AR":"NZL","ADM0_A3_JP":"NZL","ADM0_A3_KO":"NZL","ADM0_A3_VN":"NZL","ADM0_A3_TR":"NZL","ADM0_A3_ID":"NZL","ADM0_A3_PL":"NZL","ADM0_A3_GR":"NZL","ADM0_A3_IT":"NZL","ADM0_A3_NL":"NZL","ADM0_A3_SE":"NZL","ADM0_A3_BD":"NZL","ADM0_A3_UA":"NZL","ADM0_A3_UN":-99,"ADM0_A3_WB":-99,"CONTINENT":"Oceania","REGION_UN":"Oceania","SUBREGION":"Australia and New Zealand","REGION_WB":"East Asia & Pacific","NAME_LEN":11,"LONG_LEN":11,"ABBREV_LEN":4,"TINY":-99,"HOMEPART":1,"MIN_ZOOM":0,"MIN_LABEL":2,"MAX_LABEL":6.7,"LABEL_X":172.787,"LABEL_Y":-39.759,"NE_ID":1159321135,"WIKIDATAID":"Q664","NAME_AR":"نيوزيلندا","NAME_BN":"নিউজিল্যান্ড","NAME_DE":"Neuseeland","NAME_EN":"New Zealand","NAME_ES":"Nueva Zelanda","NAME_FA":"نیوزیلند","NAME_FR":"Nouvelle-Zélande","NAME_EL":"Νέα Ζηλανδία","NAME_HE":"ניו זילנד","NAME_HI":"न्यूज़ीलैण्ड","NAME_HU":"Új-Zéland","NAME_ID":"Selandia Baru","NAME_IT":"Nuova Zelanda","NAME_JA":"ニュージーランド","NAME_KO":"뉴질랜드","NAME_NL":"Nieuw-Zeeland","NAME_PL":"Nowa Zelandia","NAME_PT":"Nova Zelândia","NAME_RU":"Новая Зеландия","NAME_SV":"Nya Zeeland","NAME_TR":"Yeni Zelanda","NAME_UK":"Нова Зеландія","NAME_UR":"نیوزی لینڈ","NAME_VI":"New Zealand","NAME_ZH":"新西兰","NAME_ZHT":"新西蘭","FCLASS_ISO":"Admin-0 country","TLC_DIFF":null,"FCLASS_TLC":"Admin-0 country","FCLASS_US":null,"FCLASS_FR":null,"FCLASS_RU":null,"FCLASS_ES":null,"FCLASS_CN":null,"FCLASS_TW":null,"FCLASS_IN":null,"FCLASS_NP":null,"FCLASS_PK":null,"FCLASS_DE":null,"FCLASS_GB":null,"FCLASS_BR":null,"FCLASS_IL":null,"FCLASS_PS":null,"FCLASS_SA":null,"FCLASS_EG":null,"FCLASS_MA":null,"FCLASS_PT":null,"FCLASS_AR":null,"FCLASS_JP":null,"FCLASS_KO":null,"FCLASS_VN":null,"FCLASS_TR":null,"FCLASS_ID":null,"FCLASS_PL":null,"FCLASS_GR":null,"FCLASS_IT":null,"FCLASS_NL":null,"FCLASS_SE":null,"FCLASS_BD":null,"FCLASS_UA":null},"geometry":{"type":"MultiPolygon","coordinates":[[],[],[],[],[],[],[],[],[],[],[],[],[]]}},{"type":"Feature","bbox":[-68.371094,12.03208,7.197266,53.625488],"properties":{"featurecla":"Admin-0 country","scalerank":1,"LABELRANK":5,"SOVEREIGNT":"Netherlands","SOV_A3":"NL1","ADM0_DIF":1,"LEVEL":2,"TYPE":"Country","TLC":"1","ADMIN":"Netherlands","ADM0_A3":"NLD","GEOU_DIF":0,"GEOUNIT":"Netherlands","GU_A3":"NLD","SU_DIF":0,"SUBUNIT":"Netherlands","SU_A3":"NLD","BRK_DIFF":0,"NAME":"Netherlands","NAME_LONG":"Netherlands","BRK_A3":"NLD","BRK_NAME":"Netherlands","BRK_GROUP":null,"ABBREV":"Neth.","POSTAL":"NL","FORMAL_EN":"Kingdom of the Netherlands","FORMAL_FR":null,"NAME_CIAWF":"Netherlands","NOTE_ADM0":null,"NOTE_BRK":null,"NAME_SORT":"Netherlands","NAME_ALT":null,"MAPCOLOR7":4,"MAPCOLOR8":2,"MAPCOLOR9":2,"MAPCOLOR13":9,"POP_EST":17332850,"POP_RANK":14,"POP_YEAR":2019,"GDP_MD":907050,"GDP_YEAR":2019,"ECONOMY":"2. Developed region: nonG7","INCOME_GRP":"1. High income: OECD","FIPS_10":"NL","ISO_A2":"NL","ISO_A2_EH":"NL","ISO_A3":"NLD","ISO_A3_EH":"NLD","ISO_N3":"528","ISO_N3_EH":"528","UN_A3":"528","WB_A2":"NL","WB_A3":"NLD","WOE_ID":-90,"WOE_ID_EH":23424909,"WOE_NOTE":"Doesn't include new former units of Netherlands Antilles (24549811, 24549808, and 24549809)","ADM0_ISO":"NLD","ADM0_DIFF":null,"ADM0_TLC":"NLD","ADM0_A3_US":"NLD","ADM0_A3_FR":"NLD","ADM0_A3_RU":"NLD","ADM0_A3_ES":"NLD","ADM0_A3_CN":"NLD","ADM0_A3_TW":"NLD","ADM0_A3_IN":"NLD","ADM0_A3_NP":"NLD","ADM0_A3_PK":"NLD","ADM0_A3_DE":"NLD","ADM0_A3_GB":"NLD","ADM0_A3_BR":"NLD","ADM0_A3_IL":"NLD","ADM0_A3_PS":"NLD","ADM0_A3_SA":"NLD","ADM0_A3_EG":"NLD","ADM0_A3_MA":"NLD","ADM0_A3_PT":"NLD","ADM0_A3_AR":"NLD","ADM0_A3_JP":"NLD","ADM0_A3_KO":"NLD","ADM0_A3_VN":"NLD","ADM0_A3_TR":"NLD","ADM0_A3_ID":"NLD","ADM0_A3_PL":"NLD","ADM0_A3_GR":"NLD","ADM0_A3_IT":"NLD","ADM0_A3_NL":"NLD","ADM0_A3_SE":"NLD","ADM0_A3_BD":"NLD","ADM0_A3_UA":"NLD","ADM0_A3_UN":-99,"ADM0_A3_WB":-99,"CONTINENT":"Europe","REGION_UN":"Europe","SUBREGION":"Western Europe","REGION_WB":"Europe & Central Asia","NAME_LEN":11,"LONG_LEN":11,"ABBREV_LEN":5,"TINY":-99,"HOMEPART":1,"MIN_ZOOM":0,"MIN_LABEL":4,"MAX_LABEL":10,"LABEL_X":5.61144,"LABEL_Y":52.422211,"NE_ID":1159321101,"WIKIDATAID":"Q55","NAME_AR":"هولندا","NAME_BN":"নেদারল্যান্ডস","NAME_DE":"Niederlande","NAME_EN":"Netherlands","NAME_ES":"Países Bajos","NAME_FA":"هلند","NAME_FR":"Pays-Bas","NAME_EL":"Ολλανδία","NAME_HE":"הולנד","NAME_HI":"नीदरलैण्ड","NAME_HU":"Hollandia","NAME_ID":"Belanda","NAME_IT":"Paesi Bassi","NAME_JA":"オランダ","NAME_KO":"네덜란드","NAME_NL":"Nederland","NAME_PL":"Holandia","NAME_PT":"Países Baixos","NAME_RU":"Нидерланды","NAME_SV":"Nederländerna","NAME_TR":"Hollanda","NAME_UK":"Нідерланди","NAME_UR":"نیدرلینڈز","NAME_VI":"Hà Lan","NAME_ZH":"荷兰","NAME_ZHT":"荷蘭","FCLASS_ISO":"Admin-0 country","TLC_DIFF":null,"FCLASS_TLC":"Admin-0 country","FCLASS_US":null,"FCLASS_FR":null,"FCLASS_RU":null,"FCLASS_ES":null,"FCLASS_CN":null,"FCLASS_TW":null,"FCLASS_IN":null,"FCLASS_NP":null,"FCLASS_PK":null,"FCLASS_DE":null,"FCLASS_GB":null,"FCLASS_BR":null,"FCLASS_IL":null,"FCLASS_PS":null,"FCLASS_SA":null,"FCLASS_EG":null,"FCLASS_MA":null,"FCLASS_PT":null,"FCLASS_AR":null,"FCLASS_JP":null,"FCLASS_KO":null,"FCLASS_VN":null,"FCLASS_TR":null,"FCLASS_ID":null,"FCLASS_PL":null,"FCLASS_GR":null,"FCLASS_IT":null,"FCLASS_NL":null,"FCLASS_SE":null,"FCLASS_BD":null,"FCLASS_UA":null},"geometry":{"type":"MultiPolygon","coordinates":[[],[],[],[],[],[],[],[],[],[],[],[]]}},{"type":"Feature","bbox":[11.72168,-28.93877,25.258789,-16.967676],"properties":{"featurecla":"Admin-0 country","scalerank":1,"LABELRANK":3,"SOVEREIGNT":"Namibia","SOV_A3":"NAM","ADM0_DIF":0,"LEVEL":2,"TYPE":"Sovereign country","TLC":"1","ADMIN":"Namibia","ADM0_A3":"NAM","GEOU_DIF":0,"GEOUNIT":"Namibia","GU_A3":"NAM","SU_DIF":0,"SUBUNIT":"Namibia","SU_A3":"NAM","BRK_DIFF":0,"NAME":"Namibia","NAME_LONG":"Namibia","BRK_A3":"NAM","BRK_NAME":"Namibia","BRK_GROUP":null,"ABBREV":"Nam.","POSTAL":"NA","FORMAL_EN":"Republic of Namibia","FORMAL_FR":null,"NAME_CIAWF":"Namibia","NOTE_ADM0":null,"NOTE_BRK":null,"NAME_SORT":"Namibia","NAME_ALT":null,"MAPCOLOR7":4,"MAPCOLOR8":1,"MAPCOLOR9":1,"MAPCOLOR13":7,"POP_EST":2494530,"POP_RANK":12,"POP_YEAR":2019,"GDP_MD":12366,"GDP_YEAR":2019,"ECONOMY":"6. Developing region","INCOME_GRP":"3. Upper middle income","FIPS_10":"WA","ISO_A2":"NA","ISO_A2_EH":"NA","ISO_A3":"NAM","ISO_A3_EH":"NAM","ISO_N3":"516","ISO_N3_EH":"516","UN_A3":"516","WB_A2":"NA","WB_A3":"NAM","WOE_ID":23424987,"WOE_ID_EH":23424987,"WOE_NOTE":"Exact WOE match as country","ADM0_ISO":"NAM","ADM0_DIFF":null,"ADM0_TLC":"NAM","ADM0_A3_US":"NAM","ADM0_A3_FR":"NAM","ADM0_A3_RU":"NAM","ADM0_A3_ES":"NAM","ADM0_A3_CN":"NAM","ADM0_A3_TW":"NAM","ADM0_A3_IN":"NAM","ADM0_A3_NP":"NAM","ADM0_A3_PK":"NAM","ADM0_A3_DE":"NAM","ADM0_A3_GB":"NAM","ADM0_A3_BR":"NAM","ADM0_A3_IL":"NAM","ADM0_A3_PS":"NAM","ADM0_A3_SA":"NAM","ADM0_A3_EG":"NAM","ADM0_A3_MA":"NAM","ADM0_A3_PT":"NAM","ADM0_A3_AR":"NAM","ADM0_A3_JP":"NAM","ADM0_A3_KO":"NAM","ADM0_A3_VN":"NAM","ADM0_A3_TR":"NAM","ADM0_A3_ID":"NAM","ADM0_A3_PL":"NAM","ADM0_A3_GR":"NAM","ADM0_A3_IT":"NAM","ADM0_A3_NL":"NAM","ADM0_A3_SE":"NAM","ADM0_A3_BD":"NAM","ADM0_A3_UA":"NAM","ADM0_A3_UN":-99,"ADM0_A3_WB":-99,"CONTINENT":"Africa","REGION_UN":"Africa","SUBREGION":"Southern Africa","REGION_WB":"Sub-Saharan Africa","NAME_LEN":7,"LONG_LEN":7,"ABBREV_LEN":4,"TINY":-99,"HOMEPART":1,"MIN_ZOOM":0,"MIN_LABEL":3,"MAX_LABEL":7.5,"LABEL_X":17.108166,"LABEL_Y":-20.575298,"NE_ID":1159321085,"WIKIDATAID":"Q1030","NAME_AR":"ناميبيا","NAME_BN":"নামিবিয়া","NAME_DE":"Namibia","NAME_EN":"Namibia","NAME_ES":"Namibia","NAME_FA":"نامیبیا","NAME_FR":"Namibie","NAME_EL":"Ναμίμπια","NAME_HE":"נמיביה","NAME_HI":"नामीबिया","NAME_HU":"Namíbia","NAME_ID":"Namibia","NAME_IT":"Namibia","NAME_JA":"ナミビア","NAME_KO":"나미비아","NAME_NL":"Namibië","NAME_PL":"Namibia","NAME_PT":"Namíbia","NAME_RU":"Намибия","NAME_SV":"Namibia","NAME_TR":"Namibya","NAME_UK":"Намібія","NAME_UR":"نمیبیا","NAME_VI":"Namibia","NAME_ZH":"纳米比亚","NAME_ZHT":"納米比亞","FCLASS_ISO":"Admin-0 country","TLC_DIFF":null,"FCLASS_TLC":"Admin-0 country","FCLASS_US":null,"FCLASS_FR":null,"FCLASS_RU":null,"FCLASS_ES":null,"FCLASS_CN":null,"FCLASS_TW":null,"FCLASS_IN":null,"FCLASS_NP":null,"FCLASS_PK":null,"FCLASS_DE":null,"FCLASS_GB":null,"FCLASS_BR":null,"FCLASS_IL":null,"FCLASS_PS":null,"FCLASS_SA":null,"FCLASS_EG":null,"FCLASS_MA":null,"FCLASS_PT":null,"FCLASS_AR":null,"FCLASS_JP":null,"FCLASS_KO":null,"FCLASS_VN":null,"FCLASS_TR":null,"FCLASS_ID":null,"FCLASS_PL":null,"FCLASS_GR":null,"FCLASS_IT":null,"FCLASS_NL":null,"FCLASS_SE":null,"FCLASS_BD":null,"FCLASS_UA":null},"geometry":{"type":"Polygon","coordinates":[[[23.380664,-17.640625],[23.594922,-17.599414],[23.799219,-17.560156],[24.036914,-17.520898],[24.227148,-17.489551],[24.274902,-17.481055],[24.73291,-17.517773],[24.932422,-17.543457],[25.001758,-17.568555],[25.092188,-17.634375],[25.258789,-17.793555],[25.216016,-17.787598],[24.909082,-17.821387],[24.792188,-17.864648],[24.530566,-18.052734],[24.474902,-18.028516],[24.412207,-17.989453],[24.358984,-17.978223],[24.243945,-18.023438],[24.129297,-18.077539],[24.002637,-18.154102],[23.89834,-18.229199],[23.864258,-18.269531],[23.700488,-18.424316],[23.647168,-18.449414],[23.599707,-18.459961],[23.580566,-18.45293],[23.560156,-18.386426],[23.459766,-18.231055],[23.298633,-18.027344],[23.251563,-18.00752],[23.219336,-17.999707],[23.099902,-18.00957],[22.752734,-18.067188],[22.460059,-18.115723],[22.011426,-18.198633],[21.529688,-18.265625],[21.23252,-18.306836],[20.974121,-18.318848],[20.974316,-18.520508],[20.975,-18.928516],[20.975586,-19.336426],[20.976172,-19.744336],[20.976855,-20.152344],[20.977441,-20.560254],[20.978125,-20.968164],[20.978711,-21.376074],[20.979297,-21.784082],[20.979492,-21.961914],[20.970996,-22.000195],[20.822754,-22.000195],[20.4875,-22.000195],[20.205371,-22.000195],[19.977344,-22.000195],[19.977637,-22.242578],[19.97793,-22.529297],[19.978223,-22.815918],[19.978516,-23.102539],[19.978906,-23.38916],[19.979297,-23.675781],[19.97959,-23.962402],[19.979883,-24.249023],[19.980176,-24.535742],[19.980469,-24.751953],[19.980469,-24.776758],[19.980469,-25.196777],[19.980469,-25.641602],[19.980469,-26.086328],[19.980469,-26.531152],[19.980469,-26.975977],[19.980469,-27.420703],[19.980469,-27.865527],[19.980469,-28.310352],[19.980469,-28.45127],[19.877832,-28.449414],[19.671484,-28.503906],[19.539844,-28.574609],[19.48291,-28.661621],[19.407227,-28.714453],[19.312695,-28.733301],[19.270996,-28.777734],[19.282227,-28.847949],[19.245801,-28.90166],[19.161719,-28.93877],[19.026074,-28.92793],[18.83877,-28.869141],[18.600391,-28.855273],[18.31084,-28.88623],[18.102734,-28.87168],[17.976074,-28.811328],[17.841602,-28.776953],[17.699316,-28.768359],[17.616797,-28.743066],[17.447949,-28.698145],[17.415723,-28.621094],[17.395898,-28.562695],[17.347852,-28.501172],[17.342578,-28.45166],[17.380273,-28.413965],[17.385742,-28.353223],[17.358691,-28.269434],[17.312012,-28.228613],[17.245801,-28.230859],[17.20459,-28.198828],[17.188477,-28.13252],[17.149414,-28.082227],[17.05625,-28.031055],[16.933301,-28.069629],[16.875293,-28.12793],[16.841211,-28.218945],[16.810156,-28.264551],[16.794531,-28.34082],[16.7875,-28.394727],[16.755762,-28.452148],[16.723047,-28.475488],[16.689453,-28.464941],[16.626172,-28.487891],[16.487109,-28.572852],[16.447559,-28.617578],[16.335059,-28.536523],[16.007129,-28.231738],[15.890918,-28.152539],[15.719043,-27.96582],[15.341504,-27.386523],[15.287598,-27.275],[15.215723,-26.995117],[15.132812,-26.787598],[15.12373,-26.667871],[15.163281,-26.600195],[15.139063,-26.508008],[15.096582,-26.425781],[14.967773,-26.318066],[14.93125,-25.958203],[14.845215,-25.725684],[14.863672,-25.533594],[14.822559,-25.358594],[14.818555,-25.246387],[14.837109,-25.033203],[14.767969,-24.787988],[14.62793,-24.548047],[14.501563,-24.201953],[14.483398,-24.050391],[14.496875,-23.642871],[14.472461,-23.47666],[14.473828,-23.281152],[14.423828,-23.078613],[14.40332,-22.968066],[14.438477,-22.880566],[14.459277,-22.908203],[14.495703,-22.921387],[14.519922,-22.805176],[14.525977,-22.702539],[14.462793,-22.449121],[14.321875,-22.189941],[13.973242,-21.767578],[13.888086,-21.606641],[13.839355,-21.473242],[13.450586,-20.916699],[13.284375,-20.523926],[13.168359,-20.184668],[13.04209,-20.028223],[12.458203,-18.926758],[12.328711,-18.751074],[12.095703,-18.540918],[12.041211,-18.470703],[11.951367,-18.270508],[11.775879,-18.001758],[11.733496,-17.750977],[11.72168,-17.466797],[11.743066,-17.249219],[11.902539,-17.226562],[12.013965,-17.168555],[12.114355,-17.164551],[12.213379,-17.209961],[12.318457,-17.213379],[12.359277,-17.205859],[12.548145,-17.212695],[12.656543,-17.160547],[12.785156,-17.108203],[12.859277,-17.062598],[12.963184,-17.01543],[13.101172,-16.967676],[13.179492,-16.97168],[13.275684,-16.989551],[13.403711,-17.007812],[13.475977,-17.040039],[13.561719,-17.141211],[13.694336,-17.233496],[13.791992,-17.288379],[13.904199,-17.360742],[13.937988,-17.38877],[13.987402,-17.404199],[14.01748,-17.408887],[14.225879,-17.397754],[14.414746,-17.387695],[14.617969,-17.387988],[15.000586,-17.388574],[15.383203,-17.38916],[15.76582,-17.389648],[16.148438,-17.390234],[16.531055,-17.39082],[16.913672,-17.391406],[17.296289,-17.391992],[17.678809,-17.392578],[17.835352,-17.392773],[18.108789,-17.395996],[18.396387,-17.399414],[18.428223,-17.405176],[18.460352,-17.424609],[18.486621,-17.442773],[18.588184,-17.57002],[18.718066,-17.703223],[18.825977,-17.766309],[18.955273,-17.803516],[19.076465,-17.817676],[19.189453,-17.808496],[19.377148,-17.825488],[19.639355,-17.868652],[19.911816,-17.881348],[20.194336,-17.863672],[20.392969,-17.887402],[20.507617,-17.952539],[20.625098,-17.99668],[20.745508,-18.019727],[20.908301,-18.006055],[21.113477,-17.955762],[21.287891,-17.962988],[21.36875,-17.999512],[21.416895,-18.000684],[21.718457,-17.947754],[21.96084,-17.905176],[22.324219,-17.8375],[22.624023,-17.781641],[23.068262,-17.698828],[23.380664,-17.640625]]]}},{"type":"Feature","bbox":[30.221777,-26.861621,40.844531,-10.464355],"properties":{"featurecla":"Admin-0 country","scalerank":1,"LABELRANK":3,"SOVEREIGNT":"Mozambique","SOV_A3":"MOZ","ADM0_DIF":0,"LEVEL":2,"TYPE":"Sovereign country","TLC":"1","ADMIN":"Mozambique","ADM0_A3":"MOZ","GEOU_DIF":0,"GEOUNIT":"Mozambique","GU_A3":"MOZ","SU_DIF":0,"SUBUNIT":"Mozambique","SU_A3":"MOZ","BRK_DIFF":0,"NAME":"Mozambique","NAME_LONG":"Mozambique","BRK_A3":"MOZ","BRK_NAME":"Mozambique","BRK_GROUP":null,"ABBREV":"Moz.","POSTAL":"MZ","FORMAL_EN":"Republic of Mozambique","FORMAL_FR":null,"NAME_CIAWF":"Mozambique","NOTE_ADM0":null,"NOTE_BRK":null,"NAME_SORT":"Mozambique","NAME_ALT":null,"MAPCOLOR7":4,"MAPCOLOR8":2,"MAPCOLOR9":1,"MAPCOLOR13":4,"POP_EST":30366036,"POP_RANK":15,"POP_YEAR":2019,"GDP_MD":15291,"GDP_YEAR":2019,"ECONOMY":"7. Least developed region","INCOME_GRP":"5. Low income","FIPS_10":"MZ","ISO_A2":"MZ","ISO_A2_EH":"MZ","ISO_A3":"MOZ","ISO_A3_EH":"MOZ","ISO_N3":"508","ISO_N3_EH":"508","UN_A3":"508","WB_A2":"MZ","WB_A3":"MOZ","WOE_ID":23424902,"WOE_ID_EH":23424902,"WOE_NOTE":"Exact WOE match as country","ADM0_ISO":"MOZ","ADM0_DIFF":null,"ADM0_TLC":"MOZ","ADM0_A3_US":"MOZ","ADM0_A3_FR":"MOZ","ADM0_A3_RU":"MOZ","ADM0_A3_ES":"MOZ","ADM0_A3_CN":"MOZ","ADM0_A3_TW":"MOZ","ADM0_A3_IN":"MOZ","ADM0_A3_NP":"MOZ","ADM0_A3_PK":"MOZ","ADM0_A3_DE":"MOZ","ADM0_A3_GB":"MOZ","ADM0_A3_BR":"MOZ","ADM0_A3_IL":"MOZ","ADM0_A3_PS":"MOZ","ADM0_A3_SA":"MOZ","ADM0_A3_EG":"MOZ","ADM0_A3_MA":"MOZ","ADM0_A3_PT":"MOZ","ADM0_A3_AR":"MOZ","ADM0_A3_JP":"MOZ","ADM0_A3_KO":"MOZ","ADM0_A3_VN":"MOZ","ADM0_A3_TR":"MOZ","ADM0_A3_ID":"MOZ","ADM0_A3_PL":"MOZ","ADM0_A3_GR":"MOZ","ADM0_A3_IT":"MOZ","ADM0_A3_NL":"MOZ","ADM0_A3_SE":"MOZ","ADM0_A3_BD":"MOZ","ADM0_A3_UA":"MOZ","ADM0_A3_UN":-99,"ADM0_A3_WB":-99,"CONTINENT":"Africa","REGION_UN":"Africa","SUBREGION":"Eastern Africa","REGION_WB":"Sub-Saharan Africa","NAME_LEN":10,"LONG_LEN":10,"ABBREV_LEN":4,"TINY":-99,"HOMEPART":1,"MIN_ZOOM":0,"MIN_LABEL":3,"MAX_LABEL":8,"LABEL_X":37.83789,"LABEL_Y":-13.94323,"NE_ID":1159321073,"WIKIDATAID":"Q1029","NAME_AR":"موزمبيق","NAME_BN":"মোজাম্বিক","NAME_DE":"Mosambik","NAME_EN":"Mozambique","NAME_ES":"Mozambique","NAME_FA":"موزامبیک","NAME_FR":"Mozambique","NAME_EL":"Μοζαμβίκη","NAME_HE":"מוזמביק","NAME_HI":"मोज़ाम्बीक","NAME_HU":"Mozambik","NAME_ID":"Mozambik","NAME_IT":"Mozambico","NAME_JA":"モザンビーク","NAME_KO":"모잠비크","NAME_NL":"Mozambique","NAME_PL":"Mozambik","NAME_PT":"Moçambique","NAME_RU":"Мозамбик","NAME_SV":"Moçambique","NAME_TR":"Mozambik","NAME_UK":"Мозамбік","NAME_UR":"موزمبیق","NAME_VI":"Mozambique","NAME_ZH":"莫桑比克","NAME_ZHT":"莫三比克","FCLASS_ISO":"Admin-0 country","TLC_DIFF":null,"FCLASS_TLC":"Admin-0 country","FCLASS_US":null,"FCLASS_FR":null,"FCLASS_RU":null,"FCLASS_ES":null,"FCLASS_CN":null,"FCLASS_TW":null,"FCLASS_IN":null,"FCLASS_NP":null,"FCLASS_PK":null,"FCLASS_DE":null,"FCLASS_GB":null,"FCLASS_BR":null,"FCLASS_IL":null,"FCLASS_PS":null,"FCLASS_SA":null,"FCLASS_EG":null,"FCLASS_MA":null,"FCLASS_PT":null,"FCLASS_AR":null,"FCLASS_JP":null,"FCLASS_KO":null,"FCLASS_VN":null,"FCLASS_TR":null,"FCLASS_ID":null,"FCLASS_PL":null,"FCLASS_GR":null,"FCLASS_IT":null,"FCLASS_NL":null,"FCLASS_SE":null,"FCLASS_BD":null,"FCLASS_UA":null},"geometry":{"type":"Polygon","coordinates":[[[31.287891,-22.402051],[31.429492,-22.298828],[31.571484,-22.153516],[31.737695,-21.983398],[31.885938,-21.831543],[32.016309,-21.698047],[32.194727,-21.51543],[32.371094,-21.334863],[32.412402,-21.311816],[32.429785,-21.29707],[32.353613,-21.136523],[32.476172,-20.950098],[32.482813,-20.828906],[32.477637,-20.712988],[32.492383,-20.659766],[32.529297,-20.613086],[32.672559,-20.516113],[32.780859,-20.361523],[32.869629,-20.217188],[32.992773,-19.984863],[33.004883,-19.930176],[33.006738,-19.873828],[32.972656,-19.79541],[32.89043,-19.668066],[32.830762,-19.558203],[32.777637,-19.38877],[32.830957,-19.241406],[32.85,-19.152441],[32.849805,-19.104395],[32.826172,-19.058789],[32.766211,-19.024316],[32.716504,-19.001855],[32.699707,-18.940918],[32.699219,-18.868457],[32.721973,-18.828418],[32.854492,-18.763672],[32.88457,-18.728516],[32.900293,-18.689063],[32.90166,-18.63291],[32.94248,-18.492676],[32.993066,-18.35957],[32.996387,-18.312598],[32.978516,-18.271484],[32.964648,-18.196289],[32.955566,-18.08291],[32.954688,-17.76543],[32.980762,-17.4375],[32.969336,-17.251563],[32.884375,-17.037793],[32.87627,-16.883594],[32.937891,-16.775977],[32.948047,-16.712305],[32.90293,-16.704199],[32.810254,-16.697656],[32.741797,-16.677637],[32.63584,-16.589453],[32.451953,-16.515723],[32.243262,-16.44873],[31.939844,-16.428809],[31.687598,-16.21416],[31.489844,-16.179688],[31.426172,-16.152344],[31.23623,-16.023633],[30.93877,-16.011719],[30.630176,-15.999219],[30.437793,-15.995313],[30.409375,-15.978223],[30.398145,-15.800781],[30.396094,-15.643066],[30.379883,-15.505859],[30.350586,-15.349707],[30.305664,-15.288867],[30.252148,-15.183203],[30.225,-15.066895],[30.221777,-15.010547],[30.231836,-14.990332],[30.446094,-14.90752],[30.537695,-14.866504],[30.67334,-14.819141],[30.915137,-14.75332],[31.130859,-14.694629],[31.328516,-14.637695],[31.537891,-14.577148],[31.623047,-14.536719],[31.728906,-14.496094],[31.982129,-14.414453],[32.054492,-14.386523],[32.199902,-14.34082],[32.272852,-14.323047],[32.553223,-14.22959],[32.874512,-14.122461],[32.987109,-14.084961],[33.201758,-14.013379],[33.243555,-14.043066],[33.389941,-14.289453],[33.505273,-14.434082],[33.636426,-14.568164],[33.658301,-14.561621],[33.696094,-14.530273],[33.761426,-14.517285],[33.969824,-14.487109],[34.049414,-14.485254],[34.101855,-14.449316],[34.208789,-14.42373],[34.33252,-14.408594],[34.375,-14.424805],[34.505273,-14.598145],[34.524121,-14.730762],[34.551172,-14.922363],[34.557617,-15.015918],[34.555469,-15.140918],[34.54082,-15.297266],[34.434961,-15.477148],[34.414746,-15.566797],[34.358008,-15.705273],[34.283008,-15.773438],[34.246094,-15.829395],[34.248242,-15.8875],[34.288281,-15.936133],[34.375977,-16.02373],[34.403027,-16.080273],[34.395117,-16.130859],[34.395508,-16.199219],[34.416406,-16.246777],[34.441309,-16.274414],[34.528125,-16.319141],[34.612695,-16.431543],[34.758789,-16.56709],[34.933398,-16.760352],[35.015332,-16.819531],[35.079883,-16.833887],[35.112109,-16.898535],[35.094238,-16.973828],[35.043945,-17.016895],[35.064648,-17.078613],[35.093066,-17.110938],[35.124609,-17.127246],[35.201367,-17.131055],[35.272559,-17.118457],[35.29043,-17.096973],[35.281152,-16.807813],[35.229785,-16.639258],[35.17832,-16.57334],[35.167188,-16.560254],[35.185254,-16.504883],[35.242773,-16.375391],[35.291504,-16.247168],[35.322461,-16.193164],[35.358496,-16.160547],[35.599316,-16.125879],[35.708887,-16.095801],[35.755273,-16.058301],[35.791211,-15.958691],[35.819922,-15.680371],[35.830273,-15.418945],[35.805371,-15.265625],[35.839941,-15.034668],[35.892773,-14.891797],[35.866699,-14.86377],[35.847168,-14.670898],[35.69043,-14.465527],[35.488477,-14.201074],[35.375781,-14.058691],[35.247461,-13.896875],[35.013867,-13.643457],[34.906836,-13.55166],[34.850488,-13.516016],[34.661621,-13.486719],[34.611523,-13.437891],[34.563672,-13.360156],[34.545703,-13.216309],[34.542578,-13.108691],[34.521289,-12.925781],[34.48291,-12.666797],[34.46582,-12.590723],[34.412109,-12.395898],[34.36084,-12.210547],[34.357813,-12.164746],[34.375977,-12.120215],[34.462891,-11.983789],[34.524805,-11.887012],[34.553906,-11.834082],[34.60625,-11.690039],[34.618555,-11.620215],[34.65957,-11.588672],[34.826563,-11.575684],[34.959473,-11.578125],[35.182617,-11.574805],[35.418262,-11.583203],[35.451367,-11.589551],[35.504395,-11.604785],[35.564355,-11.602344],[35.630957,-11.582031],[35.704688,-11.532129],[35.785449,-11.45293],[35.911328,-11.454688],[36.082227,-11.537305],[36.175488,-11.609277],[36.191309,-11.670703],[36.305664,-11.706348],[36.518652,-11.716211],[36.673828,-11.684277],[36.771094,-11.610352],[36.872656,-11.571289],[36.978906,-11.566992],[37.05918,-11.592188],[37.113867,-11.647168],[37.218359,-11.686523],[37.372852,-11.710449],[37.541699,-11.675098],[37.724805,-11.580664],[37.829297,-11.481934],[37.855078,-11.379102],[37.885352,-11.316699],[37.920215,-11.294727],[38.017285,-11.282129],[38.176563,-11.278711],[38.315137,-11.311133],[38.491797,-11.413281],[38.60332,-11.345313],[38.794727,-11.228906],[38.9875,-11.167285],[39.170996,-11.166895],[39.321582,-11.122559],[39.43916,-11.03457],[39.563477,-10.978516],[39.694434,-10.954785],[39.81709,-10.912402],[39.988672,-10.820801],[40.166211,-10.6875],[40.347461,-10.551563],[40.463574,-10.464355],[40.516699,-10.567383],[40.611719,-10.661523],[40.555078,-10.716211],[40.486621,-10.765137],[40.597168,-10.830664],[40.516113,-10.92959],[40.50625,-10.998438],[40.526855,-11.025391],[40.544531,-11.065625],[40.491406,-11.178906],[40.420996,-11.265625],[40.402832,-11.332031],[40.465137,-11.449414],[40.433105,-11.657324],[40.493555,-11.844434],[40.510449,-11.94043],[40.531543,-12.00459],[40.501465,-12.119434],[40.50918,-12.312891],[40.523145,-12.392773],[40.487109,-12.492188],[40.54834,-12.526563],[40.580859,-12.635547],[40.57207,-12.758398],[40.55332,-12.824609],[40.447656,-12.904785],[40.435156,-12.935938],[40.436816,-12.983105],[40.56875,-12.984668],[40.573242,-13.057715],[40.564453,-13.115234],[40.569531,-13.223438],[40.551953,-13.29375],[40.58291,-13.374023],[40.545117,-13.462891],[40.558203,-13.531445],[40.559863,-13.620313],[40.590527,-13.84502],[40.595703,-14.122852],[40.602539,-14.167383],[40.649512,-14.198828],[40.715625,-14.214453],[40.713086,-14.290625],[40.639941,-14.390039],[40.635547,-14.451855],[40.646094,-14.538672],[40.72666,-14.420703],[40.775,-14.421289],[40.818164,-14.467578],[40.812109,-14.535547],[40.826953,-14.569043],[40.820605,-14.634961],[40.844531,-14.718652],[40.835156,-14.791504],[40.775977,-14.84248],[40.700684,-14.929785],[40.687402,-15.011621],[40.694336,-15.065234],[40.642188,-15.082422],[40.617773,-15.115527],[40.653125,-15.192676],[40.650977,-15.260938],[40.558984,-15.473438],[40.313867,-15.763965],[40.208008,-15.86709],[40.108789,-15.979297],[40.108887,-16.025293],[40.099219,-16.065332],[39.983594,-16.225488],[39.859766,-16.251758],[39.790918,-16.294531],[39.844629,-16.435645],[39.764551,-16.468164],[39.625391,-16.579395],[39.242285,-16.792578],[39.181738,-16.841992],[39.084375,-16.972852],[38.956055,-17.00459],[38.884766,-17.041602],[38.757617,-17.055176],[38.713281,-17.045703],[38.669922,-17.050293],[38.633301,-17.07832],[38.380762,-17.170117],[38.144922,-17.242773],[38.086914,-17.275977],[38.048242,-17.321387],[37.839453,-17.393164],[37.512305,-17.570703],[37.244531,-17.739941],[37.050586,-17.909277],[36.999512,-17.934961],[36.939355,-17.993457],[36.919238,-18.080078],[36.899609,-18.129004],[36.756152,-18.307324],[36.540137,-18.518164],[36.498047,-18.575781],[36.412207,-18.692969],[36.403711,-18.769727],[36.327246,-18.793164],[36.262891,-18.719629],[36.235645,-18.861328],[36.183203,-18.871387],[36.125,-18.842383],[35.980078,-18.9125],[35.853711,-18.993359],[35.65127,-19.163867],[35.365332,-19.493945],[34.947852,-19.812695],[34.89082,-19.821777],[34.852344,-19.820508],[34.720996,-19.70957],[34.649414,-19.701367],[34.713477,-19.767188],[34.755762,-19.821973],[34.74502,-19.929492],[34.75,-20.09082],[34.698145,-20.404395],[34.705078,-20.473047],[34.764746,-20.561914],[34.877051,-20.670801],[34.982324,-20.80625],[35.117578,-21.195215],[35.128027,-21.395313],[35.267676,-21.650977],[35.272949,-21.761719],[35.329297,-22.037402],[35.325586,-22.260352],[35.315723,-22.396875],[35.383008,-22.45459],[35.407813,-22.402539],[35.400879,-22.316211],[35.418848,-22.177637],[35.456348,-22.115918],[35.49375,-22.124707],[35.504883,-22.190137],[35.530078,-22.248145],[35.540234,-22.302637],[35.541992,-22.376563],[35.490234,-22.657715],[35.505762,-22.77207],[35.575391,-22.963086],[35.494434,-23.185156],[35.376953,-23.707813],[35.37041,-23.798242],[35.398828,-23.837695],[35.462109,-23.851074],[35.485352,-23.784473],[35.522461,-23.784961],[35.541992,-23.824414],[35.489648,-24.065527],[35.438086,-24.171191],[35.254883,-24.430273],[35.155957,-24.541406],[34.99209,-24.650586],[34.607324,-24.821289],[33.836035,-25.067969],[33.530078,-25.188867],[33.347461,-25.260938],[32.961133,-25.49043],[32.792188,-25.644336],[32.722559,-25.820898],[32.655859,-25.901758],[32.59043,-26.004102],[32.647461,-26.091992],[32.703516,-26.158496],[32.769629,-26.203027],[32.803906,-26.241406],[32.848828,-26.268066],[32.894043,-26.129883],[32.916406,-26.086914],[32.954883,-26.083594],[32.933594,-26.252344],[32.88916,-26.830469],[32.886133,-26.849316],[32.776563,-26.850977],[32.58877,-26.855762],[32.477734,-26.858496],[32.353516,-26.861621],[32.199609,-26.833496],[32.112891,-26.839453],[32.105957,-26.52002],[32.07793,-26.449805],[32.04834,-26.347168],[32.041406,-26.28125],[32.059961,-26.215039],[32.068848,-26.110156],[32.060547,-26.018359],[31.968457,-25.972266],[31.948242,-25.957617],[31.92832,-25.885352],[31.920313,-25.773926],[31.98457,-25.631934],[31.979395,-25.359473],[31.987012,-25.263477],[31.985742,-25.073828],[31.984375,-24.844043],[31.983203,-24.638281],[31.98584,-24.460645],[31.966602,-24.376465],[31.950586,-24.330273],[31.908008,-24.23623],[31.858301,-24.040234],[31.799609,-23.892188],[31.724023,-23.794531],[31.7,-23.743066],[31.675586,-23.674219],[31.604102,-23.55293],[31.545605,-23.482324],[31.529688,-23.425781],[31.531738,-23.279492],[31.466699,-23.016699],[31.419336,-22.825098],[31.348047,-22.617578],[31.300195,-22.478613],[31.293164,-22.454688],[31.287891,-22.402051]],[[34.641602,-12.013672],[34.624219,-11.984766],[34.591406,-11.971094],[34.554004,-11.982227],[34.541602,-12.018652],[34.580469,-12.06582],[34.621777,-12.066602],[34.641602,-12.013672]],[[34.719336,-12.110645],[34.745996,-12.088379],[34.75625,-12.059082],[34.755957,-12.030762],[34.738965,-12.013086],[34.714941,-12.002734],[34.679883,-12.008887],[34.66748,-12.047559],[34.662109,-12.100781],[34.68418,-12.118652],[34.719336,-12.110645]]]}},{"type":"Feature","bbox":[-17.003076,21.420703,-1.065527,35.929883],"properties":{"featurecla":"Admin-0 country","scalerank":1,"LABELRANK":3,"SOVEREIGNT":"Morocco","SOV_A3":"MAR","ADM0_DIF":0,"LEVEL":2,"TYPE":"Sovereign country","TLC":"1","ADMIN":"Morocco","ADM0_A3":"MAR","GEOU_DIF":0,"GEOUNIT":"Morocco","GU_A3":"MAR","SU_DIF":0,"SUBUNIT":"Morocco","SU_A3":"MAR","BRK_DIFF":0,"NAME":"Morocco","NAME_LONG":"Morocco","BRK_A3":"MAR","BRK_NAME":"Morocco","BRK_GROUP":null,"ABBREV":"Mor.","POSTAL":"MA","FORMAL_EN":"Kingdom of Morocco","FORMAL_FR":null,"NAME_CIAWF":"Morocco","NOTE_ADM0":null,"NOTE_BRK":null,"NAME_SORT":"Morocco","NAME_ALT":null,"MAPCOLOR7":2,"MAPCOLOR8":2,"MAPCOLOR9":3,"MAPCOLOR13":9,"POP_EST":36471769,"POP_RANK":15,"POP_YEAR":2019,"GDP_MD":119700,"GDP_YEAR":2019,"ECONOMY":"6. Developing region","INCOME_GRP":"4. Lower middle income","FIPS_10":"MO","ISO_A2":"MA","ISO_A2_EH":"MA","ISO_A3":"MAR","ISO_A3_EH":"MAR","ISO_N3":"504","ISO_N3_EH":"504","UN_A3":"504","WB_A2":"MA","WB_A3":"MAR","WOE_ID":23424893,"WOE_ID_EH":23424893,"WOE_NOTE":"Exact WOE match as country","ADM0_ISO":"MAR","ADM0_DIFF":null,"ADM0_TLC":"MAR","ADM0_A3_US":"MAR","ADM0_A3_FR":"MAR","ADM0_A3_RU":"MAR","ADM0_A3_ES":"MAR","ADM0_A3_CN":"MAR","ADM0_A3_TW":"MAR","ADM0_A3_IN":"MAR","ADM0_A3_NP":"MAR","ADM0_A3_PK":"MAR","ADM0_A3_DE":"MAR","ADM0_A3_GB":"MAR","ADM0_A3_BR":"MAR","ADM0_A3_IL":"MAR","ADM0_A3_PS":"MAR","ADM0_A3_SA":"MAR","ADM0_A3_EG":"MAR","ADM0_A3_MA":"MAR","ADM0_A3_PT":"MAR","ADM0_A3_AR":"MAR","ADM0_A3_JP":"MAR","ADM0_A3_KO":"MAR","ADM0_A3_VN":"MAR","ADM0_A3_TR":"MAR","ADM0_A3_ID":"MAR","ADM0_A3_PL":"MAR","ADM0_A3_GR":"MAR","ADM0_A3_IT":"MAR","ADM0_A3_NL":"MAR","ADM0_A3_SE":"MAR","ADM0_A3_BD":"MAR","ADM0_A3_UA":"MAR","ADM0_A3_UN":-99,"ADM0_A3_WB":-99,"CONTINENT":"Africa","REGION_UN":"Africa","SUBREGION":"Northern Africa","REGION_WB":"Middle East & North Africa","NAME_LEN":7,"LONG_LEN":7,"ABBREV_LEN":4,"TINY":-99,"HOMEPART":1,"MIN_ZOOM":0,"MIN_LABEL":2.7,"MAX_LABEL":8,"LABEL_X":-7.187296,"LABEL_Y":31.650723,"NE_ID":1159321035,"WIKIDATAID":"Q1028","NAME_AR":"المغرب","NAME_BN":"মরক্কো","NAME_DE":"Marokko","NAME_EN":"Morocco","NAME_ES":"Marruecos","NAME_FA":"مراکش","NAME_FR":"Maroc","NAME_EL":"Μαρόκο","NAME_HE":"מרוקו","NAME_HI":"मोरक्को","NAME_HU":"Marokkó","NAME_ID":"Maroko","NAME_IT":"Marocco","NAME_JA":"モロッコ","NAME_KO":"모로코","NAME_NL":"Marokko","NAME_PL":"Maroko","NAME_PT":"Marrocos","NAME_RU":"Марокко","NAME_SV":"Marocko","NAME_TR":"Fas","NAME_UK":"Марокко","NAME_UR":"مراکش","NAME_VI":"Maroc","NAME_ZH":"摩洛哥","NAME_ZHT":"摩洛哥","FCLASS_ISO":"Admin-0 country","TLC_DIFF":null,"FCLASS_TLC":"Admin-0 country","FCLASS_US":null,"FCLASS_FR":null,"FCLASS_RU":null,"FCLASS_ES":null,"FCLASS_CN":null,"FCLASS_TW":null,"FCLASS_IN":null,"FCLASS_NP":null,"FCLASS_PK":null,"FCLASS_DE":null,"FCLASS_GB":null,"FCLASS_BR":null,"FCLASS_IL":null,"FCLASS_PS":null,"FCLASS_SA":null,"FCLASS_EG":null,"FCLASS_MA":null,"FCLASS_PT":null,"FCLASS_AR":null,"FCLASS_JP":null,"FCLASS_KO":null,"FCLASS_VN":null,"FCLASS_TR":null,"FCLASS_ID":null,"FCLASS_PL":null,"FCLASS_GR":null,"FCLASS_IT":null,"FCLASS_NL":null,"FCLASS_SE":null,"FCLASS_BD":null,"FCLASS_UA":null},"geometry":{"type":"Polygon","coordinates":[[[-2.219629,35.104199],[-2.190771,35.029785],[-2.131787,34.97085],[-1.920898,34.835547],[-1.795605,34.751904],[-1.792187,34.723193],[-1.832422,34.654639],[-1.849658,34.607324],[-1.816602,34.55708],[-1.739453,34.496094],[-1.733301,34.467041],[-1.751855,34.433252],[-1.791797,34.36792],[-1.706934,34.176074],[-1.692676,33.990283],[-1.714697,33.858203],[-1.714111,33.781836],[-1.702979,33.716846],[-1.63125,33.566748],[-1.679199,33.318652],[-1.625098,33.18335],[-1.550732,33.073584],[-1.51001,32.877637],[-1.45,32.784814],[-1.352148,32.703369],[-1.296387,32.675684],[-1.188232,32.608496],[-1.111035,32.552295],[-1.065527,32.468311],[-1.162598,32.39917],[-1.240332,32.337598],[-1.262109,32.271143],[-1.225928,32.164551],[-1.225928,32.107227],[-1.275342,32.089014],[-1.477051,32.094873],[-1.635156,32.099561],[-1.816992,32.104785],[-2.072803,32.115039],[-2.23125,32.121338],[-2.448389,32.12998],[-2.523242,32.125684],[-2.722607,32.095752],[-2.863428,32.074707],[-2.887207,32.068848],[-2.930859,32.042529],[-2.961133,31.963965],[-2.988232,31.874219],[-3.017383,31.834277],[-3.439795,31.704541],[-3.60459,31.686768],[-3.700244,31.700098],[-3.768164,31.689551],[-3.826758,31.661914],[-3.84668,31.619873],[-3.849561,31.566406],[-3.837109,31.512354],[-3.796436,31.437109],[-3.78916,31.361816],[-3.815137,31.308838],[-3.821387,31.255469],[-3.833398,31.197803],[-3.811816,31.166602],[-3.770996,31.161816],[-3.730176,31.1354],[-3.67251,31.111377],[-3.624512,31.065771],[-3.626904,31.000928],[-3.666797,30.964014],[-3.702002,30.944482],[-3.860059,30.927246],[-3.985352,30.913525],[-4.148779,30.80957],[-4.322852,30.698877],[-4.52915,30.625537],[-4.619629,30.604785],[-4.778516,30.552393],[-4.968262,30.465381],[-5.061914,30.326416],[-5.180127,30.166162],[-5.293652,30.058643],[-5.448779,29.956934],[-5.593311,29.917969],[-5.775,29.869043],[-6.004297,29.83125],[-6.166504,29.818945],[-6.214795,29.810693],[-6.357617,29.808301],[-6.427637,29.816113],[-6.479736,29.820361],[-6.500879,29.809131],[-6.50791,29.783789],[-6.510693,29.726025],[-6.520557,29.659863],[-6.565674,29.603857],[-6.597754,29.578955],[-6.635352,29.568799],[-6.755127,29.583838],[-6.855566,29.601611],[-7.094922,29.625195],[-7.142432,29.61958],[-7.160205,29.612646],[-7.234912,29.574902],[-7.349756,29.494727],[-7.427686,29.425],[-7.485742,29.392236],[-7.624609,29.375195],[-7.685156,29.349512],[-7.943848,29.174756],[-7.998926,29.132422],[-8.265186,28.980518],[-8.340479,28.930176],[-8.399316,28.880176],[-8.55835,28.767871],[-8.659912,28.718604],[-8.678418,28.689404],[-8.68335,28.620752],[-8.68335,28.469238],[-8.68335,28.323682],[-8.68335,28.112012],[-8.68335,27.900391],[-8.68335,27.656445],[-8.817822,27.656445],[-8.817773,27.655908],[-8.813916,27.613867],[-8.78457,27.530859],[-8.774365,27.460547],[-8.788965,27.416553],[-8.802686,27.360937],[-8.796826,27.308203],[-8.774365,27.250586],[-8.753857,27.191016],[-8.753857,27.150977],[-8.794873,27.120703],[-8.889062,27.104102],[-9.001904,27.09043],[-9.084424,27.09043],[-9.208447,27.100195],[-9.285596,27.098242],[-9.352979,27.098242],[-9.413037,27.088477],[-9.487305,27.050391],[-9.569824,26.99082],[-9.67334,26.910742],[-9.735352,26.860937],[-9.817871,26.850195],[-9.900342,26.850195],[-9.980908,26.890234],[-10.032715,26.910742],[-10.066846,26.908789],[-10.123047,26.880469],[-10.189453,26.860937],[-10.251465,26.860937],[-10.354932,26.900977],[-10.478955,26.960547],[-10.55127,26.99082],[-10.654248,27.000586],[-10.757764,27.020117],[-10.830078,27.010352],[-10.922803,27.010352],[-11.046826,26.970312],[-11.150342,26.941016],[-11.263623,26.910742],[-11.392578,26.883398],[-11.361279,26.793555],[-11.316846,26.744727],[-11.316846,26.68418],[-11.337891,26.633398],[-11.399902,26.583594],[-11.470703,26.520117],[-11.51167,26.470312],[-11.553174,26.400977],[-11.583984,26.360937],[-11.637207,26.295508],[-11.684521,26.213477],[-11.699219,26.162695],[-11.718213,26.104102],[-11.754883,26.086523],[-11.880859,26.070898],[-11.960889,26.050391],[-12.030762,26.030859],[-12.056787,25.996338],[-12.060986,25.99082],[-12.081055,25.920508],[-12.081055,25.870703],[-12.101025,25.830664],[-12.130859,25.731055],[-12.17085,25.640234],[-12.201123,25.520117],[-12.230957,25.420508],[-12.270947,25.260303],[-12.310986,25.110937],[-12.36084,24.970312],[-12.400879,24.880469],[-12.431152,24.830664],[-12.500977,24.770117],[-12.561035,24.731055],[-12.630811,24.680273],[-12.710938,24.630469],[-12.820752,24.570898],[-12.911133,24.520117],[-12.947852,24.497266],[-12.991162,24.470312],[-13.061035,24.400977],[-13.121094,24.300391],[-13.161133,24.220312],[-13.230957,24.09043],[-13.280762,24.020117],[-13.310986,23.981055],[-13.391113,23.941016],[-13.480957,23.910742],[-13.581055,23.870703],[-13.661084,23.830664],[-13.770947,23.790625],[-13.840771,23.750586],[-13.891113,23.691016],[-13.931104,23.620703],[-13.980908,23.520117],[-14.020996,23.410742],[-14.040967,23.34043],[-14.101074,23.100195],[-14.121094,22.960547],[-14.141064,22.870703],[-14.170898,22.760352],[-14.190869,22.59043],[-14.190869,22.450781],[-14.210938,22.370703],[-14.221191,22.310156],[-14.270996,22.24082],[-14.311035,22.191016],[-14.380811,22.120703],[-14.440918,22.080664],[-14.460889,22.040625],[-14.520996,21.990869],[-14.581006,21.910742],[-14.630859,21.860937],[-14.621094,21.820898],[-14.610791,21.750586],[-14.641113,21.680273],[-14.67085,21.600195],[-14.750977,21.500586],[-14.84082,21.450781],[-14.971143,21.441016],[-15.150879,21.441016],[-15.290967,21.450781],[-15.460938,21.450781],[-15.610791,21.470312],[-15.750928,21.49082],[-15.92085,21.500586],[-16.041016,21.500586],[-16.190869,21.481055],[-16.581006,21.481055],[-16.730957,21.470312],[-16.951123,21.430273],[-17.002979,21.420752],[-17.003076,21.420703],[-16.930859,21.9],[-16.793262,22.159717],[-16.683984,22.274365],[-16.514404,22.333496],[-16.35874,22.594531],[-16.304297,22.834814],[-16.201855,22.945361],[-16.169727,23.031934],[-16.210254,23.0979],[-16.113672,23.227539],[-15.996729,23.425488],[-15.942627,23.552637],[-15.805957,23.749512],[-15.789258,23.792871],[-15.80166,23.842236],[-15.855176,23.800342],[-15.912549,23.727588],[-15.980713,23.670312],[-15.952832,23.74082],[-15.899316,23.844434],[-15.777783,23.95293],[-15.586328,24.072754],[-15.188623,24.478809],[-15.038867,24.548828],[-14.904297,24.719775],[-14.856055,24.871582],[-14.84292,25.220117],[-14.794922,25.40415],[-14.707031,25.547705],[-14.602295,25.808545],[-14.522754,25.925244],[-14.470557,26.163037],[-14.413867,26.253711],[-14.312451,26.296729],[-14.168359,26.41543],[-13.9521,26.48877],[-13.695898,26.64292],[-13.575781,26.735107],[-13.495752,26.872656],[-13.409814,27.146631],[-13.256152,27.434619],[-13.177393,27.651855],[-13.175977,27.655713],[-13.040723,27.769824],[-12.948926,27.91416],[-12.793652,27.978418],[-12.468896,28.009424],[-11.986084,28.129297],[-11.552686,28.310107],[-11.430176,28.382031],[-11.299072,28.526074],[-11.080957,28.71377],[-10.673828,28.939209],[-10.486475,29.064941],[-10.200586,29.380371],[-10.010498,29.641406],[-9.852637,29.809229],[-9.743457,29.958203],[-9.66709,30.109277],[-9.623828,30.352637],[-9.65293,30.447559],[-9.773145,30.603125],[-9.853906,30.64458],[-9.875488,30.71792],[-9.832422,30.847266],[-9.83335,31.069629],[-9.808691,31.424609],[-9.674951,31.710986],[-9.347461,32.086377],[-9.286572,32.240576],[-9.249121,32.48584],[-9.24585,32.572461],[-8.83623,32.920459],[-8.596289,33.187158],[-8.512842,33.252441],[-8.301172,33.374365],[-7.562354,33.640283],[-7.144678,33.830322],[-6.900977,33.969043],[-6.755762,34.13291],[-6.353125,34.776074],[-5.957568,35.681152],[-5.924805,35.785791],[-5.747949,35.815967],[-5.622852,35.828906],[-5.522266,35.862012],[-5.397363,35.929883],[-5.277832,35.902734],[-5.337646,35.856543],[-5.337646,35.745215],[-5.252686,35.614746],[-5.105371,35.467773],[-4.837207,35.281299],[-4.62832,35.206396],[-4.32998,35.161475],[-3.982422,35.243408],[-3.787988,35.244922],[-3.693262,35.27998],[-3.590625,35.22832],[-3.394727,35.211816],[-3.206006,35.239111],[-3.063086,35.317236],[-2.972217,35.407275],[-2.957959,35.363086],[-2.953613,35.315137],[-2.925977,35.287109],[-2.869531,35.172656],[-2.839941,35.127832],[-2.731396,35.135205],[-2.636816,35.112695],[-2.42373,35.123486],[-2.219629,35.104199]]]}},{"type":"Feature","bbox":[-17.098779,20.806152,-8.682129,27.656445],"properties":{"featurecla":"Admin-0 country","scalerank":1,"LABELRANK":7,"SOVEREIGNT":"Western Sahara","SOV_A3":"SAH","ADM0_DIF":0,"LEVEL":2,"TYPE":"Indeterminate","TLC":"1","ADMIN":"Western Sahara","ADM0_A3":"SAH","GEOU_DIF":0,"GEOUNIT":"Western Sahara","GU_A3":"SAH","SU_DIF":0,"SUBUNIT":"Western Sahara","SU_A3":"SAH","BRK_DIFF":1,"NAME":"W. Sahara","NAME_LONG":"Western Sahara","BRK_A3":"B28","BRK_NAME":"W. Sahara","BRK_GROUP":null,"ABBREV":"W. Sah.","POSTAL":"WS","FORMAL_EN":"Sahrawi Arab Democratic Republic","FORMAL_FR":null,"NAME_CIAWF":"Western Sahara","NOTE_ADM0":null,"NOTE_BRK":"Self admin.; Claimed by Morocco","NAME_SORT":"Western Sahara","NAME_ALT":null,"MAPCOLOR7":4,"MAPCOLOR8":7,"MAPCOLOR9":4,"MAPCOLOR13":4,"POP_EST":603253,"POP_RANK":11,"POP_YEAR":2017,"GDP_MD":907,"GDP_YEAR":2007,"ECONOMY":"7. Least developed region","INCOME_GRP":"5. Low income","FIPS_10":"WI","ISO_A2":"EH","ISO_A2_EH":"EH","ISO_A3":"ESH","ISO_A3_EH":"ESH","ISO_N3":"732","ISO_N3_EH":"732","UN_A3":"732","WB_A2":"-99","WB_A3":"-99","WOE_ID":23424990,"WOE_ID_EH":23424990,"WOE_NOTE":"Exact WOE match as country","ADM0_ISO":"B28","ADM0_DIFF":null,"ADM0_TLC":"B28","ADM0_A3_US":"SAH","ADM0_A3_FR":"MAR","ADM0_A3_RU":"SAH","ADM0_A3_ES":"SAH","ADM0_A3_CN":"SAH","ADM0_A3_TW":"SAH","ADM0_A3_IN":"MAR","ADM0_A3_NP":"SAH","ADM0_A3_PK":"SAH","ADM0_A3_DE":"SAH","ADM0_A3_GB":"SAH","ADM0_A3_BR":"SAH","ADM0_A3_IL":"SAH","ADM0_A3_PS":"MAR","ADM0_A3_SA":"MAR","ADM0_A3_EG":"SAH","ADM0_A3_MA":"MAR","ADM0_A3_PT":"SAH","ADM0_A3_AR":"SAH","ADM0_A3_JP":"SAH","ADM0_A3_KO":"SAH","ADM0_A3_VN":"SAH","ADM0_A3_TR":"MAR","ADM0_A3_ID":"MAR","ADM0_A3_PL":"MAR","ADM0_A3_GR":"SAH","ADM0_A3_IT":"SAH","ADM0_A3_NL":"MAR","ADM0_A3_SE":"SAH","ADM0_A3_BD":"SAH","ADM0_A3_UA":"SAH","ADM0_A3_UN":-99,"ADM0_A3_WB":-99,"CONTINENT":"Africa","REGION_UN":"Africa","SUBREGION":"Northern Africa","REGION_WB":"Middle East & North Africa","NAME_LEN":9,"LONG_LEN":14,"ABBREV_LEN":7,"TINY":-99,"HOMEPART":1,"MIN_ZOOM":4.7,"MIN_LABEL":6,"MAX_LABEL":11,"LABEL_X":-12.630304,"LABEL_Y":23.967592,"NE_ID":1159321223,"WIKIDATAID":"Q6250","NAME_AR":"الصحراء الغربية","NAME_BN":"পশ্চিম সাহারা","NAME_DE":"Westsahara","NAME_EN":"Western Sahara","NAME_ES":"Sahara Occidental","NAME_FA":"صحرای غربی","NAME_FR":"Sahara occidental","NAME_EL":"Δυτική Σαχάρα","NAME_HE":"סהרה המערבית","NAME_HI":"पश्चिमी सहारा","NAME_HU":"Nyugat-Szahara","NAME_ID":"Sahara Barat","NAME_IT":"Sahara Occidentale","NAME_JA":"西サハラ","NAME_KO":"서사하라","NAME_NL":"Westelijke Sahara","NAME_PL":"Sahara Zachodnia","NAME_PT":"Sara Ocidental","NAME_RU":"Западная Сахара","NAME_SV":"Västsahara","NAME_TR":"Batı Sahra","NAME_UK":"Західна Сахара","NAME_UR":"مغربی صحارا","NAME_VI":"Tây Sahara","NAME_ZH":"西撒哈拉","NAME_ZHT":"西撒哈拉","FCLASS_ISO":"Admin-0 dependency","TLC_DIFF":null,"FCLASS_TLC":"Admin-0 dependency","FCLASS_US":null,"FCLASS_FR":"Unrecognized","FCLASS_RU":null,"FCLASS_ES":null,"FCLASS_CN":null,"FCLASS_TW":null,"FCLASS_IN":"Unrecognized","FCLASS_NP":null,"FCLASS_PK":null,"FCLASS_DE":null,"FCLASS_GB":null,"FCLASS_BR":null,"FCLASS_IL":null,"FCLASS_PS":"Unrecognized","FCLASS_SA":"Unrecognized","FCLASS_EG":null,"FCLASS_MA":"Unrecognized","FCLASS_PT":null,"FCLASS_AR":null,"FCLASS_JP":null,"FCLASS_KO":null,"FCLASS_VN":null,"FCLASS_TR":"Unrecognized","FCLASS_ID":"Unrecognized","FCLASS_PL":"Unrecognized","FCLASS_GR":null,"FCLASS_IT":null,"FCLASS_NL":"Unrecognized","FCLASS_SE":null,"FCLASS_BD":null,"FCLASS_UA":null},"geometry":{"type":"Polygon","coordinates":[[[-8.817773,27.655908],[-8.817822,27.656445],[-8.68335,27.656445],[-8.68335,27.490234],[-8.68335,27.285937],[-8.683105,27.119287],[-8.682861,26.921338],[-8.682617,26.723145],[-8.682324,26.497705],[-8.682129,26.273193],[-8.682129,26.109473],[-8.682227,25.995508],[-8.885645,25.995508],[-9.071924,25.995508],[-9.258203,25.995508],[-9.444531,25.995508],[-9.630859,25.995508],[-9.817187,25.995459],[-10.003516,25.995459],[-10.189795,25.995459],[-10.376123,25.995459],[-10.562451,25.995459],[-10.748779,25.995459],[-10.935107,25.995459],[-11.121387,25.995459],[-11.307715,25.99541],[-11.494043,25.99541],[-11.680371,25.99541],[-11.86665,25.99541],[-12.016309,25.99541],[-12.016309,25.876318],[-12.016309,25.740137],[-12.016309,25.604004],[-12.016309,25.467871],[-12.016309,25.331689],[-12.016309,25.195557],[-12.016309,25.059375],[-12.016309,24.923242],[-12.016309,24.787109],[-12.016309,24.650977],[-12.016309,24.514795],[-12.016309,24.378662],[-12.016309,24.24248],[-12.016309,24.106348],[-12.016309,23.970215],[-12.016309,23.834033],[-12.016309,23.6979],[-12.016309,23.576465],[-12.023438,23.467578],[-12.08335,23.435449],[-12.226172,23.37749],[-12.3729,23.318018],[-12.559375,23.29082],[-12.62041,23.271338],[-12.7396,23.192725],[-12.895996,23.089551],[-13.031494,23.000244],[-13.120898,22.884082],[-13.153271,22.820508],[-13.166504,22.753223],[-13.155957,22.689307],[-13.107324,22.560742],[-13.094336,22.495996],[-13.086768,22.383252],[-13.078467,22.260449],[-13.06958,22.128174],[-13.060645,21.995752],[-13.051221,21.854785],[-13.041748,21.713818],[-13.032227,21.57207],[-13.025098,21.466797],[-13.016211,21.333936],[-13.167432,21.333789],[-13.396729,21.333545],[-13.626025,21.333252],[-13.855371,21.332959],[-14.084668,21.332715],[-14.313965,21.332422],[-14.543262,21.332129],[-14.772607,21.331885],[-15.001904,21.331592],[-15.231201,21.331299],[-15.460547,21.331055],[-15.689795,21.330762],[-15.919141,21.330469],[-16.148438,21.330225],[-16.377734,21.329932],[-16.607031,21.329639],[-16.836328,21.329395],[-16.964551,21.329248],[-17.005908,21.142432],[-17.042383,21.008008],[-17.063965,20.898828],[-17.048047,20.806152],[-17.098779,20.856885],[-17.009619,21.3771],[-17.003076,21.420703],[-17.002979,21.420752],[-16.951123,21.430273],[-16.730957,21.470312],[-16.581006,21.481055],[-16.190869,21.481055],[-16.041016,21.500586],[-15.92085,21.500586],[-15.750928,21.49082],[-15.610791,21.470312],[-15.460938,21.450781],[-15.290967,21.450781],[-15.150879,21.441016],[-14.971143,21.441016],[-14.84082,21.450781],[-14.750977,21.500586],[-14.67085,21.600195],[-14.641113,21.680273],[-14.610791,21.750586],[-14.621094,21.820898],[-14.630859,21.860937],[-14.581006,21.910742],[-14.520996,21.990869],[-14.460889,22.040625],[-14.440918,22.080664],[-14.380811,22.120703],[-14.311035,22.191016],[-14.270996,22.24082],[-14.221191,22.310156],[-14.210938,22.370703],[-14.190869,22.450781],[-14.190869,22.59043],[-14.170898,22.760352],[-14.141064,22.870703],[-14.121094,22.960547],[-14.101074,23.100195],[-14.040967,23.34043],[-14.020996,23.410742],[-13.980908,23.520117],[-13.931104,23.620703],[-13.891113,23.691016],[-13.840771,23.750586],[-13.770947,23.790625],[-13.661084,23.830664],[-13.581055,23.870703],[-13.480957,23.910742],[-13.391113,23.941016],[-13.310986,23.981055],[-13.280762,24.020117],[-13.230957,24.09043],[-13.161133,24.220312],[-13.121094,24.300391],[-13.061035,24.400977],[-12.991162,24.470312],[-12.947852,24.497266],[-12.911133,24.520117],[-12.820752,24.570898],[-12.710938,24.630469],[-12.630811,24.680273],[-12.561035,24.731055],[-12.500977,24.770117],[-12.431152,24.830664],[-12.400879,24.880469],[-12.36084,24.970312],[-12.310986,25.110937],[-12.270947,25.260303],[-12.230957,25.420508],[-12.201123,25.520117],[-12.17085,25.640234],[-12.130859,25.731055],[-12.101025,25.830664],[-12.081055,25.870703],[-12.081055,25.920508],[-12.060986,25.99082],[-12.056787,25.996338],[-12.030762,26.030859],[-11.960889,26.050391],[-11.880859,26.070898],[-11.754883,26.086523],[-11.718213,26.104102],[-11.699219,26.162695],[-11.684521,26.213477],[-11.637207,26.295508],[-11.583984,26.360937],[-11.553174,26.400977],[-11.51167,26.470312],[-11.470703,26.520117],[-11.399902,26.583594],[-11.337891,26.633398],[-11.316846,26.68418],[-11.316846,26.744727],[-11.361279,26.793555],[-11.392578,26.883398],[-11.263623,26.910742],[-11.150342,26.941016],[-11.046826,26.970312],[-10.922803,27.010352],[-10.830078,27.010352],[-10.757764,27.020117],[-10.654248,27.000586],[-10.55127,26.99082],[-10.478955,26.960547],[-10.354932,26.900977],[-10.251465,26.860937],[-10.189453,26.860937],[-10.123047,26.880469],[-10.066846,26.908789],[-10.032715,26.910742],[-9.980908,26.890234],[-9.900342,26.850195],[-9.817871,26.850195],[-9.735352,26.860937],[-9.67334,26.910742],[-9.569824,26.99082],[-9.487305,27.050391],[-9.413037,27.088477],[-9.352979,27.098242],[-9.285596,27.098242],[-9.208447,27.100195],[-9.084424,27.09043],[-9.001904,27.09043],[-8.889062,27.104102],[-8.794873,27.120703],[-8.753857,27.150977],[-8.753857,27.191016],[-8.774365,27.250586],[-8.796826,27.308203],[-8.802686,27.360937],[-8.788965,27.416553],[-8.774365,27.460547],[-8.78457,27.530859],[-8.813916,27.613867],[-8.817773,27.655908]]]}},{"type":"Feature","bbox":[-118.401367,14.54541,-86.696289,32.715332],"properties":{"featurecla":"Admin-0 country","scalerank":1,"LABELRANK":2,"SOVEREIGNT":"Mexico","SOV_A3":"MEX","ADM0_DIF":0,"LEVEL":2,"TYPE":"Sovereign country","TLC":"1","ADMIN":"Mexico","ADM0_A3":"MEX","GEOU_DIF":0,"GEOUNIT":"Mexico","GU_A3":"MEX","SU_DIF":0,"SUBUNIT":"Mexico","SU_A3":"MEX","BRK_DIFF":0,"NAME":"Mexico","NAME_LONG":"Mexico","BRK_A3":"MEX","BRK_NAME":"Mexico","BRK_GROUP":null,"ABBREV":"Mex.","POSTAL":"MX","FORMAL_EN":"United Mexican States","FORMAL_FR":null,"NAME_CIAWF":"Mexico","NOTE_ADM0":null,"NOTE_BRK":null,"NAME_SORT":"Mexico","NAME_ALT":null,"MAPCOLOR7":6,"MAPCOLOR8":1,"MAPCOLOR9":7,"MAPCOLOR13":3,"POP_EST":127575529,"POP_RANK":17,"POP_YEAR":2019,"GDP_MD":1268870,"GDP_YEAR":2019,"ECONOMY":"4. Emerging region: MIKT","INCOME_GRP":"3. Upper middle income","FIPS_10":"MX","ISO_A2":"MX","ISO_A2_EH":"MX","ISO_A3":"MEX","ISO_A3_EH":"MEX","ISO_N3":"484","ISO_N3_EH":"484","UN_A3":"484","WB_A2":"MX","WB_A3":"MEX","WOE_ID":23424900,"WOE_ID_EH":23424900,"WOE_NOTE":"Exact WOE match as country","ADM0_ISO":"MEX","ADM0_DIFF":null,"ADM0_TLC":"MEX","ADM0_A3_US":"MEX","ADM0_A3_FR":"MEX","ADM0_A3_RU":"MEX","ADM0_A3_ES":"MEX","ADM0_A3_CN":"MEX","ADM0_A3_TW":"MEX","ADM0_A3_IN":"MEX","ADM0_A3_NP":"MEX","ADM0_A3_PK":"MEX","ADM0_A3_DE":"MEX","ADM0_A3_GB":"MEX","ADM0_A3_BR":"MEX","ADM0_A3_IL":"MEX","ADM0_A3_PS":"MEX","ADM0_A3_SA":"MEX","ADM0_A3_EG":"MEX","ADM0_A3_MA":"MEX","ADM0_A3_PT":"MEX","ADM0_A3_AR":"MEX","ADM0_A3_JP":"MEX","ADM0_A3_KO":"MEX","ADM0_A3_VN":"MEX","ADM0_A3_TR":"MEX","ADM0_A3_ID":"MEX","ADM0_A3_PL":"MEX","ADM0_A3_GR":"MEX","ADM0_A3_IT":"MEX","ADM0_A3_NL":"MEX","ADM0_A3_SE":"MEX","ADM0_A3_BD":"MEX","ADM0_A3_UA":"MEX","ADM0_A3_UN":-99,"ADM0_A3_WB":-99,"CONTINENT":"North America","REGION_UN":"Americas","SUBREGION":"Central America","REGION_WB":"Latin America & Caribbean","NAME_LEN":6,"LONG_LEN":6,"ABBREV_LEN":4,"TINY":-99,"HOMEPART":1,"MIN_ZOOM":0,"MIN_LABEL":2,"MAX_LABEL":6.7,"LABEL_X":-102.289448,"LABEL_Y":23.919988,"NE_ID":1159321055,"WIKIDATAID":"Q96","NAME_AR":"المكسيك","NAME_BN":"মেক্সিকো","NAME_DE":"Mexiko","NAME_EN":"Mexico","NAME_ES":"México","NAME_FA":"مکزیک","NAME_FR":"Mexique","NAME_EL":"Μεξικό","NAME_HE":"מקסיקו","NAME_HI":"मेक्सिको","NAME_HU":"Mexikó","NAME_ID":"Meksiko","NAME_IT":"Messico","NAME_JA":"メキシコ","NAME_KO":"멕시코","NAME_NL":"Mexico","NAME_PL":"Meksyk","NAME_PT":"México","NAME_RU":"Мексика","NAME_SV":"Mexiko","NAME_TR":"Meksika","NAME_UK":"Мексика","NAME_UR":"میکسیکو","NAME_VI":"México","NAME_ZH":"墨西哥","NAME_ZHT":"墨西哥","FCLASS_ISO":"Admin-0 country","TLC_DIFF":null,"FCLASS_TLC":"Admin-0 country","FCLASS_US":null,"FCLASS_FR":null,"FCLASS_RU":null,"FCLASS_ES":null,"FCLASS_CN":null,"FCLASS_TW":null,"FCLASS_IN":null,"FCLASS_NP":null,"FCLASS_PK":null,"FCLASS_DE":null,"FCLASS_GB":null,"FCLASS_BR":null,"FCLASS_IL":null,"FCLASS_PS":null,"FCLASS_SA":null,"FCLASS_EG":null,"FCLASS_MA":null,"FCLASS_PT":null,"FCLASS_AR":null,"FCLASS_JP":null,"FCLASS_KO":null,"FCLASS_VN":null,"FCLASS_TR":null,"FCLASS_ID":null,"FCLASS_PL":null,"FCLASS_GR":null,"FCLASS_IT":null,"FCLASS_NL":null,"FCLASS_SE":null,"FCLASS_BD":null,"FCLASS_UA":null},"geometry":{"type":"MultiPolygon","coordinates":[[],[],[],[],[],[],[],[],[],[],[],[],[],[],[],[]]}},{"type":"Feature","bbox":[57.317676,-20.513184,57.791992,-19.989941],"properties":{"featurecla":"Admin-0 country","scalerank":1,"LABELRANK":5,"SOVEREIGNT":"Mauritius","SOV_A3":"MUS","ADM0_DIF":0,"LEVEL":2,"TYPE":"Sovereign country","TLC":"1","ADMIN":"Mauritius","ADM0_A3":"MUS","GEOU_DIF":0,"GEOUNIT":"Mauritius","GU_A3":"MUS","SU_DIF":0,"SUBUNIT":"Mauritius","SU_A3":"MUS","BRK_DIFF":0,"NAME":"Mauritius","NAME_LONG":"Mauritius","BRK_A3":"MUS","BRK_NAME":"Mauritius","BRK_GROUP":null,"ABBREV":"Mus.","POSTAL":"MU","FORMAL_EN":"Republic of Mauritius","FORMAL_FR":null,"NAME_CIAWF":"Mauritius","NOTE_ADM0":null,"NOTE_BRK":null,"NAME_SORT":"Mauritius","NAME_ALT":null,"MAPCOLOR7":1,"MAPCOLOR8":3,"MAPCOLOR9":5,"MAPCOLOR13":7,"POP_EST":1265711,"POP_RANK":12,"POP_YEAR":2019,"GDP_MD":14048,"GDP_YEAR":2019,"ECONOMY":"6. Developing region","INCOME_GRP":"3. Upper middle income","FIPS_10":"MP","ISO_A2":"MU","ISO_A2_EH":"MU","ISO_A3":"MUS","ISO_A3_EH":"MUS","ISO_N3":"480","ISO_N3_EH":"480","UN_A3":"480","WB_A2":"MU","WB_A3":"MUS","WOE_ID":23424894,"WOE_ID_EH":23424894,"WOE_NOTE":"Exact WOE match as country","ADM0_ISO":"MUS","ADM0_DIFF":null,"ADM0_TLC":"MUS","ADM0_A3_US":"MUS","ADM0_A3_FR":"MUS","ADM0_A3_RU":"MUS","ADM0_A3_ES":"MUS","ADM0_A3_CN":"MUS","ADM0_A3_TW":"MUS","ADM0_A3_IN":"MUS","ADM0_A3_NP":"MUS","ADM0_A3_PK":"MUS","ADM0_A3_DE":"MUS","ADM0_A3_GB":"MUS","ADM0_A3_BR":"MUS","ADM0_A3_IL":"MUS","ADM0_A3_PS":"MUS","ADM0_A3_SA":"MUS","ADM0_A3_EG":"MUS","ADM0_A3_MA":"MUS","ADM0_A3_PT":"MUS","ADM0_A3_AR":"MUS","ADM0_A3_JP":"MUS","ADM0_A3_KO":"MUS","ADM0_A3_VN":"MUS","ADM0_A3_TR":"MUS","ADM0_A3_ID":"MUS","ADM0_A3_PL":"MUS","ADM0_A3_GR":"MUS","ADM0_A3_IT":"MUS","ADM0_A3_NL":"MUS","ADM0_A3_SE":"MUS","ADM0_A3_BD":"MUS","ADM0_A3_UA":"MUS","ADM0_A3_UN":-99,"ADM0_A3_WB":-99,"CONTINENT":"Seven seas (open ocean)","REGION_UN":"Africa","SUBREGION":"Eastern Africa","REGION_WB":"Sub-Saharan Africa","NAME_LEN":9,"LONG_LEN":9,"ABBREV_LEN":4,"TINY":2,"HOMEPART":1,"MIN_ZOOM":0,"MIN_LABEL":4,"MAX_LABEL":9,"LABEL_X":57.565848,"LABEL_Y":-20.299506,"NE_ID":1159321079,"WIKIDATAID":"Q1027","NAME_AR":"موريشيوس","NAME_BN":"মরিশাস","NAME_DE":"Mauritius","NAME_EN":"Mauritius","NAME_ES":"Mauricio","NAME_FA":"موریس","NAME_FR":"Maurice","NAME_EL":"Μαυρίκιος","NAME_HE":"מאוריציוס","NAME_HI":"मॉरिशस","NAME_HU":"Mauritius","NAME_ID":"Mauritius","NAME_IT":"Mauritius","NAME_JA":"モーリシャス","NAME_KO":"모리셔스","NAME_NL":"Mauritius","NAME_PL":"Mauritius","NAME_PT":"Maurícia","NAME_RU":"Маврикий","NAME_SV":"Mauritius","NAME_TR":"Mauritius","NAME_UK":"Маврикій","NAME_UR":"موریشس","NAME_VI":"Mauritius","NAME_ZH":"毛里求斯","NAME_ZHT":"模里西斯","FCLASS_ISO":"Admin-0 country","TLC_DIFF":null,"FCLASS_TLC":"Admin-0 country","FCLASS_US":null,"FCLASS_FR":null,"FCLASS_RU":null,"FCLASS_ES":null,"FCLASS_CN":null,"FCLASS_TW":null,"FCLASS_IN":null,"FCLASS_NP":null,"FCLASS_PK":null,"FCLASS_DE":null,"FCLASS_GB":null,"FCLASS_BR":null,"FCLASS_IL":null,"FCLASS_PS":null,"FCLASS_SA":null,"FCLASS_EG":null,"FCLASS_MA":null,"FCLASS_PT":null,"FCLASS_AR":null,"FCLASS_JP":null,"FCLASS_KO":null,"FCLASS_VN":null,"FCLASS_TR":null,"FCLASS_ID":null,"FCLASS_PL":null,"FCLASS_GR":null,"FCLASS_IT":null,"FCLASS_NL":null,"FCLASS_SE":null,"FCLASS_BD":null,"FCLASS_UA":null},"geometry":{"type":"Polygon","coordinates":[[[57.65127,-20.484863],[57.524805,-20.513184],[57.383301,-20.503711],[57.32832,-20.45],[57.317676,-20.427637],[57.365137,-20.406445],[57.362109,-20.337598],[57.385742,-20.228613],[57.416016,-20.183789],[57.486426,-20.143945],[57.515039,-20.055957],[57.575781,-19.997168],[57.656543,-19.989941],[57.737207,-20.098438],[57.791992,-20.212598],[57.780664,-20.326953],[57.725,-20.368848],[57.706641,-20.434863],[57.65127,-20.484863]]]}},{"type":"Feature","bbox":[-17.063965,14.745361,-4.822607,27.285937],"properties":{"featurecla":"Admin-0 country","scalerank":5,"LABELRANK":3,"SOVEREIGNT":"Mauritania","SOV_A3":"MRT","ADM0_DIF":0,"LEVEL":2,"TYPE":"Sovereign country","TLC":"1","ADMIN":"Mauritania","ADM0_A3":"MRT","GEOU_DIF":0,"GEOUNIT":"Mauritania","GU_A3":"MRT","SU_DIF":0,"SUBUNIT":"Mauritania","SU_A3":"MRT","BRK_DIFF":0,"NAME":"Mauritania","NAME_LONG":"Mauritania","BRK_A3":"MRT","BRK_NAME":"Mauritania","BRK_GROUP":null,"ABBREV":"Mrt.","POSTAL":"MR","FORMAL_EN":"Islamic Republic of Mauritania","FORMAL_FR":null,"NAME_CIAWF":"Mauritania","NOTE_ADM0":null,"NOTE_BRK":null,"NAME_SORT":"Mauritania","NAME_ALT":null,"MAPCOLOR7":3,"MAPCOLOR8":3,"MAPCOLOR9":2,"MAPCOLOR13":1,"POP_EST":4525696,"POP_RANK":12,"POP_YEAR":2019,"GDP_MD":7600,"GDP_YEAR":2019,"ECONOMY":"7. Least developed region","INCOME_GRP":"5. Low income","FIPS_10":"MR","ISO_A2":"MR","ISO_A2_EH":"MR","ISO_A3":"MRT","ISO_A3_EH":"MRT","ISO_N3":"478","ISO_N3_EH":"478","UN_A3":"478","WB_A2":"MR","WB_A3":"MRT","WOE_ID":23424896,"WOE_ID_EH":23424896,"WOE_NOTE":"Exact WOE match as country","ADM0_ISO":"MRT","ADM0_DIFF":null,"ADM0_TLC":"MRT","ADM0_A3_US":"MRT","ADM0_A3_FR":"MRT","ADM0_A3_RU":"MRT","ADM0_A3_ES":"MRT","ADM0_A3_CN":"MRT","ADM0_A3_TW":"MRT","ADM0_A3_IN":"MRT","ADM0_A3_NP":"MRT","ADM0_A3_PK":"MRT","ADM0_A3_DE":"MRT","ADM0_A3_GB":"MRT","ADM0_A3_BR":"MRT","ADM0_A3_IL":"MRT","ADM0_A3_PS":"MRT","ADM0_A3_SA":"MRT","ADM0_A3_EG":"MRT","ADM0_A3_MA":"MRT","ADM0_A3_PT":"MRT","ADM0_A3_AR":"MRT","ADM0_A3_JP":"MRT","ADM0_A3_KO":"MRT","ADM0_A3_VN":"MRT","ADM0_A3_TR":"MRT","ADM0_A3_ID":"MRT","ADM0_A3_PL":"MRT","ADM0_A3_GR":"MRT","ADM0_A3_IT":"MRT","ADM0_A3_NL":"MRT","ADM0_A3_SE":"MRT","ADM0_A3_BD":"MRT","ADM0_A3_UA":"MRT","ADM0_A3_UN":-99,"ADM0_A3_WB":-99,"CONTINENT":"Africa","REGION_UN":"Africa","SUBREGION":"Western Africa","REGION_WB":"Sub-Saharan Africa","NAME_LEN":10,"LONG_LEN":10,"ABBREV_LEN":4,"TINY":-99,"HOMEPART":1,"MIN_ZOOM":0,"MIN_LABEL":3,"MAX_LABEL":8,"LABEL_X":-9.740299,"LABEL_Y":19.587062,"NE_ID":1159321075,"WIKIDATAID":"Q1025","NAME_AR":"موريتانيا","NAME_BN":"মৌরিতানিয়া","NAME_DE":"Mauretanien","NAME_EN":"Mauritania","NAME_ES":"Mauritania","NAME_FA":"موریتانی","NAME_FR":"Mauritanie","NAME_EL":"Μαυριτανία","NAME_HE":"מאוריטניה","NAME_HI":"मॉरीतानिया","NAME_HU":"Mauritánia","NAME_ID":"Mauritania","NAME_IT":"Mauritania","NAME_JA":"モーリタニア","NAME_KO":"모리타니","NAME_NL":"Mauritanië","NAME_PL":"Mauretania","NAME_PT":"Mauritânia","NAME_RU":"Мавритания","NAME_SV":"Mauretanien","NAME_TR":"Moritanya","NAME_UK":"Мавританія","NAME_UR":"موریتانیہ","NAME_VI":"Mauritanie","NAME_ZH":"毛里塔尼亚","NAME_ZHT":"茅利塔尼亞","FCLASS_ISO":"Admin-0 country","TLC_DIFF":null,"FCLASS_TLC":"Admin-0 country","FCLASS_US":null,"FCLASS_FR":null,"FCLASS_RU":null,"FCLASS_ES":null,"FCLASS_CN":null,"FCLASS_TW":null,"FCLASS_IN":null,"FCLASS_NP":null,"FCLASS_PK":null,"FCLASS_DE":null,"FCLASS_GB":null,"FCLASS_BR":null,"FCLASS_IL":null,"FCLASS_PS":null,"FCLASS_SA":null,"FCLASS_EG":null,"FCLASS_MA":null,"FCLASS_PT":null,"FCLASS_AR":null,"FCLASS_JP":null,"FCLASS_KO":null,"FCLASS_VN":null,"FCLASS_TR":null,"FCLASS_ID":null,"FCLASS_PL":null,"FCLASS_GR":null,"FCLASS_IT":null,"FCLASS_NL":null,"FCLASS_SE":null,"FCLASS_BD":null,"FCLASS_UA":null},"geometry":{"type":"MultiPolygon","coordinates":[[[[-16.37334,19.706445],[-16.437549,19.609277],[-16.465967,19.646387],[-16.477002,19.710352],[-16.420166,19.801953],[-16.393262,19.849268],[-16.343652,19.866211],[-16.37334,19.706445]]],[[[-12.280615,14.809033],[-12.302539,14.816992],[-12.408691,14.889014],[-12.459863,14.974658],[-12.543555,15.039014],[-12.659619,15.08208],[-12.735254,15.13125],[-12.770312,15.18667],[-12.813184,15.223535],[-12.858496,15.242529],[-12.862646,15.262402],[-12.851904,15.289648],[-12.862695,15.34043],[-12.930859,15.453027],[-12.994336,15.504883],[-13.048535,15.496631],[-13.079297,15.510449],[-13.0979,15.535254],[-13.105273,15.571777],[-13.142383,15.60332],[-13.206445,15.616895],[-13.258008,15.700391],[-13.297021,15.853857],[-13.347559,15.973486],[-13.409668,16.05918],[-13.454102,16.091113],[-13.486963,16.097021],[-13.498145,16.110303],[-13.506982,16.135205],[-13.555518,16.144043],[-13.623535,16.118311],[-13.684668,16.126904],[-13.714941,16.168799],[-13.756641,16.17251],[-13.809814,16.138037],[-13.868457,16.148145],[-13.932617,16.202881],[-13.968164,16.257227],[-13.975049,16.311133],[-14.085645,16.418848],[-14.300098,16.580273],[-14.53374,16.655957],[-14.786719,16.645898],[-14.928613,16.653516],[-14.959521,16.678906],[-14.990625,16.676904],[-15.021924,16.647461],[-15.055225,16.640967],[-15.090576,16.657373],[-15.112646,16.644922],[-15.121436,16.603613],[-15.210547,16.582617],[-15.37998,16.581982],[-15.516699,16.556592],[-15.620801,16.506592],[-15.768213,16.485107],[-15.958984,16.492139],[-16.074023,16.510449],[-16.113281,16.540137],[-16.168359,16.54707],[-16.239014,16.531299],[-16.302295,16.451318],[-16.358105,16.307178],[-16.404346,16.224902],[-16.441016,16.204541],[-16.480078,16.097217],[-16.502051,15.917334],[-16.535254,15.838379],[-16.535742,16.286816],[-16.481299,16.454248],[-16.463623,16.601514],[-16.34668,16.926416],[-16.207471,17.192578],[-16.078906,17.54585],[-16.030322,17.887939],[-16.046729,18.223145],[-16.084961,18.521191],[-16.150098,18.718164],[-16.213086,19.00332],[-16.305908,19.153809],[-16.476172,19.285059],[-16.514453,19.361963],[-16.474805,19.390625],[-16.371289,19.410254],[-16.305273,19.512646],[-16.444873,19.473145],[-16.283398,19.787158],[-16.233203,20.000977],[-16.241162,20.14126],[-16.210449,20.22793],[-16.33374,20.415869],[-16.429785,20.652344],[-16.479199,20.689795],[-16.53042,20.709521],[-16.534912,20.654004],[-16.562695,20.60415],[-16.62251,20.63418],[-16.728369,20.806152],[-16.876074,21.086133],[-16.92793,21.114795],[-16.971143,21.076465],[-16.998242,21.039697],[-17.048047,20.806152],[-17.063965,20.898828],[-17.042383,21.008008],[-17.005908,21.142432],[-16.964551,21.329248],[-16.836328,21.329395],[-16.607031,21.329639],[-16.377734,21.329932],[-16.148438,21.330225],[-15.919141,21.330469],[-15.689795,21.330762],[-15.460547,21.331055],[-15.231201,21.331299],[-15.001904,21.331592],[-14.772607,21.331885],[-14.543262,21.332129],[-14.313965,21.332422],[-14.084668,21.332715],[-13.855371,21.332959],[-13.626025,21.333252],[-13.396729,21.333545],[-13.167432,21.333789],[-13.016211,21.333936],[-13.025098,21.466797],[-13.032227,21.57207],[-13.041748,21.713818],[-13.051221,21.854785],[-13.060645,21.995752],[-13.06958,22.128174],[-13.078467,22.260449],[-13.086768,22.383252],[-13.094336,22.495996],[-13.107324,22.560742],[-13.155957,22.689307],[-13.166504,22.753223],[-13.153271,22.820508],[-13.120898,22.884082],[-13.031494,23.000244],[-12.895996,23.089551],[-12.7396,23.192725],[-12.62041,23.271338],[-12.559375,23.29082],[-12.3729,23.318018],[-12.226172,23.37749],[-12.08335,23.435449],[-12.023438,23.467578],[-12.016309,23.576465],[-12.016309,23.6979],[-12.016309,23.834033],[-12.016309,23.970215],[-12.016309,24.106348],[-12.016309,24.24248],[-12.016309,24.378662],[-12.016309,24.514795],[-12.016309,24.650977],[-12.016309,24.787109],[-12.016309,24.923242],[-12.016309,25.059375],[-12.016309,25.195557],[-12.016309,25.331689],[-12.016309,25.467871],[-12.016309,25.604004],[-12.016309,25.740137],[-12.016309,25.876318],[-12.016309,25.99541],[-11.86665,25.99541],[-11.680371,25.99541],[-11.494043,25.99541],[-11.307715,25.99541],[-11.121387,25.995459],[-10.935107,25.995459],[-10.748779,25.995459],[-10.562451,25.995459],[-10.376123,25.995459],[-10.189795,25.995459],[-10.003516,25.995459],[-9.817187,25.995459],[-9.630859,25.995508],[-9.444531,25.995508],[-9.258203,25.995508],[-9.071924,25.995508],[-8.885645,25.995508],[-8.682227,25.995508],[-8.682129,26.109473],[-8.682129,26.273193],[-8.682324,26.497705],[-8.682617,26.723145],[-8.682861,26.921338],[-8.683105,27.119287],[-8.68335,27.285937],[-8.495312,27.175342],[-8.307275,27.064746],[-8.119238,26.95415],[-7.931152,26.843555],[-7.743115,26.732959],[-7.555078,26.622363],[-7.366992,26.511768],[-7.178906,26.401172],[-6.990869,26.290576],[-6.802832,26.17998],[-6.614746,26.069434],[-6.426709,25.958789],[-6.238672,25.848193],[-6.050586,25.737598],[-5.862549,25.627002],[-5.674512,25.516406],[-5.516943,25.423779],[-5.275,25.274512],[-5.049512,25.135449],[-4.822607,24.995605],[-5.1729,24.99541],[-5.640771,24.995166],[-5.959814,24.994971],[-6.287207,24.994824],[-6.594092,24.994629],[-6.567383,24.766797],[-6.538965,24.518164],[-6.510449,24.269482],[-6.482031,24.020801],[-6.453516,23.772168],[-6.425049,23.523486],[-6.396582,23.274805],[-6.368115,23.026123],[-6.339648,22.77749],[-6.311133,22.528857],[-6.282715,22.280176],[-6.254199,22.031543],[-6.225732,21.782861],[-6.197266,21.53418],[-6.168799,21.285547],[-6.140332,21.036865],[-6.111816,20.788184],[-6.083398,20.539502],[-6.054883,20.290869],[-6.026416,20.042187],[-5.997949,19.793506],[-5.969482,19.544873],[-5.941016,19.296191],[-5.9125,19.04751],[-5.884082,18.798877],[-5.855566,18.550244],[-5.8271,18.301563],[-5.798633,18.05293],[-5.770166,17.804248],[-5.741699,17.555566],[-5.713184,17.306885],[-5.684766,17.058252],[-5.65625,16.80957],[-5.628662,16.568652],[-5.509619,16.442041],[-5.359912,16.282861],[-5.403564,16.05791],[-5.455615,15.789404],[-5.5125,15.496289],[-5.723877,15.496289],[-5.927832,15.496289],[-6.131787,15.49624],[-6.335742,15.496191],[-6.539648,15.496191],[-6.743604,15.496191],[-6.947559,15.496191],[-7.151514,15.496191],[-7.355469,15.496191],[-7.559375,15.496143],[-7.763379,15.496143],[-7.967285,15.496143],[-8.17124,15.496143],[-8.375195,15.496143],[-8.57915,15.496143],[-8.783105,15.496094],[-8.987061,15.496094],[-9.176807,15.496094],[-9.293701,15.502832],[-9.335449,15.525684],[-9.350586,15.677393],[-9.385352,15.667627],[-9.426562,15.623047],[-9.447705,15.574854],[-9.440332,15.51167],[-9.446924,15.458203],[-9.577832,15.437256],[-9.755078,15.401465],[-9.941406,15.373779],[-10.129541,15.383691],[-10.19375,15.396045],[-10.262109,15.416016],[-10.411816,15.437939],[-10.493164,15.439795],[-10.586572,15.434863],[-10.696582,15.422656],[-10.731982,15.394922],[-10.815088,15.281738],[-10.895605,15.150488],[-10.948242,15.151123],[-11.007422,15.2229],[-11.169336,15.358643],[-11.365625,15.536768],[-11.455225,15.625391],[-11.502686,15.636816],[-11.596729,15.573242],[-11.675879,15.512061],[-11.760156,15.425537],[-11.798437,15.342725],[-11.82876,15.244873],[-11.842236,15.129395],[-11.872852,14.995166],[-11.940918,14.886914],[-12.021582,14.804932],[-12.081543,14.766357],[-12.104687,14.745361],[-12.280615,14.809033]]]]}},{"type":"Feature","bbox":[14.180371,35.820215,14.566211,36.075781],"properties":{"featurecla":"Admin-0 country","scalerank":3,"LABELRANK":5,"SOVEREIGNT":"Malta","SOV_A3":"MLT","ADM0_DIF":0,"LEVEL":2,"TYPE":"Sovereign country","TLC":"1","ADMIN":"Malta","ADM0_A3":"MLT","GEOU_DIF":0,"GEOUNIT":"Malta","GU_A3":"MLT","SU_DIF":0,"SUBUNIT":"Malta","SU_A3":"MLT","BRK_DIFF":0,"NAME":"Malta","NAME_LONG":"Malta","BRK_A3":"MLT","BRK_NAME":"Malta","BRK_GROUP":null,"ABBREV":"Malta","POSTAL":"M","FORMAL_EN":"Republic of Malta","FORMAL_FR":null,"NAME_CIAWF":"Malta","NOTE_ADM0":null,"NOTE_BRK":null,"NAME_SORT":"Malta","NAME_ALT":null,"MAPCOLOR7":1,"MAPCOLOR8":4,"MAPCOLOR9":1,"MAPCOLOR13":8,"POP_EST":502653,"POP_RANK":11,"POP_YEAR":2019,"GDP_MD":14989,"GDP_YEAR":2019,"ECONOMY":"2. Developed region: nonG7","INCOME_GRP":"2. High income: nonOECD","FIPS_10":"MT","ISO_A2":"MT","ISO_A2_EH":"MT","ISO_A3":"MLT","ISO_A3_EH":"MLT","ISO_N3":"470","ISO_N3_EH":"470","UN_A3":"470","WB_A2":"MT","WB_A3":"MLT","WOE_ID":23424897,"WOE_ID_EH":23424897,"WOE_NOTE":"Exact WOE match as country","ADM0_ISO":"MLT","ADM0_DIFF":null,"ADM0_TLC":"MLT","ADM0_A3_US":"MLT","ADM0_A3_FR":"MLT","ADM0_A3_RU":"MLT","ADM0_A3_ES":"MLT","ADM0_A3_CN":"MLT","ADM0_A3_TW":"MLT","ADM0_A3_IN":"MLT","ADM0_A3_NP":"MLT","ADM0_A3_PK":"MLT","ADM0_A3_DE":"MLT","ADM0_A3_GB":"MLT","ADM0_A3_BR":"MLT","ADM0_A3_IL":"MLT","ADM0_A3_PS":"MLT","ADM0_A3_SA":"MLT","ADM0_A3_EG":"MLT","ADM0_A3_MA":"MLT","ADM0_A3_PT":"MLT","ADM0_A3_AR":"MLT","ADM0_A3_JP":"MLT","ADM0_A3_KO":"MLT","ADM0_A3_VN":"MLT","ADM0_A3_TR":"MLT","ADM0_A3_ID":"MLT","ADM0_A3_PL":"MLT","ADM0_A3_GR":"MLT","ADM0_A3_IT":"MLT","ADM0_A3_NL":"MLT","ADM0_A3_SE":"MLT","ADM0_A3_BD":"MLT","ADM0_A3_UA":"MLT","ADM0_A3_UN":-99,"ADM0_A3_WB":-99,"CONTINENT":"Europe","REGION_UN":"Europe","SUBREGION":"Southern Europe","REGION_WB":"Middle East & North Africa","NAME_LEN":5,"LONG_LEN":5,"ABBREV_LEN":5,"TINY":3,"HOMEPART":1,"MIN_ZOOM":0,"MIN_LABEL":4,"MAX_LABEL":9,"LABEL_X":14.433005,"LABEL_Y":35.892886,"NE_ID":1159321065,"WIKIDATAID":"Q233","NAME_AR":"مالطا","NAME_BN":"মাল্টা","NAME_DE":"Malta","NAME_EN":"Malta","NAME_ES":"Malta","NAME_FA":"مالت","NAME_FR":"Malte","NAME_EL":"Μάλτα","NAME_HE":"מלטה","NAME_HI":"माल्टा","NAME_HU":"Málta","NAME_ID":"Malta","NAME_IT":"Malta","NAME_JA":"マルタ","NAME_KO":"몰타","NAME_NL":"Malta","NAME_PL":"Malta","NAME_PT":"Malta","NAME_RU":"Мальта","NAME_SV":"Malta","NAME_TR":"Malta","NAME_UK":"Мальта","NAME_UR":"مالٹا","NAME_VI":"Malta","NAME_ZH":"马耳他","NAME_ZHT":"馬耳他","FCLASS_ISO":"Admin-0 country","TLC_DIFF":null,"FCLASS_TLC":"Admin-0 country","FCLASS_US":null,"FCLASS_FR":null,"FCLASS_RU":null,"FCLASS_ES":null,"FCLASS_CN":null,"FCLASS_TW":null,"FCLASS_IN":null,"FCLASS_NP":null,"FCLASS_PK":null,"FCLASS_DE":null,"FCLASS_GB":null,"FCLASS_BR":null,"FCLASS_IL":null,"FCLASS_PS":null,"FCLASS_SA":null,"FCLASS_EG":null,"FCLASS_MA":null,"FCLASS_PT":null,"FCLASS_AR":null,"FCLASS_JP":null,"FCLASS_KO":null,"FCLASS_VN":null,"FCLASS_TR":null,"FCLASS_ID":null,"FCLASS_PL":null,"FCLASS_GR":null,"FCLASS_IT":null,"FCLASS_NL":null,"FCLASS_SE":null,"FCLASS_BD":null,"FCLASS_UA":null},"geometry":{"type":"MultiPolygon","coordinates":[[[[14.566211,35.852734],[14.532715,35.820215],[14.436426,35.82168],[14.352344,35.872266],[14.35127,35.978418],[14.44834,35.957422],[14.537012,35.886279],[14.566211,35.852734]]],[[[14.313477,36.027588],[14.253613,36.012158],[14.194238,36.042236],[14.180371,36.0604],[14.263281,36.075781],[14.303711,36.062305],[14.320898,36.03623],[14.313477,36.027588]]]]}},{"type":"Feature","bbox":[-12.280615,10.143262,4.234668,24.995605],"properties":{"featurecla":"Admin-0 country","scalerank":1,"LABELRANK":3,"SOVEREIGNT":"Mali","SOV_A3":"MLI","ADM0_DIF":0,"LEVEL":2,"TYPE":"Sovereign country","TLC":"1","ADMIN":"Mali","ADM0_A3":"MLI","GEOU_DIF":0,"GEOUNIT":"Mali","GU_A3":"MLI","SU_DIF":0,"SUBUNIT":"Mali","SU_A3":"MLI","BRK_DIFF":0,"NAME":"Mali","NAME_LONG":"Mali","BRK_A3":"MLI","BRK_NAME":"Mali","BRK_GROUP":null,"ABBREV":"Mali","POSTAL":"ML","FORMAL_EN":"Republic of Mali","FORMAL_FR":null,"NAME_CIAWF":"Mali","NOTE_ADM0":null,"NOTE_BRK":null,"NAME_SORT":"Mali","NAME_ALT":null,"MAPCOLOR7":1,"MAPCOLOR8":4,"MAPCOLOR9":1,"MAPCOLOR13":7,"POP_EST":19658031,"POP_RANK":14,"POP_YEAR":2019,"GDP_MD":17279,"GDP_YEAR":2019,"ECONOMY":"7. Least developed region","INCOME_GRP":"5. Low income","FIPS_10":"ML","ISO_A2":"ML","ISO_A2_EH":"ML","ISO_A3":"MLI","ISO_A3_EH":"MLI","ISO_N3":"466","ISO_N3_EH":"466","UN_A3":"466","WB_A2":"ML","WB_A3":"MLI","WOE_ID":23424891,"WOE_ID_EH":23424891,"WOE_NOTE":"Exact WOE match as country","ADM0_ISO":"MLI","ADM0_DIFF":null,"ADM0_TLC":"MLI","ADM0_A3_US":"MLI","ADM0_A3_FR":"MLI","ADM0_A3_RU":"MLI","ADM0_A3_ES":"MLI","ADM0_A3_CN":"MLI","ADM0_A3_TW":"MLI","ADM0_A3_IN":"MLI","ADM0_A3_NP":"MLI","ADM0_A3_PK":"MLI","ADM0_A3_DE":"MLI","ADM0_A3_GB":"MLI","ADM0_A3_BR":"MLI","ADM0_A3_IL":"MLI","ADM0_A3_PS":"MLI","ADM0_A3_SA":"MLI","ADM0_A3_EG":"MLI","ADM0_A3_MA":"MLI","ADM0_A3_PT":"MLI","ADM0_A3_AR":"MLI","ADM0_A3_JP":"MLI","ADM0_A3_KO":"MLI","ADM0_A3_VN":"MLI","ADM0_A3_TR":"MLI","ADM0_A3_ID":"MLI","ADM0_A3_PL":"MLI","ADM0_A3_GR":"MLI","ADM0_A3_IT":"MLI","ADM0_A3_NL":"MLI","ADM0_A3_SE":"MLI","ADM0_A3_BD":"MLI","ADM0_A3_UA":"MLI","ADM0_A3_UN":-99,"ADM0_A3_WB":-99,"CONTINENT":"Africa","REGION_UN":"Africa","SUBREGION":"Western Africa","REGION_WB":"Sub-Saharan Africa","NAME_LEN":4,"LONG_LEN":4,"ABBREV_LEN":4,"TINY":-99,"HOMEPART":1,"MIN_ZOOM":0,"MIN_LABEL":3,"MAX_LABEL":7,"LABEL_X":-2.038455,"LABEL_Y":18.692713,"NE_ID":1159321063,"WIKIDATAID":"Q912","NAME_AR":"مالي","NAME_BN":"মালি","NAME_DE":"Mali","NAME_EN":"Mali","NAME_ES":"Malí","NAME_FA":"مالی","NAME_FR":"Mali","NAME_EL":"Μάλι","NAME_HE":"מאלי","NAME_HI":"माली","NAME_HU":"Mali","NAME_ID":"Mali","NAME_IT":"Mali","NAME_JA":"マリ共和国","NAME_KO":"말리","NAME_NL":"Mali","NAME_PL":"Mali","NAME_PT":"Mali","NAME_RU":"Мали","NAME_SV":"Mali","NAME_TR":"Mali","NAME_UK":"Малі","NAME_UR":"مالی","NAME_VI":"Mali","NAME_ZH":"马里","NAME_ZHT":"馬利共和國","FCLASS_ISO":"Admin-0 country","TLC_DIFF":null,"FCLASS_TLC":"Admin-0 country","FCLASS_US":null,"FCLASS_FR":null,"FCLASS_RU":null,"FCLASS_ES":null,"FCLASS_CN":null,"FCLASS_TW":null,"FCLASS_IN":null,"FCLASS_NP":null,"FCLASS_PK":null,"FCLASS_DE":null,"FCLASS_GB":null,"FCLASS_BR":null,"FCLASS_IL":null,"FCLASS_PS":null,"FCLASS_SA":null,"FCLASS_EG":null,"FCLASS_MA":null,"FCLASS_PT":null,"FCLASS_AR":null,"FCLASS_JP":null,"FCLASS_KO":null,"FCLASS_VN":null,"FCLASS_TR":null,"FCLASS_ID":null,"FCLASS_PL":null,"FCLASS_GR":null,"FCLASS_IT":null,"FCLASS_NL":null,"FCLASS_SE":null,"FCLASS_BD":null,"FCLASS_UA":null},"geometry":{"type":"Polygon","coordinates":[[[-11.389404,12.404395],[-11.382422,12.479248],[-11.448779,12.531934],[-11.450586,12.557715],[-11.444092,12.627588],[-11.414355,12.775488],[-11.417432,12.831885],[-11.390381,12.941992],[-11.433936,12.991602],[-11.444141,13.028223],[-11.492822,13.086963],[-11.548779,13.170264],[-11.56167,13.236963],[-11.581348,13.290039],[-11.634961,13.369873],[-11.674463,13.382373],[-11.758252,13.394531],[-11.772217,13.36709],[-11.803369,13.327295],[-11.831689,13.31582],[-11.877783,13.364551],[-11.895215,13.406299],[-11.89458,13.444434],[-11.95708,13.510889],[-12.054199,13.633057],[-12.044141,13.733887],[-11.98418,13.788086],[-11.966357,13.828955],[-11.960889,13.875293],[-11.988086,13.930762],[-12.020117,13.974658],[-12.011182,14.071826],[-12.019189,14.206494],[-12.068359,14.274219],[-12.112891,14.323291],[-12.175244,14.37666],[-12.228418,14.458594],[-12.206836,14.571143],[-12.186523,14.648145],[-12.280615,14.809033],[-12.104687,14.745361],[-12.081543,14.766357],[-12.021582,14.804932],[-11.940918,14.886914],[-11.872852,14.995166],[-11.842236,15.129395],[-11.82876,15.244873],[-11.798437,15.342725],[-11.760156,15.425537],[-11.675879,15.512061],[-11.596729,15.573242],[-11.502686,15.636816],[-11.455225,15.625391],[-11.365625,15.536768],[-11.169336,15.358643],[-11.007422,15.2229],[-10.948242,15.151123],[-10.895605,15.150488],[-10.815088,15.281738],[-10.731982,15.394922],[-10.696582,15.422656],[-10.586572,15.434863],[-10.493164,15.439795],[-10.411816,15.437939],[-10.262109,15.416016],[-10.19375,15.396045],[-10.129541,15.383691],[-9.941406,15.373779],[-9.755078,15.401465],[-9.577832,15.437256],[-9.446924,15.458203],[-9.440332,15.51167],[-9.447705,15.574854],[-9.426562,15.623047],[-9.385352,15.667627],[-9.350586,15.677393],[-9.335449,15.525684],[-9.293701,15.502832],[-9.176807,15.496094],[-8.987061,15.496094],[-8.783105,15.496094],[-8.57915,15.496143],[-8.375195,15.496143],[-8.17124,15.496143],[-7.967285,15.496143],[-7.763379,15.496143],[-7.559375,15.496143],[-7.355469,15.496191],[-7.151514,15.496191],[-6.947559,15.496191],[-6.743604,15.496191],[-6.539648,15.496191],[-6.335742,15.496191],[-6.131787,15.49624],[-5.927832,15.496289],[-5.723877,15.496289],[-5.5125,15.496289],[-5.455615,15.789404],[-5.403564,16.05791],[-5.359912,16.282861],[-5.509619,16.442041],[-5.628662,16.568652],[-5.65625,16.80957],[-5.684766,17.058252],[-5.713184,17.306885],[-5.741699,17.555566],[-5.770166,17.804248],[-5.798633,18.05293],[-5.8271,18.301563],[-5.855566,18.550244],[-5.884082,18.798877],[-5.9125,19.04751],[-5.941016,19.296191],[-5.969482,19.544873],[-5.997949,19.793506],[-6.026416,20.042187],[-6.054883,20.290869],[-6.083398,20.539502],[-6.111816,20.788184],[-6.140332,21.036865],[-6.168799,21.285547],[-6.197266,21.53418],[-6.225732,21.782861],[-6.254199,22.031543],[-6.282715,22.280176],[-6.311133,22.528857],[-6.339648,22.77749],[-6.368115,23.026123],[-6.396582,23.274805],[-6.425049,23.523486],[-6.453516,23.772168],[-6.482031,24.020801],[-6.510449,24.269482],[-6.538965,24.518164],[-6.567383,24.766797],[-6.594092,24.994629],[-6.287207,24.994824],[-5.959814,24.994971],[-5.640771,24.995166],[-5.1729,24.99541],[-4.822607,24.995605],[-4.516992,24.804492],[-4.240332,24.623535],[-3.912793,24.409473],[-3.585352,24.195361],[-3.257861,23.98125],[-2.930371,23.767139],[-2.60293,23.553027],[-2.275391,23.338867],[-1.9479,23.124805],[-1.62041,22.910645],[-1.292969,22.696533],[-0.965479,22.482471],[-0.637988,22.268311],[-0.310547,22.054199],[0.016992,21.840137],[0.344434,21.625977],[0.671875,21.411865],[0.999414,21.197754],[1.145508,21.102246],[1.15918,21.0625],[1.172754,20.981982],[1.164062,20.891309],[1.165723,20.817432],[1.208887,20.767285],[1.290234,20.713574],[1.610645,20.555566],[1.636035,20.524365],[1.647363,20.458838],[1.685449,20.378369],[1.753223,20.331592],[1.832422,20.296875],[1.928809,20.272705],[2.219336,20.247803],[2.280859,20.210303],[2.406152,20.063867],[2.474219,20.03501],[2.667773,19.99292],[2.80791,19.969434],[2.865723,19.955957],[2.99248,19.916602],[3.130273,19.850195],[3.203711,19.789697],[3.203418,19.770752],[3.202734,19.718311],[3.20166,19.5604],[3.227051,19.473584],[3.255859,19.410938],[3.254395,19.372607],[3.219629,19.34541],[3.192383,19.312061],[3.177246,19.268164],[3.137891,19.212158],[3.106055,19.150098],[3.119727,19.103174],[3.174219,19.0729],[3.255957,19.013281],[3.323438,18.988379],[3.356445,18.986621],[3.400879,18.988428],[3.43877,18.996143],[3.683496,19.041602],[3.910156,19.08374],[4.227637,19.142773],[4.228223,18.968066],[4.229004,18.704346],[4.22998,18.410596],[4.230859,18.139453],[4.231934,17.830518],[4.232715,17.582178],[4.233691,17.288428],[4.234668,16.996387],[4.20293,16.962695],[4.191211,16.798193],[4.182129,16.581787],[4.121289,16.357715],[4.014844,16.192725],[3.976172,16.035547],[3.94707,15.945654],[3.907227,15.896826],[3.897949,15.837988],[3.876953,15.755273],[3.842969,15.701709],[3.816504,15.674023],[3.70957,15.641699],[3.520508,15.483105],[3.504297,15.356348],[3.289062,15.391113],[3.060156,15.427197],[3.029395,15.424854],[3.010547,15.408301],[3.001074,15.340967],[2.689648,15.329883],[2.420801,15.32041],[2.088184,15.309375],[1.859375,15.301709],[1.569141,15.286475],[1.300195,15.272266],[1.121289,15.126123],[0.960059,14.986914],[0.947461,14.982129],[0.718652,14.954883],[0.433008,14.979004],[0.28623,14.980176],[0.228711,14.963672],[0.21748,14.911475],[0.007324,14.984814],[-0.235889,15.059424],[-0.40542,15.0125],[-0.432275,15.028516],[-0.454492,15.059668],[-0.536523,15.077881],[-0.666455,15.069775],[-0.760449,15.047754],[-0.907959,14.937402],[-1.019189,14.841357],[-1.049561,14.819531],[-1.20498,14.761523],[-1.493652,14.626074],[-1.657324,14.526807],[-1.695068,14.508496],[-1.767773,14.486035],[-1.879785,14.481494],[-1.973047,14.456543],[-2.057129,14.194629],[-2.113232,14.168457],[-2.457227,14.274121],[-2.526904,14.258301],[-2.586719,14.227588],[-2.778857,14.07373],[-2.873926,13.950732],[-2.925879,13.786768],[-2.918506,13.736377],[-2.91709,13.679492],[-2.95083,13.648438],[-2.997217,13.637109],[-3.038672,13.639111],[-3.198437,13.672852],[-3.248633,13.65835],[-3.270166,13.577441],[-3.266748,13.400781],[-3.301758,13.280762],[-3.396729,13.243701],[-3.469922,13.196387],[-3.527637,13.182715],[-3.575781,13.194189],[-3.853467,13.373535],[-3.947314,13.402197],[-4.051172,13.382422],[-4.151025,13.306201],[-4.196191,13.256152],[-4.258691,13.197314],[-4.328711,13.119043],[-4.310254,13.05249],[-4.260645,12.975342],[-4.225244,12.879492],[-4.2271,12.793701],[-4.480615,12.672217],[-4.459863,12.630371],[-4.421924,12.581592],[-4.421582,12.493066],[-4.428711,12.337598],[-4.479883,12.281787],[-4.546045,12.226465],[-4.586914,12.155029],[-4.627246,12.120215],[-4.699316,12.076172],[-4.797949,12.032129],[-4.968994,11.993311],[-5.105908,11.967529],[-5.15752,11.942383],[-5.230176,11.890283],[-5.288135,11.82793],[-5.302002,11.760449],[-5.290527,11.683301],[-5.270312,11.619873],[-5.244775,11.576758],[-5.229395,11.522461],[-5.250244,11.375781],[-5.299854,11.205957],[-5.347412,11.130273],[-5.424219,11.088721],[-5.490479,11.042383],[-5.468555,10.931055],[-5.45708,10.771387],[-5.475684,10.643945],[-5.479004,10.565088],[-5.507031,10.483447],[-5.523535,10.426025],[-5.556592,10.439941],[-5.694287,10.433203],[-5.843848,10.389551],[-5.896191,10.354736],[-5.907568,10.307227],[-5.940674,10.275098],[-5.988672,10.239111],[-6.03457,10.194824],[-6.117188,10.201904],[-6.196875,10.232129],[-6.238379,10.261621],[-6.241309,10.279199],[-6.21499,10.322363],[-6.192627,10.369434],[-6.190674,10.400293],[-6.217773,10.47627],[-6.239746,10.558105],[-6.230664,10.59751],[-6.250244,10.71792],[-6.261133,10.724072],[-6.365625,10.692822],[-6.40415,10.685107],[-6.425879,10.671777],[-6.432617,10.64873],[-6.40752,10.572363],[-6.423926,10.559131],[-6.482617,10.56123],[-6.5646,10.586426],[-6.65415,10.656445],[-6.676367,10.633789],[-6.686133,10.578027],[-6.691992,10.512012],[-6.669336,10.392187],[-6.693262,10.349463],[-6.753223,10.357129],[-6.833643,10.356982],[-6.903809,10.345068],[-6.950342,10.342334],[-6.979492,10.299561],[-6.991748,10.251855],[-6.963818,10.19873],[-6.968164,10.176221],[-6.989453,10.155664],[-7.01709,10.143262],[-7.039746,10.144775],[-7.104883,10.203516],[-7.182324,10.225684],[-7.363184,10.259375],[-7.385059,10.340137],[-7.414795,10.341309],[-7.456543,10.383936],[-7.497949,10.439795],[-7.532812,10.436816],[-7.562109,10.42124],[-7.661133,10.427441],[-7.749072,10.342285],[-7.814209,10.236572],[-7.884082,10.185742],[-7.960938,10.163477],[-7.990625,10.1625],[-7.974463,10.229541],[-7.985693,10.278418],[-8.007275,10.321875],[-8.231494,10.437988],[-8.26665,10.485986],[-8.301562,10.617578],[-8.324121,10.749512],[-8.32168,10.826953],[-8.306348,10.896094],[-8.312744,10.949756],[-8.337402,10.990625],[-8.404492,11.029932],[-8.474707,11.048389],[-8.563525,10.99668],[-8.606201,10.986963],[-8.646191,10.990479],[-8.666699,11.009473],[-8.663916,11.03584],[-8.567285,11.177002],[-8.520312,11.235937],[-8.463525,11.280713],[-8.425293,11.304736],[-8.400684,11.339404],[-8.398535,11.366553],[-8.407471,11.386279],[-8.470703,11.412207],[-8.56875,11.478076],[-8.621143,11.485107],[-8.664941,11.51499],[-8.711426,11.617773],[-8.733105,11.6375],[-8.779736,11.648242],[-8.822021,11.673242],[-8.820068,11.807129],[-8.818311,11.92251],[-8.913867,12.108545],[-8.95083,12.225586],[-8.998926,12.345898],[-9.043066,12.402344],[-9.120459,12.449951],[-9.215527,12.482861],[-9.3,12.490283],[-9.365186,12.479297],[-9.395361,12.464648],[-9.393652,12.442236],[-9.34082,12.366016],[-9.331543,12.32373],[-9.340186,12.282764],[-9.358105,12.25542],[-9.40498,12.252441],[-9.486816,12.228662],[-9.587744,12.182471],[-9.658301,12.143115],[-9.714746,12.04248],[-9.754004,12.029932],[-9.820703,12.04248],[-10.010645,12.116455],[-10.16709,12.177441],[-10.274854,12.212646],[-10.339893,12.190283],[-10.372754,12.179541],[-10.46582,12.138672],[-10.589502,11.990283],[-10.618994,11.941211],[-10.643701,11.925537],[-10.677344,11.899414],[-10.709229,11.89873],[-10.734912,11.916455],[-10.743018,11.927246],[-10.806494,12.034277],[-10.876172,12.151855],[-10.933203,12.205176],[-11.004541,12.20752],[-11.06582,12.170801],[-11.129248,12.09502],[-11.209668,12.024854],[-11.260693,12.004053],[-11.305176,12.01543],[-11.414648,12.104004],[-11.492432,12.166943],[-11.502197,12.198633],[-11.474561,12.247168],[-11.447559,12.319238],[-11.418066,12.377686],[-11.389404,12.404395]]]}},{"type":"Feature","bbox":[73.382031,3.229395,73.52832,4.247656],"properties":{"featurecla":"Admin-0 country","scalerank":4,"LABELRANK":5,"SOVEREIGNT":"Maldives","SOV_A3":"MDV","ADM0_DIF":0,"LEVEL":2,"TYPE":"Sovereign country","TLC":"1","ADMIN":"Maldives","ADM0_A3":"MDV","GEOU_DIF":0,"GEOUNIT":"Maldives","GU_A3":"MDV","SU_DIF":0,"SUBUNIT":"Maldives","SU_A3":"MDV","BRK_DIFF":0,"NAME":"Maldives","NAME_LONG":"Maldives","BRK_A3":"MDV","BRK_NAME":"Maldives","BRK_GROUP":null,"ABBREV":"Mald.","POSTAL":"MV","FORMAL_EN":"Republic of Maldives","FORMAL_FR":null,"NAME_CIAWF":"Maldives","NOTE_ADM0":null,"NOTE_BRK":null,"NAME_SORT":"Maldives","NAME_ALT":null,"MAPCOLOR7":2,"MAPCOLOR8":3,"MAPCOLOR9":1,"MAPCOLOR13":7,"POP_EST":530953,"POP_RANK":11,"POP_YEAR":2019,"GDP_MD":5642,"GDP_YEAR":2019,"ECONOMY":"6. Developing region","INCOME_GRP":"3. Upper middle income","FIPS_10":"MV","ISO_A2":"MV","ISO_A2_EH":"MV","ISO_A3":"MDV","ISO_A3_EH":"MDV","ISO_N3":"462","ISO_N3_EH":"462","UN_A3":"462","WB_A2":"MV","WB_A3":"MDV","WOE_ID":23424899,"WOE_ID_EH":23424899,"WOE_NOTE":"Exact WOE match as country","ADM0_ISO":"MDV","ADM0_DIFF":null,"ADM0_TLC":"MDV","ADM0_A3_US":"MDV","ADM0_A3_FR":"MDV","ADM0_A3_RU":"MDV","ADM0_A3_ES":"MDV","ADM0_A3_CN":"MDV","ADM0_A3_TW":"MDV","ADM0_A3_IN":"MDV","ADM0_A3_NP":"MDV","ADM0_A3_PK":"MDV","ADM0_A3_DE":"MDV","ADM0_A3_GB":"MDV","ADM0_A3_BR":"MDV","ADM0_A3_IL":"MDV","ADM0_A3_PS":"MDV","ADM0_A3_SA":"MDV","ADM0_A3_EG":"MDV","ADM0_A3_MA":"MDV","ADM0_A3_PT":"MDV","ADM0_A3_AR":"MDV","ADM0_A3_JP":"MDV","ADM0_A3_KO":"MDV","ADM0_A3_VN":"MDV","ADM0_A3_TR":"MDV","ADM0_A3_ID":"MDV","ADM0_A3_PL":"MDV","ADM0_A3_GR":"MDV","ADM0_A3_IT":"MDV","ADM0_A3_NL":"MDV","ADM0_A3_SE":"MDV","ADM0_A3_BD":"MDV","ADM0_A3_UA":"MDV","ADM0_A3_UN":-99,"ADM0_A3_WB":-99,"CONTINENT":"Seven seas (open ocean)","REGION_UN":"Asia","SUBREGION":"Southern Asia","REGION_WB":"South Asia","NAME_LEN":8,"LONG_LEN":8,"ABBREV_LEN":5,"TINY":2,"HOMEPART":1,"MIN_ZOOM":0,"MIN_LABEL":4,"MAX_LABEL":9,"LABEL_X":73.507554,"LABEL_Y":4.174441,"NE_ID":1159321053,"WIKIDATAID":"Q826","NAME_AR":"المالديف","NAME_BN":"মালদ্বীপ","NAME_DE":"Malediven","NAME_EN":"Maldives","NAME_ES":"Maldivas","NAME_FA":"مالدیو","NAME_FR":"Maldives","NAME_EL":"Μαλδίβες","NAME_HE":"האיים המלדיביים","NAME_HI":"मालदीव","NAME_HU":"Maldív-szigetek","NAME_ID":"Maladewa","NAME_IT":"Maldive","NAME_JA":"モルディブ","NAME_KO":"몰디브","NAME_NL":"Maldiven","NAME_PL":"Malediwy","NAME_PT":"Maldivas","NAME_RU":"Мальдивы","NAME_SV":"Maldiverna","NAME_TR":"Maldivler","NAME_UK":"Мальдіви","NAME_UR":"مالدیپ","NAME_VI":"Maldives","NAME_ZH":"马尔代夫","NAME_ZHT":"馬爾地夫","FCLASS_ISO":"Admin-0 country","TLC_DIFF":null,"FCLASS_TLC":"Admin-0 country","FCLASS_US":null,"FCLASS_FR":null,"FCLASS_RU":null,"FCLASS_ES":null,"FCLASS_CN":null,"FCLASS_TW":null,"FCLASS_IN":null,"FCLASS_NP":null,"FCLASS_PK":null,"FCLASS_DE":null,"FCLASS_GB":null,"FCLASS_BR":null,"FCLASS_IL":null,"FCLASS_PS":null,"FCLASS_SA":null,"FCLASS_EG":null,"FCLASS_MA":null,"FCLASS_PT":null,"FCLASS_AR":null,"FCLASS_JP":null,"FCLASS_KO":null,"FCLASS_VN":null,"FCLASS_TR":null,"FCLASS_ID":null,"FCLASS_PL":null,"FCLASS_GR":null,"FCLASS_IT":null,"FCLASS_NL":null,"FCLASS_SE":null,"FCLASS_BD":null,"FCLASS_UA":null},"geometry":{"type":"MultiPolygon","coordinates":[[],[]]}},{"type":"Feature","bbox":[99.646289,0.861963,119.266309,7.35166],"properties":{"featurecla":"Admin-0 country","scalerank":1,"LABELRANK":3,"SOVEREIGNT":"Malaysia","SOV_A3":"MYS","ADM0_DIF":0,"LEVEL":2,"TYPE":"Sovereign country","TLC":"1","ADMIN":"Malaysia","ADM0_A3":"MYS","GEOU_DIF":0,"GEOUNIT":"Malaysia","GU_A3":"MYS","SU_DIF":0,"SUBUNIT":"Malaysia","SU_A3":"MYS","BRK_DIFF":0,"NAME":"Malaysia","NAME_LONG":"Malaysia","BRK_A3":"MYS","BRK_NAME":"Malaysia","BRK_GROUP":null,"ABBREV":"Malay.","POSTAL":"MY","FORMAL_EN":"Malaysia","FORMAL_FR":null,"NAME_CIAWF":"Malaysia","NOTE_ADM0":null,"NOTE_BRK":null,"NAME_SORT":"Malaysia","NAME_ALT":null,"MAPCOLOR7":2,"MAPCOLOR8":4,"MAPCOLOR9":3,"MAPCOLOR13":6,"POP_EST":31949777,"POP_RANK":15,"POP_YEAR":2019,"GDP_MD":364681,"GDP_YEAR":2019,"ECONOMY":"6. Developing region","INCOME_GRP":"3. Upper middle income","FIPS_10":"MY","ISO_A2":"MY","ISO_A2_EH":"MY","ISO_A3":"MYS","ISO_A3_EH":"MYS","ISO_N3":"458","ISO_N3_EH":"458","UN_A3":"458","WB_A2":"MY","WB_A3":"MYS","WOE_ID":23424901,"WOE_ID_EH":23424901,"WOE_NOTE":"Exact WOE match as country","ADM0_ISO":"MYS","ADM0_DIFF":null,"ADM0_TLC":"MYS","ADM0_A3_US":"MYS","ADM0_A3_FR":"MYS","ADM0_A3_RU":"MYS","ADM0_A3_ES":"MYS","ADM0_A3_CN":"MYS","ADM0_A3_TW":"MYS","ADM0_A3_IN":"MYS","ADM0_A3_NP":"MYS","ADM0_A3_PK":"MYS","ADM0_A3_DE":"MYS","ADM0_A3_GB":"MYS","ADM0_A3_BR":"MYS","ADM0_A3_IL":"MYS","ADM0_A3_PS":"MYS","ADM0_A3_SA":"MYS","ADM0_A3_EG":"MYS","ADM0_A3_MA":"MYS","ADM0_A3_PT":"MYS","ADM0_A3_AR":"MYS","ADM0_A3_JP":"MYS","ADM0_A3_KO":"MYS","ADM0_A3_VN":"MYS","ADM0_A3_TR":"MYS","ADM0_A3_ID":"MYS","ADM0_A3_PL":"MYS","ADM0_A3_GR":"MYS","ADM0_A3_IT":"MYS","ADM0_A3_NL":"MYS","ADM0_A3_SE":"MYS","ADM0_A3_BD":"MYS","ADM0_A3_UA":"MYS","ADM0_A3_UN":-99,"ADM0_A3_WB":-99,"CONTINENT":"Asia","REGION_UN":"Asia","SUBREGION":"South-Eastern Asia","REGION_WB":"East Asia & Pacific","NAME_LEN":8,"LONG_LEN":8,"ABBREV_LEN":6,"TINY":-99,"HOMEPART":1,"MIN_ZOOM":0,"MIN_LABEL":3,"MAX_LABEL":8,"LABEL_X":113.83708,"LABEL_Y":2.528667,"NE_ID":1159321083,"WIKIDATAID":"Q833","NAME_AR":"ماليزيا","NAME_BN":"মালয়েশিয়া","NAME_DE":"Malaysia","NAME_EN":"Malaysia","NAME_ES":"Malasia","NAME_FA":"مالزی","NAME_FR":"Malaisie","NAME_EL":"Μαλαισία","NAME_HE":"מלזיה","NAME_HI":"मलेशिया","NAME_HU":"Malajzia","NAME_ID":"Malaysia","NAME_IT":"Malaysia","NAME_JA":"マレーシア","NAME_KO":"말레이시아","NAME_NL":"Maleisië","NAME_PL":"Malezja","NAME_PT":"Malásia","NAME_RU":"Малайзия","NAME_SV":"Malaysia","NAME_TR":"Malezya","NAME_UK":"Малайзія","NAME_UR":"ملائیشیا","NAME_VI":"Malaysia","NAME_ZH":"马来西亚","NAME_ZHT":"馬來西亞","FCLASS_ISO":"Admin-0 country","TLC_DIFF":null,"FCLASS_TLC":"Admin-0 country","FCLASS_US":null,"FCLASS_FR":null,"FCLASS_RU":null,"FCLASS_ES":null,"FCLASS_CN":null,"FCLASS_TW":null,"FCLASS_IN":null,"FCLASS_NP":null,"FCLASS_PK":null,"FCLASS_DE":null,"FCLASS_GB":null,"FCLASS_BR":null,"FCLASS_IL":null,"FCLASS_PS":null,"FCLASS_SA":null,"FCLASS_EG":null,"FCLASS_MA":null,"FCLASS_PT":null,"FCLASS_AR":null,"FCLASS_JP":null,"FCLASS_KO":null,"FCLASS_VN":null,"FCLASS_TR":null,"FCLASS_ID":null,"FCLASS_PL":null,"FCLASS_GR":null,"FCLASS_IT":null,"FCLASS_NL":null,"FCLASS_SE":null,"FCLASS_BD":null,"FCLASS_UA":null},"geometry":{"type":"MultiPolygon","coordinates":[[],[],[],[],[],[],[],[],[]]}},{"type":"Feature","bbox":[32.67041,-17.131055,35.892773,-9.39502],"properties":{"featurecla":"Admin-0 country","scalerank":5,"LABELRANK":6,"SOVEREIGNT":"Malawi","SOV_A3":"MWI","ADM0_DIF":0,"LEVEL":2,"TYPE":"Sovereign country","TLC":"1","ADMIN":"Malawi","ADM0_A3":"MWI","GEOU_DIF":0,"GEOUNIT":"Malawi","GU_A3":"MWI","SU_DIF":0,"SUBUNIT":"Malawi","SU_A3":"MWI","BRK_DIFF":0,"NAME":"Malawi","NAME_LONG":"Malawi","BRK_A3":"MWI","BRK_NAME":"Malawi","BRK_GROUP":null,"ABBREV":"Mal.","POSTAL":"MW","FORMAL_EN":"Republic of Malawi","FORMAL_FR":null,"NAME_CIAWF":"Malawi","NOTE_ADM0":null,"NOTE_BRK":null,"NAME_SORT":"Malawi","NAME_ALT":null,"MAPCOLOR7":1,"MAPCOLOR8":3,"MAPCOLOR9":4,"MAPCOLOR13":5,"POP_EST":18628747,"POP_RANK":14,"POP_YEAR":2019,"GDP_MD":7666,"GDP_YEAR":2019,"ECONOMY":"7. Least developed region","INCOME_GRP":"5. Low income","FIPS_10":"MI","ISO_A2":"MW","ISO_A2_EH":"MW","ISO_A3":"MWI","ISO_A3_EH":"MWI","ISO_N3":"454","ISO_N3_EH":"454","UN_A3":"454","WB_A2":"MW","WB_A3":"MWI","WOE_ID":23424889,"WOE_ID_EH":23424889,"WOE_NOTE":"Exact WOE match as country","ADM0_ISO":"MWI","ADM0_DIFF":null,"ADM0_TLC":"MWI","ADM0_A3_US":"MWI","ADM0_A3_FR":"MWI","ADM0_A3_RU":"MWI","ADM0_A3_ES":"MWI","ADM0_A3_CN":"MWI","ADM0_A3_TW":"MWI","ADM0_A3_IN":"MWI","ADM0_A3_NP":"MWI","ADM0_A3_PK":"MWI","ADM0_A3_DE":"MWI","ADM0_A3_GB":"MWI","ADM0_A3_BR":"MWI","ADM0_A3_IL":"MWI","ADM0_A3_PS":"MWI","ADM0_A3_SA":"MWI","ADM0_A3_EG":"MWI","ADM0_A3_MA":"MWI","ADM0_A3_PT":"MWI","ADM0_A3_AR":"MWI","ADM0_A3_JP":"MWI","ADM0_A3_KO":"MWI","ADM0_A3_VN":"MWI","ADM0_A3_TR":"MWI","ADM0_A3_ID":"MWI","ADM0_A3_PL":"MWI","ADM0_A3_GR":"MWI","ADM0_A3_IT":"MWI","ADM0_A3_NL":"MWI","ADM0_A3_SE":"MWI","ADM0_A3_BD":"MWI","ADM0_A3_UA":"MWI","ADM0_A3_UN":-99,"ADM0_A3_WB":-99,"CONTINENT":"Africa","REGION_UN":"Africa","SUBREGION":"Eastern Africa","REGION_WB":"Sub-Saharan Africa","NAME_LEN":6,"LONG_LEN":6,"ABBREV_LEN":4,"TINY":-99,"HOMEPART":1,"MIN_ZOOM":0,"MIN_LABEL":4,"MAX_LABEL":9,"LABEL_X":33.608082,"LABEL_Y":-13.386737,"NE_ID":1159321081,"WIKIDATAID":"Q1020","NAME_AR":"مالاوي","NAME_BN":"মালাউই","NAME_DE":"Malawi","NAME_EN":"Malawi","NAME_ES":"Malaui","NAME_FA":"مالاوی","NAME_FR":"Malawi","NAME_EL":"Μαλάουι","NAME_HE":"מלאווי","NAME_HI":"मलावी","NAME_HU":"Malawi","NAME_ID":"Malawi","NAME_IT":"Malawi","NAME_JA":"マラウイ","NAME_KO":"말라위","NAME_NL":"Malawi","NAME_PL":"Malawi","NAME_PT":"Malawi","NAME_RU":"Малави","NAME_SV":"Malawi","NAME_TR":"Malavi","NAME_UK":"Малаві","NAME_UR":"ملاوی","NAME_VI":"Malawi","NAME_ZH":"马拉维","NAME_ZHT":"馬拉威","FCLASS_ISO":"Admin-0 country","TLC_DIFF":null,"FCLASS_TLC":"Admin-0 country","FCLASS_US":null,"FCLASS_FR":null,"FCLASS_RU":null,"FCLASS_ES":null,"FCLASS_CN":null,"FCLASS_TW":null,"FCLASS_IN":null,"FCLASS_NP":null,"FCLASS_PK":null,"FCLASS_DE":null,"FCLASS_GB":null,"FCLASS_BR":null,"FCLASS_IL":null,"FCLASS_PS":null,"FCLASS_SA":null,"FCLASS_EG":null,"FCLASS_MA":null,"FCLASS_PT":null,"FCLASS_AR":null,"FCLASS_JP":null,"FCLASS_KO":null,"FCLASS_VN":null,"FCLASS_TR":null,"FCLASS_ID":null,"FCLASS_PL":null,"FCLASS_GR":null,"FCLASS_IT":null,"FCLASS_NL":null,"FCLASS_SE":null,"FCLASS_BD":null,"FCLASS_UA":null},"geometry":{"type":"MultiPolygon","coordinates":[[[[34.719336,-12.110645],[34.68418,-12.118652],[34.662109,-12.100781],[34.66748,-12.047559],[34.679883,-12.008887],[34.714941,-12.002734],[34.738965,-12.013086],[34.755957,-12.030762],[34.75625,-12.059082],[34.745996,-12.088379],[34.719336,-12.110645]]],[[[34.641602,-12.013672],[34.621777,-12.066602],[34.580469,-12.06582],[34.541602,-12.018652],[34.554004,-11.982227],[34.591406,-11.971094],[34.624219,-11.984766],[34.641602,-12.013672]]],[[[33.201758,-14.013379],[33.148047,-13.940918],[33.103613,-13.95918],[33.042383,-14.010059],[33.009277,-14.02373],[32.99209,-14.022168],[32.98125,-14.009375],[32.967578,-13.976855],[32.920313,-13.883887],[32.867188,-13.817383],[32.811035,-13.791602],[32.765137,-13.761035],[32.785352,-13.731445],[32.806738,-13.710254],[32.797461,-13.688477],[32.771777,-13.656543],[32.67207,-13.610352],[32.67041,-13.59043],[32.758398,-13.550293],[32.814063,-13.502734],[32.851855,-13.457031],[32.899707,-13.357031],[32.938574,-13.257422],[32.967578,-13.225],[32.977637,-13.158887],[32.971094,-13.084277],[32.99043,-12.989453],[33,-12.899609],[32.970508,-12.864746],[32.945605,-12.804395],[32.975195,-12.701367],[33.021582,-12.630469],[33.243457,-12.556543],[33.397949,-12.489844],[33.430664,-12.460449],[33.483203,-12.403418],[33.512305,-12.347754],[33.491406,-12.331055],[33.37002,-12.329688],[33.340137,-12.308301],[33.252344,-12.112598],[33.300977,-11.888184],[33.305078,-11.8],[33.303906,-11.69082],[33.288281,-11.611133],[33.25,-11.577637],[33.226367,-11.534863],[33.232715,-11.417676],[33.268359,-11.403906],[33.345508,-11.249121],[33.379785,-11.15791],[33.338672,-11.085156],[33.293262,-10.981152],[33.272754,-10.915039],[33.261328,-10.893359],[33.292773,-10.852344],[33.344922,-10.812695],[33.403125,-10.801758],[33.464746,-10.783105],[33.659082,-10.590527],[33.661523,-10.553125],[33.626172,-10.488574],[33.553711,-10.391309],[33.537598,-10.351562],[33.528906,-10.234668],[33.500098,-10.199707],[33.393555,-10.120898],[33.311523,-10.037988],[33.337109,-9.954004],[33.350977,-9.862207],[33.310449,-9.811816],[33.25,-9.75957],[33.212695,-9.683008],[33.195703,-9.626172],[33.148047,-9.603516],[33.104492,-9.602637],[33.072461,-9.638184],[33.037793,-9.635059],[32.995996,-9.622852],[32.982129,-9.573633],[32.979883,-9.520313],[32.951074,-9.48418],[32.92334,-9.433984],[32.919922,-9.407422],[32.937305,-9.399707],[32.974023,-9.39502],[33.130469,-9.495898],[33.225293,-9.500488],[33.330859,-9.519141],[33.420898,-9.608008],[33.467773,-9.619727],[33.527539,-9.60752],[33.697656,-9.598145],[33.766211,-9.610938],[33.854199,-9.662988],[33.888867,-9.670117],[33.943945,-9.672168],[33.953711,-9.658203],[33.959375,-9.627344],[33.949609,-9.565332],[33.962109,-9.531738],[33.995605,-9.49541],[34.088574,-9.537793],[34.320898,-9.731543],[34.327832,-9.756543],[34.475977,-9.948828],[34.524219,-10.030176],[34.524219,-10.073145],[34.569922,-10.241113],[34.57998,-10.319824],[34.569727,-10.379688],[34.571582,-10.427637],[34.589551,-10.496191],[34.583594,-10.525098],[34.636523,-10.625586],[34.661816,-10.710059],[34.66709,-10.79248],[34.652344,-10.872852],[34.605664,-10.990234],[34.597656,-11.0375],[34.60791,-11.080469],[34.638086,-11.127148],[34.688477,-11.177441],[34.726465,-11.238184],[34.752148,-11.309473],[34.773828,-11.341699],[34.800879,-11.340918],[34.850586,-11.351953],[34.890625,-11.393555],[34.937012,-11.463477],[34.952637,-11.54375],[34.959473,-11.578125],[34.826563,-11.575684],[34.65957,-11.588672],[34.618555,-11.620215],[34.60625,-11.690039],[34.553906,-11.834082],[34.524805,-11.887012],[34.462891,-11.983789],[34.375977,-12.120215],[34.357813,-12.164746],[34.36084,-12.210547],[34.412109,-12.395898],[34.46582,-12.590723],[34.48291,-12.666797],[34.521289,-12.925781],[34.542578,-13.108691],[34.545703,-13.216309],[34.563672,-13.360156],[34.611523,-13.437891],[34.661621,-13.486719],[34.850488,-13.516016],[34.906836,-13.55166],[35.013867,-13.643457],[35.247461,-13.896875],[35.375781,-14.058691],[35.488477,-14.201074],[35.69043,-14.465527],[35.847168,-14.670898],[35.866699,-14.86377],[35.892773,-14.891797],[35.839941,-15.034668],[35.805371,-15.265625],[35.830273,-15.418945],[35.819922,-15.680371],[35.791211,-15.958691],[35.755273,-16.058301],[35.708887,-16.095801],[35.599316,-16.125879],[35.358496,-16.160547],[35.322461,-16.193164],[35.291504,-16.247168],[35.242773,-16.375391],[35.185254,-16.504883],[35.167188,-16.560254],[35.17832,-16.57334],[35.229785,-16.639258],[35.281152,-16.807813],[35.29043,-17.096973],[35.272559,-17.118457],[35.201367,-17.131055],[35.124609,-17.127246],[35.093066,-17.110938],[35.064648,-17.078613],[35.043945,-17.016895],[35.094238,-16.973828],[35.112109,-16.898535],[35.079883,-16.833887],[35.015332,-16.819531],[34.933398,-16.760352],[34.758789,-16.56709],[34.612695,-16.431543],[34.528125,-16.319141],[34.441309,-16.274414],[34.416406,-16.246777],[34.395508,-16.199219],[34.395117,-16.130859],[34.403027,-16.080273],[34.375977,-16.02373],[34.288281,-15.936133],[34.248242,-15.8875],[34.246094,-15.829395],[34.283008,-15.773438],[34.358008,-15.705273],[34.414746,-15.566797],[34.434961,-15.477148],[34.54082,-15.297266],[34.555469,-15.140918],[34.557617,-15.015918],[34.551172,-14.922363],[34.524121,-14.730762],[34.505273,-14.598145],[34.375,-14.424805],[34.33252,-14.408594],[34.208789,-14.42373],[34.101855,-14.449316],[34.049414,-14.485254],[33.969824,-14.487109],[33.761426,-14.517285],[33.696094,-14.530273],[33.658301,-14.561621],[33.636426,-14.568164],[33.505273,-14.434082],[33.389941,-14.289453],[33.243555,-14.043066],[33.201758,-14.013379]]]]}},{"type":"Feature","bbox":[43.257129,-25.570508,50.482715,-12.07959],"properties":{"featurecla":"Admin-0 country","scalerank":1,"LABELRANK":3,"SOVEREIGNT":"Madagascar","SOV_A3":"MDG","ADM0_DIF":0,"LEVEL":2,"TYPE":"Sovereign country","TLC":"1","ADMIN":"Madagascar","ADM0_A3":"MDG","GEOU_DIF":0,"GEOUNIT":"Madagascar","GU_A3":"MDG","SU_DIF":0,"SUBUNIT":"Madagascar","SU_A3":"MDG","BRK_DIFF":0,"NAME":"Madagascar","NAME_LONG":"Madagascar","BRK_A3":"MDG","BRK_NAME":"Madagascar","BRK_GROUP":null,"ABBREV":"Mad.","POSTAL":"MG","FORMAL_EN":"Republic of Madagascar","FORMAL_FR":null,"NAME_CIAWF":"Madagascar","NOTE_ADM0":null,"NOTE_BRK":null,"NAME_SORT":"Madagascar","NAME_ALT":null,"MAPCOLOR7":6,"MAPCOLOR8":5,"MAPCOLOR9":2,"MAPCOLOR13":3,"POP_EST":26969307,"POP_RANK":15,"POP_YEAR":2019,"GDP_MD":14114,"GDP_YEAR":2019,"ECONOMY":"7. Least developed region","INCOME_GRP":"5. Low income","FIPS_10":"MA","ISO_A2":"MG","ISO_A2_EH":"MG","ISO_A3":"MDG","ISO_A3_EH":"MDG","ISO_N3":"450","ISO_N3_EH":"450","UN_A3":"450","WB_A2":"MG","WB_A3":"MDG","WOE_ID":23424883,"WOE_ID_EH":23424883,"WOE_NOTE":"Exact WOE match as country","ADM0_ISO":"MDG","ADM0_DIFF":null,"ADM0_TLC":"MDG","ADM0_A3_US":"MDG","ADM0_A3_FR":"MDG","ADM0_A3_RU":"MDG","ADM0_A3_ES":"MDG","ADM0_A3_CN":"MDG","ADM0_A3_TW":"MDG","ADM0_A3_IN":"MDG","ADM0_A3_NP":"MDG","ADM0_A3_PK":"MDG","ADM0_A3_DE":"MDG","ADM0_A3_GB":"MDG","ADM0_A3_BR":"MDG","ADM0_A3_IL":"MDG","ADM0_A3_PS":"MDG","ADM0_A3_SA":"MDG","ADM0_A3_EG":"MDG","ADM0_A3_MA":"MDG","ADM0_A3_PT":"MDG","ADM0_A3_AR":"MDG","ADM0_A3_JP":"MDG","ADM0_A3_KO":"MDG","ADM0_A3_VN":"MDG","ADM0_A3_TR":"MDG","ADM0_A3_ID":"MDG","ADM0_A3_PL":"MDG","ADM0_A3_GR":"MDG","ADM0_A3_IT":"MDG","ADM0_A3_NL":"MDG","ADM0_A3_SE":"MDG","ADM0_A3_BD":"MDG","ADM0_A3_UA":"MDG","ADM0_A3_UN":-99,"ADM0_A3_WB":-99,"CONTINENT":"Africa","REGION_UN":"Africa","SUBREGION":"Eastern Africa","REGION_WB":"Sub-Saharan Africa","NAME_LEN":10,"LONG_LEN":10,"ABBREV_LEN":4,"TINY":-99,"HOMEPART":1,"MIN_ZOOM":0,"MIN_LABEL":2.7,"MAX_LABEL":7,"LABEL_X":46.704241,"LABEL_Y":-18.628288,"NE_ID":1159321051,"WIKIDATAID":"Q1019","NAME_AR":"مدغشقر","NAME_BN":"মাদাগাস্কার","NAME_DE":"Madagaskar","NAME_EN":"Madagascar","NAME_ES":"Madagascar","NAME_FA":"ماداگاسکار","NAME_FR":"Madagascar","NAME_EL":"Μαδαγασκάρη","NAME_HE":"מדגסקר","NAME_HI":"मेडागास्कर","NAME_HU":"Madagaszkár","NAME_ID":"Madagaskar","NAME_IT":"Madagascar","NAME_JA":"マダガスカル","NAME_KO":"마다가스카르","NAME_NL":"Madagaskar","NAME_PL":"Madagaskar","NAME_PT":"Madagáscar","NAME_RU":"Мадагаскар","NAME_SV":"Madagaskar","NAME_TR":"Madagaskar","NAME_UK":"Мадагаскар","NAME_UR":"مڈغاسکر","NAME_VI":"Madagascar","NAME_ZH":"马达加斯加","NAME_ZHT":"馬達加斯加","FCLASS_ISO":"Admin-0 country","TLC_DIFF":null,"FCLASS_TLC":"Admin-0 country","FCLASS_US":null,"FCLASS_FR":null,"FCLASS_RU":null,"FCLASS_ES":null,"FCLASS_CN":null,"FCLASS_TW":null,"FCLASS_IN":null,"FCLASS_NP":null,"FCLASS_PK":null,"FCLASS_DE":null,"FCLASS_GB":null,"FCLASS_BR":null,"FCLASS_IL":null,"FCLASS_PS":null,"FCLASS_SA":null,"FCLASS_EG":null,"FCLASS_MA":null,"FCLASS_PT":null,"FCLASS_AR":null,"FCLASS_JP":null,"FCLASS_KO":null,"FCLASS_VN":null,"FCLASS_TR":null,"FCLASS_ID":null,"FCLASS_PL":null,"FCLASS_GR":null,"FCLASS_IT":null,"FCLASS_NL":null,"FCLASS_SE":null,"FCLASS_BD":null,"FCLASS_UA":null},"geometry":{"type":"MultiPolygon","coordinates":[[[[49.538281,-12.432129],[49.58418,-12.536719],[49.637793,-12.637109],[49.80498,-12.879688],[49.876465,-12.973047],[49.9375,-13.072266],[49.967188,-13.270215],[50.073438,-13.57793],[50.173828,-14.040234],[50.20459,-14.514453],[50.235352,-14.732031],[50.313477,-14.936816],[50.441309,-15.149316],[50.482715,-15.385645],[50.40459,-15.629102],[50.291504,-15.858496],[50.262305,-15.901563],[50.208984,-15.960449],[50.184961,-15.957813],[50.094434,-15.898633],[50.02041,-15.801758],[49.926563,-15.573535],[49.892578,-15.457715],[49.85332,-15.439453],[49.74375,-15.449512],[49.664355,-15.521582],[49.649902,-15.566992],[49.666992,-15.695703],[49.69707,-15.811426],[49.710449,-15.928906],[49.712793,-16.076758],[49.742285,-16.121484],[49.785938,-16.159082],[49.831055,-16.255859],[49.839063,-16.486523],[49.811328,-16.603027],[49.733984,-16.703027],[49.738574,-16.758398],[49.767188,-16.815137],[49.739746,-16.849414],[49.636914,-16.892871],[49.595215,-16.931152],[49.539551,-17.03291],[49.449316,-17.240625],[49.437109,-17.34668],[49.493652,-17.669531],[49.477832,-17.898535],[49.362891,-18.336328],[49.296875,-18.544043],[49.20332,-18.792285],[49.060059,-19.119629],[48.918066,-19.530469],[48.797461,-19.953223],[48.708301,-20.207324],[48.607031,-20.45752],[48.468555,-20.9],[48.350781,-21.349023],[48.175879,-21.843066],[47.934473,-22.393945],[47.908398,-22.46582],[47.858301,-22.747266],[47.804102,-22.991504],[47.739453,-23.233398],[47.604102,-23.633105],[47.588672,-23.756348],[47.558008,-23.874609],[47.427637,-24.125195],[47.372559,-24.218457],[47.333594,-24.317578],[47.311719,-24.443164],[47.272852,-24.564355],[47.177344,-24.787207],[47.034961,-24.979004],[46.938184,-25.04873],[46.728516,-25.149902],[46.622266,-25.17041],[46.386719,-25.172754],[46.158691,-25.230371],[45.920898,-25.341309],[45.692188,-25.468457],[45.60459,-25.528711],[45.508008,-25.563184],[45.205762,-25.570508],[45.115234,-25.543066],[44.812891,-25.33418],[44.695801,-25.299707],[44.473828,-25.271094],[44.406738,-25.25332],[44.345898,-25.226074],[44.256152,-25.116895],[44.078125,-25.024609],[44.035352,-24.995703],[44.008301,-24.932031],[43.989844,-24.863477],[43.94375,-24.786719],[43.90957,-24.640625],[43.851562,-24.538379],[43.6875,-24.35791],[43.67002,-24.300293],[43.656836,-24.108789],[43.662109,-23.979199],[43.646094,-23.741895],[43.664746,-23.630273],[43.722266,-23.529688],[43.69873,-23.420898],[43.637598,-23.306543],[43.614648,-23.188184],[43.569531,-23.080469],[43.397852,-22.886328],[43.35752,-22.79082],[43.32959,-22.691895],[43.264844,-22.383594],[43.257129,-22.276367],[43.266602,-22.049316],[43.290527,-21.93252],[43.332227,-21.851172],[43.342676,-21.79043],[43.369727,-21.738281],[43.410547,-21.696484],[43.437793,-21.64668],[43.501855,-21.356445],[43.583105,-21.291992],[43.703613,-21.25498],[43.800195,-21.179199],[43.855664,-21.076855],[43.911133,-20.86582],[44.063086,-20.65625],[44.117188,-20.546094],[44.239648,-20.379688],[44.348145,-20.145508],[44.381055,-20.035156],[44.404688,-19.92207],[44.432227,-19.674219],[44.45293,-19.550879],[44.448828,-19.428711],[44.386523,-19.303125],[44.23877,-19.075195],[44.233984,-19.032617],[44.245703,-18.863184],[44.233105,-18.740625],[44.178711,-18.618555],[44.108789,-18.503516],[44.040039,-18.288477],[44.006641,-17.933008],[44.013672,-17.804492],[43.993555,-17.690332],[43.943555,-17.581445],[43.979395,-17.391602],[44.421387,-16.702637],[44.435742,-16.621484],[44.417969,-16.411328],[44.427051,-16.289062],[44.44248,-16.24375],[44.476172,-16.217285],[44.551855,-16.204492],[44.90918,-16.174512],[44.955078,-16.15332],[45.044238,-16.095117],[45.166797,-15.982813],[45.222852,-15.950488],[45.271289,-15.962305],[45.302344,-16.010449],[45.342188,-16.036719],[45.486328,-15.98584],[45.541797,-15.984277],[45.598242,-15.992578],[45.624707,-15.945801],[45.640527,-15.883105],[45.661523,-15.838867],[45.700195,-15.81377],[45.885938,-15.800098],[46.004297,-15.782129],[46.15752,-15.738281],[46.190527,-15.746875],[46.314063,-15.90459],[46.351562,-15.918164],[46.399609,-15.924609],[46.441602,-15.895898],[46.341309,-15.813379],[46.326172,-15.766699],[46.331445,-15.713672],[46.385156,-15.600098],[46.475098,-15.513477],[46.674707,-15.381836],[46.882031,-15.22959],[46.942285,-15.219043],[46.993262,-15.243164],[47.032324,-15.422656],[47.027441,-15.452246],[47.060547,-15.456348],[47.099219,-15.43418],[47.133398,-15.361719],[47.135156,-15.301563],[47.107324,-15.243848],[47.09375,-15.19502],[47.092578,-15.150098],[47.197656,-15.044043],[47.280469,-14.942676],[47.31875,-14.821777],[47.351953,-14.766113],[47.439063,-14.70332],[47.464746,-14.713281],[47.485059,-14.764355],[47.496387,-14.818359],[47.474023,-14.871973],[47.44209,-14.925],[47.429199,-14.995703],[47.47832,-15.009375],[47.524707,-14.992188],[47.592578,-14.864258],[47.67002,-14.743262],[47.716016,-14.680371],[47.774023,-14.636719],[47.87041,-14.645508],[47.96416,-14.672559],[47.811523,-14.544824],[47.77334,-14.369922],[47.955176,-14.067285],[47.956934,-14.004297],[47.983203,-13.984863],[47.995508,-13.960449],[47.901367,-13.858203],[47.883594,-13.80752],[47.895996,-13.730664],[47.941016,-13.662402],[47.981836,-13.614648],[48.039844,-13.596289],[48.085938,-13.622559],[48.187109,-13.706543],[48.255273,-13.719336],[48.337695,-13.638672],[48.405078,-13.537988],[48.506445,-13.46875],[48.621387,-13.425977],[48.796484,-13.26748],[48.910352,-12.93584],[48.919434,-12.839063],[48.894238,-12.72168],[48.853809,-12.610156],[48.786328,-12.470898],[48.803906,-12.440039],[48.899609,-12.458496],[48.931738,-12.439063],[49.035742,-12.31582],[49.207031,-12.07959],[49.263477,-12.080176],[49.312109,-12.123926],[49.330176,-12.188672],[49.363965,-12.236328],[49.479785,-12.348438],[49.538281,-12.432129]]],[[[48.342188,-13.363867],[48.343555,-13.400391],[48.211914,-13.385254],[48.191211,-13.259961],[48.255664,-13.256055],[48.269727,-13.20459],[48.308887,-13.198242],[48.351074,-13.30957],[48.342188,-13.363867]]],[[[49.936426,-16.90293],[49.824023,-17.086523],[49.855664,-16.933203],[49.985938,-16.712402],[50.023047,-16.695312],[49.936426,-16.90293]]]]}},{"type":"Feature","bbox":[20.899805,53.892969,26.775684,56.411182],"properties":{"featurecla":"Admin-0 country","scalerank":3,"LABELRANK":5,"SOVEREIGNT":"Lithuania","SOV_A3":"LTU","ADM0_DIF":0,"LEVEL":2,"TYPE":"Sovereign country","TLC":"1","ADMIN":"Lithuania","ADM0_A3":"LTU","GEOU_DIF":0,"GEOUNIT":"Lithuania","GU_A3":"LTU","SU_DIF":0,"SUBUNIT":"Lithuania","SU_A3":"LTU","BRK_DIFF":0,"NAME":"Lithuania","NAME_LONG":"Lithuania","BRK_A3":"LTU","BRK_NAME":"Lithuania","BRK_GROUP":null,"ABBREV":"Lith.","POSTAL":"LT","FORMAL_EN":"Republic of Lithuania","FORMAL_FR":null,"NAME_CIAWF":"Lithuania","NOTE_ADM0":null,"NOTE_BRK":null,"NAME_SORT":"Lithuania","NAME_ALT":null,"MAPCOLOR7":6,"MAPCOLOR8":3,"MAPCOLOR9":3,"MAPCOLOR13":9,"POP_EST":2786844,"POP_RANK":12,"POP_YEAR":2019,"GDP_MD":54627,"GDP_YEAR":2019,"ECONOMY":"2. Developed region: nonG7","INCOME_GRP":"3. Upper middle income","FIPS_10":"LH","ISO_A2":"LT","ISO_A2_EH":"LT","ISO_A3":"LTU","ISO_A3_EH":"LTU","ISO_N3":"440","ISO_N3_EH":"440","UN_A3":"440","WB_A2":"LT","WB_A3":"LTU","WOE_ID":23424875,"WOE_ID_EH":23424875,"WOE_NOTE":"Exact WOE match as country","ADM0_ISO":"LTU","ADM0_DIFF":null,"ADM0_TLC":"LTU","ADM0_A3_US":"LTU","ADM0_A3_FR":"LTU","ADM0_A3_RU":"LTU","ADM0_A3_ES":"LTU","ADM0_A3_CN":"LTU","ADM0_A3_TW":"LTU","ADM0_A3_IN":"LTU","ADM0_A3_NP":"LTU","ADM0_A3_PK":"LTU","ADM0_A3_DE":"LTU","ADM0_A3_GB":"LTU","ADM0_A3_BR":"LTU","ADM0_A3_IL":"LTU","ADM0_A3_PS":"LTU","ADM0_A3_SA":"LTU","ADM0_A3_EG":"LTU","ADM0_A3_MA":"LTU","ADM0_A3_PT":"LTU","ADM0_A3_AR":"LTU","ADM0_A3_JP":"LTU","ADM0_A3_KO":"LTU","ADM0_A3_VN":"LTU","ADM0_A3_TR":"LTU","ADM0_A3_ID":"LTU","ADM0_A3_PL":"LTU","ADM0_A3_GR":"LTU","ADM0_A3_IT":"LTU","ADM0_A3_NL":"LTU","ADM0_A3_SE":"LTU","ADM0_A3_BD":"LTU","ADM0_A3_UA":"LTU","ADM0_A3_UN":-99,"ADM0_A3_WB":-99,"CONTINENT":"Europe","REGION_UN":"Europe","SUBREGION":"Northern Europe","REGION_WB":"Europe & Central Asia","NAME_LEN":9,"LONG_LEN":9,"ABBREV_LEN":5,"TINY":-99,"HOMEPART":1,"MIN_ZOOM":0,"MIN_LABEL":4,"MAX_LABEL":9,"LABEL_X":24.089932,"LABEL_Y":55.103703,"NE_ID":1159321029,"WIKIDATAID":"Q37","NAME_AR":"ليتوانيا","NAME_BN":"লিথুয়ানিয়া","NAME_DE":"Litauen","NAME_EN":"Lithuania","NAME_ES":"Lituania","NAME_FA":"لیتوانی","NAME_FR":"Lituanie","NAME_EL":"Λιθουανία","NAME_HE":"ליטא","NAME_HI":"लिथुआनिया","NAME_HU":"Litvánia","NAME_ID":"Lituania","NAME_IT":"Lituania","NAME_JA":"リトアニア","NAME_KO":"리투아니아","NAME_NL":"Litouwen","NAME_PL":"Litwa","NAME_PT":"Lituânia","NAME_RU":"Литва","NAME_SV":"Litauen","NAME_TR":"Litvanya","NAME_UK":"Литва","NAME_UR":"لتھووینیا","NAME_VI":"Litva","NAME_ZH":"立陶宛","NAME_ZHT":"立陶宛","FCLASS_ISO":"Admin-0 country","TLC_DIFF":null,"FCLASS_TLC":"Admin-0 country","FCLASS_US":null,"FCLASS_FR":null,"FCLASS_RU":null,"FCLASS_ES":null,"FCLASS_CN":null,"FCLASS_TW":null,"FCLASS_IN":null,"FCLASS_NP":null,"FCLASS_PK":null,"FCLASS_DE":null,"FCLASS_GB":null,"FCLASS_BR":null,"FCLASS_IL":null,"FCLASS_PS":null,"FCLASS_SA":null,"FCLASS_EG":null,"FCLASS_MA":null,"FCLASS_PT":null,"FCLASS_AR":null,"FCLASS_JP":null,"FCLASS_KO":null,"FCLASS_VN":null,"FCLASS_TR":null,"FCLASS_ID":null,"FCLASS_PL":null,"FCLASS_GR":null,"FCLASS_IT":null,"FCLASS_NL":null,"FCLASS_SE":null,"FCLASS_BD":null,"FCLASS_UA":null},"geometry":{"type":"MultiPolygon","coordinates":[[],[]]}},{"type":"Feature","bbox":[9.310254,19.496631,25.150488,33.181934],"properties":{"featurecla":"Admin-0 country","scalerank":1,"LABELRANK":3,"SOVEREIGNT":"Libya","SOV_A3":"LBY","ADM0_DIF":0,"LEVEL":2,"TYPE":"Sovereign country","TLC":"1","ADMIN":"Libya","ADM0_A3":"LBY","GEOU_DIF":0,"GEOUNIT":"Libya","GU_A3":"LBY","SU_DIF":0,"SUBUNIT":"Libya","SU_A3":"LBY","BRK_DIFF":0,"NAME":"Libya","NAME_LONG":"Libya","BRK_A3":"LBY","BRK_NAME":"Libya","BRK_GROUP":null,"ABBREV":"Libya","POSTAL":"LY","FORMAL_EN":"Libya","FORMAL_FR":null,"NAME_CIAWF":"Libya","NOTE_ADM0":null,"NOTE_BRK":null,"NAME_SORT":"Libya","NAME_ALT":null,"MAPCOLOR7":1,"MAPCOLOR8":2,"MAPCOLOR9":2,"MAPCOLOR13":11,"POP_EST":6777452,"POP_RANK":13,"POP_YEAR":2019,"GDP_MD":52091,"GDP_YEAR":2019,"ECONOMY":"6. Developing region","INCOME_GRP":"3. Upper middle income","FIPS_10":"LY","ISO_A2":"LY","ISO_A2_EH":"LY","ISO_A3":"LBY","ISO_A3_EH":"LBY","ISO_N3":"434","ISO_N3_EH":"434","UN_A3":"434","WB_A2":"LY","WB_A3":"LBY","WOE_ID":23424882,"WOE_ID_EH":23424882,"WOE_NOTE":"Exact WOE match as country","ADM0_ISO":"LBY","ADM0_DIFF":null,"ADM0_TLC":"LBY","ADM0_A3_US":"LBY","ADM0_A3_FR":"LBY","ADM0_A3_RU":"LBY","ADM0_A3_ES":"LBY","ADM0_A3_CN":"LBY","ADM0_A3_TW":"LBY","ADM0_A3_IN":"LBY","ADM0_A3_NP":"LBY","ADM0_A3_PK":"LBY","ADM0_A3_DE":"LBY","ADM0_A3_GB":"LBY","ADM0_A3_BR":"LBY","ADM0_A3_IL":"LBY","ADM0_A3_PS":"LBY","ADM0_A3_SA":"LBY","ADM0_A3_EG":"LBY","ADM0_A3_MA":"LBY","ADM0_A3_PT":"LBY","ADM0_A3_AR":"LBY","ADM0_A3_JP":"LBY","ADM0_A3_KO":"LBY","ADM0_A3_VN":"LBY","ADM0_A3_TR":"LBY","ADM0_A3_ID":"LBY","ADM0_A3_PL":"LBY","ADM0_A3_GR":"LBY","ADM0_A3_IT":"LBY","ADM0_A3_NL":"LBY","ADM0_A3_SE":"LBY","ADM0_A3_BD":"LBY","ADM0_A3_UA":"LBY","ADM0_A3_UN":-99,"ADM0_A3_WB":-99,"CONTINENT":"Africa","REGION_UN":"Africa","SUBREGION":"Northern Africa","REGION_WB":"Middle East & North Africa","NAME_LEN":5,"LONG_LEN":5,"ABBREV_LEN":5,"TINY":-99,"HOMEPART":1,"MIN_ZOOM":0,"MIN_LABEL":3,"MAX_LABEL":8,"LABEL_X":18.011015,"LABEL_Y":26.638944,"NE_ID":1159321017,"WIKIDATAID":"Q1016","NAME_AR":"ليبيا","NAME_BN":"লিবিয়া","NAME_DE":"Libyen","NAME_EN":"Libya","NAME_ES":"Libia","NAME_FA":"لیبی","NAME_FR":"Libye","NAME_EL":"Λιβύη","NAME_HE":"לוב","NAME_HI":"लीबिया","NAME_HU":"Líbia","NAME_ID":"Libya","NAME_IT":"Libia","NAME_JA":"リビア","NAME_KO":"리비아","NAME_NL":"Libië","NAME_PL":"Libia","NAME_PT":"Líbia","NAME_RU":"Ливия","NAME_SV":"Libyen","NAME_TR":"Libya","NAME_UK":"Лівія","NAME_UR":"لیبیا","NAME_VI":"Libya","NAME_ZH":"利比亚","NAME_ZHT":"利比亞","FCLASS_ISO":"Admin-0 country","TLC_DIFF":null,"FCLASS_TLC":"Admin-0 country","FCLASS_US":null,"FCLASS_FR":null,"FCLASS_RU":null,"FCLASS_ES":null,"FCLASS_CN":null,"FCLASS_TW":null,"FCLASS_IN":null,"FCLASS_NP":null,"FCLASS_PK":null,"FCLASS_DE":null,"FCLASS_GB":null,"FCLASS_BR":null,"FCLASS_IL":null,"FCLASS_PS":null,"FCLASS_SA":null,"FCLASS_EG":null,"FCLASS_MA":null,"FCLASS_PT":null,"FCLASS_AR":null,"FCLASS_JP":null,"FCLASS_KO":null,"FCLASS_VN":null,"FCLASS_TR":null,"FCLASS_ID":null,"FCLASS_PL":null,"FCLASS_GR":null,"FCLASS_IT":null,"FCLASS_NL":null,"FCLASS_SE":null,"FCLASS_BD":null,"FCLASS_UA":null},"geometry":{"type":"Polygon","coordinates":[[[9.51875,30.229395],[9.637988,30.282324],[9.807422,30.342236],[9.89502,30.387305],[9.93252,30.425342],[10.059766,30.580078],[10.125977,30.665967],[10.216406,30.783203],[10.256055,30.864941],[10.257031,30.94082],[10.243359,31.032129],[10.172656,31.250977],[10.114941,31.46377],[10.159863,31.545801],[10.195996,31.585107],[10.274609,31.684961],[10.306055,31.704834],[10.475781,31.736035],[10.543652,31.802539],[10.595508,31.885742],[10.608887,31.929541],[10.683008,31.975391],[10.771582,32.021191],[10.826367,32.080664],[11.005176,32.172705],[11.168262,32.256738],[11.358008,32.345215],[11.50498,32.413672],[11.535938,32.47334],[11.533789,32.524951],[11.453906,32.642578],[11.453906,32.781689],[11.45918,32.897363],[11.467188,32.965723],[11.502441,33.155566],[11.50459,33.181934],[11.657129,33.118896],[11.813477,33.093701],[12.279883,32.858545],[12.427051,32.829102],[12.753516,32.801074],[13.138086,32.897363],[13.283496,32.914648],[13.536328,32.824268],[13.647754,32.798828],[13.835352,32.791797],[14.155664,32.709766],[14.237109,32.68125],[14.423828,32.550293],[14.513379,32.511084],[15.176563,32.391162],[15.266895,32.31167],[15.359082,32.159668],[15.363086,31.971191],[15.414062,31.834229],[15.496387,31.656787],[15.595801,31.531104],[15.705957,31.426416],[15.832227,31.360986],[16.123047,31.264453],[16.450977,31.227295],[16.781543,31.214746],[17.349219,31.081494],[17.830469,30.927588],[17.949316,30.851904],[18.19043,30.777295],[18.669824,30.415674],[18.936426,30.29043],[19.12373,30.266113],[19.291699,30.288086],[19.589844,30.41377],[19.713281,30.488379],[20.013184,30.800684],[20.111523,30.963721],[20.150977,31.078613],[20.141113,31.195508],[20.103809,31.300537],[20.02002,31.410645],[19.96123,31.556006],[19.926367,31.817529],[19.973438,31.999072],[20.030957,32.107861],[20.121484,32.21875],[20.370605,32.430762],[20.621094,32.580176],[21.062305,32.775537],[21.31875,32.777686],[21.424707,32.79917],[21.635938,32.937305],[21.721387,32.94248],[21.839453,32.908643],[22.187402,32.918262],[22.340625,32.879883],[22.523438,32.793945],[22.754102,32.740527],[22.916895,32.687158],[23.090625,32.61875],[23.129688,32.448145],[23.110449,32.397412],[23.10625,32.331445],[23.286328,32.213818],[23.797656,32.158691],[23.898438,32.127197],[24.038965,32.037012],[24.129688,32.009229],[24.479785,31.996533],[24.683887,32.015967],[24.878516,31.984277],[24.950684,31.953711],[25.025,31.88335],[25.115039,31.712305],[25.150488,31.65498],[25.112012,31.626904],[25.057227,31.567187],[25.022656,31.514014],[24.92998,31.42749],[24.852734,31.334814],[24.859961,31.19917],[24.877539,31.06123],[24.929492,30.926465],[24.973926,30.776562],[24.961426,30.678516],[24.923047,30.558008],[24.877539,30.45752],[24.726465,30.250586],[24.703223,30.201074],[24.711621,30.131543],[24.803711,29.886035],[24.81084,29.80874],[24.865918,29.570264],[24.916113,29.37627],[24.97168,29.223828],[24.980273,29.181885],[24.980273,28.957324],[24.980273,28.732764],[24.980273,28.508203],[24.980273,28.283643],[24.980273,28.059082],[24.980273,27.834521],[24.980273,27.609961],[24.980273,27.3854],[24.980273,27.16084],[24.980273,26.93623],[24.980273,26.71167],[24.980273,26.487109],[24.980273,26.262549],[24.980273,26.037988],[24.980273,25.813428],[24.980273,25.588867],[24.980273,25.364307],[24.980273,25.139746],[24.980273,24.915186],[24.980273,24.690625],[24.980273,24.466064],[24.980273,24.241504],[24.980273,24.016943],[24.980273,23.792383],[24.980273,23.567822],[24.980273,23.343213],[24.980273,23.118652],[24.980273,22.894092],[24.980273,22.669531],[24.980273,22.444971],[24.980273,22.22041],[24.980273,21.99585],[24.980078,21.497559],[24.979883,20.999219],[24.979688,20.500928],[24.979492,20.002588],[24.976367,20.000781],[24.973242,19.999023],[24.970215,19.997266],[24.966992,19.995459],[24.72041,19.995557],[24.473633,19.995703],[24.226953,19.99585],[23.980273,19.995947],[23.980273,19.871094],[23.980273,19.746289],[23.980273,19.621484],[23.980273,19.496631],[23.50127,19.733203],[23.022168,19.969775],[22.543066,20.206348],[22.064063,20.44292],[21.584961,20.679492],[21.105859,20.916113],[20.626758,21.152637],[20.147656,21.389258],[19.668555,21.62583],[19.189453,21.862402],[18.710449,22.098975],[18.231348,22.335547],[17.752246,22.572119],[17.273242,22.808691],[16.794141,23.045264],[16.315039,23.281836],[15.984082,23.445215],[15.627148,23.285742],[15.347461,23.160693],[14.979004,22.996191],[14.978906,22.996289],[14.555664,22.78252],[14.230762,22.618457],[14.215527,22.619678],[14.200684,22.62373],[13.862695,22.9021],[13.598633,23.119531],[13.48125,23.180176],[12.983594,23.29126],[12.48877,23.40166],[11.967871,23.517871],[11.873047,23.694824],[11.766992,23.892578],[11.624219,24.139697],[11.536914,24.29082],[11.507617,24.314355],[11.108203,24.434033],[10.686133,24.551367],[10.438965,24.480225],[10.395898,24.485596],[10.325781,24.530225],[10.255859,24.591016],[10.218652,24.676221],[10.119531,24.790234],[10.028125,25.051025],[10.019043,25.258545],[10.000684,25.33208],[9.781055,25.624268],[9.58125,25.890137],[9.448242,26.067139],[9.422363,26.14707],[9.437891,26.245508],[9.491406,26.33374],[9.684961,26.438232],[9.859375,26.551953],[9.883203,26.630811],[9.894434,26.847949],[9.837109,26.91582],[9.79541,27.044775],[9.752539,27.219336],[9.747559,27.330859],[9.825293,27.552979],[9.916016,27.785693],[9.858203,28.043311],[9.815625,28.560205],[9.842578,28.966992],[9.820703,29.114795],[9.805273,29.176953],[9.745898,29.368945],[9.672656,29.566992],[9.640137,29.636426],[9.546191,29.795947],[9.391016,29.993652],[9.310254,30.115234],[9.420996,30.179297],[9.51875,30.229395]]]}},{"type":"Feature","bbox":[-11.50752,4.351318,-7.399902,8.537695],"properties":{"featurecla":"Admin-0 country","scalerank":1,"LABELRANK":4,"SOVEREIGNT":"Liberia","SOV_A3":"LBR","ADM0_DIF":0,"LEVEL":2,"TYPE":"Sovereign country","TLC":"1","ADMIN":"Liberia","ADM0_A3":"LBR","GEOU_DIF":0,"GEOUNIT":"Liberia","GU_A3":"LBR","SU_DIF":0,"SUBUNIT":"Liberia","SU_A3":"LBR","BRK_DIFF":0,"NAME":"Liberia","NAME_LONG":"Liberia","BRK_A3":"LBR","BRK_NAME":"Liberia","BRK_GROUP":null,"ABBREV":"Liberia","POSTAL":"LR","FORMAL_EN":"Republic of Liberia","FORMAL_FR":null,"NAME_CIAWF":"Liberia","NOTE_ADM0":null,"NOTE_BRK":null,"NAME_SORT":"Liberia","NAME_ALT":null,"MAPCOLOR7":2,"MAPCOLOR8":3,"MAPCOLOR9":4,"MAPCOLOR13":9,"POP_EST":4937374,"POP_RANK":12,"POP_YEAR":2019,"GDP_MD":3070,"GDP_YEAR":2019,"ECONOMY":"7. Least developed region","INCOME_GRP":"5. Low income","FIPS_10":"LI","ISO_A2":"LR","ISO_A2_EH":"LR","ISO_A3":"LBR","ISO_A3_EH":"LBR","ISO_N3":"430","ISO_N3_EH":"430","UN_A3":"430","WB_A2":"LR","WB_A3":"LBR","WOE_ID":23424876,"WOE_ID_EH":23424876,"WOE_NOTE":"Exact WOE match as country","ADM0_ISO":"LBR","ADM0_DIFF":null,"ADM0_TLC":"LBR","ADM0_A3_US":"LBR","ADM0_A3_FR":"LBR","ADM0_A3_RU":"LBR","ADM0_A3_ES":"LBR","ADM0_A3_CN":"LBR","ADM0_A3_TW":"LBR","ADM0_A3_IN":"LBR","ADM0_A3_NP":"LBR","ADM0_A3_PK":"LBR","ADM0_A3_DE":"LBR","ADM0_A3_GB":"LBR","ADM0_A3_BR":"LBR","ADM0_A3_IL":"LBR","ADM0_A3_PS":"LBR","ADM0_A3_SA":"LBR","ADM0_A3_EG":"LBR","ADM0_A3_MA":"LBR","ADM0_A3_PT":"LBR","ADM0_A3_AR":"LBR","ADM0_A3_JP":"LBR","ADM0_A3_KO":"LBR","ADM0_A3_VN":"LBR","ADM0_A3_TR":"LBR","ADM0_A3_ID":"LBR","ADM0_A3_PL":"LBR","ADM0_A3_GR":"LBR","ADM0_A3_IT":"LBR","ADM0_A3_NL":"LBR","ADM0_A3_SE":"LBR","ADM0_A3_BD":"LBR","ADM0_A3_UA":"LBR","ADM0_A3_UN":-99,"ADM0_A3_WB":-99,"CONTINENT":"Africa","REGION_UN":"Africa","SUBREGION":"Western Africa","REGION_WB":"Sub-Saharan Africa","NAME_LEN":7,"LONG_LEN":7,"ABBREV_LEN":7,"TINY":-99,"HOMEPART":1,"MIN_ZOOM":0,"MIN_LABEL":4,"MAX_LABEL":9,"LABEL_X":-9.460379,"LABEL_Y":6.447177,"NE_ID":1159321015,"WIKIDATAID":"Q1014","NAME_AR":"ليبيريا","NAME_BN":"লাইবেরিয়া","NAME_DE":"Liberia","NAME_EN":"Liberia","NAME_ES":"Liberia","NAME_FA":"لیبریا","NAME_FR":"Liberia","NAME_EL":"Λιβερία","NAME_HE":"ליבריה","NAME_HI":"लाइबेरिया","NAME_HU":"Libéria","NAME_ID":"Liberia","NAME_IT":"Liberia","NAME_JA":"リベリア","NAME_KO":"라이베리아","NAME_NL":"Liberia","NAME_PL":"Liberia","NAME_PT":"Libéria","NAME_RU":"Либерия","NAME_SV":"Liberia","NAME_TR":"Liberya","NAME_UK":"Ліберія","NAME_UR":"لائبیریا","NAME_VI":"Liberia","NAME_ZH":"利比里亚","NAME_ZHT":"賴比瑞亞","FCLASS_ISO":"Admin-0 country","TLC_DIFF":null,"FCLASS_TLC":"Admin-0 country","FCLASS_US":null,"FCLASS_FR":null,"FCLASS_RU":null,"FCLASS_ES":null,"FCLASS_CN":null,"FCLASS_TW":null,"FCLASS_IN":null,"FCLASS_NP":null,"FCLASS_PK":null,"FCLASS_DE":null,"FCLASS_GB":null,"FCLASS_BR":null,"FCLASS_IL":null,"FCLASS_PS":null,"FCLASS_SA":null,"FCLASS_EG":null,"FCLASS_MA":null,"FCLASS_PT":null,"FCLASS_AR":null,"FCLASS_JP":null,"FCLASS_KO":null,"FCLASS_VN":null,"FCLASS_TR":null,"FCLASS_ID":null,"FCLASS_PL":null,"FCLASS_GR":null,"FCLASS_IT":null,"FCLASS_NL":null,"FCLASS_SE":null,"FCLASS_BD":null,"FCLASS_UA":null},"geometry":{"type":"Polygon","coordinates":[[[-11.50752,6.906543],[-11.454541,6.951221],[-11.37666,7.094678],[-11.267676,7.232617],[-11.166113,7.314404],[-11.0854,7.398584],[-11.000244,7.463037],[-10.878076,7.538232],[-10.691309,7.736426],[-10.647461,7.759375],[-10.617578,7.896436],[-10.57085,8.071143],[-10.516748,8.125293],[-10.389551,8.157617],[-10.359814,8.187939],[-10.314648,8.31084],[-10.285742,8.454102],[-10.283203,8.485156],[-10.233057,8.488818],[-10.147412,8.519727],[-10.097656,8.505859],[-10.075684,8.4646],[-10.064355,8.429883],[-9.804736,8.519189],[-9.781982,8.537695],[-9.768262,8.53457],[-9.735596,8.453955],[-9.716895,8.458887],[-9.701172,8.482178],[-9.683887,8.484424],[-9.663574,8.473535],[-9.643213,8.436035],[-9.610156,8.402344],[-9.553906,8.378613],[-9.518262,8.346094],[-9.522217,8.26001],[-9.508496,8.17627],[-9.484131,8.156982],[-9.471143,8.106982],[-9.464551,8.0521],[-9.451123,8.023242],[-9.441553,7.96792],[-9.446387,7.908496],[-9.436328,7.866699],[-9.394922,7.794629],[-9.369141,7.703809],[-9.368945,7.639551],[-9.383984,7.571875],[-9.411475,7.509961],[-9.459766,7.442529],[-9.463818,7.415869],[-9.435107,7.398438],[-9.39165,7.394922],[-9.355322,7.408691],[-9.263281,7.377734],[-9.215186,7.333301],[-9.172852,7.278418],[-9.134814,7.250586],[-9.117578,7.215918],[-9.052344,7.225488],[-8.976562,7.258887],[-8.960986,7.274609],[-8.938428,7.266162],[-8.889648,7.262695],[-8.855518,7.322803],[-8.82793,7.391943],[-8.769141,7.466797],[-8.740234,7.495703],[-8.732617,7.543555],[-8.729443,7.605273],[-8.708301,7.658887],[-8.659766,7.688379],[-8.607324,7.687939],[-8.578857,7.677051],[-8.564404,7.625098],[-8.522266,7.585547],[-8.486426,7.558496],[-8.467285,7.547021],[-8.437158,7.516406],[-8.40874,7.411816],[-8.296631,7.074023],[-8.302344,6.980957],[-8.324512,6.92002],[-8.325098,6.8604],[-8.332568,6.801562],[-8.401221,6.705127],[-8.603564,6.507812],[-8.587891,6.490527],[-8.539551,6.468066],[-8.490332,6.456396],[-8.449902,6.4625],[-8.399316,6.413184],[-8.344873,6.35127],[-8.287109,6.319043],[-8.203857,6.290723],[-8.131006,6.287549],[-8.068945,6.298389],[-7.981592,6.286133],[-7.888623,6.234863],[-7.855518,6.150146],[-7.833252,6.076367],[-7.800928,6.038916],[-7.796533,5.975098],[-7.730371,5.919043],[-7.636133,5.907715],[-7.513916,5.842041],[-7.482812,5.845508],[-7.469434,5.853711],[-7.454395,5.841309],[-7.42373,5.651318],[-7.399902,5.550586],[-7.412451,5.509912],[-7.428906,5.477881],[-7.429834,5.324512],[-7.485205,5.236426],[-7.494141,5.139795],[-7.509766,5.108496],[-7.568896,5.080664],[-7.569336,5.006445],[-7.585059,4.916748],[-7.591211,4.821533],[-7.574658,4.572314],[-7.571582,4.386426],[-7.544971,4.351318],[-7.66001,4.366797],[-7.998242,4.508691],[-8.259033,4.58999],[-9.132178,5.054639],[-9.374756,5.241064],[-9.654395,5.518701],[-10.276367,6.077637],[-10.418164,6.167334],[-10.59707,6.210938],[-10.707617,6.258496],[-10.785596,6.310156],[-10.849023,6.465088],[-11.004541,6.557373],[-11.291602,6.688232],[-11.50752,6.906543]]]}},{"type":"Feature","bbox":[27.051758,-30.642285,29.390723,-28.581738],"properties":{"featurecla":"Admin-0 country","scalerank":1,"LABELRANK":6,"SOVEREIGNT":"Lesotho","SOV_A3":"LSO","ADM0_DIF":0,"LEVEL":2,"TYPE":"Sovereign country","TLC":"1","ADMIN":"Lesotho","ADM0_A3":"LSO","GEOU_DIF":0,"GEOUNIT":"Lesotho","GU_A3":"LSO","SU_DIF":0,"SUBUNIT":"Lesotho","SU_A3":"LSO","BRK_DIFF":0,"NAME":"Lesotho","NAME_LONG":"Lesotho","BRK_A3":"LSO","BRK_NAME":"Lesotho","BRK_GROUP":null,"ABBREV":"Les.","POSTAL":"LS","FORMAL_EN":"Kingdom of Lesotho","FORMAL_FR":null,"NAME_CIAWF":"Lesotho","NOTE_ADM0":null,"NOTE_BRK":null,"NAME_SORT":"Lesotho","NAME_ALT":null,"MAPCOLOR7":1,"MAPCOLOR8":5,"MAPCOLOR9":2,"MAPCOLOR13":8,"POP_EST":2125268,"POP_RANK":12,"POP_YEAR":2019,"GDP_MD":2376,"GDP_YEAR":2019,"ECONOMY":"7. Least developed region","INCOME_GRP":"4. Lower middle income","FIPS_10":"LT","ISO_A2":"LS","ISO_A2_EH":"LS","ISO_A3":"LSO","ISO_A3_EH":"LSO","ISO_N3":"426","ISO_N3_EH":"426","UN_A3":"426","WB_A2":"LS","WB_A3":"LSO","WOE_ID":23424880,"WOE_ID_EH":23424880,"WOE_NOTE":"Exact WOE match as country","ADM0_ISO":"LSO","ADM0_DIFF":null,"ADM0_TLC":"LSO","ADM0_A3_US":"LSO","ADM0_A3_FR":"LSO","ADM0_A3_RU":"LSO","ADM0_A3_ES":"LSO","ADM0_A3_CN":"LSO","ADM0_A3_TW":"LSO","ADM0_A3_IN":"LSO","ADM0_A3_NP":"LSO","ADM0_A3_PK":"LSO","ADM0_A3_DE":"LSO","ADM0_A3_GB":"LSO","ADM0_A3_BR":"LSO","ADM0_A3_IL":"LSO","ADM0_A3_PS":"LSO","ADM0_A3_SA":"LSO","ADM0_A3_EG":"LSO","ADM0_A3_MA":"LSO","ADM0_A3_PT":"LSO","ADM0_A3_AR":"LSO","ADM0_A3_JP":"LSO","ADM0_A3_KO":"LSO","ADM0_A3_VN":"LSO","ADM0_A3_TR":"LSO","ADM0_A3_ID":"LSO","ADM0_A3_PL":"LSO","ADM0_A3_GR":"LSO","ADM0_A3_IT":"LSO","ADM0_A3_NL":"LSO","ADM0_A3_SE":"LSO","ADM0_A3_BD":"LSO","ADM0_A3_UA":"LSO","ADM0_A3_UN":-99,"ADM0_A3_WB":-99,"CONTINENT":"Africa","REGION_UN":"Africa","SUBREGION":"Southern Africa","REGION_WB":"Sub-Saharan Africa","NAME_LEN":7,"LONG_LEN":7,"ABBREV_LEN":4,"TINY":-99,"HOMEPART":1,"MIN_ZOOM":0,"MIN_LABEL":4,"MAX_LABEL":9,"LABEL_X":28.246639,"LABEL_Y":-29.480158,"NE_ID":1159321027,"WIKIDATAID":"Q1013","NAME_AR":"ليسوتو","NAME_BN":"লেসোথো","NAME_DE":"Lesotho","NAME_EN":"Lesotho","NAME_ES":"Lesoto","NAME_FA":"لسوتو","NAME_FR":"Lesotho","NAME_EL":"Λεσότο","NAME_HE":"לסוטו","NAME_HI":"लेसोथो","NAME_HU":"Lesotho","NAME_ID":"Lesotho","NAME_IT":"Lesotho","NAME_JA":"レソト","NAME_KO":"레소토","NAME_NL":"Lesotho","NAME_PL":"Lesotho","NAME_PT":"Lesoto","NAME_RU":"Лесото","NAME_SV":"Lesotho","NAME_TR":"Lesotho","NAME_UK":"Лесото","NAME_UR":"لیسوتھو","NAME_VI":"Lesotho","NAME_ZH":"莱索托","NAME_ZHT":"賴索托","FCLASS_ISO":"Admin-0 country","TLC_DIFF":null,"FCLASS_TLC":"Admin-0 country","FCLASS_US":null,"FCLASS_FR":null,"FCLASS_RU":null,"FCLASS_ES":null,"FCLASS_CN":null,"FCLASS_TW":null,"FCLASS_IN":null,"FCLASS_NP":null,"FCLASS_PK":null,"FCLASS_DE":null,"FCLASS_GB":null,"FCLASS_BR":null,"FCLASS_IL":null,"FCLASS_PS":null,"FCLASS_SA":null,"FCLASS_EG":null,"FCLASS_MA":null,"FCLASS_PT":null,"FCLASS_AR":null,"FCLASS_JP":null,"FCLASS_KO":null,"FCLASS_VN":null,"FCLASS_TR":null,"FCLASS_ID":null,"FCLASS_PL":null,"FCLASS_GR":null,"FCLASS_IT":null,"FCLASS_NL":null,"FCLASS_SE":null,"FCLASS_BD":null,"FCLASS_UA":null},"geometry":{"type":"Polygon","coordinates":[[[28.736914,-30.101953],[28.646875,-30.126563],[28.634375,-30.128711],[28.57666,-30.123047],[28.499609,-30.128906],[28.439063,-30.14248],[28.39209,-30.147559],[28.31543,-30.218457],[28.176172,-30.409863],[28.139063,-30.449902],[28.128711,-30.525098],[28.096387,-30.58457],[28.056836,-30.631055],[28.018164,-30.642285],[27.901855,-30.623828],[27.753125,-30.6],[27.666602,-30.542285],[27.589648,-30.466406],[27.549023,-30.41123],[27.506543,-30.380957],[27.491992,-30.363965],[27.431445,-30.338477],[27.408594,-30.325293],[27.388477,-30.315918],[27.364063,-30.279199],[27.349707,-30.247363],[27.355371,-30.158594],[27.312695,-30.105664],[27.239746,-30.015332],[27.193555,-29.941309],[27.130469,-29.840234],[27.091797,-29.753711],[27.051758,-29.664062],[27.056934,-29.625586],[27.095215,-29.599316],[27.207422,-29.554199],[27.294531,-29.519336],[27.356836,-29.455273],[27.424902,-29.360059],[27.458008,-29.302734],[27.491016,-29.276563],[27.527148,-29.236133],[27.590234,-29.146484],[27.660449,-29.046973],[27.735547,-28.940039],[27.830371,-28.909082],[27.959863,-28.87334],[28.084375,-28.77998],[28.232617,-28.70127],[28.471875,-28.61582],[28.583398,-28.594141],[28.625781,-28.581738],[28.652637,-28.597852],[28.681152,-28.646777],[28.721777,-28.687695],[28.816211,-28.758887],[28.85625,-28.776074],[28.953711,-28.881445],[29.058008,-28.953711],[29.178027,-29.036914],[29.259766,-29.07832],[29.301367,-29.089844],[29.335938,-29.163672],[29.370898,-29.218457],[29.390723,-29.269727],[29.386719,-29.319727],[29.348828,-29.441992],[29.293555,-29.566895],[29.249219,-29.618848],[29.195117,-29.65166],[29.142188,-29.700977],[29.121973,-29.801172],[29.098047,-29.919043],[29.029004,-29.967578],[28.975293,-29.999414],[28.901074,-30.038477],[28.736914,-30.101953]]]}},{"type":"Feature","bbox":[35.108594,33.075684,36.584961,34.678711],"properties":{"featurecla":"Admin-0 country","scalerank":1,"LABELRANK":5,"SOVEREIGNT":"Lebanon","SOV_A3":"LBN","ADM0_DIF":0,"LEVEL":2,"TYPE":"Sovereign country","TLC":"1","ADMIN":"Lebanon","ADM0_A3":"LBN","GEOU_DIF":0,"GEOUNIT":"Lebanon","GU_A3":"LBN","SU_DIF":0,"SUBUNIT":"Lebanon","SU_A3":"LBN","BRK_DIFF":0,"NAME":"Lebanon","NAME_LONG":"Lebanon","BRK_A3":"LBN","BRK_NAME":"Lebanon","BRK_GROUP":null,"ABBREV":"Leb.","POSTAL":"LB","FORMAL_EN":"Lebanese Republic","FORMAL_FR":null,"NAME_CIAWF":"Lebanon","NOTE_ADM0":null,"NOTE_BRK":null,"NAME_SORT":"Lebanon","NAME_ALT":null,"MAPCOLOR7":4,"MAPCOLOR8":4,"MAPCOLOR9":4,"MAPCOLOR13":12,"POP_EST":6855713,"POP_RANK":13,"POP_YEAR":2019,"GDP_MD":51991,"GDP_YEAR":2019,"ECONOMY":"6. Developing region","INCOME_GRP":"3. Upper middle income","FIPS_10":"LE","ISO_A2":"LB","ISO_A2_EH":"LB","ISO_A3":"LBN","ISO_A3_EH":"LBN","ISO_N3":"422","ISO_N3_EH":"422","UN_A3":"422","WB_A2":"LB","WB_A3":"LBN","WOE_ID":23424873,"WOE_ID_EH":23424873,"WOE_NOTE":"Exact WOE match as country","ADM0_ISO":"LBN","ADM0_DIFF":null,"ADM0_TLC":"LBN","ADM0_A3_US":"LBN","ADM0_A3_FR":"LBN","ADM0_A3_RU":"LBN","ADM0_A3_ES":"LBN","ADM0_A3_CN":"LBN","ADM0_A3_TW":"LBN","ADM0_A3_IN":"LBN","ADM0_A3_NP":"LBN","ADM0_A3_PK":"LBN","ADM0_A3_DE":"LBN","ADM0_A3_GB":"LBN","ADM0_A3_BR":"LBN","ADM0_A3_IL":"LBN","ADM0_A3_PS":"LBN","ADM0_A3_SA":"LBN","ADM0_A3_EG":"LBN","ADM0_A3_MA":"LBN","ADM0_A3_PT":"LBN","ADM0_A3_AR":"LBN","ADM0_A3_JP":"LBN","ADM0_A3_KO":"LBN","ADM0_A3_VN":"LBN","ADM0_A3_TR":"LBN","ADM0_A3_ID":"LBN","ADM0_A3_PL":"LBN","ADM0_A3_GR":"LBN","ADM0_A3_IT":"LBN","ADM0_A3_NL":"LBN","ADM0_A3_SE":"LBN","ADM0_A3_BD":"LBN","ADM0_A3_UA":"LBN","ADM0_A3_UN":-99,"ADM0_A3_WB":-99,"CONTINENT":"Asia","REGION_UN":"Asia","SUBREGION":"Western Asia","REGION_WB":"Middle East & North Africa","NAME_LEN":7,"LONG_LEN":7,"ABBREV_LEN":4,"TINY":4,"HOMEPART":1,"MIN_ZOOM":0,"MIN_LABEL":4,"MAX_LABEL":9,"LABEL_X":35.992892,"LABEL_Y":34.133368,"NE_ID":1159321013,"WIKIDATAID":"Q822","NAME_AR":"لبنان","NAME_BN":"লেবানন","NAME_DE":"Libanon","NAME_EN":"Lebanon","NAME_ES":"Líbano","NAME_FA":"لبنان","NAME_FR":"Liban","NAME_EL":"Λίβανος","NAME_HE":"לבנון","NAME_HI":"लेबनान","NAME_HU":"Libanon","NAME_ID":"Lebanon","NAME_IT":"Libano","NAME_JA":"レバノン","NAME_KO":"레바논","NAME_NL":"Libanon","NAME_PL":"Liban","NAME_PT":"Líbano","NAME_RU":"Ливан","NAME_SV":"Libanon","NAME_TR":"Lübnan","NAME_UK":"Ліван","NAME_UR":"لبنان","NAME_VI":"Liban","NAME_ZH":"黎巴嫩","NAME_ZHT":"黎巴嫩","FCLASS_ISO":"Admin-0 country","TLC_DIFF":null,"FCLASS_TLC":"Admin-0 country","FCLASS_US":null,"FCLASS_FR":null,"FCLASS_RU":null,"FCLASS_ES":null,"FCLASS_CN":null,"FCLASS_TW":null,"FCLASS_IN":null,"FCLASS_NP":null,"FCLASS_PK":null,"FCLASS_DE":null,"FCLASS_GB":null,"FCLASS_BR":null,"FCLASS_IL":null,"FCLASS_PS":null,"FCLASS_SA":null,"FCLASS_EG":null,"FCLASS_MA":null,"FCLASS_PT":null,"FCLASS_AR":null,"FCLASS_JP":null,"FCLASS_KO":null,"FCLASS_VN":null,"FCLASS_TR":null,"FCLASS_ID":null,"FCLASS_PL":null,"FCLASS_GR":null,"FCLASS_IT":null,"FCLASS_NL":null,"FCLASS_SE":null,"FCLASS_BD":null,"FCLASS_UA":null},"geometry":{"type":"Polygon","coordinates":[[[35.97627,34.629199],[36.151074,34.628613],[36.263574,34.632861],[36.296289,34.678711],[36.383887,34.65791],[36.433008,34.613477],[36.388672,34.566895],[36.32627,34.51333],[36.329883,34.499609],[36.376465,34.495166],[36.455566,34.466162],[36.504395,34.432373],[36.584961,34.22124],[36.535156,34.134326],[36.45752,34.056836],[36.422852,34.049854],[36.354883,34.011328],[36.297852,33.958643],[36.277832,33.925293],[36.282227,33.894189],[36.362793,33.855127],[36.365039,33.839355],[36.348535,33.827051],[36.283398,33.835596],[36.199414,33.839551],[36.149805,33.839502],[36.092188,33.831592],[36.018848,33.783936],[35.986133,33.752637],[35.968457,33.732422],[35.942383,33.667578],[35.97168,33.623096],[36.02666,33.597949],[36.034473,33.585059],[36.022266,33.5625],[35.967578,33.53457],[35.926563,33.500293],[35.914746,33.465381],[35.869141,33.431738],[35.840723,33.415674],[35.7875,33.369775],[35.734473,33.332617],[35.627246,33.275049],[35.60293,33.240625],[35.579297,33.271484],[35.53252,33.250488],[35.493164,33.119482],[35.41123,33.075684],[35.308887,33.079541],[35.22334,33.091992],[35.108594,33.083691],[35.155078,33.16001],[35.203516,33.258984],[35.251367,33.392627],[35.335742,33.503467],[35.51084,33.879736],[35.611816,34.032178],[35.647852,34.248242],[35.804297,34.437402],[35.921387,34.493311],[35.97793,34.547412],[35.97627,34.629199]]]}},{"type":"Feature","bbox":[46.531445,28.533154,48.44248,30.097314],"properties":{"featurecla":"Admin-0 country","scalerank":3,"LABELRANK":6,"SOVEREIGNT":"Kuwait","SOV_A3":"KWT","ADM0_DIF":0,"LEVEL":2,"TYPE":"Sovereign country","TLC":"1","ADMIN":"Kuwait","ADM0_A3":"KWT","GEOU_DIF":0,"GEOUNIT":"Kuwait","GU_A3":"KWT","SU_DIF":0,"SUBUNIT":"Kuwait","SU_A3":"KWT","BRK_DIFF":0,"NAME":"Kuwait","NAME_LONG":"Kuwait","BRK_A3":"KWT","BRK_NAME":"Kuwait","BRK_GROUP":null,"ABBREV":"Kwt.","POSTAL":"KW","FORMAL_EN":"State of Kuwait","FORMAL_FR":null,"NAME_CIAWF":"Kuwait","NOTE_ADM0":null,"NOTE_BRK":null,"NAME_SORT":"Kuwait","NAME_ALT":null,"MAPCOLOR7":2,"MAPCOLOR8":2,"MAPCOLOR9":2,"MAPCOLOR13":2,"POP_EST":4207083,"POP_RANK":12,"POP_YEAR":2019,"GDP_MD":134628,"GDP_YEAR":2019,"ECONOMY":"6. Developing region","INCOME_GRP":"2. High income: nonOECD","FIPS_10":"KU","ISO_A2":"KW","ISO_A2_EH":"KW","ISO_A3":"KWT","ISO_A3_EH":"KWT","ISO_N3":"414","ISO_N3_EH":"414","UN_A3":"414","WB_A2":"KW","WB_A3":"KWT","WOE_ID":23424870,"WOE_ID_EH":23424870,"WOE_NOTE":"Exact WOE match as country","ADM0_ISO":"KWT","ADM0_DIFF":null,"ADM0_TLC":"KWT","ADM0_A3_US":"KWT","ADM0_A3_FR":"KWT","ADM0_A3_RU":"KWT","ADM0_A3_ES":"KWT","ADM0_A3_CN":"KWT","ADM0_A3_TW":"KWT","ADM0_A3_IN":"KWT","ADM0_A3_NP":"KWT","ADM0_A3_PK":"KWT","ADM0_A3_DE":"KWT","ADM0_A3_GB":"KWT","ADM0_A3_BR":"KWT","ADM0_A3_IL":"KWT","ADM0_A3_PS":"KWT","ADM0_A3_SA":"KWT","ADM0_A3_EG":"KWT","ADM0_A3_MA":"KWT","ADM0_A3_PT":"KWT","ADM0_A3_AR":"KWT","ADM0_A3_JP":"KWT","ADM0_A3_KO":"KWT","ADM0_A3_VN":"KWT","ADM0_A3_TR":"KWT","ADM0_A3_ID":"KWT","ADM0_A3_PL":"KWT","ADM0_A3_GR":"KWT","ADM0_A3_IT":"KWT","ADM0_A3_NL":"KWT","ADM0_A3_SE":"KWT","ADM0_A3_BD":"KWT","ADM0_A3_UA":"KWT","ADM0_A3_UN":-99,"ADM0_A3_WB":-99,"CONTINENT":"Asia","REGION_UN":"Asia","SUBREGION":"Western Asia","REGION_WB":"Middle East & North Africa","NAME_LEN":6,"LONG_LEN":6,"ABBREV_LEN":4,"TINY":-99,"HOMEPART":1,"MIN_ZOOM":0,"MIN_LABEL":5,"MAX_LABEL":10,"LABEL_X":47.313999,"LABEL_Y":29.413628,"NE_ID":1159321009,"WIKIDATAID":"Q817","NAME_AR":"الكويت","NAME_BN":"কুয়েত","NAME_DE":"Kuwait","NAME_EN":"Kuwait","NAME_ES":"Kuwait","NAME_FA":"کویت","NAME_FR":"Koweït","NAME_EL":"Κουβέιτ","NAME_HE":"כווית","NAME_HI":"कुवैत","NAME_HU":"Kuvait","NAME_ID":"Kuwait","NAME_IT":"Kuwait","NAME_JA":"クウェート","NAME_KO":"쿠웨이트","NAME_NL":"Koeweit","NAME_PL":"Kuwejt","NAME_PT":"Kuwait","NAME_RU":"Кувейт","NAME_SV":"Kuwait","NAME_TR":"Kuveyt","NAME_UK":"Кувейт","NAME_UR":"کویت","NAME_VI":"Kuwait","NAME_ZH":"科威特","NAME_ZHT":"科威特","FCLASS_ISO":"Admin-0 country","TLC_DIFF":null,"FCLASS_TLC":"Admin-0 country","FCLASS_US":null,"FCLASS_FR":null,"FCLASS_RU":null,"FCLASS_ES":null,"FCLASS_CN":null,"FCLASS_TW":null,"FCLASS_IN":null,"FCLASS_NP":null,"FCLASS_PK":null,"FCLASS_DE":null,"FCLASS_GB":null,"FCLASS_BR":null,"FCLASS_IL":null,"FCLASS_PS":null,"FCLASS_SA":null,"FCLASS_EG":null,"FCLASS_MA":null,"FCLASS_PT":null,"FCLASS_AR":null,"FCLASS_JP":null,"FCLASS_KO":null,"FCLASS_VN":null,"FCLASS_TR":null,"FCLASS_ID":null,"FCLASS_PL":null,"FCLASS_GR":null,"FCLASS_IT":null,"FCLASS_NL":null,"FCLASS_SE":null,"FCLASS_BD":null,"FCLASS_UA":null},"geometry":{"type":"MultiPolygon","coordinates":[[[[48.275391,29.624316],[48.218262,29.601953],[48.179688,29.611426],[48.142578,29.665283],[48.081445,29.798926],[48.114746,29.848779],[48.113477,29.870215],[48.120117,29.886328],[48.138867,29.896582],[48.158594,29.95957],[48.184766,29.978857],[48.227734,29.936328],[48.348242,29.782666],[48.347363,29.719971],[48.340234,29.694727],[48.275391,29.624316]]],[[[48.44248,28.54292],[48.26875,28.540527],[48.049609,28.5375],[47.871973,28.535449],[47.671289,28.533154],[47.583105,28.627979],[47.553223,28.731543],[47.521289,28.837842],[47.433203,28.989551],[47.13877,29.026172],[46.982227,29.045654],[46.724805,29.074609],[46.531445,29.09624],[46.69375,29.259668],[46.769336,29.347461],[46.905859,29.5375],[46.975977,29.672852],[47.043652,29.822998],[47.102051,29.93999],[47.114355,29.961328],[47.148242,30.000977],[47.223242,30.041504],[47.331348,30.079687],[47.514844,30.096484],[47.64375,30.097314],[47.672754,30.095605],[47.753906,30.076611],[47.978711,29.982812],[47.973633,29.945898],[48.005664,29.835791],[48.077344,29.715576],[48.136133,29.618115],[48.143457,29.572461],[48.089453,29.579102],[48.04834,29.59751],[47.969629,29.616699],[47.81748,29.487402],[47.725293,29.416943],[47.722656,29.393018],[47.845313,29.365723],[47.935352,29.366602],[47.998145,29.385547],[48.051465,29.355371],[48.086328,29.275488],[48.100391,29.210742],[48.183789,28.979395],[48.25293,28.90127],[48.339258,28.763281],[48.371289,28.691846],[48.389648,28.631592],[48.44248,28.54292]]]]}},{"type":"Feature","bbox":[33.9,-4.692383,41.883984,5.492285],"properties":{"featurecla":"Admin-0 country","scalerank":4,"LABELRANK":2,"SOVEREIGNT":"Kenya","SOV_A3":"KEN","ADM0_DIF":0,"LEVEL":2,"TYPE":"Sovereign country","TLC":"1","ADMIN":"Kenya","ADM0_A3":"KEN","GEOU_DIF":0,"GEOUNIT":"Kenya","GU_A3":"KEN","SU_DIF":0,"SUBUNIT":"Kenya","SU_A3":"KEN","BRK_DIFF":0,"NAME":"Kenya","NAME_LONG":"Kenya","BRK_A3":"KEN","BRK_NAME":"Kenya","BRK_GROUP":null,"ABBREV":"Ken.","POSTAL":"KE","FORMAL_EN":"Republic of Kenya","FORMAL_FR":null,"NAME_CIAWF":"Kenya","NOTE_ADM0":null,"NOTE_BRK":null,"NAME_SORT":"Kenya","NAME_ALT":null,"MAPCOLOR7":5,"MAPCOLOR8":2,"MAPCOLOR9":7,"MAPCOLOR13":3,"POP_EST":52573973,"POP_RANK":16,"POP_YEAR":2019,"GDP_MD":95503,"GDP_YEAR":2019,"ECONOMY":"5. Emerging region: G20","INCOME_GRP":"5. Low income","FIPS_10":"KE","ISO_A2":"KE","ISO_A2_EH":"KE","ISO_A3":"KEN","ISO_A3_EH":"KEN","ISO_N3":"404","ISO_N3_EH":"404","UN_A3":"404","WB_A2":"KE","WB_A3":"KEN","WOE_ID":23424863,"WOE_ID_EH":23424863,"WOE_NOTE":"Exact WOE match as country","ADM0_ISO":"KEN","ADM0_DIFF":null,"ADM0_TLC":"KEN","ADM0_A3_US":"KEN","ADM0_A3_FR":"KEN","ADM0_A3_RU":"KEN","ADM0_A3_ES":"KEN","ADM0_A3_CN":"KEN","ADM0_A3_TW":"KEN","ADM0_A3_IN":"KEN","ADM0_A3_NP":"KEN","ADM0_A3_PK":"KEN","ADM0_A3_DE":"KEN","ADM0_A3_GB":"KEN","ADM0_A3_BR":"KEN","ADM0_A3_IL":"KEN","ADM0_A3_PS":"KEN","ADM0_A3_SA":"KEN","ADM0_A3_EG":"KEN","ADM0_A3_MA":"KEN","ADM0_A3_PT":"KEN","ADM0_A3_AR":"KEN","ADM0_A3_JP":"KEN","ADM0_A3_KO":"KEN","ADM0_A3_VN":"KEN","ADM0_A3_TR":"KEN","ADM0_A3_ID":"KEN","ADM0_A3_PL":"KEN","ADM0_A3_GR":"KEN","ADM0_A3_IT":"KEN","ADM0_A3_NL":"KEN","ADM0_A3_SE":"KEN","ADM0_A3_BD":"KEN","ADM0_A3_UA":"KEN","ADM0_A3_UN":-99,"ADM0_A3_WB":-99,"CONTINENT":"Africa","REGION_UN":"Africa","SUBREGION":"Eastern Africa","REGION_WB":"Sub-Saharan Africa","NAME_LEN":5,"LONG_LEN":5,"ABBREV_LEN":4,"TINY":-99,"HOMEPART":1,"MIN_ZOOM":0,"MIN_LABEL":1.7,"MAX_LABEL":6.7,"LABEL_X":37.907632,"LABEL_Y":0.549043,"NE_ID":1159320971,"WIKIDATAID":"Q114","NAME_AR":"كينيا","NAME_BN":"কেনিয়া","NAME_DE":"Kenia","NAME_EN":"Kenya","NAME_ES":"Kenia","NAME_FA":"کنیا","NAME_FR":"Kenya","NAME_EL":"Κένυα","NAME_HE":"קניה","NAME_HI":"कीनिया","NAME_HU":"Kenya","NAME_ID":"Kenya","NAME_IT":"Kenya","NAME_JA":"ケニア","NAME_KO":"케냐","NAME_NL":"Kenia","NAME_PL":"Kenia","NAME_PT":"Quénia","NAME_RU":"Кения","NAME_SV":"Kenya","NAME_TR":"Kenya","NAME_UK":"Кенія","NAME_UR":"کینیا","NAME_VI":"Kenya","NAME_ZH":"肯尼亚","NAME_ZHT":"肯亞","FCLASS_ISO":"Admin-0 country","TLC_DIFF":null,"FCLASS_TLC":"Admin-0 country","FCLASS_US":null,"FCLASS_FR":null,"FCLASS_RU":null,"FCLASS_ES":null,"FCLASS_CN":null,"FCLASS_TW":null,"FCLASS_IN":null,"FCLASS_NP":null,"FCLASS_PK":null,"FCLASS_DE":null,"FCLASS_GB":null,"FCLASS_BR":null,"FCLASS_IL":null,"FCLASS_PS":null,"FCLASS_SA":null,"FCLASS_EG":null,"FCLASS_MA":null,"FCLASS_PT":null,"FCLASS_AR":null,"FCLASS_JP":null,"FCLASS_KO":null,"FCLASS_VN":null,"FCLASS_TR":null,"FCLASS_ID":null,"FCLASS_PL":null,"FCLASS_GR":null,"FCLASS_IT":null,"FCLASS_NL":null,"FCLASS_SE":null,"FCLASS_BD":null,"FCLASS_UA":null},"geometry":{"type":"MultiPolygon","coordinates":[[[[40.994434,-2.158398],[40.957324,-2.167285],[40.976465,-2.109766],[41.086035,-2.036523],[41.130664,-2.053027],[41.139258,-2.069824],[41.136816,-2.085059],[41.118164,-2.100098],[40.994434,-2.158398]]],[[[33.903223,-1.002051],[33.9,-0.831641],[33.924414,-0.397852],[33.921484,-0.016992],[33.943164,0.173779],[34.037207,0.294531],[34.080566,0.382471],[34.111719,0.505127],[34.160938,0.605176],[34.272559,0.686426],[34.292578,0.73125],[34.41084,0.867285],[34.481738,1.042139],[34.535254,1.101562],[34.601953,1.156445],[34.649121,1.185303],[34.726758,1.214258],[34.787598,1.230713],[34.798633,1.244531],[34.803809,1.272852],[34.783594,1.381152],[34.80957,1.416699],[34.850977,1.489014],[34.89834,1.556494],[34.941211,1.599268],[34.965234,1.643359],[34.976465,1.719629],[34.978223,1.773633],[34.977539,1.861914],[34.964063,2.062402],[34.913965,2.230176],[34.883008,2.41792],[34.905762,2.479687],[34.866211,2.589697],[34.84668,2.595752],[34.814453,2.619824],[34.773438,2.723437],[34.74248,2.818115],[34.723242,2.841943],[34.58916,2.924756],[34.522559,3.119971],[34.447852,3.163477],[34.407227,3.35752],[34.399414,3.412695],[34.441797,3.60625],[34.437695,3.650586],[34.392871,3.691504],[34.26709,3.733154],[34.165039,3.812988],[34.178223,3.840869],[34.185742,3.869775],[34.132031,3.88916],[33.976074,4.220215],[34.176855,4.419092],[34.380176,4.620654],[34.639844,4.875488],[34.87832,5.10957],[35.084473,5.311865],[35.268359,5.492285],[35.263867,5.45791],[35.264648,5.412061],[35.287598,5.384082],[35.325293,5.364893],[35.37793,5.385156],[35.424023,5.413281],[35.468652,5.419092],[35.74502,5.343994],[35.791406,5.278564],[35.788477,5.208105],[35.800293,5.156934],[35.779297,5.105566],[35.756152,4.950488],[35.763086,4.808008],[35.845605,4.702637],[35.919824,4.619824],[35.978711,4.503809],[36.021973,4.468115],[36.081934,4.449707],[36.271875,4.444727],[36.553027,4.437256],[36.823633,4.430127],[36.848242,4.427344],[36.905566,4.411475],[37.15459,4.254541],[37.38252,4.11084],[37.575488,3.985937],[37.762891,3.864648],[37.944922,3.746729],[38.086133,3.648828],[38.225293,3.618994],[38.451563,3.604834],[38.608008,3.600098],[38.752734,3.558984],[38.967773,3.520605],[39.12832,3.500879],[39.225488,3.47876],[39.494434,3.456104],[39.538867,3.469189],[39.65752,3.577832],[39.790332,3.754248],[39.842188,3.851465],[40.01416,3.947949],[40.316016,4.082715],[40.528711,4.177637],[40.765234,4.273047],[40.872656,4.190332],[41.020801,4.057471],[41.087207,3.991943],[41.14043,3.962988],[41.220898,3.943555],[41.318945,3.943066],[41.372461,3.946191],[41.481934,3.963281],[41.737695,3.979053],[41.883984,3.977734],[41.760938,3.801611],[41.613477,3.590479],[41.341797,3.20166],[41.134961,2.99707],[40.978711,2.842432],[40.964453,2.814648],[40.965039,2.642334],[40.966699,2.220947],[40.97002,1.378174],[40.973242,0.5354],[40.976562,-0.307324],[40.978223,-0.728711],[40.978711,-0.870313],[41.11582,-1.047461],[41.249805,-1.220508],[41.426953,-1.449512],[41.521875,-1.572266],[41.537598,-1.613184],[41.532715,-1.695312],[41.386914,-1.866992],[41.26748,-1.94502],[41.106836,-1.982324],[41.058691,-1.975195],[40.995508,-1.950586],[40.970703,-1.991797],[40.952148,-2.055957],[40.916602,-2.04248],[40.889746,-2.023535],[40.905859,-2.1375],[40.922363,-2.19375],[40.898242,-2.269922],[40.820117,-2.336328],[40.813184,-2.392383],[40.644141,-2.539453],[40.404492,-2.555664],[40.278516,-2.628613],[40.222461,-2.688379],[40.179785,-2.819043],[40.194727,-3.019238],[40.128125,-3.17334],[40.11543,-3.250586],[39.991699,-3.350684],[39.936816,-3.44248],[39.896289,-3.53584],[39.860938,-3.576758],[39.819141,-3.786035],[39.761426,-3.913086],[39.745801,-3.955176],[39.731641,-3.993262],[39.686914,-4.067871],[39.658008,-4.119141],[39.637109,-4.152832],[39.490918,-4.478418],[39.376953,-4.625488],[39.2875,-4.608594],[39.228125,-4.665527],[39.221777,-4.692383],[39.190137,-4.677246],[39.11543,-4.623535],[38.961914,-4.512988],[38.808398,-4.402441],[38.654883,-4.291895],[38.501367,-4.181445],[38.347852,-4.070898],[38.194336,-3.960352],[38.04082,-3.849805],[37.887305,-3.739258],[37.797266,-3.674414],[37.757422,-3.636133],[37.726172,-3.559766],[37.711035,-3.54082],[37.670117,-3.516797],[37.62207,-3.511523],[37.608203,-3.49707],[37.608691,-3.460254],[37.625391,-3.407227],[37.681836,-3.305762],[37.687988,-3.246191],[37.676855,-3.178418],[37.65918,-3.07002],[37.643848,-3.04541],[37.542188,-2.988574],[37.329004,-2.869629],[37.11582,-2.750586],[36.902637,-2.631641],[36.689453,-2.512598],[36.476367,-2.393555],[36.263086,-2.274609],[36.05,-2.155664],[35.836914,-2.036621],[35.62373,-1.917578],[35.410547,-1.798633],[35.197461,-1.67959],[34.984277,-1.560547],[34.771094,-1.441602],[34.55791,-1.322559],[34.344727,-1.203613],[34.131641,-1.08457],[34.051563,-1.039844],[33.979395,-1.002051],[33.903223,-1.002051]]]]}},{"type":"Feature","bbox":[46.60918,40.608643,87.322852,55.3896],"properties":{"featurecla":"Admin-0 country","scalerank":5,"LABELRANK":3,"SOVEREIGNT":"Kazakhstan","SOV_A3":"KA1","ADM0_DIF":1,"LEVEL":1,"TYPE":"Sovereignty","TLC":"1","ADMIN":"Kazakhstan","ADM0_A3":"KAZ","GEOU_DIF":0,"GEOUNIT":"Kazakhstan","GU_A3":"KAZ","SU_DIF":0,"SUBUNIT":"Kazakhstan","SU_A3":"KAZ","BRK_DIFF":0,"NAME":"Kazakhstan","NAME_LONG":"Kazakhstan","BRK_A3":"KAZ","BRK_NAME":"Kazakhstan","BRK_GROUP":null,"ABBREV":"Kaz.","POSTAL":"KZ","FORMAL_EN":"Republic of Kazakhstan","FORMAL_FR":null,"NAME_CIAWF":"Kazakhstan","NOTE_ADM0":null,"NOTE_BRK":null,"NAME_SORT":"Kazakhstan","NAME_ALT":null,"MAPCOLOR7":6,"MAPCOLOR8":1,"MAPCOLOR9":6,"MAPCOLOR13":1,"POP_EST":18513930,"POP_RANK":14,"POP_YEAR":2019,"GDP_MD":181665,"GDP_YEAR":2019,"ECONOMY":"6. Developing region","INCOME_GRP":"3. Upper middle income","FIPS_10":"KZ","ISO_A2":"KZ","ISO_A2_EH":"KZ","ISO_A3":"KAZ","ISO_A3_EH":"KAZ","ISO_N3":"398","ISO_N3_EH":"398","UN_A3":"398","WB_A2":"KZ","WB_A3":"KAZ","WOE_ID":-90,"WOE_ID_EH":23424871,"WOE_NOTE":"Includes Baykonur Cosmodrome as an Admin-1 states provinces","ADM0_ISO":"KAZ","ADM0_DIFF":null,"ADM0_TLC":"KAZ","ADM0_A3_US":"KAZ","ADM0_A3_FR":"KAZ","ADM0_A3_RU":"KAZ","ADM0_A3_ES":"KAZ","ADM0_A3_CN":"KAZ","ADM0_A3_TW":"KAZ","ADM0_A3_IN":"KAZ","ADM0_A3_NP":"KAZ","ADM0_A3_PK":"KAZ","ADM0_A3_DE":"KAZ","ADM0_A3_GB":"KAZ","ADM0_A3_BR":"KAZ","ADM0_A3_IL":"KAZ","ADM0_A3_PS":"KAZ","ADM0_A3_SA":"KAZ","ADM0_A3_EG":"KAZ","ADM0_A3_MA":"KAZ","ADM0_A3_PT":"KAZ","ADM0_A3_AR":"KAZ","ADM0_A3_JP":"KAZ","ADM0_A3_KO":"KAZ","ADM0_A3_VN":"KAZ","ADM0_A3_TR":"KAZ","ADM0_A3_ID":"KAZ","ADM0_A3_PL":"KAZ","ADM0_A3_GR":"KAZ","ADM0_A3_IT":"KAZ","ADM0_A3_NL":"KAZ","ADM0_A3_SE":"KAZ","ADM0_A3_BD":"KAZ","ADM0_A3_UA":"KAZ","ADM0_A3_UN":-99,"ADM0_A3_WB":-99,"CONTINENT":"Asia","REGION_UN":"Asia","SUBREGION":"Central Asia","REGION_WB":"Europe & Central Asia","NAME_LEN":10,"LONG_LEN":10,"ABBREV_LEN":4,"TINY":-99,"HOMEPART":1,"MIN_ZOOM":0,"MIN_LABEL":2.7,"MAX_LABEL":7,"LABEL_X":68.685548,"LABEL_Y":49.054149,"NE_ID":1159320967,"WIKIDATAID":"Q232","NAME_AR":"كازاخستان","NAME_BN":"কাজাখস্তান","NAME_DE":"Kasachstan","NAME_EN":"Kazakhstan","NAME_ES":"Kazajistán","NAME_FA":"قزاقستان","NAME_FR":"Kazakhstan","NAME_EL":"Καζακστάν","NAME_HE":"קזחסטן","NAME_HI":"कज़ाख़िस्तान","NAME_HU":"Kazahsztán","NAME_ID":"Kazakhstan","NAME_IT":"Kazakistan","NAME_JA":"カザフスタン","NAME_KO":"카자흐스탄","NAME_NL":"Kazachstan","NAME_PL":"Kazachstan","NAME_PT":"Cazaquistão","NAME_RU":"Казахстан","NAME_SV":"Kazakstan","NAME_TR":"Kazakistan","NAME_UK":"Казахстан","NAME_UR":"قازقستان","NAME_VI":"Kazakhstan","NAME_ZH":"哈萨克斯坦","NAME_ZHT":"哈薩克","FCLASS_ISO":"Admin-0 country","TLC_DIFF":null,"FCLASS_TLC":"Admin-0 country","FCLASS_US":null,"FCLASS_FR":null,"FCLASS_RU":null,"FCLASS_ES":null,"FCLASS_CN":null,"FCLASS_TW":null,"FCLASS_IN":null,"FCLASS_NP":null,"FCLASS_PK":null,"FCLASS_DE":null,"FCLASS_GB":null,"FCLASS_BR":null,"FCLASS_IL":null,"FCLASS_PS":null,"FCLASS_SA":null,"FCLASS_EG":null,"FCLASS_MA":null,"FCLASS_PT":null,"FCLASS_AR":null,"FCLASS_JP":null,"FCLASS_KO":null,"FCLASS_VN":null,"FCLASS_TR":null,"FCLASS_ID":null,"FCLASS_PL":null,"FCLASS_GR":null,"FCLASS_IT":null,"FCLASS_NL":null,"FCLASS_SE":null,"FCLASS_BD":null,"FCLASS_UA":null},"geometry":{"type":"MultiPolygon","coordinates":[[],[],[],[]]}},{"type":"Feature","bbox":[34.950781,29.190479,39.292773,33.372217],"properties":{"featurecla":"Admin-0 country","scalerank":1,"LABELRANK":4,"SOVEREIGNT":"Jordan","SOV_A3":"JOR","ADM0_DIF":0,"LEVEL":2,"TYPE":"Sovereign country","TLC":"1","ADMIN":"Jordan","ADM0_A3":"JOR","GEOU_DIF":0,"GEOUNIT":"Jordan","GU_A3":"JOR","SU_DIF":0,"SUBUNIT":"Jordan","SU_A3":"JOR","BRK_DIFF":0,"NAME":"Jordan","NAME_LONG":"Jordan","BRK_A3":"JOR","BRK_NAME":"Jordan","BRK_GROUP":null,"ABBREV":"Jord.","POSTAL":"J","FORMAL_EN":"Hashemite Kingdom of Jordan","FORMAL_FR":null,"NAME_CIAWF":"Jordan","NOTE_ADM0":null,"NOTE_BRK":null,"NAME_SORT":"Jordan","NAME_ALT":null,"MAPCOLOR7":5,"MAPCOLOR8":3,"MAPCOLOR9":4,"MAPCOLOR13":4,"POP_EST":10101694,"POP_RANK":14,"POP_YEAR":2019,"GDP_MD":44502,"GDP_YEAR":2019,"ECONOMY":"6. Developing region","INCOME_GRP":"3. Upper middle income","FIPS_10":"JO","ISO_A2":"JO","ISO_A2_EH":"JO","ISO_A3":"JOR","ISO_A3_EH":"JOR","ISO_N3":"400","ISO_N3_EH":"400","UN_A3":"400","WB_A2":"JO","WB_A3":"JOR","WOE_ID":23424860,"WOE_ID_EH":23424860,"WOE_NOTE":"Exact WOE match as country","ADM0_ISO":"JOR","ADM0_DIFF":null,"ADM0_TLC":"JOR","ADM0_A3_US":"JOR","ADM0_A3_FR":"JOR","ADM0_A3_RU":"JOR","ADM0_A3_ES":"JOR","ADM0_A3_CN":"JOR","ADM0_A3_TW":"JOR","ADM0_A3_IN":"JOR","ADM0_A3_NP":"JOR","ADM0_A3_PK":"JOR","ADM0_A3_DE":"JOR","ADM0_A3_GB":"JOR","ADM0_A3_BR":"JOR","ADM0_A3_IL":"JOR","ADM0_A3_PS":"JOR","ADM0_A3_SA":"JOR","ADM0_A3_EG":"JOR","ADM0_A3_MA":"JOR","ADM0_A3_PT":"JOR","ADM0_A3_AR":"JOR","ADM0_A3_JP":"JOR","ADM0_A3_KO":"JOR","ADM0_A3_VN":"JOR","ADM0_A3_TR":"JOR","ADM0_A3_ID":"JOR","ADM0_A3_PL":"JOR","ADM0_A3_GR":"JOR","ADM0_A3_IT":"JOR","ADM0_A3_NL":"JOR","ADM0_A3_SE":"JOR","ADM0_A3_BD":"JOR","ADM0_A3_UA":"JOR","ADM0_A3_UN":-99,"ADM0_A3_WB":-99,"CONTINENT":"Asia","REGION_UN":"Asia","SUBREGION":"Western Asia","REGION_WB":"Middle East & North Africa","NAME_LEN":6,"LONG_LEN":6,"ABBREV_LEN":5,"TINY":-99,"HOMEPART":1,"MIN_ZOOM":0,"MIN_LABEL":4,"MAX_LABEL":9,"LABEL_X":36.375991,"LABEL_Y":30.805025,"NE_ID":1159320935,"WIKIDATAID":"Q810","NAME_AR":"الأردن","NAME_BN":"জর্ডান","NAME_DE":"Jordanien","NAME_EN":"Jordan","NAME_ES":"Jordania","NAME_FA":"اردن","NAME_FR":"Jordanie","NAME_EL":"Ιορδανία","NAME_HE":"ירדן","NAME_HI":"जॉर्डन","NAME_HU":"Jordánia","NAME_ID":"Yordania","NAME_IT":"Giordania","NAME_JA":"ヨルダン","NAME_KO":"요르단","NAME_NL":"Jordanië","NAME_PL":"Jordania","NAME_PT":"Jordânia","NAME_RU":"Иордания","NAME_SV":"Jordanien","NAME_TR":"Ürdün","NAME_UK":"Йорданія","NAME_UR":"اردن","NAME_VI":"Jordan","NAME_ZH":"约旦","NAME_ZHT":"約旦","FCLASS_ISO":"Admin-0 country","TLC_DIFF":null,"FCLASS_TLC":"Admin-0 country","FCLASS_US":null,"FCLASS_FR":null,"FCLASS_RU":null,"FCLASS_ES":null,"FCLASS_CN":null,"FCLASS_TW":null,"FCLASS_IN":null,"FCLASS_NP":null,"FCLASS_PK":null,"FCLASS_DE":null,"FCLASS_GB":null,"FCLASS_BR":null,"FCLASS_IL":null,"FCLASS_PS":null,"FCLASS_SA":null,"FCLASS_EG":null,"FCLASS_MA":null,"FCLASS_PT":null,"FCLASS_AR":null,"FCLASS_JP":null,"FCLASS_KO":null,"FCLASS_VN":null,"FCLASS_TR":null,"FCLASS_ID":null,"FCLASS_PL":null,"FCLASS_GR":null,"FCLASS_IT":null,"FCLASS_NL":null,"FCLASS_SE":null,"FCLASS_BD":null,"FCLASS_UA":null},"geometry":{"type":"Polygon","coordinates":[[[35.787305,32.734912],[35.894727,32.71377],[35.956445,32.666699],[36.059473,32.533789],[36.219727,32.495117],[36.284277,32.457471],[36.37207,32.386914],[36.479199,32.361328],[36.818359,32.317285],[37.088965,32.465527],[37.317578,32.590771],[37.577441,32.733057],[37.754102,32.829834],[38.055762,32.994873],[38.254297,33.099219],[38.515625,33.236621],[38.773535,33.372217],[38.84502,33.150879],[38.914844,32.934668],[38.987402,32.710693],[39.057813,32.493164],[38.981641,32.472559],[39.041406,32.305664],[39.140039,32.331201],[39.247461,32.350977],[39.292773,32.243848],[39.14541,32.124512],[38.99707,32.007471],[38.962305,31.994922],[38.769629,31.946484],[38.375488,31.847461],[38.111426,31.781152],[37.773828,31.696338],[37.493359,31.625879],[37.215625,31.556104],[36.958594,31.491504],[37.105273,31.355176],[37.329492,31.146826],[37.479004,31.007764],[37.655469,30.828955],[37.812988,30.669287],[37.980078,30.5],[37.862891,30.442627],[37.669727,30.348145],[37.649902,30.330957],[37.633594,30.313281],[37.553613,30.14458],[37.490723,30.011719],[37.469238,29.995068],[37.199414,29.946289],[36.927051,29.89707],[36.755273,29.866016],[36.703906,29.831641],[36.591797,29.666113],[36.476074,29.495117],[36.282813,29.355371],[36.068457,29.200537],[36.01543,29.190479],[35.860352,29.214258],[35.595313,29.254883],[35.33916,29.294092],[35.16377,29.320947],[34.950781,29.353516],[34.982227,29.484473],[34.973438,29.555029],[35.023926,29.787061],[35.053418,29.896924],[35.068164,29.977881],[35.141602,30.141699],[35.132617,30.195312],[35.148145,30.384326],[35.140625,30.420898],[35.174023,30.523926],[35.236621,30.673486],[35.297852,30.802246],[35.320117,30.860205],[35.383008,30.982275],[35.439258,31.132422],[35.409668,31.214453],[35.400684,31.230518],[35.423535,31.324854],[35.422852,31.325391],[35.450586,31.479297],[35.46543,31.562354],[35.499414,31.672363],[35.558984,31.765527],[35.531445,31.984912],[35.534766,32.103027],[35.57207,32.237891],[35.551465,32.395508],[35.569043,32.619873],[35.572852,32.640869],[35.594531,32.668018],[35.61123,32.68208],[35.734473,32.728906],[35.787305,32.734912]]]}},{"type":"Feature","bbox":[123.679785,24.266064,145.833008,45.509521],"properties":{"featurecla":"Admin-0 country","scalerank":3,"LABELRANK":2,"SOVEREIGNT":"Japan","SOV_A3":"JPN","ADM0_DIF":0,"LEVEL":2,"TYPE":"Sovereign country","TLC":"1","ADMIN":"Japan","ADM0_A3":"JPN","GEOU_DIF":0,"GEOUNIT":"Japan","GU_A3":"JPN","SU_DIF":0,"SUBUNIT":"Japan","SU_A3":"JPN","BRK_DIFF":0,"NAME":"Japan","NAME_LONG":"Japan","BRK_A3":"JPN","BRK_NAME":"Japan","BRK_GROUP":null,"ABBREV":"Japan","POSTAL":"J","FORMAL_EN":"Japan","FORMAL_FR":null,"NAME_CIAWF":"Japan","NOTE_ADM0":null,"NOTE_BRK":null,"NAME_SORT":"Japan","NAME_ALT":null,"MAPCOLOR7":5,"MAPCOLOR8":3,"MAPCOLOR9":5,"MAPCOLOR13":4,"POP_EST":126264931,"POP_RANK":17,"POP_YEAR":2019,"GDP_MD":5081769,"GDP_YEAR":2019,"ECONOMY":"1. Developed region: G7","INCOME_GRP":"1. High income: OECD","FIPS_10":"JA","ISO_A2":"JP","ISO_A2_EH":"JP","ISO_A3":"JPN","ISO_A3_EH":"JPN","ISO_N3":"392","ISO_N3_EH":"392","UN_A3":"392","WB_A2":"JP","WB_A3":"JPN","WOE_ID":23424856,"WOE_ID_EH":23424856,"WOE_NOTE":"Exact WOE match as country","ADM0_ISO":"JPN","ADM0_DIFF":null,"ADM0_TLC":"JPN","ADM0_A3_US":"JPN","ADM0_A3_FR":"JPN","ADM0_A3_RU":"JPN","ADM0_A3_ES":"JPN","ADM0_A3_CN":"JPN","ADM0_A3_TW":"JPN","ADM0_A3_IN":"JPN","ADM0_A3_NP":"JPN","ADM0_A3_PK":"JPN","ADM0_A3_DE":"JPN","ADM0_A3_GB":"JPN","ADM0_A3_BR":"JPN","ADM0_A3_IL":"JPN","ADM0_A3_PS":"JPN","ADM0_A3_SA":"JPN","ADM0_A3_EG":"JPN","ADM0_A3_MA":"JPN","ADM0_A3_PT":"JPN","ADM0_A3_AR":"JPN","ADM0_A3_JP":"JPN","ADM0_A3_KO":"JPN","ADM0_A3_VN":"JPN","ADM0_A3_TR":"JPN","ADM0_A3_ID":"JPN","ADM0_A3_PL":"JPN","ADM0_A3_GR":"JPN","ADM0_A3_IT":"JPN","ADM0_A3_NL":"JPN","ADM0_A3_SE":"JPN","ADM0_A3_BD":"JPN","ADM0_A3_UA":"JPN","ADM0_A3_UN":-99,"ADM0_A3_WB":-99,"CONTINENT":"Asia","REGION_UN":"Asia","SUBREGION":"Eastern Asia","REGION_WB":"East Asia & Pacific","NAME_LEN":5,"LONG_LEN":5,"ABBREV_LEN":5,"TINY":-99,"HOMEPART":1,"MIN_ZOOM":0,"MIN_LABEL":1.7,"MAX_LABEL":7,"LABEL_X":138.44217,"LABEL_Y":36.142538,"NE_ID":1159320937,"WIKIDATAID":"Q17","NAME_AR":"اليابان","NAME_BN":"জাপান","NAME_DE":"Japan","NAME_EN":"Japan","NAME_ES":"Japón","NAME_FA":"ژاپن","NAME_FR":"Japon","NAME_EL":"Ιαπωνία","NAME_HE":"יפן","NAME_HI":"जापान","NAME_HU":"Japán","NAME_ID":"Jepang","NAME_IT":"Giappone","NAME_JA":"日本","NAME_KO":"일본","NAME_NL":"Japan","NAME_PL":"Japonia","NAME_PT":"Japão","NAME_RU":"Япония","NAME_SV":"Japan","NAME_TR":"Japonya","NAME_UK":"Японія","NAME_UR":"جاپان","NAME_VI":"Nhật Bản","NAME_ZH":"日本","NAME_ZHT":"日本","FCLASS_ISO":"Admin-0 country","TLC_DIFF":null,"FCLASS_TLC":"Admin-0 country","FCLASS_US":null,"FCLASS_FR":null,"FCLASS_RU":null,"FCLASS_ES":null,"FCLASS_CN":null,"FCLASS_TW":null,"FCLASS_IN":null,"FCLASS_NP":null,"FCLASS_PK":null,"FCLASS_DE":null,"FCLASS_GB":null,"FCLASS_BR":null,"FCLASS_IL":null,"FCLASS_PS":null,"FCLASS_SA":null,"FCLASS_EG":null,"FCLASS_MA":null,"FCLASS_PT":null,"FCLASS_AR":null,"FCLASS_JP":null,"FCLASS_KO":null,"FCLASS_VN":null,"FCLASS_TR":null,"FCLASS_ID":null,"FCLASS_PL":null,"FCLASS_GR":null,"FCLASS_IT":null,"FCLASS_NL":null,"FCLASS_SE":null,"FCLASS_BD":null,"FCLASS_UA":null},"geometry":{"type":"MultiPolygon","coordinates":[[],[],[],[],[],[],[],[],[],[],[],[],[],[],[],[],[],[],[],[],[],[],[],[],[],[],[],[],[],[],[],[],[],[]]}},{"type":"Feature","bbox":[6.627734,36.687842,18.48584,47.082129],"properties":{"featurecla":"Admin-0 country","scalerank":1,"LABELRANK":2,"SOVEREIGNT":"Italy","SOV_A3":"ITA","ADM0_DIF":0,"LEVEL":2,"TYPE":"Sovereign country","TLC":"1","ADMIN":"Italy","ADM0_A3":"ITA","GEOU_DIF":0,"GEOUNIT":"Italy","GU_A3":"ITA","SU_DIF":0,"SUBUNIT":"Italy","SU_A3":"ITA","BRK_DIFF":0,"NAME":"Italy","NAME_LONG":"Italy","BRK_A3":"ITA","BRK_NAME":"Italy","BRK_GROUP":null,"ABBREV":"Italy","POSTAL":"I","FORMAL_EN":"Italian Republic","FORMAL_FR":null,"NAME_CIAWF":"Italy","NOTE_ADM0":null,"NOTE_BRK":null,"NAME_SORT":"Italy","NAME_ALT":null,"MAPCOLOR7":6,"MAPCOLOR8":7,"MAPCOLOR9":8,"MAPCOLOR13":7,"POP_EST":60297396,"POP_RANK":16,"POP_YEAR":2019,"GDP_MD":2003576,"GDP_YEAR":2019,"ECONOMY":"1. Developed region: G7","INCOME_GRP":"1. High income: OECD","FIPS_10":"IT","ISO_A2":"IT","ISO_A2_EH":"IT","ISO_A3":"ITA","ISO_A3_EH":"ITA","ISO_N3":"380","ISO_N3_EH":"380","UN_A3":"380","WB_A2":"IT","WB_A3":"ITA","WOE_ID":23424853,"WOE_ID_EH":23424853,"WOE_NOTE":"Exact WOE match as country","ADM0_ISO":"ITA","ADM0_DIFF":null,"ADM0_TLC":"ITA","ADM0_A3_US":"ITA","ADM0_A3_FR":"ITA","ADM0_A3_RU":"ITA","ADM0_A3_ES":"ITA","ADM0_A3_CN":"ITA","ADM0_A3_TW":"ITA","ADM0_A3_IN":"ITA","ADM0_A3_NP":"ITA","ADM0_A3_PK":"ITA","ADM0_A3_DE":"ITA","ADM0_A3_GB":"ITA","ADM0_A3_BR":"ITA","ADM0_A3_IL":"ITA","ADM0_A3_PS":"ITA","ADM0_A3_SA":"ITA","ADM0_A3_EG":"ITA","ADM0_A3_MA":"ITA","ADM0_A3_PT":"ITA","ADM0_A3_AR":"ITA","ADM0_A3_JP":"ITA","ADM0_A3_KO":"ITA","ADM0_A3_VN":"ITA","ADM0_A3_TR":"ITA","ADM0_A3_ID":"ITA","ADM0_A3_PL":"ITA","ADM0_A3_GR":"ITA","ADM0_A3_IT":"ITA","ADM0_A3_NL":"ITA","ADM0_A3_SE":"ITA","ADM0_A3_BD":"ITA","ADM0_A3_UA":"ITA","ADM0_A3_UN":-99,"ADM0_A3_WB":-99,"CONTINENT":"Europe","REGION_UN":"Europe","SUBREGION":"Southern Europe","REGION_WB":"Europe & Central Asia","NAME_LEN":5,"LONG_LEN":5,"ABBREV_LEN":5,"TINY":-99,"HOMEPART":1,"MIN_ZOOM":0,"MIN_LABEL":2,"MAX_LABEL":7,"LABEL_X":11.076907,"LABEL_Y":44.732482,"NE_ID":1159320919,"WIKIDATAID":"Q38","NAME_AR":"إيطاليا","NAME_BN":"ইতালি","NAME_DE":"Italien","NAME_EN":"Italy","NAME_ES":"Italia","NAME_FA":"ایتالیا","NAME_FR":"Italie","NAME_EL":"Ιταλία","NAME_HE":"איטליה","NAME_HI":"इटली","NAME_HU":"Olaszország","NAME_ID":"Italia","NAME_IT":"Italia","NAME_JA":"イタリア","NAME_KO":"이탈리아","NAME_NL":"Italië","NAME_PL":"Włochy","NAME_PT":"Itália","NAME_RU":"Италия","NAME_SV":"Italien","NAME_TR":"İtalya","NAME_UK":"Італія","NAME_UR":"اطالیہ","NAME_VI":"Ý","NAME_ZH":"意大利","NAME_ZHT":"義大利","FCLASS_ISO":"Admin-0 country","TLC_DIFF":null,"FCLASS_TLC":"Admin-0 country","FCLASS_US":null,"FCLASS_FR":null,"FCLASS_RU":null,"FCLASS_ES":null,"FCLASS_CN":null,"FCLASS_TW":null,"FCLASS_IN":null,"FCLASS_NP":null,"FCLASS_PK":null,"FCLASS_DE":null,"FCLASS_GB":null,"FCLASS_BR":null,"FCLASS_IL":null,"FCLASS_PS":null,"FCLASS_SA":null,"FCLASS_EG":null,"FCLASS_MA":null,"FCLASS_PT":null,"FCLASS_AR":null,"FCLASS_JP":null,"FCLASS_KO":null,"FCLASS_VN":null,"FCLASS_TR":null,"FCLASS_ID":null,"FCLASS_PL":null,"FCLASS_GR":null,"FCLASS_IT":null,"FCLASS_NL":null,"FCLASS_SE":null,"FCLASS_BD":null,"FCLASS_UA":null},"geometry":{"type":"MultiPolygon","coordinates":[[],[],[],[[[12.05127,36.757031],[12.00332,36.745996],[11.940625,36.780371],[11.936426,36.828613],[11.948047,36.843066],[12.024219,36.820947],[12.048047,36.776367],[12.05127,36.757031]]],[[[15.115418288489366,37.340381],[15.116992,37.334717],[15.145996,37.308008],[15.193652,37.282861],[15.230273,37.244336],[15.174121,37.20918],[15.236035,37.138721],[15.288672,37.096924],[15.295703,37.055176],[15.294531,37.013281],[15.185156,36.934814],[15.142383,36.891602],[15.11582,36.839258],[15.104297,36.785254],[15.116309,36.736475],[15.112598,36.687842],[15.002441,36.693896],[14.889648,36.723535],[14.775977,36.7104],[14.614355,36.766602],[14.555469,36.776758],[14.501855,36.798682],[14.367285,36.972852],[14.259082,37.046436],[14.142969,37.103662],[14.024316,37.107129],[13.905469,37.100635],[13.800586,37.135889],[13.587109,37.25415],[13.38090312665469,37.340381],[15.115418288489366,37.340381]]],[],[],[]]}},{"type":"Feature","bbox":[34.245313,29.477344,35.887977,33.415674],"properties":{"featurecla":"Admin-0 country","scalerank":1,"LABELRANK":4,"SOVEREIGNT":"Israel","SOV_A3":"IS1","ADM0_DIF":1,"LEVEL":2,"TYPE":"Disputed","TLC":"1","ADMIN":"Israel","ADM0_A3":"ISR","GEOU_DIF":0,"GEOUNIT":"Israel","GU_A3":"ISR","SU_DIF":0,"SUBUNIT":"Israel","SU_A3":"ISR","BRK_DIFF":1,"NAME":"Israel","NAME_LONG":"Israel","BRK_A3":"ISR","BRK_NAME":"Israel","BRK_GROUP":null,"ABBREV":"Isr.","POSTAL":"IS","FORMAL_EN":"State of Israel","FORMAL_FR":null,"NAME_CIAWF":"Israel","NOTE_ADM0":null,"NOTE_BRK":null,"NAME_SORT":"Israel","NAME_ALT":null,"MAPCOLOR7":3,"MAPCOLOR8":2,"MAPCOLOR9":5,"MAPCOLOR13":9,"POP_EST":9053300,"POP_RANK":13,"POP_YEAR":2019,"GDP_MD":394652,"GDP_YEAR":2019,"ECONOMY":"2. Developed region: nonG7","INCOME_GRP":"1. High income: OECD","FIPS_10":"-99","ISO_A2":"IL","ISO_A2_EH":"IL","ISO_A3":"ISR","ISO_A3_EH":"ISR","ISO_N3":"376","ISO_N3_EH":"376","UN_A3":"376","WB_A2":"IL","WB_A3":"ISR","WOE_ID":23424852,"WOE_ID_EH":23424852,"WOE_NOTE":"Exact WOE match as country","ADM0_ISO":"ISR","ADM0_DIFF":null,"ADM0_TLC":"ISR","ADM0_A3_US":"ISR","ADM0_A3_FR":"ISR","ADM0_A3_RU":"ISR","ADM0_A3_ES":"ISR","ADM0_A3_CN":"ISR","ADM0_A3_TW":"ISR","ADM0_A3_IN":"ISR","ADM0_A3_NP":"ISR","ADM0_A3_PK":"PSX","ADM0_A3_DE":"ISR","ADM0_A3_GB":"ISR","ADM0_A3_BR":"ISR","ADM0_A3_IL":"ISR","ADM0_A3_PS":"ISR","ADM0_A3_SA":"PSX","ADM0_A3_EG":"ISR","ADM0_A3_MA":"ISR","ADM0_A3_PT":"ISR","ADM0_A3_AR":"ISR","ADM0_A3_JP":"ISR","ADM0_A3_KO":"ISR","ADM0_A3_VN":"ISR","ADM0_A3_TR":"ISR","ADM0_A3_ID":"ISR","ADM0_A3_PL":"ISR","ADM0_A3_GR":"ISR","ADM0_A3_IT":"ISR","ADM0_A3_NL":"ISR","ADM0_A3_SE":"ISR","ADM0_A3_BD":"PSX","ADM0_A3_UA":"ISR","ADM0_A3_UN":-99,"ADM0_A3_WB":-99,"CONTINENT":"Asia","REGION_UN":"Asia","SUBREGION":"Western Asia","REGION_WB":"Middle East & North Africa","NAME_LEN":6,"LONG_LEN":6,"ABBREV_LEN":4,"TINY":-99,"HOMEPART":1,"MIN_ZOOM":0,"MIN_LABEL":3,"MAX_LABEL":8,"LABEL_X":34.847915,"LABEL_Y":30.911148,"NE_ID":1159320895,"WIKIDATAID":"Q801","NAME_AR":"إسرائيل","NAME_BN":"ইসরায়েল","NAME_DE":"Israel","NAME_EN":"Israel","NAME_ES":"Israel","NAME_FA":"اسرائیل","NAME_FR":"Israël","NAME_EL":"Ισραήλ","NAME_HE":"ישראל","NAME_HI":"इज़राइल","NAME_HU":"Izrael","NAME_ID":"Israel","NAME_IT":"Israele","NAME_JA":"イスラエル","NAME_KO":"이스라엘","NAME_NL":"Israël","NAME_PL":"Izrael","NAME_PT":"Israel","NAME_RU":"Израиль","NAME_SV":"Israel","NAME_TR":"İsrail","NAME_UK":"Ізраїль","NAME_UR":"اسرائیل","NAME_VI":"Israel","NAME_ZH":"以色列","NAME_ZHT":"以色列","FCLASS_ISO":"Admin-0 country","TLC_DIFF":null,"FCLASS_TLC":"Admin-0 country","FCLASS_US":null,"FCLASS_FR":null,"FCLASS_RU":null,"FCLASS_ES":null,"FCLASS_CN":null,"FCLASS_TW":null,"FCLASS_IN":null,"FCLASS_NP":null,"FCLASS_PK":"Unrecognized","FCLASS_DE":null,"FCLASS_GB":null,"FCLASS_BR":null,"FCLASS_IL":null,"FCLASS_PS":null,"FCLASS_SA":"Unrecognized","FCLASS_EG":null,"FCLASS_MA":null,"FCLASS_PT":null,"FCLASS_AR":null,"FCLASS_JP":null,"FCLASS_KO":null,"FCLASS_VN":null,"FCLASS_TR":null,"FCLASS_ID":null,"FCLASS_PL":null,"FCLASS_GR":null,"FCLASS_IT":null,"FCLASS_NL":null,"FCLASS_SE":null,"FCLASS_BD":"Unrecognized","FCLASS_UA":null},"geometry":{"type":"Polygon","coordinates":[[[35.840723,33.415674],[35.816125,33.361879],[35.792531,33.334107],[35.785024,33.291089],[35.800038,33.256121],[35.808618,33.208577],[35.826849,33.195117],[35.833283,33.163702],[35.817197,33.133173],[35.824704,33.108024],[35.84508,33.084665],[35.859022,32.989367],[35.887977,32.944379],[35.841863,32.875954],[35.833283,32.820094],[35.787305,32.734912],[35.734473,32.728906],[35.61123,32.68208],[35.594531,32.668018],[35.572852,32.640869],[35.569043,32.619873],[35.551465,32.395508],[35.484375,32.40166],[35.402637,32.450635],[35.386719,32.493018],[35.362109,32.507471],[35.303809,32.512939],[35.193262,32.534424],[35.065039,32.460449],[35.010547,32.338184],[34.999512,32.281055],[34.955957,32.160937],[34.971387,32.087109],[34.978809,31.991602],[34.989746,31.913281],[34.97832,31.866406],[34.953809,31.84126],[34.961133,31.82334],[34.983008,31.816797],[35.053223,31.837939],[35.127148,31.816748],[35.198047,31.776318],[35.203711,31.75],[35.153418,31.734473],[35.034668,31.673242],[34.950977,31.602295],[34.929199,31.536572],[34.872754,31.396875],[34.880469,31.368164],[34.907813,31.351318],[35.101172,31.366211],[35.27666,31.422803],[35.408691,31.48291],[35.450586,31.479297],[35.422852,31.325391],[35.423535,31.324854],[35.400684,31.230518],[35.409668,31.214453],[35.439258,31.132422],[35.383008,30.982275],[35.320117,30.860205],[35.297852,30.802246],[35.236621,30.673486],[35.174023,30.523926],[35.140625,30.420898],[35.148145,30.384326],[35.132617,30.195312],[35.141602,30.141699],[35.068164,29.977881],[35.053418,29.896924],[35.023926,29.787061],[34.973438,29.555029],[34.904297,29.477344],[34.869824,29.563916],[34.791113,29.812109],[34.735059,29.982031],[34.658594,30.191455],[34.529688,30.446045],[34.517773,30.507373],[34.489941,30.596289],[34.400977,30.827832],[34.328516,30.99502],[34.245313,31.208301],[34.34834,31.29292],[34.350195,31.362744],[34.525586,31.525635],[34.524121,31.54165],[34.477344,31.584863],[34.483984,31.592285],[34.678418,31.895703],[34.803809,32.196338],[34.921875,32.614062],[35.005859,32.826611],[35.077051,32.967187],[35.108594,33.083691],[35.22334,33.091992],[35.308887,33.079541],[35.41123,33.075684],[35.493164,33.119482],[35.53252,33.250488],[35.579297,33.271484],[35.60293,33.240625],[35.627246,33.275049],[35.734473,33.332617],[35.7875,33.369775],[35.840723,33.415674]]]}},{"type":"Feature","bbox":[34.198145,31.208301,35.57207,32.534424],"properties":{"featurecla":"Admin-0 country","scalerank":1,"LABELRANK":5,"SOVEREIGNT":"Israel","SOV_A3":"IS1","ADM0_DIF":1,"LEVEL":2,"TYPE":"Indeterminate","TLC":"1","ADMIN":"Palestine","ADM0_A3":"PSX","GEOU_DIF":0,"GEOUNIT":"Palestine","GU_A3":"PSX","SU_DIF":0,"SUBUNIT":"Palestine","SU_A3":"PSX","BRK_DIFF":0,"NAME":"Palestine","NAME_LONG":"Palestine","BRK_A3":"PSX","BRK_NAME":"Palestine","BRK_GROUP":null,"ABBREV":"Pal.","POSTAL":"PAL","FORMAL_EN":"West Bank and Gaza","FORMAL_FR":null,"NAME_CIAWF":null,"NOTE_ADM0":null,"NOTE_BRK":"Partial self-admin.","NAME_SORT":"Palestine (West Bank and Gaza)","NAME_ALT":null,"MAPCOLOR7":3,"MAPCOLOR8":2,"MAPCOLOR9":5,"MAPCOLOR13":8,"POP_EST":4685306,"POP_RANK":12,"POP_YEAR":2019,"GDP_MD":16276,"GDP_YEAR":2018,"ECONOMY":"6. Developing region","INCOME_GRP":"4. Lower middle income","FIPS_10":"-99","ISO_A2":"PS","ISO_A2_EH":"PS","ISO_A3":"PSE","ISO_A3_EH":"PSE","ISO_N3":"275","ISO_N3_EH":"275","UN_A3":"275","WB_A2":"GZ","WB_A3":"WBG","WOE_ID":28289408,"WOE_ID_EH":28289408,"WOE_NOTE":"Exact WOE match as country","ADM0_ISO":"PSX","ADM0_DIFF":null,"ADM0_TLC":"PSX","ADM0_A3_US":"PSX","ADM0_A3_FR":"PSX","ADM0_A3_RU":"PSX","ADM0_A3_ES":"PSX","ADM0_A3_CN":"PSX","ADM0_A3_TW":"PSX","ADM0_A3_IN":"PSX","ADM0_A3_NP":"PSX","ADM0_A3_PK":"PSX","ADM0_A3_DE":"PSX","ADM0_A3_GB":"PSX","ADM0_A3_BR":"PSX","ADM0_A3_IL":"PSX","ADM0_A3_PS":"PSX","ADM0_A3_SA":"PSX","ADM0_A3_EG":"PSX","ADM0_A3_MA":"PSX","ADM0_A3_PT":"PSX","ADM0_A3_AR":"PSX","ADM0_A3_JP":"PSX","ADM0_A3_KO":"PSX","ADM0_A3_VN":"PSX","ADM0_A3_TR":"PSX","ADM0_A3_ID":"PSX","ADM0_A3_PL":"PSX","ADM0_A3_GR":"PSX","ADM0_A3_IT":"PSX","ADM0_A3_NL":"PSX","ADM0_A3_SE":"PSX","ADM0_A3_BD":"PSX","ADM0_A3_UA":"PSX","ADM0_A3_UN":-99,"ADM0_A3_WB":-99,"CONTINENT":"Asia","REGION_UN":"Asia","SUBREGION":"Western Asia","REGION_WB":"Middle East & North Africa","NAME_LEN":9,"LONG_LEN":9,"ABBREV_LEN":4,"TINY":-99,"HOMEPART":-99,"MIN_ZOOM":7,"MIN_LABEL":4.5,"MAX_LABEL":9.5,"LABEL_X":35.291341,"LABEL_Y":32.047431,"NE_ID":1159320899,"WIKIDATAID":"Q23792","NAME_AR":"فلسطين","NAME_BN":"ফিলিস্তিন অঞ্চল","NAME_DE":"Palästina","NAME_EN":"Palestine","NAME_ES":"Palestina","NAME_FA":"فلسطین","NAME_FR":"Palestine","NAME_EL":"Παλαιστίνη","NAME_HE":"ארץ ישראל","NAME_HI":"फ़िलिस्तीनी राज्यक्षेत्र","NAME_HU":"Palesztina","NAME_ID":"Palestina","NAME_IT":"Palestina","NAME_JA":"パレスチナ","NAME_KO":"팔레스타인","NAME_NL":"Palestina","NAME_PL":"Palestyna","NAME_PT":"Palestina","NAME_RU":"Палестина","NAME_SV":"Palestina","NAME_TR":"Filistin","NAME_UK":"Палестина","NAME_UR":"فلسطین","NAME_VI":"Palestine","NAME_ZH":"巴勒斯坦","NAME_ZHT":"巴勒斯坦地區","FCLASS_ISO":"Admin-0 dependency","TLC_DIFF":null,"FCLASS_TLC":"Admin-0 dependency","FCLASS_US":null,"FCLASS_FR":null,"FCLASS_RU":null,"FCLASS_ES":null,"FCLASS_CN":null,"FCLASS_TW":null,"FCLASS_IN":null,"FCLASS_NP":null,"FCLASS_PK":"Admin-0 country","FCLASS_DE":null,"FCLASS_GB":null,"FCLASS_BR":null,"FCLASS_IL":null,"FCLASS_PS":"Admin-0 country","FCLASS_SA":"Admin-0 country","FCLASS_EG":null,"FCLASS_MA":null,"FCLASS_PT":null,"FCLASS_AR":null,"FCLASS_JP":null,"FCLASS_KO":null,"FCLASS_VN":null,"FCLASS_TR":null,"FCLASS_ID":null,"FCLASS_PL":null,"FCLASS_GR":null,"FCLASS_IT":null,"FCLASS_NL":null,"FCLASS_SE":null,"FCLASS_BD":"Admin-0 country","FCLASS_UA":null},"geometry":{"type":"MultiPolygon","coordinates":[[[[34.477344,31.584863],[34.524121,31.54165],[34.525586,31.525635],[34.350195,31.362744],[34.34834,31.29292],[34.245313,31.208301],[34.2125,31.292285],[34.198145,31.322607],[34.387305,31.483789],[34.477344,31.584863]]],[[[35.551465,32.395508],[35.57207,32.237891],[35.534766,32.103027],[35.531445,31.984912],[35.558984,31.765527],[35.499414,31.672363],[35.46543,31.562354],[35.450586,31.479297],[35.408691,31.48291],[35.27666,31.422803],[35.101172,31.366211],[34.907813,31.351318],[34.880469,31.368164],[34.872754,31.396875],[34.929199,31.536572],[34.950977,31.602295],[35.034668,31.673242],[35.153418,31.734473],[35.203711,31.75],[35.198047,31.776318],[35.127148,31.816748],[35.053223,31.837939],[34.983008,31.816797],[34.961133,31.82334],[34.953809,31.84126],[34.97832,31.866406],[34.989746,31.913281],[34.978809,31.991602],[34.971387,32.087109],[34.955957,32.160937],[34.999512,32.281055],[35.010547,32.338184],[35.065039,32.460449],[35.193262,32.534424],[35.303809,32.512939],[35.362109,32.507471],[35.386719,32.493018],[35.402637,32.450635],[35.484375,32.40166],[35.551465,32.395508]]]]}},{"type":"Feature","bbox":[-10.390234,51.47373,-6.027393,55.36582],"properties":{"featurecla":"Admin-0 country","scalerank":4,"LABELRANK":3,"SOVEREIGNT":"Ireland","SOV_A3":"IRL","ADM0_DIF":0,"LEVEL":2,"TYPE":"Sovereign country","TLC":"1","ADMIN":"Ireland","ADM0_A3":"IRL","GEOU_DIF":0,"GEOUNIT":"Ireland","GU_A3":"IRL","SU_DIF":0,"SUBUNIT":"Ireland","SU_A3":"IRL","BRK_DIFF":0,"NAME":"Ireland","NAME_LONG":"Ireland","BRK_A3":"IRL","BRK_NAME":"Ireland","BRK_GROUP":null,"ABBREV":"Ire.","POSTAL":"IRL","FORMAL_EN":"Ireland","FORMAL_FR":null,"NAME_CIAWF":"Ireland","NOTE_ADM0":null,"NOTE_BRK":null,"NAME_SORT":"Ireland","NAME_ALT":null,"MAPCOLOR7":2,"MAPCOLOR8":3,"MAPCOLOR9":2,"MAPCOLOR13":2,"POP_EST":4941444,"POP_RANK":12,"POP_YEAR":2019,"GDP_MD":388698,"GDP_YEAR":2019,"ECONOMY":"2. Developed region: nonG7","INCOME_GRP":"1. High income: OECD","FIPS_10":"EI","ISO_A2":"IE","ISO_A2_EH":"IE","ISO_A3":"IRL","ISO_A3_EH":"IRL","ISO_N3":"372","ISO_N3_EH":"372","UN_A3":"372","WB_A2":"IE","WB_A3":"IRL","WOE_ID":23424803,"WOE_ID_EH":23424803,"WOE_NOTE":"Exact WOE match as country","ADM0_ISO":"IRL","ADM0_DIFF":null,"ADM0_TLC":"IRL","ADM0_A3_US":"IRL","ADM0_A3_FR":"IRL","ADM0_A3_RU":"IRL","ADM0_A3_ES":"IRL","ADM0_A3_CN":"IRL","ADM0_A3_TW":"IRL","ADM0_A3_IN":"IRL","ADM0_A3_NP":"IRL","ADM0_A3_PK":"IRL","ADM0_A3_DE":"IRL","ADM0_A3_GB":"IRL","ADM0_A3_BR":"IRL","ADM0_A3_IL":"IRL","ADM0_A3_PS":"IRL","ADM0_A3_SA":"IRL","ADM0_A3_EG":"IRL","ADM0_A3_MA":"IRL","ADM0_A3_PT":"IRL","ADM0_A3_AR":"IRL","ADM0_A3_JP":"IRL","ADM0_A3_KO":"IRL","ADM0_A3_VN":"IRL","ADM0_A3_TR":"IRL","ADM0_A3_ID":"IRL","ADM0_A3_PL":"IRL","ADM0_A3_GR":"IRL","ADM0_A3_IT":"IRL","ADM0_A3_NL":"IRL","ADM0_A3_SE":"IRL","ADM0_A3_BD":"IRL","ADM0_A3_UA":"IRL","ADM0_A3_UN":-99,"ADM0_A3_WB":-99,"CONTINENT":"Europe","REGION_UN":"Europe","SUBREGION":"Northern Europe","REGION_WB":"Europe & Central Asia","NAME_LEN":7,"LONG_LEN":7,"ABBREV_LEN":4,"TINY":-99,"HOMEPART":1,"MIN_ZOOM":0,"MIN_LABEL":3,"MAX_LABEL":8,"LABEL_X":-7.798588,"LABEL_Y":53.078726,"NE_ID":1159320877,"WIKIDATAID":"Q27","NAME_AR":"جمهورية أيرلندا","NAME_BN":"প্রজাতন্ত্রী আয়ারল্যান্ড","NAME_DE":"Irland","NAME_EN":"Ireland","NAME_ES":"Irlanda","NAME_FA":"ایرلند","NAME_FR":"Irlande","NAME_EL":"Δημοκρατία της Ιρλανδίας","NAME_HE":"אירלנד","NAME_HI":"आयरलैण्ड","NAME_HU":"Írország","NAME_ID":"Republik Irlandia","NAME_IT":"Irlanda","NAME_JA":"アイルランド","NAME_KO":"아일랜드","NAME_NL":"Ierland","NAME_PL":"Irlandia","NAME_PT":"República da Irlanda","NAME_RU":"Ирландия","NAME_SV":"Irland","NAME_TR":"İrlanda","NAME_UK":"Ірландія","NAME_UR":"جمہوریہ آئرلینڈ","NAME_VI":"Cộng hòa Ireland","NAME_ZH":"爱尔兰","NAME_ZHT":"愛爾蘭","FCLASS_ISO":"Admin-0 country","TLC_DIFF":null,"FCLASS_TLC":"Admin-0 country","FCLASS_US":null,"FCLASS_FR":null,"FCLASS_RU":null,"FCLASS_ES":null,"FCLASS_CN":null,"FCLASS_TW":null,"FCLASS_IN":null,"FCLASS_NP":null,"FCLASS_PK":null,"FCLASS_DE":null,"FCLASS_GB":null,"FCLASS_BR":null,"FCLASS_IL":null,"FCLASS_PS":null,"FCLASS_SA":null,"FCLASS_EG":null,"FCLASS_MA":null,"FCLASS_PT":null,"FCLASS_AR":null,"FCLASS_JP":null,"FCLASS_KO":null,"FCLASS_VN":null,"FCLASS_TR":null,"FCLASS_ID":null,"FCLASS_PL":null,"FCLASS_GR":null,"FCLASS_IT":null,"FCLASS_NL":null,"FCLASS_SE":null,"FCLASS_BD":null,"FCLASS_UA":null},"geometry":{"type":"MultiPolygon","coordinates":[[],[]]}},{"type":"Feature","bbox":[38.773535,29.063672,48.546484,37.371875],"properties":{"featurecla":"Admin-0 country","scalerank":1,"LABELRANK":3,"SOVEREIGNT":"Iraq","SOV_A3":"IRQ","ADM0_DIF":0,"LEVEL":2,"TYPE":"Sovereign country","TLC":"1","ADMIN":"Iraq","ADM0_A3":"IRQ","GEOU_DIF":0,"GEOUNIT":"Iraq","GU_A3":"IRQ","SU_DIF":0,"SUBUNIT":"Iraq","SU_A3":"IRQ","BRK_DIFF":0,"NAME":"Iraq","NAME_LONG":"Iraq","BRK_A3":"IRQ","BRK_NAME":"Iraq","BRK_GROUP":null,"ABBREV":"Iraq","POSTAL":"IRQ","FORMAL_EN":"Republic of Iraq","FORMAL_FR":null,"NAME_CIAWF":"Iraq","NOTE_ADM0":null,"NOTE_BRK":null,"NAME_SORT":"Iraq","NAME_ALT":null,"MAPCOLOR7":1,"MAPCOLOR8":4,"MAPCOLOR9":3,"MAPCOLOR13":1,"POP_EST":39309783,"POP_RANK":15,"POP_YEAR":2019,"GDP_MD":234094,"GDP_YEAR":2019,"ECONOMY":"6. Developing region","INCOME_GRP":"4. Lower middle income","FIPS_10":"IZ","ISO_A2":"IQ","ISO_A2_EH":"IQ","ISO_A3":"IRQ","ISO_A3_EH":"IRQ","ISO_N3":"368","ISO_N3_EH":"368","UN_A3":"368","WB_A2":"IQ","WB_A3":"IRQ","WOE_ID":23424855,"WOE_ID_EH":23424855,"WOE_NOTE":"Exact WOE match as country","ADM0_ISO":"IRQ","ADM0_DIFF":null,"ADM0_TLC":"IRQ","ADM0_A3_US":"IRQ","ADM0_A3_FR":"IRQ","ADM0_A3_RU":"IRQ","ADM0_A3_ES":"IRQ","ADM0_A3_CN":"IRQ","ADM0_A3_TW":"IRQ","ADM0_A3_IN":"IRQ","ADM0_A3_NP":"IRQ","ADM0_A3_PK":"IRQ","ADM0_A3_DE":"IRQ","ADM0_A3_GB":"IRQ","ADM0_A3_BR":"IRQ","ADM0_A3_IL":"IRQ","ADM0_A3_PS":"IRQ","ADM0_A3_SA":"IRQ","ADM0_A3_EG":"IRQ","ADM0_A3_MA":"IRQ","ADM0_A3_PT":"IRQ","ADM0_A3_AR":"IRQ","ADM0_A3_JP":"IRQ","ADM0_A3_KO":"IRQ","ADM0_A3_VN":"IRQ","ADM0_A3_TR":"IRQ","ADM0_A3_ID":"IRQ","ADM0_A3_PL":"IRQ","ADM0_A3_GR":"IRQ","ADM0_A3_IT":"IRQ","ADM0_A3_NL":"IRQ","ADM0_A3_SE":"IRQ","ADM0_A3_BD":"IRQ","ADM0_A3_UA":"IRQ","ADM0_A3_UN":-99,"ADM0_A3_WB":-99,"CONTINENT":"Asia","REGION_UN":"Asia","SUBREGION":"Western Asia","REGION_WB":"Middle East & North Africa","NAME_LEN":4,"LONG_LEN":4,"ABBREV_LEN":4,"TINY":-99,"HOMEPART":1,"MIN_ZOOM":0,"MIN_LABEL":3,"MAX_LABEL":7.5,"LABEL_X":43.26181,"LABEL_Y":33.09403,"NE_ID":1159320887,"WIKIDATAID":"Q796","NAME_AR":"العراق","NAME_BN":"ইরাক","NAME_DE":"Irak","NAME_EN":"Iraq","NAME_ES":"Irak","NAME_FA":"عراق","NAME_FR":"Irak","NAME_EL":"Ιράκ","NAME_HE":"עיראק","NAME_HI":"इराक","NAME_HU":"Irak","NAME_ID":"Irak","NAME_IT":"Iraq","NAME_JA":"イラク","NAME_KO":"이라크","NAME_NL":"Irak","NAME_PL":"Irak","NAME_PT":"Iraque","NAME_RU":"Ирак","NAME_SV":"Irak","NAME_TR":"Irak","NAME_UK":"Ірак","NAME_UR":"عراق","NAME_VI":"Iraq","NAME_ZH":"伊拉克","NAME_ZHT":"伊拉克","FCLASS_ISO":"Admin-0 country","TLC_DIFF":null,"FCLASS_TLC":"Admin-0 country","FCLASS_US":null,"FCLASS_FR":null,"FCLASS_RU":null,"FCLASS_ES":null,"FCLASS_CN":null,"FCLASS_TW":null,"FCLASS_IN":null,"FCLASS_NP":null,"FCLASS_PK":null,"FCLASS_DE":null,"FCLASS_GB":null,"FCLASS_BR":null,"FCLASS_IL":null,"FCLASS_PS":null,"FCLASS_SA":null,"FCLASS_EG":null,"FCLASS_MA":null,"FCLASS_PT":null,"FCLASS_AR":null,"FCLASS_JP":null,"FCLASS_KO":null,"FCLASS_VN":null,"FCLASS_TR":null,"FCLASS_ID":null,"FCLASS_PL":null,"FCLASS_GR":null,"FCLASS_IT":null,"FCLASS_NL":null,"FCLASS_SE":null,"FCLASS_BD":null,"FCLASS_UA":null},"geometry":{"type":"Polygon","coordinates":[[[42.358984,37.108594],[42.455859,37.128711],[42.635449,37.249268],[42.72091465374714,37.340381],[42.85515416159403,37.340381],[42.869141,37.334912],[42.936621,37.324756],[42.993751383911615,37.340381],[43.19749558052804,37.340381],[43.263086,37.316504],[43.306738,37.314648],[43.51582,37.244531],[43.567969,37.23584],[43.675781,37.227246],[43.836426,37.223535],[43.940039,37.269287],[44.013184,37.313525],[44.064648,37.312451],[44.114453,37.301855],[44.15625,37.282959],[44.191797,37.249854],[44.208398,37.202637],[44.20166,37.051807],[44.21748,37.011865],[44.245703,36.983301],[44.281836,36.978027],[44.325586,37.010742],[44.401953,37.058496],[44.495996,37.110547],[44.566016,37.158252],[44.605957,37.176025],[44.669336,37.173584],[44.730957,37.165283],[44.765137,37.142432],[44.76543,37.13501],[44.798438,37.063867],[44.880859,36.799316],[44.927832,36.765918],[44.981445,36.737695],[45.019238,36.698389],[45.033984,36.658887],[45.029395,36.597559],[45.031055,36.526074],[45.053125,36.471631],[45.083789,36.430029],[45.112402,36.409277],[45.155273,36.407373],[45.206543,36.397168],[45.241113,36.355957],[45.350879,36.054639],[45.361621,36.015332],[45.407715,36.002783],[45.483789,36.008545],[45.561621,35.977197],[45.64502,35.928369],[45.723438,35.83667],[45.776367,35.821826],[45.941406,35.8354],[46.16748,35.820557],[46.273438,35.773242],[46.2625,35.744141],[46.180957,35.711377],[46.037402,35.673145],[45.99502,35.608105],[45.971094,35.52417],[45.975391,35.476807],[46.010645,35.424805],[46.112109,35.32168],[46.117773,35.284277],[46.135742,35.232275],[46.154688,35.196729],[46.133789,35.127637],[46.041797,35.080176],[45.920898,35.028516],[45.678125,34.798437],[45.660059,34.748779],[45.661523,34.612695],[45.6375,34.573828],[45.56084,34.574512],[45.500781,34.581592],[45.497754,34.533887],[45.459375,34.470361],[45.437598,34.415137],[45.526855,34.284668],[45.542773,34.215527],[45.528613,34.152539],[45.446094,34.044043],[45.39707,33.97085],[45.408984,33.954492],[45.473242,33.925488],[45.67373,33.68667],[45.738281,33.602832],[45.822852,33.624805],[45.854492,33.62334],[45.879395,33.609766],[45.894727,33.581543],[45.894727,33.545654],[45.873242,33.491992],[45.981055,33.470117],[46.019922,33.415723],[46.145898,33.229639],[46.141113,33.174414],[46.080762,33.086523],[46.080469,33.028223],[46.093066,32.975879],[46.112793,32.957666],[46.298242,32.950244],[46.377051,32.929248],[46.569922,32.833936],[46.789062,32.687988],[46.968555,32.568408],[47.121387,32.466602],[47.285156,32.474023],[47.329785,32.455518],[47.371289,32.42373],[47.418164,32.340088],[47.511914,32.15083],[47.591504,32.087988],[47.714551,31.936426],[47.82998,31.794434],[47.753906,31.601367],[47.679492,31.400586],[47.679492,31.141504],[47.679492,31.002393],[47.836328,30.996436],[48.010645,30.989795],[48.012012,30.823633],[48.013477,30.656445],[48.014941,30.465625],[48.066113,30.457666],[48.147559,30.416846],[48.182422,30.355029],[48.226172,30.321338],[48.278906,30.31582],[48.331055,30.285449],[48.382617,30.230176],[48.401367,30.18833],[48.387598,30.159863],[48.398633,30.109619],[48.43457,30.037598],[48.478516,30.003809],[48.546484,29.962354],[48.454199,29.938477],[48.35459,29.956738],[48.141699,30.040918],[48.072754,30.043213],[47.98252,30.011328],[47.978711,29.982812],[47.753906,30.076611],[47.672754,30.095605],[47.64375,30.097314],[47.514844,30.096484],[47.331348,30.079687],[47.223242,30.041504],[47.148242,30.000977],[47.114355,29.961328],[47.102051,29.93999],[47.043652,29.822998],[46.975977,29.672852],[46.905859,29.5375],[46.769336,29.347461],[46.69375,29.259668],[46.531445,29.09624],[46.356445,29.063672],[45.949707,29.09585],[45.498926,29.131543],[45.050293,29.16709],[44.716504,29.193604],[44.69082,29.202344],[44.360742,29.435254],[44.099609,29.619336],[43.77373,29.849219],[43.44082,30.083984],[43.103125,30.322217],[42.857715,30.495215],[42.559766,30.717773],[42.288574,30.92041],[42.074414,31.080371],[41.799707,31.220361],[41.585059,31.329736],[41.272461,31.489014],[41.022461,31.616357],[40.808398,31.725439],[40.478906,31.893359],[40.369336,31.938965],[40.027832,31.99502],[39.704102,32.042529],[39.368652,32.091748],[39.14541,32.124512],[39.292773,32.243848],[39.247461,32.350977],[39.140039,32.331201],[39.041406,32.305664],[38.981641,32.472559],[39.057813,32.493164],[38.987402,32.710693],[38.914844,32.934668],[38.84502,33.150879],[38.773535,33.372217],[39.056738,33.514014],[39.268359,33.62002],[39.564453,33.768359],[39.85,33.911377],[40.121973,34.047656],[40.421484,34.197754],[40.689453,34.332031],[40.935059,34.386572],[40.987012,34.429053],[41.099023,34.612305],[41.194727,34.768994],[41.199219,34.805322],[41.199609,35.027393],[41.216406,35.288184],[41.24834,35.42749],[41.30332,35.550635],[41.354102,35.64043],[41.359375,35.724609],[41.352637,35.809961],[41.300195,35.938965],[41.245605,36.073389],[41.251758,36.203027],[41.261816,36.272461],[41.295996,36.38335],[41.354199,36.464404],[41.416797,36.514648],[41.650195,36.566406],[41.788574,36.597168],[41.974023,36.74082],[42.083984,36.826025],[42.237305,36.961133],[42.350098,37.060596],[42.359082,37.09502],[42.358984,37.108594]]]}},{"type":"Feature","bbox":[44.023242,25.1021,63.305176,39.768555],"properties":{"featurecla":"Admin-0 country","scalerank":3,"LABELRANK":2,"SOVEREIGNT":"Iran","SOV_A3":"IRN","ADM0_DIF":0,"LEVEL":2,"TYPE":"Sovereign country","TLC":"1","ADMIN":"Iran","ADM0_A3":"IRN","GEOU_DIF":0,"GEOUNIT":"Iran","GU_A3":"IRN","SU_DIF":0,"SUBUNIT":"Iran","SU_A3":"IRN","BRK_DIFF":0,"NAME":"Iran","NAME_LONG":"Iran","BRK_A3":"IRN","BRK_NAME":"Iran","BRK_GROUP":null,"ABBREV":"Iran","POSTAL":"IRN","FORMAL_EN":"Islamic Republic of Iran","FORMAL_FR":null,"NAME_CIAWF":"Iran","NOTE_ADM0":null,"NOTE_BRK":null,"NAME_SORT":"Iran, Islamic Rep.","NAME_ALT":null,"MAPCOLOR7":4,"MAPCOLOR8":3,"MAPCOLOR9":4,"MAPCOLOR13":13,"POP_EST":82913906,"POP_RANK":16,"POP_YEAR":2019,"GDP_MD":453996,"GDP_YEAR":2018,"ECONOMY":"5. Emerging region: G20","INCOME_GRP":"3. Upper middle income","FIPS_10":"IR","ISO_A2":"IR","ISO_A2_EH":"IR","ISO_A3":"IRN","ISO_A3_EH":"IRN","ISO_N3":"364","ISO_N3_EH":"364","UN_A3":"364","WB_A2":"IR","WB_A3":"IRN","WOE_ID":23424851,"WOE_ID_EH":23424851,"WOE_NOTE":"Exact WOE match as country","ADM0_ISO":"IRN","ADM0_DIFF":null,"ADM0_TLC":"IRN","ADM0_A3_US":"IRN","ADM0_A3_FR":"IRN","ADM0_A3_RU":"IRN","ADM0_A3_ES":"IRN","ADM0_A3_CN":"IRN","ADM0_A3_TW":"IRN","ADM0_A3_IN":"IRN","ADM0_A3_NP":"IRN","ADM0_A3_PK":"IRN","ADM0_A3_DE":"IRN","ADM0_A3_GB":"IRN","ADM0_A3_BR":"IRN","ADM0_A3_IL":"IRN","ADM0_A3_PS":"IRN","ADM0_A3_SA":"IRN","ADM0_A3_EG":"IRN","ADM0_A3_MA":"IRN","ADM0_A3_PT":"IRN","ADM0_A3_AR":"IRN","ADM0_A3_JP":"IRN","ADM0_A3_KO":"IRN","ADM0_A3_VN":"IRN","ADM0_A3_TR":"IRN","ADM0_A3_ID":"IRN","ADM0_A3_PL":"IRN","ADM0_A3_GR":"IRN","ADM0_A3_IT":"IRN","ADM0_A3_NL":"IRN","ADM0_A3_SE":"IRN","ADM0_A3_BD":"IRN","ADM0_A3_UA":"IRN","ADM0_A3_UN":-99,"ADM0_A3_WB":-99,"CONTINENT":"Asia","REGION_UN":"Asia","SUBREGION":"Southern Asia","REGION_WB":"Middle East & North Africa","NAME_LEN":4,"LONG_LEN":4,"ABBREV_LEN":4,"TINY":-99,"HOMEPART":1,"MIN_ZOOM":0,"MIN_LABEL":2.5,"MAX_LABEL":6.7,"LABEL_X":54.931495,"LABEL_Y":32.166225,"NE_ID":1159320881,"WIKIDATAID":"Q794","NAME_AR":"إيران","NAME_BN":"ইরান","NAME_DE":"Iran","NAME_EN":"Iran","NAME_ES":"Irán","NAME_FA":"ایران","NAME_FR":"Iran","NAME_EL":"Ιράν","NAME_HE":"איראן","NAME_HI":"ईरान","NAME_HU":"Irán","NAME_ID":"Iran","NAME_IT":"Iran","NAME_JA":"イラン","NAME_KO":"이란","NAME_NL":"Iran","NAME_PL":"Iran","NAME_PT":"Irão","NAME_RU":"Иран","NAME_SV":"Iran","NAME_TR":"İran","NAME_UK":"Іран","NAME_UR":"ایران","NAME_VI":"Iran","NAME_ZH":"伊朗","NAME_ZHT":"伊朗","FCLASS_ISO":"Admin-0 country","TLC_DIFF":null,"FCLASS_TLC":"Admin-0 country","FCLASS_US":null,"FCLASS_FR":null,"FCLASS_RU":null,"FCLASS_ES":null,"FCLASS_CN":null,"FCLASS_TW":null,"FCLASS_IN":null,"FCLASS_NP":null,"FCLASS_PK":null,"FCLASS_DE":null,"FCLASS_GB":null,"FCLASS_BR":null,"FCLASS_IL":null,"FCLASS_PS":null,"FCLASS_SA":null,"FCLASS_EG":null,"FCLASS_MA":null,"FCLASS_PT":null,"FCLASS_AR":null,"FCLASS_JP":null,"FCLASS_KO":null,"FCLASS_VN":null,"FCLASS_TR":null,"FCLASS_ID":null,"FCLASS_PL":null,"FCLASS_GR":null,"FCLASS_IT":null,"FCLASS_NL":null,"FCLASS_SE":null,"FCLASS_BD":null,"FCLASS_UA":null},"geometry":{"type":"MultiPolygon","coordinates":[[[[56.187988,26.921143],[56.094922,26.801172],[55.954297,26.701123],[55.894141,26.732275],[55.847656,26.730811],[55.747266,26.69248],[55.674609,26.68584],[55.543164,26.617529],[55.42373,26.583105],[55.34043,26.585742],[55.311523,26.592627],[55.29502,26.639209],[55.296484,26.657568],[55.346973,26.647949],[55.531738,26.71001],[55.762598,26.811963],[55.78457,26.857178],[55.747461,26.930957],[55.757617,26.947656],[55.907129,26.909814],[56.074121,26.98335],[56.213965,27.003271],[56.279395,26.9521],[56.187988,26.921143]]],[[[53.99360793468063,37.340381],[54.191602,37.332471],[54.2320847230158,37.340381],[57.791992,37.340381],[57.791992,25.657664607355205],[57.73252,25.724902],[57.33457,25.791553],[57.260938,25.918848],[57.205566,26.037207],[57.201367,26.158838],[57.104297,26.371436],[57.071973,26.680078],[57.036035,26.800684],[56.982227,26.905469],[56.910449,26.99458],[56.812891,27.08999],[56.728125,27.127686],[56.356152,27.200244],[56.284375,27.190625],[56.118066,27.143115],[55.941113,27.037598],[55.650293,26.977539],[55.591602,26.932129],[55.518555,26.829932],[55.424023,26.770557],[55.294141,26.785937],[55.15459,26.725391],[54.895801,26.556689],[54.759277,26.505078],[54.644922,26.508936],[54.52207,26.58916],[54.24707,26.696631],[54.069336,26.732373],[53.822559,26.707715],[53.705762,26.725586],[53.507129,26.851758],[53.45498,26.943262],[53.341699,27.004492],[52.98252,27.141943],[52.691602,27.323389],[52.638184,27.391992],[52.602637,27.493359],[52.475879,27.616504],[52.191895,27.717285],[52.030762,27.824414],[51.841992,27.848242],[51.666309,27.844971],[51.589063,27.864209],[51.518555,27.91001],[51.278906,28.131348],[51.276074,28.218848],[51.128418,28.435156],[51.093848,28.512109],[51.062012,28.726123],[51.021191,28.78208],[50.866992,28.870166],[50.842969,28.927832],[50.875781,29.004395],[50.875781,29.062695],[50.795508,29.117432],[50.675195,29.146582],[50.646094,29.212207],[50.667969,29.339844],[50.649609,29.420068],[50.543555,29.547998],[50.386914,29.679053],[50.230176,29.8729],[50.168945,29.92124],[50.128906,30.048096],[50.071582,30.198535],[49.983105,30.209375],[49.554883,30.028955],[49.42998,30.130469],[49.054297,30.306934],[49.028125,30.333447],[49.001953,30.373926],[49.049023,30.397266],[49.096191,30.406787],[49.190332,30.375391],[49.247266,30.4125],[49.224512,30.472314],[49.130371,30.509424],[49.001953,30.506543],[49.037109,30.450488],[48.916797,30.397266],[48.891211,30.327637],[48.908691,30.241455],[48.919141,30.120898],[48.870117,30.062402],[48.832422,30.035498],[48.670898,30.02832],[48.595508,29.975049],[48.546484,29.962354],[48.478516,30.003809],[48.43457,30.037598],[48.398633,30.109619],[48.387598,30.159863],[48.401367,30.18833],[48.382617,30.230176],[48.331055,30.285449],[48.278906,30.31582],[48.226172,30.321338],[48.182422,30.355029],[48.147559,30.416846],[48.066113,30.457666],[48.014941,30.465625],[48.013477,30.656445],[48.012012,30.823633],[48.010645,30.989795],[47.836328,30.996436],[47.679492,31.002393],[47.679492,31.141504],[47.679492,31.400586],[47.753906,31.601367],[47.82998,31.794434],[47.714551,31.936426],[47.591504,32.087988],[47.511914,32.15083],[47.418164,32.340088],[47.371289,32.42373],[47.329785,32.455518],[47.285156,32.474023],[47.121387,32.466602],[46.968555,32.568408],[46.789062,32.687988],[46.569922,32.833936],[46.377051,32.929248],[46.298242,32.950244],[46.112793,32.957666],[46.093066,32.975879],[46.080469,33.028223],[46.080762,33.086523],[46.141113,33.174414],[46.145898,33.229639],[46.019922,33.415723],[45.981055,33.470117],[45.873242,33.491992],[45.894727,33.545654],[45.894727,33.581543],[45.879395,33.609766],[45.854492,33.62334],[45.822852,33.624805],[45.738281,33.602832],[45.67373,33.68667],[45.473242,33.925488],[45.408984,33.954492],[45.39707,33.97085],[45.446094,34.044043],[45.528613,34.152539],[45.542773,34.215527],[45.526855,34.284668],[45.437598,34.415137],[45.459375,34.470361],[45.497754,34.533887],[45.500781,34.581592],[45.56084,34.574512],[45.6375,34.573828],[45.661523,34.612695],[45.660059,34.748779],[45.678125,34.798437],[45.920898,35.028516],[46.041797,35.080176],[46.133789,35.127637],[46.154688,35.196729],[46.135742,35.232275],[46.117773,35.284277],[46.112109,35.32168],[46.010645,35.424805],[45.975391,35.476807],[45.971094,35.52417],[45.99502,35.608105],[46.037402,35.673145],[46.180957,35.711377],[46.2625,35.744141],[46.273438,35.773242],[46.16748,35.820557],[45.941406,35.8354],[45.776367,35.821826],[45.723438,35.83667],[45.64502,35.928369],[45.561621,35.977197],[45.483789,36.008545],[45.407715,36.002783],[45.361621,36.015332],[45.350879,36.054639],[45.241113,36.355957],[45.206543,36.397168],[45.155273,36.407373],[45.112402,36.409277],[45.083789,36.430029],[45.053125,36.471631],[45.031055,36.526074],[45.029395,36.597559],[45.033984,36.658887],[45.019238,36.698389],[44.981445,36.737695],[44.927832,36.765918],[44.880859,36.799316],[44.798438,37.063867],[44.76543,37.13501],[44.765137,37.142432],[44.766699,37.156348],[44.758301,37.21709],[44.796777,37.269775],[44.794141,37.290381],[44.734960200575294,37.340381],[50.21334164673249,37.340381],[50.214063,37.3396],[50.337891,37.14917],[50.533203,37.013672],[50.927441,36.810205],[51.118555,36.742578],[51.762012,36.614502],[52.190137,36.621729],[53.374121,36.86875],[53.767676,36.930322],[53.91543,36.930322],[53.827441,36.881201],[53.679492,36.853125],[53.76875,36.818457],[53.90625,36.812695],[53.970117,36.818311],[54.016211,36.849658],[54.023828,36.901318],[54.017188,36.95249],[53.951953,37.181738],[53.91490130024658,37.340381],[53.99360793468063,37.340381]]]]}},{"type":"Feature","bbox":[95.206641,-10.909668,140.976172,5.907031],"properties":{"featurecla":"Admin-0 country","scalerank":3,"LABELRANK":2,"SOVEREIGNT":"Indonesia","SOV_A3":"IDN","ADM0_DIF":0,"LEVEL":2,"TYPE":"Sovereign country","TLC":"1","ADMIN":"Indonesia","ADM0_A3":"IDN","GEOU_DIF":0,"GEOUNIT":"Indonesia","GU_A3":"IDN","SU_DIF":0,"SUBUNIT":"Indonesia","SU_A3":"IDN","BRK_DIFF":0,"NAME":"Indonesia","NAME_LONG":"Indonesia","BRK_A3":"IDN","BRK_NAME":"Indonesia","BRK_GROUP":null,"ABBREV":"Indo.","POSTAL":"INDO","FORMAL_EN":"Republic of Indonesia","FORMAL_FR":null,"NAME_CIAWF":"Indonesia","NOTE_ADM0":null,"NOTE_BRK":null,"NAME_SORT":"Indonesia","NAME_ALT":null,"MAPCOLOR7":6,"MAPCOLOR8":6,"MAPCOLOR9":6,"MAPCOLOR13":11,"POP_EST":270625568,"POP_RANK":17,"POP_YEAR":2019,"GDP_MD":1119190,"GDP_YEAR":2019,"ECONOMY":"4. Emerging region: MIKT","INCOME_GRP":"4. Lower middle income","FIPS_10":"ID","ISO_A2":"ID","ISO_A2_EH":"ID","ISO_A3":"IDN","ISO_A3_EH":"IDN","ISO_N3":"360","ISO_N3_EH":"360","UN_A3":"360","WB_A2":"ID","WB_A3":"IDN","WOE_ID":23424846,"WOE_ID_EH":23424846,"WOE_NOTE":"Exact WOE match as country","ADM0_ISO":"IDN","ADM0_DIFF":null,"ADM0_TLC":"IDN","ADM0_A3_US":"IDN","ADM0_A3_FR":"IDN","ADM0_A3_RU":"IDN","ADM0_A3_ES":"IDN","ADM0_A3_CN":"IDN","ADM0_A3_TW":"IDN","ADM0_A3_IN":"IDN","ADM0_A3_NP":"IDN","ADM0_A3_PK":"IDN","ADM0_A3_DE":"IDN","ADM0_A3_GB":"IDN","ADM0_A3_BR":"IDN","ADM0_A3_IL":"IDN","ADM0_A3_PS":"IDN","ADM0_A3_SA":"IDN","ADM0_A3_EG":"IDN","ADM0_A3_MA":"IDN","ADM0_A3_PT":"IDN","ADM0_A3_AR":"IDN","ADM0_A3_JP":"IDN","ADM0_A3_KO":"IDN","ADM0_A3_VN":"IDN","ADM0_A3_TR":"IDN","ADM0_A3_ID":"IDN","ADM0_A3_PL":"IDN","ADM0_A3_GR":"IDN","ADM0_A3_IT":"IDN","ADM0_A3_NL":"IDN","ADM0_A3_SE":"IDN","ADM0_A3_BD":"IDN","ADM0_A3_UA":"IDN","ADM0_A3_UN":-99,"ADM0_A3_WB":-99,"CONTINENT":"Asia","REGION_UN":"Asia","SUBREGION":"South-Eastern Asia","REGION_WB":"East Asia & Pacific","NAME_LEN":9,"LONG_LEN":9,"ABBREV_LEN":5,"TINY":-99,"HOMEPART":1,"MIN_ZOOM":0,"MIN_LABEL":1.7,"MAX_LABEL":6.7,"LABEL_X":101.892949,"LABEL_Y":-0.954404,"NE_ID":1159320845,"WIKIDATAID":"Q252","NAME_AR":"إندونيسيا","NAME_BN":"ইন্দোনেশিয়া","NAME_DE":"Indonesien","NAME_EN":"Indonesia","NAME_ES":"Indonesia","NAME_FA":"اندونزی","NAME_FR":"Indonésie","NAME_EL":"Ινδονησία","NAME_HE":"אינדונזיה","NAME_HI":"इंडोनेशिया","NAME_HU":"Indonézia","NAME_ID":"Indonesia","NAME_IT":"Indonesia","NAME_JA":"インドネシア","NAME_KO":"인도네시아","NAME_NL":"Indonesië","NAME_PL":"Indonezja","NAME_PT":"Indonésia","NAME_RU":"Индонезия","NAME_SV":"Indonesien","NAME_TR":"Endonezya","NAME_UK":"Індонезія","NAME_UR":"انڈونیشیا","NAME_VI":"Indonesia","NAME_ZH":"印度尼西亚","NAME_ZHT":"印度尼西亞","FCLASS_ISO":"Admin-0 country","TLC_DIFF":null,"FCLASS_TLC":"Admin-0 country","FCLASS_US":null,"FCLASS_FR":null,"FCLASS_RU":null,"FCLASS_ES":null,"FCLASS_CN":null,"FCLASS_TW":null,"FCLASS_IN":null,"FCLASS_NP":null,"FCLASS_PK":null,"FCLASS_DE":null,"FCLASS_GB":null,"FCLASS_BR":null,"FCLASS_IL":null,"FCLASS_PS":null,"FCLASS_SA":null,"FCLASS_EG":null,"FCLASS_MA":null,"FCLASS_PT":null,"FCLASS_AR":null,"FCLASS_JP":null,"FCLASS_KO":null,"FCLASS_VN":null,"FCLASS_TR":null,"FCLASS_ID":null,"FCLASS_PL":null,"FCLASS_GR":null,"FCLASS_IT":null,"FCLASS_NL":null,"FCLASS_SE":null,"FCLASS_BD":null,"FCLASS_UA":null},"geometry":{"type":"MultiPolygon","coordinates":[[],[],[],[],[],[],[],[],[],[],[],[],[],[],[],[],[],[],[],[],[],[],[],[],[],[],[],[],[],[],[],[],[],[],[],[],[],[],[],[],[],[],[],[],[],[],[],[],[],[],[],[],[],[],[],[],[],[],[],[],[],[],[],[],[],[],[],[],[],[],[],[],[],[],[],[],[],[],[],[],[],[],[],[],[],[],[],[],[],[],[],[],[],[],[],[],[],[],[],[],[],[],[],[],[],[],[],[],[],[],[],[],[],[],[],[],[],[],[],[],[],[],[],[],[],[],[],[],[],[],[],[],[]]}},{"type":"Feature","bbox":[68.165039,6.748682,97.343555,35.495898],"properties":{"featurecla":"Admin-0 country","scalerank":1,"LABELRANK":2,"SOVEREIGNT":"India","SOV_A3":"IND","ADM0_DIF":0,"LEVEL":2,"TYPE":"Sovereign country","TLC":"1","ADMIN":"India","ADM0_A3":"IND","GEOU_DIF":0,"GEOUNIT":"India","GU_A3":"IND","SU_DIF":0,"SUBUNIT":"India","SU_A3":"IND","BRK_DIFF":0,"NAME":"India","NAME_LONG":"India","BRK_A3":"IND","BRK_NAME":"India","BRK_GROUP":null,"ABBREV":"India","POSTAL":"IND","FORMAL_EN":"Republic of India","FORMAL_FR":null,"NAME_CIAWF":"India","NOTE_ADM0":null,"NOTE_BRK":null,"NAME_SORT":"India","NAME_ALT":null,"MAPCOLOR7":1,"MAPCOLOR8":3,"MAPCOLOR9":2,"MAPCOLOR13":2,"POP_EST":1366417754,"POP_RANK":18,"POP_YEAR":2019,"GDP_MD":2868929,"GDP_YEAR":2019,"ECONOMY":"3. Emerging region: BRIC","INCOME_GRP":"4. Lower middle income","FIPS_10":"IN","ISO_A2":"IN","ISO_A2_EH":"IN","ISO_A3":"IND","ISO_A3_EH":"IND","ISO_N3":"356","ISO_N3_EH":"356","UN_A3":"356","WB_A2":"IN","WB_A3":"IND","WOE_ID":23424848,"WOE_ID_EH":23424848,"WOE_NOTE":"Exact WOE match as country","ADM0_ISO":"IND","ADM0_DIFF":null,"ADM0_TLC":"IND","ADM0_A3_US":"IND","ADM0_A3_FR":"IND","ADM0_A3_RU":"IND","ADM0_A3_ES":"IND","ADM0_A3_CN":"IND","ADM0_A3_TW":"IND","ADM0_A3_IN":"IND","ADM0_A3_NP":"IND","ADM0_A3_PK":"IND","ADM0_A3_DE":"IND","ADM0_A3_GB":"IND","ADM0_A3_BR":"IND","ADM0_A3_IL":"IND","ADM0_A3_PS":"IND","ADM0_A3_SA":"IND","ADM0_A3_EG":"IND","ADM0_A3_MA":"IND","ADM0_A3_PT":"IND","ADM0_A3_AR":"IND","ADM0_A3_JP":"IND","ADM0_A3_KO":"IND","ADM0_A3_VN":"IND","ADM0_A3_TR":"IND","ADM0_A3_ID":"IND","ADM0_A3_PL":"IND","ADM0_A3_GR":"IND","ADM0_A3_IT":"IND","ADM0_A3_NL":"IND","ADM0_A3_SE":"IND","ADM0_A3_BD":"IND","ADM0_A3_UA":"IND","ADM0_A3_UN":-99,"ADM0_A3_WB":-99,"CONTINENT":"Asia","REGION_UN":"Asia","SUBREGION":"Southern Asia","REGION_WB":"South Asia","NAME_LEN":5,"LONG_LEN":5,"ABBREV_LEN":5,"TINY":-99,"HOMEPART":1,"MIN_ZOOM":0,"MIN_LABEL":1.7,"MAX_LABEL":6.7,"LABEL_X":79.358105,"LABEL_Y":22.686852,"NE_ID":1159320847,"WIKIDATAID":"Q668","NAME_AR":"الهند","NAME_BN":"ভারত","NAME_DE":"Indien","NAME_EN":"India","NAME_ES":"India","NAME_FA":"هند","NAME_FR":"Inde","NAME_EL":"Ινδία","NAME_HE":"הודו","NAME_HI":"भारत","NAME_HU":"India","NAME_ID":"India","NAME_IT":"India","NAME_JA":"インド","NAME_KO":"인도","NAME_NL":"India","NAME_PL":"Indie","NAME_PT":"Índia","NAME_RU":"Индия","NAME_SV":"Indien","NAME_TR":"Hindistan","NAME_UK":"Індія","NAME_UR":"بھارت","NAME_VI":"Ấn Độ","NAME_ZH":"印度","NAME_ZHT":"印度","FCLASS_ISO":"Admin-0 country","TLC_DIFF":null,"FCLASS_TLC":"Admin-0 country","FCLASS_US":null,"FCLASS_FR":null,"FCLASS_RU":null,"FCLASS_ES":null,"FCLASS_CN":null,"FCLASS_TW":null,"FCLASS_IN":null,"FCLASS_NP":null,"FCLASS_PK":null,"FCLASS_DE":null,"FCLASS_GB":null,"FCLASS_BR":null,"FCLASS_IL":null,"FCLASS_PS":null,"FCLASS_SA":null,"FCLASS_EG":null,"FCLASS_MA":null,"FCLASS_PT":null,"FCLASS_AR":null,"FCLASS_JP":null,"FCLASS_KO":null,"FCLASS_VN":null,"FCLASS_TR":null,"FCLASS_ID":null,"FCLASS_PL":null,"FCLASS_GR":null,"FCLASS_IT":null,"FCLASS_NL":null,"FCLASS_SE":null,"FCLASS_BD":null,"FCLASS_UA":null},"geometry":{"type":"MultiPolygon","coordinates":[[],[],[],[],[],[],[],[],[],[],[],[],[],[]]}},{"type":"Feature","bbox":[-89.362598,12.979248,-83.15752,16.513965],"properties":{"featurecla":"Admin-0 country","scalerank":1,"LABELRANK":5,"SOVEREIGNT":"Honduras","SOV_A3":"HND","ADM0_DIF":0,"LEVEL":2,"TYPE":"Sovereign country","TLC":"1","ADMIN":"Honduras","ADM0_A3":"HND","GEOU_DIF":0,"GEOUNIT":"Honduras","GU_A3":"HND","SU_DIF":0,"SUBUNIT":"Honduras","SU_A3":"HND","BRK_DIFF":0,"NAME":"Honduras","NAME_LONG":"Honduras","BRK_A3":"HND","BRK_NAME":"Honduras","BRK_GROUP":null,"ABBREV":"Hond.","POSTAL":"HN","FORMAL_EN":"Republic of Honduras","FORMAL_FR":null,"NAME_CIAWF":"Honduras","NOTE_ADM0":null,"NOTE_BRK":null,"NAME_SORT":"Honduras","NAME_ALT":null,"MAPCOLOR7":2,"MAPCOLOR8":5,"MAPCOLOR9":2,"MAPCOLOR13":5,"POP_EST":9746117,"POP_RANK":13,"POP_YEAR":2019,"GDP_MD":25095,"GDP_YEAR":2019,"ECONOMY":"6. Developing region","INCOME_GRP":"4. Lower middle income","FIPS_10":"HO","ISO_A2":"HN","ISO_A2_EH":"HN","ISO_A3":"HND","ISO_A3_EH":"HND","ISO_N3":"340","ISO_N3_EH":"340","UN_A3":"340","WB_A2":"HN","WB_A3":"HND","WOE_ID":23424841,"WOE_ID_EH":23424841,"WOE_NOTE":"Exact WOE match as country","ADM0_ISO":"HND","ADM0_DIFF":null,"ADM0_TLC":"HND","ADM0_A3_US":"HND","ADM0_A3_FR":"HND","ADM0_A3_RU":"HND","ADM0_A3_ES":"HND","ADM0_A3_CN":"HND","ADM0_A3_TW":"HND","ADM0_A3_IN":"HND","ADM0_A3_NP":"HND","ADM0_A3_PK":"HND","ADM0_A3_DE":"HND","ADM0_A3_GB":"HND","ADM0_A3_BR":"HND","ADM0_A3_IL":"HND","ADM0_A3_PS":"HND","ADM0_A3_SA":"HND","ADM0_A3_EG":"HND","ADM0_A3_MA":"HND","ADM0_A3_PT":"HND","ADM0_A3_AR":"HND","ADM0_A3_JP":"HND","ADM0_A3_KO":"HND","ADM0_A3_VN":"HND","ADM0_A3_TR":"HND","ADM0_A3_ID":"HND","ADM0_A3_PL":"HND","ADM0_A3_GR":"HND","ADM0_A3_IT":"HND","ADM0_A3_NL":"HND","ADM0_A3_SE":"HND","ADM0_A3_BD":"HND","ADM0_A3_UA":"HND","ADM0_A3_UN":-99,"ADM0_A3_WB":-99,"CONTINENT":"North America","REGION_UN":"Americas","SUBREGION":"Central America","REGION_WB":"Latin America & Caribbean","NAME_LEN":8,"LONG_LEN":8,"ABBREV_LEN":5,"TINY":-99,"HOMEPART":1,"MIN_ZOOM":0,"MIN_LABEL":4.5,"MAX_LABEL":9.5,"LABEL_X":-86.887604,"LABEL_Y":14.794801,"NE_ID":1159320827,"WIKIDATAID":"Q783","NAME_AR":"هندوراس","NAME_BN":"হন্ডুরাস","NAME_DE":"Honduras","NAME_EN":"Honduras","NAME_ES":"Honduras","NAME_FA":"هندوراس","NAME_FR":"Honduras","NAME_EL":"Ονδούρα","NAME_HE":"הונדורס","NAME_HI":"हौण्डुरस","NAME_HU":"Honduras","NAME_ID":"Honduras","NAME_IT":"Honduras","NAME_JA":"ホンジュラス","NAME_KO":"온두라스","NAME_NL":"Honduras","NAME_PL":"Honduras","NAME_PT":"Honduras","NAME_RU":"Гондурас","NAME_SV":"Honduras","NAME_TR":"Honduras","NAME_UK":"Гондурас","NAME_UR":"ہونڈوراس","NAME_VI":"Honduras","NAME_ZH":"洪都拉斯","NAME_ZHT":"宏都拉斯","FCLASS_ISO":"Admin-0 country","TLC_DIFF":null,"FCLASS_TLC":"Admin-0 country","FCLASS_US":null,"FCLASS_FR":null,"FCLASS_RU":null,"FCLASS_ES":null,"FCLASS_CN":null,"FCLASS_TW":null,"FCLASS_IN":null,"FCLASS_NP":null,"FCLASS_PK":null,"FCLASS_DE":null,"FCLASS_GB":null,"FCLASS_BR":null,"FCLASS_IL":null,"FCLASS_PS":null,"FCLASS_SA":null,"FCLASS_EG":null,"FCLASS_MA":null,"FCLASS_PT":null,"FCLASS_AR":null,"FCLASS_JP":null,"FCLASS_KO":null,"FCLASS_VN":null,"FCLASS_TR":null,"FCLASS_ID":null,"FCLASS_PL":null,"FCLASS_GR":null,"FCLASS_IT":null,"FCLASS_NL":null,"FCLASS_SE":null,"FCLASS_BD":null,"FCLASS_UA":null},"geometry":{"type":"MultiPolygon","coordinates":[[],[],[]]}},{"type":"Feature","bbox":[-74.478125,18.03916,-71.645312,20.093652],"properties":{"featurecla":"Admin-0 country","scalerank":1,"LABELRANK":5,"SOVEREIGNT":"Haiti","SOV_A3":"HTI","ADM0_DIF":0,"LEVEL":2,"TYPE":"Sovereign country","TLC":"1","ADMIN":"Haiti","ADM0_A3":"HTI","GEOU_DIF":0,"GEOUNIT":"Haiti","GU_A3":"HTI","SU_DIF":0,"SUBUNIT":"Haiti","SU_A3":"HTI","BRK_DIFF":0,"NAME":"Haiti","NAME_LONG":"Haiti","BRK_A3":"HTI","BRK_NAME":"Haiti","BRK_GROUP":null,"ABBREV":"Haiti","POSTAL":"HT","FORMAL_EN":"Republic of Haiti","FORMAL_FR":null,"NAME_CIAWF":"Haiti","NOTE_ADM0":null,"NOTE_BRK":null,"NAME_SORT":"Haiti","NAME_ALT":null,"MAPCOLOR7":2,"MAPCOLOR8":1,"MAPCOLOR9":7,"MAPCOLOR13":2,"POP_EST":11263077,"POP_RANK":14,"POP_YEAR":2019,"GDP_MD":14332,"GDP_YEAR":2019,"ECONOMY":"7. Least developed region","INCOME_GRP":"5. Low income","FIPS_10":"HA","ISO_A2":"HT","ISO_A2_EH":"HT","ISO_A3":"HTI","ISO_A3_EH":"HTI","ISO_N3":"332","ISO_N3_EH":"332","UN_A3":"332","WB_A2":"HT","WB_A3":"HTI","WOE_ID":23424839,"WOE_ID_EH":23424839,"WOE_NOTE":"Exact WOE match as country","ADM0_ISO":"HTI","ADM0_DIFF":null,"ADM0_TLC":"HTI","ADM0_A3_US":"HTI","ADM0_A3_FR":"HTI","ADM0_A3_RU":"HTI","ADM0_A3_ES":"HTI","ADM0_A3_CN":"HTI","ADM0_A3_TW":"HTI","ADM0_A3_IN":"HTI","ADM0_A3_NP":"HTI","ADM0_A3_PK":"HTI","ADM0_A3_DE":"HTI","ADM0_A3_GB":"HTI","ADM0_A3_BR":"HTI","ADM0_A3_IL":"HTI","ADM0_A3_PS":"HTI","ADM0_A3_SA":"HTI","ADM0_A3_EG":"HTI","ADM0_A3_MA":"HTI","ADM0_A3_PT":"HTI","ADM0_A3_AR":"HTI","ADM0_A3_JP":"HTI","ADM0_A3_KO":"HTI","ADM0_A3_VN":"HTI","ADM0_A3_TR":"HTI","ADM0_A3_ID":"HTI","ADM0_A3_PL":"HTI","ADM0_A3_GR":"HTI","ADM0_A3_IT":"HTI","ADM0_A3_NL":"HTI","ADM0_A3_SE":"HTI","ADM0_A3_BD":"HTI","ADM0_A3_UA":"HTI","ADM0_A3_UN":-99,"ADM0_A3_WB":-99,"CONTINENT":"North America","REGION_UN":"Americas","SUBREGION":"Caribbean","REGION_WB":"Latin America & Caribbean","NAME_LEN":5,"LONG_LEN":5,"ABBREV_LEN":5,"TINY":-99,"HOMEPART":1,"MIN_ZOOM":0,"MIN_LABEL":4,"MAX_LABEL":9,"LABEL_X":-72.224051,"LABEL_Y":19.263784,"NE_ID":1159320839,"WIKIDATAID":"Q790","NAME_AR":"هايتي","NAME_BN":"হাইতি","NAME_DE":"Haiti","NAME_EN":"Haiti","NAME_ES":"Haití","NAME_FA":"هائیتی","NAME_FR":"Haïti","NAME_EL":"Αϊτή","NAME_HE":"האיטי","NAME_HI":"हैती","NAME_HU":"Haiti","NAME_ID":"Haiti","NAME_IT":"Haiti","NAME_JA":"ハイチ","NAME_KO":"아이티","NAME_NL":"Haïti","NAME_PL":"Haiti","NAME_PT":"Haiti","NAME_RU":"Республика Гаити","NAME_SV":"Haiti","NAME_TR":"Haiti","NAME_UK":"Гаїті","NAME_UR":"ہیٹی","NAME_VI":"Haiti","NAME_ZH":"海地","NAME_ZHT":"海地","FCLASS_ISO":"Admin-0 country","TLC_DIFF":null,"FCLASS_TLC":"Admin-0 country","FCLASS_US":null,"FCLASS_FR":null,"FCLASS_RU":null,"FCLASS_ES":null,"FCLASS_CN":null,"FCLASS_TW":null,"FCLASS_IN":null,"FCLASS_NP":null,"FCLASS_PK":null,"FCLASS_DE":null,"FCLASS_GB":null,"FCLASS_BR":null,"FCLASS_IL":null,"FCLASS_PS":null,"FCLASS_SA":null,"FCLASS_EG":null,"FCLASS_MA":null,"FCLASS_PT":null,"FCLASS_AR":null,"FCLASS_JP":null,"FCLASS_KO":null,"FCLASS_VN":null,"FCLASS_TR":null,"FCLASS_ID":null,"FCLASS_PL":null,"FCLASS_GR":null,"FCLASS_IT":null,"FCLASS_NL":null,"FCLASS_SE":null,"FCLASS_BD":null,"FCLASS_UA":null},"geometry":{"type":"MultiPolygon","coordinates":[[],[],[]]}},{"type":"Feature","bbox":[-16.711816,10.940137,-13.673535,12.679932],"properties":{"featurecla":"Admin-0 country","scalerank":1,"LABELRANK":6,"SOVEREIGNT":"Guinea-Bissau","SOV_A3":"GNB","ADM0_DIF":0,"LEVEL":2,"TYPE":"Sovereign country","TLC":"1","ADMIN":"Guinea-Bissau","ADM0_A3":"GNB","GEOU_DIF":0,"GEOUNIT":"Guinea-Bissau","GU_A3":"GNB","SU_DIF":0,"SUBUNIT":"Guinea-Bissau","SU_A3":"GNB","BRK_DIFF":0,"NAME":"Guinea-Bissau","NAME_LONG":"Guinea-Bissau","BRK_A3":"GNB","BRK_NAME":"Guinea-Bissau","BRK_GROUP":null,"ABBREV":"GnB.","POSTAL":"GW","FORMAL_EN":"Republic of Guinea-Bissau","FORMAL_FR":null,"NAME_CIAWF":"Guinea-Bissau","NOTE_ADM0":null,"NOTE_BRK":null,"NAME_SORT":"Guinea-Bissau","NAME_ALT":null,"MAPCOLOR7":3,"MAPCOLOR8":5,"MAPCOLOR9":3,"MAPCOLOR13":4,"POP_EST":1920922,"POP_RANK":12,"POP_YEAR":2019,"GDP_MD":1339,"GDP_YEAR":2019,"ECONOMY":"7. Least developed region","INCOME_GRP":"5. Low income","FIPS_10":"PU","ISO_A2":"GW","ISO_A2_EH":"GW","ISO_A3":"GNB","ISO_A3_EH":"GNB","ISO_N3":"624","ISO_N3_EH":"624","UN_A3":"624","WB_A2":"GW","WB_A3":"GNB","WOE_ID":23424929,"WOE_ID_EH":23424929,"WOE_NOTE":"Exact WOE match as country","ADM0_ISO":"GNB","ADM0_DIFF":null,"ADM0_TLC":"GNB","ADM0_A3_US":"GNB","ADM0_A3_FR":"GNB","ADM0_A3_RU":"GNB","ADM0_A3_ES":"GNB","ADM0_A3_CN":"GNB","ADM0_A3_TW":"GNB","ADM0_A3_IN":"GNB","ADM0_A3_NP":"GNB","ADM0_A3_PK":"GNB","ADM0_A3_DE":"GNB","ADM0_A3_GB":"GNB","ADM0_A3_BR":"GNB","ADM0_A3_IL":"GNB","ADM0_A3_PS":"GNB","ADM0_A3_SA":"GNB","ADM0_A3_EG":"GNB","ADM0_A3_MA":"GNB","ADM0_A3_PT":"GNB","ADM0_A3_AR":"GNB","ADM0_A3_JP":"GNB","ADM0_A3_KO":"GNB","ADM0_A3_VN":"GNB","ADM0_A3_TR":"GNB","ADM0_A3_ID":"GNB","ADM0_A3_PL":"GNB","ADM0_A3_GR":"GNB","ADM0_A3_IT":"GNB","ADM0_A3_NL":"GNB","ADM0_A3_SE":"GNB","ADM0_A3_BD":"GNB","ADM0_A3_UA":"GNB","ADM0_A3_UN":-99,"ADM0_A3_WB":-99,"CONTINENT":"Africa","REGION_UN":"Africa","SUBREGION":"Western Africa","REGION_WB":"Sub-Saharan Africa","NAME_LEN":13,"LONG_LEN":13,"ABBREV_LEN":4,"TINY":-99,"HOMEPART":1,"MIN_ZOOM":0,"MIN_LABEL":5,"MAX_LABEL":10,"LABEL_X":-14.52413,"LABEL_Y":12.163712,"NE_ID":1159320799,"WIKIDATAID":"Q1007","NAME_AR":"غينيا بيساو","NAME_BN":"গিনি-বিসাউ","NAME_DE":"Guinea-Bissau","NAME_EN":"Guinea-Bissau","NAME_ES":"Guinea-Bisáu","NAME_FA":"گینه بیسائو","NAME_FR":"Guinée-Bissau","NAME_EL":"Γουινέα-Μπισσάου","NAME_HE":"גינאה ביסאו","NAME_HI":"गिनी-बिसाऊ","NAME_HU":"Bissau-Guinea","NAME_ID":"Guinea-Bissau","NAME_IT":"Guinea-Bissau","NAME_JA":"ギニアビサウ","NAME_KO":"기니비사우","NAME_NL":"Guinee-Bissau","NAME_PL":"Gwinea Bissau","NAME_PT":"Guiné-Bissau","NAME_RU":"Гвинея-Бисау","NAME_SV":"Guinea-Bissau","NAME_TR":"Gine-Bissau","NAME_UK":"Гвінея-Бісау","NAME_UR":"گنی بساؤ","NAME_VI":"Guiné-Bissau","NAME_ZH":"几内亚比绍","NAME_ZHT":"幾內亞比索","FCLASS_ISO":"Admin-0 country","TLC_DIFF":null,"FCLASS_TLC":"Admin-0 country","FCLASS_US":null,"FCLASS_FR":null,"FCLASS_RU":null,"FCLASS_ES":null,"FCLASS_CN":null,"FCLASS_TW":null,"FCLASS_IN":null,"FCLASS_NP":null,"FCLASS_PK":null,"FCLASS_DE":null,"FCLASS_GB":null,"FCLASS_BR":null,"FCLASS_IL":null,"FCLASS_PS":null,"FCLASS_SA":null,"FCLASS_EG":null,"FCLASS_MA":null,"FCLASS_PT":null,"FCLASS_AR":null,"FCLASS_JP":null,"FCLASS_KO":null,"FCLASS_VN":null,"FCLASS_TR":null,"FCLASS_ID":null,"FCLASS_PL":null,"FCLASS_GR":null,"FCLASS_IT":null,"FCLASS_NL":null,"FCLASS_SE":null,"FCLASS_BD":null,"FCLASS_UA":null},"geometry":{"type":"MultiPolygon","coordinates":[[[[-16.711816,12.354834],[-16.656934,12.364355],[-16.521338,12.348633],[-16.416309,12.367676],[-16.342285,12.399512],[-16.241504,12.443311],[-16.144189,12.457422],[-15.839551,12.437891],[-15.574805,12.490381],[-15.37793,12.588965],[-15.196094,12.679932],[-14.960596,12.678955],[-14.708154,12.677979],[-14.349219,12.676416],[-14.064844,12.675293],[-13.729248,12.673926],[-13.732617,12.592822],[-13.673535,12.478516],[-13.682373,12.393408],[-13.70791,12.312695],[-13.730078,12.280811],[-13.759766,12.262354],[-13.849463,12.262988],[-13.8875,12.246875],[-13.947314,12.215234],[-13.948877,12.178174],[-13.901172,12.142871],[-13.861914,12.093311],[-13.816309,12.054492],[-13.737988,12.009668],[-13.730664,11.959863],[-13.728564,11.834131],[-13.732764,11.736035],[-13.953223,11.6646],[-14.122314,11.651953],[-14.265576,11.659912],[-14.327832,11.629785],[-14.452441,11.556201],[-14.604785,11.511621],[-14.682959,11.508496],[-14.720264,11.481934],[-14.779297,11.405518],[-14.944434,11.072168],[-14.999023,10.992188],[-15.043018,10.940137],[-15.09375,11.011035],[-15.05459,11.141943],[-15.096777,11.140039],[-15.181055,11.034229],[-15.222119,11.030908],[-15.216699,11.15625],[-15.263379,11.160889],[-15.31748,11.152002],[-15.393115,11.217236],[-15.400586,11.266211],[-15.394531,11.334473],[-15.348437,11.378076],[-15.354687,11.396338],[-15.39917,11.401465],[-15.448975,11.389746],[-15.479492,11.410303],[-15.429102,11.498877],[-15.252588,11.573291],[-15.16377,11.580957],[-15.072656,11.597803],[-15.122412,11.661572],[-15.230371,11.686768],[-15.316699,11.669189],[-15.359668,11.6229],[-15.412988,11.615234],[-15.501904,11.723779],[-15.500244,11.778369],[-15.467187,11.842822],[-15.415723,11.871777],[-15.21084,11.870947],[-15.133105,11.907324],[-15.101709,11.913965],[-15.071973,11.947021],[-15.078271,11.968994],[-15.111523,11.970264],[-15.188086,11.927295],[-15.434766,11.943555],[-15.513477,11.917578],[-15.650684,11.818359],[-15.819385,11.763477],[-15.941748,11.786621],[-15.902734,11.919678],[-15.920215,11.937793],[-15.958789,11.959619],[-16.138428,11.917285],[-16.274316,11.978125],[-16.328076,12.051611],[-16.318848,12.14375],[-16.254736,12.206055],[-16.24458,12.237109],[-16.312305,12.243018],[-16.436816,12.20415],[-16.711816,12.354834]]],[[[-16.114502,11.059424],[-16.194531,11.04458],[-16.231006,11.094238],[-16.236426,11.113428],[-16.194629,11.130127],[-16.175879,11.130811],[-16.144043,11.166846],[-16.104785,11.191016],[-16.087451,11.198779],[-16.067334,11.197217],[-16.052783,11.117529],[-16.072217,11.084082],[-16.114502,11.059424]]],[[[-15.895898,11.082471],[-15.905176,11.054736],[-15.963965,11.058984],[-15.950635,11.087109],[-15.963477,11.095312],[-15.946484,11.179736],[-15.937695,11.192773],[-15.909131,11.161328],[-15.905273,11.14834],[-15.895898,11.082471]]],[[[-15.725146,11.215479],[-15.725146,11.174512],[-15.76748,11.182275],[-15.779785,11.194531],[-15.754687,11.268701],[-15.71748,11.301758],[-15.671924,11.296484],[-15.65835,11.286475],[-15.667187,11.257861],[-15.687109,11.234326],[-15.725146,11.215479]]],[[[-15.553418,11.537012],[-15.562793,11.51377],[-15.619629,11.533496],[-15.536572,11.617627],[-15.482471,11.632324],[-15.484424,11.567529],[-15.526221,11.553857],[-15.553418,11.537012]]],[[[-15.901807,11.46582],[-15.94873,11.434424],[-15.997217,11.44917],[-16.023193,11.477148],[-16.019336,11.527295],[-15.964551,11.598291],[-15.915332,11.589111],[-15.901807,11.46582]]],[[[-15.986426,11.882031],[-16.03833,11.759717],[-16.102441,11.773193],[-16.147363,11.845996],[-16.152441,11.876807],[-16.021875,11.88667],[-15.986426,11.882031]]]]}},{"type":"Feature","bbox":[-15.051221,7.215918,-7.681201,12.673926],"properties":{"featurecla":"Admin-0 country","scalerank":1,"LABELRANK":3,"SOVEREIGNT":"Guinea","SOV_A3":"GIN","ADM0_DIF":0,"LEVEL":2,"TYPE":"Sovereign country","TLC":"1","ADMIN":"Guinea","ADM0_A3":"GIN","GEOU_DIF":0,"GEOUNIT":"Guinea","GU_A3":"GIN","SU_DIF":0,"SUBUNIT":"Guinea","SU_A3":"GIN","BRK_DIFF":0,"NAME":"Guinea","NAME_LONG":"Guinea","BRK_A3":"GIN","BRK_NAME":"Guinea","BRK_GROUP":null,"ABBREV":"Gin.","POSTAL":"GN","FORMAL_EN":"Republic of Guinea","FORMAL_FR":null,"NAME_CIAWF":"Guinea","NOTE_ADM0":null,"NOTE_BRK":null,"NAME_SORT":"Guinea","NAME_ALT":null,"MAPCOLOR7":6,"MAPCOLOR8":3,"MAPCOLOR9":7,"MAPCOLOR13":2,"POP_EST":12771246,"POP_RANK":14,"POP_YEAR":2019,"GDP_MD":12296,"GDP_YEAR":2019,"ECONOMY":"7. Least developed region","INCOME_GRP":"5. Low income","FIPS_10":"GV","ISO_A2":"GN","ISO_A2_EH":"GN","ISO_A3":"GIN","ISO_A3_EH":"GIN","ISO_N3":"324","ISO_N3_EH":"324","UN_A3":"324","WB_A2":"GN","WB_A3":"GIN","WOE_ID":23424835,"WOE_ID_EH":23424835,"WOE_NOTE":"Exact WOE match as country","ADM0_ISO":"GIN","ADM0_DIFF":null,"ADM0_TLC":"GIN","ADM0_A3_US":"GIN","ADM0_A3_FR":"GIN","ADM0_A3_RU":"GIN","ADM0_A3_ES":"GIN","ADM0_A3_CN":"GIN","ADM0_A3_TW":"GIN","ADM0_A3_IN":"GIN","ADM0_A3_NP":"GIN","ADM0_A3_PK":"GIN","ADM0_A3_DE":"GIN","ADM0_A3_GB":"GIN","ADM0_A3_BR":"GIN","ADM0_A3_IL":"GIN","ADM0_A3_PS":"GIN","ADM0_A3_SA":"GIN","ADM0_A3_EG":"GIN","ADM0_A3_MA":"GIN","ADM0_A3_PT":"GIN","ADM0_A3_AR":"GIN","ADM0_A3_JP":"GIN","ADM0_A3_KO":"GIN","ADM0_A3_VN":"GIN","ADM0_A3_TR":"GIN","ADM0_A3_ID":"GIN","ADM0_A3_PL":"GIN","ADM0_A3_GR":"GIN","ADM0_A3_IT":"GIN","ADM0_A3_NL":"GIN","ADM0_A3_SE":"GIN","ADM0_A3_BD":"GIN","ADM0_A3_UA":"GIN","ADM0_A3_UN":-99,"ADM0_A3_WB":-99,"CONTINENT":"Africa","REGION_UN":"Africa","SUBREGION":"Western Africa","REGION_WB":"Sub-Saharan Africa","NAME_LEN":6,"LONG_LEN":6,"ABBREV_LEN":4,"TINY":-99,"HOMEPART":1,"MIN_ZOOM":0,"MIN_LABEL":3,"MAX_LABEL":8,"LABEL_X":-10.016402,"LABEL_Y":10.618516,"NE_ID":1159320795,"WIKIDATAID":"Q1006","NAME_AR":"غينيا","NAME_BN":"গিনি","NAME_DE":"Guinea","NAME_EN":"Guinea","NAME_ES":"Guinea","NAME_FA":"گینه","NAME_FR":"Guinée","NAME_EL":"Γουινέα","NAME_HE":"גינאה","NAME_HI":"गिनी","NAME_HU":"Guinea","NAME_ID":"Guinea","NAME_IT":"Guinea","NAME_JA":"ギニア","NAME_KO":"기니","NAME_NL":"Guinee","NAME_PL":"Gwinea","NAME_PT":"Guiné","NAME_RU":"Гвинея","NAME_SV":"Guinea","NAME_TR":"Gine","NAME_UK":"Гвінея","NAME_UR":"جمہوریہ گنی","NAME_VI":"Guinée","NAME_ZH":"几内亚","NAME_ZHT":"幾內亞","FCLASS_ISO":"Admin-0 country","TLC_DIFF":null,"FCLASS_TLC":"Admin-0 country","FCLASS_US":null,"FCLASS_FR":null,"FCLASS_RU":null,"FCLASS_ES":null,"FCLASS_CN":null,"FCLASS_TW":null,"FCLASS_IN":null,"FCLASS_NP":null,"FCLASS_PK":null,"FCLASS_DE":null,"FCLASS_GB":null,"FCLASS_BR":null,"FCLASS_IL":null,"FCLASS_PS":null,"FCLASS_SA":null,"FCLASS_EG":null,"FCLASS_MA":null,"FCLASS_PT":null,"FCLASS_AR":null,"FCLASS_JP":null,"FCLASS_KO":null,"FCLASS_VN":null,"FCLASS_TR":null,"FCLASS_ID":null,"FCLASS_PL":null,"FCLASS_GR":null,"FCLASS_IT":null,"FCLASS_NL":null,"FCLASS_SE":null,"FCLASS_BD":null,"FCLASS_UA":null},"geometry":{"type":"Polygon","coordinates":[[[-10.283203,8.485156],[-10.360059,8.495508],[-10.394434,8.480957],[-10.496436,8.362109],[-10.557715,8.315674],[-10.604004,8.319482],[-10.652637,8.330273],[-10.686963,8.32168],[-10.712109,8.335254],[-10.702148,8.364209],[-10.677344,8.400586],[-10.628467,8.52998],[-10.503125,8.660303],[-10.500537,8.687549],[-10.551758,8.76377],[-10.605615,8.867578],[-10.605762,8.978809],[-10.615967,9.05918],[-10.726855,9.081689],[-10.747021,9.095264],[-10.749951,9.122363],[-10.72124,9.194482],[-10.687646,9.261133],[-10.682715,9.289355],[-10.690527,9.314258],[-10.758594,9.385352],[-10.864795,9.516455],[-10.963086,9.661621],[-11.047461,9.786328],[-11.115674,9.843164],[-11.180859,9.925342],[-11.205664,9.977734],[-11.273633,9.996533],[-11.471924,9.995459],[-11.710059,9.994189],[-11.911084,9.993018],[-11.922754,9.922754],[-12.142334,9.875391],[-12.277734,9.929785],[-12.427979,9.898145],[-12.501465,9.862158],[-12.524365,9.787207],[-12.557861,9.70498],[-12.589844,9.671143],[-12.603613,9.634229],[-12.622168,9.600635],[-12.65166,9.561914],[-12.684424,9.48418],[-12.755859,9.373584],[-12.831104,9.302246],[-12.958789,9.26333],[-12.998633,9.146924],[-13.028027,9.103564],[-13.077295,9.069629],[-13.129883,9.047559],[-13.178369,9.060889],[-13.234229,9.070117],[-13.292676,9.049219],[-13.302637,9.078369],[-13.269482,9.170557],[-13.295898,9.218506],[-13.396094,9.314307],[-13.405566,9.360645],[-13.436279,9.420312],[-13.568262,9.543408],[-13.691357,9.535791],[-13.657129,9.639111],[-13.658691,9.776367],[-13.700488,9.85127],[-13.689795,9.927783],[-13.712646,9.922949],[-13.753711,9.870264],[-13.820117,9.887207],[-13.954639,9.968701],[-14.021875,10.047852],[-14.029932,10.115137],[-14.04502,10.14126],[-14.086279,10.127246],[-14.17041,10.128613],[-14.426904,10.24834],[-14.60957,10.549854],[-14.613623,10.617822],[-14.587402,10.734912],[-14.593506,10.766699],[-14.677344,10.688965],[-14.693359,10.741016],[-14.757373,10.862061],[-14.775928,10.931641],[-14.837451,10.962549],[-14.886719,10.968066],[-14.924805,10.944922],[-14.975,10.803418],[-15.012402,10.804346],[-15.051221,10.83457],[-15.043018,10.940137],[-14.999023,10.992188],[-14.944434,11.072168],[-14.779297,11.405518],[-14.720264,11.481934],[-14.682959,11.508496],[-14.604785,11.511621],[-14.452441,11.556201],[-14.327832,11.629785],[-14.265576,11.659912],[-14.122314,11.651953],[-13.953223,11.6646],[-13.732764,11.736035],[-13.728564,11.834131],[-13.730664,11.959863],[-13.737988,12.009668],[-13.816309,12.054492],[-13.861914,12.093311],[-13.901172,12.142871],[-13.948877,12.178174],[-13.947314,12.215234],[-13.8875,12.246875],[-13.849463,12.262988],[-13.759766,12.262354],[-13.730078,12.280811],[-13.70791,12.312695],[-13.682373,12.393408],[-13.673535,12.478516],[-13.732617,12.592822],[-13.729248,12.673926],[-13.405762,12.662256],[-13.372559,12.653613],[-13.228076,12.6396],[-13.138477,12.639746],[-13.08291,12.633545],[-13.059766,12.615039],[-13.064404,12.581055],[-13.079834,12.536279],[-13.061279,12.48999],[-13.011914,12.477637],[-12.985645,12.49165],[-12.960547,12.514355],[-12.930713,12.532275],[-12.888184,12.52002],[-12.797314,12.451904],[-12.713037,12.433154],[-12.620801,12.396191],[-12.534229,12.375781],[-12.457373,12.378369],[-12.399072,12.340088],[-12.291211,12.328027],[-12.151953,12.376611],[-12.042383,12.398047],[-11.888574,12.40332],[-11.808105,12.387305],[-11.573682,12.426318],[-11.456738,12.417578],[-11.389404,12.404395],[-11.418066,12.377686],[-11.447559,12.319238],[-11.474561,12.247168],[-11.502197,12.198633],[-11.492432,12.166943],[-11.414648,12.104004],[-11.305176,12.01543],[-11.260693,12.004053],[-11.209668,12.024854],[-11.129248,12.09502],[-11.06582,12.170801],[-11.004541,12.20752],[-10.933203,12.205176],[-10.876172,12.151855],[-10.806494,12.034277],[-10.743018,11.927246],[-10.734912,11.916455],[-10.709229,11.89873],[-10.677344,11.899414],[-10.643701,11.925537],[-10.618994,11.941211],[-10.589502,11.990283],[-10.46582,12.138672],[-10.372754,12.179541],[-10.339893,12.190283],[-10.274854,12.212646],[-10.16709,12.177441],[-10.010645,12.116455],[-9.820703,12.04248],[-9.754004,12.029932],[-9.714746,12.04248],[-9.658301,12.143115],[-9.587744,12.182471],[-9.486816,12.228662],[-9.40498,12.252441],[-9.358105,12.25542],[-9.340186,12.282764],[-9.331543,12.32373],[-9.34082,12.366016],[-9.393652,12.442236],[-9.395361,12.464648],[-9.365186,12.479297],[-9.3,12.490283],[-9.215527,12.482861],[-9.120459,12.449951],[-9.043066,12.402344],[-8.998926,12.345898],[-8.95083,12.225586],[-8.913867,12.108545],[-8.818311,11.92251],[-8.820068,11.807129],[-8.822021,11.673242],[-8.779736,11.648242],[-8.733105,11.6375],[-8.711426,11.617773],[-8.664941,11.51499],[-8.621143,11.485107],[-8.56875,11.478076],[-8.470703,11.412207],[-8.407471,11.386279],[-8.398535,11.366553],[-8.400684,11.339404],[-8.425293,11.304736],[-8.463525,11.280713],[-8.520312,11.235937],[-8.567285,11.177002],[-8.663916,11.03584],[-8.666699,11.009473],[-8.646191,10.990479],[-8.606201,10.986963],[-8.563525,10.99668],[-8.474707,11.048389],[-8.404492,11.029932],[-8.337402,10.990625],[-8.312744,10.949756],[-8.306348,10.896094],[-8.32168,10.826953],[-8.324121,10.749512],[-8.301562,10.617578],[-8.26665,10.485986],[-8.231494,10.437988],[-8.007275,10.321875],[-7.985693,10.278418],[-7.974463,10.229541],[-7.990625,10.1625],[-8.013525,10.125293],[-8.077832,10.06709],[-8.136621,10.02207],[-8.155176,9.973193],[-8.14585,9.881738],[-8.146045,9.674805],[-8.136963,9.495703],[-8.088672,9.430664],[-8.031006,9.397656],[-7.962695,9.403857],[-7.896191,9.415869],[-7.9,9.308691],[-7.918066,9.188525],[-7.839404,9.151611],[-7.799805,9.115039],[-7.777979,9.080859],[-7.9021,9.01709],[-7.938184,8.979785],[-7.95498,8.879443],[-7.950977,8.786816],[-7.784033,8.720605],[-7.71958,8.643018],[-7.690967,8.5625],[-7.681201,8.410352],[-7.696094,8.375586],[-7.738965,8.375244],[-7.787402,8.421973],[-7.823584,8.467676],[-7.86875,8.467529],[-7.953125,8.477734],[-8.049121,8.495312],[-8.167773,8.490674],[-8.209961,8.483252],[-8.236963,8.455664],[-8.244141,8.40791],[-8.256104,8.253711],[-8.217139,8.219678],[-8.140625,8.181445],[-8.090527,8.165137],[-8.048584,8.169727],[-8.016748,8.144922],[-8.009863,8.078516],[-8.031738,8.029736],[-8.073828,7.984424],[-8.126855,7.867725],[-8.117822,7.824023],[-8.11543,7.760742],[-8.205957,7.590234],[-8.231885,7.556738],[-8.351758,7.590576],[-8.42998,7.601855],[-8.486426,7.558496],[-8.522266,7.585547],[-8.564404,7.625098],[-8.578857,7.677051],[-8.607324,7.687939],[-8.659766,7.688379],[-8.708301,7.658887],[-8.729443,7.605273],[-8.732617,7.543555],[-8.740234,7.495703],[-8.769141,7.466797],[-8.82793,7.391943],[-8.855518,7.322803],[-8.889648,7.262695],[-8.938428,7.266162],[-8.960986,7.274609],[-8.976562,7.258887],[-9.052344,7.225488],[-9.117578,7.215918],[-9.134814,7.250586],[-9.172852,7.278418],[-9.215186,7.333301],[-9.263281,7.377734],[-9.355322,7.408691],[-9.39165,7.394922],[-9.435107,7.398438],[-9.463818,7.415869],[-9.459766,7.442529],[-9.411475,7.509961],[-9.383984,7.571875],[-9.368945,7.639551],[-9.369141,7.703809],[-9.394922,7.794629],[-9.436328,7.866699],[-9.446387,7.908496],[-9.441553,7.96792],[-9.451123,8.023242],[-9.464551,8.0521],[-9.471143,8.106982],[-9.484131,8.156982],[-9.508496,8.17627],[-9.522217,8.26001],[-9.518262,8.346094],[-9.553906,8.378613],[-9.610156,8.402344],[-9.643213,8.436035],[-9.663574,8.473535],[-9.683887,8.484424],[-9.701172,8.482178],[-9.716895,8.458887],[-9.735596,8.453955],[-9.768262,8.53457],[-9.781982,8.537695],[-9.804736,8.519189],[-10.064355,8.429883],[-10.075684,8.4646],[-10.097656,8.505859],[-10.147412,8.519727],[-10.233057,8.488818],[-10.283203,8.485156]]]}},{"type":"Feature","bbox":[19.646484,34.934473,28.231836,41.743799],"properties":{"featurecla":"Admin-0 country","scalerank":3,"LABELRANK":3,"SOVEREIGNT":"Greece","SOV_A3":"GRC","ADM0_DIF":0,"LEVEL":2,"TYPE":"Sovereign country","TLC":"1","ADMIN":"Greece","ADM0_A3":"GRC","GEOU_DIF":0,"GEOUNIT":"Greece","GU_A3":"GRC","SU_DIF":0,"SUBUNIT":"Greece","SU_A3":"GRC","BRK_DIFF":0,"NAME":"Greece","NAME_LONG":"Greece","BRK_A3":"GRC","BRK_NAME":"Greece","BRK_GROUP":null,"ABBREV":"Greece","POSTAL":"GR","FORMAL_EN":"Hellenic Republic","FORMAL_FR":null,"NAME_CIAWF":"Greece","NOTE_ADM0":null,"NOTE_BRK":null,"NAME_SORT":"Greece","NAME_ALT":null,"MAPCOLOR7":2,"MAPCOLOR8":2,"MAPCOLOR9":2,"MAPCOLOR13":9,"POP_EST":10716322,"POP_RANK":14,"POP_YEAR":2019,"GDP_MD":209852,"GDP_YEAR":2019,"ECONOMY":"2. Developed region: nonG7","INCOME_GRP":"1. High income: OECD","FIPS_10":"GR","ISO_A2":"GR","ISO_A2_EH":"GR","ISO_A3":"GRC","ISO_A3_EH":"GRC","ISO_N3":"300","ISO_N3_EH":"300","UN_A3":"300","WB_A2":"GR","WB_A3":"GRC","WOE_ID":23424833,"WOE_ID_EH":23424833,"WOE_NOTE":"Exact WOE match as country","ADM0_ISO":"GRC","ADM0_DIFF":null,"ADM0_TLC":"GRC","ADM0_A3_US":"GRC","ADM0_A3_FR":"GRC","ADM0_A3_RU":"GRC","ADM0_A3_ES":"GRC","ADM0_A3_CN":"GRC","ADM0_A3_TW":"GRC","ADM0_A3_IN":"GRC","ADM0_A3_NP":"GRC","ADM0_A3_PK":"GRC","ADM0_A3_DE":"GRC","ADM0_A3_GB":"GRC","ADM0_A3_BR":"GRC","ADM0_A3_IL":"GRC","ADM0_A3_PS":"GRC","ADM0_A3_SA":"GRC","ADM0_A3_EG":"GRC","ADM0_A3_MA":"GRC","ADM0_A3_PT":"GRC","ADM0_A3_AR":"GRC","ADM0_A3_JP":"GRC","ADM0_A3_KO":"GRC","ADM0_A3_VN":"GRC","ADM0_A3_TR":"GRC","ADM0_A3_ID":"GRC","ADM0_A3_PL":"GRC","ADM0_A3_GR":"GRC","ADM0_A3_IT":"GRC","ADM0_A3_NL":"GRC","ADM0_A3_SE":"GRC","ADM0_A3_BD":"GRC","ADM0_A3_UA":"GRC","ADM0_A3_UN":-99,"ADM0_A3_WB":-99,"CONTINENT":"Europe","REGION_UN":"Europe","SUBREGION":"Southern Europe","REGION_WB":"Europe & Central Asia","NAME_LEN":6,"LONG_LEN":6,"ABBREV_LEN":6,"TINY":-99,"HOMEPART":1,"MIN_ZOOM":0,"MIN_LABEL":2.7,"MAX_LABEL":8,"LABEL_X":21.72568,"LABEL_Y":39.492763,"NE_ID":1159320811,"WIKIDATAID":"Q41","NAME_AR":"اليونان","NAME_BN":"গ্রিস","NAME_DE":"Griechenland","NAME_EN":"Greece","NAME_ES":"Grecia","NAME_FA":"یونان","NAME_FR":"Grèce","NAME_EL":"Ελλάδα","NAME_HE":"יוון","NAME_HI":"यूनान","NAME_HU":"Görögország","NAME_ID":"Yunani","NAME_IT":"Grecia","NAME_JA":"ギリシャ","NAME_KO":"그리스","NAME_NL":"Griekenland","NAME_PL":"Grecja","NAME_PT":"Grécia","NAME_RU":"Греция","NAME_SV":"Grekland","NAME_TR":"Yunanistan","NAME_UK":"Греція","NAME_UR":"یونان","NAME_VI":"Hy Lạp","NAME_ZH":"希腊","NAME_ZHT":"希臘","FCLASS_ISO":"Admin-0 country","TLC_DIFF":null,"FCLASS_TLC":"Admin-0 country","FCLASS_US":null,"FCLASS_FR":null,"FCLASS_RU":null,"FCLASS_ES":null,"FCLASS_CN":null,"FCLASS_TW":null,"FCLASS_IN":null,"FCLASS_NP":null,"FCLASS_PK":null,"FCLASS_DE":null,"FCLASS_GB":null,"FCLASS_BR":null,"FCLASS_IL":null,"FCLASS_PS":null,"FCLASS_SA":null,"FCLASS_EG":null,"FCLASS_MA":null,"FCLASS_PT":null,"FCLASS_AR":null,"FCLASS_JP":null,"FCLASS_KO":null,"FCLASS_VN":null,"FCLASS_TR":null,"FCLASS_ID":null,"FCLASS_PL":null,"FCLASS_GR":null,"FCLASS_IT":null,"FCLASS_NL":null,"FCLASS_SE":null,"FCLASS_BD":null,"FCLASS_UA":null},"geometry":{"type":"MultiPolygon","coordinates":[[[[27.860156,36.553906],[27.838281,36.537988],[27.788086,36.583691],[27.785742,36.60752],[27.836816,36.634863],[27.8625,36.641162],[27.869824,36.62251],[27.869043,36.582666],[27.860156,36.553906]]],[],[],[],[],[],[],[],[],[],[],[],[[[23.053809,36.189795],[23.042188,36.146387],[22.939453,36.176221],[22.91084,36.220996],[22.905664,36.320312],[22.932617,36.36875],[22.950488,36.383936],[22.997852,36.328125],[23.09707,36.246582],[23.053809,36.189795]]],[[[27.176074,35.465283],[27.137891,35.409082],[27.099121,35.456445],[27.11582,35.511133],[27.070703,35.597754],[27.156055,35.72627],[27.158008,35.788672],[27.223145,35.820459],[27.207031,35.714453],[27.157227,35.629492],[27.208887,35.558936],[27.233594,35.478564],[27.176074,35.465283]]],[[[27.019727,36.959033],[26.919922,36.945215],[26.937695,37.024609],[26.888672,37.087256],[26.966602,37.0521],[27.016016,37.009668],[27.040137,37.001562],[27.03457,36.975977],[27.019727,36.959033]]],[[[26.949609,36.7271],[26.918359,36.725928],[26.955566,36.774219],[27.061133,36.840381],[27.214941,36.898633],[27.265625,36.905127],[27.352148,36.868896],[27.193164,36.809131],[27.150977,36.777588],[27.033594,36.770752],[26.949609,36.7271]]],[[[25.545898,36.967578],[25.456738,36.929688],[25.395898,36.984375],[25.361914,37.07041],[25.525293,37.196387],[25.564355,37.185107],[25.587891,37.152539],[25.584277,37.039307],[25.545898,36.967578]]],[[[25.278906,37.068408],[25.199414,36.991309],[25.133301,36.999658],[25.105469,37.034961],[25.146484,37.107422],[25.235059,37.148535],[25.275293,37.137842],[25.271484,37.08418],[25.278906,37.068408]]],[[[25.482422,36.392627],[25.435938,36.340088],[25.370508,36.358936],[25.397168,36.378955],[25.412891,36.404883],[25.414648,36.442285],[25.396875,36.465332],[25.408984,36.47373],[25.467383,36.435059],[25.482422,36.392627]]],[[[25.381738,36.674023],[25.364355,36.65835],[25.288672,36.721533],[25.259961,36.758447],[25.295898,36.78916],[25.406934,36.717334],[25.381738,36.674023]]],[],[],[[[25.859375,36.79043],[25.771094,36.782227],[25.743164,36.789746],[25.796777,36.807031],[25.834375,36.825391],[25.852441,36.847559],[25.941992,36.886572],[26.000684,36.937402],[26.064453,36.902734],[25.984668,36.879687],[25.859375,36.79043]]],[[[26.460645,36.5854],[26.381641,36.561523],[26.331445,36.511377],[26.27002,36.546924],[26.269824,36.59541],[26.337012,36.580566],[26.38418,36.607861],[26.37002,36.638574],[26.421289,36.624219],[26.460645,36.5854]]],[],[[[24.428145248095507,37.340381],[24.378906,37.314111],[24.386047123802932,37.340381],[24.428145248095507,37.340381]]],[[[24.535742,36.76377],[24.5375,36.705029],[24.530664,36.683984],[24.325977,36.655615],[24.344922,36.722998],[24.357422,36.744287],[24.425195,36.712939],[24.450195,36.728955],[24.460352,36.747461],[24.535742,36.76377]]],[],[],[],[[[24.720898,36.921436],[24.702637,36.91709],[24.676465,36.959277],[24.670996,36.998584],[24.681445,37.021631],[24.716113,37.023828],[24.763184,36.949219],[24.720898,36.921436]]],[],[],[],[],[],[[[24.523535,37.125098],[24.486523,37.110059],[24.424805,37.131982],[24.441211,37.186865],[24.483789,37.210205],[24.529102,37.192334],[24.535938,37.167676],[24.523535,37.125098]]],[[[27.842773,35.929297],[27.770605,35.908301],[27.745703,35.911035],[27.715527,35.957324],[27.757324,36.069189],[27.718652,36.141113],[27.716309,36.171582],[27.774414,36.21377],[27.815234,36.276953],[27.914453,36.345312],[28.171484,36.426221],[28.231836,36.433643],[28.230078,36.370264],[28.144043,36.209863],[28.067676,36.129687],[28.087793,36.065332],[27.965527,36.04751],[27.842773,35.929297]]],[[[23.852246,35.535449],[23.920605,35.528174],[24.013281,35.529443],[24.034375,35.5354],[24.093359,35.593848],[24.166016,35.595215],[24.197754,35.537451],[24.124023,35.51084],[24.108984,35.495801],[24.123145,35.483643],[24.178516,35.459521],[24.255371,35.468604],[24.257715,35.423145],[24.274902,35.385986],[24.312891,35.363818],[24.354004,35.359473],[24.444922,35.366016],[24.53457,35.380762],[24.626953,35.409912],[24.721289,35.424805],[25.003125,35.409863],[25.104297,35.346924],[25.296777,35.339355],[25.475684,35.306201],[25.569629,35.328076],[25.730176,35.348584],[25.755859,35.326367],[25.735156,35.184033],[25.74502,35.142725],[25.791309,35.122852],[25.837109,35.132568],[25.893359,35.179199],[26.028027,35.215283],[26.167871,35.215088],[26.285547,35.309766],[26.320215,35.315137],[26.298633,35.268604],[26.280859,35.159229],[26.255566,35.095166],[26.244336,35.044678],[26.165625,35.018604],[26.04668,35.01416],[25.829688,35.025195],[25.610938,35.007324],[25.205762,34.959277],[24.799805,34.934473],[24.745215,34.950635],[24.743945,35.014355],[24.735156,35.058301],[24.708887,35.089062],[24.583398,35.115332],[24.463672,35.160352],[23.994336,35.221924],[23.883594,35.246094],[23.703906,35.233496],[23.638086,35.235156],[23.592773,35.257227],[23.561621,35.295166],[23.547559,35.415576],[23.569824,35.534766],[23.608691,35.56626],[23.626563,35.530371],[23.672656,35.513916],[23.71543,35.550146],[23.715039,35.604736],[23.736914,35.655518],[23.770801,35.634229],[23.793359,35.556201],[23.852246,35.535449]]],[[[23.180000285976732,37.340381],[23.161523,37.333838],[23.148074350093545,37.340381],[22.809470535939738,37.340381],[22.851074,37.29082],[22.99502,37.015869],[23.060352,36.853516],[23.073535,36.774951],[23.041016,36.644531],[23.111719,36.547607],[23.160156,36.448096],[23.106836,36.451855],[23.060547,36.486963],[22.98291,36.528369],[22.832324,36.687109],[22.779883,36.786182],[22.717188,36.793945],[22.608398,36.779736],[22.489063,36.568164],[22.489453,36.446924],[22.427734,36.475781],[22.374805,36.513574],[22.38125,36.646191],[22.375977,36.701904],[22.231152,36.882568],[22.164746,36.902832],[22.133789,36.963916],[22.080469,37.028955],[22.011719,37.016504],[21.955566,36.990088],[21.940039,36.891797],[21.934277,36.803662],[21.892383,36.737305],[21.738086,36.863232],[21.58291,37.080957],[21.578809,37.200391],[21.69248,37.309277],[21.687062244373156,37.340381],[23.180000285976732,37.340381]]]]}},{"type":"Feature","bbox":[-3.243896,4.762451,1.187207,11.166895],"properties":{"featurecla":"Admin-0 country","scalerank":1,"LABELRANK":3,"SOVEREIGNT":"Ghana","SOV_A3":"GHA","ADM0_DIF":0,"LEVEL":2,"TYPE":"Sovereign country","TLC":"1","ADMIN":"Ghana","ADM0_A3":"GHA","GEOU_DIF":0,"GEOUNIT":"Ghana","GU_A3":"GHA","SU_DIF":0,"SUBUNIT":"Ghana","SU_A3":"GHA","BRK_DIFF":0,"NAME":"Ghana","NAME_LONG":"Ghana","BRK_A3":"GHA","BRK_NAME":"Ghana","BRK_GROUP":null,"ABBREV":"Ghana","POSTAL":"GH","FORMAL_EN":"Republic of Ghana","FORMAL_FR":null,"NAME_CIAWF":"Ghana","NOTE_ADM0":null,"NOTE_BRK":null,"NAME_SORT":"Ghana","NAME_ALT":null,"MAPCOLOR7":5,"MAPCOLOR8":3,"MAPCOLOR9":1,"MAPCOLOR13":4,"POP_EST":30417856,"POP_RANK":15,"POP_YEAR":2019,"GDP_MD":66983,"GDP_YEAR":2019,"ECONOMY":"6. Developing region","INCOME_GRP":"4. Lower middle income","FIPS_10":"GH","ISO_A2":"GH","ISO_A2_EH":"GH","ISO_A3":"GHA","ISO_A3_EH":"GHA","ISO_N3":"288","ISO_N3_EH":"288","UN_A3":"288","WB_A2":"GH","WB_A3":"GHA","WOE_ID":23424824,"WOE_ID_EH":23424824,"WOE_NOTE":"Exact WOE match as country","ADM0_ISO":"GHA","ADM0_DIFF":null,"ADM0_TLC":"GHA","ADM0_A3_US":"GHA","ADM0_A3_FR":"GHA","ADM0_A3_RU":"GHA","ADM0_A3_ES":"GHA","ADM0_A3_CN":"GHA","ADM0_A3_TW":"GHA","ADM0_A3_IN":"GHA","ADM0_A3_NP":"GHA","ADM0_A3_PK":"GHA","ADM0_A3_DE":"GHA","ADM0_A3_GB":"GHA","ADM0_A3_BR":"GHA","ADM0_A3_IL":"GHA","ADM0_A3_PS":"GHA","ADM0_A3_SA":"GHA","ADM0_A3_EG":"GHA","ADM0_A3_MA":"GHA","ADM0_A3_PT":"GHA","ADM0_A3_AR":"GHA","ADM0_A3_JP":"GHA","ADM0_A3_KO":"GHA","ADM0_A3_VN":"GHA","ADM0_A3_TR":"GHA","ADM0_A3_ID":"GHA","ADM0_A3_PL":"GHA","ADM0_A3_GR":"GHA","ADM0_A3_IT":"GHA","ADM0_A3_NL":"GHA","ADM0_A3_SE":"GHA","ADM0_A3_BD":"GHA","ADM0_A3_UA":"GHA","ADM0_A3_UN":-99,"ADM0_A3_WB":-99,"CONTINENT":"Africa","REGION_UN":"Africa","SUBREGION":"Western Africa","REGION_WB":"Sub-Saharan Africa","NAME_LEN":5,"LONG_LEN":5,"ABBREV_LEN":5,"TINY":-99,"HOMEPART":1,"MIN_ZOOM":0,"MIN_LABEL":2.7,"MAX_LABEL":8,"LABEL_X":-1.036941,"LABEL_Y":7.717639,"NE_ID":1159320793,"WIKIDATAID":"Q117","NAME_AR":"غانا","NAME_BN":"ঘানা","NAME_DE":"Ghana","NAME_EN":"Ghana","NAME_ES":"Ghana","NAME_FA":"غنا","NAME_FR":"Ghana","NAME_EL":"Γκάνα","NAME_HE":"גאנה","NAME_HI":"घाना","NAME_HU":"Ghána","NAME_ID":"Ghana","NAME_IT":"Ghana","NAME_JA":"ガーナ","NAME_KO":"가나","NAME_NL":"Ghana","NAME_PL":"Ghana","NAME_PT":"Gana","NAME_RU":"Гана","NAME_SV":"Ghana","NAME_TR":"Gana","NAME_UK":"Гана","NAME_UR":"گھانا","NAME_VI":"Ghana","NAME_ZH":"加纳","NAME_ZHT":"迦納","FCLASS_ISO":"Admin-0 country","TLC_DIFF":null,"FCLASS_TLC":"Admin-0 country","FCLASS_US":null,"FCLASS_FR":null,"FCLASS_RU":null,"FCLASS_ES":null,"FCLASS_CN":null,"FCLASS_TW":null,"FCLASS_IN":null,"FCLASS_NP":null,"FCLASS_PK":null,"FCLASS_DE":null,"FCLASS_GB":null,"FCLASS_BR":null,"FCLASS_IL":null,"FCLASS_PS":null,"FCLASS_SA":null,"FCLASS_EG":null,"FCLASS_MA":null,"FCLASS_PT":null,"FCLASS_AR":null,"FCLASS_JP":null,"FCLASS_KO":null,"FCLASS_VN":null,"FCLASS_TR":null,"FCLASS_ID":null,"FCLASS_PL":null,"FCLASS_GR":null,"FCLASS_IT":null,"FCLASS_NL":null,"FCLASS_SE":null,"FCLASS_BD":null,"FCLASS_UA":null},"geometry":{"type":"Polygon","coordinates":[[[-0.068604,11.115625],[-0.004736,11.055566],[0.009424,11.020996],[-0.013867,10.891357],[-0.060596,10.800586],[-0.090186,10.715527],[-0.086328,10.673047],[-0.057715,10.630615],[0.039453,10.563867],[0.089258,10.520605],[0.148242,10.454785],[0.216016,10.390527],[0.331836,10.306934],[0.380859,10.291846],[0.378613,10.268555],[0.362695,10.236475],[0.351855,9.924902],[0.343066,9.84458],[0.33457,9.803955],[0.323926,9.687598],[0.311719,9.670996],[0.289648,9.672314],[0.269531,9.66792],[0.264551,9.644727],[0.272754,9.620947],[0.342578,9.60415],[0.327344,9.586572],[0.275488,9.570605],[0.251563,9.535645],[0.261914,9.495605],[0.233398,9.463525],[0.241504,9.441895],[0.259961,9.426025],[0.289355,9.431836],[0.370996,9.485547],[0.405273,9.491455],[0.447559,9.480273],[0.525684,9.398486],[0.529004,9.358301],[0.497168,9.22124],[0.466113,9.115332],[0.460352,8.974219],[0.493262,8.894922],[0.48877,8.851465],[0.453125,8.81377],[0.372559,8.759277],[0.378613,8.722021],[0.415332,8.652734],[0.483301,8.575293],[0.616211,8.479639],[0.686328,8.354883],[0.688086,8.304248],[0.64707,8.253467],[0.599219,8.20957],[0.583594,8.145801],[0.605176,7.728223],[0.5,7.546875],[0.498926,7.495117],[0.50957,7.435107],[0.537305,7.39873],[0.591016,7.388818],[0.634766,7.353662],[0.619531,7.226562],[0.596191,7.096631],[0.59248,7.033984],[0.579492,7.004102],[0.538086,6.979687],[0.523047,6.938867],[0.533398,6.88833],[0.525586,6.850928],[0.548047,6.80249],[0.595703,6.742188],[0.672754,6.592529],[0.702246,6.580762],[0.71543,6.549316],[0.707227,6.51875],[0.736914,6.452588],[0.822461,6.386377],[0.912207,6.328564],[0.984961,6.320312],[1.002148,6.268555],[1.049902,6.202637],[1.084473,6.173779],[1.139648,6.155029],[1.185059,6.14502],[1.187207,6.089404],[1.105566,6.051367],[1.050293,5.993994],[1.008008,5.906396],[0.949707,5.810254],[0.748828,5.760107],[0.671875,5.759717],[0.259668,5.757324],[-0.126514,5.568164],[-0.34873,5.500781],[-0.485449,5.394238],[-0.669434,5.318555],[-0.797705,5.226709],[-1.064307,5.182666],[-1.50166,5.037988],[-1.638477,4.980859],[-1.776855,4.880371],[-2.001855,4.762451],[-2.090186,4.764062],[-2.266406,4.874072],[-2.398926,4.929346],[-2.723047,5.013721],[-2.96499,5.046289],[-3.081885,5.082471],[-3.114014,5.088672],[-3.086719,5.12832],[-3.019141,5.130811],[-2.94834,5.118848],[-2.894727,5.149023],[-2.815674,5.153027],[-2.795215,5.184521],[-2.788672,5.264111],[-2.7896,5.328223],[-2.761914,5.356934],[-2.75498,5.43252],[-2.793652,5.600098],[-2.821191,5.619189],[-2.962256,5.643018],[-2.972803,5.67627],[-2.998291,5.711328],[-3.025293,5.797754],[-3.056152,5.92627],[-3.105566,6.085645],[-3.200586,6.348242],[-3.224023,6.441064],[-3.240283,6.535645],[-3.243896,6.648682],[-3.224121,6.690771],[-3.227148,6.749121],[-3.235791,6.807227],[-3.168896,6.940967],[-3.037695,7.10459],[-3.010156,7.16377],[-2.985791,7.204883],[-2.982324,7.263623],[-2.959082,7.454541],[-2.896338,7.68501],[-2.856885,7.77207],[-2.830127,7.819043],[-2.798145,7.895996],[-2.789746,7.931934],[-2.668848,8.022217],[-2.613379,8.04668],[-2.600977,8.082227],[-2.619971,8.121094],[-2.611719,8.147559],[-2.582764,8.160791],[-2.538281,8.171631],[-2.505859,8.20874],[-2.556885,8.493018],[-2.597998,8.776367],[-2.600391,8.800439],[-2.624902,8.8396],[-2.649219,8.956592],[-2.689893,9.025098],[-2.746924,9.045117],[-2.74668,9.109619],[-2.689209,9.218604],[-2.674219,9.282617],[-2.701807,9.30166],[-2.705762,9.351367],[-2.686133,9.431738],[-2.69585,9.481348],[-2.706201,9.533936],[-2.765967,9.658057],[-2.780518,9.74585],[-2.749805,9.797217],[-2.750732,9.909668],[-2.783203,10.083105],[-2.788477,10.192578],[-2.766504,10.238184],[-2.7771,10.281592],[-2.820312,10.322852],[-2.823437,10.362939],[-2.786621,10.401904],[-2.791162,10.432422],[-2.837207,10.454639],[-2.878418,10.507959],[-2.914893,10.592334],[-2.907324,10.727979],[-2.838574,10.97749],[-2.829932,10.998389],[-2.7521,10.996973],[-2.75166,10.986377],[-2.50918,10.988721],[-2.231934,10.991406],[-1.900635,10.994678],[-1.599658,10.997656],[-1.586475,11.008887],[-1.536768,11.022656],[-1.232617,10.997217],[-1.04248,11.010059],[-0.961816,11.001709],[-0.90293,10.984717],[-0.771582,10.995264],[-0.701416,10.988965],[-0.648535,10.926758],[-0.627148,10.927393],[-0.597656,10.953662],[-0.545215,10.983691],[-0.491699,11.007617],[-0.453516,11.056299],[-0.430322,11.093262],[-0.395605,11.085693],[-0.345752,11.087939],[-0.312549,11.118896],[-0.299463,11.166895],[-0.068604,11.115625]]]}},{"type":"Feature","bbox":[5.85752,47.278809,15.016602,55.05874],"properties":{"featurecla":"Admin-0 country","scalerank":1,"LABELRANK":2,"SOVEREIGNT":"Germany","SOV_A3":"DEU","ADM0_DIF":0,"LEVEL":2,"TYPE":"Sovereign country","TLC":"1","ADMIN":"Germany","ADM0_A3":"DEU","GEOU_DIF":0,"GEOUNIT":"Germany","GU_A3":"DEU","SU_DIF":0,"SUBUNIT":"Germany","SU_A3":"DEU","BRK_DIFF":0,"NAME":"Germany","NAME_LONG":"Germany","BRK_A3":"DEU","BRK_NAME":"Germany","BRK_GROUP":null,"ABBREV":"Ger.","POSTAL":"D","FORMAL_EN":"Federal Republic of Germany","FORMAL_FR":null,"NAME_CIAWF":"Germany","NOTE_ADM0":null,"NOTE_BRK":null,"NAME_SORT":"Germany","NAME_ALT":null,"MAPCOLOR7":2,"MAPCOLOR8":5,"MAPCOLOR9":5,"MAPCOLOR13":1,"POP_EST":83132799,"POP_RANK":16,"POP_YEAR":2019,"GDP_MD":3861123,"GDP_YEAR":2019,"ECONOMY":"1. Developed region: G7","INCOME_GRP":"1. High income: OECD","FIPS_10":"GM","ISO_A2":"DE","ISO_A2_EH":"DE","ISO_A3":"DEU","ISO_A3_EH":"DEU","ISO_N3":"276","ISO_N3_EH":"276","UN_A3":"276","WB_A2":"DE","WB_A3":"DEU","WOE_ID":23424829,"WOE_ID_EH":23424829,"WOE_NOTE":"Exact WOE match as country","ADM0_ISO":"DEU","ADM0_DIFF":null,"ADM0_TLC":"DEU","ADM0_A3_US":"DEU","ADM0_A3_FR":"DEU","ADM0_A3_RU":"DEU","ADM0_A3_ES":"DEU","ADM0_A3_CN":"DEU","ADM0_A3_TW":"DEU","ADM0_A3_IN":"DEU","ADM0_A3_NP":"DEU","ADM0_A3_PK":"DEU","ADM0_A3_DE":"DEU","ADM0_A3_GB":"DEU","ADM0_A3_BR":"DEU","ADM0_A3_IL":"DEU","ADM0_A3_PS":"DEU","ADM0_A3_SA":"DEU","ADM0_A3_EG":"DEU","ADM0_A3_MA":"DEU","ADM0_A3_PT":"DEU","ADM0_A3_AR":"DEU","ADM0_A3_JP":"DEU","ADM0_A3_KO":"DEU","ADM0_A3_VN":"DEU","ADM0_A3_TR":"DEU","ADM0_A3_ID":"DEU","ADM0_A3_PL":"DEU","ADM0_A3_GR":"DEU","ADM0_A3_IT":"DEU","ADM0_A3_NL":"DEU","ADM0_A3_SE":"DEU","ADM0_A3_BD":"DEU","ADM0_A3_UA":"DEU","ADM0_A3_UN":-99,"ADM0_A3_WB":-99,"CONTINENT":"Europe","REGION_UN":"Europe","SUBREGION":"Western Europe","REGION_WB":"Europe & Central Asia","NAME_LEN":7,"LONG_LEN":7,"ABBREV_LEN":4,"TINY":-99,"HOMEPART":1,"MIN_ZOOM":0,"MIN_LABEL":1.7,"MAX_LABEL":6.7,"LABEL_X":9.678348,"LABEL_Y":50.961733,"NE_ID":1159320539,"WIKIDATAID":"Q183","NAME_AR":"ألمانيا","NAME_BN":"জার্মানি","NAME_DE":"Deutschland","NAME_EN":"Germany","NAME_ES":"Alemania","NAME_FA":"آلمان","NAME_FR":"Allemagne","NAME_EL":"Γερμανία","NAME_HE":"גרמניה","NAME_HI":"जर्मनी","NAME_HU":"Németország","NAME_ID":"Jerman","NAME_IT":"Germania","NAME_JA":"ドイツ","NAME_KO":"독일","NAME_NL":"Duitsland","NAME_PL":"Niemcy","NAME_PT":"Alemanha","NAME_RU":"Германия","NAME_SV":"Tyskland","NAME_TR":"Almanya","NAME_UK":"Німеччина","NAME_UR":"جرمنی","NAME_VI":"Đức","NAME_ZH":"德国","NAME_ZHT":"德國","FCLASS_ISO":"Admin-0 country","TLC_DIFF":null,"FCLASS_TLC":"Admin-0 country","FCLASS_US":null,"FCLASS_FR":null,"FCLASS_RU":null,"FCLASS_ES":null,"FCLASS_CN":null,"FCLASS_TW":null,"FCLASS_IN":null,"FCLASS_NP":null,"FCLASS_PK":null,"FCLASS_DE":null,"FCLASS_GB":null,"FCLASS_BR":null,"FCLASS_IL":null,"FCLASS_PS":null,"FCLASS_SA":null,"FCLASS_EG":null,"FCLASS_MA":null,"FCLASS_PT":null,"FCLASS_AR":null,"FCLASS_JP":null,"FCLASS_KO":null,"FCLASS_VN":null,"FCLASS_TR":null,"FCLASS_ID":null,"FCLASS_PL":null,"FCLASS_GR":null,"FCLASS_IT":null,"FCLASS_NL":null,"FCLASS_SE":null,"FCLASS_BD":null,"FCLASS_UA":null},"geometry":{"type":"MultiPolygon","coordinates":[[],[],[],[],[],[]]}},{"type":"Feature","bbox":[-16.824805,13.06416,-13.826709,13.812109],"properties":{"featurecla":"Admin-0 country","scalerank":1,"LABELRANK":6,"SOVEREIGNT":"Gambia","SOV_A3":"GMB","ADM0_DIF":0,"LEVEL":2,"TYPE":"Sovereign country","TLC":"1","ADMIN":"Gambia","ADM0_A3":"GMB","GEOU_DIF":0,"GEOUNIT":"Gambia","GU_A3":"GMB","SU_DIF":0,"SUBUNIT":"Gambia","SU_A3":"GMB","BRK_DIFF":0,"NAME":"Gambia","NAME_LONG":"The Gambia","BRK_A3":"GMB","BRK_NAME":"Gambia","BRK_GROUP":null,"ABBREV":"Gambia","POSTAL":"GM","FORMAL_EN":"Republic of the Gambia","FORMAL_FR":null,"NAME_CIAWF":"Gambia, The","NOTE_ADM0":null,"NOTE_BRK":null,"NAME_SORT":"Gambia, The","NAME_ALT":null,"MAPCOLOR7":1,"MAPCOLOR8":4,"MAPCOLOR9":1,"MAPCOLOR13":8,"POP_EST":2347706,"POP_RANK":12,"POP_YEAR":2019,"GDP_MD":1826,"GDP_YEAR":2019,"ECONOMY":"7. Least developed region","INCOME_GRP":"5. Low income","FIPS_10":"GA","ISO_A2":"GM","ISO_A2_EH":"GM","ISO_A3":"GMB","ISO_A3_EH":"GMB","ISO_N3":"270","ISO_N3_EH":"270","UN_A3":"270","WB_A2":"GM","WB_A3":"GMB","WOE_ID":23424821,"WOE_ID_EH":23424821,"WOE_NOTE":"Exact WOE match as country","ADM0_ISO":"GMB","ADM0_DIFF":null,"ADM0_TLC":"GMB","ADM0_A3_US":"GMB","ADM0_A3_FR":"GMB","ADM0_A3_RU":"GMB","ADM0_A3_ES":"GMB","ADM0_A3_CN":"GMB","ADM0_A3_TW":"GMB","ADM0_A3_IN":"GMB","ADM0_A3_NP":"GMB","ADM0_A3_PK":"GMB","ADM0_A3_DE":"GMB","ADM0_A3_GB":"GMB","ADM0_A3_BR":"GMB","ADM0_A3_IL":"GMB","ADM0_A3_PS":"GMB","ADM0_A3_SA":"GMB","ADM0_A3_EG":"GMB","ADM0_A3_MA":"GMB","ADM0_A3_PT":"GMB","ADM0_A3_AR":"GMB","ADM0_A3_JP":"GMB","ADM0_A3_KO":"GMB","ADM0_A3_VN":"GMB","ADM0_A3_TR":"GMB","ADM0_A3_ID":"GMB","ADM0_A3_PL":"GMB","ADM0_A3_GR":"GMB","ADM0_A3_IT":"GMB","ADM0_A3_NL":"GMB","ADM0_A3_SE":"GMB","ADM0_A3_BD":"GMB","ADM0_A3_UA":"GMB","ADM0_A3_UN":-99,"ADM0_A3_WB":-99,"CONTINENT":"Africa","REGION_UN":"Africa","SUBREGION":"Western Africa","REGION_WB":"Sub-Saharan Africa","NAME_LEN":6,"LONG_LEN":10,"ABBREV_LEN":6,"TINY":-99,"HOMEPART":1,"MIN_ZOOM":0,"MIN_LABEL":5,"MAX_LABEL":10,"LABEL_X":-14.998318,"LABEL_Y":13.641721,"NE_ID":1159320797,"WIKIDATAID":"Q1005","NAME_AR":"غامبيا","NAME_BN":"গাম্বিয়া","NAME_DE":"Gambia","NAME_EN":"The Gambia","NAME_ES":"Gambia","NAME_FA":"گامبیا","NAME_FR":"Gambie","NAME_EL":"Γκάμπια","NAME_HE":"גמביה","NAME_HI":"गाम्बिया","NAME_HU":"Gambia","NAME_ID":"Gambia","NAME_IT":"Gambia","NAME_JA":"ガンビア","NAME_KO":"감비아","NAME_NL":"Gambia","NAME_PL":"Gambia","NAME_PT":"Gâmbia","NAME_RU":"Гамбия","NAME_SV":"Gambia","NAME_TR":"Gambiya","NAME_UK":"Гамбія","NAME_UR":"گیمبیا","NAME_VI":"Gambia","NAME_ZH":"冈比亚","NAME_ZHT":"甘比亞","FCLASS_ISO":"Admin-0 country","TLC_DIFF":null,"FCLASS_TLC":"Admin-0 country","FCLASS_US":null,"FCLASS_FR":null,"FCLASS_RU":null,"FCLASS_ES":null,"FCLASS_CN":null,"FCLASS_TW":null,"FCLASS_IN":null,"FCLASS_NP":null,"FCLASS_PK":null,"FCLASS_DE":null,"FCLASS_GB":null,"FCLASS_BR":null,"FCLASS_IL":null,"FCLASS_PS":null,"FCLASS_SA":null,"FCLASS_EG":null,"FCLASS_MA":null,"FCLASS_PT":null,"FCLASS_AR":null,"FCLASS_JP":null,"FCLASS_KO":null,"FCLASS_VN":null,"FCLASS_TR":null,"FCLASS_ID":null,"FCLASS_PL":null,"FCLASS_GR":null,"FCLASS_IT":null,"FCLASS_NL":null,"FCLASS_SE":null,"FCLASS_BD":null,"FCLASS_UA":null},"geometry":{"type":"Polygon","coordinates":[[[-16.562305,13.587305],[-16.30874,13.596875],[-16.001611,13.592773],[-15.667187,13.588281],[-15.509668,13.58623],[-15.426855,13.727002],[-15.269531,13.789111],[-15.10835,13.812109],[-15.024463,13.806006],[-14.935791,13.785205],[-14.766016,13.669092],[-14.660156,13.642627],[-14.57085,13.616162],[-14.506982,13.559717],[-14.405469,13.503711],[-14.325537,13.488574],[-14.278027,13.497168],[-14.199023,13.51875],[-14.146973,13.536133],[-13.977393,13.543457],[-13.852832,13.478564],[-13.826709,13.407812],[-13.84751,13.335303],[-14.014893,13.296387],[-14.246777,13.23584],[-14.438574,13.268896],[-14.671924,13.351709],[-14.808252,13.411133],[-14.865039,13.434863],[-14.950293,13.472607],[-15.024609,13.51333],[-15.096387,13.539648],[-15.151123,13.556494],[-15.191602,13.535254],[-15.212109,13.485059],[-15.244531,13.429102],[-15.28623,13.395996],[-15.481836,13.376367],[-15.657324,13.355811],[-15.751562,13.338379],[-15.814404,13.325146],[-15.834277,13.156445],[-16.033057,13.15835],[-16.22832,13.160303],[-16.430859,13.157324],[-16.648779,13.15415],[-16.704541,13.119727],[-16.76333,13.06416],[-16.769336,13.148486],[-16.824805,13.341064],[-16.750391,13.425391],[-16.669336,13.475],[-16.614795,13.435303],[-16.59834,13.356836],[-16.556445,13.303223],[-16.413379,13.269727],[-16.27168,13.293799],[-16.185059,13.282715],[-16.187891,13.326172],[-16.158398,13.384033],[-15.986426,13.408838],[-15.804492,13.425391],[-15.617676,13.460107],[-15.471289,13.458643],[-15.42749,13.468359],[-15.438135,13.483203],[-15.569531,13.499854],[-15.849902,13.459961],[-16.135449,13.448242],[-16.351807,13.343359],[-16.440527,13.353174],[-16.530078,13.457959],[-16.562305,13.587305]]]}},{"type":"Feature","bbox":[8.703125,-3.916309,14.480566,2.302197],"properties":{"featurecla":"Admin-0 country","scalerank":1,"LABELRANK":4,"SOVEREIGNT":"Gabon","SOV_A3":"GAB","ADM0_DIF":0,"LEVEL":2,"TYPE":"Sovereign country","TLC":"1","ADMIN":"Gabon","ADM0_A3":"GAB","GEOU_DIF":0,"GEOUNIT":"Gabon","GU_A3":"GAB","SU_DIF":0,"SUBUNIT":"Gabon","SU_A3":"GAB","BRK_DIFF":0,"NAME":"Gabon","NAME_LONG":"Gabon","BRK_A3":"GAB","BRK_NAME":"Gabon","BRK_GROUP":null,"ABBREV":"Gabon","POSTAL":"GA","FORMAL_EN":"Gabonese Republic","FORMAL_FR":null,"NAME_CIAWF":"Gabon","NOTE_ADM0":null,"NOTE_BRK":null,"NAME_SORT":"Gabon","NAME_ALT":null,"MAPCOLOR7":6,"MAPCOLOR8":2,"MAPCOLOR9":5,"MAPCOLOR13":5,"POP_EST":2172579,"POP_RANK":12,"POP_YEAR":2019,"GDP_MD":16874,"GDP_YEAR":2019,"ECONOMY":"6. Developing region","INCOME_GRP":"3. Upper middle income","FIPS_10":"GB","ISO_A2":"GA","ISO_A2_EH":"GA","ISO_A3":"GAB","ISO_A3_EH":"GAB","ISO_N3":"266","ISO_N3_EH":"266","UN_A3":"266","WB_A2":"GA","WB_A3":"GAB","WOE_ID":23424822,"WOE_ID_EH":23424822,"WOE_NOTE":"Exact WOE match as country","ADM0_ISO":"GAB","ADM0_DIFF":null,"ADM0_TLC":"GAB","ADM0_A3_US":"GAB","ADM0_A3_FR":"GAB","ADM0_A3_RU":"GAB","ADM0_A3_ES":"GAB","ADM0_A3_CN":"GAB","ADM0_A3_TW":"GAB","ADM0_A3_IN":"GAB","ADM0_A3_NP":"GAB","ADM0_A3_PK":"GAB","ADM0_A3_DE":"GAB","ADM0_A3_GB":"GAB","ADM0_A3_BR":"GAB","ADM0_A3_IL":"GAB","ADM0_A3_PS":"GAB","ADM0_A3_SA":"GAB","ADM0_A3_EG":"GAB","ADM0_A3_MA":"GAB","ADM0_A3_PT":"GAB","ADM0_A3_AR":"GAB","ADM0_A3_JP":"GAB","ADM0_A3_KO":"GAB","ADM0_A3_VN":"GAB","ADM0_A3_TR":"GAB","ADM0_A3_ID":"GAB","ADM0_A3_PL":"GAB","ADM0_A3_GR":"GAB","ADM0_A3_IT":"GAB","ADM0_A3_NL":"GAB","ADM0_A3_SE":"GAB","ADM0_A3_BD":"GAB","ADM0_A3_UA":"GAB","ADM0_A3_UN":-99,"ADM0_A3_WB":-99,"CONTINENT":"Africa","REGION_UN":"Africa","SUBREGION":"Middle Africa","REGION_WB":"Sub-Saharan Africa","NAME_LEN":5,"LONG_LEN":5,"ABBREV_LEN":5,"TINY":3,"HOMEPART":1,"MIN_ZOOM":0,"MIN_LABEL":3,"MAX_LABEL":8,"LABEL_X":11.835939,"LABEL_Y":-0.437739,"NE_ID":1159320693,"WIKIDATAID":"Q1000","NAME_AR":"الغابون","NAME_BN":"গ্যাবন","NAME_DE":"Gabun","NAME_EN":"Gabon","NAME_ES":"Gabón","NAME_FA":"گابن","NAME_FR":"Gabon","NAME_EL":"Γκαμπόν","NAME_HE":"גבון","NAME_HI":"गबॉन","NAME_HU":"Gabon","NAME_ID":"Gabon","NAME_IT":"Gabon","NAME_JA":"ガボン","NAME_KO":"가봉","NAME_NL":"Gabon","NAME_PL":"Gabon","NAME_PT":"Gabão","NAME_RU":"Габон","NAME_SV":"Gabon","NAME_TR":"Gabon","NAME_UK":"Габон","NAME_UR":"گیبون","NAME_VI":"Gabon","NAME_ZH":"加蓬","NAME_ZHT":"加彭","FCLASS_ISO":"Admin-0 country","TLC_DIFF":null,"FCLASS_TLC":"Admin-0 country","FCLASS_US":null,"FCLASS_FR":null,"FCLASS_RU":null,"FCLASS_ES":null,"FCLASS_CN":null,"FCLASS_TW":null,"FCLASS_IN":null,"FCLASS_NP":null,"FCLASS_PK":null,"FCLASS_DE":null,"FCLASS_GB":null,"FCLASS_BR":null,"FCLASS_IL":null,"FCLASS_PS":null,"FCLASS_SA":null,"FCLASS_EG":null,"FCLASS_MA":null,"FCLASS_PT":null,"FCLASS_AR":null,"FCLASS_JP":null,"FCLASS_KO":null,"FCLASS_VN":null,"FCLASS_TR":null,"FCLASS_ID":null,"FCLASS_PL":null,"FCLASS_GR":null,"FCLASS_IT":null,"FCLASS_NL":null,"FCLASS_SE":null,"FCLASS_BD":null,"FCLASS_UA":null},"geometry":{"type":"Polygon","coordinates":[[[13.293555,2.161572],[13.288672,2.091699],[13.209473,1.92041],[13.172168,1.788574],[13.162695,1.648096],[13.18457,1.535059],[13.222754,1.45459],[13.247363,1.366699],[13.22832,1.30542],[13.190137,1.279248],[13.216309,1.248437],[13.274121,1.241016],[13.372363,1.267773],[13.52334,1.3146],[13.721191,1.382275],[13.851367,1.41875],[14.066211,1.395898],[14.180859,1.370215],[14.239746,1.322559],[14.303027,1.12085],[14.334473,1.090234],[14.386426,1.004443],[14.429883,0.901465],[14.43916,0.849121],[14.434473,0.811475],[14.390625,0.755713],[14.341504,0.673828],[14.324219,0.624219],[14.283105,0.587451],[14.230957,0.551123],[14.0875,0.536572],[14.065527,0.51499],[14.025293,0.427734],[13.949609,0.353809],[13.915137,0.283984],[13.88457,0.19082],[13.890625,0.075293],[13.875488,-0.09082],[13.860059,-0.20332],[13.898047,-0.242578],[14.069434,-0.270117],[14.102832,-0.292383],[14.14834,-0.361914],[14.206738,-0.427344],[14.36377,-0.468555],[14.424707,-0.518652],[14.474121,-0.573438],[14.480566,-0.618359],[14.444922,-0.798828],[14.410645,-0.97207],[14.424023,-1.103906],[14.436914,-1.229785],[14.455566,-1.413184],[14.447266,-1.525098],[14.40293,-1.593359],[14.40293,-1.646973],[14.423242,-1.711523],[14.383984,-1.890039],[14.358594,-1.920215],[14.288379,-1.953516],[14.251465,-2.001465],[14.239648,-2.076758],[14.201758,-2.179883],[14.162891,-2.217578],[14.162891,-2.265527],[14.200391,-2.300586],[14.199805,-2.354199],[14.129785,-2.417969],[14.087402,-2.466895],[13.993848,-2.490625],[13.886914,-2.46543],[13.861816,-2.429883],[13.887695,-2.374512],[13.878516,-2.330176],[13.841602,-2.283691],[13.784375,-2.16377],[13.733789,-2.138477],[13.705566,-2.1875],[13.618555,-2.278613],[13.464941,-2.39541],[13.357324,-2.404785],[13.158594,-2.369141],[12.991992,-2.313379],[12.913574,-2.17627],[12.864453,-2.063281],[12.793555,-1.931836],[12.713672,-1.869434],[12.628418,-1.82959],[12.59043,-1.826855],[12.468652,-1.9],[12.432129,-1.928906],[12.432422,-1.990332],[12.44375,-2.047559],[12.462598,-2.075293],[12.478516,-2.112012],[12.475684,-2.169238],[12.453809,-2.245605],[12.446387,-2.32998],[12.064453,-2.412598],[11.998242,-2.382812],[11.950293,-2.344824],[11.892383,-2.351465],[11.726758,-2.394727],[11.665918,-2.364551],[11.605469,-2.342578],[11.577734,-2.360938],[11.575195,-2.39707],[11.603418,-2.59541],[11.594531,-2.670996],[11.557129,-2.769629],[11.537793,-2.836719],[11.639063,-2.855371],[11.675684,-2.886621],[11.711328,-2.936523],[11.760156,-2.983105],[11.763477,-3.01123],[11.708008,-3.063086],[11.689063,-3.126953],[11.71543,-3.176953],[11.784375,-3.229102],[11.885059,-3.283203],[11.93418,-3.318555],[11.929297,-3.350977],[11.882812,-3.420215],[11.864746,-3.478613],[11.83291,-3.531445],[11.839453,-3.580078],[11.884766,-3.625391],[11.879883,-3.665918],[11.849121,-3.69668],[11.786426,-3.690234],[11.733398,-3.694531],[11.685742,-3.682031],[11.536816,-3.525],[11.504297,-3.520313],[11.288281,-3.641113],[11.234473,-3.69082],[11.190039,-3.762012],[11.130176,-3.916309],[11.032031,-3.826465],[10.947266,-3.662109],[10.848535,-3.561328],[10.640723,-3.398047],[10.585449,-3.278027],[10.347656,-3.013086],[10.006152,-2.74834],[9.759473,-2.518555],[9.72207,-2.467578],[9.763672,-2.473828],[10.001953,-2.588379],[10.034473,-2.575586],[10.062012,-2.549902],[9.959082,-2.489844],[9.86084,-2.442578],[9.768652,-2.413086],[9.676367,-2.415625],[9.624609,-2.36709],[9.591016,-2.293164],[9.574023,-2.22998],[9.533203,-2.163867],[9.402246,-2.027637],[9.370508,-1.975],[9.298926,-1.903027],[9.34248,-1.893652],[9.482813,-1.962305],[9.495313,-1.934961],[9.483203,-1.894629],[9.342188,-1.829395],[9.265625,-1.825098],[9.247949,-1.779297],[9.258398,-1.72627],[9.15752,-1.527734],[9.052832,-1.379102],[9.036328,-1.308887],[9.318848,-1.632031],[9.356641,-1.637598],[9.406348,-1.63457],[9.52334,-1.59834],[9.501074,-1.555176],[9.44834,-1.508887],[9.397168,-1.530176],[9.330664,-1.53457],[9.295801,-1.515234],[9.280176,-1.481934],[9.34668,-1.325],[9.317871,-1.33291],[9.29668,-1.360938],[9.260156,-1.374219],[9.203809,-1.382422],[9.064648,-1.29834],[8.941895,-1.071484],[8.909375,-1.025],[8.876563,-0.946094],[8.844238,-0.913574],[8.703125,-0.591016],[8.757227,-0.614941],[8.821387,-0.708398],[8.946387,-0.68877],[8.995215,-0.634668],[9.037891,-0.636719],[9.081543,-0.624316],[9.136523,-0.57334],[9.29668,-0.35127],[9.339063,-0.058252],[9.325293,0.11582],[9.301855,0.288525],[9.354883,0.343604],[9.375781,0.307227],[9.386133,0.245898],[9.411133,0.200439],[9.468164,0.159766],[9.574316,0.148926],[9.738379,0.084961],[9.796777,0.044238],[9.812695,0.125586],[10.001465,0.194971],[9.944434,0.219873],[9.77666,0.19248],[9.546484,0.295947],[9.470117,0.361914],[9.398828,0.486719],[9.324805,0.5521],[9.32998,0.61084],[9.495313,0.664844],[9.538965,0.658691],[9.556641,0.594189],[9.601074,0.567725],[9.617969,0.576514],[9.625293,0.631641],[9.625879,0.779443],[9.575391,0.991309],[9.59082,1.031982],[9.636133,1.04668],[9.676465,1.074707],[9.70459,1.07998],[9.760547,1.074707],[9.788672,1.025684],[9.803906,0.99873],[9.860352,0.98623],[9.906738,0.960107],[9.94668,0.967139],[9.979785,0.997705],[10.028516,1.004004],[10.178906,1.003564],[10.31543,1.003076],[10.587207,1.002148],[10.858887,1.00127],[11.130664,1.000391],[11.335352,0.999707],[11.334668,1.120752],[11.333594,1.307617],[11.332324,1.528369],[11.331152,1.740186],[11.330078,1.935889],[11.328711,2.167432],[11.339941,2.233838],[11.35332,2.261426],[11.348438,2.299707],[11.558984,2.302197],[11.939746,2.285156],[12.106152,2.2875],[12.153418,2.284375],[12.361328,2.295996],[12.529785,2.281348],[12.601367,2.265039],[12.665723,2.256787],[12.86748,2.246777],[13.130859,2.259424],[13.220313,2.256445],[13.269922,2.224219],[13.293555,2.161572]]]}},{"type":"Feature","bbox":[-61.794092,-21.369043,55.839063,51.097119],"properties":{"featurecla":"Admin-0 country","scalerank":1,"LABELRANK":2,"SOVEREIGNT":"France","SOV_A3":"FR1","ADM0_DIF":1,"LEVEL":2,"TYPE":"Country","TLC":"1","ADMIN":"France","ADM0_A3":"FRA","GEOU_DIF":0,"GEOUNIT":"France","GU_A3":"FRA","SU_DIF":0,"SUBUNIT":"France","SU_A3":"FRA","BRK_DIFF":0,"NAME":"France","NAME_LONG":"France","BRK_A3":"FRA","BRK_NAME":"France","BRK_GROUP":null,"ABBREV":"Fr.","POSTAL":"F","FORMAL_EN":"French Republic","FORMAL_FR":null,"NAME_CIAWF":"France","NOTE_ADM0":null,"NOTE_BRK":null,"NAME_SORT":"France","NAME_ALT":null,"MAPCOLOR7":7,"MAPCOLOR8":5,"MAPCOLOR9":9,"MAPCOLOR13":11,"POP_EST":67059887,"POP_RANK":16,"POP_YEAR":2019,"GDP_MD":2715518,"GDP_YEAR":2019,"ECONOMY":"1. Developed region: G7","INCOME_GRP":"1. High income: OECD","FIPS_10":"FR","ISO_A2":"-99","ISO_A2_EH":"FR","ISO_A3":"-99","ISO_A3_EH":"FRA","ISO_N3":"-99","ISO_N3_EH":"250","UN_A3":"250","WB_A2":"FR","WB_A3":"FRA","WOE_ID":-90,"WOE_ID_EH":23424819,"WOE_NOTE":"Includes only Metropolitan France (including Corsica)","ADM0_ISO":"FRA","ADM0_DIFF":null,"ADM0_TLC":"FRA","ADM0_A3_US":"FRA","ADM0_A3_FR":"FRA","ADM0_A3_RU":"FRA","ADM0_A3_ES":"FRA","ADM0_A3_CN":"FRA","ADM0_A3_TW":"FRA","ADM0_A3_IN":"FRA","ADM0_A3_NP":"FRA","ADM0_A3_PK":"FRA","ADM0_A3_DE":"FRA","ADM0_A3_GB":"FRA","ADM0_A3_BR":"FRA","ADM0_A3_IL":"FRA","ADM0_A3_PS":"FRA","ADM0_A3_SA":"FRA","ADM0_A3_EG":"FRA","ADM0_A3_MA":"FRA","ADM0_A3_PT":"FRA","ADM0_A3_AR":"FRA","ADM0_A3_JP":"FRA","ADM0_A3_KO":"FRA","ADM0_A3_VN":"FRA","ADM0_A3_TR":"FRA","ADM0_A3_ID":"FRA","ADM0_A3_PL":"FRA","ADM0_A3_GR":"FRA","ADM0_A3_IT":"FRA","ADM0_A3_NL":"FRA","ADM0_A3_SE":"FRA","ADM0_A3_BD":"FRA","ADM0_A3_UA":"FRA","ADM0_A3_UN":-99,"ADM0_A3_WB":-99,"CONTINENT":"Europe","REGION_UN":"Europe","SUBREGION":"Western Europe","REGION_WB":"Europe & Central Asia","NAME_LEN":6,"LONG_LEN":6,"ABBREV_LEN":3,"TINY":-99,"HOMEPART":1,"MIN_ZOOM":0,"MIN_LABEL":1.7,"MAX_LABEL":6.7,"LABEL_X":2.552275,"LABEL_Y":46.696113,"NE_ID":1159320637,"WIKIDATAID":"Q142","NAME_AR":"فرنسا","NAME_BN":"ফ্রান্স","NAME_DE":"Frankreich","NAME_EN":"France","NAME_ES":"Francia","NAME_FA":"فرانسه","NAME_FR":"France","NAME_EL":"Γαλλία","NAME_HE":"צרפת","NAME_HI":"फ़्रान्स","NAME_HU":"Franciaország","NAME_ID":"Prancis","NAME_IT":"Francia","NAME_JA":"フランス","NAME_KO":"프랑스","NAME_NL":"Frankrijk","NAME_PL":"Francja","NAME_PT":"França","NAME_RU":"Франция","NAME_SV":"Frankrike","NAME_TR":"Fransa","NAME_UK":"Франція","NAME_UR":"فرانس","NAME_VI":"Pháp","NAME_ZH":"法国","NAME_ZHT":"法國","FCLASS_ISO":"Admin-0 country","TLC_DIFF":null,"FCLASS_TLC":"Admin-0 country","FCLASS_US":null,"FCLASS_FR":null,"FCLASS_RU":null,"FCLASS_ES":null,"FCLASS_CN":null,"FCLASS_TW":null,"FCLASS_IN":null,"FCLASS_NP":null,"FCLASS_PK":null,"FCLASS_DE":null,"FCLASS_GB":null,"FCLASS_BR":null,"FCLASS_IL":null,"FCLASS_PS":null,"FCLASS_SA":null,"FCLASS_EG":null,"FCLASS_MA":null,"FCLASS_PT":null,"FCLASS_AR":null,"FCLASS_JP":null,"FCLASS_KO":null,"FCLASS_VN":null,"FCLASS_TR":null,"FCLASS_ID":null,"FCLASS_PL":null,"FCLASS_GR":null,"FCLASS_IT":null,"FCLASS_NL":null,"FCLASS_SE":null,"FCLASS_BD":null,"FCLASS_UA":null},"geometry":{"type":"MultiPolygon","coordinates":[[],[],[],[[[45.180273,-12.976758],[45.117578,-12.984961],[45.087695,-12.958496],[45.069434,-12.895605],[45.088281,-12.835059],[45.093555,-12.786133],[45.042578,-12.70127],[45.092383,-12.653027],[45.134766,-12.70918],[45.158789,-12.712988],[45.223145,-12.752148],[45.204297,-12.824316],[45.208594,-12.847949],[45.179395,-12.920215],[45.180273,-12.976758]]],[[[55.797363,-21.339355],[55.656152,-21.369043],[55.557617,-21.358301],[55.362695,-21.273633],[55.310352,-21.217383],[55.232813,-21.058398],[55.25,-21.002441],[55.311328,-20.904102],[55.450488,-20.865137],[55.596484,-20.87959],[55.661914,-20.90625],[55.73916,-21.021484],[55.839063,-21.138574],[55.822461,-21.277832],[55.797363,-21.339355]]],[],[],[],[],[]]}},{"type":"Feature","bbox":[-56.386914,46.752832,-56.137354,47.098975],"properties":{"featurecla":"Admin-0 country","scalerank":4,"LABELRANK":4,"SOVEREIGNT":"France","SOV_A3":"FR1","ADM0_DIF":1,"LEVEL":2,"TYPE":"Dependency","TLC":"1","ADMIN":"Saint Pierre and Miquelon","ADM0_A3":"SPM","GEOU_DIF":0,"GEOUNIT":"Saint Pierre and Miquelon","GU_A3":"SPM","SU_DIF":0,"SUBUNIT":"Saint Pierre and Miquelon","SU_A3":"SPM","BRK_DIFF":0,"NAME":"St. Pierre and Miquelon","NAME_LONG":"Saint Pierre and Miquelon","BRK_A3":"SPM","BRK_NAME":"St. Pierre and Miquelon","BRK_GROUP":null,"ABBREV":"St. P.M.","POSTAL":"PM","FORMAL_EN":"Saint Pierre and Miquelon","FORMAL_FR":null,"NAME_CIAWF":"Saint Pierre and Miquelon","NOTE_ADM0":"Fr.","NOTE_BRK":null,"NAME_SORT":"St. Pierre and Miquelon","NAME_ALT":null,"MAPCOLOR7":7,"MAPCOLOR8":5,"MAPCOLOR9":9,"MAPCOLOR13":11,"POP_EST":5997,"POP_RANK":5,"POP_YEAR":2017,"GDP_MD":215,"GDP_YEAR":2016,"ECONOMY":"2. Developed region: nonG7","INCOME_GRP":"3. Upper middle income","FIPS_10":"SB","ISO_A2":"PM","ISO_A2_EH":"PM","ISO_A3":"SPM","ISO_A3_EH":"SPM","ISO_N3":"666","ISO_N3_EH":"666","UN_A3":"666","WB_A2":"-99","WB_A3":"-99","WOE_ID":23424939,"WOE_ID_EH":23424939,"WOE_NOTE":"Exact WOE match as country","ADM0_ISO":"SPM","ADM0_DIFF":null,"ADM0_TLC":"SPM","ADM0_A3_US":"SPM","ADM0_A3_FR":"SPM","ADM0_A3_RU":"SPM","ADM0_A3_ES":"SPM","ADM0_A3_CN":"SPM","ADM0_A3_TW":"SPM","ADM0_A3_IN":"SPM","ADM0_A3_NP":"SPM","ADM0_A3_PK":"SPM","ADM0_A3_DE":"SPM","ADM0_A3_GB":"SPM","ADM0_A3_BR":"SPM","ADM0_A3_IL":"SPM","ADM0_A3_PS":"SPM","ADM0_A3_SA":"SPM","ADM0_A3_EG":"SPM","ADM0_A3_MA":"SPM","ADM0_A3_PT":"SPM","ADM0_A3_AR":"SPM","ADM0_A3_JP":"SPM","ADM0_A3_KO":"SPM","ADM0_A3_VN":"SPM","ADM0_A3_TR":"SPM","ADM0_A3_ID":"SPM","ADM0_A3_PL":"SPM","ADM0_A3_GR":"SPM","ADM0_A3_IT":"SPM","ADM0_A3_NL":"SPM","ADM0_A3_SE":"SPM","ADM0_A3_BD":"SPM","ADM0_A3_UA":"SPM","ADM0_A3_UN":-99,"ADM0_A3_WB":-99,"CONTINENT":"North America","REGION_UN":"Americas","SUBREGION":"Northern America","REGION_WB":"North America","NAME_LEN":23,"LONG_LEN":25,"ABBREV_LEN":8,"TINY":3,"HOMEPART":-99,"MIN_ZOOM":0,"MIN_LABEL":5,"MAX_LABEL":10,"LABEL_X":-56.332352,"LABEL_Y":47.040344,"NE_ID":1159320647,"WIKIDATAID":"Q34617","NAME_AR":"سان بيير وميكلون","NAME_BN":"সাঁ পিয়ের ও মিকলোঁ","NAME_DE":"Saint-Pierre und Miquelon","NAME_EN":"Saint Pierre and Miquelon","NAME_ES":"San Pedro y Miquelón","NAME_FA":"سن پیر و میکلن","NAME_FR":"Saint-Pierre-et-Miquelon","NAME_EL":"Σαιν-Πιερ και Μικελόν","NAME_HE":"סן-פייר ומיקלון","NAME_HI":"सन्त पियर और मिकलान","NAME_HU":"Saint-Pierre és Miquelon","NAME_ID":"Saint Pierre dan Miquelon","NAME_IT":"Saint-Pierre e Miquelon","NAME_JA":"サンピエール島・ミクロン島","NAME_KO":"생피에르 미클롱","NAME_NL":"Saint-Pierre en Miquelon","NAME_PL":"Saint-Pierre i Miquelon","NAME_PT":"Saint-Pierre e Miquelon","NAME_RU":"Сен-Пьер и Микелон","NAME_SV":"Saint-Pierre och Miquelon","NAME_TR":"Saint Pierre ve Miquelon","NAME_UK":"Сен-П'єр і Мікелон","NAME_UR":"سینٹ پیئر و میکیلون","NAME_VI":"Saint-Pierre và Miquelon","NAME_ZH":"圣皮埃尔和密克隆","NAME_ZHT":"聖皮埃與密克隆群島","FCLASS_ISO":"Admin-0 dependency","TLC_DIFF":null,"FCLASS_TLC":"Admin-0 dependency","FCLASS_US":null,"FCLASS_FR":null,"FCLASS_RU":null,"FCLASS_ES":null,"FCLASS_CN":null,"FCLASS_TW":null,"FCLASS_IN":null,"FCLASS_NP":null,"FCLASS_PK":null,"FCLASS_DE":null,"FCLASS_GB":null,"FCLASS_BR":null,"FCLASS_IL":null,"FCLASS_PS":null,"FCLASS_SA":null,"FCLASS_EG":null,"FCLASS_MA":null,"FCLASS_PT":null,"FCLASS_AR":null,"FCLASS_JP":null,"FCLASS_KO":null,"FCLASS_VN":null,"FCLASS_TR":null,"FCLASS_ID":null,"FCLASS_PL":null,"FCLASS_GR":null,"FCLASS_IT":null,"FCLASS_NL":null,"FCLASS_SE":null,"FCLASS_BD":null,"FCLASS_UA":null},"geometry":{"type":"MultiPolygon","coordinates":[[],[]]}},{"type":"Feature","bbox":[-178.194385,-14.324902,-176.128076,-13.22168],"properties":{"featurecla":"Admin-0 country","scalerank":3,"LABELRANK":4,"SOVEREIGNT":"France","SOV_A3":"FR1","ADM0_DIF":1,"LEVEL":2,"TYPE":"Dependency","TLC":"1","ADMIN":"Wallis and Futuna","ADM0_A3":"WLF","GEOU_DIF":0,"GEOUNIT":"Wallis and Futuna","GU_A3":"WLF","SU_DIF":0,"SUBUNIT":"Wallis and Futuna","SU_A3":"WLF","BRK_DIFF":0,"NAME":"Wallis and Futuna Is.","NAME_LONG":"Wallis and Futuna Islands","BRK_A3":"WLF","BRK_NAME":"Wallis and Futuna Islands","BRK_GROUP":null,"ABBREV":"Wlf.","POSTAL":"WF","FORMAL_EN":"Wallis and Futuna Islands","FORMAL_FR":null,"NAME_CIAWF":"Wallis and Futuna","NOTE_ADM0":"Fr.","NOTE_BRK":null,"NAME_SORT":"Wallis and Futuna","NAME_ALT":null,"MAPCOLOR7":7,"MAPCOLOR8":5,"MAPCOLOR9":9,"MAPCOLOR13":11,"POP_EST":11558,"POP_RANK":6,"POP_YEAR":2018,"GDP_MD":60,"GDP_YEAR":2016,"ECONOMY":"6. Developing region","INCOME_GRP":"4. Lower middle income","FIPS_10":"WF","ISO_A2":"WF","ISO_A2_EH":"WF","ISO_A3":"WLF","ISO_A3_EH":"WLF","ISO_N3":"876","ISO_N3_EH":"876","UN_A3":"876","WB_A2":"-99","WB_A3":"-99","WOE_ID":23424989,"WOE_ID_EH":23424989,"WOE_NOTE":"Exact WOE match as country","ADM0_ISO":"WLF","ADM0_DIFF":null,"ADM0_TLC":"WLF","ADM0_A3_US":"WLF","ADM0_A3_FR":"WLF","ADM0_A3_RU":"WLF","ADM0_A3_ES":"WLF","ADM0_A3_CN":"WLF","ADM0_A3_TW":"WLF","ADM0_A3_IN":"WLF","ADM0_A3_NP":"WLF","ADM0_A3_PK":"WLF","ADM0_A3_DE":"WLF","ADM0_A3_GB":"WLF","ADM0_A3_BR":"WLF","ADM0_A3_IL":"WLF","ADM0_A3_PS":"WLF","ADM0_A3_SA":"WLF","ADM0_A3_EG":"WLF","ADM0_A3_MA":"WLF","ADM0_A3_PT":"WLF","ADM0_A3_AR":"WLF","ADM0_A3_JP":"WLF","ADM0_A3_KO":"WLF","ADM0_A3_VN":"WLF","ADM0_A3_TR":"WLF","ADM0_A3_ID":"WLF","ADM0_A3_PL":"WLF","ADM0_A3_GR":"WLF","ADM0_A3_IT":"WLF","ADM0_A3_NL":"WLF","ADM0_A3_SE":"WLF","ADM0_A3_BD":"WLF","ADM0_A3_UA":"WLF","ADM0_A3_UN":-99,"ADM0_A3_WB":-99,"CONTINENT":"Oceania","REGION_UN":"Oceania","SUBREGION":"Polynesia","REGION_WB":"East Asia & Pacific","NAME_LEN":21,"LONG_LEN":25,"ABBREV_LEN":4,"TINY":3,"HOMEPART":-99,"MIN_ZOOM":0,"MIN_LABEL":4.7,"MAX_LABEL":9,"LABEL_X":-178.137436,"LABEL_Y":-14.286415,"NE_ID":1159320649,"WIKIDATAID":"Q35555","NAME_AR":"واليس وفوتونا","NAME_BN":"ওয়ালিস ও ফুটুনা","NAME_DE":"Wallis und Futuna","NAME_EN":"Wallis and Futuna","NAME_ES":"Wallis y Futuna","NAME_FA":"والیس و فوتونا","NAME_FR":"Wallis-et-Futuna","NAME_EL":"Ουαλίς και Φουτουνά","NAME_HE":"ואליס ופוטונה","NAME_HI":"वालिस और फ़्यूचूना","NAME_HU":"Wallis és Futuna","NAME_ID":"Wallis dan Futuna","NAME_IT":"Wallis e Futuna","NAME_JA":"ウォリス・フツナ","NAME_KO":"왈리스 푸투나","NAME_NL":"Wallis en Futuna","NAME_PL":"Wallis i Futuna","NAME_PT":"Wallis e Futuna","NAME_RU":"Уоллис и Футуна","NAME_SV":"Wallis- och Futunaöarna","NAME_TR":"Wallis ve Futuna Adaları","NAME_UK":"Волліс і Футуна","NAME_UR":"والس و فتونہ","NAME_VI":"Wallis và Futuna","NAME_ZH":"瓦利斯和富图纳","NAME_ZHT":"瓦利斯和富圖納","FCLASS_ISO":"Admin-0 dependency","TLC_DIFF":null,"FCLASS_TLC":"Admin-0 dependency","FCLASS_US":null,"FCLASS_FR":null,"FCLASS_RU":null,"FCLASS_ES":null,"FCLASS_CN":null,"FCLASS_TW":null,"FCLASS_IN":null,"FCLASS_NP":null,"FCLASS_PK":null,"FCLASS_DE":null,"FCLASS_GB":null,"FCLASS_BR":null,"FCLASS_IL":null,"FCLASS_PS":null,"FCLASS_SA":null,"FCLASS_EG":null,"FCLASS_MA":null,"FCLASS_PT":null,"FCLASS_AR":null,"FCLASS_JP":null,"FCLASS_KO":null,"FCLASS_VN":null,"FCLASS_TR":null,"FCLASS_ID":null,"FCLASS_PL":null,"FCLASS_GR":null,"FCLASS_IT":null,"FCLASS_NL":null,"FCLASS_SE":null,"FCLASS_BD":null,"FCLASS_UA":null},"geometry":{"type":"MultiPolygon","coordinates":[[],[]]}},{"type":"Feature","bbox":[-151.512402,-20.875879,-136.293896,-8.781543],"properties":{"featurecla":"Admin-0 country","scalerank":3,"LABELRANK":4,"SOVEREIGNT":"France","SOV_A3":"FR1","ADM0_DIF":1,"LEVEL":2,"TYPE":"Dependency","TLC":"1","ADMIN":"French Polynesia","ADM0_A3":"PYF","GEOU_DIF":0,"GEOUNIT":"French Polynesia","GU_A3":"PYF","SU_DIF":0,"SUBUNIT":"French Polynesia","SU_A3":"PYF","BRK_DIFF":0,"NAME":"Fr. Polynesia","NAME_LONG":"French Polynesia","BRK_A3":"PYF","BRK_NAME":"Fr. Polynesia","BRK_GROUP":null,"ABBREV":"Fr. Poly.","POSTAL":"PF","FORMAL_EN":"French Polynesia","FORMAL_FR":null,"NAME_CIAWF":"French Polynesia","NOTE_ADM0":"Fr.","NOTE_BRK":null,"NAME_SORT":"French Polynesia","NAME_ALT":null,"MAPCOLOR7":7,"MAPCOLOR8":5,"MAPCOLOR9":9,"MAPCOLOR13":11,"POP_EST":279287,"POP_RANK":10,"POP_YEAR":2019,"GDP_MD":5490,"GDP_YEAR":2016,"ECONOMY":"6. Developing region","INCOME_GRP":"2. High income: nonOECD","FIPS_10":"FP","ISO_A2":"PF","ISO_A2_EH":"PF","ISO_A3":"PYF","ISO_A3_EH":"PYF","ISO_N3":"258","ISO_N3_EH":"258","UN_A3":"258","WB_A2":"PF","WB_A3":"PYF","WOE_ID":23424817,"WOE_ID_EH":23424817,"WOE_NOTE":"Exact WOE match as country","ADM0_ISO":"PYF","ADM0_DIFF":null,"ADM0_TLC":"PYF","ADM0_A3_US":"PYF","ADM0_A3_FR":"PYF","ADM0_A3_RU":"PYF","ADM0_A3_ES":"PYF","ADM0_A3_CN":"PYF","ADM0_A3_TW":"PYF","ADM0_A3_IN":"PYF","ADM0_A3_NP":"PYF","ADM0_A3_PK":"PYF","ADM0_A3_DE":"PYF","ADM0_A3_GB":"PYF","ADM0_A3_BR":"PYF","ADM0_A3_IL":"PYF","ADM0_A3_PS":"PYF","ADM0_A3_SA":"PYF","ADM0_A3_EG":"PYF","ADM0_A3_MA":"PYF","ADM0_A3_PT":"PYF","ADM0_A3_AR":"PYF","ADM0_A3_JP":"PYF","ADM0_A3_KO":"PYF","ADM0_A3_VN":"PYF","ADM0_A3_TR":"PYF","ADM0_A3_ID":"PYF","ADM0_A3_PL":"PYF","ADM0_A3_GR":"PYF","ADM0_A3_IT":"PYF","ADM0_A3_NL":"PYF","ADM0_A3_SE":"PYF","ADM0_A3_BD":"PYF","ADM0_A3_UA":"PYF","ADM0_A3_UN":-99,"ADM0_A3_WB":-99,"CONTINENT":"Oceania","REGION_UN":"Oceania","SUBREGION":"Polynesia","REGION_WB":"East Asia & Pacific","NAME_LEN":13,"LONG_LEN":16,"ABBREV_LEN":9,"TINY":2,"HOMEPART":-99,"MIN_ZOOM":0,"MIN_LABEL":3.5,"MAX_LABEL":8.5,"LABEL_X":-149.46157,"LABEL_Y":-17.628081,"NE_ID":1159320643,"WIKIDATAID":"Q30971","NAME_AR":"بولينزيا الفرنسية","NAME_BN":"ফরাসি পলিনেশিয়া","NAME_DE":"Französisch-Polynesien","NAME_EN":"French Polynesia","NAME_ES":"Polinesia Francesa","NAME_FA":"پلینزی فرانسه","NAME_FR":"Polynésie française","NAME_EL":"Γαλλική Πολυνησία","NAME_HE":"פולינזיה הצרפתית","NAME_HI":"फ़्रान्सीसी पॉलिनेशिया","NAME_HU":"Francia Polinézia","NAME_ID":"Polinesia Prancis","NAME_IT":"Polinesia francese","NAME_JA":"フランス領ポリネシア","NAME_KO":"프랑스령 폴리네시아","NAME_NL":"Frans-Polynesië","NAME_PL":"Polinezja Francuska","NAME_PT":"Polinésia Francesa","NAME_RU":"Французская Полинезия","NAME_SV":"Franska Polynesien","NAME_TR":"Fransız Polinezyası","NAME_UK":"Французька Полінезія","NAME_UR":"فرانسیسی پولینیشیا","NAME_VI":"Polynésie thuộc Pháp","NAME_ZH":"法属波利尼西亚","NAME_ZHT":"法屬玻里尼西亞","FCLASS_ISO":"Admin-0 dependency","TLC_DIFF":null,"FCLASS_TLC":"Admin-0 dependency","FCLASS_US":null,"FCLASS_FR":null,"FCLASS_RU":null,"FCLASS_ES":null,"FCLASS_CN":null,"FCLASS_TW":null,"FCLASS_IN":null,"FCLASS_NP":null,"FCLASS_PK":null,"FCLASS_DE":null,"FCLASS_GB":null,"FCLASS_BR":null,"FCLASS_IL":null,"FCLASS_PS":null,"FCLASS_SA":null,"FCLASS_EG":null,"FCLASS_MA":null,"FCLASS_PT":null,"FCLASS_AR":null,"FCLASS_JP":null,"FCLASS_KO":null,"FCLASS_VN":null,"FCLASS_TR":null,"FCLASS_ID":null,"FCLASS_PL":null,"FCLASS_GR":null,"FCLASS_IT":null,"FCLASS_NL":null,"FCLASS_SE":null,"FCLASS_BD":null,"FCLASS_UA":null},"geometry":{"type":"MultiPolygon","coordinates":[[],[],[],[],[],[],[],[],[],[],[],[],[],[],[],[],[],[],[],[],[]]}},{"type":"Feature","bbox":[159.928223,-22.661133,168.139063,-19.114648],"properties":{"featurecla":"Admin-0 country","scalerank":1,"LABELRANK":3,"SOVEREIGNT":"France","SOV_A3":"FR1","ADM0_DIF":1,"LEVEL":2,"TYPE":"Dependency","TLC":"1","ADMIN":"New Caledonia","ADM0_A3":"NCL","GEOU_DIF":0,"GEOUNIT":"New Caledonia","GU_A3":"NCL","SU_DIF":0,"SUBUNIT":"New Caledonia","SU_A3":"NCL","BRK_DIFF":0,"NAME":"New Caledonia","NAME_LONG":"New Caledonia","BRK_A3":"NCL","BRK_NAME":"New Caledonia","BRK_GROUP":null,"ABBREV":"New C.","POSTAL":"NC","FORMAL_EN":"New Caledonia","FORMAL_FR":"Nouvelle-Calédonie","NAME_CIAWF":"New Caledonia","NOTE_ADM0":"Fr.","NOTE_BRK":null,"NAME_SORT":"New Caledonia","NAME_ALT":null,"MAPCOLOR7":7,"MAPCOLOR8":5,"MAPCOLOR9":9,"MAPCOLOR13":11,"POP_EST":287800,"POP_RANK":10,"POP_YEAR":2019,"GDP_MD":10770,"GDP_YEAR":2016,"ECONOMY":"6. Developing region","INCOME_GRP":"2. High income: nonOECD","FIPS_10":"NC","ISO_A2":"NC","ISO_A2_EH":"NC","ISO_A3":"NCL","ISO_A3_EH":"NCL","ISO_N3":"540","ISO_N3_EH":"540","UN_A3":"540","WB_A2":"NC","WB_A3":"NCL","WOE_ID":23424903,"WOE_ID_EH":23424903,"WOE_NOTE":"Exact WOE match as country","ADM0_ISO":"NCL","ADM0_DIFF":null,"ADM0_TLC":"NCL","ADM0_A3_US":"NCL","ADM0_A3_FR":"NCL","ADM0_A3_RU":"NCL","ADM0_A3_ES":"NCL","ADM0_A3_CN":"NCL","ADM0_A3_TW":"NCL","ADM0_A3_IN":"NCL","ADM0_A3_NP":"NCL","ADM0_A3_PK":"NCL","ADM0_A3_DE":"NCL","ADM0_A3_GB":"NCL","ADM0_A3_BR":"NCL","ADM0_A3_IL":"NCL","ADM0_A3_PS":"NCL","ADM0_A3_SA":"NCL","ADM0_A3_EG":"NCL","ADM0_A3_MA":"NCL","ADM0_A3_PT":"NCL","ADM0_A3_AR":"NCL","ADM0_A3_JP":"NCL","ADM0_A3_KO":"NCL","ADM0_A3_VN":"NCL","ADM0_A3_TR":"NCL","ADM0_A3_ID":"NCL","ADM0_A3_PL":"NCL","ADM0_A3_GR":"NCL","ADM0_A3_IT":"NCL","ADM0_A3_NL":"NCL","ADM0_A3_SE":"NCL","ADM0_A3_BD":"NCL","ADM0_A3_UA":"NCL","ADM0_A3_UN":-99,"ADM0_A3_WB":-99,"CONTINENT":"Oceania","REGION_UN":"Oceania","SUBREGION":"Melanesia","REGION_WB":"East Asia & Pacific","NAME_LEN":13,"LONG_LEN":13,"ABBREV_LEN":6,"TINY":-99,"HOMEPART":-99,"MIN_ZOOM":0,"MIN_LABEL":4.6,"MAX_LABEL":8,"LABEL_X":165.084004,"LABEL_Y":-21.064697,"NE_ID":1159320641,"WIKIDATAID":"Q33788","NAME_AR":"كاليدونيا الجديدة","NAME_BN":"নতুন ক্যালিডোনিয়া","NAME_DE":"Neukaledonien","NAME_EN":"New Caledonia","NAME_ES":"Nueva Caledonia","NAME_FA":"کالدونیای جدید","NAME_FR":"Nouvelle-Calédonie","NAME_EL":"Νέα Καληδονία","NAME_HE":"קלדוניה החדשה","NAME_HI":"नया कैलेडोनिया","NAME_HU":"Új-Kaledónia","NAME_ID":"Kaledonia Baru","NAME_IT":"Nuova Caledonia","NAME_JA":"ニューカレドニア","NAME_KO":"누벨칼레도니","NAME_NL":"Nieuw-Caledonië","NAME_PL":"Nowa Kaledonia","NAME_PT":"Nova Caledónia","NAME_RU":"Новая Каледония","NAME_SV":"Nya Kaledonien","NAME_TR":"Yeni Kaledonya","NAME_UK":"Нова Каледонія","NAME_UR":"نیو کیلیڈونیا","NAME_VI":"Nouvelle-Calédonie","NAME_ZH":"新喀里多尼亚","NAME_ZHT":"新喀里多尼亞","FCLASS_ISO":"Admin-0 dependency","TLC_DIFF":null,"FCLASS_TLC":"Admin-0 dependency","FCLASS_US":null,"FCLASS_FR":null,"FCLASS_RU":null,"FCLASS_ES":null,"FCLASS_CN":null,"FCLASS_TW":null,"FCLASS_IN":null,"FCLASS_NP":null,"FCLASS_PK":null,"FCLASS_DE":null,"FCLASS_GB":null,"FCLASS_BR":null,"FCLASS_IL":null,"FCLASS_PS":null,"FCLASS_SA":null,"FCLASS_EG":null,"FCLASS_MA":null,"FCLASS_PT":null,"FCLASS_AR":null,"FCLASS_JP":null,"FCLASS_KO":null,"FCLASS_VN":null,"FCLASS_TR":null,"FCLASS_ID":null,"FCLASS_PL":null,"FCLASS_GR":null,"FCLASS_IT":null,"FCLASS_NL":null,"FCLASS_SE":null,"FCLASS_BD":null,"FCLASS_UA":null},"geometry":{"type":"MultiPolygon","coordinates":[[],[],[],[],[],[]]}},{"type":"Feature","bbox":[51.659277,-49.709863,70.555469,-46.326855],"properties":{"featurecla":"Admin-0 country","scalerank":3,"LABELRANK":6,"SOVEREIGNT":"France","SOV_A3":"FR1","ADM0_DIF":1,"LEVEL":2,"TYPE":"Dependency","TLC":"1","ADMIN":"French Southern and Antarctic Lands","ADM0_A3":"ATF","GEOU_DIF":0,"GEOUNIT":"French Southern and Antarctic Lands","GU_A3":"ATF","SU_DIF":0,"SUBUNIT":"French Southern and Antarctic Lands","SU_A3":"ATF","BRK_DIFF":0,"NAME":"Fr. S. Antarctic Lands","NAME_LONG":"French Southern and Antarctic Lands","BRK_A3":"ATF","BRK_NAME":"Fr. S. and Antarctic Lands","BRK_GROUP":null,"ABBREV":"Fr. S.A.L.","POSTAL":"TF","FORMAL_EN":"Territory of the French Southern and Antarctic Lands","FORMAL_FR":null,"NAME_CIAWF":null,"NOTE_ADM0":"Fr.","NOTE_BRK":null,"NAME_SORT":"French Southern and Antarctic Lands","NAME_ALT":null,"MAPCOLOR7":7,"MAPCOLOR8":5,"MAPCOLOR9":9,"MAPCOLOR13":11,"POP_EST":140,"POP_RANK":1,"POP_YEAR":2017,"GDP_MD":16,"GDP_YEAR":2016,"ECONOMY":"6. Developing region","INCOME_GRP":"2. High income: nonOECD","FIPS_10":"FS","ISO_A2":"TF","ISO_A2_EH":"TF","ISO_A3":"ATF","ISO_A3_EH":"ATF","ISO_N3":"260","ISO_N3_EH":"260","UN_A3":"260","WB_A2":"-99","WB_A3":"-99","WOE_ID":28289406,"WOE_ID_EH":28289406,"WOE_NOTE":"Exact WOE match as country","ADM0_ISO":"ATF","ADM0_DIFF":null,"ADM0_TLC":"ATF","ADM0_A3_US":"ATF","ADM0_A3_FR":"ATF","ADM0_A3_RU":"ATF","ADM0_A3_ES":"ATF","ADM0_A3_CN":"ATF","ADM0_A3_TW":"ATF","ADM0_A3_IN":"ATF","ADM0_A3_NP":"ATF","ADM0_A3_PK":"ATF","ADM0_A3_DE":"ATF","ADM0_A3_GB":"ATF","ADM0_A3_BR":"ATF","ADM0_A3_IL":"ATF","ADM0_A3_PS":"ATF","ADM0_A3_SA":"ATF","ADM0_A3_EG":"ATF","ADM0_A3_MA":"ATF","ADM0_A3_PT":"ATF","ADM0_A3_AR":"ATF","ADM0_A3_JP":"ATF","ADM0_A3_KO":"ATF","ADM0_A3_VN":"ATF","ADM0_A3_TR":"ATF","ADM0_A3_ID":"ATF","ADM0_A3_PL":"ATF","ADM0_A3_GR":"ATF","ADM0_A3_IT":"ATF","ADM0_A3_NL":"ATF","ADM0_A3_SE":"ATF","ADM0_A3_BD":"ATF","ADM0_A3_UA":"ATF","ADM0_A3_UN":-99,"ADM0_A3_WB":-99,"CONTINENT":"Seven seas (open ocean)","REGION_UN":"Africa","SUBREGION":"Seven seas (open ocean)","REGION_WB":"Sub-Saharan Africa","NAME_LEN":22,"LONG_LEN":35,"ABBREV_LEN":10,"TINY":2,"HOMEPART":-99,"MIN_ZOOM":0,"MIN_LABEL":4,"MAX_LABEL":9,"LABEL_X":69.122136,"LABEL_Y":-49.303721,"NE_ID":1159320631,"WIKIDATAID":"Q129003","NAME_AR":"أراض فرنسية جنوبية وأنتارتيكية","NAME_BN":"ফ্র. এস. অ্যান্ড অ্যান্টার্কটিক ল্যান্ড","NAME_DE":"Französische Süd- und Antarktisgebiete","NAME_EN":"French Southern and Antarctic Lands","NAME_ES":"Tierras Australes y Antárticas Francesas","NAME_FA":"سرزمینهای جنوبی و جنوبگانی فرانسه","NAME_FR":"Terres australes et antarctiques françaises","NAME_EL":"Γαλλικά Νότια και Ανταρκτικά Εδάφη","NAME_HE":"הארצות הדרומיות והאנטארקטיות של צרפת","NAME_HI":"दक्षिण फ्रांसीसी और अंटार्कटिक लैंड","NAME_HU":"Francia déli és antarktiszi területek","NAME_ID":"Daratan Selatan dan Antarktika Perancis","NAME_IT":"Terre australi e antartiche francesi","NAME_JA":"フランス領南方・南極地域","NAME_KO":"프랑스령 남방 및 남극","NAME_NL":"Franse Zuidelijke Gebieden","NAME_PL":"Francuskie Terytoria Południowe i Antarktyczne","NAME_PT":"Terras Austrais e Antárticas Francesas","NAME_RU":"Французские Южные и Антарктические территории","NAME_SV":"Franska sydterritorierna","NAME_TR":"Fransız Güney ve Antarktika Toprakları","NAME_UK":"Французькі Південні і Антарктичні території","NAME_UR":"سرزمین جنوبی فرانسیسیہ و انٹارکٹیکا","NAME_VI":"Vùng đất phía Nam và châu Nam Cực thuộc Pháp","NAME_ZH":"法属南部和南极领地","NAME_ZHT":"法屬南部和南極領地","FCLASS_ISO":"Admin-0 dependency","TLC_DIFF":null,"FCLASS_TLC":"Admin-0 dependency","FCLASS_US":null,"FCLASS_FR":null,"FCLASS_RU":null,"FCLASS_ES":null,"FCLASS_CN":null,"FCLASS_TW":null,"FCLASS_IN":null,"FCLASS_NP":null,"FCLASS_PK":null,"FCLASS_DE":null,"FCLASS_GB":null,"FCLASS_BR":null,"FCLASS_IL":null,"FCLASS_PS":null,"FCLASS_SA":null,"FCLASS_EG":null,"FCLASS_MA":null,"FCLASS_PT":null,"FCLASS_AR":null,"FCLASS_JP":null,"FCLASS_KO":null,"FCLASS_VN":null,"FCLASS_TR":null,"FCLASS_ID":null,"FCLASS_PL":null,"FCLASS_GR":null,"FCLASS_IT":null,"FCLASS_NL":null,"FCLASS_SE":null,"FCLASS_BD":null,"FCLASS_UA":null},"geometry":{"type":"MultiPolygon","coordinates":[[],[],[[[51.83457,-46.439941],[51.761719,-46.44873],[51.696582,-46.428125],[51.659277,-46.373633],[51.741895,-46.326855],[51.78418,-46.358887],[51.81543,-46.394727],[51.83457,-46.439941]]]]}},{"type":"Feature","bbox":[19.519043,60.01167,20.611328,60.405811],"properties":{"featurecla":"Admin-0 country","scalerank":3,"LABELRANK":6,"SOVEREIGNT":"Finland","SOV_A3":"FI1","ADM0_DIF":1,"LEVEL":2,"TYPE":"Country","TLC":"1","ADMIN":"Aland","ADM0_A3":"ALD","GEOU_DIF":0,"GEOUNIT":"Aland","GU_A3":"ALD","SU_DIF":0,"SUBUNIT":"Aland","SU_A3":"ALD","BRK_DIFF":0,"NAME":"Åland","NAME_LONG":"Åland Islands","BRK_A3":"ALD","BRK_NAME":"Åland","BRK_GROUP":null,"ABBREV":"Åland","POSTAL":"AI","FORMAL_EN":"Åland Islands","FORMAL_FR":null,"NAME_CIAWF":null,"NOTE_ADM0":"Fin.","NOTE_BRK":null,"NAME_SORT":"Aland","NAME_ALT":null,"MAPCOLOR7":4,"MAPCOLOR8":1,"MAPCOLOR9":4,"MAPCOLOR13":6,"POP_EST":29884,"POP_RANK":7,"POP_YEAR":2019,"GDP_MD":1563,"GDP_YEAR":2016,"ECONOMY":"2. Developed region: nonG7","INCOME_GRP":"1. High income: OECD","FIPS_10":"-99","ISO_A2":"AX","ISO_A2_EH":"AX","ISO_A3":"ALA","ISO_A3_EH":"ALA","ISO_N3":"248","ISO_N3_EH":"248","UN_A3":"248","WB_A2":"-99","WB_A3":"-99","WOE_ID":12577865,"WOE_ID_EH":12577865,"WOE_NOTE":"Exact WOE match as country","ADM0_ISO":"ALD","ADM0_DIFF":null,"ADM0_TLC":"ALD","ADM0_A3_US":"ALD","ADM0_A3_FR":"ALD","ADM0_A3_RU":"ALD","ADM0_A3_ES":"ALD","ADM0_A3_CN":"ALD","ADM0_A3_TW":"ALD","ADM0_A3_IN":"ALD","ADM0_A3_NP":"ALD","ADM0_A3_PK":"ALD","ADM0_A3_DE":"ALD","ADM0_A3_GB":"ALD","ADM0_A3_BR":"ALD","ADM0_A3_IL":"ALD","ADM0_A3_PS":"ALD","ADM0_A3_SA":"ALD","ADM0_A3_EG":"ALD","ADM0_A3_MA":"ALD","ADM0_A3_PT":"ALD","ADM0_A3_AR":"ALD","ADM0_A3_JP":"ALD","ADM0_A3_KO":"ALD","ADM0_A3_VN":"ALD","ADM0_A3_TR":"ALD","ADM0_A3_ID":"ALD","ADM0_A3_PL":"ALD","ADM0_A3_GR":"ALD","ADM0_A3_IT":"ALD","ADM0_A3_NL":"ALD","ADM0_A3_SE":"ALD","ADM0_A3_BD":"ALD","ADM0_A3_UA":"ALD","ADM0_A3_UN":-99,"ADM0_A3_WB":-99,"CONTINENT":"Europe","REGION_UN":"Europe","SUBREGION":"Northern Europe","REGION_WB":"Europe & Central Asia","NAME_LEN":5,"LONG_LEN":13,"ABBREV_LEN":5,"TINY":5,"HOMEPART":-99,"MIN_ZOOM":0,"MIN_LABEL":5,"MAX_LABEL":10,"LABEL_X":19.869671,"LABEL_Y":60.156467,"NE_ID":1159320621,"WIKIDATAID":"Q5689","NAME_AR":"جزر أولاند","NAME_BN":"অলান্দ দ্বীপপুঞ্জ","NAME_DE":"Åland","NAME_EN":"Åland","NAME_ES":"Åland","NAME_FA":"جزایر الند","NAME_FR":"Åland","NAME_EL":"Ώλαντ","NAME_HE":"אולנד","NAME_HI":"ऑलैण्ड द्वीपसमूह","NAME_HU":"Åland","NAME_ID":"Åland","NAME_IT":"Isole Åland","NAME_JA":"オーランド諸島","NAME_KO":"올란드 제도","NAME_NL":"Åland","NAME_PL":"Wyspy Alandzkie","NAME_PT":"Åland","NAME_RU":"Аландские острова","NAME_SV":"Åland","NAME_TR":"Åland","NAME_UK":"Аландські острови","NAME_UR":"جزائر ایلانڈ","NAME_VI":"Åland","NAME_ZH":"奥兰","NAME_ZHT":"奧蘭","FCLASS_ISO":"Admin-0 dependency","TLC_DIFF":null,"FCLASS_TLC":"Admin-0 dependency","FCLASS_US":null,"FCLASS_FR":null,"FCLASS_RU":"Unrecognized","FCLASS_ES":null,"FCLASS_CN":"Unrecognized","FCLASS_TW":null,"FCLASS_IN":null,"FCLASS_NP":null,"FCLASS_PK":null,"FCLASS_DE":null,"FCLASS_GB":null,"FCLASS_BR":null,"FCLASS_IL":null,"FCLASS_PS":null,"FCLASS_SA":null,"FCLASS_EG":null,"FCLASS_MA":null,"FCLASS_PT":null,"FCLASS_AR":null,"FCLASS_JP":null,"FCLASS_KO":null,"FCLASS_VN":null,"FCLASS_TR":null,"FCLASS_ID":null,"FCLASS_PL":null,"FCLASS_GR":null,"FCLASS_IT":null,"FCLASS_NL":null,"FCLASS_SE":null,"FCLASS_BD":null,"FCLASS_UA":null},"geometry":{"type":"MultiPolygon","coordinates":[[],[],[]]}},{"type":"Feature","bbox":[20.622168,59.816016,31.536523,70.064844],"properties":{"featurecla":"Admin-0 country","scalerank":1,"LABELRANK":3,"SOVEREIGNT":"Finland","SOV_A3":"FI1","ADM0_DIF":1,"LEVEL":2,"TYPE":"Country","TLC":"1","ADMIN":"Finland","ADM0_A3":"FIN","GEOU_DIF":0,"GEOUNIT":"Finland","GU_A3":"FIN","SU_DIF":0,"SUBUNIT":"Finland","SU_A3":"FIN","BRK_DIFF":0,"NAME":"Finland","NAME_LONG":"Finland","BRK_A3":"FIN","BRK_NAME":"Finland","BRK_GROUP":null,"ABBREV":"Fin.","POSTAL":"FIN","FORMAL_EN":"Republic of Finland","FORMAL_FR":null,"NAME_CIAWF":"Finland","NOTE_ADM0":null,"NOTE_BRK":null,"NAME_SORT":"Finland","NAME_ALT":null,"MAPCOLOR7":4,"MAPCOLOR8":1,"MAPCOLOR9":4,"MAPCOLOR13":6,"POP_EST":5520314,"POP_RANK":13,"POP_YEAR":2019,"GDP_MD":269296,"GDP_YEAR":2019,"ECONOMY":"2. Developed region: nonG7","INCOME_GRP":"1. High income: OECD","FIPS_10":"FI","ISO_A2":"FI","ISO_A2_EH":"FI","ISO_A3":"FIN","ISO_A3_EH":"FIN","ISO_N3":"246","ISO_N3_EH":"246","UN_A3":"246","WB_A2":"FI","WB_A3":"FIN","WOE_ID":23424812,"WOE_ID_EH":23424812,"WOE_NOTE":"Exact WOE match as country","ADM0_ISO":"FIN","ADM0_DIFF":null,"ADM0_TLC":"FIN","ADM0_A3_US":"FIN","ADM0_A3_FR":"FIN","ADM0_A3_RU":"FIN","ADM0_A3_ES":"FIN","ADM0_A3_CN":"FIN","ADM0_A3_TW":"FIN","ADM0_A3_IN":"FIN","ADM0_A3_NP":"FIN","ADM0_A3_PK":"FIN","ADM0_A3_DE":"FIN","ADM0_A3_GB":"FIN","ADM0_A3_BR":"FIN","ADM0_A3_IL":"FIN","ADM0_A3_PS":"FIN","ADM0_A3_SA":"FIN","ADM0_A3_EG":"FIN","ADM0_A3_MA":"FIN","ADM0_A3_PT":"FIN","ADM0_A3_AR":"FIN","ADM0_A3_JP":"FIN","ADM0_A3_KO":"FIN","ADM0_A3_VN":"FIN","ADM0_A3_TR":"FIN","ADM0_A3_ID":"FIN","ADM0_A3_PL":"FIN","ADM0_A3_GR":"FIN","ADM0_A3_IT":"FIN","ADM0_A3_NL":"FIN","ADM0_A3_SE":"FIN","ADM0_A3_BD":"FIN","ADM0_A3_UA":"FIN","ADM0_A3_UN":-99,"ADM0_A3_WB":-99,"CONTINENT":"Europe","REGION_UN":"Europe","SUBREGION":"Northern Europe","REGION_WB":"Europe & Central Asia","NAME_LEN":7,"LONG_LEN":7,"ABBREV_LEN":4,"TINY":-99,"HOMEPART":1,"MIN_ZOOM":0,"MIN_LABEL":3,"MAX_LABEL":8,"LABEL_X":27.276449,"LABEL_Y":63.252361,"NE_ID":1159320623,"WIKIDATAID":"Q33","NAME_AR":"فنلندا","NAME_BN":"ফিনল্যান্ড","NAME_DE":"Finnland","NAME_EN":"Finland","NAME_ES":"Finlandia","NAME_FA":"فنلاند","NAME_FR":"Finlande","NAME_EL":"Φινλανδία","NAME_HE":"פינלנד","NAME_HI":"फ़िनलैण्ड","NAME_HU":"Finnország","NAME_ID":"Finlandia","NAME_IT":"Finlandia","NAME_JA":"フィンランド","NAME_KO":"핀란드","NAME_NL":"Finland","NAME_PL":"Finlandia","NAME_PT":"Finlândia","NAME_RU":"Финляндия","NAME_SV":"Finland","NAME_TR":"Finlandiya","NAME_UK":"Фінляндія","NAME_UR":"فن لینڈ","NAME_VI":"Phần Lan","NAME_ZH":"芬兰","NAME_ZHT":"芬蘭","FCLASS_ISO":"Admin-0 country","TLC_DIFF":null,"FCLASS_TLC":"Admin-0 country","FCLASS_US":null,"FCLASS_FR":null,"FCLASS_RU":null,"FCLASS_ES":null,"FCLASS_CN":null,"FCLASS_TW":null,"FCLASS_IN":null,"FCLASS_NP":null,"FCLASS_PK":null,"FCLASS_DE":null,"FCLASS_GB":null,"FCLASS_BR":null,"FCLASS_IL":null,"FCLASS_PS":null,"FCLASS_SA":null,"FCLASS_EG":null,"FCLASS_MA":null,"FCLASS_PT":null,"FCLASS_AR":null,"FCLASS_JP":null,"FCLASS_KO":null,"FCLASS_VN":null,"FCLASS_TR":null,"FCLASS_ID":null,"FCLASS_PL":null,"FCLASS_GR":null,"FCLASS_IT":null,"FCLASS_NL":null,"FCLASS_SE":null,"FCLASS_BD":null,"FCLASS_UA":null},"geometry":{"type":"MultiPolygon","coordinates":[[],[],[],[],[],[],[],[]]}},{"type":"Feature","bbox":[-180,-21.705859,180,-12.476953],"properties":{"featurecla":"Admin-0 country","scalerank":1,"LABELRANK":6,"SOVEREIGNT":"Fiji","SOV_A3":"FJI","ADM0_DIF":0,"LEVEL":2,"TYPE":"Sovereign country","TLC":"1","ADMIN":"Fiji","ADM0_A3":"FJI","GEOU_DIF":0,"GEOUNIT":"Fiji","GU_A3":"FJI","SU_DIF":0,"SUBUNIT":"Fiji","SU_A3":"FJI","BRK_DIFF":0,"NAME":"Fiji","NAME_LONG":"Fiji","BRK_A3":"FJI","BRK_NAME":"Fiji","BRK_GROUP":null,"ABBREV":"Fiji","POSTAL":"FJ","FORMAL_EN":"Republic of Fiji","FORMAL_FR":null,"NAME_CIAWF":"Fiji","NOTE_ADM0":null,"NOTE_BRK":null,"NAME_SORT":"Fiji","NAME_ALT":null,"MAPCOLOR7":5,"MAPCOLOR8":1,"MAPCOLOR9":2,"MAPCOLOR13":2,"POP_EST":889953,"POP_RANK":11,"POP_YEAR":2019,"GDP_MD":5496,"GDP_YEAR":2019,"ECONOMY":"6. Developing region","INCOME_GRP":"4. Lower middle income","FIPS_10":"FJ","ISO_A2":"FJ","ISO_A2_EH":"FJ","ISO_A3":"FJI","ISO_A3_EH":"FJI","ISO_N3":"242","ISO_N3_EH":"242","UN_A3":"242","WB_A2":"FJ","WB_A3":"FJI","WOE_ID":23424813,"WOE_ID_EH":23424813,"WOE_NOTE":"Exact WOE match as country","ADM0_ISO":"FJI","ADM0_DIFF":null,"ADM0_TLC":"FJI","ADM0_A3_US":"FJI","ADM0_A3_FR":"FJI","ADM0_A3_RU":"FJI","ADM0_A3_ES":"FJI","ADM0_A3_CN":"FJI","ADM0_A3_TW":"FJI","ADM0_A3_IN":"FJI","ADM0_A3_NP":"FJI","ADM0_A3_PK":"FJI","ADM0_A3_DE":"FJI","ADM0_A3_GB":"FJI","ADM0_A3_BR":"FJI","ADM0_A3_IL":"FJI","ADM0_A3_PS":"FJI","ADM0_A3_SA":"FJI","ADM0_A3_EG":"FJI","ADM0_A3_MA":"FJI","ADM0_A3_PT":"FJI","ADM0_A3_AR":"FJI","ADM0_A3_JP":"FJI","ADM0_A3_KO":"FJI","ADM0_A3_VN":"FJI","ADM0_A3_TR":"FJI","ADM0_A3_ID":"FJI","ADM0_A3_PL":"FJI","ADM0_A3_GR":"FJI","ADM0_A3_IT":"FJI","ADM0_A3_NL":"FJI","ADM0_A3_SE":"FJI","ADM0_A3_BD":"FJI","ADM0_A3_UA":"FJI","ADM0_A3_UN":-99,"ADM0_A3_WB":-99,"CONTINENT":"Oceania","REGION_UN":"Oceania","SUBREGION":"Melanesia","REGION_WB":"East Asia & Pacific","NAME_LEN":4,"LONG_LEN":4,"ABBREV_LEN":4,"TINY":-99,"HOMEPART":1,"MIN_ZOOM":0,"MIN_LABEL":3,"MAX_LABEL":8,"LABEL_X":177.975427,"LABEL_Y":-17.826099,"NE_ID":1159320625,"WIKIDATAID":"Q712","NAME_AR":"فيجي","NAME_BN":"ফিজি","NAME_DE":"Fidschi","NAME_EN":"Fiji","NAME_ES":"Fiyi","NAME_FA":"فیجی","NAME_FR":"Fidji","NAME_EL":"Φίτζι","NAME_HE":"פיג'י","NAME_HI":"फ़िजी","NAME_HU":"Fidzsi-szigetek","NAME_ID":"Fiji","NAME_IT":"Figi","NAME_JA":"フィジー","NAME_KO":"피지","NAME_NL":"Fiji","NAME_PL":"Fidżi","NAME_PT":"Fiji","NAME_RU":"Фиджи","NAME_SV":"Fiji","NAME_TR":"Fiji","NAME_UK":"Фіджі","NAME_UR":"فجی","NAME_VI":"Fiji","NAME_ZH":"斐济","NAME_ZHT":"斐濟","FCLASS_ISO":"Admin-0 country","TLC_DIFF":null,"FCLASS_TLC":"Admin-0 country","FCLASS_US":null,"FCLASS_FR":null,"FCLASS_RU":null,"FCLASS_ES":null,"FCLASS_CN":null,"FCLASS_TW":null,"FCLASS_IN":null,"FCLASS_NP":null,"FCLASS_PK":null,"FCLASS_DE":null,"FCLASS_GB":null,"FCLASS_BR":null,"FCLASS_IL":null,"FCLASS_PS":null,"FCLASS_SA":null,"FCLASS_EG":null,"FCLASS_MA":null,"FCLASS_PT":null,"FCLASS_AR":null,"FCLASS_JP":null,"FCLASS_KO":null,"FCLASS_VN":null,"FCLASS_TR":null,"FCLASS_ID":null,"FCLASS_PL":null,"FCLASS_GR":null,"FCLASS_IT":null,"FCLASS_NL":null,"FCLASS_SE":null,"FCLASS_BD":null,"FCLASS_UA":null},"geometry":{"type":"MultiPolygon","coordinates":[[],[],[],[],[],[],[],[],[],[],[],[],[],[],[],[],[],[],[],[],[]]}},{"type":"Feature","bbox":[32.998926,3.456104,47.978223,14.852295],"properties":{"featurecla":"Admin-0 country","scalerank":1,"LABELRANK":2,"SOVEREIGNT":"Ethiopia","SOV_A3":"ETH","ADM0_DIF":0,"LEVEL":2,"TYPE":"Sovereign country","TLC":"1","ADMIN":"Ethiopia","ADM0_A3":"ETH","GEOU_DIF":0,"GEOUNIT":"Ethiopia","GU_A3":"ETH","SU_DIF":0,"SUBUNIT":"Ethiopia","SU_A3":"ETH","BRK_DIFF":0,"NAME":"Ethiopia","NAME_LONG":"Ethiopia","BRK_A3":"ETH","BRK_NAME":"Ethiopia","BRK_GROUP":null,"ABBREV":"Eth.","POSTAL":"ET","FORMAL_EN":"Federal Democratic Republic of Ethiopia","FORMAL_FR":null,"NAME_CIAWF":"Ethiopia","NOTE_ADM0":null,"NOTE_BRK":null,"NAME_SORT":"Ethiopia","NAME_ALT":null,"MAPCOLOR7":4,"MAPCOLOR8":4,"MAPCOLOR9":1,"MAPCOLOR13":13,"POP_EST":112078730,"POP_RANK":17,"POP_YEAR":2019,"GDP_MD":95912,"GDP_YEAR":2019,"ECONOMY":"7. Least developed region","INCOME_GRP":"5. Low income","FIPS_10":"ET","ISO_A2":"ET","ISO_A2_EH":"ET","ISO_A3":"ETH","ISO_A3_EH":"ETH","ISO_N3":"231","ISO_N3_EH":"231","UN_A3":"231","WB_A2":"ET","WB_A3":"ETH","WOE_ID":23424808,"WOE_ID_EH":23424808,"WOE_NOTE":"Exact WOE match as country","ADM0_ISO":"ETH","ADM0_DIFF":null,"ADM0_TLC":"ETH","ADM0_A3_US":"ETH","ADM0_A3_FR":"ETH","ADM0_A3_RU":"ETH","ADM0_A3_ES":"ETH","ADM0_A3_CN":"ETH","ADM0_A3_TW":"ETH","ADM0_A3_IN":"ETH","ADM0_A3_NP":"ETH","ADM0_A3_PK":"ETH","ADM0_A3_DE":"ETH","ADM0_A3_GB":"ETH","ADM0_A3_BR":"ETH","ADM0_A3_IL":"ETH","ADM0_A3_PS":"ETH","ADM0_A3_SA":"ETH","ADM0_A3_EG":"ETH","ADM0_A3_MA":"ETH","ADM0_A3_PT":"ETH","ADM0_A3_AR":"ETH","ADM0_A3_JP":"ETH","ADM0_A3_KO":"ETH","ADM0_A3_VN":"ETH","ADM0_A3_TR":"ETH","ADM0_A3_ID":"ETH","ADM0_A3_PL":"ETH","ADM0_A3_GR":"ETH","ADM0_A3_IT":"ETH","ADM0_A3_NL":"ETH","ADM0_A3_SE":"ETH","ADM0_A3_BD":"ETH","ADM0_A3_UA":"ETH","ADM0_A3_UN":-99,"ADM0_A3_WB":-99,"CONTINENT":"Africa","REGION_UN":"Africa","SUBREGION":"Eastern Africa","REGION_WB":"Sub-Saharan Africa","NAME_LEN":8,"LONG_LEN":8,"ABBREV_LEN":4,"TINY":-99,"HOMEPART":1,"MIN_ZOOM":0,"MIN_LABEL":2,"MAX_LABEL":7,"LABEL_X":39.0886,"LABEL_Y":8.032795,"NE_ID":1159320617,"WIKIDATAID":"Q115","NAME_AR":"إثيوبيا","NAME_BN":"ইথিওপিয়া","NAME_DE":"Äthiopien","NAME_EN":"Ethiopia","NAME_ES":"Etiopía","NAME_FA":"اتیوپی","NAME_FR":"Éthiopie","NAME_EL":"Αιθιοπία","NAME_HE":"אתיופיה","NAME_HI":"इथियोपिया","NAME_HU":"Etiópia","NAME_ID":"Ethiopia","NAME_IT":"Etiopia","NAME_JA":"エチオピア","NAME_KO":"에티오피아","NAME_NL":"Ethiopië","NAME_PL":"Etiopia","NAME_PT":"Etiópia","NAME_RU":"Эфиопия","NAME_SV":"Etiopien","NAME_TR":"Etiyopya","NAME_UK":"Ефіопія","NAME_UR":"ایتھوپیا","NAME_VI":"Ethiopia","NAME_ZH":"埃塞俄比亚","NAME_ZHT":"衣索比亞","FCLASS_ISO":"Admin-0 country","TLC_DIFF":null,"FCLASS_TLC":"Admin-0 country","FCLASS_US":null,"FCLASS_FR":null,"FCLASS_RU":null,"FCLASS_ES":null,"FCLASS_CN":null,"FCLASS_TW":null,"FCLASS_IN":null,"FCLASS_NP":null,"FCLASS_PK":null,"FCLASS_DE":null,"FCLASS_GB":null,"FCLASS_BR":null,"FCLASS_IL":null,"FCLASS_PS":null,"FCLASS_SA":null,"FCLASS_EG":null,"FCLASS_MA":null,"FCLASS_PT":null,"FCLASS_AR":null,"FCLASS_JP":null,"FCLASS_KO":null,"FCLASS_VN":null,"FCLASS_TR":null,"FCLASS_ID":null,"FCLASS_PL":null,"FCLASS_GR":null,"FCLASS_IT":null,"FCLASS_NL":null,"FCLASS_SE":null,"FCLASS_BD":null,"FCLASS_UA":null},"geometry":{"type":"Polygon","coordinates":[[[35.268359,5.492285],[35.252441,5.511035],[35.164453,5.581201],[35.081934,5.673145],[35.031934,5.774902],[34.983594,5.858301],[34.958984,6.045068],[34.897852,6.159814],[34.838086,6.300146],[34.749219,6.567871],[34.710645,6.660303],[34.63877,6.722168],[34.562793,6.779834],[34.484375,6.898389],[34.279297,7.002832],[34.200391,7.08457],[34.064258,7.225732],[34.030176,7.296973],[34.02041,7.367969],[33.97793,7.43457],[33.902441,7.509521],[33.666113,7.670996],[33.600977,7.69043],[33.516309,7.707764],[33.392285,7.72373],[33.225977,7.760645],[33.080762,7.82373],[33.014648,7.868555],[32.998926,7.899512],[33.012598,7.951514],[33.065234,8.040479],[33.165234,8.251074],[33.234277,8.396387],[33.281055,8.437256],[33.409375,8.447754],[33.545313,8.443408],[33.644824,8.432568],[33.785059,8.431104],[33.95332,8.443506],[34.019727,8.49209],[34.072754,8.545264],[34.094531,8.582227],[34.101758,8.676367],[34.101562,8.751855],[34.091016,9.04126],[34.08457,9.218506],[34.077148,9.420996],[34.078125,9.461523],[34.079297,9.513477],[34.120313,9.729687],[34.159082,9.853418],[34.185254,9.918555],[34.291504,10.124756],[34.31123,10.190869],[34.314844,10.251562],[34.275684,10.528125],[34.343945,10.658643],[34.431445,10.787842],[34.508008,10.842871],[34.571875,10.880176],[34.601758,10.864551],[34.675,10.804932],[34.771289,10.746191],[34.816211,10.75918],[34.882324,10.810547],[34.931445,10.864795],[34.924902,10.962109],[34.969141,11.161768],[34.960742,11.276758],[35.00791,11.419873],[35.059668,11.621045],[35.082715,11.748291],[35.112305,11.816553],[35.252441,11.957031],[35.372754,12.155566],[35.449609,12.300586],[35.596094,12.537305],[35.670215,12.62373],[35.730566,12.661035],[35.820605,12.684863],[35.987598,12.706299],[36.10752,12.726465],[36.125195,12.757031],[36.135352,12.805322],[36.137109,12.911133],[36.160156,13.093311],[36.212207,13.271094],[36.273535,13.405762],[36.306836,13.466846],[36.346289,13.52627],[36.390625,13.626074],[36.44707,13.842041],[36.443945,13.988428],[36.524316,14.256836],[36.542383,14.258203],[36.679102,14.307568],[36.811914,14.315039],[36.940723,14.280566],[37.024512,14.271973],[37.063477,14.289258],[37.099414,14.333984],[37.132617,14.406055],[37.185156,14.445996],[37.257227,14.45376],[37.353711,14.372461],[37.507227,14.156396],[37.546777,14.143848],[37.571191,14.149072],[37.648438,14.322559],[37.708398,14.457227],[37.820312,14.708496],[37.88418,14.852295],[37.943457,14.810547],[38.002539,14.737109],[38.069922,14.702734],[38.141992,14.681494],[38.177051,14.678809],[38.221484,14.649658],[38.376953,14.47041],[38.431445,14.428613],[38.504395,14.424414],[38.812012,14.482324],[38.995703,14.586865],[39.023828,14.628223],[39.074219,14.628223],[39.135449,14.581885],[39.158594,14.5375],[39.198047,14.479395],[39.270117,14.470312],[39.446094,14.511865],[39.531836,14.536719],[39.604883,14.516064],[39.697949,14.499023],[39.756152,14.499023],[39.895117,14.440674],[40.062109,14.459131],[40.140625,14.456055],[40.221484,14.431152],[40.353125,14.338086],[40.524414,14.225195],[40.769531,14.144482],[40.820117,14.11167],[40.938574,13.983105],[41.122363,13.736133],[41.362891,13.499805],[41.625,13.313232],[41.765039,13.183936],[41.85957,13.025879],[41.952148,12.882324],[42.046582,12.820605],[42.134277,12.771436],[42.225,12.661963],[42.289941,12.570215],[42.378516,12.466406],[42.280371,12.324268],[42.149121,12.134131],[41.995898,11.912354],[41.949609,11.857861],[41.815625,11.723779],[41.792676,11.686035],[41.766504,11.589111],[41.764648,11.412891],[41.782031,11.187793],[41.798242,10.980469],[41.872168,10.955811],[41.957422,10.941016],[42.052148,10.968359],[42.166211,10.991602],[42.308105,11.005225],[42.465137,11.04707],[42.557715,11.080762],[42.65498,11.07832],[42.741211,11.042383],[42.783008,11.009277],[42.844141,10.997949],[42.922754,10.999316],[42.906152,10.960254],[42.862891,10.903223],[42.809766,10.845996],[42.763086,10.786914],[42.65957,10.621387],[42.656445,10.6],[42.669238,10.567578],[42.725195,10.491748],[42.783691,10.369629],[42.816406,10.257373],[42.841602,10.203076],[42.9125,10.14082],[43.014746,10.012598],[43.068945,9.926221],[43.181641,9.87998],[43.218457,9.770166],[43.303125,9.609082],[43.394336,9.480273],[43.48252,9.379492],[43.581055,9.340723],[43.620508,9.337402],[43.826758,9.150781],[43.983789,9.008838],[44.022852,8.986035],[44.30625,8.893066],[44.632031,8.786084],[44.893555,8.700195],[45.226953,8.59082],[45.555469,8.483008],[45.863281,8.379883],[46.295996,8.234961],[46.644727,8.118164],[46.919531,8.026123],[46.978223,7.99707],[47.305664,7.99707],[47.637695,7.99707],[47.978223,7.99707],[47.731641,7.759326],[47.452832,7.490479],[47.159766,7.207861],[46.971191,7.026025],[46.671777,6.737256],[46.422949,6.497266],[46.166797,6.234668],[45.934961,5.997217],[45.633594,5.668262],[45.438477,5.45542],[45.132812,5.12168],[44.940527,4.912012],[44.911621,4.899902],[44.636621,4.915771],[44.369531,4.931201],[44.028125,4.950977],[43.988867,4.950537],[43.889453,4.930762],[43.829199,4.911426],[43.583496,4.85498],[43.538281,4.840332],[43.333984,4.750391],[43.125684,4.644482],[43.016016,4.56333],[42.930957,4.445312],[42.894727,4.361084],[42.856641,4.324219],[42.791602,4.291992],[42.355176,4.212256],[42.228418,4.20166],[42.024121,4.137939],[41.915332,4.031299],[41.883984,3.977734],[41.737695,3.979053],[41.481934,3.963281],[41.372461,3.946191],[41.318945,3.943066],[41.220898,3.943555],[41.14043,3.962988],[41.087207,3.991943],[41.020801,4.057471],[40.872656,4.190332],[40.765234,4.273047],[40.528711,4.177637],[40.316016,4.082715],[40.01416,3.947949],[39.842188,3.851465],[39.790332,3.754248],[39.65752,3.577832],[39.538867,3.469189],[39.494434,3.456104],[39.225488,3.47876],[39.12832,3.500879],[38.967773,3.520605],[38.752734,3.558984],[38.608008,3.600098],[38.451563,3.604834],[38.225293,3.618994],[38.086133,3.648828],[37.944922,3.746729],[37.762891,3.864648],[37.575488,3.985937],[37.38252,4.11084],[37.15459,4.254541],[36.905566,4.411475],[36.848242,4.427344],[36.823633,4.430127],[36.553027,4.437256],[36.271875,4.444727],[36.081934,4.449707],[36.021973,4.468115],[35.978711,4.503809],[35.919824,4.619824],[35.845605,4.702637],[35.763086,4.808008],[35.756152,4.950488],[35.779297,5.105566],[35.800293,5.156934],[35.788477,5.208105],[35.791406,5.278564],[35.74502,5.343994],[35.468652,5.419092],[35.424023,5.413281],[35.37793,5.385156],[35.325293,5.364893],[35.287598,5.384082],[35.264648,5.412061],[35.263867,5.45791],[35.268359,5.492285]]]}},{"type":"Feature","bbox":[21.854492,57.525488,28.151074,59.639014],"properties":{"featurecla":"Admin-0 country","scalerank":1,"LABELRANK":6,"SOVEREIGNT":"Estonia","SOV_A3":"EST","ADM0_DIF":0,"LEVEL":2,"TYPE":"Sovereign country","TLC":"1","ADMIN":"Estonia","ADM0_A3":"EST","GEOU_DIF":0,"GEOUNIT":"Estonia","GU_A3":"EST","SU_DIF":0,"SUBUNIT":"Estonia","SU_A3":"EST","BRK_DIFF":0,"NAME":"Estonia","NAME_LONG":"Estonia","BRK_A3":"EST","BRK_NAME":"Estonia","BRK_GROUP":null,"ABBREV":"Est.","POSTAL":"EST","FORMAL_EN":"Republic of Estonia","FORMAL_FR":null,"NAME_CIAWF":"Estonia","NOTE_ADM0":null,"NOTE_BRK":null,"NAME_SORT":"Estonia","NAME_ALT":null,"MAPCOLOR7":3,"MAPCOLOR8":2,"MAPCOLOR9":1,"MAPCOLOR13":10,"POP_EST":1326590,"POP_RANK":12,"POP_YEAR":2019,"GDP_MD":31471,"GDP_YEAR":2019,"ECONOMY":"2. Developed region: nonG7","INCOME_GRP":"1. High income: OECD","FIPS_10":"EN","ISO_A2":"EE","ISO_A2_EH":"EE","ISO_A3":"EST","ISO_A3_EH":"EST","ISO_N3":"233","ISO_N3_EH":"233","UN_A3":"233","WB_A2":"EE","WB_A3":"EST","WOE_ID":23424805,"WOE_ID_EH":23424805,"WOE_NOTE":"Exact WOE match as country","ADM0_ISO":"EST","ADM0_DIFF":null,"ADM0_TLC":"EST","ADM0_A3_US":"EST","ADM0_A3_FR":"EST","ADM0_A3_RU":"EST","ADM0_A3_ES":"EST","ADM0_A3_CN":"EST","ADM0_A3_TW":"EST","ADM0_A3_IN":"EST","ADM0_A3_NP":"EST","ADM0_A3_PK":"EST","ADM0_A3_DE":"EST","ADM0_A3_GB":"EST","ADM0_A3_BR":"EST","ADM0_A3_IL":"EST","ADM0_A3_PS":"EST","ADM0_A3_SA":"EST","ADM0_A3_EG":"EST","ADM0_A3_MA":"EST","ADM0_A3_PT":"EST","ADM0_A3_AR":"EST","ADM0_A3_JP":"EST","ADM0_A3_KO":"EST","ADM0_A3_VN":"EST","ADM0_A3_TR":"EST","ADM0_A3_ID":"EST","ADM0_A3_PL":"EST","ADM0_A3_GR":"EST","ADM0_A3_IT":"EST","ADM0_A3_NL":"EST","ADM0_A3_SE":"EST","ADM0_A3_BD":"EST","ADM0_A3_UA":"EST","ADM0_A3_UN":-99,"ADM0_A3_WB":-99,"CONTINENT":"Europe","REGION_UN":"Europe","SUBREGION":"Northern Europe","REGION_WB":"Europe & Central Asia","NAME_LEN":7,"LONG_LEN":7,"ABBREV_LEN":4,"TINY":-99,"HOMEPART":1,"MIN_ZOOM":0,"MIN_LABEL":3,"MAX_LABEL":8,"LABEL_X":25.867126,"LABEL_Y":58.724865,"NE_ID":1159320615,"WIKIDATAID":"Q191","NAME_AR":"إستونيا","NAME_BN":"এস্তোনিয়া","NAME_DE":"Estland","NAME_EN":"Estonia","NAME_ES":"Estonia","NAME_FA":"استونی","NAME_FR":"Estonie","NAME_EL":"Εσθονία","NAME_HE":"אסטוניה","NAME_HI":"एस्टोनिया","NAME_HU":"Észtország","NAME_ID":"Estonia","NAME_IT":"Estonia","NAME_JA":"エストニア","NAME_KO":"에스토니아","NAME_NL":"Estland","NAME_PL":"Estonia","NAME_PT":"Estónia","NAME_RU":"Эстония","NAME_SV":"Estland","NAME_TR":"Estonya","NAME_UK":"Естонія","NAME_UR":"استونیا","NAME_VI":"Estonia","NAME_ZH":"爱沙尼亚","NAME_ZHT":"愛沙尼亞","FCLASS_ISO":"Admin-0 country","TLC_DIFF":null,"FCLASS_TLC":"Admin-0 country","FCLASS_US":null,"FCLASS_FR":null,"FCLASS_RU":null,"FCLASS_ES":null,"FCLASS_CN":null,"FCLASS_TW":null,"FCLASS_IN":null,"FCLASS_NP":null,"FCLASS_PK":null,"FCLASS_DE":null,"FCLASS_GB":null,"FCLASS_BR":null,"FCLASS_IL":null,"FCLASS_PS":null,"FCLASS_SA":null,"FCLASS_EG":null,"FCLASS_MA":null,"FCLASS_PT":null,"FCLASS_AR":null,"FCLASS_JP":null,"FCLASS_KO":null,"FCLASS_VN":null,"FCLASS_TR":null,"FCLASS_ID":null,"FCLASS_PL":null,"FCLASS_GR":null,"FCLASS_IT":null,"FCLASS_NL":null,"FCLASS_SE":null,"FCLASS_BD":null,"FCLASS_UA":null},"geometry":{"type":"MultiPolygon","coordinates":[[],[],[],[]]}},{"type":"Feature","bbox":[36.426758,12.376562,43.116699,18.005078],"properties":{"featurecla":"Admin-0 country","scalerank":1,"LABELRANK":4,"SOVEREIGNT":"Eritrea","SOV_A3":"ERI","ADM0_DIF":0,"LEVEL":2,"TYPE":"Sovereign country","TLC":"1","ADMIN":"Eritrea","ADM0_A3":"ERI","GEOU_DIF":0,"GEOUNIT":"Eritrea","GU_A3":"ERI","SU_DIF":0,"SUBUNIT":"Eritrea","SU_A3":"ERI","BRK_DIFF":0,"NAME":"Eritrea","NAME_LONG":"Eritrea","BRK_A3":"ERI","BRK_NAME":"Eritrea","BRK_GROUP":null,"ABBREV":"Erit.","POSTAL":"ER","FORMAL_EN":"State of Eritrea","FORMAL_FR":null,"NAME_CIAWF":"Eritrea","NOTE_ADM0":null,"NOTE_BRK":null,"NAME_SORT":"Eritrea","NAME_ALT":null,"MAPCOLOR7":3,"MAPCOLOR8":1,"MAPCOLOR9":2,"MAPCOLOR13":12,"POP_EST":6081196,"POP_RANK":13,"POP_YEAR":2020,"GDP_MD":2065,"GDP_YEAR":2011,"ECONOMY":"7. Least developed region","INCOME_GRP":"5. Low income","FIPS_10":"ER","ISO_A2":"ER","ISO_A2_EH":"ER","ISO_A3":"ERI","ISO_A3_EH":"ERI","ISO_N3":"232","ISO_N3_EH":"232","UN_A3":"232","WB_A2":"ER","WB_A3":"ERI","WOE_ID":23424806,"WOE_ID_EH":23424806,"WOE_NOTE":"Exact WOE match as country","ADM0_ISO":"ERI","ADM0_DIFF":null,"ADM0_TLC":"ERI","ADM0_A3_US":"ERI","ADM0_A3_FR":"ERI","ADM0_A3_RU":"ERI","ADM0_A3_ES":"ERI","ADM0_A3_CN":"ERI","ADM0_A3_TW":"ERI","ADM0_A3_IN":"ERI","ADM0_A3_NP":"ERI","ADM0_A3_PK":"ERI","ADM0_A3_DE":"ERI","ADM0_A3_GB":"ERI","ADM0_A3_BR":"ERI","ADM0_A3_IL":"ERI","ADM0_A3_PS":"ERI","ADM0_A3_SA":"ERI","ADM0_A3_EG":"ERI","ADM0_A3_MA":"ERI","ADM0_A3_PT":"ERI","ADM0_A3_AR":"ERI","ADM0_A3_JP":"ERI","ADM0_A3_KO":"ERI","ADM0_A3_VN":"ERI","ADM0_A3_TR":"ERI","ADM0_A3_ID":"ERI","ADM0_A3_PL":"ERI","ADM0_A3_GR":"ERI","ADM0_A3_IT":"ERI","ADM0_A3_NL":"ERI","ADM0_A3_SE":"ERI","ADM0_A3_BD":"ERI","ADM0_A3_UA":"ERI","ADM0_A3_UN":-99,"ADM0_A3_WB":-99,"CONTINENT":"Africa","REGION_UN":"Africa","SUBREGION":"Eastern Africa","REGION_WB":"Sub-Saharan Africa","NAME_LEN":7,"LONG_LEN":7,"ABBREV_LEN":5,"TINY":-99,"HOMEPART":1,"MIN_ZOOM":0,"MIN_LABEL":4,"MAX_LABEL":9,"LABEL_X":38.285566,"LABEL_Y":15.787401,"NE_ID":1159320581,"WIKIDATAID":"Q986","NAME_AR":"إريتريا","NAME_BN":"ইরিত্রিয়া","NAME_DE":"Eritrea","NAME_EN":"Eritrea","NAME_ES":"Eritrea","NAME_FA":"اریتره","NAME_FR":"Érythrée","NAME_EL":"Ερυθραία","NAME_HE":"אריתריאה","NAME_HI":"इरित्रिया","NAME_HU":"Eritrea","NAME_ID":"Eritrea","NAME_IT":"Eritrea","NAME_JA":"エリトリア","NAME_KO":"에리트레아","NAME_NL":"Eritrea","NAME_PL":"Erytrea","NAME_PT":"Eritreia","NAME_RU":"Эритрея","NAME_SV":"Eritrea","NAME_TR":"Eritre","NAME_UK":"Еритрея","NAME_UR":"اریتریا","NAME_VI":"Eritrea","NAME_ZH":"厄立特里亚","NAME_ZHT":"厄利垂亞","FCLASS_ISO":"Admin-0 country","TLC_DIFF":null,"FCLASS_TLC":"Admin-0 country","FCLASS_US":null,"FCLASS_FR":null,"FCLASS_RU":null,"FCLASS_ES":null,"FCLASS_CN":null,"FCLASS_TW":null,"FCLASS_IN":null,"FCLASS_NP":null,"FCLASS_PK":null,"FCLASS_DE":null,"FCLASS_GB":null,"FCLASS_BR":null,"FCLASS_IL":null,"FCLASS_PS":null,"FCLASS_SA":null,"FCLASS_EG":null,"FCLASS_MA":null,"FCLASS_PT":null,"FCLASS_AR":null,"FCLASS_JP":null,"FCLASS_KO":null,"FCLASS_VN":null,"FCLASS_TR":null,"FCLASS_ID":null,"FCLASS_PL":null,"FCLASS_GR":null,"FCLASS_IT":null,"FCLASS_NL":null,"FCLASS_SE":null,"FCLASS_BD":null,"FCLASS_UA":null},"geometry":{"type":"MultiPolygon","coordinates":[[[[36.524316,14.256836],[36.492285,14.544336],[36.470801,14.736475],[36.448145,14.940088],[36.426758,15.13208],[36.521777,15.250146],[36.566016,15.362109],[36.679199,15.726367],[36.724512,15.798877],[36.813477,15.993945],[36.825879,16.050293],[36.91377,16.296191],[36.905469,16.459521],[36.887793,16.624658],[36.935742,16.722363],[36.978711,16.800586],[36.975781,16.866553],[36.995215,17.020557],[37.008984,17.058887],[37.061523,17.061279],[37.169531,17.041406],[37.248828,17.056885],[37.34043,17.05708],[37.411035,17.061719],[37.45293,17.108691],[37.510156,17.288135],[37.547461,17.324121],[37.575977,17.33501],[37.656738,17.368262],[37.725977,17.420508],[37.782422,17.458008],[37.80332,17.465527],[37.862988,17.470264],[37.922559,17.492334],[37.950098,17.517676],[38.025293,17.537793],[38.098926,17.526465],[38.148535,17.548535],[38.181543,17.562842],[38.219043,17.563965],[38.253516,17.584766],[38.267285,17.616699],[38.289844,17.637012],[38.347363,17.683594],[38.37373,17.717334],[38.385547,17.75127],[38.397168,17.778369],[38.422461,17.823926],[38.522852,17.938525],[38.609473,18.005078],[38.911719,17.427148],[39.034473,17.085547],[39.142578,16.72915],[39.222559,16.193701],[39.298926,15.921094],[39.422266,15.78667],[39.506543,15.532129],[39.578809,15.52251],[39.63125,15.452539],[39.720801,15.213672],[39.785547,15.124854],[39.819434,15.20127],[39.815625,15.245312],[39.790332,15.318848],[39.813477,15.413574],[39.86377,15.470312],[39.97832,15.393115],[40.041016,15.334521],[40.057813,15.21709],[40.084082,15.151953],[40.204102,15.014111],[40.305273,14.974023],[40.436523,14.963965],[40.546289,14.933594],[40.634375,14.883008],[40.799316,14.743018],[41.176465,14.620312],[41.479688,14.243896],[41.658203,13.983057],[42.245117,13.587646],[42.346484,13.398096],[42.399316,13.212598],[42.522852,13.221484],[42.734473,13.018604],[42.796191,12.864258],[42.969531,12.80835],[42.999023,12.899512],[43.08291,12.824609],[43.116699,12.708594],[43.005664,12.662305],[42.883301,12.621289],[42.865918,12.622803],[42.825293,12.569336],[42.76748,12.422852],[42.703711,12.380322],[42.670117,12.376562],[42.479395,12.513623],[42.45,12.521338],[42.408594,12.494385],[42.378516,12.466406],[42.289941,12.570215],[42.225,12.661963],[42.134277,12.771436],[42.046582,12.820605],[41.952148,12.882324],[41.85957,13.025879],[41.765039,13.183936],[41.625,13.313232],[41.362891,13.499805],[41.122363,13.736133],[40.938574,13.983105],[40.820117,14.11167],[40.769531,14.144482],[40.524414,14.225195],[40.353125,14.338086],[40.221484,14.431152],[40.140625,14.456055],[40.062109,14.459131],[39.895117,14.440674],[39.756152,14.499023],[39.697949,14.499023],[39.604883,14.516064],[39.531836,14.536719],[39.446094,14.511865],[39.270117,14.470312],[39.198047,14.479395],[39.158594,14.5375],[39.135449,14.581885],[39.074219,14.628223],[39.023828,14.628223],[38.995703,14.586865],[38.812012,14.482324],[38.504395,14.424414],[38.431445,14.428613],[38.376953,14.47041],[38.221484,14.649658],[38.177051,14.678809],[38.141992,14.681494],[38.069922,14.702734],[38.002539,14.737109],[37.943457,14.810547],[37.88418,14.852295],[37.820312,14.708496],[37.708398,14.457227],[37.648438,14.322559],[37.571191,14.149072],[37.546777,14.143848],[37.507227,14.156396],[37.353711,14.372461],[37.257227,14.45376],[37.185156,14.445996],[37.132617,14.406055],[37.099414,14.333984],[37.063477,14.289258],[37.024512,14.271973],[36.940723,14.280566],[36.811914,14.315039],[36.679102,14.307568],[36.542383,14.258203],[36.524316,14.256836]]],[[[40.076465,16.082422],[40.110059,15.985742],[40.012402,16.022656],[39.996094,16.042676],[40.039062,16.080957],[40.048145,16.104492],[40.076465,16.082422]]],[[[40.141211,15.696143],[40.18252,15.64292],[40.211426,15.648145],[40.234082,15.665869],[40.250098,15.703467],[40.408203,15.629199],[40.399023,15.579883],[40.304688,15.577344],[40.195801,15.598145],[40.095117,15.590918],[39.975195,15.612451],[39.947461,15.696143],[40.023926,15.655615],[40.063477,15.665869],[40.070508,15.676611],[40.016309,15.733252],[39.939941,15.744531],[39.945215,15.789062],[39.979395,15.806592],[40.000488,15.828271],[39.956738,15.889404],[40.042578,15.875488],[40.096777,15.838477],[40.132422,15.795264],[40.141211,15.696143]]]]}},{"type":"Feature","bbox":[8.434277,0.960107,11.335352,3.758301],"properties":{"featurecla":"Admin-0 country","scalerank":1,"LABELRANK":4,"SOVEREIGNT":"Equatorial Guinea","SOV_A3":"GNQ","ADM0_DIF":0,"LEVEL":2,"TYPE":"Sovereign country","TLC":"1","ADMIN":"Equatorial Guinea","ADM0_A3":"GNQ","GEOU_DIF":0,"GEOUNIT":"Equatorial Guinea","GU_A3":"GNQ","SU_DIF":0,"SUBUNIT":"Equatorial Guinea","SU_A3":"GNQ","BRK_DIFF":0,"NAME":"Eq. Guinea","NAME_LONG":"Equatorial Guinea","BRK_A3":"GNQ","BRK_NAME":"Eq. Guinea","BRK_GROUP":null,"ABBREV":"Eq. G.","POSTAL":"GQ","FORMAL_EN":"Republic of Equatorial Guinea","FORMAL_FR":null,"NAME_CIAWF":"Equatorial Guinea","NOTE_ADM0":null,"NOTE_BRK":null,"NAME_SORT":"Equatorial Guinea","NAME_ALT":null,"MAPCOLOR7":4,"MAPCOLOR8":1,"MAPCOLOR9":4,"MAPCOLOR13":8,"POP_EST":1355986,"POP_RANK":12,"POP_YEAR":2019,"GDP_MD":11026,"GDP_YEAR":2019,"ECONOMY":"7. Least developed region","INCOME_GRP":"2. High income: nonOECD","FIPS_10":"EK","ISO_A2":"GQ","ISO_A2_EH":"GQ","ISO_A3":"GNQ","ISO_A3_EH":"GNQ","ISO_N3":"226","ISO_N3_EH":"226","UN_A3":"226","WB_A2":"GQ","WB_A3":"GNQ","WOE_ID":23424804,"WOE_ID_EH":23424804,"WOE_NOTE":"Exact WOE match as country","ADM0_ISO":"GNQ","ADM0_DIFF":null,"ADM0_TLC":"GNQ","ADM0_A3_US":"GNQ","ADM0_A3_FR":"GNQ","ADM0_A3_RU":"GNQ","ADM0_A3_ES":"GNQ","ADM0_A3_CN":"GNQ","ADM0_A3_TW":"GNQ","ADM0_A3_IN":"GNQ","ADM0_A3_NP":"GNQ","ADM0_A3_PK":"GNQ","ADM0_A3_DE":"GNQ","ADM0_A3_GB":"GNQ","ADM0_A3_BR":"GNQ","ADM0_A3_IL":"GNQ","ADM0_A3_PS":"GNQ","ADM0_A3_SA":"GNQ","ADM0_A3_EG":"GNQ","ADM0_A3_MA":"GNQ","ADM0_A3_PT":"GNQ","ADM0_A3_AR":"GNQ","ADM0_A3_JP":"GNQ","ADM0_A3_KO":"GNQ","ADM0_A3_VN":"GNQ","ADM0_A3_TR":"GNQ","ADM0_A3_ID":"GNQ","ADM0_A3_PL":"GNQ","ADM0_A3_GR":"GNQ","ADM0_A3_IT":"GNQ","ADM0_A3_NL":"GNQ","ADM0_A3_SE":"GNQ","ADM0_A3_BD":"GNQ","ADM0_A3_UA":"GNQ","ADM0_A3_UN":-99,"ADM0_A3_WB":-99,"CONTINENT":"Africa","REGION_UN":"Africa","SUBREGION":"Middle Africa","REGION_WB":"Sub-Saharan Africa","NAME_LEN":10,"LONG_LEN":17,"ABBREV_LEN":6,"TINY":-99,"HOMEPART":1,"MIN_ZOOM":0,"MIN_LABEL":4,"MAX_LABEL":9,"LABEL_X":8.9902,"LABEL_Y":2.333,"NE_ID":1159320801,"WIKIDATAID":"Q983","NAME_AR":"غينيا الاستوائية","NAME_BN":"বিষুবীয় গিনি","NAME_DE":"Äquatorialguinea","NAME_EN":"Equatorial Guinea","NAME_ES":"Guinea Ecuatorial","NAME_FA":"گینه استوایی","NAME_FR":"Guinée équatoriale","NAME_EL":"Ισημερινή Γουινέα","NAME_HE":"גינאה המשוונית","NAME_HI":"भूमध्यरेखीय गिनी","NAME_HU":"Egyenlítői-Guinea","NAME_ID":"Guinea Khatulistiwa","NAME_IT":"Guinea Equatoriale","NAME_JA":"赤道ギニア","NAME_KO":"적도 기니","NAME_NL":"Equatoriaal-Guinea","NAME_PL":"Gwinea Równikowa","NAME_PT":"Guiné Equatorial","NAME_RU":"Экваториальная Гвинея","NAME_SV":"Ekvatorialguinea","NAME_TR":"Ekvator Ginesi","NAME_UK":"Екваторіальна Гвінея","NAME_UR":"استوائی گنی","NAME_VI":"Guinea Xích Đạo","NAME_ZH":"赤道几内亚","NAME_ZHT":"赤道幾內亞","FCLASS_ISO":"Admin-0 country","TLC_DIFF":null,"FCLASS_TLC":"Admin-0 country","FCLASS_US":null,"FCLASS_FR":null,"FCLASS_RU":null,"FCLASS_ES":null,"FCLASS_CN":null,"FCLASS_TW":null,"FCLASS_IN":null,"FCLASS_NP":null,"FCLASS_PK":null,"FCLASS_DE":null,"FCLASS_GB":null,"FCLASS_BR":null,"FCLASS_IL":null,"FCLASS_PS":null,"FCLASS_SA":null,"FCLASS_EG":null,"FCLASS_MA":null,"FCLASS_PT":null,"FCLASS_AR":null,"FCLASS_JP":null,"FCLASS_KO":null,"FCLASS_VN":null,"FCLASS_TR":null,"FCLASS_ID":null,"FCLASS_PL":null,"FCLASS_GR":null,"FCLASS_IT":null,"FCLASS_NL":null,"FCLASS_SE":null,"FCLASS_BD":null,"FCLASS_UA":null},"geometry":{"type":"MultiPolygon","coordinates":[[[[8.735742,3.758301],[8.760449,3.754346],[8.910059,3.758203],[8.950684,3.705322],[8.946094,3.627539],[8.792188,3.400391],[8.763477,3.304639],[8.704004,3.223633],[8.652344,3.21709],[8.474902,3.264648],[8.444922,3.293506],[8.434277,3.332422],[8.451758,3.4229],[8.464648,3.450586],[8.549805,3.467627],[8.577246,3.482373],[8.622754,3.57998],[8.637695,3.668848],[8.675879,3.735937],[8.735742,3.758301]]],[[[11.328711,2.167432],[11.330078,1.935889],[11.331152,1.740186],[11.332324,1.528369],[11.333594,1.307617],[11.334668,1.120752],[11.335352,0.999707],[11.130664,1.000391],[10.858887,1.00127],[10.587207,1.002148],[10.31543,1.003076],[10.178906,1.003564],[10.028516,1.004004],[9.979785,0.997705],[9.94668,0.967139],[9.906738,0.960107],[9.860352,0.98623],[9.803906,0.99873],[9.788672,1.025684],[9.760547,1.074707],[9.70459,1.07998],[9.676465,1.074707],[9.636133,1.04668],[9.59082,1.031982],[9.599414,1.054443],[9.509863,1.114795],[9.445312,1.120654],[9.385938,1.139258],[9.434082,1.296387],[9.494238,1.435303],[9.584277,1.540234],[9.632129,1.565527],[9.647656,1.617578],[9.718848,1.788672],[9.807031,1.92749],[9.779688,2.068213],[9.800781,2.304443],[9.826172,2.297803],[9.830371,2.275488],[9.836914,2.242383],[9.870117,2.213281],[9.979883,2.167773],[10.307031,2.167725],[10.502246,2.167627],[10.790918,2.167578],[11.096582,2.16748],[11.328711,2.167432]]]]}},{"type":"Feature","bbox":[24.703223,21.994873,36.871387,31.65498],"properties":{"featurecla":"Admin-0 country","scalerank":1,"LABELRANK":2,"SOVEREIGNT":"Egypt","SOV_A3":"EGY","ADM0_DIF":0,"LEVEL":2,"TYPE":"Sovereign country","TLC":"1","ADMIN":"Egypt","ADM0_A3":"EGY","GEOU_DIF":0,"GEOUNIT":"Egypt","GU_A3":"EGY","SU_DIF":0,"SUBUNIT":"Egypt","SU_A3":"EGY","BRK_DIFF":0,"NAME":"Egypt","NAME_LONG":"Egypt","BRK_A3":"EGY","BRK_NAME":"Egypt","BRK_GROUP":null,"ABBREV":"Egypt","POSTAL":"EG","FORMAL_EN":"Arab Republic of Egypt","FORMAL_FR":null,"NAME_CIAWF":"Egypt","NOTE_ADM0":null,"NOTE_BRK":null,"NAME_SORT":"Egypt, Arab Rep.","NAME_ALT":null,"MAPCOLOR7":4,"MAPCOLOR8":6,"MAPCOLOR9":7,"MAPCOLOR13":2,"POP_EST":100388073,"POP_RANK":17,"POP_YEAR":2019,"GDP_MD":303092,"GDP_YEAR":2019,"ECONOMY":"5. Emerging region: G20","INCOME_GRP":"4. Lower middle income","FIPS_10":"EG","ISO_A2":"EG","ISO_A2_EH":"EG","ISO_A3":"EGY","ISO_A3_EH":"EGY","ISO_N3":"818","ISO_N3_EH":"818","UN_A3":"818","WB_A2":"EG","WB_A3":"EGY","WOE_ID":23424802,"WOE_ID_EH":23424802,"WOE_NOTE":"Exact WOE match as country","ADM0_ISO":"EGY","ADM0_DIFF":null,"ADM0_TLC":"EGY","ADM0_A3_US":"EGY","ADM0_A3_FR":"EGY","ADM0_A3_RU":"EGY","ADM0_A3_ES":"EGY","ADM0_A3_CN":"EGY","ADM0_A3_TW":"EGY","ADM0_A3_IN":"EGY","ADM0_A3_NP":"EGY","ADM0_A3_PK":"EGY","ADM0_A3_DE":"EGY","ADM0_A3_GB":"EGY","ADM0_A3_BR":"EGY","ADM0_A3_IL":"EGY","ADM0_A3_PS":"EGY","ADM0_A3_SA":"EGY","ADM0_A3_EG":"EGY","ADM0_A3_MA":"EGY","ADM0_A3_PT":"EGY","ADM0_A3_AR":"EGY","ADM0_A3_JP":"EGY","ADM0_A3_KO":"EGY","ADM0_A3_VN":"EGY","ADM0_A3_TR":"EGY","ADM0_A3_ID":"EGY","ADM0_A3_PL":"EGY","ADM0_A3_GR":"EGY","ADM0_A3_IT":"EGY","ADM0_A3_NL":"EGY","ADM0_A3_SE":"EGY","ADM0_A3_BD":"EGY","ADM0_A3_UA":"EGY","ADM0_A3_UN":-99,"ADM0_A3_WB":-99,"CONTINENT":"Africa","REGION_UN":"Africa","SUBREGION":"Northern Africa","REGION_WB":"Middle East & North Africa","NAME_LEN":5,"LONG_LEN":5,"ABBREV_LEN":5,"TINY":-99,"HOMEPART":1,"MIN_ZOOM":0,"MIN_LABEL":1.7,"MAX_LABEL":6.7,"LABEL_X":29.445837,"LABEL_Y":26.186173,"NE_ID":1159320575,"WIKIDATAID":"Q79","NAME_AR":"مصر","NAME_BN":"মিশর","NAME_DE":"Ägypten","NAME_EN":"Egypt","NAME_ES":"Egipto","NAME_FA":"مصر","NAME_FR":"Égypte","NAME_EL":"Αίγυπτος","NAME_HE":"מצרים","NAME_HI":"मिस्र","NAME_HU":"Egyiptom","NAME_ID":"Mesir","NAME_IT":"Egitto","NAME_JA":"エジプト","NAME_KO":"이집트","NAME_NL":"Egypte","NAME_PL":"Egipt","NAME_PT":"Egito","NAME_RU":"Египет","NAME_SV":"Egypten","NAME_TR":"Mısır","NAME_UK":"Єгипет","NAME_UR":"مصر","NAME_VI":"Ai Cập","NAME_ZH":"埃及","NAME_ZHT":"埃及","FCLASS_ISO":"Admin-0 country","TLC_DIFF":null,"FCLASS_TLC":"Admin-0 country","FCLASS_US":null,"FCLASS_FR":null,"FCLASS_RU":null,"FCLASS_ES":null,"FCLASS_CN":null,"FCLASS_TW":null,"FCLASS_IN":null,"FCLASS_NP":null,"FCLASS_PK":null,"FCLASS_DE":null,"FCLASS_GB":null,"FCLASS_BR":null,"FCLASS_IL":null,"FCLASS_PS":null,"FCLASS_SA":null,"FCLASS_EG":null,"FCLASS_MA":null,"FCLASS_PT":null,"FCLASS_AR":null,"FCLASS_JP":null,"FCLASS_KO":null,"FCLASS_VN":null,"FCLASS_TR":null,"FCLASS_ID":null,"FCLASS_PL":null,"FCLASS_GR":null,"FCLASS_IT":null,"FCLASS_NL":null,"FCLASS_SE":null,"FCLASS_BD":null,"FCLASS_UA":null},"geometry":{"type":"Polygon","coordinates":[[[36.871387,21.996729],[36.543262,21.996631],[36.215234,21.996582],[35.887012,21.996533],[35.558984,21.996484],[35.230859,21.996436],[34.902734,21.996387],[34.574609,21.996338],[34.246484,21.996289],[33.918457,21.99624],[33.590332,21.996191],[33.262207,21.996143],[32.934082,21.996094],[32.606055,21.995996],[32.277832,21.995996],[31.949805,21.995898],[31.62168,21.99585],[31.434473,21.99585],[31.466406,22.084668],[31.486133,22.147803],[31.464258,22.191504],[31.400293,22.202441],[31.358496,22.188623],[31.260645,22.002295],[31.20918,21.994873],[31.092676,21.994873],[30.710645,21.994922],[30.328613,21.99502],[29.94668,21.995117],[29.564551,21.995117],[29.18252,21.995215],[28.800586,21.995264],[28.418555,21.995312],[28.036426,21.995361],[27.654492,21.995459],[27.272461,21.995508],[26.89043,21.995557],[26.508398,21.995605],[26.126367,21.995654],[25.744336,21.995752],[25.362305,21.995801],[24.980273,21.99585],[24.980273,22.22041],[24.980273,22.444971],[24.980273,22.669531],[24.980273,22.894092],[24.980273,23.118652],[24.980273,23.343213],[24.980273,23.567822],[24.980273,23.792383],[24.980273,24.016943],[24.980273,24.241504],[24.980273,24.466064],[24.980273,24.690625],[24.980273,24.915186],[24.980273,25.139746],[24.980273,25.364307],[24.980273,25.588867],[24.980273,25.813428],[24.980273,26.037988],[24.980273,26.262549],[24.980273,26.487109],[24.980273,26.71167],[24.980273,26.93623],[24.980273,27.16084],[24.980273,27.3854],[24.980273,27.609961],[24.980273,27.834521],[24.980273,28.059082],[24.980273,28.283643],[24.980273,28.508203],[24.980273,28.732764],[24.980273,28.957324],[24.980273,29.181885],[24.97168,29.223828],[24.916113,29.37627],[24.865918,29.570264],[24.81084,29.80874],[24.803711,29.886035],[24.711621,30.131543],[24.703223,30.201074],[24.726465,30.250586],[24.877539,30.45752],[24.923047,30.558008],[24.961426,30.678516],[24.973926,30.776562],[24.929492,30.926465],[24.877539,31.06123],[24.859961,31.19917],[24.852734,31.334814],[24.92998,31.42749],[25.022656,31.514014],[25.057227,31.567187],[25.112012,31.626904],[25.150488,31.65498],[25.225488,31.533789],[25.382227,31.512793],[25.893262,31.620898],[26.457324,31.512109],[26.768652,31.470361],[27.248047,31.377881],[27.540039,31.212695],[27.620117,31.191748],[27.82998,31.19502],[27.967578,31.097412],[28.514844,31.050439],[28.806934,30.942676],[28.972754,30.856738],[29.07207,30.830273],[29.159961,30.83457],[29.278906,30.866943],[29.428516,30.927441],[29.591602,31.011523],[29.929785,31.22749],[30.049414,31.26543],[30.127539,31.255664],[30.222656,31.258398],[30.262305,31.316846],[30.312305,31.357031],[30.34375,31.402734],[30.395117,31.457617],[30.570996,31.472998],[30.923535,31.566846],[30.88418,31.522363],[30.562988,31.416992],[30.700488,31.403857],[30.841406,31.439893],[31.001758,31.462793],[31.030859,31.507568],[31.051953,31.591553],[31.08291,31.60332],[31.193945,31.587598],[31.524414,31.458252],[31.606543,31.455762],[31.839258,31.526318],[31.888965,31.541406],[31.964258,31.5021],[32.136035,31.341064],[32.076074,31.344482],[31.892188,31.482471],[31.875879,31.413721],[31.771094,31.292578],[31.902051,31.240186],[32.008496,31.220508],[32.065625,31.152979],[32.101758,31.092822],[32.206543,31.119043],[32.281836,31.200879],[32.242773,31.246533],[32.216211,31.29375],[32.250586,31.294922],[32.323535,31.256055],[32.532813,31.100732],[32.60332,31.06875],[32.68457,31.074023],[32.854492,31.117725],[32.901563,31.110937],[33.129883,31.168164],[33.156738,31.126221],[33.194336,31.084521],[33.37793,31.130957],[33.666504,31.13042],[33.902539,31.180957],[34.17627,31.303906],[34.198145,31.322607],[34.2125,31.292285],[34.245313,31.208301],[34.328516,30.99502],[34.400977,30.827832],[34.489941,30.596289],[34.517773,30.507373],[34.529688,30.446045],[34.658594,30.191455],[34.735059,29.982031],[34.791113,29.812109],[34.869824,29.563916],[34.904297,29.477344],[34.848535,29.432129],[34.736426,29.270605],[34.617188,28.75791],[34.446484,28.357324],[34.427148,28.106494],[34.399707,28.016016],[34.318555,27.888965],[34.220117,27.764307],[34.045117,27.828857],[33.760254,28.047656],[33.594141,28.255566],[33.416113,28.389844],[33.247754,28.567725],[33.201953,28.695703],[33.203711,28.777783],[33.130176,28.978271],[33.075781,29.073047],[32.870605,29.28623],[32.811719,29.4],[32.766699,29.45],[32.721484,29.521777],[32.647168,29.798437],[32.565723,29.973975],[32.473047,29.925439],[32.489453,29.851514],[32.408594,29.749316],[32.359766,29.630664],[32.397266,29.533789],[32.565039,29.386328],[32.599023,29.321924],[32.638086,29.182178],[32.631836,28.992236],[32.658887,28.927734],[32.784473,28.786621],[32.829492,28.702881],[32.856543,28.630615],[32.898242,28.565234],[33.022852,28.442285],[33.202148,28.208301],[33.372266,28.050586],[33.494922,27.974463],[33.54707,27.898145],[33.558789,27.701221],[33.549805,27.607373],[33.657422,27.430566],[33.697266,27.341113],[33.80166,27.268164],[33.849316,27.184912],[33.893066,27.049463],[33.959082,26.649023],[34.049512,26.550732],[34.329297,26.024365],[34.565137,25.691162],[34.679297,25.442529],[34.853223,25.139795],[35.194141,24.475146],[35.39707,24.269971],[35.477832,24.154785],[35.624707,24.066016],[35.783887,23.937793],[35.632031,23.950342],[35.593848,23.942578],[35.54082,23.920654],[35.515234,23.842871],[35.504395,23.779297],[35.522754,23.442529],[35.564355,23.271094],[35.697852,22.946191],[35.797363,22.84873],[35.845801,22.785693],[35.913379,22.739648],[36.229688,22.628809],[36.414551,22.394189],[36.829688,22.097656],[36.87041,22.015771],[36.871387,21.996729]]]}},{"type":"Feature","bbox":[-91.65415,-4.990625,-75.249609,1.455371],"properties":{"featurecla":"Admin-0 country","scalerank":1,"LABELRANK":3,"SOVEREIGNT":"Ecuador","SOV_A3":"ECU","ADM0_DIF":0,"LEVEL":2,"TYPE":"Sovereign country","TLC":"1","ADMIN":"Ecuador","ADM0_A3":"ECU","GEOU_DIF":0,"GEOUNIT":"Ecuador","GU_A3":"ECU","SU_DIF":0,"SUBUNIT":"Ecuador","SU_A3":"ECU","BRK_DIFF":0,"NAME":"Ecuador","NAME_LONG":"Ecuador","BRK_A3":"ECU","BRK_NAME":"Ecuador","BRK_GROUP":null,"ABBREV":"Ecu.","POSTAL":"EC","FORMAL_EN":"Republic of Ecuador","FORMAL_FR":null,"NAME_CIAWF":"Ecuador","NOTE_ADM0":null,"NOTE_BRK":null,"NAME_SORT":"Ecuador","NAME_ALT":null,"MAPCOLOR7":1,"MAPCOLOR8":5,"MAPCOLOR9":2,"MAPCOLOR13":12,"POP_EST":17373662,"POP_RANK":14,"POP_YEAR":2019,"GDP_MD":107435,"GDP_YEAR":2019,"ECONOMY":"6. Developing region","INCOME_GRP":"3. Upper middle income","FIPS_10":"EC","ISO_A2":"EC","ISO_A2_EH":"EC","ISO_A3":"ECU","ISO_A3_EH":"ECU","ISO_N3":"218","ISO_N3_EH":"218","UN_A3":"218","WB_A2":"EC","WB_A3":"ECU","WOE_ID":23424801,"WOE_ID_EH":23424801,"WOE_NOTE":"Exact WOE match as country","ADM0_ISO":"ECU","ADM0_DIFF":null,"ADM0_TLC":"ECU","ADM0_A3_US":"ECU","ADM0_A3_FR":"ECU","ADM0_A3_RU":"ECU","ADM0_A3_ES":"ECU","ADM0_A3_CN":"ECU","ADM0_A3_TW":"ECU","ADM0_A3_IN":"ECU","ADM0_A3_NP":"ECU","ADM0_A3_PK":"ECU","ADM0_A3_DE":"ECU","ADM0_A3_GB":"ECU","ADM0_A3_BR":"ECU","ADM0_A3_IL":"ECU","ADM0_A3_PS":"ECU","ADM0_A3_SA":"ECU","ADM0_A3_EG":"ECU","ADM0_A3_MA":"ECU","ADM0_A3_PT":"ECU","ADM0_A3_AR":"ECU","ADM0_A3_JP":"ECU","ADM0_A3_KO":"ECU","ADM0_A3_VN":"ECU","ADM0_A3_TR":"ECU","ADM0_A3_ID":"ECU","ADM0_A3_PL":"ECU","ADM0_A3_GR":"ECU","ADM0_A3_IT":"ECU","ADM0_A3_NL":"ECU","ADM0_A3_SE":"ECU","ADM0_A3_BD":"ECU","ADM0_A3_UA":"ECU","ADM0_A3_UN":-99,"ADM0_A3_WB":-99,"CONTINENT":"South America","REGION_UN":"Americas","SUBREGION":"South America","REGION_WB":"Latin America & Caribbean","NAME_LEN":7,"LONG_LEN":7,"ABBREV_LEN":4,"TINY":-99,"HOMEPART":1,"MIN_ZOOM":0,"MIN_LABEL":3,"MAX_LABEL":8,"LABEL_X":-78.188375,"LABEL_Y":-1.259076,"NE_ID":1159320567,"WIKIDATAID":"Q736","NAME_AR":"الإكوادور","NAME_BN":"ইকুয়েডর","NAME_DE":"Ecuador","NAME_EN":"Ecuador","NAME_ES":"Ecuador","NAME_FA":"اکوادور","NAME_FR":"Équateur","NAME_EL":"Εκουαδόρ","NAME_HE":"אקוודור","NAME_HI":"ईक्वाडोर","NAME_HU":"Ecuador","NAME_ID":"Ekuador","NAME_IT":"Ecuador","NAME_JA":"エクアドル","NAME_KO":"에콰도르","NAME_NL":"Ecuador","NAME_PL":"Ekwador","NAME_PT":"Equador","NAME_RU":"Эквадор","NAME_SV":"Ecuador","NAME_TR":"Ekvador","NAME_UK":"Еквадор","NAME_UR":"ایکواڈور","NAME_VI":"Ecuador","NAME_ZH":"厄瓜多尔","NAME_ZHT":"厄瓜多爾","FCLASS_ISO":"Admin-0 country","TLC_DIFF":null,"FCLASS_TLC":"Admin-0 country","FCLASS_US":null,"FCLASS_FR":null,"FCLASS_RU":null,"FCLASS_ES":null,"FCLASS_CN":null,"FCLASS_TW":null,"FCLASS_IN":null,"FCLASS_NP":null,"FCLASS_PK":null,"FCLASS_DE":null,"FCLASS_GB":null,"FCLASS_BR":null,"FCLASS_IL":null,"FCLASS_PS":null,"FCLASS_SA":null,"FCLASS_EG":null,"FCLASS_MA":null,"FCLASS_PT":null,"FCLASS_AR":null,"FCLASS_JP":null,"FCLASS_KO":null,"FCLASS_VN":null,"FCLASS_TR":null,"FCLASS_ID":null,"FCLASS_PL":null,"FCLASS_GR":null,"FCLASS_IT":null,"FCLASS_NL":null,"FCLASS_SE":null,"FCLASS_BD":null,"FCLASS_UA":null},"geometry":{"type":"MultiPolygon","coordinates":[[],[],[],[],[],[],[],[],[]]}},{"type":"Feature","bbox":[41.764648,10.941016,43.409766,12.708594],"properties":{"featurecla":"Admin-0 country","scalerank":1,"LABELRANK":5,"SOVEREIGNT":"Djibouti","SOV_A3":"DJI","ADM0_DIF":0,"LEVEL":2,"TYPE":"Sovereign country","TLC":"1","ADMIN":"Djibouti","ADM0_A3":"DJI","GEOU_DIF":0,"GEOUNIT":"Djibouti","GU_A3":"DJI","SU_DIF":0,"SUBUNIT":"Djibouti","SU_A3":"DJI","BRK_DIFF":0,"NAME":"Djibouti","NAME_LONG":"Djibouti","BRK_A3":"DJI","BRK_NAME":"Djibouti","BRK_GROUP":null,"ABBREV":"Dji.","POSTAL":"DJ","FORMAL_EN":"Republic of Djibouti","FORMAL_FR":null,"NAME_CIAWF":"Djibouti","NOTE_ADM0":null,"NOTE_BRK":null,"NAME_SORT":"Djibouti","NAME_ALT":null,"MAPCOLOR7":1,"MAPCOLOR8":2,"MAPCOLOR9":4,"MAPCOLOR13":8,"POP_EST":973560,"POP_RANK":11,"POP_YEAR":2019,"GDP_MD":3324,"GDP_YEAR":2019,"ECONOMY":"7. Least developed region","INCOME_GRP":"4. Lower middle income","FIPS_10":"DJ","ISO_A2":"DJ","ISO_A2_EH":"DJ","ISO_A3":"DJI","ISO_A3_EH":"DJI","ISO_N3":"262","ISO_N3_EH":"262","UN_A3":"262","WB_A2":"DJ","WB_A3":"DJI","WOE_ID":23424797,"WOE_ID_EH":23424797,"WOE_NOTE":"Exact WOE match as country","ADM0_ISO":"DJI","ADM0_DIFF":null,"ADM0_TLC":"DJI","ADM0_A3_US":"DJI","ADM0_A3_FR":"DJI","ADM0_A3_RU":"DJI","ADM0_A3_ES":"DJI","ADM0_A3_CN":"DJI","ADM0_A3_TW":"DJI","ADM0_A3_IN":"DJI","ADM0_A3_NP":"DJI","ADM0_A3_PK":"DJI","ADM0_A3_DE":"DJI","ADM0_A3_GB":"DJI","ADM0_A3_BR":"DJI","ADM0_A3_IL":"DJI","ADM0_A3_PS":"DJI","ADM0_A3_SA":"DJI","ADM0_A3_EG":"DJI","ADM0_A3_MA":"DJI","ADM0_A3_PT":"DJI","ADM0_A3_AR":"DJI","ADM0_A3_JP":"DJI","ADM0_A3_KO":"DJI","ADM0_A3_VN":"DJI","ADM0_A3_TR":"DJI","ADM0_A3_ID":"DJI","ADM0_A3_PL":"DJI","ADM0_A3_GR":"DJI","ADM0_A3_IT":"DJI","ADM0_A3_NL":"DJI","ADM0_A3_SE":"DJI","ADM0_A3_BD":"DJI","ADM0_A3_UA":"DJI","ADM0_A3_UN":-99,"ADM0_A3_WB":-99,"CONTINENT":"Africa","REGION_UN":"Africa","SUBREGION":"Eastern Africa","REGION_WB":"Middle East & North Africa","NAME_LEN":8,"LONG_LEN":8,"ABBREV_LEN":4,"TINY":-99,"HOMEPART":1,"MIN_ZOOM":0,"MIN_LABEL":4,"MAX_LABEL":9,"LABEL_X":42.498825,"LABEL_Y":11.976343,"NE_ID":1159320541,"WIKIDATAID":"Q977","NAME_AR":"جيبوتي","NAME_BN":"জিবুতি","NAME_DE":"Dschibuti","NAME_EN":"Djibouti","NAME_ES":"Yibuti","NAME_FA":"جیبوتی","NAME_FR":"Djibouti","NAME_EL":"Τζιμπουτί","NAME_HE":"ג'יבוטי","NAME_HI":"जिबूती","NAME_HU":"Dzsibuti","NAME_ID":"Djibouti","NAME_IT":"Gibuti","NAME_JA":"ジブチ","NAME_KO":"지부티","NAME_NL":"Djibouti","NAME_PL":"Dżibuti","NAME_PT":"Djibouti","NAME_RU":"Джибути","NAME_SV":"Djibouti","NAME_TR":"Cibuti","NAME_UK":"Джибуті","NAME_UR":"جبوتی","NAME_VI":"Djibouti","NAME_ZH":"吉布提","NAME_ZHT":"吉布地","FCLASS_ISO":"Admin-0 country","TLC_DIFF":null,"FCLASS_TLC":"Admin-0 country","FCLASS_US":null,"FCLASS_FR":null,"FCLASS_RU":null,"FCLASS_ES":null,"FCLASS_CN":null,"FCLASS_TW":null,"FCLASS_IN":null,"FCLASS_NP":null,"FCLASS_PK":null,"FCLASS_DE":null,"FCLASS_GB":null,"FCLASS_BR":null,"FCLASS_IL":null,"FCLASS_PS":null,"FCLASS_SA":null,"FCLASS_EG":null,"FCLASS_MA":null,"FCLASS_PT":null,"FCLASS_AR":null,"FCLASS_JP":null,"FCLASS_KO":null,"FCLASS_VN":null,"FCLASS_TR":null,"FCLASS_ID":null,"FCLASS_PL":null,"FCLASS_GR":null,"FCLASS_IT":null,"FCLASS_NL":null,"FCLASS_SE":null,"FCLASS_BD":null,"FCLASS_UA":null},"geometry":{"type":"Polygon","coordinates":[[[43.245996,11.499805],[43.159375,11.365723],[43.048633,11.194336],[42.922754,10.999316],[42.844141,10.997949],[42.783008,11.009277],[42.741211,11.042383],[42.65498,11.07832],[42.557715,11.080762],[42.465137,11.04707],[42.308105,11.005225],[42.166211,10.991602],[42.052148,10.968359],[41.957422,10.941016],[41.872168,10.955811],[41.798242,10.980469],[41.782031,11.187793],[41.764648,11.412891],[41.766504,11.589111],[41.792676,11.686035],[41.815625,11.723779],[41.949609,11.857861],[41.995898,11.912354],[42.149121,12.134131],[42.280371,12.324268],[42.378516,12.466406],[42.408594,12.494385],[42.45,12.521338],[42.479395,12.513623],[42.670117,12.376562],[42.703711,12.380322],[42.76748,12.422852],[42.825293,12.569336],[42.865918,12.622803],[42.883301,12.621289],[43.005664,12.662305],[43.116699,12.708594],[43.130859,12.660449],[43.298633,12.463867],[43.353516,12.367041],[43.409766,12.189941],[43.380273,12.09126],[43.336719,12.027002],[43.27207,11.969531],[43.048047,11.829053],[42.799023,11.739404],[42.640039,11.560107],[42.521777,11.572168],[42.539746,11.504297],[42.583789,11.496777],[42.652734,11.50957],[42.789746,11.561719],[42.911523,11.586621],[43.042773,11.588477],[43.161719,11.566016],[43.245996,11.499805]]]}},{"type":"Feature","bbox":[-72.818066,59.815479,-11.425537,83.599609],"properties":{"featurecla":"Admin-0 country","scalerank":1,"LABELRANK":3,"SOVEREIGNT":"Denmark","SOV_A3":"DN1","ADM0_DIF":1,"LEVEL":2,"TYPE":"Country","TLC":"1","ADMIN":"Greenland","ADM0_A3":"GRL","GEOU_DIF":0,"GEOUNIT":"Greenland","GU_A3":"GRL","SU_DIF":0,"SUBUNIT":"Greenland","SU_A3":"GRL","BRK_DIFF":0,"NAME":"Greenland","NAME_LONG":"Greenland","BRK_A3":"GRL","BRK_NAME":"Greenland","BRK_GROUP":null,"ABBREV":"Grlnd.","POSTAL":"GL","FORMAL_EN":"Greenland","FORMAL_FR":null,"NAME_CIAWF":"Greenland","NOTE_ADM0":"Den.","NOTE_BRK":null,"NAME_SORT":"Greenland","NAME_ALT":null,"MAPCOLOR7":4,"MAPCOLOR8":1,"MAPCOLOR9":3,"MAPCOLOR13":12,"POP_EST":56225,"POP_RANK":8,"POP_YEAR":2019,"GDP_MD":3051,"GDP_YEAR":2018,"ECONOMY":"2. Developed region: nonG7","INCOME_GRP":"2. High income: nonOECD","FIPS_10":"GL","ISO_A2":"GL","ISO_A2_EH":"GL","ISO_A3":"GRL","ISO_A3_EH":"GRL","ISO_N3":"304","ISO_N3_EH":"304","UN_A3":"304","WB_A2":"GL","WB_A3":"GRL","WOE_ID":23424828,"WOE_ID_EH":23424828,"WOE_NOTE":"Exact WOE match as country","ADM0_ISO":"GRL","ADM0_DIFF":null,"ADM0_TLC":"GRL","ADM0_A3_US":"GRL","ADM0_A3_FR":"GRL","ADM0_A3_RU":"GRL","ADM0_A3_ES":"GRL","ADM0_A3_CN":"GRL","ADM0_A3_TW":"GRL","ADM0_A3_IN":"GRL","ADM0_A3_NP":"GRL","ADM0_A3_PK":"GRL","ADM0_A3_DE":"GRL","ADM0_A3_GB":"GRL","ADM0_A3_BR":"GRL","ADM0_A3_IL":"GRL","ADM0_A3_PS":"GRL","ADM0_A3_SA":"GRL","ADM0_A3_EG":"GRL","ADM0_A3_MA":"GRL","ADM0_A3_PT":"GRL","ADM0_A3_AR":"GRL","ADM0_A3_JP":"GRL","ADM0_A3_KO":"GRL","ADM0_A3_VN":"GRL","ADM0_A3_TR":"GRL","ADM0_A3_ID":"GRL","ADM0_A3_PL":"GRL","ADM0_A3_GR":"GRL","ADM0_A3_IT":"GRL","ADM0_A3_NL":"GRL","ADM0_A3_SE":"GRL","ADM0_A3_BD":"GRL","ADM0_A3_UA":"GRL","ADM0_A3_UN":-99,"ADM0_A3_WB":-99,"CONTINENT":"North America","REGION_UN":"Americas","SUBREGION":"Northern America","REGION_WB":"Europe & Central Asia","NAME_LEN":9,"LONG_LEN":9,"ABBREV_LEN":6,"TINY":-99,"HOMEPART":-99,"MIN_ZOOM":0,"MIN_LABEL":1.7,"MAX_LABEL":6.7,"LABEL_X":-39.335251,"LABEL_Y":74.319387,"NE_ID":1159320551,"WIKIDATAID":"Q223","NAME_AR":"جرينلاند","NAME_BN":"গ্রিনল্যান্ড","NAME_DE":"Grönland","NAME_EN":"Greenland","NAME_ES":"Groenlandia","NAME_FA":"گرینلند","NAME_FR":"Groenland","NAME_EL":"Γροιλανδία","NAME_HE":"גרינלנד","NAME_HI":"ग्रीनलैण्ड","NAME_HU":"Grönland","NAME_ID":"Greenland","NAME_IT":"Groenlandia","NAME_JA":"グリーンランド","NAME_KO":"그린란드","NAME_NL":"Groenland","NAME_PL":"Grenlandia","NAME_PT":"Groenlândia","NAME_RU":"Гренландия","NAME_SV":"Grönland","NAME_TR":"Grönland","NAME_UK":"Гренландія","NAME_UR":"گرین لینڈ","NAME_VI":"Greenland","NAME_ZH":"格陵兰","NAME_ZHT":"格陵蘭","FCLASS_ISO":"Admin-0 dependency","TLC_DIFF":null,"FCLASS_TLC":"Admin-0 dependency","FCLASS_US":null,"FCLASS_FR":null,"FCLASS_RU":null,"FCLASS_ES":null,"FCLASS_CN":null,"FCLASS_TW":null,"FCLASS_IN":null,"FCLASS_NP":null,"FCLASS_PK":null,"FCLASS_DE":null,"FCLASS_GB":null,"FCLASS_BR":null,"FCLASS_IL":null,"FCLASS_PS":null,"FCLASS_SA":null,"FCLASS_EG":null,"FCLASS_MA":null,"FCLASS_PT":null,"FCLASS_AR":null,"FCLASS_JP":null,"FCLASS_KO":null,"FCLASS_VN":null,"FCLASS_TR":null,"FCLASS_ID":null,"FCLASS_PL":null,"FCLASS_GR":null,"FCLASS_IT":null,"FCLASS_NL":null,"FCLASS_SE":null,"FCLASS_BD":null,"FCLASS_UA":null},"geometry":{"type":"MultiPolygon","coordinates":[[],[],[],[],[],[],[],[],[],[],[],[],[],[],[],[],[]]}},{"type":"Feature","bbox":[-7.422607,61.414307,-6.406055,62.355664],"properties":{"featurecla":"Admin-0 country","scalerank":3,"LABELRANK":6,"SOVEREIGNT":"Denmark","SOV_A3":"DN1","ADM0_DIF":1,"LEVEL":2,"TYPE":"Dependency","TLC":"1","ADMIN":"Faroe Islands","ADM0_A3":"FRO","GEOU_DIF":0,"GEOUNIT":"Faroe Islands","GU_A3":"FRO","SU_DIF":0,"SUBUNIT":"Faroe Islands","SU_A3":"FRO","BRK_DIFF":0,"NAME":"Faeroe Is.","NAME_LONG":"Faeroe Islands","BRK_A3":"FRO","BRK_NAME":"Faeroe Islands","BRK_GROUP":null,"ABBREV":"Faeroe Is.","POSTAL":"FO","FORMAL_EN":"Føroyar Is. (Faeroe Is.)","FORMAL_FR":null,"NAME_CIAWF":"Faroe Islands","NOTE_ADM0":"Den.","NOTE_BRK":null,"NAME_SORT":"Faeroe Islands","NAME_ALT":null,"MAPCOLOR7":4,"MAPCOLOR8":1,"MAPCOLOR9":3,"MAPCOLOR13":12,"POP_EST":48678,"POP_RANK":7,"POP_YEAR":2019,"GDP_MD":3116,"GDP_YEAR":2018,"ECONOMY":"2. Developed region: nonG7","INCOME_GRP":"2. High income: nonOECD","FIPS_10":"FO","ISO_A2":"FO","ISO_A2_EH":"FO","ISO_A3":"FRO","ISO_A3_EH":"FRO","ISO_N3":"234","ISO_N3_EH":"234","UN_A3":"234","WB_A2":"FO","WB_A3":"FRO","WOE_ID":23424816,"WOE_ID_EH":23424816,"WOE_NOTE":"Exact WOE match as country","ADM0_ISO":"FRO","ADM0_DIFF":null,"ADM0_TLC":"FRO","ADM0_A3_US":"FRO","ADM0_A3_FR":"FRO","ADM0_A3_RU":"FRO","ADM0_A3_ES":"FRO","ADM0_A3_CN":"FRO","ADM0_A3_TW":"FRO","ADM0_A3_IN":"FRO","ADM0_A3_NP":"FRO","ADM0_A3_PK":"FRO","ADM0_A3_DE":"FRO","ADM0_A3_GB":"FRO","ADM0_A3_BR":"FRO","ADM0_A3_IL":"FRO","ADM0_A3_PS":"FRO","ADM0_A3_SA":"FRO","ADM0_A3_EG":"FRO","ADM0_A3_MA":"FRO","ADM0_A3_PT":"FRO","ADM0_A3_AR":"FRO","ADM0_A3_JP":"FRO","ADM0_A3_KO":"FRO","ADM0_A3_VN":"FRO","ADM0_A3_TR":"FRO","ADM0_A3_ID":"FRO","ADM0_A3_PL":"FRO","ADM0_A3_GR":"FRO","ADM0_A3_IT":"FRO","ADM0_A3_NL":"FRO","ADM0_A3_SE":"FRO","ADM0_A3_BD":"FRO","ADM0_A3_UA":"FRO","ADM0_A3_UN":-99,"ADM0_A3_WB":-99,"CONTINENT":"Europe","REGION_UN":"Europe","SUBREGION":"Northern Europe","REGION_WB":"Europe & Central Asia","NAME_LEN":10,"LONG_LEN":14,"ABBREV_LEN":10,"TINY":3,"HOMEPART":-99,"MIN_ZOOM":0,"MIN_LABEL":4,"MAX_LABEL":9,"LABEL_X":-7.058429,"LABEL_Y":62.185604,"NE_ID":1159320549,"WIKIDATAID":"Q4628","NAME_AR":"جزر فارو","NAME_BN":"ফ্যারো দ্বীপপুঞ্জ","NAME_DE":"Färöer","NAME_EN":"Faroe Islands","NAME_ES":"Islas Feroe","NAME_FA":"جزایر فارو","NAME_FR":"îles Féroé","NAME_EL":"Νήσοι Φερόες","NAME_HE":"איי פארו","NAME_HI":"फ़रो द्वीपसमूह","NAME_HU":"Feröer","NAME_ID":"Kepulauan Faroe","NAME_IT":"Fær Øer","NAME_JA":"フェロー諸島","NAME_KO":"페로 제도","NAME_NL":"Faeröer","NAME_PL":"Wyspy Owcze","NAME_PT":"Ilhas Feroe","NAME_RU":"Фарерские острова","NAME_SV":"Färöarna","NAME_TR":"Faroe Adaları","NAME_UK":"Фарерські острови","NAME_UR":"جزائرفارو","NAME_VI":"Quần đảo Faroe","NAME_ZH":"法罗群岛","NAME_ZHT":"法羅群島","FCLASS_ISO":"Admin-0 dependency","TLC_DIFF":null,"FCLASS_TLC":"Admin-0 dependency","FCLASS_US":null,"FCLASS_FR":null,"FCLASS_RU":null,"FCLASS_ES":null,"FCLASS_CN":null,"FCLASS_TW":null,"FCLASS_IN":null,"FCLASS_NP":null,"FCLASS_PK":null,"FCLASS_DE":null,"FCLASS_GB":null,"FCLASS_BR":null,"FCLASS_IL":null,"FCLASS_PS":null,"FCLASS_SA":null,"FCLASS_EG":null,"FCLASS_MA":null,"FCLASS_PT":null,"FCLASS_AR":null,"FCLASS_JP":null,"FCLASS_KO":null,"FCLASS_VN":null,"FCLASS_TR":null,"FCLASS_ID":null,"FCLASS_PL":null,"FCLASS_GR":null,"FCLASS_IT":null,"FCLASS_NL":null,"FCLASS_SE":null,"FCLASS_BD":null,"FCLASS_UA":null},"geometry":{"type":"MultiPolygon","coordinates":[[],[],[],[],[]]}},{"type":"Feature","bbox":[8.121484,54.628857,15.137109,57.736914],"properties":{"featurecla":"Admin-0 country","scalerank":1,"LABELRANK":4,"SOVEREIGNT":"Denmark","SOV_A3":"DN1","ADM0_DIF":1,"LEVEL":2,"TYPE":"Country","TLC":"1","ADMIN":"Denmark","ADM0_A3":"DNK","GEOU_DIF":0,"GEOUNIT":"Denmark","GU_A3":"DNK","SU_DIF":0,"SUBUNIT":"Denmark","SU_A3":"DNK","BRK_DIFF":0,"NAME":"Denmark","NAME_LONG":"Denmark","BRK_A3":"DNK","BRK_NAME":"Denmark","BRK_GROUP":null,"ABBREV":"Den.","POSTAL":"DK","FORMAL_EN":"Kingdom of Denmark","FORMAL_FR":null,"NAME_CIAWF":"Denmark","NOTE_ADM0":null,"NOTE_BRK":null,"NAME_SORT":"Denmark","NAME_ALT":null,"MAPCOLOR7":4,"MAPCOLOR8":1,"MAPCOLOR9":3,"MAPCOLOR13":12,"POP_EST":5818553,"POP_RANK":13,"POP_YEAR":2019,"GDP_MD":350104,"GDP_YEAR":2019,"ECONOMY":"2. Developed region: nonG7","INCOME_GRP":"1. High income: OECD","FIPS_10":"DA","ISO_A2":"DK","ISO_A2_EH":"DK","ISO_A3":"DNK","ISO_A3_EH":"DNK","ISO_N3":"208","ISO_N3_EH":"208","UN_A3":"208","WB_A2":"DK","WB_A3":"DNK","WOE_ID":23424796,"WOE_ID_EH":23424796,"WOE_NOTE":"Exact WOE match as country","ADM0_ISO":"DNK","ADM0_DIFF":null,"ADM0_TLC":"DNK","ADM0_A3_US":"DNK","ADM0_A3_FR":"DNK","ADM0_A3_RU":"DNK","ADM0_A3_ES":"DNK","ADM0_A3_CN":"DNK","ADM0_A3_TW":"DNK","ADM0_A3_IN":"DNK","ADM0_A3_NP":"DNK","ADM0_A3_PK":"DNK","ADM0_A3_DE":"DNK","ADM0_A3_GB":"DNK","ADM0_A3_BR":"DNK","ADM0_A3_IL":"DNK","ADM0_A3_PS":"DNK","ADM0_A3_SA":"DNK","ADM0_A3_EG":"DNK","ADM0_A3_MA":"DNK","ADM0_A3_PT":"DNK","ADM0_A3_AR":"DNK","ADM0_A3_JP":"DNK","ADM0_A3_KO":"DNK","ADM0_A3_VN":"DNK","ADM0_A3_TR":"DNK","ADM0_A3_ID":"DNK","ADM0_A3_PL":"DNK","ADM0_A3_GR":"DNK","ADM0_A3_IT":"DNK","ADM0_A3_NL":"DNK","ADM0_A3_SE":"DNK","ADM0_A3_BD":"DNK","ADM0_A3_UA":"DNK","ADM0_A3_UN":-99,"ADM0_A3_WB":-99,"CONTINENT":"Europe","REGION_UN":"Europe","SUBREGION":"Northern Europe","REGION_WB":"Europe & Central Asia","NAME_LEN":7,"LONG_LEN":7,"ABBREV_LEN":4,"TINY":-99,"HOMEPART":1,"MIN_ZOOM":0,"MIN_LABEL":3,"MAX_LABEL":8,"LABEL_X":9.018163,"LABEL_Y":55.966965,"NE_ID":1159320547,"WIKIDATAID":"Q35","NAME_AR":"الدنمارك","NAME_BN":"ডেনমার্ক","NAME_DE":"Dänemark","NAME_EN":"Denmark","NAME_ES":"Dinamarca","NAME_FA":"دانمارک","NAME_FR":"Danemark","NAME_EL":"Δανία","NAME_HE":"דנמרק","NAME_HI":"डेनमार्क","NAME_HU":"Dánia","NAME_ID":"Denmark","NAME_IT":"Danimarca","NAME_JA":"デンマーク","NAME_KO":"덴마크","NAME_NL":"Denemarken","NAME_PL":"Dania","NAME_PT":"Dinamarca","NAME_RU":"Дания","NAME_SV":"Danmark","NAME_TR":"Danimarka","NAME_UK":"Данія","NAME_UR":"ڈنمارک","NAME_VI":"Đan Mạch","NAME_ZH":"丹麦","NAME_ZHT":"丹麥","FCLASS_ISO":"Admin-0 country","TLC_DIFF":null,"FCLASS_TLC":"Admin-0 country","FCLASS_US":null,"FCLASS_FR":null,"FCLASS_RU":null,"FCLASS_ES":null,"FCLASS_CN":null,"FCLASS_TW":null,"FCLASS_IN":null,"FCLASS_NP":null,"FCLASS_PK":null,"FCLASS_DE":null,"FCLASS_GB":null,"FCLASS_BR":null,"FCLASS_IL":null,"FCLASS_PS":null,"FCLASS_SA":null,"FCLASS_EG":null,"FCLASS_MA":null,"FCLASS_PT":null,"FCLASS_AR":null,"FCLASS_JP":null,"FCLASS_KO":null,"FCLASS_VN":null,"FCLASS_TR":null,"FCLASS_ID":null,"FCLASS_PL":null,"FCLASS_GR":null,"FCLASS_IT":null,"FCLASS_NL":null,"FCLASS_SE":null,"FCLASS_BD":null,"FCLASS_UA":null},"geometry":{"type":"MultiPolygon","coordinates":[[],[],[],[],[],[],[],[],[],[],[],[]]}},{"type":"Feature","bbox":[32.712695,35.000342,34.556055,35.662061],"properties":{"featurecla":"Admin-0 country","scalerank":1,"LABELRANK":6,"SOVEREIGNT":"Northern Cyprus","SOV_A3":"CYN","ADM0_DIF":0,"LEVEL":2,"TYPE":"Sovereign country","TLC":"1","ADMIN":"Northern Cyprus","ADM0_A3":"CYN","GEOU_DIF":0,"GEOUNIT":"Northern Cyprus","GU_A3":"CYN","SU_DIF":0,"SUBUNIT":"Northern Cyprus","SU_A3":"CYN","BRK_DIFF":0,"NAME":"N. Cyprus","NAME_LONG":"Northern Cyprus","BRK_A3":"CYN","BRK_NAME":"N. Cyprus","BRK_GROUP":null,"ABBREV":"N. Cy.","POSTAL":"CN","FORMAL_EN":"Turkish Republic of Northern Cyprus","FORMAL_FR":null,"NAME_CIAWF":null,"NOTE_ADM0":"Self admin.","NOTE_BRK":"Self admin.; Claimed by Cyprus","NAME_SORT":"Cyprus, Northern","NAME_ALT":null,"MAPCOLOR7":3,"MAPCOLOR8":1,"MAPCOLOR9":4,"MAPCOLOR13":8,"POP_EST":326000,"POP_RANK":10,"POP_YEAR":2017,"GDP_MD":3600,"GDP_YEAR":2013,"ECONOMY":"6. Developing region","INCOME_GRP":"3. Upper middle income","FIPS_10":"-99","ISO_A2":"-99","ISO_A2_EH":"-99","ISO_A3":"-99","ISO_A3_EH":"-99","ISO_N3":"-99","ISO_N3_EH":"-99","UN_A3":"-099","WB_A2":"-99","WB_A3":"-99","WOE_ID":-90,"WOE_ID_EH":23424995,"WOE_NOTE":"WOE lists as subunit of united Cyprus","ADM0_ISO":"CYP","ADM0_DIFF":"1","ADM0_TLC":"CYN","ADM0_A3_US":"CYP","ADM0_A3_FR":"CYP","ADM0_A3_RU":"CYP","ADM0_A3_ES":"CYP","ADM0_A3_CN":"CYP","ADM0_A3_TW":"CYP","ADM0_A3_IN":"CYP","ADM0_A3_NP":"CYP","ADM0_A3_PK":"CYP","ADM0_A3_DE":"CYP","ADM0_A3_GB":"CYP","ADM0_A3_BR":"CYP","ADM0_A3_IL":"CYP","ADM0_A3_PS":"CYP","ADM0_A3_SA":"CYP","ADM0_A3_EG":"CYP","ADM0_A3_MA":"CYP","ADM0_A3_PT":"CYP","ADM0_A3_AR":"CYP","ADM0_A3_JP":"CYP","ADM0_A3_KO":"CYP","ADM0_A3_VN":"CYP","ADM0_A3_TR":"CYN","ADM0_A3_ID":"CYP","ADM0_A3_PL":"CYP","ADM0_A3_GR":"CYP","ADM0_A3_IT":"CYP","ADM0_A3_NL":"CYP","ADM0_A3_SE":"CYP","ADM0_A3_BD":"CYP","ADM0_A3_UA":"CYP","ADM0_A3_UN":-99,"ADM0_A3_WB":-99,"CONTINENT":"Asia","REGION_UN":"Asia","SUBREGION":"Western Asia","REGION_WB":"Europe & Central Asia","NAME_LEN":9,"LONG_LEN":15,"ABBREV_LEN":6,"TINY":-99,"HOMEPART":1,"MIN_ZOOM":0,"MIN_LABEL":6,"MAX_LABEL":10,"LABEL_X":33.692434,"LABEL_Y":35.216071,"NE_ID":1159320531,"WIKIDATAID":"Q23681","NAME_AR":"قبرص الشمالية","NAME_BN":"উত্তর সাইপ্রাস","NAME_DE":"Türkische Republik Nordzypern","NAME_EN":"Turkish Republic of Northern Cyprus","NAME_ES":"República Turca del Norte de Chipre","NAME_FA":"جمهوری ترک قبرس شمالی","NAME_FR":"Chypre du Nord","NAME_EL":"Τουρκική Δημοκρατία της Βόρειας Κύπρου","NAME_HE":"הרפובליקה הטורקית של צפון קפריסין","NAME_HI":"उत्तरी साइप्रस","NAME_HU":"Észak-Ciprus","NAME_ID":"Republik Turki Siprus Utara","NAME_IT":"Cipro del Nord","NAME_JA":"北キプロス・トルコ共和国","NAME_KO":"북키프로스","NAME_NL":"Noord-Cyprus","NAME_PL":"Cypr Północny","NAME_PT":"República Turca do Chipre do Norte","NAME_RU":"Турецкая Республика Северного Кипра","NAME_SV":"Nordcypern","NAME_TR":"Kuzey Kıbrıs Türk Cumhuriyeti","NAME_UK":"Турецька Республіка Північного Кіпру","NAME_UR":"ترک جمہوریہ شمالی قبرص","NAME_VI":"Bắc Síp","NAME_ZH":"北塞浦路斯土耳其共和国","NAME_ZHT":"北賽普勒斯土耳其共和國","FCLASS_ISO":"Unrecognized","TLC_DIFF":"1","FCLASS_TLC":"Admin-0 country","FCLASS_US":"Admin-0 breakaway and disputed","FCLASS_FR":"Unrecognized","FCLASS_RU":"Unrecognized","FCLASS_ES":"Unrecognized","FCLASS_CN":"Unrecognized","FCLASS_TW":"Unrecognized","FCLASS_IN":"Unrecognized","FCLASS_NP":"Unrecognized","FCLASS_PK":"Unrecognized","FCLASS_DE":"Unrecognized","FCLASS_GB":"Unrecognized","FCLASS_BR":"Unrecognized","FCLASS_IL":"Unrecognized","FCLASS_PS":"Unrecognized","FCLASS_SA":"Unrecognized","FCLASS_EG":"Unrecognized","FCLASS_MA":"Unrecognized","FCLASS_PT":"Unrecognized","FCLASS_AR":"Unrecognized","FCLASS_JP":"Unrecognized","FCLASS_KO":"Unrecognized","FCLASS_VN":"Unrecognized","FCLASS_TR":"Admin-0 country","FCLASS_ID":"Unrecognized","FCLASS_PL":"Unrecognized","FCLASS_GR":"Unrecognized","FCLASS_IT":"Unrecognized","FCLASS_NL":"Unrecognized","FCLASS_SE":"Unrecognized","FCLASS_BD":"Unrecognized","FCLASS_UA":"Unrecognized"},"geometry":{"type":"Polygon","coordinates":[[[34.004492,35.065234],[33.965723,35.056787],[33.90332,35.085449],[33.866406,35.093604],[33.832031,35.067187],[33.792285,35.048193],[33.756934,35.039746],[33.725781,35.037305],[33.675391,35.017871],[33.614453,35.022754],[33.525684,35.038672],[33.475781,35.000342],[33.463867,35.004932],[33.455957,35.101416],[33.424219,35.140918],[33.383789,35.162695],[33.325586,35.153613],[33.24834,35.156934],[33.191016,35.173145],[33.077539,35.146191],[32.985938,35.116406],[32.919531,35.087842],[32.869434,35.089404],[32.784082,35.115771],[32.720215,35.145361],[32.712695,35.171045],[32.772363,35.15957],[32.879883,35.180566],[32.926367,35.278076],[32.941602,35.39043],[33.123438,35.358203],[33.307813,35.341504],[33.458789,35.335889],[33.607617,35.35415],[34.063477,35.473975],[34.19248,35.545703],[34.272363,35.569971],[34.411133,35.629297],[34.556055,35.662061],[34.463184,35.593506],[33.941992,35.292041],[33.90791,35.202393],[33.93125,35.140381],[34.004492,35.065234]]]}},{"type":"Feature","bbox":[32.300977,34.56958,34.050195,35.182666],"properties":{"featurecla":"Admin-0 country","scalerank":1,"LABELRANK":5,"SOVEREIGNT":"Cyprus","SOV_A3":"CYP","ADM0_DIF":0,"LEVEL":2,"TYPE":"Sovereign country","TLC":"1","ADMIN":"Cyprus","ADM0_A3":"CYP","GEOU_DIF":0,"GEOUNIT":"Cyprus","GU_A3":"CYP","SU_DIF":0,"SUBUNIT":"Cyprus","SU_A3":"CYP","BRK_DIFF":0,"NAME":"Cyprus","NAME_LONG":"Cyprus","BRK_A3":"CYP","BRK_NAME":"Cyprus","BRK_GROUP":null,"ABBREV":"Cyp.","POSTAL":"CY","FORMAL_EN":"Republic of Cyprus","FORMAL_FR":null,"NAME_CIAWF":"Cyprus","NOTE_ADM0":null,"NOTE_BRK":null,"NAME_SORT":"Cyprus","NAME_ALT":null,"MAPCOLOR7":1,"MAPCOLOR8":2,"MAPCOLOR9":3,"MAPCOLOR13":7,"POP_EST":1198575,"POP_RANK":12,"POP_YEAR":2019,"GDP_MD":24948,"GDP_YEAR":2019,"ECONOMY":"6. Developing region","INCOME_GRP":"2. High income: nonOECD","FIPS_10":"CY","ISO_A2":"CY","ISO_A2_EH":"CY","ISO_A3":"CYP","ISO_A3_EH":"CYP","ISO_N3":"196","ISO_N3_EH":"196","UN_A3":"196","WB_A2":"CY","WB_A3":"CYP","WOE_ID":-90,"WOE_ID_EH":23424994,"WOE_NOTE":"WOE lists as subunit of united Cyprus","ADM0_ISO":"CYP","ADM0_DIFF":null,"ADM0_TLC":"CYP","ADM0_A3_US":"CYP","ADM0_A3_FR":"CYP","ADM0_A3_RU":"CYP","ADM0_A3_ES":"CYP","ADM0_A3_CN":"CYP","ADM0_A3_TW":"CYP","ADM0_A3_IN":"CYP","ADM0_A3_NP":"CYP","ADM0_A3_PK":"CYP","ADM0_A3_DE":"CYP","ADM0_A3_GB":"CYP","ADM0_A3_BR":"CYP","ADM0_A3_IL":"CYP","ADM0_A3_PS":"CYP","ADM0_A3_SA":"CYP","ADM0_A3_EG":"CYP","ADM0_A3_MA":"CYP","ADM0_A3_PT":"CYP","ADM0_A3_AR":"CYP","ADM0_A3_JP":"CYP","ADM0_A3_KO":"CYP","ADM0_A3_VN":"CYP","ADM0_A3_TR":"CYP","ADM0_A3_ID":"CYP","ADM0_A3_PL":"CYP","ADM0_A3_GR":"CYP","ADM0_A3_IT":"CYP","ADM0_A3_NL":"CYP","ADM0_A3_SE":"CYP","ADM0_A3_BD":"CYP","ADM0_A3_UA":"CYP","ADM0_A3_UN":-99,"ADM0_A3_WB":-99,"CONTINENT":"Asia","REGION_UN":"Asia","SUBREGION":"Western Asia","REGION_WB":"Europe & Central Asia","NAME_LEN":6,"LONG_LEN":6,"ABBREV_LEN":4,"TINY":-99,"HOMEPART":1,"MIN_ZOOM":0,"MIN_LABEL":4.5,"MAX_LABEL":9.5,"LABEL_X":33.084182,"LABEL_Y":34.913329,"NE_ID":1159320533,"WIKIDATAID":"Q229","NAME_AR":"قبرص","NAME_BN":"সাইপ্রাস","NAME_DE":"Republik Zypern","NAME_EN":"Cyprus","NAME_ES":"Chipre","NAME_FA":"قبرس","NAME_FR":"Chypre","NAME_EL":"Κύπρος","NAME_HE":"קפריסין","NAME_HI":"साइप्रस","NAME_HU":"Ciprus","NAME_ID":"Siprus","NAME_IT":"Cipro","NAME_JA":"キプロス","NAME_KO":"키프로스","NAME_NL":"Cyprus","NAME_PL":"Cypr","NAME_PT":"Chipre","NAME_RU":"Кипр","NAME_SV":"Cypern","NAME_TR":"Kıbrıs Cumhuriyeti","NAME_UK":"Кіпр","NAME_UR":"قبرص","NAME_VI":"Cộng hòa Síp","NAME_ZH":"塞浦路斯","NAME_ZHT":"賽普勒斯","FCLASS_ISO":"Admin-0 country","TLC_DIFF":null,"FCLASS_TLC":"Admin-0 country","FCLASS_US":null,"FCLASS_FR":null,"FCLASS_RU":null,"FCLASS_ES":null,"FCLASS_CN":null,"FCLASS_TW":null,"FCLASS_IN":null,"FCLASS_NP":null,"FCLASS_PK":null,"FCLASS_DE":null,"FCLASS_GB":null,"FCLASS_BR":null,"FCLASS_IL":null,"FCLASS_PS":null,"FCLASS_SA":null,"FCLASS_EG":null,"FCLASS_MA":null,"FCLASS_PT":null,"FCLASS_AR":null,"FCLASS_JP":null,"FCLASS_KO":null,"FCLASS_VN":null,"FCLASS_TR":null,"FCLASS_ID":null,"FCLASS_PL":null,"FCLASS_GR":null,"FCLASS_IT":null,"FCLASS_NL":null,"FCLASS_SE":null,"FCLASS_BD":null,"FCLASS_UA":null},"geometry":{"type":"Polygon","coordinates":[[[32.712695,35.171045],[32.720215,35.145361],[32.784082,35.115771],[32.869434,35.089404],[32.919531,35.087842],[32.985938,35.116406],[33.077539,35.146191],[33.191016,35.173145],[33.24834,35.156934],[33.325586,35.153613],[33.383789,35.162695],[33.424219,35.140918],[33.455957,35.101416],[33.463867,35.004932],[33.475781,35.000342],[33.525684,35.038672],[33.614453,35.022754],[33.675391,35.017871],[33.725781,35.037305],[33.756934,35.039746],[33.792285,35.048193],[33.832031,35.067187],[33.866406,35.093604],[33.90332,35.085449],[33.965723,35.056787],[34.004492,35.065234],[34.023633,35.045557],[34.050195,34.988379],[33.936523,34.971484],[33.822461,34.965918],[33.758984,34.973242],[33.699414,34.969873],[33.514453,34.806445],[33.414941,34.750879],[33.296582,34.717725],[33.176074,34.698047],[33.115527,34.695557],[33.062305,34.674805],[33.024902,34.636914],[33.023926,34.6],[33.00791,34.56958],[32.941797,34.575879],[32.914258,34.635498],[32.867188,34.661133],[32.750098,34.647803],[32.692969,34.649365],[32.505566,34.70625],[32.449023,34.729443],[32.41377,34.778027],[32.317188,34.95332],[32.300977,35.082959],[32.390918,35.049805],[32.475,35.08999],[32.555957,35.155762],[32.652344,35.182666],[32.712695,35.171045]]]}},{"type":"Feature","bbox":[-84.887207,19.855469,-74.136816,23.19043],"properties":{"featurecla":"Admin-0 country","scalerank":1,"LABELRANK":3,"SOVEREIGNT":"Cuba","SOV_A3":"CU1","ADM0_DIF":1,"LEVEL":1,"TYPE":"Sovereignty","TLC":"1","ADMIN":"Cuba","ADM0_A3":"CUB","GEOU_DIF":0,"GEOUNIT":"Cuba","GU_A3":"CUB","SU_DIF":0,"SUBUNIT":"Cuba","SU_A3":"CUB","BRK_DIFF":0,"NAME":"Cuba","NAME_LONG":"Cuba","BRK_A3":"CUB","BRK_NAME":"Cuba","BRK_GROUP":null,"ABBREV":"Cuba","POSTAL":"CU","FORMAL_EN":"Republic of Cuba","FORMAL_FR":null,"NAME_CIAWF":"Cuba","NOTE_ADM0":null,"NOTE_BRK":null,"NAME_SORT":"Cuba","NAME_ALT":null,"MAPCOLOR7":3,"MAPCOLOR8":5,"MAPCOLOR9":3,"MAPCOLOR13":4,"POP_EST":11333483,"POP_RANK":14,"POP_YEAR":2019,"GDP_MD":100023,"GDP_YEAR":2018,"ECONOMY":"5. Emerging region: G20","INCOME_GRP":"3. Upper middle income","FIPS_10":"CU","ISO_A2":"CU","ISO_A2_EH":"CU","ISO_A3":"CUB","ISO_A3_EH":"CUB","ISO_N3":"192","ISO_N3_EH":"192","UN_A3":"192","WB_A2":"CU","WB_A3":"CUB","WOE_ID":23424793,"WOE_ID_EH":23424793,"WOE_NOTE":"Exact WOE match as country","ADM0_ISO":"CUB","ADM0_DIFF":null,"ADM0_TLC":"CUB","ADM0_A3_US":"CUB","ADM0_A3_FR":"CUB","ADM0_A3_RU":"CUB","ADM0_A3_ES":"CUB","ADM0_A3_CN":"CUB","ADM0_A3_TW":"CUB","ADM0_A3_IN":"CUB","ADM0_A3_NP":"CUB","ADM0_A3_PK":"CUB","ADM0_A3_DE":"CUB","ADM0_A3_GB":"CUB","ADM0_A3_BR":"CUB","ADM0_A3_IL":"CUB","ADM0_A3_PS":"CUB","ADM0_A3_SA":"CUB","ADM0_A3_EG":"CUB","ADM0_A3_MA":"CUB","ADM0_A3_PT":"CUB","ADM0_A3_AR":"CUB","ADM0_A3_JP":"CUB","ADM0_A3_KO":"CUB","ADM0_A3_VN":"CUB","ADM0_A3_TR":"CUB","ADM0_A3_ID":"CUB","ADM0_A3_PL":"CUB","ADM0_A3_GR":"CUB","ADM0_A3_IT":"CUB","ADM0_A3_NL":"CUB","ADM0_A3_SE":"CUB","ADM0_A3_BD":"CUB","ADM0_A3_UA":"CUB","ADM0_A3_UN":-99,"ADM0_A3_WB":-99,"CONTINENT":"North America","REGION_UN":"Americas","SUBREGION":"Caribbean","REGION_WB":"Latin America & Caribbean","NAME_LEN":4,"LONG_LEN":4,"ABBREV_LEN":4,"TINY":-99,"HOMEPART":1,"MIN_ZOOM":0,"MIN_LABEL":2.7,"MAX_LABEL":8,"LABEL_X":-77.975855,"LABEL_Y":21.334024,"NE_ID":1159320527,"WIKIDATAID":"Q241","NAME_AR":"كوبا","NAME_BN":"কিউবা","NAME_DE":"Kuba","NAME_EN":"Cuba","NAME_ES":"Cuba","NAME_FA":"کوبا","NAME_FR":"Cuba","NAME_EL":"Κούβα","NAME_HE":"קובה","NAME_HI":"क्यूबा","NAME_HU":"Kuba","NAME_ID":"Kuba","NAME_IT":"Cuba","NAME_JA":"キューバ","NAME_KO":"쿠바","NAME_NL":"Cuba","NAME_PL":"Kuba","NAME_PT":"Cuba","NAME_RU":"Куба","NAME_SV":"Kuba","NAME_TR":"Küba","NAME_UK":"Куба","NAME_UR":"کیوبا","NAME_VI":"Cuba","NAME_ZH":"古巴","NAME_ZHT":"古巴","FCLASS_ISO":"Admin-0 country","TLC_DIFF":null,"FCLASS_TLC":"Admin-0 country","FCLASS_US":null,"FCLASS_FR":null,"FCLASS_RU":null,"FCLASS_ES":null,"FCLASS_CN":null,"FCLASS_TW":null,"FCLASS_IN":null,"FCLASS_NP":null,"FCLASS_PK":null,"FCLASS_DE":null,"FCLASS_GB":null,"FCLASS_BR":null,"FCLASS_IL":null,"FCLASS_PS":null,"FCLASS_SA":null,"FCLASS_EG":null,"FCLASS_MA":null,"FCLASS_PT":null,"FCLASS_AR":null,"FCLASS_JP":null,"FCLASS_KO":null,"FCLASS_VN":null,"FCLASS_TR":null,"FCLASS_ID":null,"FCLASS_PL":null,"FCLASS_GR":null,"FCLASS_IT":null,"FCLASS_NL":null,"FCLASS_SE":null,"FCLASS_BD":null,"FCLASS_UA":null},"geometry":{"type":"MultiPolygon","coordinates":[[],[],[],[],[],[],[]]}},{"type":"Feature","bbox":[13.517188,42.43291,19.400977,46.534619],"properties":{"featurecla":"Admin-0 country","scalerank":1,"LABELRANK":6,"SOVEREIGNT":"Croatia","SOV_A3":"HRV","ADM0_DIF":0,"LEVEL":2,"TYPE":"Sovereign country","TLC":"1","ADMIN":"Croatia","ADM0_A3":"HRV","GEOU_DIF":0,"GEOUNIT":"Croatia","GU_A3":"HRV","SU_DIF":0,"SUBUNIT":"Croatia","SU_A3":"HRV","BRK_DIFF":0,"NAME":"Croatia","NAME_LONG":"Croatia","BRK_A3":"HRV","BRK_NAME":"Croatia","BRK_GROUP":null,"ABBREV":"Cro.","POSTAL":"HR","FORMAL_EN":"Republic of Croatia","FORMAL_FR":null,"NAME_CIAWF":"Croatia","NOTE_ADM0":null,"NOTE_BRK":null,"NAME_SORT":"Croatia","NAME_ALT":null,"MAPCOLOR7":5,"MAPCOLOR8":4,"MAPCOLOR9":5,"MAPCOLOR13":1,"POP_EST":4067500,"POP_RANK":12,"POP_YEAR":2019,"GDP_MD":60752,"GDP_YEAR":2019,"ECONOMY":"2. Developed region: nonG7","INCOME_GRP":"2. High income: nonOECD","FIPS_10":"HR","ISO_A2":"HR","ISO_A2_EH":"HR","ISO_A3":"HRV","ISO_A3_EH":"HRV","ISO_N3":"191","ISO_N3_EH":"191","UN_A3":"191","WB_A2":"HR","WB_A3":"HRV","WOE_ID":23424843,"WOE_ID_EH":23424843,"WOE_NOTE":"Exact WOE match as country","ADM0_ISO":"HRV","ADM0_DIFF":null,"ADM0_TLC":"HRV","ADM0_A3_US":"HRV","ADM0_A3_FR":"HRV","ADM0_A3_RU":"HRV","ADM0_A3_ES":"HRV","ADM0_A3_CN":"HRV","ADM0_A3_TW":"HRV","ADM0_A3_IN":"HRV","ADM0_A3_NP":"HRV","ADM0_A3_PK":"HRV","ADM0_A3_DE":"HRV","ADM0_A3_GB":"HRV","ADM0_A3_BR":"HRV","ADM0_A3_IL":"HRV","ADM0_A3_PS":"HRV","ADM0_A3_SA":"HRV","ADM0_A3_EG":"HRV","ADM0_A3_MA":"HRV","ADM0_A3_PT":"HRV","ADM0_A3_AR":"HRV","ADM0_A3_JP":"HRV","ADM0_A3_KO":"HRV","ADM0_A3_VN":"HRV","ADM0_A3_TR":"HRV","ADM0_A3_ID":"HRV","ADM0_A3_PL":"HRV","ADM0_A3_GR":"HRV","ADM0_A3_IT":"HRV","ADM0_A3_NL":"HRV","ADM0_A3_SE":"HRV","ADM0_A3_BD":"HRV","ADM0_A3_UA":"HRV","ADM0_A3_UN":-99,"ADM0_A3_WB":-99,"CONTINENT":"Europe","REGION_UN":"Europe","SUBREGION":"Southern Europe","REGION_WB":"Europe & Central Asia","NAME_LEN":7,"LONG_LEN":7,"ABBREV_LEN":4,"TINY":-99,"HOMEPART":1,"MIN_ZOOM":0,"MIN_LABEL":4,"MAX_LABEL":9,"LABEL_X":16.37241,"LABEL_Y":45.805799,"NE_ID":1159320833,"WIKIDATAID":"Q224","NAME_AR":"كرواتيا","NAME_BN":"ক্রোয়েশিয়া","NAME_DE":"Kroatien","NAME_EN":"Croatia","NAME_ES":"Croacia","NAME_FA":"کرواسی","NAME_FR":"Croatie","NAME_EL":"Κροατία","NAME_HE":"קרואטיה","NAME_HI":"क्रोएशिया","NAME_HU":"Horvátország","NAME_ID":"Kroasia","NAME_IT":"Croazia","NAME_JA":"クロアチア","NAME_KO":"크로아티아","NAME_NL":"Kroatië","NAME_PL":"Chorwacja","NAME_PT":"Croácia","NAME_RU":"Хорватия","NAME_SV":"Kroatien","NAME_TR":"Hırvatistan","NAME_UK":"Хорватія","NAME_UR":"کروشیا","NAME_VI":"Croatia","NAME_ZH":"克罗地亚","NAME_ZHT":"克羅地亞","FCLASS_ISO":"Admin-0 country","TLC_DIFF":null,"FCLASS_TLC":"Admin-0 country","FCLASS_US":null,"FCLASS_FR":null,"FCLASS_RU":null,"FCLASS_ES":null,"FCLASS_CN":null,"FCLASS_TW":null,"FCLASS_IN":null,"FCLASS_NP":null,"FCLASS_PK":null,"FCLASS_DE":null,"FCLASS_GB":null,"FCLASS_BR":null,"FCLASS_IL":null,"FCLASS_PS":null,"FCLASS_SA":null,"FCLASS_EG":null,"FCLASS_MA":null,"FCLASS_PT":null,"FCLASS_AR":null,"FCLASS_JP":null,"FCLASS_KO":null,"FCLASS_VN":null,"FCLASS_TR":null,"FCLASS_ID":null,"FCLASS_PL":null,"FCLASS_GR":null,"FCLASS_IT":null,"FCLASS_NL":null,"FCLASS_SE":null,"FCLASS_BD":null,"FCLASS_UA":null},"geometry":{"type":"MultiPolygon","coordinates":[[],[],[],[],[],[],[],[],[],[],[],[],[]]}},{"type":"Feature","bbox":[-8.603564,4.351318,-2.505859,10.724072],"properties":{"featurecla":"Admin-0 country","scalerank":5,"LABELRANK":3,"SOVEREIGNT":"Ivory Coast","SOV_A3":"CIV","ADM0_DIF":0,"LEVEL":2,"TYPE":"Sovereign country","TLC":"1","ADMIN":"Ivory Coast","ADM0_A3":"CIV","GEOU_DIF":0,"GEOUNIT":"Ivory Coast","GU_A3":"CIV","SU_DIF":0,"SUBUNIT":"Ivory Coast","SU_A3":"CIV","BRK_DIFF":0,"NAME":"Côte d'Ivoire","NAME_LONG":"Côte d'Ivoire","BRK_A3":"CIV","BRK_NAME":"Côte d'Ivoire","BRK_GROUP":null,"ABBREV":"I.C.","POSTAL":"CI","FORMAL_EN":"Republic of Ivory Coast","FORMAL_FR":"Republic of Cote D'Ivoire","NAME_CIAWF":"Cote D'ivoire","NOTE_ADM0":null,"NOTE_BRK":null,"NAME_SORT":"Côte d'Ivoire","NAME_ALT":null,"MAPCOLOR7":4,"MAPCOLOR8":6,"MAPCOLOR9":3,"MAPCOLOR13":3,"POP_EST":25716544,"POP_RANK":15,"POP_YEAR":2019,"GDP_MD":58539,"GDP_YEAR":2019,"ECONOMY":"6. Developing region","INCOME_GRP":"4. Lower middle income","FIPS_10":"IV","ISO_A2":"CI","ISO_A2_EH":"CI","ISO_A3":"CIV","ISO_A3_EH":"CIV","ISO_N3":"384","ISO_N3_EH":"384","UN_A3":"384","WB_A2":"CI","WB_A3":"CIV","WOE_ID":23424854,"WOE_ID_EH":23424854,"WOE_NOTE":"Exact WOE match as country","ADM0_ISO":"CIV","ADM0_DIFF":null,"ADM0_TLC":"CIV","ADM0_A3_US":"CIV","ADM0_A3_FR":"CIV","ADM0_A3_RU":"CIV","ADM0_A3_ES":"CIV","ADM0_A3_CN":"CIV","ADM0_A3_TW":"CIV","ADM0_A3_IN":"CIV","ADM0_A3_NP":"CIV","ADM0_A3_PK":"CIV","ADM0_A3_DE":"CIV","ADM0_A3_GB":"CIV","ADM0_A3_BR":"CIV","ADM0_A3_IL":"CIV","ADM0_A3_PS":"CIV","ADM0_A3_SA":"CIV","ADM0_A3_EG":"CIV","ADM0_A3_MA":"CIV","ADM0_A3_PT":"CIV","ADM0_A3_AR":"CIV","ADM0_A3_JP":"CIV","ADM0_A3_KO":"CIV","ADM0_A3_VN":"CIV","ADM0_A3_TR":"CIV","ADM0_A3_ID":"CIV","ADM0_A3_PL":"CIV","ADM0_A3_GR":"CIV","ADM0_A3_IT":"CIV","ADM0_A3_NL":"CIV","ADM0_A3_SE":"CIV","ADM0_A3_BD":"CIV","ADM0_A3_UA":"CIV","ADM0_A3_UN":-99,"ADM0_A3_WB":-99,"CONTINENT":"Africa","REGION_UN":"Africa","SUBREGION":"Western Africa","REGION_WB":"Sub-Saharan Africa","NAME_LEN":13,"LONG_LEN":13,"ABBREV_LEN":4,"TINY":-99,"HOMEPART":1,"MIN_ZOOM":0,"MIN_LABEL":2.5,"MAX_LABEL":8,"LABEL_X":-5.568618,"LABEL_Y":7.49139,"NE_ID":1159320507,"WIKIDATAID":"Q1008","NAME_AR":"ساحل العاج","NAME_BN":"কোত দিভোয়ার","NAME_DE":"Elfenbeinküste","NAME_EN":"Ivory Coast","NAME_ES":"Costa de Marfil","NAME_FA":"ساحل عاج","NAME_FR":"Côte d'Ivoire","NAME_EL":"Ακτή Ελεφαντοστού","NAME_HE":"חוף השנהב","NAME_HI":"कोत दिव्वार","NAME_HU":"Elefántcsontpart","NAME_ID":"Pantai Gading","NAME_IT":"Costa d'Avorio","NAME_JA":"コートジボワール","NAME_KO":"코트디부아르","NAME_NL":"Ivoorkust","NAME_PL":"Wybrzeże Kości Słoniowej","NAME_PT":"Costa do Marfim","NAME_RU":"Кот-д’Ивуар","NAME_SV":"Elfenbenskusten","NAME_TR":"Fildişi Sahili","NAME_UK":"Кот-д'Івуар","NAME_UR":"کوت داوواغ","NAME_VI":"Bờ Biển Ngà","NAME_ZH":"科特迪瓦","NAME_ZHT":"象牙海岸","FCLASS_ISO":"Admin-0 country","TLC_DIFF":null,"FCLASS_TLC":"Admin-0 country","FCLASS_US":null,"FCLASS_FR":null,"FCLASS_RU":null,"FCLASS_ES":null,"FCLASS_CN":null,"FCLASS_TW":null,"FCLASS_IN":null,"FCLASS_NP":null,"FCLASS_PK":null,"FCLASS_DE":null,"FCLASS_GB":null,"FCLASS_BR":null,"FCLASS_IL":null,"FCLASS_PS":null,"FCLASS_SA":null,"FCLASS_EG":null,"FCLASS_MA":null,"FCLASS_PT":null,"FCLASS_AR":null,"FCLASS_JP":null,"FCLASS_KO":null,"FCLASS_VN":null,"FCLASS_TR":null,"FCLASS_ID":null,"FCLASS_PL":null,"FCLASS_GR":null,"FCLASS_IT":null,"FCLASS_NL":null,"FCLASS_SE":null,"FCLASS_BD":null,"FCLASS_UA":null},"geometry":{"type":"MultiPolygon","coordinates":[[[[-3.086719,5.12832],[-3.114014,5.088672],[-3.246387,5.114062],[-3.214893,5.147217],[-3.086719,5.12832]]],[[[-7.990625,10.1625],[-7.960938,10.163477],[-7.884082,10.185742],[-7.814209,10.236572],[-7.749072,10.342285],[-7.661133,10.427441],[-7.562109,10.42124],[-7.532812,10.436816],[-7.497949,10.439795],[-7.456543,10.383936],[-7.414795,10.341309],[-7.385059,10.340137],[-7.363184,10.259375],[-7.182324,10.225684],[-7.104883,10.203516],[-7.039746,10.144775],[-7.01709,10.143262],[-6.989453,10.155664],[-6.968164,10.176221],[-6.963818,10.19873],[-6.991748,10.251855],[-6.979492,10.299561],[-6.950342,10.342334],[-6.903809,10.345068],[-6.833643,10.356982],[-6.753223,10.357129],[-6.693262,10.349463],[-6.669336,10.392187],[-6.691992,10.512012],[-6.686133,10.578027],[-6.676367,10.633789],[-6.65415,10.656445],[-6.5646,10.586426],[-6.482617,10.56123],[-6.423926,10.559131],[-6.40752,10.572363],[-6.432617,10.64873],[-6.425879,10.671777],[-6.40415,10.685107],[-6.365625,10.692822],[-6.261133,10.724072],[-6.250244,10.71792],[-6.230664,10.59751],[-6.239746,10.558105],[-6.217773,10.47627],[-6.190674,10.400293],[-6.192627,10.369434],[-6.21499,10.322363],[-6.241309,10.279199],[-6.238379,10.261621],[-6.196875,10.232129],[-6.117188,10.201904],[-6.03457,10.194824],[-5.988672,10.239111],[-5.940674,10.275098],[-5.907568,10.307227],[-5.896191,10.354736],[-5.843848,10.389551],[-5.694287,10.433203],[-5.556592,10.439941],[-5.523535,10.426025],[-5.461279,10.35957],[-5.382275,10.314014],[-5.262305,10.319678],[-5.175293,10.292627],[-5.099854,10.241602],[-5.049316,10.12832],[-4.994043,10.046484],[-4.969922,9.930078],[-4.882715,9.868945],[-4.814453,9.841162],[-4.721777,9.756543],[-4.62583,9.713574],[-4.526611,9.723486],[-4.480273,9.679248],[-4.406201,9.647998],[-4.332227,9.645703],[-4.267187,9.743262],[-4.181152,9.781738],[-3.963477,9.859619],[-3.877637,9.894922],[-3.790625,9.917187],[-3.581152,9.924316],[-3.386279,9.900293],[-3.289697,9.882227],[-3.223535,9.895459],[-3.160693,9.84917],[-3.095801,9.7521],[-3.042627,9.720898],[-2.988281,9.687354],[-2.948145,9.610742],[-2.900879,9.534619],[-2.875146,9.500928],[-2.816748,9.42583],[-2.766602,9.424707],[-2.717187,9.457129],[-2.69585,9.481348],[-2.686133,9.431738],[-2.705762,9.351367],[-2.701807,9.30166],[-2.674219,9.282617],[-2.689209,9.218604],[-2.74668,9.109619],[-2.746924,9.045117],[-2.689893,9.025098],[-2.649219,8.956592],[-2.624902,8.8396],[-2.600391,8.800439],[-2.597998,8.776367],[-2.556885,8.493018],[-2.505859,8.20874],[-2.538281,8.171631],[-2.582764,8.160791],[-2.611719,8.147559],[-2.619971,8.121094],[-2.600977,8.082227],[-2.613379,8.04668],[-2.668848,8.022217],[-2.789746,7.931934],[-2.798145,7.895996],[-2.830127,7.819043],[-2.856885,7.77207],[-2.896338,7.68501],[-2.959082,7.454541],[-2.982324,7.263623],[-2.985791,7.204883],[-3.010156,7.16377],[-3.037695,7.10459],[-3.168896,6.940967],[-3.235791,6.807227],[-3.227148,6.749121],[-3.224121,6.690771],[-3.243896,6.648682],[-3.240283,6.535645],[-3.224023,6.441064],[-3.200586,6.348242],[-3.105566,6.085645],[-3.056152,5.92627],[-3.025293,5.797754],[-2.998291,5.711328],[-2.972803,5.67627],[-2.962256,5.643018],[-2.821191,5.619189],[-2.793652,5.600098],[-2.75498,5.43252],[-2.761914,5.356934],[-2.7896,5.328223],[-2.788672,5.264111],[-2.795215,5.184521],[-2.815674,5.153027],[-2.894727,5.149023],[-2.94834,5.118848],[-3.019141,5.130811],[-3.025879,5.150537],[-3.063965,5.157715],[-3.168701,5.203027],[-3.151416,5.348291],[-3.199951,5.354492],[-3.237598,5.3354],[-3.312012,5.160791],[-3.347559,5.130664],[-3.870605,5.220703],[-3.98418,5.293164],[-4.120166,5.309717],[-4.357275,5.301416],[-4.552832,5.279883],[-4.608887,5.235889],[-4.115186,5.261621],[-4.062061,5.256641],[-4.037207,5.230127],[-4.661523,5.172559],[-4.899707,5.13833],[-4.970117,5.147754],[-5.023682,5.203613],[-5.282373,5.210254],[-5.335449,5.191992],[-5.367529,5.150781],[-5.265771,5.159717],[-5.104883,5.162158],[-5.061816,5.130664],[-5.564746,5.089453],[-5.91377,5.010937],[-6.061719,4.952832],[-6.548437,4.761768],[-6.845166,4.671484],[-6.9229,4.63833],[-7.057959,4.544727],[-7.231396,4.485986],[-7.426074,4.376025],[-7.544971,4.351318],[-7.571582,4.386426],[-7.574658,4.572314],[-7.591211,4.821533],[-7.585059,4.916748],[-7.569336,5.006445],[-7.568896,5.080664],[-7.509766,5.108496],[-7.494141,5.139795],[-7.485205,5.236426],[-7.429834,5.324512],[-7.428906,5.477881],[-7.412451,5.509912],[-7.399902,5.550586],[-7.42373,5.651318],[-7.454395,5.841309],[-7.469434,5.853711],[-7.482812,5.845508],[-7.513916,5.842041],[-7.636133,5.907715],[-7.730371,5.919043],[-7.796533,5.975098],[-7.800928,6.038916],[-7.833252,6.076367],[-7.855518,6.150146],[-7.888623,6.234863],[-7.981592,6.286133],[-8.068945,6.298389],[-8.131006,6.287549],[-8.203857,6.290723],[-8.287109,6.319043],[-8.344873,6.35127],[-8.399316,6.413184],[-8.449902,6.4625],[-8.490332,6.456396],[-8.539551,6.468066],[-8.587891,6.490527],[-8.603564,6.507812],[-8.401221,6.705127],[-8.332568,6.801562],[-8.325098,6.8604],[-8.324512,6.92002],[-8.302344,6.980957],[-8.296631,7.074023],[-8.40874,7.411816],[-8.437158,7.516406],[-8.467285,7.547021],[-8.486426,7.558496],[-8.42998,7.601855],[-8.351758,7.590576],[-8.231885,7.556738],[-8.205957,7.590234],[-8.11543,7.760742],[-8.117822,7.824023],[-8.126855,7.867725],[-8.073828,7.984424],[-8.031738,8.029736],[-8.009863,8.078516],[-8.016748,8.144922],[-8.048584,8.169727],[-8.090527,8.165137],[-8.140625,8.181445],[-8.217139,8.219678],[-8.256104,8.253711],[-8.244141,8.40791],[-8.236963,8.455664],[-8.209961,8.483252],[-8.167773,8.490674],[-8.049121,8.495312],[-7.953125,8.477734],[-7.86875,8.467529],[-7.823584,8.467676],[-7.787402,8.421973],[-7.738965,8.375244],[-7.696094,8.375586],[-7.681201,8.410352],[-7.690967,8.5625],[-7.71958,8.643018],[-7.784033,8.720605],[-7.950977,8.786816],[-7.95498,8.879443],[-7.938184,8.979785],[-7.9021,9.01709],[-7.777979,9.080859],[-7.799805,9.115039],[-7.839404,9.151611],[-7.918066,9.188525],[-7.9,9.308691],[-7.896191,9.415869],[-7.962695,9.403857],[-8.031006,9.397656],[-8.088672,9.430664],[-8.136963,9.495703],[-8.146045,9.674805],[-8.14585,9.881738],[-8.155176,9.973193],[-8.136621,10.02207],[-8.077832,10.06709],[-8.013525,10.125293],[-7.990625,10.1625]]]]}},{"type":"Feature","bbox":[12.213672,-13.453809,31.274023,5.312109],"properties":{"featurecla":"Admin-0 country","scalerank":1,"LABELRANK":2,"SOVEREIGNT":"Democratic Republic of the Congo","SOV_A3":"COD","ADM0_DIF":0,"LEVEL":2,"TYPE":"Sovereign country","TLC":"1","ADMIN":"Democratic Republic of the Congo","ADM0_A3":"COD","GEOU_DIF":0,"GEOUNIT":"Democratic Republic of the Congo","GU_A3":"COD","SU_DIF":0,"SUBUNIT":"Democratic Republic of the Congo","SU_A3":"COD","BRK_DIFF":0,"NAME":"Dem. Rep. Congo","NAME_LONG":"Democratic Republic of the Congo","BRK_A3":"COD","BRK_NAME":"Democratic Republic of the Congo","BRK_GROUP":null,"ABBREV":"D.R.C.","POSTAL":"DRC","FORMAL_EN":"Democratic Republic of the Congo","FORMAL_FR":null,"NAME_CIAWF":"Congo, Democratic Republic of the","NOTE_ADM0":null,"NOTE_BRK":null,"NAME_SORT":"Congo, Dem. Rep.","NAME_ALT":null,"MAPCOLOR7":4,"MAPCOLOR8":4,"MAPCOLOR9":4,"MAPCOLOR13":7,"POP_EST":86790567,"POP_RANK":16,"POP_YEAR":2019,"GDP_MD":50400,"GDP_YEAR":2019,"ECONOMY":"7. Least developed region","INCOME_GRP":"5. Low income","FIPS_10":"CG","ISO_A2":"CD","ISO_A2_EH":"CD","ISO_A3":"COD","ISO_A3_EH":"COD","ISO_N3":"180","ISO_N3_EH":"180","UN_A3":"180","WB_A2":"ZR","WB_A3":"ZAR","WOE_ID":23424780,"WOE_ID_EH":23424780,"WOE_NOTE":"Exact WOE match as country","ADM0_ISO":"COD","ADM0_DIFF":null,"ADM0_TLC":"COD","ADM0_A3_US":"COD","ADM0_A3_FR":"COD","ADM0_A3_RU":"COD","ADM0_A3_ES":"COD","ADM0_A3_CN":"COD","ADM0_A3_TW":"COD","ADM0_A3_IN":"COD","ADM0_A3_NP":"COD","ADM0_A3_PK":"COD","ADM0_A3_DE":"COD","ADM0_A3_GB":"COD","ADM0_A3_BR":"COD","ADM0_A3_IL":"COD","ADM0_A3_PS":"COD","ADM0_A3_SA":"COD","ADM0_A3_EG":"COD","ADM0_A3_MA":"COD","ADM0_A3_PT":"COD","ADM0_A3_AR":"COD","ADM0_A3_JP":"COD","ADM0_A3_KO":"COD","ADM0_A3_VN":"COD","ADM0_A3_TR":"COD","ADM0_A3_ID":"COD","ADM0_A3_PL":"COD","ADM0_A3_GR":"COD","ADM0_A3_IT":"COD","ADM0_A3_NL":"COD","ADM0_A3_SE":"COD","ADM0_A3_BD":"COD","ADM0_A3_UA":"COD","ADM0_A3_UN":-99,"ADM0_A3_WB":-99,"CONTINENT":"Africa","REGION_UN":"Africa","SUBREGION":"Middle Africa","REGION_WB":"Sub-Saharan Africa","NAME_LEN":15,"LONG_LEN":32,"ABBREV_LEN":6,"TINY":-99,"HOMEPART":1,"MIN_ZOOM":0,"MIN_LABEL":2,"MAX_LABEL":7,"LABEL_X":23.458829,"LABEL_Y":-1.858167,"NE_ID":1159320513,"WIKIDATAID":"Q974","NAME_AR":"جمهورية الكونغو الديمقراطية","NAME_BN":"গণতান্ত্রিক কঙ্গো প্রজাতন্ত্র","NAME_DE":"Demokratische Republik Kongo","NAME_EN":"Democratic Republic of the Congo","NAME_ES":"República Democrática del Congo","NAME_FA":"جمهوری دموکراتیک کنگو","NAME_FR":"République démocratique du Congo","NAME_EL":"Λαϊκή Δημοκρατία του Κονγκό","NAME_HE":"הרפובליקה הדמוקרטית של קונגו","NAME_HI":"कांगो लोकतान्त्रिक गणराज्य","NAME_HU":"Kongói Demokratikus Köztársaság","NAME_ID":"Republik Demokratik Kongo","NAME_IT":"Repubblica Democratica del Congo","NAME_JA":"コンゴ民主共和国","NAME_KO":"콩고 민주 공화국","NAME_NL":"Congo-Kinshasa","NAME_PL":"Demokratyczna Republika Konga","NAME_PT":"República Democrática do Congo","NAME_RU":"Демократическая Республика Конго","NAME_SV":"Kongo-Kinshasa","NAME_TR":"Demokratik Kongo Cumhuriyeti","NAME_UK":"Демократична Республіка Конго","NAME_UR":"جمہوری جمہوریہ کانگو","NAME_VI":"Cộng hòa Dân chủ Congo","NAME_ZH":"刚果民主共和国","NAME_ZHT":"剛果民主共和國","FCLASS_ISO":"Admin-0 country","TLC_DIFF":null,"FCLASS_TLC":"Admin-0 country","FCLASS_US":null,"FCLASS_FR":null,"FCLASS_RU":null,"FCLASS_ES":null,"FCLASS_CN":null,"FCLASS_TW":null,"FCLASS_IN":null,"FCLASS_NP":null,"FCLASS_PK":null,"FCLASS_DE":null,"FCLASS_GB":null,"FCLASS_BR":null,"FCLASS_IL":null,"FCLASS_PS":null,"FCLASS_SA":null,"FCLASS_EG":null,"FCLASS_MA":null,"FCLASS_PT":null,"FCLASS_AR":null,"FCLASS_JP":null,"FCLASS_KO":null,"FCLASS_VN":null,"FCLASS_TR":null,"FCLASS_ID":null,"FCLASS_PL":null,"FCLASS_GR":null,"FCLASS_IT":null,"FCLASS_NL":null,"FCLASS_SE":null,"FCLASS_BD":null,"FCLASS_UA":null},"geometry":{"type":"Polygon","coordinates":[[[30.751172,-8.193652],[30.57793,-8.22002],[30.327539,-8.258203],[30.051367,-8.300293],[29.766211,-8.34375],[29.483789,-8.386914],[29.215625,-8.427832],[28.972266,-8.464941],[28.898145,-8.485449],[28.934473,-8.590234],[28.917773,-8.700586],[28.869531,-8.78584],[28.793555,-8.891016],[28.758789,-8.932617],[28.68125,-9.014648],[28.616504,-9.072266],[28.484277,-9.169434],[28.400684,-9.224805],[28.400195,-9.275],[28.540527,-9.510059],[28.604199,-9.678809],[28.630078,-9.83125],[28.628906,-9.91875],[28.623535,-10.098828],[28.617188,-10.312988],[28.607422,-10.397363],[28.645508,-10.550195],[28.638867,-10.669238],[28.544238,-10.802344],[28.517969,-10.933203],[28.470313,-11.10957],[28.404199,-11.354395],[28.357227,-11.483008],[28.383398,-11.566699],[28.407031,-11.622852],[28.431836,-11.69834],[28.48252,-11.812109],[28.541602,-11.879199],[28.574609,-11.908105],[28.769434,-12.05127],[28.85,-12.120508],[28.973438,-12.257812],[29.064355,-12.348828],[29.191211,-12.370215],[29.34375,-12.404785],[29.427539,-12.43125],[29.485547,-12.418457],[29.504883,-12.386133],[29.502246,-12.317578],[29.491992,-12.266895],[29.508203,-12.228223],[29.559766,-12.202441],[29.691992,-12.19834],[29.749609,-12.164062],[29.795117,-12.155469],[29.795313,-12.306152],[29.795508,-12.450586],[29.795605,-12.625879],[29.795801,-12.827051],[29.796094,-12.99209],[29.796289,-13.16748],[29.796484,-13.369727],[29.795313,-13.392773],[29.775195,-13.438086],[29.722656,-13.453809],[29.651758,-13.414355],[29.647656,-13.372949],[29.630273,-13.298535],[29.597168,-13.260547],[29.554199,-13.248926],[29.481445,-13.267969],[29.381836,-13.322852],[29.253711,-13.370801],[29.201855,-13.39834],[29.111621,-13.395117],[29.014258,-13.368848],[28.942285,-13.307129],[28.92168,-13.214648],[28.858789,-13.119434],[28.773145,-12.981934],[28.730078,-12.925488],[28.672949,-12.861328],[28.61543,-12.854102],[28.550879,-12.836133],[28.51123,-12.742188],[28.474414,-12.62334],[28.451465,-12.577441],[28.412891,-12.518066],[28.357715,-12.482031],[28.237305,-12.43457],[28.068848,-12.368164],[27.857422,-12.284863],[27.756836,-12.280859],[27.644336,-12.266797],[27.573828,-12.227051],[27.533398,-12.195312],[27.487012,-12.079688],[27.423633,-11.944531],[27.238086,-11.783496],[27.196387,-11.605078],[27.15918,-11.579199],[27.09541,-11.59375],[27.046094,-11.615918],[27.02666,-11.66377],[26.976855,-11.824609],[26.949609,-11.898828],[26.930859,-11.919336],[26.89043,-11.943555],[26.824023,-11.965234],[26.729688,-11.975977],[26.596387,-11.97207],[26.429688,-11.947852],[26.339648,-11.929883],[26.096387,-11.903223],[26.025977,-11.890137],[25.926563,-11.855273],[25.854883,-11.820117],[25.618848,-11.744141],[25.511914,-11.753418],[25.459961,-11.699805],[25.413379,-11.673535],[25.349414,-11.623047],[25.320703,-11.553516],[25.282617,-11.40498],[25.291797,-11.325488],[25.319336,-11.236914],[25.28877,-11.212402],[25.245996,-11.212402],[25.184863,-11.242969],[25.075977,-11.260059],[24.876855,-11.299121],[24.806348,-11.321191],[24.728125,-11.337793],[24.668262,-11.35293],[24.518555,-11.438477],[24.466602,-11.447656],[24.37793,-11.41709],[24.335156,-11.371289],[24.37793,-11.319336],[24.396289,-11.255176],[24.365723,-11.129883],[24.319922,-11.071777],[24.187207,-11.02998],[24.136523,-11.025977],[24.115137,-10.955664],[24.078418,-10.891504],[24.002734,-10.879102],[23.966504,-10.871777],[23.928711,-10.891504],[23.907324,-10.943457],[23.901172,-10.983203],[23.833887,-11.013672],[23.696387,-11.007617],[23.559961,-10.978613],[23.463965,-10.969336],[23.400195,-10.976465],[23.156738,-11.074805],[23.07627,-11.087891],[22.814746,-11.080273],[22.666504,-11.059766],[22.561035,-11.055859],[22.486133,-11.086719],[22.392969,-11.159473],[22.314941,-11.198633],[22.278809,-11.194141],[22.256641,-11.163672],[22.226172,-11.121973],[22.216699,-11.012695],[22.17793,-10.892285],[22.203516,-10.829492],[22.280469,-10.783984],[22.307031,-10.691309],[22.283203,-10.551563],[22.281641,-10.45332],[22.302441,-10.39668],[22.274512,-10.259082],[22.197754,-10.040625],[22.08916,-9.862793],[21.948633,-9.725586],[21.856641,-9.594238],[21.813184,-9.46875],[21.829492,-9.168457],[21.871875,-8.903516],[21.905371,-8.693359],[21.895898,-8.341113],[21.800879,-8.111914],[21.780078,-7.86543],[21.833594,-7.60166],[21.841602,-7.420996],[21.806055,-7.328613],[21.781641,-7.314648],[21.751074,-7.305469],[21.51084,-7.29668],[21.190332,-7.284961],[20.910938,-7.281445],[20.607813,-7.277734],[20.558398,-7.244434],[20.53584,-7.182813],[20.536914,-7.121777],[20.59873,-6.935156],[20.590039,-6.919922],[20.482227,-6.91582],[20.190039,-6.946289],[19.997461,-6.976465],[19.875195,-6.986328],[19.660352,-7.037109],[19.527637,-7.144434],[19.483789,-7.279492],[19.487402,-7.390723],[19.479883,-7.472168],[19.419336,-7.557324],[19.37168,-7.655078],[19.369922,-7.706543],[19.34082,-7.966602],[19.142676,-8.001465],[18.944434,-8.001465],[18.89834,-7.998145],[18.653418,-7.936035],[18.562695,-7.935938],[18.484668,-7.968555],[18.334863,-8.000293],[18.191504,-8.023828],[18.047168,-8.100781],[18.008789,-8.107617],[17.913086,-8.067676],[17.778809,-8.071387],[17.643359,-8.090723],[17.57959,-8.099023],[17.536035,-8.075879],[17.411328,-7.881934],[17.24502,-7.62334],[17.155078,-7.461328],[17.121582,-7.419043],[17.06377,-7.363086],[16.984766,-7.257422],[16.952051,-7.157031],[16.96582,-7.062109],[16.919434,-6.933984],[16.813086,-6.772559],[16.742969,-6.618457],[16.709375,-6.47168],[16.700977,-6.345996],[16.717773,-6.241406],[16.697266,-6.164258],[16.639551,-6.114551],[16.608008,-6.051563],[16.585156,-6.025293],[16.537109,-5.96582],[16.431445,-5.900195],[16.315234,-5.865625],[16.060156,-5.864941],[15.726953,-5.863867],[15.425,-5.868848],[15.089355,-5.874512],[14.749414,-5.880078],[14.65791,-5.888867],[14.398633,-5.892676],[14.19082,-5.875977],[14.11377,-5.865137],[13.978516,-5.857227],[13.764551,-5.855176],[13.649023,-5.861719],[13.371484,-5.861816],[13.346484,-5.863379],[13.302637,-5.881836],[13.184375,-5.85625],[13.068164,-5.864844],[13.00332,-5.836133],[12.86084,-5.854102],[12.791602,-5.877734],[12.680664,-5.96084],[12.514551,-6.004199],[12.45293,-6.000488],[12.411719,-5.986328],[12.315039,-5.895313],[12.24043,-5.807324],[12.213672,-5.758691],[12.255273,-5.746484],[12.386035,-5.727734],[12.48457,-5.71875],[12.503711,-5.695801],[12.518945,-5.424609],[12.522363,-5.148926],[12.487402,-5.112695],[12.453223,-5.090625],[12.451465,-5.071484],[12.502734,-5.036914],[12.573535,-4.996582],[12.596191,-4.978418],[12.674805,-4.905371],[12.829688,-4.736621],[12.947461,-4.695312],[13.057324,-4.651074],[13.072754,-4.634766],[13.087402,-4.601953],[13.136621,-4.604297],[13.152344,-4.620313],[13.176465,-4.655859],[13.219629,-4.705859],[13.297266,-4.765234],[13.375781,-4.829395],[13.414941,-4.837402],[13.478418,-4.80498],[13.55166,-4.756738],[13.65957,-4.721484],[13.685352,-4.688672],[13.699414,-4.618359],[13.707617,-4.543262],[13.71709,-4.454492],[13.739063,-4.44248],[13.778027,-4.433887],[13.849512,-4.458887],[13.882324,-4.484668],[13.940918,-4.484668],[13.978418,-4.46123],[14.046875,-4.41748],[14.133887,-4.4],[14.227051,-4.358105],[14.316211,-4.304102],[14.358301,-4.299414],[14.40293,-4.369727],[14.442773,-4.419043],[14.449805,-4.449512],[14.409961,-4.508105],[14.36543,-4.585547],[14.40293,-4.681641],[14.411914,-4.775],[14.410742,-4.83125],[14.440918,-4.854102],[14.461621,-4.864941],[14.493945,-4.85166],[14.557617,-4.855762],[14.633984,-4.885059],[14.70791,-4.881738],[14.779297,-4.845703],[14.912109,-4.705566],[15.10625,-4.461035],[15.267188,-4.307617],[15.394629,-4.244922],[15.480957,-4.171777],[15.525977,-4.087988],[15.600098,-4.030957],[15.75459,-3.985547],[15.872461,-3.934277],[15.990039,-3.766211],[16.146777,-3.46416],[16.190625,-3.194434],[16.217383,-3.030273],[16.201855,-2.464746],[16.191602,-2.279102],[16.215332,-2.177832],[16.273926,-2.108203],[16.433594,-1.96084],[16.540723,-1.840137],[16.622461,-1.698926],[16.780078,-1.376367],[16.849121,-1.272461],[16.879883,-1.225879],[16.974707,-1.139941],[17.107617,-1.064453],[17.278809,-0.999609],[17.542871,-0.775],[17.752832,-0.549023],[17.724121,-0.277539],[17.773145,-0.052393],[17.887695,0.234131],[17.925195,0.537305],[17.885742,0.856885],[17.902441,1.118066],[18.011719,1.422119],[18.057813,1.534863],[18.072852,1.719385],[18.072168,2.013281],[18.211621,2.414941],[18.343457,2.65542],[18.490918,2.924414],[18.54707,3.087012],[18.622168,3.304053],[18.610352,3.478418],[18.59668,3.678711],[18.633691,3.954297],[18.619922,4.116602],[18.56748,4.257568],[18.594141,4.34624],[18.699902,4.382617],[18.831738,4.523438],[19.068555,4.891406],[19.323438,5.070752],[19.500977,5.12749],[19.686035,5.121387],[19.806543,5.089307],[19.8625,5.031299],[20.002344,4.944727],[20.226367,4.829639],[20.393555,4.686182],[20.486523,4.541553],[20.558105,4.462695],[20.647461,4.435645],[20.792969,4.447314],[20.955762,4.413135],[21.125586,4.332178],[21.229785,4.302197],[21.268359,4.323096],[21.350195,4.311377],[21.537598,4.244824],[21.687012,4.281396],[21.908203,4.253906],[22.422168,4.134961],[22.449707,4.155127],[22.461816,4.159766],[22.505664,4.207666],[22.617188,4.445557],[22.711719,4.591748],[22.755762,4.64668],[22.864551,4.723877],[22.992871,4.743848],[23.115918,4.736914],[23.218848,4.702979],[23.312891,4.663525],[23.417188,4.663135],[23.523633,4.70127],[23.681836,4.770801],[23.848438,4.816357],[23.991699,4.86626],[24.227734,4.953857],[24.319824,4.994141],[24.437109,5.009961],[24.765527,4.930078],[24.978418,4.982959],[25.065234,4.967432],[25.249316,5.024561],[25.283105,5.062695],[25.400195,5.255908],[25.525098,5.312109],[25.713867,5.283691],[25.819922,5.253711],[26.173535,5.171143],[26.632617,5.085205],[26.767578,5.071924],[26.82207,5.062402],[26.870117,5.075684],[27.020605,5.184375],[27.071875,5.199756],[27.114941,5.197852],[27.40332,5.10918],[27.439258,5.039209],[27.491016,4.967578],[27.66416,4.845996],[27.719238,4.77832],[27.761426,4.703223],[27.788086,4.644678],[27.841602,4.597754],[27.916602,4.56792],[27.980664,4.53208],[28.019824,4.479395],[28.078613,4.424805],[28.19209,4.350244],[28.247266,4.348535],[28.311035,4.338037],[28.367188,4.318652],[28.427539,4.32417],[28.524805,4.372852],[28.639551,4.454492],[28.727051,4.50498],[28.939355,4.487061],[29.057422,4.445947],[29.151465,4.388184],[29.224902,4.391895],[29.384863,4.498389],[29.469629,4.611816],[29.552051,4.636035],[29.676855,4.586914],[29.779883,4.480957],[29.870215,4.327148],[29.933984,4.268506],[30.021387,4.177637],[30.194922,3.981934],[30.420703,3.883887],[30.508301,3.835693],[30.536914,3.787207],[30.553516,3.722949],[30.559375,3.652783],[30.586719,3.624219],[30.647656,3.634131],[30.699902,3.644092],[30.757227,3.624219],[30.796973,3.573145],[30.816895,3.53335],[30.838574,3.490723],[30.895313,3.463672],[30.906445,3.408936],[30.867578,3.342139],[30.827832,3.282617],[30.779297,3.163379],[30.754004,3.041797],[30.786523,3.001367],[30.821387,2.967578],[30.839941,2.933496],[30.850781,2.893652],[30.84668,2.847021],[30.769531,2.677979],[30.729883,2.530273],[30.728613,2.455371],[30.830078,2.400439],[30.961914,2.403271],[31.003613,2.369385],[31.045313,2.315527],[31.082129,2.288086],[31.137598,2.288867],[31.176367,2.270068],[31.191406,2.232275],[31.236328,2.191357],[31.274023,2.146289],[31.256055,2.088477],[31.252734,2.04458],[31.158789,1.922021],[30.942578,1.682812],[30.478125,1.239062],[30.477832,1.238818],[30.321094,1.185303],[30.240137,1.102783],[30.18291,0.973486],[30.047363,0.863525],[29.942871,0.819238],[29.931641,0.792871],[29.923828,0.673926],[29.934473,0.499023],[29.885449,0.418945],[29.814648,0.263623],[29.777832,0.166357],[29.749707,0.147217],[29.717676,0.09834],[29.697852,-0.060205],[29.684375,-0.113574],[29.633203,-0.441699],[29.647852,-0.535254],[29.608203,-0.691309],[29.606445,-0.783105],[29.590039,-0.887109],[29.561914,-0.977344],[29.564063,-1.121387],[29.57998,-1.356738],[29.576953,-1.387891],[29.537793,-1.409766],[29.467969,-1.468066],[29.401953,-1.507422],[29.35166,-1.517578],[29.268164,-1.621582],[29.196582,-1.719922],[29.143262,-1.816016],[29.129395,-1.860254],[29.140625,-1.98457],[29.148047,-2.131836],[29.131543,-2.195117],[29.106445,-2.233203],[28.989551,-2.312793],[28.912695,-2.370313],[28.876367,-2.400293],[28.857617,-2.44668],[28.891406,-2.555566],[28.893945,-2.635059],[28.921777,-2.682031],[29.014355,-2.720215],[29.01416,-2.758301],[29.016602,-2.799609],[29.064746,-2.850781],[29.153223,-2.955273],[29.224414,-3.053516],[29.226074,-3.138672],[29.212305,-3.28125],[29.210059,-3.363281],[29.217188,-3.475684],[29.216797,-3.684961],[29.211816,-3.833789],[29.223242,-3.91084],[29.331348,-4.09541],[29.379199,-4.299707],[29.403223,-4.449316],[29.404199,-4.49668],[29.367578,-4.668848],[29.325684,-4.835645],[29.323438,-4.898828],[29.342773,-4.983105],[29.420117,-5.176172],[29.476465,-5.316602],[29.503711,-5.400977],[29.542383,-5.499805],[29.594141,-5.650781],[29.607031,-5.722656],[29.596387,-5.775977],[29.49082,-5.96543],[29.480078,-6.025],[29.50625,-6.17207],[29.54082,-6.313867],[29.590625,-6.394434],[29.709668,-6.616895],[29.798145,-6.691895],[29.961816,-6.803125],[30.10625,-6.915039],[30.161816,-6.973047],[30.212695,-7.037891],[30.313184,-7.203711],[30.374512,-7.338672],[30.406738,-7.460645],[30.485645,-7.627148],[30.558887,-7.781934],[30.653809,-7.970898],[30.720898,-8.104395],[30.751172,-8.193652]]]}},{"type":"Feature","bbox":[11.130176,-5.004297,18.622168,3.687305],"properties":{"featurecla":"Admin-0 country","scalerank":1,"LABELRANK":4,"SOVEREIGNT":"Republic of the Congo","SOV_A3":"COG","ADM0_DIF":0,"LEVEL":2,"TYPE":"Sovereign country","TLC":"1","ADMIN":"Republic of the Congo","ADM0_A3":"COG","GEOU_DIF":0,"GEOUNIT":"Republic of the Congo","GU_A3":"COG","SU_DIF":0,"SUBUNIT":"Republic of the Congo","SU_A3":"COG","BRK_DIFF":0,"NAME":"Congo","NAME_LONG":"Republic of the Congo","BRK_A3":"COG","BRK_NAME":"Republic of the Congo","BRK_GROUP":null,"ABBREV":"Rep. Congo","POSTAL":"CG","FORMAL_EN":"Republic of the Congo","FORMAL_FR":null,"NAME_CIAWF":"Congo, Republic of the","NOTE_ADM0":null,"NOTE_BRK":null,"NAME_SORT":"Congo, Rep.","NAME_ALT":null,"MAPCOLOR7":2,"MAPCOLOR8":1,"MAPCOLOR9":3,"MAPCOLOR13":10,"POP_EST":5380508,"POP_RANK":13,"POP_YEAR":2019,"GDP_MD":12267,"GDP_YEAR":2019,"ECONOMY":"6. Developing region","INCOME_GRP":"4. Lower middle income","FIPS_10":"CF","ISO_A2":"CG","ISO_A2_EH":"CG","ISO_A3":"COG","ISO_A3_EH":"COG","ISO_N3":"178","ISO_N3_EH":"178","UN_A3":"178","WB_A2":"CG","WB_A3":"COG","WOE_ID":23424779,"WOE_ID_EH":23424779,"WOE_NOTE":"Exact WOE match as country","ADM0_ISO":"COG","ADM0_DIFF":null,"ADM0_TLC":"COG","ADM0_A3_US":"COG","ADM0_A3_FR":"COG","ADM0_A3_RU":"COG","ADM0_A3_ES":"COG","ADM0_A3_CN":"COG","ADM0_A3_TW":"COG","ADM0_A3_IN":"COG","ADM0_A3_NP":"COG","ADM0_A3_PK":"COG","ADM0_A3_DE":"COG","ADM0_A3_GB":"COG","ADM0_A3_BR":"COG","ADM0_A3_IL":"COG","ADM0_A3_PS":"COG","ADM0_A3_SA":"COG","ADM0_A3_EG":"COG","ADM0_A3_MA":"COG","ADM0_A3_PT":"COG","ADM0_A3_AR":"COG","ADM0_A3_JP":"COG","ADM0_A3_KO":"COG","ADM0_A3_VN":"COG","ADM0_A3_TR":"COG","ADM0_A3_ID":"COG","ADM0_A3_PL":"COG","ADM0_A3_GR":"COG","ADM0_A3_IT":"COG","ADM0_A3_NL":"COG","ADM0_A3_SE":"COG","ADM0_A3_BD":"COG","ADM0_A3_UA":"COG","ADM0_A3_UN":-99,"ADM0_A3_WB":-99,"CONTINENT":"Africa","REGION_UN":"Africa","SUBREGION":"Middle Africa","REGION_WB":"Sub-Saharan Africa","NAME_LEN":5,"LONG_LEN":21,"ABBREV_LEN":10,"TINY":-99,"HOMEPART":1,"MIN_ZOOM":0,"MIN_LABEL":4,"MAX_LABEL":9,"LABEL_X":15.9005,"LABEL_Y":0.142331,"NE_ID":1159320515,"WIKIDATAID":"Q971","NAME_AR":"جمهورية الكونغو","NAME_BN":"কঙ্গো প্রজাতন্ত্র","NAME_DE":"Republik Kongo","NAME_EN":"Republic of the Congo","NAME_ES":"República del Congo","NAME_FA":"جمهوری کنگو","NAME_FR":"République du Congo","NAME_EL":"Δημοκρατία του Κονγκό","NAME_HE":"הרפובליקה של קונגו","NAME_HI":"कांगो गणराज्य","NAME_HU":"Kongói Köztársaság","NAME_ID":"Republik Kongo","NAME_IT":"Repubblica del Congo","NAME_JA":"コンゴ共和国","NAME_KO":"콩고 공화국","NAME_NL":"Congo-Brazzaville","NAME_PL":"Kongo","NAME_PT":"República do Congo","NAME_RU":"Республика Конго","NAME_SV":"Kongo-Brazzaville","NAME_TR":"Kongo Cumhuriyeti","NAME_UK":"Республіка Конго","NAME_UR":"جمہوریہ کانگو","NAME_VI":"Cộng hòa Congo","NAME_ZH":"刚果共和国","NAME_ZHT":"剛果共和國","FCLASS_ISO":"Admin-0 country","TLC_DIFF":null,"FCLASS_TLC":"Admin-0 country","FCLASS_US":null,"FCLASS_FR":null,"FCLASS_RU":null,"FCLASS_ES":null,"FCLASS_CN":null,"FCLASS_TW":null,"FCLASS_IN":null,"FCLASS_NP":null,"FCLASS_PK":null,"FCLASS_DE":null,"FCLASS_GB":null,"FCLASS_BR":null,"FCLASS_IL":null,"FCLASS_PS":null,"FCLASS_SA":null,"FCLASS_EG":null,"FCLASS_MA":null,"FCLASS_PT":null,"FCLASS_AR":null,"FCLASS_JP":null,"FCLASS_KO":null,"FCLASS_VN":null,"FCLASS_TR":null,"FCLASS_ID":null,"FCLASS_PL":null,"FCLASS_GR":null,"FCLASS_IT":null,"FCLASS_NL":null,"FCLASS_SE":null,"FCLASS_BD":null,"FCLASS_UA":null},"geometry":{"type":"Polygon","coordinates":[[[11.130176,-3.916309],[11.190039,-3.762012],[11.234473,-3.69082],[11.288281,-3.641113],[11.504297,-3.520313],[11.536816,-3.525],[11.685742,-3.682031],[11.733398,-3.694531],[11.786426,-3.690234],[11.849121,-3.69668],[11.879883,-3.665918],[11.884766,-3.625391],[11.839453,-3.580078],[11.83291,-3.531445],[11.864746,-3.478613],[11.882812,-3.420215],[11.929297,-3.350977],[11.93418,-3.318555],[11.885059,-3.283203],[11.784375,-3.229102],[11.71543,-3.176953],[11.689063,-3.126953],[11.708008,-3.063086],[11.763477,-3.01123],[11.760156,-2.983105],[11.711328,-2.936523],[11.675684,-2.886621],[11.639063,-2.855371],[11.537793,-2.836719],[11.557129,-2.769629],[11.594531,-2.670996],[11.603418,-2.59541],[11.575195,-2.39707],[11.577734,-2.360938],[11.605469,-2.342578],[11.665918,-2.364551],[11.726758,-2.394727],[11.892383,-2.351465],[11.950293,-2.344824],[11.998242,-2.382812],[12.064453,-2.412598],[12.446387,-2.32998],[12.453809,-2.245605],[12.475684,-2.169238],[12.478516,-2.112012],[12.462598,-2.075293],[12.44375,-2.047559],[12.432422,-1.990332],[12.432129,-1.928906],[12.468652,-1.9],[12.59043,-1.826855],[12.628418,-1.82959],[12.713672,-1.869434],[12.793555,-1.931836],[12.864453,-2.063281],[12.913574,-2.17627],[12.991992,-2.313379],[13.158594,-2.369141],[13.357324,-2.404785],[13.464941,-2.39541],[13.618555,-2.278613],[13.705566,-2.1875],[13.733789,-2.138477],[13.784375,-2.16377],[13.841602,-2.283691],[13.878516,-2.330176],[13.887695,-2.374512],[13.861816,-2.429883],[13.886914,-2.46543],[13.993848,-2.490625],[14.087402,-2.466895],[14.129785,-2.417969],[14.199805,-2.354199],[14.200391,-2.300586],[14.162891,-2.265527],[14.162891,-2.217578],[14.201758,-2.179883],[14.239648,-2.076758],[14.251465,-2.001465],[14.288379,-1.953516],[14.358594,-1.920215],[14.383984,-1.890039],[14.423242,-1.711523],[14.40293,-1.646973],[14.40293,-1.593359],[14.447266,-1.525098],[14.455566,-1.413184],[14.436914,-1.229785],[14.424023,-1.103906],[14.410645,-0.97207],[14.444922,-0.798828],[14.480566,-0.618359],[14.474121,-0.573438],[14.424707,-0.518652],[14.36377,-0.468555],[14.206738,-0.427344],[14.14834,-0.361914],[14.102832,-0.292383],[14.069434,-0.270117],[13.898047,-0.242578],[13.860059,-0.20332],[13.875488,-0.09082],[13.890625,0.075293],[13.88457,0.19082],[13.915137,0.283984],[13.949609,0.353809],[14.025293,0.427734],[14.065527,0.51499],[14.0875,0.536572],[14.230957,0.551123],[14.283105,0.587451],[14.324219,0.624219],[14.341504,0.673828],[14.390625,0.755713],[14.434473,0.811475],[14.43916,0.849121],[14.429883,0.901465],[14.386426,1.004443],[14.334473,1.090234],[14.303027,1.12085],[14.239746,1.322559],[14.180859,1.370215],[14.066211,1.395898],[13.851367,1.41875],[13.721191,1.382275],[13.52334,1.3146],[13.372363,1.267773],[13.274121,1.241016],[13.216309,1.248437],[13.190137,1.279248],[13.22832,1.30542],[13.247363,1.366699],[13.222754,1.45459],[13.18457,1.535059],[13.162695,1.648096],[13.172168,1.788574],[13.209473,1.92041],[13.288672,2.091699],[13.293555,2.161572],[13.533496,2.159521],[13.772754,2.157422],[14.034375,2.158887],[14.287012,2.160352],[14.484082,2.154736],[14.578906,2.199121],[14.669141,2.13208],[14.713281,2.117139],[14.72832,2.122412],[14.762891,2.075195],[14.875,2.080469],[14.892773,2.069336],[14.902441,2.012305],[15.006445,2.01377],[15.057813,2.000879],[15.099609,2.002344],[15.160059,2.035596],[15.203516,2.024463],[15.282422,1.981738],[15.33877,1.944727],[15.41748,1.956738],[15.600293,1.950391],[15.741602,1.91499],[15.881641,1.816602],[15.975195,1.76001],[16.059375,1.676221],[16.090332,1.69126],[16.119531,1.714111],[16.136133,1.724219],[16.134961,1.795947],[16.087891,1.918066],[16.069629,2.02168],[16.080078,2.106787],[16.115723,2.167822],[16.176563,2.204785],[16.182617,2.262451],[16.183398,2.270068],[16.251758,2.406787],[16.319629,2.542773],[16.40127,2.701025],[16.468555,2.831738],[16.45957,2.896533],[16.466211,2.993213],[16.480078,3.100977],[16.476758,3.165137],[16.496289,3.208838],[16.543066,3.369531],[16.57041,3.463086],[16.610742,3.505371],[16.67334,3.535205],[16.764355,3.536279],[17.002539,3.556689],[17.224707,3.598437],[17.298438,3.617188],[17.437988,3.684619],[17.491602,3.687305],[17.537695,3.661621],[17.806641,3.58418],[17.880371,3.553857],[17.907129,3.558398],[17.947949,3.551758],[18.010742,3.55083],[18.072266,3.560303],[18.111328,3.551074],[18.160938,3.499805],[18.193945,3.50542],[18.237109,3.542676],[18.318164,3.580811],[18.474414,3.622998],[18.499805,3.604102],[18.553809,3.510205],[18.610352,3.478418],[18.622168,3.304053],[18.54707,3.087012],[18.490918,2.924414],[18.343457,2.65542],[18.211621,2.414941],[18.072168,2.013281],[18.072852,1.719385],[18.057813,1.534863],[18.011719,1.422119],[17.902441,1.118066],[17.885742,0.856885],[17.925195,0.537305],[17.887695,0.234131],[17.773145,-0.052393],[17.724121,-0.277539],[17.752832,-0.549023],[17.542871,-0.775],[17.278809,-0.999609],[17.107617,-1.064453],[16.974707,-1.139941],[16.879883,-1.225879],[16.849121,-1.272461],[16.780078,-1.376367],[16.622461,-1.698926],[16.540723,-1.840137],[16.433594,-1.96084],[16.273926,-2.108203],[16.215332,-2.177832],[16.191602,-2.279102],[16.201855,-2.464746],[16.217383,-3.030273],[16.190625,-3.194434],[16.146777,-3.46416],[15.990039,-3.766211],[15.872461,-3.934277],[15.75459,-3.985547],[15.600098,-4.030957],[15.525977,-4.087988],[15.480957,-4.171777],[15.394629,-4.244922],[15.267188,-4.307617],[15.10625,-4.461035],[14.912109,-4.705566],[14.779297,-4.845703],[14.70791,-4.881738],[14.633984,-4.885059],[14.557617,-4.855762],[14.493945,-4.85166],[14.461621,-4.864941],[14.440918,-4.854102],[14.410742,-4.83125],[14.411914,-4.775],[14.40293,-4.681641],[14.36543,-4.585547],[14.409961,-4.508105],[14.449805,-4.449512],[14.442773,-4.419043],[14.40293,-4.369727],[14.358301,-4.299414],[14.316211,-4.304102],[14.227051,-4.358105],[14.133887,-4.4],[14.046875,-4.41748],[13.978418,-4.46123],[13.940918,-4.484668],[13.882324,-4.484668],[13.849512,-4.458887],[13.778027,-4.433887],[13.739063,-4.44248],[13.71709,-4.454492],[13.707617,-4.543262],[13.699414,-4.618359],[13.685352,-4.688672],[13.65957,-4.721484],[13.55166,-4.756738],[13.478418,-4.80498],[13.414941,-4.837402],[13.375781,-4.829395],[13.297266,-4.765234],[13.219629,-4.705859],[13.176465,-4.655859],[13.152344,-4.620313],[13.136621,-4.604297],[13.087402,-4.601953],[13.072754,-4.634766],[13.048047,-4.619238],[12.971387,-4.551758],[12.881055,-4.445117],[12.848145,-4.428906],[12.798242,-4.430566],[12.719434,-4.469727],[12.641699,-4.531152],[12.501465,-4.5875],[12.38457,-4.619141],[12.374023,-4.657715],[12.34668,-4.724121],[12.30791,-4.765527],[12.204297,-4.778613],[12.16709,-4.837695],[12.077539,-4.952148],[12.018359,-5.004297],[12.002734,-4.982031],[11.966797,-4.954395],[11.893262,-4.865723],[11.820703,-4.755469],[11.80127,-4.705176],[11.780859,-4.676563],[11.777539,-4.56582],[11.668066,-4.434277],[11.393848,-4.200293],[11.364453,-4.130566],[11.130176,-3.916309]]]}},{"type":"Feature","bbox":[43.22666,-12.368262,44.526758,-11.368457],"properties":{"featurecla":"Admin-0 country","scalerank":3,"LABELRANK":6,"SOVEREIGNT":"Comoros","SOV_A3":"COM","ADM0_DIF":0,"LEVEL":2,"TYPE":"Sovereign country","TLC":"1","ADMIN":"Comoros","ADM0_A3":"COM","GEOU_DIF":0,"GEOUNIT":"Comoros","GU_A3":"COM","SU_DIF":0,"SUBUNIT":"Comoros","SU_A3":"COM","BRK_DIFF":0,"NAME":"Comoros","NAME_LONG":"Comoros","BRK_A3":"COM","BRK_NAME":"Comoros","BRK_GROUP":null,"ABBREV":"Com.","POSTAL":"KM","FORMAL_EN":"Union of the Comoros","FORMAL_FR":null,"NAME_CIAWF":"Comoros","NOTE_ADM0":null,"NOTE_BRK":null,"NAME_SORT":"Comoros","NAME_ALT":null,"MAPCOLOR7":2,"MAPCOLOR8":1,"MAPCOLOR9":4,"MAPCOLOR13":10,"POP_EST":850886,"POP_RANK":11,"POP_YEAR":2019,"GDP_MD":1165,"GDP_YEAR":2019,"ECONOMY":"7. Least developed region","INCOME_GRP":"5. Low income","FIPS_10":"CN","ISO_A2":"KM","ISO_A2_EH":"KM","ISO_A3":"COM","ISO_A3_EH":"COM","ISO_N3":"174","ISO_N3_EH":"174","UN_A3":"174","WB_A2":"KM","WB_A3":"COM","WOE_ID":23424786,"WOE_ID_EH":23424786,"WOE_NOTE":"Exact WOE match as country","ADM0_ISO":"COM","ADM0_DIFF":null,"ADM0_TLC":"COM","ADM0_A3_US":"COM","ADM0_A3_FR":"COM","ADM0_A3_RU":"COM","ADM0_A3_ES":"COM","ADM0_A3_CN":"COM","ADM0_A3_TW":"COM","ADM0_A3_IN":"COM","ADM0_A3_NP":"COM","ADM0_A3_PK":"COM","ADM0_A3_DE":"COM","ADM0_A3_GB":"COM","ADM0_A3_BR":"COM","ADM0_A3_IL":"COM","ADM0_A3_PS":"COM","ADM0_A3_SA":"COM","ADM0_A3_EG":"COM","ADM0_A3_MA":"COM","ADM0_A3_PT":"COM","ADM0_A3_AR":"COM","ADM0_A3_JP":"COM","ADM0_A3_KO":"COM","ADM0_A3_VN":"COM","ADM0_A3_TR":"COM","ADM0_A3_ID":"COM","ADM0_A3_PL":"COM","ADM0_A3_GR":"COM","ADM0_A3_IT":"COM","ADM0_A3_NL":"COM","ADM0_A3_SE":"COM","ADM0_A3_BD":"COM","ADM0_A3_UA":"COM","ADM0_A3_UN":-99,"ADM0_A3_WB":-99,"CONTINENT":"Africa","REGION_UN":"Africa","SUBREGION":"Eastern Africa","REGION_WB":"Sub-Saharan Africa","NAME_LEN":7,"LONG_LEN":7,"ABBREV_LEN":4,"TINY":2,"HOMEPART":1,"MIN_ZOOM":0,"MIN_LABEL":4,"MAX_LABEL":9,"LABEL_X":43.318094,"LABEL_Y":-11.727683,"NE_ID":1159320521,"WIKIDATAID":"Q970","NAME_AR":"جزر القمر","NAME_BN":"কোমোরোস","NAME_DE":"Komoren","NAME_EN":"Comoros","NAME_ES":"Comoras","NAME_FA":"مجمعالجزایر قمر","NAME_FR":"Comores","NAME_EL":"Κομόρες","NAME_HE":"קומורו","NAME_HI":"कोमोरोस","NAME_HU":"Comore-szigetek","NAME_ID":"Komoro","NAME_IT":"Comore","NAME_JA":"コモロ","NAME_KO":"코모로","NAME_NL":"Comoren","NAME_PL":"Komory","NAME_PT":"Comores","NAME_RU":"Коморы","NAME_SV":"Komorerna","NAME_TR":"Komorlar","NAME_UK":"Коморські Острови","NAME_UR":"اتحاد القمری","NAME_VI":"Comoros","NAME_ZH":"科摩罗","NAME_ZHT":"葛摩","FCLASS_ISO":"Admin-0 country","TLC_DIFF":null,"FCLASS_TLC":"Admin-0 country","FCLASS_US":null,"FCLASS_FR":null,"FCLASS_RU":null,"FCLASS_ES":null,"FCLASS_CN":null,"FCLASS_TW":null,"FCLASS_IN":null,"FCLASS_NP":null,"FCLASS_PK":null,"FCLASS_DE":null,"FCLASS_GB":null,"FCLASS_BR":null,"FCLASS_IL":null,"FCLASS_PS":null,"FCLASS_SA":null,"FCLASS_EG":null,"FCLASS_MA":null,"FCLASS_PT":null,"FCLASS_AR":null,"FCLASS_JP":null,"FCLASS_KO":null,"FCLASS_VN":null,"FCLASS_TR":null,"FCLASS_ID":null,"FCLASS_PL":null,"FCLASS_GR":null,"FCLASS_IT":null,"FCLASS_NL":null,"FCLASS_SE":null,"FCLASS_BD":null,"FCLASS_UA":null},"geometry":{"type":"MultiPolygon","coordinates":[[[[44.476367,-12.081543],[44.526758,-12.219531],[44.52627,-12.323535],[44.50498,-12.356543],[44.460156,-12.335156],[44.377441,-12.252246],[44.220117,-12.171387],[44.292285,-12.164746],[44.334473,-12.173047],[44.379102,-12.165625],[44.407031,-12.120117],[44.412598,-12.092969],[44.451855,-12.071387],[44.476367,-12.081543]]],[[[43.788672,-12.307031],[43.858984,-12.368262],[43.663672,-12.342871],[43.63291,-12.287695],[43.631348,-12.24707],[43.704297,-12.255957],[43.788672,-12.307031]]],[[[43.46582,-11.90127],[43.446777,-11.914551],[43.355469,-11.85752],[43.30332,-11.844043],[43.22666,-11.751855],[43.256055,-11.432129],[43.280664,-11.391211],[43.299023,-11.374512],[43.341504,-11.368457],[43.392969,-11.408594],[43.379395,-11.61416],[43.447656,-11.752539],[43.491504,-11.862109],[43.46582,-11.90127]]]]}},{"type":"Feature","bbox":[-79.025439,-4.235938,-66.876025,12.434375],"properties":{"featurecla":"Admin-0 country","scalerank":1,"LABELRANK":2,"SOVEREIGNT":"Colombia","SOV_A3":"COL","ADM0_DIF":0,"LEVEL":2,"TYPE":"Sovereign country","TLC":"1","ADMIN":"Colombia","ADM0_A3":"COL","GEOU_DIF":0,"GEOUNIT":"Colombia","GU_A3":"COL","SU_DIF":0,"SUBUNIT":"Colombia","SU_A3":"COL","BRK_DIFF":0,"NAME":"Colombia","NAME_LONG":"Colombia","BRK_A3":"COL","BRK_NAME":"Colombia","BRK_GROUP":null,"ABBREV":"Col.","POSTAL":"CO","FORMAL_EN":"Republic of Colombia","FORMAL_FR":null,"NAME_CIAWF":"Colombia","NOTE_ADM0":null,"NOTE_BRK":null,"NAME_SORT":"Colombia","NAME_ALT":null,"MAPCOLOR7":2,"MAPCOLOR8":1,"MAPCOLOR9":3,"MAPCOLOR13":1,"POP_EST":50339443,"POP_RANK":16,"POP_YEAR":2019,"GDP_MD":323615,"GDP_YEAR":2019,"ECONOMY":"6. Developing region","INCOME_GRP":"3. Upper middle income","FIPS_10":"CO","ISO_A2":"CO","ISO_A2_EH":"CO","ISO_A3":"COL","ISO_A3_EH":"COL","ISO_N3":"170","ISO_N3_EH":"170","UN_A3":"170","WB_A2":"CO","WB_A3":"COL","WOE_ID":23424787,"WOE_ID_EH":23424787,"WOE_NOTE":"Exact WOE match as country","ADM0_ISO":"COL","ADM0_DIFF":null,"ADM0_TLC":"COL","ADM0_A3_US":"COL","ADM0_A3_FR":"COL","ADM0_A3_RU":"COL","ADM0_A3_ES":"COL","ADM0_A3_CN":"COL","ADM0_A3_TW":"COL","ADM0_A3_IN":"COL","ADM0_A3_NP":"COL","ADM0_A3_PK":"COL","ADM0_A3_DE":"COL","ADM0_A3_GB":"COL","ADM0_A3_BR":"COL","ADM0_A3_IL":"COL","ADM0_A3_PS":"COL","ADM0_A3_SA":"COL","ADM0_A3_EG":"COL","ADM0_A3_MA":"COL","ADM0_A3_PT":"COL","ADM0_A3_AR":"COL","ADM0_A3_JP":"COL","ADM0_A3_KO":"COL","ADM0_A3_VN":"COL","ADM0_A3_TR":"COL","ADM0_A3_ID":"COL","ADM0_A3_PL":"COL","ADM0_A3_GR":"COL","ADM0_A3_IT":"COL","ADM0_A3_NL":"COL","ADM0_A3_SE":"COL","ADM0_A3_BD":"COL","ADM0_A3_UA":"COL","ADM0_A3_UN":-99,"ADM0_A3_WB":-99,"CONTINENT":"South America","REGION_UN":"Americas","SUBREGION":"South America","REGION_WB":"Latin America & Caribbean","NAME_LEN":8,"LONG_LEN":8,"ABBREV_LEN":4,"TINY":-99,"HOMEPART":1,"MIN_ZOOM":0,"MIN_LABEL":3,"MAX_LABEL":7,"LABEL_X":-73.174347,"LABEL_Y":3.373111,"NE_ID":1159320517,"WIKIDATAID":"Q739","NAME_AR":"كولومبيا","NAME_BN":"কলম্বিয়া","NAME_DE":"Kolumbien","NAME_EN":"Colombia","NAME_ES":"Colombia","NAME_FA":"کلمبیا","NAME_FR":"Colombie","NAME_EL":"Κολομβία","NAME_HE":"קולומביה","NAME_HI":"कोलम्बिया","NAME_HU":"Kolumbia","NAME_ID":"Kolombia","NAME_IT":"Colombia","NAME_JA":"コロンビア","NAME_KO":"콜롬비아","NAME_NL":"Colombia","NAME_PL":"Kolumbia","NAME_PT":"Colômbia","NAME_RU":"Колумбия","NAME_SV":"Colombia","NAME_TR":"Kolombiya","NAME_UK":"Колумбія","NAME_UR":"کولمبیا","NAME_VI":"Colombia","NAME_ZH":"哥伦比亚","NAME_ZHT":"哥倫比亞","FCLASS_ISO":"Admin-0 country","TLC_DIFF":null,"FCLASS_TLC":"Admin-0 country","FCLASS_US":null,"FCLASS_FR":null,"FCLASS_RU":null,"FCLASS_ES":null,"FCLASS_CN":null,"FCLASS_TW":null,"FCLASS_IN":null,"FCLASS_NP":null,"FCLASS_PK":null,"FCLASS_DE":null,"FCLASS_GB":null,"FCLASS_BR":null,"FCLASS_IL":null,"FCLASS_PS":null,"FCLASS_SA":null,"FCLASS_EG":null,"FCLASS_MA":null,"FCLASS_PT":null,"FCLASS_AR":null,"FCLASS_JP":null,"FCLASS_KO":null,"FCLASS_VN":null,"FCLASS_TR":null,"FCLASS_ID":null,"FCLASS_PL":null,"FCLASS_GR":null,"FCLASS_IT":null,"FCLASS_NL":null,"FCLASS_SE":null,"FCLASS_BD":null,"FCLASS_UA":null},"geometry":{"type":"MultiPolygon","coordinates":[[],[]]}},{"type":"Feature","bbox":[73.607324,18.218262,134.752344,53.555615],"properties":{"featurecla":"Admin-0 country","scalerank":3,"LABELRANK":2,"SOVEREIGNT":"China","SOV_A3":"CH1","ADM0_DIF":1,"LEVEL":2,"TYPE":"Country","TLC":"1","ADMIN":"China","ADM0_A3":"CHN","GEOU_DIF":0,"GEOUNIT":"China","GU_A3":"CHN","SU_DIF":0,"SUBUNIT":"China","SU_A3":"CHN","BRK_DIFF":0,"NAME":"China","NAME_LONG":"China","BRK_A3":"CHN","BRK_NAME":"China","BRK_GROUP":null,"ABBREV":"China","POSTAL":"CN","FORMAL_EN":"People's Republic of China","FORMAL_FR":null,"NAME_CIAWF":"China","NOTE_ADM0":null,"NOTE_BRK":null,"NAME_SORT":"China","NAME_ALT":null,"MAPCOLOR7":4,"MAPCOLOR8":4,"MAPCOLOR9":4,"MAPCOLOR13":3,"POP_EST":1397715000,"POP_RANK":18,"POP_YEAR":2019,"GDP_MD":14342903,"GDP_YEAR":2019,"ECONOMY":"3. Emerging region: BRIC","INCOME_GRP":"3. Upper middle income","FIPS_10":"CH","ISO_A2":"CN","ISO_A2_EH":"CN","ISO_A3":"CHN","ISO_A3_EH":"CHN","ISO_N3":"156","ISO_N3_EH":"156","UN_A3":"156","WB_A2":"CN","WB_A3":"CHN","WOE_ID":23424781,"WOE_ID_EH":23424781,"WOE_NOTE":"Exact WOE match as country","ADM0_ISO":"CHN","ADM0_DIFF":null,"ADM0_TLC":"CHN","ADM0_A3_US":"CHN","ADM0_A3_FR":"CHN","ADM0_A3_RU":"CHN","ADM0_A3_ES":"CHN","ADM0_A3_CN":"CHN","ADM0_A3_TW":"TWN","ADM0_A3_IN":"CHN","ADM0_A3_NP":"CHN","ADM0_A3_PK":"CHN","ADM0_A3_DE":"CHN","ADM0_A3_GB":"CHN","ADM0_A3_BR":"CHN","ADM0_A3_IL":"CHN","ADM0_A3_PS":"CHN","ADM0_A3_SA":"CHN","ADM0_A3_EG":"CHN","ADM0_A3_MA":"CHN","ADM0_A3_PT":"CHN","ADM0_A3_AR":"CHN","ADM0_A3_JP":"CHN","ADM0_A3_KO":"CHN","ADM0_A3_VN":"CHN","ADM0_A3_TR":"CHN","ADM0_A3_ID":"CHN","ADM0_A3_PL":"CHN","ADM0_A3_GR":"CHN","ADM0_A3_IT":"CHN","ADM0_A3_NL":"CHN","ADM0_A3_SE":"CHN","ADM0_A3_BD":"CHN","ADM0_A3_UA":"CHN","ADM0_A3_UN":-99,"ADM0_A3_WB":-99,"CONTINENT":"Asia","REGION_UN":"Asia","SUBREGION":"Eastern Asia","REGION_WB":"East Asia & Pacific","NAME_LEN":5,"LONG_LEN":5,"ABBREV_LEN":5,"TINY":-99,"HOMEPART":1,"MIN_ZOOM":0,"MIN_LABEL":1.7,"MAX_LABEL":5.7,"LABEL_X":106.337289,"LABEL_Y":32.498178,"NE_ID":1159320471,"WIKIDATAID":"Q148","NAME_AR":"الصين","NAME_BN":"গণচীন","NAME_DE":"Volksrepublik China","NAME_EN":"People's Republic of China","NAME_ES":"China","NAME_FA":"جمهوری خلق چین","NAME_FR":"République populaire de Chine","NAME_EL":"Λαϊκή Δημοκρατία της Κίνας","NAME_HE":"הרפובליקה העממית של סין","NAME_HI":"चीनी जनवादी गणराज्य","NAME_HU":"Kína","NAME_ID":"Republik Rakyat Tiongkok","NAME_IT":"Cina","NAME_JA":"中華人民共和国","NAME_KO":"중화인민공화국","NAME_NL":"Volksrepubliek China","NAME_PL":"Chińska Republika Ludowa","NAME_PT":"China","NAME_RU":"Китайская Народная Республика","NAME_SV":"Kina","NAME_TR":"Çin Halk Cumhuriyeti","NAME_UK":"Китайська Народна Республіка","NAME_UR":"عوامی جمہوریہ چین","NAME_VI":"Trung Quốc","NAME_ZH":"中华人民共和国","NAME_ZHT":"中華人民共和國","FCLASS_ISO":"Admin-0 country","TLC_DIFF":null,"FCLASS_TLC":"Admin-0 country","FCLASS_US":null,"FCLASS_FR":null,"FCLASS_RU":null,"FCLASS_ES":null,"FCLASS_CN":null,"FCLASS_TW":"Unrecognized","FCLASS_IN":null,"FCLASS_NP":null,"FCLASS_PK":null,"FCLASS_DE":null,"FCLASS_GB":null,"FCLASS_BR":null,"FCLASS_IL":null,"FCLASS_PS":null,"FCLASS_SA":null,"FCLASS_EG":null,"FCLASS_MA":null,"FCLASS_PT":null,"FCLASS_AR":null,"FCLASS_JP":null,"FCLASS_KO":null,"FCLASS_VN":null,"FCLASS_TR":null,"FCLASS_ID":null,"FCLASS_PL":null,"FCLASS_GR":null,"FCLASS_IT":null,"FCLASS_NL":null,"FCLASS_SE":null,"FCLASS_BD":null,"FCLASS_UA":null},"geometry":{"type":"MultiPolygon","coordinates":[[],[],[],[],[],[],[],[],[],[],[],[],[]]}},{"type":"Feature","bbox":[113.838867,22.195166,114.335254,22.56499],"properties":{"featurecla":"Admin-0 country","scalerank":3,"LABELRANK":4,"SOVEREIGNT":"China","SOV_A3":"CH1","ADM0_DIF":1,"LEVEL":2,"TYPE":"Country","TLC":"1","ADMIN":"Hong Kong S.A.R.","ADM0_A3":"HKG","GEOU_DIF":0,"GEOUNIT":"Hong Kong S.A.R.","GU_A3":"HKG","SU_DIF":0,"SUBUNIT":"Hong Kong S.A.R.","SU_A3":"HKG","BRK_DIFF":0,"NAME":"Hong Kong","NAME_LONG":"Hong Kong","BRK_A3":"HKG","BRK_NAME":"Hong Kong","BRK_GROUP":null,"ABBREV":"H.K.","POSTAL":"HK","FORMAL_EN":"Hong Kong Special Administrative Region, PRC","FORMAL_FR":null,"NAME_CIAWF":"Hong Kong","NOTE_ADM0":"Cn.","NOTE_BRK":"China","NAME_SORT":"Hong Kong SAR, China","NAME_ALT":null,"MAPCOLOR7":4,"MAPCOLOR8":4,"MAPCOLOR9":4,"MAPCOLOR13":3,"POP_EST":7507400,"POP_RANK":13,"POP_YEAR":2019,"GDP_MD":365711,"GDP_YEAR":2019,"ECONOMY":"6. Developing region","INCOME_GRP":"2. High income: nonOECD","FIPS_10":"HK","ISO_A2":"HK","ISO_A2_EH":"HK","ISO_A3":"HKG","ISO_A3_EH":"HKG","ISO_N3":"344","ISO_N3_EH":"344","UN_A3":"344","WB_A2":"HK","WB_A3":"HKG","WOE_ID":24865698,"WOE_ID_EH":24865698,"WOE_NOTE":"Exact WOE match as country","ADM0_ISO":"HKG","ADM0_DIFF":null,"ADM0_TLC":"HKG","ADM0_A3_US":"HKG","ADM0_A3_FR":"HKG","ADM0_A3_RU":"HKG","ADM0_A3_ES":"HKG","ADM0_A3_CN":"HKG","ADM0_A3_TW":"HKG","ADM0_A3_IN":"HKG","ADM0_A3_NP":"HKG","ADM0_A3_PK":"HKG","ADM0_A3_DE":"HKG","ADM0_A3_GB":"HKG","ADM0_A3_BR":"HKG","ADM0_A3_IL":"HKG","ADM0_A3_PS":"HKG","ADM0_A3_SA":"HKG","ADM0_A3_EG":"HKG","ADM0_A3_MA":"HKG","ADM0_A3_PT":"HKG","ADM0_A3_AR":"HKG","ADM0_A3_JP":"HKG","ADM0_A3_KO":"HKG","ADM0_A3_VN":"HKG","ADM0_A3_TR":"HKG","ADM0_A3_ID":"HKG","ADM0_A3_PL":"HKG","ADM0_A3_GR":"HKG","ADM0_A3_IT":"HKG","ADM0_A3_NL":"HKG","ADM0_A3_SE":"HKG","ADM0_A3_BD":"HKG","ADM0_A3_UA":"HKG","ADM0_A3_UN":-99,"ADM0_A3_WB":-99,"CONTINENT":"Asia","REGION_UN":"Asia","SUBREGION":"Eastern Asia","REGION_WB":"East Asia & Pacific","NAME_LEN":9,"LONG_LEN":9,"ABBREV_LEN":4,"TINY":-99,"HOMEPART":-99,"MIN_ZOOM":0,"MIN_LABEL":4,"MAX_LABEL":9,"LABEL_X":114.097769,"LABEL_Y":22.448829,"NE_ID":1159320473,"WIKIDATAID":"Q8646","NAME_AR":"هونغ كونغ","NAME_BN":"হংকং","NAME_DE":"Hongkong","NAME_EN":"Hong Kong","NAME_ES":"Hong Kong","NAME_FA":"هنگ کنگ","NAME_FR":"Hong Kong","NAME_EL":"Χονγκ Κονγκ","NAME_HE":"הונג קונג","NAME_HI":"हांगकांग","NAME_HU":"Hongkong","NAME_ID":"Hong Kong","NAME_IT":"Hong Kong","NAME_JA":"香港","NAME_KO":"홍콩","NAME_NL":"Hongkong","NAME_PL":"Hongkong","NAME_PT":"Hong Kong","NAME_RU":"Гонконг","NAME_SV":"Hongkong","NAME_TR":"Hong Kong","NAME_UK":"Гонконг","NAME_UR":"ہانگ کانگ","NAME_VI":"Hồng Kông","NAME_ZH":"香港","NAME_ZHT":"香港","FCLASS_ISO":"Admin-0 dependency","TLC_DIFF":null,"FCLASS_TLC":"Admin-0 dependency","FCLASS_US":null,"FCLASS_FR":null,"FCLASS_RU":null,"FCLASS_ES":null,"FCLASS_CN":"Admin-1 region","FCLASS_TW":null,"FCLASS_IN":null,"FCLASS_NP":null,"FCLASS_PK":null,"FCLASS_DE":null,"FCLASS_GB":null,"FCLASS_BR":null,"FCLASS_IL":null,"FCLASS_PS":null,"FCLASS_SA":null,"FCLASS_EG":null,"FCLASS_MA":null,"FCLASS_PT":null,"FCLASS_AR":null,"FCLASS_JP":null,"FCLASS_KO":null,"FCLASS_VN":null,"FCLASS_TR":null,"FCLASS_ID":null,"FCLASS_PL":null,"FCLASS_GR":null,"FCLASS_IT":null,"FCLASS_NL":null,"FCLASS_SE":null,"FCLASS_BD":null,"FCLASS_UA":null},"geometry":{"type":"MultiPolygon","coordinates":[[],[],[]]}},{"type":"Feature","bbox":[-109.434131,-55.891699,-66.435791,-17.506055],"properties":{"featurecla":"Admin-0 country","scalerank":4,"LABELRANK":2,"SOVEREIGNT":"Chile","SOV_A3":"CHL","ADM0_DIF":0,"LEVEL":2,"TYPE":"Sovereign country","TLC":"1","ADMIN":"Chile","ADM0_A3":"CHL","GEOU_DIF":0,"GEOUNIT":"Chile","GU_A3":"CHL","SU_DIF":0,"SUBUNIT":"Chile","SU_A3":"CHL","BRK_DIFF":0,"NAME":"Chile","NAME_LONG":"Chile","BRK_A3":"CHL","BRK_NAME":"Chile","BRK_GROUP":null,"ABBREV":"Chile","POSTAL":"CL","FORMAL_EN":"Republic of Chile","FORMAL_FR":null,"NAME_CIAWF":"Chile","NOTE_ADM0":null,"NOTE_BRK":null,"NAME_SORT":"Chile","NAME_ALT":null,"MAPCOLOR7":5,"MAPCOLOR8":1,"MAPCOLOR9":5,"MAPCOLOR13":9,"POP_EST":18952038,"POP_RANK":14,"POP_YEAR":2019,"GDP_MD":282318,"GDP_YEAR":2019,"ECONOMY":"5. Emerging region: G20","INCOME_GRP":"3. Upper middle income","FIPS_10":"CI","ISO_A2":"CL","ISO_A2_EH":"CL","ISO_A3":"CHL","ISO_A3_EH":"CHL","ISO_N3":"152","ISO_N3_EH":"152","UN_A3":"152","WB_A2":"CL","WB_A3":"CHL","WOE_ID":23424782,"WOE_ID_EH":23424782,"WOE_NOTE":"Exact WOE match as country","ADM0_ISO":"CHL","ADM0_DIFF":null,"ADM0_TLC":"CHL","ADM0_A3_US":"CHL","ADM0_A3_FR":"CHL","ADM0_A3_RU":"CHL","ADM0_A3_ES":"CHL","ADM0_A3_CN":"CHL","ADM0_A3_TW":"CHL","ADM0_A3_IN":"CHL","ADM0_A3_NP":"CHL","ADM0_A3_PK":"CHL","ADM0_A3_DE":"CHL","ADM0_A3_GB":"CHL","ADM0_A3_BR":"CHL","ADM0_A3_IL":"CHL","ADM0_A3_PS":"CHL","ADM0_A3_SA":"CHL","ADM0_A3_EG":"CHL","ADM0_A3_MA":"CHL","ADM0_A3_PT":"CHL","ADM0_A3_AR":"CHL","ADM0_A3_JP":"CHL","ADM0_A3_KO":"CHL","ADM0_A3_VN":"CHL","ADM0_A3_TR":"CHL","ADM0_A3_ID":"CHL","ADM0_A3_PL":"CHL","ADM0_A3_GR":"CHL","ADM0_A3_IT":"CHL","ADM0_A3_NL":"CHL","ADM0_A3_SE":"CHL","ADM0_A3_BD":"CHL","ADM0_A3_UA":"CHL","ADM0_A3_UN":-99,"ADM0_A3_WB":-99,"CONTINENT":"South America","REGION_UN":"Americas","SUBREGION":"South America","REGION_WB":"Latin America & Caribbean","NAME_LEN":5,"LONG_LEN":5,"ABBREV_LEN":5,"TINY":-99,"HOMEPART":1,"MIN_ZOOM":0,"MIN_LABEL":1.7,"MAX_LABEL":6.7,"LABEL_X":-72.318871,"LABEL_Y":-38.151771,"NE_ID":1159320493,"WIKIDATAID":"Q298","NAME_AR":"تشيلي","NAME_BN":"চিলি","NAME_DE":"Chile","NAME_EN":"Chile","NAME_ES":"Chile","NAME_FA":"شیلی","NAME_FR":"Chili","NAME_EL":"Χιλή","NAME_HE":"צ'ילה","NAME_HI":"चिली","NAME_HU":"Chile","NAME_ID":"Chili","NAME_IT":"Cile","NAME_JA":"チリ","NAME_KO":"칠레","NAME_NL":"Chili","NAME_PL":"Chile","NAME_PT":"Chile","NAME_RU":"Чили","NAME_SV":"Chile","NAME_TR":"Şili","NAME_UK":"Чилі","NAME_UR":"چلی","NAME_VI":"Chile","NAME_ZH":"智利","NAME_ZHT":"智利","FCLASS_ISO":"Admin-0 country","TLC_DIFF":null,"FCLASS_TLC":"Admin-0 country","FCLASS_US":null,"FCLASS_FR":null,"FCLASS_RU":null,"FCLASS_ES":null,"FCLASS_CN":null,"FCLASS_TW":null,"FCLASS_IN":null,"FCLASS_NP":null,"FCLASS_PK":null,"FCLASS_DE":null,"FCLASS_GB":null,"FCLASS_BR":null,"FCLASS_IL":null,"FCLASS_PS":null,"FCLASS_SA":null,"FCLASS_EG":null,"FCLASS_MA":null,"FCLASS_PT":null,"FCLASS_AR":null,"FCLASS_JP":null,"FCLASS_KO":null,"FCLASS_VN":null,"FCLASS_TR":null,"FCLASS_ID":null,"FCLASS_PL":null,"FCLASS_GR":null,"FCLASS_IT":null,"FCLASS_NL":null,"FCLASS_SE":null,"FCLASS_BD":null,"FCLASS_UA":null},"geometry":{"type":"MultiPolygon","coordinates":[[],[],[],[],[],[],[],[],[],[],[],[],[],[],[],[],[],[],[],[],[],[],[],[],[],[],[],[],[],[],[]]}},{"type":"Feature","bbox":[13.448242,7.475293,23.983398,23.445215],"properties":{"featurecla":"Admin-0 country","scalerank":1,"LABELRANK":3,"SOVEREIGNT":"Chad","SOV_A3":"TCD","ADM0_DIF":0,"LEVEL":2,"TYPE":"Sovereign country","TLC":"1","ADMIN":"Chad","ADM0_A3":"TCD","GEOU_DIF":0,"GEOUNIT":"Chad","GU_A3":"TCD","SU_DIF":0,"SUBUNIT":"Chad","SU_A3":"TCD","BRK_DIFF":0,"NAME":"Chad","NAME_LONG":"Chad","BRK_A3":"TCD","BRK_NAME":"Chad","BRK_GROUP":null,"ABBREV":"Chad","POSTAL":"TD","FORMAL_EN":"Republic of Chad","FORMAL_FR":null,"NAME_CIAWF":"Chad","NOTE_ADM0":null,"NOTE_BRK":null,"NAME_SORT":"Chad","NAME_ALT":null,"MAPCOLOR7":6,"MAPCOLOR8":1,"MAPCOLOR9":8,"MAPCOLOR13":6,"POP_EST":15946876,"POP_RANK":14,"POP_YEAR":2019,"GDP_MD":11314,"GDP_YEAR":2019,"ECONOMY":"7. Least developed region","INCOME_GRP":"5. Low income","FIPS_10":"CD","ISO_A2":"TD","ISO_A2_EH":"TD","ISO_A3":"TCD","ISO_A3_EH":"TCD","ISO_N3":"148","ISO_N3_EH":"148","UN_A3":"148","WB_A2":"TD","WB_A3":"TCD","WOE_ID":23424777,"WOE_ID_EH":23424777,"WOE_NOTE":"Exact WOE match as country","ADM0_ISO":"TCD","ADM0_DIFF":null,"ADM0_TLC":"TCD","ADM0_A3_US":"TCD","ADM0_A3_FR":"TCD","ADM0_A3_RU":"TCD","ADM0_A3_ES":"TCD","ADM0_A3_CN":"TCD","ADM0_A3_TW":"TCD","ADM0_A3_IN":"TCD","ADM0_A3_NP":"TCD","ADM0_A3_PK":"TCD","ADM0_A3_DE":"TCD","ADM0_A3_GB":"TCD","ADM0_A3_BR":"TCD","ADM0_A3_IL":"TCD","ADM0_A3_PS":"TCD","ADM0_A3_SA":"TCD","ADM0_A3_EG":"TCD","ADM0_A3_MA":"TCD","ADM0_A3_PT":"TCD","ADM0_A3_AR":"TCD","ADM0_A3_JP":"TCD","ADM0_A3_KO":"TCD","ADM0_A3_VN":"TCD","ADM0_A3_TR":"TCD","ADM0_A3_ID":"TCD","ADM0_A3_PL":"TCD","ADM0_A3_GR":"TCD","ADM0_A3_IT":"TCD","ADM0_A3_NL":"TCD","ADM0_A3_SE":"TCD","ADM0_A3_BD":"TCD","ADM0_A3_UA":"TCD","ADM0_A3_UN":-99,"ADM0_A3_WB":-99,"CONTINENT":"Africa","REGION_UN":"Africa","SUBREGION":"Middle Africa","REGION_WB":"Sub-Saharan Africa","NAME_LEN":4,"LONG_LEN":4,"ABBREV_LEN":4,"TINY":-99,"HOMEPART":1,"MIN_ZOOM":0,"MIN_LABEL":3,"MAX_LABEL":8,"LABEL_X":18.645041,"LABEL_Y":15.142959,"NE_ID":1159321301,"WIKIDATAID":"Q657","NAME_AR":"تشاد","NAME_BN":"চাদ","NAME_DE":"Tschad","NAME_EN":"Chad","NAME_ES":"Chad","NAME_FA":"چاد","NAME_FR":"Tchad","NAME_EL":"Τσαντ","NAME_HE":"צ'אד","NAME_HI":"चाड","NAME_HU":"Csád","NAME_ID":"Chad","NAME_IT":"Ciad","NAME_JA":"チャド","NAME_KO":"차드","NAME_NL":"Tsjaad","NAME_PL":"Czad","NAME_PT":"Chade","NAME_RU":"Чад","NAME_SV":"Tchad","NAME_TR":"Çad","NAME_UK":"Чад","NAME_UR":"چاڈ","NAME_VI":"Tchad","NAME_ZH":"乍得","NAME_ZHT":"查德","FCLASS_ISO":"Admin-0 country","TLC_DIFF":null,"FCLASS_TLC":"Admin-0 country","FCLASS_US":null,"FCLASS_FR":null,"FCLASS_RU":null,"FCLASS_ES":null,"FCLASS_CN":null,"FCLASS_TW":null,"FCLASS_IN":null,"FCLASS_NP":null,"FCLASS_PK":null,"FCLASS_DE":null,"FCLASS_GB":null,"FCLASS_BR":null,"FCLASS_IL":null,"FCLASS_PS":null,"FCLASS_SA":null,"FCLASS_EG":null,"FCLASS_MA":null,"FCLASS_PT":null,"FCLASS_AR":null,"FCLASS_JP":null,"FCLASS_KO":null,"FCLASS_VN":null,"FCLASS_TR":null,"FCLASS_ID":null,"FCLASS_PL":null,"FCLASS_GR":null,"FCLASS_IT":null,"FCLASS_NL":null,"FCLASS_SE":null,"FCLASS_BD":null,"FCLASS_UA":null},"geometry":{"type":"Polygon","coordinates":[[[23.980273,19.496631],[23.980664,19.050586],[23.981055,18.604541],[23.981445,18.158496],[23.981836,17.712402],[23.982227,17.266357],[23.98252,16.820264],[23.98291,16.374219],[23.983301,15.928125],[23.983398,15.780176],[23.970801,15.721533],[23.965234,15.713428],[23.945996,15.703516],[23.708203,15.744971],[23.604004,15.745996],[23.458008,15.713965],[23.243457,15.697217],[23.105176,15.702539],[23.00918,15.62583],[22.933887,15.533105],[22.969531,15.311328],[22.961328,15.238135],[22.932324,15.162109],[22.867188,15.096631],[22.802148,15.044434],[22.763281,14.998682],[22.714941,14.898389],[22.679199,14.851465],[22.682422,14.788623],[22.670898,14.722461],[22.631836,14.688086],[22.532031,14.662744],[22.467773,14.63335],[22.416211,14.585205],[22.381543,14.550488],[22.399707,14.504199],[22.425,14.441211],[22.439355,14.342139],[22.449316,14.284229],[22.49834,14.237061],[22.528223,14.203223],[22.538574,14.161865],[22.509961,14.127441],[22.388184,14.055518],[22.339355,14.028857],[22.283496,13.992334],[22.262109,13.978711],[22.173145,13.910596],[22.128223,13.850146],[22.106445,13.799805],[22.107617,13.730322],[22.15293,13.626416],[22.202344,13.538086],[22.221387,13.471631],[22.232617,13.398779],[22.228125,13.32959],[22.202637,13.269336],[22.158008,13.215039],[21.990234,13.113086],[21.907715,13.000977],[21.841797,12.864746],[21.825293,12.790527],[21.843359,12.741211],[21.878125,12.699365],[21.928125,12.678125],[22.000684,12.671875],[22.121191,12.69458],[22.233398,12.709473],[22.352344,12.660449],[22.414453,12.546387],[22.390234,12.462988],[22.435254,12.311914],[22.475488,12.129248],[22.472461,12.067773],[22.489844,12.044727],[22.564355,12.032959],[22.580957,11.990137],[22.556348,11.669531],[22.591113,11.579883],[22.641016,11.515918],[22.697363,11.482666],[22.754004,11.439844],[22.783398,11.409961],[22.849023,11.403271],[22.922656,11.344873],[22.942773,11.267187],[22.937695,11.192041],[22.894824,11.029004],[22.860059,10.919678],[22.817383,10.927197],[22.730176,10.954053],[22.624023,10.977344],[22.493848,10.99624],[22.369824,10.951514],[22.235938,10.894141],[22.193652,10.851367],[22.15625,10.826074],[22.097168,10.830078],[22.043164,10.822705],[22.01377,10.782031],[21.964844,10.73667],[21.771484,10.642822],[21.730664,10.608691],[21.706543,10.574805],[21.706543,10.537891],[21.726172,10.461621],[21.725781,10.366553],[21.682715,10.289844],[21.632715,10.238281],[21.575781,10.218555],[21.528027,10.207812],[21.496875,10.175684],[21.395996,10.001367],[21.352441,9.969141],[21.263867,9.974609],[21.009473,9.713232],[20.98418,9.636279],[20.891016,9.527148],[20.773242,9.405664],[20.668164,9.347119],[20.659668,9.324512],[20.631445,9.301367],[20.566895,9.274951],[20.34209,9.1271],[20.072656,9.133203],[19.953516,9.075146],[19.837695,9.049365],[19.668359,9.020898],[19.61748,9.023584],[19.400293,9.011621],[19.145508,9.015967],[19.047852,8.99502],[18.95625,8.938867],[18.888281,8.889746],[18.87832,8.873193],[18.888574,8.85249],[18.886035,8.836035],[19.06416,8.71543],[19.108691,8.656152],[19.063867,8.598828],[19.042383,8.590283],[19.039844,8.586914],[19.01084,8.541211],[18.906445,8.405078],[18.747461,8.243799],[18.666211,8.197705],[18.633594,8.167725],[18.591602,8.060791],[18.56416,8.045898],[18.455078,8.032031],[18.238867,8.020361],[17.940137,7.985449],[17.76084,7.973828],[17.649414,7.983594],[17.492676,7.909814],[17.436426,7.890918],[17.402148,7.88457],[17.246973,7.812988],[17.117969,7.701904],[17.071973,7.680811],[16.890332,7.633691],[16.818164,7.557324],[16.784766,7.550977],[16.668359,7.651758],[16.588965,7.743359],[16.550195,7.835889],[16.545313,7.865479],[16.523242,7.859961],[16.459375,7.818994],[16.404395,7.772363],[16.378906,7.683545],[16.191113,7.623437],[16.030664,7.572119],[15.957617,7.507568],[15.84502,7.475293],[15.70127,7.488428],[15.589258,7.515039],[15.480078,7.523779],[15.532422,7.604395],[15.552637,7.664502],[15.557813,7.738037],[15.549805,7.787891],[15.484473,7.812744],[15.442969,7.851855],[15.349023,8.083838],[15.252344,8.322363],[15.116211,8.557324],[14.967969,8.707275],[14.860742,8.798633],[14.82627,8.810303],[14.771289,8.83916],[14.732813,8.865674],[14.536133,9.025244],[14.332324,9.203516],[14.280078,9.285059],[14.17793,9.406494],[14.06416,9.531738],[14.00498,9.588721],[13.977246,9.691553],[14.055957,9.784375],[14.139746,9.901807],[14.243262,9.979736],[14.377246,9.985059],[14.597949,9.953076],[14.83584,9.941699],[15.071582,9.965967],[15.132715,9.982861],[15.193164,9.981494],[15.32002,9.954297],[15.540918,9.960303],[15.654883,10.007812],[15.531934,10.088477],[15.399902,10.216895],[15.276074,10.357373],[15.200977,10.484521],[15.132227,10.648486],[15.068652,10.851074],[15.029883,11.113672],[15.035742,11.2625],[15.055469,11.368555],[15.121973,11.54126],[15.078027,11.642578],[15.087695,11.724365],[15.08125,11.845508],[15.059863,11.907129],[14.973828,12.10835],[14.956738,12.130371],[14.880664,12.269385],[14.84707,12.5021],[14.76123,12.655615],[14.623242,12.729932],[14.544727,12.820215],[14.516211,12.979736],[14.461719,13.021777],[14.244824,13.077344],[14.063965,13.078516],[13.932324,13.258496],[13.763477,13.489551],[13.606348,13.70459],[13.505762,14.134424],[13.448242,14.380664],[13.513672,14.455518],[13.642383,14.630762],[13.807129,14.966113],[14.178223,15.484766],[14.367969,15.750146],[14.74668,16.146631],[15.212109,16.633887],[15.474316,16.908398],[15.516699,17.408496],[15.561523,17.937256],[15.595508,18.337061],[15.637598,18.81084],[15.672949,19.206787],[15.698633,19.495215],[15.735059,19.904053],[15.766211,19.982568],[15.948828,20.303174],[15.963184,20.346191],[15.929297,20.399854],[15.668457,20.672363],[15.587109,20.733301],[15.540332,20.874902],[15.607324,20.954395],[15.293652,21.411523],[15.21582,21.467432],[15.181836,21.523389],[15.177832,21.605811],[15.172266,21.92207],[15.088965,22.418359],[14.979004,22.996191],[15.347461,23.160693],[15.627148,23.285742],[15.984082,23.445215],[16.315039,23.281836],[16.794141,23.045264],[17.273242,22.808691],[17.752246,22.572119],[18.231348,22.335547],[18.710449,22.098975],[19.189453,21.862402],[19.668555,21.62583],[20.147656,21.389258],[20.626758,21.152637],[21.105859,20.916113],[21.584961,20.679492],[22.064063,20.44292],[22.543066,20.206348],[23.022168,19.969775],[23.50127,19.733203],[23.980273,19.496631]]]}},{"type":"Feature","bbox":[14.431152,2.270068,27.40332,10.99624],"properties":{"featurecla":"Admin-0 country","scalerank":1,"LABELRANK":4,"SOVEREIGNT":"Central African Republic","SOV_A3":"CAF","ADM0_DIF":0,"LEVEL":2,"TYPE":"Sovereign country","TLC":"1","ADMIN":"Central African Republic","ADM0_A3":"CAF","GEOU_DIF":0,"GEOUNIT":"Central African Republic","GU_A3":"CAF","SU_DIF":0,"SUBUNIT":"Central African Republic","SU_A3":"CAF","BRK_DIFF":0,"NAME":"Central African Rep.","NAME_LONG":"Central African Republic","BRK_A3":"CAF","BRK_NAME":"Central African Rep.","BRK_GROUP":null,"ABBREV":"C.A.R.","POSTAL":"CF","FORMAL_EN":"Central African Republic","FORMAL_FR":null,"NAME_CIAWF":"Central African Republic","NOTE_ADM0":null,"NOTE_BRK":null,"NAME_SORT":"Central African Republic","NAME_ALT":null,"MAPCOLOR7":5,"MAPCOLOR8":6,"MAPCOLOR9":6,"MAPCOLOR13":9,"POP_EST":4745185,"POP_RANK":12,"POP_YEAR":2019,"GDP_MD":2220,"GDP_YEAR":2019,"ECONOMY":"7. Least developed region","INCOME_GRP":"5. Low income","FIPS_10":"CT","ISO_A2":"CF","ISO_A2_EH":"CF","ISO_A3":"CAF","ISO_A3_EH":"CAF","ISO_N3":"140","ISO_N3_EH":"140","UN_A3":"140","WB_A2":"CF","WB_A3":"CAF","WOE_ID":23424792,"WOE_ID_EH":23424792,"WOE_NOTE":"Exact WOE match as country","ADM0_ISO":"CAF","ADM0_DIFF":null,"ADM0_TLC":"CAF","ADM0_A3_US":"CAF","ADM0_A3_FR":"CAF","ADM0_A3_RU":"CAF","ADM0_A3_ES":"CAF","ADM0_A3_CN":"CAF","ADM0_A3_TW":"CAF","ADM0_A3_IN":"CAF","ADM0_A3_NP":"CAF","ADM0_A3_PK":"CAF","ADM0_A3_DE":"CAF","ADM0_A3_GB":"CAF","ADM0_A3_BR":"CAF","ADM0_A3_IL":"CAF","ADM0_A3_PS":"CAF","ADM0_A3_SA":"CAF","ADM0_A3_EG":"CAF","ADM0_A3_MA":"CAF","ADM0_A3_PT":"CAF","ADM0_A3_AR":"CAF","ADM0_A3_JP":"CAF","ADM0_A3_KO":"CAF","ADM0_A3_VN":"CAF","ADM0_A3_TR":"CAF","ADM0_A3_ID":"CAF","ADM0_A3_PL":"CAF","ADM0_A3_GR":"CAF","ADM0_A3_IT":"CAF","ADM0_A3_NL":"CAF","ADM0_A3_SE":"CAF","ADM0_A3_BD":"CAF","ADM0_A3_UA":"CAF","ADM0_A3_UN":-99,"ADM0_A3_WB":-99,"CONTINENT":"Africa","REGION_UN":"Africa","SUBREGION":"Middle Africa","REGION_WB":"Sub-Saharan Africa","NAME_LEN":20,"LONG_LEN":24,"ABBREV_LEN":6,"TINY":-99,"HOMEPART":1,"MIN_ZOOM":0,"MIN_LABEL":4,"MAX_LABEL":9,"LABEL_X":20.906897,"LABEL_Y":6.989681,"NE_ID":1159320463,"WIKIDATAID":"Q929","NAME_AR":"جمهورية أفريقيا الوسطى","NAME_BN":"মধ্য আফ্রিকান প্রজাতন্ত্র","NAME_DE":"Zentralafrikanische Republik","NAME_EN":"Central African Republic","NAME_ES":"República Centroafricana","NAME_FA":"جمهوری آفریقای مرکزی","NAME_FR":"République centrafricaine","NAME_EL":"Κεντροαφρικανική Δημοκρατία","NAME_HE":"הרפובליקה המרכז-אפריקאית","NAME_HI":"मध्य अफ़्रीकी गणराज्य","NAME_HU":"Közép-afrikai Köztársaság","NAME_ID":"Republik Afrika Tengah","NAME_IT":"Repubblica Centrafricana","NAME_JA":"中央アフリカ共和国","NAME_KO":"중앙아프리카 공화국","NAME_NL":"Centraal-Afrikaanse Republiek","NAME_PL":"Republika Środkowoafrykańska","NAME_PT":"República Centro-Africana","NAME_RU":"Центральноафриканская Республика","NAME_SV":"Centralafrikanska republiken","NAME_TR":"Orta Afrika Cumhuriyeti","NAME_UK":"Центральноафриканська Республіка","NAME_UR":"وسطی افریقی جمہوریہ","NAME_VI":"Cộng hòa Trung Phi","NAME_ZH":"中非共和国","NAME_ZHT":"中非共和國","FCLASS_ISO":"Admin-0 country","TLC_DIFF":null,"FCLASS_TLC":"Admin-0 country","FCLASS_US":null,"FCLASS_FR":null,"FCLASS_RU":null,"FCLASS_ES":null,"FCLASS_CN":null,"FCLASS_TW":null,"FCLASS_IN":null,"FCLASS_NP":null,"FCLASS_PK":null,"FCLASS_DE":null,"FCLASS_GB":null,"FCLASS_BR":null,"FCLASS_IL":null,"FCLASS_PS":null,"FCLASS_SA":null,"FCLASS_EG":null,"FCLASS_MA":null,"FCLASS_PT":null,"FCLASS_AR":null,"FCLASS_JP":null,"FCLASS_KO":null,"FCLASS_VN":null,"FCLASS_TR":null,"FCLASS_ID":null,"FCLASS_PL":null,"FCLASS_GR":null,"FCLASS_IT":null,"FCLASS_NL":null,"FCLASS_SE":null,"FCLASS_BD":null,"FCLASS_UA":null},"geometry":{"type":"Polygon","coordinates":[[[24.147363,8.665625],[24.194824,8.653369],[24.220898,8.608252],[24.17998,8.461133],[24.208398,8.369141],[24.291406,8.291406],[24.375488,8.258447],[24.456055,8.239453],[24.736719,8.191553],[24.85332,8.137549],[25.007227,7.964844],[25.200391,7.80791],[25.247363,7.724561],[25.238672,7.648975],[25.181348,7.557227],[25.190137,7.519336],[25.278906,7.42749],[25.380664,7.333398],[25.566602,7.228711],[25.888965,7.064941],[26.036523,6.955225],[26.086914,6.872119],[26.169336,6.781738],[26.28457,6.699023],[26.361816,6.635303],[26.308594,6.455322],[26.324609,6.39624],[26.35332,6.344922],[26.420508,6.27417],[26.447461,6.183008],[26.514258,6.069238],[26.593652,6.017529],[26.726367,5.998242],[26.796484,5.945508],[26.942285,5.854932],[27.083398,5.776855],[27.143945,5.722949],[27.18125,5.675146],[27.213379,5.618799],[27.229102,5.5625],[27.23252,5.440771],[27.256738,5.289648],[27.332422,5.186328],[27.40332,5.10918],[27.114941,5.197852],[27.071875,5.199756],[27.020605,5.184375],[26.870117,5.075684],[26.82207,5.062402],[26.767578,5.071924],[26.632617,5.085205],[26.173535,5.171143],[25.819922,5.253711],[25.713867,5.283691],[25.525098,5.312109],[25.400195,5.255908],[25.283105,5.062695],[25.249316,5.024561],[25.065234,4.967432],[24.978418,4.982959],[24.765527,4.930078],[24.437109,5.009961],[24.319824,4.994141],[24.227734,4.953857],[23.991699,4.86626],[23.848438,4.816357],[23.681836,4.770801],[23.523633,4.70127],[23.417188,4.663135],[23.312891,4.663525],[23.218848,4.702979],[23.115918,4.736914],[22.992871,4.743848],[22.864551,4.723877],[22.755762,4.64668],[22.711719,4.591748],[22.617188,4.445557],[22.505664,4.207666],[22.461816,4.159766],[22.449707,4.155127],[22.422168,4.134961],[21.908203,4.253906],[21.687012,4.281396],[21.537598,4.244824],[21.350195,4.311377],[21.268359,4.323096],[21.229785,4.302197],[21.125586,4.332178],[20.955762,4.413135],[20.792969,4.447314],[20.647461,4.435645],[20.558105,4.462695],[20.486523,4.541553],[20.393555,4.686182],[20.226367,4.829639],[20.002344,4.944727],[19.8625,5.031299],[19.806543,5.089307],[19.686035,5.121387],[19.500977,5.12749],[19.323438,5.070752],[19.068555,4.891406],[18.831738,4.523438],[18.699902,4.382617],[18.594141,4.34624],[18.56748,4.257568],[18.619922,4.116602],[18.633691,3.954297],[18.59668,3.678711],[18.610352,3.478418],[18.553809,3.510205],[18.499805,3.604102],[18.474414,3.622998],[18.318164,3.580811],[18.237109,3.542676],[18.193945,3.50542],[18.160938,3.499805],[18.111328,3.551074],[18.072266,3.560303],[18.010742,3.55083],[17.947949,3.551758],[17.907129,3.558398],[17.880371,3.553857],[17.806641,3.58418],[17.537695,3.661621],[17.491602,3.687305],[17.437988,3.684619],[17.298438,3.617188],[17.224707,3.598437],[17.002539,3.556689],[16.764355,3.536279],[16.67334,3.535205],[16.610742,3.505371],[16.57041,3.463086],[16.543066,3.369531],[16.496289,3.208838],[16.476758,3.165137],[16.480078,3.100977],[16.466211,2.993213],[16.45957,2.896533],[16.468555,2.831738],[16.40127,2.701025],[16.319629,2.542773],[16.251758,2.406787],[16.183398,2.270068],[16.136133,2.36377],[16.106738,2.473486],[16.095508,2.599219],[16.101855,2.632666],[16.083496,2.67002],[16.082129,2.678174],[16.059277,2.772998],[16.082422,2.839111],[16.063477,2.908594],[16.008203,2.97666],[15.958008,3.028711],[15.928711,3.075781],[15.904883,3.09585],[15.849316,3.103076],[15.775,3.127197],[15.676563,3.229687],[15.580859,3.329297],[15.458398,3.456836],[15.360156,3.567139],[15.239844,3.702148],[15.128711,3.826904],[15.062109,3.947217],[15.034863,4.016357],[15.067383,4.022949],[15.11543,4.024463],[15.13584,4.036914],[15.136914,4.069141],[15.0875,4.163965],[15.063574,4.284863],[15.022754,4.358545],[14.893555,4.471875],[14.77041,4.558105],[14.73125,4.602393],[14.708984,4.665576],[14.661719,5.065527],[14.640625,5.179053],[14.601758,5.228809],[14.573535,5.251709],[14.562988,5.279932],[14.568066,5.351074],[14.584375,5.414746],[14.583594,5.439648],[14.616895,5.495508],[14.616895,5.865137],[14.598828,5.883984],[14.577246,5.916016],[14.54248,5.913574],[14.503125,5.916895],[14.463867,5.970703],[14.431152,6.038721],[14.440723,6.086719],[14.475,6.126807],[14.512109,6.161914],[14.559375,6.191211],[14.699512,6.250244],[14.739258,6.279785],[14.764063,6.316357],[14.780371,6.365723],[14.861914,6.555713],[14.982715,6.745312],[15.03457,6.784424],[15.086328,6.909912],[15.157129,7.063574],[15.18584,7.134912],[15.206738,7.206152],[15.245898,7.263574],[15.379102,7.358154],[15.480078,7.523779],[15.589258,7.515039],[15.70127,7.488428],[15.84502,7.475293],[15.957617,7.507568],[16.030664,7.572119],[16.191113,7.623437],[16.378906,7.683545],[16.404395,7.772363],[16.459375,7.818994],[16.523242,7.859961],[16.545313,7.865479],[16.550195,7.835889],[16.588965,7.743359],[16.668359,7.651758],[16.784766,7.550977],[16.818164,7.557324],[16.890332,7.633691],[17.071973,7.680811],[17.117969,7.701904],[17.246973,7.812988],[17.402148,7.88457],[17.436426,7.890918],[17.492676,7.909814],[17.649414,7.983594],[17.76084,7.973828],[17.940137,7.985449],[18.238867,8.020361],[18.455078,8.032031],[18.56416,8.045898],[18.591602,8.060791],[18.633594,8.167725],[18.666211,8.197705],[18.747461,8.243799],[18.906445,8.405078],[19.01084,8.541211],[19.039844,8.586914],[19.042383,8.590283],[19.063867,8.598828],[19.108691,8.656152],[19.06416,8.71543],[18.886035,8.836035],[18.888574,8.85249],[18.87832,8.873193],[18.888281,8.889746],[18.95625,8.938867],[19.047852,8.99502],[19.145508,9.015967],[19.400293,9.011621],[19.61748,9.023584],[19.668359,9.020898],[19.837695,9.049365],[19.953516,9.075146],[20.072656,9.133203],[20.34209,9.1271],[20.566895,9.274951],[20.631445,9.301367],[20.659668,9.324512],[20.668164,9.347119],[20.773242,9.405664],[20.891016,9.527148],[20.98418,9.636279],[21.009473,9.713232],[21.263867,9.974609],[21.352441,9.969141],[21.395996,10.001367],[21.496875,10.175684],[21.528027,10.207812],[21.575781,10.218555],[21.632715,10.238281],[21.682715,10.289844],[21.725781,10.366553],[21.726172,10.461621],[21.706543,10.537891],[21.706543,10.574805],[21.730664,10.608691],[21.771484,10.642822],[21.964844,10.73667],[22.01377,10.782031],[22.043164,10.822705],[22.097168,10.830078],[22.15625,10.826074],[22.193652,10.851367],[22.235938,10.894141],[22.369824,10.951514],[22.493848,10.99624],[22.624023,10.977344],[22.730176,10.954053],[22.817383,10.927197],[22.860059,10.919678],[22.930762,10.795312],[22.964355,10.751807],[23.255859,10.457812],[23.312305,10.387939],[23.456641,10.174268],[23.54502,10.030078],[23.646289,9.8229],[23.65625,9.710352],[23.642773,9.613916],[23.622656,9.340625],[23.596094,9.261914],[23.468262,9.114746],[23.462793,9.048486],[23.489063,8.993311],[23.528027,8.970605],[23.551855,8.943213],[23.537305,8.81582],[23.583203,8.76582],[23.679297,8.732471],[23.921973,8.709717],[24.048145,8.691309],[24.147363,8.665625]]]}},{"type":"Feature","bbox":[-25.341553,14.818213,-22.681885,17.193652],"properties":{"featurecla":"Admin-0 country","scalerank":1,"LABELRANK":4,"SOVEREIGNT":"Cabo Verde","SOV_A3":"CPV","ADM0_DIF":0,"LEVEL":2,"TYPE":"Sovereign country","TLC":"1","ADMIN":"Cabo Verde","ADM0_A3":"CPV","GEOU_DIF":0,"GEOUNIT":"Cabo Verde","GU_A3":"CPV","SU_DIF":0,"SUBUNIT":"Cabo Verde","SU_A3":"CPV","BRK_DIFF":0,"NAME":"Cabo Verde","NAME_LONG":"Republic of Cabo Verde","BRK_A3":"CPV","BRK_NAME":"Cabo Verde","BRK_GROUP":null,"ABBREV":"C.Vd.","POSTAL":"CV","FORMAL_EN":"Republic of Cabo Verde","FORMAL_FR":null,"NAME_CIAWF":"Cabo Verde","NOTE_ADM0":null,"NOTE_BRK":null,"NAME_SORT":"Cabo Verde","NAME_ALT":null,"MAPCOLOR7":1,"MAPCOLOR8":1,"MAPCOLOR9":4,"MAPCOLOR13":11,"POP_EST":549935,"POP_RANK":11,"POP_YEAR":2019,"GDP_MD":1981,"GDP_YEAR":2019,"ECONOMY":"6. Developing region","INCOME_GRP":"4. Lower middle income","FIPS_10":"CV","ISO_A2":"CV","ISO_A2_EH":"CV","ISO_A3":"CPV","ISO_A3_EH":"CPV","ISO_N3":"132","ISO_N3_EH":"132","UN_A3":"132","WB_A2":"CV","WB_A3":"CPV","WOE_ID":23424794,"WOE_ID_EH":23424794,"WOE_NOTE":"Exact WOE match as country","ADM0_ISO":"CPV","ADM0_DIFF":null,"ADM0_TLC":"CPV","ADM0_A3_US":"CPV","ADM0_A3_FR":"CPV","ADM0_A3_RU":"CPV","ADM0_A3_ES":"CPV","ADM0_A3_CN":"CPV","ADM0_A3_TW":"CPV","ADM0_A3_IN":"CPV","ADM0_A3_NP":"CPV","ADM0_A3_PK":"CPV","ADM0_A3_DE":"CPV","ADM0_A3_GB":"CPV","ADM0_A3_BR":"CPV","ADM0_A3_IL":"CPV","ADM0_A3_PS":"CPV","ADM0_A3_SA":"CPV","ADM0_A3_EG":"CPV","ADM0_A3_MA":"CPV","ADM0_A3_PT":"CPV","ADM0_A3_AR":"CPV","ADM0_A3_JP":"CPV","ADM0_A3_KO":"CPV","ADM0_A3_VN":"CPV","ADM0_A3_TR":"CPV","ADM0_A3_ID":"CPV","ADM0_A3_PL":"CPV","ADM0_A3_GR":"CPV","ADM0_A3_IT":"CPV","ADM0_A3_NL":"CPV","ADM0_A3_SE":"CPV","ADM0_A3_BD":"CPV","ADM0_A3_UA":"CPV","ADM0_A3_UN":-99,"ADM0_A3_WB":-99,"CONTINENT":"Africa","REGION_UN":"Africa","SUBREGION":"Western Africa","REGION_WB":"Sub-Saharan Africa","NAME_LEN":10,"LONG_LEN":22,"ABBREV_LEN":5,"TINY":-99,"HOMEPART":1,"MIN_ZOOM":0,"MIN_LABEL":4,"MAX_LABEL":9,"LABEL_X":-23.639434,"LABEL_Y":15.074761,"NE_ID":1159320523,"WIKIDATAID":"Q1011","NAME_AR":"الرأس الأخضر","NAME_BN":"কাবু ভের্দি","NAME_DE":"Kap Verde","NAME_EN":"Cape Verde","NAME_ES":"Cabo Verde","NAME_FA":"کیپ ورد","NAME_FR":"Cap-Vert","NAME_EL":"Πράσινο Ακρωτήριο","NAME_HE":"כף ורדה","NAME_HI":"केप वर्दे","NAME_HU":"Zöld-foki Köztársaság","NAME_ID":"Tanjung Verde","NAME_IT":"Capo Verde","NAME_JA":"カーボベルデ","NAME_KO":"카보베르데","NAME_NL":"Kaapverdië","NAME_PL":"Republika Zielonego Przylądka","NAME_PT":"Cabo Verde","NAME_RU":"Кабо-Верде","NAME_SV":"Kap Verde","NAME_TR":"Yeşil Burun Adaları","NAME_UK":"Кабо-Верде","NAME_UR":"کیپ ورڈی","NAME_VI":"Cabo Verde","NAME_ZH":"佛得角","NAME_ZHT":"維德角","FCLASS_ISO":"Admin-0 country","TLC_DIFF":null,"FCLASS_TLC":"Admin-0 country","FCLASS_US":null,"FCLASS_FR":null,"FCLASS_RU":null,"FCLASS_ES":null,"FCLASS_CN":null,"FCLASS_TW":null,"FCLASS_IN":null,"FCLASS_NP":null,"FCLASS_PK":null,"FCLASS_DE":null,"FCLASS_GB":null,"FCLASS_BR":null,"FCLASS_IL":null,"FCLASS_PS":null,"FCLASS_SA":null,"FCLASS_EG":null,"FCLASS_MA":null,"FCLASS_PT":null,"FCLASS_AR":null,"FCLASS_JP":null,"FCLASS_KO":null,"FCLASS_VN":null,"FCLASS_TR":null,"FCLASS_ID":null,"FCLASS_PL":null,"FCLASS_GR":null,"FCLASS_IT":null,"FCLASS_NL":null,"FCLASS_SE":null,"FCLASS_BD":null,"FCLASS_UA":null},"geometry":{"type":"MultiPolygon","coordinates":[[[[-25.169824,16.946484],[-25.267236,16.925928],[-25.308301,16.93584],[-25.321924,17.015381],[-25.341553,17.067725],[-25.337109,17.091016],[-25.113477,17.193652],[-25.034668,17.176465],[-24.979687,17.094727],[-25.01709,17.049316],[-25.169824,16.946484]]],[[[-23.444238,15.007959],[-23.504687,14.916113],[-23.637207,14.923486],[-23.705371,14.961328],[-23.78501,15.076904],[-23.78252,15.166113],[-23.754492,15.243555],[-23.759375,15.310791],[-23.748096,15.328516],[-23.707227,15.316895],[-23.700635,15.271631],[-23.57998,15.160889],[-23.535254,15.139258],[-23.444238,15.007959]]],[[[-24.887061,16.818115],[-24.969141,16.794189],[-25.019971,16.797217],[-25.093066,16.83252],[-25.070117,16.870703],[-24.991016,16.913232],[-24.936475,16.922119],[-24.891895,16.846484],[-24.887061,16.818115]]],[[[-22.917725,16.237256],[-22.834326,16.218994],[-22.802637,16.225537],[-22.749414,16.221533],[-22.692627,16.169043],[-22.681885,16.113281],[-22.710107,16.043359],[-22.820508,15.986035],[-22.884082,15.992725],[-22.959277,16.045117],[-22.916113,16.148438],[-22.917725,16.237256]]],[[[-24.308252,14.856299],[-24.386133,14.818213],[-24.440527,14.834814],[-24.492188,14.874219],[-24.51709,14.93125],[-24.496875,14.980273],[-24.391992,15.038281],[-24.329492,15.019482],[-24.295801,14.929541],[-24.308252,14.856299]]],[[[-24.087695,16.62251],[-24.046387,16.593066],[-24.032715,16.572021],[-24.094141,16.561035],[-24.243066,16.599414],[-24.282812,16.575928],[-24.322363,16.493115],[-24.398096,16.618408],[-24.39292,16.664453],[-24.376709,16.677783],[-24.271094,16.644873],[-24.087695,16.62251]]],[[[-22.88833,16.659082],[-22.920264,16.60791],[-22.959424,16.683057],[-22.980615,16.700879],[-22.990918,16.808838],[-22.93291,16.841016],[-22.904736,16.84375],[-22.903906,16.732129],[-22.88833,16.659082]]],[[[-23.182129,15.136768],[-23.209961,15.133105],[-23.251807,15.178125],[-23.24248,15.240527],[-23.247168,15.256982],[-23.210254,15.323535],[-23.137744,15.317725],[-23.119336,15.268408],[-23.115869,15.16665],[-23.182129,15.136768]]]]}},{"type":"Feature","bbox":[-141.002148,41.674854,-52.653662,83.116113],"properties":{"featurecla":"Admin-0 country","scalerank":1,"LABELRANK":2,"SOVEREIGNT":"Canada","SOV_A3":"CAN","ADM0_DIF":0,"LEVEL":2,"TYPE":"Sovereign country","TLC":"1","ADMIN":"Canada","ADM0_A3":"CAN","GEOU_DIF":0,"GEOUNIT":"Canada","GU_A3":"CAN","SU_DIF":0,"SUBUNIT":"Canada","SU_A3":"CAN","BRK_DIFF":0,"NAME":"Canada","NAME_LONG":"Canada","BRK_A3":"CAN","BRK_NAME":"Canada","BRK_GROUP":null,"ABBREV":"Can.","POSTAL":"CA","FORMAL_EN":"Canada","FORMAL_FR":null,"NAME_CIAWF":"Canada","NOTE_ADM0":null,"NOTE_BRK":null,"NAME_SORT":"Canada","NAME_ALT":null,"MAPCOLOR7":6,"MAPCOLOR8":6,"MAPCOLOR9":2,"MAPCOLOR13":2,"POP_EST":37589262,"POP_RANK":15,"POP_YEAR":2019,"GDP_MD":1736425,"GDP_YEAR":2019,"ECONOMY":"1. Developed region: G7","INCOME_GRP":"1. High income: OECD","FIPS_10":"CA","ISO_A2":"CA","ISO_A2_EH":"CA","ISO_A3":"CAN","ISO_A3_EH":"CAN","ISO_N3":"124","ISO_N3_EH":"124","UN_A3":"124","WB_A2":"CA","WB_A3":"CAN","WOE_ID":23424775,"WOE_ID_EH":23424775,"WOE_NOTE":"Exact WOE match as country","ADM0_ISO":"CAN","ADM0_DIFF":null,"ADM0_TLC":"CAN","ADM0_A3_US":"CAN","ADM0_A3_FR":"CAN","ADM0_A3_RU":"CAN","ADM0_A3_ES":"CAN","ADM0_A3_CN":"CAN","ADM0_A3_TW":"CAN","ADM0_A3_IN":"CAN","ADM0_A3_NP":"CAN","ADM0_A3_PK":"CAN","ADM0_A3_DE":"CAN","ADM0_A3_GB":"CAN","ADM0_A3_BR":"CAN","ADM0_A3_IL":"CAN","ADM0_A3_PS":"CAN","ADM0_A3_SA":"CAN","ADM0_A3_EG":"CAN","ADM0_A3_MA":"CAN","ADM0_A3_PT":"CAN","ADM0_A3_AR":"CAN","ADM0_A3_JP":"CAN","ADM0_A3_KO":"CAN","ADM0_A3_VN":"CAN","ADM0_A3_TR":"CAN","ADM0_A3_ID":"CAN","ADM0_A3_PL":"CAN","ADM0_A3_GR":"CAN","ADM0_A3_IT":"CAN","ADM0_A3_NL":"CAN","ADM0_A3_SE":"CAN","ADM0_A3_BD":"CAN","ADM0_A3_UA":"CAN","ADM0_A3_UN":-99,"ADM0_A3_WB":-99,"CONTINENT":"North America","REGION_UN":"Americas","SUBREGION":"Northern America","REGION_WB":"North America","NAME_LEN":6,"LONG_LEN":6,"ABBREV_LEN":4,"TINY":-99,"HOMEPART":1,"MIN_ZOOM":0,"MIN_LABEL":1.7,"MAX_LABEL":5.7,"LABEL_X":-101.9107,"LABEL_Y":60.324287,"NE_ID":1159320467,"WIKIDATAID":"Q16","NAME_AR":"كندا","NAME_BN":"কানাডা","NAME_DE":"Kanada","NAME_EN":"Canada","NAME_ES":"Canadá","NAME_FA":"کانادا","NAME_FR":"Canada","NAME_EL":"Καναδάς","NAME_HE":"קנדה","NAME_HI":"कनाडा","NAME_HU":"Kanada","NAME_ID":"Kanada","NAME_IT":"Canada","NAME_JA":"カナダ","NAME_KO":"캐나다","NAME_NL":"Canada","NAME_PL":"Kanada","NAME_PT":"Canadá","NAME_RU":"Канада","NAME_SV":"Kanada","NAME_TR":"Kanada","NAME_UK":"Канада","NAME_UR":"کینیڈا","NAME_VI":"Canada","NAME_ZH":"加拿大","NAME_ZHT":"加拿大","FCLASS_ISO":"Admin-0 country","TLC_DIFF":null,"FCLASS_TLC":"Admin-0 country","FCLASS_US":null,"FCLASS_FR":null,"FCLASS_RU":null,"FCLASS_ES":null,"FCLASS_CN":null,"FCLASS_TW":null,"FCLASS_IN":null,"FCLASS_NP":null,"FCLASS_PK":null,"FCLASS_DE":null,"FCLASS_GB":null,"FCLASS_BR":null,"FCLASS_IL":null,"FCLASS_PS":null,"FCLASS_SA":null,"FCLASS_EG":null,"FCLASS_MA":null,"FCLASS_PT":null,"FCLASS_AR":null,"FCLASS_JP":null,"FCLASS_KO":null,"FCLASS_VN":null,"FCLASS_TR":null,"FCLASS_ID":null,"FCLASS_PL":null,"FCLASS_GR":null,"FCLASS_IT":null,"FCLASS_NL":null,"FCLASS_SE":null,"FCLASS_BD":null,"FCLASS_UA":null},"geometry":{"type":"MultiPolygon","coordinates":[[],[],[],[],[],[],[],[],[],[],[],[],[],[],[],[],[],[],[],[],[],[],[],[],[],[],[],[],[],[],[],[],[],[],[],[],[],[],[],[],[],[],[],[],[],[],[],[],[],[],[],[],[],[],[],[],[],[],[],[],[],[],[],[],[],[],[],[],[],[],[],[],[],[],[],[],[],[],[],[],[],[],[],[],[],[],[],[],[],[],[],[],[],[],[],[],[],[],[],[],[],[],[],[],[],[],[],[],[],[],[],[],[],[],[],[],[],[],[],[],[],[],[],[],[],[],[],[],[],[],[],[],[],[],[],[],[],[],[],[],[]]}},{"type":"Feature","bbox":[8.532813,1.676221,16.183398,13.078516],"properties":{"featurecla":"Admin-0 country","scalerank":1,"LABELRANK":3,"SOVEREIGNT":"Cameroon","SOV_A3":"CMR","ADM0_DIF":0,"LEVEL":2,"TYPE":"Sovereign country","TLC":"1","ADMIN":"Cameroon","ADM0_A3":"CMR","GEOU_DIF":0,"GEOUNIT":"Cameroon","GU_A3":"CMR","SU_DIF":0,"SUBUNIT":"Cameroon","SU_A3":"CMR","BRK_DIFF":0,"NAME":"Cameroon","NAME_LONG":"Cameroon","BRK_A3":"CMR","BRK_NAME":"Cameroon","BRK_GROUP":null,"ABBREV":"Cam.","POSTAL":"CM","FORMAL_EN":"Republic of Cameroon","FORMAL_FR":null,"NAME_CIAWF":"Cameroon","NOTE_ADM0":null,"NOTE_BRK":null,"NAME_SORT":"Cameroon","NAME_ALT":null,"MAPCOLOR7":1,"MAPCOLOR8":4,"MAPCOLOR9":1,"MAPCOLOR13":3,"POP_EST":25876380,"POP_RANK":15,"POP_YEAR":2019,"GDP_MD":39007,"GDP_YEAR":2019,"ECONOMY":"6. Developing region","INCOME_GRP":"4. Lower middle income","FIPS_10":"CM","ISO_A2":"CM","ISO_A2_EH":"CM","ISO_A3":"CMR","ISO_A3_EH":"CMR","ISO_N3":"120","ISO_N3_EH":"120","UN_A3":"120","WB_A2":"CM","WB_A3":"CMR","WOE_ID":23424785,"WOE_ID_EH":23424785,"WOE_NOTE":"Exact WOE match as country","ADM0_ISO":"CMR","ADM0_DIFF":null,"ADM0_TLC":"CMR","ADM0_A3_US":"CMR","ADM0_A3_FR":"CMR","ADM0_A3_RU":"CMR","ADM0_A3_ES":"CMR","ADM0_A3_CN":"CMR","ADM0_A3_TW":"CMR","ADM0_A3_IN":"CMR","ADM0_A3_NP":"CMR","ADM0_A3_PK":"CMR","ADM0_A3_DE":"CMR","ADM0_A3_GB":"CMR","ADM0_A3_BR":"CMR","ADM0_A3_IL":"CMR","ADM0_A3_PS":"CMR","ADM0_A3_SA":"CMR","ADM0_A3_EG":"CMR","ADM0_A3_MA":"CMR","ADM0_A3_PT":"CMR","ADM0_A3_AR":"CMR","ADM0_A3_JP":"CMR","ADM0_A3_KO":"CMR","ADM0_A3_VN":"CMR","ADM0_A3_TR":"CMR","ADM0_A3_ID":"CMR","ADM0_A3_PL":"CMR","ADM0_A3_GR":"CMR","ADM0_A3_IT":"CMR","ADM0_A3_NL":"CMR","ADM0_A3_SE":"CMR","ADM0_A3_BD":"CMR","ADM0_A3_UA":"CMR","ADM0_A3_UN":-99,"ADM0_A3_WB":-99,"CONTINENT":"Africa","REGION_UN":"Africa","SUBREGION":"Middle Africa","REGION_WB":"Sub-Saharan Africa","NAME_LEN":8,"LONG_LEN":8,"ABBREV_LEN":4,"TINY":-99,"HOMEPART":1,"MIN_ZOOM":0,"MIN_LABEL":3,"MAX_LABEL":8,"LABEL_X":12.473488,"LABEL_Y":4.585041,"NE_ID":1159320509,"WIKIDATAID":"Q1009","NAME_AR":"الكاميرون","NAME_BN":"ক্যামেরুন","NAME_DE":"Kamerun","NAME_EN":"Cameroon","NAME_ES":"Camerún","NAME_FA":"کامرون","NAME_FR":"Cameroun","NAME_EL":"Καμερούν","NAME_HE":"קמרון","NAME_HI":"कैमरुन","NAME_HU":"Kamerun","NAME_ID":"Kamerun","NAME_IT":"Camerun","NAME_JA":"カメルーン","NAME_KO":"카메룬","NAME_NL":"Kameroen","NAME_PL":"Kamerun","NAME_PT":"Camarões","NAME_RU":"Камерун","NAME_SV":"Kamerun","NAME_TR":"Kamerun","NAME_UK":"Камерун","NAME_UR":"کیمرون","NAME_VI":"Cameroon","NAME_ZH":"喀麦隆","NAME_ZHT":"喀麥隆","FCLASS_ISO":"Admin-0 country","TLC_DIFF":null,"FCLASS_TLC":"Admin-0 country","FCLASS_US":null,"FCLASS_FR":null,"FCLASS_RU":null,"FCLASS_ES":null,"FCLASS_CN":null,"FCLASS_TW":null,"FCLASS_IN":null,"FCLASS_NP":null,"FCLASS_PK":null,"FCLASS_DE":null,"FCLASS_GB":null,"FCLASS_BR":null,"FCLASS_IL":null,"FCLASS_PS":null,"FCLASS_SA":null,"FCLASS_EG":null,"FCLASS_MA":null,"FCLASS_PT":null,"FCLASS_AR":null,"FCLASS_JP":null,"FCLASS_KO":null,"FCLASS_VN":null,"FCLASS_TR":null,"FCLASS_ID":null,"FCLASS_PL":null,"FCLASS_GR":null,"FCLASS_IT":null,"FCLASS_NL":null,"FCLASS_SE":null,"FCLASS_BD":null,"FCLASS_UA":null},"geometry":{"type":"Polygon","coordinates":[[[8.555859,4.755225],[8.585156,4.832812],[8.640527,4.927002],[8.715625,5.046875],[8.800977,5.197461],[8.85918,5.46377],[8.898828,5.629687],[8.935059,5.781006],[8.997168,5.917725],[9.060156,6.009082],[9.23877,6.186133],[9.37334,6.319629],[9.442188,6.373389],[9.490234,6.418652],[9.574023,6.47041],[9.659961,6.531982],[9.725586,6.65],[9.779883,6.760156],[9.820703,6.783936],[9.874219,6.803271],[10.038867,6.921387],[10.143555,6.996436],[10.167773,6.95918],[10.185547,6.912793],[10.205469,6.891602],[10.293066,6.876758],[10.413184,6.877734],[10.482324,6.89126],[10.519043,6.930469],[10.556348,7.037451],[10.578125,7.057715],[10.60625,7.063086],[10.737598,6.988281],[10.846484,6.881787],[10.954199,6.776562],[11.008691,6.739111],[11.03252,6.6979],[11.079688,6.505518],[11.106445,6.457715],[11.15332,6.437939],[11.237305,6.450537],[11.324609,6.484668],[11.401758,6.533936],[11.477539,6.597412],[11.529102,6.655029],[11.55166,6.697266],[11.562988,6.854639],[11.580078,6.888867],[11.65752,6.951562],[11.787012,7.056201],[11.861426,7.116406],[11.854785,7.137988],[11.808594,7.201953],[11.767383,7.272266],[11.80918,7.345068],[11.852441,7.400732],[12.016016,7.589746],[12.016602,7.652002],[12.025195,7.727783],[12.155957,7.94248],[12.231152,8.227393],[12.233398,8.282324],[12.311328,8.419727],[12.403516,8.595557],[12.582715,8.624121],[12.651563,8.667773],[12.731152,8.745654],[12.782227,8.817871],[12.806543,8.886621],[12.824414,9.019434],[12.855957,9.170752],[12.875684,9.303516],[12.929492,9.42627],[13.019434,9.48833],[13.175488,9.539648],[13.19873,9.56377],[13.221191,9.645166],[13.23877,9.814014],[13.24375,9.915918],[13.249805,9.960059],[13.269922,10.036182],[13.414551,10.171436],[13.478516,10.383252],[13.535352,10.605078],[13.699902,10.873145],[13.89209,11.140088],[13.981445,11.211865],[14.056738,11.24502],[14.143262,11.248535],[14.202344,11.268164],[14.409473,11.401172],[14.496094,11.446143],[14.559766,11.492285],[14.575391,11.532422],[14.581641,11.591162],[14.561816,11.728711],[14.597363,11.829834],[14.618164,11.986621],[14.627148,12.108691],[14.619727,12.150977],[14.587012,12.209424],[14.580957,12.22207],[14.518945,12.298242],[14.41543,12.344141],[14.272852,12.356494],[14.197461,12.383789],[14.184863,12.447217],[14.177637,12.484082],[14.170313,12.524072],[14.160059,12.612793],[14.063965,13.078516],[14.244824,13.077344],[14.461719,13.021777],[14.516211,12.979736],[14.544727,12.820215],[14.623242,12.729932],[14.76123,12.655615],[14.84707,12.5021],[14.880664,12.269385],[14.956738,12.130371],[14.973828,12.10835],[15.059863,11.907129],[15.08125,11.845508],[15.087695,11.724365],[15.078027,11.642578],[15.121973,11.54126],[15.055469,11.368555],[15.035742,11.2625],[15.029883,11.113672],[15.068652,10.851074],[15.132227,10.648486],[15.200977,10.484521],[15.276074,10.357373],[15.399902,10.216895],[15.531934,10.088477],[15.654883,10.007812],[15.540918,9.960303],[15.32002,9.954297],[15.193164,9.981494],[15.132715,9.982861],[15.071582,9.965967],[14.83584,9.941699],[14.597949,9.953076],[14.377246,9.985059],[14.243262,9.979736],[14.139746,9.901807],[14.055957,9.784375],[13.977246,9.691553],[14.00498,9.588721],[14.06416,9.531738],[14.17793,9.406494],[14.280078,9.285059],[14.332324,9.203516],[14.536133,9.025244],[14.732813,8.865674],[14.771289,8.83916],[14.82627,8.810303],[14.860742,8.798633],[14.967969,8.707275],[15.116211,8.557324],[15.252344,8.322363],[15.349023,8.083838],[15.442969,7.851855],[15.484473,7.812744],[15.549805,7.787891],[15.557813,7.738037],[15.552637,7.664502],[15.532422,7.604395],[15.480078,7.523779],[15.379102,7.358154],[15.245898,7.263574],[15.206738,7.206152],[15.18584,7.134912],[15.157129,7.063574],[15.086328,6.909912],[15.03457,6.784424],[14.982715,6.745312],[14.861914,6.555713],[14.780371,6.365723],[14.764063,6.316357],[14.739258,6.279785],[14.699512,6.250244],[14.559375,6.191211],[14.512109,6.161914],[14.475,6.126807],[14.440723,6.086719],[14.431152,6.038721],[14.463867,5.970703],[14.503125,5.916895],[14.54248,5.913574],[14.577246,5.916016],[14.598828,5.883984],[14.616895,5.865137],[14.616895,5.495508],[14.583594,5.439648],[14.584375,5.414746],[14.568066,5.351074],[14.562988,5.279932],[14.573535,5.251709],[14.601758,5.228809],[14.640625,5.179053],[14.661719,5.065527],[14.708984,4.665576],[14.73125,4.602393],[14.77041,4.558105],[14.893555,4.471875],[15.022754,4.358545],[15.063574,4.284863],[15.0875,4.163965],[15.136914,4.069141],[15.13584,4.036914],[15.11543,4.024463],[15.067383,4.022949],[15.034863,4.016357],[15.062109,3.947217],[15.128711,3.826904],[15.239844,3.702148],[15.360156,3.567139],[15.458398,3.456836],[15.580859,3.329297],[15.676563,3.229687],[15.775,3.127197],[15.849316,3.103076],[15.904883,3.09585],[15.928711,3.075781],[15.958008,3.028711],[16.008203,2.97666],[16.063477,2.908594],[16.082422,2.839111],[16.059277,2.772998],[16.082129,2.678174],[16.083496,2.67002],[16.101855,2.632666],[16.095508,2.599219],[16.106738,2.473486],[16.136133,2.36377],[16.183398,2.270068],[16.182617,2.262451],[16.176563,2.204785],[16.115723,2.167822],[16.080078,2.106787],[16.069629,2.02168],[16.087891,1.918066],[16.134961,1.795947],[16.136133,1.724219],[16.119531,1.714111],[16.090332,1.69126],[16.059375,1.676221],[15.975195,1.76001],[15.881641,1.816602],[15.741602,1.91499],[15.600293,1.950391],[15.41748,1.956738],[15.33877,1.944727],[15.282422,1.981738],[15.203516,2.024463],[15.160059,2.035596],[15.099609,2.002344],[15.057813,2.000879],[15.006445,2.01377],[14.902441,2.012305],[14.892773,2.069336],[14.875,2.080469],[14.762891,2.075195],[14.72832,2.122412],[14.713281,2.117139],[14.669141,2.13208],[14.578906,2.199121],[14.484082,2.154736],[14.287012,2.160352],[14.034375,2.158887],[13.772754,2.157422],[13.533496,2.159521],[13.293555,2.161572],[13.269922,2.224219],[13.220313,2.256445],[13.130859,2.259424],[12.86748,2.246777],[12.665723,2.256787],[12.601367,2.265039],[12.529785,2.281348],[12.361328,2.295996],[12.153418,2.284375],[12.106152,2.2875],[11.939746,2.285156],[11.558984,2.302197],[11.348438,2.299707],[11.35332,2.261426],[11.339941,2.233838],[11.328711,2.167432],[11.096582,2.16748],[10.790918,2.167578],[10.502246,2.167627],[10.307031,2.167725],[9.979883,2.167773],[9.870117,2.213281],[9.836914,2.242383],[9.830371,2.275488],[9.826172,2.297803],[9.800781,2.304443],[9.821777,2.539258],[9.867578,2.734961],[9.885449,2.916553],[9.948438,3.079053],[9.915039,3.239648],[9.876172,3.309766],[9.67207,3.537598],[9.765723,3.623828],[9.642383,3.611768],[9.615918,3.696484],[9.556152,3.798047],[9.592773,3.814307],[9.628125,3.87002],[9.739648,3.85293],[9.736133,3.880127],[9.639941,3.965332],[9.649219,4.00835],[9.688867,4.056396],[9.669531,4.07666],[9.600391,4.026904],[9.550586,4.028418],[9.511816,4.060645],[9.483691,4.066113],[9.500781,4.000732],[9.462012,3.942529],[9.425293,3.922314],[9.362305,3.925732],[9.310938,3.940381],[9.297363,3.972949],[9.249121,3.997852],[9.113867,4.041064],[9.000098,4.091602],[8.977051,4.23042],[8.932031,4.290234],[8.913574,4.357812],[8.902832,4.435156],[8.918262,4.55376],[8.889453,4.572754],[8.856445,4.579248],[8.807129,4.573437],[8.761914,4.580029],[8.70791,4.645703],[8.660352,4.670996],[8.689648,4.550244],[8.65625,4.516357],[8.574414,4.526221],[8.539551,4.571875],[8.532813,4.605859],[8.570508,4.7521],[8.555859,4.755225]]]}},{"type":"Feature","bbox":[102.319727,10.41123,107.605469,14.705078],"properties":{"featurecla":"Admin-0 country","scalerank":1,"LABELRANK":3,"SOVEREIGNT":"Cambodia","SOV_A3":"KHM","ADM0_DIF":0,"LEVEL":2,"TYPE":"Sovereign country","TLC":"1","ADMIN":"Cambodia","ADM0_A3":"KHM","GEOU_DIF":0,"GEOUNIT":"Cambodia","GU_A3":"KHM","SU_DIF":0,"SUBUNIT":"Cambodia","SU_A3":"KHM","BRK_DIFF":0,"NAME":"Cambodia","NAME_LONG":"Cambodia","BRK_A3":"KHM","BRK_NAME":"Cambodia","BRK_GROUP":null,"ABBREV":"Camb.","POSTAL":"KH","FORMAL_EN":"Kingdom of Cambodia","FORMAL_FR":null,"NAME_CIAWF":"Cambodia","NOTE_ADM0":null,"NOTE_BRK":null,"NAME_SORT":"Cambodia","NAME_ALT":null,"MAPCOLOR7":6,"MAPCOLOR8":3,"MAPCOLOR9":6,"MAPCOLOR13":5,"POP_EST":16486542,"POP_RANK":14,"POP_YEAR":2019,"GDP_MD":27089,"GDP_YEAR":2019,"ECONOMY":"7. Least developed region","INCOME_GRP":"5. Low income","FIPS_10":"CB","ISO_A2":"KH","ISO_A2_EH":"KH","ISO_A3":"KHM","ISO_A3_EH":"KHM","ISO_N3":"116","ISO_N3_EH":"116","UN_A3":"116","WB_A2":"KH","WB_A3":"KHM","WOE_ID":23424776,"WOE_ID_EH":23424776,"WOE_NOTE":"Exact WOE match as country","ADM0_ISO":"KHM","ADM0_DIFF":null,"ADM0_TLC":"KHM","ADM0_A3_US":"KHM","ADM0_A3_FR":"KHM","ADM0_A3_RU":"KHM","ADM0_A3_ES":"KHM","ADM0_A3_CN":"KHM","ADM0_A3_TW":"KHM","ADM0_A3_IN":"KHM","ADM0_A3_NP":"KHM","ADM0_A3_PK":"KHM","ADM0_A3_DE":"KHM","ADM0_A3_GB":"KHM","ADM0_A3_BR":"KHM","ADM0_A3_IL":"KHM","ADM0_A3_PS":"KHM","ADM0_A3_SA":"KHM","ADM0_A3_EG":"KHM","ADM0_A3_MA":"KHM","ADM0_A3_PT":"KHM","ADM0_A3_AR":"KHM","ADM0_A3_JP":"KHM","ADM0_A3_KO":"KHM","ADM0_A3_VN":"KHM","ADM0_A3_TR":"KHM","ADM0_A3_ID":"KHM","ADM0_A3_PL":"KHM","ADM0_A3_GR":"KHM","ADM0_A3_IT":"KHM","ADM0_A3_NL":"KHM","ADM0_A3_SE":"KHM","ADM0_A3_BD":"KHM","ADM0_A3_UA":"KHM","ADM0_A3_UN":-99,"ADM0_A3_WB":-99,"CONTINENT":"Asia","REGION_UN":"Asia","SUBREGION":"South-Eastern Asia","REGION_WB":"East Asia & Pacific","NAME_LEN":8,"LONG_LEN":8,"ABBREV_LEN":5,"TINY":-99,"HOMEPART":1,"MIN_ZOOM":0,"MIN_LABEL":3,"MAX_LABEL":8,"LABEL_X":104.50487,"LABEL_Y":12.647584,"NE_ID":1159320979,"WIKIDATAID":"Q424","NAME_AR":"كمبوديا","NAME_BN":"কম্বোডিয়া","NAME_DE":"Kambodscha","NAME_EN":"Cambodia","NAME_ES":"Camboya","NAME_FA":"کامبوج","NAME_FR":"Cambodge","NAME_EL":"Καμπότζη","NAME_HE":"קמבודיה","NAME_HI":"कम्बोडिया","NAME_HU":"Kambodzsa","NAME_ID":"Kamboja","NAME_IT":"Cambogia","NAME_JA":"カンボジア","NAME_KO":"캄보디아","NAME_NL":"Cambodja","NAME_PL":"Kambodża","NAME_PT":"Camboja","NAME_RU":"Камбоджа","NAME_SV":"Kambodja","NAME_TR":"Kamboçya","NAME_UK":"Камбоджа","NAME_UR":"کمبوڈیا","NAME_VI":"Campuchia","NAME_ZH":"柬埔寨","NAME_ZHT":"柬埔寨","FCLASS_ISO":"Admin-0 country","TLC_DIFF":null,"FCLASS_TLC":"Admin-0 country","FCLASS_US":null,"FCLASS_FR":null,"FCLASS_RU":null,"FCLASS_ES":null,"FCLASS_CN":null,"FCLASS_TW":null,"FCLASS_IN":null,"FCLASS_NP":null,"FCLASS_PK":null,"FCLASS_DE":null,"FCLASS_GB":null,"FCLASS_BR":null,"FCLASS_IL":null,"FCLASS_PS":null,"FCLASS_SA":null,"FCLASS_EG":null,"FCLASS_MA":null,"FCLASS_PT":null,"FCLASS_AR":null,"FCLASS_JP":null,"FCLASS_KO":null,"FCLASS_VN":null,"FCLASS_TR":null,"FCLASS_ID":null,"FCLASS_PL":null,"FCLASS_GR":null,"FCLASS_IT":null,"FCLASS_NL":null,"FCLASS_SE":null,"FCLASS_BD":null,"FCLASS_UA":null},"geometry":{"type":"MultiPolygon","coordinates":[[],[],[]]}},{"type":"Feature","bbox":[92.17959,9.875391,101.147266,28.517041],"properties":{"featurecla":"Admin-0 country","scalerank":1,"LABELRANK":3,"SOVEREIGNT":"Myanmar","SOV_A3":"MMR","ADM0_DIF":0,"LEVEL":2,"TYPE":"Sovereign country","TLC":"1","ADMIN":"Myanmar","ADM0_A3":"MMR","GEOU_DIF":0,"GEOUNIT":"Myanmar","GU_A3":"MMR","SU_DIF":0,"SUBUNIT":"Myanmar","SU_A3":"MMR","BRK_DIFF":0,"NAME":"Myanmar","NAME_LONG":"Myanmar","BRK_A3":"MMR","BRK_NAME":"Myanmar","BRK_GROUP":null,"ABBREV":"Myan.","POSTAL":"MM","FORMAL_EN":"Republic of the Union of Myanmar","FORMAL_FR":null,"NAME_CIAWF":"Burma","NOTE_ADM0":null,"NOTE_BRK":null,"NAME_SORT":"Myanmar","NAME_ALT":null,"MAPCOLOR7":2,"MAPCOLOR8":2,"MAPCOLOR9":5,"MAPCOLOR13":13,"POP_EST":54045420,"POP_RANK":16,"POP_YEAR":2019,"GDP_MD":76085,"GDP_YEAR":2019,"ECONOMY":"7. Least developed region","INCOME_GRP":"5. Low income","FIPS_10":"BM","ISO_A2":"MM","ISO_A2_EH":"MM","ISO_A3":"MMR","ISO_A3_EH":"MMR","ISO_N3":"104","ISO_N3_EH":"104","UN_A3":"104","WB_A2":"MM","WB_A3":"MMR","WOE_ID":23424763,"WOE_ID_EH":23424763,"WOE_NOTE":"Exact WOE match as country","ADM0_ISO":"MMR","ADM0_DIFF":null,"ADM0_TLC":"MMR","ADM0_A3_US":"MMR","ADM0_A3_FR":"MMR","ADM0_A3_RU":"MMR","ADM0_A3_ES":"MMR","ADM0_A3_CN":"MMR","ADM0_A3_TW":"MMR","ADM0_A3_IN":"MMR","ADM0_A3_NP":"MMR","ADM0_A3_PK":"MMR","ADM0_A3_DE":"MMR","ADM0_A3_GB":"MMR","ADM0_A3_BR":"MMR","ADM0_A3_IL":"MMR","ADM0_A3_PS":"MMR","ADM0_A3_SA":"MMR","ADM0_A3_EG":"MMR","ADM0_A3_MA":"MMR","ADM0_A3_PT":"MMR","ADM0_A3_AR":"MMR","ADM0_A3_JP":"MMR","ADM0_A3_KO":"MMR","ADM0_A3_VN":"MMR","ADM0_A3_TR":"MMR","ADM0_A3_ID":"MMR","ADM0_A3_PL":"MMR","ADM0_A3_GR":"MMR","ADM0_A3_IT":"MMR","ADM0_A3_NL":"MMR","ADM0_A3_SE":"MMR","ADM0_A3_BD":"MMR","ADM0_A3_UA":"MMR","ADM0_A3_UN":-99,"ADM0_A3_WB":-99,"CONTINENT":"Asia","REGION_UN":"Asia","SUBREGION":"South-Eastern Asia","REGION_WB":"East Asia & Pacific","NAME_LEN":7,"LONG_LEN":7,"ABBREV_LEN":5,"TINY":-99,"HOMEPART":1,"MIN_ZOOM":0,"MIN_LABEL":3,"MAX_LABEL":8,"LABEL_X":95.804497,"LABEL_Y":21.573855,"NE_ID":1159321067,"WIKIDATAID":"Q836","NAME_AR":"ميانمار","NAME_BN":"মিয়ানমার","NAME_DE":"Myanmar","NAME_EN":"Myanmar","NAME_ES":"Birmania","NAME_FA":"میانمار","NAME_FR":"Birmanie","NAME_EL":"Μιανμάρ","NAME_HE":"מיאנמר","NAME_HI":"म्यान्मार","NAME_HU":"Mianmar","NAME_ID":"Myanmar","NAME_IT":"Birmania","NAME_JA":"ミャンマー","NAME_KO":"미얀마","NAME_NL":"Myanmar","NAME_PL":"Mjanma","NAME_PT":"Myanmar","NAME_RU":"Мьянма","NAME_SV":"Myanmar","NAME_TR":"Myanmar","NAME_UK":"М'янма","NAME_UR":"میانمار","NAME_VI":"Myanma","NAME_ZH":"缅甸","NAME_ZHT":"緬甸","FCLASS_ISO":"Admin-0 country","TLC_DIFF":null,"FCLASS_TLC":"Admin-0 country","FCLASS_US":null,"FCLASS_FR":null,"FCLASS_RU":null,"FCLASS_ES":null,"FCLASS_CN":null,"FCLASS_TW":null,"FCLASS_IN":null,"FCLASS_NP":null,"FCLASS_PK":null,"FCLASS_DE":null,"FCLASS_GB":null,"FCLASS_BR":null,"FCLASS_IL":null,"FCLASS_PS":null,"FCLASS_SA":null,"FCLASS_EG":null,"FCLASS_MA":null,"FCLASS_PT":null,"FCLASS_AR":null,"FCLASS_JP":null,"FCLASS_KO":null,"FCLASS_VN":null,"FCLASS_TR":null,"FCLASS_ID":null,"FCLASS_PL":null,"FCLASS_GR":null,"FCLASS_IT":null,"FCLASS_NL":null,"FCLASS_SE":null,"FCLASS_BD":null,"FCLASS_UA":null},"geometry":{"type":"MultiPolygon","coordinates":[[],[],[],[],[],[],[],[],[],[],[],[],[],[],[],[],[],[],[]]}},{"type":"Feature","bbox":[29.01416,-4.455859,30.811426,-2.312988],"properties":{"featurecla":"Admin-0 country","scalerank":1,"LABELRANK":6,"SOVEREIGNT":"Burundi","SOV_A3":"BDI","ADM0_DIF":0,"LEVEL":2,"TYPE":"Sovereign country","TLC":"1","ADMIN":"Burundi","ADM0_A3":"BDI","GEOU_DIF":0,"GEOUNIT":"Burundi","GU_A3":"BDI","SU_DIF":0,"SUBUNIT":"Burundi","SU_A3":"BDI","BRK_DIFF":0,"NAME":"Burundi","NAME_LONG":"Burundi","BRK_A3":"BDI","BRK_NAME":"Burundi","BRK_GROUP":null,"ABBREV":"Bur.","POSTAL":"BI","FORMAL_EN":"Republic of Burundi","FORMAL_FR":null,"NAME_CIAWF":"Burundi","NOTE_ADM0":null,"NOTE_BRK":null,"NAME_SORT":"Burundi","NAME_ALT":null,"MAPCOLOR7":2,"MAPCOLOR8":2,"MAPCOLOR9":5,"MAPCOLOR13":8,"POP_EST":11530580,"POP_RANK":14,"POP_YEAR":2019,"GDP_MD":3012,"GDP_YEAR":2019,"ECONOMY":"7. Least developed region","INCOME_GRP":"5. Low income","FIPS_10":"BY","ISO_A2":"BI","ISO_A2_EH":"BI","ISO_A3":"BDI","ISO_A3_EH":"BDI","ISO_N3":"108","ISO_N3_EH":"108","UN_A3":"108","WB_A2":"BI","WB_A3":"BDI","WOE_ID":23424774,"WOE_ID_EH":23424774,"WOE_NOTE":"Exact WOE match as country","ADM0_ISO":"BDI","ADM0_DIFF":null,"ADM0_TLC":"BDI","ADM0_A3_US":"BDI","ADM0_A3_FR":"BDI","ADM0_A3_RU":"BDI","ADM0_A3_ES":"BDI","ADM0_A3_CN":"BDI","ADM0_A3_TW":"BDI","ADM0_A3_IN":"BDI","ADM0_A3_NP":"BDI","ADM0_A3_PK":"BDI","ADM0_A3_DE":"BDI","ADM0_A3_GB":"BDI","ADM0_A3_BR":"BDI","ADM0_A3_IL":"BDI","ADM0_A3_PS":"BDI","ADM0_A3_SA":"BDI","ADM0_A3_EG":"BDI","ADM0_A3_MA":"BDI","ADM0_A3_PT":"BDI","ADM0_A3_AR":"BDI","ADM0_A3_JP":"BDI","ADM0_A3_KO":"BDI","ADM0_A3_VN":"BDI","ADM0_A3_TR":"BDI","ADM0_A3_ID":"BDI","ADM0_A3_PL":"BDI","ADM0_A3_GR":"BDI","ADM0_A3_IT":"BDI","ADM0_A3_NL":"BDI","ADM0_A3_SE":"BDI","ADM0_A3_BD":"BDI","ADM0_A3_UA":"BDI","ADM0_A3_UN":-99,"ADM0_A3_WB":-99,"CONTINENT":"Africa","REGION_UN":"Africa","SUBREGION":"Eastern Africa","REGION_WB":"Sub-Saharan Africa","NAME_LEN":7,"LONG_LEN":7,"ABBREV_LEN":4,"TINY":-99,"HOMEPART":1,"MIN_ZOOM":0,"MIN_LABEL":4,"MAX_LABEL":9,"LABEL_X":29.917086,"LABEL_Y":-3.332836,"NE_ID":1159320387,"WIKIDATAID":"Q967","NAME_AR":"بوروندي","NAME_BN":"বুরুন্ডি","NAME_DE":"Burundi","NAME_EN":"Burundi","NAME_ES":"Burundi","NAME_FA":"بوروندی","NAME_FR":"Burundi","NAME_EL":"Μπουρούντι","NAME_HE":"בורונדי","NAME_HI":"बुरुण्डी","NAME_HU":"Burundi","NAME_ID":"Burundi","NAME_IT":"Burundi","NAME_JA":"ブルンジ","NAME_KO":"부룬디","NAME_NL":"Burundi","NAME_PL":"Burundi","NAME_PT":"Burundi","NAME_RU":"Бурунди","NAME_SV":"Burundi","NAME_TR":"Burundi","NAME_UK":"Бурунді","NAME_UR":"برونڈی","NAME_VI":"Burundi","NAME_ZH":"布隆迪","NAME_ZHT":"蒲隆地","FCLASS_ISO":"Admin-0 country","TLC_DIFF":null,"FCLASS_TLC":"Admin-0 country","FCLASS_US":null,"FCLASS_FR":null,"FCLASS_RU":null,"FCLASS_ES":null,"FCLASS_CN":null,"FCLASS_TW":null,"FCLASS_IN":null,"FCLASS_NP":null,"FCLASS_PK":null,"FCLASS_DE":null,"FCLASS_GB":null,"FCLASS_BR":null,"FCLASS_IL":null,"FCLASS_PS":null,"FCLASS_SA":null,"FCLASS_EG":null,"FCLASS_MA":null,"FCLASS_PT":null,"FCLASS_AR":null,"FCLASS_JP":null,"FCLASS_KO":null,"FCLASS_VN":null,"FCLASS_TR":null,"FCLASS_ID":null,"FCLASS_PL":null,"FCLASS_GR":null,"FCLASS_IT":null,"FCLASS_NL":null,"FCLASS_SE":null,"FCLASS_BD":null,"FCLASS_UA":null},"geometry":{"type":"Polygon","coordinates":[[[30.553613,-2.400098],[30.533691,-2.42627],[30.441992,-2.613477],[30.424219,-2.641602],[30.434375,-2.658887],[30.47334,-2.694336],[30.450488,-2.753223],[30.441309,-2.769043],[30.424023,-2.824023],[30.433496,-2.874512],[30.455566,-2.893164],[30.515039,-2.917578],[30.604297,-2.935254],[30.709473,-2.977246],[30.780273,-2.984863],[30.796875,-3.015137],[30.793555,-3.069336],[30.811133,-3.116406],[30.811426,-3.200586],[30.790234,-3.274609],[30.681836,-3.309375],[30.626074,-3.347363],[30.610938,-3.366406],[30.624609,-3.388672],[30.631934,-3.418652],[30.529883,-3.49248],[30.425,-3.588867],[30.4,-3.653906],[30.379102,-3.730762],[30.348438,-3.779785],[30.268555,-3.850488],[30.187109,-3.992871],[30.147168,-4.085352],[29.947266,-4.307324],[29.769531,-4.418066],[29.717773,-4.455859],[29.403223,-4.449316],[29.379199,-4.299707],[29.331348,-4.09541],[29.223242,-3.91084],[29.211816,-3.833789],[29.216797,-3.684961],[29.217188,-3.475684],[29.210059,-3.363281],[29.212305,-3.28125],[29.226074,-3.138672],[29.224414,-3.053516],[29.153223,-2.955273],[29.064746,-2.850781],[29.016602,-2.799609],[29.01416,-2.758301],[29.014355,-2.720215],[29.028613,-2.664551],[29.063184,-2.602539],[29.102051,-2.595703],[29.197559,-2.620313],[29.29707,-2.673047],[29.349805,-2.791504],[29.390234,-2.808594],[29.463672,-2.808398],[29.651367,-2.792773],[29.698047,-2.794727],[29.783398,-2.766406],[29.868164,-2.716406],[29.892578,-2.664648],[29.912402,-2.548633],[29.930176,-2.339551],[29.973438,-2.337109],[30.091895,-2.411523],[30.117285,-2.416602],[30.142285,-2.413965],[30.183301,-2.377051],[30.233789,-2.34707],[30.270996,-2.347852],[30.408496,-2.312988],[30.482227,-2.376074],[30.528906,-2.395605],[30.553613,-2.400098]]]}},{"type":"Feature","bbox":[-5.523535,9.424707,2.38916,15.077881],"properties":{"featurecla":"Admin-0 country","scalerank":1,"LABELRANK":3,"SOVEREIGNT":"Burkina Faso","SOV_A3":"BFA","ADM0_DIF":0,"LEVEL":2,"TYPE":"Sovereign country","TLC":"1","ADMIN":"Burkina Faso","ADM0_A3":"BFA","GEOU_DIF":0,"GEOUNIT":"Burkina Faso","GU_A3":"BFA","SU_DIF":0,"SUBUNIT":"Burkina Faso","SU_A3":"BFA","BRK_DIFF":0,"NAME":"Burkina Faso","NAME_LONG":"Burkina Faso","BRK_A3":"BFA","BRK_NAME":"Burkina Faso","BRK_GROUP":null,"ABBREV":"B.F.","POSTAL":"BF","FORMAL_EN":"Burkina Faso","FORMAL_FR":null,"NAME_CIAWF":"Burkina Faso","NOTE_ADM0":null,"NOTE_BRK":null,"NAME_SORT":"Burkina Faso","NAME_ALT":null,"MAPCOLOR7":2,"MAPCOLOR8":1,"MAPCOLOR9":5,"MAPCOLOR13":11,"POP_EST":20321378,"POP_RANK":15,"POP_YEAR":2019,"GDP_MD":15990,"GDP_YEAR":2019,"ECONOMY":"7. Least developed region","INCOME_GRP":"5. Low income","FIPS_10":"UV","ISO_A2":"BF","ISO_A2_EH":"BF","ISO_A3":"BFA","ISO_A3_EH":"BFA","ISO_N3":"854","ISO_N3_EH":"854","UN_A3":"854","WB_A2":"BF","WB_A3":"BFA","WOE_ID":23424978,"WOE_ID_EH":23424978,"WOE_NOTE":"Exact WOE match as country","ADM0_ISO":"BFA","ADM0_DIFF":null,"ADM0_TLC":"BFA","ADM0_A3_US":"BFA","ADM0_A3_FR":"BFA","ADM0_A3_RU":"BFA","ADM0_A3_ES":"BFA","ADM0_A3_CN":"BFA","ADM0_A3_TW":"BFA","ADM0_A3_IN":"BFA","ADM0_A3_NP":"BFA","ADM0_A3_PK":"BFA","ADM0_A3_DE":"BFA","ADM0_A3_GB":"BFA","ADM0_A3_BR":"BFA","ADM0_A3_IL":"BFA","ADM0_A3_PS":"BFA","ADM0_A3_SA":"BFA","ADM0_A3_EG":"BFA","ADM0_A3_MA":"BFA","ADM0_A3_PT":"BFA","ADM0_A3_AR":"BFA","ADM0_A3_JP":"BFA","ADM0_A3_KO":"BFA","ADM0_A3_VN":"BFA","ADM0_A3_TR":"BFA","ADM0_A3_ID":"BFA","ADM0_A3_PL":"BFA","ADM0_A3_GR":"BFA","ADM0_A3_IT":"BFA","ADM0_A3_NL":"BFA","ADM0_A3_SE":"BFA","ADM0_A3_BD":"BFA","ADM0_A3_UA":"BFA","ADM0_A3_UN":-99,"ADM0_A3_WB":-99,"CONTINENT":"Africa","REGION_UN":"Africa","SUBREGION":"Western Africa","REGION_WB":"Sub-Saharan Africa","NAME_LEN":12,"LONG_LEN":12,"ABBREV_LEN":4,"TINY":-99,"HOMEPART":1,"MIN_ZOOM":0,"MIN_LABEL":3,"MAX_LABEL":8,"LABEL_X":-1.36388,"LABEL_Y":12.673048,"NE_ID":1159320405,"WIKIDATAID":"Q965","NAME_AR":"بوركينا فاسو","NAME_BN":"বুর্কিনা ফাসো","NAME_DE":"Burkina Faso","NAME_EN":"Burkina Faso","NAME_ES":"Burkina Faso","NAME_FA":"بورکینافاسو","NAME_FR":"Burkina Faso","NAME_EL":"Μπουρκίνα Φάσο","NAME_HE":"בורקינה פאסו","NAME_HI":"बुर्किना फासो","NAME_HU":"Burkina Faso","NAME_ID":"Burkina Faso","NAME_IT":"Burkina Faso","NAME_JA":"ブルキナファソ","NAME_KO":"부르키나파소","NAME_NL":"Burkina Faso","NAME_PL":"Burkina Faso","NAME_PT":"Burkina Faso","NAME_RU":"Буркина-Фасо","NAME_SV":"Burkina Faso","NAME_TR":"Burkina Faso","NAME_UK":"Буркіна-Фасо","NAME_UR":"برکینا فاسو","NAME_VI":"Burkina Faso","NAME_ZH":"布基纳法索","NAME_ZHT":"布基納法索","FCLASS_ISO":"Admin-0 country","TLC_DIFF":null,"FCLASS_TLC":"Admin-0 country","FCLASS_US":null,"FCLASS_FR":null,"FCLASS_RU":null,"FCLASS_ES":null,"FCLASS_CN":null,"FCLASS_TW":null,"FCLASS_IN":null,"FCLASS_NP":null,"FCLASS_PK":null,"FCLASS_DE":null,"FCLASS_GB":null,"FCLASS_BR":null,"FCLASS_IL":null,"FCLASS_PS":null,"FCLASS_SA":null,"FCLASS_EG":null,"FCLASS_MA":null,"FCLASS_PT":null,"FCLASS_AR":null,"FCLASS_JP":null,"FCLASS_KO":null,"FCLASS_VN":null,"FCLASS_TR":null,"FCLASS_ID":null,"FCLASS_PL":null,"FCLASS_GR":null,"FCLASS_IT":null,"FCLASS_NL":null,"FCLASS_SE":null,"FCLASS_BD":null,"FCLASS_UA":null},"geometry":{"type":"Polygon","coordinates":[[[0.900488,10.993262],[0.642969,10.983057],[0.549121,10.95542],[0.492676,10.95498],[0.490723,10.978174],[0.48418,10.991992],[0.159277,11.069629],[-0.068604,11.115625],[-0.299463,11.166895],[-0.312549,11.118896],[-0.345752,11.087939],[-0.395605,11.085693],[-0.430322,11.093262],[-0.453516,11.056299],[-0.491699,11.007617],[-0.545215,10.983691],[-0.597656,10.953662],[-0.627148,10.927393],[-0.648535,10.926758],[-0.701416,10.988965],[-0.771582,10.995264],[-0.90293,10.984717],[-0.961816,11.001709],[-1.04248,11.010059],[-1.232617,10.997217],[-1.536768,11.022656],[-1.586475,11.008887],[-1.599658,10.997656],[-1.900635,10.994678],[-2.231934,10.991406],[-2.50918,10.988721],[-2.75166,10.986377],[-2.7521,10.996973],[-2.829932,10.998389],[-2.838574,10.97749],[-2.907324,10.727979],[-2.914893,10.592334],[-2.878418,10.507959],[-2.837207,10.454639],[-2.791162,10.432422],[-2.786621,10.401904],[-2.823437,10.362939],[-2.820312,10.322852],[-2.7771,10.281592],[-2.766504,10.238184],[-2.788477,10.192578],[-2.783203,10.083105],[-2.750732,9.909668],[-2.749805,9.797217],[-2.780518,9.74585],[-2.765967,9.658057],[-2.706201,9.533936],[-2.69585,9.481348],[-2.717187,9.457129],[-2.766602,9.424707],[-2.816748,9.42583],[-2.875146,9.500928],[-2.900879,9.534619],[-2.948145,9.610742],[-2.988281,9.687354],[-3.042627,9.720898],[-3.095801,9.7521],[-3.160693,9.84917],[-3.223535,9.895459],[-3.289697,9.882227],[-3.386279,9.900293],[-3.581152,9.924316],[-3.790625,9.917187],[-3.877637,9.894922],[-3.963477,9.859619],[-4.181152,9.781738],[-4.267187,9.743262],[-4.332227,9.645703],[-4.406201,9.647998],[-4.480273,9.679248],[-4.526611,9.723486],[-4.62583,9.713574],[-4.721777,9.756543],[-4.814453,9.841162],[-4.882715,9.868945],[-4.969922,9.930078],[-4.994043,10.046484],[-5.049316,10.12832],[-5.099854,10.241602],[-5.175293,10.292627],[-5.262305,10.319678],[-5.382275,10.314014],[-5.461279,10.35957],[-5.523535,10.426025],[-5.507031,10.483447],[-5.479004,10.565088],[-5.475684,10.643945],[-5.45708,10.771387],[-5.468555,10.931055],[-5.490479,11.042383],[-5.424219,11.088721],[-5.347412,11.130273],[-5.299854,11.205957],[-5.250244,11.375781],[-5.229395,11.522461],[-5.244775,11.576758],[-5.270312,11.619873],[-5.290527,11.683301],[-5.302002,11.760449],[-5.288135,11.82793],[-5.230176,11.890283],[-5.15752,11.942383],[-5.105908,11.967529],[-4.968994,11.993311],[-4.797949,12.032129],[-4.699316,12.076172],[-4.627246,12.120215],[-4.586914,12.155029],[-4.546045,12.226465],[-4.479883,12.281787],[-4.428711,12.337598],[-4.421582,12.493066],[-4.421924,12.581592],[-4.459863,12.630371],[-4.480615,12.672217],[-4.2271,12.793701],[-4.225244,12.879492],[-4.260645,12.975342],[-4.310254,13.05249],[-4.328711,13.119043],[-4.258691,13.197314],[-4.196191,13.256152],[-4.151025,13.306201],[-4.051172,13.382422],[-3.947314,13.402197],[-3.853467,13.373535],[-3.575781,13.194189],[-3.527637,13.182715],[-3.469922,13.196387],[-3.396729,13.243701],[-3.301758,13.280762],[-3.266748,13.400781],[-3.270166,13.577441],[-3.248633,13.65835],[-3.198437,13.672852],[-3.038672,13.639111],[-2.997217,13.637109],[-2.95083,13.648438],[-2.91709,13.679492],[-2.918506,13.736377],[-2.925879,13.786768],[-2.873926,13.950732],[-2.778857,14.07373],[-2.586719,14.227588],[-2.526904,14.258301],[-2.457227,14.274121],[-2.113232,14.168457],[-2.057129,14.194629],[-1.973047,14.456543],[-1.879785,14.481494],[-1.767773,14.486035],[-1.695068,14.508496],[-1.657324,14.526807],[-1.493652,14.626074],[-1.20498,14.761523],[-1.049561,14.819531],[-1.019189,14.841357],[-0.907959,14.937402],[-0.760449,15.047754],[-0.666455,15.069775],[-0.536523,15.077881],[-0.454492,15.059668],[-0.432275,15.028516],[-0.40542,15.0125],[-0.235889,15.059424],[0.007324,14.984814],[0.21748,14.911475],[0.203809,14.865039],[0.202734,14.782812],[0.185059,14.65293],[0.163867,14.497217],[0.250586,14.396436],[0.35459,14.288037],[0.38252,14.245801],[0.354883,14.139014],[0.374023,14.076367],[0.429199,13.972119],[0.522363,13.839746],[0.618164,13.703418],[0.68457,13.6854],[0.747754,13.674512],[0.786035,13.650049],[0.842285,13.626416],[0.897949,13.610937],[0.946582,13.581152],[0.977734,13.551953],[1.017871,13.467871],[1.125977,13.412354],[1.201172,13.35752],[1.170898,13.32959],[1.076855,13.340771],[0.988477,13.364844],[0.976758,13.324512],[0.973047,13.170361],[0.987305,13.041895],[1.00791,13.024805],[1.096777,13.001123],[1.308691,12.834277],[1.500488,12.676465],[1.564941,12.6354],[1.671094,12.619824],[1.789844,12.613281],[1.840918,12.627881],[1.956152,12.707422],[2.017383,12.716211],[2.073828,12.713965],[2.10459,12.70127],[2.159766,12.636426],[2.211523,12.538428],[2.22627,12.466064],[2.221387,12.427246],[2.203809,12.412598],[2.109375,12.393848],[2.068555,12.37915],[2.058398,12.357959],[2.072949,12.309375],[2.091406,12.277979],[2.194434,12.136475],[2.343359,11.945996],[2.38916,11.89707],[2.363281,11.840088],[2.287207,11.69126],[2.230859,11.62915],[1.980371,11.418408],[1.857617,11.443359],[1.6,11.400635],[1.561426,11.449121],[1.501367,11.455566],[1.426758,11.447119],[1.399707,11.428711],[1.391504,11.408008],[1.364844,11.378906],[1.317383,11.295264],[1.280469,11.273975],[1.234668,11.261035],[1.178711,11.262744],[1.145801,11.251904],[1.145508,11.2104],[1.135547,11.174365],[1.097559,11.156348],[1.081543,11.116016],[1.08457,11.076367],[1.062305,11.058203],[1.013867,11.068115],[0.985059,11.079004],[0.958008,11.027783],[0.924609,10.992822],[0.900488,10.993262]]]}},{"type":"Feature","bbox":[114.063867,4.023975,115.326758,5.022363],"properties":{"featurecla":"Admin-0 country","scalerank":1,"LABELRANK":6,"SOVEREIGNT":"Brunei","SOV_A3":"BRN","ADM0_DIF":0,"LEVEL":2,"TYPE":"Sovereign country","TLC":"1","ADMIN":"Brunei","ADM0_A3":"BRN","GEOU_DIF":0,"GEOUNIT":"Brunei","GU_A3":"BRN","SU_DIF":0,"SUBUNIT":"Brunei","SU_A3":"BRN","BRK_DIFF":0,"NAME":"Brunei","NAME_LONG":"Brunei Darussalam","BRK_A3":"BRN","BRK_NAME":"Brunei","BRK_GROUP":null,"ABBREV":"Brunei","POSTAL":"BN","FORMAL_EN":"Negara Brunei Darussalam","FORMAL_FR":null,"NAME_CIAWF":"Brunei","NOTE_ADM0":null,"NOTE_BRK":null,"NAME_SORT":"Brunei","NAME_ALT":null,"MAPCOLOR7":4,"MAPCOLOR8":6,"MAPCOLOR9":6,"MAPCOLOR13":12,"POP_EST":433285,"POP_RANK":10,"POP_YEAR":2019,"GDP_MD":13469,"GDP_YEAR":2019,"ECONOMY":"6. Developing region","INCOME_GRP":"2. High income: nonOECD","FIPS_10":"BX","ISO_A2":"BN","ISO_A2_EH":"BN","ISO_A3":"BRN","ISO_A3_EH":"BRN","ISO_N3":"096","ISO_N3_EH":"096","UN_A3":"096","WB_A2":"BN","WB_A3":"BRN","WOE_ID":23424773,"WOE_ID_EH":23424773,"WOE_NOTE":"Exact WOE match as country","ADM0_ISO":"BRN","ADM0_DIFF":null,"ADM0_TLC":"BRN","ADM0_A3_US":"BRN","ADM0_A3_FR":"BRN","ADM0_A3_RU":"BRN","ADM0_A3_ES":"BRN","ADM0_A3_CN":"BRN","ADM0_A3_TW":"BRN","ADM0_A3_IN":"BRN","ADM0_A3_NP":"BRN","ADM0_A3_PK":"BRN","ADM0_A3_DE":"BRN","ADM0_A3_GB":"BRN","ADM0_A3_BR":"BRN","ADM0_A3_IL":"BRN","ADM0_A3_PS":"BRN","ADM0_A3_SA":"BRN","ADM0_A3_EG":"BRN","ADM0_A3_MA":"BRN","ADM0_A3_PT":"BRN","ADM0_A3_AR":"BRN","ADM0_A3_JP":"BRN","ADM0_A3_KO":"BRN","ADM0_A3_VN":"BRN","ADM0_A3_TR":"BRN","ADM0_A3_ID":"BRN","ADM0_A3_PL":"BRN","ADM0_A3_GR":"BRN","ADM0_A3_IT":"BRN","ADM0_A3_NL":"BRN","ADM0_A3_SE":"BRN","ADM0_A3_BD":"BRN","ADM0_A3_UA":"BRN","ADM0_A3_UN":-99,"ADM0_A3_WB":-99,"CONTINENT":"Asia","REGION_UN":"Asia","SUBREGION":"South-Eastern Asia","REGION_WB":"East Asia & Pacific","NAME_LEN":6,"LONG_LEN":17,"ABBREV_LEN":6,"TINY":2,"HOMEPART":1,"MIN_ZOOM":0,"MIN_LABEL":4,"MAX_LABEL":9,"LABEL_X":114.551943,"LABEL_Y":4.448298,"NE_ID":1159320451,"WIKIDATAID":"Q921","NAME_AR":"بروناي","NAME_BN":"ব্রুনাই","NAME_DE":"Brunei","NAME_EN":"Brunei","NAME_ES":"Brunéi","NAME_FA":"برونئی","NAME_FR":"Brunei","NAME_EL":"Μπρουνέι","NAME_HE":"ברוניי","NAME_HI":"ब्रुनेई","NAME_HU":"Brunei","NAME_ID":"Brunei Darussalam","NAME_IT":"Brunei","NAME_JA":"ブルネイ","NAME_KO":"브루나이","NAME_NL":"Brunei","NAME_PL":"Brunei","NAME_PT":"Brunei","NAME_RU":"Бруней","NAME_SV":"Brunei","NAME_TR":"Brunei","NAME_UK":"Бруней","NAME_UR":"برونائی دار السلام","NAME_VI":"Brunei","NAME_ZH":"文莱","NAME_ZHT":"汶萊","FCLASS_ISO":"Admin-0 country","TLC_DIFF":null,"FCLASS_TLC":"Admin-0 country","FCLASS_US":null,"FCLASS_FR":null,"FCLASS_RU":null,"FCLASS_ES":null,"FCLASS_CN":null,"FCLASS_TW":null,"FCLASS_IN":null,"FCLASS_NP":null,"FCLASS_PK":null,"FCLASS_DE":null,"FCLASS_GB":null,"FCLASS_BR":null,"FCLASS_IL":null,"FCLASS_PS":null,"FCLASS_SA":null,"FCLASS_EG":null,"FCLASS_MA":null,"FCLASS_PT":null,"FCLASS_AR":null,"FCLASS_JP":null,"FCLASS_KO":null,"FCLASS_VN":null,"FCLASS_TR":null,"FCLASS_ID":null,"FCLASS_PL":null,"FCLASS_GR":null,"FCLASS_IT":null,"FCLASS_NL":null,"FCLASS_SE":null,"FCLASS_BD":null,"FCLASS_UA":null},"geometry":{"type":"MultiPolygon","coordinates":[[],[]]}},{"type":"Feature","bbox":[-74.002051,-33.742188,-34.805469,5.257959],"properties":{"featurecla":"Admin-0 country","scalerank":1,"LABELRANK":2,"SOVEREIGNT":"Brazil","SOV_A3":"BRA","ADM0_DIF":0,"LEVEL":2,"TYPE":"Sovereign country","TLC":"1","ADMIN":"Brazil","ADM0_A3":"BRA","GEOU_DIF":0,"GEOUNIT":"Brazil","GU_A3":"BRA","SU_DIF":0,"SUBUNIT":"Brazil","SU_A3":"BRA","BRK_DIFF":0,"NAME":"Brazil","NAME_LONG":"Brazil","BRK_A3":"BRA","BRK_NAME":"Brazil","BRK_GROUP":null,"ABBREV":"Brazil","POSTAL":"BR","FORMAL_EN":"Federative Republic of Brazil","FORMAL_FR":null,"NAME_CIAWF":"Brazil","NOTE_ADM0":null,"NOTE_BRK":null,"NAME_SORT":"Brazil","NAME_ALT":null,"MAPCOLOR7":5,"MAPCOLOR8":6,"MAPCOLOR9":5,"MAPCOLOR13":7,"POP_EST":211049527,"POP_RANK":17,"POP_YEAR":2019,"GDP_MD":1839758,"GDP_YEAR":2019,"ECONOMY":"3. Emerging region: BRIC","INCOME_GRP":"3. Upper middle income","FIPS_10":"BR","ISO_A2":"BR","ISO_A2_EH":"BR","ISO_A3":"BRA","ISO_A3_EH":"BRA","ISO_N3":"076","ISO_N3_EH":"076","UN_A3":"076","WB_A2":"BR","WB_A3":"BRA","WOE_ID":23424768,"WOE_ID_EH":23424768,"WOE_NOTE":"Exact WOE match as country","ADM0_ISO":"BRA","ADM0_DIFF":null,"ADM0_TLC":"BRA","ADM0_A3_US":"BRA","ADM0_A3_FR":"BRA","ADM0_A3_RU":"BRA","ADM0_A3_ES":"BRA","ADM0_A3_CN":"BRA","ADM0_A3_TW":"BRA","ADM0_A3_IN":"BRA","ADM0_A3_NP":"BRA","ADM0_A3_PK":"BRA","ADM0_A3_DE":"BRA","ADM0_A3_GB":"BRA","ADM0_A3_BR":"BRA","ADM0_A3_IL":"BRA","ADM0_A3_PS":"BRA","ADM0_A3_SA":"BRA","ADM0_A3_EG":"BRA","ADM0_A3_MA":"BRA","ADM0_A3_PT":"BRA","ADM0_A3_AR":"BRA","ADM0_A3_JP":"BRA","ADM0_A3_KO":"BRA","ADM0_A3_VN":"BRA","ADM0_A3_TR":"BRA","ADM0_A3_ID":"BRA","ADM0_A3_PL":"BRA","ADM0_A3_GR":"BRA","ADM0_A3_IT":"BRA","ADM0_A3_NL":"BRA","ADM0_A3_SE":"BRA","ADM0_A3_BD":"BRA","ADM0_A3_UA":"BRA","ADM0_A3_UN":-99,"ADM0_A3_WB":-99,"CONTINENT":"South America","REGION_UN":"Americas","SUBREGION":"South America","REGION_WB":"Latin America & Caribbean","NAME_LEN":6,"LONG_LEN":6,"ABBREV_LEN":6,"TINY":-99,"HOMEPART":1,"MIN_ZOOM":0,"MIN_LABEL":1.7,"MAX_LABEL":5.7,"LABEL_X":-49.55945,"LABEL_Y":-12.098687,"NE_ID":1159320441,"WIKIDATAID":"Q155","NAME_AR":"البرازيل","NAME_BN":"ব্রাজিল","NAME_DE":"Brasilien","NAME_EN":"Brazil","NAME_ES":"Brasil","NAME_FA":"برزیل","NAME_FR":"Brésil","NAME_EL":"Βραζιλία","NAME_HE":"ברזיל","NAME_HI":"ब्राज़ील","NAME_HU":"Brazília","NAME_ID":"Brasil","NAME_IT":"Brasile","NAME_JA":"ブラジル","NAME_KO":"브라질","NAME_NL":"Brazilië","NAME_PL":"Brazylia","NAME_PT":"Brasil","NAME_RU":"Бразилия","NAME_SV":"Brasilien","NAME_TR":"Brezilya","NAME_UK":"Бразилія","NAME_UR":"برازیل","NAME_VI":"Brasil","NAME_ZH":"巴西","NAME_ZHT":"巴西","FCLASS_ISO":"Admin-0 country","TLC_DIFF":null,"FCLASS_TLC":"Admin-0 country","FCLASS_US":null,"FCLASS_FR":null,"FCLASS_RU":null,"FCLASS_ES":null,"FCLASS_CN":null,"FCLASS_TW":null,"FCLASS_IN":null,"FCLASS_NP":null,"FCLASS_PK":null,"FCLASS_DE":null,"FCLASS_GB":null,"FCLASS_BR":null,"FCLASS_IL":null,"FCLASS_PS":null,"FCLASS_SA":null,"FCLASS_EG":null,"FCLASS_MA":null,"FCLASS_PT":null,"FCLASS_AR":null,"FCLASS_JP":null,"FCLASS_KO":null,"FCLASS_VN":null,"FCLASS_TR":null,"FCLASS_ID":null,"FCLASS_PL":null,"FCLASS_GR":null,"FCLASS_IT":null,"FCLASS_NL":null,"FCLASS_SE":null,"FCLASS_BD":null,"FCLASS_UA":null},"geometry":{"type":"MultiPolygon","coordinates":[[],[],[],[],[],[],[],[],[],[],[],[],[],[],[],[],[]]}},{"type":"Feature","bbox":[19.977344,-26.854199,29.364844,-17.787598],"properties":{"featurecla":"Admin-0 country","scalerank":1,"LABELRANK":4,"SOVEREIGNT":"Botswana","SOV_A3":"BWA","ADM0_DIF":0,"LEVEL":2,"TYPE":"Sovereign country","TLC":"1","ADMIN":"Botswana","ADM0_A3":"BWA","GEOU_DIF":0,"GEOUNIT":"Botswana","GU_A3":"BWA","SU_DIF":0,"SUBUNIT":"Botswana","SU_A3":"BWA","BRK_DIFF":0,"NAME":"Botswana","NAME_LONG":"Botswana","BRK_A3":"BWA","BRK_NAME":"Botswana","BRK_GROUP":null,"ABBREV":"Bwa.","POSTAL":"BW","FORMAL_EN":"Republic of Botswana","FORMAL_FR":null,"NAME_CIAWF":"Botswana","NOTE_ADM0":null,"NOTE_BRK":null,"NAME_SORT":"Botswana","NAME_ALT":null,"MAPCOLOR7":6,"MAPCOLOR8":5,"MAPCOLOR9":7,"MAPCOLOR13":3,"POP_EST":2303697,"POP_RANK":12,"POP_YEAR":2019,"GDP_MD":18340,"GDP_YEAR":2019,"ECONOMY":"6. Developing region","INCOME_GRP":"3. Upper middle income","FIPS_10":"BC","ISO_A2":"BW","ISO_A2_EH":"BW","ISO_A3":"BWA","ISO_A3_EH":"BWA","ISO_N3":"072","ISO_N3_EH":"072","UN_A3":"072","WB_A2":"BW","WB_A3":"BWA","WOE_ID":23424755,"WOE_ID_EH":23424755,"WOE_NOTE":"Exact WOE match as country","ADM0_ISO":"BWA","ADM0_DIFF":null,"ADM0_TLC":"BWA","ADM0_A3_US":"BWA","ADM0_A3_FR":"BWA","ADM0_A3_RU":"BWA","ADM0_A3_ES":"BWA","ADM0_A3_CN":"BWA","ADM0_A3_TW":"BWA","ADM0_A3_IN":"BWA","ADM0_A3_NP":"BWA","ADM0_A3_PK":"BWA","ADM0_A3_DE":"BWA","ADM0_A3_GB":"BWA","ADM0_A3_BR":"BWA","ADM0_A3_IL":"BWA","ADM0_A3_PS":"BWA","ADM0_A3_SA":"BWA","ADM0_A3_EG":"BWA","ADM0_A3_MA":"BWA","ADM0_A3_PT":"BWA","ADM0_A3_AR":"BWA","ADM0_A3_JP":"BWA","ADM0_A3_KO":"BWA","ADM0_A3_VN":"BWA","ADM0_A3_TR":"BWA","ADM0_A3_ID":"BWA","ADM0_A3_PL":"BWA","ADM0_A3_GR":"BWA","ADM0_A3_IT":"BWA","ADM0_A3_NL":"BWA","ADM0_A3_SE":"BWA","ADM0_A3_BD":"BWA","ADM0_A3_UA":"BWA","ADM0_A3_UN":-99,"ADM0_A3_WB":-99,"CONTINENT":"Africa","REGION_UN":"Africa","SUBREGION":"Southern Africa","REGION_WB":"Sub-Saharan Africa","NAME_LEN":8,"LONG_LEN":8,"ABBREV_LEN":4,"TINY":-99,"HOMEPART":1,"MIN_ZOOM":0,"MIN_LABEL":4,"MAX_LABEL":9,"LABEL_X":24.179216,"LABEL_Y":-22.102634,"NE_ID":1159320461,"WIKIDATAID":"Q963","NAME_AR":"بوتسوانا","NAME_BN":"বতসোয়ানা","NAME_DE":"Botswana","NAME_EN":"Botswana","NAME_ES":"Botsuana","NAME_FA":"بوتسوانا","NAME_FR":"Botswana","NAME_EL":"Μποτσουάνα","NAME_HE":"בוטסואנה","NAME_HI":"बोत्सवाना","NAME_HU":"Botswana","NAME_ID":"Botswana","NAME_IT":"Botswana","NAME_JA":"ボツワナ","NAME_KO":"보츠와나","NAME_NL":"Botswana","NAME_PL":"Botswana","NAME_PT":"Botsuana","NAME_RU":"Ботсвана","NAME_SV":"Botswana","NAME_TR":"Botsvana","NAME_UK":"Ботсвана","NAME_UR":"بوٹسوانا","NAME_VI":"Botswana","NAME_ZH":"博茨瓦纳","NAME_ZHT":"波札那","FCLASS_ISO":"Admin-0 country","TLC_DIFF":null,"FCLASS_TLC":"Admin-0 country","FCLASS_US":null,"FCLASS_FR":null,"FCLASS_RU":null,"FCLASS_ES":null,"FCLASS_CN":null,"FCLASS_TW":null,"FCLASS_IN":null,"FCLASS_NP":null,"FCLASS_PK":null,"FCLASS_DE":null,"FCLASS_GB":null,"FCLASS_BR":null,"FCLASS_IL":null,"FCLASS_PS":null,"FCLASS_SA":null,"FCLASS_EG":null,"FCLASS_MA":null,"FCLASS_PT":null,"FCLASS_AR":null,"FCLASS_JP":null,"FCLASS_KO":null,"FCLASS_VN":null,"FCLASS_TR":null,"FCLASS_ID":null,"FCLASS_PL":null,"FCLASS_GR":null,"FCLASS_IT":null,"FCLASS_NL":null,"FCLASS_SE":null,"FCLASS_BD":null,"FCLASS_UA":null},"geometry":{"type":"Polygon","coordinates":[[[25.258789,-17.793555],[25.239063,-17.843066],[25.224023,-17.915234],[25.242285,-17.969043],[25.282422,-18.041211],[25.340234,-18.104492],[25.384375,-18.141992],[25.436719,-18.234961],[25.489258,-18.35127],[25.558301,-18.441797],[25.76123,-18.649219],[25.783691,-18.723535],[25.811914,-18.79707],[25.939355,-18.938672],[25.95918,-18.985645],[25.950684,-19.081738],[26.081934,-19.369922],[26.168066,-19.538281],[26.241016,-19.569336],[26.474609,-19.748633],[26.678223,-19.892773],[26.916699,-19.990137],[27.091797,-20.054199],[27.178223,-20.100977],[27.221484,-20.145801],[27.256738,-20.232031],[27.274609,-20.381836],[27.280762,-20.478711],[27.468945,-20.474805],[27.624609,-20.483594],[27.679297,-20.503027],[27.699609,-20.530664],[27.694824,-20.594531],[27.696973,-20.689746],[27.704297,-20.766406],[27.688086,-20.84834],[27.676953,-20.944824],[27.669434,-21.064258],[27.693457,-21.111035],[27.844141,-21.261523],[27.907422,-21.359082],[27.974609,-21.506738],[28.014063,-21.554199],[28.045605,-21.573047],[28.181641,-21.589355],[28.532031,-21.65127],[28.747754,-21.707617],[28.919336,-21.766016],[28.990723,-21.781445],[29.025586,-21.796875],[29.037305,-21.811328],[29.01582,-21.939941],[29.02334,-21.98125],[29.042383,-22.018359],[29.071484,-22.047461],[29.106836,-22.065723],[29.237207,-22.079492],[29.315234,-22.157715],[29.364844,-22.193945],[29.129883,-22.213281],[29.013477,-22.278418],[28.945801,-22.395117],[28.839844,-22.480859],[28.695508,-22.535449],[28.542871,-22.572949],[28.381738,-22.593359],[28.210156,-22.693652],[28.02793,-22.87373],[27.935059,-22.987012],[27.931348,-23.033594],[27.890527,-23.073926],[27.812598,-23.108008],[27.768555,-23.148926],[27.758301,-23.196777],[27.716797,-23.219629],[27.643848,-23.217676],[27.592676,-23.252637],[27.563184,-23.324609],[27.49873,-23.368359],[27.399219,-23.383594],[27.313379,-23.424219],[27.241211,-23.490039],[27.185547,-23.523438],[27.146387,-23.524414],[27.085547,-23.57793],[26.987012,-23.70459],[26.970605,-23.763477],[26.835059,-24.24082],[26.761133,-24.297168],[26.617773,-24.395508],[26.501563,-24.513281],[26.451758,-24.582715],[26.397168,-24.613574],[26.130859,-24.671484],[26.031836,-24.702441],[25.912109,-24.747461],[25.881836,-24.787988],[25.852441,-24.935254],[25.769922,-25.146484],[25.702637,-25.302344],[25.65918,-25.437891],[25.583789,-25.60625],[25.518164,-25.662793],[25.443652,-25.714453],[25.346191,-25.739941],[25.213379,-25.75625],[25.09248,-25.751465],[24.998926,-25.754004],[24.869238,-25.813477],[24.748145,-25.817383],[24.555859,-25.783105],[24.400195,-25.749805],[24.330566,-25.742871],[24.192969,-25.63291],[24.104492,-25.634863],[23.969531,-25.626074],[23.89375,-25.600879],[23.823438,-25.544629],[23.670703,-25.433984],[23.521484,-25.344434],[23.389258,-25.291406],[23.266016,-25.266602],[23.14873,-25.288672],[23.05752,-25.312305],[23.02207,-25.324121],[22.95127,-25.370313],[22.878809,-25.45791],[22.818945,-25.595117],[22.796094,-25.679102],[22.729004,-25.857324],[22.640234,-26.071191],[22.597656,-26.132715],[22.548633,-26.178418],[22.470898,-26.219043],[22.217578,-26.388867],[22.090918,-26.580176],[22.010938,-26.63584],[21.914551,-26.661914],[21.833203,-26.67832],[21.788281,-26.710059],[21.738086,-26.806836],[21.694727,-26.840918],[21.646289,-26.854199],[21.501367,-26.842676],[21.45498,-26.832813],[21.070996,-26.851758],[20.953906,-26.821094],[20.870898,-26.808789],[20.739844,-26.848828],[20.685059,-26.822461],[20.641406,-26.742188],[20.619922,-26.580859],[20.626758,-26.443848],[20.697852,-26.340137],[20.757031,-26.26416],[20.815039,-26.164941],[20.822656,-26.120605],[20.811035,-26.080566],[20.799414,-25.999023],[20.793164,-25.915625],[20.710742,-25.733203],[20.609277,-25.491211],[20.473145,-25.221289],[20.430664,-25.14707],[20.345215,-25.029883],[20.028613,-24.807031],[19.980469,-24.776758],[19.980469,-24.751953],[19.980176,-24.535742],[19.979883,-24.249023],[19.97959,-23.962402],[19.979297,-23.675781],[19.978906,-23.38916],[19.978516,-23.102539],[19.978223,-22.815918],[19.97793,-22.529297],[19.977637,-22.242578],[19.977344,-22.000195],[20.205371,-22.000195],[20.4875,-22.000195],[20.822754,-22.000195],[20.970996,-22.000195],[20.979492,-21.961914],[20.979297,-21.784082],[20.978711,-21.376074],[20.978125,-20.968164],[20.977441,-20.560254],[20.976855,-20.152344],[20.976172,-19.744336],[20.975586,-19.336426],[20.975,-18.928516],[20.974316,-18.520508],[20.974121,-18.318848],[21.23252,-18.306836],[21.529688,-18.265625],[22.011426,-18.198633],[22.460059,-18.115723],[22.752734,-18.067188],[23.099902,-18.00957],[23.219336,-17.999707],[23.251563,-18.00752],[23.298633,-18.027344],[23.459766,-18.231055],[23.560156,-18.386426],[23.580566,-18.45293],[23.599707,-18.459961],[23.647168,-18.449414],[23.700488,-18.424316],[23.864258,-18.269531],[23.89834,-18.229199],[24.002637,-18.154102],[24.129297,-18.077539],[24.243945,-18.023438],[24.358984,-17.978223],[24.412207,-17.989453],[24.474902,-18.028516],[24.530566,-18.052734],[24.792188,-17.864648],[24.909082,-17.821387],[25.216016,-17.787598],[25.258789,-17.793555]]]}},{"type":"Feature","bbox":[0.763379,6.216797,3.834473,12.383838],"properties":{"featurecla":"Admin-0 country","scalerank":1,"LABELRANK":5,"SOVEREIGNT":"Benin","SOV_A3":"BEN","ADM0_DIF":0,"LEVEL":2,"TYPE":"Sovereign country","TLC":"1","ADMIN":"Benin","ADM0_A3":"BEN","GEOU_DIF":0,"GEOUNIT":"Benin","GU_A3":"BEN","SU_DIF":0,"SUBUNIT":"Benin","SU_A3":"BEN","BRK_DIFF":0,"NAME":"Benin","NAME_LONG":"Benin","BRK_A3":"BEN","BRK_NAME":"Benin","BRK_GROUP":null,"ABBREV":"Benin","POSTAL":"BJ","FORMAL_EN":"Republic of Benin","FORMAL_FR":null,"NAME_CIAWF":"Benin","NOTE_ADM0":null,"NOTE_BRK":null,"NAME_SORT":"Benin","NAME_ALT":null,"MAPCOLOR7":1,"MAPCOLOR8":2,"MAPCOLOR9":2,"MAPCOLOR13":12,"POP_EST":11801151,"POP_RANK":14,"POP_YEAR":2019,"GDP_MD":14390,"GDP_YEAR":2019,"ECONOMY":"7. Least developed region","INCOME_GRP":"5. Low income","FIPS_10":"BN","ISO_A2":"BJ","ISO_A2_EH":"BJ","ISO_A3":"BEN","ISO_A3_EH":"BEN","ISO_N3":"204","ISO_N3_EH":"204","UN_A3":"204","WB_A2":"BJ","WB_A3":"BEN","WOE_ID":23424764,"WOE_ID_EH":23424764,"WOE_NOTE":"Exact WOE match as country","ADM0_ISO":"BEN","ADM0_DIFF":null,"ADM0_TLC":"BEN","ADM0_A3_US":"BEN","ADM0_A3_FR":"BEN","ADM0_A3_RU":"BEN","ADM0_A3_ES":"BEN","ADM0_A3_CN":"BEN","ADM0_A3_TW":"BEN","ADM0_A3_IN":"BEN","ADM0_A3_NP":"BEN","ADM0_A3_PK":"BEN","ADM0_A3_DE":"BEN","ADM0_A3_GB":"BEN","ADM0_A3_BR":"BEN","ADM0_A3_IL":"BEN","ADM0_A3_PS":"BEN","ADM0_A3_SA":"BEN","ADM0_A3_EG":"BEN","ADM0_A3_MA":"BEN","ADM0_A3_PT":"BEN","ADM0_A3_AR":"BEN","ADM0_A3_JP":"BEN","ADM0_A3_KO":"BEN","ADM0_A3_VN":"BEN","ADM0_A3_TR":"BEN","ADM0_A3_ID":"BEN","ADM0_A3_PL":"BEN","ADM0_A3_GR":"BEN","ADM0_A3_IT":"BEN","ADM0_A3_NL":"BEN","ADM0_A3_SE":"BEN","ADM0_A3_BD":"BEN","ADM0_A3_UA":"BEN","ADM0_A3_UN":-99,"ADM0_A3_WB":-99,"CONTINENT":"Africa","REGION_UN":"Africa","SUBREGION":"Western Africa","REGION_WB":"Sub-Saharan Africa","NAME_LEN":5,"LONG_LEN":5,"ABBREV_LEN":5,"TINY":-99,"HOMEPART":1,"MIN_ZOOM":0,"MIN_LABEL":4,"MAX_LABEL":9,"LABEL_X":2.352018,"LABEL_Y":10.324775,"NE_ID":1159320399,"WIKIDATAID":"Q962","NAME_AR":"بنين","NAME_BN":"বেনিন","NAME_DE":"Benin","NAME_EN":"Benin","NAME_ES":"Benín","NAME_FA":"بنین","NAME_FR":"Bénin","NAME_EL":"Μπενίν","NAME_HE":"בנין","NAME_HI":"बेनिन","NAME_HU":"Benin","NAME_ID":"Benin","NAME_IT":"Benin","NAME_JA":"ベナン","NAME_KO":"베냉","NAME_NL":"Benin","NAME_PL":"Benin","NAME_PT":"Benim","NAME_RU":"Бенин","NAME_SV":"Benin","NAME_TR":"Benin","NAME_UK":"Бенін","NAME_UR":"بینن","NAME_VI":"Bénin","NAME_ZH":"贝宁","NAME_ZHT":"貝南","FCLASS_ISO":"Admin-0 country","TLC_DIFF":null,"FCLASS_TLC":"Admin-0 country","FCLASS_US":null,"FCLASS_FR":null,"FCLASS_RU":null,"FCLASS_ES":null,"FCLASS_CN":null,"FCLASS_TW":null,"FCLASS_IN":null,"FCLASS_NP":null,"FCLASS_PK":null,"FCLASS_DE":null,"FCLASS_GB":null,"FCLASS_BR":null,"FCLASS_IL":null,"FCLASS_PS":null,"FCLASS_SA":null,"FCLASS_EG":null,"FCLASS_MA":null,"FCLASS_PT":null,"FCLASS_AR":null,"FCLASS_JP":null,"FCLASS_KO":null,"FCLASS_VN":null,"FCLASS_TR":null,"FCLASS_ID":null,"FCLASS_PL":null,"FCLASS_GR":null,"FCLASS_IT":null,"FCLASS_NL":null,"FCLASS_SE":null,"FCLASS_BD":null,"FCLASS_UA":null},"geometry":{"type":"Polygon","coordinates":[[[1.622656,6.216797],[1.610938,6.25083],[1.77793,6.294629],[1.743164,6.42627],[1.639258,6.581543],[1.598535,6.610205],[1.577539,6.687402],[1.60293,6.738086],[1.59082,6.772266],[1.582031,6.877002],[1.530957,6.992432],[1.624707,6.997314],[1.624707,7.369189],[1.624609,7.725879],[1.624609,8.030225],[1.624609,8.270996],[1.606641,8.559277],[1.603809,8.770996],[1.600195,9.050049],[1.566309,9.137256],[1.424316,9.28501],[1.385742,9.36167],[1.378906,9.462988],[1.34707,9.567529],[1.345117,9.750195],[1.342871,9.962939],[1.330078,9.996973],[1.176172,10.098389],[0.958301,10.242041],[0.792188,10.351562],[0.77998,10.35957],[0.763379,10.38667],[0.7875,10.710254],[0.821875,10.752588],[0.874805,10.885742],[0.900488,10.993262],[0.924609,10.992822],[0.958008,11.027783],[0.985059,11.079004],[1.013867,11.068115],[1.062305,11.058203],[1.08457,11.076367],[1.081543,11.116016],[1.097559,11.156348],[1.135547,11.174365],[1.145508,11.2104],[1.145801,11.251904],[1.178711,11.262744],[1.234668,11.261035],[1.280469,11.273975],[1.317383,11.295264],[1.364844,11.378906],[1.391504,11.408008],[1.399707,11.428711],[1.426758,11.447119],[1.501367,11.455566],[1.561426,11.449121],[1.6,11.400635],[1.857617,11.443359],[1.980371,11.418408],[2.230859,11.62915],[2.287207,11.69126],[2.363281,11.840088],[2.38916,11.89707],[2.412695,11.999316],[2.363281,12.188428],[2.366016,12.221924],[2.469336,12.262793],[2.598438,12.294336],[2.648438,12.296777],[2.681348,12.312793],[2.728516,12.353613],[2.805273,12.383838],[2.850195,12.373682],[2.878125,12.367725],[3.149609,12.118066],[3.267383,11.991895],[3.299121,11.927148],[3.359961,11.880469],[3.449805,11.851953],[3.531738,11.787451],[3.59541,11.696289],[3.553906,11.631885],[3.490527,11.499219],[3.487793,11.39541],[3.638867,11.176855],[3.65625,11.15459],[3.695312,11.120312],[3.716406,11.07959],[3.73418,10.971924],[3.744922,10.850439],[3.756836,10.76875],[3.829688,10.65376],[3.834473,10.607422],[3.783789,10.435889],[3.771777,10.417627],[3.758496,10.412695],[3.680273,10.427783],[3.646582,10.408984],[3.604102,10.350684],[3.57793,10.29248],[3.576563,10.268359],[3.645898,10.160156],[3.602051,10.004541],[3.557227,9.907324],[3.476758,9.851904],[3.404785,9.838623],[3.354492,9.812793],[3.325195,9.778467],[3.329492,9.667041],[3.223438,9.565625],[3.164648,9.494678],[3.136133,9.451611],[3.148047,9.320605],[3.110449,9.188281],[3.044922,9.083838],[2.898047,9.061377],[2.774805,9.048535],[2.73291,8.78252],[2.734668,8.614014],[2.723633,8.441895],[2.703125,8.371826],[2.711523,8.272998],[2.702344,8.049805],[2.686035,7.87373],[2.707715,7.826611],[2.72041,7.723096],[2.719336,7.61626],[2.750977,7.541895],[2.785156,7.476855],[2.783984,7.443408],[2.76582,7.42251],[2.750488,7.395068],[2.750586,7.143213],[2.756738,7.06792],[2.747754,7.019824],[2.721387,6.980273],[2.731738,6.852832],[2.75293,6.771631],[2.774609,6.711719],[2.753711,6.661768],[2.735645,6.595703],[2.708008,6.427686],[2.706445,6.369238],[2.286914,6.328076],[1.818164,6.260645],[1.622656,6.216797]]]}},{"type":"Feature","bbox":[-89.2375,15.888672,-87.788623,18.482324],"properties":{"featurecla":"Admin-0 country","scalerank":1,"LABELRANK":6,"SOVEREIGNT":"Belize","SOV_A3":"BLZ","ADM0_DIF":0,"LEVEL":2,"TYPE":"Sovereign country","TLC":"1","ADMIN":"Belize","ADM0_A3":"BLZ","GEOU_DIF":0,"GEOUNIT":"Belize","GU_A3":"BLZ","SU_DIF":0,"SUBUNIT":"Belize","SU_A3":"BLZ","BRK_DIFF":0,"NAME":"Belize","NAME_LONG":"Belize","BRK_A3":"BLZ","BRK_NAME":"Belize","BRK_GROUP":null,"ABBREV":"Belize","POSTAL":"BZ","FORMAL_EN":"Belize","FORMAL_FR":null,"NAME_CIAWF":"Belize","NOTE_ADM0":null,"NOTE_BRK":null,"NAME_SORT":"Belize","NAME_ALT":null,"MAPCOLOR7":1,"MAPCOLOR8":4,"MAPCOLOR9":5,"MAPCOLOR13":7,"POP_EST":390353,"POP_RANK":10,"POP_YEAR":2019,"GDP_MD":1879,"GDP_YEAR":2019,"ECONOMY":"6. Developing region","INCOME_GRP":"4. Lower middle income","FIPS_10":"BH","ISO_A2":"BZ","ISO_A2_EH":"BZ","ISO_A3":"BLZ","ISO_A3_EH":"BLZ","ISO_N3":"084","ISO_N3_EH":"084","UN_A3":"084","WB_A2":"BZ","WB_A3":"BLZ","WOE_ID":23424760,"WOE_ID_EH":23424760,"WOE_NOTE":"Exact WOE match as country","ADM0_ISO":"BLZ","ADM0_DIFF":null,"ADM0_TLC":"BLZ","ADM0_A3_US":"BLZ","ADM0_A3_FR":"BLZ","ADM0_A3_RU":"BLZ","ADM0_A3_ES":"BLZ","ADM0_A3_CN":"BLZ","ADM0_A3_TW":"BLZ","ADM0_A3_IN":"BLZ","ADM0_A3_NP":"BLZ","ADM0_A3_PK":"BLZ","ADM0_A3_DE":"BLZ","ADM0_A3_GB":"BLZ","ADM0_A3_BR":"BLZ","ADM0_A3_IL":"BLZ","ADM0_A3_PS":"BLZ","ADM0_A3_SA":"BLZ","ADM0_A3_EG":"BLZ","ADM0_A3_MA":"BLZ","ADM0_A3_PT":"BLZ","ADM0_A3_AR":"BLZ","ADM0_A3_JP":"BLZ","ADM0_A3_KO":"BLZ","ADM0_A3_VN":"BLZ","ADM0_A3_TR":"BLZ","ADM0_A3_ID":"BLZ","ADM0_A3_PL":"BLZ","ADM0_A3_GR":"BLZ","ADM0_A3_IT":"BLZ","ADM0_A3_NL":"BLZ","ADM0_A3_SE":"BLZ","ADM0_A3_BD":"BLZ","ADM0_A3_UA":"BLZ","ADM0_A3_UN":-99,"ADM0_A3_WB":-99,"CONTINENT":"North America","REGION_UN":"Americas","SUBREGION":"Central America","REGION_WB":"Latin America & Caribbean","NAME_LEN":6,"LONG_LEN":6,"ABBREV_LEN":6,"TINY":-99,"HOMEPART":1,"MIN_ZOOM":0,"MIN_LABEL":5,"MAX_LABEL":10,"LABEL_X":-88.712962,"LABEL_Y":17.202068,"NE_ID":1159320431,"WIKIDATAID":"Q242","NAME_AR":"بليز","NAME_BN":"বেলিজ","NAME_DE":"Belize","NAME_EN":"Belize","NAME_ES":"Belice","NAME_FA":"بلیز","NAME_FR":"Belize","NAME_EL":"Μπελίζ","NAME_HE":"בליז","NAME_HI":"बेलीज़","NAME_HU":"Belize","NAME_ID":"Belize","NAME_IT":"Belize","NAME_JA":"ベリーズ","NAME_KO":"벨리즈","NAME_NL":"Belize","NAME_PL":"Belize","NAME_PT":"Belize","NAME_RU":"Белиз","NAME_SV":"Belize","NAME_TR":"Belize","NAME_UK":"Беліз","NAME_UR":"بیلیز","NAME_VI":"Belize","NAME_ZH":"伯利兹","NAME_ZHT":"貝里斯","FCLASS_ISO":"Admin-0 country","TLC_DIFF":null,"FCLASS_TLC":"Admin-0 country","FCLASS_US":null,"FCLASS_FR":null,"FCLASS_RU":null,"FCLASS_ES":null,"FCLASS_CN":null,"FCLASS_TW":null,"FCLASS_IN":null,"FCLASS_NP":null,"FCLASS_PK":null,"FCLASS_DE":null,"FCLASS_GB":null,"FCLASS_BR":null,"FCLASS_IL":null,"FCLASS_PS":null,"FCLASS_SA":null,"FCLASS_EG":null,"FCLASS_MA":null,"FCLASS_PT":null,"FCLASS_AR":null,"FCLASS_JP":null,"FCLASS_KO":null,"FCLASS_VN":null,"FCLASS_TR":null,"FCLASS_ID":null,"FCLASS_PL":null,"FCLASS_GR":null,"FCLASS_IT":null,"FCLASS_NL":null,"FCLASS_SE":null,"FCLASS_BD":null,"FCLASS_UA":null},"geometry":{"type":"MultiPolygon","coordinates":[[],[],[]]}},{"type":"Feature","bbox":[88.023438,20.79043,92.631641,26.571533],"properties":{"featurecla":"Admin-0 country","scalerank":1,"LABELRANK":3,"SOVEREIGNT":"Bangladesh","SOV_A3":"BGD","ADM0_DIF":0,"LEVEL":2,"TYPE":"Sovereign country","TLC":"1","ADMIN":"Bangladesh","ADM0_A3":"BGD","GEOU_DIF":0,"GEOUNIT":"Bangladesh","GU_A3":"BGD","SU_DIF":0,"SUBUNIT":"Bangladesh","SU_A3":"BGD","BRK_DIFF":0,"NAME":"Bangladesh","NAME_LONG":"Bangladesh","BRK_A3":"BGD","BRK_NAME":"Bangladesh","BRK_GROUP":null,"ABBREV":"Bang.","POSTAL":"BD","FORMAL_EN":"People's Republic of Bangladesh","FORMAL_FR":null,"NAME_CIAWF":"Bangladesh","NOTE_ADM0":null,"NOTE_BRK":null,"NAME_SORT":"Bangladesh","NAME_ALT":null,"MAPCOLOR7":3,"MAPCOLOR8":4,"MAPCOLOR9":7,"MAPCOLOR13":7,"POP_EST":163046161,"POP_RANK":17,"POP_YEAR":2019,"GDP_MD":302571,"GDP_YEAR":2019,"ECONOMY":"7. Least developed region","INCOME_GRP":"5. Low income","FIPS_10":"BG","ISO_A2":"BD","ISO_A2_EH":"BD","ISO_A3":"BGD","ISO_A3_EH":"BGD","ISO_N3":"050","ISO_N3_EH":"050","UN_A3":"050","WB_A2":"BD","WB_A3":"BGD","WOE_ID":23424759,"WOE_ID_EH":23424759,"WOE_NOTE":"Exact WOE match as country","ADM0_ISO":"BGD","ADM0_DIFF":null,"ADM0_TLC":"BGD","ADM0_A3_US":"BGD","ADM0_A3_FR":"BGD","ADM0_A3_RU":"BGD","ADM0_A3_ES":"BGD","ADM0_A3_CN":"BGD","ADM0_A3_TW":"BGD","ADM0_A3_IN":"BGD","ADM0_A3_NP":"BGD","ADM0_A3_PK":"BGD","ADM0_A3_DE":"BGD","ADM0_A3_GB":"BGD","ADM0_A3_BR":"BGD","ADM0_A3_IL":"BGD","ADM0_A3_PS":"BGD","ADM0_A3_SA":"BGD","ADM0_A3_EG":"BGD","ADM0_A3_MA":"BGD","ADM0_A3_PT":"BGD","ADM0_A3_AR":"BGD","ADM0_A3_JP":"BGD","ADM0_A3_KO":"BGD","ADM0_A3_VN":"BGD","ADM0_A3_TR":"BGD","ADM0_A3_ID":"BGD","ADM0_A3_PL":"BGD","ADM0_A3_GR":"BGD","ADM0_A3_IT":"BGD","ADM0_A3_NL":"BGD","ADM0_A3_SE":"BGD","ADM0_A3_BD":"BGD","ADM0_A3_UA":"BGD","ADM0_A3_UN":-99,"ADM0_A3_WB":-99,"CONTINENT":"Asia","REGION_UN":"Asia","SUBREGION":"Southern Asia","REGION_WB":"South Asia","NAME_LEN":10,"LONG_LEN":10,"ABBREV_LEN":5,"TINY":-99,"HOMEPART":1,"MIN_ZOOM":0,"MIN_LABEL":3,"MAX_LABEL":8,"LABEL_X":89.684963,"LABEL_Y":24.214956,"NE_ID":1159320407,"WIKIDATAID":"Q902","NAME_AR":"بنغلاديش","NAME_BN":"বাংলাদেশ","NAME_DE":"Bangladesch","NAME_EN":"Bangladesh","NAME_ES":"Bangladés","NAME_FA":"بنگلادش","NAME_FR":"Bangladesh","NAME_EL":"Μπανγκλαντές","NAME_HE":"בנגלדש","NAME_HI":"बांग्लादेश","NAME_HU":"Banglades","NAME_ID":"Bangladesh","NAME_IT":"Bangladesh","NAME_JA":"バングラデシュ","NAME_KO":"방글라데시","NAME_NL":"Bangladesh","NAME_PL":"Bangladesz","NAME_PT":"Bangladesh","NAME_RU":"Бангладеш","NAME_SV":"Bangladesh","NAME_TR":"Bangladeş","NAME_UK":"Бангладеш","NAME_UR":"بنگلہ دیش","NAME_VI":"Bangladesh","NAME_ZH":"孟加拉国","NAME_ZHT":"孟加拉","FCLASS_ISO":"Admin-0 country","TLC_DIFF":null,"FCLASS_TLC":"Admin-0 country","FCLASS_US":null,"FCLASS_FR":null,"FCLASS_RU":null,"FCLASS_ES":null,"FCLASS_CN":null,"FCLASS_TW":null,"FCLASS_IN":null,"FCLASS_NP":null,"FCLASS_PK":null,"FCLASS_DE":null,"FCLASS_GB":null,"FCLASS_BR":null,"FCLASS_IL":null,"FCLASS_PS":null,"FCLASS_SA":null,"FCLASS_EG":null,"FCLASS_MA":null,"FCLASS_PT":null,"FCLASS_AR":null,"FCLASS_JP":null,"FCLASS_KO":null,"FCLASS_VN":null,"FCLASS_TR":null,"FCLASS_ID":null,"FCLASS_PL":null,"FCLASS_GR":null,"FCLASS_IT":null,"FCLASS_NL":null,"FCLASS_SE":null,"FCLASS_BD":null,"FCLASS_UA":null},"geometry":{"type":"MultiPolygon","coordinates":[[],[],[],[],[],[],[]]}},{"type":"Feature","bbox":[50.452441,25.806787,50.61748,26.246436],"properties":{"featurecla":"Admin-0 country","scalerank":1,"LABELRANK":4,"SOVEREIGNT":"Bahrain","SOV_A3":"BHR","ADM0_DIF":0,"LEVEL":2,"TYPE":"Sovereign country","TLC":"1","ADMIN":"Bahrain","ADM0_A3":"BHR","GEOU_DIF":0,"GEOUNIT":"Bahrain","GU_A3":"BHR","SU_DIF":0,"SUBUNIT":"Bahrain","SU_A3":"BHR","BRK_DIFF":0,"NAME":"Bahrain","NAME_LONG":"Bahrain","BRK_A3":"BHR","BRK_NAME":"Bahrain","BRK_GROUP":null,"ABBREV":"Bahr.","POSTAL":"BH","FORMAL_EN":"Kingdom of Bahrain","FORMAL_FR":null,"NAME_CIAWF":"Bahrain","NOTE_ADM0":null,"NOTE_BRK":null,"NAME_SORT":"Bahrain","NAME_ALT":null,"MAPCOLOR7":1,"MAPCOLOR8":1,"MAPCOLOR9":1,"MAPCOLOR13":9,"POP_EST":1641172,"POP_RANK":12,"POP_YEAR":2019,"GDP_MD":38574,"GDP_YEAR":2019,"ECONOMY":"6. Developing region","INCOME_GRP":"2. High income: nonOECD","FIPS_10":"BA","ISO_A2":"BH","ISO_A2_EH":"BH","ISO_A3":"BHR","ISO_A3_EH":"BHR","ISO_N3":"048","ISO_N3_EH":"048","UN_A3":"048","WB_A2":"BH","WB_A3":"BHR","WOE_ID":23424753,"WOE_ID_EH":23424753,"WOE_NOTE":"Exact WOE match as country","ADM0_ISO":"BHR","ADM0_DIFF":null,"ADM0_TLC":"BHR","ADM0_A3_US":"BHR","ADM0_A3_FR":"BHR","ADM0_A3_RU":"BHR","ADM0_A3_ES":"BHR","ADM0_A3_CN":"BHR","ADM0_A3_TW":"BHR","ADM0_A3_IN":"BHR","ADM0_A3_NP":"BHR","ADM0_A3_PK":"BHR","ADM0_A3_DE":"BHR","ADM0_A3_GB":"BHR","ADM0_A3_BR":"BHR","ADM0_A3_IL":"BHR","ADM0_A3_PS":"BHR","ADM0_A3_SA":"BHR","ADM0_A3_EG":"BHR","ADM0_A3_MA":"BHR","ADM0_A3_PT":"BHR","ADM0_A3_AR":"BHR","ADM0_A3_JP":"BHR","ADM0_A3_KO":"BHR","ADM0_A3_VN":"BHR","ADM0_A3_TR":"BHR","ADM0_A3_ID":"BHR","ADM0_A3_PL":"BHR","ADM0_A3_GR":"BHR","ADM0_A3_IT":"BHR","ADM0_A3_NL":"BHR","ADM0_A3_SE":"BHR","ADM0_A3_BD":"BHR","ADM0_A3_UA":"BHR","ADM0_A3_UN":-99,"ADM0_A3_WB":-99,"CONTINENT":"Asia","REGION_UN":"Asia","SUBREGION":"Western Asia","REGION_WB":"Middle East & North Africa","NAME_LEN":7,"LONG_LEN":7,"ABBREV_LEN":5,"TINY":2,"HOMEPART":1,"MIN_ZOOM":0,"MIN_LABEL":4,"MAX_LABEL":9,"LABEL_X":50.554816,"LABEL_Y":26.055972,"NE_ID":1159320413,"WIKIDATAID":"Q398","NAME_AR":"البحرين","NAME_BN":"বাহরাইন","NAME_DE":"Bahrain","NAME_EN":"Bahrain","NAME_ES":"Baréin","NAME_FA":"بحرین","NAME_FR":"Bahreïn","NAME_EL":"Μπαχρέιν","NAME_HE":"בחריין","NAME_HI":"बहरीन","NAME_HU":"Bahrein","NAME_ID":"Bahrain","NAME_IT":"Bahrein","NAME_JA":"バーレーン","NAME_KO":"바레인","NAME_NL":"Bahrein","NAME_PL":"Bahrajn","NAME_PT":"Bahrein","NAME_RU":"Бахрейн","NAME_SV":"Bahrain","NAME_TR":"Bahreyn","NAME_UK":"Бахрейн","NAME_UR":"بحرین","NAME_VI":"Bahrain","NAME_ZH":"巴林","NAME_ZHT":"巴林","FCLASS_ISO":"Admin-0 country","TLC_DIFF":null,"FCLASS_TLC":"Admin-0 country","FCLASS_US":null,"FCLASS_FR":null,"FCLASS_RU":null,"FCLASS_ES":null,"FCLASS_CN":null,"FCLASS_TW":null,"FCLASS_IN":null,"FCLASS_NP":null,"FCLASS_PK":null,"FCLASS_DE":null,"FCLASS_GB":null,"FCLASS_BR":null,"FCLASS_IL":null,"FCLASS_PS":null,"FCLASS_SA":null,"FCLASS_EG":null,"FCLASS_MA":null,"FCLASS_PT":null,"FCLASS_AR":null,"FCLASS_JP":null,"FCLASS_KO":null,"FCLASS_VN":null,"FCLASS_TR":null,"FCLASS_ID":null,"FCLASS_PL":null,"FCLASS_GR":null,"FCLASS_IT":null,"FCLASS_NL":null,"FCLASS_SE":null,"FCLASS_BD":null,"FCLASS_UA":null},"geometry":{"type":"Polygon","coordinates":[[[50.607227,25.883105],[50.574902,25.806787],[50.544043,25.833496],[50.465918,25.965527],[50.489453,26.058447],[50.452441,26.19082],[50.469922,26.228955],[50.564063,26.246436],[50.585938,26.240723],[50.557813,26.198291],[50.609766,26.124463],[50.61748,26.002344],[50.607227,25.883105]]]}},{"type":"Feature","bbox":[-78.985645,20.937402,-72.747266,26.940088],"properties":{"featurecla":"Admin-0 country","scalerank":1,"LABELRANK":4,"SOVEREIGNT":"The Bahamas","SOV_A3":"BHS","ADM0_DIF":0,"LEVEL":2,"TYPE":"Sovereign country","TLC":"1","ADMIN":"The Bahamas","ADM0_A3":"BHS","GEOU_DIF":0,"GEOUNIT":"The Bahamas","GU_A3":"BHS","SU_DIF":0,"SUBUNIT":"The Bahamas","SU_A3":"BHS","BRK_DIFF":0,"NAME":"Bahamas","NAME_LONG":"Bahamas","BRK_A3":"BHS","BRK_NAME":"Bahamas","BRK_GROUP":null,"ABBREV":"Bhs.","POSTAL":"BS","FORMAL_EN":"Commonwealth of the Bahamas","FORMAL_FR":null,"NAME_CIAWF":"Bahamas, The","NOTE_ADM0":null,"NOTE_BRK":null,"NAME_SORT":"Bahamas, The","NAME_ALT":null,"MAPCOLOR7":1,"MAPCOLOR8":1,"MAPCOLOR9":2,"MAPCOLOR13":5,"POP_EST":389482,"POP_RANK":10,"POP_YEAR":2019,"GDP_MD":13578,"GDP_YEAR":2019,"ECONOMY":"6. Developing region","INCOME_GRP":"2. High income: nonOECD","FIPS_10":"BF","ISO_A2":"BS","ISO_A2_EH":"BS","ISO_A3":"BHS","ISO_A3_EH":"BHS","ISO_N3":"044","ISO_N3_EH":"044","UN_A3":"044","WB_A2":"BS","WB_A3":"BHS","WOE_ID":23424758,"WOE_ID_EH":23424758,"WOE_NOTE":"Exact WOE match as country","ADM0_ISO":"BHS","ADM0_DIFF":null,"ADM0_TLC":"BHS","ADM0_A3_US":"BHS","ADM0_A3_FR":"BHS","ADM0_A3_RU":"BHS","ADM0_A3_ES":"BHS","ADM0_A3_CN":"BHS","ADM0_A3_TW":"BHS","ADM0_A3_IN":"BHS","ADM0_A3_NP":"BHS","ADM0_A3_PK":"BHS","ADM0_A3_DE":"BHS","ADM0_A3_GB":"BHS","ADM0_A3_BR":"BHS","ADM0_A3_IL":"BHS","ADM0_A3_PS":"BHS","ADM0_A3_SA":"BHS","ADM0_A3_EG":"BHS","ADM0_A3_MA":"BHS","ADM0_A3_PT":"BHS","ADM0_A3_AR":"BHS","ADM0_A3_JP":"BHS","ADM0_A3_KO":"BHS","ADM0_A3_VN":"BHS","ADM0_A3_TR":"BHS","ADM0_A3_ID":"BHS","ADM0_A3_PL":"BHS","ADM0_A3_GR":"BHS","ADM0_A3_IT":"BHS","ADM0_A3_NL":"BHS","ADM0_A3_SE":"BHS","ADM0_A3_BD":"BHS","ADM0_A3_UA":"BHS","ADM0_A3_UN":-99,"ADM0_A3_WB":-99,"CONTINENT":"North America","REGION_UN":"Americas","SUBREGION":"Caribbean","REGION_WB":"Latin America & Caribbean","NAME_LEN":7,"LONG_LEN":7,"ABBREV_LEN":4,"TINY":-99,"HOMEPART":1,"MIN_ZOOM":0,"MIN_LABEL":4,"MAX_LABEL":9,"LABEL_X":-77.146688,"LABEL_Y":26.401789,"NE_ID":1159320415,"WIKIDATAID":"Q778","NAME_AR":"باهاماس","NAME_BN":"বাহামা দ্বীপপুঞ্জ","NAME_DE":"Bahamas","NAME_EN":"The Bahamas","NAME_ES":"Bahamas","NAME_FA":"باهاما","NAME_FR":"Bahamas","NAME_EL":"Μπαχάμες","NAME_HE":"איי בהאמה","NAME_HI":"बहामास","NAME_HU":"Bahama-szigetek","NAME_ID":"Bahama","NAME_IT":"Bahamas","NAME_JA":"バハマ","NAME_KO":"바하마","NAME_NL":"Bahama's","NAME_PL":"Bahamy","NAME_PT":"Bahamas","NAME_RU":"Багамские Острова","NAME_SV":"Bahamas","NAME_TR":"Bahamalar","NAME_UK":"Багамські Острови","NAME_UR":"بہاماس","NAME_VI":"Bahamas","NAME_ZH":"巴哈马","NAME_ZHT":"巴哈馬","FCLASS_ISO":"Admin-0 country","TLC_DIFF":null,"FCLASS_TLC":"Admin-0 country","FCLASS_US":null,"FCLASS_FR":null,"FCLASS_RU":null,"FCLASS_ES":null,"FCLASS_CN":null,"FCLASS_TW":null,"FCLASS_IN":null,"FCLASS_NP":null,"FCLASS_PK":null,"FCLASS_DE":null,"FCLASS_GB":null,"FCLASS_BR":null,"FCLASS_IL":null,"FCLASS_PS":null,"FCLASS_SA":null,"FCLASS_EG":null,"FCLASS_MA":null,"FCLASS_PT":null,"FCLASS_AR":null,"FCLASS_JP":null,"FCLASS_KO":null,"FCLASS_VN":null,"FCLASS_TR":null,"FCLASS_ID":null,"FCLASS_PL":null,"FCLASS_GR":null,"FCLASS_IT":null,"FCLASS_NL":null,"FCLASS_SE":null,"FCLASS_BD":null,"FCLASS_UA":null},"geometry":{"type":"MultiPolygon","coordinates":[[],[],[],[],[],[],[],[],[],[],[],[],[],[],[]]}},{"type":"Feature","bbox":[44.768262,38.39873,50.365918,41.890967],"properties":{"featurecla":"Admin-0 country","scalerank":1,"LABELRANK":5,"SOVEREIGNT":"Azerbaijan","SOV_A3":"AZE","ADM0_DIF":0,"LEVEL":2,"TYPE":"Sovereign country","TLC":"1","ADMIN":"Azerbaijan","ADM0_A3":"AZE","GEOU_DIF":0,"GEOUNIT":"Azerbaijan","GU_A3":"AZE","SU_DIF":0,"SUBUNIT":"Azerbaijan","SU_A3":"AZE","BRK_DIFF":0,"NAME":"Azerbaijan","NAME_LONG":"Azerbaijan","BRK_A3":"AZE","BRK_NAME":"Azerbaijan","BRK_GROUP":null,"ABBREV":"Aze.","POSTAL":"AZ","FORMAL_EN":"Republic of Azerbaijan","FORMAL_FR":null,"NAME_CIAWF":"Azerbaijan","NOTE_ADM0":null,"NOTE_BRK":null,"NAME_SORT":"Azerbaijan","NAME_ALT":null,"MAPCOLOR7":1,"MAPCOLOR8":6,"MAPCOLOR9":5,"MAPCOLOR13":8,"POP_EST":10023318,"POP_RANK":14,"POP_YEAR":2019,"GDP_MD":48047,"GDP_YEAR":2019,"ECONOMY":"6. Developing region","INCOME_GRP":"3. Upper middle income","FIPS_10":"AJ","ISO_A2":"AZ","ISO_A2_EH":"AZ","ISO_A3":"AZE","ISO_A3_EH":"AZE","ISO_N3":"031","ISO_N3_EH":"031","UN_A3":"031","WB_A2":"AZ","WB_A3":"AZE","WOE_ID":23424741,"WOE_ID_EH":23424741,"WOE_NOTE":"Exact WOE match as country","ADM0_ISO":"AZE","ADM0_DIFF":null,"ADM0_TLC":"AZE","ADM0_A3_US":"AZE","ADM0_A3_FR":"AZE","ADM0_A3_RU":"AZE","ADM0_A3_ES":"AZE","ADM0_A3_CN":"AZE","ADM0_A3_TW":"AZE","ADM0_A3_IN":"AZE","ADM0_A3_NP":"AZE","ADM0_A3_PK":"AZE","ADM0_A3_DE":"AZE","ADM0_A3_GB":"AZE","ADM0_A3_BR":"AZE","ADM0_A3_IL":"AZE","ADM0_A3_PS":"AZE","ADM0_A3_SA":"AZE","ADM0_A3_EG":"AZE","ADM0_A3_MA":"AZE","ADM0_A3_PT":"AZE","ADM0_A3_AR":"AZE","ADM0_A3_JP":"AZE","ADM0_A3_KO":"AZE","ADM0_A3_VN":"AZE","ADM0_A3_TR":"AZE","ADM0_A3_ID":"AZE","ADM0_A3_PL":"AZE","ADM0_A3_GR":"AZE","ADM0_A3_IT":"AZE","ADM0_A3_NL":"AZE","ADM0_A3_SE":"AZE","ADM0_A3_BD":"AZE","ADM0_A3_UA":"AZE","ADM0_A3_UN":-99,"ADM0_A3_WB":-99,"CONTINENT":"Asia","REGION_UN":"Asia","SUBREGION":"Western Asia","REGION_WB":"Europe & Central Asia","NAME_LEN":10,"LONG_LEN":10,"ABBREV_LEN":4,"TINY":-99,"HOMEPART":1,"MIN_ZOOM":0,"MIN_LABEL":4,"MAX_LABEL":9,"LABEL_X":47.210994,"LABEL_Y":40.402387,"NE_ID":1159320381,"WIKIDATAID":"Q227","NAME_AR":"أذربيجان","NAME_BN":"আজারবাইজান","NAME_DE":"Aserbaidschan","NAME_EN":"Azerbaijan","NAME_ES":"Azerbaiyán","NAME_FA":"جمهوری آذربایجان","NAME_FR":"Azerbaïdjan","NAME_EL":"Αζερμπαϊτζάν","NAME_HE":"אזרבייג'ן","NAME_HI":"अज़रबैजान","NAME_HU":"Azerbajdzsán","NAME_ID":"Azerbaijan","NAME_IT":"Azerbaigian","NAME_JA":"アゼルバイジャン","NAME_KO":"아제르바이잔","NAME_NL":"Azerbeidzjan","NAME_PL":"Azerbejdżan","NAME_PT":"Azerbaijão","NAME_RU":"Азербайджан","NAME_SV":"Azerbajdzjan","NAME_TR":"Azerbaycan","NAME_UK":"Азербайджан","NAME_UR":"آذربائیجان","NAME_VI":"Azerbaijan","NAME_ZH":"阿塞拜疆","NAME_ZHT":"亞塞拜然","FCLASS_ISO":"Admin-0 country","TLC_DIFF":null,"FCLASS_TLC":"Admin-0 country","FCLASS_US":null,"FCLASS_FR":null,"FCLASS_RU":null,"FCLASS_ES":null,"FCLASS_CN":null,"FCLASS_TW":null,"FCLASS_IN":null,"FCLASS_NP":null,"FCLASS_PK":null,"FCLASS_DE":null,"FCLASS_GB":null,"FCLASS_BR":null,"FCLASS_IL":null,"FCLASS_PS":null,"FCLASS_SA":null,"FCLASS_EG":null,"FCLASS_MA":null,"FCLASS_PT":null,"FCLASS_AR":null,"FCLASS_JP":null,"FCLASS_KO":null,"FCLASS_VN":null,"FCLASS_TR":null,"FCLASS_ID":null,"FCLASS_PL":null,"FCLASS_GR":null,"FCLASS_IT":null,"FCLASS_NL":null,"FCLASS_SE":null,"FCLASS_BD":null,"FCLASS_UA":null},"geometry":{"type":"MultiPolygon","coordinates":[[],[],[]]}},{"type":"Feature","bbox":[112.908203,-54.749219,158.958887,-10.051758],"properties":{"featurecla":"Admin-0 country","scalerank":1,"LABELRANK":2,"SOVEREIGNT":"Australia","SOV_A3":"AU1","ADM0_DIF":1,"LEVEL":2,"TYPE":"Country","TLC":"1","ADMIN":"Australia","ADM0_A3":"AUS","GEOU_DIF":0,"GEOUNIT":"Australia","GU_A3":"AUS","SU_DIF":0,"SUBUNIT":"Australia","SU_A3":"AUS","BRK_DIFF":0,"NAME":"Australia","NAME_LONG":"Australia","BRK_A3":"AUS","BRK_NAME":"Australia","BRK_GROUP":null,"ABBREV":"Auz.","POSTAL":"AU","FORMAL_EN":"Commonwealth of Australia","FORMAL_FR":null,"NAME_CIAWF":"Australia","NOTE_ADM0":null,"NOTE_BRK":null,"NAME_SORT":"Australia","NAME_ALT":null,"MAPCOLOR7":1,"MAPCOLOR8":2,"MAPCOLOR9":2,"MAPCOLOR13":7,"POP_EST":25364307,"POP_RANK":15,"POP_YEAR":2019,"GDP_MD":1396567,"GDP_YEAR":2019,"ECONOMY":"2. Developed region: nonG7","INCOME_GRP":"1. High income: OECD","FIPS_10":"AS","ISO_A2":"AU","ISO_A2_EH":"AU","ISO_A3":"AUS","ISO_A3_EH":"AUS","ISO_N3":"036","ISO_N3_EH":"036","UN_A3":"036","WB_A2":"AU","WB_A3":"AUS","WOE_ID":-90,"WOE_ID_EH":23424748,"WOE_NOTE":"Includes Ashmore and Cartier Islands (23424749) and Coral Sea Islands (23424790).","ADM0_ISO":"AUS","ADM0_DIFF":null,"ADM0_TLC":"AUS","ADM0_A3_US":"AUS","ADM0_A3_FR":"AUS","ADM0_A3_RU":"AUS","ADM0_A3_ES":"AUS","ADM0_A3_CN":"AUS","ADM0_A3_TW":"AUS","ADM0_A3_IN":"AUS","ADM0_A3_NP":"AUS","ADM0_A3_PK":"AUS","ADM0_A3_DE":"AUS","ADM0_A3_GB":"AUS","ADM0_A3_BR":"AUS","ADM0_A3_IL":"AUS","ADM0_A3_PS":"AUS","ADM0_A3_SA":"AUS","ADM0_A3_EG":"AUS","ADM0_A3_MA":"AUS","ADM0_A3_PT":"AUS","ADM0_A3_AR":"AUS","ADM0_A3_JP":"AUS","ADM0_A3_KO":"AUS","ADM0_A3_VN":"AUS","ADM0_A3_TR":"AUS","ADM0_A3_ID":"AUS","ADM0_A3_PL":"AUS","ADM0_A3_GR":"AUS","ADM0_A3_IT":"AUS","ADM0_A3_NL":"AUS","ADM0_A3_SE":"AUS","ADM0_A3_BD":"AUS","ADM0_A3_UA":"AUS","ADM0_A3_UN":-99,"ADM0_A3_WB":-99,"CONTINENT":"Oceania","REGION_UN":"Oceania","SUBREGION":"Australia and New Zealand","REGION_WB":"East Asia & Pacific","NAME_LEN":9,"LONG_LEN":9,"ABBREV_LEN":4,"TINY":-99,"HOMEPART":1,"MIN_ZOOM":0,"MIN_LABEL":1.7,"MAX_LABEL":5.7,"LABEL_X":134.04972,"LABEL_Y":-24.129522,"NE_ID":1159320355,"WIKIDATAID":"Q408","NAME_AR":"أستراليا","NAME_BN":"অস্ট্রেলিয়া","NAME_DE":"Australien","NAME_EN":"Australia","NAME_ES":"Australia","NAME_FA":"استرالیا","NAME_FR":"Australie","NAME_EL":"Αυστραλία","NAME_HE":"אוסטרליה","NAME_HI":"ऑस्ट्रेलिया","NAME_HU":"Ausztrália","NAME_ID":"Australia","NAME_IT":"Australia","NAME_JA":"オーストラリア","NAME_KO":"오스트레일리아","NAME_NL":"Australië","NAME_PL":"Australia","NAME_PT":"Austrália","NAME_RU":"Австралия","NAME_SV":"Australien","NAME_TR":"Avustralya","NAME_UK":"Австралія","NAME_UR":"آسٹریلیا","NAME_VI":"Úc","NAME_ZH":"澳大利亚","NAME_ZHT":"澳大利亞","FCLASS_ISO":"Admin-0 country","TLC_DIFF":null,"FCLASS_TLC":"Admin-0 country","FCLASS_US":null,"FCLASS_FR":null,"FCLASS_RU":null,"FCLASS_ES":null,"FCLASS_CN":null,"FCLASS_TW":null,"FCLASS_IN":null,"FCLASS_NP":null,"FCLASS_PK":null,"FCLASS_DE":null,"FCLASS_GB":null,"FCLASS_BR":null,"FCLASS_IL":null,"FCLASS_PS":null,"FCLASS_SA":null,"FCLASS_EG":null,"FCLASS_MA":null,"FCLASS_PT":null,"FCLASS_AR":null,"FCLASS_JP":null,"FCLASS_KO":null,"FCLASS_VN":null,"FCLASS_TR":null,"FCLASS_ID":null,"FCLASS_PL":null,"FCLASS_GR":null,"FCLASS_IT":null,"FCLASS_NL":null,"FCLASS_SE":null,"FCLASS_BD":null,"FCLASS_UA":null},"geometry":{"type":"MultiPolygon","coordinates":[[],[],[],[],[],[],[],[],[],[],[],[],[],[],[],[],[],[],[],[],[],[],[],[],[],[],[],[],[],[],[],[],[],[],[],[],[],[],[],[],[],[]]}},{"type":"Feature","bbox":[96.825879,-12.199805,105.725391,-10.430664],"properties":{"featurecla":"Admin-0 country","scalerank":5,"LABELRANK":5,"SOVEREIGNT":"Australia","SOV_A3":"AU1","ADM0_DIF":1,"LEVEL":2,"TYPE":"Dependency","TLC":"1","ADMIN":"Indian Ocean Territories","ADM0_A3":"IOA","GEOU_DIF":0,"GEOUNIT":"Indian Ocean Territories","GU_A3":"IOA","SU_DIF":0,"SUBUNIT":"Indian Ocean Territories","SU_A3":"IOA","BRK_DIFF":0,"NAME":"Indian Ocean Ter.","NAME_LONG":"Indian Ocean Territories","BRK_A3":"IOA","BRK_NAME":"Indian Ocean Ter.","BRK_GROUP":null,"ABBREV":"Ind. Oc. Ter.","POSTAL":"IOT","FORMAL_EN":null,"FORMAL_FR":null,"NAME_CIAWF":null,"NOTE_ADM0":"Auz.","NOTE_BRK":null,"NAME_SORT":"Indian Ocean Territories","NAME_ALT":null,"MAPCOLOR7":1,"MAPCOLOR8":2,"MAPCOLOR9":2,"MAPCOLOR13":7,"POP_EST":2387,"POP_RANK":4,"POP_YEAR":2016,"GDP_MD":35,"GDP_YEAR":2016,"ECONOMY":"2. Developed region: nonG7","INCOME_GRP":"2. High income: nonOECD","FIPS_10":"-99","ISO_A2":"-99","ISO_A2_EH":"AU","ISO_A3":"-99","ISO_A3_EH":"AUS","ISO_N3":"-99","ISO_N3_EH":"036","UN_A3":"-099","WB_A2":"-99","WB_A3":"-99","WOE_ID":-90,"WOE_ID_EH":23424869,"WOE_NOTE":"Grouping of Christmas Island (23424869) and Cocos or Keeling Islands (23424784)","ADM0_ISO":"AUS","ADM0_DIFF":"1","ADM0_TLC":"IOA","ADM0_A3_US":"IOA","ADM0_A3_FR":"IOA","ADM0_A3_RU":"IOA","ADM0_A3_ES":"IOA","ADM0_A3_CN":"IOA","ADM0_A3_TW":"IOA","ADM0_A3_IN":"IOA","ADM0_A3_NP":"IOA","ADM0_A3_PK":"IOA","ADM0_A3_DE":"IOA","ADM0_A3_GB":"IOA","ADM0_A3_BR":"IOA","ADM0_A3_IL":"IOA","ADM0_A3_PS":"IOA","ADM0_A3_SA":"IOA","ADM0_A3_EG":"IOA","ADM0_A3_MA":"IOA","ADM0_A3_PT":"IOA","ADM0_A3_AR":"IOA","ADM0_A3_JP":"IOA","ADM0_A3_KO":"IOA","ADM0_A3_VN":"IOA","ADM0_A3_TR":"IOA","ADM0_A3_ID":"IOA","ADM0_A3_PL":"IOA","ADM0_A3_GR":"IOA","ADM0_A3_IT":"IOA","ADM0_A3_NL":"IOA","ADM0_A3_SE":"IOA","ADM0_A3_BD":"IOA","ADM0_A3_UA":"IOA","ADM0_A3_UN":-99,"ADM0_A3_WB":-99,"CONTINENT":"Asia","REGION_UN":"Africa","SUBREGION":"Seven seas (open ocean)","REGION_WB":"East Asia & Pacific","NAME_LEN":17,"LONG_LEN":24,"ABBREV_LEN":13,"TINY":-99,"HOMEPART":-99,"MIN_ZOOM":0,"MIN_LABEL":5,"MAX_LABEL":9.5,"LABEL_X":105.67259,"LABEL_Y":-10.490789,"NE_ID":1159320363,"WIKIDATAID":"Q4824275","NAME_AR":"أقاليم المحيط الهندي الأسترالية","NAME_BN":"অস্ট্রেলীয় ভারত মহাসাগর অঞ্চল","NAME_DE":"Australische Territorien im Indischen Ozean","NAME_EN":"Australian Indian Ocean Territories","NAME_ES":"Territorios Australianos del Océano Índico","NAME_FA":"سرزمینهای اقیانوس هند استرالیا","NAME_FR":"Territoires extérieurs australiens de l'Océan Indien","NAME_EL":"Αυστραλέζικο Έδαφος Ινδικού Ωκεανού","NAME_HE":"טריטוריה של האוקיינוס ההודי","NAME_HI":"हिंद महासागर के ऑस्ट्रेलियाई क्षेत्र","NAME_HU":"Ausztrál Indiai-óceáni Terület","NAME_ID":"Wilayah Samudra Hindia Australia","NAME_IT":"Australian Indian Ocean Territories","NAME_JA":"オーストラリア領インド洋地域","NAME_KO":"호주령 인도양 지역","NAME_NL":"Australische territoria van de Indische Oceaan","NAME_PL":"Australijskie Terytorium Oceanu Indyjskiego","NAME_PT":"Territórios australianos do Oceano Índico","NAME_RU":"Австралийские территории в Индийском океане","NAME_SV":"Australienska indiska oceanens havsområde","NAME_TR":"Australian Indian Ocean Territories","NAME_UK":"Австралійські території в Індійському океані","NAME_UR":"آسْٹْریلِیَن انڈین اوشین تیریتورییس","NAME_VI":"Vùng lãnh thổ Ấn Độ Dương thuộc Úc","NAME_ZH":"澳屬印度洋領地","NAME_ZHT":"澳屬印度洋領地","FCLASS_ISO":"Unrecognized","TLC_DIFF":"1","FCLASS_TLC":"Admin-0 dependency","FCLASS_US":null,"FCLASS_FR":null,"FCLASS_RU":null,"FCLASS_ES":null,"FCLASS_CN":null,"FCLASS_TW":null,"FCLASS_IN":null,"FCLASS_NP":null,"FCLASS_PK":null,"FCLASS_DE":null,"FCLASS_GB":null,"FCLASS_BR":null,"FCLASS_IL":null,"FCLASS_PS":null,"FCLASS_SA":null,"FCLASS_EG":null,"FCLASS_MA":null,"FCLASS_PT":null,"FCLASS_AR":null,"FCLASS_JP":null,"FCLASS_KO":null,"FCLASS_VN":null,"FCLASS_TR":null,"FCLASS_ID":null,"FCLASS_PL":null,"FCLASS_GR":null,"FCLASS_IT":null,"FCLASS_NL":null,"FCLASS_SE":null,"FCLASS_BD":null,"FCLASS_UA":null},"geometry":{"type":"MultiPolygon","coordinates":[[],[],[]]}},{"type":"Feature","bbox":[43.439453,38.869043,46.584766,41.290967],"properties":{"featurecla":"Admin-0 country","scalerank":1,"LABELRANK":6,"SOVEREIGNT":"Armenia","SOV_A3":"ARM","ADM0_DIF":0,"LEVEL":2,"TYPE":"Sovereign country","TLC":"1","ADMIN":"Armenia","ADM0_A3":"ARM","GEOU_DIF":0,"GEOUNIT":"Armenia","GU_A3":"ARM","SU_DIF":0,"SUBUNIT":"Armenia","SU_A3":"ARM","BRK_DIFF":0,"NAME":"Armenia","NAME_LONG":"Armenia","BRK_A3":"ARM","BRK_NAME":"Armenia","BRK_GROUP":null,"ABBREV":"Arm.","POSTAL":"ARM","FORMAL_EN":"Republic of Armenia","FORMAL_FR":null,"NAME_CIAWF":"Armenia","NOTE_ADM0":null,"NOTE_BRK":null,"NAME_SORT":"Armenia","NAME_ALT":null,"MAPCOLOR7":3,"MAPCOLOR8":1,"MAPCOLOR9":2,"MAPCOLOR13":10,"POP_EST":2957731,"POP_RANK":12,"POP_YEAR":2019,"GDP_MD":13672,"GDP_YEAR":2019,"ECONOMY":"6. Developing region","INCOME_GRP":"4. Lower middle income","FIPS_10":"AM","ISO_A2":"AM","ISO_A2_EH":"AM","ISO_A3":"ARM","ISO_A3_EH":"ARM","ISO_N3":"051","ISO_N3_EH":"051","UN_A3":"051","WB_A2":"AM","WB_A3":"ARM","WOE_ID":23424743,"WOE_ID_EH":23424743,"WOE_NOTE":"Exact WOE match as country","ADM0_ISO":"ARM","ADM0_DIFF":null,"ADM0_TLC":"ARM","ADM0_A3_US":"ARM","ADM0_A3_FR":"ARM","ADM0_A3_RU":"ARM","ADM0_A3_ES":"ARM","ADM0_A3_CN":"ARM","ADM0_A3_TW":"ARM","ADM0_A3_IN":"ARM","ADM0_A3_NP":"ARM","ADM0_A3_PK":"ARM","ADM0_A3_DE":"ARM","ADM0_A3_GB":"ARM","ADM0_A3_BR":"ARM","ADM0_A3_IL":"ARM","ADM0_A3_PS":"ARM","ADM0_A3_SA":"ARM","ADM0_A3_EG":"ARM","ADM0_A3_MA":"ARM","ADM0_A3_PT":"ARM","ADM0_A3_AR":"ARM","ADM0_A3_JP":"ARM","ADM0_A3_KO":"ARM","ADM0_A3_VN":"ARM","ADM0_A3_TR":"ARM","ADM0_A3_ID":"ARM","ADM0_A3_PL":"ARM","ADM0_A3_GR":"ARM","ADM0_A3_IT":"ARM","ADM0_A3_NL":"ARM","ADM0_A3_SE":"ARM","ADM0_A3_BD":"ARM","ADM0_A3_UA":"ARM","ADM0_A3_UN":-99,"ADM0_A3_WB":-99,"CONTINENT":"Asia","REGION_UN":"Asia","SUBREGION":"Western Asia","REGION_WB":"Europe & Central Asia","NAME_LEN":7,"LONG_LEN":7,"ABBREV_LEN":4,"TINY":-99,"HOMEPART":1,"MIN_ZOOM":0,"MIN_LABEL":5,"MAX_LABEL":10,"LABEL_X":44.800564,"LABEL_Y":40.459077,"NE_ID":1159320333,"WIKIDATAID":"Q399","NAME_AR":"أرمينيا","NAME_BN":"আর্মেনিয়া","NAME_DE":"Armenien","NAME_EN":"Armenia","NAME_ES":"Armenia","NAME_FA":"ارمنستان","NAME_FR":"Arménie","NAME_EL":"Αρμενία","NAME_HE":"ארמניה","NAME_HI":"आर्मीनिया","NAME_HU":"Örményország","NAME_ID":"Armenia","NAME_IT":"Armenia","NAME_JA":"アルメニア","NAME_KO":"아르메니아","NAME_NL":"Armenië","NAME_PL":"Armenia","NAME_PT":"Arménia","NAME_RU":"Армения","NAME_SV":"Armenien","NAME_TR":"Ermenistan","NAME_UK":"Вірменія","NAME_UR":"آرمینیا","NAME_VI":"Armenia","NAME_ZH":"亚美尼亚","NAME_ZHT":"亞美尼亞","FCLASS_ISO":"Admin-0 country","TLC_DIFF":null,"FCLASS_TLC":"Admin-0 country","FCLASS_US":null,"FCLASS_FR":null,"FCLASS_RU":null,"FCLASS_ES":null,"FCLASS_CN":null,"FCLASS_TW":null,"FCLASS_IN":null,"FCLASS_NP":null,"FCLASS_PK":null,"FCLASS_DE":null,"FCLASS_GB":null,"FCLASS_BR":null,"FCLASS_IL":null,"FCLASS_PS":null,"FCLASS_SA":null,"FCLASS_EG":null,"FCLASS_MA":null,"FCLASS_PT":null,"FCLASS_AR":null,"FCLASS_JP":null,"FCLASS_KO":null,"FCLASS_VN":null,"FCLASS_TR":null,"FCLASS_ID":null,"FCLASS_PL":null,"FCLASS_GR":null,"FCLASS_IT":null,"FCLASS_NL":null,"FCLASS_SE":null,"FCLASS_BD":null,"FCLASS_UA":null},"geometry":{"type":"MultiPolygon","coordinates":[[],[]]}},{"type":"Feature","bbox":[-73.57627,-55.032129,-53.668555,-21.802539],"properties":{"featurecla":"Admin-0 country","scalerank":1,"LABELRANK":2,"SOVEREIGNT":"Argentina","SOV_A3":"ARG","ADM0_DIF":0,"LEVEL":2,"TYPE":"Sovereign country","TLC":"1","ADMIN":"Argentina","ADM0_A3":"ARG","GEOU_DIF":0,"GEOUNIT":"Argentina","GU_A3":"ARG","SU_DIF":0,"SUBUNIT":"Argentina","SU_A3":"ARG","BRK_DIFF":0,"NAME":"Argentina","NAME_LONG":"Argentina","BRK_A3":"ARG","BRK_NAME":"Argentina","BRK_GROUP":null,"ABBREV":"Arg.","POSTAL":"AR","FORMAL_EN":"Argentine Republic","FORMAL_FR":null,"NAME_CIAWF":"Argentina","NOTE_ADM0":null,"NOTE_BRK":null,"NAME_SORT":"Argentina","NAME_ALT":null,"MAPCOLOR7":3,"MAPCOLOR8":1,"MAPCOLOR9":3,"MAPCOLOR13":13,"POP_EST":44938712,"POP_RANK":15,"POP_YEAR":2019,"GDP_MD":445445,"GDP_YEAR":2019,"ECONOMY":"5. Emerging region: G20","INCOME_GRP":"3. Upper middle income","FIPS_10":"AR","ISO_A2":"AR","ISO_A2_EH":"AR","ISO_A3":"ARG","ISO_A3_EH":"ARG","ISO_N3":"032","ISO_N3_EH":"032","UN_A3":"032","WB_A2":"AR","WB_A3":"ARG","WOE_ID":23424747,"WOE_ID_EH":23424747,"WOE_NOTE":"Exact WOE match as country","ADM0_ISO":"ARG","ADM0_DIFF":null,"ADM0_TLC":"ARG","ADM0_A3_US":"ARG","ADM0_A3_FR":"ARG","ADM0_A3_RU":"ARG","ADM0_A3_ES":"ARG","ADM0_A3_CN":"ARG","ADM0_A3_TW":"ARG","ADM0_A3_IN":"ARG","ADM0_A3_NP":"ARG","ADM0_A3_PK":"ARG","ADM0_A3_DE":"ARG","ADM0_A3_GB":"ARG","ADM0_A3_BR":"ARG","ADM0_A3_IL":"ARG","ADM0_A3_PS":"ARG","ADM0_A3_SA":"ARG","ADM0_A3_EG":"ARG","ADM0_A3_MA":"ARG","ADM0_A3_PT":"ARG","ADM0_A3_AR":"ARG","ADM0_A3_JP":"ARG","ADM0_A3_KO":"ARG","ADM0_A3_VN":"ARG","ADM0_A3_TR":"ARG","ADM0_A3_ID":"ARG","ADM0_A3_PL":"ARG","ADM0_A3_GR":"ARG","ADM0_A3_IT":"ARG","ADM0_A3_NL":"ARG","ADM0_A3_SE":"ARG","ADM0_A3_BD":"ARG","ADM0_A3_UA":"ARG","ADM0_A3_UN":-99,"ADM0_A3_WB":-99,"CONTINENT":"South America","REGION_UN":"Americas","SUBREGION":"South America","REGION_WB":"Latin America & Caribbean","NAME_LEN":9,"LONG_LEN":9,"ABBREV_LEN":4,"TINY":-99,"HOMEPART":1,"MIN_ZOOM":0,"MIN_LABEL":2,"MAX_LABEL":7,"LABEL_X":-64.173331,"LABEL_Y":-33.501159,"NE_ID":1159320331,"WIKIDATAID":"Q414","NAME_AR":"الأرجنتين","NAME_BN":"আর্জেন্টিনা","NAME_DE":"Argentinien","NAME_EN":"Argentina","NAME_ES":"Argentina","NAME_FA":"آرژانتین","NAME_FR":"Argentine","NAME_EL":"Αργεντινή","NAME_HE":"ארגנטינה","NAME_HI":"अर्जेण्टीना","NAME_HU":"Argentína","NAME_ID":"Argentina","NAME_IT":"Argentina","NAME_JA":"アルゼンチン","NAME_KO":"아르헨티나","NAME_NL":"Argentinië","NAME_PL":"Argentyna","NAME_PT":"Argentina","NAME_RU":"Аргентина","NAME_SV":"Argentina","NAME_TR":"Arjantin","NAME_UK":"Аргентина","NAME_UR":"ارجنٹائن","NAME_VI":"Argentina","NAME_ZH":"阿根廷","NAME_ZHT":"阿根廷","FCLASS_ISO":"Admin-0 country","TLC_DIFF":null,"FCLASS_TLC":"Admin-0 country","FCLASS_US":null,"FCLASS_FR":null,"FCLASS_RU":null,"FCLASS_ES":null,"FCLASS_CN":null,"FCLASS_TW":null,"FCLASS_IN":null,"FCLASS_NP":null,"FCLASS_PK":null,"FCLASS_DE":null,"FCLASS_GB":null,"FCLASS_BR":null,"FCLASS_IL":null,"FCLASS_PS":null,"FCLASS_SA":null,"FCLASS_EG":null,"FCLASS_MA":null,"FCLASS_PT":null,"FCLASS_AR":null,"FCLASS_JP":null,"FCLASS_KO":null,"FCLASS_VN":null,"FCLASS_TR":null,"FCLASS_ID":null,"FCLASS_PL":null,"FCLASS_GR":null,"FCLASS_IT":null,"FCLASS_NL":null,"FCLASS_SE":null,"FCLASS_BD":null,"FCLASS_UA":null},"geometry":{"type":"MultiPolygon","coordinates":[[],[],[],[]]}},{"type":"Feature","bbox":[-61.887109,16.997168,-61.686035,17.714062],"properties":{"featurecla":"Admin-0 country","scalerank":1,"LABELRANK":6,"SOVEREIGNT":"Antigua and Barbuda","SOV_A3":"ATG","ADM0_DIF":0,"LEVEL":2,"TYPE":"Sovereign country","TLC":"1","ADMIN":"Antigua and Barbuda","ADM0_A3":"ATG","GEOU_DIF":0,"GEOUNIT":"Antigua and Barbuda","GU_A3":"ATG","SU_DIF":0,"SUBUNIT":"Antigua and Barbuda","SU_A3":"ATG","BRK_DIFF":0,"NAME":"Antigua and Barb.","NAME_LONG":"Antigua and Barbuda","BRK_A3":"ATG","BRK_NAME":"Antigua and Barb.","BRK_GROUP":null,"ABBREV":"Ant.B.","POSTAL":"AG","FORMAL_EN":"Antigua and Barbuda","FORMAL_FR":null,"NAME_CIAWF":"Antigua and Barbuda","NOTE_ADM0":null,"NOTE_BRK":null,"NAME_SORT":"Antigua and Barbuda","NAME_ALT":null,"MAPCOLOR7":2,"MAPCOLOR8":2,"MAPCOLOR9":5,"MAPCOLOR13":5,"POP_EST":97118,"POP_RANK":8,"POP_YEAR":2019,"GDP_MD":1661,"GDP_YEAR":2019,"ECONOMY":"6. Developing region","INCOME_GRP":"3. Upper middle income","FIPS_10":"AC","ISO_A2":"AG","ISO_A2_EH":"AG","ISO_A3":"ATG","ISO_A3_EH":"ATG","ISO_N3":"028","ISO_N3_EH":"028","UN_A3":"028","WB_A2":"AG","WB_A3":"ATG","WOE_ID":23424737,"WOE_ID_EH":23424737,"WOE_NOTE":"Exact WOE match as country","ADM0_ISO":"ATG","ADM0_DIFF":null,"ADM0_TLC":"ATG","ADM0_A3_US":"ATG","ADM0_A3_FR":"ATG","ADM0_A3_RU":"ATG","ADM0_A3_ES":"ATG","ADM0_A3_CN":"ATG","ADM0_A3_TW":"ATG","ADM0_A3_IN":"ATG","ADM0_A3_NP":"ATG","ADM0_A3_PK":"ATG","ADM0_A3_DE":"ATG","ADM0_A3_GB":"ATG","ADM0_A3_BR":"ATG","ADM0_A3_IL":"ATG","ADM0_A3_PS":"ATG","ADM0_A3_SA":"ATG","ADM0_A3_EG":"ATG","ADM0_A3_MA":"ATG","ADM0_A3_PT":"ATG","ADM0_A3_AR":"ATG","ADM0_A3_JP":"ATG","ADM0_A3_KO":"ATG","ADM0_A3_VN":"ATG","ADM0_A3_TR":"ATG","ADM0_A3_ID":"ATG","ADM0_A3_PL":"ATG","ADM0_A3_GR":"ATG","ADM0_A3_IT":"ATG","ADM0_A3_NL":"ATG","ADM0_A3_SE":"ATG","ADM0_A3_BD":"ATG","ADM0_A3_UA":"ATG","ADM0_A3_UN":-99,"ADM0_A3_WB":-99,"CONTINENT":"North America","REGION_UN":"Americas","SUBREGION":"Caribbean","REGION_WB":"Latin America & Caribbean","NAME_LEN":17,"LONG_LEN":19,"ABBREV_LEN":6,"TINY":4,"HOMEPART":1,"MIN_ZOOM":0,"MIN_LABEL":5,"MAX_LABEL":9.5,"LABEL_X":-61.790612,"LABEL_Y":17.352249,"NE_ID":1159320345,"WIKIDATAID":"Q781","NAME_AR":"أنتيغوا وباربودا","NAME_BN":"অ্যান্টিগুয়া ও বার্বুডা","NAME_DE":"Antigua und Barbuda","NAME_EN":"Antigua and Barbuda","NAME_ES":"Antigua y Barbuda","NAME_FA":"آنتیگوا و باربودا","NAME_FR":"Antigua-et-Barbuda","NAME_EL":"Αντίγκουα και Μπαρμπούντα","NAME_HE":"אנטיגואה וברבודה","NAME_HI":"अण्टीगुआ और बारबूडा","NAME_HU":"Antigua és Barbuda","NAME_ID":"Antigua dan Barbuda","NAME_IT":"Antigua e Barbuda","NAME_JA":"アンティグア・バーブーダ","NAME_KO":"앤티가 바부다","NAME_NL":"Antigua en Barbuda","NAME_PL":"Antigua i Barbuda","NAME_PT":"Antígua e Barbuda","NAME_RU":"Антигуа и Барбуда","NAME_SV":"Antigua och Barbuda","NAME_TR":"Antigua ve Barbuda","NAME_UK":"Антигуа і Барбуда","NAME_UR":"اینٹیگوا و باربوڈا","NAME_VI":"Antigua và Barbuda","NAME_ZH":"安提瓜和巴布达","NAME_ZHT":"安地卡及巴布達","FCLASS_ISO":"Admin-0 country","TLC_DIFF":null,"FCLASS_TLC":"Admin-0 country","FCLASS_US":null,"FCLASS_FR":null,"FCLASS_RU":null,"FCLASS_ES":null,"FCLASS_CN":null,"FCLASS_TW":null,"FCLASS_IN":null,"FCLASS_NP":null,"FCLASS_PK":null,"FCLASS_DE":null,"FCLASS_GB":null,"FCLASS_BR":null,"FCLASS_IL":null,"FCLASS_PS":null,"FCLASS_SA":null,"FCLASS_EG":null,"FCLASS_MA":null,"FCLASS_PT":null,"FCLASS_AR":null,"FCLASS_JP":null,"FCLASS_KO":null,"FCLASS_VN":null,"FCLASS_TR":null,"FCLASS_ID":null,"FCLASS_PL":null,"FCLASS_GR":null,"FCLASS_IT":null,"FCLASS_NL":null,"FCLASS_SE":null,"FCLASS_BD":null,"FCLASS_UA":null},"geometry":{"type":"MultiPolygon","coordinates":[[],[]]}},{"type":"Feature","bbox":[11.743066,-18.019727,24.04668,-4.428906],"properties":{"featurecla":"Admin-0 country","scalerank":1,"LABELRANK":3,"SOVEREIGNT":"Angola","SOV_A3":"AGO","ADM0_DIF":0,"LEVEL":2,"TYPE":"Sovereign country","TLC":"1","ADMIN":"Angola","ADM0_A3":"AGO","GEOU_DIF":0,"GEOUNIT":"Angola","GU_A3":"AGO","SU_DIF":0,"SUBUNIT":"Angola","SU_A3":"AGO","BRK_DIFF":0,"NAME":"Angola","NAME_LONG":"Angola","BRK_A3":"AGO","BRK_NAME":"Angola","BRK_GROUP":null,"ABBREV":"Ang.","POSTAL":"AO","FORMAL_EN":"People's Republic of Angola","FORMAL_FR":null,"NAME_CIAWF":"Angola","NOTE_ADM0":null,"NOTE_BRK":null,"NAME_SORT":"Angola","NAME_ALT":null,"MAPCOLOR7":3,"MAPCOLOR8":2,"MAPCOLOR9":6,"MAPCOLOR13":1,"POP_EST":31825295,"POP_RANK":15,"POP_YEAR":2019,"GDP_MD":88815,"GDP_YEAR":2019,"ECONOMY":"7. Least developed region","INCOME_GRP":"3. Upper middle income","FIPS_10":"AO","ISO_A2":"AO","ISO_A2_EH":"AO","ISO_A3":"AGO","ISO_A3_EH":"AGO","ISO_N3":"024","ISO_N3_EH":"024","UN_A3":"024","WB_A2":"AO","WB_A3":"AGO","WOE_ID":23424745,"WOE_ID_EH":23424745,"WOE_NOTE":"Exact WOE match as country","ADM0_ISO":"AGO","ADM0_DIFF":null,"ADM0_TLC":"AGO","ADM0_A3_US":"AGO","ADM0_A3_FR":"AGO","ADM0_A3_RU":"AGO","ADM0_A3_ES":"AGO","ADM0_A3_CN":"AGO","ADM0_A3_TW":"AGO","ADM0_A3_IN":"AGO","ADM0_A3_NP":"AGO","ADM0_A3_PK":"AGO","ADM0_A3_DE":"AGO","ADM0_A3_GB":"AGO","ADM0_A3_BR":"AGO","ADM0_A3_IL":"AGO","ADM0_A3_PS":"AGO","ADM0_A3_SA":"AGO","ADM0_A3_EG":"AGO","ADM0_A3_MA":"AGO","ADM0_A3_PT":"AGO","ADM0_A3_AR":"AGO","ADM0_A3_JP":"AGO","ADM0_A3_KO":"AGO","ADM0_A3_VN":"AGO","ADM0_A3_TR":"AGO","ADM0_A3_ID":"AGO","ADM0_A3_PL":"AGO","ADM0_A3_GR":"AGO","ADM0_A3_IT":"AGO","ADM0_A3_NL":"AGO","ADM0_A3_SE":"AGO","ADM0_A3_BD":"AGO","ADM0_A3_UA":"AGO","ADM0_A3_UN":-99,"ADM0_A3_WB":-99,"CONTINENT":"Africa","REGION_UN":"Africa","SUBREGION":"Middle Africa","REGION_WB":"Sub-Saharan Africa","NAME_LEN":6,"LONG_LEN":6,"ABBREV_LEN":4,"TINY":-99,"HOMEPART":1,"MIN_ZOOM":0,"MIN_LABEL":3,"MAX_LABEL":7,"LABEL_X":17.984249,"LABEL_Y":-12.182762,"NE_ID":1159320323,"WIKIDATAID":"Q916","NAME_AR":"أنغولا","NAME_BN":"অ্যাঙ্গোলা","NAME_DE":"Angola","NAME_EN":"Angola","NAME_ES":"Angola","NAME_FA":"آنگولا","NAME_FR":"Angola","NAME_EL":"Ανγκόλα","NAME_HE":"אנגולה","NAME_HI":"अंगोला","NAME_HU":"Angola","NAME_ID":"Angola","NAME_IT":"Angola","NAME_JA":"アンゴラ","NAME_KO":"앙골라","NAME_NL":"Angola","NAME_PL":"Angola","NAME_PT":"Angola","NAME_RU":"Ангола","NAME_SV":"Angola","NAME_TR":"Angola","NAME_UK":"Ангола","NAME_UR":"انگولا","NAME_VI":"Angola","NAME_ZH":"安哥拉","NAME_ZHT":"安哥拉","FCLASS_ISO":"Admin-0 country","TLC_DIFF":null,"FCLASS_TLC":"Admin-0 country","FCLASS_US":null,"FCLASS_FR":null,"FCLASS_RU":null,"FCLASS_ES":null,"FCLASS_CN":null,"FCLASS_TW":null,"FCLASS_IN":null,"FCLASS_NP":null,"FCLASS_PK":null,"FCLASS_DE":null,"FCLASS_GB":null,"FCLASS_BR":null,"FCLASS_IL":null,"FCLASS_PS":null,"FCLASS_SA":null,"FCLASS_EG":null,"FCLASS_MA":null,"FCLASS_PT":null,"FCLASS_AR":null,"FCLASS_JP":null,"FCLASS_KO":null,"FCLASS_VN":null,"FCLASS_TR":null,"FCLASS_ID":null,"FCLASS_PL":null,"FCLASS_GR":null,"FCLASS_IT":null,"FCLASS_NL":null,"FCLASS_SE":null,"FCLASS_BD":null,"FCLASS_UA":null},"geometry":{"type":"MultiPolygon","coordinates":[[[[13.072754,-4.634766],[13.057324,-4.651074],[12.947461,-4.695312],[12.829688,-4.736621],[12.674805,-4.905371],[12.596191,-4.978418],[12.573535,-4.996582],[12.502734,-5.036914],[12.451465,-5.071484],[12.453223,-5.090625],[12.487402,-5.112695],[12.522363,-5.148926],[12.518945,-5.424609],[12.503711,-5.695801],[12.48457,-5.71875],[12.386035,-5.727734],[12.255273,-5.746484],[12.213672,-5.758691],[12.199023,-5.731934],[12.155469,-5.632715],[12.180078,-5.538672],[12.206543,-5.468262],[12.177148,-5.324805],[12.110547,-5.197168],[12.039941,-5.035156],[12.018359,-5.004297],[12.077539,-4.952148],[12.16709,-4.837695],[12.204297,-4.778613],[12.30791,-4.765527],[12.34668,-4.724121],[12.374023,-4.657715],[12.38457,-4.619141],[12.501465,-4.5875],[12.641699,-4.531152],[12.719434,-4.469727],[12.798242,-4.430566],[12.848145,-4.428906],[12.881055,-4.445117],[12.971387,-4.551758],[13.048047,-4.619238],[13.072754,-4.634766]]],[[[23.966504,-10.871777],[23.988281,-11.002832],[24.010059,-11.184766],[24.025586,-11.315625],[24.041406,-11.374121],[24.04668,-11.405371],[24.029297,-11.43916],[24.014648,-11.517676],[23.986816,-11.587207],[23.970996,-11.63584],[23.983887,-11.725],[23.973438,-11.85293],[23.962305,-11.987891],[23.958887,-12.117773],[23.996484,-12.350684],[23.991309,-12.422168],[23.944727,-12.54375],[23.909375,-12.636133],[23.886523,-12.743262],[23.882422,-12.799023],[23.968066,-12.956934],[23.962988,-12.988477],[23.897461,-12.998242],[23.843164,-13.000977],[23.63584,-13.000977],[23.338672,-13.000977],[23.041504,-13.000977],[22.744336,-13.000977],[22.470996,-13.000977],[22.20957,-13.000977],[21.978906,-13.000977],[21.979004,-13.156836],[21.979102,-13.477734],[21.979102,-13.79873],[21.979297,-14.119629],[21.979395,-14.440527],[21.979492,-14.761426],[21.97959,-15.082324],[21.979688,-15.403223],[21.979785,-15.724121],[21.979785,-15.955566],[22.040234,-16.262793],[22.150684,-16.597168],[22.193945,-16.628125],[22.305078,-16.689551],[22.459473,-16.815137],[22.545996,-16.910254],[22.721973,-17.075293],[22.955859,-17.285742],[23.181641,-17.474414],[23.380664,-17.640625],[23.068262,-17.698828],[22.624023,-17.781641],[22.324219,-17.8375],[21.96084,-17.905176],[21.718457,-17.947754],[21.416895,-18.000684],[21.36875,-17.999512],[21.287891,-17.962988],[21.113477,-17.955762],[20.908301,-18.006055],[20.745508,-18.019727],[20.625098,-17.99668],[20.507617,-17.952539],[20.392969,-17.887402],[20.194336,-17.863672],[19.911816,-17.881348],[19.639355,-17.868652],[19.377148,-17.825488],[19.189453,-17.808496],[19.076465,-17.817676],[18.955273,-17.803516],[18.825977,-17.766309],[18.718066,-17.703223],[18.588184,-17.57002],[18.486621,-17.442773],[18.460352,-17.424609],[18.428223,-17.405176],[18.396387,-17.399414],[18.108789,-17.395996],[17.835352,-17.392773],[17.678809,-17.392578],[17.296289,-17.391992],[16.913672,-17.391406],[16.531055,-17.39082],[16.148438,-17.390234],[15.76582,-17.389648],[15.383203,-17.38916],[15.000586,-17.388574],[14.617969,-17.387988],[14.414746,-17.387695],[14.225879,-17.397754],[14.01748,-17.408887],[13.987402,-17.404199],[13.937988,-17.38877],[13.904199,-17.360742],[13.791992,-17.288379],[13.694336,-17.233496],[13.561719,-17.141211],[13.475977,-17.040039],[13.403711,-17.007812],[13.275684,-16.989551],[13.179492,-16.97168],[13.101172,-16.967676],[12.963184,-17.01543],[12.859277,-17.062598],[12.785156,-17.108203],[12.656543,-17.160547],[12.548145,-17.212695],[12.359277,-17.205859],[12.318457,-17.213379],[12.213379,-17.209961],[12.114355,-17.164551],[12.013965,-17.168555],[11.902539,-17.226562],[11.743066,-17.249219],[11.780078,-16.871289],[11.818945,-16.704102],[11.819922,-16.504297],[11.796973,-15.986426],[11.769434,-15.915332],[11.750879,-15.831934],[11.849707,-15.768359],[11.899902,-15.719824],[11.967871,-15.633984],[12.016113,-15.513672],[12.073242,-15.248242],[12.280469,-14.6375],[12.378906,-14.039062],[12.503711,-13.755469],[12.550488,-13.437793],[12.897656,-13.027734],[12.983203,-12.775684],[13.162695,-12.652148],[13.416992,-12.52041],[13.597949,-12.286133],[13.685547,-12.123828],[13.785352,-11.812793],[13.784277,-11.487988],[13.847461,-11.054395],[13.833594,-10.929688],[13.738965,-10.757129],[13.721387,-10.633594],[13.633496,-10.512305],[13.539453,-10.420703],[13.49541,-10.257129],[13.332227,-9.998926],[13.2875,-9.826758],[13.209375,-9.703223],[13.196875,-9.550684],[13.155664,-9.389648],[13.075977,-9.230371],[12.998535,-9.048047],[12.998535,-8.991016],[13.046777,-8.922266],[13.092773,-8.899707],[13.077246,-8.934277],[13.046582,-8.975195],[13.053809,-9.006836],[13.358984,-8.687207],[13.37832,-8.624707],[13.368066,-8.554785],[13.366406,-8.469238],[13.378516,-8.369727],[13.09082,-7.780176],[12.862305,-7.231836],[12.823438,-6.954785],[12.521289,-6.590332],[12.402148,-6.353418],[12.334277,-6.187305],[12.283301,-6.124316],[12.302539,-6.092578],[12.380371,-6.084277],[12.553516,-6.045898],[12.790625,-6.003906],[13.009766,-5.907617],[13.068164,-5.864844],[13.184375,-5.85625],[13.302637,-5.881836],[13.346484,-5.863379],[13.371484,-5.861816],[13.649023,-5.861719],[13.764551,-5.855176],[13.978516,-5.857227],[14.11377,-5.865137],[14.19082,-5.875977],[14.398633,-5.892676],[14.65791,-5.888867],[14.749414,-5.880078],[15.089355,-5.874512],[15.425,-5.868848],[15.726953,-5.863867],[16.060156,-5.864941],[16.315234,-5.865625],[16.431445,-5.900195],[16.537109,-5.96582],[16.585156,-6.025293],[16.608008,-6.051563],[16.639551,-6.114551],[16.697266,-6.164258],[16.717773,-6.241406],[16.700977,-6.345996],[16.709375,-6.47168],[16.742969,-6.618457],[16.813086,-6.772559],[16.919434,-6.933984],[16.96582,-7.062109],[16.952051,-7.157031],[16.984766,-7.257422],[17.06377,-7.363086],[17.121582,-7.419043],[17.155078,-7.461328],[17.24502,-7.62334],[17.411328,-7.881934],[17.536035,-8.075879],[17.57959,-8.099023],[17.643359,-8.090723],[17.778809,-8.071387],[17.913086,-8.067676],[18.008789,-8.107617],[18.047168,-8.100781],[18.191504,-8.023828],[18.334863,-8.000293],[18.484668,-7.968555],[18.562695,-7.935938],[18.653418,-7.936035],[18.89834,-7.998145],[18.944434,-8.001465],[19.142676,-8.001465],[19.34082,-7.966602],[19.369922,-7.706543],[19.37168,-7.655078],[19.419336,-7.557324],[19.479883,-7.472168],[19.487402,-7.390723],[19.483789,-7.279492],[19.527637,-7.144434],[19.660352,-7.037109],[19.875195,-6.986328],[19.997461,-6.976465],[20.190039,-6.946289],[20.482227,-6.91582],[20.590039,-6.919922],[20.59873,-6.935156],[20.536914,-7.121777],[20.53584,-7.182813],[20.558398,-7.244434],[20.607813,-7.277734],[20.910938,-7.281445],[21.190332,-7.284961],[21.51084,-7.29668],[21.751074,-7.305469],[21.781641,-7.314648],[21.806055,-7.328613],[21.841602,-7.420996],[21.833594,-7.60166],[21.780078,-7.86543],[21.800879,-8.111914],[21.895898,-8.341113],[21.905371,-8.693359],[21.871875,-8.903516],[21.829492,-9.168457],[21.813184,-9.46875],[21.856641,-9.594238],[21.948633,-9.725586],[22.08916,-9.862793],[22.197754,-10.040625],[22.274512,-10.259082],[22.302441,-10.39668],[22.281641,-10.45332],[22.283203,-10.551563],[22.307031,-10.691309],[22.280469,-10.783984],[22.203516,-10.829492],[22.17793,-10.892285],[22.216699,-11.012695],[22.226172,-11.121973],[22.256641,-11.163672],[22.278809,-11.194141],[22.314941,-11.198633],[22.392969,-11.159473],[22.486133,-11.086719],[22.561035,-11.055859],[22.666504,-11.059766],[22.814746,-11.080273],[23.07627,-11.087891],[23.156738,-11.074805],[23.400195,-10.976465],[23.463965,-10.969336],[23.559961,-10.978613],[23.696387,-11.007617],[23.833887,-11.013672],[23.901172,-10.983203],[23.907324,-10.943457],[23.928711,-10.891504],[23.966504,-10.871777]]]]}},{"type":"Feature","bbox":[-8.68335,18.986621,11.967871,37.092383],"properties":{"featurecla":"Admin-0 country","scalerank":1,"LABELRANK":3,"SOVEREIGNT":"Algeria","SOV_A3":"DZA","ADM0_DIF":0,"LEVEL":2,"TYPE":"Sovereign country","TLC":"1","ADMIN":"Algeria","ADM0_A3":"DZA","GEOU_DIF":0,"GEOUNIT":"Algeria","GU_A3":"DZA","SU_DIF":0,"SUBUNIT":"Algeria","SU_A3":"DZA","BRK_DIFF":0,"NAME":"Algeria","NAME_LONG":"Algeria","BRK_A3":"DZA","BRK_NAME":"Algeria","BRK_GROUP":null,"ABBREV":"Alg.","POSTAL":"DZ","FORMAL_EN":"People's Democratic Republic of Algeria","FORMAL_FR":null,"NAME_CIAWF":"Algeria","NOTE_ADM0":null,"NOTE_BRK":null,"NAME_SORT":"Algeria","NAME_ALT":null,"MAPCOLOR7":5,"MAPCOLOR8":1,"MAPCOLOR9":6,"MAPCOLOR13":3,"POP_EST":43053054,"POP_RANK":15,"POP_YEAR":2019,"GDP_MD":171091,"GDP_YEAR":2019,"ECONOMY":"6. Developing region","INCOME_GRP":"3. Upper middle income","FIPS_10":"AG","ISO_A2":"DZ","ISO_A2_EH":"DZ","ISO_A3":"DZA","ISO_A3_EH":"DZA","ISO_N3":"012","ISO_N3_EH":"012","UN_A3":"012","WB_A2":"DZ","WB_A3":"DZA","WOE_ID":23424740,"WOE_ID_EH":23424740,"WOE_NOTE":"Exact WOE match as country","ADM0_ISO":"DZA","ADM0_DIFF":null,"ADM0_TLC":"DZA","ADM0_A3_US":"DZA","ADM0_A3_FR":"DZA","ADM0_A3_RU":"DZA","ADM0_A3_ES":"DZA","ADM0_A3_CN":"DZA","ADM0_A3_TW":"DZA","ADM0_A3_IN":"DZA","ADM0_A3_NP":"DZA","ADM0_A3_PK":"DZA","ADM0_A3_DE":"DZA","ADM0_A3_GB":"DZA","ADM0_A3_BR":"DZA","ADM0_A3_IL":"DZA","ADM0_A3_PS":"DZA","ADM0_A3_SA":"DZA","ADM0_A3_EG":"DZA","ADM0_A3_MA":"DZA","ADM0_A3_PT":"DZA","ADM0_A3_AR":"DZA","ADM0_A3_JP":"DZA","ADM0_A3_KO":"DZA","ADM0_A3_VN":"DZA","ADM0_A3_TR":"DZA","ADM0_A3_ID":"DZA","ADM0_A3_PL":"DZA","ADM0_A3_GR":"DZA","ADM0_A3_IT":"DZA","ADM0_A3_NL":"DZA","ADM0_A3_SE":"DZA","ADM0_A3_BD":"DZA","ADM0_A3_UA":"DZA","ADM0_A3_UN":-99,"ADM0_A3_WB":-99,"CONTINENT":"Africa","REGION_UN":"Africa","SUBREGION":"Northern Africa","REGION_WB":"Middle East & North Africa","NAME_LEN":7,"LONG_LEN":7,"ABBREV_LEN":4,"TINY":-99,"HOMEPART":1,"MIN_ZOOM":0,"MIN_LABEL":2.5,"MAX_LABEL":7,"LABEL_X":2.808241,"LABEL_Y":27.397406,"NE_ID":1159320565,"WIKIDATAID":"Q262","NAME_AR":"الجزائر","NAME_BN":"আলজেরিয়া","NAME_DE":"Algerien","NAME_EN":"Algeria","NAME_ES":"Argelia","NAME_FA":"الجزایر","NAME_FR":"Algérie","NAME_EL":"Αλγερία","NAME_HE":"אלג'יריה","NAME_HI":"अल्जीरिया","NAME_HU":"Algéria","NAME_ID":"Aljazair","NAME_IT":"Algeria","NAME_JA":"アルジェリア","NAME_KO":"알제리","NAME_NL":"Algerije","NAME_PL":"Algieria","NAME_PT":"Argélia","NAME_RU":"Алжир","NAME_SV":"Algeriet","NAME_TR":"Cezayir","NAME_UK":"Алжир","NAME_UR":"الجزائر","NAME_VI":"Algérie","NAME_ZH":"阿尔及利亚","NAME_ZHT":"阿爾及利亞","FCLASS_ISO":"Admin-0 country","TLC_DIFF":null,"FCLASS_TLC":"Admin-0 country","FCLASS_US":null,"FCLASS_FR":null,"FCLASS_RU":null,"FCLASS_ES":null,"FCLASS_CN":null,"FCLASS_TW":null,"FCLASS_IN":null,"FCLASS_NP":null,"FCLASS_PK":null,"FCLASS_DE":null,"FCLASS_GB":null,"FCLASS_BR":null,"FCLASS_IL":null,"FCLASS_PS":null,"FCLASS_SA":null,"FCLASS_EG":null,"FCLASS_MA":null,"FCLASS_PT":null,"FCLASS_AR":null,"FCLASS_JP":null,"FCLASS_KO":null,"FCLASS_VN":null,"FCLASS_TR":null,"FCLASS_ID":null,"FCLASS_PL":null,"FCLASS_GR":null,"FCLASS_IT":null,"FCLASS_NL":null,"FCLASS_SE":null,"FCLASS_BD":null,"FCLASS_UA":null},"geometry":{"type":"Polygon","coordinates":[[[8.576563,36.937207],[8.597656,36.883887],[8.60127,36.833936],[8.506738,36.7875],[8.444238,36.760742],[8.369629,36.63252],[8.230762,36.545264],[8.207617,36.518945],[8.208789,36.495117],[8.302734,36.455615],[8.333984,36.418164],[8.34873,36.367969],[8.306738,36.18877],[8.280273,36.050977],[8.245703,35.870557],[8.24707,35.801807],[8.28291,35.719287],[8.318066,35.654932],[8.329004,35.582227],[8.316406,35.403125],[8.359863,35.299609],[8.394238,35.203857],[8.312109,35.084619],[8.276855,34.979492],[8.254688,34.828955],[8.245605,34.734082],[8.192773,34.646289],[8.123438,34.563916],[8.045605,34.512695],[7.949414,34.468701],[7.838281,34.410303],[7.748535,34.254492],[7.554492,34.125],[7.513867,34.080518],[7.495605,33.976514],[7.500195,33.832471],[7.534375,33.71792],[7.627539,33.548633],[7.70918,33.362305],[7.731348,33.268506],[7.762695,33.233105],[7.877246,33.172119],[8.075586,33.089062],[8.1125,33.055322],[8.210938,32.926709],[8.304199,32.696289],[8.333398,32.543604],[8.515137,32.422314],[8.68291,32.310449],[8.844043,32.212109],[9.018945,32.105371],[9.044043,32.072363],[9.102344,31.846143],[9.160254,31.621338],[9.224023,31.373682],[9.287891,31.125342],[9.363281,30.83291],[9.406055,30.666797],[9.458008,30.465381],[9.51875,30.229395],[9.420996,30.179297],[9.310254,30.115234],[9.391016,29.993652],[9.546191,29.795947],[9.640137,29.636426],[9.672656,29.566992],[9.745898,29.368945],[9.805273,29.176953],[9.820703,29.114795],[9.842578,28.966992],[9.815625,28.560205],[9.858203,28.043311],[9.916016,27.785693],[9.825293,27.552979],[9.747559,27.330859],[9.752539,27.219336],[9.79541,27.044775],[9.837109,26.91582],[9.894434,26.847949],[9.883203,26.630811],[9.859375,26.551953],[9.684961,26.438232],[9.491406,26.33374],[9.437891,26.245508],[9.422363,26.14707],[9.448242,26.067139],[9.58125,25.890137],[9.781055,25.624268],[10.000684,25.33208],[10.019043,25.258545],[10.028125,25.051025],[10.119531,24.790234],[10.218652,24.676221],[10.255859,24.591016],[10.325781,24.530225],[10.395898,24.485596],[10.438965,24.480225],[10.686133,24.551367],[11.108203,24.434033],[11.507617,24.314355],[11.536914,24.29082],[11.624219,24.139697],[11.766992,23.892578],[11.873047,23.694824],[11.967871,23.517871],[11.45,23.212598],[10.932227,22.907275],[10.414355,22.602002],[9.896484,22.296729],[9.378711,21.991406],[8.860938,21.686133],[8.343066,21.380859],[7.825195,21.075586],[7.481738,20.873096],[7.263379,20.694482],[6.989355,20.470508],[6.730664,20.248047],[6.527051,20.072949],[6.263379,19.846143],[6.130664,19.731982],[5.836621,19.47915],[5.74834,19.434229],[5.358691,19.359521],[5.001367,19.291064],[4.671289,19.227783],[4.445703,19.184521],[4.227637,19.142773],[3.910156,19.08374],[3.683496,19.041602],[3.43877,18.996143],[3.400879,18.988428],[3.356445,18.986621],[3.323438,18.988379],[3.255957,19.013281],[3.174219,19.0729],[3.119727,19.103174],[3.106055,19.150098],[3.137891,19.212158],[3.177246,19.268164],[3.192383,19.312061],[3.219629,19.34541],[3.254395,19.372607],[3.255859,19.410938],[3.227051,19.473584],[3.20166,19.5604],[3.202734,19.718311],[3.203418,19.770752],[3.203711,19.789697],[3.130273,19.850195],[2.99248,19.916602],[2.865723,19.955957],[2.80791,19.969434],[2.667773,19.99292],[2.474219,20.03501],[2.406152,20.063867],[2.280859,20.210303],[2.219336,20.247803],[1.928809,20.272705],[1.832422,20.296875],[1.753223,20.331592],[1.685449,20.378369],[1.647363,20.458838],[1.636035,20.524365],[1.610645,20.555566],[1.290234,20.713574],[1.208887,20.767285],[1.165723,20.817432],[1.164062,20.891309],[1.172754,20.981982],[1.15918,21.0625],[1.145508,21.102246],[0.999414,21.197754],[0.671875,21.411865],[0.344434,21.625977],[0.016992,21.840137],[-0.310547,22.054199],[-0.637988,22.268311],[-0.965479,22.482471],[-1.292969,22.696533],[-1.62041,22.910645],[-1.9479,23.124805],[-2.275391,23.338867],[-2.60293,23.553027],[-2.930371,23.767139],[-3.257861,23.98125],[-3.585352,24.195361],[-3.912793,24.409473],[-4.240332,24.623535],[-4.516992,24.804492],[-4.822607,24.995605],[-5.049512,25.135449],[-5.275,25.274512],[-5.516943,25.423779],[-5.674512,25.516406],[-5.862549,25.627002],[-6.050586,25.737598],[-6.238672,25.848193],[-6.426709,25.958789],[-6.614746,26.069434],[-6.802832,26.17998],[-6.990869,26.290576],[-7.178906,26.401172],[-7.366992,26.511768],[-7.555078,26.622363],[-7.743115,26.732959],[-7.931152,26.843555],[-8.119238,26.95415],[-8.307275,27.064746],[-8.495312,27.175342],[-8.68335,27.285937],[-8.68335,27.490234],[-8.68335,27.656445],[-8.68335,27.900391],[-8.68335,28.112012],[-8.68335,28.323682],[-8.68335,28.469238],[-8.68335,28.620752],[-8.678418,28.689404],[-8.659912,28.718604],[-8.55835,28.767871],[-8.399316,28.880176],[-8.340479,28.930176],[-8.265186,28.980518],[-7.998926,29.132422],[-7.943848,29.174756],[-7.685156,29.349512],[-7.624609,29.375195],[-7.485742,29.392236],[-7.427686,29.425],[-7.349756,29.494727],[-7.234912,29.574902],[-7.160205,29.612646],[-7.142432,29.61958],[-7.094922,29.625195],[-6.855566,29.601611],[-6.755127,29.583838],[-6.635352,29.568799],[-6.597754,29.578955],[-6.565674,29.603857],[-6.520557,29.659863],[-6.510693,29.726025],[-6.50791,29.783789],[-6.500879,29.809131],[-6.479736,29.820361],[-6.427637,29.816113],[-6.357617,29.808301],[-6.214795,29.810693],[-6.166504,29.818945],[-6.004297,29.83125],[-5.775,29.869043],[-5.593311,29.917969],[-5.448779,29.956934],[-5.293652,30.058643],[-5.180127,30.166162],[-5.061914,30.326416],[-4.968262,30.465381],[-4.778516,30.552393],[-4.619629,30.604785],[-4.52915,30.625537],[-4.322852,30.698877],[-4.148779,30.80957],[-3.985352,30.913525],[-3.860059,30.927246],[-3.702002,30.944482],[-3.666797,30.964014],[-3.626904,31.000928],[-3.624512,31.065771],[-3.67251,31.111377],[-3.730176,31.1354],[-3.770996,31.161816],[-3.811816,31.166602],[-3.833398,31.197803],[-3.821387,31.255469],[-3.815137,31.308838],[-3.78916,31.361816],[-3.796436,31.437109],[-3.837109,31.512354],[-3.849561,31.566406],[-3.84668,31.619873],[-3.826758,31.661914],[-3.768164,31.689551],[-3.700244,31.700098],[-3.60459,31.686768],[-3.439795,31.704541],[-3.017383,31.834277],[-2.988232,31.874219],[-2.961133,31.963965],[-2.930859,32.042529],[-2.887207,32.068848],[-2.863428,32.074707],[-2.722607,32.095752],[-2.523242,32.125684],[-2.448389,32.12998],[-2.23125,32.121338],[-2.072803,32.115039],[-1.816992,32.104785],[-1.635156,32.099561],[-1.477051,32.094873],[-1.275342,32.089014],[-1.225928,32.107227],[-1.225928,32.164551],[-1.262109,32.271143],[-1.240332,32.337598],[-1.162598,32.39917],[-1.065527,32.468311],[-1.111035,32.552295],[-1.188232,32.608496],[-1.296387,32.675684],[-1.352148,32.703369],[-1.45,32.784814],[-1.51001,32.877637],[-1.550732,33.073584],[-1.625098,33.18335],[-1.679199,33.318652],[-1.63125,33.566748],[-1.702979,33.716846],[-1.714111,33.781836],[-1.714697,33.858203],[-1.692676,33.990283],[-1.706934,34.176074],[-1.791797,34.36792],[-1.751855,34.433252],[-1.733301,34.467041],[-1.739453,34.496094],[-1.816602,34.55708],[-1.849658,34.607324],[-1.832422,34.654639],[-1.792187,34.723193],[-1.795605,34.751904],[-1.920898,34.835547],[-2.131787,34.97085],[-2.190771,35.029785],[-2.219629,35.104199],[-2.017773,35.085059],[-1.913281,35.094238],[-1.673633,35.183105],[-1.48374,35.303076],[-1.33584,35.364258],[-1.205371,35.495752],[-1.087695,35.578857],[-0.91748,35.668408],[-0.426123,35.861523],[-0.350781,35.863184],[-0.18916,35.819092],[-0.048242,35.832812],[0.047949,35.900537],[0.15166,36.063135],[0.312207,36.162354],[0.514941,36.261816],[0.79082,36.356543],[0.97168,36.443945],[1.257227,36.51958],[1.974512,36.567578],[2.342871,36.610303],[2.593359,36.600684],[2.846484,36.738867],[2.972852,36.784473],[3.520508,36.795117],[3.779004,36.896191],[4.758105,36.896338],[4.877832,36.862402],[4.99541,36.808057],[5.195605,36.676807],[5.29541,36.648242],[5.424609,36.675439],[5.725488,36.799609],[6.064746,36.864258],[6.249121,36.93833],[6.327832,37.046045],[6.486523,37.085742],[6.575879,37.003027],[6.927539,36.919434],[7.143457,36.943359],[7.238477,36.968506],[7.204297,37.092383],[7.432422,37.059277],[7.607715,36.999756],[7.791602,36.880273],[7.910449,36.856348],[8.127148,36.910352],[8.576563,36.937207]]]}},{"type":"Feature","bbox":[-180,-89.998926,180,-60.520898],"properties":{"featurecla":"Admin-0 country","scalerank":3,"LABELRANK":4,"SOVEREIGNT":"Antarctica","SOV_A3":"ATA","ADM0_DIF":0,"LEVEL":2,"TYPE":"Indeterminate","TLC":"1","ADMIN":"Antarctica","ADM0_A3":"ATA","GEOU_DIF":0,"GEOUNIT":"Antarctica","GU_A3":"ATA","SU_DIF":0,"SUBUNIT":"Antarctica","SU_A3":"ATA","BRK_DIFF":0,"NAME":"Antarctica","NAME_LONG":"Antarctica","BRK_A3":"ATA","BRK_NAME":"Antarctica","BRK_GROUP":null,"ABBREV":"Ant.","POSTAL":"AQ","FORMAL_EN":null,"FORMAL_FR":null,"NAME_CIAWF":null,"NOTE_ADM0":"By treaty","NOTE_BRK":"Multiple claims held in abeyance by treaty","NAME_SORT":"Antarctica","NAME_ALT":null,"MAPCOLOR7":4,"MAPCOLOR8":5,"MAPCOLOR9":1,"MAPCOLOR13":-99,"POP_EST":4490,"POP_RANK":4,"POP_YEAR":2019,"GDP_MD":898,"GDP_YEAR":2013,"ECONOMY":"6. Developing region","INCOME_GRP":"2. High income: nonOECD","FIPS_10":"AY","ISO_A2":"AQ","ISO_A2_EH":"AQ","ISO_A3":"ATA","ISO_A3_EH":"ATA","ISO_N3":"010","ISO_N3_EH":"010","UN_A3":"010","WB_A2":"-99","WB_A3":"-99","WOE_ID":28289409,"WOE_ID_EH":28289409,"WOE_NOTE":"Exact WOE match as country","ADM0_ISO":"ATA","ADM0_DIFF":null,"ADM0_TLC":"ATA","ADM0_A3_US":"ATA","ADM0_A3_FR":"ATA","ADM0_A3_RU":"ATA","ADM0_A3_ES":"ATA","ADM0_A3_CN":"ATA","ADM0_A3_TW":"ATA","ADM0_A3_IN":"ATA","ADM0_A3_NP":"ATA","ADM0_A3_PK":"ATA","ADM0_A3_DE":"ATA","ADM0_A3_GB":"ATA","ADM0_A3_BR":"ATA","ADM0_A3_IL":"ATA","ADM0_A3_PS":"ATA","ADM0_A3_SA":"ATA","ADM0_A3_EG":"ATA","ADM0_A3_MA":"ATA","ADM0_A3_PT":"ATA","ADM0_A3_AR":"ATA","ADM0_A3_JP":"ATA","ADM0_A3_KO":"ATA","ADM0_A3_VN":"ATA","ADM0_A3_TR":"ATA","ADM0_A3_ID":"ATA","ADM0_A3_PL":"ATA","ADM0_A3_GR":"ATA","ADM0_A3_IT":"ATA","ADM0_A3_NL":"ATA","ADM0_A3_SE":"ATA","ADM0_A3_BD":"ATA","ADM0_A3_UA":"ATA","ADM0_A3_UN":-99,"ADM0_A3_WB":-99,"CONTINENT":"Antarctica","REGION_UN":"Antarctica","SUBREGION":"Antarctica","REGION_WB":"Antarctica","NAME_LEN":10,"LONG_LEN":10,"ABBREV_LEN":4,"TINY":-99,"HOMEPART":1,"MIN_ZOOM":0,"MIN_LABEL":4,"MAX_LABEL":9,"LABEL_X":35.885455,"LABEL_Y":-79.843222,"NE_ID":1159320335,"WIKIDATAID":"Q51","NAME_AR":"القارة القطبية الجنوبية","NAME_BN":"অ্যান্টার্কটিকা","NAME_DE":"Antarktika","NAME_EN":"Antarctica","NAME_ES":"Antártida","NAME_FA":"جنوبگان","NAME_FR":"Antarctique","NAME_EL":"Ανταρκτική","NAME_HE":"אנטארקטיקה","NAME_HI":"अंटार्कटिका","NAME_HU":"Antarktika","NAME_ID":"Antartika","NAME_IT":"Antartide","NAME_JA":"南極大陸","NAME_KO":"남극","NAME_NL":"Antarctica","NAME_PL":"Antarktyda","NAME_PT":"Antártida","NAME_RU":"Антарктида","NAME_SV":"Antarktis","NAME_TR":"Antarktika","NAME_UK":"Антарктида","NAME_UR":"انٹارکٹکا","NAME_VI":"Châu Nam Cực","NAME_ZH":"南极洲","NAME_ZHT":"南極洲","FCLASS_ISO":"Admin-0 dependency","TLC_DIFF":null,"FCLASS_TLC":"Admin-0 dependency","FCLASS_US":null,"FCLASS_FR":null,"FCLASS_RU":null,"FCLASS_ES":null,"FCLASS_CN":null,"FCLASS_TW":null,"FCLASS_IN":null,"FCLASS_NP":null,"FCLASS_PK":null,"FCLASS_DE":null,"FCLASS_GB":null,"FCLASS_BR":null,"FCLASS_IL":null,"FCLASS_PS":null,"FCLASS_SA":null,"FCLASS_EG":null,"FCLASS_MA":null,"FCLASS_PT":null,"FCLASS_AR":null,"FCLASS_JP":null,"FCLASS_KO":null,"FCLASS_VN":null,"FCLASS_TR":null,"FCLASS_ID":null,"FCLASS_PL":null,"FCLASS_GR":null,"FCLASS_IT":null,"FCLASS_NL":null,"FCLASS_SE":null,"FCLASS_BD":null,"FCLASS_UA":null},"geometry":{"type":"MultiPolygon","coordinates":[[],[],[],[],[],[],[],[],[],[],[],[],[],[],[],[],[],[],[],[],[],[],[],[],[],[],[],[],[],[],[],[],[],[],[],[],[],[],[],[],[],[],[],[],[],[],[],[],[],[],[],[],[],[],[],[],[],[],[],[],[],[],[],[],[],[],[],[],[],[],[],[],[],[],[],[],[],[],[],[],[],[],[],[],[],[],[],[],[],[],[],[],[],[],[],[],[],[],[],[],[],[],[],[],[],[],[],[]]}}]}