{"type":"FeatureCollection","name":"ne_50m_admin_0_countries","crs":{"type":"name","properties":{"name":"urn:ogc:def:crs:OGC:1.3:CRS84"}},"bbox":[-180,-89.99892578125,180,83.599609375],"features":[{"type":"Feature","bbox":[42.549023,12.318994,54.511133,18.996143],"properties":{"featurecla":"Admin-0 country","scalerank":1,"LABELRANK":3,"SOVEREIGNT":"Yemen","SOV_A3":"YEM","ADM0_DIF":0,"LEVEL":2,"TYPE":"Sovereign country","TLC":"1","ADMIN":"Yemen","ADM0_A3":"YEM","GEOU_DIF":0,"GEOUNIT":"Yemen","GU_A3":"YEM","SU_DIF":0,"SUBUNIT":"Yemen","SU_A3":"YEM","BRK_DIFF":0,"NAME":"Yemen","NAME_LONG":"Yemen","BRK_A3":"YEM","BRK_NAME":"Yemen","BRK_GROUP":null,"ABBREV":"Yem.","POSTAL":"YE","FORMAL_EN":"Republic of Yemen","FORMAL_FR":null,"NAME_CIAWF":"Yemen","NOTE_ADM0":null,"NOTE_BRK":null,"NAME_SORT":"Yemen, Rep.","NAME_ALT":null,"MAPCOLOR7":5,"MAPCOLOR8":3,"MAPCOLOR9":3,"MAPCOLOR13":11,"POP_EST":29161922,"POP_RANK":15,"POP_YEAR":2019,"GDP_MD":22581,"GDP_YEAR":2019,"ECONOMY":"7. Least developed region","INCOME_GRP":"4. Lower middle income","FIPS_10":"YM","ISO_A2":"YE","ISO_A2_EH":"YE","ISO_A3":"YEM","ISO_A3_EH":"YEM","ISO_N3":"887","ISO_N3_EH":"887","UN_A3":"887","WB_A2":"RY","WB_A3":"YEM","WOE_ID":23425002,"WOE_ID_EH":23425002,"WOE_NOTE":"Exact WOE match as country","ADM0_ISO":"YEM","ADM0_DIFF":null,"ADM0_TLC":"YEM","ADM0_A3_US":"YEM","ADM0_A3_FR":"YEM","ADM0_A3_RU":"YEM","ADM0_A3_ES":"YEM","ADM0_A3_CN":"YEM","ADM0_A3_TW":"YEM","ADM0_A3_IN":"YEM","ADM0_A3_NP":"YEM","ADM0_A3_PK":"YEM","ADM0_A3_DE":"YEM","ADM0_A3_GB":"YEM","ADM0_A3_BR":"YEM","ADM0_A3_IL":"YEM","ADM0_A3_PS":"YEM","ADM0_A3_SA":"YEM","ADM0_A3_EG":"YEM","ADM0_A3_MA":"YEM","ADM0_A3_PT":"YEM","ADM0_A3_AR":"YEM","ADM0_A3_JP":"YEM","ADM0_A3_KO":"YEM","ADM0_A3_VN":"YEM","ADM0_A3_TR":"YEM","ADM0_A3_ID":"YEM","ADM0_A3_PL":"YEM","ADM0_A3_GR":"YEM","ADM0_A3_IT":"YEM","ADM0_A3_NL":"YEM","ADM0_A3_SE":"YEM","ADM0_A3_BD":"YEM","ADM0_A3_UA":"YEM","ADM0_A3_UN":-99,"ADM0_A3_WB":-99,"CONTINENT":"Asia","REGION_UN":"Asia","SUBREGION":"Western Asia","REGION_WB":"Middle East & North Africa","NAME_LEN":5,"LONG_LEN":5,"ABBREV_LEN":4,"TINY":-99,"HOMEPART":1,"MIN_ZOOM":0,"MIN_LABEL":3,"MAX_LABEL":8,"LABEL_X":45.874383,"LABEL_Y":15.328226,"NE_ID":1159321425,"WIKIDATAID":"Q805","NAME_AR":"اليمن","NAME_BN":"ইয়েমেন","NAME_DE":"Jemen","NAME_EN":"Yemen","NAME_ES":"Yemen","NAME_FA":"یمن","NAME_FR":"Yémen","NAME_EL":"Υεμένη","NAME_HE":"תימן","NAME_HI":"यमन","NAME_HU":"Jemen","NAME_ID":"Yaman","NAME_IT":"Yemen","NAME_JA":"イエメン","NAME_KO":"예멘","NAME_NL":"Jemen","NAME_PL":"Jemen","NAME_PT":"Iémen","NAME_RU":"Йемен","NAME_SV":"Jemen","NAME_TR":"Yemen","NAME_UK":"Ємен","NAME_UR":"یمن","NAME_VI":"Yemen","NAME_ZH":"也门","NAME_ZHT":"葉門","FCLASS_ISO":"Admin-0 country","TLC_DIFF":null,"FCLASS_TLC":"Admin-0 country","FCLASS_US":null,"FCLASS_FR":null,"FCLASS_RU":null,"FCLASS_ES":null,"FCLASS_CN":null,"FCLASS_TW":null,"FCLASS_IN":null,"FCLASS_NP":null,"FCLASS_PK":null,"FCLASS_DE":null,"FCLASS_GB":null,"FCLASS_BR":null,"FCLASS_IL":null,"FCLASS_PS":null,"FCLASS_SA":null,"FCLASS_EG":null,"FCLASS_MA":null,"FCLASS_PT":null,"FCLASS_AR":null,"FCLASS_JP":null,"FCLASS_KO":null,"FCLASS_VN":null,"FCLASS_TR":null,"FCLASS_ID":null,"FCLASS_PL":null,"FCLASS_GR":null,"FCLASS_IT":null,"FCLASS_NL":null,"FCLASS_SE":null,"FCLASS_BD":null,"FCLASS_UA":null},"geometry":{"type":"MultiPolygon","coordinates":[[],[],[],[],[]]}},{"type":"Feature","bbox":[102.127441,8.583252,109.444922,23.345215],"properties":{"featurecla":"Admin-0 country","scalerank":3,"LABELRANK":2,"SOVEREIGNT":"Vietnam","SOV_A3":"VNM","ADM0_DIF":0,"LEVEL":2,"TYPE":"Sovereign country","TLC":"1","ADMIN":"Vietnam","ADM0_A3":"VNM","GEOU_DIF":0,"GEOUNIT":"Vietnam","GU_A3":"VNM","SU_DIF":0,"SUBUNIT":"Vietnam","SU_A3":"VNM","BRK_DIFF":0,"NAME":"Vietnam","NAME_LONG":"Vietnam","BRK_A3":"VNM","BRK_NAME":"Vietnam","BRK_GROUP":null,"ABBREV":"Viet.","POSTAL":"VN","FORMAL_EN":"Socialist Republic of Vietnam","FORMAL_FR":null,"NAME_CIAWF":"Vietnam","NOTE_ADM0":null,"NOTE_BRK":null,"NAME_SORT":"Vietnam","NAME_ALT":null,"MAPCOLOR7":5,"MAPCOLOR8":6,"MAPCOLOR9":5,"MAPCOLOR13":4,"POP_EST":96462106,"POP_RANK":16,"POP_YEAR":2019,"GDP_MD":261921,"GDP_YEAR":2019,"ECONOMY":"5. Emerging region: G20","INCOME_GRP":"4. Lower middle income","FIPS_10":"VM","ISO_A2":"VN","ISO_A2_EH":"VN","ISO_A3":"VNM","ISO_A3_EH":"VNM","ISO_N3":"704","ISO_N3_EH":"704","UN_A3":"704","WB_A2":"VN","WB_A3":"VNM","WOE_ID":23424984,"WOE_ID_EH":23424984,"WOE_NOTE":"Exact WOE match as country","ADM0_ISO":"VNM","ADM0_DIFF":null,"ADM0_TLC":"VNM","ADM0_A3_US":"VNM","ADM0_A3_FR":"VNM","ADM0_A3_RU":"VNM","ADM0_A3_ES":"VNM","ADM0_A3_CN":"VNM","ADM0_A3_TW":"VNM","ADM0_A3_IN":"VNM","ADM0_A3_NP":"VNM","ADM0_A3_PK":"VNM","ADM0_A3_DE":"VNM","ADM0_A3_GB":"VNM","ADM0_A3_BR":"VNM","ADM0_A3_IL":"VNM","ADM0_A3_PS":"VNM","ADM0_A3_SA":"VNM","ADM0_A3_EG":"VNM","ADM0_A3_MA":"VNM","ADM0_A3_PT":"VNM","ADM0_A3_AR":"VNM","ADM0_A3_JP":"VNM","ADM0_A3_KO":"VNM","ADM0_A3_VN":"VNM","ADM0_A3_TR":"VNM","ADM0_A3_ID":"VNM","ADM0_A3_PL":"VNM","ADM0_A3_GR":"VNM","ADM0_A3_IT":"VNM","ADM0_A3_NL":"VNM","ADM0_A3_SE":"VNM","ADM0_A3_BD":"VNM","ADM0_A3_UA":"VNM","ADM0_A3_UN":-99,"ADM0_A3_WB":-99,"CONTINENT":"Asia","REGION_UN":"Asia","SUBREGION":"South-Eastern Asia","REGION_WB":"East Asia & Pacific","NAME_LEN":7,"LONG_LEN":7,"ABBREV_LEN":5,"TINY":2,"HOMEPART":1,"MIN_ZOOM":0,"MIN_LABEL":2,"MAX_LABEL":7,"LABEL_X":105.387292,"LABEL_Y":21.715416,"NE_ID":1159321417,"WIKIDATAID":"Q881","NAME_AR":"فيتنام","NAME_BN":"ভিয়েতনাম","NAME_DE":"Vietnam","NAME_EN":"Vietnam","NAME_ES":"Vietnam","NAME_FA":"ویتنام","NAME_FR":"Viêt Nam","NAME_EL":"Βιετνάμ","NAME_HE":"וייטנאם","NAME_HI":"वियतनाम","NAME_HU":"Vietnám","NAME_ID":"Vietnam","NAME_IT":"Vietnam","NAME_JA":"ベトナム","NAME_KO":"베트남","NAME_NL":"Vietnam","NAME_PL":"Wietnam","NAME_PT":"Vietname","NAME_RU":"Вьетнам","NAME_SV":"Vietnam","NAME_TR":"Vietnam","NAME_UK":"В'єтнам","NAME_UR":"ویتنام","NAME_VI":"Việt Nam","NAME_ZH":"越南","NAME_ZHT":"越南","FCLASS_ISO":"Admin-0 country","TLC_DIFF":null,"FCLASS_TLC":"Admin-0 country","FCLASS_US":null,"FCLASS_FR":null,"FCLASS_RU":null,"FCLASS_ES":null,"FCLASS_CN":null,"FCLASS_TW":null,"FCLASS_IN":null,"FCLASS_NP":null,"FCLASS_PK":null,"FCLASS_DE":null,"FCLASS_GB":null,"FCLASS_BR":null,"FCLASS_IL":null,"FCLASS_PS":null,"FCLASS_SA":null,"FCLASS_EG":null,"FCLASS_MA":null,"FCLASS_PT":null,"FCLASS_AR":null,"FCLASS_JP":null,"FCLASS_KO":null,"FCLASS_VN":null,"FCLASS_TR":null,"FCLASS_ID":null,"FCLASS_PL":null,"FCLASS_GR":null,"FCLASS_IT":null,"FCLASS_NL":null,"FCLASS_SE":null,"FCLASS_BD":null,"FCLASS_UA":null},"geometry":{"type":"MultiPolygon","coordinates":[[],[],[],[],[],[],[],[]]}},{"type":"Feature","bbox":[-73.366211,0.687988,-59.828906,12.177881],"properties":{"featurecla":"Admin-0 country","scalerank":5,"LABELRANK":3,"SOVEREIGNT":"Venezuela","SOV_A3":"VEN","ADM0_DIF":0,"LEVEL":2,"TYPE":"Sovereign country","TLC":"1","ADMIN":"Venezuela","ADM0_A3":"VEN","GEOU_DIF":0,"GEOUNIT":"Venezuela","GU_A3":"VEN","SU_DIF":0,"SUBUNIT":"Venezuela","SU_A3":"VEN","BRK_DIFF":0,"NAME":"Venezuela","NAME_LONG":"Venezuela","BRK_A3":"VEN","BRK_NAME":"Venezuela","BRK_GROUP":null,"ABBREV":"Ven.","POSTAL":"VE","FORMAL_EN":"Bolivarian Republic of Venezuela","FORMAL_FR":"República Bolivariana de Venezuela","NAME_CIAWF":"Venezuela","NOTE_ADM0":null,"NOTE_BRK":null,"NAME_SORT":"Venezuela, RB","NAME_ALT":null,"MAPCOLOR7":1,"MAPCOLOR8":3,"MAPCOLOR9":1,"MAPCOLOR13":4,"POP_EST":28515829,"POP_RANK":15,"POP_YEAR":2019,"GDP_MD":482359,"GDP_YEAR":2014,"ECONOMY":"5. Emerging region: G20","INCOME_GRP":"3. Upper middle income","FIPS_10":"VE","ISO_A2":"VE","ISO_A2_EH":"VE","ISO_A3":"VEN","ISO_A3_EH":"VEN","ISO_N3":"862","ISO_N3_EH":"862","UN_A3":"862","WB_A2":"VE","WB_A3":"VEN","WOE_ID":23424982,"WOE_ID_EH":23424982,"WOE_NOTE":"Exact WOE match as country","ADM0_ISO":"VEN","ADM0_DIFF":null,"ADM0_TLC":"VEN","ADM0_A3_US":"VEN","ADM0_A3_FR":"VEN","ADM0_A3_RU":"VEN","ADM0_A3_ES":"VEN","ADM0_A3_CN":"VEN","ADM0_A3_TW":"VEN","ADM0_A3_IN":"VEN","ADM0_A3_NP":"VEN","ADM0_A3_PK":"VEN","ADM0_A3_DE":"VEN","ADM0_A3_GB":"VEN","ADM0_A3_BR":"VEN","ADM0_A3_IL":"VEN","ADM0_A3_PS":"VEN","ADM0_A3_SA":"VEN","ADM0_A3_EG":"VEN","ADM0_A3_MA":"VEN","ADM0_A3_PT":"VEN","ADM0_A3_AR":"VEN","ADM0_A3_JP":"VEN","ADM0_A3_KO":"VEN","ADM0_A3_VN":"VEN","ADM0_A3_TR":"VEN","ADM0_A3_ID":"VEN","ADM0_A3_PL":"VEN","ADM0_A3_GR":"VEN","ADM0_A3_IT":"VEN","ADM0_A3_NL":"VEN","ADM0_A3_SE":"VEN","ADM0_A3_BD":"VEN","ADM0_A3_UA":"VEN","ADM0_A3_UN":-99,"ADM0_A3_WB":-99,"CONTINENT":"South America","REGION_UN":"Americas","SUBREGION":"South America","REGION_WB":"Latin America & Caribbean","NAME_LEN":9,"LONG_LEN":9,"ABBREV_LEN":4,"TINY":-99,"HOMEPART":1,"MIN_ZOOM":0,"MIN_LABEL":2.5,"MAX_LABEL":7.5,"LABEL_X":-64.599381,"LABEL_Y":7.182476,"NE_ID":1159321411,"WIKIDATAID":"Q717","NAME_AR":"فنزويلا","NAME_BN":"ভেনেজুয়েলা","NAME_DE":"Venezuela","NAME_EN":"Venezuela","NAME_ES":"Venezuela","NAME_FA":"ونزوئلا","NAME_FR":"Venezuela","NAME_EL":"Βενεζουέλα","NAME_HE":"ונצואלה","NAME_HI":"वेनेज़ुएला","NAME_HU":"Venezuela","NAME_ID":"Venezuela","NAME_IT":"Venezuela","NAME_JA":"ベネズエラ","NAME_KO":"베네수엘라","NAME_NL":"Venezuela","NAME_PL":"Wenezuela","NAME_PT":"Venezuela","NAME_RU":"Венесуэла","NAME_SV":"Venezuela","NAME_TR":"Venezuela","NAME_UK":"Венесуела","NAME_UR":"وینیزویلا","NAME_VI":"Venezuela","NAME_ZH":"委内瑞拉","NAME_ZHT":"委內瑞拉","FCLASS_ISO":"Admin-0 country","TLC_DIFF":null,"FCLASS_TLC":"Admin-0 country","FCLASS_US":null,"FCLASS_FR":null,"FCLASS_RU":null,"FCLASS_ES":null,"FCLASS_CN":null,"FCLASS_TW":null,"FCLASS_IN":null,"FCLASS_NP":null,"FCLASS_PK":null,"FCLASS_DE":null,"FCLASS_GB":null,"FCLASS_BR":null,"FCLASS_IL":null,"FCLASS_PS":null,"FCLASS_SA":null,"FCLASS_EG":null,"FCLASS_MA":null,"FCLASS_PT":null,"FCLASS_AR":null,"FCLASS_JP":null,"FCLASS_KO":null,"FCLASS_VN":null,"FCLASS_TR":null,"FCLASS_ID":null,"FCLASS_PL":null,"FCLASS_GR":null,"FCLASS_IT":null,"FCLASS_NL":null,"FCLASS_SE":null,"FCLASS_BD":null,"FCLASS_UA":null},"geometry":{"type":"MultiPolygon","coordinates":[[],[],[],[],[]]}},{"type":"Feature","bbox":[12.427539,41.897559,12.43916,41.906201],"properties":{"featurecla":"Admin-0 country","scalerank":6,"LABELRANK":6,"SOVEREIGNT":"Vatican","SOV_A3":"VAT","ADM0_DIF":0,"LEVEL":2,"TYPE":"Sovereign country","TLC":"1","ADMIN":"Vatican","ADM0_A3":"VAT","GEOU_DIF":0,"GEOUNIT":"Vatican","GU_A3":"VAT","SU_DIF":0,"SUBUNIT":"Vatican","SU_A3":"VAT","BRK_DIFF":0,"NAME":"Vatican","NAME_LONG":"Vatican","BRK_A3":"VAT","BRK_NAME":"Vatican","BRK_GROUP":null,"ABBREV":"Vat.","POSTAL":"V","FORMAL_EN":"State of the Vatican City","FORMAL_FR":null,"NAME_CIAWF":"Holy See (Vatican City)","NOTE_ADM0":null,"NOTE_BRK":null,"NAME_SORT":"Vatican (Holy See)","NAME_ALT":"Holy See","MAPCOLOR7":1,"MAPCOLOR8":3,"MAPCOLOR9":4,"MAPCOLOR13":2,"POP_EST":825,"POP_RANK":2,"POP_YEAR":2019,"GDP_MD":-99,"GDP_YEAR":2019,"ECONOMY":"2. Developed region: nonG7","INCOME_GRP":"2. High income: nonOECD","FIPS_10":"VT","ISO_A2":"VA","ISO_A2_EH":"VA","ISO_A3":"VAT","ISO_A3_EH":"VAT","ISO_N3":"336","ISO_N3_EH":"336","UN_A3":"336","WB_A2":"-99","WB_A3":"-99","WOE_ID":23424986,"WOE_ID_EH":23424986,"WOE_NOTE":"Exact WOE match as country","ADM0_ISO":"VAT","ADM0_DIFF":null,"ADM0_TLC":"VAT","ADM0_A3_US":"VAT","ADM0_A3_FR":"VAT","ADM0_A3_RU":"VAT","ADM0_A3_ES":"VAT","ADM0_A3_CN":"VAT","ADM0_A3_TW":"VAT","ADM0_A3_IN":"VAT","ADM0_A3_NP":"VAT","ADM0_A3_PK":"VAT","ADM0_A3_DE":"VAT","ADM0_A3_GB":"VAT","ADM0_A3_BR":"VAT","ADM0_A3_IL":"VAT","ADM0_A3_PS":"VAT","ADM0_A3_SA":"VAT","ADM0_A3_EG":"VAT","ADM0_A3_MA":"VAT","ADM0_A3_PT":"VAT","ADM0_A3_AR":"VAT","ADM0_A3_JP":"VAT","ADM0_A3_KO":"VAT","ADM0_A3_VN":"VAT","ADM0_A3_TR":"VAT","ADM0_A3_ID":"VAT","ADM0_A3_PL":"VAT","ADM0_A3_GR":"VAT","ADM0_A3_IT":"VAT","ADM0_A3_NL":"VAT","ADM0_A3_SE":"VAT","ADM0_A3_BD":"VAT","ADM0_A3_UA":"VAT","ADM0_A3_UN":-99,"ADM0_A3_WB":-99,"CONTINENT":"Europe","REGION_UN":"Europe","SUBREGION":"Southern Europe","REGION_WB":"Europe & Central Asia","NAME_LEN":7,"LONG_LEN":7,"ABBREV_LEN":4,"TINY":4,"HOMEPART":1,"MIN_ZOOM":0,"MIN_LABEL":5,"MAX_LABEL":10,"LABEL_X":12.453418,"LABEL_Y":41.903323,"NE_ID":1159321407,"WIKIDATAID":"Q237","NAME_AR":"الفاتيكان","NAME_BN":"ভ্যাটিকান সিটি","NAME_DE":"Vatikanstadt","NAME_EN":"Vatican City","NAME_ES":"Ciudad del Vaticano","NAME_FA":"واتیکان","NAME_FR":"Cité du Vatican","NAME_EL":"Βατικανό","NAME_HE":"קריית הוותיקן","NAME_HI":"वैटिकन नगर","NAME_HU":"Vatikán","NAME_ID":"Vatikan","NAME_IT":"Città del Vaticano","NAME_JA":"バチカン","NAME_KO":"바티칸 시국","NAME_NL":"Vaticaanstad","NAME_PL":"Watykan","NAME_PT":"Vaticano","NAME_RU":"Ватикан","NAME_SV":"Vatikanstaten","NAME_TR":"Vatikan","NAME_UK":"Ватикан","NAME_UR":"ویٹیکن سٹی","NAME_VI":"Thành Vatican","NAME_ZH":"梵蒂冈","NAME_ZHT":"梵蒂岡","FCLASS_ISO":"Admin-0 country","TLC_DIFF":null,"FCLASS_TLC":"Admin-0 country","FCLASS_US":null,"FCLASS_FR":null,"FCLASS_RU":null,"FCLASS_ES":null,"FCLASS_CN":null,"FCLASS_TW":null,"FCLASS_IN":null,"FCLASS_NP":null,"FCLASS_PK":null,"FCLASS_DE":null,"FCLASS_GB":null,"FCLASS_BR":null,"FCLASS_IL":null,"FCLASS_PS":null,"FCLASS_SA":null,"FCLASS_EG":null,"FCLASS_MA":null,"FCLASS_PT":null,"FCLASS_AR":null,"FCLASS_JP":null,"FCLASS_KO":null,"FCLASS_VN":null,"FCLASS_TR":null,"FCLASS_ID":null,"FCLASS_PL":null,"FCLASS_GR":null,"FCLASS_IT":null,"FCLASS_NL":null,"FCLASS_SE":null,"FCLASS_BD":null,"FCLASS_UA":null},"geometry":{"type":"Polygon","coordinates":[[[12.43916,41.898389],[12.430566,41.897559],[12.427539,41.900732],[12.430566,41.905469],[12.438379,41.906201],[12.43916,41.898389]]]}},{"type":"Feature","bbox":[166.526074,-20.241797,169.896289,-13.709473],"properties":{"featurecla":"Admin-0 country","scalerank":1,"LABELRANK":4,"SOVEREIGNT":"Vanuatu","SOV_A3":"VUT","ADM0_DIF":0,"LEVEL":2,"TYPE":"Sovereign country","TLC":"1","ADMIN":"Vanuatu","ADM0_A3":"VUT","GEOU_DIF":0,"GEOUNIT":"Vanuatu","GU_A3":"VUT","SU_DIF":0,"SUBUNIT":"Vanuatu","SU_A3":"VUT","BRK_DIFF":0,"NAME":"Vanuatu","NAME_LONG":"Vanuatu","BRK_A3":"VUT","BRK_NAME":"Vanuatu","BRK_GROUP":null,"ABBREV":"Van.","POSTAL":"VU","FORMAL_EN":"Republic of Vanuatu","FORMAL_FR":null,"NAME_CIAWF":"Vanuatu","NOTE_ADM0":null,"NOTE_BRK":null,"NAME_SORT":"Vanuatu","NAME_ALT":null,"MAPCOLOR7":6,"MAPCOLOR8":3,"MAPCOLOR9":7,"MAPCOLOR13":3,"POP_EST":299882,"POP_RANK":10,"POP_YEAR":2019,"GDP_MD":934,"GDP_YEAR":2019,"ECONOMY":"7. Least developed region","INCOME_GRP":"4. Lower middle income","FIPS_10":"NH","ISO_A2":"VU","ISO_A2_EH":"VU","ISO_A3":"VUT","ISO_A3_EH":"VUT","ISO_N3":"548","ISO_N3_EH":"548","UN_A3":"548","WB_A2":"VU","WB_A3":"VUT","WOE_ID":23424907,"WOE_ID_EH":23424907,"WOE_NOTE":"Exact WOE match as country","ADM0_ISO":"VUT","ADM0_DIFF":null,"ADM0_TLC":"VUT","ADM0_A3_US":"VUT","ADM0_A3_FR":"VUT","ADM0_A3_RU":"VUT","ADM0_A3_ES":"VUT","ADM0_A3_CN":"VUT","ADM0_A3_TW":"VUT","ADM0_A3_IN":"VUT","ADM0_A3_NP":"VUT","ADM0_A3_PK":"VUT","ADM0_A3_DE":"VUT","ADM0_A3_GB":"VUT","ADM0_A3_BR":"VUT","ADM0_A3_IL":"VUT","ADM0_A3_PS":"VUT","ADM0_A3_SA":"VUT","ADM0_A3_EG":"VUT","ADM0_A3_MA":"VUT","ADM0_A3_PT":"VUT","ADM0_A3_AR":"VUT","ADM0_A3_JP":"VUT","ADM0_A3_KO":"VUT","ADM0_A3_VN":"VUT","ADM0_A3_TR":"VUT","ADM0_A3_ID":"VUT","ADM0_A3_PL":"VUT","ADM0_A3_GR":"VUT","ADM0_A3_IT":"VUT","ADM0_A3_NL":"VUT","ADM0_A3_SE":"VUT","ADM0_A3_BD":"VUT","ADM0_A3_UA":"VUT","ADM0_A3_UN":-99,"ADM0_A3_WB":-99,"CONTINENT":"Oceania","REGION_UN":"Oceania","SUBREGION":"Melanesia","REGION_WB":"East Asia & Pacific","NAME_LEN":7,"LONG_LEN":7,"ABBREV_LEN":4,"TINY":2,"HOMEPART":1,"MIN_ZOOM":0,"MIN_LABEL":4,"MAX_LABEL":9,"LABEL_X":166.908762,"LABEL_Y":-15.37153,"NE_ID":1159321421,"WIKIDATAID":"Q686","NAME_AR":"فانواتو","NAME_BN":"ভানুয়াতু","NAME_DE":"Vanuatu","NAME_EN":"Vanuatu","NAME_ES":"Vanuatu","NAME_FA":"وانواتو","NAME_FR":"Vanuatu","NAME_EL":"Βανουάτου","NAME_HE":"ונואטו","NAME_HI":"वानूआटू","NAME_HU":"Vanuatu","NAME_ID":"Vanuatu","NAME_IT":"Vanuatu","NAME_JA":"バヌアツ","NAME_KO":"바누아투","NAME_NL":"Vanuatu","NAME_PL":"Vanuatu","NAME_PT":"Vanuatu","NAME_RU":"Вануату","NAME_SV":"Vanuatu","NAME_TR":"Vanuatu","NAME_UK":"Вануату","NAME_UR":"وانواتو","NAME_VI":"Vanuatu","NAME_ZH":"瓦努阿图","NAME_ZHT":"萬那杜","FCLASS_ISO":"Admin-0 country","TLC_DIFF":null,"FCLASS_TLC":"Admin-0 country","FCLASS_US":null,"FCLASS_FR":null,"FCLASS_RU":null,"FCLASS_ES":null,"FCLASS_CN":null,"FCLASS_TW":null,"FCLASS_IN":null,"FCLASS_NP":null,"FCLASS_PK":null,"FCLASS_DE":null,"FCLASS_GB":null,"FCLASS_BR":null,"FCLASS_IL":null,"FCLASS_PS":null,"FCLASS_SA":null,"FCLASS_EG":null,"FCLASS_MA":null,"FCLASS_PT":null,"FCLASS_AR":null,"FCLASS_JP":null,"FCLASS_KO":null,"FCLASS_VN":null,"FCLASS_TR":null,"FCLASS_ID":null,"FCLASS_PL":null,"FCLASS_GR":null,"FCLASS_IT":null,"FCLASS_NL":null,"FCLASS_SE":null,"FCLASS_BD":null,"FCLASS_UA":null},"geometry":{"type":"MultiPolygon","coordinates":[[],[],[],[],[],[],[],[],[],[],[],[],[],[]]}},{"type":"Feature","bbox":[55.975684,37.172217,73.136914,45.555371],"properties":{"featurecla":"Admin-0 country","scalerank":1,"LABELRANK":3,"SOVEREIGNT":"Uzbekistan","SOV_A3":"UZB","ADM0_DIF":0,"LEVEL":2,"TYPE":"Sovereign country","TLC":"1","ADMIN":"Uzbekistan","ADM0_A3":"UZB","GEOU_DIF":0,"GEOUNIT":"Uzbekistan","GU_A3":"UZB","SU_DIF":0,"SUBUNIT":"Uzbekistan","SU_A3":"UZB","BRK_DIFF":0,"NAME":"Uzbekistan","NAME_LONG":"Uzbekistan","BRK_A3":"UZB","BRK_NAME":"Uzbekistan","BRK_GROUP":null,"ABBREV":"Uzb.","POSTAL":"UZ","FORMAL_EN":"Republic of Uzbekistan","FORMAL_FR":null,"NAME_CIAWF":"Uzbekistan","NOTE_ADM0":null,"NOTE_BRK":null,"NAME_SORT":"Uzbekistan","NAME_ALT":null,"MAPCOLOR7":2,"MAPCOLOR8":3,"MAPCOLOR9":5,"MAPCOLOR13":4,"POP_EST":33580650,"POP_RANK":15,"POP_YEAR":2019,"GDP_MD":57921,"GDP_YEAR":2019,"ECONOMY":"6. Developing region","INCOME_GRP":"4. Lower middle income","FIPS_10":"UZ","ISO_A2":"UZ","ISO_A2_EH":"UZ","ISO_A3":"UZB","ISO_A3_EH":"UZB","ISO_N3":"860","ISO_N3_EH":"860","UN_A3":"860","WB_A2":"UZ","WB_A3":"UZB","WOE_ID":23424980,"WOE_ID_EH":23424980,"WOE_NOTE":"Exact WOE match as country","ADM0_ISO":"UZB","ADM0_DIFF":null,"ADM0_TLC":"UZB","ADM0_A3_US":"UZB","ADM0_A3_FR":"UZB","ADM0_A3_RU":"UZB","ADM0_A3_ES":"UZB","ADM0_A3_CN":"UZB","ADM0_A3_TW":"UZB","ADM0_A3_IN":"UZB","ADM0_A3_NP":"UZB","ADM0_A3_PK":"UZB","ADM0_A3_DE":"UZB","ADM0_A3_GB":"UZB","ADM0_A3_BR":"UZB","ADM0_A3_IL":"UZB","ADM0_A3_PS":"UZB","ADM0_A3_SA":"UZB","ADM0_A3_EG":"UZB","ADM0_A3_MA":"UZB","ADM0_A3_PT":"UZB","ADM0_A3_AR":"UZB","ADM0_A3_JP":"UZB","ADM0_A3_KO":"UZB","ADM0_A3_VN":"UZB","ADM0_A3_TR":"UZB","ADM0_A3_ID":"UZB","ADM0_A3_PL":"UZB","ADM0_A3_GR":"UZB","ADM0_A3_IT":"UZB","ADM0_A3_NL":"UZB","ADM0_A3_SE":"UZB","ADM0_A3_BD":"UZB","ADM0_A3_UA":"UZB","ADM0_A3_UN":-99,"ADM0_A3_WB":-99,"CONTINENT":"Asia","REGION_UN":"Asia","SUBREGION":"Central Asia","REGION_WB":"Europe & Central Asia","NAME_LEN":10,"LONG_LEN":10,"ABBREV_LEN":4,"TINY":5,"HOMEPART":1,"MIN_ZOOM":0,"MIN_LABEL":3,"MAX_LABEL":8,"LABEL_X":64.005429,"LABEL_Y":41.693603,"NE_ID":1159321405,"WIKIDATAID":"Q265","NAME_AR":"أوزبكستان","NAME_BN":"উজবেকিস্তান","NAME_DE":"Usbekistan","NAME_EN":"Uzbekistan","NAME_ES":"Uzbekistán","NAME_FA":"ازبکستان","NAME_FR":"Ouzbékistan","NAME_EL":"Ουζμπεκιστάν","NAME_HE":"אוזבקיסטן","NAME_HI":"उज़्बेकिस्तान","NAME_HU":"Üzbegisztán","NAME_ID":"Uzbekistan","NAME_IT":"Uzbekistan","NAME_JA":"ウズベキスタン","NAME_KO":"우즈베키스탄","NAME_NL":"Oezbekistan","NAME_PL":"Uzbekistan","NAME_PT":"Uzbequistão","NAME_RU":"Узбекистан","NAME_SV":"Uzbekistan","NAME_TR":"Özbekistan","NAME_UK":"Узбекистан","NAME_UR":"ازبکستان","NAME_VI":"Uzbekistan","NAME_ZH":"乌兹别克斯坦","NAME_ZHT":"烏茲別克","FCLASS_ISO":"Admin-0 country","TLC_DIFF":null,"FCLASS_TLC":"Admin-0 country","FCLASS_US":null,"FCLASS_FR":null,"FCLASS_RU":null,"FCLASS_ES":null,"FCLASS_CN":null,"FCLASS_TW":null,"FCLASS_IN":null,"FCLASS_NP":null,"FCLASS_PK":null,"FCLASS_DE":null,"FCLASS_GB":null,"FCLASS_BR":null,"FCLASS_IL":null,"FCLASS_PS":null,"FCLASS_SA":null,"FCLASS_EG":null,"FCLASS_MA":null,"FCLASS_PT":null,"FCLASS_AR":null,"FCLASS_JP":null,"FCLASS_KO":null,"FCLASS_VN":null,"FCLASS_TR":null,"FCLASS_ID":null,"FCLASS_PL":null,"FCLASS_GR":null,"FCLASS_IT":null,"FCLASS_NL":null,"FCLASS_SE":null,"FCLASS_BD":null,"FCLASS_UA":null},"geometry":{"type":"MultiPolygon","coordinates":[[],[],[]]}},{"type":"Feature","bbox":[138.061914,5.277246,162.993457,9.593311],"properties":{"featurecla":"Admin-0 country","scalerank":3,"LABELRANK":6,"SOVEREIGNT":"Federated States of Micronesia","SOV_A3":"FSM","ADM0_DIF":0,"LEVEL":2,"TYPE":"Sovereign country","TLC":"1","ADMIN":"Federated States of Micronesia","ADM0_A3":"FSM","GEOU_DIF":0,"GEOUNIT":"Federated States of Micronesia","GU_A3":"FSM","SU_DIF":0,"SUBUNIT":"Federated States of Micronesia","SU_A3":"FSM","BRK_DIFF":0,"NAME":"Micronesia","NAME_LONG":"Federated States of Micronesia","BRK_A3":"FSM","BRK_NAME":"Micronesia","BRK_GROUP":null,"ABBREV":"F.S.M.","POSTAL":"FSM","FORMAL_EN":"Federated States of Micronesia","FORMAL_FR":null,"NAME_CIAWF":"Micronesia, Federated States of","NOTE_ADM0":null,"NOTE_BRK":null,"NAME_SORT":"Micronesia, Federated States of","NAME_ALT":null,"MAPCOLOR7":5,"MAPCOLOR8":2,"MAPCOLOR9":4,"MAPCOLOR13":13,"POP_EST":113815,"POP_RANK":9,"POP_YEAR":2019,"GDP_MD":401,"GDP_YEAR":2018,"ECONOMY":"6. Developing region","INCOME_GRP":"4. Lower middle income","FIPS_10":"FM","ISO_A2":"FM","ISO_A2_EH":"FM","ISO_A3":"FSM","ISO_A3_EH":"FSM","ISO_N3":"583","ISO_N3_EH":"583","UN_A3":"583","WB_A2":"FM","WB_A3":"FSM","WOE_ID":23424815,"WOE_ID_EH":23424815,"WOE_NOTE":"Exact WOE match as country","ADM0_ISO":"FSM","ADM0_DIFF":null,"ADM0_TLC":"FSM","ADM0_A3_US":"FSM","ADM0_A3_FR":"FSM","ADM0_A3_RU":"FSM","ADM0_A3_ES":"FSM","ADM0_A3_CN":"FSM","ADM0_A3_TW":"FSM","ADM0_A3_IN":"FSM","ADM0_A3_NP":"FSM","ADM0_A3_PK":"FSM","ADM0_A3_DE":"FSM","ADM0_A3_GB":"FSM","ADM0_A3_BR":"FSM","ADM0_A3_IL":"FSM","ADM0_A3_PS":"FSM","ADM0_A3_SA":"FSM","ADM0_A3_EG":"FSM","ADM0_A3_MA":"FSM","ADM0_A3_PT":"FSM","ADM0_A3_AR":"FSM","ADM0_A3_JP":"FSM","ADM0_A3_KO":"FSM","ADM0_A3_VN":"FSM","ADM0_A3_TR":"FSM","ADM0_A3_ID":"FSM","ADM0_A3_PL":"FSM","ADM0_A3_GR":"FSM","ADM0_A3_IT":"FSM","ADM0_A3_NL":"FSM","ADM0_A3_SE":"FSM","ADM0_A3_BD":"FSM","ADM0_A3_UA":"FSM","ADM0_A3_UN":-99,"ADM0_A3_WB":-99,"CONTINENT":"Oceania","REGION_UN":"Oceania","SUBREGION":"Micronesia","REGION_WB":"East Asia & Pacific","NAME_LEN":10,"LONG_LEN":30,"ABBREV_LEN":6,"TINY":-99,"HOMEPART":1,"MIN_ZOOM":0,"MIN_LABEL":5,"MAX_LABEL":10,"LABEL_X":158.234019,"LABEL_Y":6.887553,"NE_ID":1159320691,"WIKIDATAID":"Q702","NAME_AR":"ولايات ميكرونيسيا المتحدة","NAME_BN":"মাইক্রোনেশিয়া যুক্তরাজ্য","NAME_DE":"Föderierte Staaten von Mikronesien","NAME_EN":"Federated States of Micronesia","NAME_ES":"Estados Federados de Micronesia","NAME_FA":"میکرونزی","NAME_FR":"États fédérés de Micronésie","NAME_EL":"Ομόσπονδες Πολιτείες της Μικρονησίας","NAME_HE":"מיקרונזיה","NAME_HI":"माइक्रोनेशिया के संघीकृत राज्य","NAME_HU":"Mikronéziai Szövetségi Államok","NAME_ID":"Mikronesia","NAME_IT":"Stati Federati di Micronesia","NAME_JA":"ミクロネシア連邦","NAME_KO":"미크로네시아 연방","NAME_NL":"Micronesia","NAME_PL":"Mikronezja","NAME_PT":"Micronésia","NAME_RU":"Микронезия","NAME_SV":"Mikronesiska federationen","NAME_TR":"Mikronezya","NAME_UK":"Мікронезія","NAME_UR":"مائیکرونیشیا","NAME_VI":"Micronesia","NAME_ZH":"密克罗尼西亚联邦","NAME_ZHT":"密克羅尼西亞聯邦","FCLASS_ISO":"Admin-0 country","TLC_DIFF":null,"FCLASS_TLC":"Admin-0 country","FCLASS_US":null,"FCLASS_FR":null,"FCLASS_RU":null,"FCLASS_ES":null,"FCLASS_CN":null,"FCLASS_TW":null,"FCLASS_IN":null,"FCLASS_NP":null,"FCLASS_PK":null,"FCLASS_DE":null,"FCLASS_GB":null,"FCLASS_BR":null,"FCLASS_IL":null,"FCLASS_PS":null,"FCLASS_SA":null,"FCLASS_EG":null,"FCLASS_MA":null,"FCLASS_PT":null,"FCLASS_AR":null,"FCLASS_JP":null,"FCLASS_KO":null,"FCLASS_VN":null,"FCLASS_TR":null,"FCLASS_ID":null,"FCLASS_PL":null,"FCLASS_GR":null,"FCLASS_IT":null,"FCLASS_NL":null,"FCLASS_SE":null,"FCLASS_BD":null,"FCLASS_UA":null},"geometry":{"type":"MultiPolygon","coordinates":[[],[],[],[],[]]}},{"type":"Feature","bbox":[166.844727,5.799805,171.756836,11.168652],"properties":{"featurecla":"Admin-0 country","scalerank":5,"LABELRANK":6,"SOVEREIGNT":"Marshall Islands","SOV_A3":"MHL","ADM0_DIF":0,"LEVEL":2,"TYPE":"Sovereign country","TLC":"1","ADMIN":"Marshall Islands","ADM0_A3":"MHL","GEOU_DIF":0,"GEOUNIT":"Marshall Islands","GU_A3":"MHL","SU_DIF":0,"SUBUNIT":"Marshall Islands","SU_A3":"MHL","BRK_DIFF":0,"NAME":"Marshall Is.","NAME_LONG":"Marshall Islands","BRK_A3":"MHL","BRK_NAME":"Marshall Is.","BRK_GROUP":null,"ABBREV":"M. Is.","POSTAL":"MH","FORMAL_EN":"Republic of the Marshall Islands","FORMAL_FR":null,"NAME_CIAWF":"Marshall Islands","NOTE_ADM0":null,"NOTE_BRK":null,"NAME_SORT":"Marshall Islands","NAME_ALT":null,"MAPCOLOR7":2,"MAPCOLOR8":5,"MAPCOLOR9":5,"MAPCOLOR13":3,"POP_EST":58791,"POP_RANK":8,"POP_YEAR":2019,"GDP_MD":221,"GDP_YEAR":2018,"ECONOMY":"6. Developing region","INCOME_GRP":"4. Lower middle income","FIPS_10":"RM","ISO_A2":"MH","ISO_A2_EH":"MH","ISO_A3":"MHL","ISO_A3_EH":"MHL","ISO_N3":"584","ISO_N3_EH":"584","UN_A3":"584","WB_A2":"MH","WB_A3":"MHL","WOE_ID":23424932,"WOE_ID_EH":23424932,"WOE_NOTE":"Exact WOE match as country","ADM0_ISO":"MHL","ADM0_DIFF":null,"ADM0_TLC":"MHL","ADM0_A3_US":"MHL","ADM0_A3_FR":"MHL","ADM0_A3_RU":"MHL","ADM0_A3_ES":"MHL","ADM0_A3_CN":"MHL","ADM0_A3_TW":"MHL","ADM0_A3_IN":"MHL","ADM0_A3_NP":"MHL","ADM0_A3_PK":"MHL","ADM0_A3_DE":"MHL","ADM0_A3_GB":"MHL","ADM0_A3_BR":"MHL","ADM0_A3_IL":"MHL","ADM0_A3_PS":"MHL","ADM0_A3_SA":"MHL","ADM0_A3_EG":"MHL","ADM0_A3_MA":"MHL","ADM0_A3_PT":"MHL","ADM0_A3_AR":"MHL","ADM0_A3_JP":"MHL","ADM0_A3_KO":"MHL","ADM0_A3_VN":"MHL","ADM0_A3_TR":"MHL","ADM0_A3_ID":"MHL","ADM0_A3_PL":"MHL","ADM0_A3_GR":"MHL","ADM0_A3_IT":"MHL","ADM0_A3_NL":"MHL","ADM0_A3_SE":"MHL","ADM0_A3_BD":"MHL","ADM0_A3_UA":"MHL","ADM0_A3_UN":-99,"ADM0_A3_WB":-99,"CONTINENT":"Oceania","REGION_UN":"Oceania","SUBREGION":"Micronesia","REGION_WB":"East Asia & Pacific","NAME_LEN":12,"LONG_LEN":16,"ABBREV_LEN":6,"TINY":2,"HOMEPART":1,"MIN_ZOOM":0,"MIN_LABEL":5,"MAX_LABEL":10,"LABEL_X":171.193609,"LABEL_Y":7.082568,"NE_ID":1159321057,"WIKIDATAID":"Q709","NAME_AR":"جزر مارشال","NAME_BN":"মার্শাল দ্বীপপুঞ্জ","NAME_DE":"Marshallinseln","NAME_EN":"Marshall Islands","NAME_ES":"Islas Marshall","NAME_FA":"جزایر مارشال","NAME_FR":"Îles Marshall","NAME_EL":"Νησιά Μάρσαλ","NAME_HE":"איי מרשל","NAME_HI":"मार्शल द्वीपसमूह","NAME_HU":"Marshall-szigetek","NAME_ID":"Kepulauan Marshall","NAME_IT":"Isole Marshall","NAME_JA":"マーシャル諸島","NAME_KO":"마셜 제도","NAME_NL":"Marshalleilanden","NAME_PL":"Wyspy Marshalla","NAME_PT":"Ilhas Marshall","NAME_RU":"Маршалловы Острова","NAME_SV":"Marshallöarna","NAME_TR":"Marshall Adaları","NAME_UK":"Маршаллові Острови","NAME_UR":"جزائر مارشل","NAME_VI":"Quần đảo Marshall","NAME_ZH":"马绍尔群岛","NAME_ZHT":"馬紹爾群島","FCLASS_ISO":"Admin-0 country","TLC_DIFF":null,"FCLASS_TLC":"Admin-0 country","FCLASS_US":null,"FCLASS_FR":null,"FCLASS_RU":null,"FCLASS_ES":null,"FCLASS_CN":null,"FCLASS_TW":null,"FCLASS_IN":null,"FCLASS_NP":null,"FCLASS_PK":null,"FCLASS_DE":null,"FCLASS_GB":null,"FCLASS_BR":null,"FCLASS_IL":null,"FCLASS_PS":null,"FCLASS_SA":null,"FCLASS_EG":null,"FCLASS_MA":null,"FCLASS_PT":null,"FCLASS_AR":null,"FCLASS_JP":null,"FCLASS_KO":null,"FCLASS_VN":null,"FCLASS_TR":null,"FCLASS_ID":null,"FCLASS_PL":null,"FCLASS_GR":null,"FCLASS_IT":null,"FCLASS_NL":null,"FCLASS_SE":null,"FCLASS_BD":null,"FCLASS_UA":null},"geometry":{"type":"MultiPolygon","coordinates":[[],[],[],[],[]]}},{"type":"Feature","bbox":[145.152148,14.111328,145.835449,18.806787],"properties":{"featurecla":"Admin-0 country","scalerank":3,"LABELRANK":6,"SOVEREIGNT":"United States of America","SOV_A3":"US1","ADM0_DIF":1,"LEVEL":2,"TYPE":"Dependency","TLC":"1","ADMIN":"Northern Mariana Islands","ADM0_A3":"MNP","GEOU_DIF":0,"GEOUNIT":"Northern Mariana Islands","GU_A3":"MNP","SU_DIF":0,"SUBUNIT":"Northern Mariana Islands","SU_A3":"MNP","BRK_DIFF":0,"NAME":"N. Mariana Is.","NAME_LONG":"Northern Mariana Islands","BRK_A3":"MNP","BRK_NAME":"N. Mariana Is.","BRK_GROUP":null,"ABBREV":"N.M.I.","POSTAL":"MP","FORMAL_EN":"Commonwealth of the Northern Mariana Islands","FORMAL_FR":null,"NAME_CIAWF":"Northern Mariana Islands","NOTE_ADM0":"U.S.A.","NOTE_BRK":null,"NAME_SORT":"Northern Mariana Islands","NAME_ALT":null,"MAPCOLOR7":4,"MAPCOLOR8":5,"MAPCOLOR9":1,"MAPCOLOR13":1,"POP_EST":57216,"POP_RANK":8,"POP_YEAR":2019,"GDP_MD":1323,"GDP_YEAR":2018,"ECONOMY":"6. Developing region","INCOME_GRP":"2. High income: nonOECD","FIPS_10":"CQ","ISO_A2":"MP","ISO_A2_EH":"MP","ISO_A3":"MNP","ISO_A3_EH":"MNP","ISO_N3":"580","ISO_N3_EH":"580","UN_A3":"580","WB_A2":"MP","WB_A3":"MNP","WOE_ID":23424788,"WOE_ID_EH":23424788,"WOE_NOTE":"Exact WOE match as country","ADM0_ISO":"MNP","ADM0_DIFF":null,"ADM0_TLC":"MNP","ADM0_A3_US":"MNP","ADM0_A3_FR":"MNP","ADM0_A3_RU":"MNP","ADM0_A3_ES":"MNP","ADM0_A3_CN":"MNP","ADM0_A3_TW":"MNP","ADM0_A3_IN":"MNP","ADM0_A3_NP":"MNP","ADM0_A3_PK":"MNP","ADM0_A3_DE":"MNP","ADM0_A3_GB":"MNP","ADM0_A3_BR":"MNP","ADM0_A3_IL":"MNP","ADM0_A3_PS":"MNP","ADM0_A3_SA":"MNP","ADM0_A3_EG":"MNP","ADM0_A3_MA":"MNP","ADM0_A3_PT":"MNP","ADM0_A3_AR":"MNP","ADM0_A3_JP":"MNP","ADM0_A3_KO":"MNP","ADM0_A3_VN":"MNP","ADM0_A3_TR":"MNP","ADM0_A3_ID":"MNP","ADM0_A3_PL":"MNP","ADM0_A3_GR":"MNP","ADM0_A3_IT":"MNP","ADM0_A3_NL":"MNP","ADM0_A3_SE":"MNP","ADM0_A3_BD":"MNP","ADM0_A3_UA":"MNP","ADM0_A3_UN":-99,"ADM0_A3_WB":-99,"CONTINENT":"Oceania","REGION_UN":"Oceania","SUBREGION":"Micronesia","REGION_WB":"East Asia & Pacific","NAME_LEN":14,"LONG_LEN":24,"ABBREV_LEN":6,"TINY":3,"HOMEPART":-99,"MIN_ZOOM":0,"MIN_LABEL":5,"MAX_LABEL":10,"LABEL_X":145.734397,"LABEL_Y":15.188188,"NE_ID":1159321361,"WIKIDATAID":"Q16644","NAME_AR":"جزر ماريانا الشمالية","NAME_BN":"উত্তর মারিয়ানা দ্বীপপুঞ্জ","NAME_DE":"Nördliche Marianen","NAME_EN":"Northern Mariana Islands","NAME_ES":"Islas Marianas del Norte","NAME_FA":"جزایر ماریانای شمالی","NAME_FR":"îles Mariannes du Nord","NAME_EL":"Βόρειες Μαριάνες Νήσοι","NAME_HE":"איי מריאנה הצפוניים","NAME_HI":"उत्तरी मारियाना द्वीप","NAME_HU":"Északi-Mariana-szigetek","NAME_ID":"Kepulauan Mariana Utara","NAME_IT":"Isole Marianne Settentrionali","NAME_JA":"北マリアナ諸島","NAME_KO":"북마리아나 제도","NAME_NL":"Noordelijke Marianen","NAME_PL":"Mariany Północne","NAME_PT":"Ilhas Marianas do Norte","NAME_RU":"Северные Марианские острова","NAME_SV":"Nordmarianerna","NAME_TR":"Kuzey Mariana Adaları","NAME_UK":"Північні Маріанські острови","NAME_UR":"جزائر شمالی ماریانا","NAME_VI":"Quần đảo Bắc Mariana","NAME_ZH":"北马里亚纳群岛","NAME_ZHT":"北馬里亞納群島","FCLASS_ISO":"Admin-0 dependency","TLC_DIFF":null,"FCLASS_TLC":"Admin-0 dependency","FCLASS_US":null,"FCLASS_FR":null,"FCLASS_RU":null,"FCLASS_ES":null,"FCLASS_CN":null,"FCLASS_TW":null,"FCLASS_IN":null,"FCLASS_NP":null,"FCLASS_PK":null,"FCLASS_DE":null,"FCLASS_GB":null,"FCLASS_BR":null,"FCLASS_IL":null,"FCLASS_PS":null,"FCLASS_SA":null,"FCLASS_EG":null,"FCLASS_MA":null,"FCLASS_PT":null,"FCLASS_AR":null,"FCLASS_JP":null,"FCLASS_KO":null,"FCLASS_VN":null,"FCLASS_TR":null,"FCLASS_ID":null,"FCLASS_PL":null,"FCLASS_GR":null,"FCLASS_IT":null,"FCLASS_NL":null,"FCLASS_SE":null,"FCLASS_BD":null,"FCLASS_UA":null},"geometry":{"type":"MultiPolygon","coordinates":[[],[],[],[],[],[]]}},{"type":"Feature","bbox":[-65.023633,17.701709,-64.580469,18.385205],"properties":{"featurecla":"Admin-0 country","scalerank":3,"LABELRANK":6,"SOVEREIGNT":"United States of America","SOV_A3":"US1","ADM0_DIF":1,"LEVEL":2,"TYPE":"Dependency","TLC":"1","ADMIN":"United States Virgin Islands","ADM0_A3":"VIR","GEOU_DIF":0,"GEOUNIT":"United States Virgin Islands","GU_A3":"VIR","SU_DIF":0,"SUBUNIT":"United States Virgin Islands","SU_A3":"VIR","BRK_DIFF":0,"NAME":"U.S. Virgin Is.","NAME_LONG":"United States Virgin Islands","BRK_A3":"VIR","BRK_NAME":"U.S. Virgin Is.","BRK_GROUP":null,"ABBREV":"V.I. (U.S.)","POSTAL":"VI","FORMAL_EN":"Virgin Islands of the United States","FORMAL_FR":null,"NAME_CIAWF":"Virgin Islands","NOTE_ADM0":"U.S.A.","NOTE_BRK":null,"NAME_SORT":"Virgin Islands (U.S.)","NAME_ALT":null,"MAPCOLOR7":4,"MAPCOLOR8":5,"MAPCOLOR9":1,"MAPCOLOR13":1,"POP_EST":106631,"POP_RANK":9,"POP_YEAR":2019,"GDP_MD":3855,"GDP_YEAR":2017,"ECONOMY":"6. Developing region","INCOME_GRP":"2. High income: nonOECD","FIPS_10":"VQ","ISO_A2":"VI","ISO_A2_EH":"VI","ISO_A3":"VIR","ISO_A3_EH":"VIR","ISO_N3":"850","ISO_N3_EH":"850","UN_A3":"850","WB_A2":"VI","WB_A3":"VIR","WOE_ID":23424985,"WOE_ID_EH":23424985,"WOE_NOTE":"Exact WOE match as country","ADM0_ISO":"VIR","ADM0_DIFF":null,"ADM0_TLC":"VIR","ADM0_A3_US":"VIR","ADM0_A3_FR":"VIR","ADM0_A3_RU":"VIR","ADM0_A3_ES":"VIR","ADM0_A3_CN":"VIR","ADM0_A3_TW":"VIR","ADM0_A3_IN":"VIR","ADM0_A3_NP":"VIR","ADM0_A3_PK":"VIR","ADM0_A3_DE":"VIR","ADM0_A3_GB":"VIR","ADM0_A3_BR":"VIR","ADM0_A3_IL":"VIR","ADM0_A3_PS":"VIR","ADM0_A3_SA":"VIR","ADM0_A3_EG":"VIR","ADM0_A3_MA":"VIR","ADM0_A3_PT":"VIR","ADM0_A3_AR":"VIR","ADM0_A3_JP":"VIR","ADM0_A3_KO":"VIR","ADM0_A3_VN":"VIR","ADM0_A3_TR":"VIR","ADM0_A3_ID":"VIR","ADM0_A3_PL":"VIR","ADM0_A3_GR":"VIR","ADM0_A3_IT":"VIR","ADM0_A3_NL":"VIR","ADM0_A3_SE":"VIR","ADM0_A3_BD":"VIR","ADM0_A3_UA":"VIR","ADM0_A3_UN":-99,"ADM0_A3_WB":-99,"CONTINENT":"North America","REGION_UN":"Americas","SUBREGION":"Caribbean","REGION_WB":"Latin America & Caribbean","NAME_LEN":15,"LONG_LEN":28,"ABBREV_LEN":11,"TINY":3,"HOMEPART":-99,"MIN_ZOOM":0,"MIN_LABEL":5,"MAX_LABEL":10,"LABEL_X":-64.779172,"LABEL_Y":17.746706,"NE_ID":1159321371,"WIKIDATAID":"Q11703","NAME_AR":"جزر العذراء الأمريكية","NAME_BN":"মার্কিন ভার্জিন দ্বীপপুঞ্জ","NAME_DE":"Amerikanische Jungferninseln","NAME_EN":"United States Virgin Islands","NAME_ES":"Islas Vírgenes de los Estados Unidos","NAME_FA":"جزایر ویرجین ایالات متحده","NAME_FR":"îles Vierges des États-Unis","NAME_EL":"Αμερικανικές Παρθένοι Νήσοι","NAME_HE":"איי הבתולה של ארצות הברית","NAME_HI":"संयुक्त राज्य वर्जिन द्वीपसमूह","NAME_HU":"Amerikai Virgin-szigetek","NAME_ID":"Kepulauan Virgin Amerika Serikat","NAME_IT":"Isole Vergini americane","NAME_JA":"アメリカ領ヴァージン諸島","NAME_KO":"미국령 버진아일랜드","NAME_NL":"Amerikaanse Maagdeneilanden","NAME_PL":"Wyspy Dziewicze Stanów Zjednoczonych","NAME_PT":"Ilhas Virgens Americanas","NAME_RU":"Американские Виргинские острова","NAME_SV":"Amerikanska Jungfruöarna","NAME_TR":"ABD Virjin Adaları","NAME_UK":"Американські Віргінські Острови","NAME_UR":"امریکی جزائر ورجن","NAME_VI":"Quần đảo Virgin thuộc Mỹ","NAME_ZH":"美属维尔京群岛","NAME_ZHT":"美屬維京群島","FCLASS_ISO":"Admin-0 dependency","TLC_DIFF":null,"FCLASS_TLC":"Admin-0 dependency","FCLASS_US":null,"FCLASS_FR":null,"FCLASS_RU":null,"FCLASS_ES":null,"FCLASS_CN":null,"FCLASS_TW":null,"FCLASS_IN":null,"FCLASS_NP":null,"FCLASS_PK":null,"FCLASS_DE":null,"FCLASS_GB":null,"FCLASS_BR":null,"FCLASS_IL":null,"FCLASS_PS":null,"FCLASS_SA":null,"FCLASS_EG":null,"FCLASS_MA":null,"FCLASS_PT":null,"FCLASS_AR":null,"FCLASS_JP":null,"FCLASS_KO":null,"FCLASS_VN":null,"FCLASS_TR":null,"FCLASS_ID":null,"FCLASS_PL":null,"FCLASS_GR":null,"FCLASS_IT":null,"FCLASS_NL":null,"FCLASS_SE":null,"FCLASS_BD":null,"FCLASS_UA":null},"geometry":{"type":"MultiPolygon","coordinates":[[],[],[]]}},{"type":"Feature","bbox":[-67.937061,17.947266,-65.294873,18.522168],"properties":{"featurecla":"Admin-0 country","scalerank":1,"LABELRANK":5,"SOVEREIGNT":"United States of America","SOV_A3":"US1","ADM0_DIF":1,"LEVEL":2,"TYPE":"Dependency","TLC":"1","ADMIN":"Puerto Rico","ADM0_A3":"PRI","GEOU_DIF":0,"GEOUNIT":"Puerto Rico","GU_A3":"PRI","SU_DIF":0,"SUBUNIT":"Puerto Rico","SU_A3":"PRI","BRK_DIFF":0,"NAME":"Puerto Rico","NAME_LONG":"Puerto Rico","BRK_A3":"PRI","BRK_NAME":"Puerto Rico","BRK_GROUP":null,"ABBREV":"P.R.","POSTAL":"PR","FORMAL_EN":"Commonwealth of Puerto Rico","FORMAL_FR":null,"NAME_CIAWF":"Puerto Rico","NOTE_ADM0":"U.S.A.","NOTE_BRK":null,"NAME_SORT":"Puerto Rico","NAME_ALT":null,"MAPCOLOR7":4,"MAPCOLOR8":5,"MAPCOLOR9":1,"MAPCOLOR13":1,"POP_EST":3193694,"POP_RANK":12,"POP_YEAR":2019,"GDP_MD":104988,"GDP_YEAR":2019,"ECONOMY":"6. Developing region","INCOME_GRP":"2. High income: nonOECD","FIPS_10":"RQ","ISO_A2":"PR","ISO_A2_EH":"PR","ISO_A3":"PRI","ISO_A3_EH":"PRI","ISO_N3":"630","ISO_N3_EH":"630","UN_A3":"630","WB_A2":"PR","WB_A3":"PRI","WOE_ID":23424935,"WOE_ID_EH":23424935,"WOE_NOTE":"Exact WOE match as country","ADM0_ISO":"PRI","ADM0_DIFF":null,"ADM0_TLC":"PRI","ADM0_A3_US":"PRI","ADM0_A3_FR":"PRI","ADM0_A3_RU":"PRI","ADM0_A3_ES":"PRI","ADM0_A3_CN":"PRI","ADM0_A3_TW":"PRI","ADM0_A3_IN":"PRI","ADM0_A3_NP":"PRI","ADM0_A3_PK":"PRI","ADM0_A3_DE":"PRI","ADM0_A3_GB":"PRI","ADM0_A3_BR":"PRI","ADM0_A3_IL":"PRI","ADM0_A3_PS":"PRI","ADM0_A3_SA":"PRI","ADM0_A3_EG":"PRI","ADM0_A3_MA":"PRI","ADM0_A3_PT":"PRI","ADM0_A3_AR":"PRI","ADM0_A3_JP":"PRI","ADM0_A3_KO":"PRI","ADM0_A3_VN":"PRI","ADM0_A3_TR":"PRI","ADM0_A3_ID":"PRI","ADM0_A3_PL":"PRI","ADM0_A3_GR":"PRI","ADM0_A3_IT":"PRI","ADM0_A3_NL":"PRI","ADM0_A3_SE":"PRI","ADM0_A3_BD":"PRI","ADM0_A3_UA":"PRI","ADM0_A3_UN":-99,"ADM0_A3_WB":-99,"CONTINENT":"North America","REGION_UN":"Americas","SUBREGION":"Caribbean","REGION_WB":"Latin America & Caribbean","NAME_LEN":11,"LONG_LEN":11,"ABBREV_LEN":4,"TINY":-99,"HOMEPART":-99,"MIN_ZOOM":0,"MIN_LABEL":3,"MAX_LABEL":8,"LABEL_X":-66.481065,"LABEL_Y":18.234668,"NE_ID":1159321363,"WIKIDATAID":"Q1183","NAME_AR":"بورتوريكو","NAME_BN":"পুয়ের্তো রিকো","NAME_DE":"Puerto Rico","NAME_EN":"Puerto Rico","NAME_ES":"Puerto Rico","NAME_FA":"پورتوریکو","NAME_FR":"Porto Rico","NAME_EL":"Πουέρτο Ρίκο","NAME_HE":"פוארטו ריקו","NAME_HI":"पोर्टो रीको","NAME_HU":"Puerto Rico","NAME_ID":"Puerto Riko","NAME_IT":"Porto Rico","NAME_JA":"プエルトリコ","NAME_KO":"푸에르토리코","NAME_NL":"Puerto Rico","NAME_PL":"Portoryko","NAME_PT":"Porto Rico","NAME_RU":"Пуэрто-Рико","NAME_SV":"Puerto Rico","NAME_TR":"Porto Riko","NAME_UK":"Пуерто-Рико","NAME_UR":"پورٹو ریکو","NAME_VI":"Puerto Rico","NAME_ZH":"波多黎各","NAME_ZHT":"波多黎各","FCLASS_ISO":"Admin-0 dependency","TLC_DIFF":null,"FCLASS_TLC":"Admin-0 dependency","FCLASS_US":null,"FCLASS_FR":null,"FCLASS_RU":null,"FCLASS_ES":null,"FCLASS_CN":null,"FCLASS_TW":null,"FCLASS_IN":null,"FCLASS_NP":null,"FCLASS_PK":null,"FCLASS_DE":null,"FCLASS_GB":null,"FCLASS_BR":null,"FCLASS_IL":null,"FCLASS_PS":null,"FCLASS_SA":null,"FCLASS_EG":null,"FCLASS_MA":null,"FCLASS_PT":null,"FCLASS_AR":null,"FCLASS_JP":null,"FCLASS_KO":null,"FCLASS_VN":null,"FCLASS_TR":null,"FCLASS_ID":null,"FCLASS_PL":null,"FCLASS_GR":null,"FCLASS_IT":null,"FCLASS_NL":null,"FCLASS_SE":null,"FCLASS_BD":null,"FCLASS_UA":null},"geometry":{"type":"MultiPolygon","coordinates":[[],[],[]]}},{"type":"Feature","bbox":[-178.194531,18.963916,179.77998,71.407666],"properties":{"featurecla":"Admin-0 country","scalerank":5,"LABELRANK":2,"SOVEREIGNT":"United States of America","SOV_A3":"US1","ADM0_DIF":1,"LEVEL":2,"TYPE":"Country","TLC":"1","ADMIN":"United States of America","ADM0_A3":"USA","GEOU_DIF":0,"GEOUNIT":"United States of America","GU_A3":"USA","SU_DIF":0,"SUBUNIT":"United States","SU_A3":"USA","BRK_DIFF":0,"NAME":"United States of America","NAME_LONG":"United States","BRK_A3":"USA","BRK_NAME":"United States","BRK_GROUP":null,"ABBREV":"U.S.A.","POSTAL":"US","FORMAL_EN":"United States of America","FORMAL_FR":null,"NAME_CIAWF":"United States","NOTE_ADM0":null,"NOTE_BRK":null,"NAME_SORT":"United States of America","NAME_ALT":null,"MAPCOLOR7":4,"MAPCOLOR8":5,"MAPCOLOR9":1,"MAPCOLOR13":1,"POP_EST":328239523,"POP_RANK":17,"POP_YEAR":2019,"GDP_MD":21433226,"GDP_YEAR":2019,"ECONOMY":"1. Developed region: G7","INCOME_GRP":"1. High income: OECD","FIPS_10":"US","ISO_A2":"US","ISO_A2_EH":"US","ISO_A3":"USA","ISO_A3_EH":"USA","ISO_N3":"840","ISO_N3_EH":"840","UN_A3":"840","WB_A2":"US","WB_A3":"USA","WOE_ID":23424977,"WOE_ID_EH":23424977,"WOE_NOTE":"Exact WOE match as country","ADM0_ISO":"USA","ADM0_DIFF":null,"ADM0_TLC":"USA","ADM0_A3_US":"USA","ADM0_A3_FR":"USA","ADM0_A3_RU":"USA","ADM0_A3_ES":"USA","ADM0_A3_CN":"USA","ADM0_A3_TW":"USA","ADM0_A3_IN":"USA","ADM0_A3_NP":"USA","ADM0_A3_PK":"USA","ADM0_A3_DE":"USA","ADM0_A3_GB":"USA","ADM0_A3_BR":"USA","ADM0_A3_IL":"USA","ADM0_A3_PS":"USA","ADM0_A3_SA":"USA","ADM0_A3_EG":"USA","ADM0_A3_MA":"USA","ADM0_A3_PT":"USA","ADM0_A3_AR":"USA","ADM0_A3_JP":"USA","ADM0_A3_KO":"USA","ADM0_A3_VN":"USA","ADM0_A3_TR":"USA","ADM0_A3_ID":"USA","ADM0_A3_PL":"USA","ADM0_A3_GR":"USA","ADM0_A3_IT":"USA","ADM0_A3_NL":"USA","ADM0_A3_SE":"USA","ADM0_A3_BD":"USA","ADM0_A3_UA":"USA","ADM0_A3_UN":-99,"ADM0_A3_WB":-99,"CONTINENT":"North America","REGION_UN":"Americas","SUBREGION":"Northern America","REGION_WB":"North America","NAME_LEN":24,"LONG_LEN":13,"ABBREV_LEN":6,"TINY":-99,"HOMEPART":1,"MIN_ZOOM":0,"MIN_LABEL":1.7,"MAX_LABEL":5.7,"LABEL_X":-97.482602,"LABEL_Y":39.538479,"NE_ID":1159321369,"WIKIDATAID":"Q30","NAME_AR":"الولايات المتحدة","NAME_BN":"মার্কিন যুক্তরাষ্ট্র","NAME_DE":"Vereinigte Staaten","NAME_EN":"United States of America","NAME_ES":"Estados Unidos","NAME_FA":"ایالات متحده آمریکا","NAME_FR":"États-Unis","NAME_EL":"Ηνωμένες Πολιτείες Αμερικής","NAME_HE":"ארצות הברית","NAME_HI":"संयुक्त राज्य अमेरिका","NAME_HU":"Amerikai Egyesült Államok","NAME_ID":"Amerika Serikat","NAME_IT":"Stati Uniti d'America","NAME_JA":"アメリカ合衆国","NAME_KO":"미국","NAME_NL":"Verenigde Staten van Amerika","NAME_PL":"Stany Zjednoczone","NAME_PT":"Estados Unidos","NAME_RU":"США","NAME_SV":"USA","NAME_TR":"Amerika Birleşik Devletleri","NAME_UK":"Сполучені Штати Америки","NAME_UR":"ریاستہائے متحدہ امریکا","NAME_VI":"Hoa Kỳ","NAME_ZH":"美国","NAME_ZHT":"美國","FCLASS_ISO":"Admin-0 country","TLC_DIFF":null,"FCLASS_TLC":"Admin-0 country","FCLASS_US":null,"FCLASS_FR":null,"FCLASS_RU":null,"FCLASS_ES":null,"FCLASS_CN":null,"FCLASS_TW":null,"FCLASS_IN":null,"FCLASS_NP":null,"FCLASS_PK":null,"FCLASS_DE":null,"FCLASS_GB":null,"FCLASS_BR":null,"FCLASS_IL":null,"FCLASS_PS":null,"FCLASS_SA":null,"FCLASS_EG":null,"FCLASS_MA":null,"FCLASS_PT":null,"FCLASS_AR":null,"FCLASS_JP":null,"FCLASS_KO":null,"FCLASS_VN":null,"FCLASS_TR":null,"FCLASS_ID":null,"FCLASS_PL":null,"FCLASS_GR":null,"FCLASS_IT":null,"FCLASS_NL":null,"FCLASS_SE":null,"FCLASS_BD":null,"FCLASS_UA":null},"geometry":{"type":"MultiPolygon","coordinates":[[],[],[],[],[],[],[],[],[],[],[],[],[],[],[],[],[],[],[],[],[],[],[],[],[],[],[],[],[],[],[],[],[],[],[],[],[],[],[],[],[],[],[],[],[],[],[],[],[],[],[],[],[],[],[],[],[],[],[],[],[],[],[],[],[],[],[],[],[],[],[],[],[],[],[],[],[],[],[],[],[],[],[],[],[],[],[],[],[],[],[],[],[],[],[],[],[],[],[],[],[],[],[],[],[],[],[],[],[],[],[],[],[],[],[],[],[],[],[],[],[],[],[],[],[],[],[]]}},{"type":"Feature","bbox":[-38.017432,-58.492285,-26.259863,-53.984082],"properties":{"featurecla":"Admin-0 country","scalerank":3,"LABELRANK":4,"SOVEREIGNT":"United Kingdom","SOV_A3":"GB1","ADM0_DIF":1,"LEVEL":2,"TYPE":"Dependency","TLC":"1","ADMIN":"South Georgia and the Islands","ADM0_A3":"SGS","GEOU_DIF":0,"GEOUNIT":"South Georgia and the Islands","GU_A3":"SGS","SU_DIF":0,"SUBUNIT":"South Georgia and the Islands","SU_A3":"SGS","BRK_DIFF":0,"NAME":"S. Geo. and the Is.","NAME_LONG":"South Georgia and the Islands","BRK_A3":"SGS","BRK_NAME":"S. Geo. and the Is.","BRK_GROUP":null,"ABBREV":"S.G. & Is.","POSTAL":"GS","FORMAL_EN":"South Georgia and the Islands","FORMAL_FR":null,"NAME_CIAWF":null,"NOTE_ADM0":"U.K.","NOTE_BRK":null,"NAME_SORT":"South Georgia and the Islands","NAME_ALT":null,"MAPCOLOR7":6,"MAPCOLOR8":6,"MAPCOLOR9":6,"MAPCOLOR13":3,"POP_EST":30,"POP_RANK":1,"POP_YEAR":2017,"GDP_MD":0,"GDP_YEAR":2016,"ECONOMY":"7. Least developed region","INCOME_GRP":"5. Low income","FIPS_10":"SX","ISO_A2":"GS","ISO_A2_EH":"GS","ISO_A3":"SGS","ISO_A3_EH":"SGS","ISO_N3":"239","ISO_N3_EH":"239","UN_A3":"-099","WB_A2":"-99","WB_A3":"-99","WOE_ID":23424955,"WOE_ID_EH":23424955,"WOE_NOTE":"Exact WOE match as country","ADM0_ISO":"SGS","ADM0_DIFF":null,"ADM0_TLC":"SGS","ADM0_A3_US":"SGS","ADM0_A3_FR":"SGS","ADM0_A3_RU":"SGS","ADM0_A3_ES":"SGS","ADM0_A3_CN":"SGS","ADM0_A3_TW":"SGS","ADM0_A3_IN":"SGS","ADM0_A3_NP":"SGS","ADM0_A3_PK":"SGS","ADM0_A3_DE":"SGS","ADM0_A3_GB":"SGS","ADM0_A3_BR":"SGS","ADM0_A3_IL":"SGS","ADM0_A3_PS":"SGS","ADM0_A3_SA":"SGS","ADM0_A3_EG":"SGS","ADM0_A3_MA":"SGS","ADM0_A3_PT":"SGS","ADM0_A3_AR":"SGS","ADM0_A3_JP":"SGS","ADM0_A3_KO":"SGS","ADM0_A3_VN":"SGS","ADM0_A3_TR":"SGS","ADM0_A3_ID":"SGS","ADM0_A3_PL":"SGS","ADM0_A3_GR":"SGS","ADM0_A3_IT":"SGS","ADM0_A3_NL":"SGS","ADM0_A3_SE":"SGS","ADM0_A3_BD":"SGS","ADM0_A3_UA":"SGS","ADM0_A3_UN":-99,"ADM0_A3_WB":-99,"CONTINENT":"Seven seas (open ocean)","REGION_UN":"Americas","SUBREGION":"Seven seas (open ocean)","REGION_WB":"Antarctica","NAME_LEN":19,"LONG_LEN":29,"ABBREV_LEN":10,"TINY":3,"HOMEPART":-99,"MIN_ZOOM":0,"MIN_LABEL":5,"MAX_LABEL":9,"LABEL_X":-31.063179,"LABEL_Y":-55.683402,"NE_ID":1159320731,"WIKIDATAID":"Q35086","NAME_AR":"جورجيا الجنوبية وجزر ساندويتش الجنوبية","NAME_BN":"দক্ষিণ জর্জিয়া ও দক্ষিণ স্যন্ডউইচ দ্বীপপুঞ্জ","NAME_DE":"Südgeorgien und die Südlichen Sandwichinseln","NAME_EN":"South Georgia and the South Sandwich Islands","NAME_ES":"Islas Georgias del Sur y Sandwich del Sur","NAME_FA":"جزایر جورجیای جنوبی و ساندویچ جنوبی","NAME_FR":"Géorgie du Sud-et-les Îles Sandwich du Sud","NAME_EL":"Νήσοι Νότια Γεωργία και Νότιες Σάντουιτς","NAME_HE":"איי ג'ורג'יה הדרומית ואיי סנדוויץ' הדרומיים","NAME_HI":"दक्षिण जॉर्जिया एवं दक्षिण सैंडविच द्वीप समूह","NAME_HU":"Déli-Georgia és Déli-Sandwich-szigetek","NAME_ID":"Georgia Selatan dan Kepulauan Sandwich Selatan","NAME_IT":"Georgia del Sud e isole Sandwich meridionali","NAME_JA":"サウスジョージア・サウスサンドウィッチ諸島","NAME_KO":"사우스조지아 사우스샌드위치 제도","NAME_NL":"Zuid-Georgia en de Zuidelijke Sandwicheilanden","NAME_PL":"Georgia Południowa i Sandwich Południowy","NAME_PT":"Ilhas Geórgia do Sul e Sandwich do Sul","NAME_RU":"Южная Георгия и Южные Сандвичевы острова","NAME_SV":"Sydgeorgien och Sydsandwichöarna","NAME_TR":"Güney Georgia ve Güney Sandwich Adaları","NAME_UK":"Південна Джорджія та Південні Сандвічеві острови","NAME_UR":"جنوبی جارجیا و جزائر جنوبی سینڈوچ","NAME_VI":"Nam Georgia và Quần đảo Nam Sandwich","NAME_ZH":"南乔治亚和南桑威奇群岛","NAME_ZHT":"南喬治亞與南桑威奇","FCLASS_ISO":"Admin-0 dependency","TLC_DIFF":null,"FCLASS_TLC":"Admin-0 dependency","FCLASS_US":null,"FCLASS_FR":null,"FCLASS_RU":null,"FCLASS_ES":null,"FCLASS_CN":null,"FCLASS_TW":null,"FCLASS_IN":null,"FCLASS_NP":null,"FCLASS_PK":null,"FCLASS_DE":null,"FCLASS_GB":null,"FCLASS_BR":null,"FCLASS_IL":null,"FCLASS_PS":null,"FCLASS_SA":null,"FCLASS_EG":null,"FCLASS_MA":null,"FCLASS_PT":null,"FCLASS_AR":"Unrecognized","FCLASS_JP":null,"FCLASS_KO":null,"FCLASS_VN":null,"FCLASS_TR":null,"FCLASS_ID":null,"FCLASS_PL":null,"FCLASS_GR":null,"FCLASS_IT":null,"FCLASS_NL":null,"FCLASS_SE":null,"FCLASS_BD":null,"FCLASS_UA":null},"geometry":{"type":"MultiPolygon","coordinates":[[],[]]}},{"type":"Feature","bbox":[-14.414941,-16.004004,-5.659717,-7.882617],"properties":{"featurecla":"Admin-0 country","scalerank":3,"LABELRANK":6,"SOVEREIGNT":"United Kingdom","SOV_A3":"GB1","ADM0_DIF":1,"LEVEL":2,"TYPE":"Dependency","TLC":"1","ADMIN":"Saint Helena","ADM0_A3":"SHN","GEOU_DIF":0,"GEOUNIT":"Saint Helena","GU_A3":"SHN","SU_DIF":0,"SUBUNIT":"Saint Helena","SU_A3":"SHN","BRK_DIFF":0,"NAME":"Saint Helena","NAME_LONG":"Saint Helena","BRK_A3":"SHN","BRK_NAME":"Saint Helena","BRK_GROUP":null,"ABBREV":"St.H.","POSTAL":"SH","FORMAL_EN":null,"FORMAL_FR":null,"NAME_CIAWF":"Saint Helena, Ascension, and Tristan da Cunha","NOTE_ADM0":"U.K.","NOTE_BRK":null,"NAME_SORT":"St. Helena","NAME_ALT":null,"MAPCOLOR7":6,"MAPCOLOR8":6,"MAPCOLOR9":6,"MAPCOLOR13":3,"POP_EST":4534,"POP_RANK":4,"POP_YEAR":2016,"GDP_MD":31,"GDP_YEAR":2010,"ECONOMY":"6. Developing region","INCOME_GRP":"4. Lower middle income","FIPS_10":"SH","ISO_A2":"SH","ISO_A2_EH":"SH","ISO_A3":"SHN","ISO_A3_EH":"SHN","ISO_N3":"654","ISO_N3_EH":"654","UN_A3":"654","WB_A2":"-99","WB_A3":"-99","WOE_ID":23424944,"WOE_ID_EH":23424944,"WOE_NOTE":"Exact WOE match as country","ADM0_ISO":"SHN","ADM0_DIFF":null,"ADM0_TLC":"SHN","ADM0_A3_US":"SHN","ADM0_A3_FR":"SHN","ADM0_A3_RU":"SHN","ADM0_A3_ES":"SHN","ADM0_A3_CN":"SHN","ADM0_A3_TW":"SHN","ADM0_A3_IN":"SHN","ADM0_A3_NP":"SHN","ADM0_A3_PK":"SHN","ADM0_A3_DE":"SHN","ADM0_A3_GB":"SHN","ADM0_A3_BR":"SHN","ADM0_A3_IL":"SHN","ADM0_A3_PS":"SHN","ADM0_A3_SA":"SHN","ADM0_A3_EG":"SHN","ADM0_A3_MA":"SHN","ADM0_A3_PT":"SHN","ADM0_A3_AR":"SHN","ADM0_A3_JP":"SHN","ADM0_A3_KO":"SHN","ADM0_A3_VN":"SHN","ADM0_A3_TR":"SHN","ADM0_A3_ID":"SHN","ADM0_A3_PL":"SHN","ADM0_A3_GR":"SHN","ADM0_A3_IT":"SHN","ADM0_A3_NL":"SHN","ADM0_A3_SE":"SHN","ADM0_A3_BD":"SHN","ADM0_A3_UA":"SHN","ADM0_A3_UN":-99,"ADM0_A3_WB":-99,"CONTINENT":"Seven seas (open ocean)","REGION_UN":"Africa","SUBREGION":"Western Africa","REGION_WB":"Sub-Saharan Africa","NAME_LEN":12,"LONG_LEN":12,"ABBREV_LEN":5,"TINY":-99,"HOMEPART":-99,"MIN_ZOOM":0,"MIN_LABEL":5,"MAX_LABEL":10,"LABEL_X":-5.71262,"LABEL_Y":-15.950487,"NE_ID":1159320733,"WIKIDATAID":"Q34497","NAME_AR":"سانت هيلينا","NAME_BN":"সেন্ট হেলেনা","NAME_DE":"St. Helena","NAME_EN":"Saint Helena","NAME_ES":"Isla Santa Elena","NAME_FA":"سینت هلینا","NAME_FR":"Sainte-Hélène","NAME_EL":"Νήσος Αγίας Ελένης","NAME_HE":"סנט הלנה","NAME_HI":"सन्त हेलेना","NAME_HU":"Szent Ilona","NAME_ID":"Saint Helena","NAME_IT":"Sant'Elena","NAME_JA":"セントヘレナ","NAME_KO":"세인트헬레나","NAME_NL":"Sint-Helena","NAME_PL":"Wyspa Świętej Heleny","NAME_PT":"Santa Helena","NAME_RU":"Остров Святой Елены","NAME_SV":"Sankta Helena","NAME_TR":"Saint Helena","NAME_UK":"Острів Святої Єлени","NAME_UR":"سینٹ ہلینا","NAME_VI":"Saint Helena","NAME_ZH":"圣赫勒拿","NAME_ZHT":"聖赫勒拿","FCLASS_ISO":"Admin-0 dependency","TLC_DIFF":null,"FCLASS_TLC":"Admin-0 dependency","FCLASS_US":null,"FCLASS_FR":null,"FCLASS_RU":null,"FCLASS_ES":null,"FCLASS_CN":null,"FCLASS_TW":null,"FCLASS_IN":null,"FCLASS_NP":null,"FCLASS_PK":null,"FCLASS_DE":null,"FCLASS_GB":null,"FCLASS_BR":null,"FCLASS_IL":null,"FCLASS_PS":null,"FCLASS_SA":null,"FCLASS_EG":null,"FCLASS_MA":null,"FCLASS_PT":null,"FCLASS_AR":null,"FCLASS_JP":null,"FCLASS_KO":null,"FCLASS_VN":null,"FCLASS_TR":null,"FCLASS_ID":null,"FCLASS_PL":null,"FCLASS_GR":null,"FCLASS_IT":null,"FCLASS_NL":null,"FCLASS_SE":null,"FCLASS_BD":null,"FCLASS_UA":null},"geometry":{"type":"MultiPolygon","coordinates":[[],[]]}},{"type":"Feature","bbox":[-61.14502,-52.308008,-57.791797,-51.269922],"properties":{"featurecla":"Admin-0 country","scalerank":1,"LABELRANK":5,"SOVEREIGNT":"United Kingdom","SOV_A3":"GB1","ADM0_DIF":1,"LEVEL":2,"TYPE":"Disputed","TLC":"1","ADMIN":"Falkland Islands","ADM0_A3":"FLK","GEOU_DIF":0,"GEOUNIT":"Falkland Islands","GU_A3":"FLK","SU_DIF":0,"SUBUNIT":"Falkland Islands","SU_A3":"FLK","BRK_DIFF":1,"NAME":"Falkland Is.","NAME_LONG":"Falkland Islands / Malvinas","BRK_A3":"B12","BRK_NAME":"Falkland Is.","BRK_GROUP":null,"ABBREV":"Flk. Is.","POSTAL":"FK","FORMAL_EN":"Falkland Islands","FORMAL_FR":null,"NAME_CIAWF":"Falkland Islands (Islas Malvinas)","NOTE_ADM0":"U.K.","NOTE_BRK":"Admin. by U.K.; Claimed by Argentina","NAME_SORT":"Falkland Islands","NAME_ALT":"Islas Malvinas","MAPCOLOR7":6,"MAPCOLOR8":6,"MAPCOLOR9":6,"MAPCOLOR13":3,"POP_EST":3398,"POP_RANK":4,"POP_YEAR":2016,"GDP_MD":282,"GDP_YEAR":2012,"ECONOMY":"2. Developed region: nonG7","INCOME_GRP":"1. High income: OECD","FIPS_10":"FK","ISO_A2":"FK","ISO_A2_EH":"FK","ISO_A3":"FLK","ISO_A3_EH":"FLK","ISO_N3":"238","ISO_N3_EH":"238","UN_A3":"238","WB_A2":"-99","WB_A3":"-99","WOE_ID":23424814,"WOE_ID_EH":23424814,"WOE_NOTE":"Exact WOE match as country","ADM0_ISO":"B12","ADM0_DIFF":null,"ADM0_TLC":"B12","ADM0_A3_US":"FLK","ADM0_A3_FR":"FLK","ADM0_A3_RU":"FLK","ADM0_A3_ES":"FLK","ADM0_A3_CN":"FLK","ADM0_A3_TW":"FLK","ADM0_A3_IN":"FLK","ADM0_A3_NP":"FLK","ADM0_A3_PK":"FLK","ADM0_A3_DE":"FLK","ADM0_A3_GB":"FLK","ADM0_A3_BR":"FLK","ADM0_A3_IL":"FLK","ADM0_A3_PS":"FLK","ADM0_A3_SA":"FLK","ADM0_A3_EG":"FLK","ADM0_A3_MA":"FLK","ADM0_A3_PT":"FLK","ADM0_A3_AR":"ARG","ADM0_A3_JP":"FLK","ADM0_A3_KO":"FLK","ADM0_A3_VN":"FLK","ADM0_A3_TR":"FLK","ADM0_A3_ID":"FLK","ADM0_A3_PL":"FLK","ADM0_A3_GR":"FLK","ADM0_A3_IT":"FLK","ADM0_A3_NL":"FLK","ADM0_A3_SE":"FLK","ADM0_A3_BD":"FLK","ADM0_A3_UA":"FLK","ADM0_A3_UN":-99,"ADM0_A3_WB":-99,"CONTINENT":"South America","REGION_UN":"Americas","SUBREGION":"South America","REGION_WB":"Latin America & Caribbean","NAME_LEN":12,"LONG_LEN":27,"ABBREV_LEN":8,"TINY":-99,"HOMEPART":-99,"MIN_ZOOM":0,"MIN_LABEL":4.5,"MAX_LABEL":9,"LABEL_X":-58.738602,"LABEL_Y":-51.608913,"NE_ID":1159320711,"WIKIDATAID":"Q9648","NAME_AR":"جزر فوكلاند","NAME_BN":"ফকল্যান্ড দ্বীপপুঞ্জ","NAME_DE":"Falklandinseln","NAME_EN":"Falkland Islands","NAME_ES":"Islas Malvinas","NAME_FA":"جزایر فالکلند","NAME_FR":"îles Malouines","NAME_EL":"Νήσοι Φώκλαντ","NAME_HE":"איי פוקלנד","NAME_HI":"फ़ॉकलैंड द्वीपसमूह","NAME_HU":"Falkland-szigetek","NAME_ID":"Kepulauan Falkland","NAME_IT":"Isole Falkland","NAME_JA":"フォークランド諸島","NAME_KO":"포클랜드 제도","NAME_NL":"Falklandeilanden","NAME_PL":"Falklandy","NAME_PT":"Ilhas Malvinas","NAME_RU":"Фолклендские острова","NAME_SV":"Falklandsöarna","NAME_TR":"Falkland Adaları","NAME_UK":"Фолклендські острови","NAME_UR":"جزائر فاکلینڈ","NAME_VI":"Quần đảo Falkland","NAME_ZH":"福克兰群岛","NAME_ZHT":"福克蘭群島","FCLASS_ISO":"Admin-0 dependency","TLC_DIFF":null,"FCLASS_TLC":"Admin-0 dependency","FCLASS_US":null,"FCLASS_FR":null,"FCLASS_RU":null,"FCLASS_ES":null,"FCLASS_CN":null,"FCLASS_TW":null,"FCLASS_IN":null,"FCLASS_NP":null,"FCLASS_PK":null,"FCLASS_DE":null,"FCLASS_GB":null,"FCLASS_BR":null,"FCLASS_IL":null,"FCLASS_PS":null,"FCLASS_SA":null,"FCLASS_EG":null,"FCLASS_MA":null,"FCLASS_PT":null,"FCLASS_AR":"Unrecognized","FCLASS_JP":null,"FCLASS_KO":null,"FCLASS_VN":null,"FCLASS_TR":null,"FCLASS_ID":null,"FCLASS_PL":null,"FCLASS_GR":null,"FCLASS_IT":null,"FCLASS_NL":null,"FCLASS_SE":null,"FCLASS_BD":null,"FCLASS_UA":null},"geometry":{"type":"MultiPolygon","coordinates":[[],[],[],[],[],[]]}},{"type":"Feature","bbox":[-81.419092,19.271875,-79.742285,19.765723],"properties":{"featurecla":"Admin-0 country","scalerank":1,"LABELRANK":5,"SOVEREIGNT":"United Kingdom","SOV_A3":"GB1","ADM0_DIF":1,"LEVEL":2,"TYPE":"Dependency","TLC":"1","ADMIN":"Cayman Islands","ADM0_A3":"CYM","GEOU_DIF":0,"GEOUNIT":"Cayman Islands","GU_A3":"CYM","SU_DIF":0,"SUBUNIT":"Cayman Islands","SU_A3":"CYM","BRK_DIFF":0,"NAME":"Cayman Is.","NAME_LONG":"Cayman Islands","BRK_A3":"CYM","BRK_NAME":"Cayman Is.","BRK_GROUP":null,"ABBREV":"Cym. Is.","POSTAL":"KY","FORMAL_EN":"Cayman Islands","FORMAL_FR":null,"NAME_CIAWF":"Cayman Islands","NOTE_ADM0":"U.K.","NOTE_BRK":null,"NAME_SORT":"Cayman Islands","NAME_ALT":null,"MAPCOLOR7":6,"MAPCOLOR8":6,"MAPCOLOR9":6,"MAPCOLOR13":3,"POP_EST":64948,"POP_RANK":8,"POP_YEAR":2019,"GDP_MD":5517,"GDP_YEAR":2018,"ECONOMY":"5. Emerging region: G20","INCOME_GRP":"2. High income: nonOECD","FIPS_10":"CJ","ISO_A2":"KY","ISO_A2_EH":"KY","ISO_A3":"CYM","ISO_A3_EH":"CYM","ISO_N3":"136","ISO_N3_EH":"136","UN_A3":"136","WB_A2":"KY","WB_A3":"CYM","WOE_ID":23424783,"WOE_ID_EH":23424783,"WOE_NOTE":"Exact WOE match as country","ADM0_ISO":"CYM","ADM0_DIFF":null,"ADM0_TLC":"CYM","ADM0_A3_US":"CYM","ADM0_A3_FR":"CYM","ADM0_A3_RU":"CYM","ADM0_A3_ES":"CYM","ADM0_A3_CN":"CYM","ADM0_A3_TW":"CYM","ADM0_A3_IN":"CYM","ADM0_A3_NP":"CYM","ADM0_A3_PK":"CYM","ADM0_A3_DE":"CYM","ADM0_A3_GB":"CYM","ADM0_A3_BR":"CYM","ADM0_A3_IL":"CYM","ADM0_A3_PS":"CYM","ADM0_A3_SA":"CYM","ADM0_A3_EG":"CYM","ADM0_A3_MA":"CYM","ADM0_A3_PT":"CYM","ADM0_A3_AR":"CYM","ADM0_A3_JP":"CYM","ADM0_A3_KO":"CYM","ADM0_A3_VN":"CYM","ADM0_A3_TR":"CYM","ADM0_A3_ID":"CYM","ADM0_A3_PL":"CYM","ADM0_A3_GR":"CYM","ADM0_A3_IT":"CYM","ADM0_A3_NL":"CYM","ADM0_A3_SE":"CYM","ADM0_A3_BD":"CYM","ADM0_A3_UA":"CYM","ADM0_A3_UN":-99,"ADM0_A3_WB":-99,"CONTINENT":"North America","REGION_UN":"Americas","SUBREGION":"Caribbean","REGION_WB":"Latin America & Caribbean","NAME_LEN":10,"LONG_LEN":14,"ABBREV_LEN":8,"TINY":2,"HOMEPART":-99,"MIN_ZOOM":0,"MIN_LABEL":5,"MAX_LABEL":9.5,"LABEL_X":-81.24055,"LABEL_Y":19.319862,"NE_ID":1159320707,"WIKIDATAID":"Q5785","NAME_AR":"جزر كايمان","NAME_BN":"কেইম্যান দ্বীপপুঞ্জ","NAME_DE":"Cayman Islands","NAME_EN":"Cayman Islands","NAME_ES":"Islas Caimán","NAME_FA":"جزایر کیمن","NAME_FR":"îles Caïmans","NAME_EL":"Νησιά Καϋμάν","NAME_HE":"איי קיימן","NAME_HI":"केमन द्वीपसमूह","NAME_HU":"Kajmán-szigetek","NAME_ID":"Kepulauan Cayman","NAME_IT":"Isole Cayman","NAME_JA":"ケイマン諸島","NAME_KO":"케이맨 제도","NAME_NL":"Kaaimaneilanden","NAME_PL":"Kajmany","NAME_PT":"Ilhas Caimão","NAME_RU":"острова Кайман","NAME_SV":"Caymanöarna","NAME_TR":"Cayman Adaları","NAME_UK":"Кайманові острови","NAME_UR":"جزائر کیمین","NAME_VI":"Quần đảo Cayman","NAME_ZH":"开曼群岛","NAME_ZHT":"開曼群島","FCLASS_ISO":"Admin-0 dependency","TLC_DIFF":null,"FCLASS_TLC":"Admin-0 dependency","FCLASS_US":null,"FCLASS_FR":null,"FCLASS_RU":null,"FCLASS_ES":null,"FCLASS_CN":null,"FCLASS_TW":null,"FCLASS_IN":null,"FCLASS_NP":null,"FCLASS_PK":null,"FCLASS_DE":null,"FCLASS_GB":null,"FCLASS_BR":null,"FCLASS_IL":null,"FCLASS_PS":null,"FCLASS_SA":null,"FCLASS_EG":null,"FCLASS_MA":null,"FCLASS_PT":null,"FCLASS_AR":null,"FCLASS_JP":null,"FCLASS_KO":null,"FCLASS_VN":null,"FCLASS_TR":null,"FCLASS_ID":null,"FCLASS_PL":null,"FCLASS_GR":null,"FCLASS_IT":null,"FCLASS_NL":null,"FCLASS_SE":null,"FCLASS_BD":null,"FCLASS_UA":null},"geometry":{"type":"MultiPolygon","coordinates":[[],[],[]]}},{"type":"Feature","bbox":[-64.695117,18.399121,-64.273584,18.752686],"properties":{"featurecla":"Admin-0 country","scalerank":3,"LABELRANK":6,"SOVEREIGNT":"United Kingdom","SOV_A3":"GB1","ADM0_DIF":1,"LEVEL":2,"TYPE":"Dependency","TLC":"1","ADMIN":"British Virgin Islands","ADM0_A3":"VGB","GEOU_DIF":0,"GEOUNIT":"British Virgin Islands","GU_A3":"VGB","SU_DIF":0,"SUBUNIT":"British Virgin Islands","SU_A3":"VGB","BRK_DIFF":0,"NAME":"British Virgin Is.","NAME_LONG":"British Virgin Islands","BRK_A3":"VGB","BRK_NAME":"British Virgin Is.","BRK_GROUP":null,"ABBREV":"V.I. (Br.)","POSTAL":"VG","FORMAL_EN":"British Virgin Islands","FORMAL_FR":null,"NAME_CIAWF":"British Virgin Islands","NOTE_ADM0":"U.K.","NOTE_BRK":null,"NAME_SORT":"British Virgin Islands","NAME_ALT":null,"MAPCOLOR7":6,"MAPCOLOR8":6,"MAPCOLOR9":6,"MAPCOLOR13":3,"POP_EST":30030,"POP_RANK":7,"POP_YEAR":2019,"GDP_MD":500,"GDP_YEAR":2017,"ECONOMY":"2. Developed region: nonG7","INCOME_GRP":"1. High income: OECD","FIPS_10":"VI","ISO_A2":"VG","ISO_A2_EH":"VG","ISO_A3":"VGB","ISO_A3_EH":"VGB","ISO_N3":"092","ISO_N3_EH":"092","UN_A3":"092","WB_A2":"-99","WB_A3":"-99","WOE_ID":23424983,"WOE_ID_EH":23424983,"WOE_NOTE":"Exact WOE match as country","ADM0_ISO":"VGB","ADM0_DIFF":null,"ADM0_TLC":"VGB","ADM0_A3_US":"VGB","ADM0_A3_FR":"VGB","ADM0_A3_RU":"VGB","ADM0_A3_ES":"VGB","ADM0_A3_CN":"VGB","ADM0_A3_TW":"VGB","ADM0_A3_IN":"VGB","ADM0_A3_NP":"VGB","ADM0_A3_PK":"VGB","ADM0_A3_DE":"VGB","ADM0_A3_GB":"VGB","ADM0_A3_BR":"VGB","ADM0_A3_IL":"VGB","ADM0_A3_PS":"VGB","ADM0_A3_SA":"VGB","ADM0_A3_EG":"VGB","ADM0_A3_MA":"VGB","ADM0_A3_PT":"VGB","ADM0_A3_AR":"VGB","ADM0_A3_JP":"VGB","ADM0_A3_KO":"VGB","ADM0_A3_VN":"VGB","ADM0_A3_TR":"VGB","ADM0_A3_ID":"VGB","ADM0_A3_PL":"VGB","ADM0_A3_GR":"VGB","ADM0_A3_IT":"VGB","ADM0_A3_NL":"VGB","ADM0_A3_SE":"VGB","ADM0_A3_BD":"VGB","ADM0_A3_UA":"VGB","ADM0_A3_UN":-99,"ADM0_A3_WB":-99,"CONTINENT":"North America","REGION_UN":"Americas","SUBREGION":"Caribbean","REGION_WB":"Latin America & Caribbean","NAME_LEN":18,"LONG_LEN":22,"ABBREV_LEN":10,"TINY":3,"HOMEPART":-99,"MIN_ZOOM":0,"MIN_LABEL":5,"MAX_LABEL":9.5,"LABEL_X":-64.63661,"LABEL_Y":18.426606,"NE_ID":1159320739,"WIKIDATAID":"Q25305","NAME_AR":"جزر العذراء البريطانية","NAME_BN":"ব্রিটিশ ভার্জিন দ্বীপপুঞ্জ","NAME_DE":"Britische Jungferninseln","NAME_EN":"British Virgin Islands","NAME_ES":"Islas Vírgenes Británicas","NAME_FA":"جزایر ویرجین بریتانیا","NAME_FR":"îles Vierges britanniques","NAME_EL":"Βρετανικές Παρθένοι Νήσοι","NAME_HE":"איי הבתולה הבריטיים","NAME_HI":"ब्रिटिश वर्जिन द्वीपसमूह","NAME_HU":"Brit Virgin-szigetek","NAME_ID":"Kepulauan Virgin Britania Raya","NAME_IT":"Isole Vergini britanniche","NAME_JA":"イギリス領ヴァージン諸島","NAME_KO":"영국령 버진아일랜드","NAME_NL":"Britse Maagdeneilanden","NAME_PL":"Brytyjskie Wyspy Dziewicze","NAME_PT":"Ilhas Virgens Britânicas","NAME_RU":"Британские Виргинские острова","NAME_SV":"Brittiska Jungfruöarna","NAME_TR":"Britanya Virjin Adaları","NAME_UK":"Британські Віргінські острови","NAME_UR":"برطانوی جزائر ورجن","NAME_VI":"Quần đảo Virgin thuộc Anh","NAME_ZH":"英属维尔京群岛","NAME_ZHT":"英屬維京群島","FCLASS_ISO":"Admin-0 dependency","TLC_DIFF":null,"FCLASS_TLC":"Admin-0 dependency","FCLASS_US":null,"FCLASS_FR":null,"FCLASS_RU":null,"FCLASS_ES":null,"FCLASS_CN":null,"FCLASS_TW":null,"FCLASS_IN":null,"FCLASS_NP":null,"FCLASS_PK":null,"FCLASS_DE":null,"FCLASS_GB":null,"FCLASS_BR":null,"FCLASS_IL":null,"FCLASS_PS":null,"FCLASS_SA":null,"FCLASS_EG":null,"FCLASS_MA":null,"FCLASS_PT":null,"FCLASS_AR":null,"FCLASS_JP":null,"FCLASS_KO":null,"FCLASS_VN":null,"FCLASS_TR":null,"FCLASS_ID":null,"FCLASS_PL":null,"FCLASS_GR":null,"FCLASS_IT":null,"FCLASS_NL":null,"FCLASS_SE":null,"FCLASS_BD":null,"FCLASS_UA":null},"geometry":{"type":"MultiPolygon","coordinates":[[],[],[]]}},{"type":"Feature","bbox":[-72.342383,21.751709,-71.636914,21.951904],"properties":{"featurecla":"Admin-0 country","scalerank":3,"LABELRANK":6,"SOVEREIGNT":"United Kingdom","SOV_A3":"GB1","ADM0_DIF":1,"LEVEL":2,"TYPE":"Dependency","TLC":"1","ADMIN":"Turks and Caicos Islands","ADM0_A3":"TCA","GEOU_DIF":0,"GEOUNIT":"Turks and Caicos Islands","GU_A3":"TCA","SU_DIF":0,"SUBUNIT":"Turks and Caicos Islands","SU_A3":"TCA","BRK_DIFF":0,"NAME":"Turks and Caicos Is.","NAME_LONG":"Turks and Caicos Islands","BRK_A3":"TCA","BRK_NAME":"Turks and Caicos Is.","BRK_GROUP":null,"ABBREV":"T.C. Is.","POSTAL":"TC","FORMAL_EN":"Turks and Caicos Islands","FORMAL_FR":null,"NAME_CIAWF":"Turks and Caicos Islands","NOTE_ADM0":"U.K.","NOTE_BRK":null,"NAME_SORT":"Turks and Caicos Islands","NAME_ALT":null,"MAPCOLOR7":6,"MAPCOLOR8":6,"MAPCOLOR9":6,"MAPCOLOR13":3,"POP_EST":38191,"POP_RANK":7,"POP_YEAR":2019,"GDP_MD":1197,"GDP_YEAR":2019,"ECONOMY":"6. Developing region","INCOME_GRP":"2. High income: nonOECD","FIPS_10":"TK","ISO_A2":"TC","ISO_A2_EH":"TC","ISO_A3":"TCA","ISO_A3_EH":"TCA","ISO_N3":"796","ISO_N3_EH":"796","UN_A3":"796","WB_A2":"TC","WB_A3":"TCA","WOE_ID":23424962,"WOE_ID_EH":23424962,"WOE_NOTE":"Exact WOE match as country","ADM0_ISO":"TCA","ADM0_DIFF":null,"ADM0_TLC":"TCA","ADM0_A3_US":"TCA","ADM0_A3_FR":"TCA","ADM0_A3_RU":"TCA","ADM0_A3_ES":"TCA","ADM0_A3_CN":"TCA","ADM0_A3_TW":"TCA","ADM0_A3_IN":"TCA","ADM0_A3_NP":"TCA","ADM0_A3_PK":"TCA","ADM0_A3_DE":"TCA","ADM0_A3_GB":"TCA","ADM0_A3_BR":"TCA","ADM0_A3_IL":"TCA","ADM0_A3_PS":"TCA","ADM0_A3_SA":"TCA","ADM0_A3_EG":"TCA","ADM0_A3_MA":"TCA","ADM0_A3_PT":"TCA","ADM0_A3_AR":"TCA","ADM0_A3_JP":"TCA","ADM0_A3_KO":"TCA","ADM0_A3_VN":"TCA","ADM0_A3_TR":"TCA","ADM0_A3_ID":"TCA","ADM0_A3_PL":"TCA","ADM0_A3_GR":"TCA","ADM0_A3_IT":"TCA","ADM0_A3_NL":"TCA","ADM0_A3_SE":"TCA","ADM0_A3_BD":"TCA","ADM0_A3_UA":"TCA","ADM0_A3_UN":-99,"ADM0_A3_WB":-99,"CONTINENT":"North America","REGION_UN":"Americas","SUBREGION":"Caribbean","REGION_WB":"Latin America & Caribbean","NAME_LEN":20,"LONG_LEN":24,"ABBREV_LEN":8,"TINY":-99,"HOMEPART":-99,"MIN_ZOOM":0,"MIN_LABEL":5,"MAX_LABEL":10,"LABEL_X":-71.752704,"LABEL_Y":21.81663,"NE_ID":1159320737,"WIKIDATAID":"Q18221","NAME_AR":"جزر توركس وكايكوس","NAME_BN":"টার্কস ও কেইকোস দ্বীপপুঞ্জ","NAME_DE":"Turks- und Caicosinseln","NAME_EN":"Turks and Caicos Islands","NAME_ES":"Islas Turcas y Caicos","NAME_FA":"جزایر تورکس و کایکوس","NAME_FR":"îles Turques-et-Caïques","NAME_EL":"Τερκ και Κάικος","NAME_HE":"איי טרקס וקייקוס","NAME_HI":"तुर्क और केकोस द्वीपसमूह","NAME_HU":"Turks- és Caicos-szigetek","NAME_ID":"Kepulauan Turks dan Caicos","NAME_IT":"Turks e Caicos","NAME_JA":"タークス・カイコス諸島","NAME_KO":"터크스 케이커스 제도","NAME_NL":"Turks- en Caicoseilanden","NAME_PL":"Turks i Caicos","NAME_PT":"Turks e Caicos","NAME_RU":"Тёркс и Кайкос","NAME_SV":"Turks- och Caicosöarna","NAME_TR":"Turks ve Caicos Adaları","NAME_UK":"Острови Теркс і Кайкос","NAME_UR":"جزائر کیکس و ترکیہ","NAME_VI":"Quần đảo Turks và Caicos","NAME_ZH":"特克斯和凯科斯群岛","NAME_ZHT":"土克凱可群島","FCLASS_ISO":"Admin-0 dependency","TLC_DIFF":null,"FCLASS_TLC":"Admin-0 dependency","FCLASS_US":null,"FCLASS_FR":null,"FCLASS_RU":null,"FCLASS_ES":null,"FCLASS_CN":null,"FCLASS_TW":null,"FCLASS_IN":null,"FCLASS_NP":null,"FCLASS_PK":null,"FCLASS_DE":null,"FCLASS_GB":null,"FCLASS_BR":null,"FCLASS_IL":null,"FCLASS_PS":null,"FCLASS_SA":null,"FCLASS_EG":null,"FCLASS_MA":null,"FCLASS_PT":null,"FCLASS_AR":null,"FCLASS_JP":null,"FCLASS_KO":null,"FCLASS_VN":null,"FCLASS_TR":null,"FCLASS_ID":null,"FCLASS_PL":null,"FCLASS_GR":null,"FCLASS_IT":null,"FCLASS_NL":null,"FCLASS_SE":null,"FCLASS_BD":null,"FCLASS_UA":null},"geometry":{"type":"MultiPolygon","coordinates":[[],[],[]]}},{"type":"Feature","bbox":[-8.144824,50.021387,1.746582,60.831885],"properties":{"featurecla":"Admin-0 country","scalerank":1,"LABELRANK":2,"SOVEREIGNT":"United Kingdom","SOV_A3":"GB1","ADM0_DIF":1,"LEVEL":2,"TYPE":"Country","TLC":"1","ADMIN":"United Kingdom","ADM0_A3":"GBR","GEOU_DIF":0,"GEOUNIT":"United Kingdom","GU_A3":"GBR","SU_DIF":0,"SUBUNIT":"United Kingdom","SU_A3":"GBR","BRK_DIFF":0,"NAME":"United Kingdom","NAME_LONG":"United Kingdom","BRK_A3":"GBR","BRK_NAME":"United Kingdom","BRK_GROUP":null,"ABBREV":"U.K.","POSTAL":"GB","FORMAL_EN":"United Kingdom of Great Britain and Northern Ireland","FORMAL_FR":null,"NAME_CIAWF":"United Kingdom","NOTE_ADM0":null,"NOTE_BRK":null,"NAME_SORT":"United Kingdom","NAME_ALT":null,"MAPCOLOR7":6,"MAPCOLOR8":6,"MAPCOLOR9":6,"MAPCOLOR13":3,"POP_EST":66834405,"POP_RANK":16,"POP_YEAR":2019,"GDP_MD":2829108,"GDP_YEAR":2019,"ECONOMY":"1. Developed region: G7","INCOME_GRP":"1. High income: OECD","FIPS_10":"UK","ISO_A2":"GB","ISO_A2_EH":"GB","ISO_A3":"GBR","ISO_A3_EH":"GBR","ISO_N3":"826","ISO_N3_EH":"826","UN_A3":"826","WB_A2":"GB","WB_A3":"GBR","WOE_ID":-90,"WOE_ID_EH":23424975,"WOE_NOTE":"Eh ID includes Channel Islands and Isle of Man. UK constituent countries of England (24554868), Wales (12578049), Scotland (12578048), and Northern Ireland (20070563).","ADM0_ISO":"GBR","ADM0_DIFF":null,"ADM0_TLC":"GBR","ADM0_A3_US":"GBR","ADM0_A3_FR":"GBR","ADM0_A3_RU":"GBR","ADM0_A3_ES":"GBR","ADM0_A3_CN":"GBR","ADM0_A3_TW":"GBR","ADM0_A3_IN":"GBR","ADM0_A3_NP":"GBR","ADM0_A3_PK":"GBR","ADM0_A3_DE":"GBR","ADM0_A3_GB":"GBR","ADM0_A3_BR":"GBR","ADM0_A3_IL":"GBR","ADM0_A3_PS":"GBR","ADM0_A3_SA":"GBR","ADM0_A3_EG":"GBR","ADM0_A3_MA":"GBR","ADM0_A3_PT":"GBR","ADM0_A3_AR":"GBR","ADM0_A3_JP":"GBR","ADM0_A3_KO":"GBR","ADM0_A3_VN":"GBR","ADM0_A3_TR":"GBR","ADM0_A3_ID":"GBR","ADM0_A3_PL":"GBR","ADM0_A3_GR":"GBR","ADM0_A3_IT":"GBR","ADM0_A3_NL":"GBR","ADM0_A3_SE":"GBR","ADM0_A3_BD":"GBR","ADM0_A3_UA":"GBR","ADM0_A3_UN":-99,"ADM0_A3_WB":-99,"CONTINENT":"Europe","REGION_UN":"Europe","SUBREGION":"Northern Europe","REGION_WB":"Europe & Central Asia","NAME_LEN":14,"LONG_LEN":14,"ABBREV_LEN":4,"TINY":-99,"HOMEPART":1,"MIN_ZOOM":0,"MIN_LABEL":1.7,"MAX_LABEL":6.7,"LABEL_X":-2.116346,"LABEL_Y":54.402739,"NE_ID":1159320713,"WIKIDATAID":"Q145","NAME_AR":"المملكة المتحدة","NAME_BN":"যুক্তরাজ্য","NAME_DE":"Vereinigtes Königreich","NAME_EN":"United Kingdom","NAME_ES":"Reino Unido","NAME_FA":"بریتانیا","NAME_FR":"Royaume-Uni","NAME_EL":"Ηνωμένο Βασίλειο","NAME_HE":"הממלכה המאוחדת","NAME_HI":"यूनाइटेड किंगडम","NAME_HU":"Egyesült Királyság","NAME_ID":"Britania Raya","NAME_IT":"Regno Unito","NAME_JA":"イギリス","NAME_KO":"영국","NAME_NL":"Verenigd Koninkrijk","NAME_PL":"Wielka Brytania","NAME_PT":"Reino Unido","NAME_RU":"Великобритания","NAME_SV":"Storbritannien","NAME_TR":"Birleşik Krallık","NAME_UK":"Велика Британія","NAME_UR":"مملکت متحدہ","NAME_VI":"Vương quốc Liên hiệp Anh và Bắc Ireland","NAME_ZH":"英国","NAME_ZHT":"英國","FCLASS_ISO":"Admin-0 country","TLC_DIFF":null,"FCLASS_TLC":"Admin-0 country","FCLASS_US":null,"FCLASS_FR":null,"FCLASS_RU":null,"FCLASS_ES":null,"FCLASS_CN":null,"FCLASS_TW":null,"FCLASS_IN":null,"FCLASS_NP":null,"FCLASS_PK":null,"FCLASS_DE":null,"FCLASS_GB":null,"FCLASS_BR":null,"FCLASS_IL":null,"FCLASS_PS":null,"FCLASS_SA":null,"FCLASS_EG":null,"FCLASS_MA":null,"FCLASS_PT":null,"FCLASS_AR":null,"FCLASS_JP":null,"FCLASS_KO":null,"FCLASS_VN":null,"FCLASS_TR":null,"FCLASS_ID":null,"FCLASS_PL":null,"FCLASS_GR":null,"FCLASS_IT":null,"FCLASS_NL":null,"FCLASS_SE":null,"FCLASS_BD":null,"FCLASS_UA":null},"geometry":{"type":"MultiPolygon","coordinates":[[],[],[],[],[],[],[],[],[],[],[],[],[],[],[],[],[],[],[],[],[],[],[]]}},{"type":"Feature","bbox":[51.568359,22.621484,56.387988,26.068164],"properties":{"featurecla":"Admin-0 country","scalerank":1,"LABELRANK":4,"SOVEREIGNT":"United Arab Emirates","SOV_A3":"ARE","ADM0_DIF":0,"LEVEL":2,"TYPE":"Sovereign country","TLC":"1","ADMIN":"United Arab Emirates","ADM0_A3":"ARE","GEOU_DIF":0,"GEOUNIT":"United Arab Emirates","GU_A3":"ARE","SU_DIF":0,"SUBUNIT":"United Arab Emirates","SU_A3":"ARE","BRK_DIFF":0,"NAME":"United Arab Emirates","NAME_LONG":"United Arab Emirates","BRK_A3":"ARE","BRK_NAME":"United Arab Emirates","BRK_GROUP":null,"ABBREV":"U.A.E.","POSTAL":"AE","FORMAL_EN":"United Arab Emirates","FORMAL_FR":null,"NAME_CIAWF":"United Arab Emirates","NOTE_ADM0":null,"NOTE_BRK":null,"NAME_SORT":"United Arab Emirates","NAME_ALT":null,"MAPCOLOR7":2,"MAPCOLOR8":1,"MAPCOLOR9":3,"MAPCOLOR13":3,"POP_EST":9770529,"POP_RANK":13,"POP_YEAR":2019,"GDP_MD":421142,"GDP_YEAR":2019,"ECONOMY":"6. Developing region","INCOME_GRP":"2. High income: nonOECD","FIPS_10":"AE","ISO_A2":"AE","ISO_A2_EH":"AE","ISO_A3":"ARE","ISO_A3_EH":"ARE","ISO_N3":"784","ISO_N3_EH":"784","UN_A3":"784","WB_A2":"AE","WB_A3":"ARE","WOE_ID":23424738,"WOE_ID_EH":23424738,"WOE_NOTE":"Exact WOE match as country","ADM0_ISO":"ARE","ADM0_DIFF":null,"ADM0_TLC":"ARE","ADM0_A3_US":"ARE","ADM0_A3_FR":"ARE","ADM0_A3_RU":"ARE","ADM0_A3_ES":"ARE","ADM0_A3_CN":"ARE","ADM0_A3_TW":"ARE","ADM0_A3_IN":"ARE","ADM0_A3_NP":"ARE","ADM0_A3_PK":"ARE","ADM0_A3_DE":"ARE","ADM0_A3_GB":"ARE","ADM0_A3_BR":"ARE","ADM0_A3_IL":"ARE","ADM0_A3_PS":"ARE","ADM0_A3_SA":"ARE","ADM0_A3_EG":"ARE","ADM0_A3_MA":"ARE","ADM0_A3_PT":"ARE","ADM0_A3_AR":"ARE","ADM0_A3_JP":"ARE","ADM0_A3_KO":"ARE","ADM0_A3_VN":"ARE","ADM0_A3_TR":"ARE","ADM0_A3_ID":"ARE","ADM0_A3_PL":"ARE","ADM0_A3_GR":"ARE","ADM0_A3_IT":"ARE","ADM0_A3_NL":"ARE","ADM0_A3_SE":"ARE","ADM0_A3_BD":"ARE","ADM0_A3_UA":"ARE","ADM0_A3_UN":-99,"ADM0_A3_WB":-99,"CONTINENT":"Asia","REGION_UN":"Asia","SUBREGION":"Western Asia","REGION_WB":"Middle East & North Africa","NAME_LEN":20,"LONG_LEN":20,"ABBREV_LEN":6,"TINY":-99,"HOMEPART":1,"MIN_ZOOM":0,"MIN_LABEL":4,"MAX_LABEL":9,"LABEL_X":54.547256,"LABEL_Y":23.466285,"NE_ID":1159320329,"WIKIDATAID":"Q878","NAME_AR":"الإمارات العربية المتحدة","NAME_BN":"সংযুক্ত আরব আমিরাত","NAME_DE":"Vereinigte Arabische Emirate","NAME_EN":"United Arab Emirates","NAME_ES":"Emiratos Árabes Unidos","NAME_FA":"امارات متحده عربی","NAME_FR":"Émirats arabes unis","NAME_EL":"Ηνωμένα Αραβικά Εμιράτα","NAME_HE":"איחוד האמירויות הערביות","NAME_HI":"संयुक्त अरब अमीरात","NAME_HU":"Egyesült Arab Emírségek","NAME_ID":"Uni Emirat Arab","NAME_IT":"Emirati Arabi Uniti","NAME_JA":"アラブ首長国連邦","NAME_KO":"아랍에미리트","NAME_NL":"Verenigde Arabische Emiraten","NAME_PL":"Zjednoczone Emiraty Arabskie","NAME_PT":"Emirados Árabes Unidos","NAME_RU":"Объединённые Арабские Эмираты","NAME_SV":"Förenade Arabemiraten","NAME_TR":"Birleşik Arap Emirlikleri","NAME_UK":"Об'єднані Арабські Емірати","NAME_UR":"متحدہ عرب امارات","NAME_VI":"Các Tiểu vương quốc Ả Rập Thống nhất","NAME_ZH":"阿拉伯联合酋长国","NAME_ZHT":"阿拉伯聯合大公國","FCLASS_ISO":"Admin-0 country","TLC_DIFF":null,"FCLASS_TLC":"Admin-0 country","FCLASS_US":null,"FCLASS_FR":null,"FCLASS_RU":null,"FCLASS_ES":null,"FCLASS_CN":null,"FCLASS_TW":null,"FCLASS_IN":null,"FCLASS_NP":null,"FCLASS_PK":null,"FCLASS_DE":null,"FCLASS_GB":null,"FCLASS_BR":null,"FCLASS_IL":null,"FCLASS_PS":null,"FCLASS_SA":null,"FCLASS_EG":null,"FCLASS_MA":null,"FCLASS_PT":null,"FCLASS_AR":null,"FCLASS_JP":null,"FCLASS_KO":null,"FCLASS_VN":null,"FCLASS_TR":null,"FCLASS_ID":null,"FCLASS_PL":null,"FCLASS_GR":null,"FCLASS_IT":null,"FCLASS_NL":null,"FCLASS_SE":null,"FCLASS_BD":null,"FCLASS_UA":null},"geometry":{"type":"MultiPolygon","coordinates":[[],[],[],[],[]]}},{"type":"Feature","bbox":[22.131836,45.234131,40.12832,52.353564],"properties":{"featurecla":"Admin-0 country","scalerank":1,"LABELRANK":3,"SOVEREIGNT":"Ukraine","SOV_A3":"UKR","ADM0_DIF":0,"LEVEL":2,"TYPE":"Sovereign country","TLC":"1","ADMIN":"Ukraine","ADM0_A3":"UKR","GEOU_DIF":0,"GEOUNIT":"Ukraine","GU_A3":"UKR","SU_DIF":0,"SUBUNIT":"Ukraine","SU_A3":"UKR","BRK_DIFF":0,"NAME":"Ukraine","NAME_LONG":"Ukraine","BRK_A3":"UKR","BRK_NAME":"Ukraine","BRK_GROUP":null,"ABBREV":"Ukr.","POSTAL":"UA","FORMAL_EN":"Ukraine","FORMAL_FR":null,"NAME_CIAWF":"Ukraine","NOTE_ADM0":null,"NOTE_BRK":null,"NAME_SORT":"Ukraine","NAME_ALT":null,"MAPCOLOR7":5,"MAPCOLOR8":1,"MAPCOLOR9":6,"MAPCOLOR13":3,"POP_EST":44385155,"POP_RANK":15,"POP_YEAR":2019,"GDP_MD":153781,"GDP_YEAR":2019,"ECONOMY":"6. Developing region","INCOME_GRP":"4. Lower middle income","FIPS_10":"UP","ISO_A2":"UA","ISO_A2_EH":"UA","ISO_A3":"UKR","ISO_A3_EH":"UKR","ISO_N3":"804","ISO_N3_EH":"804","UN_A3":"804","WB_A2":"UA","WB_A3":"UKR","WOE_ID":23424976,"WOE_ID_EH":23424976,"WOE_NOTE":"Exact WOE match as country","ADM0_ISO":"UKR","ADM0_DIFF":null,"ADM0_TLC":"UKR","ADM0_A3_US":"UKR","ADM0_A3_FR":"UKR","ADM0_A3_RU":"UKR","ADM0_A3_ES":"UKR","ADM0_A3_CN":"UKR","ADM0_A3_TW":"UKR","ADM0_A3_IN":"UKR","ADM0_A3_NP":"UKR","ADM0_A3_PK":"UKR","ADM0_A3_DE":"UKR","ADM0_A3_GB":"UKR","ADM0_A3_BR":"UKR","ADM0_A3_IL":"UKR","ADM0_A3_PS":"UKR","ADM0_A3_SA":"UKR","ADM0_A3_EG":"UKR","ADM0_A3_MA":"UKR","ADM0_A3_PT":"UKR","ADM0_A3_AR":"UKR","ADM0_A3_JP":"UKR","ADM0_A3_KO":"UKR","ADM0_A3_VN":"UKR","ADM0_A3_TR":"UKR","ADM0_A3_ID":"UKR","ADM0_A3_PL":"UKR","ADM0_A3_GR":"UKR","ADM0_A3_IT":"UKR","ADM0_A3_NL":"UKR","ADM0_A3_SE":"UKR","ADM0_A3_BD":"UKR","ADM0_A3_UA":"UKR","ADM0_A3_UN":-99,"ADM0_A3_WB":-99,"CONTINENT":"Europe","REGION_UN":"Europe","SUBREGION":"Eastern Europe","REGION_WB":"Europe & Central Asia","NAME_LEN":7,"LONG_LEN":7,"ABBREV_LEN":4,"TINY":-99,"HOMEPART":1,"MIN_ZOOM":0,"MIN_LABEL":2.7,"MAX_LABEL":7,"LABEL_X":32.140865,"LABEL_Y":49.724739,"NE_ID":1159321345,"WIKIDATAID":"Q212","NAME_AR":"أوكرانيا","NAME_BN":"ইউক্রেন","NAME_DE":"Ukraine","NAME_EN":"Ukraine","NAME_ES":"Ucrania","NAME_FA":"اوکراین","NAME_FR":"Ukraine","NAME_EL":"Ουκρανία","NAME_HE":"אוקראינה","NAME_HI":"युक्रेन","NAME_HU":"Ukrajna","NAME_ID":"Ukraina","NAME_IT":"Ucraina","NAME_JA":"ウクライナ","NAME_KO":"우크라이나","NAME_NL":"Oekraïne","NAME_PL":"Ukraina","NAME_PT":"Ucrânia","NAME_RU":"Украина","NAME_SV":"Ukraina","NAME_TR":"Ukrayna","NAME_UK":"Україна","NAME_UR":"یوکرین","NAME_VI":"Ukraina","NAME_ZH":"乌克兰","NAME_ZHT":"烏克蘭","FCLASS_ISO":"Admin-0 country","TLC_DIFF":null,"FCLASS_TLC":"Admin-0 country","FCLASS_US":null,"FCLASS_FR":null,"FCLASS_RU":null,"FCLASS_ES":null,"FCLASS_CN":null,"FCLASS_TW":null,"FCLASS_IN":null,"FCLASS_NP":null,"FCLASS_PK":null,"FCLASS_DE":null,"FCLASS_GB":null,"FCLASS_BR":null,"FCLASS_IL":null,"FCLASS_PS":null,"FCLASS_SA":null,"FCLASS_EG":null,"FCLASS_MA":null,"FCLASS_PT":null,"FCLASS_AR":null,"FCLASS_JP":null,"FCLASS_KO":null,"FCLASS_VN":null,"FCLASS_TR":null,"FCLASS_ID":null,"FCLASS_PL":null,"FCLASS_GR":null,"FCLASS_IT":null,"FCLASS_NL":null,"FCLASS_SE":null,"FCLASS_BD":null,"FCLASS_UA":null},"geometry":{"type":"MultiPolygon","coordinates":[[[[36.899181,47.085215],[36.899181,46.79863223102319],[36.794824,46.714404],[36.688672,46.764111],[36.558789,46.762695],[36.432031,46.732568],[36.279492,46.658594],[36.194629,46.645508],[36.024902,46.666797],[35.827148,46.624316],[35.400195,46.381396],[35.256641,46.203906],[35.204395,46.169189],[35.132324,46.125879],[35.055273,46.104004],[35.014551,46.106006],[35.217773,46.232178],[35.280176,46.279492],[35.290918,46.314404],[35.291992,46.370703],[35.230371,46.440625],[35.064063,46.267236],[34.969531,46.24209],[34.849609,46.189893],[34.84375,46.073584],[34.857324,45.987354],[34.906641,45.878809],[35.001674,45.733383],[34.946428,45.728686],[34.799726,45.790752],[34.794084,45.892315],[34.686878,45.97695],[34.523249,45.97695],[34.449898,45.965666],[34.353978,46.061586],[34.224203,46.101083],[34.128283,46.089798],[34.02672,46.106725],[33.806667,46.208288],[33.659965,46.219573],[33.654323,46.146222],[33.594141,46.09624],[33.498828,46.078857],[33.429883,46.057617],[33.263477,46.125684],[33.202246,46.175732],[32.941797,46.123779],[32.796875,46.131494],[32.476758,46.083691],[32.329883,46.130371],[32.035742,46.260986],[31.925195,46.287256],[31.83125,46.281689],[31.77998,46.324658],[31.842871,46.346143],[31.915918,46.348682],[31.991699,46.364404],[32.013086,46.387158],[32.008496,46.42998],[31.855762,46.462451],[31.713672,46.471777],[31.623633,46.510254],[31.554883,46.554297],[31.716016,46.55498],[31.87793,46.52168],[32.131445,46.509375],[32.361328,46.474951],[32.418945,46.517773],[32.552539,46.591992],[32.578027,46.615625],[32.354102,46.564844],[32.127246,46.597217],[32.044336,46.64248],[31.974316,46.708789],[31.944922,46.784375],[31.964063,46.854834],[31.939551,46.981982],[31.871293214478282,47.085215],[31.837536397487494,47.085215],[31.865918,47.003271],[31.912695,46.926123],[31.90166,46.721631],[31.872852,46.649756],[31.77959,46.631641],[31.657031,46.642432],[31.532129,46.664746],[31.563379,46.777295],[31.496875,46.738379],[31.40293,46.628809],[31.320313,46.6125],[31.136816,46.624463],[30.796289,46.552002],[30.772852,46.473047],[30.72168,46.366211],[30.672266,46.304004],[30.656738,46.266504],[30.511523,46.105371],[30.492969,46.090137],[30.219043,45.866748],[30.18418,45.849951],[30.006641,45.797949],[29.90166,45.752393],[29.821191,45.73208],[29.685059,45.754688],[29.628418,45.722461],[29.60166,45.68252],[29.601172,45.6],[29.670313,45.540674],[29.726953,45.343311],[29.705859,45.259912],[29.651953,45.313916],[29.567676,45.370801],[29.403711,45.419678],[29.223535,45.40293],[29.027441,45.320557],[28.894336,45.289941],[28.824316,45.311084],[28.781738,45.309863],[28.766602,45.28623],[28.769824,45.266895],[28.791406,45.251904],[28.788281,45.240967],[28.760742,45.234131],[28.45127,45.292187],[28.317676,45.347119],[28.2125,45.450439],[28.264844,45.483887],[28.310352,45.498584],[28.471387,45.507178],[28.499023,45.517725],[28.501758,45.541553],[28.51377,45.572412],[28.509473,45.617822],[28.491602,45.665771],[28.562305,45.735791],[28.667578,45.793848],[28.729297,45.852002],[28.73877,45.937158],[28.849512,45.978662],[28.947754,46.049951],[28.971875,46.127637],[29.00625,46.176465],[28.94375,46.288428],[28.930566,46.362256],[28.927441,46.424121],[28.958398,46.458496],[29.049902,46.497021],[29.146289,46.526904],[29.18623,46.523975],[29.200781,46.50498],[29.20459,46.379346],[29.223828,46.376953],[29.25459,46.392627],[29.304883,46.466602],[29.339551,46.445068],[29.392871,46.436914],[29.432813,46.455957],[29.458789,46.45376],[29.491016,46.434668],[29.555078,46.407764],[29.614941,46.398828],[29.664551,46.416748],[29.706836,46.44873],[29.751953,46.437793],[29.837891,46.350537],[29.878027,46.360205],[30.075684,46.377832],[30.10752,46.401562],[30.131055,46.423096],[29.924316,46.538867],[29.934766,46.625],[29.94248,46.723779],[29.918066,46.782422],[29.877832,46.828906],[29.719727,46.88291],[29.597754,46.938818],[29.571973,46.964014],[29.568652,46.996729],[29.563477,47.04751],[29.52159101073321,47.085215],[36.899181,47.085215]]],[[[32.012207,46.203906],[32.150098,46.154687],[32.009375,46.167822],[31.700195,46.214062],[31.563867,46.257764],[31.528711,46.306592],[31.508789,46.373145],[31.584863,46.303174],[31.638477,46.272559],[32.012207,46.203906]]]]}},{"type":"Feature","bbox":[52.493848,35.170801,66.629297,42.778467],"properties":{"featurecla":"Admin-0 country","scalerank":4,"LABELRANK":4,"SOVEREIGNT":"Turkmenistan","SOV_A3":"TKM","ADM0_DIF":0,"LEVEL":2,"TYPE":"Sovereign country","TLC":"1","ADMIN":"Turkmenistan","ADM0_A3":"TKM","GEOU_DIF":0,"GEOUNIT":"Turkmenistan","GU_A3":"TKM","SU_DIF":0,"SUBUNIT":"Turkmenistan","SU_A3":"TKM","BRK_DIFF":0,"NAME":"Turkmenistan","NAME_LONG":"Turkmenistan","BRK_A3":"TKM","BRK_NAME":"Turkmenistan","BRK_GROUP":null,"ABBREV":"Turkm.","POSTAL":"TM","FORMAL_EN":"Turkmenistan","FORMAL_FR":null,"NAME_CIAWF":"Turkmenistan","NOTE_ADM0":null,"NOTE_BRK":null,"NAME_SORT":"Turkmenistan","NAME_ALT":null,"MAPCOLOR7":3,"MAPCOLOR8":2,"MAPCOLOR9":1,"MAPCOLOR13":9,"POP_EST":5942089,"POP_RANK":13,"POP_YEAR":2019,"GDP_MD":40761,"GDP_YEAR":2018,"ECONOMY":"6. Developing region","INCOME_GRP":"3. Upper middle income","FIPS_10":"TX","ISO_A2":"TM","ISO_A2_EH":"TM","ISO_A3":"TKM","ISO_A3_EH":"TKM","ISO_N3":"795","ISO_N3_EH":"795","UN_A3":"795","WB_A2":"TM","WB_A3":"TKM","WOE_ID":23424972,"WOE_ID_EH":23424972,"WOE_NOTE":"Exact WOE match as country","ADM0_ISO":"TKM","ADM0_DIFF":null,"ADM0_TLC":"TKM","ADM0_A3_US":"TKM","ADM0_A3_FR":"TKM","ADM0_A3_RU":"TKM","ADM0_A3_ES":"TKM","ADM0_A3_CN":"TKM","ADM0_A3_TW":"TKM","ADM0_A3_IN":"TKM","ADM0_A3_NP":"TKM","ADM0_A3_PK":"TKM","ADM0_A3_DE":"TKM","ADM0_A3_GB":"TKM","ADM0_A3_BR":"TKM","ADM0_A3_IL":"TKM","ADM0_A3_PS":"TKM","ADM0_A3_SA":"TKM","ADM0_A3_EG":"TKM","ADM0_A3_MA":"TKM","ADM0_A3_PT":"TKM","ADM0_A3_AR":"TKM","ADM0_A3_JP":"TKM","ADM0_A3_KO":"TKM","ADM0_A3_VN":"TKM","ADM0_A3_TR":"TKM","ADM0_A3_ID":"TKM","ADM0_A3_PL":"TKM","ADM0_A3_GR":"TKM","ADM0_A3_IT":"TKM","ADM0_A3_NL":"TKM","ADM0_A3_SE":"TKM","ADM0_A3_BD":"TKM","ADM0_A3_UA":"TKM","ADM0_A3_UN":-99,"ADM0_A3_WB":-99,"CONTINENT":"Asia","REGION_UN":"Asia","SUBREGION":"Central Asia","REGION_WB":"Europe & Central Asia","NAME_LEN":12,"LONG_LEN":12,"ABBREV_LEN":6,"TINY":-99,"HOMEPART":1,"MIN_ZOOM":0,"MIN_LABEL":3,"MAX_LABEL":8,"LABEL_X":58.676647,"LABEL_Y":39.855246,"NE_ID":1159321309,"WIKIDATAID":"Q874","NAME_AR":"تركمانستان","NAME_BN":"তুর্কমেনিস্তান","NAME_DE":"Turkmenistan","NAME_EN":"Turkmenistan","NAME_ES":"Turkmenistán","NAME_FA":"ترکمنستان","NAME_FR":"Turkménistan","NAME_EL":"Τουρκμενιστάν","NAME_HE":"טורקמניסטן","NAME_HI":"तुर्कमेनिस्तान","NAME_HU":"Türkmenisztán","NAME_ID":"Turkmenistan","NAME_IT":"Turkmenistan","NAME_JA":"トルクメニスタン","NAME_KO":"투르크메니스탄","NAME_NL":"Turkmenistan","NAME_PL":"Turkmenistan","NAME_PT":"Turquemenistão","NAME_RU":"Туркмения","NAME_SV":"Turkmenistan","NAME_TR":"Türkmenistan","NAME_UK":"Туркменістан","NAME_UR":"ترکمانستان","NAME_VI":"Turkmenistan","NAME_ZH":"土库曼斯坦","NAME_ZHT":"土庫曼","FCLASS_ISO":"Admin-0 country","TLC_DIFF":null,"FCLASS_TLC":"Admin-0 country","FCLASS_US":null,"FCLASS_FR":null,"FCLASS_RU":null,"FCLASS_ES":null,"FCLASS_CN":null,"FCLASS_TW":null,"FCLASS_IN":null,"FCLASS_NP":null,"FCLASS_PK":null,"FCLASS_DE":null,"FCLASS_GB":null,"FCLASS_BR":null,"FCLASS_IL":null,"FCLASS_PS":null,"FCLASS_SA":null,"FCLASS_EG":null,"FCLASS_MA":null,"FCLASS_PT":null,"FCLASS_AR":null,"FCLASS_JP":null,"FCLASS_KO":null,"FCLASS_VN":null,"FCLASS_TR":null,"FCLASS_ID":null,"FCLASS_PL":null,"FCLASS_GR":null,"FCLASS_IT":null,"FCLASS_NL":null,"FCLASS_SE":null,"FCLASS_BD":null,"FCLASS_UA":null},"geometry":{"type":"MultiPolygon","coordinates":[[],[]]}},{"type":"Feature","bbox":[25.668945,35.831445,44.817188,42.093262],"properties":{"featurecla":"Admin-0 country","scalerank":3,"LABELRANK":2,"SOVEREIGNT":"Turkey","SOV_A3":"TUR","ADM0_DIF":0,"LEVEL":2,"TYPE":"Sovereign country","TLC":"1","ADMIN":"Turkey","ADM0_A3":"TUR","GEOU_DIF":0,"GEOUNIT":"Turkey","GU_A3":"TUR","SU_DIF":0,"SUBUNIT":"Turkey","SU_A3":"TUR","BRK_DIFF":0,"NAME":"Turkey","NAME_LONG":"Turkey","BRK_A3":"TUR","BRK_NAME":"Turkey","BRK_GROUP":null,"ABBREV":"Tur.","POSTAL":"TR","FORMAL_EN":"Republic of Turkey","FORMAL_FR":null,"NAME_CIAWF":"Turkey","NOTE_ADM0":null,"NOTE_BRK":null,"NAME_SORT":"Turkey","NAME_ALT":null,"MAPCOLOR7":6,"MAPCOLOR8":3,"MAPCOLOR9":8,"MAPCOLOR13":4,"POP_EST":83429615,"POP_RANK":16,"POP_YEAR":2019,"GDP_MD":761425,"GDP_YEAR":2019,"ECONOMY":"4. Emerging region: MIKT","INCOME_GRP":"3. Upper middle income","FIPS_10":"TU","ISO_A2":"TR","ISO_A2_EH":"TR","ISO_A3":"TUR","ISO_A3_EH":"TUR","ISO_N3":"792","ISO_N3_EH":"792","UN_A3":"792","WB_A2":"TR","WB_A3":"TUR","WOE_ID":23424969,"WOE_ID_EH":23424969,"WOE_NOTE":"Exact WOE match as country","ADM0_ISO":"TUR","ADM0_DIFF":null,"ADM0_TLC":"TUR","ADM0_A3_US":"TUR","ADM0_A3_FR":"TUR","ADM0_A3_RU":"TUR","ADM0_A3_ES":"TUR","ADM0_A3_CN":"TUR","ADM0_A3_TW":"TUR","ADM0_A3_IN":"TUR","ADM0_A3_NP":"TUR","ADM0_A3_PK":"TUR","ADM0_A3_DE":"TUR","ADM0_A3_GB":"TUR","ADM0_A3_BR":"TUR","ADM0_A3_IL":"TUR","ADM0_A3_PS":"TUR","ADM0_A3_SA":"TUR","ADM0_A3_EG":"TUR","ADM0_A3_MA":"TUR","ADM0_A3_PT":"TUR","ADM0_A3_AR":"TUR","ADM0_A3_JP":"TUR","ADM0_A3_KO":"TUR","ADM0_A3_VN":"TUR","ADM0_A3_TR":"TUR","ADM0_A3_ID":"TUR","ADM0_A3_PL":"TUR","ADM0_A3_GR":"TUR","ADM0_A3_IT":"TUR","ADM0_A3_NL":"TUR","ADM0_A3_SE":"TUR","ADM0_A3_BD":"TUR","ADM0_A3_UA":"TUR","ADM0_A3_UN":-99,"ADM0_A3_WB":-99,"CONTINENT":"Asia","REGION_UN":"Asia","SUBREGION":"Western Asia","REGION_WB":"Europe & Central Asia","NAME_LEN":6,"LONG_LEN":6,"ABBREV_LEN":4,"TINY":-99,"HOMEPART":1,"MIN_ZOOM":0,"MIN_LABEL":2,"MAX_LABEL":7,"LABEL_X":34.508268,"LABEL_Y":39.345388,"NE_ID":1159321331,"WIKIDATAID":"Q43","NAME_AR":"تركيا","NAME_BN":"তুরস্ক","NAME_DE":"Türkei","NAME_EN":"Turkey","NAME_ES":"Turquía","NAME_FA":"ترکیه","NAME_FR":"Turquie","NAME_EL":"Τουρκία","NAME_HE":"טורקיה","NAME_HI":"तुर्की","NAME_HU":"Törökország","NAME_ID":"Turki","NAME_IT":"Turchia","NAME_JA":"トルコ","NAME_KO":"터키","NAME_NL":"Turkije","NAME_PL":"Turcja","NAME_PT":"Turquia","NAME_RU":"Турция","NAME_SV":"Turkiet","NAME_TR":"Türkiye","NAME_UK":"Туреччина","NAME_UR":"ترکی","NAME_VI":"Thổ Nhĩ Kỳ","NAME_ZH":"土耳其","NAME_ZHT":"土耳其","FCLASS_ISO":"Admin-0 country","TLC_DIFF":null,"FCLASS_TLC":"Admin-0 country","FCLASS_US":null,"FCLASS_FR":null,"FCLASS_RU":null,"FCLASS_ES":null,"FCLASS_CN":null,"FCLASS_TW":null,"FCLASS_IN":null,"FCLASS_NP":null,"FCLASS_PK":null,"FCLASS_DE":null,"FCLASS_GB":null,"FCLASS_BR":null,"FCLASS_IL":null,"FCLASS_PS":null,"FCLASS_SA":null,"FCLASS_EG":null,"FCLASS_MA":null,"FCLASS_PT":null,"FCLASS_AR":null,"FCLASS_JP":null,"FCLASS_KO":null,"FCLASS_VN":null,"FCLASS_TR":null,"FCLASS_ID":null,"FCLASS_PL":null,"FCLASS_GR":null,"FCLASS_IT":null,"FCLASS_NL":null,"FCLASS_SE":null,"FCLASS_BD":null,"FCLASS_UA":null},"geometry":{"type":"MultiPolygon","coordinates":[[[[25.97002,40.136328],[25.740234,40.105469],[25.668945,40.135889],[25.740918,40.196289],[25.874805,40.233691],[25.918359,40.237988],[25.977051,40.177832],[25.97002,40.136328]]],[[[36.899181,36.76723874251062],[36.776563,36.792676],[36.658594,36.802539],[36.628418,36.777686],[36.596875,36.701367],[36.54668,36.506348],[36.5375,36.457422],[36.641406,36.263525],[36.636719,36.233984],[36.562402,36.223926],[36.477051,36.220703],[36.421484,36.203467],[36.375391,36.17124],[36.347559,36.003516],[36.248828,35.972705],[36.201953,35.937549],[36.153613,35.833887],[36.127344,35.831445],[35.967578,35.910059],[35.892676,35.916553],[35.956934,35.998145],[35.887109,36.159082],[35.810938,36.309863],[35.882812,36.406348],[36.031738,36.522705],[36.188477,36.658984],[36.188184,36.743066],[36.180078,36.807227],[36.135156,36.851611],[36.048926,36.910596],[35.90459,36.847607],[35.801563,36.778076],[35.734277,36.763965],[35.661133,36.724316],[35.625586,36.652783],[35.537402,36.597021],[35.393164,36.575195],[35.176172,36.634863],[34.943164,36.725684],[34.81123,36.799268],[34.703613,36.816797],[34.601367,36.784473],[34.299609,36.604199],[34.023438,36.340771],[33.954883,36.295215],[33.694727,36.181982],[33.522754,36.143994],[33.441797,36.152832],[33.099512,36.102979],[32.929492,36.095703],[32.794824,36.035889],[32.533789,36.100732],[32.377734,36.183643],[32.283789,36.267871],[32.130566,36.449121],[32.021973,36.535303],[31.77793,36.612793],[31.352539,36.801074],[31.240625,36.821729],[30.950293,36.848682],[30.644043,36.865674],[30.582031,36.797168],[30.558496,36.52583],[30.506055,36.451123],[30.483594,36.3104],[30.446094,36.269873],[30.387305,36.243262],[30.29541,36.287695],[30.231641,36.307324],[30.083203,36.249365],[29.789258,36.168066],[29.689063,36.156689],[29.34834,36.258838],[29.223633,36.324463],[29.143262,36.397217],[29.116113,36.520117],[29.065527,36.590088],[29.058105,36.638135],[29.038281,36.693457],[28.969629,36.715332],[28.895898,36.673584],[28.816895,36.675293],[28.717676,36.700879],[28.483594,36.803809],[28.303711,36.811963],[28.195605,36.686328],[28.111523,36.646387],[28.019434,36.634473],[28.01416,36.670215],[28.083984,36.751465],[27.803809,36.736475],[27.655859,36.674609],[27.54043,36.684229],[27.453906,36.712158],[27.466895,36.746338],[27.554688,36.758887],[27.630859,36.78667],[27.934473,36.809277],[28.005371,36.831982],[28.083008,36.920264],[28.224414,36.996387],[28.242383,37.029053],[28.133691,37.029492],[27.668359,37.007422],[27.348926,37.01958],[27.311035,36.981885],[27.262988,36.976562],[27.249707,37.07915],[27.300195,37.126855],[27.368164,37.122412],[27.535059,37.163867],[27.520117,37.249121],[27.400586,37.306738],[27.37627,37.340723],[27.289551,37.348682],[27.219238,37.38916],[27.203906,37.491406],[27.147949,37.603613],[27.067969,37.65791],[27.077832,37.687695],[27.224414,37.725439],[27.254785,37.882324],[27.232422,37.978662],[27.158691,37.986865],[26.943848,38.062891],[26.878613,38.054785],[26.807422,38.13833],[26.682813,38.19834],[26.621094,38.176367],[26.582422,38.149268],[26.524707,38.162256],[26.42793,38.214355],[26.33291,38.24248],[26.290723,38.277197],[26.343652,38.370068],[26.416406,38.367871],[26.429688,38.440625],[26.372266,38.561914],[26.377832,38.62417],[26.441309,38.641211],[26.513574,38.629492],[26.586523,38.557031],[26.610352,38.486914],[26.59502,38.418604],[26.641309,38.352441],[26.674219,38.335742],[26.696387,38.405371],[26.727344,38.418604],[26.769922,38.388184],[26.861426,38.372949],[27.098633,38.415723],[27.144238,38.451953],[26.97041,38.447852],[26.906836,38.481738],[26.837793,38.557568],[26.795313,38.626416],[26.787695,38.660205],[26.763672,38.709619],[26.790137,38.736084],[26.90918,38.775781],[27.013672,38.886865],[26.970117,38.919043],[26.920313,38.934229],[26.866211,38.922949],[26.814941,38.960986],[26.808301,39.013916],[26.849316,39.056738],[26.853613,39.115625],[26.719336,39.260645],[26.681836,39.292236],[26.710742,39.339648],[26.813281,39.419043],[26.910938,39.517334],[26.899219,39.549658],[26.827051,39.562891],[26.484082,39.520703],[26.350781,39.484082],[26.113086,39.467383],[26.095996,39.520801],[26.101367,39.568945],[26.154688,39.656641],[26.149805,39.872852],[26.181348,39.990088],[26.313379,40.025],[26.475391,40.197266],[26.738086,40.400244],[27.012109,40.396338],[27.12168,40.452344],[27.28457,40.455615],[27.31416,40.414893],[27.332617,40.375928],[27.475586,40.319922],[27.728027,40.328809],[27.789355,40.350879],[27.848535,40.381738],[27.731836,40.481494],[27.769141,40.509619],[27.874902,40.512939],[27.989551,40.489453],[27.994824,40.466602],[27.964355,40.435303],[27.928906,40.38042],[27.962598,40.369873],[28.289062,40.403027],[28.630273,40.376465],[28.738867,40.390869],[29.007129,40.389746],[29.055176,40.42417],[28.974023,40.467383],[28.894629,40.482422],[28.841211,40.503467],[28.787891,40.534033],[28.958008,40.630566],[29.054102,40.649121],[29.507617,40.708398],[29.844922,40.738086],[29.849219,40.760107],[29.800586,40.760156],[29.364746,40.809277],[29.259766,40.847314],[29.113867,40.937842],[29.082227,40.963428],[29.045508,41.007568],[29.067383,41.10166],[29.094336,41.177246],[29.148145,41.221045],[29.322266,41.227734],[29.919336,41.15083],[30.344922,41.196924],[30.810059,41.084863],[31.254883,41.107617],[31.34668,41.15791],[31.458008,41.32002],[32.086426,41.589209],[32.306445,41.72959],[32.542188,41.806396],[32.94668,41.891748],[33.284766,42.00459],[33.381348,42.017578],[34.192969,41.963672],[34.750488,41.956836],[35.006445,42.063281],[35.154883,42.027539],[35.141016,41.989502],[35.114063,41.956982],[35.12207,41.891113],[35.20918,41.794385],[35.297754,41.728516],[35.558008,41.634033],[35.919824,41.713721],[35.978125,41.704834],[36.051758,41.682568],[36.179199,41.426562],[36.278418,41.336133],[36.405371,41.274609],[36.509668,41.2625],[36.587109,41.32666],[36.64707,41.352539],[36.777734,41.363477],[36.899181,41.313547567064006],[36.899181,36.76723874251062]]],[[[28.014453,41.969043],[27.987305,41.854883],[28.050293,41.72915],[28.197852,41.554492],[28.346387,41.466357],[28.946777,41.248389],[29.057227,41.229736],[29.032129,41.140479],[28.995996,41.061133],[28.95625,41.008203],[28.780371,40.97417],[28.294922,41.071484],[28.172168,41.080713],[28.085547,41.061328],[27.925195,40.990576],[27.747363,41.013281],[27.499414,40.973145],[27.430176,40.839941],[27.258008,40.687354],[26.974609,40.564014],[26.77207,40.498047],[26.467969,40.261475],[26.32998,40.123389],[26.271777,40.096582],[26.202734,40.075391],[26.225977,40.141699],[26.260156,40.202393],[26.252344,40.248145],[26.253809,40.314697],[26.355273,40.390234],[26.447461,40.44502],[26.720313,40.544238],[26.79209,40.626611],[26.578125,40.624658],[26.360938,40.606348],[26.224219,40.618066],[26.105469,40.611328],[26.067773,40.683398],[26.038965,40.726758],[26.069727,40.740283],[26.10918,40.749658],[26.178906,40.826514],[26.241211,40.883203],[26.331055,40.954492],[26.354102,40.99707],[26.354102,41.036768],[26.332617,41.064307],[26.328418,41.097021],[26.325684,41.143262],[26.330664,41.23877],[26.536426,41.343115],[26.602344,41.35415],[26.624902,41.401758],[26.609766,41.512158],[26.581348,41.60127],[26.544531,41.607227],[26.49502,41.633252],[26.4625,41.663379],[26.410547,41.696338],[26.320898,41.716553],[26.317969,41.744678],[26.327246,41.772803],[26.360352,41.801562],[26.511426,41.826367],[26.529297,41.84668],[26.549707,41.896729],[26.579688,41.947949],[26.615332,41.964893],[26.679199,41.96333],[26.800391,41.975146],[26.884863,41.991846],[26.96875,42.026855],[27.011719,42.058643],[27.193359,42.0771],[27.244336,42.093262],[27.294922,42.079541],[27.362891,42.025049],[27.474805,41.946875],[27.534863,41.920801],[27.579883,41.93291],[27.661133,41.961328],[27.738867,41.961523],[27.80166,41.956543],[27.831934,41.981299],[27.879199,41.986621],[28.014453,41.969043]]]]}},{"type":"Feature","bbox":[7.495605,30.229395,11.535938,37.340381],"properties":{"featurecla":"Admin-0 country","scalerank":1,"LABELRANK":3,"SOVEREIGNT":"Tunisia","SOV_A3":"TUN","ADM0_DIF":0,"LEVEL":2,"TYPE":"Sovereign country","TLC":"1","ADMIN":"Tunisia","ADM0_A3":"TUN","GEOU_DIF":0,"GEOUNIT":"Tunisia","GU_A3":"TUN","SU_DIF":0,"SUBUNIT":"Tunisia","SU_A3":"TUN","BRK_DIFF":0,"NAME":"Tunisia","NAME_LONG":"Tunisia","BRK_A3":"TUN","BRK_NAME":"Tunisia","BRK_GROUP":null,"ABBREV":"Tun.","POSTAL":"TN","FORMAL_EN":"Republic of Tunisia","FORMAL_FR":null,"NAME_CIAWF":"Tunisia","NOTE_ADM0":null,"NOTE_BRK":null,"NAME_SORT":"Tunisia","NAME_ALT":null,"MAPCOLOR7":4,"MAPCOLOR8":3,"MAPCOLOR9":3,"MAPCOLOR13":2,"POP_EST":11694719,"POP_RANK":14,"POP_YEAR":2019,"GDP_MD":38796,"GDP_YEAR":2019,"ECONOMY":"6. Developing region","INCOME_GRP":"3. Upper middle income","FIPS_10":"TS","ISO_A2":"TN","ISO_A2_EH":"TN","ISO_A3":"TUN","ISO_A3_EH":"TUN","ISO_N3":"788","ISO_N3_EH":"788","UN_A3":"788","WB_A2":"TN","WB_A3":"TUN","WOE_ID":23424967,"WOE_ID_EH":23424967,"WOE_NOTE":"Exact WOE match as country","ADM0_ISO":"TUN","ADM0_DIFF":null,"ADM0_TLC":"TUN","ADM0_A3_US":"TUN","ADM0_A3_FR":"TUN","ADM0_A3_RU":"TUN","ADM0_A3_ES":"TUN","ADM0_A3_CN":"TUN","ADM0_A3_TW":"TUN","ADM0_A3_IN":"TUN","ADM0_A3_NP":"TUN","ADM0_A3_PK":"TUN","ADM0_A3_DE":"TUN","ADM0_A3_GB":"TUN","ADM0_A3_BR":"TUN","ADM0_A3_IL":"TUN","ADM0_A3_PS":"TUN","ADM0_A3_SA":"TUN","ADM0_A3_EG":"TUN","ADM0_A3_MA":"TUN","ADM0_A3_PT":"TUN","ADM0_A3_AR":"TUN","ADM0_A3_JP":"TUN","ADM0_A3_KO":"TUN","ADM0_A3_VN":"TUN","ADM0_A3_TR":"TUN","ADM0_A3_ID":"TUN","ADM0_A3_PL":"TUN","ADM0_A3_GR":"TUN","ADM0_A3_IT":"TUN","ADM0_A3_NL":"TUN","ADM0_A3_SE":"TUN","ADM0_A3_BD":"TUN","ADM0_A3_UA":"TUN","ADM0_A3_UN":-99,"ADM0_A3_WB":-99,"CONTINENT":"Africa","REGION_UN":"Africa","SUBREGION":"Northern Africa","REGION_WB":"Middle East & North Africa","NAME_LEN":7,"LONG_LEN":7,"ABBREV_LEN":4,"TINY":-99,"HOMEPART":1,"MIN_ZOOM":0,"MIN_LABEL":3,"MAX_LABEL":8,"LABEL_X":9.007881,"LABEL_Y":33.687263,"NE_ID":1159321327,"WIKIDATAID":"Q948","NAME_AR":"تونس","NAME_BN":"তিউনিসিয়া","NAME_DE":"Tunesien","NAME_EN":"Tunisia","NAME_ES":"Túnez","NAME_FA":"تونس","NAME_FR":"Tunisie","NAME_EL":"Τυνησία","NAME_HE":"תוניסיה","NAME_HI":"ट्यूनिशिया","NAME_HU":"Tunézia","NAME_ID":"Tunisia","NAME_IT":"Tunisia","NAME_JA":"チュニジア","NAME_KO":"튀니지","NAME_NL":"Tunesië","NAME_PL":"Tunezja","NAME_PT":"Tunísia","NAME_RU":"Тунис","NAME_SV":"Tunisien","NAME_TR":"Tunus","NAME_UK":"Туніс","NAME_UR":"تونس","NAME_VI":"Tuy-ni-di","NAME_ZH":"突尼斯","NAME_ZHT":"突尼西亞","FCLASS_ISO":"Admin-0 country","TLC_DIFF":null,"FCLASS_TLC":"Admin-0 country","FCLASS_US":null,"FCLASS_FR":null,"FCLASS_RU":null,"FCLASS_ES":null,"FCLASS_CN":null,"FCLASS_TW":null,"FCLASS_IN":null,"FCLASS_NP":null,"FCLASS_PK":null,"FCLASS_DE":null,"FCLASS_GB":null,"FCLASS_BR":null,"FCLASS_IL":null,"FCLASS_PS":null,"FCLASS_SA":null,"FCLASS_EG":null,"FCLASS_MA":null,"FCLASS_PT":null,"FCLASS_AR":null,"FCLASS_JP":null,"FCLASS_KO":null,"FCLASS_VN":null,"FCLASS_TR":null,"FCLASS_ID":null,"FCLASS_PL":null,"FCLASS_GR":null,"FCLASS_IT":null,"FCLASS_NL":null,"FCLASS_SE":null,"FCLASS_BD":null,"FCLASS_UA":null},"geometry":{"type":"MultiPolygon","coordinates":[[[[11.50459,33.181934],[11.502441,33.155566],[11.467188,32.965723],[11.45918,32.897363],[11.453906,32.781689],[11.453906,32.642578],[11.533789,32.524951],[11.535938,32.47334],[11.50498,32.413672],[11.358008,32.345215],[11.168262,32.256738],[11.005176,32.172705],[10.826367,32.080664],[10.771582,32.021191],[10.683008,31.975391],[10.608887,31.929541],[10.595508,31.885742],[10.543652,31.802539],[10.475781,31.736035],[10.306055,31.704834],[10.274609,31.684961],[10.195996,31.585107],[10.159863,31.545801],[10.114941,31.46377],[10.172656,31.250977],[10.243359,31.032129],[10.257031,30.94082],[10.256055,30.864941],[10.216406,30.783203],[10.125977,30.665967],[10.059766,30.580078],[9.93252,30.425342],[9.89502,30.387305],[9.807422,30.342236],[9.637988,30.282324],[9.51875,30.229395],[9.458008,30.465381],[9.406055,30.666797],[9.363281,30.83291],[9.287891,31.125342],[9.224023,31.373682],[9.160254,31.621338],[9.102344,31.846143],[9.044043,32.072363],[9.018945,32.105371],[8.844043,32.212109],[8.68291,32.310449],[8.515137,32.422314],[8.333398,32.543604],[8.304199,32.696289],[8.210938,32.926709],[8.1125,33.055322],[8.075586,33.089062],[7.877246,33.172119],[7.762695,33.233105],[7.731348,33.268506],[7.70918,33.362305],[7.627539,33.548633],[7.534375,33.71792],[7.500195,33.832471],[7.495605,33.976514],[7.513867,34.080518],[7.554492,34.125],[7.748535,34.254492],[7.838281,34.410303],[7.949414,34.468701],[8.045605,34.512695],[8.123438,34.563916],[8.192773,34.646289],[8.245605,34.734082],[8.254688,34.828955],[8.276855,34.979492],[8.312109,35.084619],[8.394238,35.203857],[8.359863,35.299609],[8.316406,35.403125],[8.329004,35.582227],[8.318066,35.654932],[8.28291,35.719287],[8.24707,35.801807],[8.245703,35.870557],[8.280273,36.050977],[8.306738,36.18877],[8.34873,36.367969],[8.333984,36.418164],[8.302734,36.455615],[8.208789,36.495117],[8.207617,36.518945],[8.230762,36.545264],[8.369629,36.63252],[8.444238,36.760742],[8.506738,36.7875],[8.60127,36.833936],[8.597656,36.883887],[8.576563,36.937207],[8.823535,36.997607],[9.058887,37.155859],[9.141992,37.194629],[9.687988,37.340381],[9.758887,37.330273],[9.838477,37.308984],[9.815527,37.254639],[9.783984,37.211426],[9.830273,37.135352],[9.896387,37.181641],[9.879395,37.212842],[9.875586,37.25415],[9.988086,37.257764],[10.087402,37.25127],[10.196387,37.205859],[10.18877,37.033887],[10.334082,36.865381],[10.293262,36.781494],[10.412305,36.731836],[10.518164,36.791357],[10.571289,36.879443],[10.766211,36.930273],[10.951367,37.059277],[11.053906,37.07251],[11.077051,36.966699],[11.12666,36.874072],[11.056543,36.841455],[10.967188,36.743018],[10.798145,36.493115],[10.642383,36.419629],[10.525684,36.32334],[10.487988,36.254883],[10.476562,36.175146],[10.505762,36.032422],[10.59082,35.887256],[10.688965,35.799512],[10.783691,35.77207],[11.004297,35.633838],[11.000684,35.551611],[11.031543,35.453857],[11.043262,35.335107],[11.120117,35.240283],[10.955859,35.033643],[10.866211,34.884326],[10.690918,34.678467],[10.534863,34.544727],[10.200391,34.346045],[10.118359,34.280078],[10.064844,34.211621],[10.040039,34.140332],[10.049023,34.056299],[10.158984,33.850049],[10.305273,33.728271],[10.454297,33.6625],[10.713184,33.689014],[10.704297,33.609668],[10.722754,33.514404],[10.828125,33.518896],[10.898438,33.533691],[10.958008,33.626318],[11.08457,33.562891],[11.150293,33.369238],[11.257422,33.308838],[11.269922,33.286328],[11.232129,33.271582],[11.202637,33.249219],[11.234277,33.233594],[11.338086,33.209473],[11.400586,33.224902],[11.50459,33.181934]]],[[[11.278027,34.753809],[11.123633,34.681689],[11.153027,34.74458],[11.254883,34.820312],[11.281055,34.802197],[11.278027,34.753809]]],[[[10.957617,33.72207],[10.931348,33.717432],[10.883008,33.690186],[10.857422,33.687158],[10.784766,33.717676],[10.757031,33.71748],[10.72207,33.738916],[10.733887,33.855615],[10.745215,33.888672],[10.921973,33.893115],[11.017871,33.82334],[11.033594,33.805029],[11.037598,33.785059],[10.993066,33.745947],[10.957617,33.72207]]]]}},{"type":"Feature","bbox":[-61.906104,10.064648,-60.525488,11.325391],"properties":{"featurecla":"Admin-0 country","scalerank":3,"LABELRANK":5,"SOVEREIGNT":"Trinidad and Tobago","SOV_A3":"TTO","ADM0_DIF":0,"LEVEL":2,"TYPE":"Sovereign country","TLC":"1","ADMIN":"Trinidad and Tobago","ADM0_A3":"TTO","GEOU_DIF":0,"GEOUNIT":"Trinidad and Tobago","GU_A3":"TTO","SU_DIF":0,"SUBUNIT":"Trinidad and Tobago","SU_A3":"TTO","BRK_DIFF":0,"NAME":"Trinidad and Tobago","NAME_LONG":"Trinidad and Tobago","BRK_A3":"TTO","BRK_NAME":"Trinidad and Tobago","BRK_GROUP":null,"ABBREV":"Tr.T.","POSTAL":"TT","FORMAL_EN":"Republic of Trinidad and Tobago","FORMAL_FR":null,"NAME_CIAWF":"Trinidad and Tobago","NOTE_ADM0":null,"NOTE_BRK":null,"NAME_SORT":"Trinidad and Tobago","NAME_ALT":null,"MAPCOLOR7":5,"MAPCOLOR8":6,"MAPCOLOR9":2,"MAPCOLOR13":5,"POP_EST":1394973,"POP_RANK":12,"POP_YEAR":2019,"GDP_MD":24269,"GDP_YEAR":2019,"ECONOMY":"6. Developing region","INCOME_GRP":"2. High income: nonOECD","FIPS_10":"TD","ISO_A2":"TT","ISO_A2_EH":"TT","ISO_A3":"TTO","ISO_A3_EH":"TTO","ISO_N3":"780","ISO_N3_EH":"780","UN_A3":"780","WB_A2":"TT","WB_A3":"TTO","WOE_ID":23424958,"WOE_ID_EH":23424958,"WOE_NOTE":"Exact WOE match as country","ADM0_ISO":"TTO","ADM0_DIFF":null,"ADM0_TLC":"TTO","ADM0_A3_US":"TTO","ADM0_A3_FR":"TTO","ADM0_A3_RU":"TTO","ADM0_A3_ES":"TTO","ADM0_A3_CN":"TTO","ADM0_A3_TW":"TTO","ADM0_A3_IN":"TTO","ADM0_A3_NP":"TTO","ADM0_A3_PK":"TTO","ADM0_A3_DE":"TTO","ADM0_A3_GB":"TTO","ADM0_A3_BR":"TTO","ADM0_A3_IL":"TTO","ADM0_A3_PS":"TTO","ADM0_A3_SA":"TTO","ADM0_A3_EG":"TTO","ADM0_A3_MA":"TTO","ADM0_A3_PT":"TTO","ADM0_A3_AR":"TTO","ADM0_A3_JP":"TTO","ADM0_A3_KO":"TTO","ADM0_A3_VN":"TTO","ADM0_A3_TR":"TTO","ADM0_A3_ID":"TTO","ADM0_A3_PL":"TTO","ADM0_A3_GR":"TTO","ADM0_A3_IT":"TTO","ADM0_A3_NL":"TTO","ADM0_A3_SE":"TTO","ADM0_A3_BD":"TTO","ADM0_A3_UA":"TTO","ADM0_A3_UN":-99,"ADM0_A3_WB":-99,"CONTINENT":"North America","REGION_UN":"Americas","SUBREGION":"Caribbean","REGION_WB":"Latin America & Caribbean","NAME_LEN":19,"LONG_LEN":19,"ABBREV_LEN":5,"TINY":2,"HOMEPART":1,"MIN_ZOOM":0,"MIN_LABEL":4.5,"MAX_LABEL":9.5,"LABEL_X":-60.9184,"LABEL_Y":10.9989,"NE_ID":1159321321,"WIKIDATAID":"Q754","NAME_AR":"ترينيداد وتوباغو","NAME_BN":"ত্রিনিদাদ ও টোবাগো","NAME_DE":"Trinidad und Tobago","NAME_EN":"Trinidad and Tobago","NAME_ES":"Trinidad y Tobago","NAME_FA":"ترینیداد و توباگو","NAME_FR":"Trinité-et-Tobago","NAME_EL":"Τρινιντάντ και Τομπάγκο","NAME_HE":"טרינידד וטובגו","NAME_HI":"त्रिनिदाद और टोबैगो","NAME_HU":"Trinidad és Tobago","NAME_ID":"Trinidad dan Tobago","NAME_IT":"Trinidad e Tobago","NAME_JA":"トリニダード・トバゴ","NAME_KO":"트리니다드 토바고","NAME_NL":"Trinidad en Tobago","NAME_PL":"Trynidad i Tobago","NAME_PT":"Trinidad e Tobago","NAME_RU":"Тринидад и Тобаго","NAME_SV":"Trinidad och Tobago","NAME_TR":"Trinidad ve Tobago","NAME_UK":"Тринідад і Тобаго","NAME_UR":"ٹرینیڈاڈ و ٹوباگو","NAME_VI":"Trinidad và Tobago","NAME_ZH":"特立尼达和多巴哥","NAME_ZHT":"千里達及托巴哥","FCLASS_ISO":"Admin-0 country","TLC_DIFF":null,"FCLASS_TLC":"Admin-0 country","FCLASS_US":null,"FCLASS_FR":null,"FCLASS_RU":null,"FCLASS_ES":null,"FCLASS_CN":null,"FCLASS_TW":null,"FCLASS_IN":null,"FCLASS_NP":null,"FCLASS_PK":null,"FCLASS_DE":null,"FCLASS_GB":null,"FCLASS_BR":null,"FCLASS_IL":null,"FCLASS_PS":null,"FCLASS_SA":null,"FCLASS_EG":null,"FCLASS_MA":null,"FCLASS_PT":null,"FCLASS_AR":null,"FCLASS_JP":null,"FCLASS_KO":null,"FCLASS_VN":null,"FCLASS_TR":null,"FCLASS_ID":null,"FCLASS_PL":null,"FCLASS_GR":null,"FCLASS_IT":null,"FCLASS_NL":null,"FCLASS_SE":null,"FCLASS_BD":null,"FCLASS_UA":null},"geometry":{"type":"MultiPolygon","coordinates":[[],[]]}},{"type":"Feature","bbox":[-175.362354,-21.450586,-173.921875,-18.565332],"properties":{"featurecla":"Admin-0 country","scalerank":3,"LABELRANK":4,"SOVEREIGNT":"Tonga","SOV_A3":"TON","ADM0_DIF":0,"LEVEL":2,"TYPE":"Sovereign country","TLC":"1","ADMIN":"Tonga","ADM0_A3":"TON","GEOU_DIF":0,"GEOUNIT":"Tonga","GU_A3":"TON","SU_DIF":0,"SUBUNIT":"Tonga","SU_A3":"TON","BRK_DIFF":0,"NAME":"Tonga","NAME_LONG":"Tonga","BRK_A3":"TON","BRK_NAME":"Tonga","BRK_GROUP":null,"ABBREV":"Tongo","POSTAL":"TO","FORMAL_EN":"Kingdom of Tonga","FORMAL_FR":null,"NAME_CIAWF":"Tonga","NOTE_ADM0":null,"NOTE_BRK":null,"NAME_SORT":"Tonga","NAME_ALT":null,"MAPCOLOR7":2,"MAPCOLOR8":1,"MAPCOLOR9":1,"MAPCOLOR13":8,"POP_EST":104494,"POP_RANK":9,"POP_YEAR":2019,"GDP_MD":512,"GDP_YEAR":2019,"ECONOMY":"6. Developing region","INCOME_GRP":"4. Lower middle income","FIPS_10":"TN","ISO_A2":"TO","ISO_A2_EH":"TO","ISO_A3":"TON","ISO_A3_EH":"TON","ISO_N3":"776","ISO_N3_EH":"776","UN_A3":"776","WB_A2":"TO","WB_A3":"TON","WOE_ID":23424964,"WOE_ID_EH":23424964,"WOE_NOTE":"Exact WOE match as country","ADM0_ISO":"TON","ADM0_DIFF":null,"ADM0_TLC":"TON","ADM0_A3_US":"TON","ADM0_A3_FR":"TON","ADM0_A3_RU":"TON","ADM0_A3_ES":"TON","ADM0_A3_CN":"TON","ADM0_A3_TW":"TON","ADM0_A3_IN":"TON","ADM0_A3_NP":"TON","ADM0_A3_PK":"TON","ADM0_A3_DE":"TON","ADM0_A3_GB":"TON","ADM0_A3_BR":"TON","ADM0_A3_IL":"TON","ADM0_A3_PS":"TON","ADM0_A3_SA":"TON","ADM0_A3_EG":"TON","ADM0_A3_MA":"TON","ADM0_A3_PT":"TON","ADM0_A3_AR":"TON","ADM0_A3_JP":"TON","ADM0_A3_KO":"TON","ADM0_A3_VN":"TON","ADM0_A3_TR":"TON","ADM0_A3_ID":"TON","ADM0_A3_PL":"TON","ADM0_A3_GR":"TON","ADM0_A3_IT":"TON","ADM0_A3_NL":"TON","ADM0_A3_SE":"TON","ADM0_A3_BD":"TON","ADM0_A3_UA":"TON","ADM0_A3_UN":-99,"ADM0_A3_WB":-99,"CONTINENT":"Oceania","REGION_UN":"Oceania","SUBREGION":"Polynesia","REGION_WB":"East Asia & Pacific","NAME_LEN":5,"LONG_LEN":5,"ABBREV_LEN":5,"TINY":3,"HOMEPART":1,"MIN_ZOOM":0,"MIN_LABEL":4,"MAX_LABEL":9,"LABEL_X":-175.163014,"LABEL_Y":-21.210026,"NE_ID":1159321319,"WIKIDATAID":"Q678","NAME_AR":"تونغا","NAME_BN":"টোঙ্গা","NAME_DE":"Tonga","NAME_EN":"Tonga","NAME_ES":"Tonga","NAME_FA":"تونگا","NAME_FR":"Tonga","NAME_EL":"Τόνγκα","NAME_HE":"טונגה","NAME_HI":"टोंगा","NAME_HU":"Tonga","NAME_ID":"Tonga","NAME_IT":"Tonga","NAME_JA":"トンガ","NAME_KO":"통가","NAME_NL":"Tonga","NAME_PL":"Tonga","NAME_PT":"Tonga","NAME_RU":"Тонга","NAME_SV":"Tonga","NAME_TR":"Tonga","NAME_UK":"Тонга","NAME_UR":"ٹونگا","NAME_VI":"Tonga","NAME_ZH":"汤加","NAME_ZHT":"東加","FCLASS_ISO":"Admin-0 country","TLC_DIFF":null,"FCLASS_TLC":"Admin-0 country","FCLASS_US":null,"FCLASS_FR":null,"FCLASS_RU":null,"FCLASS_ES":null,"FCLASS_CN":null,"FCLASS_TW":null,"FCLASS_IN":null,"FCLASS_NP":null,"FCLASS_PK":null,"FCLASS_DE":null,"FCLASS_GB":null,"FCLASS_BR":null,"FCLASS_IL":null,"FCLASS_PS":null,"FCLASS_SA":null,"FCLASS_EG":null,"FCLASS_MA":null,"FCLASS_PT":null,"FCLASS_AR":null,"FCLASS_JP":null,"FCLASS_KO":null,"FCLASS_VN":null,"FCLASS_TR":null,"FCLASS_ID":null,"FCLASS_PL":null,"FCLASS_GR":null,"FCLASS_IT":null,"FCLASS_NL":null,"FCLASS_SE":null,"FCLASS_BD":null,"FCLASS_UA":null},"geometry":{"type":"MultiPolygon","coordinates":[[],[],[]]}},{"type":"Feature","bbox":[124.036328,-9.511914,127.296094,-8.139941],"properties":{"featurecla":"Admin-0 country","scalerank":4,"LABELRANK":5,"SOVEREIGNT":"East Timor","SOV_A3":"TLS","ADM0_DIF":0,"LEVEL":2,"TYPE":"Sovereign country","TLC":"1","ADMIN":"East Timor","ADM0_A3":"TLS","GEOU_DIF":0,"GEOUNIT":"East Timor","GU_A3":"TLS","SU_DIF":0,"SUBUNIT":"East Timor","SU_A3":"TLS","BRK_DIFF":0,"NAME":"Timor-Leste","NAME_LONG":"Timor-Leste","BRK_A3":"TLS","BRK_NAME":"Timor-Leste","BRK_GROUP":null,"ABBREV":"T.L.","POSTAL":"TL","FORMAL_EN":"Democratic Republic of Timor-Leste","FORMAL_FR":null,"NAME_CIAWF":"Timor-Leste","NOTE_ADM0":null,"NOTE_BRK":null,"NAME_SORT":"Timor-Leste","NAME_ALT":"East Timor","MAPCOLOR7":2,"MAPCOLOR8":2,"MAPCOLOR9":4,"MAPCOLOR13":3,"POP_EST":1293119,"POP_RANK":12,"POP_YEAR":2019,"GDP_MD":2017,"GDP_YEAR":2019,"ECONOMY":"7. Least developed region","INCOME_GRP":"4. Lower middle income","FIPS_10":"TT","ISO_A2":"TL","ISO_A2_EH":"TL","ISO_A3":"TLS","ISO_A3_EH":"TLS","ISO_N3":"626","ISO_N3_EH":"626","UN_A3":"626","WB_A2":"TP","WB_A3":"TMP","WOE_ID":23424968,"WOE_ID_EH":23424968,"WOE_NOTE":"Exact WOE match as country","ADM0_ISO":"TLS","ADM0_DIFF":null,"ADM0_TLC":"TLS","ADM0_A3_US":"TLS","ADM0_A3_FR":"TLS","ADM0_A3_RU":"TLS","ADM0_A3_ES":"TLS","ADM0_A3_CN":"TLS","ADM0_A3_TW":"TLS","ADM0_A3_IN":"TLS","ADM0_A3_NP":"TLS","ADM0_A3_PK":"TLS","ADM0_A3_DE":"TLS","ADM0_A3_GB":"TLS","ADM0_A3_BR":"TLS","ADM0_A3_IL":"TLS","ADM0_A3_PS":"TLS","ADM0_A3_SA":"TLS","ADM0_A3_EG":"TLS","ADM0_A3_MA":"TLS","ADM0_A3_PT":"TLS","ADM0_A3_AR":"TLS","ADM0_A3_JP":"TLS","ADM0_A3_KO":"TLS","ADM0_A3_VN":"TLS","ADM0_A3_TR":"TLS","ADM0_A3_ID":"TLS","ADM0_A3_PL":"TLS","ADM0_A3_GR":"TLS","ADM0_A3_IT":"TLS","ADM0_A3_NL":"TLS","ADM0_A3_SE":"TLS","ADM0_A3_BD":"TLS","ADM0_A3_UA":"TLS","ADM0_A3_UN":-99,"ADM0_A3_WB":-99,"CONTINENT":"Asia","REGION_UN":"Asia","SUBREGION":"South-Eastern Asia","REGION_WB":"East Asia & Pacific","NAME_LEN":11,"LONG_LEN":11,"ABBREV_LEN":4,"TINY":-99,"HOMEPART":1,"MIN_ZOOM":0,"MIN_LABEL":4,"MAX_LABEL":9,"LABEL_X":125.854679,"LABEL_Y":-8.803705,"NE_ID":1159321313,"WIKIDATAID":"Q574","NAME_AR":"تيمور الشرقية","NAME_BN":"পূর্ব তিমুর","NAME_DE":"Osttimor","NAME_EN":"East Timor","NAME_ES":"Timor Oriental","NAME_FA":"تیمور شرقی","NAME_FR":"Timor oriental","NAME_EL":"Ανατολικό Τιμόρ","NAME_HE":"מזרח טימור","NAME_HI":"पूर्वी तिमोर","NAME_HU":"Kelet-Timor","NAME_ID":"Timor Leste","NAME_IT":"Timor Est","NAME_JA":"東ティモール","NAME_KO":"동티모르","NAME_NL":"Oost-Timor","NAME_PL":"Timor Wschodni","NAME_PT":"Timor-Leste","NAME_RU":"Восточный Тимор","NAME_SV":"Östtimor","NAME_TR":"Doğu Timor","NAME_UK":"Східний Тимор","NAME_UR":"مشرقی تیمور","NAME_VI":"Đông Timor","NAME_ZH":"东帝汶","NAME_ZHT":"東帝汶","FCLASS_ISO":"Admin-0 country","TLC_DIFF":null,"FCLASS_TLC":"Admin-0 country","FCLASS_US":null,"FCLASS_FR":null,"FCLASS_RU":null,"FCLASS_ES":null,"FCLASS_CN":null,"FCLASS_TW":null,"FCLASS_IN":null,"FCLASS_NP":null,"FCLASS_PK":null,"FCLASS_DE":null,"FCLASS_GB":null,"FCLASS_BR":null,"FCLASS_IL":null,"FCLASS_PS":null,"FCLASS_SA":null,"FCLASS_EG":null,"FCLASS_MA":null,"FCLASS_PT":null,"FCLASS_AR":null,"FCLASS_JP":null,"FCLASS_KO":null,"FCLASS_VN":null,"FCLASS_TR":null,"FCLASS_ID":null,"FCLASS_PL":null,"FCLASS_GR":null,"FCLASS_IT":null,"FCLASS_NL":null,"FCLASS_SE":null,"FCLASS_BD":null,"FCLASS_UA":null},"geometry":{"type":"MultiPolygon","coordinates":[[],[],[]]}},{"type":"Feature","bbox":[97.373926,5.636768,105.641016,20.424414],"properties":{"featurecla":"Admin-0 country","scalerank":4,"LABELRANK":3,"SOVEREIGNT":"Thailand","SOV_A3":"THA","ADM0_DIF":0,"LEVEL":2,"TYPE":"Sovereign country","TLC":"1","ADMIN":"Thailand","ADM0_A3":"THA","GEOU_DIF":0,"GEOUNIT":"Thailand","GU_A3":"THA","SU_DIF":0,"SUBUNIT":"Thailand","SU_A3":"THA","BRK_DIFF":0,"NAME":"Thailand","NAME_LONG":"Thailand","BRK_A3":"THA","BRK_NAME":"Thailand","BRK_GROUP":null,"ABBREV":"Thai.","POSTAL":"TH","FORMAL_EN":"Kingdom of Thailand","FORMAL_FR":null,"NAME_CIAWF":"Thailand","NOTE_ADM0":null,"NOTE_BRK":null,"NAME_SORT":"Thailand","NAME_ALT":null,"MAPCOLOR7":3,"MAPCOLOR8":6,"MAPCOLOR9":8,"MAPCOLOR13":1,"POP_EST":69625582,"POP_RANK":16,"POP_YEAR":2019,"GDP_MD":543548,"GDP_YEAR":2019,"ECONOMY":"5. Emerging region: G20","INCOME_GRP":"3. Upper middle income","FIPS_10":"TH","ISO_A2":"TH","ISO_A2_EH":"TH","ISO_A3":"THA","ISO_A3_EH":"THA","ISO_N3":"764","ISO_N3_EH":"764","UN_A3":"764","WB_A2":"TH","WB_A3":"THA","WOE_ID":23424960,"WOE_ID_EH":23424960,"WOE_NOTE":"Exact WOE match as country","ADM0_ISO":"THA","ADM0_DIFF":null,"ADM0_TLC":"THA","ADM0_A3_US":"THA","ADM0_A3_FR":"THA","ADM0_A3_RU":"THA","ADM0_A3_ES":"THA","ADM0_A3_CN":"THA","ADM0_A3_TW":"THA","ADM0_A3_IN":"THA","ADM0_A3_NP":"THA","ADM0_A3_PK":"THA","ADM0_A3_DE":"THA","ADM0_A3_GB":"THA","ADM0_A3_BR":"THA","ADM0_A3_IL":"THA","ADM0_A3_PS":"THA","ADM0_A3_SA":"THA","ADM0_A3_EG":"THA","ADM0_A3_MA":"THA","ADM0_A3_PT":"THA","ADM0_A3_AR":"THA","ADM0_A3_JP":"THA","ADM0_A3_KO":"THA","ADM0_A3_VN":"THA","ADM0_A3_TR":"THA","ADM0_A3_ID":"THA","ADM0_A3_PL":"THA","ADM0_A3_GR":"THA","ADM0_A3_IT":"THA","ADM0_A3_NL":"THA","ADM0_A3_SE":"THA","ADM0_A3_BD":"THA","ADM0_A3_UA":"THA","ADM0_A3_UN":-99,"ADM0_A3_WB":-99,"CONTINENT":"Asia","REGION_UN":"Asia","SUBREGION":"South-Eastern Asia","REGION_WB":"East Asia & Pacific","NAME_LEN":8,"LONG_LEN":8,"ABBREV_LEN":5,"TINY":-99,"HOMEPART":1,"MIN_ZOOM":0,"MIN_LABEL":2.7,"MAX_LABEL":8,"LABEL_X":101.073198,"LABEL_Y":15.45974,"NE_ID":1159321305,"WIKIDATAID":"Q869","NAME_AR":"تايلاند","NAME_BN":"থাইল্যান্ড","NAME_DE":"Thailand","NAME_EN":"Thailand","NAME_ES":"Tailandia","NAME_FA":"تایلند","NAME_FR":"Thaïlande","NAME_EL":"Ταϊλάνδη","NAME_HE":"תאילנד","NAME_HI":"थाईलैण्ड","NAME_HU":"Thaiföld","NAME_ID":"Thailand","NAME_IT":"Thailandia","NAME_JA":"タイ王国","NAME_KO":"태국","NAME_NL":"Thailand","NAME_PL":"Tajlandia","NAME_PT":"Tailândia","NAME_RU":"Таиланд","NAME_SV":"Thailand","NAME_TR":"Tayland","NAME_UK":"Таїланд","NAME_UR":"تھائی لینڈ","NAME_VI":"Thái Lan","NAME_ZH":"泰国","NAME_ZHT":"泰國","FCLASS_ISO":"Admin-0 country","TLC_DIFF":null,"FCLASS_TLC":"Admin-0 country","FCLASS_US":null,"FCLASS_FR":null,"FCLASS_RU":null,"FCLASS_ES":null,"FCLASS_CN":null,"FCLASS_TW":null,"FCLASS_IN":null,"FCLASS_NP":null,"FCLASS_PK":null,"FCLASS_DE":null,"FCLASS_GB":null,"FCLASS_BR":null,"FCLASS_IL":null,"FCLASS_PS":null,"FCLASS_SA":null,"FCLASS_EG":null,"FCLASS_MA":null,"FCLASS_PT":null,"FCLASS_AR":null,"FCLASS_JP":null,"FCLASS_KO":null,"FCLASS_VN":null,"FCLASS_TR":null,"FCLASS_ID":null,"FCLASS_PL":null,"FCLASS_GR":null,"FCLASS_IT":null,"FCLASS_NL":null,"FCLASS_SE":null,"FCLASS_BD":null,"FCLASS_UA":null},"geometry":{"type":"MultiPolygon","coordinates":[[],[],[],[],[],[],[],[],[],[]]}},{"type":"Feature","bbox":[29.323438,-11.716211,40.463574,-0.994922],"properties":{"featurecla":"Admin-0 country","scalerank":3,"LABELRANK":3,"SOVEREIGNT":"United Republic of Tanzania","SOV_A3":"TZA","ADM0_DIF":0,"LEVEL":2,"TYPE":"Sovereign country","TLC":"1","ADMIN":"United Republic of Tanzania","ADM0_A3":"TZA","GEOU_DIF":0,"GEOUNIT":"Tanzania","GU_A3":"TZA","SU_DIF":0,"SUBUNIT":"Tanzania","SU_A3":"TZA","BRK_DIFF":0,"NAME":"Tanzania","NAME_LONG":"Tanzania","BRK_A3":"TZA","BRK_NAME":"Tanzania","BRK_GROUP":null,"ABBREV":"Tanz.","POSTAL":"TZ","FORMAL_EN":"United Republic of Tanzania","FORMAL_FR":null,"NAME_CIAWF":"Tanzania","NOTE_ADM0":null,"NOTE_BRK":null,"NAME_SORT":"Tanzania","NAME_ALT":null,"MAPCOLOR7":3,"MAPCOLOR8":6,"MAPCOLOR9":2,"MAPCOLOR13":2,"POP_EST":58005463,"POP_RANK":16,"POP_YEAR":2019,"GDP_MD":63177,"GDP_YEAR":2019,"ECONOMY":"7. Least developed region","INCOME_GRP":"5. Low income","FIPS_10":"TZ","ISO_A2":"TZ","ISO_A2_EH":"TZ","ISO_A3":"TZA","ISO_A3_EH":"TZA","ISO_N3":"834","ISO_N3_EH":"834","UN_A3":"834","WB_A2":"TZ","WB_A3":"TZA","WOE_ID":23424973,"WOE_ID_EH":23424973,"WOE_NOTE":"Exact WOE match as country","ADM0_ISO":"TZA","ADM0_DIFF":null,"ADM0_TLC":"TZA","ADM0_A3_US":"TZA","ADM0_A3_FR":"TZA","ADM0_A3_RU":"TZA","ADM0_A3_ES":"TZA","ADM0_A3_CN":"TZA","ADM0_A3_TW":"TZA","ADM0_A3_IN":"TZA","ADM0_A3_NP":"TZA","ADM0_A3_PK":"TZA","ADM0_A3_DE":"TZA","ADM0_A3_GB":"TZA","ADM0_A3_BR":"TZA","ADM0_A3_IL":"TZA","ADM0_A3_PS":"TZA","ADM0_A3_SA":"TZA","ADM0_A3_EG":"TZA","ADM0_A3_MA":"TZA","ADM0_A3_PT":"TZA","ADM0_A3_AR":"TZA","ADM0_A3_JP":"TZA","ADM0_A3_KO":"TZA","ADM0_A3_VN":"TZA","ADM0_A3_TR":"TZA","ADM0_A3_ID":"TZA","ADM0_A3_PL":"TZA","ADM0_A3_GR":"TZA","ADM0_A3_IT":"TZA","ADM0_A3_NL":"TZA","ADM0_A3_SE":"TZA","ADM0_A3_BD":"TZA","ADM0_A3_UA":"TZA","ADM0_A3_UN":-99,"ADM0_A3_WB":-99,"CONTINENT":"Africa","REGION_UN":"Africa","SUBREGION":"Eastern Africa","REGION_WB":"Sub-Saharan Africa","NAME_LEN":8,"LONG_LEN":8,"ABBREV_LEN":5,"TINY":-99,"HOMEPART":1,"MIN_ZOOM":0,"MIN_LABEL":3,"MAX_LABEL":8,"LABEL_X":34.959183,"LABEL_Y":-6.051866,"NE_ID":1159321337,"WIKIDATAID":"Q924","NAME_AR":"تنزانيا","NAME_BN":"তানজানিয়া","NAME_DE":"Tansania","NAME_EN":"Tanzania","NAME_ES":"Tanzania","NAME_FA":"تانزانیا","NAME_FR":"Tanzanie","NAME_EL":"Τανζανία","NAME_HE":"טנזניה","NAME_HI":"तंज़ानिया","NAME_HU":"Tanzánia","NAME_ID":"Tanzania","NAME_IT":"Tanzania","NAME_JA":"タンザニア","NAME_KO":"탄자니아","NAME_NL":"Tanzania","NAME_PL":"Tanzania","NAME_PT":"Tanzânia","NAME_RU":"Танзания","NAME_SV":"Tanzania","NAME_TR":"Tanzanya","NAME_UK":"Танзанія","NAME_UR":"تنزانیہ","NAME_VI":"Tanzania","NAME_ZH":"坦桑尼亚","NAME_ZHT":"坦尚尼亞","FCLASS_ISO":"Admin-0 country","TLC_DIFF":null,"FCLASS_TLC":"Admin-0 country","FCLASS_US":null,"FCLASS_FR":null,"FCLASS_RU":null,"FCLASS_ES":null,"FCLASS_CN":null,"FCLASS_TW":null,"FCLASS_IN":null,"FCLASS_NP":null,"FCLASS_PK":null,"FCLASS_DE":null,"FCLASS_GB":null,"FCLASS_BR":null,"FCLASS_IL":null,"FCLASS_PS":null,"FCLASS_SA":null,"FCLASS_EG":null,"FCLASS_MA":null,"FCLASS_PT":null,"FCLASS_AR":null,"FCLASS_JP":null,"FCLASS_KO":null,"FCLASS_VN":null,"FCLASS_TR":null,"FCLASS_ID":null,"FCLASS_PL":null,"FCLASS_GR":null,"FCLASS_IT":null,"FCLASS_NL":null,"FCLASS_SE":null,"FCLASS_BD":null,"FCLASS_UA":null},"geometry":{"type":"MultiPolygon","coordinates":[[],[],[],[]]}},{"type":"Feature","bbox":[67.349609,36.684033,75.11875,41.035107],"properties":{"featurecla":"Admin-0 country","scalerank":1,"LABELRANK":4,"SOVEREIGNT":"Tajikistan","SOV_A3":"TJK","ADM0_DIF":0,"LEVEL":2,"TYPE":"Sovereign country","TLC":"1","ADMIN":"Tajikistan","ADM0_A3":"TJK","GEOU_DIF":0,"GEOUNIT":"Tajikistan","GU_A3":"TJK","SU_DIF":0,"SUBUNIT":"Tajikistan","SU_A3":"TJK","BRK_DIFF":0,"NAME":"Tajikistan","NAME_LONG":"Tajikistan","BRK_A3":"TJK","BRK_NAME":"Tajikistan","BRK_GROUP":null,"ABBREV":"Tjk.","POSTAL":"TJ","FORMAL_EN":"Republic of Tajikistan","FORMAL_FR":null,"NAME_CIAWF":"Tajikistan","NOTE_ADM0":null,"NOTE_BRK":null,"NAME_SORT":"Tajikistan","NAME_ALT":null,"MAPCOLOR7":3,"MAPCOLOR8":6,"MAPCOLOR9":2,"MAPCOLOR13":5,"POP_EST":9321018,"POP_RANK":13,"POP_YEAR":2019,"GDP_MD":8116,"GDP_YEAR":2019,"ECONOMY":"6. Developing region","INCOME_GRP":"5. Low income","FIPS_10":"TI","ISO_A2":"TJ","ISO_A2_EH":"TJ","ISO_A3":"TJK","ISO_A3_EH":"TJK","ISO_N3":"762","ISO_N3_EH":"762","UN_A3":"762","WB_A2":"TJ","WB_A3":"TJK","WOE_ID":23424961,"WOE_ID_EH":23424961,"WOE_NOTE":"Exact WOE match as country","ADM0_ISO":"TJK","ADM0_DIFF":null,"ADM0_TLC":"TJK","ADM0_A3_US":"TJK","ADM0_A3_FR":"TJK","ADM0_A3_RU":"TJK","ADM0_A3_ES":"TJK","ADM0_A3_CN":"TJK","ADM0_A3_TW":"TJK","ADM0_A3_IN":"TJK","ADM0_A3_NP":"TJK","ADM0_A3_PK":"TJK","ADM0_A3_DE":"TJK","ADM0_A3_GB":"TJK","ADM0_A3_BR":"TJK","ADM0_A3_IL":"TJK","ADM0_A3_PS":"TJK","ADM0_A3_SA":"TJK","ADM0_A3_EG":"TJK","ADM0_A3_MA":"TJK","ADM0_A3_PT":"TJK","ADM0_A3_AR":"TJK","ADM0_A3_JP":"TJK","ADM0_A3_KO":"TJK","ADM0_A3_VN":"TJK","ADM0_A3_TR":"TJK","ADM0_A3_ID":"TJK","ADM0_A3_PL":"TJK","ADM0_A3_GR":"TJK","ADM0_A3_IT":"TJK","ADM0_A3_NL":"TJK","ADM0_A3_SE":"TJK","ADM0_A3_BD":"TJK","ADM0_A3_UA":"TJK","ADM0_A3_UN":-99,"ADM0_A3_WB":-99,"CONTINENT":"Asia","REGION_UN":"Asia","SUBREGION":"Central Asia","REGION_WB":"Europe & Central Asia","NAME_LEN":10,"LONG_LEN":10,"ABBREV_LEN":4,"TINY":-99,"HOMEPART":1,"MIN_ZOOM":0,"MIN_LABEL":4,"MAX_LABEL":9,"LABEL_X":72.587276,"LABEL_Y":38.199835,"NE_ID":1159321307,"WIKIDATAID":"Q863","NAME_AR":"طاجيكستان","NAME_BN":"তাজিকিস্তান","NAME_DE":"Tadschikistan","NAME_EN":"Tajikistan","NAME_ES":"Tayikistán","NAME_FA":"تاجیکستان","NAME_FR":"Tadjikistan","NAME_EL":"Τατζικιστάν","NAME_HE":"טג׳יקיסטן","NAME_HI":"ताजिकिस्तान","NAME_HU":"Tádzsikisztán","NAME_ID":"Tajikistan","NAME_IT":"Tagikistan","NAME_JA":"タジキスタン","NAME_KO":"타지키스탄","NAME_NL":"Tadzjikistan","NAME_PL":"Tadżykistan","NAME_PT":"Tajiquistão","NAME_RU":"Таджикистан","NAME_SV":"Tadzjikistan","NAME_TR":"Tacikistan","NAME_UK":"Таджикистан","NAME_UR":"تاجکستان","NAME_VI":"Tajikistan","NAME_ZH":"塔吉克斯坦","NAME_ZHT":"塔吉克","FCLASS_ISO":"Admin-0 country","TLC_DIFF":null,"FCLASS_TLC":"Admin-0 country","FCLASS_US":null,"FCLASS_FR":null,"FCLASS_RU":null,"FCLASS_ES":null,"FCLASS_CN":null,"FCLASS_TW":null,"FCLASS_IN":null,"FCLASS_NP":null,"FCLASS_PK":null,"FCLASS_DE":null,"FCLASS_GB":null,"FCLASS_BR":null,"FCLASS_IL":null,"FCLASS_PS":null,"FCLASS_SA":null,"FCLASS_EG":null,"FCLASS_MA":null,"FCLASS_PT":null,"FCLASS_AR":null,"FCLASS_JP":null,"FCLASS_KO":null,"FCLASS_VN":null,"FCLASS_TR":null,"FCLASS_ID":null,"FCLASS_PL":null,"FCLASS_GR":null,"FCLASS_IT":null,"FCLASS_NL":null,"FCLASS_SE":null,"FCLASS_BD":null,"FCLASS_UA":null},"geometry":{"type":"MultiPolygon","coordinates":[[],[],[]]}},{"type":"Feature","bbox":[118.287305,21.925,121.929004,25.276904],"properties":{"featurecla":"Admin-0 country","scalerank":1,"LABELRANK":3,"SOVEREIGNT":"Taiwan","SOV_A3":"TWN","ADM0_DIF":0,"LEVEL":2,"TYPE":"Sovereign country","TLC":"1","ADMIN":"Taiwan","ADM0_A3":"TWN","GEOU_DIF":0,"GEOUNIT":"Taiwan","GU_A3":"TWN","SU_DIF":0,"SUBUNIT":"Taiwan","SU_A3":"TWN","BRK_DIFF":0,"NAME":"Taiwan","NAME_LONG":"Taiwan","BRK_A3":"TWN","BRK_NAME":"Taiwan","BRK_GROUP":null,"ABBREV":"Taiwan","POSTAL":"TW","FORMAL_EN":null,"FORMAL_FR":null,"NAME_CIAWF":"Taiwan","NOTE_ADM0":null,"NOTE_BRK":"Self admin.; Claimed by China","NAME_SORT":"Taiwan","NAME_ALT":null,"MAPCOLOR7":1,"MAPCOLOR8":5,"MAPCOLOR9":7,"MAPCOLOR13":2,"POP_EST":23568378,"POP_RANK":15,"POP_YEAR":2020,"GDP_MD":1127000,"GDP_YEAR":2016,"ECONOMY":"2. Developed region: nonG7","INCOME_GRP":"2. High income: nonOECD","FIPS_10":"TW","ISO_A2":"CN-TW","ISO_A2_EH":"TW","ISO_A3":"TWN","ISO_A3_EH":"TWN","ISO_N3":"158","ISO_N3_EH":"158","UN_A3":"-099","WB_A2":"-99","WB_A3":"-99","WOE_ID":23424971,"WOE_ID_EH":23424971,"WOE_NOTE":"Exact WOE match as country","ADM0_ISO":"TWN","ADM0_DIFF":null,"ADM0_TLC":"TWN","ADM0_A3_US":"TWN","ADM0_A3_FR":"TWN","ADM0_A3_RU":"CHN","ADM0_A3_ES":"TWN","ADM0_A3_CN":"CHN","ADM0_A3_TW":"TWN","ADM0_A3_IN":"TWN","ADM0_A3_NP":"CHN","ADM0_A3_PK":"CHN","ADM0_A3_DE":"TWN","ADM0_A3_GB":"TWN","ADM0_A3_BR":"TWN","ADM0_A3_IL":"TWN","ADM0_A3_PS":"TWN","ADM0_A3_SA":"TWN","ADM0_A3_EG":"CHN","ADM0_A3_MA":"CHN","ADM0_A3_PT":"TWN","ADM0_A3_AR":"TWN","ADM0_A3_JP":"TWN","ADM0_A3_KO":"TWN","ADM0_A3_VN":"TWN","ADM0_A3_TR":"TWN","ADM0_A3_ID":"CHN","ADM0_A3_PL":"TWN","ADM0_A3_GR":"TWN","ADM0_A3_IT":"TWN","ADM0_A3_NL":"TWN","ADM0_A3_SE":"TWN","ADM0_A3_BD":"CHN","ADM0_A3_UA":"TWN","ADM0_A3_UN":-99,"ADM0_A3_WB":-99,"CONTINENT":"Asia","REGION_UN":"Asia","SUBREGION":"Eastern Asia","REGION_WB":"East Asia & Pacific","NAME_LEN":6,"LONG_LEN":6,"ABBREV_LEN":6,"TINY":-99,"HOMEPART":1,"MIN_ZOOM":0,"MIN_LABEL":4.5,"MAX_LABEL":8,"LABEL_X":120.868204,"LABEL_Y":23.652408,"NE_ID":1159321335,"WIKIDATAID":"Q865","NAME_AR":"تايوان","NAME_BN":"তাইওয়ান","NAME_DE":"Republik China","NAME_EN":"Taiwan","NAME_ES":"República de China","NAME_FA":"تایوان","NAME_FR":"Taïwan","NAME_EL":"Δημοκρατία της Κίνας","NAME_HE":"טאיוואן","NAME_HI":"चीनी गणराज्य","NAME_HU":"Kínai Köztársaság","NAME_ID":"Taiwan","NAME_IT":"Taiwan","NAME_JA":"中華民国","NAME_KO":"중화민국","NAME_NL":"Taiwan","NAME_PL":"Republika Chińska","NAME_PT":"Taiwan","NAME_RU":"Тайвань","NAME_SV":"Taiwan","NAME_TR":"Çin Cumhuriyeti","NAME_UK":"Республіка Китай","NAME_UR":"تائیوان","NAME_VI":"Đài Loan","NAME_ZH":"中华民国","NAME_ZHT":"中華民國","FCLASS_ISO":"Admin-1 states provinces","TLC_DIFF":"1","FCLASS_TLC":"Admin-0 country","FCLASS_US":null,"FCLASS_FR":null,"FCLASS_RU":null,"FCLASS_ES":null,"FCLASS_CN":"Admin-1 states provinces","FCLASS_TW":"Admin-0 country","FCLASS_IN":null,"FCLASS_NP":"Admin-1 states provinces","FCLASS_PK":null,"FCLASS_DE":null,"FCLASS_GB":null,"FCLASS_BR":null,"FCLASS_IL":null,"FCLASS_PS":null,"FCLASS_SA":null,"FCLASS_EG":"Admin-1 states provinces","FCLASS_MA":"Admin-1 states provinces","FCLASS_PT":null,"FCLASS_AR":null,"FCLASS_JP":null,"FCLASS_KO":null,"FCLASS_VN":null,"FCLASS_TR":null,"FCLASS_ID":"Admin-1 states provinces","FCLASS_PL":null,"FCLASS_GR":null,"FCLASS_IT":null,"FCLASS_NL":null,"FCLASS_SE":null,"FCLASS_BD":"Admin-1 states provinces","FCLASS_UA":null},"geometry":{"type":"MultiPolygon","coordinates":[[],[]]}},{"type":"Feature","bbox":[35.764453,32.317285,42.359082,37.297266],"properties":{"featurecla":"Admin-0 country","scalerank":1,"LABELRANK":3,"SOVEREIGNT":"Syria","SOV_A3":"SYR","ADM0_DIF":0,"LEVEL":2,"TYPE":"Sovereign country","TLC":"1","ADMIN":"Syria","ADM0_A3":"SYR","GEOU_DIF":0,"GEOUNIT":"Syria","GU_A3":"SYR","SU_DIF":0,"SUBUNIT":"Syria","SU_A3":"SYR","BRK_DIFF":0,"NAME":"Syria","NAME_LONG":"Syria","BRK_A3":"SYR","BRK_NAME":"Syria","BRK_GROUP":null,"ABBREV":"Syria","POSTAL":"SYR","FORMAL_EN":"Syrian Arab Republic","FORMAL_FR":null,"NAME_CIAWF":"Syria","NOTE_ADM0":null,"NOTE_BRK":null,"NAME_SORT":"Syrian Arab Republic","NAME_ALT":null,"MAPCOLOR7":2,"MAPCOLOR8":6,"MAPCOLOR9":2,"MAPCOLOR13":6,"POP_EST":17070135,"POP_RANK":14,"POP_YEAR":2019,"GDP_MD":98830,"GDP_YEAR":2015,"ECONOMY":"6. Developing region","INCOME_GRP":"4. Lower middle income","FIPS_10":"SY","ISO_A2":"SY","ISO_A2_EH":"SY","ISO_A3":"SYR","ISO_A3_EH":"SYR","ISO_N3":"760","ISO_N3_EH":"760","UN_A3":"760","WB_A2":"SY","WB_A3":"SYR","WOE_ID":23424956,"WOE_ID_EH":23424956,"WOE_NOTE":"Exact WOE match as country","ADM0_ISO":"SYR","ADM0_DIFF":null,"ADM0_TLC":"SYR","ADM0_A3_US":"SYR","ADM0_A3_FR":"SYR","ADM0_A3_RU":"SYR","ADM0_A3_ES":"SYR","ADM0_A3_CN":"SYR","ADM0_A3_TW":"SYR","ADM0_A3_IN":"SYR","ADM0_A3_NP":"SYR","ADM0_A3_PK":"SYR","ADM0_A3_DE":"SYR","ADM0_A3_GB":"SYR","ADM0_A3_BR":"SYR","ADM0_A3_IL":"SYR","ADM0_A3_PS":"SYR","ADM0_A3_SA":"SYR","ADM0_A3_EG":"SYR","ADM0_A3_MA":"SYR","ADM0_A3_PT":"SYR","ADM0_A3_AR":"SYR","ADM0_A3_JP":"SYR","ADM0_A3_KO":"SYR","ADM0_A3_VN":"SYR","ADM0_A3_TR":"SYR","ADM0_A3_ID":"SYR","ADM0_A3_PL":"SYR","ADM0_A3_GR":"SYR","ADM0_A3_IT":"SYR","ADM0_A3_NL":"SYR","ADM0_A3_SE":"SYR","ADM0_A3_BD":"SYR","ADM0_A3_UA":"SYR","ADM0_A3_UN":-99,"ADM0_A3_WB":-99,"CONTINENT":"Asia","REGION_UN":"Asia","SUBREGION":"Western Asia","REGION_WB":"Middle East & North Africa","NAME_LEN":5,"LONG_LEN":5,"ABBREV_LEN":5,"TINY":-99,"HOMEPART":1,"MIN_ZOOM":0,"MIN_LABEL":3,"MAX_LABEL":8,"LABEL_X":38.277783,"LABEL_Y":35.006636,"NE_ID":1159321295,"WIKIDATAID":"Q858","NAME_AR":"سوريا","NAME_BN":"সিরিয়া","NAME_DE":"Syrien","NAME_EN":"Syria","NAME_ES":"Siria","NAME_FA":"سوریه","NAME_FR":"Syrie","NAME_EL":"Συρία","NAME_HE":"סוריה","NAME_HI":"सीरिया","NAME_HU":"Szíria","NAME_ID":"Suriah","NAME_IT":"Siria","NAME_JA":"シリア","NAME_KO":"시리아","NAME_NL":"Syrië","NAME_PL":"Syria","NAME_PT":"Síria","NAME_RU":"Сирия","NAME_SV":"Syrien","NAME_TR":"Suriye","NAME_UK":"Сирія","NAME_UR":"سوریہ","NAME_VI":"Syria","NAME_ZH":"叙利亚","NAME_ZHT":"敘利亞","FCLASS_ISO":"Admin-0 country","TLC_DIFF":null,"FCLASS_TLC":"Admin-0 country","FCLASS_US":null,"FCLASS_FR":null,"FCLASS_RU":null,"FCLASS_ES":null,"FCLASS_CN":null,"FCLASS_TW":null,"FCLASS_IN":null,"FCLASS_NP":null,"FCLASS_PK":null,"FCLASS_DE":null,"FCLASS_GB":null,"FCLASS_BR":null,"FCLASS_IL":null,"FCLASS_PS":null,"FCLASS_SA":null,"FCLASS_EG":null,"FCLASS_MA":null,"FCLASS_PT":null,"FCLASS_AR":null,"FCLASS_JP":null,"FCLASS_KO":null,"FCLASS_VN":null,"FCLASS_TR":null,"FCLASS_ID":null,"FCLASS_PL":null,"FCLASS_GR":null,"FCLASS_IT":null,"FCLASS_NL":null,"FCLASS_SE":null,"FCLASS_BD":null,"FCLASS_UA":null},"geometry":{"type":"Polygon","coordinates":[[[35.892676,35.916553],[35.967578,35.910059],[36.127344,35.831445],[36.153613,35.833887],[36.201953,35.937549],[36.248828,35.972705],[36.347559,36.003516],[36.375391,36.17124],[36.421484,36.203467],[36.477051,36.220703],[36.562402,36.223926],[36.636719,36.233984],[36.641406,36.263525],[36.5375,36.457422],[36.54668,36.506348],[36.596875,36.701367],[36.628418,36.777686],[36.658594,36.802539],[36.776563,36.792676],[36.899181,36.76723874251062],[36.899181,32.36156049619742],[36.818359,32.317285],[36.479199,32.361328],[36.37207,32.386914],[36.284277,32.457471],[36.219727,32.495117],[36.059473,32.533789],[35.956445,32.666699],[35.894727,32.71377],[35.787305,32.734912],[35.833283,32.820094],[35.841863,32.875954],[35.887977,32.944379],[35.859022,32.989367],[35.84508,33.084665],[35.824704,33.108024],[35.817197,33.133173],[35.833283,33.163702],[35.826849,33.195117],[35.808618,33.208577],[35.800038,33.256121],[35.785024,33.291089],[35.792531,33.334107],[35.816125,33.361879],[35.840738,33.415661],[35.869141,33.431738],[35.914746,33.465381],[35.926563,33.500293],[35.967578,33.53457],[36.022266,33.5625],[36.034473,33.585059],[36.02666,33.597949],[35.97168,33.623096],[35.942383,33.667578],[35.968457,33.732422],[35.986133,33.752637],[36.018848,33.783936],[36.092188,33.831592],[36.149805,33.839502],[36.199414,33.839551],[36.283398,33.835596],[36.348535,33.827051],[36.365039,33.839355],[36.362793,33.855127],[36.282227,33.894189],[36.277832,33.925293],[36.297852,33.958643],[36.354883,34.011328],[36.422852,34.049854],[36.45752,34.056836],[36.535156,34.134326],[36.584961,34.22124],[36.504395,34.432373],[36.455566,34.466162],[36.376465,34.495166],[36.329883,34.499609],[36.32627,34.51333],[36.388672,34.566895],[36.433008,34.613477],[36.383887,34.65791],[36.296289,34.678711],[36.263574,34.632861],[36.151074,34.628613],[35.97627,34.629199],[35.899316,34.8521],[35.887891,34.948633],[35.889941,35.060303],[35.943066,35.223828],[35.918066,35.299512],[35.916016,35.350537],[35.902441,35.420703],[35.764453,35.571582],[35.839648,35.849219],[35.892676,35.916553]]]}},{"type":"Feature","bbox":[5.97002,45.830029,10.45459,47.775635],"properties":{"featurecla":"Admin-0 country","scalerank":1,"LABELRANK":4,"SOVEREIGNT":"Switzerland","SOV_A3":"CHE","ADM0_DIF":0,"LEVEL":2,"TYPE":"Sovereign country","TLC":"1","ADMIN":"Switzerland","ADM0_A3":"CHE","GEOU_DIF":0,"GEOUNIT":"Switzerland","GU_A3":"CHE","SU_DIF":0,"SUBUNIT":"Switzerland","SU_A3":"CHE","BRK_DIFF":0,"NAME":"Switzerland","NAME_LONG":"Switzerland","BRK_A3":"CHE","BRK_NAME":"Switzerland","BRK_GROUP":null,"ABBREV":"Switz.","POSTAL":"CH","FORMAL_EN":"Swiss Confederation","FORMAL_FR":null,"NAME_CIAWF":"Switzerland","NOTE_ADM0":null,"NOTE_BRK":null,"NAME_SORT":"Switzerland","NAME_ALT":null,"MAPCOLOR7":5,"MAPCOLOR8":2,"MAPCOLOR9":7,"MAPCOLOR13":3,"POP_EST":8574832,"POP_RANK":13,"POP_YEAR":2019,"GDP_MD":703082,"GDP_YEAR":2019,"ECONOMY":"2. Developed region: nonG7","INCOME_GRP":"1. High income: OECD","FIPS_10":"SZ","ISO_A2":"CH","ISO_A2_EH":"CH","ISO_A3":"CHE","ISO_A3_EH":"CHE","ISO_N3":"756","ISO_N3_EH":"756","UN_A3":"756","WB_A2":"CH","WB_A3":"CHE","WOE_ID":23424957,"WOE_ID_EH":23424957,"WOE_NOTE":"Exact WOE match as country","ADM0_ISO":"CHE","ADM0_DIFF":null,"ADM0_TLC":"CHE","ADM0_A3_US":"CHE","ADM0_A3_FR":"CHE","ADM0_A3_RU":"CHE","ADM0_A3_ES":"CHE","ADM0_A3_CN":"CHE","ADM0_A3_TW":"CHE","ADM0_A3_IN":"CHE","ADM0_A3_NP":"CHE","ADM0_A3_PK":"CHE","ADM0_A3_DE":"CHE","ADM0_A3_GB":"CHE","ADM0_A3_BR":"CHE","ADM0_A3_IL":"CHE","ADM0_A3_PS":"CHE","ADM0_A3_SA":"CHE","ADM0_A3_EG":"CHE","ADM0_A3_MA":"CHE","ADM0_A3_PT":"CHE","ADM0_A3_AR":"CHE","ADM0_A3_JP":"CHE","ADM0_A3_KO":"CHE","ADM0_A3_VN":"CHE","ADM0_A3_TR":"CHE","ADM0_A3_ID":"CHE","ADM0_A3_PL":"CHE","ADM0_A3_GR":"CHE","ADM0_A3_IT":"CHE","ADM0_A3_NL":"CHE","ADM0_A3_SE":"CHE","ADM0_A3_BD":"CHE","ADM0_A3_UA":"CHE","ADM0_A3_UN":-99,"ADM0_A3_WB":-99,"CONTINENT":"Europe","REGION_UN":"Europe","SUBREGION":"Western Europe","REGION_WB":"Europe & Central Asia","NAME_LEN":11,"LONG_LEN":11,"ABBREV_LEN":6,"TINY":-99,"HOMEPART":1,"MIN_ZOOM":0,"MIN_LABEL":4,"MAX_LABEL":9,"LABEL_X":7.463965,"LABEL_Y":46.719114,"NE_ID":1159320491,"WIKIDATAID":"Q39","NAME_AR":"سويسرا","NAME_BN":"সুইজারল্যান্ড","NAME_DE":"Schweiz","NAME_EN":"Switzerland","NAME_ES":"Suiza","NAME_FA":"سوئیس","NAME_FR":"Suisse","NAME_EL":"Ελβετία","NAME_HE":"שווייץ","NAME_HI":"स्विट्ज़रलैण्ड","NAME_HU":"Svájc","NAME_ID":"Swiss","NAME_IT":"Svizzera","NAME_JA":"スイス","NAME_KO":"스위스","NAME_NL":"Zwitserland","NAME_PL":"Szwajcaria","NAME_PT":"Suíça","NAME_RU":"Швейцария","NAME_SV":"Schweiz","NAME_TR":"İsviçre","NAME_UK":"Швейцарія","NAME_UR":"سویٹزرلینڈ","NAME_VI":"Thụy Sĩ","NAME_ZH":"瑞士","NAME_ZHT":"瑞士","FCLASS_ISO":"Admin-0 country","TLC_DIFF":null,"FCLASS_TLC":"Admin-0 country","FCLASS_US":null,"FCLASS_FR":null,"FCLASS_RU":null,"FCLASS_ES":null,"FCLASS_CN":null,"FCLASS_TW":null,"FCLASS_IN":null,"FCLASS_NP":null,"FCLASS_PK":null,"FCLASS_DE":null,"FCLASS_GB":null,"FCLASS_BR":null,"FCLASS_IL":null,"FCLASS_PS":null,"FCLASS_SA":null,"FCLASS_EG":null,"FCLASS_MA":null,"FCLASS_PT":null,"FCLASS_AR":null,"FCLASS_JP":null,"FCLASS_KO":null,"FCLASS_VN":null,"FCLASS_TR":null,"FCLASS_ID":null,"FCLASS_PL":null,"FCLASS_GR":null,"FCLASS_IT":null,"FCLASS_NL":null,"FCLASS_SE":null,"FCLASS_BD":null,"FCLASS_UA":null},"geometry":{"type":"Polygon","coordinates":[[[9.482352835224372,47.085215],[9.487695,47.062256],[9.502344,47.062744],[9.580273,47.057373],[9.619922,47.057471],[9.74502,47.037109],[9.845313,47.007373],[9.864648,46.975977],[9.877734,46.937695],[9.996875,46.885352],[10.133496,46.851514],[10.179785,46.862354],[10.349414,46.984766],[10.414941,46.964404],[10.45459,46.899414],[10.452832,46.864941],[10.406055,46.734863],[10.397949,46.665039],[10.438281,46.618848],[10.44248,46.582861],[10.430664,46.550049],[10.363086,46.54707],[10.272266,46.564844],[10.195508,46.621094],[10.1375,46.614355],[10.087012,46.599902],[10.06123,46.546777],[10.038281,46.483203],[10.045605,46.4479],[10.081934,46.420752],[10.109668,46.362842],[10.129883,46.287988],[10.145215,46.253516],[10.12832,46.238232],[10.080566,46.227979],[10.041016,46.238086],[9.97168,46.327686],[9.939258,46.361816],[9.884473,46.367773],[9.787793,46.346045],[9.639453,46.295898],[9.57959,46.296094],[9.528711,46.306201],[9.481055,46.348779],[9.440625,46.430811],[9.427637,46.482324],[9.399316,46.480664],[9.304395,46.495557],[9.260156,46.475195],[9.259766,46.39126],[9.251074,46.286768],[9.203418,46.219238],[9.070996,46.102441],[9.022363,46.051465],[9.003027,46.014893],[8.998926,45.983105],[9.019141,45.928125],[9.04668,45.875586],[9.02373,45.845703],[8.953711,45.830029],[8.904297,45.861963],[8.885156,45.918701],[8.778027,45.996191],[8.826758,46.061035],[8.818555,46.077148],[8.641699,46.110791],[8.56543,46.159814],[8.458398,46.245898],[8.438477,46.282861],[8.442969,46.402783],[8.436816,46.431885],[8.422559,46.446045],[8.370703,46.445117],[8.298535,46.403418],[8.231934,46.341211],[8.095703,46.271045],[8.081543,46.256006],[8.127246,46.187598],[8.125195,46.160937],[8.014258,46.051904],[7.993164,46.015918],[7.852344,45.947461],[7.787891,45.921826],[7.592578,45.972217],[7.538574,45.978174],[7.451563,45.944434],[7.32793,45.912354],[7.129004,45.88042],[7.055762,45.903809],[7.021094,45.925781],[7.003906,45.958838],[6.953711,46.017139],[6.897266,46.051758],[6.858008,46.089404],[6.805664,46.130664],[6.77207,46.165137],[6.816797,46.275195],[6.78418,46.313965],[6.767383,46.369189],[6.776074,46.406641],[6.758105,46.415771],[6.578223,46.437354],[6.428906,46.430518],[6.321875,46.393701],[6.234668,46.332617],[6.224219,46.319434],[6.22959,46.308447],[6.272949,46.252246],[6.199414,46.193066],[6.086621,46.147021],[6.006641,46.142334],[5.971484,46.151221],[5.97002,46.214697],[6.036133,46.238086],[6.095898,46.279395],[6.115918,46.337646],[6.123242,46.378613],[6.060254,46.428174],[6.067969,46.458545],[6.107031,46.516064],[6.129688,46.566992],[6.160742,46.611035],[6.285156,46.683057],[6.410156,46.75542],[6.429004,46.832275],[6.438574,46.925879],[6.45625,46.94834],[6.624805,47.004346],[6.666895,47.026514],[6.688086,47.058252],[6.722162851398996,47.085215],[9.482352835224372,47.085215]]]}},{"type":"Feature","bbox":[11.147168,55.346387,24.155469,69.036865],"properties":{"featurecla":"Admin-0 country","scalerank":3,"LABELRANK":3,"SOVEREIGNT":"Sweden","SOV_A3":"SWE","ADM0_DIF":0,"LEVEL":2,"TYPE":"Sovereign country","TLC":"1","ADMIN":"Sweden","ADM0_A3":"SWE","GEOU_DIF":0,"GEOUNIT":"Sweden","GU_A3":"SWE","SU_DIF":0,"SUBUNIT":"Sweden","SU_A3":"SWE","BRK_DIFF":0,"NAME":"Sweden","NAME_LONG":"Sweden","BRK_A3":"SWE","BRK_NAME":"Sweden","BRK_GROUP":null,"ABBREV":"Swe.","POSTAL":"S","FORMAL_EN":"Kingdom of Sweden","FORMAL_FR":null,"NAME_CIAWF":"Sweden","NOTE_ADM0":null,"NOTE_BRK":null,"NAME_SORT":"Sweden","NAME_ALT":null,"MAPCOLOR7":1,"MAPCOLOR8":4,"MAPCOLOR9":2,"MAPCOLOR13":4,"POP_EST":10285453,"POP_RANK":14,"POP_YEAR":2019,"GDP_MD":530883,"GDP_YEAR":2019,"ECONOMY":"2. Developed region: nonG7","INCOME_GRP":"1. High income: OECD","FIPS_10":"SW","ISO_A2":"SE","ISO_A2_EH":"SE","ISO_A3":"SWE","ISO_A3_EH":"SWE","ISO_N3":"752","ISO_N3_EH":"752","UN_A3":"752","WB_A2":"SE","WB_A3":"SWE","WOE_ID":23424954,"WOE_ID_EH":23424954,"WOE_NOTE":"Exact WOE match as country","ADM0_ISO":"SWE","ADM0_DIFF":null,"ADM0_TLC":"SWE","ADM0_A3_US":"SWE","ADM0_A3_FR":"SWE","ADM0_A3_RU":"SWE","ADM0_A3_ES":"SWE","ADM0_A3_CN":"SWE","ADM0_A3_TW":"SWE","ADM0_A3_IN":"SWE","ADM0_A3_NP":"SWE","ADM0_A3_PK":"SWE","ADM0_A3_DE":"SWE","ADM0_A3_GB":"SWE","ADM0_A3_BR":"SWE","ADM0_A3_IL":"SWE","ADM0_A3_PS":"SWE","ADM0_A3_SA":"SWE","ADM0_A3_EG":"SWE","ADM0_A3_MA":"SWE","ADM0_A3_PT":"SWE","ADM0_A3_AR":"SWE","ADM0_A3_JP":"SWE","ADM0_A3_KO":"SWE","ADM0_A3_VN":"SWE","ADM0_A3_TR":"SWE","ADM0_A3_ID":"SWE","ADM0_A3_PL":"SWE","ADM0_A3_GR":"SWE","ADM0_A3_IT":"SWE","ADM0_A3_NL":"SWE","ADM0_A3_SE":"SWE","ADM0_A3_BD":"SWE","ADM0_A3_UA":"SWE","ADM0_A3_UN":-99,"ADM0_A3_WB":-99,"CONTINENT":"Europe","REGION_UN":"Europe","SUBREGION":"Northern Europe","REGION_WB":"Europe & Central Asia","NAME_LEN":6,"LONG_LEN":6,"ABBREV_LEN":4,"TINY":-99,"HOMEPART":1,"MIN_ZOOM":0,"MIN_LABEL":2,"MAX_LABEL":7,"LABEL_X":19.01705,"LABEL_Y":65.85918,"NE_ID":1159321287,"WIKIDATAID":"Q34","NAME_AR":"السويد","NAME_BN":"সুইডেন","NAME_DE":"Schweden","NAME_EN":"Sweden","NAME_ES":"Suecia","NAME_FA":"سوئد","NAME_FR":"Suède","NAME_EL":"Σουηδία","NAME_HE":"שוודיה","NAME_HI":"स्वीडन","NAME_HU":"Svédország","NAME_ID":"Swedia","NAME_IT":"Svezia","NAME_JA":"スウェーデン","NAME_KO":"스웨덴","NAME_NL":"Zweden","NAME_PL":"Szwecja","NAME_PT":"Suécia","NAME_RU":"Швеция","NAME_SV":"Sverige","NAME_TR":"İsveç","NAME_UK":"Швеція","NAME_UR":"سویڈن","NAME_VI":"Thụy Điển","NAME_ZH":"瑞典","NAME_ZHT":"瑞典","FCLASS_ISO":"Admin-0 country","TLC_DIFF":null,"FCLASS_TLC":"Admin-0 country","FCLASS_US":null,"FCLASS_FR":null,"FCLASS_RU":null,"FCLASS_ES":null,"FCLASS_CN":null,"FCLASS_TW":null,"FCLASS_IN":null,"FCLASS_NP":null,"FCLASS_PK":null,"FCLASS_DE":null,"FCLASS_GB":null,"FCLASS_BR":null,"FCLASS_IL":null,"FCLASS_PS":null,"FCLASS_SA":null,"FCLASS_EG":null,"FCLASS_MA":null,"FCLASS_PT":null,"FCLASS_AR":null,"FCLASS_JP":null,"FCLASS_KO":null,"FCLASS_VN":null,"FCLASS_TR":null,"FCLASS_ID":null,"FCLASS_PL":null,"FCLASS_GR":null,"FCLASS_IT":null,"FCLASS_NL":null,"FCLASS_SE":null,"FCLASS_BD":null,"FCLASS_UA":null},"geometry":{"type":"MultiPolygon","coordinates":[[],[],[],[],[],[]]}},{"type":"Feature","bbox":[21.825293,8.665625,38.609473,22.202441],"properties":{"featurecla":"Admin-0 country","scalerank":1,"LABELRANK":3,"SOVEREIGNT":"Sudan","SOV_A3":"SDN","ADM0_DIF":0,"LEVEL":2,"TYPE":"Sovereign country","TLC":"1","ADMIN":"Sudan","ADM0_A3":"SDN","GEOU_DIF":0,"GEOUNIT":"Sudan","GU_A3":"SDN","SU_DIF":0,"SUBUNIT":"Sudan","SU_A3":"SDN","BRK_DIFF":0,"NAME":"Sudan","NAME_LONG":"Sudan","BRK_A3":"SDN","BRK_NAME":"Sudan","BRK_GROUP":null,"ABBREV":"Sudan","POSTAL":"SD","FORMAL_EN":"Republic of the Sudan","FORMAL_FR":null,"NAME_CIAWF":"Sudan","NOTE_ADM0":null,"NOTE_BRK":null,"NAME_SORT":"Sudan","NAME_ALT":null,"MAPCOLOR7":2,"MAPCOLOR8":6,"MAPCOLOR9":4,"MAPCOLOR13":1,"POP_EST":42813238,"POP_RANK":15,"POP_YEAR":2019,"GDP_MD":30513,"GDP_YEAR":2019,"ECONOMY":"6. Developing region","INCOME_GRP":"4. Lower middle income","FIPS_10":"SU","ISO_A2":"SD","ISO_A2_EH":"SD","ISO_A3":"SDN","ISO_A3_EH":"SDN","ISO_N3":"729","ISO_N3_EH":"729","UN_A3":"729","WB_A2":"SD","WB_A3":"SDN","WOE_ID":-90,"WOE_ID_EH":23424952,"WOE_NOTE":"Almost all FLickr photos are in the north.","ADM0_ISO":"SDZ","ADM0_DIFF":null,"ADM0_TLC":"SDZ","ADM0_A3_US":"SDN","ADM0_A3_FR":"SDN","ADM0_A3_RU":"SDN","ADM0_A3_ES":"SDN","ADM0_A3_CN":"SDN","ADM0_A3_TW":"SDN","ADM0_A3_IN":"SDN","ADM0_A3_NP":"SDN","ADM0_A3_PK":"SDN","ADM0_A3_DE":"SDN","ADM0_A3_GB":"SDN","ADM0_A3_BR":"SDN","ADM0_A3_IL":"SDN","ADM0_A3_PS":"SDN","ADM0_A3_SA":"SDN","ADM0_A3_EG":"SDN","ADM0_A3_MA":"SDN","ADM0_A3_PT":"SDN","ADM0_A3_AR":"SDN","ADM0_A3_JP":"SDN","ADM0_A3_KO":"SDN","ADM0_A3_VN":"SDN","ADM0_A3_TR":"SDN","ADM0_A3_ID":"SDN","ADM0_A3_PL":"SDN","ADM0_A3_GR":"SDN","ADM0_A3_IT":"SDN","ADM0_A3_NL":"SDN","ADM0_A3_SE":"SDN","ADM0_A3_BD":"SDN","ADM0_A3_UA":"SDN","ADM0_A3_UN":-99,"ADM0_A3_WB":-99,"CONTINENT":"Africa","REGION_UN":"Africa","SUBREGION":"Northern Africa","REGION_WB":"Sub-Saharan Africa","NAME_LEN":5,"LONG_LEN":5,"ABBREV_LEN":5,"TINY":-99,"HOMEPART":1,"MIN_ZOOM":0,"MIN_LABEL":2.5,"MAX_LABEL":8,"LABEL_X":29.260657,"LABEL_Y":16.330746,"NE_ID":1159321229,"WIKIDATAID":"Q1049","NAME_AR":"السودان","NAME_BN":"সুদান","NAME_DE":"Sudan","NAME_EN":"Sudan","NAME_ES":"Sudán","NAME_FA":"سودان","NAME_FR":"Soudan","NAME_EL":"Σουδάν","NAME_HE":"סודאן","NAME_HI":"सूडान","NAME_HU":"Szudán","NAME_ID":"Sudan","NAME_IT":"Sudan","NAME_JA":"スーダン","NAME_KO":"수단","NAME_NL":"Soedan","NAME_PL":"Sudan","NAME_PT":"Sudão","NAME_RU":"Судан","NAME_SV":"Sudan","NAME_TR":"Sudan","NAME_UK":"Судан","NAME_UR":"سوڈان","NAME_VI":"Sudan","NAME_ZH":"苏丹","NAME_ZHT":"蘇丹","FCLASS_ISO":"Admin-0 country","TLC_DIFF":null,"FCLASS_TLC":"Admin-0 country","FCLASS_US":null,"FCLASS_FR":null,"FCLASS_RU":null,"FCLASS_ES":null,"FCLASS_CN":null,"FCLASS_TW":null,"FCLASS_IN":null,"FCLASS_NP":null,"FCLASS_PK":null,"FCLASS_DE":null,"FCLASS_GB":null,"FCLASS_BR":null,"FCLASS_IL":null,"FCLASS_PS":null,"FCLASS_SA":null,"FCLASS_EG":null,"FCLASS_MA":null,"FCLASS_PT":null,"FCLASS_AR":null,"FCLASS_JP":null,"FCLASS_KO":null,"FCLASS_VN":null,"FCLASS_TR":null,"FCLASS_ID":null,"FCLASS_PL":null,"FCLASS_GR":null,"FCLASS_IT":null,"FCLASS_NL":null,"FCLASS_SE":null,"FCLASS_BD":null,"FCLASS_UA":null},"geometry":{"type":"Polygon","coordinates":[[[23.980729766402494,18.975561],[23.980664,19.050586],[23.980273,19.496631],[23.980273,19.621484],[23.980273,19.746289],[23.980273,19.871094],[23.980273,19.995947],[24.226953,19.99585],[24.473633,19.995703],[24.72041,19.995557],[24.966992,19.995459],[24.970215,19.997266],[24.973242,19.999023],[24.976367,20.000781],[24.979492,20.002588],[24.979688,20.500928],[24.979883,20.999219],[24.980078,21.497559],[24.980273,21.99585],[25.362305,21.995801],[25.744336,21.995752],[26.126367,21.995654],[26.508398,21.995605],[26.89043,21.995557],[27.272461,21.995508],[27.654492,21.995459],[28.036426,21.995361],[28.418555,21.995312],[28.800586,21.995264],[29.18252,21.995215],[29.564551,21.995117],[29.94668,21.995117],[30.328613,21.99502],[30.710645,21.994922],[31.092676,21.994873],[31.20918,21.994873],[31.260645,22.002295],[31.358496,22.188623],[31.400293,22.202441],[31.464258,22.191504],[31.486133,22.147803],[31.466406,22.084668],[31.434473,21.99585],[31.62168,21.99585],[31.949805,21.995898],[32.277832,21.995996],[32.606055,21.995996],[32.934082,21.996094],[33.262207,21.996143],[33.590332,21.996191],[33.918457,21.99624],[34.246484,21.996289],[34.574609,21.996338],[34.902734,21.996387],[35.230859,21.996436],[35.558984,21.996484],[35.887012,21.996533],[36.215234,21.996582],[36.543262,21.996631],[36.871387,21.996729],[36.882617,21.768799],[36.899181,21.700700396968614],[36.899181,18.975561],[23.980729766402494,18.975561]]]}},{"type":"Feature","bbox":[79.707812,5.949365,81.876953,9.812695],"properties":{"featurecla":"Admin-0 country","scalerank":4,"LABELRANK":3,"SOVEREIGNT":"Sri Lanka","SOV_A3":"LKA","ADM0_DIF":0,"LEVEL":2,"TYPE":"Sovereign country","TLC":"1","ADMIN":"Sri Lanka","ADM0_A3":"LKA","GEOU_DIF":0,"GEOUNIT":"Sri Lanka","GU_A3":"LKA","SU_DIF":0,"SUBUNIT":"Sri Lanka","SU_A3":"LKA","BRK_DIFF":0,"NAME":"Sri Lanka","NAME_LONG":"Sri Lanka","BRK_A3":"LKA","BRK_NAME":"Sri Lanka","BRK_GROUP":null,"ABBREV":"Sri L.","POSTAL":"LK","FORMAL_EN":"Democratic Socialist Republic of Sri Lanka","FORMAL_FR":null,"NAME_CIAWF":"Sri Lanka","NOTE_ADM0":null,"NOTE_BRK":null,"NAME_SORT":"Sri Lanka","NAME_ALT":null,"MAPCOLOR7":3,"MAPCOLOR8":5,"MAPCOLOR9":4,"MAPCOLOR13":9,"POP_EST":21803000,"POP_RANK":15,"POP_YEAR":2019,"GDP_MD":84008,"GDP_YEAR":2019,"ECONOMY":"6. Developing region","INCOME_GRP":"4. Lower middle income","FIPS_10":"CE","ISO_A2":"LK","ISO_A2_EH":"LK","ISO_A3":"LKA","ISO_A3_EH":"LKA","ISO_N3":"144","ISO_N3_EH":"144","UN_A3":"144","WB_A2":"LK","WB_A3":"LKA","WOE_ID":23424778,"WOE_ID_EH":23424778,"WOE_NOTE":"Exact WOE match as country","ADM0_ISO":"LKA","ADM0_DIFF":null,"ADM0_TLC":"LKA","ADM0_A3_US":"LKA","ADM0_A3_FR":"LKA","ADM0_A3_RU":"LKA","ADM0_A3_ES":"LKA","ADM0_A3_CN":"LKA","ADM0_A3_TW":"LKA","ADM0_A3_IN":"LKA","ADM0_A3_NP":"LKA","ADM0_A3_PK":"LKA","ADM0_A3_DE":"LKA","ADM0_A3_GB":"LKA","ADM0_A3_BR":"LKA","ADM0_A3_IL":"LKA","ADM0_A3_PS":"LKA","ADM0_A3_SA":"LKA","ADM0_A3_EG":"LKA","ADM0_A3_MA":"LKA","ADM0_A3_PT":"LKA","ADM0_A3_AR":"LKA","ADM0_A3_JP":"LKA","ADM0_A3_KO":"LKA","ADM0_A3_VN":"LKA","ADM0_A3_TR":"LKA","ADM0_A3_ID":"LKA","ADM0_A3_PL":"LKA","ADM0_A3_GR":"LKA","ADM0_A3_IT":"LKA","ADM0_A3_NL":"LKA","ADM0_A3_SE":"LKA","ADM0_A3_BD":"LKA","ADM0_A3_UA":"LKA","ADM0_A3_UN":-99,"ADM0_A3_WB":-99,"CONTINENT":"Asia","REGION_UN":"Asia","SUBREGION":"Southern Asia","REGION_WB":"South Asia","NAME_LEN":9,"LONG_LEN":9,"ABBREV_LEN":6,"TINY":-99,"HOMEPART":1,"MIN_ZOOM":0,"MIN_LABEL":3,"MAX_LABEL":8,"LABEL_X":80.704823,"LABEL_Y":7.581097,"NE_ID":1159321025,"WIKIDATAID":"Q854","NAME_AR":"سريلانكا","NAME_BN":"শ্রীলঙ্কা","NAME_DE":"Sri Lanka","NAME_EN":"Sri Lanka","NAME_ES":"Sri Lanka","NAME_FA":"سریلانکا","NAME_FR":"Sri Lanka","NAME_EL":"Σρι Λάνκα","NAME_HE":"סרי לנקה","NAME_HI":"श्रीलंका","NAME_HU":"Srí Lanka","NAME_ID":"Sri Lanka","NAME_IT":"Sri Lanka","NAME_JA":"スリランカ","NAME_KO":"스리랑카","NAME_NL":"Sri Lanka","NAME_PL":"Sri Lanka","NAME_PT":"Sri Lanka","NAME_RU":"Шри-Ланка","NAME_SV":"Sri Lanka","NAME_TR":"Sri Lanka","NAME_UK":"Шрі-Ланка","NAME_UR":"سری لنکا","NAME_VI":"Sri Lanka","NAME_ZH":"斯里兰卡","NAME_ZHT":"斯里蘭卡","FCLASS_ISO":"Admin-0 country","TLC_DIFF":null,"FCLASS_TLC":"Admin-0 country","FCLASS_US":null,"FCLASS_FR":null,"FCLASS_RU":null,"FCLASS_ES":null,"FCLASS_CN":null,"FCLASS_TW":null,"FCLASS_IN":null,"FCLASS_NP":null,"FCLASS_PK":null,"FCLASS_DE":null,"FCLASS_GB":null,"FCLASS_BR":null,"FCLASS_IL":null,"FCLASS_PS":null,"FCLASS_SA":null,"FCLASS_EG":null,"FCLASS_MA":null,"FCLASS_PT":null,"FCLASS_AR":null,"FCLASS_JP":null,"FCLASS_KO":null,"FCLASS_VN":null,"FCLASS_TR":null,"FCLASS_ID":null,"FCLASS_PL":null,"FCLASS_GR":null,"FCLASS_IT":null,"FCLASS_NL":null,"FCLASS_SE":null,"FCLASS_BD":null,"FCLASS_UA":null},"geometry":{"type":"MultiPolygon","coordinates":[[],[],[]]}},{"type":"Feature","bbox":[-18.160547,27.646387,4.32207,43.764551],"properties":{"featurecla":"Admin-0 country","scalerank":4,"LABELRANK":2,"SOVEREIGNT":"Spain","SOV_A3":"ESP","ADM0_DIF":0,"LEVEL":2,"TYPE":"Sovereign country","TLC":"1","ADMIN":"Spain","ADM0_A3":"ESP","GEOU_DIF":0,"GEOUNIT":"Spain","GU_A3":"ESP","SU_DIF":0,"SUBUNIT":"Spain","SU_A3":"ESP","BRK_DIFF":0,"NAME":"Spain","NAME_LONG":"Spain","BRK_A3":"ESP","BRK_NAME":"Spain","BRK_GROUP":null,"ABBREV":"Sp.","POSTAL":"E","FORMAL_EN":"Kingdom of Spain","FORMAL_FR":null,"NAME_CIAWF":"Spain","NOTE_ADM0":null,"NOTE_BRK":null,"NAME_SORT":"Spain","NAME_ALT":null,"MAPCOLOR7":4,"MAPCOLOR8":5,"MAPCOLOR9":5,"MAPCOLOR13":5,"POP_EST":47076781,"POP_RANK":15,"POP_YEAR":2019,"GDP_MD":1393490,"GDP_YEAR":2019,"ECONOMY":"2. Developed region: nonG7","INCOME_GRP":"1. High income: OECD","FIPS_10":"SP","ISO_A2":"ES","ISO_A2_EH":"ES","ISO_A3":"ESP","ISO_A3_EH":"ESP","ISO_N3":"724","ISO_N3_EH":"724","UN_A3":"724","WB_A2":"ES","WB_A3":"ESP","WOE_ID":23424950,"WOE_ID_EH":23424950,"WOE_NOTE":"Exact WOE match as country","ADM0_ISO":"ESP","ADM0_DIFF":null,"ADM0_TLC":"ESP","ADM0_A3_US":"ESP","ADM0_A3_FR":"ESP","ADM0_A3_RU":"ESP","ADM0_A3_ES":"ESP","ADM0_A3_CN":"ESP","ADM0_A3_TW":"ESP","ADM0_A3_IN":"ESP","ADM0_A3_NP":"ESP","ADM0_A3_PK":"ESP","ADM0_A3_DE":"ESP","ADM0_A3_GB":"ESP","ADM0_A3_BR":"ESP","ADM0_A3_IL":"ESP","ADM0_A3_PS":"ESP","ADM0_A3_SA":"ESP","ADM0_A3_EG":"ESP","ADM0_A3_MA":"ESP","ADM0_A3_PT":"ESP","ADM0_A3_AR":"ESP","ADM0_A3_JP":"ESP","ADM0_A3_KO":"ESP","ADM0_A3_VN":"ESP","ADM0_A3_TR":"ESP","ADM0_A3_ID":"ESP","ADM0_A3_PL":"ESP","ADM0_A3_GR":"ESP","ADM0_A3_IT":"ESP","ADM0_A3_NL":"ESP","ADM0_A3_SE":"ESP","ADM0_A3_BD":"ESP","ADM0_A3_UA":"ESP","ADM0_A3_UN":-99,"ADM0_A3_WB":-99,"CONTINENT":"Europe","REGION_UN":"Europe","SUBREGION":"Southern Europe","REGION_WB":"Europe & Central Asia","NAME_LEN":5,"LONG_LEN":5,"ABBREV_LEN":3,"TINY":-99,"HOMEPART":1,"MIN_ZOOM":0,"MIN_LABEL":2,"MAX_LABEL":7,"LABEL_X":-3.464718,"LABEL_Y":40.090953,"NE_ID":1159320587,"WIKIDATAID":"Q29","NAME_AR":"إسبانيا","NAME_BN":"স্পেন","NAME_DE":"Spanien","NAME_EN":"Spain","NAME_ES":"España","NAME_FA":"اسپانیا","NAME_FR":"Espagne","NAME_EL":"Ισπανία","NAME_HE":"ספרד","NAME_HI":"स्पेन","NAME_HU":"Spanyolország","NAME_ID":"Spanyol","NAME_IT":"Spagna","NAME_JA":"スペイン","NAME_KO":"스페인","NAME_NL":"Spanje","NAME_PL":"Hiszpania","NAME_PT":"Espanha","NAME_RU":"Испания","NAME_SV":"Spanien","NAME_TR":"İspanya","NAME_UK":"Іспанія","NAME_UR":"ہسپانیہ","NAME_VI":"Tây Ban Nha","NAME_ZH":"西班牙","NAME_ZHT":"西班牙","FCLASS_ISO":"Admin-0 country","TLC_DIFF":null,"FCLASS_TLC":"Admin-0 country","FCLASS_US":null,"FCLASS_FR":null,"FCLASS_RU":null,"FCLASS_ES":null,"FCLASS_CN":null,"FCLASS_TW":null,"FCLASS_IN":null,"FCLASS_NP":null,"FCLASS_PK":null,"FCLASS_DE":null,"FCLASS_GB":null,"FCLASS_BR":null,"FCLASS_IL":null,"FCLASS_PS":null,"FCLASS_SA":null,"FCLASS_EG":null,"FCLASS_MA":null,"FCLASS_PT":null,"FCLASS_AR":null,"FCLASS_JP":null,"FCLASS_KO":null,"FCLASS_VN":null,"FCLASS_TR":null,"FCLASS_ID":null,"FCLASS_PL":null,"FCLASS_GR":null,"FCLASS_IT":null,"FCLASS_NL":null,"FCLASS_SE":null,"FCLASS_BD":null,"FCLASS_UA":null},"geometry":{"type":"MultiPolygon","coordinates":[[[[1.593945,38.67207],[1.571191,38.658838],[1.50498,38.670996],[1.405762,38.670996],[1.401953,38.711426],[1.417188,38.739648],[1.436328,38.768213],[1.496875,38.711914],[1.592676,38.701465],[1.593945,38.67207]]],[[[3.145313,39.790088],[3.241113,39.756689],[3.342188,39.786719],[3.395898,39.777295],[3.448926,39.76123],[3.461816,39.697754],[3.414648,39.627148],[3.34873,39.555664],[3.292969,39.477051],[3.244727,39.386621],[3.15459,39.333252],[3.072852,39.30127],[2.900098,39.368359],[2.799805,39.385059],[2.769824,39.410254],[2.745996,39.510254],[2.700586,39.542139],[2.634082,39.556201],[2.575879,39.530664],[2.499512,39.477881],[2.458789,39.530469],[2.394336,39.540381],[2.37002,39.57207],[2.371289,39.613086],[2.784961,39.854834],[2.904785,39.908301],[3.158691,39.970508],[3.197559,39.961084],[3.164453,39.924219],[3.166992,39.907715],[3.198633,39.889844],[3.190918,39.861377],[3.158691,39.836572],[3.145313,39.790088]]],[[[4.293652,39.841846],[4.275293,39.830273],[3.967676,39.94585],[3.867188,39.95874],[3.842676,39.976367],[3.84541,40.036475],[3.853418,40.063037],[4.05918,40.075098],[4.225781,40.032373],[4.315137,39.917236],[4.32207,39.89751],[4.293652,39.841846]]],[[[1.445215,38.918701],[1.408984,38.857275],[1.256934,38.879004],[1.22334,38.903857],[1.25625,38.973389],[1.299805,38.981738],[1.302539,39.031152],[1.348633,39.080811],[1.564453,39.121045],[1.613184,39.087402],[1.623633,39.038818],[1.494531,38.93252],[1.445215,38.918701]]],[[[-1.794043,43.407324],[-1.792725,43.372559],[-1.753271,43.324707],[-1.712842,43.307031],[-1.627148,43.282471],[-1.561475,43.279199],[-1.471729,43.267676],[-1.410693,43.240088],[-1.407324,43.197119],[-1.422607,43.149121],[-1.459424,43.10498],[-1.480469,43.071143],[-1.46084,43.051758],[-1.42876,43.036768],[-1.394043,43.032617],[-1.370508,43.037598],[-1.352734,43.064258],[-1.318848,43.096973],[-1.300049,43.100977],[-1.301562,43.082471],[-1.285449,43.059619],[-1.175439,43.021143],[-0.933838,42.949512],[-0.839209,42.948193],[-0.762646,42.939795],[-0.740186,42.909521],[-0.586426,42.798975],[-0.549805,42.802002],[-0.481152,42.799316],[-0.398438,42.808105],[-0.338574,42.828809],[-0.299316,42.825342],[-0.256055,42.803955],[-0.205322,42.785303],[-0.140039,42.748926],[-0.081494,42.703857],[-0.041162,42.689111],[0.201367,42.719336],[0.255469,42.69292],[0.312891,42.693262],[0.377246,42.700146],[0.517676,42.686279],[0.631641,42.6896],[0.641992,42.700635],[0.651758,42.800439],[0.669824,42.835742],[0.696875,42.845117],[0.764453,42.838037],[1.010059,42.778955],[1.111133,42.742041],[1.208301,42.713135],[1.293262,42.709961],[1.349414,42.690674],[1.42832,42.595898],[1.414844,42.548389],[1.421973,42.530811],[1.430273,42.497852],[1.428125,42.461328],[1.448828,42.437451],[1.48623,42.434473],[1.534082,42.441699],[1.586426,42.455957],[1.678516,42.49668],[1.706055,42.50332],[1.859766,42.45708],[1.92793,42.426318],[1.951465,42.392773],[1.986523,42.358496],[2.032715,42.353516],[2.09834,42.386084],[2.200391,42.420947],[2.374414,42.390283],[2.567969,42.345801],[2.65166,42.340479],[2.654785,42.362109],[2.67002,42.393018],[2.701855,42.408496],[2.749414,42.413037],[2.815625,42.429248],[2.891406,42.456055],[2.97002,42.467236],[3.052637,42.447217],[3.152148,42.431006],[3.211426,42.431152],[3.239844,42.367871],[3.287891,42.343701],[3.306738,42.288965],[3.218652,42.260352],[3.166406,42.256494],[3.150391,42.162451],[3.175195,42.135986],[3.224609,42.111133],[3.238086,42.082227],[3.248047,41.944238],[3.146875,41.861035],[3.004883,41.767432],[2.310938,41.466504],[2.145605,41.320752],[2.082617,41.287402],[1.566602,41.195605],[1.205859,41.097559],[1.03291,41.062061],[0.816895,40.891602],[0.714648,40.822852],[0.796094,40.803809],[0.891113,40.722363],[0.85918,40.68623],[0.720605,40.630469],[0.660059,40.61333],[0.627148,40.622217],[0.596094,40.614502],[0.363672,40.319043],[0.158398,40.106592],[0.043066,40.013965],[-0.075146,39.875928],[-0.327002,39.519873],[-0.328955,39.41709],[-0.204932,39.062598],[-0.133789,38.969482],[-0.034131,38.891211],[0.154883,38.824658],[0.201563,38.75918],[0.136328,38.696777],[-0.052734,38.585693],[-0.38125,38.435645],[-0.520801,38.317285],[-0.550684,38.203125],[-0.646777,38.151855],[-0.683203,37.992041],[-0.741553,37.886133],[-0.752734,37.850244],[-0.814648,37.769922],[-0.823096,37.711621],[-0.721582,37.631055],[-0.771875,37.59624],[-0.822168,37.580762],[-0.938086,37.571338],[-1.327539,37.561133],[-1.640967,37.386963],[-1.797607,37.232861],[-1.939307,36.94585],[-2.111523,36.77666],[-2.187695,36.745459],[-2.305566,36.819824],[-2.452832,36.831152],[-2.595703,36.806494],[-2.670605,36.747559],[-2.787549,36.714746],[-2.901855,36.743164],[-3.14917,36.758496],[-3.259131,36.755762],[-3.43125,36.70791],[-3.578809,36.739844],[-3.827783,36.756055],[-4.366846,36.718115],[-4.434863,36.700244],[-4.502246,36.62915],[-4.674121,36.506445],[-4.935303,36.502051],[-5.171484,36.423779],[-5.230518,36.373633],[-5.329687,36.235742],[-5.360937,36.134912],[-5.381592,36.134082],[-5.407227,36.158887],[-5.443604,36.150586],[-5.4625,36.073779],[-5.55127,36.038818],[-5.625488,36.025928],[-5.808398,36.08833],[-5.960693,36.181738],[-6.040674,36.188428],[-6.170459,36.333789],[-6.22627,36.426465],[-6.265918,36.526514],[-6.257715,36.564844],[-6.268945,36.596729],[-6.384131,36.637012],[-6.412256,36.728857],[-6.32832,36.848145],[-6.259424,36.898975],[-6.216797,36.913574],[-6.320947,36.908496],[-6.396191,36.831641],[-6.492432,36.954639],[-6.884619,37.194238],[-6.859375,37.24917],[-6.86377,37.278906],[-6.929492,37.214941],[-6.974658,37.198437],[-7.174951,37.208789],[-7.406152,37.179443],[-7.467187,37.428027],[-7.496045,37.523584],[-7.503516,37.585498],[-7.443945,37.728271],[-7.378906,37.786377],[-7.292236,37.906445],[-7.185449,38.006348],[-7.07251,38.030029],[-7.022852,38.044727],[-6.981104,38.121973],[-6.957568,38.187891],[-6.974805,38.194434],[-7.106396,38.181006],[-7.343018,38.457422],[-7.335791,38.501465],[-7.305957,38.566846],[-7.286377,38.649365],[-7.281543,38.714551],[-7.219922,38.770508],[-7.125488,38.826953],[-7.046045,38.907031],[-7.00625,38.985254],[-6.997949,39.056445],[-7.042969,39.10708],[-7.172412,39.135205],[-7.305762,39.338135],[-7.335449,39.465137],[-7.362695,39.47832],[-7.445117,39.536182],[-7.524219,39.644727],[-7.535693,39.661572],[-7.454102,39.680664],[-7.117676,39.681689],[-7.047412,39.705566],[-7.036719,39.713965],[-6.975391,39.798389],[-6.911182,39.937109],[-6.896094,40.021826],[-6.916406,40.056836],[-7.027832,40.142627],[-7.032617,40.16792],[-7.014697,40.20835],[-6.948437,40.251611],[-6.858887,40.300732],[-6.810156,40.343115],[-6.821777,40.37627],[-6.847949,40.410986],[-6.852051,40.443262],[-6.835693,40.483154],[-6.829834,40.619092],[-6.818359,40.654053],[-6.835889,40.77749],[-6.857715,40.87832],[-6.928467,41.009131],[-6.915527,41.038037],[-6.882812,41.062402],[-6.775781,41.107715],[-6.690137,41.214502],[-6.565918,41.303711],[-6.403125,41.375391],[-6.289355,41.455029],[-6.244336,41.515918],[-6.2125,41.532031],[-6.22168,41.560449],[-6.243115,41.601807],[-6.308057,41.642187],[-6.391699,41.665381],[-6.484668,41.664404],[-6.542187,41.67251],[-6.558984,41.704053],[-6.552588,41.789551],[-6.55752,41.874121],[-6.575342,41.913086],[-6.618262,41.942383],[-6.703613,41.93457],[-6.777295,41.958496],[-6.833203,41.96416],[-6.865527,41.945264],[-7.030469,41.950635],[-7.099121,41.964209],[-7.147119,41.981152],[-7.17793,41.97168],[-7.195361,41.955225],[-7.19834,41.929395],[-7.209619,41.895264],[-7.268555,41.864404],[-7.403613,41.833691],[-7.512598,41.835986],[-7.612598,41.857959],[-7.644678,41.873975],[-7.693066,41.888477],[-7.896387,41.870557],[-7.92085,41.883643],[-7.990967,41.851904],[-8.094434,41.814209],[-8.15249,41.811963],[-8.173535,41.819971],[-8.18125,41.836963],[-8.224756,41.89585],[-8.21333,41.9271],[-8.12998,42.018164],[-8.139307,42.039941],[-8.173584,42.069385],[-8.204199,42.111865],[-8.213086,42.133691],[-8.266064,42.137402],[-8.322559,42.115088],[-8.538086,42.069336],[-8.589648,42.052734],[-8.682385,42.00876812881654],[-8.682385,43.31803764850017],[-8.665625,43.316602],[-8.537061,43.337061],[-8.421582,43.38584],[-8.355469,43.396826],[-8.248926,43.439404],[-8.252295,43.496924],[-8.288867,43.5396],[-8.256738,43.579883],[-8.137158,43.629053],[-8.004687,43.694385],[-7.852734,43.706982],[-7.698145,43.764551],[-7.59458,43.727344],[-7.503613,43.739941],[-7.399316,43.695801],[-7.261963,43.594629],[-7.060986,43.553955],[-6.900684,43.585645],[-6.617285,43.592383],[-6.475684,43.578906],[-6.224121,43.603857],[-6.080127,43.594922],[-5.84668,43.645068],[-5.66582,43.582471],[-5.315723,43.553174],[-5.105273,43.501855],[-4.523047,43.415723],[-4.312793,43.414746],[-4.015332,43.463086],[-3.889355,43.499414],[-3.774023,43.477881],[-3.604639,43.519482],[-3.523633,43.511035],[-3.417871,43.451709],[-3.045605,43.371582],[-2.947705,43.439697],[-2.875049,43.454443],[-2.60708,43.412744],[-2.337109,43.328027],[-2.19668,43.321924],[-1.991309,43.345068],[-1.828516,43.40083],[-1.794043,43.407324]]],[],[],[],[],[],[],[]]}},{"type":"Feature","bbox":[126.00752,33.201514,130.934277,38.623437],"properties":{"featurecla":"Admin-0 country","scalerank":1,"LABELRANK":2,"SOVEREIGNT":"South Korea","SOV_A3":"KOR","ADM0_DIF":0,"LEVEL":2,"TYPE":"Sovereign country","TLC":"1","ADMIN":"South Korea","ADM0_A3":"KOR","GEOU_DIF":0,"GEOUNIT":"South Korea","GU_A3":"KOR","SU_DIF":0,"SUBUNIT":"South Korea","SU_A3":"KOR","BRK_DIFF":0,"NAME":"South Korea","NAME_LONG":"Republic of Korea","BRK_A3":"KOR","BRK_NAME":"Republic of Korea","BRK_GROUP":null,"ABBREV":"S.K.","POSTAL":"KR","FORMAL_EN":"Republic of Korea","FORMAL_FR":null,"NAME_CIAWF":"Korea, South","NOTE_ADM0":null,"NOTE_BRK":null,"NAME_SORT":"Korea, Rep.","NAME_ALT":null,"MAPCOLOR7":4,"MAPCOLOR8":1,"MAPCOLOR9":1,"MAPCOLOR13":5,"POP_EST":51709098,"POP_RANK":16,"POP_YEAR":2019,"GDP_MD":1646739,"GDP_YEAR":2019,"ECONOMY":"4. Emerging region: MIKT","INCOME_GRP":"1. High income: OECD","FIPS_10":"KS","ISO_A2":"KR","ISO_A2_EH":"KR","ISO_A3":"KOR","ISO_A3_EH":"KOR","ISO_N3":"410","ISO_N3_EH":"410","UN_A3":"410","WB_A2":"KR","WB_A3":"KOR","WOE_ID":23424868,"WOE_ID_EH":23424868,"WOE_NOTE":"Exact WOE match as country","ADM0_ISO":"KOR","ADM0_DIFF":null,"ADM0_TLC":"KOR","ADM0_A3_US":"KOR","ADM0_A3_FR":"KOR","ADM0_A3_RU":"KOR","ADM0_A3_ES":"KOR","ADM0_A3_CN":"KOR","ADM0_A3_TW":"KOR","ADM0_A3_IN":"KOR","ADM0_A3_NP":"KOR","ADM0_A3_PK":"KOR","ADM0_A3_DE":"KOR","ADM0_A3_GB":"KOR","ADM0_A3_BR":"KOR","ADM0_A3_IL":"KOR","ADM0_A3_PS":"KOR","ADM0_A3_SA":"KOR","ADM0_A3_EG":"KOR","ADM0_A3_MA":"KOR","ADM0_A3_PT":"KOR","ADM0_A3_AR":"KOR","ADM0_A3_JP":"KOR","ADM0_A3_KO":"KOR","ADM0_A3_VN":"KOR","ADM0_A3_TR":"KOR","ADM0_A3_ID":"KOR","ADM0_A3_PL":"KOR","ADM0_A3_GR":"KOR","ADM0_A3_IT":"KOR","ADM0_A3_NL":"KOR","ADM0_A3_SE":"KOR","ADM0_A3_BD":"KOR","ADM0_A3_UA":"KOR","ADM0_A3_UN":-99,"ADM0_A3_WB":-99,"CONTINENT":"Asia","REGION_UN":"Asia","SUBREGION":"Eastern Asia","REGION_WB":"East Asia & Pacific","NAME_LEN":11,"LONG_LEN":17,"ABBREV_LEN":4,"TINY":-99,"HOMEPART":1,"MIN_ZOOM":0,"MIN_LABEL":2.5,"MAX_LABEL":7,"LABEL_X":128.129504,"LABEL_Y":36.384924,"NE_ID":1159320985,"WIKIDATAID":"Q884","NAME_AR":"كوريا الجنوبية","NAME_BN":"দক্ষিণ কোরিয়া","NAME_DE":"Südkorea","NAME_EN":"South Korea","NAME_ES":"Corea del Sur","NAME_FA":"کره جنوبی","NAME_FR":"Corée du Sud","NAME_EL":"Νότια Κορέα","NAME_HE":"קוריאה הדרומית","NAME_HI":"दक्षिण कोरिया","NAME_HU":"Dél-Korea","NAME_ID":"Korea Selatan","NAME_IT":"Corea del Sud","NAME_JA":"大韓民国","NAME_KO":"대한민국","NAME_NL":"Zuid-Korea","NAME_PL":"Korea Południowa","NAME_PT":"Coreia do Sul","NAME_RU":"Республика Корея","NAME_SV":"Sydkorea","NAME_TR":"Güney Kore","NAME_UK":"Південна Корея","NAME_UR":"جنوبی کوریا","NAME_VI":"Hàn Quốc","NAME_ZH":"大韩民国","NAME_ZHT":"大韓民國","FCLASS_ISO":"Admin-0 country","TLC_DIFF":null,"FCLASS_TLC":"Admin-0 country","FCLASS_US":null,"FCLASS_FR":null,"FCLASS_RU":null,"FCLASS_ES":null,"FCLASS_CN":null,"FCLASS_TW":null,"FCLASS_IN":null,"FCLASS_NP":null,"FCLASS_PK":null,"FCLASS_DE":null,"FCLASS_GB":null,"FCLASS_BR":null,"FCLASS_IL":null,"FCLASS_PS":null,"FCLASS_SA":null,"FCLASS_EG":null,"FCLASS_MA":null,"FCLASS_PT":null,"FCLASS_AR":null,"FCLASS_JP":null,"FCLASS_KO":null,"FCLASS_VN":null,"FCLASS_TR":null,"FCLASS_ID":null,"FCLASS_PL":null,"FCLASS_GR":null,"FCLASS_IT":null,"FCLASS_NL":null,"FCLASS_SE":null,"FCLASS_BD":null,"FCLASS_UA":null},"geometry":{"type":"MultiPolygon","coordinates":[[],[],[],[],[],[],[],[],[],[],[]]}},{"type":"Feature","bbox":[16.447559,-46.962891,37.887695,-22.146289],"properties":{"featurecla":"Admin-0 country","scalerank":1,"LABELRANK":2,"SOVEREIGNT":"South Africa","SOV_A3":"ZAF","ADM0_DIF":0,"LEVEL":2,"TYPE":"Sovereign country","TLC":"1","ADMIN":"South Africa","ADM0_A3":"ZAF","GEOU_DIF":0,"GEOUNIT":"South Africa","GU_A3":"ZAF","SU_DIF":0,"SUBUNIT":"South Africa","SU_A3":"ZAF","BRK_DIFF":0,"NAME":"South Africa","NAME_LONG":"South Africa","BRK_A3":"ZAF","BRK_NAME":"South Africa","BRK_GROUP":null,"ABBREV":"S.Af.","POSTAL":"ZA","FORMAL_EN":"Republic of South Africa","FORMAL_FR":null,"NAME_CIAWF":"South Africa","NOTE_ADM0":null,"NOTE_BRK":null,"NAME_SORT":"South Africa","NAME_ALT":null,"MAPCOLOR7":2,"MAPCOLOR8":3,"MAPCOLOR9":4,"MAPCOLOR13":2,"POP_EST":58558270,"POP_RANK":16,"POP_YEAR":2019,"GDP_MD":351431,"GDP_YEAR":2019,"ECONOMY":"5. Emerging region: G20","INCOME_GRP":"3. Upper middle income","FIPS_10":"SF","ISO_A2":"ZA","ISO_A2_EH":"ZA","ISO_A3":"ZAF","ISO_A3_EH":"ZAF","ISO_N3":"710","ISO_N3_EH":"710","UN_A3":"710","WB_A2":"ZA","WB_A3":"ZAF","WOE_ID":23424942,"WOE_ID_EH":23424942,"WOE_NOTE":"Exact WOE match as country","ADM0_ISO":"ZAF","ADM0_DIFF":null,"ADM0_TLC":"ZAF","ADM0_A3_US":"ZAF","ADM0_A3_FR":"ZAF","ADM0_A3_RU":"ZAF","ADM0_A3_ES":"ZAF","ADM0_A3_CN":"ZAF","ADM0_A3_TW":"ZAF","ADM0_A3_IN":"ZAF","ADM0_A3_NP":"ZAF","ADM0_A3_PK":"ZAF","ADM0_A3_DE":"ZAF","ADM0_A3_GB":"ZAF","ADM0_A3_BR":"ZAF","ADM0_A3_IL":"ZAF","ADM0_A3_PS":"ZAF","ADM0_A3_SA":"ZAF","ADM0_A3_EG":"ZAF","ADM0_A3_MA":"ZAF","ADM0_A3_PT":"ZAF","ADM0_A3_AR":"ZAF","ADM0_A3_JP":"ZAF","ADM0_A3_KO":"ZAF","ADM0_A3_VN":"ZAF","ADM0_A3_TR":"ZAF","ADM0_A3_ID":"ZAF","ADM0_A3_PL":"ZAF","ADM0_A3_GR":"ZAF","ADM0_A3_IT":"ZAF","ADM0_A3_NL":"ZAF","ADM0_A3_SE":"ZAF","ADM0_A3_BD":"ZAF","ADM0_A3_UA":"ZAF","ADM0_A3_UN":-99,"ADM0_A3_WB":-99,"CONTINENT":"Africa","REGION_UN":"Africa","SUBREGION":"Southern Africa","REGION_WB":"Sub-Saharan Africa","NAME_LEN":12,"LONG_LEN":12,"ABBREV_LEN":5,"TINY":-99,"HOMEPART":1,"MIN_ZOOM":0,"MIN_LABEL":1.7,"MAX_LABEL":6.7,"LABEL_X":23.665734,"LABEL_Y":-29.708776,"NE_ID":1159321431,"WIKIDATAID":"Q258","NAME_AR":"جنوب أفريقيا","NAME_BN":"দক্ষিণ আফ্রিকা","NAME_DE":"Südafrika","NAME_EN":"South Africa","NAME_ES":"Sudáfrica","NAME_FA":"آفریقای جنوبی","NAME_FR":"Afrique du Sud","NAME_EL":"Νότια Αφρική","NAME_HE":"דרום אפריקה","NAME_HI":"दक्षिण अफ़्रीका","NAME_HU":"Dél-afrikai Köztársaság","NAME_ID":"Afrika Selatan","NAME_IT":"Sudafrica","NAME_JA":"南アフリカ共和国","NAME_KO":"남아프리카 공화국","NAME_NL":"Zuid-Afrika","NAME_PL":"Południowa Afryka","NAME_PT":"África do Sul","NAME_RU":"ЮАР","NAME_SV":"Sydafrika","NAME_TR":"Güney Afrika Cumhuriyeti","NAME_UK":"Південно-Африканська Республіка","NAME_UR":"جنوبی افریقا","NAME_VI":"Cộng hòa Nam Phi","NAME_ZH":"南非","NAME_ZHT":"南非","FCLASS_ISO":"Admin-0 country","TLC_DIFF":null,"FCLASS_TLC":"Admin-0 country","FCLASS_US":null,"FCLASS_FR":null,"FCLASS_RU":null,"FCLASS_ES":null,"FCLASS_CN":null,"FCLASS_TW":null,"FCLASS_IN":null,"FCLASS_NP":null,"FCLASS_PK":null,"FCLASS_DE":null,"FCLASS_GB":null,"FCLASS_BR":null,"FCLASS_IL":null,"FCLASS_PS":null,"FCLASS_SA":null,"FCLASS_EG":null,"FCLASS_MA":null,"FCLASS_PT":null,"FCLASS_AR":null,"FCLASS_JP":null,"FCLASS_KO":null,"FCLASS_VN":null,"FCLASS_TR":null,"FCLASS_ID":null,"FCLASS_PL":null,"FCLASS_GR":null,"FCLASS_IT":null,"FCLASS_NL":null,"FCLASS_SE":null,"FCLASS_BD":null,"FCLASS_UA":null},"geometry":{"type":"MultiPolygon","coordinates":[[],[]]}},{"type":"Feature","bbox":[155.677539,-11.832227,166.929199,-6.608887],"properties":{"featurecla":"Admin-0 country","scalerank":4,"LABELRANK":3,"SOVEREIGNT":"Solomon Islands","SOV_A3":"SLB","ADM0_DIF":0,"LEVEL":2,"TYPE":"Sovereign country","TLC":"1","ADMIN":"Solomon Islands","ADM0_A3":"SLB","GEOU_DIF":0,"GEOUNIT":"Solomon Islands","GU_A3":"SLB","SU_DIF":0,"SUBUNIT":"Solomon Islands","SU_A3":"SLB","BRK_DIFF":0,"NAME":"Solomon Is.","NAME_LONG":"Solomon Islands","BRK_A3":"SLB","BRK_NAME":"Solomon Is.","BRK_GROUP":null,"ABBREV":"S. Is.","POSTAL":"SB","FORMAL_EN":null,"FORMAL_FR":null,"NAME_CIAWF":"Solomon Islands","NOTE_ADM0":null,"NOTE_BRK":null,"NAME_SORT":"Solomon Islands","NAME_ALT":null,"MAPCOLOR7":1,"MAPCOLOR8":4,"MAPCOLOR9":1,"MAPCOLOR13":6,"POP_EST":669823,"POP_RANK":11,"POP_YEAR":2019,"GDP_MD":1589,"GDP_YEAR":2019,"ECONOMY":"7. Least developed region","INCOME_GRP":"4. Lower middle income","FIPS_10":"BP","ISO_A2":"SB","ISO_A2_EH":"SB","ISO_A3":"SLB","ISO_A3_EH":"SLB","ISO_N3":"090","ISO_N3_EH":"090","UN_A3":"090","WB_A2":"SB","WB_A3":"SLB","WOE_ID":23424766,"WOE_ID_EH":23424766,"WOE_NOTE":"Exact WOE match as country","ADM0_ISO":"SLB","ADM0_DIFF":null,"ADM0_TLC":"SLB","ADM0_A3_US":"SLB","ADM0_A3_FR":"SLB","ADM0_A3_RU":"SLB","ADM0_A3_ES":"SLB","ADM0_A3_CN":"SLB","ADM0_A3_TW":"SLB","ADM0_A3_IN":"SLB","ADM0_A3_NP":"SLB","ADM0_A3_PK":"SLB","ADM0_A3_DE":"SLB","ADM0_A3_GB":"SLB","ADM0_A3_BR":"SLB","ADM0_A3_IL":"SLB","ADM0_A3_PS":"SLB","ADM0_A3_SA":"SLB","ADM0_A3_EG":"SLB","ADM0_A3_MA":"SLB","ADM0_A3_PT":"SLB","ADM0_A3_AR":"SLB","ADM0_A3_JP":"SLB","ADM0_A3_KO":"SLB","ADM0_A3_VN":"SLB","ADM0_A3_TR":"SLB","ADM0_A3_ID":"SLB","ADM0_A3_PL":"SLB","ADM0_A3_GR":"SLB","ADM0_A3_IT":"SLB","ADM0_A3_NL":"SLB","ADM0_A3_SE":"SLB","ADM0_A3_BD":"SLB","ADM0_A3_UA":"SLB","ADM0_A3_UN":-99,"ADM0_A3_WB":-99,"CONTINENT":"Oceania","REGION_UN":"Oceania","SUBREGION":"Melanesia","REGION_WB":"East Asia & Pacific","NAME_LEN":11,"LONG_LEN":15,"ABBREV_LEN":6,"TINY":-99,"HOMEPART":1,"MIN_ZOOM":0,"MIN_LABEL":3,"MAX_LABEL":8,"LABEL_X":159.170468,"LABEL_Y":-8.029548,"NE_ID":1159321249,"WIKIDATAID":"Q685","NAME_AR":"جزر سليمان","NAME_BN":"সলোমন দ্বীপপুঞ্জ","NAME_DE":"Salomonen","NAME_EN":"Solomon Islands","NAME_ES":"Islas Salomón","NAME_FA":"جزایر سلیمان","NAME_FR":"Îles Salomon","NAME_EL":"Νησιά Σολομώντα","NAME_HE":"איי שלמה","NAME_HI":"सोलोमन द्वीपसमूह","NAME_HU":"Salamon-szigetek","NAME_ID":"Kepulauan Solomon","NAME_IT":"Isole Salomone","NAME_JA":"ソロモン諸島","NAME_KO":"솔로몬 제도","NAME_NL":"Salomonseilanden","NAME_PL":"Wyspy Salomona","NAME_PT":"Ilhas Salomão","NAME_RU":"Соломоновы Острова","NAME_SV":"Salomonöarna","NAME_TR":"Solomon Adaları","NAME_UK":"Соломонові Острови","NAME_UR":"جزائر سلیمان","NAME_VI":"Quần đảo Solomon","NAME_ZH":"所罗门群岛","NAME_ZHT":"索羅門群島","FCLASS_ISO":"Admin-0 country","TLC_DIFF":null,"FCLASS_TLC":"Admin-0 country","FCLASS_US":null,"FCLASS_FR":null,"FCLASS_RU":null,"FCLASS_ES":null,"FCLASS_CN":null,"FCLASS_TW":null,"FCLASS_IN":null,"FCLASS_NP":null,"FCLASS_PK":null,"FCLASS_DE":null,"FCLASS_GB":null,"FCLASS_BR":null,"FCLASS_IL":null,"FCLASS_PS":null,"FCLASS_SA":null,"FCLASS_EG":null,"FCLASS_MA":null,"FCLASS_PT":null,"FCLASS_AR":null,"FCLASS_JP":null,"FCLASS_KO":null,"FCLASS_VN":null,"FCLASS_TR":null,"FCLASS_ID":null,"FCLASS_PL":null,"FCLASS_GR":null,"FCLASS_IT":null,"FCLASS_NL":null,"FCLASS_SE":null,"FCLASS_BD":null,"FCLASS_UA":null},"geometry":{"type":"MultiPolygon","coordinates":[[],[],[],[],[],[],[],[],[],[],[],[],[],[],[],[],[],[],[],[],[]]}},{"type":"Feature","bbox":[13.378223,45.428369,16.516211,46.863281],"properties":{"featurecla":"Admin-0 country","scalerank":1,"LABELRANK":6,"SOVEREIGNT":"Slovenia","SOV_A3":"SVN","ADM0_DIF":0,"LEVEL":2,"TYPE":"Sovereign country","TLC":"1","ADMIN":"Slovenia","ADM0_A3":"SVN","GEOU_DIF":0,"GEOUNIT":"Slovenia","GU_A3":"SVN","SU_DIF":0,"SUBUNIT":"Slovenia","SU_A3":"SVN","BRK_DIFF":0,"NAME":"Slovenia","NAME_LONG":"Slovenia","BRK_A3":"SVN","BRK_NAME":"Slovenia","BRK_GROUP":null,"ABBREV":"Slo.","POSTAL":"SLO","FORMAL_EN":"Republic of Slovenia","FORMAL_FR":null,"NAME_CIAWF":"Slovenia","NOTE_ADM0":null,"NOTE_BRK":null,"NAME_SORT":"Slovenia","NAME_ALT":null,"MAPCOLOR7":2,"MAPCOLOR8":3,"MAPCOLOR9":2,"MAPCOLOR13":12,"POP_EST":2087946,"POP_RANK":12,"POP_YEAR":2019,"GDP_MD":54174,"GDP_YEAR":2019,"ECONOMY":"2. Developed region: nonG7","INCOME_GRP":"1. High income: OECD","FIPS_10":"SI","ISO_A2":"SI","ISO_A2_EH":"SI","ISO_A3":"SVN","ISO_A3_EH":"SVN","ISO_N3":"705","ISO_N3_EH":"705","UN_A3":"705","WB_A2":"SI","WB_A3":"SVN","WOE_ID":23424945,"WOE_ID_EH":23424945,"WOE_NOTE":"Exact WOE match as country","ADM0_ISO":"SVN","ADM0_DIFF":null,"ADM0_TLC":"SVN","ADM0_A3_US":"SVN","ADM0_A3_FR":"SVN","ADM0_A3_RU":"SVN","ADM0_A3_ES":"SVN","ADM0_A3_CN":"SVN","ADM0_A3_TW":"SVN","ADM0_A3_IN":"SVN","ADM0_A3_NP":"SVN","ADM0_A3_PK":"SVN","ADM0_A3_DE":"SVN","ADM0_A3_GB":"SVN","ADM0_A3_BR":"SVN","ADM0_A3_IL":"SVN","ADM0_A3_PS":"SVN","ADM0_A3_SA":"SVN","ADM0_A3_EG":"SVN","ADM0_A3_MA":"SVN","ADM0_A3_PT":"SVN","ADM0_A3_AR":"SVN","ADM0_A3_JP":"SVN","ADM0_A3_KO":"SVN","ADM0_A3_VN":"SVN","ADM0_A3_TR":"SVN","ADM0_A3_ID":"SVN","ADM0_A3_PL":"SVN","ADM0_A3_GR":"SVN","ADM0_A3_IT":"SVN","ADM0_A3_NL":"SVN","ADM0_A3_SE":"SVN","ADM0_A3_BD":"SVN","ADM0_A3_UA":"SVN","ADM0_A3_UN":-99,"ADM0_A3_WB":-99,"CONTINENT":"Europe","REGION_UN":"Europe","SUBREGION":"Southern Europe","REGION_WB":"Europe & Central Asia","NAME_LEN":8,"LONG_LEN":8,"ABBREV_LEN":4,"TINY":-99,"HOMEPART":1,"MIN_ZOOM":0,"MIN_LABEL":5,"MAX_LABEL":10,"LABEL_X":14.915312,"LABEL_Y":46.06076,"NE_ID":1159321285,"WIKIDATAID":"Q215","NAME_AR":"سلوفينيا","NAME_BN":"স্লোভেনিয়া","NAME_DE":"Slowenien","NAME_EN":"Slovenia","NAME_ES":"Eslovenia","NAME_FA":"اسلوونی","NAME_FR":"Slovénie","NAME_EL":"Σλοβενία","NAME_HE":"סלובניה","NAME_HI":"स्लोवेनिया","NAME_HU":"Szlovénia","NAME_ID":"Slovenia","NAME_IT":"Slovenia","NAME_JA":"スロベニア","NAME_KO":"슬로베니아","NAME_NL":"Slovenië","NAME_PL":"Słowenia","NAME_PT":"Eslovénia","NAME_RU":"Словения","NAME_SV":"Slovenien","NAME_TR":"Slovenya","NAME_UK":"Словенія","NAME_UR":"سلووینیا","NAME_VI":"Slovenia","NAME_ZH":"斯洛文尼亚","NAME_ZHT":"斯洛維尼亞","FCLASS_ISO":"Admin-0 country","TLC_DIFF":null,"FCLASS_TLC":"Admin-0 country","FCLASS_US":null,"FCLASS_FR":null,"FCLASS_RU":null,"FCLASS_ES":null,"FCLASS_CN":null,"FCLASS_TW":null,"FCLASS_IN":null,"FCLASS_NP":null,"FCLASS_PK":null,"FCLASS_DE":null,"FCLASS_GB":null,"FCLASS_BR":null,"FCLASS_IL":null,"FCLASS_PS":null,"FCLASS_SA":null,"FCLASS_EG":null,"FCLASS_MA":null,"FCLASS_PT":null,"FCLASS_AR":null,"FCLASS_JP":null,"FCLASS_KO":null,"FCLASS_VN":null,"FCLASS_TR":null,"FCLASS_ID":null,"FCLASS_PL":null,"FCLASS_GR":null,"FCLASS_IT":null,"FCLASS_NL":null,"FCLASS_SE":null,"FCLASS_BD":null,"FCLASS_UA":null},"geometry":{"type":"Polygon","coordinates":[[[16.516211,46.499902],[16.427637,46.524414],[16.321191,46.534619],[16.301172,46.521387],[16.258398,46.50791],[16.236719,46.483838],[16.25332,46.389111],[16.227441,46.372852],[16.106445,46.382227],[16.066504,46.371338],[16.000684,46.305371],[15.933301,46.277637],[15.847559,46.257861],[15.784277,46.233984],[15.704199,46.213232],[15.635938,46.200732],[15.608984,46.171924],[15.592578,46.13999],[15.596875,46.109229],[15.666211,46.048486],[15.675586,45.983691],[15.668066,45.904443],[15.652148,45.862158],[15.624805,45.834033],[15.454102,45.797607],[15.277051,45.732617],[15.272949,45.717725],[15.353711,45.659912],[15.356934,45.645508],[15.290137,45.612646],[15.283594,45.579687],[15.291211,45.541553],[15.32666,45.502295],[15.339453,45.467041],[15.24209,45.441406],[15.110449,45.450781],[14.95459,45.499902],[14.9,45.492676],[14.84707,45.467334],[14.793066,45.478223],[14.733594,45.508496],[14.649512,45.571484],[14.608594,45.610107],[14.591797,45.65127],[14.568848,45.657227],[14.533984,45.645264],[14.505176,45.595215],[14.427344,45.505762],[14.369922,45.481445],[14.283008,45.486621],[14.16123,45.485156],[14.085547,45.477832],[13.992773,45.509424],[13.970313,45.503369],[13.970117,45.482617],[13.935645,45.449805],[13.878711,45.428369],[13.615234,45.476758],[13.57793,45.516895],[13.637305,45.535937],[13.719824,45.587598],[13.775977,45.581982],[13.844727,45.592871],[13.874707,45.614844],[13.831152,45.68042],[13.72168,45.761279],[13.663477,45.791992],[13.583398,45.812354],[13.569629,45.834131],[13.613965,45.96167],[13.600586,45.979785],[13.50918,45.973779],[13.487695,45.987109],[13.480273,46.009229],[13.486426,46.039551],[13.548047,46.089111],[13.616602,46.133105],[13.634961,46.157764],[13.63252,46.177051],[13.544727,46.196582],[13.491797,46.216602],[13.449805,46.223535],[13.420996,46.212305],[13.399609,46.224951],[13.378223,46.261621],[13.399512,46.317529],[13.478516,46.369189],[13.563281,46.415088],[13.637109,46.448535],[13.679688,46.462891],[13.7,46.520264],[13.743945,46.514307],[13.831348,46.51123],[13.928809,46.498193],[14.019629,46.482178],[14.099512,46.461914],[14.267285,46.440723],[14.419922,46.42793],[14.465918,46.416113],[14.503516,46.417041],[14.549805,46.399707],[14.577148,46.412939],[14.596973,46.436084],[14.680176,46.463428],[14.756738,46.499121],[14.810547,46.54458],[14.840625,46.580469],[14.893262,46.605908],[14.949414,46.613232],[15.000684,46.625977],[15.216992,46.642969],[15.439258,46.629639],[15.545313,46.654639],[15.632617,46.698437],[15.760254,46.710742],[15.766895,46.711279],[15.957617,46.677637],[15.972266,46.697217],[15.980469,46.705859],[15.976855,46.801367],[16.037207,46.844824],[16.093066,46.863281],[16.283594,46.857275],[16.308496,46.827979],[16.318457,46.78252],[16.335449,46.721631],[16.367188,46.704785],[16.38457,46.680811],[16.38125,46.638672],[16.418457,46.607227],[16.505664,46.52207],[16.516211,46.499902]]]}},{"type":"Feature","bbox":[-13.292676,6.906543,-10.283203,9.996533],"properties":{"featurecla":"Admin-0 country","scalerank":1,"LABELRANK":4,"SOVEREIGNT":"Sierra Leone","SOV_A3":"SLE","ADM0_DIF":0,"LEVEL":2,"TYPE":"Sovereign country","TLC":"1","ADMIN":"Sierra Leone","ADM0_A3":"SLE","GEOU_DIF":0,"GEOUNIT":"Sierra Leone","GU_A3":"SLE","SU_DIF":0,"SUBUNIT":"Sierra Leone","SU_A3":"SLE","BRK_DIFF":0,"NAME":"Sierra Leone","NAME_LONG":"Sierra Leone","BRK_A3":"SLE","BRK_NAME":"Sierra Leone","BRK_GROUP":null,"ABBREV":"S.L.","POSTAL":"SL","FORMAL_EN":"Republic of Sierra Leone","FORMAL_FR":null,"NAME_CIAWF":"Sierra Leone","NOTE_ADM0":null,"NOTE_BRK":null,"NAME_SORT":"Sierra Leone","NAME_ALT":null,"MAPCOLOR7":1,"MAPCOLOR8":4,"MAPCOLOR9":1,"MAPCOLOR13":7,"POP_EST":7813215,"POP_RANK":13,"POP_YEAR":2019,"GDP_MD":4121,"GDP_YEAR":2019,"ECONOMY":"7. Least developed region","INCOME_GRP":"5. Low income","FIPS_10":"SL","ISO_A2":"SL","ISO_A2_EH":"SL","ISO_A3":"SLE","ISO_A3_EH":"SLE","ISO_N3":"694","ISO_N3_EH":"694","UN_A3":"694","WB_A2":"SL","WB_A3":"SLE","WOE_ID":23424946,"WOE_ID_EH":23424946,"WOE_NOTE":"Exact WOE match as country","ADM0_ISO":"SLE","ADM0_DIFF":null,"ADM0_TLC":"SLE","ADM0_A3_US":"SLE","ADM0_A3_FR":"SLE","ADM0_A3_RU":"SLE","ADM0_A3_ES":"SLE","ADM0_A3_CN":"SLE","ADM0_A3_TW":"SLE","ADM0_A3_IN":"SLE","ADM0_A3_NP":"SLE","ADM0_A3_PK":"SLE","ADM0_A3_DE":"SLE","ADM0_A3_GB":"SLE","ADM0_A3_BR":"SLE","ADM0_A3_IL":"SLE","ADM0_A3_PS":"SLE","ADM0_A3_SA":"SLE","ADM0_A3_EG":"SLE","ADM0_A3_MA":"SLE","ADM0_A3_PT":"SLE","ADM0_A3_AR":"SLE","ADM0_A3_JP":"SLE","ADM0_A3_KO":"SLE","ADM0_A3_VN":"SLE","ADM0_A3_TR":"SLE","ADM0_A3_ID":"SLE","ADM0_A3_PL":"SLE","ADM0_A3_GR":"SLE","ADM0_A3_IT":"SLE","ADM0_A3_NL":"SLE","ADM0_A3_SE":"SLE","ADM0_A3_BD":"SLE","ADM0_A3_UA":"SLE","ADM0_A3_UN":-99,"ADM0_A3_WB":-99,"CONTINENT":"Africa","REGION_UN":"Africa","SUBREGION":"Western Africa","REGION_WB":"Sub-Saharan Africa","NAME_LEN":12,"LONG_LEN":12,"ABBREV_LEN":4,"TINY":-99,"HOMEPART":1,"MIN_ZOOM":0,"MIN_LABEL":4,"MAX_LABEL":9,"LABEL_X":-11.763677,"LABEL_Y":8.617449,"NE_ID":1159321251,"WIKIDATAID":"Q1044","NAME_AR":"سيراليون","NAME_BN":"সিয়েরা লিওন","NAME_DE":"Sierra Leone","NAME_EN":"Sierra Leone","NAME_ES":"Sierra Leona","NAME_FA":"سیرالئون","NAME_FR":"Sierra Leone","NAME_EL":"Σιέρα Λεόνε","NAME_HE":"סיירה לאון","NAME_HI":"सिएरा लियोन","NAME_HU":"Sierra Leone","NAME_ID":"Sierra Leone","NAME_IT":"Sierra Leone","NAME_JA":"シエラレオネ","NAME_KO":"시에라리온","NAME_NL":"Sierra Leone","NAME_PL":"Sierra Leone","NAME_PT":"Serra Leoa","NAME_RU":"Сьерра-Леоне","NAME_SV":"Sierra Leone","NAME_TR":"Sierra Leone","NAME_UK":"Сьєрра-Леоне","NAME_UR":"سیرالیون","NAME_VI":"Sierra Leone","NAME_ZH":"塞拉利昂","NAME_ZHT":"獅子山","FCLASS_ISO":"Admin-0 country","TLC_DIFF":null,"FCLASS_TLC":"Admin-0 country","FCLASS_US":null,"FCLASS_FR":null,"FCLASS_RU":null,"FCLASS_ES":null,"FCLASS_CN":null,"FCLASS_TW":null,"FCLASS_IN":null,"FCLASS_NP":null,"FCLASS_PK":null,"FCLASS_DE":null,"FCLASS_GB":null,"FCLASS_BR":null,"FCLASS_IL":null,"FCLASS_PS":null,"FCLASS_SA":null,"FCLASS_EG":null,"FCLASS_MA":null,"FCLASS_PT":null,"FCLASS_AR":null,"FCLASS_JP":null,"FCLASS_KO":null,"FCLASS_VN":null,"FCLASS_TR":null,"FCLASS_ID":null,"FCLASS_PL":null,"FCLASS_GR":null,"FCLASS_IT":null,"FCLASS_NL":null,"FCLASS_SE":null,"FCLASS_BD":null,"FCLASS_UA":null},"geometry":{"type":"MultiPolygon","coordinates":[[],[]]}},{"type":"Feature","bbox":[18.839063,42.242139,22.976855,46.169189],"properties":{"featurecla":"Admin-0 country","scalerank":1,"LABELRANK":5,"SOVEREIGNT":"Republic of Serbia","SOV_A3":"SRB","ADM0_DIF":0,"LEVEL":2,"TYPE":"Sovereign country","TLC":"1","ADMIN":"Republic of Serbia","ADM0_A3":"SRB","GEOU_DIF":0,"GEOUNIT":"Republic of Serbia","GU_A3":"SRB","SU_DIF":0,"SUBUNIT":"Republic of Serbia","SU_A3":"SRB","BRK_DIFF":0,"NAME":"Serbia","NAME_LONG":"Serbia","BRK_A3":"SRB","BRK_NAME":"Serbia","BRK_GROUP":null,"ABBREV":"Serb.","POSTAL":"RS","FORMAL_EN":"Republic of Serbia","FORMAL_FR":null,"NAME_CIAWF":"Serbia","NOTE_ADM0":null,"NOTE_BRK":null,"NAME_SORT":"Serbia","NAME_ALT":null,"MAPCOLOR7":3,"MAPCOLOR8":3,"MAPCOLOR9":2,"MAPCOLOR13":10,"POP_EST":6944975,"POP_RANK":13,"POP_YEAR":2019,"GDP_MD":51475,"GDP_YEAR":2019,"ECONOMY":"6. Developing region","INCOME_GRP":"3. Upper middle income","FIPS_10":"RI","ISO_A2":"RS","ISO_A2_EH":"RS","ISO_A3":"SRB","ISO_A3_EH":"SRB","ISO_N3":"688","ISO_N3_EH":"688","UN_A3":"688","WB_A2":"YF","WB_A3":"SRB","WOE_ID":-90,"WOE_ID_EH":20069818,"WOE_NOTE":"Expired WOE also contains Kosovo.","ADM0_ISO":"SRB","ADM0_DIFF":null,"ADM0_TLC":"SRB","ADM0_A3_US":"SRB","ADM0_A3_FR":"SRB","ADM0_A3_RU":"SRB","ADM0_A3_ES":"SRB","ADM0_A3_CN":"SRB","ADM0_A3_TW":"SRB","ADM0_A3_IN":"SRB","ADM0_A3_NP":"SRB","ADM0_A3_PK":"SRB","ADM0_A3_DE":"SRB","ADM0_A3_GB":"SRB","ADM0_A3_BR":"SRB","ADM0_A3_IL":"SRB","ADM0_A3_PS":"SRB","ADM0_A3_SA":"SRB","ADM0_A3_EG":"SRB","ADM0_A3_MA":"SRB","ADM0_A3_PT":"SRB","ADM0_A3_AR":"SRB","ADM0_A3_JP":"SRB","ADM0_A3_KO":"SRB","ADM0_A3_VN":"SRB","ADM0_A3_TR":"SRB","ADM0_A3_ID":"SRB","ADM0_A3_PL":"SRB","ADM0_A3_GR":"SRB","ADM0_A3_IT":"SRB","ADM0_A3_NL":"SRB","ADM0_A3_SE":"SRB","ADM0_A3_BD":"SRB","ADM0_A3_UA":"SRB","ADM0_A3_UN":-99,"ADM0_A3_WB":-99,"CONTINENT":"Europe","REGION_UN":"Europe","SUBREGION":"Southern Europe","REGION_WB":"Europe & Central Asia","NAME_LEN":6,"LONG_LEN":6,"ABBREV_LEN":5,"TINY":-99,"HOMEPART":1,"MIN_ZOOM":0,"MIN_LABEL":4,"MAX_LABEL":7,"LABEL_X":20.787989,"LABEL_Y":44.189919,"NE_ID":1159321267,"WIKIDATAID":"Q403","NAME_AR":"صربيا","NAME_BN":"সার্বিয়া","NAME_DE":"Serbien","NAME_EN":"Serbia","NAME_ES":"Serbia","NAME_FA":"صربستان","NAME_FR":"Serbie","NAME_EL":"Σερβία","NAME_HE":"סרביה","NAME_HI":"सर्बिया","NAME_HU":"Szerbia","NAME_ID":"Serbia","NAME_IT":"Serbia","NAME_JA":"セルビア","NAME_KO":"세르비아","NAME_NL":"Servië","NAME_PL":"Serbia","NAME_PT":"Sérvia","NAME_RU":"Сербия","NAME_SV":"Serbien","NAME_TR":"Sırbistan","NAME_UK":"Сербія","NAME_UR":"سربیا","NAME_VI":"Serbia","NAME_ZH":"塞尔维亚","NAME_ZHT":"塞爾維亞","FCLASS_ISO":"Admin-0 country","TLC_DIFF":null,"FCLASS_TLC":"Admin-0 country","FCLASS_US":null,"FCLASS_FR":null,"FCLASS_RU":null,"FCLASS_ES":null,"FCLASS_CN":null,"FCLASS_TW":null,"FCLASS_IN":null,"FCLASS_NP":null,"FCLASS_PK":null,"FCLASS_DE":null,"FCLASS_GB":null,"FCLASS_BR":null,"FCLASS_IL":null,"FCLASS_PS":null,"FCLASS_SA":null,"FCLASS_EG":null,"FCLASS_MA":null,"FCLASS_PT":null,"FCLASS_AR":null,"FCLASS_JP":null,"FCLASS_KO":null,"FCLASS_VN":null,"FCLASS_TR":null,"FCLASS_ID":null,"FCLASS_PL":null,"FCLASS_GR":null,"FCLASS_IT":null,"FCLASS_NL":null,"FCLASS_SE":null,"FCLASS_BD":null,"FCLASS_UA":null},"geometry":{"type":"Polygon","coordinates":[[[21.360059,44.82666],[21.523145,44.790088],[21.59707,44.75542],[21.636133,44.710449],[21.740234,44.680664],[21.909277,44.666113],[22.026953,44.619873],[22.093066,44.541943],[22.200977,44.560693],[22.350684,44.676123],[22.497656,44.70625],[22.64209,44.650977],[22.720898,44.605518],[22.734375,44.569922],[22.700781,44.555518],[22.620117,44.562354],[22.554004,44.540332],[22.502344,44.4896],[22.494531,44.435449],[22.530664,44.377979],[22.581836,44.33833],[22.647949,44.316455],[22.683301,44.286475],[22.687891,44.248291],[22.705078,44.237793],[22.66748,44.220215],[22.626563,44.194092],[22.603418,44.148584],[22.597461,44.075293],[22.469043,44.018018],[22.420801,44.007422],[22.399023,43.969531],[22.36543,43.862109],[22.369629,43.781299],[22.386914,43.740137],[22.394824,43.706641],[22.436328,43.665479],[22.474121,43.602246],[22.499121,43.518848],[22.55459,43.454492],[22.696973,43.391064],[22.767578,43.35415],[22.819727,43.300732],[22.85957,43.252344],[22.976855,43.187988],[22.967969,43.142041],[22.942285,43.09707],[22.915234,43.075977],[22.856836,43.018262],[22.799902,42.985742],[22.706152,42.883936],[22.558105,42.878467],[22.522754,42.870312],[22.466797,42.84248],[22.439258,42.79165],[22.465625,42.750781],[22.463281,42.709473],[22.43623,42.629102],[22.47207,42.543311],[22.524219,42.503906],[22.532422,42.481201],[22.523535,42.440967],[22.445703,42.359131],[22.42207,42.328857],[22.344043,42.313965],[22.317383,42.321729],[22.277051,42.349854],[22.239746,42.358154],[22.14668,42.325],[22.052051,42.304639],[21.977539,42.320068],[21.904102,42.32207],[21.853027,42.308398],[21.814648,42.303125],[21.739258,42.267725],[21.618262,42.242139],[21.5625,42.24751],[21.541602,42.280811],[21.518945,42.328418],[21.52998,42.35],[21.609863,42.387451],[21.619043,42.423242],[21.730664,42.595459],[21.752148,42.651514],[21.75293,42.669824],[21.723828,42.681982],[21.6625,42.681494],[21.390625,42.751416],[21.403027,42.831543],[21.323145,42.874707],[21.237109,42.913232],[21.222656,42.956201],[21.127051,43.043018],[21.057031,43.091699],[20.967676,43.116016],[20.890723,43.15166],[20.844434,43.173437],[20.823828,43.213965],[20.823828,43.237939],[20.800586,43.261084],[20.763379,43.258594],[20.700586,43.226367],[20.623145,43.198633],[20.609668,43.178418],[20.637598,43.130371],[20.657617,43.099854],[20.648535,43.070947],[20.624023,43.03418],[20.475098,42.953027],[20.458398,42.924561],[20.486816,42.879053],[20.468848,42.85791],[20.344336,42.82793],[20.347656,42.852783],[20.339941,42.892871],[20.268457,42.935449],[20.167871,42.968506],[19.944043,43.081641],[19.858008,43.096533],[19.781152,43.109766],[19.670996,43.163965],[19.614453,43.173437],[19.551563,43.212256],[19.414648,43.342822],[19.298242,43.413965],[19.21875,43.449951],[19.196484,43.48501],[19.191602,43.521045],[19.194336,43.533301],[19.254492,43.584375],[19.300781,43.591797],[19.360352,43.593457],[19.399609,43.567578],[19.45127,43.562061],[19.47998,43.595166],[19.495117,43.642871],[19.488184,43.703564],[19.364063,43.844775],[19.257227,43.943311],[19.24502,43.965039],[19.268066,43.983447],[19.305273,43.993359],[19.345215,43.985107],[19.449414,43.978027],[19.549512,43.987109],[19.583691,44.011084],[19.583789,44.043457],[19.547168,44.073486],[19.430176,44.154492],[19.338867,44.22583],[19.231543,44.280566],[19.151855,44.302539],[19.12832,44.330273],[19.118457,44.359961],[19.127344,44.414551],[19.132422,44.483789],[19.151367,44.527344],[19.223145,44.60957],[19.291895,44.696777],[19.334473,44.780664],[19.356836,44.858545],[19.348633,44.880908],[19.312695,44.897461],[19.236816,44.914258],[19.131543,44.899609],[19.04209,44.871338],[19.007129,44.869189],[18.995508,44.904004],[19.00957,44.919385],[19.037598,44.917529],[19.060547,44.910986],[19.085254,44.926758],[19.1,44.973779],[19.062891,45.137207],[19.129688,45.151709],[19.130762,45.175488],[19.136914,45.19624],[19.205957,45.167773],[19.303027,45.167285],[19.388086,45.172998],[19.400977,45.189062],[19.4,45.2125],[19.382324,45.230615],[19.352246,45.24541],[19.330273,45.268066],[19.272852,45.277979],[19.093066,45.336914],[19.004688,45.399512],[19.007617,45.46582],[19.033301,45.502197],[19.064258,45.51499],[19.055078,45.527246],[18.953711,45.558008],[18.917871,45.60083],[18.947266,45.655811],[18.894531,45.76709],[18.839063,45.835742],[18.893555,45.865527],[18.901074,45.907617],[18.905371,45.931738],[18.927832,45.931396],[19.015723,45.959717],[19.047656,45.982666],[19.066211,46.009521],[19.087305,46.016162],[19.146289,45.987012],[19.208398,45.984424],[19.278125,46.002881],[19.330273,46.028516],[19.392871,46.049805],[19.421289,46.064453],[19.45752,46.087354],[19.530762,46.155176],[19.613477,46.169189],[19.724512,46.151904],[19.844434,46.145898],[19.934082,46.161475],[20.161426,46.141895],[20.210156,46.126025],[20.241797,46.108594],[20.301367,46.050684],[20.358594,45.975488],[20.437988,45.940771],[20.532617,45.899512],[20.581152,45.869482],[20.652734,45.779395],[20.709277,45.735254],[20.727832,45.737402],[20.746875,45.748975],[20.760156,45.758105],[20.775,45.749805],[20.775781,45.72251],[20.779297,45.662012],[20.76582,45.597461],[20.786035,45.536475],[20.786523,45.51748],[20.772461,45.500098],[20.774219,45.484424],[20.794043,45.467871],[20.870801,45.427539],[20.941797,45.365332],[21.023828,45.321533],[21.099902,45.293555],[21.147852,45.291748],[21.226465,45.241309],[21.381738,45.205078],[21.431445,45.192529],[21.46543,45.171875],[21.490234,45.1479],[21.491797,45.122266],[21.467871,45.109863],[21.434473,45.075146],[21.420703,45.032959],[21.395898,45.022217],[21.371094,45.021387],[21.35293,45.008984],[21.357031,44.990771],[21.377734,44.973437],[21.409961,44.957715],[21.471973,44.941992],[21.533203,44.918848],[21.532324,44.900684],[21.519922,44.880811],[21.442188,44.873389],[21.384375,44.870068],[21.35791,44.861816],[21.360059,44.82666]]]}},{"type":"Feature","bbox":[34.616211,16.371777,55.641016,32.124512],"properties":{"featurecla":"Admin-0 country","scalerank":4,"LABELRANK":2,"SOVEREIGNT":"Saudi Arabia","SOV_A3":"SAU","ADM0_DIF":0,"LEVEL":2,"TYPE":"Sovereign country","TLC":"1","ADMIN":"Saudi Arabia","ADM0_A3":"SAU","GEOU_DIF":0,"GEOUNIT":"Saudi Arabia","GU_A3":"SAU","SU_DIF":0,"SUBUNIT":"Saudi Arabia","SU_A3":"SAU","BRK_DIFF":0,"NAME":"Saudi Arabia","NAME_LONG":"Saudi Arabia","BRK_A3":"SAU","BRK_NAME":"Saudi Arabia","BRK_GROUP":null,"ABBREV":"Saud.","POSTAL":"SA","FORMAL_EN":"Kingdom of Saudi Arabia","FORMAL_FR":null,"NAME_CIAWF":"Saudi Arabia","NOTE_ADM0":null,"NOTE_BRK":null,"NAME_SORT":"Saudi Arabia","NAME_ALT":null,"MAPCOLOR7":6,"MAPCOLOR8":1,"MAPCOLOR9":6,"MAPCOLOR13":7,"POP_EST":34268528,"POP_RANK":15,"POP_YEAR":2019,"GDP_MD":792966,"GDP_YEAR":2019,"ECONOMY":"2. Developed region: nonG7","INCOME_GRP":"2. High income: nonOECD","FIPS_10":"SA","ISO_A2":"SA","ISO_A2_EH":"SA","ISO_A3":"SAU","ISO_A3_EH":"SAU","ISO_N3":"682","ISO_N3_EH":"682","UN_A3":"682","WB_A2":"SA","WB_A3":"SAU","WOE_ID":23424938,"WOE_ID_EH":23424938,"WOE_NOTE":"Exact WOE match as country","ADM0_ISO":"SAU","ADM0_DIFF":null,"ADM0_TLC":"SAU","ADM0_A3_US":"SAU","ADM0_A3_FR":"SAU","ADM0_A3_RU":"SAU","ADM0_A3_ES":"SAU","ADM0_A3_CN":"SAU","ADM0_A3_TW":"SAU","ADM0_A3_IN":"SAU","ADM0_A3_NP":"SAU","ADM0_A3_PK":"SAU","ADM0_A3_DE":"SAU","ADM0_A3_GB":"SAU","ADM0_A3_BR":"SAU","ADM0_A3_IL":"SAU","ADM0_A3_PS":"SAU","ADM0_A3_SA":"SAU","ADM0_A3_EG":"SAU","ADM0_A3_MA":"SAU","ADM0_A3_PT":"SAU","ADM0_A3_AR":"SAU","ADM0_A3_JP":"SAU","ADM0_A3_KO":"SAU","ADM0_A3_VN":"SAU","ADM0_A3_TR":"SAU","ADM0_A3_ID":"SAU","ADM0_A3_PL":"SAU","ADM0_A3_GR":"SAU","ADM0_A3_IT":"SAU","ADM0_A3_NL":"SAU","ADM0_A3_SE":"SAU","ADM0_A3_BD":"SAU","ADM0_A3_UA":"SAU","ADM0_A3_UN":-99,"ADM0_A3_WB":-99,"CONTINENT":"Asia","REGION_UN":"Asia","SUBREGION":"Western Asia","REGION_WB":"Middle East & North Africa","NAME_LEN":12,"LONG_LEN":12,"ABBREV_LEN":5,"TINY":-99,"HOMEPART":1,"MIN_ZOOM":0,"MIN_LABEL":1.7,"MAX_LABEL":7,"LABEL_X":44.6996,"LABEL_Y":23.806908,"NE_ID":1159321225,"WIKIDATAID":"Q851","NAME_AR":"السعودية","NAME_BN":"সৌদি আরব","NAME_DE":"Saudi-Arabien","NAME_EN":"Saudi Arabia","NAME_ES":"Arabia Saudita","NAME_FA":"عربستان سعودی","NAME_FR":"Arabie saoudite","NAME_EL":"Σαουδική Αραβία","NAME_HE":"ערב הסעודית","NAME_HI":"सउदी अरब","NAME_HU":"Szaúd-Arábia","NAME_ID":"Arab Saudi","NAME_IT":"Arabia Saudita","NAME_JA":"サウジアラビア","NAME_KO":"사우디아라비아","NAME_NL":"Saoedi-Arabië","NAME_PL":"Arabia Saudyjska","NAME_PT":"Arábia Saudita","NAME_RU":"Саудовская Аравия","NAME_SV":"Saudiarabien","NAME_TR":"Suudi Arabistan","NAME_UK":"Саудівська Аравія","NAME_UR":"سعودی عرب","NAME_VI":"Ả Rập Saudi","NAME_ZH":"沙特阿拉伯","NAME_ZHT":"沙烏地阿拉伯","FCLASS_ISO":"Admin-0 country","TLC_DIFF":null,"FCLASS_TLC":"Admin-0 country","FCLASS_US":null,"FCLASS_FR":null,"FCLASS_RU":null,"FCLASS_ES":null,"FCLASS_CN":null,"FCLASS_TW":null,"FCLASS_IN":null,"FCLASS_NP":null,"FCLASS_PK":null,"FCLASS_DE":null,"FCLASS_GB":null,"FCLASS_BR":null,"FCLASS_IL":null,"FCLASS_PS":null,"FCLASS_SA":null,"FCLASS_EG":null,"FCLASS_MA":null,"FCLASS_PT":null,"FCLASS_AR":null,"FCLASS_JP":null,"FCLASS_KO":null,"FCLASS_VN":null,"FCLASS_TR":null,"FCLASS_ID":null,"FCLASS_PL":null,"FCLASS_GR":null,"FCLASS_IT":null,"FCLASS_NL":null,"FCLASS_SE":null,"FCLASS_BD":null,"FCLASS_UA":null},"geometry":{"type":"MultiPolygon","coordinates":[[[[36.899181,25.383057],[36.875195,25.383057],[36.805078,25.450732],[36.763867,25.500586],[36.72207,25.534033],[36.530273,25.601562],[36.504297,25.645117],[36.533594,25.688721],[36.554102,25.645361],[36.58877,25.619824],[36.747559,25.55874],[36.899181,25.44454189835741],[36.899181,25.383057]]],[],[[[36.899181,25.659403465241883],[36.860156,25.69248],[36.762695,25.751318],[36.702539,25.902881],[36.675195,26.038867],[36.51875,26.104883],[36.249609,26.594775],[36.09375,26.76582],[36.032031,26.881006],[35.85166,27.070459],[35.762988,27.258789],[35.581348,27.432471],[35.423828,27.733789],[35.180469,28.034863],[35.07832,28.087012],[34.827539,28.108594],[34.72207,28.130664],[34.625,28.064502],[34.616211,28.14834],[34.683301,28.264111],[34.779883,28.507324],[34.799121,28.720508],[34.950781,29.353516],[35.16377,29.320947],[35.33916,29.294092],[35.595313,29.254883],[35.860352,29.214258],[36.01543,29.190479],[36.068457,29.200537],[36.282813,29.355371],[36.476074,29.495117],[36.591797,29.666113],[36.703906,29.831641],[36.755273,29.866016],[36.899181,29.892031665754637],[36.899181,25.659403465241883]]],[[[36.595508,25.712793],[36.586133,25.699219],[36.543945,25.734277],[36.546484,25.811621],[36.582715,25.855518],[36.579883,25.79541],[36.595605,25.734863],[36.595508,25.712793]]]]}},{"type":"Feature","bbox":[6.468164,0.047363,7.452344,1.699121],"properties":{"featurecla":"Admin-0 country","scalerank":1,"LABELRANK":6,"SOVEREIGNT":"São Tomé and Principe","SOV_A3":"STP","ADM0_DIF":0,"LEVEL":2,"TYPE":"Sovereign country","TLC":"1","ADMIN":"São Tomé and Principe","ADM0_A3":"STP","GEOU_DIF":0,"GEOUNIT":"São Tomé and Principe","GU_A3":"STP","SU_DIF":0,"SUBUNIT":"São Tomé and Principe","SU_A3":"STP","BRK_DIFF":0,"NAME":"São Tomé and Principe","NAME_LONG":"São Tomé and Principe","BRK_A3":"STP","BRK_NAME":"Sao Tome and Principe","BRK_GROUP":null,"ABBREV":"S.T.P.","POSTAL":"ST","FORMAL_EN":"Democratic Republic of São Tomé and Principe","FORMAL_FR":null,"NAME_CIAWF":"Sao Tome and Principe","NOTE_ADM0":null,"NOTE_BRK":null,"NAME_SORT":"Sao Tome and Principe","NAME_ALT":null,"MAPCOLOR7":1,"MAPCOLOR8":6,"MAPCOLOR9":1,"MAPCOLOR13":7,"POP_EST":215056,"POP_RANK":10,"POP_YEAR":2019,"GDP_MD":418,"GDP_YEAR":2019,"ECONOMY":"7. Least developed region","INCOME_GRP":"4. Lower middle income","FIPS_10":"TP","ISO_A2":"ST","ISO_A2_EH":"ST","ISO_A3":"STP","ISO_A3_EH":"STP","ISO_N3":"678","ISO_N3_EH":"678","UN_A3":"678","WB_A2":"ST","WB_A3":"STP","WOE_ID":23424966,"WOE_ID_EH":23424966,"WOE_NOTE":"Exact WOE match as country","ADM0_ISO":"STP","ADM0_DIFF":null,"ADM0_TLC":"STP","ADM0_A3_US":"STP","ADM0_A3_FR":"STP","ADM0_A3_RU":"STP","ADM0_A3_ES":"STP","ADM0_A3_CN":"STP","ADM0_A3_TW":"STP","ADM0_A3_IN":"STP","ADM0_A3_NP":"STP","ADM0_A3_PK":"STP","ADM0_A3_DE":"STP","ADM0_A3_GB":"STP","ADM0_A3_BR":"STP","ADM0_A3_IL":"STP","ADM0_A3_PS":"STP","ADM0_A3_SA":"STP","ADM0_A3_EG":"STP","ADM0_A3_MA":"STP","ADM0_A3_PT":"STP","ADM0_A3_AR":"STP","ADM0_A3_JP":"STP","ADM0_A3_KO":"STP","ADM0_A3_VN":"STP","ADM0_A3_TR":"STP","ADM0_A3_ID":"STP","ADM0_A3_PL":"STP","ADM0_A3_GR":"STP","ADM0_A3_IT":"STP","ADM0_A3_NL":"STP","ADM0_A3_SE":"STP","ADM0_A3_BD":"STP","ADM0_A3_UA":"STP","ADM0_A3_UN":-99,"ADM0_A3_WB":-99,"CONTINENT":"Africa","REGION_UN":"Africa","SUBREGION":"Middle Africa","REGION_WB":"Sub-Saharan Africa","NAME_LEN":21,"LONG_LEN":21,"ABBREV_LEN":6,"TINY":3,"HOMEPART":1,"MIN_ZOOM":0,"MIN_LABEL":5,"MAX_LABEL":10,"LABEL_X":7.021,"LABEL_Y":0.9709,"NE_ID":1159321273,"WIKIDATAID":"Q1039","NAME_AR":"ساو تومي وبرينسيب","NAME_BN":"সাঁউ তুমি ও প্রিন্সিপি","NAME_DE":"São Tomé und Príncipe","NAME_EN":"São Tomé and Príncipe","NAME_ES":"Santo Tomé y Príncipe","NAME_FA":"سائوتومه و پرینسیپ","NAME_FR":"Sao Tomé-et-Principe","NAME_EL":"Σάο Τομέ και Πρίνσιπε","NAME_HE":"סאו טומה ופרינסיפה","NAME_HI":"साओ तोमे और प्रिन्सिपी","NAME_HU":"São Tomé és Príncipe","NAME_ID":"Sao Tome dan Principe","NAME_IT":"São Tomé e Príncipe","NAME_JA":"サントメ・プリンシペ","NAME_KO":"상투메 프린시페","NAME_NL":"Sao Tomé en Principe","NAME_PL":"Wyspy Świętego Tomasza i Książęca","NAME_PT":"São Tomé e Príncipe","NAME_RU":"Сан-Томе и Принсипи","NAME_SV":"São Tomé och Príncipe","NAME_TR":"São Tomé ve Príncipe","NAME_UK":"Сан-Томе і Принсіпі","NAME_UR":"ساؤ ٹومے و پرنسپے","NAME_VI":"São Tomé và Príncipe","NAME_ZH":"圣多美和普林西比","NAME_ZHT":"聖多美普林西比","FCLASS_ISO":"Admin-0 country","TLC_DIFF":null,"FCLASS_TLC":"Admin-0 country","FCLASS_US":null,"FCLASS_FR":null,"FCLASS_RU":null,"FCLASS_ES":null,"FCLASS_CN":null,"FCLASS_TW":null,"FCLASS_IN":null,"FCLASS_NP":null,"FCLASS_PK":null,"FCLASS_DE":null,"FCLASS_GB":null,"FCLASS_BR":null,"FCLASS_IL":null,"FCLASS_PS":null,"FCLASS_SA":null,"FCLASS_EG":null,"FCLASS_MA":null,"FCLASS_PT":null,"FCLASS_AR":null,"FCLASS_JP":null,"FCLASS_KO":null,"FCLASS_VN":null,"FCLASS_TR":null,"FCLASS_ID":null,"FCLASS_PL":null,"FCLASS_GR":null,"FCLASS_IT":null,"FCLASS_NL":null,"FCLASS_SE":null,"FCLASS_BD":null,"FCLASS_UA":null},"geometry":{"type":"MultiPolygon","coordinates":[[],[]]}},{"type":"Feature","bbox":[12.396875,43.894092,12.514648,43.989746],"properties":{"featurecla":"Admin-0 country","scalerank":3,"LABELRANK":6,"SOVEREIGNT":"San Marino","SOV_A3":"SMR","ADM0_DIF":0,"LEVEL":2,"TYPE":"Sovereign country","TLC":"1","ADMIN":"San Marino","ADM0_A3":"SMR","GEOU_DIF":0,"GEOUNIT":"San Marino","GU_A3":"SMR","SU_DIF":0,"SUBUNIT":"San Marino","SU_A3":"SMR","BRK_DIFF":0,"NAME":"San Marino","NAME_LONG":"San Marino","BRK_A3":"SMR","BRK_NAME":"San Marino","BRK_GROUP":null,"ABBREV":"S.M.","POSTAL":"RSM","FORMAL_EN":"Republic of San Marino","FORMAL_FR":null,"NAME_CIAWF":"San Marino","NOTE_ADM0":null,"NOTE_BRK":null,"NAME_SORT":"San Marino","NAME_ALT":null,"MAPCOLOR7":2,"MAPCOLOR8":3,"MAPCOLOR9":1,"MAPCOLOR13":6,"POP_EST":33860,"POP_RANK":7,"POP_YEAR":2019,"GDP_MD":1655,"GDP_YEAR":2018,"ECONOMY":"2. Developed region: nonG7","INCOME_GRP":"2. High income: nonOECD","FIPS_10":"SM","ISO_A2":"SM","ISO_A2_EH":"SM","ISO_A3":"SMR","ISO_A3_EH":"SMR","ISO_N3":"674","ISO_N3_EH":"674","UN_A3":"674","WB_A2":"SM","WB_A3":"SMR","WOE_ID":23424947,"WOE_ID_EH":23424947,"WOE_NOTE":"Exact WOE match as country","ADM0_ISO":"SMR","ADM0_DIFF":null,"ADM0_TLC":"SMR","ADM0_A3_US":"SMR","ADM0_A3_FR":"SMR","ADM0_A3_RU":"SMR","ADM0_A3_ES":"SMR","ADM0_A3_CN":"SMR","ADM0_A3_TW":"SMR","ADM0_A3_IN":"SMR","ADM0_A3_NP":"SMR","ADM0_A3_PK":"SMR","ADM0_A3_DE":"SMR","ADM0_A3_GB":"SMR","ADM0_A3_BR":"SMR","ADM0_A3_IL":"SMR","ADM0_A3_PS":"SMR","ADM0_A3_SA":"SMR","ADM0_A3_EG":"SMR","ADM0_A3_MA":"SMR","ADM0_A3_PT":"SMR","ADM0_A3_AR":"SMR","ADM0_A3_JP":"SMR","ADM0_A3_KO":"SMR","ADM0_A3_VN":"SMR","ADM0_A3_TR":"SMR","ADM0_A3_ID":"SMR","ADM0_A3_PL":"SMR","ADM0_A3_GR":"SMR","ADM0_A3_IT":"SMR","ADM0_A3_NL":"SMR","ADM0_A3_SE":"SMR","ADM0_A3_BD":"SMR","ADM0_A3_UA":"SMR","ADM0_A3_UN":-99,"ADM0_A3_WB":-99,"CONTINENT":"Europe","REGION_UN":"Europe","SUBREGION":"Southern Europe","REGION_WB":"Europe & Central Asia","NAME_LEN":10,"LONG_LEN":10,"ABBREV_LEN":4,"TINY":5,"HOMEPART":1,"MIN_ZOOM":0,"MIN_LABEL":5,"MAX_LABEL":10,"LABEL_X":12.441206,"LABEL_Y":43.933916,"NE_ID":1159321255,"WIKIDATAID":"Q238","NAME_AR":"سان مارينو","NAME_BN":"সান মারিনো","NAME_DE":"San Marino","NAME_EN":"San Marino","NAME_ES":"San Marino","NAME_FA":"سان مارینو","NAME_FR":"Saint-Marin","NAME_EL":"Άγιος Μαρίνος","NAME_HE":"סן מרינו","NAME_HI":"सान मारिनो","NAME_HU":"San Marino","NAME_ID":"San Marino","NAME_IT":"San Marino","NAME_JA":"サンマリノ","NAME_KO":"산마리노","NAME_NL":"San Marino","NAME_PL":"San Marino","NAME_PT":"San Marino","NAME_RU":"Сан-Марино","NAME_SV":"San Marino","NAME_TR":"San Marino","NAME_UK":"Сан-Марино","NAME_UR":"سان مارینو","NAME_VI":"San Marino","NAME_ZH":"圣马力诺","NAME_ZHT":"聖馬力諾","FCLASS_ISO":"Admin-0 country","TLC_DIFF":null,"FCLASS_TLC":"Admin-0 country","FCLASS_US":null,"FCLASS_FR":null,"FCLASS_RU":null,"FCLASS_ES":null,"FCLASS_CN":null,"FCLASS_TW":null,"FCLASS_IN":null,"FCLASS_NP":null,"FCLASS_PK":null,"FCLASS_DE":null,"FCLASS_GB":null,"FCLASS_BR":null,"FCLASS_IL":null,"FCLASS_PS":null,"FCLASS_SA":null,"FCLASS_EG":null,"FCLASS_MA":null,"FCLASS_PT":null,"FCLASS_AR":null,"FCLASS_JP":null,"FCLASS_KO":null,"FCLASS_VN":null,"FCLASS_TR":null,"FCLASS_ID":null,"FCLASS_PL":null,"FCLASS_GR":null,"FCLASS_IT":null,"FCLASS_NL":null,"FCLASS_SE":null,"FCLASS_BD":null,"FCLASS_UA":null},"geometry":{"type":"Polygon","coordinates":[[[12.485254,43.901416],[12.426367,43.894092],[12.396875,43.93457],[12.441113,43.982422],[12.503711,43.989746],[12.514648,43.952979],[12.485254,43.901416]]]}},{"type":"Feature","bbox":[-172.778516,-14.047266,-171.449561,-13.465234],"properties":{"featurecla":"Admin-0 country","scalerank":1,"LABELRANK":4,"SOVEREIGNT":"Samoa","SOV_A3":"WSM","ADM0_DIF":0,"LEVEL":2,"TYPE":"Sovereign country","TLC":"1","ADMIN":"Samoa","ADM0_A3":"WSM","GEOU_DIF":0,"GEOUNIT":"Samoa","GU_A3":"WSM","SU_DIF":0,"SUBUNIT":"Samoa","SU_A3":"WSM","BRK_DIFF":0,"NAME":"Samoa","NAME_LONG":"Samoa","BRK_A3":"WSM","BRK_NAME":"Samoa","BRK_GROUP":null,"ABBREV":"Samoa","POSTAL":"WS","FORMAL_EN":"Independent State of Samoa","FORMAL_FR":null,"NAME_CIAWF":"Samoa","NOTE_ADM0":null,"NOTE_BRK":null,"NAME_SORT":"Samoa","NAME_ALT":null,"MAPCOLOR7":3,"MAPCOLOR8":3,"MAPCOLOR9":4,"MAPCOLOR13":6,"POP_EST":197097,"POP_RANK":9,"POP_YEAR":2019,"GDP_MD":852,"GDP_YEAR":2019,"ECONOMY":"7. Least developed region","INCOME_GRP":"4. Lower middle income","FIPS_10":"WS","ISO_A2":"WS","ISO_A2_EH":"WS","ISO_A3":"WSM","ISO_A3_EH":"WSM","ISO_N3":"882","ISO_N3_EH":"882","UN_A3":"882","WB_A2":"WS","WB_A3":"WSM","WOE_ID":23424992,"WOE_ID_EH":23424992,"WOE_NOTE":"Exact WOE match as country","ADM0_ISO":"WSM","ADM0_DIFF":null,"ADM0_TLC":"WSM","ADM0_A3_US":"WSM","ADM0_A3_FR":"WSM","ADM0_A3_RU":"WSM","ADM0_A3_ES":"WSM","ADM0_A3_CN":"WSM","ADM0_A3_TW":"WSM","ADM0_A3_IN":"WSM","ADM0_A3_NP":"WSM","ADM0_A3_PK":"WSM","ADM0_A3_DE":"WSM","ADM0_A3_GB":"WSM","ADM0_A3_BR":"WSM","ADM0_A3_IL":"WSM","ADM0_A3_PS":"WSM","ADM0_A3_SA":"WSM","ADM0_A3_EG":"WSM","ADM0_A3_MA":"WSM","ADM0_A3_PT":"WSM","ADM0_A3_AR":"WSM","ADM0_A3_JP":"WSM","ADM0_A3_KO":"WSM","ADM0_A3_VN":"WSM","ADM0_A3_TR":"WSM","ADM0_A3_ID":"WSM","ADM0_A3_PL":"WSM","ADM0_A3_GR":"WSM","ADM0_A3_IT":"WSM","ADM0_A3_NL":"WSM","ADM0_A3_SE":"WSM","ADM0_A3_BD":"WSM","ADM0_A3_UA":"WSM","ADM0_A3_UN":-99,"ADM0_A3_WB":-99,"CONTINENT":"Oceania","REGION_UN":"Oceania","SUBREGION":"Polynesia","REGION_WB":"East Asia & Pacific","NAME_LEN":5,"LONG_LEN":5,"ABBREV_LEN":5,"TINY":-99,"HOMEPART":1,"MIN_ZOOM":0,"MIN_LABEL":3,"MAX_LABEL":8,"LABEL_X":-172.438241,"LABEL_Y":-13.639139,"NE_ID":1159321423,"WIKIDATAID":"Q683","NAME_AR":"ساموا","NAME_BN":"সামোয়া","NAME_DE":"Samoa","NAME_EN":"Samoa","NAME_ES":"Samoa","NAME_FA":"ساموآ","NAME_FR":"Samoa","NAME_EL":"Σαμόα","NAME_HE":"סמואה","NAME_HI":"समोआ","NAME_HU":"Szamoa","NAME_ID":"Samoa","NAME_IT":"Samoa","NAME_JA":"サモア","NAME_KO":"사모아","NAME_NL":"Samoa","NAME_PL":"Samoa","NAME_PT":"Samoa","NAME_RU":"Самоа","NAME_SV":"Samoa","NAME_TR":"Samoa","NAME_UK":"Самоа","NAME_UR":"سامووا","NAME_VI":"Samoa","NAME_ZH":"萨摩亚","NAME_ZHT":"薩摩亞","FCLASS_ISO":"Admin-0 country","TLC_DIFF":null,"FCLASS_TLC":"Admin-0 country","FCLASS_US":null,"FCLASS_FR":null,"FCLASS_RU":null,"FCLASS_ES":null,"FCLASS_CN":null,"FCLASS_TW":null,"FCLASS_IN":null,"FCLASS_NP":null,"FCLASS_PK":null,"FCLASS_DE":null,"FCLASS_GB":null,"FCLASS_BR":null,"FCLASS_IL":null,"FCLASS_PS":null,"FCLASS_SA":null,"FCLASS_EG":null,"FCLASS_MA":null,"FCLASS_PT":null,"FCLASS_AR":null,"FCLASS_JP":null,"FCLASS_KO":null,"FCLASS_VN":null,"FCLASS_TR":null,"FCLASS_ID":null,"FCLASS_PL":null,"FCLASS_GR":null,"FCLASS_IT":null,"FCLASS_NL":null,"FCLASS_SE":null,"FCLASS_BD":null,"FCLASS_UA":null},"geometry":{"type":"MultiPolygon","coordinates":[[],[]]}},{"type":"Feature","bbox":[-61.353516,12.694727,-61.124023,13.35874],"properties":{"featurecla":"Admin-0 country","scalerank":1,"LABELRANK":6,"SOVEREIGNT":"Saint Vincent and the Grenadines","SOV_A3":"VCT","ADM0_DIF":0,"LEVEL":2,"TYPE":"Sovereign country","TLC":"1","ADMIN":"Saint Vincent and the Grenadines","ADM0_A3":"VCT","GEOU_DIF":0,"GEOUNIT":"Saint Vincent and the Grenadines","GU_A3":"VCT","SU_DIF":0,"SUBUNIT":"Saint Vincent and the Grenadines","SU_A3":"VCT","BRK_DIFF":0,"NAME":"St. Vin. and Gren.","NAME_LONG":"Saint Vincent and the Grenadines","BRK_A3":"VCT","BRK_NAME":"St. Vin. and Gren.","BRK_GROUP":null,"ABBREV":"St.V.G.","POSTAL":"VC","FORMAL_EN":"Saint Vincent and the Grenadines","FORMAL_FR":null,"NAME_CIAWF":"Saint Vincent and the Grenadines","NOTE_ADM0":null,"NOTE_BRK":null,"NAME_SORT":"St. Vincent and the Grenadines","NAME_ALT":null,"MAPCOLOR7":1,"MAPCOLOR8":1,"MAPCOLOR9":5,"MAPCOLOR13":7,"POP_EST":110589,"POP_RANK":9,"POP_YEAR":2019,"GDP_MD":824,"GDP_YEAR":2019,"ECONOMY":"6. Developing region","INCOME_GRP":"3. Upper middle income","FIPS_10":"VC","ISO_A2":"VC","ISO_A2_EH":"VC","ISO_A3":"VCT","ISO_A3_EH":"VCT","ISO_N3":"670","ISO_N3_EH":"670","UN_A3":"670","WB_A2":"VC","WB_A3":"VCT","WOE_ID":23424981,"WOE_ID_EH":23424981,"WOE_NOTE":"Exact WOE match as country","ADM0_ISO":"VCT","ADM0_DIFF":null,"ADM0_TLC":"VCT","ADM0_A3_US":"VCT","ADM0_A3_FR":"VCT","ADM0_A3_RU":"VCT","ADM0_A3_ES":"VCT","ADM0_A3_CN":"VCT","ADM0_A3_TW":"VCT","ADM0_A3_IN":"VCT","ADM0_A3_NP":"VCT","ADM0_A3_PK":"VCT","ADM0_A3_DE":"VCT","ADM0_A3_GB":"VCT","ADM0_A3_BR":"VCT","ADM0_A3_IL":"VCT","ADM0_A3_PS":"VCT","ADM0_A3_SA":"VCT","ADM0_A3_EG":"VCT","ADM0_A3_MA":"VCT","ADM0_A3_PT":"VCT","ADM0_A3_AR":"VCT","ADM0_A3_JP":"VCT","ADM0_A3_KO":"VCT","ADM0_A3_VN":"VCT","ADM0_A3_TR":"VCT","ADM0_A3_ID":"VCT","ADM0_A3_PL":"VCT","ADM0_A3_GR":"VCT","ADM0_A3_IT":"VCT","ADM0_A3_NL":"VCT","ADM0_A3_SE":"VCT","ADM0_A3_BD":"VCT","ADM0_A3_UA":"VCT","ADM0_A3_UN":-99,"ADM0_A3_WB":-99,"CONTINENT":"North America","REGION_UN":"Americas","SUBREGION":"Caribbean","REGION_WB":"Latin America & Caribbean","NAME_LEN":18,"LONG_LEN":32,"ABBREV_LEN":7,"TINY":-99,"HOMEPART":1,"MIN_ZOOM":0,"MIN_LABEL":5,"MAX_LABEL":10,"LABEL_X":-61.3359,"LABEL_Y":13.0879,"NE_ID":1159321409,"WIKIDATAID":"Q757","NAME_AR":"سانت فينسنت والغرينادين","NAME_BN":"সেন্ট ভিনসেন্ট ও গ্রেনাডাইন","NAME_DE":"St. Vincent und die Grenadinen","NAME_EN":"Saint Vincent and the Grenadines","NAME_ES":"San Vicente y las Granadinas","NAME_FA":"سنت وینسنت و گرنادینها","NAME_FR":"Saint-Vincent-et-les-Grenadines","NAME_EL":"Άγιος Βικέντιος και Γρεναδίνες","NAME_HE":"סנט וינסנט והגרנדינים","NAME_HI":"सन्त विन्सेण्ट और ग्रेनाडाइन्स","NAME_HU":"Saint Vincent és a Grenadine-szigetek","NAME_ID":"Saint Vincent dan Grenadine","NAME_IT":"Saint Vincent e Grenadine","NAME_JA":"セントビンセント・グレナディーン","NAME_KO":"세인트빈센트 그레나딘","NAME_NL":"Saint Vincent en de Grenadines","NAME_PL":"Saint Vincent i Grenadyny","NAME_PT":"São Vicente e Granadinas","NAME_RU":"Сент-Винсент и Гренадины","NAME_SV":"Saint Vincent och Grenadinerna","NAME_TR":"Saint Vincent ve Grenadinler","NAME_UK":"Сент-Вінсент і Гренадини","NAME_UR":"سینٹ وینسینٹ و گریناڈائنز","NAME_VI":"Saint Vincent và Grenadines","NAME_ZH":"圣文森特和格林纳丁斯","NAME_ZHT":"聖文森及格瑞那丁","FCLASS_ISO":"Admin-0 dependency","TLC_DIFF":null,"FCLASS_TLC":"Admin-0 dependency","FCLASS_US":null,"FCLASS_FR":null,"FCLASS_RU":null,"FCLASS_ES":null,"FCLASS_CN":null,"FCLASS_TW":null,"FCLASS_IN":null,"FCLASS_NP":null,"FCLASS_PK":null,"FCLASS_DE":null,"FCLASS_GB":null,"FCLASS_BR":null,"FCLASS_IL":null,"FCLASS_PS":null,"FCLASS_SA":null,"FCLASS_EG":null,"FCLASS_MA":null,"FCLASS_PT":null,"FCLASS_AR":null,"FCLASS_JP":null,"FCLASS_KO":null,"FCLASS_VN":null,"FCLASS_TR":null,"FCLASS_ID":null,"FCLASS_PL":null,"FCLASS_GR":null,"FCLASS_IT":null,"FCLASS_NL":null,"FCLASS_SE":null,"FCLASS_BD":null,"FCLASS_UA":null},"geometry":{"type":"MultiPolygon","coordinates":[[],[],[]]}},{"type":"Feature","bbox":[-62.840479,17.100586,-62.532227,17.402588],"properties":{"featurecla":"Admin-0 country","scalerank":3,"LABELRANK":6,"SOVEREIGNT":"Saint Kitts and Nevis","SOV_A3":"KNA","ADM0_DIF":0,"LEVEL":2,"TYPE":"Sovereign country","TLC":"1","ADMIN":"Saint Kitts and Nevis","ADM0_A3":"KNA","GEOU_DIF":0,"GEOUNIT":"Saint Kitts and Nevis","GU_A3":"KNA","SU_DIF":0,"SUBUNIT":"Saint Kitts and Nevis","SU_A3":"KNA","BRK_DIFF":0,"NAME":"St. Kitts and Nevis","NAME_LONG":"Saint Kitts and Nevis","BRK_A3":"KNA","BRK_NAME":"Saint Kitts and Nevis","BRK_GROUP":null,"ABBREV":"St.K.N.","POSTAL":"KN","FORMAL_EN":"Federation of Saint Kitts and Nevis","FORMAL_FR":null,"NAME_CIAWF":"Saint Kitts and Nevis","NOTE_ADM0":null,"NOTE_BRK":null,"NAME_SORT":"St. Kitts and Nevis","NAME_ALT":null,"MAPCOLOR7":1,"MAPCOLOR8":4,"MAPCOLOR9":1,"MAPCOLOR13":8,"POP_EST":52834,"POP_RANK":8,"POP_YEAR":2019,"GDP_MD":1053,"GDP_YEAR":2019,"ECONOMY":"6. Developing region","INCOME_GRP":"2. High income: nonOECD","FIPS_10":"SC","ISO_A2":"KN","ISO_A2_EH":"KN","ISO_A3":"KNA","ISO_A3_EH":"KNA","ISO_N3":"659","ISO_N3_EH":"659","UN_A3":"659","WB_A2":"KN","WB_A3":"KNA","WOE_ID":23424940,"WOE_ID_EH":23424940,"WOE_NOTE":"Exact WOE match as country","ADM0_ISO":"KNA","ADM0_DIFF":null,"ADM0_TLC":"KNA","ADM0_A3_US":"KNA","ADM0_A3_FR":"KNA","ADM0_A3_RU":"KNA","ADM0_A3_ES":"KNA","ADM0_A3_CN":"KNA","ADM0_A3_TW":"KNA","ADM0_A3_IN":"KNA","ADM0_A3_NP":"KNA","ADM0_A3_PK":"KNA","ADM0_A3_DE":"KNA","ADM0_A3_GB":"KNA","ADM0_A3_BR":"KNA","ADM0_A3_IL":"KNA","ADM0_A3_PS":"KNA","ADM0_A3_SA":"KNA","ADM0_A3_EG":"KNA","ADM0_A3_MA":"KNA","ADM0_A3_PT":"KNA","ADM0_A3_AR":"KNA","ADM0_A3_JP":"KNA","ADM0_A3_KO":"KNA","ADM0_A3_VN":"KNA","ADM0_A3_TR":"KNA","ADM0_A3_ID":"KNA","ADM0_A3_PL":"KNA","ADM0_A3_GR":"KNA","ADM0_A3_IT":"KNA","ADM0_A3_NL":"KNA","ADM0_A3_SE":"KNA","ADM0_A3_BD":"KNA","ADM0_A3_UA":"KNA","ADM0_A3_UN":-99,"ADM0_A3_WB":-99,"CONTINENT":"North America","REGION_UN":"Americas","SUBREGION":"Caribbean","REGION_WB":"Latin America & Caribbean","NAME_LEN":19,"LONG_LEN":21,"ABBREV_LEN":7,"TINY":4,"HOMEPART":1,"MIN_ZOOM":0,"MIN_LABEL":5,"MAX_LABEL":10,"LABEL_X":-62.757975,"LABEL_Y":17.336558,"NE_ID":1159320983,"WIKIDATAID":"Q763","NAME_AR":"سانت كيتس ونيفيس","NAME_BN":"সেন্ট কিট্স ও নেভিস","NAME_DE":"St. Kitts und Nevis","NAME_EN":"Saint Kitts and Nevis","NAME_ES":"San Cristóbal y Nieves","NAME_FA":"سنت کیتس و نویس","NAME_FR":"Saint-Christophe-et-Niévès","NAME_EL":"Άγιος Χριστόφορος και Νέβις","NAME_HE":"סנט קיטס ונוויס","NAME_HI":"सन्त किट्स और नेविस","NAME_HU":"Saint Kitts és Nevis","NAME_ID":"Saint Kitts dan Nevis","NAME_IT":"Saint Kitts e Nevis","NAME_JA":"セントクリストファー・ネイビス","NAME_KO":"세인트키츠 네비스","NAME_NL":"Saint Kitts en Nevis","NAME_PL":"Saint Kitts i Nevis","NAME_PT":"São Cristóvão e Nevis","NAME_RU":"Сент-Китс и Невис","NAME_SV":"Saint Kitts och Nevis","NAME_TR":"Saint Kitts ve Nevis","NAME_UK":"Сент-Кіттс і Невіс","NAME_UR":"سینٹ کیٹز و ناویس","NAME_VI":"Saint Kitts và Nevis","NAME_ZH":"圣基茨和尼维斯","NAME_ZHT":"聖克里斯多福與尼維斯","FCLASS_ISO":"Admin-0 country","TLC_DIFF":null,"FCLASS_TLC":"Admin-0 country","FCLASS_US":null,"FCLASS_FR":null,"FCLASS_RU":null,"FCLASS_ES":null,"FCLASS_CN":null,"FCLASS_TW":null,"FCLASS_IN":null,"FCLASS_NP":null,"FCLASS_PK":null,"FCLASS_DE":null,"FCLASS_GB":null,"FCLASS_BR":null,"FCLASS_IL":null,"FCLASS_PS":null,"FCLASS_SA":null,"FCLASS_EG":null,"FCLASS_MA":null,"FCLASS_PT":null,"FCLASS_AR":null,"FCLASS_JP":null,"FCLASS_KO":null,"FCLASS_VN":null,"FCLASS_TR":null,"FCLASS_ID":null,"FCLASS_PL":null,"FCLASS_GR":null,"FCLASS_IT":null,"FCLASS_NL":null,"FCLASS_SE":null,"FCLASS_BD":null,"FCLASS_UA":null},"geometry":{"type":"MultiPolygon","coordinates":[[],[]]}},{"type":"Feature","bbox":[-180,41.199268,180,81.854199],"properties":{"featurecla":"Admin-0 country","scalerank":5,"LABELRANK":2,"SOVEREIGNT":"Russia","SOV_A3":"RUS","ADM0_DIF":0,"LEVEL":2,"TYPE":"Sovereign country","TLC":"1","ADMIN":"Russia","ADM0_A3":"RUS","GEOU_DIF":0,"GEOUNIT":"Russia","GU_A3":"RUS","SU_DIF":0,"SUBUNIT":"Russia","SU_A3":"RUS","BRK_DIFF":0,"NAME":"Russia","NAME_LONG":"Russian Federation","BRK_A3":"RUS","BRK_NAME":"Russia","BRK_GROUP":null,"ABBREV":"Rus.","POSTAL":"RUS","FORMAL_EN":"Russian Federation","FORMAL_FR":null,"NAME_CIAWF":"Russia","NOTE_ADM0":null,"NOTE_BRK":null,"NAME_SORT":"Russian Federation","NAME_ALT":null,"MAPCOLOR7":2,"MAPCOLOR8":5,"MAPCOLOR9":7,"MAPCOLOR13":7,"POP_EST":144373535,"POP_RANK":17,"POP_YEAR":2019,"GDP_MD":1699876,"GDP_YEAR":2019,"ECONOMY":"3. Emerging region: BRIC","INCOME_GRP":"3. Upper middle income","FIPS_10":"RS","ISO_A2":"RU","ISO_A2_EH":"RU","ISO_A3":"RUS","ISO_A3_EH":"RUS","ISO_N3":"643","ISO_N3_EH":"643","UN_A3":"643","WB_A2":"RU","WB_A3":"RUS","WOE_ID":23424936,"WOE_ID_EH":23424936,"WOE_NOTE":"Exact WOE match as country","ADM0_ISO":"RUS","ADM0_DIFF":null,"ADM0_TLC":"RUS","ADM0_A3_US":"RUS","ADM0_A3_FR":"RUS","ADM0_A3_RU":"RUS","ADM0_A3_ES":"RUS","ADM0_A3_CN":"RUS","ADM0_A3_TW":"RUS","ADM0_A3_IN":"RUS","ADM0_A3_NP":"RUS","ADM0_A3_PK":"RUS","ADM0_A3_DE":"RUS","ADM0_A3_GB":"RUS","ADM0_A3_BR":"RUS","ADM0_A3_IL":"RUS","ADM0_A3_PS":"RUS","ADM0_A3_SA":"RUS","ADM0_A3_EG":"RUS","ADM0_A3_MA":"RUS","ADM0_A3_PT":"RUS","ADM0_A3_AR":"RUS","ADM0_A3_JP":"RUS","ADM0_A3_KO":"RUS","ADM0_A3_VN":"RUS","ADM0_A3_TR":"RUS","ADM0_A3_ID":"RUS","ADM0_A3_PL":"RUS","ADM0_A3_GR":"RUS","ADM0_A3_IT":"RUS","ADM0_A3_NL":"RUS","ADM0_A3_SE":"RUS","ADM0_A3_BD":"RUS","ADM0_A3_UA":"RUS","ADM0_A3_UN":-99,"ADM0_A3_WB":-99,"CONTINENT":"Europe","REGION_UN":"Europe","SUBREGION":"Eastern Europe","REGION_WB":"Europe & Central Asia","NAME_LEN":6,"LONG_LEN":18,"ABBREV_LEN":4,"TINY":-99,"HOMEPART":1,"MIN_ZOOM":0,"MIN_LABEL":1.7,"MAX_LABEL":5.2,"LABEL_X":44.686469,"LABEL_Y":58.249357,"NE_ID":1159321201,"WIKIDATAID":"Q159","NAME_AR":"روسيا","NAME_BN":"রাশিয়া","NAME_DE":"Russland","NAME_EN":"Russia","NAME_ES":"Rusia","NAME_FA":"روسیه","NAME_FR":"Russie","NAME_EL":"Ρωσία","NAME_HE":"רוסיה","NAME_HI":"रूस","NAME_HU":"Oroszország","NAME_ID":"Rusia","NAME_IT":"Russia","NAME_JA":"ロシア","NAME_KO":"러시아","NAME_NL":"Rusland","NAME_PL":"Rosja","NAME_PT":"Rússia","NAME_RU":"Россия","NAME_SV":"Ryssland","NAME_TR":"Rusya","NAME_UK":"Росія","NAME_UR":"روس","NAME_VI":"Nga","NAME_ZH":"俄罗斯","NAME_ZHT":"俄羅斯","FCLASS_ISO":"Admin-0 country","TLC_DIFF":null,"FCLASS_TLC":"Admin-0 country","FCLASS_US":null,"FCLASS_FR":null,"FCLASS_RU":null,"FCLASS_ES":null,"FCLASS_CN":null,"FCLASS_TW":null,"FCLASS_IN":null,"FCLASS_NP":null,"FCLASS_PK":null,"FCLASS_DE":null,"FCLASS_GB":null,"FCLASS_BR":null,"FCLASS_IL":null,"FCLASS_PS":null,"FCLASS_SA":null,"FCLASS_EG":null,"FCLASS_MA":null,"FCLASS_PT":null,"FCLASS_AR":null,"FCLASS_JP":null,"FCLASS_KO":null,"FCLASS_VN":null,"FCLASS_TR":null,"FCLASS_ID":null,"FCLASS_PL":null,"FCLASS_GR":null,"FCLASS_IT":null,"FCLASS_NL":null,"FCLASS_SE":null,"FCLASS_BD":null,"FCLASS_UA":null},"geometry":{"type":"MultiPolygon","coordinates":[[],[],[],[],[],[],[],[],[],[],[],[],[],[],[],[],[],[],[[[36.899181,47.085215],[36.899181,45.07834618629812],[36.650781,45.126465],[36.627637,45.151318],[36.619141,45.185498],[36.873047,45.251758],[36.899181,45.26630376940907],[36.899181,45.30595095049779],[36.811035,45.340039],[36.761621,45.34834],[36.72041,45.371875],[36.79375,45.409717],[36.865918,45.427051],[36.899181,45.414134741167324],[36.899181,47.085215]]],[],[],[],[],[],[],[],[],[],[],[],[],[],[],[],[],[],[],[],[],[],[],[],[],[],[],[],[],[],[],[],[],[],[],[],[],[],[],[],[],[],[],[],[],[],[],[],[],[],[],[],[],[],[],[],[],[],[],[],[],[],[],[],[],[],[],[],[],[],[],[],[],[],[],[],[],[],[],[],[],[],[[[33.594141,46.09624],[33.654323,46.146222],[33.659965,46.219573],[33.806667,46.208288],[34.02672,46.106725],[34.128283,46.089798],[34.224203,46.101083],[34.353978,46.061586],[34.449898,45.965666],[34.523249,45.97695],[34.686878,45.97695],[34.794084,45.892315],[34.799726,45.790752],[34.946428,45.728686],[35.001674,45.733383],[35.022852,45.700977],[35.260156,45.446924],[35.373926,45.353613],[35.45752,45.316309],[35.558008,45.310889],[35.750977,45.389355],[35.833496,45.401611],[36.012891,45.37168],[36.077148,45.424121],[36.170508,45.453076],[36.290332,45.456738],[36.427051,45.433252],[36.575,45.393555],[36.514258,45.30376],[36.450781,45.232324],[36.428418,45.153271],[36.393359,45.065381],[36.229883,45.025977],[36.054785,45.030811],[35.870117,45.005322],[35.803613,45.0396],[35.759473,45.07085],[35.677539,45.102002],[35.569531,45.119336],[35.472559,45.098486],[35.357813,44.978418],[35.154785,44.896338],[35.087695,44.802637],[34.887793,44.823584],[34.716895,44.807129],[34.469922,44.72168],[34.281738,44.538428],[34.074414,44.423828],[33.909961,44.387598],[33.755664,44.398926],[33.655859,44.433203],[33.450684,44.553662],[33.462695,44.596826],[33.491309,44.618604],[33.530078,44.680518],[33.612207,44.907812],[33.601172,44.981494],[33.555176,45.097656],[33.39248,45.187842],[33.261523,45.170752],[33.186914,45.194775],[32.918652,45.348145],[32.772656,45.358984],[32.611328,45.328076],[32.551855,45.350391],[32.508008,45.403809],[32.828027,45.593018],[33.142285,45.749219],[33.280078,45.765234],[33.466211,45.837939],[33.664844,45.94707],[33.636719,46.032861],[33.594141,46.09624]]]]}},{"type":"Feature","bbox":[20.241797,43.670801,29.705859,48.263477],"properties":{"featurecla":"Admin-0 country","scalerank":1,"LABELRANK":3,"SOVEREIGNT":"Romania","SOV_A3":"ROU","ADM0_DIF":0,"LEVEL":2,"TYPE":"Sovereign country","TLC":"1","ADMIN":"Romania","ADM0_A3":"ROU","GEOU_DIF":0,"GEOUNIT":"Romania","GU_A3":"ROU","SU_DIF":0,"SUBUNIT":"Romania","SU_A3":"ROU","BRK_DIFF":0,"NAME":"Romania","NAME_LONG":"Romania","BRK_A3":"ROU","BRK_NAME":"Romania","BRK_GROUP":null,"ABBREV":"Rom.","POSTAL":"RO","FORMAL_EN":"Romania","FORMAL_FR":null,"NAME_CIAWF":"Romania","NOTE_ADM0":null,"NOTE_BRK":null,"NAME_SORT":"Romania","NAME_ALT":null,"MAPCOLOR7":1,"MAPCOLOR8":4,"MAPCOLOR9":3,"MAPCOLOR13":13,"POP_EST":19356544,"POP_RANK":14,"POP_YEAR":2019,"GDP_MD":250077,"GDP_YEAR":2019,"ECONOMY":"2. Developed region: nonG7","INCOME_GRP":"3. Upper middle income","FIPS_10":"RO","ISO_A2":"RO","ISO_A2_EH":"RO","ISO_A3":"ROU","ISO_A3_EH":"ROU","ISO_N3":"642","ISO_N3_EH":"642","UN_A3":"642","WB_A2":"RO","WB_A3":"ROM","WOE_ID":23424933,"WOE_ID_EH":23424933,"WOE_NOTE":"Exact WOE match as country","ADM0_ISO":"ROU","ADM0_DIFF":null,"ADM0_TLC":"ROU","ADM0_A3_US":"ROU","ADM0_A3_FR":"ROU","ADM0_A3_RU":"ROU","ADM0_A3_ES":"ROU","ADM0_A3_CN":"ROU","ADM0_A3_TW":"ROU","ADM0_A3_IN":"ROU","ADM0_A3_NP":"ROU","ADM0_A3_PK":"ROU","ADM0_A3_DE":"ROU","ADM0_A3_GB":"ROU","ADM0_A3_BR":"ROU","ADM0_A3_IL":"ROU","ADM0_A3_PS":"ROU","ADM0_A3_SA":"ROU","ADM0_A3_EG":"ROU","ADM0_A3_MA":"ROU","ADM0_A3_PT":"ROU","ADM0_A3_AR":"ROU","ADM0_A3_JP":"ROU","ADM0_A3_KO":"ROU","ADM0_A3_VN":"ROU","ADM0_A3_TR":"ROU","ADM0_A3_ID":"ROU","ADM0_A3_PL":"ROU","ADM0_A3_GR":"ROU","ADM0_A3_IT":"ROU","ADM0_A3_NL":"ROU","ADM0_A3_SE":"ROU","ADM0_A3_BD":"ROU","ADM0_A3_UA":"ROU","ADM0_A3_UN":-99,"ADM0_A3_WB":-99,"CONTINENT":"Europe","REGION_UN":"Europe","SUBREGION":"Eastern Europe","REGION_WB":"Europe & Central Asia","NAME_LEN":7,"LONG_LEN":7,"ABBREV_LEN":4,"TINY":-99,"HOMEPART":1,"MIN_ZOOM":0,"MIN_LABEL":3,"MAX_LABEL":8,"LABEL_X":24.972624,"LABEL_Y":45.733237,"NE_ID":1159321199,"WIKIDATAID":"Q218","NAME_AR":"رومانيا","NAME_BN":"রোমানিয়া","NAME_DE":"Rumänien","NAME_EN":"Romania","NAME_ES":"Rumania","NAME_FA":"رومانی","NAME_FR":"Roumanie","NAME_EL":"Ρουμανία","NAME_HE":"רומניה","NAME_HI":"रोमानिया","NAME_HU":"Románia","NAME_ID":"Rumania","NAME_IT":"Romania","NAME_JA":"ルーマニア","NAME_KO":"루마니아","NAME_NL":"Roemenië","NAME_PL":"Rumunia","NAME_PT":"Roménia","NAME_RU":"Румыния","NAME_SV":"Rumänien","NAME_TR":"Romanya","NAME_UK":"Румунія","NAME_UR":"رومانیہ","NAME_VI":"Romania","NAME_ZH":"罗马尼亚","NAME_ZHT":"羅馬尼亞","FCLASS_ISO":"Admin-0 country","TLC_DIFF":null,"FCLASS_TLC":"Admin-0 country","FCLASS_US":null,"FCLASS_FR":null,"FCLASS_RU":null,"FCLASS_ES":null,"FCLASS_CN":null,"FCLASS_TW":null,"FCLASS_IN":null,"FCLASS_NP":null,"FCLASS_PK":null,"FCLASS_DE":null,"FCLASS_GB":null,"FCLASS_BR":null,"FCLASS_IL":null,"FCLASS_PS":null,"FCLASS_SA":null,"FCLASS_EG":null,"FCLASS_MA":null,"FCLASS_PT":null,"FCLASS_AR":null,"FCLASS_JP":null,"FCLASS_KO":null,"FCLASS_VN":null,"FCLASS_TR":null,"FCLASS_ID":null,"FCLASS_PL":null,"FCLASS_GR":null,"FCLASS_IT":null,"FCLASS_NL":null,"FCLASS_SE":null,"FCLASS_BD":null,"FCLASS_UA":null},"geometry":{"type":"Polygon","coordinates":[[[28.2125,45.450439],[28.317676,45.347119],[28.45127,45.292187],[28.760742,45.234131],[28.788281,45.240967],[28.791406,45.251904],[28.769824,45.266895],[28.766602,45.28623],[28.781738,45.309863],[28.824316,45.311084],[28.894336,45.289941],[29.027441,45.320557],[29.223535,45.40293],[29.403711,45.419678],[29.567676,45.370801],[29.651953,45.313916],[29.705859,45.259912],[29.689063,45.193213],[29.678613,45.15166],[29.635352,44.979639],[29.605469,44.915479],[29.55752,44.843408],[29.048242,44.757568],[29.081055,44.798828],[29.069141,44.871143],[29.047754,44.925684],[29.095313,44.975049],[28.980664,44.99292],[28.930566,44.96582],[28.891504,44.918652],[28.926172,44.81001],[28.87041,44.749951],[28.849023,44.716309],[28.846484,44.636865],[28.813574,44.60249],[28.807031,44.565039],[28.888184,44.574756],[28.851758,44.506104],[28.699219,44.374219],[28.64541,44.295654],[28.658594,43.983838],[28.590723,43.797412],[28.585352,43.742236],[28.423438,43.740479],[28.375195,43.744775],[28.221973,43.772852],[28.05,43.822412],[27.948926,43.918604],[27.884277,43.987354],[27.738574,43.956299],[27.710742,43.9646],[27.670898,43.997803],[27.561035,44.020068],[27.425391,44.020508],[27.120703,44.146143],[27.086914,44.167383],[26.847754,44.146191],[26.489258,44.083984],[26.21582,44.007275],[25.933398,43.870557],[25.818848,43.766846],[25.686133,43.711768],[25.49707,43.670801],[25.159668,43.686328],[24.808203,43.738428],[24.430566,43.794385],[24.226758,43.763477],[23.950781,43.78667],[23.53457,43.853564],[23.224609,43.873877],[22.919043,43.834473],[22.867676,43.864551],[22.856445,43.899023],[22.868262,43.9479],[22.911328,43.987207],[22.985352,44.016992],[23.024414,44.047217],[23.028516,44.077979],[22.94541,44.127295],[22.775195,44.195215],[22.705078,44.237793],[22.687891,44.248291],[22.683301,44.286475],[22.647949,44.316455],[22.581836,44.33833],[22.530664,44.377979],[22.494531,44.435449],[22.502344,44.4896],[22.554004,44.540332],[22.620117,44.562354],[22.700781,44.555518],[22.734375,44.569922],[22.720898,44.605518],[22.64209,44.650977],[22.497656,44.70625],[22.350684,44.676123],[22.200977,44.560693],[22.093066,44.541943],[22.026953,44.619873],[21.909277,44.666113],[21.740234,44.680664],[21.636133,44.710449],[21.59707,44.75542],[21.523145,44.790088],[21.360059,44.82666],[21.35791,44.861816],[21.384375,44.870068],[21.442188,44.873389],[21.519922,44.880811],[21.532324,44.900684],[21.533203,44.918848],[21.471973,44.941992],[21.409961,44.957715],[21.377734,44.973437],[21.357031,44.990771],[21.35293,45.008984],[21.371094,45.021387],[21.395898,45.022217],[21.420703,45.032959],[21.434473,45.075146],[21.467871,45.109863],[21.491797,45.122266],[21.490234,45.1479],[21.46543,45.171875],[21.431445,45.192529],[21.381738,45.205078],[21.226465,45.241309],[21.147852,45.291748],[21.099902,45.293555],[21.023828,45.321533],[20.941797,45.365332],[20.870801,45.427539],[20.794043,45.467871],[20.774219,45.484424],[20.772461,45.500098],[20.786523,45.51748],[20.786035,45.536475],[20.76582,45.597461],[20.779297,45.662012],[20.775781,45.72251],[20.775,45.749805],[20.760156,45.758105],[20.746875,45.748975],[20.727832,45.737402],[20.709277,45.735254],[20.652734,45.779395],[20.581152,45.869482],[20.532617,45.899512],[20.437988,45.940771],[20.358594,45.975488],[20.301367,46.050684],[20.241797,46.108594],[20.280957,46.133008],[20.508105,46.166943],[20.613672,46.133496],[20.661035,46.145654],[20.707422,46.172803],[20.732715,46.194434],[20.737402,46.21748],[20.760254,46.24624],[20.837012,46.259717],[21.039844,46.242236],[21.12168,46.282422],[21.151953,46.304346],[21.17041,46.352686],[21.191797,46.391553],[21.264551,46.412305],[21.263281,46.447754],[21.252246,46.486377],[21.294531,46.572461],[21.320215,46.607812],[21.361328,46.620752],[21.411035,46.647852],[21.49707,46.704297],[21.477051,46.753369],[21.494434,46.789746],[21.58418,46.878369],[21.652637,46.96377],[21.651465,47.006543],[21.661426,47.043896],[21.721777,47.084814],[21.722255844582804,47.085215],[27.903275925752926,47.085215],[27.974219,47.043213],[28.071777,46.978418],[28.15,46.79209],[28.204688,46.706396],[28.239453,46.64082],[28.222656,46.508057],[28.244336,46.45127],[28.199609,46.347559],[28.119141,46.138672],[28.099707,45.972607],[28.113574,45.883057],[28.115527,45.825537],[28.134961,45.788867],[28.15625,45.713086],[28.159766,45.647119],[28.130859,45.628271],[28.090332,45.612744],[28.074707,45.598975],[28.111914,45.569141],[28.1625,45.51377],[28.2125,45.450439]]]}},{"type":"Feature","bbox":[-31.282959,32.648291,-6.2125,42.137402],"properties":{"featurecla":"Admin-0 country","scalerank":3,"LABELRANK":2,"SOVEREIGNT":"Portugal","SOV_A3":"PRT","ADM0_DIF":0,"LEVEL":2,"TYPE":"Sovereign country","TLC":"1","ADMIN":"Portugal","ADM0_A3":"PRT","GEOU_DIF":0,"GEOUNIT":"Portugal","GU_A3":"PRT","SU_DIF":1,"SUBUNIT":"Portugal","SU_A3":"PR1","BRK_DIFF":0,"NAME":"Portugal","NAME_LONG":"Portugal","BRK_A3":"PR1","BRK_NAME":"Portugal","BRK_GROUP":null,"ABBREV":"Port.","POSTAL":"P","FORMAL_EN":"Portuguese Republic","FORMAL_FR":null,"NAME_CIAWF":"Portugal","NOTE_ADM0":null,"NOTE_BRK":null,"NAME_SORT":"Portugal","NAME_ALT":null,"MAPCOLOR7":1,"MAPCOLOR8":7,"MAPCOLOR9":1,"MAPCOLOR13":4,"POP_EST":10269417,"POP_RANK":14,"POP_YEAR":2019,"GDP_MD":238785,"GDP_YEAR":2019,"ECONOMY":"2. Developed region: nonG7","INCOME_GRP":"1. High income: OECD","FIPS_10":"PO","ISO_A2":"PT","ISO_A2_EH":"PT","ISO_A3":"PRT","ISO_A3_EH":"PRT","ISO_N3":"620","ISO_N3_EH":"620","UN_A3":"620","WB_A2":"PT","WB_A3":"PRT","WOE_ID":23424925,"WOE_ID_EH":23424925,"WOE_NOTE":"Exact WOE match as country","ADM0_ISO":"PR1","ADM0_DIFF":null,"ADM0_TLC":"PR1","ADM0_A3_US":"PRT","ADM0_A3_FR":"PRT","ADM0_A3_RU":"PRT","ADM0_A3_ES":"PRT","ADM0_A3_CN":"PRT","ADM0_A3_TW":"PRT","ADM0_A3_IN":"PRT","ADM0_A3_NP":"PRT","ADM0_A3_PK":"PRT","ADM0_A3_DE":"PRT","ADM0_A3_GB":"PRT","ADM0_A3_BR":"PRT","ADM0_A3_IL":"PRT","ADM0_A3_PS":"PRT","ADM0_A3_SA":"PRT","ADM0_A3_EG":"PRT","ADM0_A3_MA":"PRT","ADM0_A3_PT":"PRT","ADM0_A3_AR":"PRT","ADM0_A3_JP":"PRT","ADM0_A3_KO":"PRT","ADM0_A3_VN":"PRT","ADM0_A3_TR":"PRT","ADM0_A3_ID":"PRT","ADM0_A3_PL":"PRT","ADM0_A3_GR":"PRT","ADM0_A3_IT":"PRT","ADM0_A3_NL":"PRT","ADM0_A3_SE":"PRT","ADM0_A3_BD":"PRT","ADM0_A3_UA":"PRT","ADM0_A3_UN":-99,"ADM0_A3_WB":-99,"CONTINENT":"Europe","REGION_UN":"Europe","SUBREGION":"Southern Europe","REGION_WB":"Europe & Central Asia","NAME_LEN":8,"LONG_LEN":8,"ABBREV_LEN":5,"TINY":-99,"HOMEPART":1,"MIN_ZOOM":0,"MIN_LABEL":3,"MAX_LABEL":8,"LABEL_X":-8.271754,"LABEL_Y":39.606675,"NE_ID":1159321187,"WIKIDATAID":"Q45","NAME_AR":"البرتغال","NAME_BN":"পর্তুগাল","NAME_DE":"Portugal","NAME_EN":"Portugal","NAME_ES":"Portugal","NAME_FA":"پرتغال","NAME_FR":"Portugal","NAME_EL":"Πορτογαλία","NAME_HE":"פורטוגל","NAME_HI":"पुर्तगाल","NAME_HU":"Portugália","NAME_ID":"Portugal","NAME_IT":"Portogallo","NAME_JA":"ポルトガル","NAME_KO":"포르투갈","NAME_NL":"Portugal","NAME_PL":"Portugalia","NAME_PT":"Portugal","NAME_RU":"Португалия","NAME_SV":"Portugal","NAME_TR":"Portekiz","NAME_UK":"Португалія","NAME_UR":"پرتگال","NAME_VI":"Bồ Đào Nha","NAME_ZH":"葡萄牙","NAME_ZHT":"葡萄牙","FCLASS_ISO":"Admin-0 country","TLC_DIFF":null,"FCLASS_TLC":"Admin-0 country","FCLASS_US":null,"FCLASS_FR":null,"FCLASS_RU":null,"FCLASS_ES":null,"FCLASS_CN":null,"FCLASS_TW":null,"FCLASS_IN":null,"FCLASS_NP":null,"FCLASS_PK":null,"FCLASS_DE":null,"FCLASS_GB":null,"FCLASS_BR":null,"FCLASS_IL":null,"FCLASS_PS":null,"FCLASS_SA":null,"FCLASS_EG":null,"FCLASS_MA":null,"FCLASS_PT":null,"FCLASS_AR":null,"FCLASS_JP":null,"FCLASS_KO":null,"FCLASS_VN":null,"FCLASS_TR":null,"FCLASS_ID":null,"FCLASS_PL":null,"FCLASS_GR":null,"FCLASS_IT":null,"FCLASS_NL":null,"FCLASS_SE":null,"FCLASS_BD":null,"FCLASS_UA":null},"geometry":{"type":"MultiPolygon","coordinates":[[],[[[-8.682385,42.00876812881654],[-8.589648,42.052734],[-8.538086,42.069336],[-8.322559,42.115088],[-8.266064,42.137402],[-8.213086,42.133691],[-8.204199,42.111865],[-8.173584,42.069385],[-8.139307,42.039941],[-8.12998,42.018164],[-8.21333,41.9271],[-8.224756,41.89585],[-8.18125,41.836963],[-8.173535,41.819971],[-8.15249,41.811963],[-8.094434,41.814209],[-7.990967,41.851904],[-7.92085,41.883643],[-7.896387,41.870557],[-7.693066,41.888477],[-7.644678,41.873975],[-7.612598,41.857959],[-7.512598,41.835986],[-7.403613,41.833691],[-7.268555,41.864404],[-7.209619,41.895264],[-7.19834,41.929395],[-7.195361,41.955225],[-7.17793,41.97168],[-7.147119,41.981152],[-7.099121,41.964209],[-7.030469,41.950635],[-6.865527,41.945264],[-6.833203,41.96416],[-6.777295,41.958496],[-6.703613,41.93457],[-6.618262,41.942383],[-6.575342,41.913086],[-6.55752,41.874121],[-6.552588,41.789551],[-6.558984,41.704053],[-6.542187,41.67251],[-6.484668,41.664404],[-6.391699,41.665381],[-6.308057,41.642187],[-6.243115,41.601807],[-6.22168,41.560449],[-6.2125,41.532031],[-6.244336,41.515918],[-6.289355,41.455029],[-6.403125,41.375391],[-6.565918,41.303711],[-6.690137,41.214502],[-6.775781,41.107715],[-6.882812,41.062402],[-6.915527,41.038037],[-6.928467,41.009131],[-6.857715,40.87832],[-6.835889,40.77749],[-6.818359,40.654053],[-6.829834,40.619092],[-6.835693,40.483154],[-6.852051,40.443262],[-6.847949,40.410986],[-6.821777,40.37627],[-6.810156,40.343115],[-6.858887,40.300732],[-6.948437,40.251611],[-7.014697,40.20835],[-7.032617,40.16792],[-7.027832,40.142627],[-6.916406,40.056836],[-6.896094,40.021826],[-6.911182,39.937109],[-6.975391,39.798389],[-7.036719,39.713965],[-7.047412,39.705566],[-7.117676,39.681689],[-7.454102,39.680664],[-7.535693,39.661572],[-7.524219,39.644727],[-7.445117,39.536182],[-7.362695,39.47832],[-7.335449,39.465137],[-7.305762,39.338135],[-7.172412,39.135205],[-7.042969,39.10708],[-6.997949,39.056445],[-7.00625,38.985254],[-7.046045,38.907031],[-7.125488,38.826953],[-7.219922,38.770508],[-7.281543,38.714551],[-7.286377,38.649365],[-7.305957,38.566846],[-7.335791,38.501465],[-7.343018,38.457422],[-7.106396,38.181006],[-6.974805,38.194434],[-6.957568,38.187891],[-6.981104,38.121973],[-7.022852,38.044727],[-7.07251,38.030029],[-7.185449,38.006348],[-7.292236,37.906445],[-7.378906,37.786377],[-7.443945,37.728271],[-7.503516,37.585498],[-7.496045,37.523584],[-7.467187,37.428027],[-7.406152,37.179443],[-7.493604,37.168311],[-7.834131,37.005713],[-7.939697,37.00542],[-8.136768,37.077051],[-8.484326,37.100049],[-8.597656,37.121338],[-8.682385,37.09334816972889],[-8.682385,38.42579514140033],[-8.668311,38.424316],[-8.682385,38.43676836008709],[-8.682385,40.78695254847801],[-8.673975,40.916504],[-8.655566,41.029492],[-8.659814,41.086279],[-8.674609,41.154492],[-8.682385,41.170365429135956],[-8.682385,42.00876812881654]]],[],[],[],[],[],[],[]]}},{"type":"Feature","bbox":[116.969531,5.060205,126.593359,20.84126],"properties":{"featurecla":"Admin-0 country","scalerank":1,"LABELRANK":2,"SOVEREIGNT":"Philippines","SOV_A3":"PHL","ADM0_DIF":0,"LEVEL":2,"TYPE":"Sovereign country","TLC":"1","ADMIN":"Philippines","ADM0_A3":"PHL","GEOU_DIF":0,"GEOUNIT":"Philippines","GU_A3":"PHL","SU_DIF":0,"SUBUNIT":"Philippines","SU_A3":"PHL","BRK_DIFF":0,"NAME":"Philippines","NAME_LONG":"Philippines","BRK_A3":"PHL","BRK_NAME":"Philippines","BRK_GROUP":null,"ABBREV":"Phil.","POSTAL":"PH","FORMAL_EN":"Republic of the Philippines","FORMAL_FR":null,"NAME_CIAWF":"Philippines","NOTE_ADM0":null,"NOTE_BRK":null,"NAME_SORT":"Philippines","NAME_ALT":null,"MAPCOLOR7":3,"MAPCOLOR8":2,"MAPCOLOR9":2,"MAPCOLOR13":8,"POP_EST":108116615,"POP_RANK":17,"POP_YEAR":2019,"GDP_MD":376795,"GDP_YEAR":2019,"ECONOMY":"5. Emerging region: G20","INCOME_GRP":"4. Lower middle income","FIPS_10":"RP","ISO_A2":"PH","ISO_A2_EH":"PH","ISO_A3":"PHL","ISO_A3_EH":"PHL","ISO_N3":"608","ISO_N3_EH":"608","UN_A3":"608","WB_A2":"PH","WB_A3":"PHL","WOE_ID":23424934,"WOE_ID_EH":23424934,"WOE_NOTE":"Exact WOE match as country","ADM0_ISO":"PHL","ADM0_DIFF":null,"ADM0_TLC":"PHL","ADM0_A3_US":"PHL","ADM0_A3_FR":"PHL","ADM0_A3_RU":"PHL","ADM0_A3_ES":"PHL","ADM0_A3_CN":"PHL","ADM0_A3_TW":"PHL","ADM0_A3_IN":"PHL","ADM0_A3_NP":"PHL","ADM0_A3_PK":"PHL","ADM0_A3_DE":"PHL","ADM0_A3_GB":"PHL","ADM0_A3_BR":"PHL","ADM0_A3_IL":"PHL","ADM0_A3_PS":"PHL","ADM0_A3_SA":"PHL","ADM0_A3_EG":"PHL","ADM0_A3_MA":"PHL","ADM0_A3_PT":"PHL","ADM0_A3_AR":"PHL","ADM0_A3_JP":"PHL","ADM0_A3_KO":"PHL","ADM0_A3_VN":"PHL","ADM0_A3_TR":"PHL","ADM0_A3_ID":"PHL","ADM0_A3_PL":"PHL","ADM0_A3_GR":"PHL","ADM0_A3_IT":"PHL","ADM0_A3_NL":"PHL","ADM0_A3_SE":"PHL","ADM0_A3_BD":"PHL","ADM0_A3_UA":"PHL","ADM0_A3_UN":-99,"ADM0_A3_WB":-99,"CONTINENT":"Asia","REGION_UN":"Asia","SUBREGION":"South-Eastern Asia","REGION_WB":"East Asia & Pacific","NAME_LEN":11,"LONG_LEN":11,"ABBREV_LEN":5,"TINY":-99,"HOMEPART":1,"MIN_ZOOM":0,"MIN_LABEL":2.5,"MAX_LABEL":7,"LABEL_X":122.465,"LABEL_Y":11.198,"NE_ID":1159321169,"WIKIDATAID":"Q928","NAME_AR":"الفلبين","NAME_BN":"ফিলিপাইন","NAME_DE":"Philippinen","NAME_EN":"Philippines","NAME_ES":"Filipinas","NAME_FA":"فیلیپین","NAME_FR":"Philippines","NAME_EL":"Φιλιππίνες","NAME_HE":"הפיליפינים","NAME_HI":"फ़िलीपीन्स","NAME_HU":"Fülöp-szigetek","NAME_ID":"Filipina","NAME_IT":"Filippine","NAME_JA":"フィリピン","NAME_KO":"필리핀","NAME_NL":"Filipijnen","NAME_PL":"Filipiny","NAME_PT":"Filipinas","NAME_RU":"Филиппины","NAME_SV":"Filippinerna","NAME_TR":"Filipinler","NAME_UK":"Філіппіни","NAME_UR":"فلپائن","NAME_VI":"Philippines","NAME_ZH":"菲律宾","NAME_ZHT":"菲律賓","FCLASS_ISO":"Admin-0 country","TLC_DIFF":null,"FCLASS_TLC":"Admin-0 country","FCLASS_US":null,"FCLASS_FR":null,"FCLASS_RU":null,"FCLASS_ES":null,"FCLASS_CN":null,"FCLASS_TW":null,"FCLASS_IN":null,"FCLASS_NP":null,"FCLASS_PK":null,"FCLASS_DE":null,"FCLASS_GB":null,"FCLASS_BR":null,"FCLASS_IL":null,"FCLASS_PS":null,"FCLASS_SA":null,"FCLASS_EG":null,"FCLASS_MA":null,"FCLASS_PT":null,"FCLASS_AR":null,"FCLASS_JP":null,"FCLASS_KO":null,"FCLASS_VN":null,"FCLASS_TR":null,"FCLASS_ID":null,"FCLASS_PL":null,"FCLASS_GR":null,"FCLASS_IT":null,"FCLASS_NL":null,"FCLASS_SE":null,"FCLASS_BD":null,"FCLASS_UA":null},"geometry":{"type":"MultiPolygon","coordinates":[[],[],[],[],[],[],[],[],[],[],[],[],[],[],[],[],[],[],[],[],[],[],[],[],[],[],[],[],[],[],[],[],[],[],[],[],[],[],[],[],[],[],[],[],[],[],[],[]]}},{"type":"Feature","bbox":[140.862305,-11.630566,155.957617,-1.353223],"properties":{"featurecla":"Admin-0 country","scalerank":1,"LABELRANK":2,"SOVEREIGNT":"Papua New Guinea","SOV_A3":"PNG","ADM0_DIF":0,"LEVEL":2,"TYPE":"Sovereign country","TLC":"1","ADMIN":"Papua New Guinea","ADM0_A3":"PNG","GEOU_DIF":0,"GEOUNIT":"Papua New Guinea","GU_A3":"PNG","SU_DIF":1,"SUBUNIT":"Papua New Guinea","SU_A3":"PN1","BRK_DIFF":0,"NAME":"Papua New Guinea","NAME_LONG":"Papua New Guinea","BRK_A3":"PN1","BRK_NAME":"Papua New Guinea","BRK_GROUP":null,"ABBREV":"P.N.G.","POSTAL":"PG","FORMAL_EN":"Independent State of Papua New Guinea","FORMAL_FR":null,"NAME_CIAWF":"Papua New Guinea","NOTE_ADM0":null,"NOTE_BRK":null,"NAME_SORT":"Papua New Guinea","NAME_ALT":null,"MAPCOLOR7":4,"MAPCOLOR8":2,"MAPCOLOR9":3,"MAPCOLOR13":1,"POP_EST":8776109,"POP_RANK":13,"POP_YEAR":2019,"GDP_MD":24829,"GDP_YEAR":2019,"ECONOMY":"6. Developing region","INCOME_GRP":"4. Lower middle income","FIPS_10":"PP","ISO_A2":"PG","ISO_A2_EH":"PG","ISO_A3":"PNG","ISO_A3_EH":"PNG","ISO_N3":"598","ISO_N3_EH":"598","UN_A3":"598","WB_A2":"PG","WB_A3":"PNG","WOE_ID":23424926,"WOE_ID_EH":23424926,"WOE_NOTE":"Exact WOE match as country","ADM0_ISO":"PN1","ADM0_DIFF":null,"ADM0_TLC":"PN1","ADM0_A3_US":"PNG","ADM0_A3_FR":"PNG","ADM0_A3_RU":"PNG","ADM0_A3_ES":"PNG","ADM0_A3_CN":"PNG","ADM0_A3_TW":"PNG","ADM0_A3_IN":"PNG","ADM0_A3_NP":"PNG","ADM0_A3_PK":"PNG","ADM0_A3_DE":"PNG","ADM0_A3_GB":"PNG","ADM0_A3_BR":"PNG","ADM0_A3_IL":"PNG","ADM0_A3_PS":"PNG","ADM0_A3_SA":"PNG","ADM0_A3_EG":"PNG","ADM0_A3_MA":"PNG","ADM0_A3_PT":"PNG","ADM0_A3_AR":"PNG","ADM0_A3_JP":"PNG","ADM0_A3_KO":"PNG","ADM0_A3_VN":"PNG","ADM0_A3_TR":"PNG","ADM0_A3_ID":"PNG","ADM0_A3_PL":"PNG","ADM0_A3_GR":"PNG","ADM0_A3_IT":"PNG","ADM0_A3_NL":"PNG","ADM0_A3_SE":"PNG","ADM0_A3_BD":"PNG","ADM0_A3_UA":"PNG","ADM0_A3_UN":-99,"ADM0_A3_WB":-99,"CONTINENT":"Oceania","REGION_UN":"Oceania","SUBREGION":"Melanesia","REGION_WB":"East Asia & Pacific","NAME_LEN":16,"LONG_LEN":16,"ABBREV_LEN":6,"TINY":-99,"HOMEPART":1,"MIN_ZOOM":0,"MIN_LABEL":2.5,"MAX_LABEL":7.5,"LABEL_X":143.910216,"LABEL_Y":-5.695285,"NE_ID":1159321173,"WIKIDATAID":"Q691","NAME_AR":"بابوا غينيا الجديدة","NAME_BN":"পাপুয়া নিউগিনি","NAME_DE":"Papua-Neuguinea","NAME_EN":"Papua New Guinea","NAME_ES":"Papúa Nueva Guinea","NAME_FA":"پاپوآ گینه نو","NAME_FR":"Papouasie-Nouvelle-Guinée","NAME_EL":"Παπούα Νέα Γουινέα","NAME_HE":"פפואה גינאה החדשה","NAME_HI":"पापुआ न्यू गिनी","NAME_HU":"Pápua Új-Guinea","NAME_ID":"Papua Nugini","NAME_IT":"Papua Nuova Guinea","NAME_JA":"パプアニューギニア","NAME_KO":"파푸아뉴기니","NAME_NL":"Papoea-Nieuw-Guinea","NAME_PL":"Papua-Nowa Gwinea","NAME_PT":"Papua-Nova Guiné","NAME_RU":"Папуа — Новая Гвинея","NAME_SV":"Papua Nya Guinea","NAME_TR":"Papua Yeni Gine","NAME_UK":"Папуа Нова Гвінея","NAME_UR":"پاپوا نیو گنی","NAME_VI":"Papua New Guinea","NAME_ZH":"巴布亚新几内亚","NAME_ZHT":"巴布亞紐幾內亞","FCLASS_ISO":"Admin-0 country","TLC_DIFF":null,"FCLASS_TLC":"Admin-0 country","FCLASS_US":null,"FCLASS_FR":null,"FCLASS_RU":null,"FCLASS_ES":null,"FCLASS_CN":null,"FCLASS_TW":null,"FCLASS_IN":null,"FCLASS_NP":null,"FCLASS_PK":null,"FCLASS_DE":null,"FCLASS_GB":null,"FCLASS_BR":null,"FCLASS_IL":null,"FCLASS_PS":null,"FCLASS_SA":null,"FCLASS_EG":null,"FCLASS_MA":null,"FCLASS_PT":null,"FCLASS_AR":null,"FCLASS_JP":null,"FCLASS_KO":null,"FCLASS_VN":null,"FCLASS_TR":null,"FCLASS_ID":null,"FCLASS_PL":null,"FCLASS_GR":null,"FCLASS_IT":null,"FCLASS_NL":null,"FCLASS_SE":null,"FCLASS_BD":null,"FCLASS_UA":null},"geometry":{"type":"MultiPolygon","coordinates":[[],[],[],[],[],[],[],[],[],[],[],[],[],[],[],[],[],[],[],[],[],[],[],[],[],[]]}},{"type":"Feature","bbox":[-83.027344,7.220068,-77.195996,9.597852],"properties":{"featurecla":"Admin-0 country","scalerank":1,"LABELRANK":4,"SOVEREIGNT":"Panama","SOV_A3":"PAN","ADM0_DIF":0,"LEVEL":2,"TYPE":"Sovereign country","TLC":"1","ADMIN":"Panama","ADM0_A3":"PAN","GEOU_DIF":0,"GEOUNIT":"Panama","GU_A3":"PAN","SU_DIF":0,"SUBUNIT":"Panama","SU_A3":"PAN","BRK_DIFF":0,"NAME":"Panama","NAME_LONG":"Panama","BRK_A3":"PAN","BRK_NAME":"Panama","BRK_GROUP":null,"ABBREV":"Pan.","POSTAL":"PA","FORMAL_EN":"Republic of Panama","FORMAL_FR":null,"NAME_CIAWF":"Panama","NOTE_ADM0":null,"NOTE_BRK":null,"NAME_SORT":"Panama","NAME_ALT":null,"MAPCOLOR7":4,"MAPCOLOR8":4,"MAPCOLOR9":6,"MAPCOLOR13":3,"POP_EST":4246439,"POP_RANK":12,"POP_YEAR":2019,"GDP_MD":66800,"GDP_YEAR":2019,"ECONOMY":"6. Developing region","INCOME_GRP":"3. Upper middle income","FIPS_10":"PM","ISO_A2":"PA","ISO_A2_EH":"PA","ISO_A3":"PAN","ISO_A3_EH":"PAN","ISO_N3":"591","ISO_N3_EH":"591","UN_A3":"591","WB_A2":"PA","WB_A3":"PAN","WOE_ID":23424924,"WOE_ID_EH":23424924,"WOE_NOTE":"Exact WOE match as country","ADM0_ISO":"PAN","ADM0_DIFF":null,"ADM0_TLC":"PAN","ADM0_A3_US":"PAN","ADM0_A3_FR":"PAN","ADM0_A3_RU":"PAN","ADM0_A3_ES":"PAN","ADM0_A3_CN":"PAN","ADM0_A3_TW":"PAN","ADM0_A3_IN":"PAN","ADM0_A3_NP":"PAN","ADM0_A3_PK":"PAN","ADM0_A3_DE":"PAN","ADM0_A3_GB":"PAN","ADM0_A3_BR":"PAN","ADM0_A3_IL":"PAN","ADM0_A3_PS":"PAN","ADM0_A3_SA":"PAN","ADM0_A3_EG":"PAN","ADM0_A3_MA":"PAN","ADM0_A3_PT":"PAN","ADM0_A3_AR":"PAN","ADM0_A3_JP":"PAN","ADM0_A3_KO":"PAN","ADM0_A3_VN":"PAN","ADM0_A3_TR":"PAN","ADM0_A3_ID":"PAN","ADM0_A3_PL":"PAN","ADM0_A3_GR":"PAN","ADM0_A3_IT":"PAN","ADM0_A3_NL":"PAN","ADM0_A3_SE":"PAN","ADM0_A3_BD":"PAN","ADM0_A3_UA":"PAN","ADM0_A3_UN":-99,"ADM0_A3_WB":-99,"CONTINENT":"North America","REGION_UN":"Americas","SUBREGION":"Central America","REGION_WB":"Latin America & Caribbean","NAME_LEN":6,"LONG_LEN":6,"ABBREV_LEN":4,"TINY":-99,"HOMEPART":1,"MIN_ZOOM":0,"MIN_LABEL":4,"MAX_LABEL":9,"LABEL_X":-80.352106,"LABEL_Y":8.72198,"NE_ID":1159321161,"WIKIDATAID":"Q804","NAME_AR":"بنما","NAME_BN":"পানামা","NAME_DE":"Panama","NAME_EN":"Panama","NAME_ES":"Panamá","NAME_FA":"پاناما","NAME_FR":"Panama","NAME_EL":"Παναμάς","NAME_HE":"פנמה","NAME_HI":"पनामा","NAME_HU":"Panama","NAME_ID":"Panama","NAME_IT":"Panama","NAME_JA":"パナマ","NAME_KO":"파나마","NAME_NL":"Panama","NAME_PL":"Panama","NAME_PT":"Panamá","NAME_RU":"Панама","NAME_SV":"Panama","NAME_TR":"Panama","NAME_UK":"Панама","NAME_UR":"پاناما","NAME_VI":"Panama","NAME_ZH":"巴拿马","NAME_ZHT":"巴拿馬","FCLASS_ISO":"Admin-0 country","TLC_DIFF":null,"FCLASS_TLC":"Admin-0 country","FCLASS_US":null,"FCLASS_FR":null,"FCLASS_RU":null,"FCLASS_ES":null,"FCLASS_CN":null,"FCLASS_TW":null,"FCLASS_IN":null,"FCLASS_NP":null,"FCLASS_PK":null,"FCLASS_DE":null,"FCLASS_GB":null,"FCLASS_BR":null,"FCLASS_IL":null,"FCLASS_PS":null,"FCLASS_SA":null,"FCLASS_EG":null,"FCLASS_MA":null,"FCLASS_PT":null,"FCLASS_AR":null,"FCLASS_JP":null,"FCLASS_KO":null,"FCLASS_VN":null,"FCLASS_TR":null,"FCLASS_ID":null,"FCLASS_PL":null,"FCLASS_GR":null,"FCLASS_IT":null,"FCLASS_NL":null,"FCLASS_SE":null,"FCLASS_BD":null,"FCLASS_UA":null},"geometry":{"type":"MultiPolygon","coordinates":[[],[],[],[],[]]}},{"type":"Feature","bbox":[131.134961,3.021875,134.65957,7.712109],"properties":{"featurecla":"Admin-0 country","scalerank":4,"LABELRANK":6,"SOVEREIGNT":"Palau","SOV_A3":"PLW","ADM0_DIF":0,"LEVEL":2,"TYPE":"Sovereign country","TLC":"1","ADMIN":"Palau","ADM0_A3":"PLW","GEOU_DIF":0,"GEOUNIT":"Palau","GU_A3":"PLW","SU_DIF":0,"SUBUNIT":"Palau","SU_A3":"PLW","BRK_DIFF":0,"NAME":"Palau","NAME_LONG":"Palau","BRK_A3":"PLW","BRK_NAME":"Palau","BRK_GROUP":null,"ABBREV":"Palau","POSTAL":"PW","FORMAL_EN":"Republic of Palau","FORMAL_FR":null,"NAME_CIAWF":"Palau","NOTE_ADM0":null,"NOTE_BRK":null,"NAME_SORT":"Palau","NAME_ALT":null,"MAPCOLOR7":2,"MAPCOLOR8":5,"MAPCOLOR9":1,"MAPCOLOR13":12,"POP_EST":18008,"POP_RANK":6,"POP_YEAR":2019,"GDP_MD":268,"GDP_YEAR":2019,"ECONOMY":"6. Developing region","INCOME_GRP":"3. Upper middle income","FIPS_10":"PS","ISO_A2":"PW","ISO_A2_EH":"PW","ISO_A3":"PLW","ISO_A3_EH":"PLW","ISO_N3":"585","ISO_N3_EH":"585","UN_A3":"585","WB_A2":"PW","WB_A3":"PLW","WOE_ID":23424927,"WOE_ID_EH":23424927,"WOE_NOTE":"Exact WOE match as country","ADM0_ISO":"PLW","ADM0_DIFF":null,"ADM0_TLC":"PLW","ADM0_A3_US":"PLW","ADM0_A3_FR":"PLW","ADM0_A3_RU":"PLW","ADM0_A3_ES":"PLW","ADM0_A3_CN":"PLW","ADM0_A3_TW":"PLW","ADM0_A3_IN":"PLW","ADM0_A3_NP":"PLW","ADM0_A3_PK":"PLW","ADM0_A3_DE":"PLW","ADM0_A3_GB":"PLW","ADM0_A3_BR":"PLW","ADM0_A3_IL":"PLW","ADM0_A3_PS":"PLW","ADM0_A3_SA":"PLW","ADM0_A3_EG":"PLW","ADM0_A3_MA":"PLW","ADM0_A3_PT":"PLW","ADM0_A3_AR":"PLW","ADM0_A3_JP":"PLW","ADM0_A3_KO":"PLW","ADM0_A3_VN":"PLW","ADM0_A3_TR":"PLW","ADM0_A3_ID":"PLW","ADM0_A3_PL":"PLW","ADM0_A3_GR":"PLW","ADM0_A3_IT":"PLW","ADM0_A3_NL":"PLW","ADM0_A3_SE":"PLW","ADM0_A3_BD":"PLW","ADM0_A3_UA":"PLW","ADM0_A3_UN":-99,"ADM0_A3_WB":-99,"CONTINENT":"Oceania","REGION_UN":"Oceania","SUBREGION":"Micronesia","REGION_WB":"East Asia & Pacific","NAME_LEN":5,"LONG_LEN":5,"ABBREV_LEN":5,"TINY":2,"HOMEPART":1,"MIN_ZOOM":0,"MIN_LABEL":5,"MAX_LABEL":10,"LABEL_X":134.580157,"LABEL_Y":7.518252,"NE_ID":1159321171,"WIKIDATAID":"Q695","NAME_AR":"بالاو","NAME_BN":"পালাউ","NAME_DE":"Palau","NAME_EN":"Palau","NAME_ES":"Palaos","NAME_FA":"پالائو","NAME_FR":"Palaos","NAME_EL":"Παλάου","NAME_HE":"פלאו","NAME_HI":"पलाउ","NAME_HU":"Palau","NAME_ID":"Palau","NAME_IT":"Palau","NAME_JA":"パラオ","NAME_KO":"팔라우","NAME_NL":"Palau","NAME_PL":"Palau","NAME_PT":"Palau","NAME_RU":"Палау","NAME_SV":"Palau","NAME_TR":"Palau","NAME_UK":"Республіка Палау","NAME_UR":"پلاؤ","NAME_VI":"Palau","NAME_ZH":"帕劳","NAME_ZHT":"帛琉","FCLASS_ISO":"Admin-0 country","TLC_DIFF":null,"FCLASS_TLC":"Admin-0 country","FCLASS_US":null,"FCLASS_FR":null,"FCLASS_RU":null,"FCLASS_ES":null,"FCLASS_CN":null,"FCLASS_TW":null,"FCLASS_IN":null,"FCLASS_NP":null,"FCLASS_PK":null,"FCLASS_DE":null,"FCLASS_GB":null,"FCLASS_BR":null,"FCLASS_IL":null,"FCLASS_PS":null,"FCLASS_SA":null,"FCLASS_EG":null,"FCLASS_MA":null,"FCLASS_PT":null,"FCLASS_AR":null,"FCLASS_JP":null,"FCLASS_KO":null,"FCLASS_VN":null,"FCLASS_TR":null,"FCLASS_ID":null,"FCLASS_PL":null,"FCLASS_GR":null,"FCLASS_IT":null,"FCLASS_NL":null,"FCLASS_SE":null,"FCLASS_BD":null,"FCLASS_UA":null},"geometry":{"type":"MultiPolygon","coordinates":[[],[]]}},{"type":"Feature","bbox":[51.977637,16.648389,59.8375,26.356348],"properties":{"featurecla":"Admin-0 country","scalerank":3,"LABELRANK":4,"SOVEREIGNT":"Oman","SOV_A3":"OMN","ADM0_DIF":0,"LEVEL":2,"TYPE":"Sovereign country","TLC":"1","ADMIN":"Oman","ADM0_A3":"OMN","GEOU_DIF":0,"GEOUNIT":"Oman","GU_A3":"OMN","SU_DIF":0,"SUBUNIT":"Oman","SU_A3":"OMN","BRK_DIFF":0,"NAME":"Oman","NAME_LONG":"Oman","BRK_A3":"OMN","BRK_NAME":"Oman","BRK_GROUP":null,"ABBREV":"Oman","POSTAL":"OM","FORMAL_EN":"Sultanate of Oman","FORMAL_FR":null,"NAME_CIAWF":"Oman","NOTE_ADM0":null,"NOTE_BRK":null,"NAME_SORT":"Oman","NAME_ALT":null,"MAPCOLOR7":1,"MAPCOLOR8":4,"MAPCOLOR9":1,"MAPCOLOR13":6,"POP_EST":4974986,"POP_RANK":12,"POP_YEAR":2019,"GDP_MD":76331,"GDP_YEAR":2019,"ECONOMY":"6. Developing region","INCOME_GRP":"2. High income: nonOECD","FIPS_10":"MU","ISO_A2":"OM","ISO_A2_EH":"OM","ISO_A3":"OMN","ISO_A3_EH":"OMN","ISO_N3":"512","ISO_N3_EH":"512","UN_A3":"512","WB_A2":"OM","WB_A3":"OMN","WOE_ID":23424898,"WOE_ID_EH":23424898,"WOE_NOTE":"Exact WOE match as country","ADM0_ISO":"OMN","ADM0_DIFF":null,"ADM0_TLC":"OMN","ADM0_A3_US":"OMN","ADM0_A3_FR":"OMN","ADM0_A3_RU":"OMN","ADM0_A3_ES":"OMN","ADM0_A3_CN":"OMN","ADM0_A3_TW":"OMN","ADM0_A3_IN":"OMN","ADM0_A3_NP":"OMN","ADM0_A3_PK":"OMN","ADM0_A3_DE":"OMN","ADM0_A3_GB":"OMN","ADM0_A3_BR":"OMN","ADM0_A3_IL":"OMN","ADM0_A3_PS":"OMN","ADM0_A3_SA":"OMN","ADM0_A3_EG":"OMN","ADM0_A3_MA":"OMN","ADM0_A3_PT":"OMN","ADM0_A3_AR":"OMN","ADM0_A3_JP":"OMN","ADM0_A3_KO":"OMN","ADM0_A3_VN":"OMN","ADM0_A3_TR":"OMN","ADM0_A3_ID":"OMN","ADM0_A3_PL":"OMN","ADM0_A3_GR":"OMN","ADM0_A3_IT":"OMN","ADM0_A3_NL":"OMN","ADM0_A3_SE":"OMN","ADM0_A3_BD":"OMN","ADM0_A3_UA":"OMN","ADM0_A3_UN":-99,"ADM0_A3_WB":-99,"CONTINENT":"Asia","REGION_UN":"Asia","SUBREGION":"Western Asia","REGION_WB":"Middle East & North Africa","NAME_LEN":4,"LONG_LEN":4,"ABBREV_LEN":4,"TINY":-99,"HOMEPART":1,"MIN_ZOOM":0,"MIN_LABEL":4,"MAX_LABEL":9,"LABEL_X":57.336553,"LABEL_Y":22.120427,"NE_ID":1159321151,"WIKIDATAID":"Q842","NAME_AR":"سلطنة عمان","NAME_BN":"ওমান","NAME_DE":"Oman","NAME_EN":"Oman","NAME_ES":"Omán","NAME_FA":"عمان","NAME_FR":"Oman","NAME_EL":"Ομάν","NAME_HE":"עומאן","NAME_HI":"ओमान","NAME_HU":"Omán","NAME_ID":"Oman","NAME_IT":"Oman","NAME_JA":"オマーン","NAME_KO":"오만","NAME_NL":"Oman","NAME_PL":"Oman","NAME_PT":"Omã","NAME_RU":"Оман","NAME_SV":"Oman","NAME_TR":"Umman","NAME_UK":"Оман","NAME_UR":"عمان","NAME_VI":"Oman","NAME_ZH":"阿曼","NAME_ZHT":"阿曼","FCLASS_ISO":"Admin-0 country","TLC_DIFF":null,"FCLASS_TLC":"Admin-0 country","FCLASS_US":null,"FCLASS_FR":null,"FCLASS_RU":null,"FCLASS_ES":null,"FCLASS_CN":null,"FCLASS_TW":null,"FCLASS_IN":null,"FCLASS_NP":null,"FCLASS_PK":null,"FCLASS_DE":null,"FCLASS_GB":null,"FCLASS_BR":null,"FCLASS_IL":null,"FCLASS_PS":null,"FCLASS_SA":null,"FCLASS_EG":null,"FCLASS_MA":null,"FCLASS_PT":null,"FCLASS_AR":null,"FCLASS_JP":null,"FCLASS_KO":null,"FCLASS_VN":null,"FCLASS_TR":null,"FCLASS_ID":null,"FCLASS_PL":null,"FCLASS_GR":null,"FCLASS_IT":null,"FCLASS_NL":null,"FCLASS_SE":null,"FCLASS_BD":null,"FCLASS_UA":null},"geometry":{"type":"MultiPolygon","coordinates":[[],[],[],[]]}},{"type":"Feature","bbox":[-9.098877,58.020947,33.629297,80.477832],"properties":{"featurecla":"Admin-0 country","scalerank":1,"LABELRANK":3,"SOVEREIGNT":"Norway","SOV_A3":"NOR","ADM0_DIF":0,"LEVEL":2,"TYPE":"Sovereign country","TLC":null,"ADMIN":"Norway","ADM0_A3":"NOR","GEOU_DIF":0,"GEOUNIT":"Norway","GU_A3":"NOR","SU_DIF":0,"SUBUNIT":"Norway","SU_A3":"NOR","BRK_DIFF":0,"NAME":"Norway","NAME_LONG":"Norway","BRK_A3":"NOR","BRK_NAME":"Norway","BRK_GROUP":null,"ABBREV":"Nor.","POSTAL":"N","FORMAL_EN":"Kingdom of Norway","FORMAL_FR":null,"NAME_CIAWF":"Norway","NOTE_ADM0":null,"NOTE_BRK":null,"NAME_SORT":"Norway","NAME_ALT":null,"MAPCOLOR7":5,"MAPCOLOR8":3,"MAPCOLOR9":8,"MAPCOLOR13":12,"POP_EST":5347896,"POP_RANK":13,"POP_YEAR":2019,"GDP_MD":403336,"GDP_YEAR":2019,"ECONOMY":"2. Developed region: nonG7","INCOME_GRP":"1. High income: OECD","FIPS_10":"-99","ISO_A2":"-99","ISO_A2_EH":"NO","ISO_A3":"-99","ISO_A3_EH":"NOR","ISO_N3":"-99","ISO_N3_EH":"578","UN_A3":"-99","WB_A2":"-99","WB_A3":"-99","WOE_ID":-90,"WOE_ID_EH":23424910,"WOE_NOTE":"Does not include Svalbard, Jan Mayen, or Bouvet Islands (28289410).","ADM0_ISO":"NOR","ADM0_DIFF":null,"ADM0_TLC":"NOR","ADM0_A3_US":"NOR","ADM0_A3_FR":"NOR","ADM0_A3_RU":"NOR","ADM0_A3_ES":"NOR","ADM0_A3_CN":"NOR","ADM0_A3_TW":"NOR","ADM0_A3_IN":"NOR","ADM0_A3_NP":"NOR","ADM0_A3_PK":"NOR","ADM0_A3_DE":"NOR","ADM0_A3_GB":"NOR","ADM0_A3_BR":"NOR","ADM0_A3_IL":"NOR","ADM0_A3_PS":"NOR","ADM0_A3_SA":"NOR","ADM0_A3_EG":"NOR","ADM0_A3_MA":"NOR","ADM0_A3_PT":"NOR","ADM0_A3_AR":"NOR","ADM0_A3_JP":"NOR","ADM0_A3_KO":"NOR","ADM0_A3_VN":"NOR","ADM0_A3_TR":"NOR","ADM0_A3_ID":"NOR","ADM0_A3_PL":"NOR","ADM0_A3_GR":"NOR","ADM0_A3_IT":"NOR","ADM0_A3_NL":"NOR","ADM0_A3_SE":"NOR","ADM0_A3_BD":"NOR","ADM0_A3_UA":"NOR","ADM0_A3_UN":-99,"ADM0_A3_WB":-99,"CONTINENT":"Europe","REGION_UN":"Europe","SUBREGION":"Northern Europe","REGION_WB":"Europe & Central Asia","NAME_LEN":6,"LONG_LEN":6,"ABBREV_LEN":4,"TINY":-99,"HOMEPART":1,"MIN_ZOOM":0,"MIN_LABEL":3,"MAX_LABEL":7,"LABEL_X":9.679975,"LABEL_Y":61.357092,"NE_ID":1159321109,"WIKIDATAID":"Q20","NAME_AR":"النرويج","NAME_BN":"নরওয়ে","NAME_DE":"Norwegen","NAME_EN":"Norway","NAME_ES":"Noruega","NAME_FA":"نروژ","NAME_FR":"Norvège","NAME_EL":"Νορβηγία","NAME_HE":"נורווגיה","NAME_HI":"नॉर्वे","NAME_HU":"Norvégia","NAME_ID":"Norwegia","NAME_IT":"Norvegia","NAME_JA":"ノルウェー","NAME_KO":"노르웨이","NAME_NL":"Noorwegen","NAME_PL":"Norwegia","NAME_PT":"Noruega","NAME_RU":"Норвегия","NAME_SV":"Norge","NAME_TR":"Norveç","NAME_UK":"Норвегія","NAME_UR":"ناروے","NAME_VI":"Na Uy","NAME_ZH":"挪威","NAME_ZHT":"挪威","FCLASS_ISO":"Unrecognized","TLC_DIFF":null,"FCLASS_TLC":"Unrecognized","FCLASS_US":null,"FCLASS_FR":null,"FCLASS_RU":null,"FCLASS_ES":null,"FCLASS_CN":null,"FCLASS_TW":null,"FCLASS_IN":null,"FCLASS_NP":null,"FCLASS_PK":null,"FCLASS_DE":null,"FCLASS_GB":null,"FCLASS_BR":null,"FCLASS_IL":null,"FCLASS_PS":null,"FCLASS_SA":null,"FCLASS_EG":null,"FCLASS_MA":null,"FCLASS_PT":null,"FCLASS_AR":null,"FCLASS_JP":null,"FCLASS_KO":null,"FCLASS_VN":null,"FCLASS_TR":null,"FCLASS_ID":null,"FCLASS_PL":null,"FCLASS_GR":null,"FCLASS_IT":null,"FCLASS_NL":null,"FCLASS_SE":null,"FCLASS_BD":null,"FCLASS_UA":null},"geometry":{"type":"MultiPolygon","coordinates":[[],[],[],[],[],[],[],[],[],[],[],[],[],[],[],[],[],[],[],[],[],[],[],[],[],[],[],[],[],[],[],[]]}},{"type":"Feature","bbox":[124.348633,37.719043,130.687305,42.998145],"properties":{"featurecla":"Admin-0 country","scalerank":1,"LABELRANK":3,"SOVEREIGNT":"North Korea","SOV_A3":"PRK","ADM0_DIF":0,"LEVEL":2,"TYPE":"Sovereign country","TLC":"1","ADMIN":"North Korea","ADM0_A3":"PRK","GEOU_DIF":0,"GEOUNIT":"North Korea","GU_A3":"PRK","SU_DIF":0,"SUBUNIT":"North Korea","SU_A3":"PRK","BRK_DIFF":0,"NAME":"North Korea","NAME_LONG":"Dem. Rep. Korea","BRK_A3":"PRK","BRK_NAME":"Dem. Rep. Korea","BRK_GROUP":null,"ABBREV":"N.K.","POSTAL":"KP","FORMAL_EN":"Democratic People's Republic of Korea","FORMAL_FR":null,"NAME_CIAWF":"Korea, North","NOTE_ADM0":null,"NOTE_BRK":null,"NAME_SORT":"Korea, Dem. Rep.","NAME_ALT":null,"MAPCOLOR7":3,"MAPCOLOR8":5,"MAPCOLOR9":3,"MAPCOLOR13":9,"POP_EST":25666161,"POP_RANK":15,"POP_YEAR":2019,"GDP_MD":40000,"GDP_YEAR":2016,"ECONOMY":"7. Least developed region","INCOME_GRP":"5. Low income","FIPS_10":"KN","ISO_A2":"KP","ISO_A2_EH":"KP","ISO_A3":"PRK","ISO_A3_EH":"PRK","ISO_N3":"408","ISO_N3_EH":"408","UN_A3":"408","WB_A2":"KP","WB_A3":"PRK","WOE_ID":23424865,"WOE_ID_EH":23424865,"WOE_NOTE":"Exact WOE match as country","ADM0_ISO":"PRK","ADM0_DIFF":null,"ADM0_TLC":"PRK","ADM0_A3_US":"PRK","ADM0_A3_FR":"PRK","ADM0_A3_RU":"PRK","ADM0_A3_ES":"PRK","ADM0_A3_CN":"PRK","ADM0_A3_TW":"PRK","ADM0_A3_IN":"PRK","ADM0_A3_NP":"PRK","ADM0_A3_PK":"PRK","ADM0_A3_DE":"PRK","ADM0_A3_GB":"PRK","ADM0_A3_BR":"PRK","ADM0_A3_IL":"PRK","ADM0_A3_PS":"PRK","ADM0_A3_SA":"PRK","ADM0_A3_EG":"PRK","ADM0_A3_MA":"PRK","ADM0_A3_PT":"PRK","ADM0_A3_AR":"PRK","ADM0_A3_JP":"PRK","ADM0_A3_KO":"PRK","ADM0_A3_VN":"PRK","ADM0_A3_TR":"PRK","ADM0_A3_ID":"PRK","ADM0_A3_PL":"PRK","ADM0_A3_GR":"PRK","ADM0_A3_IT":"PRK","ADM0_A3_NL":"PRK","ADM0_A3_SE":"PRK","ADM0_A3_BD":"PRK","ADM0_A3_UA":"PRK","ADM0_A3_UN":-99,"ADM0_A3_WB":-99,"CONTINENT":"Asia","REGION_UN":"Asia","SUBREGION":"Eastern Asia","REGION_WB":"East Asia & Pacific","NAME_LEN":11,"LONG_LEN":15,"ABBREV_LEN":4,"TINY":-99,"HOMEPART":1,"MIN_ZOOM":0,"MIN_LABEL":3,"MAX_LABEL":8,"LABEL_X":126.444516,"LABEL_Y":39.885252,"NE_ID":1159321181,"WIKIDATAID":"Q423","NAME_AR":"كوريا الشمالية","NAME_BN":"উত্তর কোরিয়া","NAME_DE":"Nordkorea","NAME_EN":"North Korea","NAME_ES":"Corea del Norte","NAME_FA":"کره شمالی","NAME_FR":"Corée du Nord","NAME_EL":"Βόρεια Κορέα","NAME_HE":"קוריאה הצפונית","NAME_HI":"उत्तर कोरिया","NAME_HU":"Észak-Korea","NAME_ID":"Korea Utara","NAME_IT":"Corea del Nord","NAME_JA":"朝鮮民主主義人民共和国","NAME_KO":"조선민주주의인민공화국","NAME_NL":"Noord-Korea","NAME_PL":"Korea Północna","NAME_PT":"Coreia do Norte","NAME_RU":"КНДР","NAME_SV":"Nordkorea","NAME_TR":"Kuzey Kore","NAME_UK":"Корейська Народно-Демократична Республіка","NAME_UR":"شمالی کوریا","NAME_VI":"Cộng hòa Dân chủ Nhân dân Triều Tiên","NAME_ZH":"朝鲜民主主义人民共和国","NAME_ZHT":"朝鮮民主主義人民共和國","FCLASS_ISO":"Admin-0 country","TLC_DIFF":null,"FCLASS_TLC":"Admin-0 country","FCLASS_US":null,"FCLASS_FR":null,"FCLASS_RU":null,"FCLASS_ES":null,"FCLASS_CN":null,"FCLASS_TW":null,"FCLASS_IN":null,"FCLASS_NP":null,"FCLASS_PK":null,"FCLASS_DE":null,"FCLASS_GB":null,"FCLASS_BR":null,"FCLASS_IL":null,"FCLASS_PS":null,"FCLASS_SA":null,"FCLASS_EG":null,"FCLASS_MA":null,"FCLASS_PT":null,"FCLASS_AR":null,"FCLASS_JP":null,"FCLASS_KO":null,"FCLASS_VN":null,"FCLASS_TR":null,"FCLASS_ID":null,"FCLASS_PL":null,"FCLASS_GR":null,"FCLASS_IT":null,"FCLASS_NL":null,"FCLASS_SE":null,"FCLASS_BD":null,"FCLASS_UA":null},"geometry":{"type":"MultiPolygon","coordinates":[[],[]]}},{"type":"Feature","bbox":[2.686035,4.277393,14.627148,13.872852],"properties":{"featurecla":"Admin-0 country","scalerank":1,"LABELRANK":2,"SOVEREIGNT":"Nigeria","SOV_A3":"NGA","ADM0_DIF":0,"LEVEL":2,"TYPE":"Sovereign country","TLC":"1","ADMIN":"Nigeria","ADM0_A3":"NGA","GEOU_DIF":0,"GEOUNIT":"Nigeria","GU_A3":"NGA","SU_DIF":0,"SUBUNIT":"Nigeria","SU_A3":"NGA","BRK_DIFF":0,"NAME":"Nigeria","NAME_LONG":"Nigeria","BRK_A3":"NGA","BRK_NAME":"Nigeria","BRK_GROUP":null,"ABBREV":"Nigeria","POSTAL":"NG","FORMAL_EN":"Federal Republic of Nigeria","FORMAL_FR":null,"NAME_CIAWF":"Nigeria","NOTE_ADM0":null,"NOTE_BRK":null,"NAME_SORT":"Nigeria","NAME_ALT":null,"MAPCOLOR7":3,"MAPCOLOR8":2,"MAPCOLOR9":5,"MAPCOLOR13":2,"POP_EST":200963599,"POP_RANK":17,"POP_YEAR":2019,"GDP_MD":448120,"GDP_YEAR":2019,"ECONOMY":"5. Emerging region: G20","INCOME_GRP":"4. Lower middle income","FIPS_10":"NI","ISO_A2":"NG","ISO_A2_EH":"NG","ISO_A3":"NGA","ISO_A3_EH":"NGA","ISO_N3":"566","ISO_N3_EH":"566","UN_A3":"566","WB_A2":"NG","WB_A3":"NGA","WOE_ID":23424908,"WOE_ID_EH":23424908,"WOE_NOTE":"Exact WOE match as country","ADM0_ISO":"NGA","ADM0_DIFF":null,"ADM0_TLC":"NGA","ADM0_A3_US":"NGA","ADM0_A3_FR":"NGA","ADM0_A3_RU":"NGA","ADM0_A3_ES":"NGA","ADM0_A3_CN":"NGA","ADM0_A3_TW":"NGA","ADM0_A3_IN":"NGA","ADM0_A3_NP":"NGA","ADM0_A3_PK":"NGA","ADM0_A3_DE":"NGA","ADM0_A3_GB":"NGA","ADM0_A3_BR":"NGA","ADM0_A3_IL":"NGA","ADM0_A3_PS":"NGA","ADM0_A3_SA":"NGA","ADM0_A3_EG":"NGA","ADM0_A3_MA":"NGA","ADM0_A3_PT":"NGA","ADM0_A3_AR":"NGA","ADM0_A3_JP":"NGA","ADM0_A3_KO":"NGA","ADM0_A3_VN":"NGA","ADM0_A3_TR":"NGA","ADM0_A3_ID":"NGA","ADM0_A3_PL":"NGA","ADM0_A3_GR":"NGA","ADM0_A3_IT":"NGA","ADM0_A3_NL":"NGA","ADM0_A3_SE":"NGA","ADM0_A3_BD":"NGA","ADM0_A3_UA":"NGA","ADM0_A3_UN":-99,"ADM0_A3_WB":-99,"CONTINENT":"Africa","REGION_UN":"Africa","SUBREGION":"Western Africa","REGION_WB":"Sub-Saharan Africa","NAME_LEN":7,"LONG_LEN":7,"ABBREV_LEN":7,"TINY":-99,"HOMEPART":1,"MIN_ZOOM":0,"MIN_LABEL":1.7,"MAX_LABEL":6.7,"LABEL_X":7.50322,"LABEL_Y":9.439799,"NE_ID":1159321089,"WIKIDATAID":"Q1033","NAME_AR":"نيجيريا","NAME_BN":"নাইজেরিয়া","NAME_DE":"Nigeria","NAME_EN":"Nigeria","NAME_ES":"Nigeria","NAME_FA":"نیجریه","NAME_FR":"Nigeria","NAME_EL":"Νιγηρία","NAME_HE":"ניגריה","NAME_HI":"नाईजीरिया","NAME_HU":"Nigéria","NAME_ID":"Nigeria","NAME_IT":"Nigeria","NAME_JA":"ナイジェリア","NAME_KO":"나이지리아","NAME_NL":"Nigeria","NAME_PL":"Nigeria","NAME_PT":"Nigéria","NAME_RU":"Нигерия","NAME_SV":"Nigeria","NAME_TR":"Nijerya","NAME_UK":"Нігерія","NAME_UR":"نائجیریا","NAME_VI":"Nigeria","NAME_ZH":"尼日利亚","NAME_ZHT":"奈及利亞","FCLASS_ISO":"Admin-0 country","TLC_DIFF":null,"FCLASS_TLC":"Admin-0 country","FCLASS_US":null,"FCLASS_FR":null,"FCLASS_RU":null,"FCLASS_ES":null,"FCLASS_CN":null,"FCLASS_TW":null,"FCLASS_IN":null,"FCLASS_NP":null,"FCLASS_PK":null,"FCLASS_DE":null,"FCLASS_GB":null,"FCLASS_BR":null,"FCLASS_IL":null,"FCLASS_PS":null,"FCLASS_SA":null,"FCLASS_EG":null,"FCLASS_MA":null,"FCLASS_PT":null,"FCLASS_AR":null,"FCLASS_JP":null,"FCLASS_KO":null,"FCLASS_VN":null,"FCLASS_TR":null,"FCLASS_ID":null,"FCLASS_PL":null,"FCLASS_GR":null,"FCLASS_IT":null,"FCLASS_NL":null,"FCLASS_SE":null,"FCLASS_BD":null,"FCLASS_UA":null},"geometry":{"type":"MultiPolygon","coordinates":[[],[]]}},{"type":"Feature","bbox":[0.163867,11.696289,15.963184,23.517871],"properties":{"featurecla":"Admin-0 country","scalerank":1,"LABELRANK":3,"SOVEREIGNT":"Niger","SOV_A3":"NER","ADM0_DIF":0,"LEVEL":2,"TYPE":"Sovereign country","TLC":"1","ADMIN":"Niger","ADM0_A3":"NER","GEOU_DIF":0,"GEOUNIT":"Niger","GU_A3":"NER","SU_DIF":0,"SUBUNIT":"Niger","SU_A3":"NER","BRK_DIFF":0,"NAME":"Niger","NAME_LONG":"Niger","BRK_A3":"NER","BRK_NAME":"Niger","BRK_GROUP":null,"ABBREV":"Niger","POSTAL":"NE","FORMAL_EN":"Republic of Niger","FORMAL_FR":null,"NAME_CIAWF":"Niger","NOTE_ADM0":null,"NOTE_BRK":null,"NAME_SORT":"Niger","NAME_ALT":null,"MAPCOLOR7":4,"MAPCOLOR8":5,"MAPCOLOR9":3,"MAPCOLOR13":13,"POP_EST":23310715,"POP_RANK":15,"POP_YEAR":2019,"GDP_MD":12911,"GDP_YEAR":2019,"ECONOMY":"7. Least developed region","INCOME_GRP":"5. Low income","FIPS_10":"NG","ISO_A2":"NE","ISO_A2_EH":"NE","ISO_A3":"NER","ISO_A3_EH":"NER","ISO_N3":"562","ISO_N3_EH":"562","UN_A3":"562","WB_A2":"NE","WB_A3":"NER","WOE_ID":23424906,"WOE_ID_EH":23424906,"WOE_NOTE":"Exact WOE match as country","ADM0_ISO":"NER","ADM0_DIFF":null,"ADM0_TLC":"NER","ADM0_A3_US":"NER","ADM0_A3_FR":"NER","ADM0_A3_RU":"NER","ADM0_A3_ES":"NER","ADM0_A3_CN":"NER","ADM0_A3_TW":"NER","ADM0_A3_IN":"NER","ADM0_A3_NP":"NER","ADM0_A3_PK":"NER","ADM0_A3_DE":"NER","ADM0_A3_GB":"NER","ADM0_A3_BR":"NER","ADM0_A3_IL":"NER","ADM0_A3_PS":"NER","ADM0_A3_SA":"NER","ADM0_A3_EG":"NER","ADM0_A3_MA":"NER","ADM0_A3_PT":"NER","ADM0_A3_AR":"NER","ADM0_A3_JP":"NER","ADM0_A3_KO":"NER","ADM0_A3_VN":"NER","ADM0_A3_TR":"NER","ADM0_A3_ID":"NER","ADM0_A3_PL":"NER","ADM0_A3_GR":"NER","ADM0_A3_IT":"NER","ADM0_A3_NL":"NER","ADM0_A3_SE":"NER","ADM0_A3_BD":"NER","ADM0_A3_UA":"NER","ADM0_A3_UN":-99,"ADM0_A3_WB":-99,"CONTINENT":"Africa","REGION_UN":"Africa","SUBREGION":"Western Africa","REGION_WB":"Sub-Saharan Africa","NAME_LEN":5,"LONG_LEN":5,"ABBREV_LEN":5,"TINY":-99,"HOMEPART":1,"MIN_ZOOM":0,"MIN_LABEL":3,"MAX_LABEL":8,"LABEL_X":9.504356,"LABEL_Y":17.446195,"NE_ID":1159321087,"WIKIDATAID":"Q1032","NAME_AR":"النيجر","NAME_BN":"নাইজার","NAME_DE":"Niger","NAME_EN":"Niger","NAME_ES":"Níger","NAME_FA":"نیجر","NAME_FR":"Niger","NAME_EL":"Νίγηρας","NAME_HE":"ניז'ר","NAME_HI":"नाइजर","NAME_HU":"Niger","NAME_ID":"Niger","NAME_IT":"Niger","NAME_JA":"ニジェール","NAME_KO":"니제르","NAME_NL":"Niger","NAME_PL":"Niger","NAME_PT":"Níger","NAME_RU":"Нигер","NAME_SV":"Niger","NAME_TR":"Nijer","NAME_UK":"Нігер","NAME_UR":"نائجر","NAME_VI":"Niger","NAME_ZH":"尼日尔","NAME_ZHT":"尼日","FCLASS_ISO":"Admin-0 country","TLC_DIFF":null,"FCLASS_TLC":"Admin-0 country","FCLASS_US":null,"FCLASS_FR":null,"FCLASS_RU":null,"FCLASS_ES":null,"FCLASS_CN":null,"FCLASS_TW":null,"FCLASS_IN":null,"FCLASS_NP":null,"FCLASS_PK":null,"FCLASS_DE":null,"FCLASS_GB":null,"FCLASS_BR":null,"FCLASS_IL":null,"FCLASS_PS":null,"FCLASS_SA":null,"FCLASS_EG":null,"FCLASS_MA":null,"FCLASS_PT":null,"FCLASS_AR":null,"FCLASS_JP":null,"FCLASS_KO":null,"FCLASS_VN":null,"FCLASS_TR":null,"FCLASS_ID":null,"FCLASS_PL":null,"FCLASS_GR":null,"FCLASS_IT":null,"FCLASS_NL":null,"FCLASS_SE":null,"FCLASS_BD":null,"FCLASS_UA":null},"geometry":{"type":"Polygon","coordinates":[[[4.228197860366213,18.975561],[4.227637,19.142773],[4.445703,19.184521],[4.671289,19.227783],[5.001367,19.291064],[5.358691,19.359521],[5.74834,19.434229],[5.836621,19.47915],[6.130664,19.731982],[6.263379,19.846143],[6.527051,20.072949],[6.730664,20.248047],[6.989355,20.470508],[7.263379,20.694482],[7.481738,20.873096],[7.825195,21.075586],[8.343066,21.380859],[8.860938,21.686133],[9.378711,21.991406],[9.896484,22.296729],[10.414355,22.602002],[10.932227,22.907275],[11.45,23.212598],[11.967871,23.517871],[12.48877,23.40166],[12.983594,23.29126],[13.48125,23.180176],[13.598633,23.119531],[13.862695,22.9021],[14.200684,22.62373],[14.215527,22.619678],[14.230762,22.618457],[14.555664,22.78252],[14.978906,22.996289],[14.979004,22.996191],[15.088965,22.418359],[15.172266,21.92207],[15.177832,21.605811],[15.181836,21.523389],[15.21582,21.467432],[15.293652,21.411523],[15.607324,20.954395],[15.540332,20.874902],[15.587109,20.733301],[15.668457,20.672363],[15.929297,20.399854],[15.963184,20.346191],[15.948828,20.303174],[15.766211,19.982568],[15.735059,19.904053],[15.698633,19.495215],[15.672949,19.206787],[15.652304645260603,18.975561],[4.228197860366213,18.975561]]]}},{"type":"Feature","bbox":[-176.847656,-52.570312,178.53623,-8.546484],"properties":{"featurecla":"Admin-0 country","scalerank":1,"LABELRANK":2,"SOVEREIGNT":"New Zealand","SOV_A3":"NZ1","ADM0_DIF":1,"LEVEL":2,"TYPE":"Country","TLC":"1","ADMIN":"New Zealand","ADM0_A3":"NZL","GEOU_DIF":0,"GEOUNIT":"New Zealand","GU_A3":"NZL","SU_DIF":0,"SUBUNIT":"New Zealand","SU_A3":"NZL","BRK_DIFF":0,"NAME":"New Zealand","NAME_LONG":"New Zealand","BRK_A3":"NZL","BRK_NAME":"New Zealand","BRK_GROUP":null,"ABBREV":"N.Z.","POSTAL":"NZ","FORMAL_EN":"New Zealand","FORMAL_FR":null,"NAME_CIAWF":"New Zealand","NOTE_ADM0":null,"NOTE_BRK":null,"NAME_SORT":"New Zealand","NAME_ALT":null,"MAPCOLOR7":3,"MAPCOLOR8":3,"MAPCOLOR9":4,"MAPCOLOR13":4,"POP_EST":4917000,"POP_RANK":12,"POP_YEAR":2019,"GDP_MD":206928,"GDP_YEAR":2019,"ECONOMY":"2. Developed region: nonG7","INCOME_GRP":"1. High income: OECD","FIPS_10":"NZ","ISO_A2":"NZ","ISO_A2_EH":"NZ","ISO_A3":"NZL","ISO_A3_EH":"NZL","ISO_N3":"554","ISO_N3_EH":"554","UN_A3":"554","WB_A2":"NZ","WB_A3":"NZL","WOE_ID":23424916,"WOE_ID_EH":23424916,"WOE_NOTE":"Exact WOE match as country","ADM0_ISO":"NZL","ADM0_DIFF":null,"ADM0_TLC":"NZL","ADM0_A3_US":"NZL","ADM0_A3_FR":"NZL","ADM0_A3_RU":"NZL","ADM0_A3_ES":"NZL","ADM0_A3_CN":"NZL","ADM0_A3_TW":"NZL","ADM0_A3_IN":"NZL","ADM0_A3_NP":"NZL","ADM0_A3_PK":"NZL","ADM0_A3_DE":"NZL","ADM0_A3_GB":"NZL","ADM0_A3_BR":"NZL","ADM0_A3_IL":"NZL","ADM0_A3_PS":"NZL","ADM0_A3_SA":"NZL","ADM0_A3_EG":"NZL","ADM0_A3_MA":"NZL","ADM0_A3_PT":"NZL","ADM0_A3_AR":"NZL","ADM0_A3_JP":"NZL","ADM0_A3_KO":"NZL","ADM0_A3_VN":"NZL","ADM0_A3_TR":"NZL","ADM0_A3_ID":"NZL","ADM0_A3_PL":"NZL","ADM0_A3_GR":"NZL","ADM0_A3_IT":"NZL","ADM0_A3_NL":"NZL","ADM0_A3_SE":"NZL","ADM0_A3_BD":"NZL","ADM0_A3_UA":"NZL","ADM0_A3_UN":-99,"ADM0_A3_WB":-99,"CONTINENT":"Oceania","REGION_UN":"Oceania","SUBREGION":"Australia and New Zealand","REGION_WB":"East Asia & Pacific","NAME_LEN":11,"LONG_LEN":11,"ABBREV_LEN":4,"TINY":-99,"HOMEPART":1,"MIN_ZOOM":0,"MIN_LABEL":2,"MAX_LABEL":6.7,"LABEL_X":172.787,"LABEL_Y":-39.759,"NE_ID":1159321135,"WIKIDATAID":"Q664","NAME_AR":"نيوزيلندا","NAME_BN":"নিউজিল্যান্ড","NAME_DE":"Neuseeland","NAME_EN":"New Zealand","NAME_ES":"Nueva Zelanda","NAME_FA":"نیوزیلند","NAME_FR":"Nouvelle-Zélande","NAME_EL":"Νέα Ζηλανδία","NAME_HE":"ניו זילנד","NAME_HI":"न्यूज़ीलैण्ड","NAME_HU":"Új-Zéland","NAME_ID":"Selandia Baru","NAME_IT":"Nuova Zelanda","NAME_JA":"ニュージーランド","NAME_KO":"뉴질랜드","NAME_NL":"Nieuw-Zeeland","NAME_PL":"Nowa Zelandia","NAME_PT":"Nova Zelândia","NAME_RU":"Новая Зеландия","NAME_SV":"Nya Zeeland","NAME_TR":"Yeni Zelanda","NAME_UK":"Нова Зеландія","NAME_UR":"نیوزی لینڈ","NAME_VI":"New Zealand","NAME_ZH":"新西兰","NAME_ZHT":"新西蘭","FCLASS_ISO":"Admin-0 country","TLC_DIFF":null,"FCLASS_TLC":"Admin-0 country","FCLASS_US":null,"FCLASS_FR":null,"FCLASS_RU":null,"FCLASS_ES":null,"FCLASS_CN":null,"FCLASS_TW":null,"FCLASS_IN":null,"FCLASS_NP":null,"FCLASS_PK":null,"FCLASS_DE":null,"FCLASS_GB":null,"FCLASS_BR":null,"FCLASS_IL":null,"FCLASS_PS":null,"FCLASS_SA":null,"FCLASS_EG":null,"FCLASS_MA":null,"FCLASS_PT":null,"FCLASS_AR":null,"FCLASS_JP":null,"FCLASS_KO":null,"FCLASS_VN":null,"FCLASS_TR":null,"FCLASS_ID":null,"FCLASS_PL":null,"FCLASS_GR":null,"FCLASS_IT":null,"FCLASS_NL":null,"FCLASS_SE":null,"FCLASS_BD":null,"FCLASS_UA":null},"geometry":{"type":"MultiPolygon","coordinates":[[],[],[],[],[],[],[],[],[],[],[],[],[]]}},{"type":"Feature","bbox":[-68.371094,12.03208,7.197266,53.625488],"properties":{"featurecla":"Admin-0 country","scalerank":1,"LABELRANK":5,"SOVEREIGNT":"Netherlands","SOV_A3":"NL1","ADM0_DIF":1,"LEVEL":2,"TYPE":"Country","TLC":"1","ADMIN":"Netherlands","ADM0_A3":"NLD","GEOU_DIF":0,"GEOUNIT":"Netherlands","GU_A3":"NLD","SU_DIF":0,"SUBUNIT":"Netherlands","SU_A3":"NLD","BRK_DIFF":0,"NAME":"Netherlands","NAME_LONG":"Netherlands","BRK_A3":"NLD","BRK_NAME":"Netherlands","BRK_GROUP":null,"ABBREV":"Neth.","POSTAL":"NL","FORMAL_EN":"Kingdom of the Netherlands","FORMAL_FR":null,"NAME_CIAWF":"Netherlands","NOTE_ADM0":null,"NOTE_BRK":null,"NAME_SORT":"Netherlands","NAME_ALT":null,"MAPCOLOR7":4,"MAPCOLOR8":2,"MAPCOLOR9":2,"MAPCOLOR13":9,"POP_EST":17332850,"POP_RANK":14,"POP_YEAR":2019,"GDP_MD":907050,"GDP_YEAR":2019,"ECONOMY":"2. Developed region: nonG7","INCOME_GRP":"1. High income: OECD","FIPS_10":"NL","ISO_A2":"NL","ISO_A2_EH":"NL","ISO_A3":"NLD","ISO_A3_EH":"NLD","ISO_N3":"528","ISO_N3_EH":"528","UN_A3":"528","WB_A2":"NL","WB_A3":"NLD","WOE_ID":-90,"WOE_ID_EH":23424909,"WOE_NOTE":"Doesn't include new former units of Netherlands Antilles (24549811, 24549808, and 24549809)","ADM0_ISO":"NLD","ADM0_DIFF":null,"ADM0_TLC":"NLD","ADM0_A3_US":"NLD","ADM0_A3_FR":"NLD","ADM0_A3_RU":"NLD","ADM0_A3_ES":"NLD","ADM0_A3_CN":"NLD","ADM0_A3_TW":"NLD","ADM0_A3_IN":"NLD","ADM0_A3_NP":"NLD","ADM0_A3_PK":"NLD","ADM0_A3_DE":"NLD","ADM0_A3_GB":"NLD","ADM0_A3_BR":"NLD","ADM0_A3_IL":"NLD","ADM0_A3_PS":"NLD","ADM0_A3_SA":"NLD","ADM0_A3_EG":"NLD","ADM0_A3_MA":"NLD","ADM0_A3_PT":"NLD","ADM0_A3_AR":"NLD","ADM0_A3_JP":"NLD","ADM0_A3_KO":"NLD","ADM0_A3_VN":"NLD","ADM0_A3_TR":"NLD","ADM0_A3_ID":"NLD","ADM0_A3_PL":"NLD","ADM0_A3_GR":"NLD","ADM0_A3_IT":"NLD","ADM0_A3_NL":"NLD","ADM0_A3_SE":"NLD","ADM0_A3_BD":"NLD","ADM0_A3_UA":"NLD","ADM0_A3_UN":-99,"ADM0_A3_WB":-99,"CONTINENT":"Europe","REGION_UN":"Europe","SUBREGION":"Western Europe","REGION_WB":"Europe & Central Asia","NAME_LEN":11,"LONG_LEN":11,"ABBREV_LEN":5,"TINY":-99,"HOMEPART":1,"MIN_ZOOM":0,"MIN_LABEL":4,"MAX_LABEL":10,"LABEL_X":5.61144,"LABEL_Y":52.422211,"NE_ID":1159321101,"WIKIDATAID":"Q55","NAME_AR":"هولندا","NAME_BN":"নেদারল্যান্ডস","NAME_DE":"Niederlande","NAME_EN":"Netherlands","NAME_ES":"Países Bajos","NAME_FA":"هلند","NAME_FR":"Pays-Bas","NAME_EL":"Ολλανδία","NAME_HE":"הולנד","NAME_HI":"नीदरलैण्ड","NAME_HU":"Hollandia","NAME_ID":"Belanda","NAME_IT":"Paesi Bassi","NAME_JA":"オランダ","NAME_KO":"네덜란드","NAME_NL":"Nederland","NAME_PL":"Holandia","NAME_PT":"Países Baixos","NAME_RU":"Нидерланды","NAME_SV":"Nederländerna","NAME_TR":"Hollanda","NAME_UK":"Нідерланди","NAME_UR":"نیدرلینڈز","NAME_VI":"Hà Lan","NAME_ZH":"荷兰","NAME_ZHT":"荷蘭","FCLASS_ISO":"Admin-0 country","TLC_DIFF":null,"FCLASS_TLC":"Admin-0 country","FCLASS_US":null,"FCLASS_FR":null,"FCLASS_RU":null,"FCLASS_ES":null,"FCLASS_CN":null,"FCLASS_TW":null,"FCLASS_IN":null,"FCLASS_NP":null,"FCLASS_PK":null,"FCLASS_DE":null,"FCLASS_GB":null,"FCLASS_BR":null,"FCLASS_IL":null,"FCLASS_PS":null,"FCLASS_SA":null,"FCLASS_EG":null,"FCLASS_MA":null,"FCLASS_PT":null,"FCLASS_AR":null,"FCLASS_JP":null,"FCLASS_KO":null,"FCLASS_VN":null,"FCLASS_TR":null,"FCLASS_ID":null,"FCLASS_PL":null,"FCLASS_GR":null,"FCLASS_IT":null,"FCLASS_NL":null,"FCLASS_SE":null,"FCLASS_BD":null,"FCLASS_UA":null},"geometry":{"type":"MultiPolygon","coordinates":[[],[],[],[],[],[],[],[],[],[],[],[]]}},{"type":"Feature","bbox":[-17.003076,21.420703,-1.065527,35.929883],"properties":{"featurecla":"Admin-0 country","scalerank":1,"LABELRANK":3,"SOVEREIGNT":"Morocco","SOV_A3":"MAR","ADM0_DIF":0,"LEVEL":2,"TYPE":"Sovereign country","TLC":"1","ADMIN":"Morocco","ADM0_A3":"MAR","GEOU_DIF":0,"GEOUNIT":"Morocco","GU_A3":"MAR","SU_DIF":0,"SUBUNIT":"Morocco","SU_A3":"MAR","BRK_DIFF":0,"NAME":"Morocco","NAME_LONG":"Morocco","BRK_A3":"MAR","BRK_NAME":"Morocco","BRK_GROUP":null,"ABBREV":"Mor.","POSTAL":"MA","FORMAL_EN":"Kingdom of Morocco","FORMAL_FR":null,"NAME_CIAWF":"Morocco","NOTE_ADM0":null,"NOTE_BRK":null,"NAME_SORT":"Morocco","NAME_ALT":null,"MAPCOLOR7":2,"MAPCOLOR8":2,"MAPCOLOR9":3,"MAPCOLOR13":9,"POP_EST":36471769,"POP_RANK":15,"POP_YEAR":2019,"GDP_MD":119700,"GDP_YEAR":2019,"ECONOMY":"6. Developing region","INCOME_GRP":"4. Lower middle income","FIPS_10":"MO","ISO_A2":"MA","ISO_A2_EH":"MA","ISO_A3":"MAR","ISO_A3_EH":"MAR","ISO_N3":"504","ISO_N3_EH":"504","UN_A3":"504","WB_A2":"MA","WB_A3":"MAR","WOE_ID":23424893,"WOE_ID_EH":23424893,"WOE_NOTE":"Exact WOE match as country","ADM0_ISO":"MAR","ADM0_DIFF":null,"ADM0_TLC":"MAR","ADM0_A3_US":"MAR","ADM0_A3_FR":"MAR","ADM0_A3_RU":"MAR","ADM0_A3_ES":"MAR","ADM0_A3_CN":"MAR","ADM0_A3_TW":"MAR","ADM0_A3_IN":"MAR","ADM0_A3_NP":"MAR","ADM0_A3_PK":"MAR","ADM0_A3_DE":"MAR","ADM0_A3_GB":"MAR","ADM0_A3_BR":"MAR","ADM0_A3_IL":"MAR","ADM0_A3_PS":"MAR","ADM0_A3_SA":"MAR","ADM0_A3_EG":"MAR","ADM0_A3_MA":"MAR","ADM0_A3_PT":"MAR","ADM0_A3_AR":"MAR","ADM0_A3_JP":"MAR","ADM0_A3_KO":"MAR","ADM0_A3_VN":"MAR","ADM0_A3_TR":"MAR","ADM0_A3_ID":"MAR","ADM0_A3_PL":"MAR","ADM0_A3_GR":"MAR","ADM0_A3_IT":"MAR","ADM0_A3_NL":"MAR","ADM0_A3_SE":"MAR","ADM0_A3_BD":"MAR","ADM0_A3_UA":"MAR","ADM0_A3_UN":-99,"ADM0_A3_WB":-99,"CONTINENT":"Africa","REGION_UN":"Africa","SUBREGION":"Northern Africa","REGION_WB":"Middle East & North Africa","NAME_LEN":7,"LONG_LEN":7,"ABBREV_LEN":4,"TINY":-99,"HOMEPART":1,"MIN_ZOOM":0,"MIN_LABEL":2.7,"MAX_LABEL":8,"LABEL_X":-7.187296,"LABEL_Y":31.650723,"NE_ID":1159321035,"WIKIDATAID":"Q1028","NAME_AR":"المغرب","NAME_BN":"মরক্কো","NAME_DE":"Marokko","NAME_EN":"Morocco","NAME_ES":"Marruecos","NAME_FA":"مراکش","NAME_FR":"Maroc","NAME_EL":"Μαρόκο","NAME_HE":"מרוקו","NAME_HI":"मोरक्को","NAME_HU":"Marokkó","NAME_ID":"Maroko","NAME_IT":"Marocco","NAME_JA":"モロッコ","NAME_KO":"모로코","NAME_NL":"Marokko","NAME_PL":"Maroko","NAME_PT":"Marrocos","NAME_RU":"Марокко","NAME_SV":"Marocko","NAME_TR":"Fas","NAME_UK":"Марокко","NAME_UR":"مراکش","NAME_VI":"Maroc","NAME_ZH":"摩洛哥","NAME_ZHT":"摩洛哥","FCLASS_ISO":"Admin-0 country","TLC_DIFF":null,"FCLASS_TLC":"Admin-0 country","FCLASS_US":null,"FCLASS_FR":null,"FCLASS_RU":null,"FCLASS_ES":null,"FCLASS_CN":null,"FCLASS_TW":null,"FCLASS_IN":null,"FCLASS_NP":null,"FCLASS_PK":null,"FCLASS_DE":null,"FCLASS_GB":null,"FCLASS_BR":null,"FCLASS_IL":null,"FCLASS_PS":null,"FCLASS_SA":null,"FCLASS_EG":null,"FCLASS_MA":null,"FCLASS_PT":null,"FCLASS_AR":null,"FCLASS_JP":null,"FCLASS_KO":null,"FCLASS_VN":null,"FCLASS_TR":null,"FCLASS_ID":null,"FCLASS_PL":null,"FCLASS_GR":null,"FCLASS_IT":null,"FCLASS_NL":null,"FCLASS_SE":null,"FCLASS_BD":null,"FCLASS_UA":null},"geometry":{"type":"Polygon","coordinates":[[[-2.219629,35.104199],[-2.190771,35.029785],[-2.131787,34.97085],[-1.920898,34.835547],[-1.795605,34.751904],[-1.792187,34.723193],[-1.832422,34.654639],[-1.849658,34.607324],[-1.816602,34.55708],[-1.739453,34.496094],[-1.733301,34.467041],[-1.751855,34.433252],[-1.791797,34.36792],[-1.706934,34.176074],[-1.692676,33.990283],[-1.714697,33.858203],[-1.714111,33.781836],[-1.702979,33.716846],[-1.63125,33.566748],[-1.679199,33.318652],[-1.625098,33.18335],[-1.550732,33.073584],[-1.51001,32.877637],[-1.45,32.784814],[-1.352148,32.703369],[-1.296387,32.675684],[-1.188232,32.608496],[-1.111035,32.552295],[-1.065527,32.468311],[-1.162598,32.39917],[-1.240332,32.337598],[-1.262109,32.271143],[-1.225928,32.164551],[-1.225928,32.107227],[-1.275342,32.089014],[-1.477051,32.094873],[-1.635156,32.099561],[-1.816992,32.104785],[-2.072803,32.115039],[-2.23125,32.121338],[-2.448389,32.12998],[-2.523242,32.125684],[-2.722607,32.095752],[-2.863428,32.074707],[-2.887207,32.068848],[-2.930859,32.042529],[-2.961133,31.963965],[-2.988232,31.874219],[-3.017383,31.834277],[-3.439795,31.704541],[-3.60459,31.686768],[-3.700244,31.700098],[-3.768164,31.689551],[-3.826758,31.661914],[-3.84668,31.619873],[-3.849561,31.566406],[-3.837109,31.512354],[-3.796436,31.437109],[-3.78916,31.361816],[-3.815137,31.308838],[-3.821387,31.255469],[-3.833398,31.197803],[-3.811816,31.166602],[-3.770996,31.161816],[-3.730176,31.1354],[-3.67251,31.111377],[-3.624512,31.065771],[-3.626904,31.000928],[-3.666797,30.964014],[-3.702002,30.944482],[-3.860059,30.927246],[-3.985352,30.913525],[-4.148779,30.80957],[-4.322852,30.698877],[-4.52915,30.625537],[-4.619629,30.604785],[-4.778516,30.552393],[-4.968262,30.465381],[-5.061914,30.326416],[-5.180127,30.166162],[-5.293652,30.058643],[-5.448779,29.956934],[-5.593311,29.917969],[-5.775,29.869043],[-6.004297,29.83125],[-6.166504,29.818945],[-6.214795,29.810693],[-6.357617,29.808301],[-6.427637,29.816113],[-6.479736,29.820361],[-6.500879,29.809131],[-6.50791,29.783789],[-6.510693,29.726025],[-6.520557,29.659863],[-6.565674,29.603857],[-6.597754,29.578955],[-6.635352,29.568799],[-6.755127,29.583838],[-6.855566,29.601611],[-7.094922,29.625195],[-7.142432,29.61958],[-7.160205,29.612646],[-7.234912,29.574902],[-7.349756,29.494727],[-7.427686,29.425],[-7.485742,29.392236],[-7.624609,29.375195],[-7.685156,29.349512],[-7.943848,29.174756],[-7.998926,29.132422],[-8.265186,28.980518],[-8.340479,28.930176],[-8.399316,28.880176],[-8.55835,28.767871],[-8.659912,28.718604],[-8.678418,28.689404],[-8.682385,28.634184518248183],[-8.682385,33.09146065313556],[-8.596289,33.187158],[-8.512842,33.252441],[-8.301172,33.374365],[-7.562354,33.640283],[-7.144678,33.830322],[-6.900977,33.969043],[-6.755762,34.13291],[-6.353125,34.776074],[-5.957568,35.681152],[-5.924805,35.785791],[-5.747949,35.815967],[-5.622852,35.828906],[-5.522266,35.862012],[-5.397363,35.929883],[-5.277832,35.902734],[-5.337646,35.856543],[-5.337646,35.745215],[-5.252686,35.614746],[-5.105371,35.467773],[-4.837207,35.281299],[-4.62832,35.206396],[-4.32998,35.161475],[-3.982422,35.243408],[-3.787988,35.244922],[-3.693262,35.27998],[-3.590625,35.22832],[-3.394727,35.211816],[-3.206006,35.239111],[-3.063086,35.317236],[-2.972217,35.407275],[-2.957959,35.363086],[-2.953613,35.315137],[-2.925977,35.287109],[-2.869531,35.172656],[-2.839941,35.127832],[-2.731396,35.135205],[-2.636816,35.112695],[-2.42373,35.123486],[-2.219629,35.104199]]]}},{"type":"Feature","bbox":[-17.098779,20.806152,-8.682129,27.656445],"properties":{"featurecla":"Admin-0 country","scalerank":1,"LABELRANK":7,"SOVEREIGNT":"Western Sahara","SOV_A3":"SAH","ADM0_DIF":0,"LEVEL":2,"TYPE":"Indeterminate","TLC":"1","ADMIN":"Western Sahara","ADM0_A3":"SAH","GEOU_DIF":0,"GEOUNIT":"Western Sahara","GU_A3":"SAH","SU_DIF":0,"SUBUNIT":"Western Sahara","SU_A3":"SAH","BRK_DIFF":1,"NAME":"W. Sahara","NAME_LONG":"Western Sahara","BRK_A3":"B28","BRK_NAME":"W. Sahara","BRK_GROUP":null,"ABBREV":"W. Sah.","POSTAL":"WS","FORMAL_EN":"Sahrawi Arab Democratic Republic","FORMAL_FR":null,"NAME_CIAWF":"Western Sahara","NOTE_ADM0":null,"NOTE_BRK":"Self admin.; Claimed by Morocco","NAME_SORT":"Western Sahara","NAME_ALT":null,"MAPCOLOR7":4,"MAPCOLOR8":7,"MAPCOLOR9":4,"MAPCOLOR13":4,"POP_EST":603253,"POP_RANK":11,"POP_YEAR":2017,"GDP_MD":907,"GDP_YEAR":2007,"ECONOMY":"7. Least developed region","INCOME_GRP":"5. Low income","FIPS_10":"WI","ISO_A2":"EH","ISO_A2_EH":"EH","ISO_A3":"ESH","ISO_A3_EH":"ESH","ISO_N3":"732","ISO_N3_EH":"732","UN_A3":"732","WB_A2":"-99","WB_A3":"-99","WOE_ID":23424990,"WOE_ID_EH":23424990,"WOE_NOTE":"Exact WOE match as country","ADM0_ISO":"B28","ADM0_DIFF":null,"ADM0_TLC":"B28","ADM0_A3_US":"SAH","ADM0_A3_FR":"MAR","ADM0_A3_RU":"SAH","ADM0_A3_ES":"SAH","ADM0_A3_CN":"SAH","ADM0_A3_TW":"SAH","ADM0_A3_IN":"MAR","ADM0_A3_NP":"SAH","ADM0_A3_PK":"SAH","ADM0_A3_DE":"SAH","ADM0_A3_GB":"SAH","ADM0_A3_BR":"SAH","ADM0_A3_IL":"SAH","ADM0_A3_PS":"MAR","ADM0_A3_SA":"MAR","ADM0_A3_EG":"SAH","ADM0_A3_MA":"MAR","ADM0_A3_PT":"SAH","ADM0_A3_AR":"SAH","ADM0_A3_JP":"SAH","ADM0_A3_KO":"SAH","ADM0_A3_VN":"SAH","ADM0_A3_TR":"MAR","ADM0_A3_ID":"MAR","ADM0_A3_PL":"MAR","ADM0_A3_GR":"SAH","ADM0_A3_IT":"SAH","ADM0_A3_NL":"MAR","ADM0_A3_SE":"SAH","ADM0_A3_BD":"SAH","ADM0_A3_UA":"SAH","ADM0_A3_UN":-99,"ADM0_A3_WB":-99,"CONTINENT":"Africa","REGION_UN":"Africa","SUBREGION":"Northern Africa","REGION_WB":"Middle East & North Africa","NAME_LEN":9,"LONG_LEN":14,"ABBREV_LEN":7,"TINY":-99,"HOMEPART":1,"MIN_ZOOM":4.7,"MIN_LABEL":6,"MAX_LABEL":11,"LABEL_X":-12.630304,"LABEL_Y":23.967592,"NE_ID":1159321223,"WIKIDATAID":"Q6250","NAME_AR":"الصحراء الغربية","NAME_BN":"পশ্চিম সাহারা","NAME_DE":"Westsahara","NAME_EN":"Western Sahara","NAME_ES":"Sahara Occidental","NAME_FA":"صحرای غربی","NAME_FR":"Sahara occidental","NAME_EL":"Δυτική Σαχάρα","NAME_HE":"סהרה המערבית","NAME_HI":"पश्चिमी सहारा","NAME_HU":"Nyugat-Szahara","NAME_ID":"Sahara Barat","NAME_IT":"Sahara Occidentale","NAME_JA":"西サハラ","NAME_KO":"서사하라","NAME_NL":"Westelijke Sahara","NAME_PL":"Sahara Zachodnia","NAME_PT":"Sara Ocidental","NAME_RU":"Западная Сахара","NAME_SV":"Västsahara","NAME_TR":"Batı Sahra","NAME_UK":"Західна Сахара","NAME_UR":"مغربی صحارا","NAME_VI":"Tây Sahara","NAME_ZH":"西撒哈拉","NAME_ZHT":"西撒哈拉","FCLASS_ISO":"Admin-0 dependency","TLC_DIFF":null,"FCLASS_TLC":"Admin-0 dependency","FCLASS_US":null,"FCLASS_FR":"Unrecognized","FCLASS_RU":null,"FCLASS_ES":null,"FCLASS_CN":null,"FCLASS_TW":null,"FCLASS_IN":"Unrecognized","FCLASS_NP":null,"FCLASS_PK":null,"FCLASS_DE":null,"FCLASS_GB":null,"FCLASS_BR":null,"FCLASS_IL":null,"FCLASS_PS":"Unrecognized","FCLASS_SA":"Unrecognized","FCLASS_EG":null,"FCLASS_MA":"Unrecognized","FCLASS_PT":null,"FCLASS_AR":null,"FCLASS_JP":null,"FCLASS_KO":null,"FCLASS_VN":null,"FCLASS_TR":"Unrecognized","FCLASS_ID":"Unrecognized","FCLASS_PL":"Unrecognized","FCLASS_GR":null,"FCLASS_IT":null,"FCLASS_NL":"Unrecognized","FCLASS_SE":null,"FCLASS_BD":null,"FCLASS_UA":null},"geometry":{"type":"Polygon","coordinates":[[[-8.682385,26.544639607508785],[-8.682324,26.497705],[-8.682129,26.273193],[-8.682129,26.109473],[-8.682227,25.995508],[-8.682385,25.995508],[-8.682385,26.544639607508785]]]}},{"type":"Feature","bbox":[18.436328,41.869092,20.347656,43.542334],"properties":{"featurecla":"Admin-0 country","scalerank":1,"LABELRANK":6,"SOVEREIGNT":"Montenegro","SOV_A3":"MNE","ADM0_DIF":0,"LEVEL":2,"TYPE":"Sovereign country","TLC":"1","ADMIN":"Montenegro","ADM0_A3":"MNE","GEOU_DIF":0,"GEOUNIT":"Montenegro","GU_A3":"MNE","SU_DIF":0,"SUBUNIT":"Montenegro","SU_A3":"MNE","BRK_DIFF":0,"NAME":"Montenegro","NAME_LONG":"Montenegro","BRK_A3":"MNE","BRK_NAME":"Montenegro","BRK_GROUP":null,"ABBREV":"Mont.","POSTAL":"ME","FORMAL_EN":"Montenegro","FORMAL_FR":null,"NAME_CIAWF":"Montenegro","NOTE_ADM0":null,"NOTE_BRK":null,"NAME_SORT":"Montenegro","NAME_ALT":null,"MAPCOLOR7":4,"MAPCOLOR8":1,"MAPCOLOR9":4,"MAPCOLOR13":5,"POP_EST":622137,"POP_RANK":11,"POP_YEAR":2019,"GDP_MD":5542,"GDP_YEAR":2019,"ECONOMY":"6. Developing region","INCOME_GRP":"3. Upper middle income","FIPS_10":"MJ","ISO_A2":"ME","ISO_A2_EH":"ME","ISO_A3":"MNE","ISO_A3_EH":"MNE","ISO_N3":"499","ISO_N3_EH":"499","UN_A3":"499","WB_A2":"ME","WB_A3":"MNE","WOE_ID":20069817,"WOE_ID_EH":20069817,"WOE_NOTE":"Exact WOE match as country","ADM0_ISO":"MNE","ADM0_DIFF":null,"ADM0_TLC":"MNE","ADM0_A3_US":"MNE","ADM0_A3_FR":"MNE","ADM0_A3_RU":"MNE","ADM0_A3_ES":"MNE","ADM0_A3_CN":"MNE","ADM0_A3_TW":"MNE","ADM0_A3_IN":"MNE","ADM0_A3_NP":"MNE","ADM0_A3_PK":"MNE","ADM0_A3_DE":"MNE","ADM0_A3_GB":"MNE","ADM0_A3_BR":"MNE","ADM0_A3_IL":"MNE","ADM0_A3_PS":"MNE","ADM0_A3_SA":"MNE","ADM0_A3_EG":"MNE","ADM0_A3_MA":"MNE","ADM0_A3_PT":"MNE","ADM0_A3_AR":"MNE","ADM0_A3_JP":"MNE","ADM0_A3_KO":"MNE","ADM0_A3_VN":"MNE","ADM0_A3_TR":"MNE","ADM0_A3_ID":"MNE","ADM0_A3_PL":"MNE","ADM0_A3_GR":"MNE","ADM0_A3_IT":"MNE","ADM0_A3_NL":"MNE","ADM0_A3_SE":"MNE","ADM0_A3_BD":"MNE","ADM0_A3_UA":"MNE","ADM0_A3_UN":-99,"ADM0_A3_WB":-99,"CONTINENT":"Europe","REGION_UN":"Europe","SUBREGION":"Southern Europe","REGION_WB":"Europe & Central Asia","NAME_LEN":10,"LONG_LEN":10,"ABBREV_LEN":5,"TINY":-99,"HOMEPART":1,"MIN_ZOOM":0,"MIN_LABEL":5,"MAX_LABEL":10,"LABEL_X":19.143727,"LABEL_Y":42.803101,"NE_ID":1159321069,"WIKIDATAID":"Q236","NAME_AR":"الجبل الأسود","NAME_BN":"মন্টিনিগ্রো","NAME_DE":"Montenegro","NAME_EN":"Montenegro","NAME_ES":"Montenegro","NAME_FA":"مونتهنگرو","NAME_FR":"Monténégro","NAME_EL":"Μαυροβούνιο","NAME_HE":"מונטנגרו","NAME_HI":"मॉन्टेनीग्रो","NAME_HU":"Montenegró","NAME_ID":"Montenegro","NAME_IT":"Montenegro","NAME_JA":"モンテネグロ","NAME_KO":"몬테네그로","NAME_NL":"Montenegro","NAME_PL":"Czarnogóra","NAME_PT":"Montenegro","NAME_RU":"Черногория","NAME_SV":"Montenegro","NAME_TR":"Karadağ","NAME_UK":"Чорногорія","NAME_UR":"مونٹینیگرو","NAME_VI":"Montenegro","NAME_ZH":"黑山","NAME_ZHT":"蒙特內哥羅","FCLASS_ISO":"Admin-0 country","TLC_DIFF":null,"FCLASS_TLC":"Admin-0 country","FCLASS_US":null,"FCLASS_FR":null,"FCLASS_RU":null,"FCLASS_ES":null,"FCLASS_CN":null,"FCLASS_TW":null,"FCLASS_IN":null,"FCLASS_NP":null,"FCLASS_PK":null,"FCLASS_DE":null,"FCLASS_GB":null,"FCLASS_BR":null,"FCLASS_IL":null,"FCLASS_PS":null,"FCLASS_SA":null,"FCLASS_EG":null,"FCLASS_MA":null,"FCLASS_PT":null,"FCLASS_AR":null,"FCLASS_JP":null,"FCLASS_KO":null,"FCLASS_VN":null,"FCLASS_TR":null,"FCLASS_ID":null,"FCLASS_PL":null,"FCLASS_GR":null,"FCLASS_IT":null,"FCLASS_NL":null,"FCLASS_SE":null,"FCLASS_BD":null,"FCLASS_UA":null},"geometry":{"type":"Polygon","coordinates":[[[19.194336,43.533301],[19.191602,43.521045],[19.196484,43.48501],[19.21875,43.449951],[19.298242,43.413965],[19.414648,43.342822],[19.551563,43.212256],[19.614453,43.173437],[19.670996,43.163965],[19.781152,43.109766],[19.858008,43.096533],[19.944043,43.081641],[20.167871,42.968506],[20.268457,42.935449],[20.339941,42.892871],[20.347656,42.852783],[20.344336,42.82793],[20.215137,42.798828],[20.192578,42.754639],[20.12998,42.759766],[20.054297,42.760059],[20.029492,42.732031],[20.065723,42.68584],[20.089258,42.631543],[20.070312,42.55708],[20.063965,42.547266],[20.045703,42.549902],[19.939063,42.506689],[19.859766,42.486328],[19.788281,42.476172],[19.754492,42.496924],[19.737793,42.525146],[19.740723,42.606934],[19.727832,42.634521],[19.703418,42.647949],[19.654492,42.628564],[19.597461,42.56543],[19.544531,42.491943],[19.465137,42.415381],[19.399609,42.341895],[19.329004,42.249268],[19.280664,42.172559],[19.330859,42.129297],[19.361426,42.069092],[19.352148,42.024023],[19.361133,41.997754],[19.345508,41.918848],[19.342383,41.869092],[19.186426,41.948633],[19.122266,42.060498],[18.894238,42.249463],[18.63291,42.378076],[18.619043,42.398389],[18.633398,42.423145],[18.645898,42.442725],[18.591602,42.444189],[18.553516,42.428516],[18.51748,42.43291],[18.47666,42.481104],[18.438086,42.522949],[18.436328,42.559717],[18.453906,42.564502],[18.480078,42.579199],[18.534961,42.620117],[18.545898,42.641602],[18.543262,42.67417],[18.466016,42.777246],[18.455078,42.844092],[18.443848,42.968457],[18.460156,42.9979],[18.488477,43.012158],[18.623633,43.027686],[18.621875,43.124609],[18.62998,43.153662],[18.656836,43.193945],[18.674219,43.230811],[18.749219,43.283545],[18.851074,43.346338],[18.895605,43.348193],[18.934668,43.339453],[18.978711,43.2854],[19.02666,43.292432],[19.036719,43.357324],[18.973828,43.442383],[18.940234,43.496729],[18.950684,43.52666],[18.974219,43.542334],[19.02832,43.53252],[19.080078,43.517725],[19.112793,43.527734],[19.164355,43.535449],[19.194336,43.533301]]]}},{"type":"Feature","bbox":[26.618945,45.450439,30.131055,48.477734],"properties":{"featurecla":"Admin-0 country","scalerank":1,"LABELRANK":6,"SOVEREIGNT":"Moldova","SOV_A3":"MDA","ADM0_DIF":0,"LEVEL":2,"TYPE":"Sovereign country","TLC":"1","ADMIN":"Moldova","ADM0_A3":"MDA","GEOU_DIF":0,"GEOUNIT":"Moldova","GU_A3":"MDA","SU_DIF":0,"SUBUNIT":"Moldova","SU_A3":"MDA","BRK_DIFF":0,"NAME":"Moldova","NAME_LONG":"Moldova","BRK_A3":"MDA","BRK_NAME":"Moldova","BRK_GROUP":null,"ABBREV":"Mda.","POSTAL":"MD","FORMAL_EN":"Republic of Moldova","FORMAL_FR":null,"NAME_CIAWF":"Moldova","NOTE_ADM0":null,"NOTE_BRK":null,"NAME_SORT":"Moldova","NAME_ALT":null,"MAPCOLOR7":3,"MAPCOLOR8":5,"MAPCOLOR9":4,"MAPCOLOR13":12,"POP_EST":2657637,"POP_RANK":12,"POP_YEAR":2019,"GDP_MD":11968,"GDP_YEAR":2019,"ECONOMY":"6. Developing region","INCOME_GRP":"4. Lower middle income","FIPS_10":"MD","ISO_A2":"MD","ISO_A2_EH":"MD","ISO_A3":"MDA","ISO_A3_EH":"MDA","ISO_N3":"498","ISO_N3_EH":"498","UN_A3":"498","WB_A2":"MD","WB_A3":"MDA","WOE_ID":23424885,"WOE_ID_EH":23424885,"WOE_NOTE":"Exact WOE match as country","ADM0_ISO":"MDA","ADM0_DIFF":null,"ADM0_TLC":"MDA","ADM0_A3_US":"MDA","ADM0_A3_FR":"MDA","ADM0_A3_RU":"MDA","ADM0_A3_ES":"MDA","ADM0_A3_CN":"MDA","ADM0_A3_TW":"MDA","ADM0_A3_IN":"MDA","ADM0_A3_NP":"MDA","ADM0_A3_PK":"MDA","ADM0_A3_DE":"MDA","ADM0_A3_GB":"MDA","ADM0_A3_BR":"MDA","ADM0_A3_IL":"MDA","ADM0_A3_PS":"MDA","ADM0_A3_SA":"MDA","ADM0_A3_EG":"MDA","ADM0_A3_MA":"MDA","ADM0_A3_PT":"MDA","ADM0_A3_AR":"MDA","ADM0_A3_JP":"MDA","ADM0_A3_KO":"MDA","ADM0_A3_VN":"MDA","ADM0_A3_TR":"MDA","ADM0_A3_ID":"MDA","ADM0_A3_PL":"MDA","ADM0_A3_GR":"MDA","ADM0_A3_IT":"MDA","ADM0_A3_NL":"MDA","ADM0_A3_SE":"MDA","ADM0_A3_BD":"MDA","ADM0_A3_UA":"MDA","ADM0_A3_UN":-99,"ADM0_A3_WB":-99,"CONTINENT":"Europe","REGION_UN":"Europe","SUBREGION":"Eastern Europe","REGION_WB":"Europe & Central Asia","NAME_LEN":7,"LONG_LEN":7,"ABBREV_LEN":4,"TINY":-99,"HOMEPART":1,"MIN_ZOOM":0,"MIN_LABEL":5,"MAX_LABEL":10,"LABEL_X":28.487904,"LABEL_Y":47.434999,"NE_ID":1159321045,"WIKIDATAID":"Q217","NAME_AR":"مولدوفا","NAME_BN":"মলদোভা","NAME_DE":"Republik Moldau","NAME_EN":"Moldova","NAME_ES":"Moldavia","NAME_FA":"مولداوی","NAME_FR":"Moldavie","NAME_EL":"Μολδαβία","NAME_HE":"מולדובה","NAME_HI":"मॉल्डोवा","NAME_HU":"Moldova","NAME_ID":"Moldova","NAME_IT":"Moldavia","NAME_JA":"モルドバ","NAME_KO":"몰도바","NAME_NL":"Moldavië","NAME_PL":"Mołdawia","NAME_PT":"Moldávia","NAME_RU":"Молдавия","NAME_SV":"Moldavien","NAME_TR":"Moldova","NAME_UK":"Молдова","NAME_UR":"مالدووا","NAME_VI":"Moldova","NAME_ZH":"摩尔多瓦","NAME_ZHT":"摩爾多瓦","FCLASS_ISO":"Admin-0 country","TLC_DIFF":null,"FCLASS_TLC":"Admin-0 country","FCLASS_US":null,"FCLASS_FR":null,"FCLASS_RU":null,"FCLASS_ES":null,"FCLASS_CN":null,"FCLASS_TW":null,"FCLASS_IN":null,"FCLASS_NP":null,"FCLASS_PK":null,"FCLASS_DE":null,"FCLASS_GB":null,"FCLASS_BR":null,"FCLASS_IL":null,"FCLASS_PS":null,"FCLASS_SA":null,"FCLASS_EG":null,"FCLASS_MA":null,"FCLASS_PT":null,"FCLASS_AR":null,"FCLASS_JP":null,"FCLASS_KO":null,"FCLASS_VN":null,"FCLASS_TR":null,"FCLASS_ID":null,"FCLASS_PL":null,"FCLASS_GR":null,"FCLASS_IT":null,"FCLASS_NL":null,"FCLASS_SE":null,"FCLASS_BD":null,"FCLASS_UA":null},"geometry":{"type":"Polygon","coordinates":[[[29.52159101073321,47.085215],[29.563477,47.04751],[29.568652,46.996729],[29.571973,46.964014],[29.597754,46.938818],[29.719727,46.88291],[29.877832,46.828906],[29.918066,46.782422],[29.94248,46.723779],[29.934766,46.625],[29.924316,46.538867],[30.131055,46.423096],[30.10752,46.401562],[30.075684,46.377832],[29.878027,46.360205],[29.837891,46.350537],[29.751953,46.437793],[29.706836,46.44873],[29.664551,46.416748],[29.614941,46.398828],[29.555078,46.407764],[29.491016,46.434668],[29.458789,46.45376],[29.432813,46.455957],[29.392871,46.436914],[29.339551,46.445068],[29.304883,46.466602],[29.25459,46.392627],[29.223828,46.376953],[29.20459,46.379346],[29.200781,46.50498],[29.18623,46.523975],[29.146289,46.526904],[29.049902,46.497021],[28.958398,46.458496],[28.927441,46.424121],[28.930566,46.362256],[28.94375,46.288428],[29.00625,46.176465],[28.971875,46.127637],[28.947754,46.049951],[28.849512,45.978662],[28.73877,45.937158],[28.729297,45.852002],[28.667578,45.793848],[28.562305,45.735791],[28.491602,45.665771],[28.509473,45.617822],[28.51377,45.572412],[28.501758,45.541553],[28.499023,45.517725],[28.471387,45.507178],[28.310352,45.498584],[28.264844,45.483887],[28.2125,45.450439],[28.1625,45.51377],[28.111914,45.569141],[28.074707,45.598975],[28.090332,45.612744],[28.130859,45.628271],[28.159766,45.647119],[28.15625,45.713086],[28.134961,45.788867],[28.115527,45.825537],[28.113574,45.883057],[28.099707,45.972607],[28.119141,46.138672],[28.199609,46.347559],[28.244336,46.45127],[28.222656,46.508057],[28.239453,46.64082],[28.204688,46.706396],[28.15,46.79209],[28.071777,46.978418],[27.974219,47.043213],[27.903275925752926,47.085215],[29.52159101073321,47.085215]]]}},{"type":"Feature","bbox":[7.377734,43.731738,7.438672,43.770898],"properties":{"featurecla":"Admin-0 country","scalerank":6,"LABELRANK":6,"SOVEREIGNT":"Monaco","SOV_A3":"MCO","ADM0_DIF":0,"LEVEL":2,"TYPE":"Sovereign country","TLC":"1","ADMIN":"Monaco","ADM0_A3":"MCO","GEOU_DIF":0,"GEOUNIT":"Monaco","GU_A3":"MCO","SU_DIF":0,"SUBUNIT":"Monaco","SU_A3":"MCO","BRK_DIFF":0,"NAME":"Monaco","NAME_LONG":"Monaco","BRK_A3":"MCO","BRK_NAME":"Monaco","BRK_GROUP":null,"ABBREV":"Mco.","POSTAL":"MC","FORMAL_EN":"Principality of Monaco","FORMAL_FR":null,"NAME_CIAWF":"Monaco","NOTE_ADM0":null,"NOTE_BRK":null,"NAME_SORT":"Monaco","NAME_ALT":null,"MAPCOLOR7":1,"MAPCOLOR8":1,"MAPCOLOR9":2,"MAPCOLOR13":12,"POP_EST":38964,"POP_RANK":7,"POP_YEAR":2019,"GDP_MD":7188,"GDP_YEAR":2018,"ECONOMY":"2. Developed region: nonG7","INCOME_GRP":"2. High income: nonOECD","FIPS_10":"MN","ISO_A2":"MC","ISO_A2_EH":"MC","ISO_A3":"MCO","ISO_A3_EH":"MCO","ISO_N3":"492","ISO_N3_EH":"492","UN_A3":"492","WB_A2":"MC","WB_A3":"MCO","WOE_ID":23424892,"WOE_ID_EH":23424892,"WOE_NOTE":"Exact WOE match as country","ADM0_ISO":"MCO","ADM0_DIFF":null,"ADM0_TLC":"MCO","ADM0_A3_US":"MCO","ADM0_A3_FR":"MCO","ADM0_A3_RU":"MCO","ADM0_A3_ES":"MCO","ADM0_A3_CN":"MCO","ADM0_A3_TW":"MCO","ADM0_A3_IN":"MCO","ADM0_A3_NP":"MCO","ADM0_A3_PK":"MCO","ADM0_A3_DE":"MCO","ADM0_A3_GB":"MCO","ADM0_A3_BR":"MCO","ADM0_A3_IL":"MCO","ADM0_A3_PS":"MCO","ADM0_A3_SA":"MCO","ADM0_A3_EG":"MCO","ADM0_A3_MA":"MCO","ADM0_A3_PT":"MCO","ADM0_A3_AR":"MCO","ADM0_A3_JP":"MCO","ADM0_A3_KO":"MCO","ADM0_A3_VN":"MCO","ADM0_A3_TR":"MCO","ADM0_A3_ID":"MCO","ADM0_A3_PL":"MCO","ADM0_A3_GR":"MCO","ADM0_A3_IT":"MCO","ADM0_A3_NL":"MCO","ADM0_A3_SE":"MCO","ADM0_A3_BD":"MCO","ADM0_A3_UA":"MCO","ADM0_A3_UN":-99,"ADM0_A3_WB":-99,"CONTINENT":"Europe","REGION_UN":"Europe","SUBREGION":"Western Europe","REGION_WB":"Europe & Central Asia","NAME_LEN":6,"LONG_LEN":6,"ABBREV_LEN":4,"TINY":5,"HOMEPART":1,"MIN_ZOOM":0,"MIN_LABEL":5,"MAX_LABEL":10,"LABEL_X":7.398291,"LABEL_Y":43.739652,"NE_ID":1159321043,"WIKIDATAID":"Q235","NAME_AR":"موناكو","NAME_BN":"মোনাকো","NAME_DE":"Monaco","NAME_EN":"Monaco","NAME_ES":"Mónaco","NAME_FA":"موناکو","NAME_FR":"Monaco","NAME_EL":"Μονακό","NAME_HE":"מונקו","NAME_HI":"मोनैको","NAME_HU":"Monaco","NAME_ID":"Monako","NAME_IT":"Principato di Monaco","NAME_JA":"モナコ","NAME_KO":"모나코","NAME_NL":"Monaco","NAME_PL":"Monako","NAME_PT":"Mónaco","NAME_RU":"Монако","NAME_SV":"Monaco","NAME_TR":"Monako","NAME_UK":"Монако","NAME_UR":"موناکو","NAME_VI":"Monaco","NAME_ZH":"摩纳哥","NAME_ZHT":"摩納哥","FCLASS_ISO":"Admin-0 country","TLC_DIFF":null,"FCLASS_TLC":"Admin-0 country","FCLASS_US":null,"FCLASS_FR":null,"FCLASS_RU":null,"FCLASS_ES":null,"FCLASS_CN":null,"FCLASS_TW":null,"FCLASS_IN":null,"FCLASS_NP":null,"FCLASS_PK":null,"FCLASS_DE":null,"FCLASS_GB":null,"FCLASS_BR":null,"FCLASS_IL":null,"FCLASS_PS":null,"FCLASS_SA":null,"FCLASS_EG":null,"FCLASS_MA":null,"FCLASS_PT":null,"FCLASS_AR":null,"FCLASS_JP":null,"FCLASS_KO":null,"FCLASS_VN":null,"FCLASS_TR":null,"FCLASS_ID":null,"FCLASS_PL":null,"FCLASS_GR":null,"FCLASS_IT":null,"FCLASS_NL":null,"FCLASS_SE":null,"FCLASS_BD":null,"FCLASS_UA":null},"geometry":{"type":"Polygon","coordinates":[[[7.438672,43.750439],[7.377734,43.731738],[7.380078,43.753223],[7.39502,43.765332],[7.414453,43.770898],[7.436914,43.761475],[7.438672,43.750439]]]}},{"type":"Feature","bbox":[-118.401367,14.54541,-86.696289,32.715332],"properties":{"featurecla":"Admin-0 country","scalerank":1,"LABELRANK":2,"SOVEREIGNT":"Mexico","SOV_A3":"MEX","ADM0_DIF":0,"LEVEL":2,"TYPE":"Sovereign country","TLC":"1","ADMIN":"Mexico","ADM0_A3":"MEX","GEOU_DIF":0,"GEOUNIT":"Mexico","GU_A3":"MEX","SU_DIF":0,"SUBUNIT":"Mexico","SU_A3":"MEX","BRK_DIFF":0,"NAME":"Mexico","NAME_LONG":"Mexico","BRK_A3":"MEX","BRK_NAME":"Mexico","BRK_GROUP":null,"ABBREV":"Mex.","POSTAL":"MX","FORMAL_EN":"United Mexican States","FORMAL_FR":null,"NAME_CIAWF":"Mexico","NOTE_ADM0":null,"NOTE_BRK":null,"NAME_SORT":"Mexico","NAME_ALT":null,"MAPCOLOR7":6,"MAPCOLOR8":1,"MAPCOLOR9":7,"MAPCOLOR13":3,"POP_EST":127575529,"POP_RANK":17,"POP_YEAR":2019,"GDP_MD":1268870,"GDP_YEAR":2019,"ECONOMY":"4. Emerging region: MIKT","INCOME_GRP":"3. Upper middle income","FIPS_10":"MX","ISO_A2":"MX","ISO_A2_EH":"MX","ISO_A3":"MEX","ISO_A3_EH":"MEX","ISO_N3":"484","ISO_N3_EH":"484","UN_A3":"484","WB_A2":"MX","WB_A3":"MEX","WOE_ID":23424900,"WOE_ID_EH":23424900,"WOE_NOTE":"Exact WOE match as country","ADM0_ISO":"MEX","ADM0_DIFF":null,"ADM0_TLC":"MEX","ADM0_A3_US":"MEX","ADM0_A3_FR":"MEX","ADM0_A3_RU":"MEX","ADM0_A3_ES":"MEX","ADM0_A3_CN":"MEX","ADM0_A3_TW":"MEX","ADM0_A3_IN":"MEX","ADM0_A3_NP":"MEX","ADM0_A3_PK":"MEX","ADM0_A3_DE":"MEX","ADM0_A3_GB":"MEX","ADM0_A3_BR":"MEX","ADM0_A3_IL":"MEX","ADM0_A3_PS":"MEX","ADM0_A3_SA":"MEX","ADM0_A3_EG":"MEX","ADM0_A3_MA":"MEX","ADM0_A3_PT":"MEX","ADM0_A3_AR":"MEX","ADM0_A3_JP":"MEX","ADM0_A3_KO":"MEX","ADM0_A3_VN":"MEX","ADM0_A3_TR":"MEX","ADM0_A3_ID":"MEX","ADM0_A3_PL":"MEX","ADM0_A3_GR":"MEX","ADM0_A3_IT":"MEX","ADM0_A3_NL":"MEX","ADM0_A3_SE":"MEX","ADM0_A3_BD":"MEX","ADM0_A3_UA":"MEX","ADM0_A3_UN":-99,"ADM0_A3_WB":-99,"CONTINENT":"North America","REGION_UN":"Americas","SUBREGION":"Central America","REGION_WB":"Latin America & Caribbean","NAME_LEN":6,"LONG_LEN":6,"ABBREV_LEN":4,"TINY":-99,"HOMEPART":1,"MIN_ZOOM":0,"MIN_LABEL":2,"MAX_LABEL":6.7,"LABEL_X":-102.289448,"LABEL_Y":23.919988,"NE_ID":1159321055,"WIKIDATAID":"Q96","NAME_AR":"المكسيك","NAME_BN":"মেক্সিকো","NAME_DE":"Mexiko","NAME_EN":"Mexico","NAME_ES":"México","NAME_FA":"مکزیک","NAME_FR":"Mexique","NAME_EL":"Μεξικό","NAME_HE":"מקסיקו","NAME_HI":"मेक्सिको","NAME_HU":"Mexikó","NAME_ID":"Meksiko","NAME_IT":"Messico","NAME_JA":"メキシコ","NAME_KO":"멕시코","NAME_NL":"Mexico","NAME_PL":"Meksyk","NAME_PT":"México","NAME_RU":"Мексика","NAME_SV":"Mexiko","NAME_TR":"Meksika","NAME_UK":"Мексика","NAME_UR":"میکسیکو","NAME_VI":"México","NAME_ZH":"墨西哥","NAME_ZHT":"墨西哥","FCLASS_ISO":"Admin-0 country","TLC_DIFF":null,"FCLASS_TLC":"Admin-0 country","FCLASS_US":null,"FCLASS_FR":null,"FCLASS_RU":null,"FCLASS_ES":null,"FCLASS_CN":null,"FCLASS_TW":null,"FCLASS_IN":null,"FCLASS_NP":null,"FCLASS_PK":null,"FCLASS_DE":null,"FCLASS_GB":null,"FCLASS_BR":null,"FCLASS_IL":null,"FCLASS_PS":null,"FCLASS_SA":null,"FCLASS_EG":null,"FCLASS_MA":null,"FCLASS_PT":null,"FCLASS_AR":null,"FCLASS_JP":null,"FCLASS_KO":null,"FCLASS_VN":null,"FCLASS_TR":null,"FCLASS_ID":null,"FCLASS_PL":null,"FCLASS_GR":null,"FCLASS_IT":null,"FCLASS_NL":null,"FCLASS_SE":null,"FCLASS_BD":null,"FCLASS_UA":null},"geometry":{"type":"MultiPolygon","coordinates":[[],[],[],[],[],[],[],[],[],[],[],[],[],[],[],[]]}},{"type":"Feature","bbox":[-17.063965,14.745361,-4.822607,27.285937],"properties":{"featurecla":"Admin-0 country","scalerank":5,"LABELRANK":3,"SOVEREIGNT":"Mauritania","SOV_A3":"MRT","ADM0_DIF":0,"LEVEL":2,"TYPE":"Sovereign country","TLC":"1","ADMIN":"Mauritania","ADM0_A3":"MRT","GEOU_DIF":0,"GEOUNIT":"Mauritania","GU_A3":"MRT","SU_DIF":0,"SUBUNIT":"Mauritania","SU_A3":"MRT","BRK_DIFF":0,"NAME":"Mauritania","NAME_LONG":"Mauritania","BRK_A3":"MRT","BRK_NAME":"Mauritania","BRK_GROUP":null,"ABBREV":"Mrt.","POSTAL":"MR","FORMAL_EN":"Islamic Republic of Mauritania","FORMAL_FR":null,"NAME_CIAWF":"Mauritania","NOTE_ADM0":null,"NOTE_BRK":null,"NAME_SORT":"Mauritania","NAME_ALT":null,"MAPCOLOR7":3,"MAPCOLOR8":3,"MAPCOLOR9":2,"MAPCOLOR13":1,"POP_EST":4525696,"POP_RANK":12,"POP_YEAR":2019,"GDP_MD":7600,"GDP_YEAR":2019,"ECONOMY":"7. Least developed region","INCOME_GRP":"5. Low income","FIPS_10":"MR","ISO_A2":"MR","ISO_A2_EH":"MR","ISO_A3":"MRT","ISO_A3_EH":"MRT","ISO_N3":"478","ISO_N3_EH":"478","UN_A3":"478","WB_A2":"MR","WB_A3":"MRT","WOE_ID":23424896,"WOE_ID_EH":23424896,"WOE_NOTE":"Exact WOE match as country","ADM0_ISO":"MRT","ADM0_DIFF":null,"ADM0_TLC":"MRT","ADM0_A3_US":"MRT","ADM0_A3_FR":"MRT","ADM0_A3_RU":"MRT","ADM0_A3_ES":"MRT","ADM0_A3_CN":"MRT","ADM0_A3_TW":"MRT","ADM0_A3_IN":"MRT","ADM0_A3_NP":"MRT","ADM0_A3_PK":"MRT","ADM0_A3_DE":"MRT","ADM0_A3_GB":"MRT","ADM0_A3_BR":"MRT","ADM0_A3_IL":"MRT","ADM0_A3_PS":"MRT","ADM0_A3_SA":"MRT","ADM0_A3_EG":"MRT","ADM0_A3_MA":"MRT","ADM0_A3_PT":"MRT","ADM0_A3_AR":"MRT","ADM0_A3_JP":"MRT","ADM0_A3_KO":"MRT","ADM0_A3_VN":"MRT","ADM0_A3_TR":"MRT","ADM0_A3_ID":"MRT","ADM0_A3_PL":"MRT","ADM0_A3_GR":"MRT","ADM0_A3_IT":"MRT","ADM0_A3_NL":"MRT","ADM0_A3_SE":"MRT","ADM0_A3_BD":"MRT","ADM0_A3_UA":"MRT","ADM0_A3_UN":-99,"ADM0_A3_WB":-99,"CONTINENT":"Africa","REGION_UN":"Africa","SUBREGION":"Western Africa","REGION_WB":"Sub-Saharan Africa","NAME_LEN":10,"LONG_LEN":10,"ABBREV_LEN":4,"TINY":-99,"HOMEPART":1,"MIN_ZOOM":0,"MIN_LABEL":3,"MAX_LABEL":8,"LABEL_X":-9.740299,"LABEL_Y":19.587062,"NE_ID":1159321075,"WIKIDATAID":"Q1025","NAME_AR":"موريتانيا","NAME_BN":"মৌরিতানিয়া","NAME_DE":"Mauretanien","NAME_EN":"Mauritania","NAME_ES":"Mauritania","NAME_FA":"موریتانی","NAME_FR":"Mauritanie","NAME_EL":"Μαυριτανία","NAME_HE":"מאוריטניה","NAME_HI":"मॉरीतानिया","NAME_HU":"Mauritánia","NAME_ID":"Mauritania","NAME_IT":"Mauritania","NAME_JA":"モーリタニア","NAME_KO":"모리타니","NAME_NL":"Mauritanië","NAME_PL":"Mauretania","NAME_PT":"Mauritânia","NAME_RU":"Мавритания","NAME_SV":"Mauretanien","NAME_TR":"Moritanya","NAME_UK":"Мавританія","NAME_UR":"موریتانیہ","NAME_VI":"Mauritanie","NAME_ZH":"毛里塔尼亚","NAME_ZHT":"茅利塔尼亞","FCLASS_ISO":"Admin-0 country","TLC_DIFF":null,"FCLASS_TLC":"Admin-0 country","FCLASS_US":null,"FCLASS_FR":null,"FCLASS_RU":null,"FCLASS_ES":null,"FCLASS_CN":null,"FCLASS_TW":null,"FCLASS_IN":null,"FCLASS_NP":null,"FCLASS_PK":null,"FCLASS_DE":null,"FCLASS_GB":null,"FCLASS_BR":null,"FCLASS_IL":null,"FCLASS_PS":null,"FCLASS_SA":null,"FCLASS_EG":null,"FCLASS_MA":null,"FCLASS_PT":null,"FCLASS_AR":null,"FCLASS_JP":null,"FCLASS_KO":null,"FCLASS_VN":null,"FCLASS_TR":null,"FCLASS_ID":null,"FCLASS_PL":null,"FCLASS_GR":null,"FCLASS_IT":null,"FCLASS_NL":null,"FCLASS_SE":null,"FCLASS_BD":null,"FCLASS_UA":null},"geometry":{"type":"MultiPolygon","coordinates":[[],[[[-8.682385,18.975561],[-8.682385,25.995508],[-8.682227,25.995508],[-8.682129,26.109473],[-8.682129,26.273193],[-8.682324,26.497705],[-8.682385,26.544639607508785],[-8.682385,27.28536943293909],[-8.495312,27.175342],[-8.307275,27.064746],[-8.119238,26.95415],[-7.931152,26.843555],[-7.743115,26.732959],[-7.555078,26.622363],[-7.366992,26.511768],[-7.178906,26.401172],[-6.990869,26.290576],[-6.802832,26.17998],[-6.614746,26.069434],[-6.426709,25.958789],[-6.238672,25.848193],[-6.050586,25.737598],[-5.862549,25.627002],[-5.674512,25.516406],[-5.516943,25.423779],[-5.275,25.274512],[-5.049512,25.135449],[-4.822607,24.995605],[-5.1729,24.99541],[-5.640771,24.995166],[-5.959814,24.994971],[-6.287207,24.994824],[-6.594092,24.994629],[-6.567383,24.766797],[-6.538965,24.518164],[-6.510449,24.269482],[-6.482031,24.020801],[-6.453516,23.772168],[-6.425049,23.523486],[-6.396582,23.274805],[-6.368115,23.026123],[-6.339648,22.77749],[-6.311133,22.528857],[-6.282715,22.280176],[-6.254199,22.031543],[-6.225732,21.782861],[-6.197266,21.53418],[-6.168799,21.285547],[-6.140332,21.036865],[-6.111816,20.788184],[-6.083398,20.539502],[-6.054883,20.290869],[-6.026416,20.042187],[-5.997949,19.793506],[-5.969482,19.544873],[-5.941016,19.296191],[-5.9125,19.04751],[-5.904276446883559,18.975561],[-8.682385,18.975561]]]]}},{"type":"Feature","bbox":[14.180371,35.820215,14.566211,36.075781],"properties":{"featurecla":"Admin-0 country","scalerank":3,"LABELRANK":5,"SOVEREIGNT":"Malta","SOV_A3":"MLT","ADM0_DIF":0,"LEVEL":2,"TYPE":"Sovereign country","TLC":"1","ADMIN":"Malta","ADM0_A3":"MLT","GEOU_DIF":0,"GEOUNIT":"Malta","GU_A3":"MLT","SU_DIF":0,"SUBUNIT":"Malta","SU_A3":"MLT","BRK_DIFF":0,"NAME":"Malta","NAME_LONG":"Malta","BRK_A3":"MLT","BRK_NAME":"Malta","BRK_GROUP":null,"ABBREV":"Malta","POSTAL":"M","FORMAL_EN":"Republic of Malta","FORMAL_FR":null,"NAME_CIAWF":"Malta","NOTE_ADM0":null,"NOTE_BRK":null,"NAME_SORT":"Malta","NAME_ALT":null,"MAPCOLOR7":1,"MAPCOLOR8":4,"MAPCOLOR9":1,"MAPCOLOR13":8,"POP_EST":502653,"POP_RANK":11,"POP_YEAR":2019,"GDP_MD":14989,"GDP_YEAR":2019,"ECONOMY":"2. Developed region: nonG7","INCOME_GRP":"2. High income: nonOECD","FIPS_10":"MT","ISO_A2":"MT","ISO_A2_EH":"MT","ISO_A3":"MLT","ISO_A3_EH":"MLT","ISO_N3":"470","ISO_N3_EH":"470","UN_A3":"470","WB_A2":"MT","WB_A3":"MLT","WOE_ID":23424897,"WOE_ID_EH":23424897,"WOE_NOTE":"Exact WOE match as country","ADM0_ISO":"MLT","ADM0_DIFF":null,"ADM0_TLC":"MLT","ADM0_A3_US":"MLT","ADM0_A3_FR":"MLT","ADM0_A3_RU":"MLT","ADM0_A3_ES":"MLT","ADM0_A3_CN":"MLT","ADM0_A3_TW":"MLT","ADM0_A3_IN":"MLT","ADM0_A3_NP":"MLT","ADM0_A3_PK":"MLT","ADM0_A3_DE":"MLT","ADM0_A3_GB":"MLT","ADM0_A3_BR":"MLT","ADM0_A3_IL":"MLT","ADM0_A3_PS":"MLT","ADM0_A3_SA":"MLT","ADM0_A3_EG":"MLT","ADM0_A3_MA":"MLT","ADM0_A3_PT":"MLT","ADM0_A3_AR":"MLT","ADM0_A3_JP":"MLT","ADM0_A3_KO":"MLT","ADM0_A3_VN":"MLT","ADM0_A3_TR":"MLT","ADM0_A3_ID":"MLT","ADM0_A3_PL":"MLT","ADM0_A3_GR":"MLT","ADM0_A3_IT":"MLT","ADM0_A3_NL":"MLT","ADM0_A3_SE":"MLT","ADM0_A3_BD":"MLT","ADM0_A3_UA":"MLT","ADM0_A3_UN":-99,"ADM0_A3_WB":-99,"CONTINENT":"Europe","REGION_UN":"Europe","SUBREGION":"Southern Europe","REGION_WB":"Middle East & North Africa","NAME_LEN":5,"LONG_LEN":5,"ABBREV_LEN":5,"TINY":3,"HOMEPART":1,"MIN_ZOOM":0,"MIN_LABEL":4,"MAX_LABEL":9,"LABEL_X":14.433005,"LABEL_Y":35.892886,"NE_ID":1159321065,"WIKIDATAID":"Q233","NAME_AR":"مالطا","NAME_BN":"মাল্টা","NAME_DE":"Malta","NAME_EN":"Malta","NAME_ES":"Malta","NAME_FA":"مالت","NAME_FR":"Malte","NAME_EL":"Μάλτα","NAME_HE":"מלטה","NAME_HI":"माल्टा","NAME_HU":"Málta","NAME_ID":"Malta","NAME_IT":"Malta","NAME_JA":"マルタ","NAME_KO":"몰타","NAME_NL":"Malta","NAME_PL":"Malta","NAME_PT":"Malta","NAME_RU":"Мальта","NAME_SV":"Malta","NAME_TR":"Malta","NAME_UK":"Мальта","NAME_UR":"مالٹا","NAME_VI":"Malta","NAME_ZH":"马耳他","NAME_ZHT":"馬耳他","FCLASS_ISO":"Admin-0 country","TLC_DIFF":null,"FCLASS_TLC":"Admin-0 country","FCLASS_US":null,"FCLASS_FR":null,"FCLASS_RU":null,"FCLASS_ES":null,"FCLASS_CN":null,"FCLASS_TW":null,"FCLASS_IN":null,"FCLASS_NP":null,"FCLASS_PK":null,"FCLASS_DE":null,"FCLASS_GB":null,"FCLASS_BR":null,"FCLASS_IL":null,"FCLASS_PS":null,"FCLASS_SA":null,"FCLASS_EG":null,"FCLASS_MA":null,"FCLASS_PT":null,"FCLASS_AR":null,"FCLASS_JP":null,"FCLASS_KO":null,"FCLASS_VN":null,"FCLASS_TR":null,"FCLASS_ID":null,"FCLASS_PL":null,"FCLASS_GR":null,"FCLASS_IT":null,"FCLASS_NL":null,"FCLASS_SE":null,"FCLASS_BD":null,"FCLASS_UA":null},"geometry":{"type":"MultiPolygon","coordinates":[[[[14.566211,35.852734],[14.532715,35.820215],[14.436426,35.82168],[14.352344,35.872266],[14.35127,35.978418],[14.44834,35.957422],[14.537012,35.886279],[14.566211,35.852734]]],[[[14.313477,36.027588],[14.253613,36.012158],[14.194238,36.042236],[14.180371,36.0604],[14.263281,36.075781],[14.303711,36.062305],[14.320898,36.03623],[14.313477,36.027588]]]]}},{"type":"Feature","bbox":[-12.280615,10.143262,4.234668,24.995605],"properties":{"featurecla":"Admin-0 country","scalerank":1,"LABELRANK":3,"SOVEREIGNT":"Mali","SOV_A3":"MLI","ADM0_DIF":0,"LEVEL":2,"TYPE":"Sovereign country","TLC":"1","ADMIN":"Mali","ADM0_A3":"MLI","GEOU_DIF":0,"GEOUNIT":"Mali","GU_A3":"MLI","SU_DIF":0,"SUBUNIT":"Mali","SU_A3":"MLI","BRK_DIFF":0,"NAME":"Mali","NAME_LONG":"Mali","BRK_A3":"MLI","BRK_NAME":"Mali","BRK_GROUP":null,"ABBREV":"Mali","POSTAL":"ML","FORMAL_EN":"Republic of Mali","FORMAL_FR":null,"NAME_CIAWF":"Mali","NOTE_ADM0":null,"NOTE_BRK":null,"NAME_SORT":"Mali","NAME_ALT":null,"MAPCOLOR7":1,"MAPCOLOR8":4,"MAPCOLOR9":1,"MAPCOLOR13":7,"POP_EST":19658031,"POP_RANK":14,"POP_YEAR":2019,"GDP_MD":17279,"GDP_YEAR":2019,"ECONOMY":"7. Least developed region","INCOME_GRP":"5. Low income","FIPS_10":"ML","ISO_A2":"ML","ISO_A2_EH":"ML","ISO_A3":"MLI","ISO_A3_EH":"MLI","ISO_N3":"466","ISO_N3_EH":"466","UN_A3":"466","WB_A2":"ML","WB_A3":"MLI","WOE_ID":23424891,"WOE_ID_EH":23424891,"WOE_NOTE":"Exact WOE match as country","ADM0_ISO":"MLI","ADM0_DIFF":null,"ADM0_TLC":"MLI","ADM0_A3_US":"MLI","ADM0_A3_FR":"MLI","ADM0_A3_RU":"MLI","ADM0_A3_ES":"MLI","ADM0_A3_CN":"MLI","ADM0_A3_TW":"MLI","ADM0_A3_IN":"MLI","ADM0_A3_NP":"MLI","ADM0_A3_PK":"MLI","ADM0_A3_DE":"MLI","ADM0_A3_GB":"MLI","ADM0_A3_BR":"MLI","ADM0_A3_IL":"MLI","ADM0_A3_PS":"MLI","ADM0_A3_SA":"MLI","ADM0_A3_EG":"MLI","ADM0_A3_MA":"MLI","ADM0_A3_PT":"MLI","ADM0_A3_AR":"MLI","ADM0_A3_JP":"MLI","ADM0_A3_KO":"MLI","ADM0_A3_VN":"MLI","ADM0_A3_TR":"MLI","ADM0_A3_ID":"MLI","ADM0_A3_PL":"MLI","ADM0_A3_GR":"MLI","ADM0_A3_IT":"MLI","ADM0_A3_NL":"MLI","ADM0_A3_SE":"MLI","ADM0_A3_BD":"MLI","ADM0_A3_UA":"MLI","ADM0_A3_UN":-99,"ADM0_A3_WB":-99,"CONTINENT":"Africa","REGION_UN":"Africa","SUBREGION":"Western Africa","REGION_WB":"Sub-Saharan Africa","NAME_LEN":4,"LONG_LEN":4,"ABBREV_LEN":4,"TINY":-99,"HOMEPART":1,"MIN_ZOOM":0,"MIN_LABEL":3,"MAX_LABEL":7,"LABEL_X":-2.038455,"LABEL_Y":18.692713,"NE_ID":1159321063,"WIKIDATAID":"Q912","NAME_AR":"مالي","NAME_BN":"মালি","NAME_DE":"Mali","NAME_EN":"Mali","NAME_ES":"Malí","NAME_FA":"مالی","NAME_FR":"Mali","NAME_EL":"Μάλι","NAME_HE":"מאלי","NAME_HI":"माली","NAME_HU":"Mali","NAME_ID":"Mali","NAME_IT":"Mali","NAME_JA":"マリ共和国","NAME_KO":"말리","NAME_NL":"Mali","NAME_PL":"Mali","NAME_PT":"Mali","NAME_RU":"Мали","NAME_SV":"Mali","NAME_TR":"Mali","NAME_UK":"Малі","NAME_UR":"مالی","NAME_VI":"Mali","NAME_ZH":"马里","NAME_ZHT":"馬利共和國","FCLASS_ISO":"Admin-0 country","TLC_DIFF":null,"FCLASS_TLC":"Admin-0 country","FCLASS_US":null,"FCLASS_FR":null,"FCLASS_RU":null,"FCLASS_ES":null,"FCLASS_CN":null,"FCLASS_TW":null,"FCLASS_IN":null,"FCLASS_NP":null,"FCLASS_PK":null,"FCLASS_DE":null,"FCLASS_GB":null,"FCLASS_BR":null,"FCLASS_IL":null,"FCLASS_PS":null,"FCLASS_SA":null,"FCLASS_EG":null,"FCLASS_MA":null,"FCLASS_PT":null,"FCLASS_AR":null,"FCLASS_JP":null,"FCLASS_KO":null,"FCLASS_VN":null,"FCLASS_TR":null,"FCLASS_ID":null,"FCLASS_PL":null,"FCLASS_GR":null,"FCLASS_IT":null,"FCLASS_NL":null,"FCLASS_SE":null,"FCLASS_BD":null,"FCLASS_UA":null},"geometry":{"type":"Polygon","coordinates":[[[-5.904276446883559,18.975561],[-5.9125,19.04751],[-5.941016,19.296191],[-5.969482,19.544873],[-5.997949,19.793506],[-6.026416,20.042187],[-6.054883,20.290869],[-6.083398,20.539502],[-6.111816,20.788184],[-6.140332,21.036865],[-6.168799,21.285547],[-6.197266,21.53418],[-6.225732,21.782861],[-6.254199,22.031543],[-6.282715,22.280176],[-6.311133,22.528857],[-6.339648,22.77749],[-6.368115,23.026123],[-6.396582,23.274805],[-6.425049,23.523486],[-6.453516,23.772168],[-6.482031,24.020801],[-6.510449,24.269482],[-6.538965,24.518164],[-6.567383,24.766797],[-6.594092,24.994629],[-6.287207,24.994824],[-5.959814,24.994971],[-5.640771,24.995166],[-5.1729,24.99541],[-4.822607,24.995605],[-4.516992,24.804492],[-4.240332,24.623535],[-3.912793,24.409473],[-3.585352,24.195361],[-3.257861,23.98125],[-2.930371,23.767139],[-2.60293,23.553027],[-2.275391,23.338867],[-1.9479,23.124805],[-1.62041,22.910645],[-1.292969,22.696533],[-0.965479,22.482471],[-0.637988,22.268311],[-0.310547,22.054199],[0.016992,21.840137],[0.344434,21.625977],[0.671875,21.411865],[0.999414,21.197754],[1.145508,21.102246],[1.15918,21.0625],[1.172754,20.981982],[1.164062,20.891309],[1.165723,20.817432],[1.208887,20.767285],[1.290234,20.713574],[1.610645,20.555566],[1.636035,20.524365],[1.647363,20.458838],[1.685449,20.378369],[1.753223,20.331592],[1.832422,20.296875],[1.928809,20.272705],[2.219336,20.247803],[2.280859,20.210303],[2.406152,20.063867],[2.474219,20.03501],[2.667773,19.99292],[2.80791,19.969434],[2.865723,19.955957],[2.99248,19.916602],[3.130273,19.850195],[3.203711,19.789697],[3.203418,19.770752],[3.202734,19.718311],[3.20166,19.5604],[3.227051,19.473584],[3.255859,19.410938],[3.254395,19.372607],[3.219629,19.34541],[3.192383,19.312061],[3.177246,19.268164],[3.137891,19.212158],[3.106055,19.150098],[3.119727,19.103174],[3.174219,19.0729],[3.255957,19.013281],[3.323438,18.988379],[3.356445,18.986621],[3.400879,18.988428],[3.43877,18.996143],[3.683496,19.041602],[3.910156,19.08374],[4.227637,19.142773],[4.228197860366213,18.975561],[-5.904276446883559,18.975561]]]}},{"type":"Feature","bbox":[73.382031,3.229395,73.52832,4.247656],"properties":{"featurecla":"Admin-0 country","scalerank":4,"LABELRANK":5,"SOVEREIGNT":"Maldives","SOV_A3":"MDV","ADM0_DIF":0,"LEVEL":2,"TYPE":"Sovereign country","TLC":"1","ADMIN":"Maldives","ADM0_A3":"MDV","GEOU_DIF":0,"GEOUNIT":"Maldives","GU_A3":"MDV","SU_DIF":0,"SUBUNIT":"Maldives","SU_A3":"MDV","BRK_DIFF":0,"NAME":"Maldives","NAME_LONG":"Maldives","BRK_A3":"MDV","BRK_NAME":"Maldives","BRK_GROUP":null,"ABBREV":"Mald.","POSTAL":"MV","FORMAL_EN":"Republic of Maldives","FORMAL_FR":null,"NAME_CIAWF":"Maldives","NOTE_ADM0":null,"NOTE_BRK":null,"NAME_SORT":"Maldives","NAME_ALT":null,"MAPCOLOR7":2,"MAPCOLOR8":3,"MAPCOLOR9":1,"MAPCOLOR13":7,"POP_EST":530953,"POP_RANK":11,"POP_YEAR":2019,"GDP_MD":5642,"GDP_YEAR":2019,"ECONOMY":"6. Developing region","INCOME_GRP":"3. Upper middle income","FIPS_10":"MV","ISO_A2":"MV","ISO_A2_EH":"MV","ISO_A3":"MDV","ISO_A3_EH":"MDV","ISO_N3":"462","ISO_N3_EH":"462","UN_A3":"462","WB_A2":"MV","WB_A3":"MDV","WOE_ID":23424899,"WOE_ID_EH":23424899,"WOE_NOTE":"Exact WOE match as country","ADM0_ISO":"MDV","ADM0_DIFF":null,"ADM0_TLC":"MDV","ADM0_A3_US":"MDV","ADM0_A3_FR":"MDV","ADM0_A3_RU":"MDV","ADM0_A3_ES":"MDV","ADM0_A3_CN":"MDV","ADM0_A3_TW":"MDV","ADM0_A3_IN":"MDV","ADM0_A3_NP":"MDV","ADM0_A3_PK":"MDV","ADM0_A3_DE":"MDV","ADM0_A3_GB":"MDV","ADM0_A3_BR":"MDV","ADM0_A3_IL":"MDV","ADM0_A3_PS":"MDV","ADM0_A3_SA":"MDV","ADM0_A3_EG":"MDV","ADM0_A3_MA":"MDV","ADM0_A3_PT":"MDV","ADM0_A3_AR":"MDV","ADM0_A3_JP":"MDV","ADM0_A3_KO":"MDV","ADM0_A3_VN":"MDV","ADM0_A3_TR":"MDV","ADM0_A3_ID":"MDV","ADM0_A3_PL":"MDV","ADM0_A3_GR":"MDV","ADM0_A3_IT":"MDV","ADM0_A3_NL":"MDV","ADM0_A3_SE":"MDV","ADM0_A3_BD":"MDV","ADM0_A3_UA":"MDV","ADM0_A3_UN":-99,"ADM0_A3_WB":-99,"CONTINENT":"Seven seas (open ocean)","REGION_UN":"Asia","SUBREGION":"Southern Asia","REGION_WB":"South Asia","NAME_LEN":8,"LONG_LEN":8,"ABBREV_LEN":5,"TINY":2,"HOMEPART":1,"MIN_ZOOM":0,"MIN_LABEL":4,"MAX_LABEL":9,"LABEL_X":73.507554,"LABEL_Y":4.174441,"NE_ID":1159321053,"WIKIDATAID":"Q826","NAME_AR":"المالديف","NAME_BN":"মালদ্বীপ","NAME_DE":"Malediven","NAME_EN":"Maldives","NAME_ES":"Maldivas","NAME_FA":"مالدیو","NAME_FR":"Maldives","NAME_EL":"Μαλδίβες","NAME_HE":"האיים המלדיביים","NAME_HI":"मालदीव","NAME_HU":"Maldív-szigetek","NAME_ID":"Maladewa","NAME_IT":"Maldive","NAME_JA":"モルディブ","NAME_KO":"몰디브","NAME_NL":"Maldiven","NAME_PL":"Malediwy","NAME_PT":"Maldivas","NAME_RU":"Мальдивы","NAME_SV":"Maldiverna","NAME_TR":"Maldivler","NAME_UK":"Мальдіви","NAME_UR":"مالدیپ","NAME_VI":"Maldives","NAME_ZH":"马尔代夫","NAME_ZHT":"馬爾地夫","FCLASS_ISO":"Admin-0 country","TLC_DIFF":null,"FCLASS_TLC":"Admin-0 country","FCLASS_US":null,"FCLASS_FR":null,"FCLASS_RU":null,"FCLASS_ES":null,"FCLASS_CN":null,"FCLASS_TW":null,"FCLASS_IN":null,"FCLASS_NP":null,"FCLASS_PK":null,"FCLASS_DE":null,"FCLASS_GB":null,"FCLASS_BR":null,"FCLASS_IL":null,"FCLASS_PS":null,"FCLASS_SA":null,"FCLASS_EG":null,"FCLASS_MA":null,"FCLASS_PT":null,"FCLASS_AR":null,"FCLASS_JP":null,"FCLASS_KO":null,"FCLASS_VN":null,"FCLASS_TR":null,"FCLASS_ID":null,"FCLASS_PL":null,"FCLASS_GR":null,"FCLASS_IT":null,"FCLASS_NL":null,"FCLASS_SE":null,"FCLASS_BD":null,"FCLASS_UA":null},"geometry":{"type":"MultiPolygon","coordinates":[[],[]]}},{"type":"Feature","bbox":[99.646289,0.861963,119.266309,7.35166],"properties":{"featurecla":"Admin-0 country","scalerank":1,"LABELRANK":3,"SOVEREIGNT":"Malaysia","SOV_A3":"MYS","ADM0_DIF":0,"LEVEL":2,"TYPE":"Sovereign country","TLC":"1","ADMIN":"Malaysia","ADM0_A3":"MYS","GEOU_DIF":0,"GEOUNIT":"Malaysia","GU_A3":"MYS","SU_DIF":0,"SUBUNIT":"Malaysia","SU_A3":"MYS","BRK_DIFF":0,"NAME":"Malaysia","NAME_LONG":"Malaysia","BRK_A3":"MYS","BRK_NAME":"Malaysia","BRK_GROUP":null,"ABBREV":"Malay.","POSTAL":"MY","FORMAL_EN":"Malaysia","FORMAL_FR":null,"NAME_CIAWF":"Malaysia","NOTE_ADM0":null,"NOTE_BRK":null,"NAME_SORT":"Malaysia","NAME_ALT":null,"MAPCOLOR7":2,"MAPCOLOR8":4,"MAPCOLOR9":3,"MAPCOLOR13":6,"POP_EST":31949777,"POP_RANK":15,"POP_YEAR":2019,"GDP_MD":364681,"GDP_YEAR":2019,"ECONOMY":"6. Developing region","INCOME_GRP":"3. Upper middle income","FIPS_10":"MY","ISO_A2":"MY","ISO_A2_EH":"MY","ISO_A3":"MYS","ISO_A3_EH":"MYS","ISO_N3":"458","ISO_N3_EH":"458","UN_A3":"458","WB_A2":"MY","WB_A3":"MYS","WOE_ID":23424901,"WOE_ID_EH":23424901,"WOE_NOTE":"Exact WOE match as country","ADM0_ISO":"MYS","ADM0_DIFF":null,"ADM0_TLC":"MYS","ADM0_A3_US":"MYS","ADM0_A3_FR":"MYS","ADM0_A3_RU":"MYS","ADM0_A3_ES":"MYS","ADM0_A3_CN":"MYS","ADM0_A3_TW":"MYS","ADM0_A3_IN":"MYS","ADM0_A3_NP":"MYS","ADM0_A3_PK":"MYS","ADM0_A3_DE":"MYS","ADM0_A3_GB":"MYS","ADM0_A3_BR":"MYS","ADM0_A3_IL":"MYS","ADM0_A3_PS":"MYS","ADM0_A3_SA":"MYS","ADM0_A3_EG":"MYS","ADM0_A3_MA":"MYS","ADM0_A3_PT":"MYS","ADM0_A3_AR":"MYS","ADM0_A3_JP":"MYS","ADM0_A3_KO":"MYS","ADM0_A3_VN":"MYS","ADM0_A3_TR":"MYS","ADM0_A3_ID":"MYS","ADM0_A3_PL":"MYS","ADM0_A3_GR":"MYS","ADM0_A3_IT":"MYS","ADM0_A3_NL":"MYS","ADM0_A3_SE":"MYS","ADM0_A3_BD":"MYS","ADM0_A3_UA":"MYS","ADM0_A3_UN":-99,"ADM0_A3_WB":-99,"CONTINENT":"Asia","REGION_UN":"Asia","SUBREGION":"South-Eastern Asia","REGION_WB":"East Asia & Pacific","NAME_LEN":8,"LONG_LEN":8,"ABBREV_LEN":6,"TINY":-99,"HOMEPART":1,"MIN_ZOOM":0,"MIN_LABEL":3,"MAX_LABEL":8,"LABEL_X":113.83708,"LABEL_Y":2.528667,"NE_ID":1159321083,"WIKIDATAID":"Q833","NAME_AR":"ماليزيا","NAME_BN":"মালয়েশিয়া","NAME_DE":"Malaysia","NAME_EN":"Malaysia","NAME_ES":"Malasia","NAME_FA":"مالزی","NAME_FR":"Malaisie","NAME_EL":"Μαλαισία","NAME_HE":"מלזיה","NAME_HI":"मलेशिया","NAME_HU":"Malajzia","NAME_ID":"Malaysia","NAME_IT":"Malaysia","NAME_JA":"マレーシア","NAME_KO":"말레이시아","NAME_NL":"Maleisië","NAME_PL":"Malezja","NAME_PT":"Malásia","NAME_RU":"Малайзия","NAME_SV":"Malaysia","NAME_TR":"Malezya","NAME_UK":"Малайзія","NAME_UR":"ملائیشیا","NAME_VI":"Malaysia","NAME_ZH":"马来西亚","NAME_ZHT":"馬來西亞","FCLASS_ISO":"Admin-0 country","TLC_DIFF":null,"FCLASS_TLC":"Admin-0 country","FCLASS_US":null,"FCLASS_FR":null,"FCLASS_RU":null,"FCLASS_ES":null,"FCLASS_CN":null,"FCLASS_TW":null,"FCLASS_IN":null,"FCLASS_NP":null,"FCLASS_PK":null,"FCLASS_DE":null,"FCLASS_GB":null,"FCLASS_BR":null,"FCLASS_IL":null,"FCLASS_PS":null,"FCLASS_SA":null,"FCLASS_EG":null,"FCLASS_MA":null,"FCLASS_PT":null,"FCLASS_AR":null,"FCLASS_JP":null,"FCLASS_KO":null,"FCLASS_VN":null,"FCLASS_TR":null,"FCLASS_ID":null,"FCLASS_PL":null,"FCLASS_GR":null,"FCLASS_IT":null,"FCLASS_NL":null,"FCLASS_SE":null,"FCLASS_BD":null,"FCLASS_UA":null},"geometry":{"type":"MultiPolygon","coordinates":[[],[],[],[],[],[],[],[],[]]}},{"type":"Feature","bbox":[32.67041,-17.131055,35.892773,-9.39502],"properties":{"featurecla":"Admin-0 country","scalerank":5,"LABELRANK":6,"SOVEREIGNT":"Malawi","SOV_A3":"MWI","ADM0_DIF":0,"LEVEL":2,"TYPE":"Sovereign country","TLC":"1","ADMIN":"Malawi","ADM0_A3":"MWI","GEOU_DIF":0,"GEOUNIT":"Malawi","GU_A3":"MWI","SU_DIF":0,"SUBUNIT":"Malawi","SU_A3":"MWI","BRK_DIFF":0,"NAME":"Malawi","NAME_LONG":"Malawi","BRK_A3":"MWI","BRK_NAME":"Malawi","BRK_GROUP":null,"ABBREV":"Mal.","POSTAL":"MW","FORMAL_EN":"Republic of Malawi","FORMAL_FR":null,"NAME_CIAWF":"Malawi","NOTE_ADM0":null,"NOTE_BRK":null,"NAME_SORT":"Malawi","NAME_ALT":null,"MAPCOLOR7":1,"MAPCOLOR8":3,"MAPCOLOR9":4,"MAPCOLOR13":5,"POP_EST":18628747,"POP_RANK":14,"POP_YEAR":2019,"GDP_MD":7666,"GDP_YEAR":2019,"ECONOMY":"7. Least developed region","INCOME_GRP":"5. Low income","FIPS_10":"MI","ISO_A2":"MW","ISO_A2_EH":"MW","ISO_A3":"MWI","ISO_A3_EH":"MWI","ISO_N3":"454","ISO_N3_EH":"454","UN_A3":"454","WB_A2":"MW","WB_A3":"MWI","WOE_ID":23424889,"WOE_ID_EH":23424889,"WOE_NOTE":"Exact WOE match as country","ADM0_ISO":"MWI","ADM0_DIFF":null,"ADM0_TLC":"MWI","ADM0_A3_US":"MWI","ADM0_A3_FR":"MWI","ADM0_A3_RU":"MWI","ADM0_A3_ES":"MWI","ADM0_A3_CN":"MWI","ADM0_A3_TW":"MWI","ADM0_A3_IN":"MWI","ADM0_A3_NP":"MWI","ADM0_A3_PK":"MWI","ADM0_A3_DE":"MWI","ADM0_A3_GB":"MWI","ADM0_A3_BR":"MWI","ADM0_A3_IL":"MWI","ADM0_A3_PS":"MWI","ADM0_A3_SA":"MWI","ADM0_A3_EG":"MWI","ADM0_A3_MA":"MWI","ADM0_A3_PT":"MWI","ADM0_A3_AR":"MWI","ADM0_A3_JP":"MWI","ADM0_A3_KO":"MWI","ADM0_A3_VN":"MWI","ADM0_A3_TR":"MWI","ADM0_A3_ID":"MWI","ADM0_A3_PL":"MWI","ADM0_A3_GR":"MWI","ADM0_A3_IT":"MWI","ADM0_A3_NL":"MWI","ADM0_A3_SE":"MWI","ADM0_A3_BD":"MWI","ADM0_A3_UA":"MWI","ADM0_A3_UN":-99,"ADM0_A3_WB":-99,"CONTINENT":"Africa","REGION_UN":"Africa","SUBREGION":"Eastern Africa","REGION_WB":"Sub-Saharan Africa","NAME_LEN":6,"LONG_LEN":6,"ABBREV_LEN":4,"TINY":-99,"HOMEPART":1,"MIN_ZOOM":0,"MIN_LABEL":4,"MAX_LABEL":9,"LABEL_X":33.608082,"LABEL_Y":-13.386737,"NE_ID":1159321081,"WIKIDATAID":"Q1020","NAME_AR":"مالاوي","NAME_BN":"মালাউই","NAME_DE":"Malawi","NAME_EN":"Malawi","NAME_ES":"Malaui","NAME_FA":"مالاوی","NAME_FR":"Malawi","NAME_EL":"Μαλάουι","NAME_HE":"מלאווי","NAME_HI":"मलावी","NAME_HU":"Malawi","NAME_ID":"Malawi","NAME_IT":"Malawi","NAME_JA":"マラウイ","NAME_KO":"말라위","NAME_NL":"Malawi","NAME_PL":"Malawi","NAME_PT":"Malawi","NAME_RU":"Малави","NAME_SV":"Malawi","NAME_TR":"Malavi","NAME_UK":"Малаві","NAME_UR":"ملاوی","NAME_VI":"Malawi","NAME_ZH":"马拉维","NAME_ZHT":"馬拉威","FCLASS_ISO":"Admin-0 country","TLC_DIFF":null,"FCLASS_TLC":"Admin-0 country","FCLASS_US":null,"FCLASS_FR":null,"FCLASS_RU":null,"FCLASS_ES":null,"FCLASS_CN":null,"FCLASS_TW":null,"FCLASS_IN":null,"FCLASS_NP":null,"FCLASS_PK":null,"FCLASS_DE":null,"FCLASS_GB":null,"FCLASS_BR":null,"FCLASS_IL":null,"FCLASS_PS":null,"FCLASS_SA":null,"FCLASS_EG":null,"FCLASS_MA":null,"FCLASS_PT":null,"FCLASS_AR":null,"FCLASS_JP":null,"FCLASS_KO":null,"FCLASS_VN":null,"FCLASS_TR":null,"FCLASS_ID":null,"FCLASS_PL":null,"FCLASS_GR":null,"FCLASS_IT":null,"FCLASS_NL":null,"FCLASS_SE":null,"FCLASS_BD":null,"FCLASS_UA":null},"geometry":{"type":"MultiPolygon","coordinates":[[],[],[]]}},{"type":"Feature","bbox":[43.257129,-25.570508,50.482715,-12.07959],"properties":{"featurecla":"Admin-0 country","scalerank":1,"LABELRANK":3,"SOVEREIGNT":"Madagascar","SOV_A3":"MDG","ADM0_DIF":0,"LEVEL":2,"TYPE":"Sovereign country","TLC":"1","ADMIN":"Madagascar","ADM0_A3":"MDG","GEOU_DIF":0,"GEOUNIT":"Madagascar","GU_A3":"MDG","SU_DIF":0,"SUBUNIT":"Madagascar","SU_A3":"MDG","BRK_DIFF":0,"NAME":"Madagascar","NAME_LONG":"Madagascar","BRK_A3":"MDG","BRK_NAME":"Madagascar","BRK_GROUP":null,"ABBREV":"Mad.","POSTAL":"MG","FORMAL_EN":"Republic of Madagascar","FORMAL_FR":null,"NAME_CIAWF":"Madagascar","NOTE_ADM0":null,"NOTE_BRK":null,"NAME_SORT":"Madagascar","NAME_ALT":null,"MAPCOLOR7":6,"MAPCOLOR8":5,"MAPCOLOR9":2,"MAPCOLOR13":3,"POP_EST":26969307,"POP_RANK":15,"POP_YEAR":2019,"GDP_MD":14114,"GDP_YEAR":2019,"ECONOMY":"7. Least developed region","INCOME_GRP":"5. Low income","FIPS_10":"MA","ISO_A2":"MG","ISO_A2_EH":"MG","ISO_A3":"MDG","ISO_A3_EH":"MDG","ISO_N3":"450","ISO_N3_EH":"450","UN_A3":"450","WB_A2":"MG","WB_A3":"MDG","WOE_ID":23424883,"WOE_ID_EH":23424883,"WOE_NOTE":"Exact WOE match as country","ADM0_ISO":"MDG","ADM0_DIFF":null,"ADM0_TLC":"MDG","ADM0_A3_US":"MDG","ADM0_A3_FR":"MDG","ADM0_A3_RU":"MDG","ADM0_A3_ES":"MDG","ADM0_A3_CN":"MDG","ADM0_A3_TW":"MDG","ADM0_A3_IN":"MDG","ADM0_A3_NP":"MDG","ADM0_A3_PK":"MDG","ADM0_A3_DE":"MDG","ADM0_A3_GB":"MDG","ADM0_A3_BR":"MDG","ADM0_A3_IL":"MDG","ADM0_A3_PS":"MDG","ADM0_A3_SA":"MDG","ADM0_A3_EG":"MDG","ADM0_A3_MA":"MDG","ADM0_A3_PT":"MDG","ADM0_A3_AR":"MDG","ADM0_A3_JP":"MDG","ADM0_A3_KO":"MDG","ADM0_A3_VN":"MDG","ADM0_A3_TR":"MDG","ADM0_A3_ID":"MDG","ADM0_A3_PL":"MDG","ADM0_A3_GR":"MDG","ADM0_A3_IT":"MDG","ADM0_A3_NL":"MDG","ADM0_A3_SE":"MDG","ADM0_A3_BD":"MDG","ADM0_A3_UA":"MDG","ADM0_A3_UN":-99,"ADM0_A3_WB":-99,"CONTINENT":"Africa","REGION_UN":"Africa","SUBREGION":"Eastern Africa","REGION_WB":"Sub-Saharan Africa","NAME_LEN":10,"LONG_LEN":10,"ABBREV_LEN":4,"TINY":-99,"HOMEPART":1,"MIN_ZOOM":0,"MIN_LABEL":2.7,"MAX_LABEL":7,"LABEL_X":46.704241,"LABEL_Y":-18.628288,"NE_ID":1159321051,"WIKIDATAID":"Q1019","NAME_AR":"مدغشقر","NAME_BN":"মাদাগাস্কার","NAME_DE":"Madagaskar","NAME_EN":"Madagascar","NAME_ES":"Madagascar","NAME_FA":"ماداگاسکار","NAME_FR":"Madagascar","NAME_EL":"Μαδαγασκάρη","NAME_HE":"מדגסקר","NAME_HI":"मेडागास्कर","NAME_HU":"Madagaszkár","NAME_ID":"Madagaskar","NAME_IT":"Madagascar","NAME_JA":"マダガスカル","NAME_KO":"마다가스카르","NAME_NL":"Madagaskar","NAME_PL":"Madagaskar","NAME_PT":"Madagáscar","NAME_RU":"Мадагаскар","NAME_SV":"Madagaskar","NAME_TR":"Madagaskar","NAME_UK":"Мадагаскар","NAME_UR":"مڈغاسکر","NAME_VI":"Madagascar","NAME_ZH":"马达加斯加","NAME_ZHT":"馬達加斯加","FCLASS_ISO":"Admin-0 country","TLC_DIFF":null,"FCLASS_TLC":"Admin-0 country","FCLASS_US":null,"FCLASS_FR":null,"FCLASS_RU":null,"FCLASS_ES":null,"FCLASS_CN":null,"FCLASS_TW":null,"FCLASS_IN":null,"FCLASS_NP":null,"FCLASS_PK":null,"FCLASS_DE":null,"FCLASS_GB":null,"FCLASS_BR":null,"FCLASS_IL":null,"FCLASS_PS":null,"FCLASS_SA":null,"FCLASS_EG":null,"FCLASS_MA":null,"FCLASS_PT":null,"FCLASS_AR":null,"FCLASS_JP":null,"FCLASS_KO":null,"FCLASS_VN":null,"FCLASS_TR":null,"FCLASS_ID":null,"FCLASS_PL":null,"FCLASS_GR":null,"FCLASS_IT":null,"FCLASS_NL":null,"FCLASS_SE":null,"FCLASS_BD":null,"FCLASS_UA":null},"geometry":{"type":"MultiPolygon","coordinates":[[],[],[]]}},{"type":"Feature","bbox":[20.448633,40.849902,23.005664,42.358154],"properties":{"featurecla":"Admin-0 country","scalerank":1,"LABELRANK":6,"SOVEREIGNT":"North Macedonia","SOV_A3":"MKD","ADM0_DIF":0,"LEVEL":2,"TYPE":"Sovereign country","TLC":"1","ADMIN":"North Macedonia","ADM0_A3":"MKD","GEOU_DIF":0,"GEOUNIT":"North Macedonia","GU_A3":"MKD","SU_DIF":0,"SUBUNIT":"North Macedonia","SU_A3":"MKD","BRK_DIFF":0,"NAME":"North Macedonia","NAME_LONG":"North Macedonia","BRK_A3":"MKD","BRK_NAME":"North Macedonia","BRK_GROUP":null,"ABBREV":"N. Mac.","POSTAL":"NM","FORMAL_EN":"Republic of North Macedonia","FORMAL_FR":null,"NAME_CIAWF":"North Macedonia","NOTE_ADM0":null,"NOTE_BRK":null,"NAME_SORT":"North Macedonia","NAME_ALT":null,"MAPCOLOR7":5,"MAPCOLOR8":3,"MAPCOLOR9":7,"MAPCOLOR13":3,"POP_EST":2083459,"POP_RANK":12,"POP_YEAR":2019,"GDP_MD":12547,"GDP_YEAR":2019,"ECONOMY":"6. Developing region","INCOME_GRP":"3. Upper middle income","FIPS_10":"MK","ISO_A2":"MK","ISO_A2_EH":"MK","ISO_A3":"MKD","ISO_A3_EH":"MKD","ISO_N3":"807","ISO_N3_EH":"807","UN_A3":"807","WB_A2":"MK","WB_A3":"MKD","WOE_ID":23424890,"WOE_ID_EH":23424890,"WOE_NOTE":"Exact WOE match as country","ADM0_ISO":"MKD","ADM0_DIFF":null,"ADM0_TLC":"MKD","ADM0_A3_US":"MKD","ADM0_A3_FR":"MKD","ADM0_A3_RU":"MKD","ADM0_A3_ES":"MKD","ADM0_A3_CN":"MKD","ADM0_A3_TW":"MKD","ADM0_A3_IN":"MKD","ADM0_A3_NP":"MKD","ADM0_A3_PK":"MKD","ADM0_A3_DE":"MKD","ADM0_A3_GB":"MKD","ADM0_A3_BR":"MKD","ADM0_A3_IL":"MKD","ADM0_A3_PS":"MKD","ADM0_A3_SA":"MKD","ADM0_A3_EG":"MKD","ADM0_A3_MA":"MKD","ADM0_A3_PT":"MKD","ADM0_A3_AR":"MKD","ADM0_A3_JP":"MKD","ADM0_A3_KO":"MKD","ADM0_A3_VN":"MKD","ADM0_A3_TR":"MKD","ADM0_A3_ID":"MKD","ADM0_A3_PL":"MKD","ADM0_A3_GR":"MKD","ADM0_A3_IT":"MKD","ADM0_A3_NL":"MKD","ADM0_A3_SE":"MKD","ADM0_A3_BD":"MKD","ADM0_A3_UA":"MKD","ADM0_A3_UN":-99,"ADM0_A3_WB":-99,"CONTINENT":"Europe","REGION_UN":"Europe","SUBREGION":"Southern Europe","REGION_WB":"Europe & Central Asia","NAME_LEN":15,"LONG_LEN":15,"ABBREV_LEN":7,"TINY":-99,"HOMEPART":1,"MIN_ZOOM":0,"MIN_LABEL":5,"MAX_LABEL":10,"LABEL_X":21.555839,"LABEL_Y":41.558223,"NE_ID":1159321061,"WIKIDATAID":"Q221","NAME_AR":"مقدونيا الشمالية","NAME_BN":"উত্তর মেসিডোনিয়া","NAME_DE":"Nordmazedonien","NAME_EN":"North Macedonia","NAME_ES":"Macedonia del Norte","NAME_FA":"مقدونیه شمالی","NAME_FR":"Macédoine du Nord","NAME_EL":"Βόρεια Μακεδονία","NAME_HE":"מקדוניה הצפונית","NAME_HI":"उत्तर मैसिडोनिया","NAME_HU":"Észak-Macedónia","NAME_ID":"Republik Makedonia Utara","NAME_IT":"Macedonia del Nord","NAME_JA":"北マケドニア","NAME_KO":"북마케도니아","NAME_NL":"Noord-Macedonië","NAME_PL":"Macedonia Północna","NAME_PT":"Macedónia do Norte","NAME_RU":"Северная Македония","NAME_SV":"Nordmakedonien","NAME_TR":"Kuzey Makedonya","NAME_UK":"Північна Македонія","NAME_UR":"شمالی مقدونیہ","NAME_VI":"Bắc Macedonia","NAME_ZH":"北马其顿","NAME_ZHT":"北馬其頓","FCLASS_ISO":"Admin-0 country","TLC_DIFF":null,"FCLASS_TLC":"Admin-0 country","FCLASS_US":null,"FCLASS_FR":null,"FCLASS_RU":null,"FCLASS_ES":null,"FCLASS_CN":null,"FCLASS_TW":null,"FCLASS_IN":null,"FCLASS_NP":null,"FCLASS_PK":null,"FCLASS_DE":null,"FCLASS_GB":null,"FCLASS_BR":null,"FCLASS_IL":null,"FCLASS_PS":null,"FCLASS_SA":null,"FCLASS_EG":null,"FCLASS_MA":null,"FCLASS_PT":null,"FCLASS_AR":null,"FCLASS_JP":null,"FCLASS_KO":null,"FCLASS_VN":null,"FCLASS_TR":null,"FCLASS_ID":null,"FCLASS_PL":null,"FCLASS_GR":null,"FCLASS_IT":null,"FCLASS_NL":null,"FCLASS_SE":null,"FCLASS_BD":null,"FCLASS_UA":null},"geometry":{"type":"Polygon","coordinates":[[[21.5625,42.24751],[21.618262,42.242139],[21.739258,42.267725],[21.814648,42.303125],[21.853027,42.308398],[21.904102,42.32207],[21.977539,42.320068],[22.052051,42.304639],[22.14668,42.325],[22.239746,42.358154],[22.277051,42.349854],[22.317383,42.321729],[22.344043,42.313965],[22.498242,42.165088],[22.582715,42.104834],[22.682324,42.059131],[22.796094,42.025684],[22.836816,41.993604],[22.90918,41.835205],[22.943945,41.775098],[22.991992,41.757178],[23.003613,41.739844],[23.005664,41.716943],[22.951465,41.605615],[22.929688,41.356104],[22.916016,41.336279],[22.859277,41.337354],[22.783887,41.331982],[22.755078,41.312744],[22.724805,41.178516],[22.603613,41.140186],[22.493555,41.118506],[22.400781,41.123389],[22.237695,41.155176],[22.184473,41.158643],[22.138867,41.140527],[21.993359,41.130957],[21.929492,41.107422],[21.779492,40.950439],[21.627539,40.896338],[21.575781,40.868945],[21.459668,40.903613],[21.404102,40.907178],[21.32373,40.867139],[21.147559,40.863135],[21.1,40.856152],[20.964258,40.849902],[20.958594,40.871533],[20.933496,40.903125],[20.870215,40.91792],[20.74082,40.905273],[20.709277,40.928369],[20.656055,41.06167],[20.614453,41.083057],[20.567871,41.127832],[20.488965,41.272607],[20.487012,41.336084],[20.492383,41.391406],[20.448633,41.521289],[20.475586,41.554102],[20.516211,41.574756],[20.516602,41.627051],[20.505176,41.706494],[20.553125,41.862354],[20.566211,41.873682],[20.578516,41.866211],[20.694922,41.853809],[20.725,41.873535],[20.744141,41.904297],[20.750391,42.018359],[20.778125,42.071045],[21.059766,42.171289],[21.14248,42.175],[21.206055,42.128955],[21.256348,42.099512],[21.286621,42.100391],[21.297559,42.130078],[21.331738,42.187158],[21.389551,42.219824],[21.56084,42.247656],[21.5625,42.24751]]]}},{"type":"Feature","bbox":[20.899805,53.892969,26.775684,56.411182],"properties":{"featurecla":"Admin-0 country","scalerank":3,"LABELRANK":5,"SOVEREIGNT":"Lithuania","SOV_A3":"LTU","ADM0_DIF":0,"LEVEL":2,"TYPE":"Sovereign country","TLC":"1","ADMIN":"Lithuania","ADM0_A3":"LTU","GEOU_DIF":0,"GEOUNIT":"Lithuania","GU_A3":"LTU","SU_DIF":0,"SUBUNIT":"Lithuania","SU_A3":"LTU","BRK_DIFF":0,"NAME":"Lithuania","NAME_LONG":"Lithuania","BRK_A3":"LTU","BRK_NAME":"Lithuania","BRK_GROUP":null,"ABBREV":"Lith.","POSTAL":"LT","FORMAL_EN":"Republic of Lithuania","FORMAL_FR":null,"NAME_CIAWF":"Lithuania","NOTE_ADM0":null,"NOTE_BRK":null,"NAME_SORT":"Lithuania","NAME_ALT":null,"MAPCOLOR7":6,"MAPCOLOR8":3,"MAPCOLOR9":3,"MAPCOLOR13":9,"POP_EST":2786844,"POP_RANK":12,"POP_YEAR":2019,"GDP_MD":54627,"GDP_YEAR":2019,"ECONOMY":"2. Developed region: nonG7","INCOME_GRP":"3. Upper middle income","FIPS_10":"LH","ISO_A2":"LT","ISO_A2_EH":"LT","ISO_A3":"LTU","ISO_A3_EH":"LTU","ISO_N3":"440","ISO_N3_EH":"440","UN_A3":"440","WB_A2":"LT","WB_A3":"LTU","WOE_ID":23424875,"WOE_ID_EH":23424875,"WOE_NOTE":"Exact WOE match as country","ADM0_ISO":"LTU","ADM0_DIFF":null,"ADM0_TLC":"LTU","ADM0_A3_US":"LTU","ADM0_A3_FR":"LTU","ADM0_A3_RU":"LTU","ADM0_A3_ES":"LTU","ADM0_A3_CN":"LTU","ADM0_A3_TW":"LTU","ADM0_A3_IN":"LTU","ADM0_A3_NP":"LTU","ADM0_A3_PK":"LTU","ADM0_A3_DE":"LTU","ADM0_A3_GB":"LTU","ADM0_A3_BR":"LTU","ADM0_A3_IL":"LTU","ADM0_A3_PS":"LTU","ADM0_A3_SA":"LTU","ADM0_A3_EG":"LTU","ADM0_A3_MA":"LTU","ADM0_A3_PT":"LTU","ADM0_A3_AR":"LTU","ADM0_A3_JP":"LTU","ADM0_A3_KO":"LTU","ADM0_A3_VN":"LTU","ADM0_A3_TR":"LTU","ADM0_A3_ID":"LTU","ADM0_A3_PL":"LTU","ADM0_A3_GR":"LTU","ADM0_A3_IT":"LTU","ADM0_A3_NL":"LTU","ADM0_A3_SE":"LTU","ADM0_A3_BD":"LTU","ADM0_A3_UA":"LTU","ADM0_A3_UN":-99,"ADM0_A3_WB":-99,"CONTINENT":"Europe","REGION_UN":"Europe","SUBREGION":"Northern Europe","REGION_WB":"Europe & Central Asia","NAME_LEN":9,"LONG_LEN":9,"ABBREV_LEN":5,"TINY":-99,"HOMEPART":1,"MIN_ZOOM":0,"MIN_LABEL":4,"MAX_LABEL":9,"LABEL_X":24.089932,"LABEL_Y":55.103703,"NE_ID":1159321029,"WIKIDATAID":"Q37","NAME_AR":"ليتوانيا","NAME_BN":"লিথুয়ানিয়া","NAME_DE":"Litauen","NAME_EN":"Lithuania","NAME_ES":"Lituania","NAME_FA":"لیتوانی","NAME_FR":"Lituanie","NAME_EL":"Λιθουανία","NAME_HE":"ליטא","NAME_HI":"लिथुआनिया","NAME_HU":"Litvánia","NAME_ID":"Lituania","NAME_IT":"Lituania","NAME_JA":"リトアニア","NAME_KO":"리투아니아","NAME_NL":"Litouwen","NAME_PL":"Litwa","NAME_PT":"Lituânia","NAME_RU":"Литва","NAME_SV":"Litauen","NAME_TR":"Litvanya","NAME_UK":"Литва","NAME_UR":"لتھووینیا","NAME_VI":"Litva","NAME_ZH":"立陶宛","NAME_ZHT":"立陶宛","FCLASS_ISO":"Admin-0 country","TLC_DIFF":null,"FCLASS_TLC":"Admin-0 country","FCLASS_US":null,"FCLASS_FR":null,"FCLASS_RU":null,"FCLASS_ES":null,"FCLASS_CN":null,"FCLASS_TW":null,"FCLASS_IN":null,"FCLASS_NP":null,"FCLASS_PK":null,"FCLASS_DE":null,"FCLASS_GB":null,"FCLASS_BR":null,"FCLASS_IL":null,"FCLASS_PS":null,"FCLASS_SA":null,"FCLASS_EG":null,"FCLASS_MA":null,"FCLASS_PT":null,"FCLASS_AR":null,"FCLASS_JP":null,"FCLASS_KO":null,"FCLASS_VN":null,"FCLASS_TR":null,"FCLASS_ID":null,"FCLASS_PL":null,"FCLASS_GR":null,"FCLASS_IT":null,"FCLASS_NL":null,"FCLASS_SE":null,"FCLASS_BD":null,"FCLASS_UA":null},"geometry":{"type":"MultiPolygon","coordinates":[[],[]]}},{"type":"Feature","bbox":[9.479492,47.057373,9.610547,47.270752],"properties":{"featurecla":"Admin-0 country","scalerank":1,"LABELRANK":6,"SOVEREIGNT":"Liechtenstein","SOV_A3":"LIE","ADM0_DIF":0,"LEVEL":2,"TYPE":"Sovereign country","TLC":"1","ADMIN":"Liechtenstein","ADM0_A3":"LIE","GEOU_DIF":0,"GEOUNIT":"Liechtenstein","GU_A3":"LIE","SU_DIF":0,"SUBUNIT":"Liechtenstein","SU_A3":"LIE","BRK_DIFF":0,"NAME":"Liechtenstein","NAME_LONG":"Liechtenstein","BRK_A3":"LIE","BRK_NAME":"Liechtenstein","BRK_GROUP":null,"ABBREV":"Liech.","POSTAL":"FL","FORMAL_EN":"Principality of Liechtenstein","FORMAL_FR":null,"NAME_CIAWF":"Liechtenstein","NOTE_ADM0":null,"NOTE_BRK":null,"NAME_SORT":"Liechtenstein","NAME_ALT":null,"MAPCOLOR7":2,"MAPCOLOR8":4,"MAPCOLOR9":2,"MAPCOLOR13":9,"POP_EST":38019,"POP_RANK":7,"POP_YEAR":2019,"GDP_MD":6876,"GDP_YEAR":2018,"ECONOMY":"2. Developed region: nonG7","INCOME_GRP":"2. High income: nonOECD","FIPS_10":"LS","ISO_A2":"LI","ISO_A2_EH":"LI","ISO_A3":"LIE","ISO_A3_EH":"LIE","ISO_N3":"438","ISO_N3_EH":"438","UN_A3":"438","WB_A2":"LI","WB_A3":"LIE","WOE_ID":23424879,"WOE_ID_EH":23424879,"WOE_NOTE":"Exact WOE match as country","ADM0_ISO":"LIE","ADM0_DIFF":null,"ADM0_TLC":"LIE","ADM0_A3_US":"LIE","ADM0_A3_FR":"LIE","ADM0_A3_RU":"LIE","ADM0_A3_ES":"LIE","ADM0_A3_CN":"LIE","ADM0_A3_TW":"LIE","ADM0_A3_IN":"LIE","ADM0_A3_NP":"LIE","ADM0_A3_PK":"LIE","ADM0_A3_DE":"LIE","ADM0_A3_GB":"LIE","ADM0_A3_BR":"LIE","ADM0_A3_IL":"LIE","ADM0_A3_PS":"LIE","ADM0_A3_SA":"LIE","ADM0_A3_EG":"LIE","ADM0_A3_MA":"LIE","ADM0_A3_PT":"LIE","ADM0_A3_AR":"LIE","ADM0_A3_JP":"LIE","ADM0_A3_KO":"LIE","ADM0_A3_VN":"LIE","ADM0_A3_TR":"LIE","ADM0_A3_ID":"LIE","ADM0_A3_PL":"LIE","ADM0_A3_GR":"LIE","ADM0_A3_IT":"LIE","ADM0_A3_NL":"LIE","ADM0_A3_SE":"LIE","ADM0_A3_BD":"LIE","ADM0_A3_UA":"LIE","ADM0_A3_UN":-99,"ADM0_A3_WB":-99,"CONTINENT":"Europe","REGION_UN":"Europe","SUBREGION":"Western Europe","REGION_WB":"Europe & Central Asia","NAME_LEN":13,"LONG_LEN":13,"ABBREV_LEN":6,"TINY":6,"HOMEPART":1,"MIN_ZOOM":0,"MIN_LABEL":5,"MAX_LABEL":10,"LABEL_X":9.559439,"LABEL_Y":47.111405,"NE_ID":1159321021,"WIKIDATAID":"Q347","NAME_AR":"ليختنشتاين","NAME_BN":"লিশটেনস্টাইন","NAME_DE":"Liechtenstein","NAME_EN":"Liechtenstein","NAME_ES":"Liechtenstein","NAME_FA":"لیختناشتاین","NAME_FR":"Liechtenstein","NAME_EL":"Λίχτενσταϊν","NAME_HE":"ליכטנשטיין","NAME_HI":"लिक्टेन्स्टाइन","NAME_HU":"Liechtenstein","NAME_ID":"Liechtenstein","NAME_IT":"Liechtenstein","NAME_JA":"リヒテンシュタイン","NAME_KO":"리히텐슈타인","NAME_NL":"Liechtenstein","NAME_PL":"Liechtenstein","NAME_PT":"Liechtenstein","NAME_RU":"Лихтенштейн","NAME_SV":"Liechtenstein","NAME_TR":"Lihtenştayn","NAME_UK":"Ліхтенштейн","NAME_UR":"لیختینستائن","NAME_VI":"Liechtenstein","NAME_ZH":"列支敦士登","NAME_ZHT":"列支敦斯登","FCLASS_ISO":"Admin-0 country","TLC_DIFF":null,"FCLASS_TLC":"Admin-0 country","FCLASS_US":null,"FCLASS_FR":null,"FCLASS_RU":null,"FCLASS_ES":null,"FCLASS_CN":null,"FCLASS_TW":null,"FCLASS_IN":null,"FCLASS_NP":null,"FCLASS_PK":null,"FCLASS_DE":null,"FCLASS_GB":null,"FCLASS_BR":null,"FCLASS_IL":null,"FCLASS_PS":null,"FCLASS_SA":null,"FCLASS_EG":null,"FCLASS_MA":null,"FCLASS_PT":null,"FCLASS_AR":null,"FCLASS_JP":null,"FCLASS_KO":null,"FCLASS_VN":null,"FCLASS_TR":null,"FCLASS_ID":null,"FCLASS_PL":null,"FCLASS_GR":null,"FCLASS_IT":null,"FCLASS_NL":null,"FCLASS_SE":null,"FCLASS_BD":null,"FCLASS_UA":null},"geometry":{"type":"Polygon","coordinates":[[[9.580273,47.057373],[9.502344,47.062744],[9.487695,47.062256],[9.482352835224372,47.085215],[9.600153970957537,47.085215],[9.595703,47.07583],[9.580273,47.057373]]]}},{"type":"Feature","bbox":[9.310254,19.496631,25.150488,33.181934],"properties":{"featurecla":"Admin-0 country","scalerank":1,"LABELRANK":3,"SOVEREIGNT":"Libya","SOV_A3":"LBY","ADM0_DIF":0,"LEVEL":2,"TYPE":"Sovereign country","TLC":"1","ADMIN":"Libya","ADM0_A3":"LBY","GEOU_DIF":0,"GEOUNIT":"Libya","GU_A3":"LBY","SU_DIF":0,"SUBUNIT":"Libya","SU_A3":"LBY","BRK_DIFF":0,"NAME":"Libya","NAME_LONG":"Libya","BRK_A3":"LBY","BRK_NAME":"Libya","BRK_GROUP":null,"ABBREV":"Libya","POSTAL":"LY","FORMAL_EN":"Libya","FORMAL_FR":null,"NAME_CIAWF":"Libya","NOTE_ADM0":null,"NOTE_BRK":null,"NAME_SORT":"Libya","NAME_ALT":null,"MAPCOLOR7":1,"MAPCOLOR8":2,"MAPCOLOR9":2,"MAPCOLOR13":11,"POP_EST":6777452,"POP_RANK":13,"POP_YEAR":2019,"GDP_MD":52091,"GDP_YEAR":2019,"ECONOMY":"6. Developing region","INCOME_GRP":"3. Upper middle income","FIPS_10":"LY","ISO_A2":"LY","ISO_A2_EH":"LY","ISO_A3":"LBY","ISO_A3_EH":"LBY","ISO_N3":"434","ISO_N3_EH":"434","UN_A3":"434","WB_A2":"LY","WB_A3":"LBY","WOE_ID":23424882,"WOE_ID_EH":23424882,"WOE_NOTE":"Exact WOE match as country","ADM0_ISO":"LBY","ADM0_DIFF":null,"ADM0_TLC":"LBY","ADM0_A3_US":"LBY","ADM0_A3_FR":"LBY","ADM0_A3_RU":"LBY","ADM0_A3_ES":"LBY","ADM0_A3_CN":"LBY","ADM0_A3_TW":"LBY","ADM0_A3_IN":"LBY","ADM0_A3_NP":"LBY","ADM0_A3_PK":"LBY","ADM0_A3_DE":"LBY","ADM0_A3_GB":"LBY","ADM0_A3_BR":"LBY","ADM0_A3_IL":"LBY","ADM0_A3_PS":"LBY","ADM0_A3_SA":"LBY","ADM0_A3_EG":"LBY","ADM0_A3_MA":"LBY","ADM0_A3_PT":"LBY","ADM0_A3_AR":"LBY","ADM0_A3_JP":"LBY","ADM0_A3_KO":"LBY","ADM0_A3_VN":"LBY","ADM0_A3_TR":"LBY","ADM0_A3_ID":"LBY","ADM0_A3_PL":"LBY","ADM0_A3_GR":"LBY","ADM0_A3_IT":"LBY","ADM0_A3_NL":"LBY","ADM0_A3_SE":"LBY","ADM0_A3_BD":"LBY","ADM0_A3_UA":"LBY","ADM0_A3_UN":-99,"ADM0_A3_WB":-99,"CONTINENT":"Africa","REGION_UN":"Africa","SUBREGION":"Northern Africa","REGION_WB":"Middle East & North Africa","NAME_LEN":5,"LONG_LEN":5,"ABBREV_LEN":5,"TINY":-99,"HOMEPART":1,"MIN_ZOOM":0,"MIN_LABEL":3,"MAX_LABEL":8,"LABEL_X":18.011015,"LABEL_Y":26.638944,"NE_ID":1159321017,"WIKIDATAID":"Q1016","NAME_AR":"ليبيا","NAME_BN":"লিবিয়া","NAME_DE":"Libyen","NAME_EN":"Libya","NAME_ES":"Libia","NAME_FA":"لیبی","NAME_FR":"Libye","NAME_EL":"Λιβύη","NAME_HE":"לוב","NAME_HI":"लीबिया","NAME_HU":"Líbia","NAME_ID":"Libya","NAME_IT":"Libia","NAME_JA":"リビア","NAME_KO":"리비아","NAME_NL":"Libië","NAME_PL":"Libia","NAME_PT":"Líbia","NAME_RU":"Ливия","NAME_SV":"Libyen","NAME_TR":"Libya","NAME_UK":"Лівія","NAME_UR":"لیبیا","NAME_VI":"Libya","NAME_ZH":"利比亚","NAME_ZHT":"利比亞","FCLASS_ISO":"Admin-0 country","TLC_DIFF":null,"FCLASS_TLC":"Admin-0 country","FCLASS_US":null,"FCLASS_FR":null,"FCLASS_RU":null,"FCLASS_ES":null,"FCLASS_CN":null,"FCLASS_TW":null,"FCLASS_IN":null,"FCLASS_NP":null,"FCLASS_PK":null,"FCLASS_DE":null,"FCLASS_GB":null,"FCLASS_BR":null,"FCLASS_IL":null,"FCLASS_PS":null,"FCLASS_SA":null,"FCLASS_EG":null,"FCLASS_MA":null,"FCLASS_PT":null,"FCLASS_AR":null,"FCLASS_JP":null,"FCLASS_KO":null,"FCLASS_VN":null,"FCLASS_TR":null,"FCLASS_ID":null,"FCLASS_PL":null,"FCLASS_GR":null,"FCLASS_IT":null,"FCLASS_NL":null,"FCLASS_SE":null,"FCLASS_BD":null,"FCLASS_UA":null},"geometry":{"type":"Polygon","coordinates":[[[9.51875,30.229395],[9.637988,30.282324],[9.807422,30.342236],[9.89502,30.387305],[9.93252,30.425342],[10.059766,30.580078],[10.125977,30.665967],[10.216406,30.783203],[10.256055,30.864941],[10.257031,30.94082],[10.243359,31.032129],[10.172656,31.250977],[10.114941,31.46377],[10.159863,31.545801],[10.195996,31.585107],[10.274609,31.684961],[10.306055,31.704834],[10.475781,31.736035],[10.543652,31.802539],[10.595508,31.885742],[10.608887,31.929541],[10.683008,31.975391],[10.771582,32.021191],[10.826367,32.080664],[11.005176,32.172705],[11.168262,32.256738],[11.358008,32.345215],[11.50498,32.413672],[11.535938,32.47334],[11.533789,32.524951],[11.453906,32.642578],[11.453906,32.781689],[11.45918,32.897363],[11.467188,32.965723],[11.502441,33.155566],[11.50459,33.181934],[11.657129,33.118896],[11.813477,33.093701],[12.279883,32.858545],[12.427051,32.829102],[12.753516,32.801074],[13.138086,32.897363],[13.283496,32.914648],[13.536328,32.824268],[13.647754,32.798828],[13.835352,32.791797],[14.155664,32.709766],[14.237109,32.68125],[14.423828,32.550293],[14.513379,32.511084],[15.176563,32.391162],[15.266895,32.31167],[15.359082,32.159668],[15.363086,31.971191],[15.414062,31.834229],[15.496387,31.656787],[15.595801,31.531104],[15.705957,31.426416],[15.832227,31.360986],[16.123047,31.264453],[16.450977,31.227295],[16.781543,31.214746],[17.349219,31.081494],[17.830469,30.927588],[17.949316,30.851904],[18.19043,30.777295],[18.669824,30.415674],[18.936426,30.29043],[19.12373,30.266113],[19.291699,30.288086],[19.589844,30.41377],[19.713281,30.488379],[20.013184,30.800684],[20.111523,30.963721],[20.150977,31.078613],[20.141113,31.195508],[20.103809,31.300537],[20.02002,31.410645],[19.96123,31.556006],[19.926367,31.817529],[19.973438,31.999072],[20.030957,32.107861],[20.121484,32.21875],[20.370605,32.430762],[20.621094,32.580176],[21.062305,32.775537],[21.31875,32.777686],[21.424707,32.79917],[21.635938,32.937305],[21.721387,32.94248],[21.839453,32.908643],[22.187402,32.918262],[22.340625,32.879883],[22.523438,32.793945],[22.754102,32.740527],[22.916895,32.687158],[23.090625,32.61875],[23.129688,32.448145],[23.110449,32.397412],[23.10625,32.331445],[23.286328,32.213818],[23.797656,32.158691],[23.898438,32.127197],[24.038965,32.037012],[24.129688,32.009229],[24.479785,31.996533],[24.683887,32.015967],[24.878516,31.984277],[24.950684,31.953711],[25.025,31.88335],[25.115039,31.712305],[25.150488,31.65498],[25.112012,31.626904],[25.057227,31.567187],[25.022656,31.514014],[24.92998,31.42749],[24.852734,31.334814],[24.859961,31.19917],[24.877539,31.06123],[24.929492,30.926465],[24.973926,30.776562],[24.961426,30.678516],[24.923047,30.558008],[24.877539,30.45752],[24.726465,30.250586],[24.703223,30.201074],[24.711621,30.131543],[24.803711,29.886035],[24.81084,29.80874],[24.865918,29.570264],[24.916113,29.37627],[24.97168,29.223828],[24.980273,29.181885],[24.980273,28.957324],[24.980273,28.732764],[24.980273,28.508203],[24.980273,28.283643],[24.980273,28.059082],[24.980273,27.834521],[24.980273,27.609961],[24.980273,27.3854],[24.980273,27.16084],[24.980273,26.93623],[24.980273,26.71167],[24.980273,26.487109],[24.980273,26.262549],[24.980273,26.037988],[24.980273,25.813428],[24.980273,25.588867],[24.980273,25.364307],[24.980273,25.139746],[24.980273,24.915186],[24.980273,24.690625],[24.980273,24.466064],[24.980273,24.241504],[24.980273,24.016943],[24.980273,23.792383],[24.980273,23.567822],[24.980273,23.343213],[24.980273,23.118652],[24.980273,22.894092],[24.980273,22.669531],[24.980273,22.444971],[24.980273,22.22041],[24.980273,21.99585],[24.980078,21.497559],[24.979883,20.999219],[24.979688,20.500928],[24.979492,20.002588],[24.976367,20.000781],[24.973242,19.999023],[24.970215,19.997266],[24.966992,19.995459],[24.72041,19.995557],[24.473633,19.995703],[24.226953,19.99585],[23.980273,19.995947],[23.980273,19.871094],[23.980273,19.746289],[23.980273,19.621484],[23.980273,19.496631],[23.50127,19.733203],[23.022168,19.969775],[22.543066,20.206348],[22.064063,20.44292],[21.584961,20.679492],[21.105859,20.916113],[20.626758,21.152637],[20.147656,21.389258],[19.668555,21.62583],[19.189453,21.862402],[18.710449,22.098975],[18.231348,22.335547],[17.752246,22.572119],[17.273242,22.808691],[16.794141,23.045264],[16.315039,23.281836],[15.984082,23.445215],[15.627148,23.285742],[15.347461,23.160693],[14.979004,22.996191],[14.978906,22.996289],[14.555664,22.78252],[14.230762,22.618457],[14.215527,22.619678],[14.200684,22.62373],[13.862695,22.9021],[13.598633,23.119531],[13.48125,23.180176],[12.983594,23.29126],[12.48877,23.40166],[11.967871,23.517871],[11.873047,23.694824],[11.766992,23.892578],[11.624219,24.139697],[11.536914,24.29082],[11.507617,24.314355],[11.108203,24.434033],[10.686133,24.551367],[10.438965,24.480225],[10.395898,24.485596],[10.325781,24.530225],[10.255859,24.591016],[10.218652,24.676221],[10.119531,24.790234],[10.028125,25.051025],[10.019043,25.258545],[10.000684,25.33208],[9.781055,25.624268],[9.58125,25.890137],[9.448242,26.067139],[9.422363,26.14707],[9.437891,26.245508],[9.491406,26.33374],[9.684961,26.438232],[9.859375,26.551953],[9.883203,26.630811],[9.894434,26.847949],[9.837109,26.91582],[9.79541,27.044775],[9.752539,27.219336],[9.747559,27.330859],[9.825293,27.552979],[9.916016,27.785693],[9.858203,28.043311],[9.815625,28.560205],[9.842578,28.966992],[9.820703,29.114795],[9.805273,29.176953],[9.745898,29.368945],[9.672656,29.566992],[9.640137,29.636426],[9.546191,29.795947],[9.391016,29.993652],[9.310254,30.115234],[9.420996,30.179297],[9.51875,30.229395]]]}},{"type":"Feature","bbox":[35.108594,33.075684,36.584961,34.678711],"properties":{"featurecla":"Admin-0 country","scalerank":1,"LABELRANK":5,"SOVEREIGNT":"Lebanon","SOV_A3":"LBN","ADM0_DIF":0,"LEVEL":2,"TYPE":"Sovereign country","TLC":"1","ADMIN":"Lebanon","ADM0_A3":"LBN","GEOU_DIF":0,"GEOUNIT":"Lebanon","GU_A3":"LBN","SU_DIF":0,"SUBUNIT":"Lebanon","SU_A3":"LBN","BRK_DIFF":0,"NAME":"Lebanon","NAME_LONG":"Lebanon","BRK_A3":"LBN","BRK_NAME":"Lebanon","BRK_GROUP":null,"ABBREV":"Leb.","POSTAL":"LB","FORMAL_EN":"Lebanese Republic","FORMAL_FR":null,"NAME_CIAWF":"Lebanon","NOTE_ADM0":null,"NOTE_BRK":null,"NAME_SORT":"Lebanon","NAME_ALT":null,"MAPCOLOR7":4,"MAPCOLOR8":4,"MAPCOLOR9":4,"MAPCOLOR13":12,"POP_EST":6855713,"POP_RANK":13,"POP_YEAR":2019,"GDP_MD":51991,"GDP_YEAR":2019,"ECONOMY":"6. Developing region","INCOME_GRP":"3. Upper middle income","FIPS_10":"LE","ISO_A2":"LB","ISO_A2_EH":"LB","ISO_A3":"LBN","ISO_A3_EH":"LBN","ISO_N3":"422","ISO_N3_EH":"422","UN_A3":"422","WB_A2":"LB","WB_A3":"LBN","WOE_ID":23424873,"WOE_ID_EH":23424873,"WOE_NOTE":"Exact WOE match as country","ADM0_ISO":"LBN","ADM0_DIFF":null,"ADM0_TLC":"LBN","ADM0_A3_US":"LBN","ADM0_A3_FR":"LBN","ADM0_A3_RU":"LBN","ADM0_A3_ES":"LBN","ADM0_A3_CN":"LBN","ADM0_A3_TW":"LBN","ADM0_A3_IN":"LBN","ADM0_A3_NP":"LBN","ADM0_A3_PK":"LBN","ADM0_A3_DE":"LBN","ADM0_A3_GB":"LBN","ADM0_A3_BR":"LBN","ADM0_A3_IL":"LBN","ADM0_A3_PS":"LBN","ADM0_A3_SA":"LBN","ADM0_A3_EG":"LBN","ADM0_A3_MA":"LBN","ADM0_A3_PT":"LBN","ADM0_A3_AR":"LBN","ADM0_A3_JP":"LBN","ADM0_A3_KO":"LBN","ADM0_A3_VN":"LBN","ADM0_A3_TR":"LBN","ADM0_A3_ID":"LBN","ADM0_A3_PL":"LBN","ADM0_A3_GR":"LBN","ADM0_A3_IT":"LBN","ADM0_A3_NL":"LBN","ADM0_A3_SE":"LBN","ADM0_A3_BD":"LBN","ADM0_A3_UA":"LBN","ADM0_A3_UN":-99,"ADM0_A3_WB":-99,"CONTINENT":"Asia","REGION_UN":"Asia","SUBREGION":"Western Asia","REGION_WB":"Middle East & North Africa","NAME_LEN":7,"LONG_LEN":7,"ABBREV_LEN":4,"TINY":4,"HOMEPART":1,"MIN_ZOOM":0,"MIN_LABEL":4,"MAX_LABEL":9,"LABEL_X":35.992892,"LABEL_Y":34.133368,"NE_ID":1159321013,"WIKIDATAID":"Q822","NAME_AR":"لبنان","NAME_BN":"লেবানন","NAME_DE":"Libanon","NAME_EN":"Lebanon","NAME_ES":"Líbano","NAME_FA":"لبنان","NAME_FR":"Liban","NAME_EL":"Λίβανος","NAME_HE":"לבנון","NAME_HI":"लेबनान","NAME_HU":"Libanon","NAME_ID":"Lebanon","NAME_IT":"Libano","NAME_JA":"レバノン","NAME_KO":"레바논","NAME_NL":"Libanon","NAME_PL":"Liban","NAME_PT":"Líbano","NAME_RU":"Ливан","NAME_SV":"Libanon","NAME_TR":"Lübnan","NAME_UK":"Ліван","NAME_UR":"لبنان","NAME_VI":"Liban","NAME_ZH":"黎巴嫩","NAME_ZHT":"黎巴嫩","FCLASS_ISO":"Admin-0 country","TLC_DIFF":null,"FCLASS_TLC":"Admin-0 country","FCLASS_US":null,"FCLASS_FR":null,"FCLASS_RU":null,"FCLASS_ES":null,"FCLASS_CN":null,"FCLASS_TW":null,"FCLASS_IN":null,"FCLASS_NP":null,"FCLASS_PK":null,"FCLASS_DE":null,"FCLASS_GB":null,"FCLASS_BR":null,"FCLASS_IL":null,"FCLASS_PS":null,"FCLASS_SA":null,"FCLASS_EG":null,"FCLASS_MA":null,"FCLASS_PT":null,"FCLASS_AR":null,"FCLASS_JP":null,"FCLASS_KO":null,"FCLASS_VN":null,"FCLASS_TR":null,"FCLASS_ID":null,"FCLASS_PL":null,"FCLASS_GR":null,"FCLASS_IT":null,"FCLASS_NL":null,"FCLASS_SE":null,"FCLASS_BD":null,"FCLASS_UA":null},"geometry":{"type":"Polygon","coordinates":[[[35.97627,34.629199],[36.151074,34.628613],[36.263574,34.632861],[36.296289,34.678711],[36.383887,34.65791],[36.433008,34.613477],[36.388672,34.566895],[36.32627,34.51333],[36.329883,34.499609],[36.376465,34.495166],[36.455566,34.466162],[36.504395,34.432373],[36.584961,34.22124],[36.535156,34.134326],[36.45752,34.056836],[36.422852,34.049854],[36.354883,34.011328],[36.297852,33.958643],[36.277832,33.925293],[36.282227,33.894189],[36.362793,33.855127],[36.365039,33.839355],[36.348535,33.827051],[36.283398,33.835596],[36.199414,33.839551],[36.149805,33.839502],[36.092188,33.831592],[36.018848,33.783936],[35.986133,33.752637],[35.968457,33.732422],[35.942383,33.667578],[35.97168,33.623096],[36.02666,33.597949],[36.034473,33.585059],[36.022266,33.5625],[35.967578,33.53457],[35.926563,33.500293],[35.914746,33.465381],[35.869141,33.431738],[35.840723,33.415674],[35.7875,33.369775],[35.734473,33.332617],[35.627246,33.275049],[35.60293,33.240625],[35.579297,33.271484],[35.53252,33.250488],[35.493164,33.119482],[35.41123,33.075684],[35.308887,33.079541],[35.22334,33.091992],[35.108594,33.083691],[35.155078,33.16001],[35.203516,33.258984],[35.251367,33.392627],[35.335742,33.503467],[35.51084,33.879736],[35.611816,34.032178],[35.647852,34.248242],[35.804297,34.437402],[35.921387,34.493311],[35.97793,34.547412],[35.97627,34.629199]]]}},{"type":"Feature","bbox":[46.531445,28.533154,48.44248,30.097314],"properties":{"featurecla":"Admin-0 country","scalerank":3,"LABELRANK":6,"SOVEREIGNT":"Kuwait","SOV_A3":"KWT","ADM0_DIF":0,"LEVEL":2,"TYPE":"Sovereign country","TLC":"1","ADMIN":"Kuwait","ADM0_A3":"KWT","GEOU_DIF":0,"GEOUNIT":"Kuwait","GU_A3":"KWT","SU_DIF":0,"SUBUNIT":"Kuwait","SU_A3":"KWT","BRK_DIFF":0,"NAME":"Kuwait","NAME_LONG":"Kuwait","BRK_A3":"KWT","BRK_NAME":"Kuwait","BRK_GROUP":null,"ABBREV":"Kwt.","POSTAL":"KW","FORMAL_EN":"State of Kuwait","FORMAL_FR":null,"NAME_CIAWF":"Kuwait","NOTE_ADM0":null,"NOTE_BRK":null,"NAME_SORT":"Kuwait","NAME_ALT":null,"MAPCOLOR7":2,"MAPCOLOR8":2,"MAPCOLOR9":2,"MAPCOLOR13":2,"POP_EST":4207083,"POP_RANK":12,"POP_YEAR":2019,"GDP_MD":134628,"GDP_YEAR":2019,"ECONOMY":"6. Developing region","INCOME_GRP":"2. High income: nonOECD","FIPS_10":"KU","ISO_A2":"KW","ISO_A2_EH":"KW","ISO_A3":"KWT","ISO_A3_EH":"KWT","ISO_N3":"414","ISO_N3_EH":"414","UN_A3":"414","WB_A2":"KW","WB_A3":"KWT","WOE_ID":23424870,"WOE_ID_EH":23424870,"WOE_NOTE":"Exact WOE match as country","ADM0_ISO":"KWT","ADM0_DIFF":null,"ADM0_TLC":"KWT","ADM0_A3_US":"KWT","ADM0_A3_FR":"KWT","ADM0_A3_RU":"KWT","ADM0_A3_ES":"KWT","ADM0_A3_CN":"KWT","ADM0_A3_TW":"KWT","ADM0_A3_IN":"KWT","ADM0_A3_NP":"KWT","ADM0_A3_PK":"KWT","ADM0_A3_DE":"KWT","ADM0_A3_GB":"KWT","ADM0_A3_BR":"KWT","ADM0_A3_IL":"KWT","ADM0_A3_PS":"KWT","ADM0_A3_SA":"KWT","ADM0_A3_EG":"KWT","ADM0_A3_MA":"KWT","ADM0_A3_PT":"KWT","ADM0_A3_AR":"KWT","ADM0_A3_JP":"KWT","ADM0_A3_KO":"KWT","ADM0_A3_VN":"KWT","ADM0_A3_TR":"KWT","ADM0_A3_ID":"KWT","ADM0_A3_PL":"KWT","ADM0_A3_GR":"KWT","ADM0_A3_IT":"KWT","ADM0_A3_NL":"KWT","ADM0_A3_SE":"KWT","ADM0_A3_BD":"KWT","ADM0_A3_UA":"KWT","ADM0_A3_UN":-99,"ADM0_A3_WB":-99,"CONTINENT":"Asia","REGION_UN":"Asia","SUBREGION":"Western Asia","REGION_WB":"Middle East & North Africa","NAME_LEN":6,"LONG_LEN":6,"ABBREV_LEN":4,"TINY":-99,"HOMEPART":1,"MIN_ZOOM":0,"MIN_LABEL":5,"MAX_LABEL":10,"LABEL_X":47.313999,"LABEL_Y":29.413628,"NE_ID":1159321009,"WIKIDATAID":"Q817","NAME_AR":"الكويت","NAME_BN":"কুয়েত","NAME_DE":"Kuwait","NAME_EN":"Kuwait","NAME_ES":"Kuwait","NAME_FA":"کویت","NAME_FR":"Koweït","NAME_EL":"Κουβέιτ","NAME_HE":"כווית","NAME_HI":"कुवैत","NAME_HU":"Kuvait","NAME_ID":"Kuwait","NAME_IT":"Kuwait","NAME_JA":"クウェート","NAME_KO":"쿠웨이트","NAME_NL":"Koeweit","NAME_PL":"Kuwejt","NAME_PT":"Kuwait","NAME_RU":"Кувейт","NAME_SV":"Kuwait","NAME_TR":"Kuveyt","NAME_UK":"Кувейт","NAME_UR":"کویت","NAME_VI":"Kuwait","NAME_ZH":"科威特","NAME_ZHT":"科威特","FCLASS_ISO":"Admin-0 country","TLC_DIFF":null,"FCLASS_TLC":"Admin-0 country","FCLASS_US":null,"FCLASS_FR":null,"FCLASS_RU":null,"FCLASS_ES":null,"FCLASS_CN":null,"FCLASS_TW":null,"FCLASS_IN":null,"FCLASS_NP":null,"FCLASS_PK":null,"FCLASS_DE":null,"FCLASS_GB":null,"FCLASS_BR":null,"FCLASS_IL":null,"FCLASS_PS":null,"FCLASS_SA":null,"FCLASS_EG":null,"FCLASS_MA":null,"FCLASS_PT":null,"FCLASS_AR":null,"FCLASS_JP":null,"FCLASS_KO":null,"FCLASS_VN":null,"FCLASS_TR":null,"FCLASS_ID":null,"FCLASS_PL":null,"FCLASS_GR":null,"FCLASS_IT":null,"FCLASS_NL":null,"FCLASS_SE":null,"FCLASS_BD":null,"FCLASS_UA":null},"geometry":{"type":"MultiPolygon","coordinates":[[],[]]}},{"type":"Feature","bbox":[20.029492,41.853809,21.75293,43.261084],"properties":{"featurecla":"Admin-0 country","scalerank":1,"LABELRANK":6,"SOVEREIGNT":"Kosovo","SOV_A3":"KOS","ADM0_DIF":0,"LEVEL":2,"TYPE":"Disputed","TLC":"1","ADMIN":"Kosovo","ADM0_A3":"KOS","GEOU_DIF":0,"GEOUNIT":"Kosovo","GU_A3":"KOS","SU_DIF":0,"SUBUNIT":"Kosovo","SU_A3":"KOS","BRK_DIFF":0,"NAME":"Kosovo","NAME_LONG":"Kosovo","BRK_A3":"KOS","BRK_NAME":"Kosovo","BRK_GROUP":null,"ABBREV":"Kos.","POSTAL":"KO","FORMAL_EN":"Republic of Kosovo","FORMAL_FR":null,"NAME_CIAWF":"Kosovo","NOTE_ADM0":null,"NOTE_BRK":null,"NAME_SORT":"Kosovo","NAME_ALT":null,"MAPCOLOR7":2,"MAPCOLOR8":2,"MAPCOLOR9":3,"MAPCOLOR13":11,"POP_EST":1794248,"POP_RANK":12,"POP_YEAR":2019,"GDP_MD":7926,"GDP_YEAR":2019,"ECONOMY":"6. Developing region","INCOME_GRP":"4. Lower middle income","FIPS_10":"KV","ISO_A2":"-99","ISO_A2_EH":"XK","ISO_A3":"-99","ISO_A3_EH":"-99","ISO_N3":"-99","ISO_N3_EH":"-99","UN_A3":"-099","WB_A2":"KV","WB_A3":"KSV","WOE_ID":-90,"WOE_ID_EH":29389201,"WOE_NOTE":"Subunit of Serbia in WOE still; should include 29389201, 29389207, 29389218, 29389209 and 29389214.","ADM0_ISO":"SRB","ADM0_DIFF":"1","ADM0_TLC":"KOS","ADM0_A3_US":"KOS","ADM0_A3_FR":"KOS","ADM0_A3_RU":"SRB","ADM0_A3_ES":"SRB","ADM0_A3_CN":"SRB","ADM0_A3_TW":"KOS","ADM0_A3_IN":"SRB","ADM0_A3_NP":"SRB","ADM0_A3_PK":"KOS","ADM0_A3_DE":"KOS","ADM0_A3_GB":"SRB","ADM0_A3_BR":"KOS","ADM0_A3_IL":"KOS","ADM0_A3_PS":"SRB","ADM0_A3_SA":"KOS","ADM0_A3_EG":"KOS","ADM0_A3_MA":"SRB","ADM0_A3_PT":"KOS","ADM0_A3_AR":"SRB","ADM0_A3_JP":"KOS","ADM0_A3_KO":"KOS","ADM0_A3_VN":"SRB","ADM0_A3_TR":"KOS","ADM0_A3_ID":"SRB","ADM0_A3_PL":"KOS","ADM0_A3_GR":"SRB","ADM0_A3_IT":"KOS","ADM0_A3_NL":"KOS","ADM0_A3_SE":"KOS","ADM0_A3_BD":"KOS","ADM0_A3_UA":"SRB","ADM0_A3_UN":-99,"ADM0_A3_WB":-99,"CONTINENT":"Europe","REGION_UN":"Europe","SUBREGION":"Southern Europe","REGION_WB":"Europe & Central Asia","NAME_LEN":6,"LONG_LEN":6,"ABBREV_LEN":4,"TINY":-99,"HOMEPART":1,"MIN_ZOOM":0,"MIN_LABEL":5,"MAX_LABEL":10,"LABEL_X":20.860719,"LABEL_Y":42.593587,"NE_ID":1159321007,"WIKIDATAID":"Q1246","NAME_AR":"كوسوفو","NAME_BN":"কসোভো","NAME_DE":"Kosovo","NAME_EN":"Kosovo","NAME_ES":"Kosovo","NAME_FA":"کوزووو","NAME_FR":"Kosovo","NAME_EL":"Κοσσυφοπέδιο","NAME_HE":"קוסובו","NAME_HI":"कोसोवो गणराज्य","NAME_HU":"Koszovó","NAME_ID":"Kosovo","NAME_IT":"Kosovo","NAME_JA":"コソボ共和国","NAME_KO":"코소보","NAME_NL":"Kosovo","NAME_PL":"Kosowo","NAME_PT":"Kosovo","NAME_RU":"Республика Косово","NAME_SV":"Kosovo","NAME_TR":"Kosova","NAME_UK":"Косово","NAME_UR":"کوسووہ","NAME_VI":"Kosovo","NAME_ZH":"科索沃","NAME_ZHT":"科索沃","FCLASS_ISO":"Unrecognized","TLC_DIFF":"1","FCLASS_TLC":"Admin-0 country","FCLASS_US":"Admin-0 country","FCLASS_FR":"Admin-0 country","FCLASS_RU":"Admin-1 region","FCLASS_ES":"Unrecognized","FCLASS_CN":"Unrecognized","FCLASS_TW":"Admin-0 country","FCLASS_IN":"Admin-1 region","FCLASS_NP":"Unrecognized","FCLASS_PK":"Admin-0 country","FCLASS_DE":"Admin-0 country","FCLASS_GB":"Admin-0 country","FCLASS_BR":"Unrecognized","FCLASS_IL":"Admin-0 country","FCLASS_PS":"Unrecognized","FCLASS_SA":"Admin-0 country","FCLASS_EG":"Admin-0 country","FCLASS_MA":"Unrecognized","FCLASS_PT":"Admin-0 country","FCLASS_AR":"Unrecognized","FCLASS_JP":"Admin-0 country","FCLASS_KO":"Admin-0 country","FCLASS_VN":"Unrecognized","FCLASS_TR":"Admin-0 country","FCLASS_ID":"Unrecognized","FCLASS_PL":"Admin-0 country","FCLASS_GR":"Unrecognized","FCLASS_IT":"Admin-0 country","FCLASS_NL":"Admin-0 country","FCLASS_SE":"Admin-0 country","FCLASS_BD":"Admin-0 country","FCLASS_UA":"Unrecognized"},"geometry":{"type":"Polygon","coordinates":[[[20.344336,42.82793],[20.468848,42.85791],[20.486816,42.879053],[20.458398,42.924561],[20.475098,42.953027],[20.624023,43.03418],[20.648535,43.070947],[20.657617,43.099854],[20.637598,43.130371],[20.609668,43.178418],[20.623145,43.198633],[20.700586,43.226367],[20.763379,43.258594],[20.800586,43.261084],[20.823828,43.237939],[20.823828,43.213965],[20.844434,43.173437],[20.890723,43.15166],[20.967676,43.116016],[21.057031,43.091699],[21.127051,43.043018],[21.222656,42.956201],[21.237109,42.913232],[21.323145,42.874707],[21.403027,42.831543],[21.390625,42.751416],[21.6625,42.681494],[21.723828,42.681982],[21.75293,42.669824],[21.752148,42.651514],[21.730664,42.595459],[21.619043,42.423242],[21.609863,42.387451],[21.52998,42.35],[21.518945,42.328418],[21.541602,42.280811],[21.5625,42.24751],[21.56084,42.247656],[21.389551,42.219824],[21.331738,42.187158],[21.297559,42.130078],[21.286621,42.100391],[21.256348,42.099512],[21.206055,42.128955],[21.14248,42.175],[21.059766,42.171289],[20.778125,42.071045],[20.750391,42.018359],[20.744141,41.904297],[20.725,41.873535],[20.694922,41.853809],[20.578516,41.866211],[20.566211,41.873682],[20.581445,41.917432],[20.575391,42.013086],[20.522852,42.171484],[20.485449,42.223389],[20.408301,42.274951],[20.348242,42.308789],[20.240527,42.338965],[20.185742,42.425879],[20.103516,42.524658],[20.063965,42.547266],[20.070312,42.55708],[20.089258,42.631543],[20.065723,42.68584],[20.029492,42.732031],[20.054297,42.760059],[20.12998,42.759766],[20.192578,42.754639],[20.215137,42.798828],[20.344336,42.82793]]]}},{"type":"Feature","bbox":[-174.54082,-11.456836,174.778906,3.923535],"properties":{"featurecla":"Admin-0 country","scalerank":5,"LABELRANK":6,"SOVEREIGNT":"Kiribati","SOV_A3":"KIR","ADM0_DIF":0,"LEVEL":2,"TYPE":"Sovereign country","TLC":"1","ADMIN":"Kiribati","ADM0_A3":"KIR","GEOU_DIF":0,"GEOUNIT":"Kiribati","GU_A3":"KIR","SU_DIF":0,"SUBUNIT":"Kiribati","SU_A3":"KIR","BRK_DIFF":0,"NAME":"Kiribati","NAME_LONG":"Kiribati","BRK_A3":"KIR","BRK_NAME":"Kiribati","BRK_GROUP":null,"ABBREV":"Kir.","POSTAL":"KI","FORMAL_EN":"Republic of Kiribati","FORMAL_FR":null,"NAME_CIAWF":"Kiribati","NOTE_ADM0":null,"NOTE_BRK":null,"NAME_SORT":"Kiribati","NAME_ALT":null,"MAPCOLOR7":5,"MAPCOLOR8":7,"MAPCOLOR9":6,"MAPCOLOR13":12,"POP_EST":117606,"POP_RANK":9,"POP_YEAR":2019,"GDP_MD":194,"GDP_YEAR":2019,"ECONOMY":"7. Least developed region","INCOME_GRP":"4. Lower middle income","FIPS_10":"KR","ISO_A2":"KI","ISO_A2_EH":"KI","ISO_A3":"KIR","ISO_A3_EH":"KIR","ISO_N3":"296","ISO_N3_EH":"296","UN_A3":"296","WB_A2":"KI","WB_A3":"KIR","WOE_ID":23424867,"WOE_ID_EH":23424867,"WOE_NOTE":"Exact WOE match as country","ADM0_ISO":"KIR","ADM0_DIFF":null,"ADM0_TLC":"KIR","ADM0_A3_US":"KIR","ADM0_A3_FR":"KIR","ADM0_A3_RU":"KIR","ADM0_A3_ES":"KIR","ADM0_A3_CN":"KIR","ADM0_A3_TW":"KIR","ADM0_A3_IN":"KIR","ADM0_A3_NP":"KIR","ADM0_A3_PK":"KIR","ADM0_A3_DE":"KIR","ADM0_A3_GB":"KIR","ADM0_A3_BR":"KIR","ADM0_A3_IL":"KIR","ADM0_A3_PS":"KIR","ADM0_A3_SA":"KIR","ADM0_A3_EG":"KIR","ADM0_A3_MA":"KIR","ADM0_A3_PT":"KIR","ADM0_A3_AR":"KIR","ADM0_A3_JP":"KIR","ADM0_A3_KO":"KIR","ADM0_A3_VN":"KIR","ADM0_A3_TR":"KIR","ADM0_A3_ID":"KIR","ADM0_A3_PL":"KIR","ADM0_A3_GR":"KIR","ADM0_A3_IT":"KIR","ADM0_A3_NL":"KIR","ADM0_A3_SE":"KIR","ADM0_A3_BD":"KIR","ADM0_A3_UA":"KIR","ADM0_A3_UN":-99,"ADM0_A3_WB":-99,"CONTINENT":"Oceania","REGION_UN":"Oceania","SUBREGION":"Micronesia","REGION_WB":"East Asia & Pacific","NAME_LEN":8,"LONG_LEN":8,"ABBREV_LEN":4,"TINY":2,"HOMEPART":1,"MIN_ZOOM":0,"MIN_LABEL":5,"MAX_LABEL":10,"LABEL_X":-157.384577,"LABEL_Y":1.820437,"NE_ID":1159320981,"WIKIDATAID":"Q710","NAME_AR":"كيريباتي","NAME_BN":"কিরিবাস","NAME_DE":"Kiribati","NAME_EN":"Kiribati","NAME_ES":"Kiribati","NAME_FA":"کیریباتی","NAME_FR":"Kiribati","NAME_EL":"Κιριμπάτι","NAME_HE":"קיריבטי","NAME_HI":"किरिबाती","NAME_HU":"Kiribati","NAME_ID":"Kiribati","NAME_IT":"Kiribati","NAME_JA":"キリバス","NAME_KO":"키리바시","NAME_NL":"Kiribati","NAME_PL":"Kiribati","NAME_PT":"Kiribati","NAME_RU":"Кирибати","NAME_SV":"Kiribati","NAME_TR":"Kiribati","NAME_UK":"Кірибаті","NAME_UR":"کیریباتی","NAME_VI":"Kiribati","NAME_ZH":"基里巴斯","NAME_ZHT":"吉里巴斯","FCLASS_ISO":"Admin-0 country","TLC_DIFF":null,"FCLASS_TLC":"Admin-0 country","FCLASS_US":null,"FCLASS_FR":null,"FCLASS_RU":null,"FCLASS_ES":null,"FCLASS_CN":null,"FCLASS_TW":null,"FCLASS_IN":null,"FCLASS_NP":null,"FCLASS_PK":null,"FCLASS_DE":null,"FCLASS_GB":null,"FCLASS_BR":null,"FCLASS_IL":null,"FCLASS_PS":null,"FCLASS_SA":null,"FCLASS_EG":null,"FCLASS_MA":null,"FCLASS_PT":null,"FCLASS_AR":null,"FCLASS_JP":null,"FCLASS_KO":null,"FCLASS_VN":null,"FCLASS_TR":null,"FCLASS_ID":null,"FCLASS_PL":null,"FCLASS_GR":null,"FCLASS_IT":null,"FCLASS_NL":null,"FCLASS_SE":null,"FCLASS_BD":null,"FCLASS_UA":null},"geometry":{"type":"MultiPolygon","coordinates":[[],[],[],[],[],[],[],[],[],[],[],[],[],[],[],[],[],[],[]]}},{"type":"Feature","bbox":[33.9,-4.692383,41.883984,5.492285],"properties":{"featurecla":"Admin-0 country","scalerank":4,"LABELRANK":2,"SOVEREIGNT":"Kenya","SOV_A3":"KEN","ADM0_DIF":0,"LEVEL":2,"TYPE":"Sovereign country","TLC":"1","ADMIN":"Kenya","ADM0_A3":"KEN","GEOU_DIF":0,"GEOUNIT":"Kenya","GU_A3":"KEN","SU_DIF":0,"SUBUNIT":"Kenya","SU_A3":"KEN","BRK_DIFF":0,"NAME":"Kenya","NAME_LONG":"Kenya","BRK_A3":"KEN","BRK_NAME":"Kenya","BRK_GROUP":null,"ABBREV":"Ken.","POSTAL":"KE","FORMAL_EN":"Republic of Kenya","FORMAL_FR":null,"NAME_CIAWF":"Kenya","NOTE_ADM0":null,"NOTE_BRK":null,"NAME_SORT":"Kenya","NAME_ALT":null,"MAPCOLOR7":5,"MAPCOLOR8":2,"MAPCOLOR9":7,"MAPCOLOR13":3,"POP_EST":52573973,"POP_RANK":16,"POP_YEAR":2019,"GDP_MD":95503,"GDP_YEAR":2019,"ECONOMY":"5. Emerging region: G20","INCOME_GRP":"5. Low income","FIPS_10":"KE","ISO_A2":"KE","ISO_A2_EH":"KE","ISO_A3":"KEN","ISO_A3_EH":"KEN","ISO_N3":"404","ISO_N3_EH":"404","UN_A3":"404","WB_A2":"KE","WB_A3":"KEN","WOE_ID":23424863,"WOE_ID_EH":23424863,"WOE_NOTE":"Exact WOE match as country","ADM0_ISO":"KEN","ADM0_DIFF":null,"ADM0_TLC":"KEN","ADM0_A3_US":"KEN","ADM0_A3_FR":"KEN","ADM0_A3_RU":"KEN","ADM0_A3_ES":"KEN","ADM0_A3_CN":"KEN","ADM0_A3_TW":"KEN","ADM0_A3_IN":"KEN","ADM0_A3_NP":"KEN","ADM0_A3_PK":"KEN","ADM0_A3_DE":"KEN","ADM0_A3_GB":"KEN","ADM0_A3_BR":"KEN","ADM0_A3_IL":"KEN","ADM0_A3_PS":"KEN","ADM0_A3_SA":"KEN","ADM0_A3_EG":"KEN","ADM0_A3_MA":"KEN","ADM0_A3_PT":"KEN","ADM0_A3_AR":"KEN","ADM0_A3_JP":"KEN","ADM0_A3_KO":"KEN","ADM0_A3_VN":"KEN","ADM0_A3_TR":"KEN","ADM0_A3_ID":"KEN","ADM0_A3_PL":"KEN","ADM0_A3_GR":"KEN","ADM0_A3_IT":"KEN","ADM0_A3_NL":"KEN","ADM0_A3_SE":"KEN","ADM0_A3_BD":"KEN","ADM0_A3_UA":"KEN","ADM0_A3_UN":-99,"ADM0_A3_WB":-99,"CONTINENT":"Africa","REGION_UN":"Africa","SUBREGION":"Eastern Africa","REGION_WB":"Sub-Saharan Africa","NAME_LEN":5,"LONG_LEN":5,"ABBREV_LEN":4,"TINY":-99,"HOMEPART":1,"MIN_ZOOM":0,"MIN_LABEL":1.7,"MAX_LABEL":6.7,"LABEL_X":37.907632,"LABEL_Y":0.549043,"NE_ID":1159320971,"WIKIDATAID":"Q114","NAME_AR":"كينيا","NAME_BN":"কেনিয়া","NAME_DE":"Kenia","NAME_EN":"Kenya","NAME_ES":"Kenia","NAME_FA":"کنیا","NAME_FR":"Kenya","NAME_EL":"Κένυα","NAME_HE":"קניה","NAME_HI":"कीनिया","NAME_HU":"Kenya","NAME_ID":"Kenya","NAME_IT":"Kenya","NAME_JA":"ケニア","NAME_KO":"케냐","NAME_NL":"Kenia","NAME_PL":"Kenia","NAME_PT":"Quénia","NAME_RU":"Кения","NAME_SV":"Kenya","NAME_TR":"Kenya","NAME_UK":"Кенія","NAME_UR":"کینیا","NAME_VI":"Kenya","NAME_ZH":"肯尼亚","NAME_ZHT":"肯亞","FCLASS_ISO":"Admin-0 country","TLC_DIFF":null,"FCLASS_TLC":"Admin-0 country","FCLASS_US":null,"FCLASS_FR":null,"FCLASS_RU":null,"FCLASS_ES":null,"FCLASS_CN":null,"FCLASS_TW":null,"FCLASS_IN":null,"FCLASS_NP":null,"FCLASS_PK":null,"FCLASS_DE":null,"FCLASS_GB":null,"FCLASS_BR":null,"FCLASS_IL":null,"FCLASS_PS":null,"FCLASS_SA":null,"FCLASS_EG":null,"FCLASS_MA":null,"FCLASS_PT":null,"FCLASS_AR":null,"FCLASS_JP":null,"FCLASS_KO":null,"FCLASS_VN":null,"FCLASS_TR":null,"FCLASS_ID":null,"FCLASS_PL":null,"FCLASS_GR":null,"FCLASS_IT":null,"FCLASS_NL":null,"FCLASS_SE":null,"FCLASS_BD":null,"FCLASS_UA":null},"geometry":{"type":"MultiPolygon","coordinates":[[],[]]}},{"type":"Feature","bbox":[46.60918,40.608643,87.322852,55.3896],"properties":{"featurecla":"Admin-0 country","scalerank":5,"LABELRANK":3,"SOVEREIGNT":"Kazakhstan","SOV_A3":"KA1","ADM0_DIF":1,"LEVEL":1,"TYPE":"Sovereignty","TLC":"1","ADMIN":"Kazakhstan","ADM0_A3":"KAZ","GEOU_DIF":0,"GEOUNIT":"Kazakhstan","GU_A3":"KAZ","SU_DIF":0,"SUBUNIT":"Kazakhstan","SU_A3":"KAZ","BRK_DIFF":0,"NAME":"Kazakhstan","NAME_LONG":"Kazakhstan","BRK_A3":"KAZ","BRK_NAME":"Kazakhstan","BRK_GROUP":null,"ABBREV":"Kaz.","POSTAL":"KZ","FORMAL_EN":"Republic of Kazakhstan","FORMAL_FR":null,"NAME_CIAWF":"Kazakhstan","NOTE_ADM0":null,"NOTE_BRK":null,"NAME_SORT":"Kazakhstan","NAME_ALT":null,"MAPCOLOR7":6,"MAPCOLOR8":1,"MAPCOLOR9":6,"MAPCOLOR13":1,"POP_EST":18513930,"POP_RANK":14,"POP_YEAR":2019,"GDP_MD":181665,"GDP_YEAR":2019,"ECONOMY":"6. Developing region","INCOME_GRP":"3. Upper middle income","FIPS_10":"KZ","ISO_A2":"KZ","ISO_A2_EH":"KZ","ISO_A3":"KAZ","ISO_A3_EH":"KAZ","ISO_N3":"398","ISO_N3_EH":"398","UN_A3":"398","WB_A2":"KZ","WB_A3":"KAZ","WOE_ID":-90,"WOE_ID_EH":23424871,"WOE_NOTE":"Includes Baykonur Cosmodrome as an Admin-1 states provinces","ADM0_ISO":"KAZ","ADM0_DIFF":null,"ADM0_TLC":"KAZ","ADM0_A3_US":"KAZ","ADM0_A3_FR":"KAZ","ADM0_A3_RU":"KAZ","ADM0_A3_ES":"KAZ","ADM0_A3_CN":"KAZ","ADM0_A3_TW":"KAZ","ADM0_A3_IN":"KAZ","ADM0_A3_NP":"KAZ","ADM0_A3_PK":"KAZ","ADM0_A3_DE":"KAZ","ADM0_A3_GB":"KAZ","ADM0_A3_BR":"KAZ","ADM0_A3_IL":"KAZ","ADM0_A3_PS":"KAZ","ADM0_A3_SA":"KAZ","ADM0_A3_EG":"KAZ","ADM0_A3_MA":"KAZ","ADM0_A3_PT":"KAZ","ADM0_A3_AR":"KAZ","ADM0_A3_JP":"KAZ","ADM0_A3_KO":"KAZ","ADM0_A3_VN":"KAZ","ADM0_A3_TR":"KAZ","ADM0_A3_ID":"KAZ","ADM0_A3_PL":"KAZ","ADM0_A3_GR":"KAZ","ADM0_A3_IT":"KAZ","ADM0_A3_NL":"KAZ","ADM0_A3_SE":"KAZ","ADM0_A3_BD":"KAZ","ADM0_A3_UA":"KAZ","ADM0_A3_UN":-99,"ADM0_A3_WB":-99,"CONTINENT":"Asia","REGION_UN":"Asia","SUBREGION":"Central Asia","REGION_WB":"Europe & Central Asia","NAME_LEN":10,"LONG_LEN":10,"ABBREV_LEN":4,"TINY":-99,"HOMEPART":1,"MIN_ZOOM":0,"MIN_LABEL":2.7,"MAX_LABEL":7,"LABEL_X":68.685548,"LABEL_Y":49.054149,"NE_ID":1159320967,"WIKIDATAID":"Q232","NAME_AR":"كازاخستان","NAME_BN":"কাজাখস্তান","NAME_DE":"Kasachstan","NAME_EN":"Kazakhstan","NAME_ES":"Kazajistán","NAME_FA":"قزاقستان","NAME_FR":"Kazakhstan","NAME_EL":"Καζακστάν","NAME_HE":"קזחסטן","NAME_HI":"कज़ाख़िस्तान","NAME_HU":"Kazahsztán","NAME_ID":"Kazakhstan","NAME_IT":"Kazakistan","NAME_JA":"カザフスタン","NAME_KO":"카자흐스탄","NAME_NL":"Kazachstan","NAME_PL":"Kazachstan","NAME_PT":"Cazaquistão","NAME_RU":"Казахстан","NAME_SV":"Kazakstan","NAME_TR":"Kazakistan","NAME_UK":"Казахстан","NAME_UR":"قازقستان","NAME_VI":"Kazakhstan","NAME_ZH":"哈萨克斯坦","NAME_ZHT":"哈薩克","FCLASS_ISO":"Admin-0 country","TLC_DIFF":null,"FCLASS_TLC":"Admin-0 country","FCLASS_US":null,"FCLASS_FR":null,"FCLASS_RU":null,"FCLASS_ES":null,"FCLASS_CN":null,"FCLASS_TW":null,"FCLASS_IN":null,"FCLASS_NP":null,"FCLASS_PK":null,"FCLASS_DE":null,"FCLASS_GB":null,"FCLASS_BR":null,"FCLASS_IL":null,"FCLASS_PS":null,"FCLASS_SA":null,"FCLASS_EG":null,"FCLASS_MA":null,"FCLASS_PT":null,"FCLASS_AR":null,"FCLASS_JP":null,"FCLASS_KO":null,"FCLASS_VN":null,"FCLASS_TR":null,"FCLASS_ID":null,"FCLASS_PL":null,"FCLASS_GR":null,"FCLASS_IT":null,"FCLASS_NL":null,"FCLASS_SE":null,"FCLASS_BD":null,"FCLASS_UA":null},"geometry":{"type":"MultiPolygon","coordinates":[[],[],[],[]]}},{"type":"Feature","bbox":[34.950781,29.190479,39.292773,33.372217],"properties":{"featurecla":"Admin-0 country","scalerank":1,"LABELRANK":4,"SOVEREIGNT":"Jordan","SOV_A3":"JOR","ADM0_DIF":0,"LEVEL":2,"TYPE":"Sovereign country","TLC":"1","ADMIN":"Jordan","ADM0_A3":"JOR","GEOU_DIF":0,"GEOUNIT":"Jordan","GU_A3":"JOR","SU_DIF":0,"SUBUNIT":"Jordan","SU_A3":"JOR","BRK_DIFF":0,"NAME":"Jordan","NAME_LONG":"Jordan","BRK_A3":"JOR","BRK_NAME":"Jordan","BRK_GROUP":null,"ABBREV":"Jord.","POSTAL":"J","FORMAL_EN":"Hashemite Kingdom of Jordan","FORMAL_FR":null,"NAME_CIAWF":"Jordan","NOTE_ADM0":null,"NOTE_BRK":null,"NAME_SORT":"Jordan","NAME_ALT":null,"MAPCOLOR7":5,"MAPCOLOR8":3,"MAPCOLOR9":4,"MAPCOLOR13":4,"POP_EST":10101694,"POP_RANK":14,"POP_YEAR":2019,"GDP_MD":44502,"GDP_YEAR":2019,"ECONOMY":"6. Developing region","INCOME_GRP":"3. Upper middle income","FIPS_10":"JO","ISO_A2":"JO","ISO_A2_EH":"JO","ISO_A3":"JOR","ISO_A3_EH":"JOR","ISO_N3":"400","ISO_N3_EH":"400","UN_A3":"400","WB_A2":"JO","WB_A3":"JOR","WOE_ID":23424860,"WOE_ID_EH":23424860,"WOE_NOTE":"Exact WOE match as country","ADM0_ISO":"JOR","ADM0_DIFF":null,"ADM0_TLC":"JOR","ADM0_A3_US":"JOR","ADM0_A3_FR":"JOR","ADM0_A3_RU":"JOR","ADM0_A3_ES":"JOR","ADM0_A3_CN":"JOR","ADM0_A3_TW":"JOR","ADM0_A3_IN":"JOR","ADM0_A3_NP":"JOR","ADM0_A3_PK":"JOR","ADM0_A3_DE":"JOR","ADM0_A3_GB":"JOR","ADM0_A3_BR":"JOR","ADM0_A3_IL":"JOR","ADM0_A3_PS":"JOR","ADM0_A3_SA":"JOR","ADM0_A3_EG":"JOR","ADM0_A3_MA":"JOR","ADM0_A3_PT":"JOR","ADM0_A3_AR":"JOR","ADM0_A3_JP":"JOR","ADM0_A3_KO":"JOR","ADM0_A3_VN":"JOR","ADM0_A3_TR":"JOR","ADM0_A3_ID":"JOR","ADM0_A3_PL":"JOR","ADM0_A3_GR":"JOR","ADM0_A3_IT":"JOR","ADM0_A3_NL":"JOR","ADM0_A3_SE":"JOR","ADM0_A3_BD":"JOR","ADM0_A3_UA":"JOR","ADM0_A3_UN":-99,"ADM0_A3_WB":-99,"CONTINENT":"Asia","REGION_UN":"Asia","SUBREGION":"Western Asia","REGION_WB":"Middle East & North Africa","NAME_LEN":6,"LONG_LEN":6,"ABBREV_LEN":5,"TINY":-99,"HOMEPART":1,"MIN_ZOOM":0,"MIN_LABEL":4,"MAX_LABEL":9,"LABEL_X":36.375991,"LABEL_Y":30.805025,"NE_ID":1159320935,"WIKIDATAID":"Q810","NAME_AR":"الأردن","NAME_BN":"জর্ডান","NAME_DE":"Jordanien","NAME_EN":"Jordan","NAME_ES":"Jordania","NAME_FA":"اردن","NAME_FR":"Jordanie","NAME_EL":"Ιορδανία","NAME_HE":"ירדן","NAME_HI":"जॉर्डन","NAME_HU":"Jordánia","NAME_ID":"Yordania","NAME_IT":"Giordania","NAME_JA":"ヨルダン","NAME_KO":"요르단","NAME_NL":"Jordanië","NAME_PL":"Jordania","NAME_PT":"Jordânia","NAME_RU":"Иордания","NAME_SV":"Jordanien","NAME_TR":"Ürdün","NAME_UK":"Йорданія","NAME_UR":"اردن","NAME_VI":"Jordan","NAME_ZH":"约旦","NAME_ZHT":"約旦","FCLASS_ISO":"Admin-0 country","TLC_DIFF":null,"FCLASS_TLC":"Admin-0 country","FCLASS_US":null,"FCLASS_FR":null,"FCLASS_RU":null,"FCLASS_ES":null,"FCLASS_CN":null,"FCLASS_TW":null,"FCLASS_IN":null,"FCLASS_NP":null,"FCLASS_PK":null,"FCLASS_DE":null,"FCLASS_GB":null,"FCLASS_BR":null,"FCLASS_IL":null,"FCLASS_PS":null,"FCLASS_SA":null,"FCLASS_EG":null,"FCLASS_MA":null,"FCLASS_PT":null,"FCLASS_AR":null,"FCLASS_JP":null,"FCLASS_KO":null,"FCLASS_VN":null,"FCLASS_TR":null,"FCLASS_ID":null,"FCLASS_PL":null,"FCLASS_GR":null,"FCLASS_IT":null,"FCLASS_NL":null,"FCLASS_SE":null,"FCLASS_BD":null,"FCLASS_UA":null},"geometry":{"type":"Polygon","coordinates":[[[35.787305,32.734912],[35.894727,32.71377],[35.956445,32.666699],[36.059473,32.533789],[36.219727,32.495117],[36.284277,32.457471],[36.37207,32.386914],[36.479199,32.361328],[36.818359,32.317285],[36.899181,32.36156049619742],[36.899181,29.892031665754637],[36.755273,29.866016],[36.703906,29.831641],[36.591797,29.666113],[36.476074,29.495117],[36.282813,29.355371],[36.068457,29.200537],[36.01543,29.190479],[35.860352,29.214258],[35.595313,29.254883],[35.33916,29.294092],[35.16377,29.320947],[34.950781,29.353516],[34.982227,29.484473],[34.973438,29.555029],[35.023926,29.787061],[35.053418,29.896924],[35.068164,29.977881],[35.141602,30.141699],[35.132617,30.195312],[35.148145,30.384326],[35.140625,30.420898],[35.174023,30.523926],[35.236621,30.673486],[35.297852,30.802246],[35.320117,30.860205],[35.383008,30.982275],[35.439258,31.132422],[35.409668,31.214453],[35.400684,31.230518],[35.423535,31.324854],[35.422852,31.325391],[35.450586,31.479297],[35.46543,31.562354],[35.499414,31.672363],[35.558984,31.765527],[35.531445,31.984912],[35.534766,32.103027],[35.57207,32.237891],[35.551465,32.395508],[35.569043,32.619873],[35.572852,32.640869],[35.594531,32.668018],[35.61123,32.68208],[35.734473,32.728906],[35.787305,32.734912]]]}},{"type":"Feature","bbox":[123.679785,24.266064,145.833008,45.509521],"properties":{"featurecla":"Admin-0 country","scalerank":3,"LABELRANK":2,"SOVEREIGNT":"Japan","SOV_A3":"JPN","ADM0_DIF":0,"LEVEL":2,"TYPE":"Sovereign country","TLC":"1","ADMIN":"Japan","ADM0_A3":"JPN","GEOU_DIF":0,"GEOUNIT":"Japan","GU_A3":"JPN","SU_DIF":0,"SUBUNIT":"Japan","SU_A3":"JPN","BRK_DIFF":0,"NAME":"Japan","NAME_LONG":"Japan","BRK_A3":"JPN","BRK_NAME":"Japan","BRK_GROUP":null,"ABBREV":"Japan","POSTAL":"J","FORMAL_EN":"Japan","FORMAL_FR":null,"NAME_CIAWF":"Japan","NOTE_ADM0":null,"NOTE_BRK":null,"NAME_SORT":"Japan","NAME_ALT":null,"MAPCOLOR7":5,"MAPCOLOR8":3,"MAPCOLOR9":5,"MAPCOLOR13":4,"POP_EST":126264931,"POP_RANK":17,"POP_YEAR":2019,"GDP_MD":5081769,"GDP_YEAR":2019,"ECONOMY":"1. Developed region: G7","INCOME_GRP":"1. High income: OECD","FIPS_10":"JA","ISO_A2":"JP","ISO_A2_EH":"JP","ISO_A3":"JPN","ISO_A3_EH":"JPN","ISO_N3":"392","ISO_N3_EH":"392","UN_A3":"392","WB_A2":"JP","WB_A3":"JPN","WOE_ID":23424856,"WOE_ID_EH":23424856,"WOE_NOTE":"Exact WOE match as country","ADM0_ISO":"JPN","ADM0_DIFF":null,"ADM0_TLC":"JPN","ADM0_A3_US":"JPN","ADM0_A3_FR":"JPN","ADM0_A3_RU":"JPN","ADM0_A3_ES":"JPN","ADM0_A3_CN":"JPN","ADM0_A3_TW":"JPN","ADM0_A3_IN":"JPN","ADM0_A3_NP":"JPN","ADM0_A3_PK":"JPN","ADM0_A3_DE":"JPN","ADM0_A3_GB":"JPN","ADM0_A3_BR":"JPN","ADM0_A3_IL":"JPN","ADM0_A3_PS":"JPN","ADM0_A3_SA":"JPN","ADM0_A3_EG":"JPN","ADM0_A3_MA":"JPN","ADM0_A3_PT":"JPN","ADM0_A3_AR":"JPN","ADM0_A3_JP":"JPN","ADM0_A3_KO":"JPN","ADM0_A3_VN":"JPN","ADM0_A3_TR":"JPN","ADM0_A3_ID":"JPN","ADM0_A3_PL":"JPN","ADM0_A3_GR":"JPN","ADM0_A3_IT":"JPN","ADM0_A3_NL":"JPN","ADM0_A3_SE":"JPN","ADM0_A3_BD":"JPN","ADM0_A3_UA":"JPN","ADM0_A3_UN":-99,"ADM0_A3_WB":-99,"CONTINENT":"Asia","REGION_UN":"Asia","SUBREGION":"Eastern Asia","REGION_WB":"East Asia & Pacific","NAME_LEN":5,"LONG_LEN":5,"ABBREV_LEN":5,"TINY":-99,"HOMEPART":1,"MIN_ZOOM":0,"MIN_LABEL":1.7,"MAX_LABEL":7,"LABEL_X":138.44217,"LABEL_Y":36.142538,"NE_ID":1159320937,"WIKIDATAID":"Q17","NAME_AR":"اليابان","NAME_BN":"জাপান","NAME_DE":"Japan","NAME_EN":"Japan","NAME_ES":"Japón","NAME_FA":"ژاپن","NAME_FR":"Japon","NAME_EL":"Ιαπωνία","NAME_HE":"יפן","NAME_HI":"जापान","NAME_HU":"Japán","NAME_ID":"Jepang","NAME_IT":"Giappone","NAME_JA":"日本","NAME_KO":"일본","NAME_NL":"Japan","NAME_PL":"Japonia","NAME_PT":"Japão","NAME_RU":"Япония","NAME_SV":"Japan","NAME_TR":"Japonya","NAME_UK":"Японія","NAME_UR":"جاپان","NAME_VI":"Nhật Bản","NAME_ZH":"日本","NAME_ZHT":"日本","FCLASS_ISO":"Admin-0 country","TLC_DIFF":null,"FCLASS_TLC":"Admin-0 country","FCLASS_US":null,"FCLASS_FR":null,"FCLASS_RU":null,"FCLASS_ES":null,"FCLASS_CN":null,"FCLASS_TW":null,"FCLASS_IN":null,"FCLASS_NP":null,"FCLASS_PK":null,"FCLASS_DE":null,"FCLASS_GB":null,"FCLASS_BR":null,"FCLASS_IL":null,"FCLASS_PS":null,"FCLASS_SA":null,"FCLASS_EG":null,"FCLASS_MA":null,"FCLASS_PT":null,"FCLASS_AR":null,"FCLASS_JP":null,"FCLASS_KO":null,"FCLASS_VN":null,"FCLASS_TR":null,"FCLASS_ID":null,"FCLASS_PL":null,"FCLASS_GR":null,"FCLASS_IT":null,"FCLASS_NL":null,"FCLASS_SE":null,"FCLASS_BD":null,"FCLASS_UA":null},"geometry":{"type":"MultiPolygon","coordinates":[[],[],[],[],[],[],[],[],[],[],[],[],[],[],[],[],[],[],[],[],[],[],[],[],[],[],[],[],[],[],[],[],[],[]]}},{"type":"Feature","bbox":[6.627734,36.687842,18.48584,47.082129],"properties":{"featurecla":"Admin-0 country","scalerank":1,"LABELRANK":2,"SOVEREIGNT":"Italy","SOV_A3":"ITA","ADM0_DIF":0,"LEVEL":2,"TYPE":"Sovereign country","TLC":"1","ADMIN":"Italy","ADM0_A3":"ITA","GEOU_DIF":0,"GEOUNIT":"Italy","GU_A3":"ITA","SU_DIF":0,"SUBUNIT":"Italy","SU_A3":"ITA","BRK_DIFF":0,"NAME":"Italy","NAME_LONG":"Italy","BRK_A3":"ITA","BRK_NAME":"Italy","BRK_GROUP":null,"ABBREV":"Italy","POSTAL":"I","FORMAL_EN":"Italian Republic","FORMAL_FR":null,"NAME_CIAWF":"Italy","NOTE_ADM0":null,"NOTE_BRK":null,"NAME_SORT":"Italy","NAME_ALT":null,"MAPCOLOR7":6,"MAPCOLOR8":7,"MAPCOLOR9":8,"MAPCOLOR13":7,"POP_EST":60297396,"POP_RANK":16,"POP_YEAR":2019,"GDP_MD":2003576,"GDP_YEAR":2019,"ECONOMY":"1. Developed region: G7","INCOME_GRP":"1. High income: OECD","FIPS_10":"IT","ISO_A2":"IT","ISO_A2_EH":"IT","ISO_A3":"ITA","ISO_A3_EH":"ITA","ISO_N3":"380","ISO_N3_EH":"380","UN_A3":"380","WB_A2":"IT","WB_A3":"ITA","WOE_ID":23424853,"WOE_ID_EH":23424853,"WOE_NOTE":"Exact WOE match as country","ADM0_ISO":"ITA","ADM0_DIFF":null,"ADM0_TLC":"ITA","ADM0_A3_US":"ITA","ADM0_A3_FR":"ITA","ADM0_A3_RU":"ITA","ADM0_A3_ES":"ITA","ADM0_A3_CN":"ITA","ADM0_A3_TW":"ITA","ADM0_A3_IN":"ITA","ADM0_A3_NP":"ITA","ADM0_A3_PK":"ITA","ADM0_A3_DE":"ITA","ADM0_A3_GB":"ITA","ADM0_A3_BR":"ITA","ADM0_A3_IL":"ITA","ADM0_A3_PS":"ITA","ADM0_A3_SA":"ITA","ADM0_A3_EG":"ITA","ADM0_A3_MA":"ITA","ADM0_A3_PT":"ITA","ADM0_A3_AR":"ITA","ADM0_A3_JP":"ITA","ADM0_A3_KO":"ITA","ADM0_A3_VN":"ITA","ADM0_A3_TR":"ITA","ADM0_A3_ID":"ITA","ADM0_A3_PL":"ITA","ADM0_A3_GR":"ITA","ADM0_A3_IT":"ITA","ADM0_A3_NL":"ITA","ADM0_A3_SE":"ITA","ADM0_A3_BD":"ITA","ADM0_A3_UA":"ITA","ADM0_A3_UN":-99,"ADM0_A3_WB":-99,"CONTINENT":"Europe","REGION_UN":"Europe","SUBREGION":"Southern Europe","REGION_WB":"Europe & Central Asia","NAME_LEN":5,"LONG_LEN":5,"ABBREV_LEN":5,"TINY":-99,"HOMEPART":1,"MIN_ZOOM":0,"MIN_LABEL":2,"MAX_LABEL":7,"LABEL_X":11.076907,"LABEL_Y":44.732482,"NE_ID":1159320919,"WIKIDATAID":"Q38","NAME_AR":"إيطاليا","NAME_BN":"ইতালি","NAME_DE":"Italien","NAME_EN":"Italy","NAME_ES":"Italia","NAME_FA":"ایتالیا","NAME_FR":"Italie","NAME_EL":"Ιταλία","NAME_HE":"איטליה","NAME_HI":"इटली","NAME_HU":"Olaszország","NAME_ID":"Italia","NAME_IT":"Italia","NAME_JA":"イタリア","NAME_KO":"이탈리아","NAME_NL":"Italië","NAME_PL":"Włochy","NAME_PT":"Itália","NAME_RU":"Италия","NAME_SV":"Italien","NAME_TR":"İtalya","NAME_UK":"Італія","NAME_UR":"اطالیہ","NAME_VI":"Ý","NAME_ZH":"意大利","NAME_ZHT":"義大利","FCLASS_ISO":"Admin-0 country","TLC_DIFF":null,"FCLASS_TLC":"Admin-0 country","FCLASS_US":null,"FCLASS_FR":null,"FCLASS_RU":null,"FCLASS_ES":null,"FCLASS_CN":null,"FCLASS_TW":null,"FCLASS_IN":null,"FCLASS_NP":null,"FCLASS_PK":null,"FCLASS_DE":null,"FCLASS_GB":null,"FCLASS_BR":null,"FCLASS_IL":null,"FCLASS_PS":null,"FCLASS_SA":null,"FCLASS_EG":null,"FCLASS_MA":null,"FCLASS_PT":null,"FCLASS_AR":null,"FCLASS_JP":null,"FCLASS_KO":null,"FCLASS_VN":null,"FCLASS_TR":null,"FCLASS_ID":null,"FCLASS_PL":null,"FCLASS_GR":null,"FCLASS_IT":null,"FCLASS_NL":null,"FCLASS_SE":null,"FCLASS_BD":null,"FCLASS_UA":null},"geometry":{"type":"MultiPolygon","coordinates":[[[[7.021094,45.925781],[7.055762,45.903809],[7.129004,45.88042],[7.32793,45.912354],[7.451563,45.944434],[7.538574,45.978174],[7.592578,45.972217],[7.787891,45.921826],[7.852344,45.947461],[7.993164,46.015918],[8.014258,46.051904],[8.125195,46.160937],[8.127246,46.187598],[8.081543,46.256006],[8.095703,46.271045],[8.231934,46.341211],[8.298535,46.403418],[8.370703,46.445117],[8.422559,46.446045],[8.436816,46.431885],[8.442969,46.402783],[8.438477,46.282861],[8.458398,46.245898],[8.56543,46.159814],[8.641699,46.110791],[8.818555,46.077148],[8.826758,46.061035],[8.778027,45.996191],[8.885156,45.918701],[8.904297,45.861963],[8.953711,45.830029],[9.02373,45.845703],[9.04668,45.875586],[9.019141,45.928125],[8.998926,45.983105],[9.003027,46.014893],[9.022363,46.051465],[9.070996,46.102441],[9.203418,46.219238],[9.251074,46.286768],[9.259766,46.39126],[9.260156,46.475195],[9.304395,46.495557],[9.399316,46.480664],[9.427637,46.482324],[9.440625,46.430811],[9.481055,46.348779],[9.528711,46.306201],[9.57959,46.296094],[9.639453,46.295898],[9.787793,46.346045],[9.884473,46.367773],[9.939258,46.361816],[9.97168,46.327686],[10.041016,46.238086],[10.080566,46.227979],[10.12832,46.238232],[10.145215,46.253516],[10.129883,46.287988],[10.109668,46.362842],[10.081934,46.420752],[10.045605,46.4479],[10.038281,46.483203],[10.06123,46.546777],[10.087012,46.599902],[10.1375,46.614355],[10.195508,46.621094],[10.272266,46.564844],[10.363086,46.54707],[10.430664,46.550049],[10.44248,46.582861],[10.438281,46.618848],[10.397949,46.665039],[10.406055,46.734863],[10.452832,46.864941],[10.479395,46.855127],[10.579785,46.853711],[10.689258,46.846387],[10.759766,46.793311],[10.828906,46.775244],[10.927344,46.769482],[10.993262,46.777002],[11.025098,46.796973],[11.063477,46.859131],[11.133887,46.936182],[11.244434,46.975684],[11.433203,46.983057],[11.527539,46.997412],[11.625488,46.996582],[11.699414,46.984668],[11.775684,46.986084],[11.969531,47.039697],[12.169434,47.082129],[12.197168,47.075],[12.20127,47.060889],[12.165527,47.028174],[12.130762,46.984766],[12.154102,46.935254],[12.267969,46.835889],[12.330078,46.759814],[12.388281,46.702637],[12.479199,46.67251],[12.598633,46.654102],[12.699805,46.647461],[12.805566,46.625879],[13.16875,46.572656],[13.351562,46.55791],[13.490039,46.555566],[13.7,46.520264],[13.679688,46.462891],[13.637109,46.448535],[13.563281,46.415088],[13.478516,46.369189],[13.399512,46.317529],[13.378223,46.261621],[13.399609,46.224951],[13.420996,46.212305],[13.449805,46.223535],[13.491797,46.216602],[13.544727,46.196582],[13.63252,46.177051],[13.634961,46.157764],[13.616602,46.133105],[13.548047,46.089111],[13.486426,46.039551],[13.480273,46.009229],[13.487695,45.987109],[13.50918,45.973779],[13.600586,45.979785],[13.613965,45.96167],[13.569629,45.834131],[13.583398,45.812354],[13.663477,45.791992],[13.72168,45.761279],[13.831152,45.68042],[13.874707,45.614844],[13.844727,45.592871],[13.775977,45.581982],[13.719824,45.587598],[13.783301,45.627246],[13.62832,45.770947],[13.558203,45.770703],[13.465137,45.709961],[13.206348,45.771387],[13.156738,45.746582],[13.120117,45.6979],[13.030273,45.6375],[12.903027,45.610791],[12.76123,45.544287],[12.611719,45.497217],[12.497559,45.46167],[12.432129,45.46792],[12.536133,45.544922],[12.491797,45.546289],[12.353809,45.491992],[12.274316,45.446045],[12.248828,45.368848],[12.225684,45.241504],[12.286328,45.207715],[12.39248,45.039795],[12.523438,44.967969],[12.497949,44.899414],[12.463574,44.845215],[12.384473,44.79834],[12.319043,44.833105],[12.278906,44.832227],[12.24834,44.72251],[12.30498,44.429443],[12.396289,44.223877],[12.486816,44.134229],[12.691113,43.994727],[12.907031,43.921191],[13.295313,43.686084],[13.508203,43.61167],[13.56416,43.571289],[13.693262,43.389893],[13.804688,43.180371],[13.924902,42.851562],[14.010449,42.689551],[14.182715,42.506445],[14.540723,42.244287],[14.866113,42.052539],[15.16875,41.934033],[15.40498,41.913232],[15.964063,41.939453],[16.061523,41.928125],[16.164648,41.896191],[16.18916,41.814014],[16.15127,41.758496],[16.033691,41.700781],[15.91377,41.62085],[15.900488,41.512061],[16.012598,41.4354],[16.551855,41.232031],[17.103418,41.062158],[17.275195,40.975439],[17.474219,40.840576],[17.95498,40.655176],[18.036133,40.564941],[18.328223,40.37085],[18.460645,40.221045],[18.48584,40.104834],[18.422559,39.986865],[18.393457,39.903613],[18.34375,39.821387],[18.219336,39.852539],[18.07793,39.936963],[17.865039,40.280176],[17.476172,40.314941],[17.395801,40.340234],[17.257715,40.399072],[17.249414,40.437891],[17.215332,40.486426],[17.17998,40.502783],[17.03125,40.513477],[16.928223,40.458057],[16.807031,40.326465],[16.669629,40.137207],[16.52998,39.859668],[16.521875,39.747559],[16.597754,39.638916],[16.824316,39.57832],[16.999219,39.481592],[17.114551,39.380615],[17.122949,39.136572],[17.174609,38.998096],[17.098535,38.919336],[16.951465,38.939795],[16.755469,38.889697],[16.616699,38.800146],[16.558984,38.714795],[16.574219,38.493555],[16.545605,38.409082],[16.282422,38.249561],[16.144141,38.086377],[16.109766,38.018652],[16.056836,37.941846],[15.724512,37.939111],[15.645801,38.034229],[15.643066,38.175391],[15.700195,38.262305],[15.822363,38.302979],[15.904785,38.483496],[15.878906,38.613916],[15.926953,38.671729],[15.972363,38.712598],[16.065527,38.736426],[16.196777,38.759229],[16.209961,38.941113],[16.107422,39.023828],[16.071484,39.139453],[16.023633,39.353613],[15.854395,39.626514],[15.763672,39.870068],[15.692773,39.990186],[15.585156,40.052832],[15.390918,40.052148],[15.294531,40.07002],[14.950879,40.239014],[14.926953,40.264746],[14.929102,40.30957],[14.986133,40.37749],[14.947656,40.469336],[14.906934,40.556055],[14.839551,40.62998],[14.765723,40.668408],[14.61123,40.644775],[14.556934,40.626416],[14.459375,40.632715],[14.382715,40.599854],[14.339941,40.598828],[14.460547,40.728711],[14.428125,40.759326],[14.308887,40.812646],[14.147168,40.820703],[14.102344,40.827148],[14.075879,40.793945],[14.044336,40.812256],[14.047656,40.870312],[13.859766,41.12998],[13.733398,41.235645],[13.669727,41.254492],[13.554785,41.232178],[13.361914,41.278516],[13.246875,41.288867],[13.183398,41.277686],[13.088672,41.243848],[13.041016,41.266211],[13.024219,41.300928],[12.849219,41.40874],[12.630859,41.469678],[12.205664,41.812646],[12.075293,41.940869],[11.807031,42.082031],[11.637305,42.287549],[11.498438,42.362939],[11.296289,42.423291],[11.249707,42.415723],[11.188867,42.393115],[11.141211,42.389893],[11.103223,42.416602],[11.141797,42.444092],[11.184766,42.456592],[11.167773,42.535156],[10.937793,42.738721],[10.803125,42.804297],[10.765137,42.844678],[10.737109,42.899951],[10.708398,42.936328],[10.644629,42.957178],[10.590234,42.953613],[10.514844,42.967529],[10.517285,43.065137],[10.532324,43.140137],[10.520801,43.203809],[10.447559,43.371191],[10.320508,43.513086],[10.245801,43.8521],[10.188086,43.94751],[10.047656,44.019971],[9.730859,44.101172],[9.289355,44.319238],[9.195996,44.322998],[8.930371,44.407764],[8.76582,44.422314],[8.551953,44.346143],[8.292383,44.136523],[8.081641,43.918945],[8.00498,43.876758],[7.733301,43.802588],[7.493164,43.767139],[7.490527,43.822949],[7.482031,43.864893],[7.522656,43.911084],[7.589648,43.96543],[7.651465,44.033643],[7.677148,44.083154],[7.665039,44.116016],[7.637207,44.164844],[7.599414,44.168359],[7.370898,44.127393],[7.318555,44.137988],[7.149414,44.201709],[6.967285,44.280029],[6.900195,44.335742],[6.874805,44.392041],[6.893848,44.428174],[6.878613,44.463281],[6.842969,44.510693],[6.875195,44.564551],[6.931934,44.631641],[6.960352,44.677148],[7.00791,44.688965],[7.030664,44.716699],[6.992676,44.827295],[6.972852,44.84502],[6.939844,44.85874],[6.889355,44.860303],[6.801074,44.883154],[6.738184,44.921387],[6.724707,44.972998],[6.691406,45.022607],[6.634766,45.068164],[6.627734,45.117969],[6.692285,45.144287],[6.780371,45.145312],[6.842285,45.135645],[6.98125,45.215576],[7.032422,45.222607],[7.07832,45.239941],[7.116797,45.349023],[7.146387,45.381738],[7.153418,45.400928],[7.126074,45.423682],[7.013672,45.500488],[6.962402,45.580566],[6.881445,45.670361],[6.80625,45.71001],[6.790918,45.740869],[6.78916,45.780078],[6.804492,45.814551],[6.94082,45.868359],[7.021094,45.925781]],[[12.43916,41.898389],[12.438379,41.906201],[12.430566,41.905469],[12.427539,41.900732],[12.430566,41.897559],[12.43916,41.898389]],[[12.485254,43.901416],[12.514648,43.952979],[12.503711,43.989746],[12.441113,43.982422],[12.396875,43.93457],[12.426367,43.894092],[12.485254,43.901416]]],[[[10.395117,42.858154],[10.42832,42.819189],[10.432227,42.796582],[10.409961,42.770996],[10.419336,42.713184],[10.335645,42.761133],[10.208984,42.736914],[10.13125,42.742041],[10.109766,42.785059],[10.127539,42.810303],[10.248242,42.815771],[10.285742,42.828076],[10.358984,42.822314],[10.395117,42.858154]]],[[[13.938281,40.705615],[13.893652,40.696973],[13.867676,40.70874],[13.853516,40.724072],[13.871191,40.761816],[13.962109,40.739404],[13.96084,40.718164],[13.938281,40.705615]]],[[[12.05127,36.757031],[12.00332,36.745996],[11.940625,36.780371],[11.936426,36.828613],[11.948047,36.843066],[12.024219,36.820947],[12.048047,36.776367],[12.05127,36.757031]]],[[[15.576563,38.220312],[15.508887,38.106641],[15.475684,38.062939],[15.234473,37.784814],[15.206836,37.720557],[15.189844,37.650732],[15.164844,37.589551],[15.131055,37.531885],[15.099512,37.458594],[15.105664,37.375488],[15.116992,37.334717],[15.145996,37.308008],[15.193652,37.282861],[15.230273,37.244336],[15.174121,37.20918],[15.236035,37.138721],[15.288672,37.096924],[15.295703,37.055176],[15.294531,37.013281],[15.185156,36.934814],[15.142383,36.891602],[15.11582,36.839258],[15.104297,36.785254],[15.116309,36.736475],[15.112598,36.687842],[15.002441,36.693896],[14.889648,36.723535],[14.775977,36.7104],[14.614355,36.766602],[14.555469,36.776758],[14.501855,36.798682],[14.367285,36.972852],[14.259082,37.046436],[14.142969,37.103662],[14.024316,37.107129],[13.905469,37.100635],[13.800586,37.135889],[13.587109,37.25415],[13.360938,37.34873],[13.264941,37.410352],[13.221094,37.451807],[13.169922,37.479297],[13.040332,37.506543],[12.924121,37.570508],[12.871191,37.575195],[12.757324,37.567383],[12.699023,37.571826],[12.640234,37.594336],[12.526758,37.669531],[12.454395,37.773779],[12.435547,37.819775],[12.486816,37.938721],[12.547656,38.05293],[12.60166,38.084961],[12.664355,38.10791],[12.702344,38.141699],[12.734375,38.183057],[12.850684,38.063721],[12.902734,38.034863],[12.955469,38.041309],[13.049023,38.084082],[13.056836,38.130908],[13.159961,38.190332],[13.291113,38.191455],[13.35166,38.180518],[13.383496,38.126807],[13.433496,38.110254],[13.491309,38.103125],[13.681543,38.000732],[13.734863,37.984033],[13.788867,37.981201],[13.936621,38.02417],[14.05,38.040527],[14.287695,38.016846],[14.416211,38.042578],[14.505957,38.045508],[14.636719,38.085059],[14.737207,38.150781],[14.789648,38.166992],[14.845898,38.17168],[14.981934,38.167578],[15.11875,38.152734],[15.176074,38.168066],[15.224023,38.211035],[15.27959,38.230371],[15.340723,38.217334],[15.49873,38.290869],[15.568359,38.295898],[15.634668,38.267578],[15.576563,38.220312]]],[[[9.632031,40.882031],[9.682031,40.818115],[9.794336,40.556201],[9.805273,40.499561],[9.782813,40.441504],[9.754199,40.400293],[9.642969,40.268408],[9.659473,40.159229],[9.700781,40.091797],[9.706738,40.017041],[9.686035,39.924365],[9.616992,39.354395],[9.583594,39.253564],[9.5625,39.166016],[9.486328,39.139551],[9.388086,39.167529],[9.26416,39.216797],[9.206934,39.213818],[9.149316,39.196973],[9.101758,39.211279],[9.056348,39.23916],[9.022656,39.043262],[8.966602,38.963721],[8.881348,38.912891],[8.801172,38.909668],[8.718555,38.926709],[8.648535,38.926562],[8.59541,38.964307],[8.55332,39.030322],[8.48623,39.110498],[8.418164,39.205713],[8.410742,39.291797],[8.399121,39.481592],[8.418652,39.523047],[8.44707,39.562793],[8.461035,39.647705],[8.451172,39.72168],[8.471094,39.748096],[8.510742,39.72168],[8.540527,39.731592],[8.538672,39.769678],[8.547754,39.839209],[8.495898,39.897461],[8.407813,39.917236],[8.399316,39.978174],[8.408594,40.037646],[8.455078,40.077588],[8.470801,40.130713],[8.471289,40.292676],[8.40918,40.352344],[8.385352,40.442676],[8.353223,40.500537],[8.295508,40.558643],[8.230273,40.605957],[8.189941,40.651611],[8.180859,40.771045],[8.203809,40.870703],[8.224219,40.91333],[8.245215,40.907031],[8.310156,40.85752],[8.363281,40.846338],[8.468457,40.834326],[8.571875,40.850195],[8.698926,40.895264],[8.821191,40.949902],[8.998145,41.110352],[9.107227,41.14292],[9.163086,41.185156],[9.182129,41.242188],[9.228418,41.25708],[9.283008,41.20166],[9.350781,41.195898],[9.455176,41.150146],[9.500195,41.106348],[9.53877,41.053662],[9.575684,41.030518],[9.615332,41.017285],[9.621191,41.004883],[9.589746,40.99248],[9.553711,40.932129],[9.574023,40.914746],[9.632031,40.882031]]],[[[8.478906,39.067529],[8.421484,38.968652],[8.360938,39.038672],[8.358594,39.098779],[8.366797,39.115918],[8.440625,39.090625],[8.478906,39.067529]]],[[[8.286035,41.039844],[8.252734,40.994141],[8.205664,40.997461],[8.224023,41.031299],[8.267383,41.099121],[8.320215,41.121875],[8.34375,41.101611],[8.318945,41.062744],[8.286035,41.039844]]]]}},{"type":"Feature","bbox":[34.245313,29.477344,35.887977,33.415674],"properties":{"featurecla":"Admin-0 country","scalerank":1,"LABELRANK":4,"SOVEREIGNT":"Israel","SOV_A3":"IS1","ADM0_DIF":1,"LEVEL":2,"TYPE":"Disputed","TLC":"1","ADMIN":"Israel","ADM0_A3":"ISR","GEOU_DIF":0,"GEOUNIT":"Israel","GU_A3":"ISR","SU_DIF":0,"SUBUNIT":"Israel","SU_A3":"ISR","BRK_DIFF":1,"NAME":"Israel","NAME_LONG":"Israel","BRK_A3":"ISR","BRK_NAME":"Israel","BRK_GROUP":null,"ABBREV":"Isr.","POSTAL":"IS","FORMAL_EN":"State of Israel","FORMAL_FR":null,"NAME_CIAWF":"Israel","NOTE_ADM0":null,"NOTE_BRK":null,"NAME_SORT":"Israel","NAME_ALT":null,"MAPCOLOR7":3,"MAPCOLOR8":2,"MAPCOLOR9":5,"MAPCOLOR13":9,"POP_EST":9053300,"POP_RANK":13,"POP_YEAR":2019,"GDP_MD":394652,"GDP_YEAR":2019,"ECONOMY":"2. Developed region: nonG7","INCOME_GRP":"1. High income: OECD","FIPS_10":"-99","ISO_A2":"IL","ISO_A2_EH":"IL","ISO_A3":"ISR","ISO_A3_EH":"ISR","ISO_N3":"376","ISO_N3_EH":"376","UN_A3":"376","WB_A2":"IL","WB_A3":"ISR","WOE_ID":23424852,"WOE_ID_EH":23424852,"WOE_NOTE":"Exact WOE match as country","ADM0_ISO":"ISR","ADM0_DIFF":null,"ADM0_TLC":"ISR","ADM0_A3_US":"ISR","ADM0_A3_FR":"ISR","ADM0_A3_RU":"ISR","ADM0_A3_ES":"ISR","ADM0_A3_CN":"ISR","ADM0_A3_TW":"ISR","ADM0_A3_IN":"ISR","ADM0_A3_NP":"ISR","ADM0_A3_PK":"PSX","ADM0_A3_DE":"ISR","ADM0_A3_GB":"ISR","ADM0_A3_BR":"ISR","ADM0_A3_IL":"ISR","ADM0_A3_PS":"ISR","ADM0_A3_SA":"PSX","ADM0_A3_EG":"ISR","ADM0_A3_MA":"ISR","ADM0_A3_PT":"ISR","ADM0_A3_AR":"ISR","ADM0_A3_JP":"ISR","ADM0_A3_KO":"ISR","ADM0_A3_VN":"ISR","ADM0_A3_TR":"ISR","ADM0_A3_ID":"ISR","ADM0_A3_PL":"ISR","ADM0_A3_GR":"ISR","ADM0_A3_IT":"ISR","ADM0_A3_NL":"ISR","ADM0_A3_SE":"ISR","ADM0_A3_BD":"PSX","ADM0_A3_UA":"ISR","ADM0_A3_UN":-99,"ADM0_A3_WB":-99,"CONTINENT":"Asia","REGION_UN":"Asia","SUBREGION":"Western Asia","REGION_WB":"Middle East & North Africa","NAME_LEN":6,"LONG_LEN":6,"ABBREV_LEN":4,"TINY":-99,"HOMEPART":1,"MIN_ZOOM":0,"MIN_LABEL":3,"MAX_LABEL":8,"LABEL_X":34.847915,"LABEL_Y":30.911148,"NE_ID":1159320895,"WIKIDATAID":"Q801","NAME_AR":"إسرائيل","NAME_BN":"ইসরায়েল","NAME_DE":"Israel","NAME_EN":"Israel","NAME_ES":"Israel","NAME_FA":"اسرائیل","NAME_FR":"Israël","NAME_EL":"Ισραήλ","NAME_HE":"ישראל","NAME_HI":"इज़राइल","NAME_HU":"Izrael","NAME_ID":"Israel","NAME_IT":"Israele","NAME_JA":"イスラエル","NAME_KO":"이스라엘","NAME_NL":"Israël","NAME_PL":"Izrael","NAME_PT":"Israel","NAME_RU":"Израиль","NAME_SV":"Israel","NAME_TR":"İsrail","NAME_UK":"Ізраїль","NAME_UR":"اسرائیل","NAME_VI":"Israel","NAME_ZH":"以色列","NAME_ZHT":"以色列","FCLASS_ISO":"Admin-0 country","TLC_DIFF":null,"FCLASS_TLC":"Admin-0 country","FCLASS_US":null,"FCLASS_FR":null,"FCLASS_RU":null,"FCLASS_ES":null,"FCLASS_CN":null,"FCLASS_TW":null,"FCLASS_IN":null,"FCLASS_NP":null,"FCLASS_PK":"Unrecognized","FCLASS_DE":null,"FCLASS_GB":null,"FCLASS_BR":null,"FCLASS_IL":null,"FCLASS_PS":null,"FCLASS_SA":"Unrecognized","FCLASS_EG":null,"FCLASS_MA":null,"FCLASS_PT":null,"FCLASS_AR":null,"FCLASS_JP":null,"FCLASS_KO":null,"FCLASS_VN":null,"FCLASS_TR":null,"FCLASS_ID":null,"FCLASS_PL":null,"FCLASS_GR":null,"FCLASS_IT":null,"FCLASS_NL":null,"FCLASS_SE":null,"FCLASS_BD":"Unrecognized","FCLASS_UA":null},"geometry":{"type":"Polygon","coordinates":[[[35.840723,33.415674],[35.816125,33.361879],[35.792531,33.334107],[35.785024,33.291089],[35.800038,33.256121],[35.808618,33.208577],[35.826849,33.195117],[35.833283,33.163702],[35.817197,33.133173],[35.824704,33.108024],[35.84508,33.084665],[35.859022,32.989367],[35.887977,32.944379],[35.841863,32.875954],[35.833283,32.820094],[35.787305,32.734912],[35.734473,32.728906],[35.61123,32.68208],[35.594531,32.668018],[35.572852,32.640869],[35.569043,32.619873],[35.551465,32.395508],[35.484375,32.40166],[35.402637,32.450635],[35.386719,32.493018],[35.362109,32.507471],[35.303809,32.512939],[35.193262,32.534424],[35.065039,32.460449],[35.010547,32.338184],[34.999512,32.281055],[34.955957,32.160937],[34.971387,32.087109],[34.978809,31.991602],[34.989746,31.913281],[34.97832,31.866406],[34.953809,31.84126],[34.961133,31.82334],[34.983008,31.816797],[35.053223,31.837939],[35.127148,31.816748],[35.198047,31.776318],[35.203711,31.75],[35.153418,31.734473],[35.034668,31.673242],[34.950977,31.602295],[34.929199,31.536572],[34.872754,31.396875],[34.880469,31.368164],[34.907813,31.351318],[35.101172,31.366211],[35.27666,31.422803],[35.408691,31.48291],[35.450586,31.479297],[35.422852,31.325391],[35.423535,31.324854],[35.400684,31.230518],[35.409668,31.214453],[35.439258,31.132422],[35.383008,30.982275],[35.320117,30.860205],[35.297852,30.802246],[35.236621,30.673486],[35.174023,30.523926],[35.140625,30.420898],[35.148145,30.384326],[35.132617,30.195312],[35.141602,30.141699],[35.068164,29.977881],[35.053418,29.896924],[35.023926,29.787061],[34.973438,29.555029],[34.904297,29.477344],[34.869824,29.563916],[34.791113,29.812109],[34.735059,29.982031],[34.658594,30.191455],[34.529688,30.446045],[34.517773,30.507373],[34.489941,30.596289],[34.400977,30.827832],[34.328516,30.99502],[34.245313,31.208301],[34.34834,31.29292],[34.350195,31.362744],[34.525586,31.525635],[34.524121,31.54165],[34.477344,31.584863],[34.483984,31.592285],[34.678418,31.895703],[34.803809,32.196338],[34.921875,32.614062],[35.005859,32.826611],[35.077051,32.967187],[35.108594,33.083691],[35.22334,33.091992],[35.308887,33.079541],[35.41123,33.075684],[35.493164,33.119482],[35.53252,33.250488],[35.579297,33.271484],[35.60293,33.240625],[35.627246,33.275049],[35.734473,33.332617],[35.7875,33.369775],[35.840723,33.415674]]]}},{"type":"Feature","bbox":[34.198145,31.208301,35.57207,32.534424],"properties":{"featurecla":"Admin-0 country","scalerank":1,"LABELRANK":5,"SOVEREIGNT":"Israel","SOV_A3":"IS1","ADM0_DIF":1,"LEVEL":2,"TYPE":"Indeterminate","TLC":"1","ADMIN":"Palestine","ADM0_A3":"PSX","GEOU_DIF":0,"GEOUNIT":"Palestine","GU_A3":"PSX","SU_DIF":0,"SUBUNIT":"Palestine","SU_A3":"PSX","BRK_DIFF":0,"NAME":"Palestine","NAME_LONG":"Palestine","BRK_A3":"PSX","BRK_NAME":"Palestine","BRK_GROUP":null,"ABBREV":"Pal.","POSTAL":"PAL","FORMAL_EN":"West Bank and Gaza","FORMAL_FR":null,"NAME_CIAWF":null,"NOTE_ADM0":null,"NOTE_BRK":"Partial self-admin.","NAME_SORT":"Palestine (West Bank and Gaza)","NAME_ALT":null,"MAPCOLOR7":3,"MAPCOLOR8":2,"MAPCOLOR9":5,"MAPCOLOR13":8,"POP_EST":4685306,"POP_RANK":12,"POP_YEAR":2019,"GDP_MD":16276,"GDP_YEAR":2018,"ECONOMY":"6. Developing region","INCOME_GRP":"4. Lower middle income","FIPS_10":"-99","ISO_A2":"PS","ISO_A2_EH":"PS","ISO_A3":"PSE","ISO_A3_EH":"PSE","ISO_N3":"275","ISO_N3_EH":"275","UN_A3":"275","WB_A2":"GZ","WB_A3":"WBG","WOE_ID":28289408,"WOE_ID_EH":28289408,"WOE_NOTE":"Exact WOE match as country","ADM0_ISO":"PSX","ADM0_DIFF":null,"ADM0_TLC":"PSX","ADM0_A3_US":"PSX","ADM0_A3_FR":"PSX","ADM0_A3_RU":"PSX","ADM0_A3_ES":"PSX","ADM0_A3_CN":"PSX","ADM0_A3_TW":"PSX","ADM0_A3_IN":"PSX","ADM0_A3_NP":"PSX","ADM0_A3_PK":"PSX","ADM0_A3_DE":"PSX","ADM0_A3_GB":"PSX","ADM0_A3_BR":"PSX","ADM0_A3_IL":"PSX","ADM0_A3_PS":"PSX","ADM0_A3_SA":"PSX","ADM0_A3_EG":"PSX","ADM0_A3_MA":"PSX","ADM0_A3_PT":"PSX","ADM0_A3_AR":"PSX","ADM0_A3_JP":"PSX","ADM0_A3_KO":"PSX","ADM0_A3_VN":"PSX","ADM0_A3_TR":"PSX","ADM0_A3_ID":"PSX","ADM0_A3_PL":"PSX","ADM0_A3_GR":"PSX","ADM0_A3_IT":"PSX","ADM0_A3_NL":"PSX","ADM0_A3_SE":"PSX","ADM0_A3_BD":"PSX","ADM0_A3_UA":"PSX","ADM0_A3_UN":-99,"ADM0_A3_WB":-99,"CONTINENT":"Asia","REGION_UN":"Asia","SUBREGION":"Western Asia","REGION_WB":"Middle East & North Africa","NAME_LEN":9,"LONG_LEN":9,"ABBREV_LEN":4,"TINY":-99,"HOMEPART":-99,"MIN_ZOOM":7,"MIN_LABEL":4.5,"MAX_LABEL":9.5,"LABEL_X":35.291341,"LABEL_Y":32.047431,"NE_ID":1159320899,"WIKIDATAID":"Q23792","NAME_AR":"فلسطين","NAME_BN":"ফিলিস্তিন অঞ্চল","NAME_DE":"Palästina","NAME_EN":"Palestine","NAME_ES":"Palestina","NAME_FA":"فلسطین","NAME_FR":"Palestine","NAME_EL":"Παλαιστίνη","NAME_HE":"ארץ ישראל","NAME_HI":"फ़िलिस्तीनी राज्यक्षेत्र","NAME_HU":"Palesztina","NAME_ID":"Palestina","NAME_IT":"Palestina","NAME_JA":"パレスチナ","NAME_KO":"팔레스타인","NAME_NL":"Palestina","NAME_PL":"Palestyna","NAME_PT":"Palestina","NAME_RU":"Палестина","NAME_SV":"Palestina","NAME_TR":"Filistin","NAME_UK":"Палестина","NAME_UR":"فلسطین","NAME_VI":"Palestine","NAME_ZH":"巴勒斯坦","NAME_ZHT":"巴勒斯坦地區","FCLASS_ISO":"Admin-0 dependency","TLC_DIFF":null,"FCLASS_TLC":"Admin-0 dependency","FCLASS_US":null,"FCLASS_FR":null,"FCLASS_RU":null,"FCLASS_ES":null,"FCLASS_CN":null,"FCLASS_TW":null,"FCLASS_IN":null,"FCLASS_NP":null,"FCLASS_PK":"Admin-0 country","FCLASS_DE":null,"FCLASS_GB":null,"FCLASS_BR":null,"FCLASS_IL":null,"FCLASS_PS":"Admin-0 country","FCLASS_SA":"Admin-0 country","FCLASS_EG":null,"FCLASS_MA":null,"FCLASS_PT":null,"FCLASS_AR":null,"FCLASS_JP":null,"FCLASS_KO":null,"FCLASS_VN":null,"FCLASS_TR":null,"FCLASS_ID":null,"FCLASS_PL":null,"FCLASS_GR":null,"FCLASS_IT":null,"FCLASS_NL":null,"FCLASS_SE":null,"FCLASS_BD":"Admin-0 country","FCLASS_UA":null},"geometry":{"type":"MultiPolygon","coordinates":[[[[34.477344,31.584863],[34.524121,31.54165],[34.525586,31.525635],[34.350195,31.362744],[34.34834,31.29292],[34.245313,31.208301],[34.2125,31.292285],[34.198145,31.322607],[34.387305,31.483789],[34.477344,31.584863]]],[[[35.551465,32.395508],[35.57207,32.237891],[35.534766,32.103027],[35.531445,31.984912],[35.558984,31.765527],[35.499414,31.672363],[35.46543,31.562354],[35.450586,31.479297],[35.408691,31.48291],[35.27666,31.422803],[35.101172,31.366211],[34.907813,31.351318],[34.880469,31.368164],[34.872754,31.396875],[34.929199,31.536572],[34.950977,31.602295],[35.034668,31.673242],[35.153418,31.734473],[35.203711,31.75],[35.198047,31.776318],[35.127148,31.816748],[35.053223,31.837939],[34.983008,31.816797],[34.961133,31.82334],[34.953809,31.84126],[34.97832,31.866406],[34.989746,31.913281],[34.978809,31.991602],[34.971387,32.087109],[34.955957,32.160937],[34.999512,32.281055],[35.010547,32.338184],[35.065039,32.460449],[35.193262,32.534424],[35.303809,32.512939],[35.362109,32.507471],[35.386719,32.493018],[35.402637,32.450635],[35.484375,32.40166],[35.551465,32.395508]]]]}},{"type":"Feature","bbox":[-10.390234,51.47373,-6.027393,55.36582],"properties":{"featurecla":"Admin-0 country","scalerank":4,"LABELRANK":3,"SOVEREIGNT":"Ireland","SOV_A3":"IRL","ADM0_DIF":0,"LEVEL":2,"TYPE":"Sovereign country","TLC":"1","ADMIN":"Ireland","ADM0_A3":"IRL","GEOU_DIF":0,"GEOUNIT":"Ireland","GU_A3":"IRL","SU_DIF":0,"SUBUNIT":"Ireland","SU_A3":"IRL","BRK_DIFF":0,"NAME":"Ireland","NAME_LONG":"Ireland","BRK_A3":"IRL","BRK_NAME":"Ireland","BRK_GROUP":null,"ABBREV":"Ire.","POSTAL":"IRL","FORMAL_EN":"Ireland","FORMAL_FR":null,"NAME_CIAWF":"Ireland","NOTE_ADM0":null,"NOTE_BRK":null,"NAME_SORT":"Ireland","NAME_ALT":null,"MAPCOLOR7":2,"MAPCOLOR8":3,"MAPCOLOR9":2,"MAPCOLOR13":2,"POP_EST":4941444,"POP_RANK":12,"POP_YEAR":2019,"GDP_MD":388698,"GDP_YEAR":2019,"ECONOMY":"2. Developed region: nonG7","INCOME_GRP":"1. High income: OECD","FIPS_10":"EI","ISO_A2":"IE","ISO_A2_EH":"IE","ISO_A3":"IRL","ISO_A3_EH":"IRL","ISO_N3":"372","ISO_N3_EH":"372","UN_A3":"372","WB_A2":"IE","WB_A3":"IRL","WOE_ID":23424803,"WOE_ID_EH":23424803,"WOE_NOTE":"Exact WOE match as country","ADM0_ISO":"IRL","ADM0_DIFF":null,"ADM0_TLC":"IRL","ADM0_A3_US":"IRL","ADM0_A3_FR":"IRL","ADM0_A3_RU":"IRL","ADM0_A3_ES":"IRL","ADM0_A3_CN":"IRL","ADM0_A3_TW":"IRL","ADM0_A3_IN":"IRL","ADM0_A3_NP":"IRL","ADM0_A3_PK":"IRL","ADM0_A3_DE":"IRL","ADM0_A3_GB":"IRL","ADM0_A3_BR":"IRL","ADM0_A3_IL":"IRL","ADM0_A3_PS":"IRL","ADM0_A3_SA":"IRL","ADM0_A3_EG":"IRL","ADM0_A3_MA":"IRL","ADM0_A3_PT":"IRL","ADM0_A3_AR":"IRL","ADM0_A3_JP":"IRL","ADM0_A3_KO":"IRL","ADM0_A3_VN":"IRL","ADM0_A3_TR":"IRL","ADM0_A3_ID":"IRL","ADM0_A3_PL":"IRL","ADM0_A3_GR":"IRL","ADM0_A3_IT":"IRL","ADM0_A3_NL":"IRL","ADM0_A3_SE":"IRL","ADM0_A3_BD":"IRL","ADM0_A3_UA":"IRL","ADM0_A3_UN":-99,"ADM0_A3_WB":-99,"CONTINENT":"Europe","REGION_UN":"Europe","SUBREGION":"Northern Europe","REGION_WB":"Europe & Central Asia","NAME_LEN":7,"LONG_LEN":7,"ABBREV_LEN":4,"TINY":-99,"HOMEPART":1,"MIN_ZOOM":0,"MIN_LABEL":3,"MAX_LABEL":8,"LABEL_X":-7.798588,"LABEL_Y":53.078726,"NE_ID":1159320877,"WIKIDATAID":"Q27","NAME_AR":"جمهورية أيرلندا","NAME_BN":"প্রজাতন্ত্রী আয়ারল্যান্ড","NAME_DE":"Irland","NAME_EN":"Ireland","NAME_ES":"Irlanda","NAME_FA":"ایرلند","NAME_FR":"Irlande","NAME_EL":"Δημοκρατία της Ιρλανδίας","NAME_HE":"אירלנד","NAME_HI":"आयरलैण्ड","NAME_HU":"Írország","NAME_ID":"Republik Irlandia","NAME_IT":"Irlanda","NAME_JA":"アイルランド","NAME_KO":"아일랜드","NAME_NL":"Ierland","NAME_PL":"Irlandia","NAME_PT":"República da Irlanda","NAME_RU":"Ирландия","NAME_SV":"Irland","NAME_TR":"İrlanda","NAME_UK":"Ірландія","NAME_UR":"جمہوریہ آئرلینڈ","NAME_VI":"Cộng hòa Ireland","NAME_ZH":"爱尔兰","NAME_ZHT":"愛爾蘭","FCLASS_ISO":"Admin-0 country","TLC_DIFF":null,"FCLASS_TLC":"Admin-0 country","FCLASS_US":null,"FCLASS_FR":null,"FCLASS_RU":null,"FCLASS_ES":null,"FCLASS_CN":null,"FCLASS_TW":null,"FCLASS_IN":null,"FCLASS_NP":null,"FCLASS_PK":null,"FCLASS_DE":null,"FCLASS_GB":null,"FCLASS_BR":null,"FCLASS_IL":null,"FCLASS_PS":null,"FCLASS_SA":null,"FCLASS_EG":null,"FCLASS_MA":null,"FCLASS_PT":null,"FCLASS_AR":null,"FCLASS_JP":null,"FCLASS_KO":null,"FCLASS_VN":null,"FCLASS_TR":null,"FCLASS_ID":null,"FCLASS_PL":null,"FCLASS_GR":null,"FCLASS_IT":null,"FCLASS_NL":null,"FCLASS_SE":null,"FCLASS_BD":null,"FCLASS_UA":null},"geometry":{"type":"MultiPolygon","coordinates":[[],[]]}},{"type":"Feature","bbox":[44.023242,25.1021,63.305176,39.768555],"properties":{"featurecla":"Admin-0 country","scalerank":3,"LABELRANK":2,"SOVEREIGNT":"Iran","SOV_A3":"IRN","ADM0_DIF":0,"LEVEL":2,"TYPE":"Sovereign country","TLC":"1","ADMIN":"Iran","ADM0_A3":"IRN","GEOU_DIF":0,"GEOUNIT":"Iran","GU_A3":"IRN","SU_DIF":0,"SUBUNIT":"Iran","SU_A3":"IRN","BRK_DIFF":0,"NAME":"Iran","NAME_LONG":"Iran","BRK_A3":"IRN","BRK_NAME":"Iran","BRK_GROUP":null,"ABBREV":"Iran","POSTAL":"IRN","FORMAL_EN":"Islamic Republic of Iran","FORMAL_FR":null,"NAME_CIAWF":"Iran","NOTE_ADM0":null,"NOTE_BRK":null,"NAME_SORT":"Iran, Islamic Rep.","NAME_ALT":null,"MAPCOLOR7":4,"MAPCOLOR8":3,"MAPCOLOR9":4,"MAPCOLOR13":13,"POP_EST":82913906,"POP_RANK":16,"POP_YEAR":2019,"GDP_MD":453996,"GDP_YEAR":2018,"ECONOMY":"5. Emerging region: G20","INCOME_GRP":"3. Upper middle income","FIPS_10":"IR","ISO_A2":"IR","ISO_A2_EH":"IR","ISO_A3":"IRN","ISO_A3_EH":"IRN","ISO_N3":"364","ISO_N3_EH":"364","UN_A3":"364","WB_A2":"IR","WB_A3":"IRN","WOE_ID":23424851,"WOE_ID_EH":23424851,"WOE_NOTE":"Exact WOE match as country","ADM0_ISO":"IRN","ADM0_DIFF":null,"ADM0_TLC":"IRN","ADM0_A3_US":"IRN","ADM0_A3_FR":"IRN","ADM0_A3_RU":"IRN","ADM0_A3_ES":"IRN","ADM0_A3_CN":"IRN","ADM0_A3_TW":"IRN","ADM0_A3_IN":"IRN","ADM0_A3_NP":"IRN","ADM0_A3_PK":"IRN","ADM0_A3_DE":"IRN","ADM0_A3_GB":"IRN","ADM0_A3_BR":"IRN","ADM0_A3_IL":"IRN","ADM0_A3_PS":"IRN","ADM0_A3_SA":"IRN","ADM0_A3_EG":"IRN","ADM0_A3_MA":"IRN","ADM0_A3_PT":"IRN","ADM0_A3_AR":"IRN","ADM0_A3_JP":"IRN","ADM0_A3_KO":"IRN","ADM0_A3_VN":"IRN","ADM0_A3_TR":"IRN","ADM0_A3_ID":"IRN","ADM0_A3_PL":"IRN","ADM0_A3_GR":"IRN","ADM0_A3_IT":"IRN","ADM0_A3_NL":"IRN","ADM0_A3_SE":"IRN","ADM0_A3_BD":"IRN","ADM0_A3_UA":"IRN","ADM0_A3_UN":-99,"ADM0_A3_WB":-99,"CONTINENT":"Asia","REGION_UN":"Asia","SUBREGION":"Southern Asia","REGION_WB":"Middle East & North Africa","NAME_LEN":4,"LONG_LEN":4,"ABBREV_LEN":4,"TINY":-99,"HOMEPART":1,"MIN_ZOOM":0,"MIN_LABEL":2.5,"MAX_LABEL":6.7,"LABEL_X":54.931495,"LABEL_Y":32.166225,"NE_ID":1159320881,"WIKIDATAID":"Q794","NAME_AR":"إيران","NAME_BN":"ইরান","NAME_DE":"Iran","NAME_EN":"Iran","NAME_ES":"Irán","NAME_FA":"ایران","NAME_FR":"Iran","NAME_EL":"Ιράν","NAME_HE":"איראן","NAME_HI":"ईरान","NAME_HU":"Irán","NAME_ID":"Iran","NAME_IT":"Iran","NAME_JA":"イラン","NAME_KO":"이란","NAME_NL":"Iran","NAME_PL":"Iran","NAME_PT":"Irão","NAME_RU":"Иран","NAME_SV":"Iran","NAME_TR":"İran","NAME_UK":"Іран","NAME_UR":"ایران","NAME_VI":"Iran","NAME_ZH":"伊朗","NAME_ZHT":"伊朗","FCLASS_ISO":"Admin-0 country","TLC_DIFF":null,"FCLASS_TLC":"Admin-0 country","FCLASS_US":null,"FCLASS_FR":null,"FCLASS_RU":null,"FCLASS_ES":null,"FCLASS_CN":null,"FCLASS_TW":null,"FCLASS_IN":null,"FCLASS_NP":null,"FCLASS_PK":null,"FCLASS_DE":null,"FCLASS_GB":null,"FCLASS_BR":null,"FCLASS_IL":null,"FCLASS_PS":null,"FCLASS_SA":null,"FCLASS_EG":null,"FCLASS_MA":null,"FCLASS_PT":null,"FCLASS_AR":null,"FCLASS_JP":null,"FCLASS_KO":null,"FCLASS_VN":null,"FCLASS_TR":null,"FCLASS_ID":null,"FCLASS_PL":null,"FCLASS_GR":null,"FCLASS_IT":null,"FCLASS_NL":null,"FCLASS_SE":null,"FCLASS_BD":null,"FCLASS_UA":null},"geometry":{"type":"MultiPolygon","coordinates":[[],[]]}},{"type":"Feature","bbox":[95.206641,-10.909668,140.976172,5.907031],"properties":{"featurecla":"Admin-0 country","scalerank":3,"LABELRANK":2,"SOVEREIGNT":"Indonesia","SOV_A3":"IDN","ADM0_DIF":0,"LEVEL":2,"TYPE":"Sovereign country","TLC":"1","ADMIN":"Indonesia","ADM0_A3":"IDN","GEOU_DIF":0,"GEOUNIT":"Indonesia","GU_A3":"IDN","SU_DIF":0,"SUBUNIT":"Indonesia","SU_A3":"IDN","BRK_DIFF":0,"NAME":"Indonesia","NAME_LONG":"Indonesia","BRK_A3":"IDN","BRK_NAME":"Indonesia","BRK_GROUP":null,"ABBREV":"Indo.","POSTAL":"INDO","FORMAL_EN":"Republic of Indonesia","FORMAL_FR":null,"NAME_CIAWF":"Indonesia","NOTE_ADM0":null,"NOTE_BRK":null,"NAME_SORT":"Indonesia","NAME_ALT":null,"MAPCOLOR7":6,"MAPCOLOR8":6,"MAPCOLOR9":6,"MAPCOLOR13":11,"POP_EST":270625568,"POP_RANK":17,"POP_YEAR":2019,"GDP_MD":1119190,"GDP_YEAR":2019,"ECONOMY":"4. Emerging region: MIKT","INCOME_GRP":"4. Lower middle income","FIPS_10":"ID","ISO_A2":"ID","ISO_A2_EH":"ID","ISO_A3":"IDN","ISO_A3_EH":"IDN","ISO_N3":"360","ISO_N3_EH":"360","UN_A3":"360","WB_A2":"ID","WB_A3":"IDN","WOE_ID":23424846,"WOE_ID_EH":23424846,"WOE_NOTE":"Exact WOE match as country","ADM0_ISO":"IDN","ADM0_DIFF":null,"ADM0_TLC":"IDN","ADM0_A3_US":"IDN","ADM0_A3_FR":"IDN","ADM0_A3_RU":"IDN","ADM0_A3_ES":"IDN","ADM0_A3_CN":"IDN","ADM0_A3_TW":"IDN","ADM0_A3_IN":"IDN","ADM0_A3_NP":"IDN","ADM0_A3_PK":"IDN","ADM0_A3_DE":"IDN","ADM0_A3_GB":"IDN","ADM0_A3_BR":"IDN","ADM0_A3_IL":"IDN","ADM0_A3_PS":"IDN","ADM0_A3_SA":"IDN","ADM0_A3_EG":"IDN","ADM0_A3_MA":"IDN","ADM0_A3_PT":"IDN","ADM0_A3_AR":"IDN","ADM0_A3_JP":"IDN","ADM0_A3_KO":"IDN","ADM0_A3_VN":"IDN","ADM0_A3_TR":"IDN","ADM0_A3_ID":"IDN","ADM0_A3_PL":"IDN","ADM0_A3_GR":"IDN","ADM0_A3_IT":"IDN","ADM0_A3_NL":"IDN","ADM0_A3_SE":"IDN","ADM0_A3_BD":"IDN","ADM0_A3_UA":"IDN","ADM0_A3_UN":-99,"ADM0_A3_WB":-99,"CONTINENT":"Asia","REGION_UN":"Asia","SUBREGION":"South-Eastern Asia","REGION_WB":"East Asia & Pacific","NAME_LEN":9,"LONG_LEN":9,"ABBREV_LEN":5,"TINY":-99,"HOMEPART":1,"MIN_ZOOM":0,"MIN_LABEL":1.7,"MAX_LABEL":6.7,"LABEL_X":101.892949,"LABEL_Y":-0.954404,"NE_ID":1159320845,"WIKIDATAID":"Q252","NAME_AR":"إندونيسيا","NAME_BN":"ইন্দোনেশিয়া","NAME_DE":"Indonesien","NAME_EN":"Indonesia","NAME_ES":"Indonesia","NAME_FA":"اندونزی","NAME_FR":"Indonésie","NAME_EL":"Ινδονησία","NAME_HE":"אינדונזיה","NAME_HI":"इंडोनेशिया","NAME_HU":"Indonézia","NAME_ID":"Indonesia","NAME_IT":"Indonesia","NAME_JA":"インドネシア","NAME_KO":"인도네시아","NAME_NL":"Indonesië","NAME_PL":"Indonezja","NAME_PT":"Indonésia","NAME_RU":"Индонезия","NAME_SV":"Indonesien","NAME_TR":"Endonezya","NAME_UK":"Індонезія","NAME_UR":"انڈونیشیا","NAME_VI":"Indonesia","NAME_ZH":"印度尼西亚","NAME_ZHT":"印度尼西亞","FCLASS_ISO":"Admin-0 country","TLC_DIFF":null,"FCLASS_TLC":"Admin-0 country","FCLASS_US":null,"FCLASS_FR":null,"FCLASS_RU":null,"FCLASS_ES":null,"FCLASS_CN":null,"FCLASS_TW":null,"FCLASS_IN":null,"FCLASS_NP":null,"FCLASS_PK":null,"FCLASS_DE":null,"FCLASS_GB":null,"FCLASS_BR":null,"FCLASS_IL":null,"FCLASS_PS":null,"FCLASS_SA":null,"FCLASS_EG":null,"FCLASS_MA":null,"FCLASS_PT":null,"FCLASS_AR":null,"FCLASS_JP":null,"FCLASS_KO":null,"FCLASS_VN":null,"FCLASS_TR":null,"FCLASS_ID":null,"FCLASS_PL":null,"FCLASS_GR":null,"FCLASS_IT":null,"FCLASS_NL":null,"FCLASS_SE":null,"FCLASS_BD":null,"FCLASS_UA":null},"geometry":{"type":"MultiPolygon","coordinates":[[],[],[],[],[],[],[],[],[],[],[],[],[],[],[],[],[],[],[],[],[],[],[],[],[],[],[],[],[],[],[],[],[],[],[],[],[],[],[],[],[],[],[],[],[],[],[],[],[],[],[],[],[],[],[],[],[],[],[],[],[],[],[],[],[],[],[],[],[],[],[],[],[],[],[],[],[],[],[],[],[],[],[],[],[],[],[],[],[],[],[],[],[],[],[],[],[],[],[],[],[],[],[],[],[],[],[],[],[],[],[],[],[],[],[],[],[],[],[],[],[],[],[],[],[],[],[],[],[],[],[],[],[]]}},{"type":"Feature","bbox":[68.165039,6.748682,97.343555,35.495898],"properties":{"featurecla":"Admin-0 country","scalerank":1,"LABELRANK":2,"SOVEREIGNT":"India","SOV_A3":"IND","ADM0_DIF":0,"LEVEL":2,"TYPE":"Sovereign country","TLC":"1","ADMIN":"India","ADM0_A3":"IND","GEOU_DIF":0,"GEOUNIT":"India","GU_A3":"IND","SU_DIF":0,"SUBUNIT":"India","SU_A3":"IND","BRK_DIFF":0,"NAME":"India","NAME_LONG":"India","BRK_A3":"IND","BRK_NAME":"India","BRK_GROUP":null,"ABBREV":"India","POSTAL":"IND","FORMAL_EN":"Republic of India","FORMAL_FR":null,"NAME_CIAWF":"India","NOTE_ADM0":null,"NOTE_BRK":null,"NAME_SORT":"India","NAME_ALT":null,"MAPCOLOR7":1,"MAPCOLOR8":3,"MAPCOLOR9":2,"MAPCOLOR13":2,"POP_EST":1366417754,"POP_RANK":18,"POP_YEAR":2019,"GDP_MD":2868929,"GDP_YEAR":2019,"ECONOMY":"3. Emerging region: BRIC","INCOME_GRP":"4. Lower middle income","FIPS_10":"IN","ISO_A2":"IN","ISO_A2_EH":"IN","ISO_A3":"IND","ISO_A3_EH":"IND","ISO_N3":"356","ISO_N3_EH":"356","UN_A3":"356","WB_A2":"IN","WB_A3":"IND","WOE_ID":23424848,"WOE_ID_EH":23424848,"WOE_NOTE":"Exact WOE match as country","ADM0_ISO":"IND","ADM0_DIFF":null,"ADM0_TLC":"IND","ADM0_A3_US":"IND","ADM0_A3_FR":"IND","ADM0_A3_RU":"IND","ADM0_A3_ES":"IND","ADM0_A3_CN":"IND","ADM0_A3_TW":"IND","ADM0_A3_IN":"IND","ADM0_A3_NP":"IND","ADM0_A3_PK":"IND","ADM0_A3_DE":"IND","ADM0_A3_GB":"IND","ADM0_A3_BR":"IND","ADM0_A3_IL":"IND","ADM0_A3_PS":"IND","ADM0_A3_SA":"IND","ADM0_A3_EG":"IND","ADM0_A3_MA":"IND","ADM0_A3_PT":"IND","ADM0_A3_AR":"IND","ADM0_A3_JP":"IND","ADM0_A3_KO":"IND","ADM0_A3_VN":"IND","ADM0_A3_TR":"IND","ADM0_A3_ID":"IND","ADM0_A3_PL":"IND","ADM0_A3_GR":"IND","ADM0_A3_IT":"IND","ADM0_A3_NL":"IND","ADM0_A3_SE":"IND","ADM0_A3_BD":"IND","ADM0_A3_UA":"IND","ADM0_A3_UN":-99,"ADM0_A3_WB":-99,"CONTINENT":"Asia","REGION_UN":"Asia","SUBREGION":"Southern Asia","REGION_WB":"South Asia","NAME_LEN":5,"LONG_LEN":5,"ABBREV_LEN":5,"TINY":-99,"HOMEPART":1,"MIN_ZOOM":0,"MIN_LABEL":1.7,"MAX_LABEL":6.7,"LABEL_X":79.358105,"LABEL_Y":22.686852,"NE_ID":1159320847,"WIKIDATAID":"Q668","NAME_AR":"الهند","NAME_BN":"ভারত","NAME_DE":"Indien","NAME_EN":"India","NAME_ES":"India","NAME_FA":"هند","NAME_FR":"Inde","NAME_EL":"Ινδία","NAME_HE":"הודו","NAME_HI":"भारत","NAME_HU":"India","NAME_ID":"India","NAME_IT":"India","NAME_JA":"インド","NAME_KO":"인도","NAME_NL":"India","NAME_PL":"Indie","NAME_PT":"Índia","NAME_RU":"Индия","NAME_SV":"Indien","NAME_TR":"Hindistan","NAME_UK":"Індія","NAME_UR":"بھارت","NAME_VI":"Ấn Độ","NAME_ZH":"印度","NAME_ZHT":"印度","FCLASS_ISO":"Admin-0 country","TLC_DIFF":null,"FCLASS_TLC":"Admin-0 country","FCLASS_US":null,"FCLASS_FR":null,"FCLASS_RU":null,"FCLASS_ES":null,"FCLASS_CN":null,"FCLASS_TW":null,"FCLASS_IN":null,"FCLASS_NP":null,"FCLASS_PK":null,"FCLASS_DE":null,"FCLASS_GB":null,"FCLASS_BR":null,"FCLASS_IL":null,"FCLASS_PS":null,"FCLASS_SA":null,"FCLASS_EG":null,"FCLASS_MA":null,"FCLASS_PT":null,"FCLASS_AR":null,"FCLASS_JP":null,"FCLASS_KO":null,"FCLASS_VN":null,"FCLASS_TR":null,"FCLASS_ID":null,"FCLASS_PL":null,"FCLASS_GR":null,"FCLASS_IT":null,"FCLASS_NL":null,"FCLASS_SE":null,"FCLASS_BD":null,"FCLASS_UA":null},"geometry":{"type":"MultiPolygon","coordinates":[[],[],[],[],[],[],[],[],[],[],[],[],[],[]]}},{"type":"Feature","bbox":[16.093066,45.753027,22.87666,48.553467],"properties":{"featurecla":"Admin-0 country","scalerank":1,"LABELRANK":5,"SOVEREIGNT":"Hungary","SOV_A3":"HUN","ADM0_DIF":0,"LEVEL":2,"TYPE":"Sovereign country","TLC":"1","ADMIN":"Hungary","ADM0_A3":"HUN","GEOU_DIF":0,"GEOUNIT":"Hungary","GU_A3":"HUN","SU_DIF":0,"SUBUNIT":"Hungary","SU_A3":"HUN","BRK_DIFF":0,"NAME":"Hungary","NAME_LONG":"Hungary","BRK_A3":"HUN","BRK_NAME":"Hungary","BRK_GROUP":null,"ABBREV":"Hun.","POSTAL":"HU","FORMAL_EN":"Republic of Hungary","FORMAL_FR":null,"NAME_CIAWF":"Hungary","NOTE_ADM0":null,"NOTE_BRK":null,"NAME_SORT":"Hungary","NAME_ALT":null,"MAPCOLOR7":4,"MAPCOLOR8":6,"MAPCOLOR9":1,"MAPCOLOR13":5,"POP_EST":9769949,"POP_RANK":13,"POP_YEAR":2019,"GDP_MD":163469,"GDP_YEAR":2019,"ECONOMY":"2. Developed region: nonG7","INCOME_GRP":"1. High income: OECD","FIPS_10":"HU","ISO_A2":"HU","ISO_A2_EH":"HU","ISO_A3":"HUN","ISO_A3_EH":"HUN","ISO_N3":"348","ISO_N3_EH":"348","UN_A3":"348","WB_A2":"HU","WB_A3":"HUN","WOE_ID":23424844,"WOE_ID_EH":23424844,"WOE_NOTE":"Exact WOE match as country","ADM0_ISO":"HUN","ADM0_DIFF":null,"ADM0_TLC":"HUN","ADM0_A3_US":"HUN","ADM0_A3_FR":"HUN","ADM0_A3_RU":"HUN","ADM0_A3_ES":"HUN","ADM0_A3_CN":"HUN","ADM0_A3_TW":"HUN","ADM0_A3_IN":"HUN","ADM0_A3_NP":"HUN","ADM0_A3_PK":"HUN","ADM0_A3_DE":"HUN","ADM0_A3_GB":"HUN","ADM0_A3_BR":"HUN","ADM0_A3_IL":"HUN","ADM0_A3_PS":"HUN","ADM0_A3_SA":"HUN","ADM0_A3_EG":"HUN","ADM0_A3_MA":"HUN","ADM0_A3_PT":"HUN","ADM0_A3_AR":"HUN","ADM0_A3_JP":"HUN","ADM0_A3_KO":"HUN","ADM0_A3_VN":"HUN","ADM0_A3_TR":"HUN","ADM0_A3_ID":"HUN","ADM0_A3_PL":"HUN","ADM0_A3_GR":"HUN","ADM0_A3_IT":"HUN","ADM0_A3_NL":"HUN","ADM0_A3_SE":"HUN","ADM0_A3_BD":"HUN","ADM0_A3_UA":"HUN","ADM0_A3_UN":-99,"ADM0_A3_WB":-99,"CONTINENT":"Europe","REGION_UN":"Europe","SUBREGION":"Eastern Europe","REGION_WB":"Europe & Central Asia","NAME_LEN":7,"LONG_LEN":7,"ABBREV_LEN":4,"TINY":-99,"HOMEPART":1,"MIN_ZOOM":0,"MIN_LABEL":4,"MAX_LABEL":9,"LABEL_X":19.447867,"LABEL_Y":47.086841,"NE_ID":1159320841,"WIKIDATAID":"Q28","NAME_AR":"المجر","NAME_BN":"হাঙ্গেরি","NAME_DE":"Ungarn","NAME_EN":"Hungary","NAME_ES":"Hungría","NAME_FA":"مجارستان","NAME_FR":"Hongrie","NAME_EL":"Ουγγαρία","NAME_HE":"הונגריה","NAME_HI":"हंगरी","NAME_HU":"Magyarország","NAME_ID":"Hongaria","NAME_IT":"Ungheria","NAME_JA":"ハンガリー","NAME_KO":"헝가리","NAME_NL":"Hongarije","NAME_PL":"Węgry","NAME_PT":"Hungria","NAME_RU":"Венгрия","NAME_SV":"Ungern","NAME_TR":"Macaristan","NAME_UK":"Угорщина","NAME_UR":"ہنگری","NAME_VI":"Hungary","NAME_ZH":"匈牙利","NAME_ZHT":"匈牙利","FCLASS_ISO":"Admin-0 country","TLC_DIFF":null,"FCLASS_TLC":"Admin-0 country","FCLASS_US":null,"FCLASS_FR":null,"FCLASS_RU":null,"FCLASS_ES":null,"FCLASS_CN":null,"FCLASS_TW":null,"FCLASS_IN":null,"FCLASS_NP":null,"FCLASS_PK":null,"FCLASS_DE":null,"FCLASS_GB":null,"FCLASS_BR":null,"FCLASS_IL":null,"FCLASS_PS":null,"FCLASS_SA":null,"FCLASS_EG":null,"FCLASS_MA":null,"FCLASS_PT":null,"FCLASS_AR":null,"FCLASS_JP":null,"FCLASS_KO":null,"FCLASS_VN":null,"FCLASS_TR":null,"FCLASS_ID":null,"FCLASS_PL":null,"FCLASS_GR":null,"FCLASS_IT":null,"FCLASS_NL":null,"FCLASS_SE":null,"FCLASS_BD":null,"FCLASS_UA":null},"geometry":{"type":"Polygon","coordinates":[[[21.722255844582804,47.085215],[21.721777,47.084814],[21.661426,47.043896],[21.651465,47.006543],[21.652637,46.96377],[21.58418,46.878369],[21.494434,46.789746],[21.477051,46.753369],[21.49707,46.704297],[21.411035,46.647852],[21.361328,46.620752],[21.320215,46.607812],[21.294531,46.572461],[21.252246,46.486377],[21.263281,46.447754],[21.264551,46.412305],[21.191797,46.391553],[21.17041,46.352686],[21.151953,46.304346],[21.12168,46.282422],[21.039844,46.242236],[20.837012,46.259717],[20.760254,46.24624],[20.737402,46.21748],[20.732715,46.194434],[20.707422,46.172803],[20.661035,46.145654],[20.613672,46.133496],[20.508105,46.166943],[20.280957,46.133008],[20.241797,46.108594],[20.210156,46.126025],[20.161426,46.141895],[19.934082,46.161475],[19.844434,46.145898],[19.724512,46.151904],[19.613477,46.169189],[19.530762,46.155176],[19.45752,46.087354],[19.421289,46.064453],[19.392871,46.049805],[19.330273,46.028516],[19.278125,46.002881],[19.208398,45.984424],[19.146289,45.987012],[19.087305,46.016162],[19.066211,46.009521],[19.047656,45.982666],[19.015723,45.959717],[18.927832,45.931396],[18.905371,45.931738],[18.900293,45.931738],[18.833008,45.91084],[18.721777,45.899365],[18.666016,45.907471],[18.564648,45.813281],[18.533594,45.796143],[18.437305,45.767334],[18.358301,45.753027],[18.290625,45.764453],[18.263965,45.765479],[17.963867,45.770264],[17.807129,45.79043],[17.706445,45.827246],[17.639648,45.868359],[17.607031,45.91377],[17.529199,45.941309],[17.406348,45.951074],[17.310645,45.996143],[17.242188,46.076611],[17.149609,46.140332],[17.032715,46.187305],[16.939941,46.253662],[16.871484,46.339307],[16.748047,46.416406],[16.569922,46.48501],[16.516211,46.499902],[16.505664,46.52207],[16.418457,46.607227],[16.38125,46.638672],[16.38457,46.680811],[16.367188,46.704785],[16.335449,46.721631],[16.318457,46.78252],[16.308496,46.827979],[16.283594,46.857275],[16.093066,46.863281],[16.252539,46.971924],[16.331836,47.002197],[16.423926,46.996973],[16.453418,47.006787],[16.46123,47.022461],[16.476953,47.057861],[16.483351898230488,47.085215],[21.722255844582804,47.085215]]]}},{"type":"Feature","bbox":[-89.362598,12.979248,-83.15752,16.513965],"properties":{"featurecla":"Admin-0 country","scalerank":1,"LABELRANK":5,"SOVEREIGNT":"Honduras","SOV_A3":"HND","ADM0_DIF":0,"LEVEL":2,"TYPE":"Sovereign country","TLC":"1","ADMIN":"Honduras","ADM0_A3":"HND","GEOU_DIF":0,"GEOUNIT":"Honduras","GU_A3":"HND","SU_DIF":0,"SUBUNIT":"Honduras","SU_A3":"HND","BRK_DIFF":0,"NAME":"Honduras","NAME_LONG":"Honduras","BRK_A3":"HND","BRK_NAME":"Honduras","BRK_GROUP":null,"ABBREV":"Hond.","POSTAL":"HN","FORMAL_EN":"Republic of Honduras","FORMAL_FR":null,"NAME_CIAWF":"Honduras","NOTE_ADM0":null,"NOTE_BRK":null,"NAME_SORT":"Honduras","NAME_ALT":null,"MAPCOLOR7":2,"MAPCOLOR8":5,"MAPCOLOR9":2,"MAPCOLOR13":5,"POP_EST":9746117,"POP_RANK":13,"POP_YEAR":2019,"GDP_MD":25095,"GDP_YEAR":2019,"ECONOMY":"6. Developing region","INCOME_GRP":"4. Lower middle income","FIPS_10":"HO","ISO_A2":"HN","ISO_A2_EH":"HN","ISO_A3":"HND","ISO_A3_EH":"HND","ISO_N3":"340","ISO_N3_EH":"340","UN_A3":"340","WB_A2":"HN","WB_A3":"HND","WOE_ID":23424841,"WOE_ID_EH":23424841,"WOE_NOTE":"Exact WOE match as country","ADM0_ISO":"HND","ADM0_DIFF":null,"ADM0_TLC":"HND","ADM0_A3_US":"HND","ADM0_A3_FR":"HND","ADM0_A3_RU":"HND","ADM0_A3_ES":"HND","ADM0_A3_CN":"HND","ADM0_A3_TW":"HND","ADM0_A3_IN":"HND","ADM0_A3_NP":"HND","ADM0_A3_PK":"HND","ADM0_A3_DE":"HND","ADM0_A3_GB":"HND","ADM0_A3_BR":"HND","ADM0_A3_IL":"HND","ADM0_A3_PS":"HND","ADM0_A3_SA":"HND","ADM0_A3_EG":"HND","ADM0_A3_MA":"HND","ADM0_A3_PT":"HND","ADM0_A3_AR":"HND","ADM0_A3_JP":"HND","ADM0_A3_KO":"HND","ADM0_A3_VN":"HND","ADM0_A3_TR":"HND","ADM0_A3_ID":"HND","ADM0_A3_PL":"HND","ADM0_A3_GR":"HND","ADM0_A3_IT":"HND","ADM0_A3_NL":"HND","ADM0_A3_SE":"HND","ADM0_A3_BD":"HND","ADM0_A3_UA":"HND","ADM0_A3_UN":-99,"ADM0_A3_WB":-99,"CONTINENT":"North America","REGION_UN":"Americas","SUBREGION":"Central America","REGION_WB":"Latin America & Caribbean","NAME_LEN":8,"LONG_LEN":8,"ABBREV_LEN":5,"TINY":-99,"HOMEPART":1,"MIN_ZOOM":0,"MIN_LABEL":4.5,"MAX_LABEL":9.5,"LABEL_X":-86.887604,"LABEL_Y":14.794801,"NE_ID":1159320827,"WIKIDATAID":"Q783","NAME_AR":"هندوراس","NAME_BN":"হন্ডুরাস","NAME_DE":"Honduras","NAME_EN":"Honduras","NAME_ES":"Honduras","NAME_FA":"هندوراس","NAME_FR":"Honduras","NAME_EL":"Ονδούρα","NAME_HE":"הונדורס","NAME_HI":"हौण्डुरस","NAME_HU":"Honduras","NAME_ID":"Honduras","NAME_IT":"Honduras","NAME_JA":"ホンジュラス","NAME_KO":"온두라스","NAME_NL":"Honduras","NAME_PL":"Honduras","NAME_PT":"Honduras","NAME_RU":"Гондурас","NAME_SV":"Honduras","NAME_TR":"Honduras","NAME_UK":"Гондурас","NAME_UR":"ہونڈوراس","NAME_VI":"Honduras","NAME_ZH":"洪都拉斯","NAME_ZHT":"宏都拉斯","FCLASS_ISO":"Admin-0 country","TLC_DIFF":null,"FCLASS_TLC":"Admin-0 country","FCLASS_US":null,"FCLASS_FR":null,"FCLASS_RU":null,"FCLASS_ES":null,"FCLASS_CN":null,"FCLASS_TW":null,"FCLASS_IN":null,"FCLASS_NP":null,"FCLASS_PK":null,"FCLASS_DE":null,"FCLASS_GB":null,"FCLASS_BR":null,"FCLASS_IL":null,"FCLASS_PS":null,"FCLASS_SA":null,"FCLASS_EG":null,"FCLASS_MA":null,"FCLASS_PT":null,"FCLASS_AR":null,"FCLASS_JP":null,"FCLASS_KO":null,"FCLASS_VN":null,"FCLASS_TR":null,"FCLASS_ID":null,"FCLASS_PL":null,"FCLASS_GR":null,"FCLASS_IT":null,"FCLASS_NL":null,"FCLASS_SE":null,"FCLASS_BD":null,"FCLASS_UA":null},"geometry":{"type":"MultiPolygon","coordinates":[[],[],[]]}},{"type":"Feature","bbox":[-74.478125,18.03916,-71.645312,20.093652],"properties":{"featurecla":"Admin-0 country","scalerank":1,"LABELRANK":5,"SOVEREIGNT":"Haiti","SOV_A3":"HTI","ADM0_DIF":0,"LEVEL":2,"TYPE":"Sovereign country","TLC":"1","ADMIN":"Haiti","ADM0_A3":"HTI","GEOU_DIF":0,"GEOUNIT":"Haiti","GU_A3":"HTI","SU_DIF":0,"SUBUNIT":"Haiti","SU_A3":"HTI","BRK_DIFF":0,"NAME":"Haiti","NAME_LONG":"Haiti","BRK_A3":"HTI","BRK_NAME":"Haiti","BRK_GROUP":null,"ABBREV":"Haiti","POSTAL":"HT","FORMAL_EN":"Republic of Haiti","FORMAL_FR":null,"NAME_CIAWF":"Haiti","NOTE_ADM0":null,"NOTE_BRK":null,"NAME_SORT":"Haiti","NAME_ALT":null,"MAPCOLOR7":2,"MAPCOLOR8":1,"MAPCOLOR9":7,"MAPCOLOR13":2,"POP_EST":11263077,"POP_RANK":14,"POP_YEAR":2019,"GDP_MD":14332,"GDP_YEAR":2019,"ECONOMY":"7. Least developed region","INCOME_GRP":"5. Low income","FIPS_10":"HA","ISO_A2":"HT","ISO_A2_EH":"HT","ISO_A3":"HTI","ISO_A3_EH":"HTI","ISO_N3":"332","ISO_N3_EH":"332","UN_A3":"332","WB_A2":"HT","WB_A3":"HTI","WOE_ID":23424839,"WOE_ID_EH":23424839,"WOE_NOTE":"Exact WOE match as country","ADM0_ISO":"HTI","ADM0_DIFF":null,"ADM0_TLC":"HTI","ADM0_A3_US":"HTI","ADM0_A3_FR":"HTI","ADM0_A3_RU":"HTI","ADM0_A3_ES":"HTI","ADM0_A3_CN":"HTI","ADM0_A3_TW":"HTI","ADM0_A3_IN":"HTI","ADM0_A3_NP":"HTI","ADM0_A3_PK":"HTI","ADM0_A3_DE":"HTI","ADM0_A3_GB":"HTI","ADM0_A3_BR":"HTI","ADM0_A3_IL":"HTI","ADM0_A3_PS":"HTI","ADM0_A3_SA":"HTI","ADM0_A3_EG":"HTI","ADM0_A3_MA":"HTI","ADM0_A3_PT":"HTI","ADM0_A3_AR":"HTI","ADM0_A3_JP":"HTI","ADM0_A3_KO":"HTI","ADM0_A3_VN":"HTI","ADM0_A3_TR":"HTI","ADM0_A3_ID":"HTI","ADM0_A3_PL":"HTI","ADM0_A3_GR":"HTI","ADM0_A3_IT":"HTI","ADM0_A3_NL":"HTI","ADM0_A3_SE":"HTI","ADM0_A3_BD":"HTI","ADM0_A3_UA":"HTI","ADM0_A3_UN":-99,"ADM0_A3_WB":-99,"CONTINENT":"North America","REGION_UN":"Americas","SUBREGION":"Caribbean","REGION_WB":"Latin America & Caribbean","NAME_LEN":5,"LONG_LEN":5,"ABBREV_LEN":5,"TINY":-99,"HOMEPART":1,"MIN_ZOOM":0,"MIN_LABEL":4,"MAX_LABEL":9,"LABEL_X":-72.224051,"LABEL_Y":19.263784,"NE_ID":1159320839,"WIKIDATAID":"Q790","NAME_AR":"هايتي","NAME_BN":"হাইতি","NAME_DE":"Haiti","NAME_EN":"Haiti","NAME_ES":"Haití","NAME_FA":"هائیتی","NAME_FR":"Haïti","NAME_EL":"Αϊτή","NAME_HE":"האיטי","NAME_HI":"हैती","NAME_HU":"Haiti","NAME_ID":"Haiti","NAME_IT":"Haiti","NAME_JA":"ハイチ","NAME_KO":"아이티","NAME_NL":"Haïti","NAME_PL":"Haiti","NAME_PT":"Haiti","NAME_RU":"Республика Гаити","NAME_SV":"Haiti","NAME_TR":"Haiti","NAME_UK":"Гаїті","NAME_UR":"ہیٹی","NAME_VI":"Haiti","NAME_ZH":"海地","NAME_ZHT":"海地","FCLASS_ISO":"Admin-0 country","TLC_DIFF":null,"FCLASS_TLC":"Admin-0 country","FCLASS_US":null,"FCLASS_FR":null,"FCLASS_RU":null,"FCLASS_ES":null,"FCLASS_CN":null,"FCLASS_TW":null,"FCLASS_IN":null,"FCLASS_NP":null,"FCLASS_PK":null,"FCLASS_DE":null,"FCLASS_GB":null,"FCLASS_BR":null,"FCLASS_IL":null,"FCLASS_PS":null,"FCLASS_SA":null,"FCLASS_EG":null,"FCLASS_MA":null,"FCLASS_PT":null,"FCLASS_AR":null,"FCLASS_JP":null,"FCLASS_KO":null,"FCLASS_VN":null,"FCLASS_TR":null,"FCLASS_ID":null,"FCLASS_PL":null,"FCLASS_GR":null,"FCLASS_IT":null,"FCLASS_NL":null,"FCLASS_SE":null,"FCLASS_BD":null,"FCLASS_UA":null},"geometry":{"type":"MultiPolygon","coordinates":[[],[],[]]}},{"type":"Feature","bbox":[-16.711816,10.940137,-13.673535,12.679932],"properties":{"featurecla":"Admin-0 country","scalerank":1,"LABELRANK":6,"SOVEREIGNT":"Guinea-Bissau","SOV_A3":"GNB","ADM0_DIF":0,"LEVEL":2,"TYPE":"Sovereign country","TLC":"1","ADMIN":"Guinea-Bissau","ADM0_A3":"GNB","GEOU_DIF":0,"GEOUNIT":"Guinea-Bissau","GU_A3":"GNB","SU_DIF":0,"SUBUNIT":"Guinea-Bissau","SU_A3":"GNB","BRK_DIFF":0,"NAME":"Guinea-Bissau","NAME_LONG":"Guinea-Bissau","BRK_A3":"GNB","BRK_NAME":"Guinea-Bissau","BRK_GROUP":null,"ABBREV":"GnB.","POSTAL":"GW","FORMAL_EN":"Republic of Guinea-Bissau","FORMAL_FR":null,"NAME_CIAWF":"Guinea-Bissau","NOTE_ADM0":null,"NOTE_BRK":null,"NAME_SORT":"Guinea-Bissau","NAME_ALT":null,"MAPCOLOR7":3,"MAPCOLOR8":5,"MAPCOLOR9":3,"MAPCOLOR13":4,"POP_EST":1920922,"POP_RANK":12,"POP_YEAR":2019,"GDP_MD":1339,"GDP_YEAR":2019,"ECONOMY":"7. Least developed region","INCOME_GRP":"5. Low income","FIPS_10":"PU","ISO_A2":"GW","ISO_A2_EH":"GW","ISO_A3":"GNB","ISO_A3_EH":"GNB","ISO_N3":"624","ISO_N3_EH":"624","UN_A3":"624","WB_A2":"GW","WB_A3":"GNB","WOE_ID":23424929,"WOE_ID_EH":23424929,"WOE_NOTE":"Exact WOE match as country","ADM0_ISO":"GNB","ADM0_DIFF":null,"ADM0_TLC":"GNB","ADM0_A3_US":"GNB","ADM0_A3_FR":"GNB","ADM0_A3_RU":"GNB","ADM0_A3_ES":"GNB","ADM0_A3_CN":"GNB","ADM0_A3_TW":"GNB","ADM0_A3_IN":"GNB","ADM0_A3_NP":"GNB","ADM0_A3_PK":"GNB","ADM0_A3_DE":"GNB","ADM0_A3_GB":"GNB","ADM0_A3_BR":"GNB","ADM0_A3_IL":"GNB","ADM0_A3_PS":"GNB","ADM0_A3_SA":"GNB","ADM0_A3_EG":"GNB","ADM0_A3_MA":"GNB","ADM0_A3_PT":"GNB","ADM0_A3_AR":"GNB","ADM0_A3_JP":"GNB","ADM0_A3_KO":"GNB","ADM0_A3_VN":"GNB","ADM0_A3_TR":"GNB","ADM0_A3_ID":"GNB","ADM0_A3_PL":"GNB","ADM0_A3_GR":"GNB","ADM0_A3_IT":"GNB","ADM0_A3_NL":"GNB","ADM0_A3_SE":"GNB","ADM0_A3_BD":"GNB","ADM0_A3_UA":"GNB","ADM0_A3_UN":-99,"ADM0_A3_WB":-99,"CONTINENT":"Africa","REGION_UN":"Africa","SUBREGION":"Western Africa","REGION_WB":"Sub-Saharan Africa","NAME_LEN":13,"LONG_LEN":13,"ABBREV_LEN":4,"TINY":-99,"HOMEPART":1,"MIN_ZOOM":0,"MIN_LABEL":5,"MAX_LABEL":10,"LABEL_X":-14.52413,"LABEL_Y":12.163712,"NE_ID":1159320799,"WIKIDATAID":"Q1007","NAME_AR":"غينيا بيساو","NAME_BN":"গিনি-বিসাউ","NAME_DE":"Guinea-Bissau","NAME_EN":"Guinea-Bissau","NAME_ES":"Guinea-Bisáu","NAME_FA":"گینه بیسائو","NAME_FR":"Guinée-Bissau","NAME_EL":"Γουινέα-Μπισσάου","NAME_HE":"גינאה ביסאו","NAME_HI":"गिनी-बिसाऊ","NAME_HU":"Bissau-Guinea","NAME_ID":"Guinea-Bissau","NAME_IT":"Guinea-Bissau","NAME_JA":"ギニアビサウ","NAME_KO":"기니비사우","NAME_NL":"Guinee-Bissau","NAME_PL":"Gwinea Bissau","NAME_PT":"Guiné-Bissau","NAME_RU":"Гвинея-Бисау","NAME_SV":"Guinea-Bissau","NAME_TR":"Gine-Bissau","NAME_UK":"Гвінея-Бісау","NAME_UR":"گنی بساؤ","NAME_VI":"Guiné-Bissau","NAME_ZH":"几内亚比绍","NAME_ZHT":"幾內亞比索","FCLASS_ISO":"Admin-0 country","TLC_DIFF":null,"FCLASS_TLC":"Admin-0 country","FCLASS_US":null,"FCLASS_FR":null,"FCLASS_RU":null,"FCLASS_ES":null,"FCLASS_CN":null,"FCLASS_TW":null,"FCLASS_IN":null,"FCLASS_NP":null,"FCLASS_PK":null,"FCLASS_DE":null,"FCLASS_GB":null,"FCLASS_BR":null,"FCLASS_IL":null,"FCLASS_PS":null,"FCLASS_SA":null,"FCLASS_EG":null,"FCLASS_MA":null,"FCLASS_PT":null,"FCLASS_AR":null,"FCLASS_JP":null,"FCLASS_KO":null,"FCLASS_VN":null,"FCLASS_TR":null,"FCLASS_ID":null,"FCLASS_PL":null,"FCLASS_GR":null,"FCLASS_IT":null,"FCLASS_NL":null,"FCLASS_SE":null,"FCLASS_BD":null,"FCLASS_UA":null},"geometry":{"type":"MultiPolygon","coordinates":[[],[],[],[],[],[],[]]}},{"type":"Feature","bbox":[19.646484,34.934473,28.231836,41.743799],"properties":{"featurecla":"Admin-0 country","scalerank":3,"LABELRANK":3,"SOVEREIGNT":"Greece","SOV_A3":"GRC","ADM0_DIF":0,"LEVEL":2,"TYPE":"Sovereign country","TLC":"1","ADMIN":"Greece","ADM0_A3":"GRC","GEOU_DIF":0,"GEOUNIT":"Greece","GU_A3":"GRC","SU_DIF":0,"SUBUNIT":"Greece","SU_A3":"GRC","BRK_DIFF":0,"NAME":"Greece","NAME_LONG":"Greece","BRK_A3":"GRC","BRK_NAME":"Greece","BRK_GROUP":null,"ABBREV":"Greece","POSTAL":"GR","FORMAL_EN":"Hellenic Republic","FORMAL_FR":null,"NAME_CIAWF":"Greece","NOTE_ADM0":null,"NOTE_BRK":null,"NAME_SORT":"Greece","NAME_ALT":null,"MAPCOLOR7":2,"MAPCOLOR8":2,"MAPCOLOR9":2,"MAPCOLOR13":9,"POP_EST":10716322,"POP_RANK":14,"POP_YEAR":2019,"GDP_MD":209852,"GDP_YEAR":2019,"ECONOMY":"2. Developed region: nonG7","INCOME_GRP":"1. High income: OECD","FIPS_10":"GR","ISO_A2":"GR","ISO_A2_EH":"GR","ISO_A3":"GRC","ISO_A3_EH":"GRC","ISO_N3":"300","ISO_N3_EH":"300","UN_A3":"300","WB_A2":"GR","WB_A3":"GRC","WOE_ID":23424833,"WOE_ID_EH":23424833,"WOE_NOTE":"Exact WOE match as country","ADM0_ISO":"GRC","ADM0_DIFF":null,"ADM0_TLC":"GRC","ADM0_A3_US":"GRC","ADM0_A3_FR":"GRC","ADM0_A3_RU":"GRC","ADM0_A3_ES":"GRC","ADM0_A3_CN":"GRC","ADM0_A3_TW":"GRC","ADM0_A3_IN":"GRC","ADM0_A3_NP":"GRC","ADM0_A3_PK":"GRC","ADM0_A3_DE":"GRC","ADM0_A3_GB":"GRC","ADM0_A3_BR":"GRC","ADM0_A3_IL":"GRC","ADM0_A3_PS":"GRC","ADM0_A3_SA":"GRC","ADM0_A3_EG":"GRC","ADM0_A3_MA":"GRC","ADM0_A3_PT":"GRC","ADM0_A3_AR":"GRC","ADM0_A3_JP":"GRC","ADM0_A3_KO":"GRC","ADM0_A3_VN":"GRC","ADM0_A3_TR":"GRC","ADM0_A3_ID":"GRC","ADM0_A3_PL":"GRC","ADM0_A3_GR":"GRC","ADM0_A3_IT":"GRC","ADM0_A3_NL":"GRC","ADM0_A3_SE":"GRC","ADM0_A3_BD":"GRC","ADM0_A3_UA":"GRC","ADM0_A3_UN":-99,"ADM0_A3_WB":-99,"CONTINENT":"Europe","REGION_UN":"Europe","SUBREGION":"Southern Europe","REGION_WB":"Europe & Central Asia","NAME_LEN":6,"LONG_LEN":6,"ABBREV_LEN":6,"TINY":-99,"HOMEPART":1,"MIN_ZOOM":0,"MIN_LABEL":2.7,"MAX_LABEL":8,"LABEL_X":21.72568,"LABEL_Y":39.492763,"NE_ID":1159320811,"WIKIDATAID":"Q41","NAME_AR":"اليونان","NAME_BN":"গ্রিস","NAME_DE":"Griechenland","NAME_EN":"Greece","NAME_ES":"Grecia","NAME_FA":"یونان","NAME_FR":"Grèce","NAME_EL":"Ελλάδα","NAME_HE":"יוון","NAME_HI":"यूनान","NAME_HU":"Görögország","NAME_ID":"Yunani","NAME_IT":"Grecia","NAME_JA":"ギリシャ","NAME_KO":"그리스","NAME_NL":"Griekenland","NAME_PL":"Grecja","NAME_PT":"Grécia","NAME_RU":"Греция","NAME_SV":"Grekland","NAME_TR":"Yunanistan","NAME_UK":"Греція","NAME_UR":"یونان","NAME_VI":"Hy Lạp","NAME_ZH":"希腊","NAME_ZHT":"希臘","FCLASS_ISO":"Admin-0 country","TLC_DIFF":null,"FCLASS_TLC":"Admin-0 country","FCLASS_US":null,"FCLASS_FR":null,"FCLASS_RU":null,"FCLASS_ES":null,"FCLASS_CN":null,"FCLASS_TW":null,"FCLASS_IN":null,"FCLASS_NP":null,"FCLASS_PK":null,"FCLASS_DE":null,"FCLASS_GB":null,"FCLASS_BR":null,"FCLASS_IL":null,"FCLASS_PS":null,"FCLASS_SA":null,"FCLASS_EG":null,"FCLASS_MA":null,"FCLASS_PT":null,"FCLASS_AR":null,"FCLASS_JP":null,"FCLASS_KO":null,"FCLASS_VN":null,"FCLASS_TR":null,"FCLASS_ID":null,"FCLASS_PL":null,"FCLASS_GR":null,"FCLASS_IT":null,"FCLASS_NL":null,"FCLASS_SE":null,"FCLASS_BD":null,"FCLASS_UA":null},"geometry":{"type":"MultiPolygon","coordinates":[[[[27.860156,36.553906],[27.838281,36.537988],[27.788086,36.583691],[27.785742,36.60752],[27.836816,36.634863],[27.8625,36.641162],[27.869824,36.62251],[27.869043,36.582666],[27.860156,36.553906]]],[[[20.612305,38.38335],[20.624707,38.267871],[20.695215,38.246191],[20.788867,38.14209],[20.780762,38.088818],[20.761328,38.070557],[20.606152,38.119727],[20.568945,38.097656],[20.523535,38.106641],[20.495508,38.16416],[20.49873,38.184375],[20.47334,38.218799],[20.452148,38.23418],[20.391016,38.188428],[20.352539,38.179883],[20.352246,38.221729],[20.408691,38.336768],[20.435059,38.356201],[20.481445,38.318213],[20.519629,38.332324],[20.54834,38.394531],[20.550293,38.456543],[20.563184,38.474951],[20.612305,38.38335]]],[[[20.888477,37.805371],[20.993945,37.708008],[20.909082,37.732129],[20.818555,37.664746],[20.703809,37.743457],[20.635059,37.823145],[20.619531,37.855029],[20.691504,37.929541],[20.758691,37.852979],[20.839844,37.840723],[20.888477,37.805371]]],[[[20.686719,38.608691],[20.647852,38.600977],[20.614355,38.60625],[20.583984,38.601709],[20.554688,38.582568],[20.55791,38.661865],[20.59248,38.760156],[20.634668,38.817578],[20.694141,38.844238],[20.719629,38.79917],[20.714844,38.63833],[20.686719,38.608691]]],[[[20.758691,38.329443],[20.709277,38.318604],[20.646387,38.414307],[20.623633,38.480322],[20.649707,38.483984],[20.674805,38.476318],[20.70127,38.451416],[20.701074,38.425928],[20.711621,38.398633],[20.73916,38.365771],[20.758691,38.329443]]],[[[20.07793,39.432715],[20.099609,39.376611],[19.975,39.411426],[19.883984,39.461523],[19.808887,39.585303],[19.648926,39.726172],[19.646484,39.76709],[19.707324,39.798096],[19.838574,39.820117],[19.891699,39.797266],[19.926074,39.77373],[19.936816,39.746729],[19.862207,39.692627],[19.84668,39.668115],[19.904102,39.619482],[19.903125,39.6],[19.927344,39.505908],[19.955273,39.47041],[20.027734,39.44209],[20.07793,39.432715]]],[[[23.41543,38.958643],[23.471973,38.850098],[23.525,38.813477],[23.63623,38.770215],[23.688477,38.764697],[23.878223,38.686572],[24.099023,38.670996],[24.127539,38.648486],[24.154688,38.588281],[24.199707,38.541016],[24.211035,38.504248],[24.1875,38.463428],[24.220117,38.338623],[24.275781,38.22002],[24.359668,38.1625],[24.463965,38.145117],[24.563281,38.14751],[24.588379,38.123975],[24.578516,38.020166],[24.536523,37.979736],[24.502344,37.969922],[24.472656,37.980518],[24.445801,38.00498],[24.416504,38.016553],[24.359473,38.018555],[24.317773,38.060352],[24.212012,38.117529],[24.192578,38.15166],[24.189063,38.204297],[24.144141,38.243066],[24.102832,38.316846],[24.063574,38.337207],[24.041895,38.374121],[24.040137,38.38999],[23.88623,38.400732],[23.758789,38.401221],[23.650781,38.443066],[23.617383,38.552539],[23.55332,38.581982],[23.505273,38.612939],[23.465234,38.655859],[23.364063,38.73501],[23.252148,38.801221],[23.143945,38.844824],[23.029102,38.873389],[22.935742,38.839648],[22.881348,38.847656],[22.870313,38.870508],[22.986328,38.915918],[23.145801,39.002686],[23.258203,39.031348],[23.312695,39.034912],[23.41543,38.958643]]],[[[23.779785,39.114404],[23.735156,39.080566],[23.666113,39.095361],[23.593945,39.208594],[23.779785,39.114404]]],[[[23.887988,39.158301],[23.841211,39.146582],[23.888086,39.226367],[23.970898,39.267725],[23.939746,39.200537],[23.887988,39.158301]]],[[[24.674707,38.809229],[24.569043,38.784814],[24.541016,38.788672],[24.564551,38.819434],[24.566406,38.832373],[24.461035,38.888623],[24.473438,38.96167],[24.485645,38.980273],[24.564063,38.942236],[24.58125,38.878857],[24.674707,38.809229]]],[[[24.774219,40.615186],[24.645898,40.579443],[24.515527,40.647021],[24.516699,40.687207],[24.585547,40.76875],[24.62334,40.79292],[24.719141,40.786279],[24.773633,40.730273],[24.786328,40.703857],[24.768652,40.658887],[24.774219,40.615186]]],[[[23.550977,37.925879],[23.511426,37.901172],[23.466797,37.902393],[23.435254,37.911475],[23.419336,37.93125],[23.439063,37.940674],[23.462207,37.980371],[23.483691,37.991113],[23.515527,37.986035],[23.534863,37.970215],[23.550977,37.925879]]],[[[23.053809,36.189795],[23.042188,36.146387],[22.939453,36.176221],[22.91084,36.220996],[22.905664,36.320312],[22.932617,36.36875],[22.950488,36.383936],[22.997852,36.328125],[23.09707,36.246582],[23.053809,36.189795]]],[[[27.176074,35.465283],[27.137891,35.409082],[27.099121,35.456445],[27.11582,35.511133],[27.070703,35.597754],[27.156055,35.72627],[27.158008,35.788672],[27.223145,35.820459],[27.207031,35.714453],[27.157227,35.629492],[27.208887,35.558936],[27.233594,35.478564],[27.176074,35.465283]]],[[[27.019727,36.959033],[26.919922,36.945215],[26.937695,37.024609],[26.888672,37.087256],[26.966602,37.0521],[27.016016,37.009668],[27.040137,37.001562],[27.03457,36.975977],[27.019727,36.959033]]],[[[26.949609,36.7271],[26.918359,36.725928],[26.955566,36.774219],[27.061133,36.840381],[27.214941,36.898633],[27.265625,36.905127],[27.352148,36.868896],[27.193164,36.809131],[27.150977,36.777588],[27.033594,36.770752],[26.949609,36.7271]]],[[[25.545898,36.967578],[25.456738,36.929688],[25.395898,36.984375],[25.361914,37.07041],[25.525293,37.196387],[25.564355,37.185107],[25.587891,37.152539],[25.584277,37.039307],[25.545898,36.967578]]],[[[25.278906,37.068408],[25.199414,36.991309],[25.133301,36.999658],[25.105469,37.034961],[25.146484,37.107422],[25.235059,37.148535],[25.275293,37.137842],[25.271484,37.08418],[25.278906,37.068408]]],[[[25.482422,36.392627],[25.435938,36.340088],[25.370508,36.358936],[25.397168,36.378955],[25.412891,36.404883],[25.414648,36.442285],[25.396875,36.465332],[25.408984,36.47373],[25.467383,36.435059],[25.482422,36.392627]]],[[[25.381738,36.674023],[25.364355,36.65835],[25.288672,36.721533],[25.259961,36.758447],[25.295898,36.78916],[25.406934,36.717334],[25.381738,36.674023]]],[[[26.824414,37.811426],[26.947363,37.778467],[26.981543,37.781982],[27.039648,37.77002],[27.055078,37.709277],[26.978125,37.700488],[26.844922,37.644727],[26.788281,37.656982],[26.720508,37.705469],[26.612891,37.710498],[26.581055,37.72373],[26.638672,37.780859],[26.743359,37.809766],[26.824414,37.811426]]],[[[26.029297,37.529395],[25.982422,37.525586],[25.996777,37.565576],[26.086328,37.634912],[26.211523,37.638281],[26.325586,37.673047],[26.351367,37.674316],[26.296875,37.61958],[26.204883,37.568506],[26.029297,37.529395]]],[[[25.859375,36.79043],[25.771094,36.782227],[25.743164,36.789746],[25.796777,36.807031],[25.834375,36.825391],[25.852441,36.847559],[25.941992,36.886572],[26.000684,36.937402],[26.064453,36.902734],[25.984668,36.879687],[25.859375,36.79043]]],[[[26.460645,36.5854],[26.381641,36.561523],[26.331445,36.511377],[26.27002,36.546924],[26.269824,36.59541],[26.337012,36.580566],[26.38418,36.607861],[26.37002,36.638574],[26.421289,36.624219],[26.460645,36.5854]]],[[[24.355957,37.576855],[24.288965,37.528271],[24.277441,37.601123],[24.32041,37.677734],[24.379102,37.682715],[24.400781,37.649023],[24.355957,37.576855]]],[[[24.435742,37.344434],[24.378906,37.314111],[24.397754,37.383447],[24.369727,37.419629],[24.394824,37.450391],[24.43125,37.475195],[24.448535,37.449561],[24.481445,37.408008],[24.435742,37.344434]]],[[[24.535742,36.76377],[24.5375,36.705029],[24.530664,36.683984],[24.325977,36.655615],[24.344922,36.722998],[24.357422,36.744287],[24.425195,36.712939],[24.450195,36.728955],[24.460352,36.747461],[24.535742,36.76377]]],[[[24.942871,37.493506],[24.937891,37.389697],[24.911523,37.390576],[24.896191,37.406592],[24.895313,37.446338],[24.906543,37.508887],[24.942871,37.493506]]],[[[24.991699,37.759619],[24.962207,37.692383],[24.884082,37.770508],[24.798535,37.824023],[24.766504,37.870703],[24.714355,37.898877],[24.700195,37.96167],[24.763379,37.9875],[24.79043,37.990137],[24.855078,37.913672],[24.956348,37.904785],[24.948438,37.857666],[24.980469,37.796924],[24.991699,37.759619]]],[[[25.255859,37.599609],[25.21875,37.535107],[25.156348,37.545068],[25.051953,37.614453],[25.016309,37.645947],[24.996484,37.676904],[25.039355,37.680664],[25.091797,37.647998],[25.225391,37.630664],[25.255859,37.599609]]],[[[24.720898,36.921436],[24.702637,36.91709],[24.676465,36.959277],[24.670996,36.998584],[24.681445,37.021631],[24.716113,37.023828],[24.763184,36.949219],[24.720898,36.921436]]],[[[26.094043,38.218066],[25.998535,38.161523],[25.891895,38.243311],[25.874316,38.269629],[25.952637,38.302637],[25.991406,38.353516],[25.959961,38.416016],[25.85127,38.508398],[25.846094,38.574023],[26.0125,38.601709],[26.110449,38.544629],[26.160352,38.540723],[26.141211,38.486182],[26.149609,38.468457],[26.157031,38.30293],[26.110742,38.279639],[26.103125,38.23418],[26.094043,38.218066]]],[[[26.410156,39.329443],[26.392773,39.270117],[26.531055,39.171777],[26.578223,39.109521],[26.595605,39.048828],[26.583984,39.031445],[26.531543,39.064355],[26.488672,39.074805],[26.503125,39.031445],[26.547168,38.994141],[26.46875,38.972803],[26.390137,38.973926],[26.16084,39.025879],[26.10791,39.081055],[26.245117,39.164111],[26.273145,39.197559],[26.175977,39.194287],[26.072363,39.095605],[25.90625,39.138965],[25.855469,39.178662],[25.844141,39.200049],[25.90957,39.287549],[26.026465,39.284619],[26.088379,39.304297],[26.164844,39.331982],[26.16543,39.373535],[26.347754,39.383008],[26.410156,39.329443]]],[[[25.685742,40.426562],[25.572656,40.400439],[25.448047,40.482812],[25.568555,40.515869],[25.624316,40.491992],[25.664258,40.463867],[25.685742,40.426562]]],[[[25.437695,39.983301],[25.399902,39.949561],[25.37207,39.891309],[25.357031,39.808105],[25.29873,39.806104],[25.263379,39.822949],[25.251758,39.854395],[25.249414,39.894141],[25.223828,39.892578],[25.203223,39.849414],[25.185156,39.829932],[25.126465,39.82583],[25.062207,39.852393],[25.065234,39.909863],[25.052344,39.976367],[25.058008,39.999658],[25.23418,40.00542],[25.285742,39.956299],[25.348047,39.984766],[25.373633,40.015527],[25.449121,40.034814],[25.437695,39.983301]]],[[[25.402734,37.419141],[25.307129,37.412988],[25.312695,37.489307],[25.348145,37.50918],[25.462988,37.471094],[25.457422,37.44707],[25.402734,37.419141]]],[[[24.523535,37.125098],[24.486523,37.110059],[24.424805,37.131982],[24.441211,37.186865],[24.483789,37.210205],[24.529102,37.192334],[24.535938,37.167676],[24.523535,37.125098]]],[[[27.842773,35.929297],[27.770605,35.908301],[27.745703,35.911035],[27.715527,35.957324],[27.757324,36.069189],[27.718652,36.141113],[27.716309,36.171582],[27.774414,36.21377],[27.815234,36.276953],[27.914453,36.345312],[28.171484,36.426221],[28.231836,36.433643],[28.230078,36.370264],[28.144043,36.209863],[28.067676,36.129687],[28.087793,36.065332],[27.965527,36.04751],[27.842773,35.929297]]],[[[23.852246,35.535449],[23.920605,35.528174],[24.013281,35.529443],[24.034375,35.5354],[24.093359,35.593848],[24.166016,35.595215],[24.197754,35.537451],[24.124023,35.51084],[24.108984,35.495801],[24.123145,35.483643],[24.178516,35.459521],[24.255371,35.468604],[24.257715,35.423145],[24.274902,35.385986],[24.312891,35.363818],[24.354004,35.359473],[24.444922,35.366016],[24.53457,35.380762],[24.626953,35.409912],[24.721289,35.424805],[25.003125,35.409863],[25.104297,35.346924],[25.296777,35.339355],[25.475684,35.306201],[25.569629,35.328076],[25.730176,35.348584],[25.755859,35.326367],[25.735156,35.184033],[25.74502,35.142725],[25.791309,35.122852],[25.837109,35.132568],[25.893359,35.179199],[26.028027,35.215283],[26.167871,35.215088],[26.285547,35.309766],[26.320215,35.315137],[26.298633,35.268604],[26.280859,35.159229],[26.255566,35.095166],[26.244336,35.044678],[26.165625,35.018604],[26.04668,35.01416],[25.829688,35.025195],[25.610938,35.007324],[25.205762,34.959277],[24.799805,34.934473],[24.745215,34.950635],[24.743945,35.014355],[24.735156,35.058301],[24.708887,35.089062],[24.583398,35.115332],[24.463672,35.160352],[23.994336,35.221924],[23.883594,35.246094],[23.703906,35.233496],[23.638086,35.235156],[23.592773,35.257227],[23.561621,35.295166],[23.547559,35.415576],[23.569824,35.534766],[23.608691,35.56626],[23.626563,35.530371],[23.672656,35.513916],[23.71543,35.550146],[23.715039,35.604736],[23.736914,35.655518],[23.770801,35.634229],[23.793359,35.556201],[23.852246,35.535449]]],[[[26.320898,41.716553],[26.410547,41.696338],[26.4625,41.663379],[26.49502,41.633252],[26.544531,41.607227],[26.581348,41.60127],[26.609766,41.512158],[26.624902,41.401758],[26.602344,41.35415],[26.536426,41.343115],[26.330664,41.23877],[26.325684,41.143262],[26.328418,41.097021],[26.332617,41.064307],[26.354102,41.036768],[26.354102,40.99707],[26.331055,40.954492],[26.241211,40.883203],[26.178906,40.826514],[26.10918,40.749658],[26.069727,40.740283],[26.038965,40.726758],[26.010742,40.769141],[25.855664,40.844092],[25.496777,40.887793],[25.325293,40.943115],[25.250098,40.932812],[25.104492,40.994727],[25.004688,40.967529],[24.792969,40.85752],[24.678711,40.869482],[24.556543,40.935596],[24.477051,40.947754],[24.383789,40.912744],[24.234375,40.786133],[24.082324,40.724072],[23.946094,40.74834],[23.762793,40.747803],[23.743262,40.677002],[23.778711,40.627979],[23.878906,40.544385],[23.831934,40.481543],[23.866797,40.418555],[23.932031,40.405762],[24.030566,40.409326],[24.212793,40.327783],[24.29248,40.241797],[24.343359,40.147705],[24.232422,40.215186],[24.158789,40.280029],[24.056055,40.303564],[23.913184,40.358789],[23.823438,40.368018],[23.72793,40.329736],[23.720508,40.286279],[23.823438,40.205127],[23.917578,40.155225],[23.96748,40.114551],[24.000781,40.024609],[23.981836,39.994043],[23.94707,39.965576],[23.835352,40.022266],[23.664551,40.223828],[23.42627,40.263965],[23.386426,40.221973],[23.433203,40.11543],[23.46709,40.073926],[23.674121,39.958887],[23.65752,39.934473],[23.627344,39.924072],[23.395605,39.989844],[23.328223,40.089941],[23.312012,40.216455],[23.098145,40.304297],[22.896484,40.399902],[22.851367,40.490625],[22.892871,40.524268],[22.922266,40.590869],[22.811426,40.578613],[22.741895,40.536475],[22.629492,40.495557],[22.624902,40.428613],[22.642676,40.366602],[22.605469,40.276416],[22.569336,40.119336],[22.592188,40.036914],[22.835742,39.800586],[22.919043,39.628906],[22.978809,39.563818],[23.103418,39.492041],[23.233398,39.358447],[23.288477,39.288818],[23.327734,39.174902],[23.218359,39.104395],[23.154688,39.101465],[23.119434,39.132764],[23.16875,39.210449],[23.161719,39.257764],[22.992871,39.331055],[22.921387,39.306348],[22.838965,39.258594],[22.886035,39.169971],[22.938965,39.111523],[22.965527,39.030908],[23.066699,39.037939],[22.930469,38.947705],[22.802637,38.901611],[22.676855,38.898926],[22.596777,38.890576],[22.569141,38.86748],[22.634277,38.850684],[22.6875,38.84917],[22.774023,38.800391],[23.020313,38.741895],[23.137695,38.667969],[23.25293,38.66123],[23.368945,38.525537],[23.569629,38.489404],[23.683984,38.352441],[23.836035,38.325488],[23.966992,38.275],[24.005371,38.226807],[24.024512,38.139795],[24.033008,37.955322],[24.061328,37.81792],[24.062305,37.774512],[24.055371,37.709619],[24.019727,37.677734],[23.971582,37.676758],[23.877344,37.777783],[23.732813,37.884082],[23.580469,38.010547],[23.537207,38.032764],[23.501758,38.034863],[23.420215,37.99209],[23.193652,37.959033],[23.087402,37.912842],[23.047461,37.902637],[23.036328,37.878369],[23.086133,37.853125],[23.147168,37.795312],[23.147168,37.71626],[23.197559,37.620215],[23.262695,37.59541],[23.347559,37.597559],[23.396191,37.579785],[23.408789,37.541553],[23.458105,37.496924],[23.490625,37.463867],[23.489258,37.440186],[23.252539,37.377295],[23.203027,37.348535],[23.161523,37.333838],[23.1,37.36377],[23.096484,37.440576],[23.015137,37.481787],[22.940527,37.51709],[22.851074,37.532227],[22.775,37.585107],[22.725391,37.542139],[22.765039,37.393311],[22.851074,37.29082],[22.99502,37.015869],[23.060352,36.853516],[23.073535,36.774951],[23.041016,36.644531],[23.111719,36.547607],[23.160156,36.448096],[23.106836,36.451855],[23.060547,36.486963],[22.98291,36.528369],[22.832324,36.687109],[22.779883,36.786182],[22.717188,36.793945],[22.608398,36.779736],[22.489063,36.568164],[22.489453,36.446924],[22.427734,36.475781],[22.374805,36.513574],[22.38125,36.646191],[22.375977,36.701904],[22.231152,36.882568],[22.164746,36.902832],[22.133789,36.963916],[22.080469,37.028955],[22.011719,37.016504],[21.955566,36.990088],[21.940039,36.891797],[21.934277,36.803662],[21.892383,36.737305],[21.738086,36.863232],[21.58291,37.080957],[21.578809,37.200391],[21.69248,37.309277],[21.678906,37.387207],[21.571289,37.541016],[21.416211,37.639941],[21.329297,37.669336],[21.288477,37.774512],[21.205273,37.828857],[21.137988,37.85415],[21.124707,37.891602],[21.14502,37.919287],[21.308105,38.027441],[21.403711,38.19668],[21.451172,38.204736],[21.54873,38.1646],[21.658398,38.175098],[21.748438,38.274219],[21.824707,38.328125],[21.95332,38.321191],[22.24375,38.188721],[22.555859,38.113232],[22.711523,38.046924],[22.799609,37.981201],[22.846387,37.967578],[22.920313,37.958301],[22.916992,38.007471],[22.893164,38.050928],[22.954785,38.074609],[23.12207,38.07334],[23.152539,38.096387],[23.183496,38.133691],[23.148926,38.176074],[23.093555,38.196436],[23.034375,38.2021],[22.99541,38.215527],[22.93252,38.201953],[22.834375,38.234717],[22.783691,38.261719],[22.753906,38.289502],[22.583398,38.344922],[22.42168,38.438525],[22.385254,38.385547],[22.319922,38.356836],[22.226855,38.352832],[21.965332,38.412451],[21.804688,38.366943],[21.71709,38.355029],[21.650098,38.354004],[21.567676,38.333594],[21.472559,38.321387],[21.390137,38.407812],[21.355469,38.474805],[21.331055,38.487305],[21.329785,38.424365],[21.30332,38.373926],[21.182617,38.345557],[21.113184,38.384668],[21.059766,38.503271],[20.992188,38.654004],[20.873242,38.775732],[20.776855,38.80752],[20.768555,38.874414],[20.777344,38.927881],[20.893164,38.941113],[21.074219,38.885156],[21.111621,38.896289],[21.152344,38.92207],[21.144531,38.979199],[21.118359,39.02998],[21.068555,39.032275],[21.034082,39.02627],[20.922754,39.036768],[20.779688,39.008545],[20.713379,39.035156],[20.691309,39.06748],[20.57168,39.147705],[20.468262,39.255273],[20.300781,39.3271],[20.191406,39.545801],[20.099414,39.64126],[20.00127,39.709424],[20.022559,39.710693],[20.059766,39.699121],[20.131055,39.661621],[20.206836,39.653516],[20.248242,39.678369],[20.27207,39.701172],[20.287598,39.738574],[20.293848,39.782227],[20.306152,39.79668],[20.364063,39.791748],[20.382422,39.802637],[20.381641,39.841797],[20.344238,39.890625],[20.311328,39.950781],[20.311133,39.979443],[20.338477,39.991064],[20.383691,40.017187],[20.408008,40.049463],[20.456055,40.065576],[20.527051,40.068506],[20.60625,40.082666],[20.657422,40.117383],[20.664941,40.151758],[20.696973,40.246387],[20.717871,40.292676],[20.75166,40.334912],[20.77002,40.391895],[20.806055,40.445459],[20.881641,40.46792],[20.950195,40.494385],[21.001953,40.563379],[21.030859,40.622461],[21.031055,40.658643],[20.987891,40.717773],[20.955762,40.775293],[20.964258,40.849902],[21.1,40.856152],[21.147559,40.863135],[21.32373,40.867139],[21.404102,40.907178],[21.459668,40.903613],[21.575781,40.868945],[21.627539,40.896338],[21.779492,40.950439],[21.929492,41.107422],[21.993359,41.130957],[22.138867,41.140527],[22.184473,41.158643],[22.237695,41.155176],[22.400781,41.123389],[22.493555,41.118506],[22.603613,41.140186],[22.724805,41.178516],[22.755078,41.312744],[22.783887,41.331982],[22.859277,41.337354],[22.916016,41.336279],[23.025586,41.325635],[23.155957,41.32207],[23.239844,41.384961],[23.37207,41.389648],[23.433398,41.39873],[23.53584,41.386035],[23.635156,41.386768],[23.762305,41.412988],[23.880859,41.455957],[23.973535,41.452295],[24.011328,41.460059],[24.03291,41.469092],[24.056055,41.527246],[24.230371,41.530811],[24.289453,41.525049],[24.386719,41.523535],[24.487891,41.555225],[24.518262,41.552539],[24.569336,41.467383],[24.595996,41.442725],[24.651074,41.419971],[24.77373,41.356104],[24.795801,41.3729],[24.846875,41.394238],[24.993555,41.36499],[25.133398,41.315771],[25.251172,41.243555],[25.381934,41.264355],[25.527051,41.299805],[25.621484,41.310107],[25.723926,41.315039],[25.784961,41.33042],[25.92334,41.311914],[26.066406,41.350684],[26.135352,41.385742],[26.155176,41.434863],[26.143555,41.521533],[26.11123,41.608203],[26.076953,41.640186],[26.066016,41.673242],[26.085547,41.70415],[26.107422,41.725684],[26.200586,41.743799],[26.320898,41.716553]]]]}},{"type":"Feature","bbox":[5.85752,47.278809,15.016602,55.05874],"properties":{"featurecla":"Admin-0 country","scalerank":1,"LABELRANK":2,"SOVEREIGNT":"Germany","SOV_A3":"DEU","ADM0_DIF":0,"LEVEL":2,"TYPE":"Sovereign country","TLC":"1","ADMIN":"Germany","ADM0_A3":"DEU","GEOU_DIF":0,"GEOUNIT":"Germany","GU_A3":"DEU","SU_DIF":0,"SUBUNIT":"Germany","SU_A3":"DEU","BRK_DIFF":0,"NAME":"Germany","NAME_LONG":"Germany","BRK_A3":"DEU","BRK_NAME":"Germany","BRK_GROUP":null,"ABBREV":"Ger.","POSTAL":"D","FORMAL_EN":"Federal Republic of Germany","FORMAL_FR":null,"NAME_CIAWF":"Germany","NOTE_ADM0":null,"NOTE_BRK":null,"NAME_SORT":"Germany","NAME_ALT":null,"MAPCOLOR7":2,"MAPCOLOR8":5,"MAPCOLOR9":5,"MAPCOLOR13":1,"POP_EST":83132799,"POP_RANK":16,"POP_YEAR":2019,"GDP_MD":3861123,"GDP_YEAR":2019,"ECONOMY":"1. Developed region: G7","INCOME_GRP":"1. High income: OECD","FIPS_10":"GM","ISO_A2":"DE","ISO_A2_EH":"DE","ISO_A3":"DEU","ISO_A3_EH":"DEU","ISO_N3":"276","ISO_N3_EH":"276","UN_A3":"276","WB_A2":"DE","WB_A3":"DEU","WOE_ID":23424829,"WOE_ID_EH":23424829,"WOE_NOTE":"Exact WOE match as country","ADM0_ISO":"DEU","ADM0_DIFF":null,"ADM0_TLC":"DEU","ADM0_A3_US":"DEU","ADM0_A3_FR":"DEU","ADM0_A3_RU":"DEU","ADM0_A3_ES":"DEU","ADM0_A3_CN":"DEU","ADM0_A3_TW":"DEU","ADM0_A3_IN":"DEU","ADM0_A3_NP":"DEU","ADM0_A3_PK":"DEU","ADM0_A3_DE":"DEU","ADM0_A3_GB":"DEU","ADM0_A3_BR":"DEU","ADM0_A3_IL":"DEU","ADM0_A3_PS":"DEU","ADM0_A3_SA":"DEU","ADM0_A3_EG":"DEU","ADM0_A3_MA":"DEU","ADM0_A3_PT":"DEU","ADM0_A3_AR":"DEU","ADM0_A3_JP":"DEU","ADM0_A3_KO":"DEU","ADM0_A3_VN":"DEU","ADM0_A3_TR":"DEU","ADM0_A3_ID":"DEU","ADM0_A3_PL":"DEU","ADM0_A3_GR":"DEU","ADM0_A3_IT":"DEU","ADM0_A3_NL":"DEU","ADM0_A3_SE":"DEU","ADM0_A3_BD":"DEU","ADM0_A3_UA":"DEU","ADM0_A3_UN":-99,"ADM0_A3_WB":-99,"CONTINENT":"Europe","REGION_UN":"Europe","SUBREGION":"Western Europe","REGION_WB":"Europe & Central Asia","NAME_LEN":7,"LONG_LEN":7,"ABBREV_LEN":4,"TINY":-99,"HOMEPART":1,"MIN_ZOOM":0,"MIN_LABEL":1.7,"MAX_LABEL":6.7,"LABEL_X":9.678348,"LABEL_Y":50.961733,"NE_ID":1159320539,"WIKIDATAID":"Q183","NAME_AR":"ألمانيا","NAME_BN":"জার্মানি","NAME_DE":"Deutschland","NAME_EN":"Germany","NAME_ES":"Alemania","NAME_FA":"آلمان","NAME_FR":"Allemagne","NAME_EL":"Γερμανία","NAME_HE":"גרמניה","NAME_HI":"जर्मनी","NAME_HU":"Németország","NAME_ID":"Jerman","NAME_IT":"Germania","NAME_JA":"ドイツ","NAME_KO":"독일","NAME_NL":"Duitsland","NAME_PL":"Niemcy","NAME_PT":"Alemanha","NAME_RU":"Германия","NAME_SV":"Tyskland","NAME_TR":"Almanya","NAME_UK":"Німеччина","NAME_UR":"جرمنی","NAME_VI":"Đức","NAME_ZH":"德国","NAME_ZHT":"德國","FCLASS_ISO":"Admin-0 country","TLC_DIFF":null,"FCLASS_TLC":"Admin-0 country","FCLASS_US":null,"FCLASS_FR":null,"FCLASS_RU":null,"FCLASS_ES":null,"FCLASS_CN":null,"FCLASS_TW":null,"FCLASS_IN":null,"FCLASS_NP":null,"FCLASS_PK":null,"FCLASS_DE":null,"FCLASS_GB":null,"FCLASS_BR":null,"FCLASS_IL":null,"FCLASS_PS":null,"FCLASS_SA":null,"FCLASS_EG":null,"FCLASS_MA":null,"FCLASS_PT":null,"FCLASS_AR":null,"FCLASS_JP":null,"FCLASS_KO":null,"FCLASS_VN":null,"FCLASS_TR":null,"FCLASS_ID":null,"FCLASS_PL":null,"FCLASS_GR":null,"FCLASS_IT":null,"FCLASS_NL":null,"FCLASS_SE":null,"FCLASS_BD":null,"FCLASS_UA":null},"geometry":{"type":"MultiPolygon","coordinates":[[],[],[],[],[],[]]}},{"type":"Feature","bbox":[-61.794092,-21.369043,55.839063,51.097119],"properties":{"featurecla":"Admin-0 country","scalerank":1,"LABELRANK":2,"SOVEREIGNT":"France","SOV_A3":"FR1","ADM0_DIF":1,"LEVEL":2,"TYPE":"Country","TLC":"1","ADMIN":"France","ADM0_A3":"FRA","GEOU_DIF":0,"GEOUNIT":"France","GU_A3":"FRA","SU_DIF":0,"SUBUNIT":"France","SU_A3":"FRA","BRK_DIFF":0,"NAME":"France","NAME_LONG":"France","BRK_A3":"FRA","BRK_NAME":"France","BRK_GROUP":null,"ABBREV":"Fr.","POSTAL":"F","FORMAL_EN":"French Republic","FORMAL_FR":null,"NAME_CIAWF":"France","NOTE_ADM0":null,"NOTE_BRK":null,"NAME_SORT":"France","NAME_ALT":null,"MAPCOLOR7":7,"MAPCOLOR8":5,"MAPCOLOR9":9,"MAPCOLOR13":11,"POP_EST":67059887,"POP_RANK":16,"POP_YEAR":2019,"GDP_MD":2715518,"GDP_YEAR":2019,"ECONOMY":"1. Developed region: G7","INCOME_GRP":"1. High income: OECD","FIPS_10":"FR","ISO_A2":"-99","ISO_A2_EH":"FR","ISO_A3":"-99","ISO_A3_EH":"FRA","ISO_N3":"-99","ISO_N3_EH":"250","UN_A3":"250","WB_A2":"FR","WB_A3":"FRA","WOE_ID":-90,"WOE_ID_EH":23424819,"WOE_NOTE":"Includes only Metropolitan France (including Corsica)","ADM0_ISO":"FRA","ADM0_DIFF":null,"ADM0_TLC":"FRA","ADM0_A3_US":"FRA","ADM0_A3_FR":"FRA","ADM0_A3_RU":"FRA","ADM0_A3_ES":"FRA","ADM0_A3_CN":"FRA","ADM0_A3_TW":"FRA","ADM0_A3_IN":"FRA","ADM0_A3_NP":"FRA","ADM0_A3_PK":"FRA","ADM0_A3_DE":"FRA","ADM0_A3_GB":"FRA","ADM0_A3_BR":"FRA","ADM0_A3_IL":"FRA","ADM0_A3_PS":"FRA","ADM0_A3_SA":"FRA","ADM0_A3_EG":"FRA","ADM0_A3_MA":"FRA","ADM0_A3_PT":"FRA","ADM0_A3_AR":"FRA","ADM0_A3_JP":"FRA","ADM0_A3_KO":"FRA","ADM0_A3_VN":"FRA","ADM0_A3_TR":"FRA","ADM0_A3_ID":"FRA","ADM0_A3_PL":"FRA","ADM0_A3_GR":"FRA","ADM0_A3_IT":"FRA","ADM0_A3_NL":"FRA","ADM0_A3_SE":"FRA","ADM0_A3_BD":"FRA","ADM0_A3_UA":"FRA","ADM0_A3_UN":-99,"ADM0_A3_WB":-99,"CONTINENT":"Europe","REGION_UN":"Europe","SUBREGION":"Western Europe","REGION_WB":"Europe & Central Asia","NAME_LEN":6,"LONG_LEN":6,"ABBREV_LEN":3,"TINY":-99,"HOMEPART":1,"MIN_ZOOM":0,"MIN_LABEL":1.7,"MAX_LABEL":6.7,"LABEL_X":2.552275,"LABEL_Y":46.696113,"NE_ID":1159320637,"WIKIDATAID":"Q142","NAME_AR":"فرنسا","NAME_BN":"ফ্রান্স","NAME_DE":"Frankreich","NAME_EN":"France","NAME_ES":"Francia","NAME_FA":"فرانسه","NAME_FR":"France","NAME_EL":"Γαλλία","NAME_HE":"צרפת","NAME_HI":"फ़्रान्स","NAME_HU":"Franciaország","NAME_ID":"Prancis","NAME_IT":"Francia","NAME_JA":"フランス","NAME_KO":"프랑스","NAME_NL":"Frankrijk","NAME_PL":"Francja","NAME_PT":"França","NAME_RU":"Франция","NAME_SV":"Frankrike","NAME_TR":"Fransa","NAME_UK":"Франція","NAME_UR":"فرانس","NAME_VI":"Pháp","NAME_ZH":"法国","NAME_ZHT":"法國","FCLASS_ISO":"Admin-0 country","TLC_DIFF":null,"FCLASS_TLC":"Admin-0 country","FCLASS_US":null,"FCLASS_FR":null,"FCLASS_RU":null,"FCLASS_ES":null,"FCLASS_CN":null,"FCLASS_TW":null,"FCLASS_IN":null,"FCLASS_NP":null,"FCLASS_PK":null,"FCLASS_DE":null,"FCLASS_GB":null,"FCLASS_BR":null,"FCLASS_IL":null,"FCLASS_PS":null,"FCLASS_SA":null,"FCLASS_EG":null,"FCLASS_MA":null,"FCLASS_PT":null,"FCLASS_AR":null,"FCLASS_JP":null,"FCLASS_KO":null,"FCLASS_VN":null,"FCLASS_TR":null,"FCLASS_ID":null,"FCLASS_PL":null,"FCLASS_GR":null,"FCLASS_IT":null,"FCLASS_NL":null,"FCLASS_SE":null,"FCLASS_BD":null,"FCLASS_UA":null},"geometry":{"type":"MultiPolygon","coordinates":[[[[9.480371,42.80542],[9.454199,42.658594],[9.473242,42.615576],[9.509375,42.585596],[9.526172,42.552637],[9.556445,42.160937],[9.550684,42.129736],[9.428418,41.972412],[9.400879,41.926221],[9.394824,41.731201],[9.374219,41.678809],[9.330859,41.627148],[9.253418,41.460059],[9.186133,41.384912],[9.003027,41.476562],[8.89502,41.516162],[8.84209,41.558887],[8.80752,41.588379],[8.829785,41.627686],[8.879004,41.668555],[8.886816,41.700684],[8.770996,41.737109],[8.717969,41.761426],[8.718652,41.804004],[8.758691,41.87041],[8.74043,41.925146],[8.673633,41.922363],[8.621875,41.930713],[8.615137,41.959131],[8.653418,41.995557],[8.702539,42.043115],[8.700977,42.095605],[8.641602,42.118213],[8.587793,42.16084],[8.566211,42.218799],[8.60791,42.258447],[8.675488,42.284033],[8.625879,42.343408],[8.592383,42.344727],[8.565625,42.357715],[8.5875,42.385303],[8.640039,42.426562],[8.713086,42.549756],[8.814844,42.60791],[8.994922,42.645312],[9.043652,42.66167],[9.088379,42.70498],[9.137891,42.73291],[9.198047,42.729199],[9.253516,42.712451],[9.287695,42.694629],[9.313379,42.713184],[9.338379,42.766895],[9.323047,42.814062],[9.330957,42.943799],[9.363184,43.017383],[9.415234,43.021484],[9.463281,42.981006],[9.46084,42.945215],[9.478613,42.860498],[9.480371,42.80542]]],[[[6.722162851398996,47.085215],[6.688086,47.058252],[6.666895,47.026514],[6.624805,47.004346],[6.45625,46.94834],[6.438574,46.925879],[6.429004,46.832275],[6.410156,46.75542],[6.285156,46.683057],[6.160742,46.611035],[6.129688,46.566992],[6.107031,46.516064],[6.067969,46.458545],[6.060254,46.428174],[6.123242,46.378613],[6.115918,46.337646],[6.095898,46.279395],[6.036133,46.238086],[5.97002,46.214697],[5.971484,46.151221],[6.006641,46.142334],[6.086621,46.147021],[6.199414,46.193066],[6.272949,46.252246],[6.22959,46.308447],[6.224219,46.319434],[6.234668,46.332617],[6.321875,46.393701],[6.428906,46.430518],[6.578223,46.437354],[6.758105,46.415771],[6.776074,46.406641],[6.767383,46.369189],[6.78418,46.313965],[6.816797,46.275195],[6.77207,46.165137],[6.805664,46.130664],[6.858008,46.089404],[6.897266,46.051758],[6.953711,46.017139],[7.003906,45.958838],[7.021094,45.925781],[6.94082,45.868359],[6.804492,45.814551],[6.78916,45.780078],[6.790918,45.740869],[6.80625,45.71001],[6.881445,45.670361],[6.962402,45.580566],[7.013672,45.500488],[7.126074,45.423682],[7.153418,45.400928],[7.146387,45.381738],[7.116797,45.349023],[7.07832,45.239941],[7.032422,45.222607],[6.98125,45.215576],[6.842285,45.135645],[6.780371,45.145312],[6.692285,45.144287],[6.627734,45.117969],[6.634766,45.068164],[6.691406,45.022607],[6.724707,44.972998],[6.738184,44.921387],[6.801074,44.883154],[6.889355,44.860303],[6.939844,44.85874],[6.972852,44.84502],[6.992676,44.827295],[7.030664,44.716699],[7.00791,44.688965],[6.960352,44.677148],[6.931934,44.631641],[6.875195,44.564551],[6.842969,44.510693],[6.878613,44.463281],[6.893848,44.428174],[6.874805,44.392041],[6.900195,44.335742],[6.967285,44.280029],[7.149414,44.201709],[7.318555,44.137988],[7.370898,44.127393],[7.599414,44.168359],[7.637207,44.164844],[7.665039,44.116016],[7.677148,44.083154],[7.651465,44.033643],[7.589648,43.96543],[7.522656,43.911084],[7.482031,43.864893],[7.490527,43.822949],[7.493164,43.767139],[7.438672,43.750439],[7.436914,43.761475],[7.414453,43.770898],[7.39502,43.765332],[7.380078,43.753223],[7.377734,43.731738],[7.261523,43.696094],[7.181445,43.659131],[6.864746,43.43833],[6.716602,43.373584],[6.687402,43.33457],[6.657227,43.26167],[6.570215,43.199072],[6.494043,43.169287],[6.305371,43.138721],[6.115918,43.072363],[6.030566,43.100977],[5.809473,43.0979],[5.671582,43.177832],[5.406543,43.228516],[5.320215,43.344922],[5.199512,43.35249],[5.12041,43.348975],[5.073145,43.366602],[5.06084,43.406299],[5.059766,43.444531],[4.975977,43.426953],[4.911914,43.426953],[4.87373,43.411621],[4.843555,43.393945],[4.80791,43.405225],[4.787207,43.401416],[4.789062,43.378906],[4.712109,43.373291],[4.628711,43.387109],[4.409766,43.447217],[4.376172,43.456396],[4.224219,43.479639],[4.162793,43.503662],[4.113086,43.563037],[4.075098,43.581836],[4.052637,43.593066],[3.91084,43.563086],[3.861621,43.516357],[3.784766,43.461621],[3.258887,43.193213],[3.162891,43.080762],[3.051758,42.915137],[3.043066,42.837891],[3.090918,42.590869],[3.197852,42.461182],[3.211426,42.431152],[3.152148,42.431006],[3.052637,42.447217],[2.97002,42.467236],[2.891406,42.456055],[2.815625,42.429248],[2.749414,42.413037],[2.701855,42.408496],[2.67002,42.393018],[2.654785,42.362109],[2.65166,42.340479],[2.567969,42.345801],[2.374414,42.390283],[2.200391,42.420947],[2.09834,42.386084],[2.032715,42.353516],[1.986523,42.358496],[1.951465,42.392773],[1.92793,42.426318],[1.859766,42.45708],[1.706055,42.50332],[1.713965,42.525635],[1.740234,42.556738],[1.739453,42.575928],[1.709863,42.604443],[1.568164,42.63501],[1.501367,42.642725],[1.458887,42.62168],[1.42832,42.595898],[1.349414,42.690674],[1.293262,42.709961],[1.208301,42.713135],[1.111133,42.742041],[1.010059,42.778955],[0.764453,42.838037],[0.696875,42.845117],[0.669824,42.835742],[0.651758,42.800439],[0.641992,42.700635],[0.631641,42.6896],[0.517676,42.686279],[0.377246,42.700146],[0.312891,42.693262],[0.255469,42.69292],[0.201367,42.719336],[-0.041162,42.689111],[-0.081494,42.703857],[-0.140039,42.748926],[-0.205322,42.785303],[-0.256055,42.803955],[-0.299316,42.825342],[-0.338574,42.828809],[-0.398438,42.808105],[-0.481152,42.799316],[-0.549805,42.802002],[-0.586426,42.798975],[-0.740186,42.909521],[-0.762646,42.939795],[-0.839209,42.948193],[-0.933838,42.949512],[-1.175439,43.021143],[-1.285449,43.059619],[-1.301562,43.082471],[-1.300049,43.100977],[-1.318848,43.096973],[-1.352734,43.064258],[-1.370508,43.037598],[-1.394043,43.032617],[-1.42876,43.036768],[-1.46084,43.051758],[-1.480469,43.071143],[-1.459424,43.10498],[-1.422607,43.149121],[-1.407324,43.197119],[-1.410693,43.240088],[-1.471729,43.267676],[-1.561475,43.279199],[-1.627148,43.282471],[-1.712842,43.307031],[-1.753271,43.324707],[-1.792725,43.372559],[-1.794043,43.407324],[-1.631445,43.438037],[-1.484863,43.56377],[-1.345996,44.020215],[-1.245508,44.559863],[-1.170801,44.661816],[-1.076953,44.689844],[-1.152881,44.764014],[-1.200391,44.726465],[-1.220312,44.686621],[-1.245215,44.666699],[-1.189062,45.161475],[-1.149072,45.342627],[-1.081006,45.532422],[-0.941748,45.45708],[-0.826318,45.380664],[-0.76665,45.314355],[-0.691113,45.093457],[-0.633984,45.047119],[-0.548486,45.000586],[-0.582275,45.051367],[-0.641113,45.090186],[-0.733105,45.384619],[-0.790771,45.468018],[-0.880664,45.538184],[-1.169971,45.685937],[-1.195996,45.714453],[-1.209961,45.770898],[-1.114355,45.768506],[-1.031738,45.741064],[-1.041504,45.772656],[-1.066016,45.805664],[-1.104395,45.925342],[-1.136377,46.204834],[-1.132031,46.252686],[-1.146289,46.311377],[-1.238818,46.324512],[-1.312793,46.326904],[-1.39248,46.350098],[-1.786523,46.514844],[-1.921436,46.684814],[-2.059375,46.810303],[-2.09248,46.865039],[-2.090283,46.920508],[-2.018896,47.037646],[-2.0594320543697173,47.085215],[6.722162851398996,47.085215]]],[[[-1.17832,45.904053],[-1.213574,45.816602],[-1.280273,45.897119],[-1.368701,45.967676],[-1.388867,46.032959],[-1.388672,46.050391],[-1.285059,46.002686],[-1.17832,45.904053]]],[],[],[],[],[],[],[]]}},{"type":"Feature","bbox":[-56.386914,46.752832,-56.137354,47.098975],"properties":{"featurecla":"Admin-0 country","scalerank":4,"LABELRANK":4,"SOVEREIGNT":"France","SOV_A3":"FR1","ADM0_DIF":1,"LEVEL":2,"TYPE":"Dependency","TLC":"1","ADMIN":"Saint Pierre and Miquelon","ADM0_A3":"SPM","GEOU_DIF":0,"GEOUNIT":"Saint Pierre and Miquelon","GU_A3":"SPM","SU_DIF":0,"SUBUNIT":"Saint Pierre and Miquelon","SU_A3":"SPM","BRK_DIFF":0,"NAME":"St. Pierre and Miquelon","NAME_LONG":"Saint Pierre and Miquelon","BRK_A3":"SPM","BRK_NAME":"St. Pierre and Miquelon","BRK_GROUP":null,"ABBREV":"St. P.M.","POSTAL":"PM","FORMAL_EN":"Saint Pierre and Miquelon","FORMAL_FR":null,"NAME_CIAWF":"Saint Pierre and Miquelon","NOTE_ADM0":"Fr.","NOTE_BRK":null,"NAME_SORT":"St. Pierre and Miquelon","NAME_ALT":null,"MAPCOLOR7":7,"MAPCOLOR8":5,"MAPCOLOR9":9,"MAPCOLOR13":11,"POP_EST":5997,"POP_RANK":5,"POP_YEAR":2017,"GDP_MD":215,"GDP_YEAR":2016,"ECONOMY":"2. Developed region: nonG7","INCOME_GRP":"3. Upper middle income","FIPS_10":"SB","ISO_A2":"PM","ISO_A2_EH":"PM","ISO_A3":"SPM","ISO_A3_EH":"SPM","ISO_N3":"666","ISO_N3_EH":"666","UN_A3":"666","WB_A2":"-99","WB_A3":"-99","WOE_ID":23424939,"WOE_ID_EH":23424939,"WOE_NOTE":"Exact WOE match as country","ADM0_ISO":"SPM","ADM0_DIFF":null,"ADM0_TLC":"SPM","ADM0_A3_US":"SPM","ADM0_A3_FR":"SPM","ADM0_A3_RU":"SPM","ADM0_A3_ES":"SPM","ADM0_A3_CN":"SPM","ADM0_A3_TW":"SPM","ADM0_A3_IN":"SPM","ADM0_A3_NP":"SPM","ADM0_A3_PK":"SPM","ADM0_A3_DE":"SPM","ADM0_A3_GB":"SPM","ADM0_A3_BR":"SPM","ADM0_A3_IL":"SPM","ADM0_A3_PS":"SPM","ADM0_A3_SA":"SPM","ADM0_A3_EG":"SPM","ADM0_A3_MA":"SPM","ADM0_A3_PT":"SPM","ADM0_A3_AR":"SPM","ADM0_A3_JP":"SPM","ADM0_A3_KO":"SPM","ADM0_A3_VN":"SPM","ADM0_A3_TR":"SPM","ADM0_A3_ID":"SPM","ADM0_A3_PL":"SPM","ADM0_A3_GR":"SPM","ADM0_A3_IT":"SPM","ADM0_A3_NL":"SPM","ADM0_A3_SE":"SPM","ADM0_A3_BD":"SPM","ADM0_A3_UA":"SPM","ADM0_A3_UN":-99,"ADM0_A3_WB":-99,"CONTINENT":"North America","REGION_UN":"Americas","SUBREGION":"Northern America","REGION_WB":"North America","NAME_LEN":23,"LONG_LEN":25,"ABBREV_LEN":8,"TINY":3,"HOMEPART":-99,"MIN_ZOOM":0,"MIN_LABEL":5,"MAX_LABEL":10,"LABEL_X":-56.332352,"LABEL_Y":47.040344,"NE_ID":1159320647,"WIKIDATAID":"Q34617","NAME_AR":"سان بيير وميكلون","NAME_BN":"সাঁ পিয়ের ও মিকলোঁ","NAME_DE":"Saint-Pierre und Miquelon","NAME_EN":"Saint Pierre and Miquelon","NAME_ES":"San Pedro y Miquelón","NAME_FA":"سن پیر و میکلن","NAME_FR":"Saint-Pierre-et-Miquelon","NAME_EL":"Σαιν-Πιερ και Μικελόν","NAME_HE":"סן-פייר ומיקלון","NAME_HI":"सन्त पियर और मिकलान","NAME_HU":"Saint-Pierre és Miquelon","NAME_ID":"Saint Pierre dan Miquelon","NAME_IT":"Saint-Pierre e Miquelon","NAME_JA":"サンピエール島・ミクロン島","NAME_KO":"생피에르 미클롱","NAME_NL":"Saint-Pierre en Miquelon","NAME_PL":"Saint-Pierre i Miquelon","NAME_PT":"Saint-Pierre e Miquelon","NAME_RU":"Сен-Пьер и Микелон","NAME_SV":"Saint-Pierre och Miquelon","NAME_TR":"Saint Pierre ve Miquelon","NAME_UK":"Сен-П'єр і Мікелон","NAME_UR":"سینٹ پیئر و میکیلون","NAME_VI":"Saint-Pierre và Miquelon","NAME_ZH":"圣皮埃尔和密克隆","NAME_ZHT":"聖皮埃與密克隆群島","FCLASS_ISO":"Admin-0 dependency","TLC_DIFF":null,"FCLASS_TLC":"Admin-0 dependency","FCLASS_US":null,"FCLASS_FR":null,"FCLASS_RU":null,"FCLASS_ES":null,"FCLASS_CN":null,"FCLASS_TW":null,"FCLASS_IN":null,"FCLASS_NP":null,"FCLASS_PK":null,"FCLASS_DE":null,"FCLASS_GB":null,"FCLASS_BR":null,"FCLASS_IL":null,"FCLASS_PS":null,"FCLASS_SA":null,"FCLASS_EG":null,"FCLASS_MA":null,"FCLASS_PT":null,"FCLASS_AR":null,"FCLASS_JP":null,"FCLASS_KO":null,"FCLASS_VN":null,"FCLASS_TR":null,"FCLASS_ID":null,"FCLASS_PL":null,"FCLASS_GR":null,"FCLASS_IT":null,"FCLASS_NL":null,"FCLASS_SE":null,"FCLASS_BD":null,"FCLASS_UA":null},"geometry":{"type":"MultiPolygon","coordinates":[[],[]]}},{"type":"Feature","bbox":[-178.194385,-14.324902,-176.128076,-13.22168],"properties":{"featurecla":"Admin-0 country","scalerank":3,"LABELRANK":4,"SOVEREIGNT":"France","SOV_A3":"FR1","ADM0_DIF":1,"LEVEL":2,"TYPE":"Dependency","TLC":"1","ADMIN":"Wallis and Futuna","ADM0_A3":"WLF","GEOU_DIF":0,"GEOUNIT":"Wallis and Futuna","GU_A3":"WLF","SU_DIF":0,"SUBUNIT":"Wallis and Futuna","SU_A3":"WLF","BRK_DIFF":0,"NAME":"Wallis and Futuna Is.","NAME_LONG":"Wallis and Futuna Islands","BRK_A3":"WLF","BRK_NAME":"Wallis and Futuna Islands","BRK_GROUP":null,"ABBREV":"Wlf.","POSTAL":"WF","FORMAL_EN":"Wallis and Futuna Islands","FORMAL_FR":null,"NAME_CIAWF":"Wallis and Futuna","NOTE_ADM0":"Fr.","NOTE_BRK":null,"NAME_SORT":"Wallis and Futuna","NAME_ALT":null,"MAPCOLOR7":7,"MAPCOLOR8":5,"MAPCOLOR9":9,"MAPCOLOR13":11,"POP_EST":11558,"POP_RANK":6,"POP_YEAR":2018,"GDP_MD":60,"GDP_YEAR":2016,"ECONOMY":"6. Developing region","INCOME_GRP":"4. Lower middle income","FIPS_10":"WF","ISO_A2":"WF","ISO_A2_EH":"WF","ISO_A3":"WLF","ISO_A3_EH":"WLF","ISO_N3":"876","ISO_N3_EH":"876","UN_A3":"876","WB_A2":"-99","WB_A3":"-99","WOE_ID":23424989,"WOE_ID_EH":23424989,"WOE_NOTE":"Exact WOE match as country","ADM0_ISO":"WLF","ADM0_DIFF":null,"ADM0_TLC":"WLF","ADM0_A3_US":"WLF","ADM0_A3_FR":"WLF","ADM0_A3_RU":"WLF","ADM0_A3_ES":"WLF","ADM0_A3_CN":"WLF","ADM0_A3_TW":"WLF","ADM0_A3_IN":"WLF","ADM0_A3_NP":"WLF","ADM0_A3_PK":"WLF","ADM0_A3_DE":"WLF","ADM0_A3_GB":"WLF","ADM0_A3_BR":"WLF","ADM0_A3_IL":"WLF","ADM0_A3_PS":"WLF","ADM0_A3_SA":"WLF","ADM0_A3_EG":"WLF","ADM0_A3_MA":"WLF","ADM0_A3_PT":"WLF","ADM0_A3_AR":"WLF","ADM0_A3_JP":"WLF","ADM0_A3_KO":"WLF","ADM0_A3_VN":"WLF","ADM0_A3_TR":"WLF","ADM0_A3_ID":"WLF","ADM0_A3_PL":"WLF","ADM0_A3_GR":"WLF","ADM0_A3_IT":"WLF","ADM0_A3_NL":"WLF","ADM0_A3_SE":"WLF","ADM0_A3_BD":"WLF","ADM0_A3_UA":"WLF","ADM0_A3_UN":-99,"ADM0_A3_WB":-99,"CONTINENT":"Oceania","REGION_UN":"Oceania","SUBREGION":"Polynesia","REGION_WB":"East Asia & Pacific","NAME_LEN":21,"LONG_LEN":25,"ABBREV_LEN":4,"TINY":3,"HOMEPART":-99,"MIN_ZOOM":0,"MIN_LABEL":4.7,"MAX_LABEL":9,"LABEL_X":-178.137436,"LABEL_Y":-14.286415,"NE_ID":1159320649,"WIKIDATAID":"Q35555","NAME_AR":"واليس وفوتونا","NAME_BN":"ওয়ালিস ও ফুটুনা","NAME_DE":"Wallis und Futuna","NAME_EN":"Wallis and Futuna","NAME_ES":"Wallis y Futuna","NAME_FA":"والیس و فوتونا","NAME_FR":"Wallis-et-Futuna","NAME_EL":"Ουαλίς και Φουτουνά","NAME_HE":"ואליס ופוטונה","NAME_HI":"वालिस और फ़्यूचूना","NAME_HU":"Wallis és Futuna","NAME_ID":"Wallis dan Futuna","NAME_IT":"Wallis e Futuna","NAME_JA":"ウォリス・フツナ","NAME_KO":"왈리스 푸투나","NAME_NL":"Wallis en Futuna","NAME_PL":"Wallis i Futuna","NAME_PT":"Wallis e Futuna","NAME_RU":"Уоллис и Футуна","NAME_SV":"Wallis- och Futunaöarna","NAME_TR":"Wallis ve Futuna Adaları","NAME_UK":"Волліс і Футуна","NAME_UR":"والس و فتونہ","NAME_VI":"Wallis và Futuna","NAME_ZH":"瓦利斯和富图纳","NAME_ZHT":"瓦利斯和富圖納","FCLASS_ISO":"Admin-0 dependency","TLC_DIFF":null,"FCLASS_TLC":"Admin-0 dependency","FCLASS_US":null,"FCLASS_FR":null,"FCLASS_RU":null,"FCLASS_ES":null,"FCLASS_CN":null,"FCLASS_TW":null,"FCLASS_IN":null,"FCLASS_NP":null,"FCLASS_PK":null,"FCLASS_DE":null,"FCLASS_GB":null,"FCLASS_BR":null,"FCLASS_IL":null,"FCLASS_PS":null,"FCLASS_SA":null,"FCLASS_EG":null,"FCLASS_MA":null,"FCLASS_PT":null,"FCLASS_AR":null,"FCLASS_JP":null,"FCLASS_KO":null,"FCLASS_VN":null,"FCLASS_TR":null,"FCLASS_ID":null,"FCLASS_PL":null,"FCLASS_GR":null,"FCLASS_IT":null,"FCLASS_NL":null,"FCLASS_SE":null,"FCLASS_BD":null,"FCLASS_UA":null},"geometry":{"type":"MultiPolygon","coordinates":[[],[]]}},{"type":"Feature","bbox":[-151.512402,-20.875879,-136.293896,-8.781543],"properties":{"featurecla":"Admin-0 country","scalerank":3,"LABELRANK":4,"SOVEREIGNT":"France","SOV_A3":"FR1","ADM0_DIF":1,"LEVEL":2,"TYPE":"Dependency","TLC":"1","ADMIN":"French Polynesia","ADM0_A3":"PYF","GEOU_DIF":0,"GEOUNIT":"French Polynesia","GU_A3":"PYF","SU_DIF":0,"SUBUNIT":"French Polynesia","SU_A3":"PYF","BRK_DIFF":0,"NAME":"Fr. Polynesia","NAME_LONG":"French Polynesia","BRK_A3":"PYF","BRK_NAME":"Fr. Polynesia","BRK_GROUP":null,"ABBREV":"Fr. Poly.","POSTAL":"PF","FORMAL_EN":"French Polynesia","FORMAL_FR":null,"NAME_CIAWF":"French Polynesia","NOTE_ADM0":"Fr.","NOTE_BRK":null,"NAME_SORT":"French Polynesia","NAME_ALT":null,"MAPCOLOR7":7,"MAPCOLOR8":5,"MAPCOLOR9":9,"MAPCOLOR13":11,"POP_EST":279287,"POP_RANK":10,"POP_YEAR":2019,"GDP_MD":5490,"GDP_YEAR":2016,"ECONOMY":"6. Developing region","INCOME_GRP":"2. High income: nonOECD","FIPS_10":"FP","ISO_A2":"PF","ISO_A2_EH":"PF","ISO_A3":"PYF","ISO_A3_EH":"PYF","ISO_N3":"258","ISO_N3_EH":"258","UN_A3":"258","WB_A2":"PF","WB_A3":"PYF","WOE_ID":23424817,"WOE_ID_EH":23424817,"WOE_NOTE":"Exact WOE match as country","ADM0_ISO":"PYF","ADM0_DIFF":null,"ADM0_TLC":"PYF","ADM0_A3_US":"PYF","ADM0_A3_FR":"PYF","ADM0_A3_RU":"PYF","ADM0_A3_ES":"PYF","ADM0_A3_CN":"PYF","ADM0_A3_TW":"PYF","ADM0_A3_IN":"PYF","ADM0_A3_NP":"PYF","ADM0_A3_PK":"PYF","ADM0_A3_DE":"PYF","ADM0_A3_GB":"PYF","ADM0_A3_BR":"PYF","ADM0_A3_IL":"PYF","ADM0_A3_PS":"PYF","ADM0_A3_SA":"PYF","ADM0_A3_EG":"PYF","ADM0_A3_MA":"PYF","ADM0_A3_PT":"PYF","ADM0_A3_AR":"PYF","ADM0_A3_JP":"PYF","ADM0_A3_KO":"PYF","ADM0_A3_VN":"PYF","ADM0_A3_TR":"PYF","ADM0_A3_ID":"PYF","ADM0_A3_PL":"PYF","ADM0_A3_GR":"PYF","ADM0_A3_IT":"PYF","ADM0_A3_NL":"PYF","ADM0_A3_SE":"PYF","ADM0_A3_BD":"PYF","ADM0_A3_UA":"PYF","ADM0_A3_UN":-99,"ADM0_A3_WB":-99,"CONTINENT":"Oceania","REGION_UN":"Oceania","SUBREGION":"Polynesia","REGION_WB":"East Asia & Pacific","NAME_LEN":13,"LONG_LEN":16,"ABBREV_LEN":9,"TINY":2,"HOMEPART":-99,"MIN_ZOOM":0,"MIN_LABEL":3.5,"MAX_LABEL":8.5,"LABEL_X":-149.46157,"LABEL_Y":-17.628081,"NE_ID":1159320643,"WIKIDATAID":"Q30971","NAME_AR":"بولينزيا الفرنسية","NAME_BN":"ফরাসি পলিনেশিয়া","NAME_DE":"Französisch-Polynesien","NAME_EN":"French Polynesia","NAME_ES":"Polinesia Francesa","NAME_FA":"پلینزی فرانسه","NAME_FR":"Polynésie française","NAME_EL":"Γαλλική Πολυνησία","NAME_HE":"פולינזיה הצרפתית","NAME_HI":"फ़्रान्सीसी पॉलिनेशिया","NAME_HU":"Francia Polinézia","NAME_ID":"Polinesia Prancis","NAME_IT":"Polinesia francese","NAME_JA":"フランス領ポリネシア","NAME_KO":"프랑스령 폴리네시아","NAME_NL":"Frans-Polynesië","NAME_PL":"Polinezja Francuska","NAME_PT":"Polinésia Francesa","NAME_RU":"Французская Полинезия","NAME_SV":"Franska Polynesien","NAME_TR":"Fransız Polinezyası","NAME_UK":"Французька Полінезія","NAME_UR":"فرانسیسی پولینیشیا","NAME_VI":"Polynésie thuộc Pháp","NAME_ZH":"法属波利尼西亚","NAME_ZHT":"法屬玻里尼西亞","FCLASS_ISO":"Admin-0 dependency","TLC_DIFF":null,"FCLASS_TLC":"Admin-0 dependency","FCLASS_US":null,"FCLASS_FR":null,"FCLASS_RU":null,"FCLASS_ES":null,"FCLASS_CN":null,"FCLASS_TW":null,"FCLASS_IN":null,"FCLASS_NP":null,"FCLASS_PK":null,"FCLASS_DE":null,"FCLASS_GB":null,"FCLASS_BR":null,"FCLASS_IL":null,"FCLASS_PS":null,"FCLASS_SA":null,"FCLASS_EG":null,"FCLASS_MA":null,"FCLASS_PT":null,"FCLASS_AR":null,"FCLASS_JP":null,"FCLASS_KO":null,"FCLASS_VN":null,"FCLASS_TR":null,"FCLASS_ID":null,"FCLASS_PL":null,"FCLASS_GR":null,"FCLASS_IT":null,"FCLASS_NL":null,"FCLASS_SE":null,"FCLASS_BD":null,"FCLASS_UA":null},"geometry":{"type":"MultiPolygon","coordinates":[[],[],[],[],[],[],[],[],[],[],[],[],[],[],[],[],[],[],[],[],[]]}},{"type":"Feature","bbox":[159.928223,-22.661133,168.139063,-19.114648],"properties":{"featurecla":"Admin-0 country","scalerank":1,"LABELRANK":3,"SOVEREIGNT":"France","SOV_A3":"FR1","ADM0_DIF":1,"LEVEL":2,"TYPE":"Dependency","TLC":"1","ADMIN":"New Caledonia","ADM0_A3":"NCL","GEOU_DIF":0,"GEOUNIT":"New Caledonia","GU_A3":"NCL","SU_DIF":0,"SUBUNIT":"New Caledonia","SU_A3":"NCL","BRK_DIFF":0,"NAME":"New Caledonia","NAME_LONG":"New Caledonia","BRK_A3":"NCL","BRK_NAME":"New Caledonia","BRK_GROUP":null,"ABBREV":"New C.","POSTAL":"NC","FORMAL_EN":"New Caledonia","FORMAL_FR":"Nouvelle-Calédonie","NAME_CIAWF":"New Caledonia","NOTE_ADM0":"Fr.","NOTE_BRK":null,"NAME_SORT":"New Caledonia","NAME_ALT":null,"MAPCOLOR7":7,"MAPCOLOR8":5,"MAPCOLOR9":9,"MAPCOLOR13":11,"POP_EST":287800,"POP_RANK":10,"POP_YEAR":2019,"GDP_MD":10770,"GDP_YEAR":2016,"ECONOMY":"6. Developing region","INCOME_GRP":"2. High income: nonOECD","FIPS_10":"NC","ISO_A2":"NC","ISO_A2_EH":"NC","ISO_A3":"NCL","ISO_A3_EH":"NCL","ISO_N3":"540","ISO_N3_EH":"540","UN_A3":"540","WB_A2":"NC","WB_A3":"NCL","WOE_ID":23424903,"WOE_ID_EH":23424903,"WOE_NOTE":"Exact WOE match as country","ADM0_ISO":"NCL","ADM0_DIFF":null,"ADM0_TLC":"NCL","ADM0_A3_US":"NCL","ADM0_A3_FR":"NCL","ADM0_A3_RU":"NCL","ADM0_A3_ES":"NCL","ADM0_A3_CN":"NCL","ADM0_A3_TW":"NCL","ADM0_A3_IN":"NCL","ADM0_A3_NP":"NCL","ADM0_A3_PK":"NCL","ADM0_A3_DE":"NCL","ADM0_A3_GB":"NCL","ADM0_A3_BR":"NCL","ADM0_A3_IL":"NCL","ADM0_A3_PS":"NCL","ADM0_A3_SA":"NCL","ADM0_A3_EG":"NCL","ADM0_A3_MA":"NCL","ADM0_A3_PT":"NCL","ADM0_A3_AR":"NCL","ADM0_A3_JP":"NCL","ADM0_A3_KO":"NCL","ADM0_A3_VN":"NCL","ADM0_A3_TR":"NCL","ADM0_A3_ID":"NCL","ADM0_A3_PL":"NCL","ADM0_A3_GR":"NCL","ADM0_A3_IT":"NCL","ADM0_A3_NL":"NCL","ADM0_A3_SE":"NCL","ADM0_A3_BD":"NCL","ADM0_A3_UA":"NCL","ADM0_A3_UN":-99,"ADM0_A3_WB":-99,"CONTINENT":"Oceania","REGION_UN":"Oceania","SUBREGION":"Melanesia","REGION_WB":"East Asia & Pacific","NAME_LEN":13,"LONG_LEN":13,"ABBREV_LEN":6,"TINY":-99,"HOMEPART":-99,"MIN_ZOOM":0,"MIN_LABEL":4.6,"MAX_LABEL":8,"LABEL_X":165.084004,"LABEL_Y":-21.064697,"NE_ID":1159320641,"WIKIDATAID":"Q33788","NAME_AR":"كاليدونيا الجديدة","NAME_BN":"নতুন ক্যালিডোনিয়া","NAME_DE":"Neukaledonien","NAME_EN":"New Caledonia","NAME_ES":"Nueva Caledonia","NAME_FA":"کالدونیای جدید","NAME_FR":"Nouvelle-Calédonie","NAME_EL":"Νέα Καληδονία","NAME_HE":"קלדוניה החדשה","NAME_HI":"नया कैलेडोनिया","NAME_HU":"Új-Kaledónia","NAME_ID":"Kaledonia Baru","NAME_IT":"Nuova Caledonia","NAME_JA":"ニューカレドニア","NAME_KO":"누벨칼레도니","NAME_NL":"Nieuw-Caledonië","NAME_PL":"Nowa Kaledonia","NAME_PT":"Nova Caledónia","NAME_RU":"Новая Каледония","NAME_SV":"Nya Kaledonien","NAME_TR":"Yeni Kaledonya","NAME_UK":"Нова Каледонія","NAME_UR":"نیو کیلیڈونیا","NAME_VI":"Nouvelle-Calédonie","NAME_ZH":"新喀里多尼亚","NAME_ZHT":"新喀里多尼亞","FCLASS_ISO":"Admin-0 dependency","TLC_DIFF":null,"FCLASS_TLC":"Admin-0 dependency","FCLASS_US":null,"FCLASS_FR":null,"FCLASS_RU":null,"FCLASS_ES":null,"FCLASS_CN":null,"FCLASS_TW":null,"FCLASS_IN":null,"FCLASS_NP":null,"FCLASS_PK":null,"FCLASS_DE":null,"FCLASS_GB":null,"FCLASS_BR":null,"FCLASS_IL":null,"FCLASS_PS":null,"FCLASS_SA":null,"FCLASS_EG":null,"FCLASS_MA":null,"FCLASS_PT":null,"FCLASS_AR":null,"FCLASS_JP":null,"FCLASS_KO":null,"FCLASS_VN":null,"FCLASS_TR":null,"FCLASS_ID":null,"FCLASS_PL":null,"FCLASS_GR":null,"FCLASS_IT":null,"FCLASS_NL":null,"FCLASS_SE":null,"FCLASS_BD":null,"FCLASS_UA":null},"geometry":{"type":"MultiPolygon","coordinates":[[],[],[],[],[],[]]}},{"type":"Feature","bbox":[51.659277,-49.709863,70.555469,-46.326855],"properties":{"featurecla":"Admin-0 country","scalerank":3,"LABELRANK":6,"SOVEREIGNT":"France","SOV_A3":"FR1","ADM0_DIF":1,"LEVEL":2,"TYPE":"Dependency","TLC":"1","ADMIN":"French Southern and Antarctic Lands","ADM0_A3":"ATF","GEOU_DIF":0,"GEOUNIT":"French Southern and Antarctic Lands","GU_A3":"ATF","SU_DIF":0,"SUBUNIT":"French Southern and Antarctic Lands","SU_A3":"ATF","BRK_DIFF":0,"NAME":"Fr. S. Antarctic Lands","NAME_LONG":"French Southern and Antarctic Lands","BRK_A3":"ATF","BRK_NAME":"Fr. S. and Antarctic Lands","BRK_GROUP":null,"ABBREV":"Fr. S.A.L.","POSTAL":"TF","FORMAL_EN":"Territory of the French Southern and Antarctic Lands","FORMAL_FR":null,"NAME_CIAWF":null,"NOTE_ADM0":"Fr.","NOTE_BRK":null,"NAME_SORT":"French Southern and Antarctic Lands","NAME_ALT":null,"MAPCOLOR7":7,"MAPCOLOR8":5,"MAPCOLOR9":9,"MAPCOLOR13":11,"POP_EST":140,"POP_RANK":1,"POP_YEAR":2017,"GDP_MD":16,"GDP_YEAR":2016,"ECONOMY":"6. Developing region","INCOME_GRP":"2. High income: nonOECD","FIPS_10":"FS","ISO_A2":"TF","ISO_A2_EH":"TF","ISO_A3":"ATF","ISO_A3_EH":"ATF","ISO_N3":"260","ISO_N3_EH":"260","UN_A3":"260","WB_A2":"-99","WB_A3":"-99","WOE_ID":28289406,"WOE_ID_EH":28289406,"WOE_NOTE":"Exact WOE match as country","ADM0_ISO":"ATF","ADM0_DIFF":null,"ADM0_TLC":"ATF","ADM0_A3_US":"ATF","ADM0_A3_FR":"ATF","ADM0_A3_RU":"ATF","ADM0_A3_ES":"ATF","ADM0_A3_CN":"ATF","ADM0_A3_TW":"ATF","ADM0_A3_IN":"ATF","ADM0_A3_NP":"ATF","ADM0_A3_PK":"ATF","ADM0_A3_DE":"ATF","ADM0_A3_GB":"ATF","ADM0_A3_BR":"ATF","ADM0_A3_IL":"ATF","ADM0_A3_PS":"ATF","ADM0_A3_SA":"ATF","ADM0_A3_EG":"ATF","ADM0_A3_MA":"ATF","ADM0_A3_PT":"ATF","ADM0_A3_AR":"ATF","ADM0_A3_JP":"ATF","ADM0_A3_KO":"ATF","ADM0_A3_VN":"ATF","ADM0_A3_TR":"ATF","ADM0_A3_ID":"ATF","ADM0_A3_PL":"ATF","ADM0_A3_GR":"ATF","ADM0_A3_IT":"ATF","ADM0_A3_NL":"ATF","ADM0_A3_SE":"ATF","ADM0_A3_BD":"ATF","ADM0_A3_UA":"ATF","ADM0_A3_UN":-99,"ADM0_A3_WB":-99,"CONTINENT":"Seven seas (open ocean)","REGION_UN":"Africa","SUBREGION":"Seven seas (open ocean)","REGION_WB":"Sub-Saharan Africa","NAME_LEN":22,"LONG_LEN":35,"ABBREV_LEN":10,"TINY":2,"HOMEPART":-99,"MIN_ZOOM":0,"MIN_LABEL":4,"MAX_LABEL":9,"LABEL_X":69.122136,"LABEL_Y":-49.303721,"NE_ID":1159320631,"WIKIDATAID":"Q129003","NAME_AR":"أراض فرنسية جنوبية وأنتارتيكية","NAME_BN":"ফ্র. এস. অ্যান্ড অ্যান্টার্কটিক ল্যান্ড","NAME_DE":"Französische Süd- und Antarktisgebiete","NAME_EN":"French Southern and Antarctic Lands","NAME_ES":"Tierras Australes y Antárticas Francesas","NAME_FA":"سرزمینهای جنوبی و جنوبگانی فرانسه","NAME_FR":"Terres australes et antarctiques françaises","NAME_EL":"Γαλλικά Νότια και Ανταρκτικά Εδάφη","NAME_HE":"הארצות הדרומיות והאנטארקטיות של צרפת","NAME_HI":"दक्षिण फ्रांसीसी और अंटार्कटिक लैंड","NAME_HU":"Francia déli és antarktiszi területek","NAME_ID":"Daratan Selatan dan Antarktika Perancis","NAME_IT":"Terre australi e antartiche francesi","NAME_JA":"フランス領南方・南極地域","NAME_KO":"프랑스령 남방 및 남극","NAME_NL":"Franse Zuidelijke Gebieden","NAME_PL":"Francuskie Terytoria Południowe i Antarktyczne","NAME_PT":"Terras Austrais e Antárticas Francesas","NAME_RU":"Французские Южные и Антарктические территории","NAME_SV":"Franska sydterritorierna","NAME_TR":"Fransız Güney ve Antarktika Toprakları","NAME_UK":"Французькі Південні і Антарктичні території","NAME_UR":"سرزمین جنوبی فرانسیسیہ و انٹارکٹیکا","NAME_VI":"Vùng đất phía Nam và châu Nam Cực thuộc Pháp","NAME_ZH":"法属南部和南极领地","NAME_ZHT":"法屬南部和南極領地","FCLASS_ISO":"Admin-0 dependency","TLC_DIFF":null,"FCLASS_TLC":"Admin-0 dependency","FCLASS_US":null,"FCLASS_FR":null,"FCLASS_RU":null,"FCLASS_ES":null,"FCLASS_CN":null,"FCLASS_TW":null,"FCLASS_IN":null,"FCLASS_NP":null,"FCLASS_PK":null,"FCLASS_DE":null,"FCLASS_GB":null,"FCLASS_BR":null,"FCLASS_IL":null,"FCLASS_PS":null,"FCLASS_SA":null,"FCLASS_EG":null,"FCLASS_MA":null,"FCLASS_PT":null,"FCLASS_AR":null,"FCLASS_JP":null,"FCLASS_KO":null,"FCLASS_VN":null,"FCLASS_TR":null,"FCLASS_ID":null,"FCLASS_PL":null,"FCLASS_GR":null,"FCLASS_IT":null,"FCLASS_NL":null,"FCLASS_SE":null,"FCLASS_BD":null,"FCLASS_UA":null},"geometry":{"type":"MultiPolygon","coordinates":[[],[],[]]}},{"type":"Feature","bbox":[19.519043,60.01167,20.611328,60.405811],"properties":{"featurecla":"Admin-0 country","scalerank":3,"LABELRANK":6,"SOVEREIGNT":"Finland","SOV_A3":"FI1","ADM0_DIF":1,"LEVEL":2,"TYPE":"Country","TLC":"1","ADMIN":"Aland","ADM0_A3":"ALD","GEOU_DIF":0,"GEOUNIT":"Aland","GU_A3":"ALD","SU_DIF":0,"SUBUNIT":"Aland","SU_A3":"ALD","BRK_DIFF":0,"NAME":"Åland","NAME_LONG":"Åland Islands","BRK_A3":"ALD","BRK_NAME":"Åland","BRK_GROUP":null,"ABBREV":"Åland","POSTAL":"AI","FORMAL_EN":"Åland Islands","FORMAL_FR":null,"NAME_CIAWF":null,"NOTE_ADM0":"Fin.","NOTE_BRK":null,"NAME_SORT":"Aland","NAME_ALT":null,"MAPCOLOR7":4,"MAPCOLOR8":1,"MAPCOLOR9":4,"MAPCOLOR13":6,"POP_EST":29884,"POP_RANK":7,"POP_YEAR":2019,"GDP_MD":1563,"GDP_YEAR":2016,"ECONOMY":"2. Developed region: nonG7","INCOME_GRP":"1. High income: OECD","FIPS_10":"-99","ISO_A2":"AX","ISO_A2_EH":"AX","ISO_A3":"ALA","ISO_A3_EH":"ALA","ISO_N3":"248","ISO_N3_EH":"248","UN_A3":"248","WB_A2":"-99","WB_A3":"-99","WOE_ID":12577865,"WOE_ID_EH":12577865,"WOE_NOTE":"Exact WOE match as country","ADM0_ISO":"ALD","ADM0_DIFF":null,"ADM0_TLC":"ALD","ADM0_A3_US":"ALD","ADM0_A3_FR":"ALD","ADM0_A3_RU":"ALD","ADM0_A3_ES":"ALD","ADM0_A3_CN":"ALD","ADM0_A3_TW":"ALD","ADM0_A3_IN":"ALD","ADM0_A3_NP":"ALD","ADM0_A3_PK":"ALD","ADM0_A3_DE":"ALD","ADM0_A3_GB":"ALD","ADM0_A3_BR":"ALD","ADM0_A3_IL":"ALD","ADM0_A3_PS":"ALD","ADM0_A3_SA":"ALD","ADM0_A3_EG":"ALD","ADM0_A3_MA":"ALD","ADM0_A3_PT":"ALD","ADM0_A3_AR":"ALD","ADM0_A3_JP":"ALD","ADM0_A3_KO":"ALD","ADM0_A3_VN":"ALD","ADM0_A3_TR":"ALD","ADM0_A3_ID":"ALD","ADM0_A3_PL":"ALD","ADM0_A3_GR":"ALD","ADM0_A3_IT":"ALD","ADM0_A3_NL":"ALD","ADM0_A3_SE":"ALD","ADM0_A3_BD":"ALD","ADM0_A3_UA":"ALD","ADM0_A3_UN":-99,"ADM0_A3_WB":-99,"CONTINENT":"Europe","REGION_UN":"Europe","SUBREGION":"Northern Europe","REGION_WB":"Europe & Central Asia","NAME_LEN":5,"LONG_LEN":13,"ABBREV_LEN":5,"TINY":5,"HOMEPART":-99,"MIN_ZOOM":0,"MIN_LABEL":5,"MAX_LABEL":10,"LABEL_X":19.869671,"LABEL_Y":60.156467,"NE_ID":1159320621,"WIKIDATAID":"Q5689","NAME_AR":"جزر أولاند","NAME_BN":"অলান্দ দ্বীপপুঞ্জ","NAME_DE":"Åland","NAME_EN":"Åland","NAME_ES":"Åland","NAME_FA":"جزایر الند","NAME_FR":"Åland","NAME_EL":"Ώλαντ","NAME_HE":"אולנד","NAME_HI":"ऑलैण्ड द्वीपसमूह","NAME_HU":"Åland","NAME_ID":"Åland","NAME_IT":"Isole Åland","NAME_JA":"オーランド諸島","NAME_KO":"올란드 제도","NAME_NL":"Åland","NAME_PL":"Wyspy Alandzkie","NAME_PT":"Åland","NAME_RU":"Аландские острова","NAME_SV":"Åland","NAME_TR":"Åland","NAME_UK":"Аландські острови","NAME_UR":"جزائر ایلانڈ","NAME_VI":"Åland","NAME_ZH":"奥兰","NAME_ZHT":"奧蘭","FCLASS_ISO":"Admin-0 dependency","TLC_DIFF":null,"FCLASS_TLC":"Admin-0 dependency","FCLASS_US":null,"FCLASS_FR":null,"FCLASS_RU":"Unrecognized","FCLASS_ES":null,"FCLASS_CN":"Unrecognized","FCLASS_TW":null,"FCLASS_IN":null,"FCLASS_NP":null,"FCLASS_PK":null,"FCLASS_DE":null,"FCLASS_GB":null,"FCLASS_BR":null,"FCLASS_IL":null,"FCLASS_PS":null,"FCLASS_SA":null,"FCLASS_EG":null,"FCLASS_MA":null,"FCLASS_PT":null,"FCLASS_AR":null,"FCLASS_JP":null,"FCLASS_KO":null,"FCLASS_VN":null,"FCLASS_TR":null,"FCLASS_ID":null,"FCLASS_PL":null,"FCLASS_GR":null,"FCLASS_IT":null,"FCLASS_NL":null,"FCLASS_SE":null,"FCLASS_BD":null,"FCLASS_UA":null},"geometry":{"type":"MultiPolygon","coordinates":[[],[],[]]}},{"type":"Feature","bbox":[20.622168,59.816016,31.536523,70.064844],"properties":{"featurecla":"Admin-0 country","scalerank":1,"LABELRANK":3,"SOVEREIGNT":"Finland","SOV_A3":"FI1","ADM0_DIF":1,"LEVEL":2,"TYPE":"Country","TLC":"1","ADMIN":"Finland","ADM0_A3":"FIN","GEOU_DIF":0,"GEOUNIT":"Finland","GU_A3":"FIN","SU_DIF":0,"SUBUNIT":"Finland","SU_A3":"FIN","BRK_DIFF":0,"NAME":"Finland","NAME_LONG":"Finland","BRK_A3":"FIN","BRK_NAME":"Finland","BRK_GROUP":null,"ABBREV":"Fin.","POSTAL":"FIN","FORMAL_EN":"Republic of Finland","FORMAL_FR":null,"NAME_CIAWF":"Finland","NOTE_ADM0":null,"NOTE_BRK":null,"NAME_SORT":"Finland","NAME_ALT":null,"MAPCOLOR7":4,"MAPCOLOR8":1,"MAPCOLOR9":4,"MAPCOLOR13":6,"POP_EST":5520314,"POP_RANK":13,"POP_YEAR":2019,"GDP_MD":269296,"GDP_YEAR":2019,"ECONOMY":"2. Developed region: nonG7","INCOME_GRP":"1. High income: OECD","FIPS_10":"FI","ISO_A2":"FI","ISO_A2_EH":"FI","ISO_A3":"FIN","ISO_A3_EH":"FIN","ISO_N3":"246","ISO_N3_EH":"246","UN_A3":"246","WB_A2":"FI","WB_A3":"FIN","WOE_ID":23424812,"WOE_ID_EH":23424812,"WOE_NOTE":"Exact WOE match as country","ADM0_ISO":"FIN","ADM0_DIFF":null,"ADM0_TLC":"FIN","ADM0_A3_US":"FIN","ADM0_A3_FR":"FIN","ADM0_A3_RU":"FIN","ADM0_A3_ES":"FIN","ADM0_A3_CN":"FIN","ADM0_A3_TW":"FIN","ADM0_A3_IN":"FIN","ADM0_A3_NP":"FIN","ADM0_A3_PK":"FIN","ADM0_A3_DE":"FIN","ADM0_A3_GB":"FIN","ADM0_A3_BR":"FIN","ADM0_A3_IL":"FIN","ADM0_A3_PS":"FIN","ADM0_A3_SA":"FIN","ADM0_A3_EG":"FIN","ADM0_A3_MA":"FIN","ADM0_A3_PT":"FIN","ADM0_A3_AR":"FIN","ADM0_A3_JP":"FIN","ADM0_A3_KO":"FIN","ADM0_A3_VN":"FIN","ADM0_A3_TR":"FIN","ADM0_A3_ID":"FIN","ADM0_A3_PL":"FIN","ADM0_A3_GR":"FIN","ADM0_A3_IT":"FIN","ADM0_A3_NL":"FIN","ADM0_A3_SE":"FIN","ADM0_A3_BD":"FIN","ADM0_A3_UA":"FIN","ADM0_A3_UN":-99,"ADM0_A3_WB":-99,"CONTINENT":"Europe","REGION_UN":"Europe","SUBREGION":"Northern Europe","REGION_WB":"Europe & Central Asia","NAME_LEN":7,"LONG_LEN":7,"ABBREV_LEN":4,"TINY":-99,"HOMEPART":1,"MIN_ZOOM":0,"MIN_LABEL":3,"MAX_LABEL":8,"LABEL_X":27.276449,"LABEL_Y":63.252361,"NE_ID":1159320623,"WIKIDATAID":"Q33","NAME_AR":"فنلندا","NAME_BN":"ফিনল্যান্ড","NAME_DE":"Finnland","NAME_EN":"Finland","NAME_ES":"Finlandia","NAME_FA":"فنلاند","NAME_FR":"Finlande","NAME_EL":"Φινλανδία","NAME_HE":"פינלנד","NAME_HI":"फ़िनलैण्ड","NAME_HU":"Finnország","NAME_ID":"Finlandia","NAME_IT":"Finlandia","NAME_JA":"フィンランド","NAME_KO":"핀란드","NAME_NL":"Finland","NAME_PL":"Finlandia","NAME_PT":"Finlândia","NAME_RU":"Финляндия","NAME_SV":"Finland","NAME_TR":"Finlandiya","NAME_UK":"Фінляндія","NAME_UR":"فن لینڈ","NAME_VI":"Phần Lan","NAME_ZH":"芬兰","NAME_ZHT":"芬蘭","FCLASS_ISO":"Admin-0 country","TLC_DIFF":null,"FCLASS_TLC":"Admin-0 country","FCLASS_US":null,"FCLASS_FR":null,"FCLASS_RU":null,"FCLASS_ES":null,"FCLASS_CN":null,"FCLASS_TW":null,"FCLASS_IN":null,"FCLASS_NP":null,"FCLASS_PK":null,"FCLASS_DE":null,"FCLASS_GB":null,"FCLASS_BR":null,"FCLASS_IL":null,"FCLASS_PS":null,"FCLASS_SA":null,"FCLASS_EG":null,"FCLASS_MA":null,"FCLASS_PT":null,"FCLASS_AR":null,"FCLASS_JP":null,"FCLASS_KO":null,"FCLASS_VN":null,"FCLASS_TR":null,"FCLASS_ID":null,"FCLASS_PL":null,"FCLASS_GR":null,"FCLASS_IT":null,"FCLASS_NL":null,"FCLASS_SE":null,"FCLASS_BD":null,"FCLASS_UA":null},"geometry":{"type":"MultiPolygon","coordinates":[[],[],[],[],[],[],[],[]]}},{"type":"Feature","bbox":[-180,-21.705859,180,-12.476953],"properties":{"featurecla":"Admin-0 country","scalerank":1,"LABELRANK":6,"SOVEREIGNT":"Fiji","SOV_A3":"FJI","ADM0_DIF":0,"LEVEL":2,"TYPE":"Sovereign country","TLC":"1","ADMIN":"Fiji","ADM0_A3":"FJI","GEOU_DIF":0,"GEOUNIT":"Fiji","GU_A3":"FJI","SU_DIF":0,"SUBUNIT":"Fiji","SU_A3":"FJI","BRK_DIFF":0,"NAME":"Fiji","NAME_LONG":"Fiji","BRK_A3":"FJI","BRK_NAME":"Fiji","BRK_GROUP":null,"ABBREV":"Fiji","POSTAL":"FJ","FORMAL_EN":"Republic of Fiji","FORMAL_FR":null,"NAME_CIAWF":"Fiji","NOTE_ADM0":null,"NOTE_BRK":null,"NAME_SORT":"Fiji","NAME_ALT":null,"MAPCOLOR7":5,"MAPCOLOR8":1,"MAPCOLOR9":2,"MAPCOLOR13":2,"POP_EST":889953,"POP_RANK":11,"POP_YEAR":2019,"GDP_MD":5496,"GDP_YEAR":2019,"ECONOMY":"6. Developing region","INCOME_GRP":"4. Lower middle income","FIPS_10":"FJ","ISO_A2":"FJ","ISO_A2_EH":"FJ","ISO_A3":"FJI","ISO_A3_EH":"FJI","ISO_N3":"242","ISO_N3_EH":"242","UN_A3":"242","WB_A2":"FJ","WB_A3":"FJI","WOE_ID":23424813,"WOE_ID_EH":23424813,"WOE_NOTE":"Exact WOE match as country","ADM0_ISO":"FJI","ADM0_DIFF":null,"ADM0_TLC":"FJI","ADM0_A3_US":"FJI","ADM0_A3_FR":"FJI","ADM0_A3_RU":"FJI","ADM0_A3_ES":"FJI","ADM0_A3_CN":"FJI","ADM0_A3_TW":"FJI","ADM0_A3_IN":"FJI","ADM0_A3_NP":"FJI","ADM0_A3_PK":"FJI","ADM0_A3_DE":"FJI","ADM0_A3_GB":"FJI","ADM0_A3_BR":"FJI","ADM0_A3_IL":"FJI","ADM0_A3_PS":"FJI","ADM0_A3_SA":"FJI","ADM0_A3_EG":"FJI","ADM0_A3_MA":"FJI","ADM0_A3_PT":"FJI","ADM0_A3_AR":"FJI","ADM0_A3_JP":"FJI","ADM0_A3_KO":"FJI","ADM0_A3_VN":"FJI","ADM0_A3_TR":"FJI","ADM0_A3_ID":"FJI","ADM0_A3_PL":"FJI","ADM0_A3_GR":"FJI","ADM0_A3_IT":"FJI","ADM0_A3_NL":"FJI","ADM0_A3_SE":"FJI","ADM0_A3_BD":"FJI","ADM0_A3_UA":"FJI","ADM0_A3_UN":-99,"ADM0_A3_WB":-99,"CONTINENT":"Oceania","REGION_UN":"Oceania","SUBREGION":"Melanesia","REGION_WB":"East Asia & Pacific","NAME_LEN":4,"LONG_LEN":4,"ABBREV_LEN":4,"TINY":-99,"HOMEPART":1,"MIN_ZOOM":0,"MIN_LABEL":3,"MAX_LABEL":8,"LABEL_X":177.975427,"LABEL_Y":-17.826099,"NE_ID":1159320625,"WIKIDATAID":"Q712","NAME_AR":"فيجي","NAME_BN":"ফিজি","NAME_DE":"Fidschi","NAME_EN":"Fiji","NAME_ES":"Fiyi","NAME_FA":"فیجی","NAME_FR":"Fidji","NAME_EL":"Φίτζι","NAME_HE":"פיג'י","NAME_HI":"फ़िजी","NAME_HU":"Fidzsi-szigetek","NAME_ID":"Fiji","NAME_IT":"Figi","NAME_JA":"フィジー","NAME_KO":"피지","NAME_NL":"Fiji","NAME_PL":"Fidżi","NAME_PT":"Fiji","NAME_RU":"Фиджи","NAME_SV":"Fiji","NAME_TR":"Fiji","NAME_UK":"Фіджі","NAME_UR":"فجی","NAME_VI":"Fiji","NAME_ZH":"斐济","NAME_ZHT":"斐濟","FCLASS_ISO":"Admin-0 country","TLC_DIFF":null,"FCLASS_TLC":"Admin-0 country","FCLASS_US":null,"FCLASS_FR":null,"FCLASS_RU":null,"FCLASS_ES":null,"FCLASS_CN":null,"FCLASS_TW":null,"FCLASS_IN":null,"FCLASS_NP":null,"FCLASS_PK":null,"FCLASS_DE":null,"FCLASS_GB":null,"FCLASS_BR":null,"FCLASS_IL":null,"FCLASS_PS":null,"FCLASS_SA":null,"FCLASS_EG":null,"FCLASS_MA":null,"FCLASS_PT":null,"FCLASS_AR":null,"FCLASS_JP":null,"FCLASS_KO":null,"FCLASS_VN":null,"FCLASS_TR":null,"FCLASS_ID":null,"FCLASS_PL":null,"FCLASS_GR":null,"FCLASS_IT":null,"FCLASS_NL":null,"FCLASS_SE":null,"FCLASS_BD":null,"FCLASS_UA":null},"geometry":{"type":"MultiPolygon","coordinates":[[],[],[],[],[],[],[],[],[],[],[],[],[],[],[],[],[],[],[],[],[]]}},{"type":"Feature","bbox":[21.854492,57.525488,28.151074,59.639014],"properties":{"featurecla":"Admin-0 country","scalerank":1,"LABELRANK":6,"SOVEREIGNT":"Estonia","SOV_A3":"EST","ADM0_DIF":0,"LEVEL":2,"TYPE":"Sovereign country","TLC":"1","ADMIN":"Estonia","ADM0_A3":"EST","GEOU_DIF":0,"GEOUNIT":"Estonia","GU_A3":"EST","SU_DIF":0,"SUBUNIT":"Estonia","SU_A3":"EST","BRK_DIFF":0,"NAME":"Estonia","NAME_LONG":"Estonia","BRK_A3":"EST","BRK_NAME":"Estonia","BRK_GROUP":null,"ABBREV":"Est.","POSTAL":"EST","FORMAL_EN":"Republic of Estonia","FORMAL_FR":null,"NAME_CIAWF":"Estonia","NOTE_ADM0":null,"NOTE_BRK":null,"NAME_SORT":"Estonia","NAME_ALT":null,"MAPCOLOR7":3,"MAPCOLOR8":2,"MAPCOLOR9":1,"MAPCOLOR13":10,"POP_EST":1326590,"POP_RANK":12,"POP_YEAR":2019,"GDP_MD":31471,"GDP_YEAR":2019,"ECONOMY":"2. Developed region: nonG7","INCOME_GRP":"1. High income: OECD","FIPS_10":"EN","ISO_A2":"EE","ISO_A2_EH":"EE","ISO_A3":"EST","ISO_A3_EH":"EST","ISO_N3":"233","ISO_N3_EH":"233","UN_A3":"233","WB_A2":"EE","WB_A3":"EST","WOE_ID":23424805,"WOE_ID_EH":23424805,"WOE_NOTE":"Exact WOE match as country","ADM0_ISO":"EST","ADM0_DIFF":null,"ADM0_TLC":"EST","ADM0_A3_US":"EST","ADM0_A3_FR":"EST","ADM0_A3_RU":"EST","ADM0_A3_ES":"EST","ADM0_A3_CN":"EST","ADM0_A3_TW":"EST","ADM0_A3_IN":"EST","ADM0_A3_NP":"EST","ADM0_A3_PK":"EST","ADM0_A3_DE":"EST","ADM0_A3_GB":"EST","ADM0_A3_BR":"EST","ADM0_A3_IL":"EST","ADM0_A3_PS":"EST","ADM0_A3_SA":"EST","ADM0_A3_EG":"EST","ADM0_A3_MA":"EST","ADM0_A3_PT":"EST","ADM0_A3_AR":"EST","ADM0_A3_JP":"EST","ADM0_A3_KO":"EST","ADM0_A3_VN":"EST","ADM0_A3_TR":"EST","ADM0_A3_ID":"EST","ADM0_A3_PL":"EST","ADM0_A3_GR":"EST","ADM0_A3_IT":"EST","ADM0_A3_NL":"EST","ADM0_A3_SE":"EST","ADM0_A3_BD":"EST","ADM0_A3_UA":"EST","ADM0_A3_UN":-99,"ADM0_A3_WB":-99,"CONTINENT":"Europe","REGION_UN":"Europe","SUBREGION":"Northern Europe","REGION_WB":"Europe & Central Asia","NAME_LEN":7,"LONG_LEN":7,"ABBREV_LEN":4,"TINY":-99,"HOMEPART":1,"MIN_ZOOM":0,"MIN_LABEL":3,"MAX_LABEL":8,"LABEL_X":25.867126,"LABEL_Y":58.724865,"NE_ID":1159320615,"WIKIDATAID":"Q191","NAME_AR":"إستونيا","NAME_BN":"এস্তোনিয়া","NAME_DE":"Estland","NAME_EN":"Estonia","NAME_ES":"Estonia","NAME_FA":"استونی","NAME_FR":"Estonie","NAME_EL":"Εσθονία","NAME_HE":"אסטוניה","NAME_HI":"एस्टोनिया","NAME_HU":"Észtország","NAME_ID":"Estonia","NAME_IT":"Estonia","NAME_JA":"エストニア","NAME_KO":"에스토니아","NAME_NL":"Estland","NAME_PL":"Estonia","NAME_PT":"Estónia","NAME_RU":"Эстония","NAME_SV":"Estland","NAME_TR":"Estonya","NAME_UK":"Естонія","NAME_UR":"استونیا","NAME_VI":"Estonia","NAME_ZH":"爱沙尼亚","NAME_ZHT":"愛沙尼亞","FCLASS_ISO":"Admin-0 country","TLC_DIFF":null,"FCLASS_TLC":"Admin-0 country","FCLASS_US":null,"FCLASS_FR":null,"FCLASS_RU":null,"FCLASS_ES":null,"FCLASS_CN":null,"FCLASS_TW":null,"FCLASS_IN":null,"FCLASS_NP":null,"FCLASS_PK":null,"FCLASS_DE":null,"FCLASS_GB":null,"FCLASS_BR":null,"FCLASS_IL":null,"FCLASS_PS":null,"FCLASS_SA":null,"FCLASS_EG":null,"FCLASS_MA":null,"FCLASS_PT":null,"FCLASS_AR":null,"FCLASS_JP":null,"FCLASS_KO":null,"FCLASS_VN":null,"FCLASS_TR":null,"FCLASS_ID":null,"FCLASS_PL":null,"FCLASS_GR":null,"FCLASS_IT":null,"FCLASS_NL":null,"FCLASS_SE":null,"FCLASS_BD":null,"FCLASS_UA":null},"geometry":{"type":"MultiPolygon","coordinates":[[],[],[],[]]}},{"type":"Feature","bbox":[36.426758,12.376562,43.116699,18.005078],"properties":{"featurecla":"Admin-0 country","scalerank":1,"LABELRANK":4,"SOVEREIGNT":"Eritrea","SOV_A3":"ERI","ADM0_DIF":0,"LEVEL":2,"TYPE":"Sovereign country","TLC":"1","ADMIN":"Eritrea","ADM0_A3":"ERI","GEOU_DIF":0,"GEOUNIT":"Eritrea","GU_A3":"ERI","SU_DIF":0,"SUBUNIT":"Eritrea","SU_A3":"ERI","BRK_DIFF":0,"NAME":"Eritrea","NAME_LONG":"Eritrea","BRK_A3":"ERI","BRK_NAME":"Eritrea","BRK_GROUP":null,"ABBREV":"Erit.","POSTAL":"ER","FORMAL_EN":"State of Eritrea","FORMAL_FR":null,"NAME_CIAWF":"Eritrea","NOTE_ADM0":null,"NOTE_BRK":null,"NAME_SORT":"Eritrea","NAME_ALT":null,"MAPCOLOR7":3,"MAPCOLOR8":1,"MAPCOLOR9":2,"MAPCOLOR13":12,"POP_EST":6081196,"POP_RANK":13,"POP_YEAR":2020,"GDP_MD":2065,"GDP_YEAR":2011,"ECONOMY":"7. Least developed region","INCOME_GRP":"5. Low income","FIPS_10":"ER","ISO_A2":"ER","ISO_A2_EH":"ER","ISO_A3":"ERI","ISO_A3_EH":"ERI","ISO_N3":"232","ISO_N3_EH":"232","UN_A3":"232","WB_A2":"ER","WB_A3":"ERI","WOE_ID":23424806,"WOE_ID_EH":23424806,"WOE_NOTE":"Exact WOE match as country","ADM0_ISO":"ERI","ADM0_DIFF":null,"ADM0_TLC":"ERI","ADM0_A3_US":"ERI","ADM0_A3_FR":"ERI","ADM0_A3_RU":"ERI","ADM0_A3_ES":"ERI","ADM0_A3_CN":"ERI","ADM0_A3_TW":"ERI","ADM0_A3_IN":"ERI","ADM0_A3_NP":"ERI","ADM0_A3_PK":"ERI","ADM0_A3_DE":"ERI","ADM0_A3_GB":"ERI","ADM0_A3_BR":"ERI","ADM0_A3_IL":"ERI","ADM0_A3_PS":"ERI","ADM0_A3_SA":"ERI","ADM0_A3_EG":"ERI","ADM0_A3_MA":"ERI","ADM0_A3_PT":"ERI","ADM0_A3_AR":"ERI","ADM0_A3_JP":"ERI","ADM0_A3_KO":"ERI","ADM0_A3_VN":"ERI","ADM0_A3_TR":"ERI","ADM0_A3_ID":"ERI","ADM0_A3_PL":"ERI","ADM0_A3_GR":"ERI","ADM0_A3_IT":"ERI","ADM0_A3_NL":"ERI","ADM0_A3_SE":"ERI","ADM0_A3_BD":"ERI","ADM0_A3_UA":"ERI","ADM0_A3_UN":-99,"ADM0_A3_WB":-99,"CONTINENT":"Africa","REGION_UN":"Africa","SUBREGION":"Eastern Africa","REGION_WB":"Sub-Saharan Africa","NAME_LEN":7,"LONG_LEN":7,"ABBREV_LEN":5,"TINY":-99,"HOMEPART":1,"MIN_ZOOM":0,"MIN_LABEL":4,"MAX_LABEL":9,"LABEL_X":38.285566,"LABEL_Y":15.787401,"NE_ID":1159320581,"WIKIDATAID":"Q986","NAME_AR":"إريتريا","NAME_BN":"ইরিত্রিয়া","NAME_DE":"Eritrea","NAME_EN":"Eritrea","NAME_ES":"Eritrea","NAME_FA":"اریتره","NAME_FR":"Érythrée","NAME_EL":"Ερυθραία","NAME_HE":"אריתריאה","NAME_HI":"इरित्रिया","NAME_HU":"Eritrea","NAME_ID":"Eritrea","NAME_IT":"Eritrea","NAME_JA":"エリトリア","NAME_KO":"에리트레아","NAME_NL":"Eritrea","NAME_PL":"Erytrea","NAME_PT":"Eritreia","NAME_RU":"Эритрея","NAME_SV":"Eritrea","NAME_TR":"Eritre","NAME_UK":"Еритрея","NAME_UR":"اریتریا","NAME_VI":"Eritrea","NAME_ZH":"厄立特里亚","NAME_ZHT":"厄利垂亞","FCLASS_ISO":"Admin-0 country","TLC_DIFF":null,"FCLASS_TLC":"Admin-0 country","FCLASS_US":null,"FCLASS_FR":null,"FCLASS_RU":null,"FCLASS_ES":null,"FCLASS_CN":null,"FCLASS_TW":null,"FCLASS_IN":null,"FCLASS_NP":null,"FCLASS_PK":null,"FCLASS_DE":null,"FCLASS_GB":null,"FCLASS_BR":null,"FCLASS_IL":null,"FCLASS_PS":null,"FCLASS_SA":null,"FCLASS_EG":null,"FCLASS_MA":null,"FCLASS_PT":null,"FCLASS_AR":null,"FCLASS_JP":null,"FCLASS_KO":null,"FCLASS_VN":null,"FCLASS_TR":null,"FCLASS_ID":null,"FCLASS_PL":null,"FCLASS_GR":null,"FCLASS_IT":null,"FCLASS_NL":null,"FCLASS_SE":null,"FCLASS_BD":null,"FCLASS_UA":null},"geometry":{"type":"MultiPolygon","coordinates":[[],[],[]]}},{"type":"Feature","bbox":[8.434277,0.960107,11.335352,3.758301],"properties":{"featurecla":"Admin-0 country","scalerank":1,"LABELRANK":4,"SOVEREIGNT":"Equatorial Guinea","SOV_A3":"GNQ","ADM0_DIF":0,"LEVEL":2,"TYPE":"Sovereign country","TLC":"1","ADMIN":"Equatorial Guinea","ADM0_A3":"GNQ","GEOU_DIF":0,"GEOUNIT":"Equatorial Guinea","GU_A3":"GNQ","SU_DIF":0,"SUBUNIT":"Equatorial Guinea","SU_A3":"GNQ","BRK_DIFF":0,"NAME":"Eq. Guinea","NAME_LONG":"Equatorial Guinea","BRK_A3":"GNQ","BRK_NAME":"Eq. Guinea","BRK_GROUP":null,"ABBREV":"Eq. G.","POSTAL":"GQ","FORMAL_EN":"Republic of Equatorial Guinea","FORMAL_FR":null,"NAME_CIAWF":"Equatorial Guinea","NOTE_ADM0":null,"NOTE_BRK":null,"NAME_SORT":"Equatorial Guinea","NAME_ALT":null,"MAPCOLOR7":4,"MAPCOLOR8":1,"MAPCOLOR9":4,"MAPCOLOR13":8,"POP_EST":1355986,"POP_RANK":12,"POP_YEAR":2019,"GDP_MD":11026,"GDP_YEAR":2019,"ECONOMY":"7. Least developed region","INCOME_GRP":"2. High income: nonOECD","FIPS_10":"EK","ISO_A2":"GQ","ISO_A2_EH":"GQ","ISO_A3":"GNQ","ISO_A3_EH":"GNQ","ISO_N3":"226","ISO_N3_EH":"226","UN_A3":"226","WB_A2":"GQ","WB_A3":"GNQ","WOE_ID":23424804,"WOE_ID_EH":23424804,"WOE_NOTE":"Exact WOE match as country","ADM0_ISO":"GNQ","ADM0_DIFF":null,"ADM0_TLC":"GNQ","ADM0_A3_US":"GNQ","ADM0_A3_FR":"GNQ","ADM0_A3_RU":"GNQ","ADM0_A3_ES":"GNQ","ADM0_A3_CN":"GNQ","ADM0_A3_TW":"GNQ","ADM0_A3_IN":"GNQ","ADM0_A3_NP":"GNQ","ADM0_A3_PK":"GNQ","ADM0_A3_DE":"GNQ","ADM0_A3_GB":"GNQ","ADM0_A3_BR":"GNQ","ADM0_A3_IL":"GNQ","ADM0_A3_PS":"GNQ","ADM0_A3_SA":"GNQ","ADM0_A3_EG":"GNQ","ADM0_A3_MA":"GNQ","ADM0_A3_PT":"GNQ","ADM0_A3_AR":"GNQ","ADM0_A3_JP":"GNQ","ADM0_A3_KO":"GNQ","ADM0_A3_VN":"GNQ","ADM0_A3_TR":"GNQ","ADM0_A3_ID":"GNQ","ADM0_A3_PL":"GNQ","ADM0_A3_GR":"GNQ","ADM0_A3_IT":"GNQ","ADM0_A3_NL":"GNQ","ADM0_A3_SE":"GNQ","ADM0_A3_BD":"GNQ","ADM0_A3_UA":"GNQ","ADM0_A3_UN":-99,"ADM0_A3_WB":-99,"CONTINENT":"Africa","REGION_UN":"Africa","SUBREGION":"Middle Africa","REGION_WB":"Sub-Saharan Africa","NAME_LEN":10,"LONG_LEN":17,"ABBREV_LEN":6,"TINY":-99,"HOMEPART":1,"MIN_ZOOM":0,"MIN_LABEL":4,"MAX_LABEL":9,"LABEL_X":8.9902,"LABEL_Y":2.333,"NE_ID":1159320801,"WIKIDATAID":"Q983","NAME_AR":"غينيا الاستوائية","NAME_BN":"বিষুবীয় গিনি","NAME_DE":"Äquatorialguinea","NAME_EN":"Equatorial Guinea","NAME_ES":"Guinea Ecuatorial","NAME_FA":"گینه استوایی","NAME_FR":"Guinée équatoriale","NAME_EL":"Ισημερινή Γουινέα","NAME_HE":"גינאה המשוונית","NAME_HI":"भूमध्यरेखीय गिनी","NAME_HU":"Egyenlítői-Guinea","NAME_ID":"Guinea Khatulistiwa","NAME_IT":"Guinea Equatoriale","NAME_JA":"赤道ギニア","NAME_KO":"적도 기니","NAME_NL":"Equatoriaal-Guinea","NAME_PL":"Gwinea Równikowa","NAME_PT":"Guiné Equatorial","NAME_RU":"Экваториальная Гвинея","NAME_SV":"Ekvatorialguinea","NAME_TR":"Ekvator Ginesi","NAME_UK":"Екваторіальна Гвінея","NAME_UR":"استوائی گنی","NAME_VI":"Guinea Xích Đạo","NAME_ZH":"赤道几内亚","NAME_ZHT":"赤道幾內亞","FCLASS_ISO":"Admin-0 country","TLC_DIFF":null,"FCLASS_TLC":"Admin-0 country","FCLASS_US":null,"FCLASS_FR":null,"FCLASS_RU":null,"FCLASS_ES":null,"FCLASS_CN":null,"FCLASS_TW":null,"FCLASS_IN":null,"FCLASS_NP":null,"FCLASS_PK":null,"FCLASS_DE":null,"FCLASS_GB":null,"FCLASS_BR":null,"FCLASS_IL":null,"FCLASS_PS":null,"FCLASS_SA":null,"FCLASS_EG":null,"FCLASS_MA":null,"FCLASS_PT":null,"FCLASS_AR":null,"FCLASS_JP":null,"FCLASS_KO":null,"FCLASS_VN":null,"FCLASS_TR":null,"FCLASS_ID":null,"FCLASS_PL":null,"FCLASS_GR":null,"FCLASS_IT":null,"FCLASS_NL":null,"FCLASS_SE":null,"FCLASS_BD":null,"FCLASS_UA":null},"geometry":{"type":"MultiPolygon","coordinates":[[],[]]}},{"type":"Feature","bbox":[24.703223,21.994873,36.871387,31.65498],"properties":{"featurecla":"Admin-0 country","scalerank":1,"LABELRANK":2,"SOVEREIGNT":"Egypt","SOV_A3":"EGY","ADM0_DIF":0,"LEVEL":2,"TYPE":"Sovereign country","TLC":"1","ADMIN":"Egypt","ADM0_A3":"EGY","GEOU_DIF":0,"GEOUNIT":"Egypt","GU_A3":"EGY","SU_DIF":0,"SUBUNIT":"Egypt","SU_A3":"EGY","BRK_DIFF":0,"NAME":"Egypt","NAME_LONG":"Egypt","BRK_A3":"EGY","BRK_NAME":"Egypt","BRK_GROUP":null,"ABBREV":"Egypt","POSTAL":"EG","FORMAL_EN":"Arab Republic of Egypt","FORMAL_FR":null,"NAME_CIAWF":"Egypt","NOTE_ADM0":null,"NOTE_BRK":null,"NAME_SORT":"Egypt, Arab Rep.","NAME_ALT":null,"MAPCOLOR7":4,"MAPCOLOR8":6,"MAPCOLOR9":7,"MAPCOLOR13":2,"POP_EST":100388073,"POP_RANK":17,"POP_YEAR":2019,"GDP_MD":303092,"GDP_YEAR":2019,"ECONOMY":"5. Emerging region: G20","INCOME_GRP":"4. Lower middle income","FIPS_10":"EG","ISO_A2":"EG","ISO_A2_EH":"EG","ISO_A3":"EGY","ISO_A3_EH":"EGY","ISO_N3":"818","ISO_N3_EH":"818","UN_A3":"818","WB_A2":"EG","WB_A3":"EGY","WOE_ID":23424802,"WOE_ID_EH":23424802,"WOE_NOTE":"Exact WOE match as country","ADM0_ISO":"EGY","ADM0_DIFF":null,"ADM0_TLC":"EGY","ADM0_A3_US":"EGY","ADM0_A3_FR":"EGY","ADM0_A3_RU":"EGY","ADM0_A3_ES":"EGY","ADM0_A3_CN":"EGY","ADM0_A3_TW":"EGY","ADM0_A3_IN":"EGY","ADM0_A3_NP":"EGY","ADM0_A3_PK":"EGY","ADM0_A3_DE":"EGY","ADM0_A3_GB":"EGY","ADM0_A3_BR":"EGY","ADM0_A3_IL":"EGY","ADM0_A3_PS":"EGY","ADM0_A3_SA":"EGY","ADM0_A3_EG":"EGY","ADM0_A3_MA":"EGY","ADM0_A3_PT":"EGY","ADM0_A3_AR":"EGY","ADM0_A3_JP":"EGY","ADM0_A3_KO":"EGY","ADM0_A3_VN":"EGY","ADM0_A3_TR":"EGY","ADM0_A3_ID":"EGY","ADM0_A3_PL":"EGY","ADM0_A3_GR":"EGY","ADM0_A3_IT":"EGY","ADM0_A3_NL":"EGY","ADM0_A3_SE":"EGY","ADM0_A3_BD":"EGY","ADM0_A3_UA":"EGY","ADM0_A3_UN":-99,"ADM0_A3_WB":-99,"CONTINENT":"Africa","REGION_UN":"Africa","SUBREGION":"Northern Africa","REGION_WB":"Middle East & North Africa","NAME_LEN":5,"LONG_LEN":5,"ABBREV_LEN":5,"TINY":-99,"HOMEPART":1,"MIN_ZOOM":0,"MIN_LABEL":1.7,"MAX_LABEL":6.7,"LABEL_X":29.445837,"LABEL_Y":26.186173,"NE_ID":1159320575,"WIKIDATAID":"Q79","NAME_AR":"مصر","NAME_BN":"মিশর","NAME_DE":"Ägypten","NAME_EN":"Egypt","NAME_ES":"Egipto","NAME_FA":"مصر","NAME_FR":"Égypte","NAME_EL":"Αίγυπτος","NAME_HE":"מצרים","NAME_HI":"मिस्र","NAME_HU":"Egyiptom","NAME_ID":"Mesir","NAME_IT":"Egitto","NAME_JA":"エジプト","NAME_KO":"이집트","NAME_NL":"Egypte","NAME_PL":"Egipt","NAME_PT":"Egito","NAME_RU":"Египет","NAME_SV":"Egypten","NAME_TR":"Mısır","NAME_UK":"Єгипет","NAME_UR":"مصر","NAME_VI":"Ai Cập","NAME_ZH":"埃及","NAME_ZHT":"埃及","FCLASS_ISO":"Admin-0 country","TLC_DIFF":null,"FCLASS_TLC":"Admin-0 country","FCLASS_US":null,"FCLASS_FR":null,"FCLASS_RU":null,"FCLASS_ES":null,"FCLASS_CN":null,"FCLASS_TW":null,"FCLASS_IN":null,"FCLASS_NP":null,"FCLASS_PK":null,"FCLASS_DE":null,"FCLASS_GB":null,"FCLASS_BR":null,"FCLASS_IL":null,"FCLASS_PS":null,"FCLASS_SA":null,"FCLASS_EG":null,"FCLASS_MA":null,"FCLASS_PT":null,"FCLASS_AR":null,"FCLASS_JP":null,"FCLASS_KO":null,"FCLASS_VN":null,"FCLASS_TR":null,"FCLASS_ID":null,"FCLASS_PL":null,"FCLASS_GR":null,"FCLASS_IT":null,"FCLASS_NL":null,"FCLASS_SE":null,"FCLASS_BD":null,"FCLASS_UA":null},"geometry":{"type":"Polygon","coordinates":[[[36.871387,21.996729],[36.543262,21.996631],[36.215234,21.996582],[35.887012,21.996533],[35.558984,21.996484],[35.230859,21.996436],[34.902734,21.996387],[34.574609,21.996338],[34.246484,21.996289],[33.918457,21.99624],[33.590332,21.996191],[33.262207,21.996143],[32.934082,21.996094],[32.606055,21.995996],[32.277832,21.995996],[31.949805,21.995898],[31.62168,21.99585],[31.434473,21.99585],[31.466406,22.084668],[31.486133,22.147803],[31.464258,22.191504],[31.400293,22.202441],[31.358496,22.188623],[31.260645,22.002295],[31.20918,21.994873],[31.092676,21.994873],[30.710645,21.994922],[30.328613,21.99502],[29.94668,21.995117],[29.564551,21.995117],[29.18252,21.995215],[28.800586,21.995264],[28.418555,21.995312],[28.036426,21.995361],[27.654492,21.995459],[27.272461,21.995508],[26.89043,21.995557],[26.508398,21.995605],[26.126367,21.995654],[25.744336,21.995752],[25.362305,21.995801],[24.980273,21.99585],[24.980273,22.22041],[24.980273,22.444971],[24.980273,22.669531],[24.980273,22.894092],[24.980273,23.118652],[24.980273,23.343213],[24.980273,23.567822],[24.980273,23.792383],[24.980273,24.016943],[24.980273,24.241504],[24.980273,24.466064],[24.980273,24.690625],[24.980273,24.915186],[24.980273,25.139746],[24.980273,25.364307],[24.980273,25.588867],[24.980273,25.813428],[24.980273,26.037988],[24.980273,26.262549],[24.980273,26.487109],[24.980273,26.71167],[24.980273,26.93623],[24.980273,27.16084],[24.980273,27.3854],[24.980273,27.609961],[24.980273,27.834521],[24.980273,28.059082],[24.980273,28.283643],[24.980273,28.508203],[24.980273,28.732764],[24.980273,28.957324],[24.980273,29.181885],[24.97168,29.223828],[24.916113,29.37627],[24.865918,29.570264],[24.81084,29.80874],[24.803711,29.886035],[24.711621,30.131543],[24.703223,30.201074],[24.726465,30.250586],[24.877539,30.45752],[24.923047,30.558008],[24.961426,30.678516],[24.973926,30.776562],[24.929492,30.926465],[24.877539,31.06123],[24.859961,31.19917],[24.852734,31.334814],[24.92998,31.42749],[25.022656,31.514014],[25.057227,31.567187],[25.112012,31.626904],[25.150488,31.65498],[25.225488,31.533789],[25.382227,31.512793],[25.893262,31.620898],[26.457324,31.512109],[26.768652,31.470361],[27.248047,31.377881],[27.540039,31.212695],[27.620117,31.191748],[27.82998,31.19502],[27.967578,31.097412],[28.514844,31.050439],[28.806934,30.942676],[28.972754,30.856738],[29.07207,30.830273],[29.159961,30.83457],[29.278906,30.866943],[29.428516,30.927441],[29.591602,31.011523],[29.929785,31.22749],[30.049414,31.26543],[30.127539,31.255664],[30.222656,31.258398],[30.262305,31.316846],[30.312305,31.357031],[30.34375,31.402734],[30.395117,31.457617],[30.570996,31.472998],[30.923535,31.566846],[30.88418,31.522363],[30.562988,31.416992],[30.700488,31.403857],[30.841406,31.439893],[31.001758,31.462793],[31.030859,31.507568],[31.051953,31.591553],[31.08291,31.60332],[31.193945,31.587598],[31.524414,31.458252],[31.606543,31.455762],[31.839258,31.526318],[31.888965,31.541406],[31.964258,31.5021],[32.136035,31.341064],[32.076074,31.344482],[31.892188,31.482471],[31.875879,31.413721],[31.771094,31.292578],[31.902051,31.240186],[32.008496,31.220508],[32.065625,31.152979],[32.101758,31.092822],[32.206543,31.119043],[32.281836,31.200879],[32.242773,31.246533],[32.216211,31.29375],[32.250586,31.294922],[32.323535,31.256055],[32.532813,31.100732],[32.60332,31.06875],[32.68457,31.074023],[32.854492,31.117725],[32.901563,31.110937],[33.129883,31.168164],[33.156738,31.126221],[33.194336,31.084521],[33.37793,31.130957],[33.666504,31.13042],[33.902539,31.180957],[34.17627,31.303906],[34.198145,31.322607],[34.2125,31.292285],[34.245313,31.208301],[34.328516,30.99502],[34.400977,30.827832],[34.489941,30.596289],[34.517773,30.507373],[34.529688,30.446045],[34.658594,30.191455],[34.735059,29.982031],[34.791113,29.812109],[34.869824,29.563916],[34.904297,29.477344],[34.848535,29.432129],[34.736426,29.270605],[34.617188,28.75791],[34.446484,28.357324],[34.427148,28.106494],[34.399707,28.016016],[34.318555,27.888965],[34.220117,27.764307],[34.045117,27.828857],[33.760254,28.047656],[33.594141,28.255566],[33.416113,28.389844],[33.247754,28.567725],[33.201953,28.695703],[33.203711,28.777783],[33.130176,28.978271],[33.075781,29.073047],[32.870605,29.28623],[32.811719,29.4],[32.766699,29.45],[32.721484,29.521777],[32.647168,29.798437],[32.565723,29.973975],[32.473047,29.925439],[32.489453,29.851514],[32.408594,29.749316],[32.359766,29.630664],[32.397266,29.533789],[32.565039,29.386328],[32.599023,29.321924],[32.638086,29.182178],[32.631836,28.992236],[32.658887,28.927734],[32.784473,28.786621],[32.829492,28.702881],[32.856543,28.630615],[32.898242,28.565234],[33.022852,28.442285],[33.202148,28.208301],[33.372266,28.050586],[33.494922,27.974463],[33.54707,27.898145],[33.558789,27.701221],[33.549805,27.607373],[33.657422,27.430566],[33.697266,27.341113],[33.80166,27.268164],[33.849316,27.184912],[33.893066,27.049463],[33.959082,26.649023],[34.049512,26.550732],[34.329297,26.024365],[34.565137,25.691162],[34.679297,25.442529],[34.853223,25.139795],[35.194141,24.475146],[35.39707,24.269971],[35.477832,24.154785],[35.624707,24.066016],[35.783887,23.937793],[35.632031,23.950342],[35.593848,23.942578],[35.54082,23.920654],[35.515234,23.842871],[35.504395,23.779297],[35.522754,23.442529],[35.564355,23.271094],[35.697852,22.946191],[35.797363,22.84873],[35.845801,22.785693],[35.913379,22.739648],[36.229688,22.628809],[36.414551,22.394189],[36.829688,22.097656],[36.87041,22.015771],[36.871387,21.996729]]]}},{"type":"Feature","bbox":[-91.65415,-4.990625,-75.249609,1.455371],"properties":{"featurecla":"Admin-0 country","scalerank":1,"LABELRANK":3,"SOVEREIGNT":"Ecuador","SOV_A3":"ECU","ADM0_DIF":0,"LEVEL":2,"TYPE":"Sovereign country","TLC":"1","ADMIN":"Ecuador","ADM0_A3":"ECU","GEOU_DIF":0,"GEOUNIT":"Ecuador","GU_A3":"ECU","SU_DIF":0,"SUBUNIT":"Ecuador","SU_A3":"ECU","BRK_DIFF":0,"NAME":"Ecuador","NAME_LONG":"Ecuador","BRK_A3":"ECU","BRK_NAME":"Ecuador","BRK_GROUP":null,"ABBREV":"Ecu.","POSTAL":"EC","FORMAL_EN":"Republic of Ecuador","FORMAL_FR":null,"NAME_CIAWF":"Ecuador","NOTE_ADM0":null,"NOTE_BRK":null,"NAME_SORT":"Ecuador","NAME_ALT":null,"MAPCOLOR7":1,"MAPCOLOR8":5,"MAPCOLOR9":2,"MAPCOLOR13":12,"POP_EST":17373662,"POP_RANK":14,"POP_YEAR":2019,"GDP_MD":107435,"GDP_YEAR":2019,"ECONOMY":"6. Developing region","INCOME_GRP":"3. Upper middle income","FIPS_10":"EC","ISO_A2":"EC","ISO_A2_EH":"EC","ISO_A3":"ECU","ISO_A3_EH":"ECU","ISO_N3":"218","ISO_N3_EH":"218","UN_A3":"218","WB_A2":"EC","WB_A3":"ECU","WOE_ID":23424801,"WOE_ID_EH":23424801,"WOE_NOTE":"Exact WOE match as country","ADM0_ISO":"ECU","ADM0_DIFF":null,"ADM0_TLC":"ECU","ADM0_A3_US":"ECU","ADM0_A3_FR":"ECU","ADM0_A3_RU":"ECU","ADM0_A3_ES":"ECU","ADM0_A3_CN":"ECU","ADM0_A3_TW":"ECU","ADM0_A3_IN":"ECU","ADM0_A3_NP":"ECU","ADM0_A3_PK":"ECU","ADM0_A3_DE":"ECU","ADM0_A3_GB":"ECU","ADM0_A3_BR":"ECU","ADM0_A3_IL":"ECU","ADM0_A3_PS":"ECU","ADM0_A3_SA":"ECU","ADM0_A3_EG":"ECU","ADM0_A3_MA":"ECU","ADM0_A3_PT":"ECU","ADM0_A3_AR":"ECU","ADM0_A3_JP":"ECU","ADM0_A3_KO":"ECU","ADM0_A3_VN":"ECU","ADM0_A3_TR":"ECU","ADM0_A3_ID":"ECU","ADM0_A3_PL":"ECU","ADM0_A3_GR":"ECU","ADM0_A3_IT":"ECU","ADM0_A3_NL":"ECU","ADM0_A3_SE":"ECU","ADM0_A3_BD":"ECU","ADM0_A3_UA":"ECU","ADM0_A3_UN":-99,"ADM0_A3_WB":-99,"CONTINENT":"South America","REGION_UN":"Americas","SUBREGION":"South America","REGION_WB":"Latin America & Caribbean","NAME_LEN":7,"LONG_LEN":7,"ABBREV_LEN":4,"TINY":-99,"HOMEPART":1,"MIN_ZOOM":0,"MIN_LABEL":3,"MAX_LABEL":8,"LABEL_X":-78.188375,"LABEL_Y":-1.259076,"NE_ID":1159320567,"WIKIDATAID":"Q736","NAME_AR":"الإكوادور","NAME_BN":"ইকুয়েডর","NAME_DE":"Ecuador","NAME_EN":"Ecuador","NAME_ES":"Ecuador","NAME_FA":"اکوادور","NAME_FR":"Équateur","NAME_EL":"Εκουαδόρ","NAME_HE":"אקוודור","NAME_HI":"ईक्वाडोर","NAME_HU":"Ecuador","NAME_ID":"Ekuador","NAME_IT":"Ecuador","NAME_JA":"エクアドル","NAME_KO":"에콰도르","NAME_NL":"Ecuador","NAME_PL":"Ekwador","NAME_PT":"Equador","NAME_RU":"Эквадор","NAME_SV":"Ecuador","NAME_TR":"Ekvador","NAME_UK":"Еквадор","NAME_UR":"ایکواڈور","NAME_VI":"Ecuador","NAME_ZH":"厄瓜多尔","NAME_ZHT":"厄瓜多爾","FCLASS_ISO":"Admin-0 country","TLC_DIFF":null,"FCLASS_TLC":"Admin-0 country","FCLASS_US":null,"FCLASS_FR":null,"FCLASS_RU":null,"FCLASS_ES":null,"FCLASS_CN":null,"FCLASS_TW":null,"FCLASS_IN":null,"FCLASS_NP":null,"FCLASS_PK":null,"FCLASS_DE":null,"FCLASS_GB":null,"FCLASS_BR":null,"FCLASS_IL":null,"FCLASS_PS":null,"FCLASS_SA":null,"FCLASS_EG":null,"FCLASS_MA":null,"FCLASS_PT":null,"FCLASS_AR":null,"FCLASS_JP":null,"FCLASS_KO":null,"FCLASS_VN":null,"FCLASS_TR":null,"FCLASS_ID":null,"FCLASS_PL":null,"FCLASS_GR":null,"FCLASS_IT":null,"FCLASS_NL":null,"FCLASS_SE":null,"FCLASS_BD":null,"FCLASS_UA":null},"geometry":{"type":"MultiPolygon","coordinates":[[],[],[],[],[],[],[],[],[]]}},{"type":"Feature","bbox":[-72.818066,59.815479,-11.425537,83.599609],"properties":{"featurecla":"Admin-0 country","scalerank":1,"LABELRANK":3,"SOVEREIGNT":"Denmark","SOV_A3":"DN1","ADM0_DIF":1,"LEVEL":2,"TYPE":"Country","TLC":"1","ADMIN":"Greenland","ADM0_A3":"GRL","GEOU_DIF":0,"GEOUNIT":"Greenland","GU_A3":"GRL","SU_DIF":0,"SUBUNIT":"Greenland","SU_A3":"GRL","BRK_DIFF":0,"NAME":"Greenland","NAME_LONG":"Greenland","BRK_A3":"GRL","BRK_NAME":"Greenland","BRK_GROUP":null,"ABBREV":"Grlnd.","POSTAL":"GL","FORMAL_EN":"Greenland","FORMAL_FR":null,"NAME_CIAWF":"Greenland","NOTE_ADM0":"Den.","NOTE_BRK":null,"NAME_SORT":"Greenland","NAME_ALT":null,"MAPCOLOR7":4,"MAPCOLOR8":1,"MAPCOLOR9":3,"MAPCOLOR13":12,"POP_EST":56225,"POP_RANK":8,"POP_YEAR":2019,"GDP_MD":3051,"GDP_YEAR":2018,"ECONOMY":"2. Developed region: nonG7","INCOME_GRP":"2. High income: nonOECD","FIPS_10":"GL","ISO_A2":"GL","ISO_A2_EH":"GL","ISO_A3":"GRL","ISO_A3_EH":"GRL","ISO_N3":"304","ISO_N3_EH":"304","UN_A3":"304","WB_A2":"GL","WB_A3":"GRL","WOE_ID":23424828,"WOE_ID_EH":23424828,"WOE_NOTE":"Exact WOE match as country","ADM0_ISO":"GRL","ADM0_DIFF":null,"ADM0_TLC":"GRL","ADM0_A3_US":"GRL","ADM0_A3_FR":"GRL","ADM0_A3_RU":"GRL","ADM0_A3_ES":"GRL","ADM0_A3_CN":"GRL","ADM0_A3_TW":"GRL","ADM0_A3_IN":"GRL","ADM0_A3_NP":"GRL","ADM0_A3_PK":"GRL","ADM0_A3_DE":"GRL","ADM0_A3_GB":"GRL","ADM0_A3_BR":"GRL","ADM0_A3_IL":"GRL","ADM0_A3_PS":"GRL","ADM0_A3_SA":"GRL","ADM0_A3_EG":"GRL","ADM0_A3_MA":"GRL","ADM0_A3_PT":"GRL","ADM0_A3_AR":"GRL","ADM0_A3_JP":"GRL","ADM0_A3_KO":"GRL","ADM0_A3_VN":"GRL","ADM0_A3_TR":"GRL","ADM0_A3_ID":"GRL","ADM0_A3_PL":"GRL","ADM0_A3_GR":"GRL","ADM0_A3_IT":"GRL","ADM0_A3_NL":"GRL","ADM0_A3_SE":"GRL","ADM0_A3_BD":"GRL","ADM0_A3_UA":"GRL","ADM0_A3_UN":-99,"ADM0_A3_WB":-99,"CONTINENT":"North America","REGION_UN":"Americas","SUBREGION":"Northern America","REGION_WB":"Europe & Central Asia","NAME_LEN":9,"LONG_LEN":9,"ABBREV_LEN":6,"TINY":-99,"HOMEPART":-99,"MIN_ZOOM":0,"MIN_LABEL":1.7,"MAX_LABEL":6.7,"LABEL_X":-39.335251,"LABEL_Y":74.319387,"NE_ID":1159320551,"WIKIDATAID":"Q223","NAME_AR":"جرينلاند","NAME_BN":"গ্রিনল্যান্ড","NAME_DE":"Grönland","NAME_EN":"Greenland","NAME_ES":"Groenlandia","NAME_FA":"گرینلند","NAME_FR":"Groenland","NAME_EL":"Γροιλανδία","NAME_HE":"גרינלנד","NAME_HI":"ग्रीनलैण्ड","NAME_HU":"Grönland","NAME_ID":"Greenland","NAME_IT":"Groenlandia","NAME_JA":"グリーンランド","NAME_KO":"그린란드","NAME_NL":"Groenland","NAME_PL":"Grenlandia","NAME_PT":"Groenlândia","NAME_RU":"Гренландия","NAME_SV":"Grönland","NAME_TR":"Grönland","NAME_UK":"Гренландія","NAME_UR":"گرین لینڈ","NAME_VI":"Greenland","NAME_ZH":"格陵兰","NAME_ZHT":"格陵蘭","FCLASS_ISO":"Admin-0 dependency","TLC_DIFF":null,"FCLASS_TLC":"Admin-0 dependency","FCLASS_US":null,"FCLASS_FR":null,"FCLASS_RU":null,"FCLASS_ES":null,"FCLASS_CN":null,"FCLASS_TW":null,"FCLASS_IN":null,"FCLASS_NP":null,"FCLASS_PK":null,"FCLASS_DE":null,"FCLASS_GB":null,"FCLASS_BR":null,"FCLASS_IL":null,"FCLASS_PS":null,"FCLASS_SA":null,"FCLASS_EG":null,"FCLASS_MA":null,"FCLASS_PT":null,"FCLASS_AR":null,"FCLASS_JP":null,"FCLASS_KO":null,"FCLASS_VN":null,"FCLASS_TR":null,"FCLASS_ID":null,"FCLASS_PL":null,"FCLASS_GR":null,"FCLASS_IT":null,"FCLASS_NL":null,"FCLASS_SE":null,"FCLASS_BD":null,"FCLASS_UA":null},"geometry":{"type":"MultiPolygon","coordinates":[[],[],[],[],[],[],[],[],[],[],[],[],[],[],[],[],[]]}},{"type":"Feature","bbox":[-7.422607,61.414307,-6.406055,62.355664],"properties":{"featurecla":"Admin-0 country","scalerank":3,"LABELRANK":6,"SOVEREIGNT":"Denmark","SOV_A3":"DN1","ADM0_DIF":1,"LEVEL":2,"TYPE":"Dependency","TLC":"1","ADMIN":"Faroe Islands","ADM0_A3":"FRO","GEOU_DIF":0,"GEOUNIT":"Faroe Islands","GU_A3":"FRO","SU_DIF":0,"SUBUNIT":"Faroe Islands","SU_A3":"FRO","BRK_DIFF":0,"NAME":"Faeroe Is.","NAME_LONG":"Faeroe Islands","BRK_A3":"FRO","BRK_NAME":"Faeroe Islands","BRK_GROUP":null,"ABBREV":"Faeroe Is.","POSTAL":"FO","FORMAL_EN":"Føroyar Is. (Faeroe Is.)","FORMAL_FR":null,"NAME_CIAWF":"Faroe Islands","NOTE_ADM0":"Den.","NOTE_BRK":null,"NAME_SORT":"Faeroe Islands","NAME_ALT":null,"MAPCOLOR7":4,"MAPCOLOR8":1,"MAPCOLOR9":3,"MAPCOLOR13":12,"POP_EST":48678,"POP_RANK":7,"POP_YEAR":2019,"GDP_MD":3116,"GDP_YEAR":2018,"ECONOMY":"2. Developed region: nonG7","INCOME_GRP":"2. High income: nonOECD","FIPS_10":"FO","ISO_A2":"FO","ISO_A2_EH":"FO","ISO_A3":"FRO","ISO_A3_EH":"FRO","ISO_N3":"234","ISO_N3_EH":"234","UN_A3":"234","WB_A2":"FO","WB_A3":"FRO","WOE_ID":23424816,"WOE_ID_EH":23424816,"WOE_NOTE":"Exact WOE match as country","ADM0_ISO":"FRO","ADM0_DIFF":null,"ADM0_TLC":"FRO","ADM0_A3_US":"FRO","ADM0_A3_FR":"FRO","ADM0_A3_RU":"FRO","ADM0_A3_ES":"FRO","ADM0_A3_CN":"FRO","ADM0_A3_TW":"FRO","ADM0_A3_IN":"FRO","ADM0_A3_NP":"FRO","ADM0_A3_PK":"FRO","ADM0_A3_DE":"FRO","ADM0_A3_GB":"FRO","ADM0_A3_BR":"FRO","ADM0_A3_IL":"FRO","ADM0_A3_PS":"FRO","ADM0_A3_SA":"FRO","ADM0_A3_EG":"FRO","ADM0_A3_MA":"FRO","ADM0_A3_PT":"FRO","ADM0_A3_AR":"FRO","ADM0_A3_JP":"FRO","ADM0_A3_KO":"FRO","ADM0_A3_VN":"FRO","ADM0_A3_TR":"FRO","ADM0_A3_ID":"FRO","ADM0_A3_PL":"FRO","ADM0_A3_GR":"FRO","ADM0_A3_IT":"FRO","ADM0_A3_NL":"FRO","ADM0_A3_SE":"FRO","ADM0_A3_BD":"FRO","ADM0_A3_UA":"FRO","ADM0_A3_UN":-99,"ADM0_A3_WB":-99,"CONTINENT":"Europe","REGION_UN":"Europe","SUBREGION":"Northern Europe","REGION_WB":"Europe & Central Asia","NAME_LEN":10,"LONG_LEN":14,"ABBREV_LEN":10,"TINY":3,"HOMEPART":-99,"MIN_ZOOM":0,"MIN_LABEL":4,"MAX_LABEL":9,"LABEL_X":-7.058429,"LABEL_Y":62.185604,"NE_ID":1159320549,"WIKIDATAID":"Q4628","NAME_AR":"جزر فارو","NAME_BN":"ফ্যারো দ্বীপপুঞ্জ","NAME_DE":"Färöer","NAME_EN":"Faroe Islands","NAME_ES":"Islas Feroe","NAME_FA":"جزایر فارو","NAME_FR":"îles Féroé","NAME_EL":"Νήσοι Φερόες","NAME_HE":"איי פארו","NAME_HI":"फ़रो द्वीपसमूह","NAME_HU":"Feröer","NAME_ID":"Kepulauan Faroe","NAME_IT":"Fær Øer","NAME_JA":"フェロー諸島","NAME_KO":"페로 제도","NAME_NL":"Faeröer","NAME_PL":"Wyspy Owcze","NAME_PT":"Ilhas Feroe","NAME_RU":"Фарерские острова","NAME_SV":"Färöarna","NAME_TR":"Faroe Adaları","NAME_UK":"Фарерські острови","NAME_UR":"جزائرفارو","NAME_VI":"Quần đảo Faroe","NAME_ZH":"法罗群岛","NAME_ZHT":"法羅群島","FCLASS_ISO":"Admin-0 dependency","TLC_DIFF":null,"FCLASS_TLC":"Admin-0 dependency","FCLASS_US":null,"FCLASS_FR":null,"FCLASS_RU":null,"FCLASS_ES":null,"FCLASS_CN":null,"FCLASS_TW":null,"FCLASS_IN":null,"FCLASS_NP":null,"FCLASS_PK":null,"FCLASS_DE":null,"FCLASS_GB":null,"FCLASS_BR":null,"FCLASS_IL":null,"FCLASS_PS":null,"FCLASS_SA":null,"FCLASS_EG":null,"FCLASS_MA":null,"FCLASS_PT":null,"FCLASS_AR":null,"FCLASS_JP":null,"FCLASS_KO":null,"FCLASS_VN":null,"FCLASS_TR":null,"FCLASS_ID":null,"FCLASS_PL":null,"FCLASS_GR":null,"FCLASS_IT":null,"FCLASS_NL":null,"FCLASS_SE":null,"FCLASS_BD":null,"FCLASS_UA":null},"geometry":{"type":"MultiPolygon","coordinates":[[],[],[],[],[]]}},{"type":"Feature","bbox":[8.121484,54.628857,15.137109,57.736914],"properties":{"featurecla":"Admin-0 country","scalerank":1,"LABELRANK":4,"SOVEREIGNT":"Denmark","SOV_A3":"DN1","ADM0_DIF":1,"LEVEL":2,"TYPE":"Country","TLC":"1","ADMIN":"Denmark","ADM0_A3":"DNK","GEOU_DIF":0,"GEOUNIT":"Denmark","GU_A3":"DNK","SU_DIF":0,"SUBUNIT":"Denmark","SU_A3":"DNK","BRK_DIFF":0,"NAME":"Denmark","NAME_LONG":"Denmark","BRK_A3":"DNK","BRK_NAME":"Denmark","BRK_GROUP":null,"ABBREV":"Den.","POSTAL":"DK","FORMAL_EN":"Kingdom of Denmark","FORMAL_FR":null,"NAME_CIAWF":"Denmark","NOTE_ADM0":null,"NOTE_BRK":null,"NAME_SORT":"Denmark","NAME_ALT":null,"MAPCOLOR7":4,"MAPCOLOR8":1,"MAPCOLOR9":3,"MAPCOLOR13":12,"POP_EST":5818553,"POP_RANK":13,"POP_YEAR":2019,"GDP_MD":350104,"GDP_YEAR":2019,"ECONOMY":"2. Developed region: nonG7","INCOME_GRP":"1. High income: OECD","FIPS_10":"DA","ISO_A2":"DK","ISO_A2_EH":"DK","ISO_A3":"DNK","ISO_A3_EH":"DNK","ISO_N3":"208","ISO_N3_EH":"208","UN_A3":"208","WB_A2":"DK","WB_A3":"DNK","WOE_ID":23424796,"WOE_ID_EH":23424796,"WOE_NOTE":"Exact WOE match as country","ADM0_ISO":"DNK","ADM0_DIFF":null,"ADM0_TLC":"DNK","ADM0_A3_US":"DNK","ADM0_A3_FR":"DNK","ADM0_A3_RU":"DNK","ADM0_A3_ES":"DNK","ADM0_A3_CN":"DNK","ADM0_A3_TW":"DNK","ADM0_A3_IN":"DNK","ADM0_A3_NP":"DNK","ADM0_A3_PK":"DNK","ADM0_A3_DE":"DNK","ADM0_A3_GB":"DNK","ADM0_A3_BR":"DNK","ADM0_A3_IL":"DNK","ADM0_A3_PS":"DNK","ADM0_A3_SA":"DNK","ADM0_A3_EG":"DNK","ADM0_A3_MA":"DNK","ADM0_A3_PT":"DNK","ADM0_A3_AR":"DNK","ADM0_A3_JP":"DNK","ADM0_A3_KO":"DNK","ADM0_A3_VN":"DNK","ADM0_A3_TR":"DNK","ADM0_A3_ID":"DNK","ADM0_A3_PL":"DNK","ADM0_A3_GR":"DNK","ADM0_A3_IT":"DNK","ADM0_A3_NL":"DNK","ADM0_A3_SE":"DNK","ADM0_A3_BD":"DNK","ADM0_A3_UA":"DNK","ADM0_A3_UN":-99,"ADM0_A3_WB":-99,"CONTINENT":"Europe","REGION_UN":"Europe","SUBREGION":"Northern Europe","REGION_WB":"Europe & Central Asia","NAME_LEN":7,"LONG_LEN":7,"ABBREV_LEN":4,"TINY":-99,"HOMEPART":1,"MIN_ZOOM":0,"MIN_LABEL":3,"MAX_LABEL":8,"LABEL_X":9.018163,"LABEL_Y":55.966965,"NE_ID":1159320547,"WIKIDATAID":"Q35","NAME_AR":"الدنمارك","NAME_BN":"ডেনমার্ক","NAME_DE":"Dänemark","NAME_EN":"Denmark","NAME_ES":"Dinamarca","NAME_FA":"دانمارک","NAME_FR":"Danemark","NAME_EL":"Δανία","NAME_HE":"דנמרק","NAME_HI":"डेनमार्क","NAME_HU":"Dánia","NAME_ID":"Denmark","NAME_IT":"Danimarca","NAME_JA":"デンマーク","NAME_KO":"덴마크","NAME_NL":"Denemarken","NAME_PL":"Dania","NAME_PT":"Dinamarca","NAME_RU":"Дания","NAME_SV":"Danmark","NAME_TR":"Danimarka","NAME_UK":"Данія","NAME_UR":"ڈنمارک","NAME_VI":"Đan Mạch","NAME_ZH":"丹麦","NAME_ZHT":"丹麥","FCLASS_ISO":"Admin-0 country","TLC_DIFF":null,"FCLASS_TLC":"Admin-0 country","FCLASS_US":null,"FCLASS_FR":null,"FCLASS_RU":null,"FCLASS_ES":null,"FCLASS_CN":null,"FCLASS_TW":null,"FCLASS_IN":null,"FCLASS_NP":null,"FCLASS_PK":null,"FCLASS_DE":null,"FCLASS_GB":null,"FCLASS_BR":null,"FCLASS_IL":null,"FCLASS_PS":null,"FCLASS_SA":null,"FCLASS_EG":null,"FCLASS_MA":null,"FCLASS_PT":null,"FCLASS_AR":null,"FCLASS_JP":null,"FCLASS_KO":null,"FCLASS_VN":null,"FCLASS_TR":null,"FCLASS_ID":null,"FCLASS_PL":null,"FCLASS_GR":null,"FCLASS_IT":null,"FCLASS_NL":null,"FCLASS_SE":null,"FCLASS_BD":null,"FCLASS_UA":null},"geometry":{"type":"MultiPolygon","coordinates":[[],[],[],[],[],[],[],[],[],[],[],[]]}},{"type":"Feature","bbox":[32.712695,35.000342,34.556055,35.662061],"properties":{"featurecla":"Admin-0 country","scalerank":1,"LABELRANK":6,"SOVEREIGNT":"Northern Cyprus","SOV_A3":"CYN","ADM0_DIF":0,"LEVEL":2,"TYPE":"Sovereign country","TLC":"1","ADMIN":"Northern Cyprus","ADM0_A3":"CYN","GEOU_DIF":0,"GEOUNIT":"Northern Cyprus","GU_A3":"CYN","SU_DIF":0,"SUBUNIT":"Northern Cyprus","SU_A3":"CYN","BRK_DIFF":0,"NAME":"N. Cyprus","NAME_LONG":"Northern Cyprus","BRK_A3":"CYN","BRK_NAME":"N. Cyprus","BRK_GROUP":null,"ABBREV":"N. Cy.","POSTAL":"CN","FORMAL_EN":"Turkish Republic of Northern Cyprus","FORMAL_FR":null,"NAME_CIAWF":null,"NOTE_ADM0":"Self admin.","NOTE_BRK":"Self admin.; Claimed by Cyprus","NAME_SORT":"Cyprus, Northern","NAME_ALT":null,"MAPCOLOR7":3,"MAPCOLOR8":1,"MAPCOLOR9":4,"MAPCOLOR13":8,"POP_EST":326000,"POP_RANK":10,"POP_YEAR":2017,"GDP_MD":3600,"GDP_YEAR":2013,"ECONOMY":"6. Developing region","INCOME_GRP":"3. Upper middle income","FIPS_10":"-99","ISO_A2":"-99","ISO_A2_EH":"-99","ISO_A3":"-99","ISO_A3_EH":"-99","ISO_N3":"-99","ISO_N3_EH":"-99","UN_A3":"-099","WB_A2":"-99","WB_A3":"-99","WOE_ID":-90,"WOE_ID_EH":23424995,"WOE_NOTE":"WOE lists as subunit of united Cyprus","ADM0_ISO":"CYP","ADM0_DIFF":"1","ADM0_TLC":"CYN","ADM0_A3_US":"CYP","ADM0_A3_FR":"CYP","ADM0_A3_RU":"CYP","ADM0_A3_ES":"CYP","ADM0_A3_CN":"CYP","ADM0_A3_TW":"CYP","ADM0_A3_IN":"CYP","ADM0_A3_NP":"CYP","ADM0_A3_PK":"CYP","ADM0_A3_DE":"CYP","ADM0_A3_GB":"CYP","ADM0_A3_BR":"CYP","ADM0_A3_IL":"CYP","ADM0_A3_PS":"CYP","ADM0_A3_SA":"CYP","ADM0_A3_EG":"CYP","ADM0_A3_MA":"CYP","ADM0_A3_PT":"CYP","ADM0_A3_AR":"CYP","ADM0_A3_JP":"CYP","ADM0_A3_KO":"CYP","ADM0_A3_VN":"CYP","ADM0_A3_TR":"CYN","ADM0_A3_ID":"CYP","ADM0_A3_PL":"CYP","ADM0_A3_GR":"CYP","ADM0_A3_IT":"CYP","ADM0_A3_NL":"CYP","ADM0_A3_SE":"CYP","ADM0_A3_BD":"CYP","ADM0_A3_UA":"CYP","ADM0_A3_UN":-99,"ADM0_A3_WB":-99,"CONTINENT":"Asia","REGION_UN":"Asia","SUBREGION":"Western Asia","REGION_WB":"Europe & Central Asia","NAME_LEN":9,"LONG_LEN":15,"ABBREV_LEN":6,"TINY":-99,"HOMEPART":1,"MIN_ZOOM":0,"MIN_LABEL":6,"MAX_LABEL":10,"LABEL_X":33.692434,"LABEL_Y":35.216071,"NE_ID":1159320531,"WIKIDATAID":"Q23681","NAME_AR":"قبرص الشمالية","NAME_BN":"উত্তর সাইপ্রাস","NAME_DE":"Türkische Republik Nordzypern","NAME_EN":"Turkish Republic of Northern Cyprus","NAME_ES":"República Turca del Norte de Chipre","NAME_FA":"جمهوری ترک قبرس شمالی","NAME_FR":"Chypre du Nord","NAME_EL":"Τουρκική Δημοκρατία της Βόρειας Κύπρου","NAME_HE":"הרפובליקה הטורקית של צפון קפריסין","NAME_HI":"उत्तरी साइप्रस","NAME_HU":"Észak-Ciprus","NAME_ID":"Republik Turki Siprus Utara","NAME_IT":"Cipro del Nord","NAME_JA":"北キプロス・トルコ共和国","NAME_KO":"북키프로스","NAME_NL":"Noord-Cyprus","NAME_PL":"Cypr Północny","NAME_PT":"República Turca do Chipre do Norte","NAME_RU":"Турецкая Республика Северного Кипра","NAME_SV":"Nordcypern","NAME_TR":"Kuzey Kıbrıs Türk Cumhuriyeti","NAME_UK":"Турецька Республіка Північного Кіпру","NAME_UR":"ترک جمہوریہ شمالی قبرص","NAME_VI":"Bắc Síp","NAME_ZH":"北塞浦路斯土耳其共和国","NAME_ZHT":"北賽普勒斯土耳其共和國","FCLASS_ISO":"Unrecognized","TLC_DIFF":"1","FCLASS_TLC":"Admin-0 country","FCLASS_US":"Admin-0 breakaway and disputed","FCLASS_FR":"Unrecognized","FCLASS_RU":"Unrecognized","FCLASS_ES":"Unrecognized","FCLASS_CN":"Unrecognized","FCLASS_TW":"Unrecognized","FCLASS_IN":"Unrecognized","FCLASS_NP":"Unrecognized","FCLASS_PK":"Unrecognized","FCLASS_DE":"Unrecognized","FCLASS_GB":"Unrecognized","FCLASS_BR":"Unrecognized","FCLASS_IL":"Unrecognized","FCLASS_PS":"Unrecognized","FCLASS_SA":"Unrecognized","FCLASS_EG":"Unrecognized","FCLASS_MA":"Unrecognized","FCLASS_PT":"Unrecognized","FCLASS_AR":"Unrecognized","FCLASS_JP":"Unrecognized","FCLASS_KO":"Unrecognized","FCLASS_VN":"Unrecognized","FCLASS_TR":"Admin-0 country","FCLASS_ID":"Unrecognized","FCLASS_PL":"Unrecognized","FCLASS_GR":"Unrecognized","FCLASS_IT":"Unrecognized","FCLASS_NL":"Unrecognized","FCLASS_SE":"Unrecognized","FCLASS_BD":"Unrecognized","FCLASS_UA":"Unrecognized"},"geometry":{"type":"Polygon","coordinates":[[[34.004492,35.065234],[33.965723,35.056787],[33.90332,35.085449],[33.866406,35.093604],[33.832031,35.067187],[33.792285,35.048193],[33.756934,35.039746],[33.725781,35.037305],[33.675391,35.017871],[33.614453,35.022754],[33.525684,35.038672],[33.475781,35.000342],[33.463867,35.004932],[33.455957,35.101416],[33.424219,35.140918],[33.383789,35.162695],[33.325586,35.153613],[33.24834,35.156934],[33.191016,35.173145],[33.077539,35.146191],[32.985938,35.116406],[32.919531,35.087842],[32.869434,35.089404],[32.784082,35.115771],[32.720215,35.145361],[32.712695,35.171045],[32.772363,35.15957],[32.879883,35.180566],[32.926367,35.278076],[32.941602,35.39043],[33.123438,35.358203],[33.307813,35.341504],[33.458789,35.335889],[33.607617,35.35415],[34.063477,35.473975],[34.19248,35.545703],[34.272363,35.569971],[34.411133,35.629297],[34.556055,35.662061],[34.463184,35.593506],[33.941992,35.292041],[33.90791,35.202393],[33.93125,35.140381],[34.004492,35.065234]]]}},{"type":"Feature","bbox":[32.300977,34.56958,34.050195,35.182666],"properties":{"featurecla":"Admin-0 country","scalerank":1,"LABELRANK":5,"SOVEREIGNT":"Cyprus","SOV_A3":"CYP","ADM0_DIF":0,"LEVEL":2,"TYPE":"Sovereign country","TLC":"1","ADMIN":"Cyprus","ADM0_A3":"CYP","GEOU_DIF":0,"GEOUNIT":"Cyprus","GU_A3":"CYP","SU_DIF":0,"SUBUNIT":"Cyprus","SU_A3":"CYP","BRK_DIFF":0,"NAME":"Cyprus","NAME_LONG":"Cyprus","BRK_A3":"CYP","BRK_NAME":"Cyprus","BRK_GROUP":null,"ABBREV":"Cyp.","POSTAL":"CY","FORMAL_EN":"Republic of Cyprus","FORMAL_FR":null,"NAME_CIAWF":"Cyprus","NOTE_ADM0":null,"NOTE_BRK":null,"NAME_SORT":"Cyprus","NAME_ALT":null,"MAPCOLOR7":1,"MAPCOLOR8":2,"MAPCOLOR9":3,"MAPCOLOR13":7,"POP_EST":1198575,"POP_RANK":12,"POP_YEAR":2019,"GDP_MD":24948,"GDP_YEAR":2019,"ECONOMY":"6. Developing region","INCOME_GRP":"2. High income: nonOECD","FIPS_10":"CY","ISO_A2":"CY","ISO_A2_EH":"CY","ISO_A3":"CYP","ISO_A3_EH":"CYP","ISO_N3":"196","ISO_N3_EH":"196","UN_A3":"196","WB_A2":"CY","WB_A3":"CYP","WOE_ID":-90,"WOE_ID_EH":23424994,"WOE_NOTE":"WOE lists as subunit of united Cyprus","ADM0_ISO":"CYP","ADM0_DIFF":null,"ADM0_TLC":"CYP","ADM0_A3_US":"CYP","ADM0_A3_FR":"CYP","ADM0_A3_RU":"CYP","ADM0_A3_ES":"CYP","ADM0_A3_CN":"CYP","ADM0_A3_TW":"CYP","ADM0_A3_IN":"CYP","ADM0_A3_NP":"CYP","ADM0_A3_PK":"CYP","ADM0_A3_DE":"CYP","ADM0_A3_GB":"CYP","ADM0_A3_BR":"CYP","ADM0_A3_IL":"CYP","ADM0_A3_PS":"CYP","ADM0_A3_SA":"CYP","ADM0_A3_EG":"CYP","ADM0_A3_MA":"CYP","ADM0_A3_PT":"CYP","ADM0_A3_AR":"CYP","ADM0_A3_JP":"CYP","ADM0_A3_KO":"CYP","ADM0_A3_VN":"CYP","ADM0_A3_TR":"CYP","ADM0_A3_ID":"CYP","ADM0_A3_PL":"CYP","ADM0_A3_GR":"CYP","ADM0_A3_IT":"CYP","ADM0_A3_NL":"CYP","ADM0_A3_SE":"CYP","ADM0_A3_BD":"CYP","ADM0_A3_UA":"CYP","ADM0_A3_UN":-99,"ADM0_A3_WB":-99,"CONTINENT":"Asia","REGION_UN":"Asia","SUBREGION":"Western Asia","REGION_WB":"Europe & Central Asia","NAME_LEN":6,"LONG_LEN":6,"ABBREV_LEN":4,"TINY":-99,"HOMEPART":1,"MIN_ZOOM":0,"MIN_LABEL":4.5,"MAX_LABEL":9.5,"LABEL_X":33.084182,"LABEL_Y":34.913329,"NE_ID":1159320533,"WIKIDATAID":"Q229","NAME_AR":"قبرص","NAME_BN":"সাইপ্রাস","NAME_DE":"Republik Zypern","NAME_EN":"Cyprus","NAME_ES":"Chipre","NAME_FA":"قبرس","NAME_FR":"Chypre","NAME_EL":"Κύπρος","NAME_HE":"קפריסין","NAME_HI":"साइप्रस","NAME_HU":"Ciprus","NAME_ID":"Siprus","NAME_IT":"Cipro","NAME_JA":"キプロス","NAME_KO":"키프로스","NAME_NL":"Cyprus","NAME_PL":"Cypr","NAME_PT":"Chipre","NAME_RU":"Кипр","NAME_SV":"Cypern","NAME_TR":"Kıbrıs Cumhuriyeti","NAME_UK":"Кіпр","NAME_UR":"قبرص","NAME_VI":"Cộng hòa Síp","NAME_ZH":"塞浦路斯","NAME_ZHT":"賽普勒斯","FCLASS_ISO":"Admin-0 country","TLC_DIFF":null,"FCLASS_TLC":"Admin-0 country","FCLASS_US":null,"FCLASS_FR":null,"FCLASS_RU":null,"FCLASS_ES":null,"FCLASS_CN":null,"FCLASS_TW":null,"FCLASS_IN":null,"FCLASS_NP":null,"FCLASS_PK":null,"FCLASS_DE":null,"FCLASS_GB":null,"FCLASS_BR":null,"FCLASS_IL":null,"FCLASS_PS":null,"FCLASS_SA":null,"FCLASS_EG":null,"FCLASS_MA":null,"FCLASS_PT":null,"FCLASS_AR":null,"FCLASS_JP":null,"FCLASS_KO":null,"FCLASS_VN":null,"FCLASS_TR":null,"FCLASS_ID":null,"FCLASS_PL":null,"FCLASS_GR":null,"FCLASS_IT":null,"FCLASS_NL":null,"FCLASS_SE":null,"FCLASS_BD":null,"FCLASS_UA":null},"geometry":{"type":"Polygon","coordinates":[[[32.712695,35.171045],[32.720215,35.145361],[32.784082,35.115771],[32.869434,35.089404],[32.919531,35.087842],[32.985938,35.116406],[33.077539,35.146191],[33.191016,35.173145],[33.24834,35.156934],[33.325586,35.153613],[33.383789,35.162695],[33.424219,35.140918],[33.455957,35.101416],[33.463867,35.004932],[33.475781,35.000342],[33.525684,35.038672],[33.614453,35.022754],[33.675391,35.017871],[33.725781,35.037305],[33.756934,35.039746],[33.792285,35.048193],[33.832031,35.067187],[33.866406,35.093604],[33.90332,35.085449],[33.965723,35.056787],[34.004492,35.065234],[34.023633,35.045557],[34.050195,34.988379],[33.936523,34.971484],[33.822461,34.965918],[33.758984,34.973242],[33.699414,34.969873],[33.514453,34.806445],[33.414941,34.750879],[33.296582,34.717725],[33.176074,34.698047],[33.115527,34.695557],[33.062305,34.674805],[33.024902,34.636914],[33.023926,34.6],[33.00791,34.56958],[32.941797,34.575879],[32.914258,34.635498],[32.867188,34.661133],[32.750098,34.647803],[32.692969,34.649365],[32.505566,34.70625],[32.449023,34.729443],[32.41377,34.778027],[32.317188,34.95332],[32.300977,35.082959],[32.390918,35.049805],[32.475,35.08999],[32.555957,35.155762],[32.652344,35.182666],[32.712695,35.171045]]]}},{"type":"Feature","bbox":[-84.887207,19.855469,-74.136816,23.19043],"properties":{"featurecla":"Admin-0 country","scalerank":1,"LABELRANK":3,"SOVEREIGNT":"Cuba","SOV_A3":"CU1","ADM0_DIF":1,"LEVEL":1,"TYPE":"Sovereignty","TLC":"1","ADMIN":"Cuba","ADM0_A3":"CUB","GEOU_DIF":0,"GEOUNIT":"Cuba","GU_A3":"CUB","SU_DIF":0,"SUBUNIT":"Cuba","SU_A3":"CUB","BRK_DIFF":0,"NAME":"Cuba","NAME_LONG":"Cuba","BRK_A3":"CUB","BRK_NAME":"Cuba","BRK_GROUP":null,"ABBREV":"Cuba","POSTAL":"CU","FORMAL_EN":"Republic of Cuba","FORMAL_FR":null,"NAME_CIAWF":"Cuba","NOTE_ADM0":null,"NOTE_BRK":null,"NAME_SORT":"Cuba","NAME_ALT":null,"MAPCOLOR7":3,"MAPCOLOR8":5,"MAPCOLOR9":3,"MAPCOLOR13":4,"POP_EST":11333483,"POP_RANK":14,"POP_YEAR":2019,"GDP_MD":100023,"GDP_YEAR":2018,"ECONOMY":"5. Emerging region: G20","INCOME_GRP":"3. Upper middle income","FIPS_10":"CU","ISO_A2":"CU","ISO_A2_EH":"CU","ISO_A3":"CUB","ISO_A3_EH":"CUB","ISO_N3":"192","ISO_N3_EH":"192","UN_A3":"192","WB_A2":"CU","WB_A3":"CUB","WOE_ID":23424793,"WOE_ID_EH":23424793,"WOE_NOTE":"Exact WOE match as country","ADM0_ISO":"CUB","ADM0_DIFF":null,"ADM0_TLC":"CUB","ADM0_A3_US":"CUB","ADM0_A3_FR":"CUB","ADM0_A3_RU":"CUB","ADM0_A3_ES":"CUB","ADM0_A3_CN":"CUB","ADM0_A3_TW":"CUB","ADM0_A3_IN":"CUB","ADM0_A3_NP":"CUB","ADM0_A3_PK":"CUB","ADM0_A3_DE":"CUB","ADM0_A3_GB":"CUB","ADM0_A3_BR":"CUB","ADM0_A3_IL":"CUB","ADM0_A3_PS":"CUB","ADM0_A3_SA":"CUB","ADM0_A3_EG":"CUB","ADM0_A3_MA":"CUB","ADM0_A3_PT":"CUB","ADM0_A3_AR":"CUB","ADM0_A3_JP":"CUB","ADM0_A3_KO":"CUB","ADM0_A3_VN":"CUB","ADM0_A3_TR":"CUB","ADM0_A3_ID":"CUB","ADM0_A3_PL":"CUB","ADM0_A3_GR":"CUB","ADM0_A3_IT":"CUB","ADM0_A3_NL":"CUB","ADM0_A3_SE":"CUB","ADM0_A3_BD":"CUB","ADM0_A3_UA":"CUB","ADM0_A3_UN":-99,"ADM0_A3_WB":-99,"CONTINENT":"North America","REGION_UN":"Americas","SUBREGION":"Caribbean","REGION_WB":"Latin America & Caribbean","NAME_LEN":4,"LONG_LEN":4,"ABBREV_LEN":4,"TINY":-99,"HOMEPART":1,"MIN_ZOOM":0,"MIN_LABEL":2.7,"MAX_LABEL":8,"LABEL_X":-77.975855,"LABEL_Y":21.334024,"NE_ID":1159320527,"WIKIDATAID":"Q241","NAME_AR":"كوبا","NAME_BN":"কিউবা","NAME_DE":"Kuba","NAME_EN":"Cuba","NAME_ES":"Cuba","NAME_FA":"کوبا","NAME_FR":"Cuba","NAME_EL":"Κούβα","NAME_HE":"קובה","NAME_HI":"क्यूबा","NAME_HU":"Kuba","NAME_ID":"Kuba","NAME_IT":"Cuba","NAME_JA":"キューバ","NAME_KO":"쿠바","NAME_NL":"Cuba","NAME_PL":"Kuba","NAME_PT":"Cuba","NAME_RU":"Куба","NAME_SV":"Kuba","NAME_TR":"Küba","NAME_UK":"Куба","NAME_UR":"کیوبا","NAME_VI":"Cuba","NAME_ZH":"古巴","NAME_ZHT":"古巴","FCLASS_ISO":"Admin-0 country","TLC_DIFF":null,"FCLASS_TLC":"Admin-0 country","FCLASS_US":null,"FCLASS_FR":null,"FCLASS_RU":null,"FCLASS_ES":null,"FCLASS_CN":null,"FCLASS_TW":null,"FCLASS_IN":null,"FCLASS_NP":null,"FCLASS_PK":null,"FCLASS_DE":null,"FCLASS_GB":null,"FCLASS_BR":null,"FCLASS_IL":null,"FCLASS_PS":null,"FCLASS_SA":null,"FCLASS_EG":null,"FCLASS_MA":null,"FCLASS_PT":null,"FCLASS_AR":null,"FCLASS_JP":null,"FCLASS_KO":null,"FCLASS_VN":null,"FCLASS_TR":null,"FCLASS_ID":null,"FCLASS_PL":null,"FCLASS_GR":null,"FCLASS_IT":null,"FCLASS_NL":null,"FCLASS_SE":null,"FCLASS_BD":null,"FCLASS_UA":null},"geometry":{"type":"MultiPolygon","coordinates":[[],[],[],[],[],[],[]]}},{"type":"Feature","bbox":[13.517188,42.43291,19.400977,46.534619],"properties":{"featurecla":"Admin-0 country","scalerank":1,"LABELRANK":6,"SOVEREIGNT":"Croatia","SOV_A3":"HRV","ADM0_DIF":0,"LEVEL":2,"TYPE":"Sovereign country","TLC":"1","ADMIN":"Croatia","ADM0_A3":"HRV","GEOU_DIF":0,"GEOUNIT":"Croatia","GU_A3":"HRV","SU_DIF":0,"SUBUNIT":"Croatia","SU_A3":"HRV","BRK_DIFF":0,"NAME":"Croatia","NAME_LONG":"Croatia","BRK_A3":"HRV","BRK_NAME":"Croatia","BRK_GROUP":null,"ABBREV":"Cro.","POSTAL":"HR","FORMAL_EN":"Republic of Croatia","FORMAL_FR":null,"NAME_CIAWF":"Croatia","NOTE_ADM0":null,"NOTE_BRK":null,"NAME_SORT":"Croatia","NAME_ALT":null,"MAPCOLOR7":5,"MAPCOLOR8":4,"MAPCOLOR9":5,"MAPCOLOR13":1,"POP_EST":4067500,"POP_RANK":12,"POP_YEAR":2019,"GDP_MD":60752,"GDP_YEAR":2019,"ECONOMY":"2. Developed region: nonG7","INCOME_GRP":"2. High income: nonOECD","FIPS_10":"HR","ISO_A2":"HR","ISO_A2_EH":"HR","ISO_A3":"HRV","ISO_A3_EH":"HRV","ISO_N3":"191","ISO_N3_EH":"191","UN_A3":"191","WB_A2":"HR","WB_A3":"HRV","WOE_ID":23424843,"WOE_ID_EH":23424843,"WOE_NOTE":"Exact WOE match as country","ADM0_ISO":"HRV","ADM0_DIFF":null,"ADM0_TLC":"HRV","ADM0_A3_US":"HRV","ADM0_A3_FR":"HRV","ADM0_A3_RU":"HRV","ADM0_A3_ES":"HRV","ADM0_A3_CN":"HRV","ADM0_A3_TW":"HRV","ADM0_A3_IN":"HRV","ADM0_A3_NP":"HRV","ADM0_A3_PK":"HRV","ADM0_A3_DE":"HRV","ADM0_A3_GB":"HRV","ADM0_A3_BR":"HRV","ADM0_A3_IL":"HRV","ADM0_A3_PS":"HRV","ADM0_A3_SA":"HRV","ADM0_A3_EG":"HRV","ADM0_A3_MA":"HRV","ADM0_A3_PT":"HRV","ADM0_A3_AR":"HRV","ADM0_A3_JP":"HRV","ADM0_A3_KO":"HRV","ADM0_A3_VN":"HRV","ADM0_A3_TR":"HRV","ADM0_A3_ID":"HRV","ADM0_A3_PL":"HRV","ADM0_A3_GR":"HRV","ADM0_A3_IT":"HRV","ADM0_A3_NL":"HRV","ADM0_A3_SE":"HRV","ADM0_A3_BD":"HRV","ADM0_A3_UA":"HRV","ADM0_A3_UN":-99,"ADM0_A3_WB":-99,"CONTINENT":"Europe","REGION_UN":"Europe","SUBREGION":"Southern Europe","REGION_WB":"Europe & Central Asia","NAME_LEN":7,"LONG_LEN":7,"ABBREV_LEN":4,"TINY":-99,"HOMEPART":1,"MIN_ZOOM":0,"MIN_LABEL":4,"MAX_LABEL":9,"LABEL_X":16.37241,"LABEL_Y":45.805799,"NE_ID":1159320833,"WIKIDATAID":"Q224","NAME_AR":"كرواتيا","NAME_BN":"ক্রোয়েশিয়া","NAME_DE":"Kroatien","NAME_EN":"Croatia","NAME_ES":"Croacia","NAME_FA":"کرواسی","NAME_FR":"Croatie","NAME_EL":"Κροατία","NAME_HE":"קרואטיה","NAME_HI":"क्रोएशिया","NAME_HU":"Horvátország","NAME_ID":"Kroasia","NAME_IT":"Croazia","NAME_JA":"クロアチア","NAME_KO":"크로아티아","NAME_NL":"Kroatië","NAME_PL":"Chorwacja","NAME_PT":"Croácia","NAME_RU":"Хорватия","NAME_SV":"Kroatien","NAME_TR":"Hırvatistan","NAME_UK":"Хорватія","NAME_UR":"کروشیا","NAME_VI":"Croatia","NAME_ZH":"克罗地亚","NAME_ZHT":"克羅地亞","FCLASS_ISO":"Admin-0 country","TLC_DIFF":null,"FCLASS_TLC":"Admin-0 country","FCLASS_US":null,"FCLASS_FR":null,"FCLASS_RU":null,"FCLASS_ES":null,"FCLASS_CN":null,"FCLASS_TW":null,"FCLASS_IN":null,"FCLASS_NP":null,"FCLASS_PK":null,"FCLASS_DE":null,"FCLASS_GB":null,"FCLASS_BR":null,"FCLASS_IL":null,"FCLASS_PS":null,"FCLASS_SA":null,"FCLASS_EG":null,"FCLASS_MA":null,"FCLASS_PT":null,"FCLASS_AR":null,"FCLASS_JP":null,"FCLASS_KO":null,"FCLASS_VN":null,"FCLASS_TR":null,"FCLASS_ID":null,"FCLASS_PL":null,"FCLASS_GR":null,"FCLASS_IT":null,"FCLASS_NL":null,"FCLASS_SE":null,"FCLASS_BD":null,"FCLASS_UA":null},"geometry":{"type":"MultiPolygon","coordinates":[[[[13.57793,45.516895],[13.615234,45.476758],[13.878711,45.428369],[13.935645,45.449805],[13.970117,45.482617],[13.970313,45.503369],[13.992773,45.509424],[14.085547,45.477832],[14.16123,45.485156],[14.283008,45.486621],[14.369922,45.481445],[14.427344,45.505762],[14.505176,45.595215],[14.533984,45.645264],[14.568848,45.657227],[14.591797,45.65127],[14.608594,45.610107],[14.649512,45.571484],[14.733594,45.508496],[14.793066,45.478223],[14.84707,45.467334],[14.9,45.492676],[14.95459,45.499902],[15.110449,45.450781],[15.24209,45.441406],[15.339453,45.467041],[15.32666,45.502295],[15.291211,45.541553],[15.283594,45.579687],[15.290137,45.612646],[15.356934,45.645508],[15.353711,45.659912],[15.272949,45.717725],[15.277051,45.732617],[15.454102,45.797607],[15.624805,45.834033],[15.652148,45.862158],[15.668066,45.904443],[15.675586,45.983691],[15.666211,46.048486],[15.596875,46.109229],[15.592578,46.13999],[15.608984,46.171924],[15.635938,46.200732],[15.704199,46.213232],[15.784277,46.233984],[15.847559,46.257861],[15.933301,46.277637],[16.000684,46.305371],[16.066504,46.371338],[16.106445,46.382227],[16.227441,46.372852],[16.25332,46.389111],[16.236719,46.483838],[16.258398,46.50791],[16.301172,46.521387],[16.321191,46.534619],[16.427637,46.524414],[16.516211,46.499902],[16.569922,46.48501],[16.748047,46.416406],[16.871484,46.339307],[16.939941,46.253662],[17.032715,46.187305],[17.149609,46.140332],[17.242188,46.076611],[17.310645,45.996143],[17.406348,45.951074],[17.529199,45.941309],[17.607031,45.91377],[17.639648,45.868359],[17.706445,45.827246],[17.807129,45.79043],[17.963867,45.770264],[18.263965,45.765479],[18.290625,45.764453],[18.358301,45.753027],[18.437305,45.767334],[18.533594,45.796143],[18.564648,45.813281],[18.666016,45.907471],[18.721777,45.899365],[18.833008,45.91084],[18.900293,45.931738],[18.905371,45.931738],[18.901074,45.907617],[18.893555,45.865527],[18.839063,45.835742],[18.894531,45.76709],[18.947266,45.655811],[18.917871,45.60083],[18.953711,45.558008],[19.055078,45.527246],[19.064258,45.51499],[19.033301,45.502197],[19.007617,45.46582],[19.004688,45.399512],[19.093066,45.336914],[19.272852,45.277979],[19.330273,45.268066],[19.352246,45.24541],[19.382324,45.230615],[19.4,45.2125],[19.400977,45.189062],[19.388086,45.172998],[19.303027,45.167285],[19.205957,45.167773],[19.136914,45.19624],[19.130762,45.175488],[19.129688,45.151709],[19.062891,45.137207],[19.1,44.973779],[19.085254,44.926758],[19.060547,44.910986],[19.037598,44.917529],[19.00957,44.919385],[18.995508,44.904004],[19.007129,44.869189],[18.941309,44.865186],[18.836426,44.883252],[18.788379,44.914893],[18.780176,44.947217],[18.779395,44.977246],[18.746094,45.026514],[18.662598,45.077441],[18.488281,45.08584],[18.423926,45.102002],[18.357617,45.120557],[18.284961,45.134277],[18.217969,45.13291],[18.137207,45.119385],[17.996289,45.141797],[17.948633,45.111865],[17.874414,45.077246],[17.812793,45.078125],[17.690137,45.158398],[17.653516,45.163477],[17.546289,45.122559],[17.502637,45.120361],[17.469141,45.133301],[17.324121,45.163965],[17.258691,45.170557],[17.210645,45.156055],[17.125391,45.171777],[16.918652,45.276562],[16.79082,45.196875],[16.530664,45.216699],[16.453516,45.162012],[16.365039,45.05835],[16.293359,45.008838],[16.231055,45.026611],[16.157324,45.072217],[16.02832,45.1896],[15.963184,45.210791],[15.888281,45.215723],[15.822852,45.202783],[15.788086,45.178955],[15.761523,45.00752],[15.737988,44.856396],[15.736621,44.76582],[15.880078,44.681934],[16.049023,44.537598],[16.103418,44.520996],[16.130273,44.47373],[16.169824,44.352002],[16.214258,44.215137],[16.300098,44.124512],[16.377539,44.059619],[16.47207,44.002588],[16.590527,43.913184],[16.687695,43.815039],[16.713477,43.778809],[16.901855,43.649023],[17.08457,43.516553],[17.248047,43.470215],[17.273828,43.445752],[17.275293,43.343848],[17.293066,43.305615],[17.402246,43.198926],[17.624805,43.042773],[17.650488,43.006592],[17.657813,42.980078],[17.643457,42.959766],[17.585156,42.938379],[17.537305,42.962256],[17.329883,43.114893],[17.129395,43.211133],[16.903125,43.392432],[16.600293,43.464062],[16.393945,43.543359],[16.268945,43.53125],[16.131055,43.506299],[16.045996,43.505518],[15.985547,43.519775],[15.942578,43.568945],[15.949121,43.606982],[15.941504,43.656641],[15.820605,43.735937],[15.655664,43.811279],[15.499414,43.908789],[15.18584,44.172119],[15.122949,44.256787],[15.184668,44.2729],[15.231348,44.271436],[15.284277,44.288818],[15.369727,44.289258],[15.470996,44.271973],[15.381348,44.328271],[15.269824,44.383496],[14.981348,44.60293],[14.895215,44.706592],[14.885254,44.818262],[14.906543,44.971387],[14.85459,45.081006],[14.632031,45.2229],[14.550488,45.297705],[14.386133,45.342139],[14.312695,45.337793],[14.268555,45.28252],[14.236328,45.159668],[14.090625,44.997607],[14.041992,44.927197],[13.96582,44.835645],[13.899805,44.829346],[13.860742,44.837402],[13.74248,44.991504],[13.629297,45.108203],[13.613477,45.163428],[13.60332,45.231396],[13.517188,45.481787],[13.57793,45.516895]]],[[[16.650684,42.996582],[16.835547,42.968652],[16.971094,42.981494],[17.093652,42.964355],[17.169824,42.932617],[17.188281,42.917041],[17.089355,42.914893],[16.977539,42.927783],[16.850684,42.895508],[16.738867,42.912744],[16.696387,42.933691],[16.666309,42.959912],[16.650684,42.996582]]],[[[17.194043,43.125781],[17.124121,43.11543],[16.679199,43.123145],[16.549805,43.143896],[16.405859,43.197363],[16.376465,43.21377],[16.521387,43.229248],[16.655957,43.21377],[16.697266,43.174951],[17.061133,43.143896],[17.194043,43.125781]]],[[[16.785254,43.270654],[16.627441,43.268066],[16.490332,43.286182],[16.423145,43.317236],[16.428125,43.343408],[16.448926,43.387061],[16.601562,43.381885],[16.834375,43.35083],[16.891309,43.314648],[16.873633,43.297949],[16.785254,43.270654]]],[[[15.231055,44.062305],[15.24668,44.027051],[15.121875,44.093311],[15.074609,44.137842],[15.06582,44.157666],[15.231055,44.062305]]],[[[14.810254,44.977051],[14.687012,44.955615],[14.62832,44.993945],[14.612988,45.025439],[14.511719,45.0354],[14.450391,45.079199],[14.437891,45.098633],[14.524609,45.146826],[14.571094,45.224756],[14.62998,45.178027],[14.701172,45.090039],[14.73916,45.065479],[14.810254,44.977051]]],[[[14.831445,44.758936],[14.856641,44.714844],[14.7625,44.754639],[14.678223,44.769873],[14.660352,44.799805],[14.672461,44.824365],[14.690527,44.848145],[14.754199,44.844824],[14.76377,44.821387],[14.831445,44.758936]]],[[[15.188477,44.335742],[15.162598,44.30918],[15.097949,44.358154],[15.038574,44.393018],[14.996094,44.434326],[14.912793,44.48584],[14.884668,44.544727],[14.760449,44.664746],[14.741895,44.697363],[14.803809,44.648682],[14.855371,44.618262],[14.898047,44.61084],[15.006445,44.534229],[15.112988,44.435742],[15.239941,44.350195],[15.213574,44.347559],[15.188477,44.335742]]],[[[15.18877,43.922363],[15.203027,43.907715],[15.20166,43.897754],[15.149805,43.911816],[15.13584,43.907275],[14.891309,44.125537],[14.865039,44.167969],[14.952539,44.117188],[15.18877,43.922363]]],[[[15.371387,43.973828],[15.437207,43.899512],[15.374219,43.914795],[15.308594,43.960791],[15.27002,44.010742],[15.371387,43.973828]]],[[[14.488086,44.660059],[14.480371,44.62124],[14.419531,44.670312],[14.388867,44.758301],[14.312402,44.900391],[14.302539,44.94043],[14.342188,44.979932],[14.340039,45.019971],[14.28584,45.144629],[14.33125,45.16499],[14.358203,45.167432],[14.369141,45.080957],[14.39375,45.03125],[14.467383,44.970215],[14.452539,44.869189],[14.467578,44.725342],[14.48252,44.693359],[14.488086,44.660059]]],[[[17.607813,42.769043],[17.744238,42.700342],[17.344141,42.790381],[17.389551,42.798633],[17.431934,42.800391],[17.607813,42.769043]]],[[[18.436328,42.559717],[18.438086,42.522949],[18.47666,42.481104],[18.51748,42.43291],[18.333008,42.527881],[18.160645,42.634033],[17.823828,42.797412],[17.584961,42.837158],[17.258203,42.968457],[17.04541,43.014893],[17.126465,43.025586],[17.219824,43.025879],[17.723633,42.850684],[17.667578,42.897119],[17.740234,42.915479],[17.801953,42.902246],[17.841309,42.845068],[17.918848,42.807422],[18.044531,42.74126],[18.123926,42.690576],[18.304004,42.599414],[18.346582,42.58667],[18.436328,42.559717]]]]}},{"type":"Feature","bbox":[-8.603564,4.351318,-2.505859,10.724072],"properties":{"featurecla":"Admin-0 country","scalerank":5,"LABELRANK":3,"SOVEREIGNT":"Ivory Coast","SOV_A3":"CIV","ADM0_DIF":0,"LEVEL":2,"TYPE":"Sovereign country","TLC":"1","ADMIN":"Ivory Coast","ADM0_A3":"CIV","GEOU_DIF":0,"GEOUNIT":"Ivory Coast","GU_A3":"CIV","SU_DIF":0,"SUBUNIT":"Ivory Coast","SU_A3":"CIV","BRK_DIFF":0,"NAME":"Côte d'Ivoire","NAME_LONG":"Côte d'Ivoire","BRK_A3":"CIV","BRK_NAME":"Côte d'Ivoire","BRK_GROUP":null,"ABBREV":"I.C.","POSTAL":"CI","FORMAL_EN":"Republic of Ivory Coast","FORMAL_FR":"Republic of Cote D'Ivoire","NAME_CIAWF":"Cote D'ivoire","NOTE_ADM0":null,"NOTE_BRK":null,"NAME_SORT":"Côte d'Ivoire","NAME_ALT":null,"MAPCOLOR7":4,"MAPCOLOR8":6,"MAPCOLOR9":3,"MAPCOLOR13":3,"POP_EST":25716544,"POP_RANK":15,"POP_YEAR":2019,"GDP_MD":58539,"GDP_YEAR":2019,"ECONOMY":"6. Developing region","INCOME_GRP":"4. Lower middle income","FIPS_10":"IV","ISO_A2":"CI","ISO_A2_EH":"CI","ISO_A3":"CIV","ISO_A3_EH":"CIV","ISO_N3":"384","ISO_N3_EH":"384","UN_A3":"384","WB_A2":"CI","WB_A3":"CIV","WOE_ID":23424854,"WOE_ID_EH":23424854,"WOE_NOTE":"Exact WOE match as country","ADM0_ISO":"CIV","ADM0_DIFF":null,"ADM0_TLC":"CIV","ADM0_A3_US":"CIV","ADM0_A3_FR":"CIV","ADM0_A3_RU":"CIV","ADM0_A3_ES":"CIV","ADM0_A3_CN":"CIV","ADM0_A3_TW":"CIV","ADM0_A3_IN":"CIV","ADM0_A3_NP":"CIV","ADM0_A3_PK":"CIV","ADM0_A3_DE":"CIV","ADM0_A3_GB":"CIV","ADM0_A3_BR":"CIV","ADM0_A3_IL":"CIV","ADM0_A3_PS":"CIV","ADM0_A3_SA":"CIV","ADM0_A3_EG":"CIV","ADM0_A3_MA":"CIV","ADM0_A3_PT":"CIV","ADM0_A3_AR":"CIV","ADM0_A3_JP":"CIV","ADM0_A3_KO":"CIV","ADM0_A3_VN":"CIV","ADM0_A3_TR":"CIV","ADM0_A3_ID":"CIV","ADM0_A3_PL":"CIV","ADM0_A3_GR":"CIV","ADM0_A3_IT":"CIV","ADM0_A3_NL":"CIV","ADM0_A3_SE":"CIV","ADM0_A3_BD":"CIV","ADM0_A3_UA":"CIV","ADM0_A3_UN":-99,"ADM0_A3_WB":-99,"CONTINENT":"Africa","REGION_UN":"Africa","SUBREGION":"Western Africa","REGION_WB":"Sub-Saharan Africa","NAME_LEN":13,"LONG_LEN":13,"ABBREV_LEN":4,"TINY":-99,"HOMEPART":1,"MIN_ZOOM":0,"MIN_LABEL":2.5,"MAX_LABEL":8,"LABEL_X":-5.568618,"LABEL_Y":7.49139,"NE_ID":1159320507,"WIKIDATAID":"Q1008","NAME_AR":"ساحل العاج","NAME_BN":"কোত দিভোয়ার","NAME_DE":"Elfenbeinküste","NAME_EN":"Ivory Coast","NAME_ES":"Costa de Marfil","NAME_FA":"ساحل عاج","NAME_FR":"Côte d'Ivoire","NAME_EL":"Ακτή Ελεφαντοστού","NAME_HE":"חוף השנהב","NAME_HI":"कोत दिव्वार","NAME_HU":"Elefántcsontpart","NAME_ID":"Pantai Gading","NAME_IT":"Costa d'Avorio","NAME_JA":"コートジボワール","NAME_KO":"코트디부아르","NAME_NL":"Ivoorkust","NAME_PL":"Wybrzeże Kości Słoniowej","NAME_PT":"Costa do Marfim","NAME_RU":"Кот-д’Ивуар","NAME_SV":"Elfenbenskusten","NAME_TR":"Fildişi Sahili","NAME_UK":"Кот-д'Івуар","NAME_UR":"کوت داوواغ","NAME_VI":"Bờ Biển Ngà","NAME_ZH":"科特迪瓦","NAME_ZHT":"象牙海岸","FCLASS_ISO":"Admin-0 country","TLC_DIFF":null,"FCLASS_TLC":"Admin-0 country","FCLASS_US":null,"FCLASS_FR":null,"FCLASS_RU":null,"FCLASS_ES":null,"FCLASS_CN":null,"FCLASS_TW":null,"FCLASS_IN":null,"FCLASS_NP":null,"FCLASS_PK":null,"FCLASS_DE":null,"FCLASS_GB":null,"FCLASS_BR":null,"FCLASS_IL":null,"FCLASS_PS":null,"FCLASS_SA":null,"FCLASS_EG":null,"FCLASS_MA":null,"FCLASS_PT":null,"FCLASS_AR":null,"FCLASS_JP":null,"FCLASS_KO":null,"FCLASS_VN":null,"FCLASS_TR":null,"FCLASS_ID":null,"FCLASS_PL":null,"FCLASS_GR":null,"FCLASS_IT":null,"FCLASS_NL":null,"FCLASS_SE":null,"FCLASS_BD":null,"FCLASS_UA":null},"geometry":{"type":"MultiPolygon","coordinates":[[],[]]}},{"type":"Feature","bbox":[43.22666,-12.368262,44.526758,-11.368457],"properties":{"featurecla":"Admin-0 country","scalerank":3,"LABELRANK":6,"SOVEREIGNT":"Comoros","SOV_A3":"COM","ADM0_DIF":0,"LEVEL":2,"TYPE":"Sovereign country","TLC":"1","ADMIN":"Comoros","ADM0_A3":"COM","GEOU_DIF":0,"GEOUNIT":"Comoros","GU_A3":"COM","SU_DIF":0,"SUBUNIT":"Comoros","SU_A3":"COM","BRK_DIFF":0,"NAME":"Comoros","NAME_LONG":"Comoros","BRK_A3":"COM","BRK_NAME":"Comoros","BRK_GROUP":null,"ABBREV":"Com.","POSTAL":"KM","FORMAL_EN":"Union of the Comoros","FORMAL_FR":null,"NAME_CIAWF":"Comoros","NOTE_ADM0":null,"NOTE_BRK":null,"NAME_SORT":"Comoros","NAME_ALT":null,"MAPCOLOR7":2,"MAPCOLOR8":1,"MAPCOLOR9":4,"MAPCOLOR13":10,"POP_EST":850886,"POP_RANK":11,"POP_YEAR":2019,"GDP_MD":1165,"GDP_YEAR":2019,"ECONOMY":"7. Least developed region","INCOME_GRP":"5. Low income","FIPS_10":"CN","ISO_A2":"KM","ISO_A2_EH":"KM","ISO_A3":"COM","ISO_A3_EH":"COM","ISO_N3":"174","ISO_N3_EH":"174","UN_A3":"174","WB_A2":"KM","WB_A3":"COM","WOE_ID":23424786,"WOE_ID_EH":23424786,"WOE_NOTE":"Exact WOE match as country","ADM0_ISO":"COM","ADM0_DIFF":null,"ADM0_TLC":"COM","ADM0_A3_US":"COM","ADM0_A3_FR":"COM","ADM0_A3_RU":"COM","ADM0_A3_ES":"COM","ADM0_A3_CN":"COM","ADM0_A3_TW":"COM","ADM0_A3_IN":"COM","ADM0_A3_NP":"COM","ADM0_A3_PK":"COM","ADM0_A3_DE":"COM","ADM0_A3_GB":"COM","ADM0_A3_BR":"COM","ADM0_A3_IL":"COM","ADM0_A3_PS":"COM","ADM0_A3_SA":"COM","ADM0_A3_EG":"COM","ADM0_A3_MA":"COM","ADM0_A3_PT":"COM","ADM0_A3_AR":"COM","ADM0_A3_JP":"COM","ADM0_A3_KO":"COM","ADM0_A3_VN":"COM","ADM0_A3_TR":"COM","ADM0_A3_ID":"COM","ADM0_A3_PL":"COM","ADM0_A3_GR":"COM","ADM0_A3_IT":"COM","ADM0_A3_NL":"COM","ADM0_A3_SE":"COM","ADM0_A3_BD":"COM","ADM0_A3_UA":"COM","ADM0_A3_UN":-99,"ADM0_A3_WB":-99,"CONTINENT":"Africa","REGION_UN":"Africa","SUBREGION":"Eastern Africa","REGION_WB":"Sub-Saharan Africa","NAME_LEN":7,"LONG_LEN":7,"ABBREV_LEN":4,"TINY":2,"HOMEPART":1,"MIN_ZOOM":0,"MIN_LABEL":4,"MAX_LABEL":9,"LABEL_X":43.318094,"LABEL_Y":-11.727683,"NE_ID":1159320521,"WIKIDATAID":"Q970","NAME_AR":"جزر القمر","NAME_BN":"কোমোরোস","NAME_DE":"Komoren","NAME_EN":"Comoros","NAME_ES":"Comoras","NAME_FA":"مجمعالجزایر قمر","NAME_FR":"Comores","NAME_EL":"Κομόρες","NAME_HE":"קומורו","NAME_HI":"कोमोरोस","NAME_HU":"Comore-szigetek","NAME_ID":"Komoro","NAME_IT":"Comore","NAME_JA":"コモロ","NAME_KO":"코모로","NAME_NL":"Comoren","NAME_PL":"Komory","NAME_PT":"Comores","NAME_RU":"Коморы","NAME_SV":"Komorerna","NAME_TR":"Komorlar","NAME_UK":"Коморські Острови","NAME_UR":"اتحاد القمری","NAME_VI":"Comoros","NAME_ZH":"科摩罗","NAME_ZHT":"葛摩","FCLASS_ISO":"Admin-0 country","TLC_DIFF":null,"FCLASS_TLC":"Admin-0 country","FCLASS_US":null,"FCLASS_FR":null,"FCLASS_RU":null,"FCLASS_ES":null,"FCLASS_CN":null,"FCLASS_TW":null,"FCLASS_IN":null,"FCLASS_NP":null,"FCLASS_PK":null,"FCLASS_DE":null,"FCLASS_GB":null,"FCLASS_BR":null,"FCLASS_IL":null,"FCLASS_PS":null,"FCLASS_SA":null,"FCLASS_EG":null,"FCLASS_MA":null,"FCLASS_PT":null,"FCLASS_AR":null,"FCLASS_JP":null,"FCLASS_KO":null,"FCLASS_VN":null,"FCLASS_TR":null,"FCLASS_ID":null,"FCLASS_PL":null,"FCLASS_GR":null,"FCLASS_IT":null,"FCLASS_NL":null,"FCLASS_SE":null,"FCLASS_BD":null,"FCLASS_UA":null},"geometry":{"type":"MultiPolygon","coordinates":[[],[],[]]}},{"type":"Feature","bbox":[-79.025439,-4.235938,-66.876025,12.434375],"properties":{"featurecla":"Admin-0 country","scalerank":1,"LABELRANK":2,"SOVEREIGNT":"Colombia","SOV_A3":"COL","ADM0_DIF":0,"LEVEL":2,"TYPE":"Sovereign country","TLC":"1","ADMIN":"Colombia","ADM0_A3":"COL","GEOU_DIF":0,"GEOUNIT":"Colombia","GU_A3":"COL","SU_DIF":0,"SUBUNIT":"Colombia","SU_A3":"COL","BRK_DIFF":0,"NAME":"Colombia","NAME_LONG":"Colombia","BRK_A3":"COL","BRK_NAME":"Colombia","BRK_GROUP":null,"ABBREV":"Col.","POSTAL":"CO","FORMAL_EN":"Republic of Colombia","FORMAL_FR":null,"NAME_CIAWF":"Colombia","NOTE_ADM0":null,"NOTE_BRK":null,"NAME_SORT":"Colombia","NAME_ALT":null,"MAPCOLOR7":2,"MAPCOLOR8":1,"MAPCOLOR9":3,"MAPCOLOR13":1,"POP_EST":50339443,"POP_RANK":16,"POP_YEAR":2019,"GDP_MD":323615,"GDP_YEAR":2019,"ECONOMY":"6. Developing region","INCOME_GRP":"3. Upper middle income","FIPS_10":"CO","ISO_A2":"CO","ISO_A2_EH":"CO","ISO_A3":"COL","ISO_A3_EH":"COL","ISO_N3":"170","ISO_N3_EH":"170","UN_A3":"170","WB_A2":"CO","WB_A3":"COL","WOE_ID":23424787,"WOE_ID_EH":23424787,"WOE_NOTE":"Exact WOE match as country","ADM0_ISO":"COL","ADM0_DIFF":null,"ADM0_TLC":"COL","ADM0_A3_US":"COL","ADM0_A3_FR":"COL","ADM0_A3_RU":"COL","ADM0_A3_ES":"COL","ADM0_A3_CN":"COL","ADM0_A3_TW":"COL","ADM0_A3_IN":"COL","ADM0_A3_NP":"COL","ADM0_A3_PK":"COL","ADM0_A3_DE":"COL","ADM0_A3_GB":"COL","ADM0_A3_BR":"COL","ADM0_A3_IL":"COL","ADM0_A3_PS":"COL","ADM0_A3_SA":"COL","ADM0_A3_EG":"COL","ADM0_A3_MA":"COL","ADM0_A3_PT":"COL","ADM0_A3_AR":"COL","ADM0_A3_JP":"COL","ADM0_A3_KO":"COL","ADM0_A3_VN":"COL","ADM0_A3_TR":"COL","ADM0_A3_ID":"COL","ADM0_A3_PL":"COL","ADM0_A3_GR":"COL","ADM0_A3_IT":"COL","ADM0_A3_NL":"COL","ADM0_A3_SE":"COL","ADM0_A3_BD":"COL","ADM0_A3_UA":"COL","ADM0_A3_UN":-99,"ADM0_A3_WB":-99,"CONTINENT":"South America","REGION_UN":"Americas","SUBREGION":"South America","REGION_WB":"Latin America & Caribbean","NAME_LEN":8,"LONG_LEN":8,"ABBREV_LEN":4,"TINY":-99,"HOMEPART":1,"MIN_ZOOM":0,"MIN_LABEL":3,"MAX_LABEL":7,"LABEL_X":-73.174347,"LABEL_Y":3.373111,"NE_ID":1159320517,"WIKIDATAID":"Q739","NAME_AR":"كولومبيا","NAME_BN":"কলম্বিয়া","NAME_DE":"Kolumbien","NAME_EN":"Colombia","NAME_ES":"Colombia","NAME_FA":"کلمبیا","NAME_FR":"Colombie","NAME_EL":"Κολομβία","NAME_HE":"קולומביה","NAME_HI":"कोलम्बिया","NAME_HU":"Kolumbia","NAME_ID":"Kolombia","NAME_IT":"Colombia","NAME_JA":"コロンビア","NAME_KO":"콜롬비아","NAME_NL":"Colombia","NAME_PL":"Kolumbia","NAME_PT":"Colômbia","NAME_RU":"Колумбия","NAME_SV":"Colombia","NAME_TR":"Kolombiya","NAME_UK":"Колумбія","NAME_UR":"کولمبیا","NAME_VI":"Colombia","NAME_ZH":"哥伦比亚","NAME_ZHT":"哥倫比亞","FCLASS_ISO":"Admin-0 country","TLC_DIFF":null,"FCLASS_TLC":"Admin-0 country","FCLASS_US":null,"FCLASS_FR":null,"FCLASS_RU":null,"FCLASS_ES":null,"FCLASS_CN":null,"FCLASS_TW":null,"FCLASS_IN":null,"FCLASS_NP":null,"FCLASS_PK":null,"FCLASS_DE":null,"FCLASS_GB":null,"FCLASS_BR":null,"FCLASS_IL":null,"FCLASS_PS":null,"FCLASS_SA":null,"FCLASS_EG":null,"FCLASS_MA":null,"FCLASS_PT":null,"FCLASS_AR":null,"FCLASS_JP":null,"FCLASS_KO":null,"FCLASS_VN":null,"FCLASS_TR":null,"FCLASS_ID":null,"FCLASS_PL":null,"FCLASS_GR":null,"FCLASS_IT":null,"FCLASS_NL":null,"FCLASS_SE":null,"FCLASS_BD":null,"FCLASS_UA":null},"geometry":{"type":"MultiPolygon","coordinates":[[],[]]}},{"type":"Feature","bbox":[73.607324,18.218262,134.752344,53.555615],"properties":{"featurecla":"Admin-0 country","scalerank":3,"LABELRANK":2,"SOVEREIGNT":"China","SOV_A3":"CH1","ADM0_DIF":1,"LEVEL":2,"TYPE":"Country","TLC":"1","ADMIN":"China","ADM0_A3":"CHN","GEOU_DIF":0,"GEOUNIT":"China","GU_A3":"CHN","SU_DIF":0,"SUBUNIT":"China","SU_A3":"CHN","BRK_DIFF":0,"NAME":"China","NAME_LONG":"China","BRK_A3":"CHN","BRK_NAME":"China","BRK_GROUP":null,"ABBREV":"China","POSTAL":"CN","FORMAL_EN":"People's Republic of China","FORMAL_FR":null,"NAME_CIAWF":"China","NOTE_ADM0":null,"NOTE_BRK":null,"NAME_SORT":"China","NAME_ALT":null,"MAPCOLOR7":4,"MAPCOLOR8":4,"MAPCOLOR9":4,"MAPCOLOR13":3,"POP_EST":1397715000,"POP_RANK":18,"POP_YEAR":2019,"GDP_MD":14342903,"GDP_YEAR":2019,"ECONOMY":"3. Emerging region: BRIC","INCOME_GRP":"3. Upper middle income","FIPS_10":"CH","ISO_A2":"CN","ISO_A2_EH":"CN","ISO_A3":"CHN","ISO_A3_EH":"CHN","ISO_N3":"156","ISO_N3_EH":"156","UN_A3":"156","WB_A2":"CN","WB_A3":"CHN","WOE_ID":23424781,"WOE_ID_EH":23424781,"WOE_NOTE":"Exact WOE match as country","ADM0_ISO":"CHN","ADM0_DIFF":null,"ADM0_TLC":"CHN","ADM0_A3_US":"CHN","ADM0_A3_FR":"CHN","ADM0_A3_RU":"CHN","ADM0_A3_ES":"CHN","ADM0_A3_CN":"CHN","ADM0_A3_TW":"TWN","ADM0_A3_IN":"CHN","ADM0_A3_NP":"CHN","ADM0_A3_PK":"CHN","ADM0_A3_DE":"CHN","ADM0_A3_GB":"CHN","ADM0_A3_BR":"CHN","ADM0_A3_IL":"CHN","ADM0_A3_PS":"CHN","ADM0_A3_SA":"CHN","ADM0_A3_EG":"CHN","ADM0_A3_MA":"CHN","ADM0_A3_PT":"CHN","ADM0_A3_AR":"CHN","ADM0_A3_JP":"CHN","ADM0_A3_KO":"CHN","ADM0_A3_VN":"CHN","ADM0_A3_TR":"CHN","ADM0_A3_ID":"CHN","ADM0_A3_PL":"CHN","ADM0_A3_GR":"CHN","ADM0_A3_IT":"CHN","ADM0_A3_NL":"CHN","ADM0_A3_SE":"CHN","ADM0_A3_BD":"CHN","ADM0_A3_UA":"CHN","ADM0_A3_UN":-99,"ADM0_A3_WB":-99,"CONTINENT":"Asia","REGION_UN":"Asia","SUBREGION":"Eastern Asia","REGION_WB":"East Asia & Pacific","NAME_LEN":5,"LONG_LEN":5,"ABBREV_LEN":5,"TINY":-99,"HOMEPART":1,"MIN_ZOOM":0,"MIN_LABEL":1.7,"MAX_LABEL":5.7,"LABEL_X":106.337289,"LABEL_Y":32.498178,"NE_ID":1159320471,"WIKIDATAID":"Q148","NAME_AR":"الصين","NAME_BN":"গণচীন","NAME_DE":"Volksrepublik China","NAME_EN":"People's Republic of China","NAME_ES":"China","NAME_FA":"جمهوری خلق چین","NAME_FR":"République populaire de Chine","NAME_EL":"Λαϊκή Δημοκρατία της Κίνας","NAME_HE":"הרפובליקה העממית של סין","NAME_HI":"चीनी जनवादी गणराज्य","NAME_HU":"Kína","NAME_ID":"Republik Rakyat Tiongkok","NAME_IT":"Cina","NAME_JA":"中華人民共和国","NAME_KO":"중화인민공화국","NAME_NL":"Volksrepubliek China","NAME_PL":"Chińska Republika Ludowa","NAME_PT":"China","NAME_RU":"Китайская Народная Республика","NAME_SV":"Kina","NAME_TR":"Çin Halk Cumhuriyeti","NAME_UK":"Китайська Народна Республіка","NAME_UR":"عوامی جمہوریہ چین","NAME_VI":"Trung Quốc","NAME_ZH":"中华人民共和国","NAME_ZHT":"中華人民共和國","FCLASS_ISO":"Admin-0 country","TLC_DIFF":null,"FCLASS_TLC":"Admin-0 country","FCLASS_US":null,"FCLASS_FR":null,"FCLASS_RU":null,"FCLASS_ES":null,"FCLASS_CN":null,"FCLASS_TW":"Unrecognized","FCLASS_IN":null,"FCLASS_NP":null,"FCLASS_PK":null,"FCLASS_DE":null,"FCLASS_GB":null,"FCLASS_BR":null,"FCLASS_IL":null,"FCLASS_PS":null,"FCLASS_SA":null,"FCLASS_EG":null,"FCLASS_MA":null,"FCLASS_PT":null,"FCLASS_AR":null,"FCLASS_JP":null,"FCLASS_KO":null,"FCLASS_VN":null,"FCLASS_TR":null,"FCLASS_ID":null,"FCLASS_PL":null,"FCLASS_GR":null,"FCLASS_IT":null,"FCLASS_NL":null,"FCLASS_SE":null,"FCLASS_BD":null,"FCLASS_UA":null},"geometry":{"type":"MultiPolygon","coordinates":[[],[],[],[],[],[],[],[],[],[],[],[],[]]}},{"type":"Feature","bbox":[113.838867,22.195166,114.335254,22.56499],"properties":{"featurecla":"Admin-0 country","scalerank":3,"LABELRANK":4,"SOVEREIGNT":"China","SOV_A3":"CH1","ADM0_DIF":1,"LEVEL":2,"TYPE":"Country","TLC":"1","ADMIN":"Hong Kong S.A.R.","ADM0_A3":"HKG","GEOU_DIF":0,"GEOUNIT":"Hong Kong S.A.R.","GU_A3":"HKG","SU_DIF":0,"SUBUNIT":"Hong Kong S.A.R.","SU_A3":"HKG","BRK_DIFF":0,"NAME":"Hong Kong","NAME_LONG":"Hong Kong","BRK_A3":"HKG","BRK_NAME":"Hong Kong","BRK_GROUP":null,"ABBREV":"H.K.","POSTAL":"HK","FORMAL_EN":"Hong Kong Special Administrative Region, PRC","FORMAL_FR":null,"NAME_CIAWF":"Hong Kong","NOTE_ADM0":"Cn.","NOTE_BRK":"China","NAME_SORT":"Hong Kong SAR, China","NAME_ALT":null,"MAPCOLOR7":4,"MAPCOLOR8":4,"MAPCOLOR9":4,"MAPCOLOR13":3,"POP_EST":7507400,"POP_RANK":13,"POP_YEAR":2019,"GDP_MD":365711,"GDP_YEAR":2019,"ECONOMY":"6. Developing region","INCOME_GRP":"2. High income: nonOECD","FIPS_10":"HK","ISO_A2":"HK","ISO_A2_EH":"HK","ISO_A3":"HKG","ISO_A3_EH":"HKG","ISO_N3":"344","ISO_N3_EH":"344","UN_A3":"344","WB_A2":"HK","WB_A3":"HKG","WOE_ID":24865698,"WOE_ID_EH":24865698,"WOE_NOTE":"Exact WOE match as country","ADM0_ISO":"HKG","ADM0_DIFF":null,"ADM0_TLC":"HKG","ADM0_A3_US":"HKG","ADM0_A3_FR":"HKG","ADM0_A3_RU":"HKG","ADM0_A3_ES":"HKG","ADM0_A3_CN":"HKG","ADM0_A3_TW":"HKG","ADM0_A3_IN":"HKG","ADM0_A3_NP":"HKG","ADM0_A3_PK":"HKG","ADM0_A3_DE":"HKG","ADM0_A3_GB":"HKG","ADM0_A3_BR":"HKG","ADM0_A3_IL":"HKG","ADM0_A3_PS":"HKG","ADM0_A3_SA":"HKG","ADM0_A3_EG":"HKG","ADM0_A3_MA":"HKG","ADM0_A3_PT":"HKG","ADM0_A3_AR":"HKG","ADM0_A3_JP":"HKG","ADM0_A3_KO":"HKG","ADM0_A3_VN":"HKG","ADM0_A3_TR":"HKG","ADM0_A3_ID":"HKG","ADM0_A3_PL":"HKG","ADM0_A3_GR":"HKG","ADM0_A3_IT":"HKG","ADM0_A3_NL":"HKG","ADM0_A3_SE":"HKG","ADM0_A3_BD":"HKG","ADM0_A3_UA":"HKG","ADM0_A3_UN":-99,"ADM0_A3_WB":-99,"CONTINENT":"Asia","REGION_UN":"Asia","SUBREGION":"Eastern Asia","REGION_WB":"East Asia & Pacific","NAME_LEN":9,"LONG_LEN":9,"ABBREV_LEN":4,"TINY":-99,"HOMEPART":-99,"MIN_ZOOM":0,"MIN_LABEL":4,"MAX_LABEL":9,"LABEL_X":114.097769,"LABEL_Y":22.448829,"NE_ID":1159320473,"WIKIDATAID":"Q8646","NAME_AR":"هونغ كونغ","NAME_BN":"হংকং","NAME_DE":"Hongkong","NAME_EN":"Hong Kong","NAME_ES":"Hong Kong","NAME_FA":"هنگ کنگ","NAME_FR":"Hong Kong","NAME_EL":"Χονγκ Κονγκ","NAME_HE":"הונג קונג","NAME_HI":"हांगकांग","NAME_HU":"Hongkong","NAME_ID":"Hong Kong","NAME_IT":"Hong Kong","NAME_JA":"香港","NAME_KO":"홍콩","NAME_NL":"Hongkong","NAME_PL":"Hongkong","NAME_PT":"Hong Kong","NAME_RU":"Гонконг","NAME_SV":"Hongkong","NAME_TR":"Hong Kong","NAME_UK":"Гонконг","NAME_UR":"ہانگ کانگ","NAME_VI":"Hồng Kông","NAME_ZH":"香港","NAME_ZHT":"香港","FCLASS_ISO":"Admin-0 dependency","TLC_DIFF":null,"FCLASS_TLC":"Admin-0 dependency","FCLASS_US":null,"FCLASS_FR":null,"FCLASS_RU":null,"FCLASS_ES":null,"FCLASS_CN":"Admin-1 region","FCLASS_TW":null,"FCLASS_IN":null,"FCLASS_NP":null,"FCLASS_PK":null,"FCLASS_DE":null,"FCLASS_GB":null,"FCLASS_BR":null,"FCLASS_IL":null,"FCLASS_PS":null,"FCLASS_SA":null,"FCLASS_EG":null,"FCLASS_MA":null,"FCLASS_PT":null,"FCLASS_AR":null,"FCLASS_JP":null,"FCLASS_KO":null,"FCLASS_VN":null,"FCLASS_TR":null,"FCLASS_ID":null,"FCLASS_PL":null,"FCLASS_GR":null,"FCLASS_IT":null,"FCLASS_NL":null,"FCLASS_SE":null,"FCLASS_BD":null,"FCLASS_UA":null},"geometry":{"type":"MultiPolygon","coordinates":[[],[],[]]}},{"type":"Feature","bbox":[-109.434131,-55.891699,-66.435791,-17.506055],"properties":{"featurecla":"Admin-0 country","scalerank":4,"LABELRANK":2,"SOVEREIGNT":"Chile","SOV_A3":"CHL","ADM0_DIF":0,"LEVEL":2,"TYPE":"Sovereign country","TLC":"1","ADMIN":"Chile","ADM0_A3":"CHL","GEOU_DIF":0,"GEOUNIT":"Chile","GU_A3":"CHL","SU_DIF":0,"SUBUNIT":"Chile","SU_A3":"CHL","BRK_DIFF":0,"NAME":"Chile","NAME_LONG":"Chile","BRK_A3":"CHL","BRK_NAME":"Chile","BRK_GROUP":null,"ABBREV":"Chile","POSTAL":"CL","FORMAL_EN":"Republic of Chile","FORMAL_FR":null,"NAME_CIAWF":"Chile","NOTE_ADM0":null,"NOTE_BRK":null,"NAME_SORT":"Chile","NAME_ALT":null,"MAPCOLOR7":5,"MAPCOLOR8":1,"MAPCOLOR9":5,"MAPCOLOR13":9,"POP_EST":18952038,"POP_RANK":14,"POP_YEAR":2019,"GDP_MD":282318,"GDP_YEAR":2019,"ECONOMY":"5. Emerging region: G20","INCOME_GRP":"3. Upper middle income","FIPS_10":"CI","ISO_A2":"CL","ISO_A2_EH":"CL","ISO_A3":"CHL","ISO_A3_EH":"CHL","ISO_N3":"152","ISO_N3_EH":"152","UN_A3":"152","WB_A2":"CL","WB_A3":"CHL","WOE_ID":23424782,"WOE_ID_EH":23424782,"WOE_NOTE":"Exact WOE match as country","ADM0_ISO":"CHL","ADM0_DIFF":null,"ADM0_TLC":"CHL","ADM0_A3_US":"CHL","ADM0_A3_FR":"CHL","ADM0_A3_RU":"CHL","ADM0_A3_ES":"CHL","ADM0_A3_CN":"CHL","ADM0_A3_TW":"CHL","ADM0_A3_IN":"CHL","ADM0_A3_NP":"CHL","ADM0_A3_PK":"CHL","ADM0_A3_DE":"CHL","ADM0_A3_GB":"CHL","ADM0_A3_BR":"CHL","ADM0_A3_IL":"CHL","ADM0_A3_PS":"CHL","ADM0_A3_SA":"CHL","ADM0_A3_EG":"CHL","ADM0_A3_MA":"CHL","ADM0_A3_PT":"CHL","ADM0_A3_AR":"CHL","ADM0_A3_JP":"CHL","ADM0_A3_KO":"CHL","ADM0_A3_VN":"CHL","ADM0_A3_TR":"CHL","ADM0_A3_ID":"CHL","ADM0_A3_PL":"CHL","ADM0_A3_GR":"CHL","ADM0_A3_IT":"CHL","ADM0_A3_NL":"CHL","ADM0_A3_SE":"CHL","ADM0_A3_BD":"CHL","ADM0_A3_UA":"CHL","ADM0_A3_UN":-99,"ADM0_A3_WB":-99,"CONTINENT":"South America","REGION_UN":"Americas","SUBREGION":"South America","REGION_WB":"Latin America & Caribbean","NAME_LEN":5,"LONG_LEN":5,"ABBREV_LEN":5,"TINY":-99,"HOMEPART":1,"MIN_ZOOM":0,"MIN_LABEL":1.7,"MAX_LABEL":6.7,"LABEL_X":-72.318871,"LABEL_Y":-38.151771,"NE_ID":1159320493,"WIKIDATAID":"Q298","NAME_AR":"تشيلي","NAME_BN":"চিলি","NAME_DE":"Chile","NAME_EN":"Chile","NAME_ES":"Chile","NAME_FA":"شیلی","NAME_FR":"Chili","NAME_EL":"Χιλή","NAME_HE":"צ'ילה","NAME_HI":"चिली","NAME_HU":"Chile","NAME_ID":"Chili","NAME_IT":"Cile","NAME_JA":"チリ","NAME_KO":"칠레","NAME_NL":"Chili","NAME_PL":"Chile","NAME_PT":"Chile","NAME_RU":"Чили","NAME_SV":"Chile","NAME_TR":"Şili","NAME_UK":"Чилі","NAME_UR":"چلی","NAME_VI":"Chile","NAME_ZH":"智利","NAME_ZHT":"智利","FCLASS_ISO":"Admin-0 country","TLC_DIFF":null,"FCLASS_TLC":"Admin-0 country","FCLASS_US":null,"FCLASS_FR":null,"FCLASS_RU":null,"FCLASS_ES":null,"FCLASS_CN":null,"FCLASS_TW":null,"FCLASS_IN":null,"FCLASS_NP":null,"FCLASS_PK":null,"FCLASS_DE":null,"FCLASS_GB":null,"FCLASS_BR":null,"FCLASS_IL":null,"FCLASS_PS":null,"FCLASS_SA":null,"FCLASS_EG":null,"FCLASS_MA":null,"FCLASS_PT":null,"FCLASS_AR":null,"FCLASS_JP":null,"FCLASS_KO":null,"FCLASS_VN":null,"FCLASS_TR":null,"FCLASS_ID":null,"FCLASS_PL":null,"FCLASS_GR":null,"FCLASS_IT":null,"FCLASS_NL":null,"FCLASS_SE":null,"FCLASS_BD":null,"FCLASS_UA":null},"geometry":{"type":"MultiPolygon","coordinates":[[],[],[],[],[],[],[],[],[],[],[],[],[],[],[],[],[],[],[],[],[],[],[],[],[],[],[],[],[],[],[]]}},{"type":"Feature","bbox":[13.448242,7.475293,23.983398,23.445215],"properties":{"featurecla":"Admin-0 country","scalerank":1,"LABELRANK":3,"SOVEREIGNT":"Chad","SOV_A3":"TCD","ADM0_DIF":0,"LEVEL":2,"TYPE":"Sovereign country","TLC":"1","ADMIN":"Chad","ADM0_A3":"TCD","GEOU_DIF":0,"GEOUNIT":"Chad","GU_A3":"TCD","SU_DIF":0,"SUBUNIT":"Chad","SU_A3":"TCD","BRK_DIFF":0,"NAME":"Chad","NAME_LONG":"Chad","BRK_A3":"TCD","BRK_NAME":"Chad","BRK_GROUP":null,"ABBREV":"Chad","POSTAL":"TD","FORMAL_EN":"Republic of Chad","FORMAL_FR":null,"NAME_CIAWF":"Chad","NOTE_ADM0":null,"NOTE_BRK":null,"NAME_SORT":"Chad","NAME_ALT":null,"MAPCOLOR7":6,"MAPCOLOR8":1,"MAPCOLOR9":8,"MAPCOLOR13":6,"POP_EST":15946876,"POP_RANK":14,"POP_YEAR":2019,"GDP_MD":11314,"GDP_YEAR":2019,"ECONOMY":"7. Least developed region","INCOME_GRP":"5. Low income","FIPS_10":"CD","ISO_A2":"TD","ISO_A2_EH":"TD","ISO_A3":"TCD","ISO_A3_EH":"TCD","ISO_N3":"148","ISO_N3_EH":"148","UN_A3":"148","WB_A2":"TD","WB_A3":"TCD","WOE_ID":23424777,"WOE_ID_EH":23424777,"WOE_NOTE":"Exact WOE match as country","ADM0_ISO":"TCD","ADM0_DIFF":null,"ADM0_TLC":"TCD","ADM0_A3_US":"TCD","ADM0_A3_FR":"TCD","ADM0_A3_RU":"TCD","ADM0_A3_ES":"TCD","ADM0_A3_CN":"TCD","ADM0_A3_TW":"TCD","ADM0_A3_IN":"TCD","ADM0_A3_NP":"TCD","ADM0_A3_PK":"TCD","ADM0_A3_DE":"TCD","ADM0_A3_GB":"TCD","ADM0_A3_BR":"TCD","ADM0_A3_IL":"TCD","ADM0_A3_PS":"TCD","ADM0_A3_SA":"TCD","ADM0_A3_EG":"TCD","ADM0_A3_MA":"TCD","ADM0_A3_PT":"TCD","ADM0_A3_AR":"TCD","ADM0_A3_JP":"TCD","ADM0_A3_KO":"TCD","ADM0_A3_VN":"TCD","ADM0_A3_TR":"TCD","ADM0_A3_ID":"TCD","ADM0_A3_PL":"TCD","ADM0_A3_GR":"TCD","ADM0_A3_IT":"TCD","ADM0_A3_NL":"TCD","ADM0_A3_SE":"TCD","ADM0_A3_BD":"TCD","ADM0_A3_UA":"TCD","ADM0_A3_UN":-99,"ADM0_A3_WB":-99,"CONTINENT":"Africa","REGION_UN":"Africa","SUBREGION":"Middle Africa","REGION_WB":"Sub-Saharan Africa","NAME_LEN":4,"LONG_LEN":4,"ABBREV_LEN":4,"TINY":-99,"HOMEPART":1,"MIN_ZOOM":0,"MIN_LABEL":3,"MAX_LABEL":8,"LABEL_X":18.645041,"LABEL_Y":15.142959,"NE_ID":1159321301,"WIKIDATAID":"Q657","NAME_AR":"تشاد","NAME_BN":"চাদ","NAME_DE":"Tschad","NAME_EN":"Chad","NAME_ES":"Chad","NAME_FA":"چاد","NAME_FR":"Tchad","NAME_EL":"Τσαντ","NAME_HE":"צ'אד","NAME_HI":"चाड","NAME_HU":"Csád","NAME_ID":"Chad","NAME_IT":"Ciad","NAME_JA":"チャド","NAME_KO":"차드","NAME_NL":"Tsjaad","NAME_PL":"Czad","NAME_PT":"Chade","NAME_RU":"Чад","NAME_SV":"Tchad","NAME_TR":"Çad","NAME_UK":"Чад","NAME_UR":"چاڈ","NAME_VI":"Tchad","NAME_ZH":"乍得","NAME_ZHT":"查德","FCLASS_ISO":"Admin-0 country","TLC_DIFF":null,"FCLASS_TLC":"Admin-0 country","FCLASS_US":null,"FCLASS_FR":null,"FCLASS_RU":null,"FCLASS_ES":null,"FCLASS_CN":null,"FCLASS_TW":null,"FCLASS_IN":null,"FCLASS_NP":null,"FCLASS_PK":null,"FCLASS_DE":null,"FCLASS_GB":null,"FCLASS_BR":null,"FCLASS_IL":null,"FCLASS_PS":null,"FCLASS_SA":null,"FCLASS_EG":null,"FCLASS_MA":null,"FCLASS_PT":null,"FCLASS_AR":null,"FCLASS_JP":null,"FCLASS_KO":null,"FCLASS_VN":null,"FCLASS_TR":null,"FCLASS_ID":null,"FCLASS_PL":null,"FCLASS_GR":null,"FCLASS_IT":null,"FCLASS_NL":null,"FCLASS_SE":null,"FCLASS_BD":null,"FCLASS_UA":null},"geometry":{"type":"Polygon","coordinates":[[[23.980273,19.496631],[23.980664,19.050586],[23.980729766402494,18.975561],[15.652304645260603,18.975561],[15.672949,19.206787],[15.698633,19.495215],[15.735059,19.904053],[15.766211,19.982568],[15.948828,20.303174],[15.963184,20.346191],[15.929297,20.399854],[15.668457,20.672363],[15.587109,20.733301],[15.540332,20.874902],[15.607324,20.954395],[15.293652,21.411523],[15.21582,21.467432],[15.181836,21.523389],[15.177832,21.605811],[15.172266,21.92207],[15.088965,22.418359],[14.979004,22.996191],[15.347461,23.160693],[15.627148,23.285742],[15.984082,23.445215],[16.315039,23.281836],[16.794141,23.045264],[17.273242,22.808691],[17.752246,22.572119],[18.231348,22.335547],[18.710449,22.098975],[19.189453,21.862402],[19.668555,21.62583],[20.147656,21.389258],[20.626758,21.152637],[21.105859,20.916113],[21.584961,20.679492],[22.064063,20.44292],[22.543066,20.206348],[23.022168,19.969775],[23.50127,19.733203],[23.980273,19.496631]]]}},{"type":"Feature","bbox":[-25.341553,14.818213,-22.681885,17.193652],"properties":{"featurecla":"Admin-0 country","scalerank":1,"LABELRANK":4,"SOVEREIGNT":"Cabo Verde","SOV_A3":"CPV","ADM0_DIF":0,"LEVEL":2,"TYPE":"Sovereign country","TLC":"1","ADMIN":"Cabo Verde","ADM0_A3":"CPV","GEOU_DIF":0,"GEOUNIT":"Cabo Verde","GU_A3":"CPV","SU_DIF":0,"SUBUNIT":"Cabo Verde","SU_A3":"CPV","BRK_DIFF":0,"NAME":"Cabo Verde","NAME_LONG":"Republic of Cabo Verde","BRK_A3":"CPV","BRK_NAME":"Cabo Verde","BRK_GROUP":null,"ABBREV":"C.Vd.","POSTAL":"CV","FORMAL_EN":"Republic of Cabo Verde","FORMAL_FR":null,"NAME_CIAWF":"Cabo Verde","NOTE_ADM0":null,"NOTE_BRK":null,"NAME_SORT":"Cabo Verde","NAME_ALT":null,"MAPCOLOR7":1,"MAPCOLOR8":1,"MAPCOLOR9":4,"MAPCOLOR13":11,"POP_EST":549935,"POP_RANK":11,"POP_YEAR":2019,"GDP_MD":1981,"GDP_YEAR":2019,"ECONOMY":"6. Developing region","INCOME_GRP":"4. Lower middle income","FIPS_10":"CV","ISO_A2":"CV","ISO_A2_EH":"CV","ISO_A3":"CPV","ISO_A3_EH":"CPV","ISO_N3":"132","ISO_N3_EH":"132","UN_A3":"132","WB_A2":"CV","WB_A3":"CPV","WOE_ID":23424794,"WOE_ID_EH":23424794,"WOE_NOTE":"Exact WOE match as country","ADM0_ISO":"CPV","ADM0_DIFF":null,"ADM0_TLC":"CPV","ADM0_A3_US":"CPV","ADM0_A3_FR":"CPV","ADM0_A3_RU":"CPV","ADM0_A3_ES":"CPV","ADM0_A3_CN":"CPV","ADM0_A3_TW":"CPV","ADM0_A3_IN":"CPV","ADM0_A3_NP":"CPV","ADM0_A3_PK":"CPV","ADM0_A3_DE":"CPV","ADM0_A3_GB":"CPV","ADM0_A3_BR":"CPV","ADM0_A3_IL":"CPV","ADM0_A3_PS":"CPV","ADM0_A3_SA":"CPV","ADM0_A3_EG":"CPV","ADM0_A3_MA":"CPV","ADM0_A3_PT":"CPV","ADM0_A3_AR":"CPV","ADM0_A3_JP":"CPV","ADM0_A3_KO":"CPV","ADM0_A3_VN":"CPV","ADM0_A3_TR":"CPV","ADM0_A3_ID":"CPV","ADM0_A3_PL":"CPV","ADM0_A3_GR":"CPV","ADM0_A3_IT":"CPV","ADM0_A3_NL":"CPV","ADM0_A3_SE":"CPV","ADM0_A3_BD":"CPV","ADM0_A3_UA":"CPV","ADM0_A3_UN":-99,"ADM0_A3_WB":-99,"CONTINENT":"Africa","REGION_UN":"Africa","SUBREGION":"Western Africa","REGION_WB":"Sub-Saharan Africa","NAME_LEN":10,"LONG_LEN":22,"ABBREV_LEN":5,"TINY":-99,"HOMEPART":1,"MIN_ZOOM":0,"MIN_LABEL":4,"MAX_LABEL":9,"LABEL_X":-23.639434,"LABEL_Y":15.074761,"NE_ID":1159320523,"WIKIDATAID":"Q1011","NAME_AR":"الرأس الأخضر","NAME_BN":"কাবু ভের্দি","NAME_DE":"Kap Verde","NAME_EN":"Cape Verde","NAME_ES":"Cabo Verde","NAME_FA":"کیپ ورد","NAME_FR":"Cap-Vert","NAME_EL":"Πράσινο Ακρωτήριο","NAME_HE":"כף ורדה","NAME_HI":"केप वर्दे","NAME_HU":"Zöld-foki Köztársaság","NAME_ID":"Tanjung Verde","NAME_IT":"Capo Verde","NAME_JA":"カーボベルデ","NAME_KO":"카보베르데","NAME_NL":"Kaapverdië","NAME_PL":"Republika Zielonego Przylądka","NAME_PT":"Cabo Verde","NAME_RU":"Кабо-Верде","NAME_SV":"Kap Verde","NAME_TR":"Yeşil Burun Adaları","NAME_UK":"Кабо-Верде","NAME_UR":"کیپ ورڈی","NAME_VI":"Cabo Verde","NAME_ZH":"佛得角","NAME_ZHT":"維德角","FCLASS_ISO":"Admin-0 country","TLC_DIFF":null,"FCLASS_TLC":"Admin-0 country","FCLASS_US":null,"FCLASS_FR":null,"FCLASS_RU":null,"FCLASS_ES":null,"FCLASS_CN":null,"FCLASS_TW":null,"FCLASS_IN":null,"FCLASS_NP":null,"FCLASS_PK":null,"FCLASS_DE":null,"FCLASS_GB":null,"FCLASS_BR":null,"FCLASS_IL":null,"FCLASS_PS":null,"FCLASS_SA":null,"FCLASS_EG":null,"FCLASS_MA":null,"FCLASS_PT":null,"FCLASS_AR":null,"FCLASS_JP":null,"FCLASS_KO":null,"FCLASS_VN":null,"FCLASS_TR":null,"FCLASS_ID":null,"FCLASS_PL":null,"FCLASS_GR":null,"FCLASS_IT":null,"FCLASS_NL":null,"FCLASS_SE":null,"FCLASS_BD":null,"FCLASS_UA":null},"geometry":{"type":"MultiPolygon","coordinates":[[],[],[],[],[],[],[],[]]}},{"type":"Feature","bbox":[-141.002148,41.674854,-52.653662,83.116113],"properties":{"featurecla":"Admin-0 country","scalerank":1,"LABELRANK":2,"SOVEREIGNT":"Canada","SOV_A3":"CAN","ADM0_DIF":0,"LEVEL":2,"TYPE":"Sovereign country","TLC":"1","ADMIN":"Canada","ADM0_A3":"CAN","GEOU_DIF":0,"GEOUNIT":"Canada","GU_A3":"CAN","SU_DIF":0,"SUBUNIT":"Canada","SU_A3":"CAN","BRK_DIFF":0,"NAME":"Canada","NAME_LONG":"Canada","BRK_A3":"CAN","BRK_NAME":"Canada","BRK_GROUP":null,"ABBREV":"Can.","POSTAL":"CA","FORMAL_EN":"Canada","FORMAL_FR":null,"NAME_CIAWF":"Canada","NOTE_ADM0":null,"NOTE_BRK":null,"NAME_SORT":"Canada","NAME_ALT":null,"MAPCOLOR7":6,"MAPCOLOR8":6,"MAPCOLOR9":2,"MAPCOLOR13":2,"POP_EST":37589262,"POP_RANK":15,"POP_YEAR":2019,"GDP_MD":1736425,"GDP_YEAR":2019,"ECONOMY":"1. Developed region: G7","INCOME_GRP":"1. High income: OECD","FIPS_10":"CA","ISO_A2":"CA","ISO_A2_EH":"CA","ISO_A3":"CAN","ISO_A3_EH":"CAN","ISO_N3":"124","ISO_N3_EH":"124","UN_A3":"124","WB_A2":"CA","WB_A3":"CAN","WOE_ID":23424775,"WOE_ID_EH":23424775,"WOE_NOTE":"Exact WOE match as country","ADM0_ISO":"CAN","ADM0_DIFF":null,"ADM0_TLC":"CAN","ADM0_A3_US":"CAN","ADM0_A3_FR":"CAN","ADM0_A3_RU":"CAN","ADM0_A3_ES":"CAN","ADM0_A3_CN":"CAN","ADM0_A3_TW":"CAN","ADM0_A3_IN":"CAN","ADM0_A3_NP":"CAN","ADM0_A3_PK":"CAN","ADM0_A3_DE":"CAN","ADM0_A3_GB":"CAN","ADM0_A3_BR":"CAN","ADM0_A3_IL":"CAN","ADM0_A3_PS":"CAN","ADM0_A3_SA":"CAN","ADM0_A3_EG":"CAN","ADM0_A3_MA":"CAN","ADM0_A3_PT":"CAN","ADM0_A3_AR":"CAN","ADM0_A3_JP":"CAN","ADM0_A3_KO":"CAN","ADM0_A3_VN":"CAN","ADM0_A3_TR":"CAN","ADM0_A3_ID":"CAN","ADM0_A3_PL":"CAN","ADM0_A3_GR":"CAN","ADM0_A3_IT":"CAN","ADM0_A3_NL":"CAN","ADM0_A3_SE":"CAN","ADM0_A3_BD":"CAN","ADM0_A3_UA":"CAN","ADM0_A3_UN":-99,"ADM0_A3_WB":-99,"CONTINENT":"North America","REGION_UN":"Americas","SUBREGION":"Northern America","REGION_WB":"North America","NAME_LEN":6,"LONG_LEN":6,"ABBREV_LEN":4,"TINY":-99,"HOMEPART":1,"MIN_ZOOM":0,"MIN_LABEL":1.7,"MAX_LABEL":5.7,"LABEL_X":-101.9107,"LABEL_Y":60.324287,"NE_ID":1159320467,"WIKIDATAID":"Q16","NAME_AR":"كندا","NAME_BN":"কানাডা","NAME_DE":"Kanada","NAME_EN":"Canada","NAME_ES":"Canadá","NAME_FA":"کانادا","NAME_FR":"Canada","NAME_EL":"Καναδάς","NAME_HE":"קנדה","NAME_HI":"कनाडा","NAME_HU":"Kanada","NAME_ID":"Kanada","NAME_IT":"Canada","NAME_JA":"カナダ","NAME_KO":"캐나다","NAME_NL":"Canada","NAME_PL":"Kanada","NAME_PT":"Canadá","NAME_RU":"Канада","NAME_SV":"Kanada","NAME_TR":"Kanada","NAME_UK":"Канада","NAME_UR":"کینیڈا","NAME_VI":"Canada","NAME_ZH":"加拿大","NAME_ZHT":"加拿大","FCLASS_ISO":"Admin-0 country","TLC_DIFF":null,"FCLASS_TLC":"Admin-0 country","FCLASS_US":null,"FCLASS_FR":null,"FCLASS_RU":null,"FCLASS_ES":null,"FCLASS_CN":null,"FCLASS_TW":null,"FCLASS_IN":null,"FCLASS_NP":null,"FCLASS_PK":null,"FCLASS_DE":null,"FCLASS_GB":null,"FCLASS_BR":null,"FCLASS_IL":null,"FCLASS_PS":null,"FCLASS_SA":null,"FCLASS_EG":null,"FCLASS_MA":null,"FCLASS_PT":null,"FCLASS_AR":null,"FCLASS_JP":null,"FCLASS_KO":null,"FCLASS_VN":null,"FCLASS_TR":null,"FCLASS_ID":null,"FCLASS_PL":null,"FCLASS_GR":null,"FCLASS_IT":null,"FCLASS_NL":null,"FCLASS_SE":null,"FCLASS_BD":null,"FCLASS_UA":null},"geometry":{"type":"MultiPolygon","coordinates":[[],[],[],[],[],[],[],[],[],[],[],[],[],[],[],[],[],[],[],[],[],[],[],[],[],[],[],[],[],[],[],[],[],[],[],[],[],[],[],[],[],[],[],[],[],[],[],[],[],[],[],[],[],[],[],[],[],[],[],[],[],[],[],[],[],[],[],[],[],[],[],[],[],[],[],[],[],[],[],[],[],[],[],[],[],[],[],[],[],[],[],[],[],[],[],[],[],[],[],[],[],[],[],[],[],[],[],[],[],[],[],[],[],[],[],[],[],[],[],[],[],[],[],[],[],[],[],[],[],[],[],[],[],[],[],[],[],[],[],[],[]]}},{"type":"Feature","bbox":[102.319727,10.41123,107.605469,14.705078],"properties":{"featurecla":"Admin-0 country","scalerank":1,"LABELRANK":3,"SOVEREIGNT":"Cambodia","SOV_A3":"KHM","ADM0_DIF":0,"LEVEL":2,"TYPE":"Sovereign country","TLC":"1","ADMIN":"Cambodia","ADM0_A3":"KHM","GEOU_DIF":0,"GEOUNIT":"Cambodia","GU_A3":"KHM","SU_DIF":0,"SUBUNIT":"Cambodia","SU_A3":"KHM","BRK_DIFF":0,"NAME":"Cambodia","NAME_LONG":"Cambodia","BRK_A3":"KHM","BRK_NAME":"Cambodia","BRK_GROUP":null,"ABBREV":"Camb.","POSTAL":"KH","FORMAL_EN":"Kingdom of Cambodia","FORMAL_FR":null,"NAME_CIAWF":"Cambodia","NOTE_ADM0":null,"NOTE_BRK":null,"NAME_SORT":"Cambodia","NAME_ALT":null,"MAPCOLOR7":6,"MAPCOLOR8":3,"MAPCOLOR9":6,"MAPCOLOR13":5,"POP_EST":16486542,"POP_RANK":14,"POP_YEAR":2019,"GDP_MD":27089,"GDP_YEAR":2019,"ECONOMY":"7. Least developed region","INCOME_GRP":"5. Low income","FIPS_10":"CB","ISO_A2":"KH","ISO_A2_EH":"KH","ISO_A3":"KHM","ISO_A3_EH":"KHM","ISO_N3":"116","ISO_N3_EH":"116","UN_A3":"116","WB_A2":"KH","WB_A3":"KHM","WOE_ID":23424776,"WOE_ID_EH":23424776,"WOE_NOTE":"Exact WOE match as country","ADM0_ISO":"KHM","ADM0_DIFF":null,"ADM0_TLC":"KHM","ADM0_A3_US":"KHM","ADM0_A3_FR":"KHM","ADM0_A3_RU":"KHM","ADM0_A3_ES":"KHM","ADM0_A3_CN":"KHM","ADM0_A3_TW":"KHM","ADM0_A3_IN":"KHM","ADM0_A3_NP":"KHM","ADM0_A3_PK":"KHM","ADM0_A3_DE":"KHM","ADM0_A3_GB":"KHM","ADM0_A3_BR":"KHM","ADM0_A3_IL":"KHM","ADM0_A3_PS":"KHM","ADM0_A3_SA":"KHM","ADM0_A3_EG":"KHM","ADM0_A3_MA":"KHM","ADM0_A3_PT":"KHM","ADM0_A3_AR":"KHM","ADM0_A3_JP":"KHM","ADM0_A3_KO":"KHM","ADM0_A3_VN":"KHM","ADM0_A3_TR":"KHM","ADM0_A3_ID":"KHM","ADM0_A3_PL":"KHM","ADM0_A3_GR":"KHM","ADM0_A3_IT":"KHM","ADM0_A3_NL":"KHM","ADM0_A3_SE":"KHM","ADM0_A3_BD":"KHM","ADM0_A3_UA":"KHM","ADM0_A3_UN":-99,"ADM0_A3_WB":-99,"CONTINENT":"Asia","REGION_UN":"Asia","SUBREGION":"South-Eastern Asia","REGION_WB":"East Asia & Pacific","NAME_LEN":8,"LONG_LEN":8,"ABBREV_LEN":5,"TINY":-99,"HOMEPART":1,"MIN_ZOOM":0,"MIN_LABEL":3,"MAX_LABEL":8,"LABEL_X":104.50487,"LABEL_Y":12.647584,"NE_ID":1159320979,"WIKIDATAID":"Q424","NAME_AR":"كمبوديا","NAME_BN":"কম্বোডিয়া","NAME_DE":"Kambodscha","NAME_EN":"Cambodia","NAME_ES":"Camboya","NAME_FA":"کامبوج","NAME_FR":"Cambodge","NAME_EL":"Καμπότζη","NAME_HE":"קמבודיה","NAME_HI":"कम्बोडिया","NAME_HU":"Kambodzsa","NAME_ID":"Kamboja","NAME_IT":"Cambogia","NAME_JA":"カンボジア","NAME_KO":"캄보디아","NAME_NL":"Cambodja","NAME_PL":"Kambodża","NAME_PT":"Camboja","NAME_RU":"Камбоджа","NAME_SV":"Kambodja","NAME_TR":"Kamboçya","NAME_UK":"Камбоджа","NAME_UR":"کمبوڈیا","NAME_VI":"Campuchia","NAME_ZH":"柬埔寨","NAME_ZHT":"柬埔寨","FCLASS_ISO":"Admin-0 country","TLC_DIFF":null,"FCLASS_TLC":"Admin-0 country","FCLASS_US":null,"FCLASS_FR":null,"FCLASS_RU":null,"FCLASS_ES":null,"FCLASS_CN":null,"FCLASS_TW":null,"FCLASS_IN":null,"FCLASS_NP":null,"FCLASS_PK":null,"FCLASS_DE":null,"FCLASS_GB":null,"FCLASS_BR":null,"FCLASS_IL":null,"FCLASS_PS":null,"FCLASS_SA":null,"FCLASS_EG":null,"FCLASS_MA":null,"FCLASS_PT":null,"FCLASS_AR":null,"FCLASS_JP":null,"FCLASS_KO":null,"FCLASS_VN":null,"FCLASS_TR":null,"FCLASS_ID":null,"FCLASS_PL":null,"FCLASS_GR":null,"FCLASS_IT":null,"FCLASS_NL":null,"FCLASS_SE":null,"FCLASS_BD":null,"FCLASS_UA":null},"geometry":{"type":"MultiPolygon","coordinates":[[],[],[]]}},{"type":"Feature","bbox":[92.17959,9.875391,101.147266,28.517041],"properties":{"featurecla":"Admin-0 country","scalerank":1,"LABELRANK":3,"SOVEREIGNT":"Myanmar","SOV_A3":"MMR","ADM0_DIF":0,"LEVEL":2,"TYPE":"Sovereign country","TLC":"1","ADMIN":"Myanmar","ADM0_A3":"MMR","GEOU_DIF":0,"GEOUNIT":"Myanmar","GU_A3":"MMR","SU_DIF":0,"SUBUNIT":"Myanmar","SU_A3":"MMR","BRK_DIFF":0,"NAME":"Myanmar","NAME_LONG":"Myanmar","BRK_A3":"MMR","BRK_NAME":"Myanmar","BRK_GROUP":null,"ABBREV":"Myan.","POSTAL":"MM","FORMAL_EN":"Republic of the Union of Myanmar","FORMAL_FR":null,"NAME_CIAWF":"Burma","NOTE_ADM0":null,"NOTE_BRK":null,"NAME_SORT":"Myanmar","NAME_ALT":null,"MAPCOLOR7":2,"MAPCOLOR8":2,"MAPCOLOR9":5,"MAPCOLOR13":13,"POP_EST":54045420,"POP_RANK":16,"POP_YEAR":2019,"GDP_MD":76085,"GDP_YEAR":2019,"ECONOMY":"7. Least developed region","INCOME_GRP":"5. Low income","FIPS_10":"BM","ISO_A2":"MM","ISO_A2_EH":"MM","ISO_A3":"MMR","ISO_A3_EH":"MMR","ISO_N3":"104","ISO_N3_EH":"104","UN_A3":"104","WB_A2":"MM","WB_A3":"MMR","WOE_ID":23424763,"WOE_ID_EH":23424763,"WOE_NOTE":"Exact WOE match as country","ADM0_ISO":"MMR","ADM0_DIFF":null,"ADM0_TLC":"MMR","ADM0_A3_US":"MMR","ADM0_A3_FR":"MMR","ADM0_A3_RU":"MMR","ADM0_A3_ES":"MMR","ADM0_A3_CN":"MMR","ADM0_A3_TW":"MMR","ADM0_A3_IN":"MMR","ADM0_A3_NP":"MMR","ADM0_A3_PK":"MMR","ADM0_A3_DE":"MMR","ADM0_A3_GB":"MMR","ADM0_A3_BR":"MMR","ADM0_A3_IL":"MMR","ADM0_A3_PS":"MMR","ADM0_A3_SA":"MMR","ADM0_A3_EG":"MMR","ADM0_A3_MA":"MMR","ADM0_A3_PT":"MMR","ADM0_A3_AR":"MMR","ADM0_A3_JP":"MMR","ADM0_A3_KO":"MMR","ADM0_A3_VN":"MMR","ADM0_A3_TR":"MMR","ADM0_A3_ID":"MMR","ADM0_A3_PL":"MMR","ADM0_A3_GR":"MMR","ADM0_A3_IT":"MMR","ADM0_A3_NL":"MMR","ADM0_A3_SE":"MMR","ADM0_A3_BD":"MMR","ADM0_A3_UA":"MMR","ADM0_A3_UN":-99,"ADM0_A3_WB":-99,"CONTINENT":"Asia","REGION_UN":"Asia","SUBREGION":"South-Eastern Asia","REGION_WB":"East Asia & Pacific","NAME_LEN":7,"LONG_LEN":7,"ABBREV_LEN":5,"TINY":-99,"HOMEPART":1,"MIN_ZOOM":0,"MIN_LABEL":3,"MAX_LABEL":8,"LABEL_X":95.804497,"LABEL_Y":21.573855,"NE_ID":1159321067,"WIKIDATAID":"Q836","NAME_AR":"ميانمار","NAME_BN":"মিয়ানমার","NAME_DE":"Myanmar","NAME_EN":"Myanmar","NAME_ES":"Birmania","NAME_FA":"میانمار","NAME_FR":"Birmanie","NAME_EL":"Μιανμάρ","NAME_HE":"מיאנמר","NAME_HI":"म्यान्मार","NAME_HU":"Mianmar","NAME_ID":"Myanmar","NAME_IT":"Birmania","NAME_JA":"ミャンマー","NAME_KO":"미얀마","NAME_NL":"Myanmar","NAME_PL":"Mjanma","NAME_PT":"Myanmar","NAME_RU":"Мьянма","NAME_SV":"Myanmar","NAME_TR":"Myanmar","NAME_UK":"М'янма","NAME_UR":"میانمار","NAME_VI":"Myanma","NAME_ZH":"缅甸","NAME_ZHT":"緬甸","FCLASS_ISO":"Admin-0 country","TLC_DIFF":null,"FCLASS_TLC":"Admin-0 country","FCLASS_US":null,"FCLASS_FR":null,"FCLASS_RU":null,"FCLASS_ES":null,"FCLASS_CN":null,"FCLASS_TW":null,"FCLASS_IN":null,"FCLASS_NP":null,"FCLASS_PK":null,"FCLASS_DE":null,"FCLASS_GB":null,"FCLASS_BR":null,"FCLASS_IL":null,"FCLASS_PS":null,"FCLASS_SA":null,"FCLASS_EG":null,"FCLASS_MA":null,"FCLASS_PT":null,"FCLASS_AR":null,"FCLASS_JP":null,"FCLASS_KO":null,"FCLASS_VN":null,"FCLASS_TR":null,"FCLASS_ID":null,"FCLASS_PL":null,"FCLASS_GR":null,"FCLASS_IT":null,"FCLASS_NL":null,"FCLASS_SE":null,"FCLASS_BD":null,"FCLASS_UA":null},"geometry":{"type":"MultiPolygon","coordinates":[[],[],[],[],[],[],[],[],[],[],[],[],[],[],[],[],[],[],[]]}},{"type":"Feature","bbox":[22.344043,41.243555,28.585352,44.237793],"properties":{"featurecla":"Admin-0 country","scalerank":1,"LABELRANK":4,"SOVEREIGNT":"Bulgaria","SOV_A3":"BGR","ADM0_DIF":0,"LEVEL":2,"TYPE":"Sovereign country","TLC":"1","ADMIN":"Bulgaria","ADM0_A3":"BGR","GEOU_DIF":0,"GEOUNIT":"Bulgaria","GU_A3":"BGR","SU_DIF":0,"SUBUNIT":"Bulgaria","SU_A3":"BGR","BRK_DIFF":0,"NAME":"Bulgaria","NAME_LONG":"Bulgaria","BRK_A3":"BGR","BRK_NAME":"Bulgaria","BRK_GROUP":null,"ABBREV":"Bulg.","POSTAL":"BG","FORMAL_EN":"Republic of Bulgaria","FORMAL_FR":null,"NAME_CIAWF":"Bulgaria","NOTE_ADM0":null,"NOTE_BRK":null,"NAME_SORT":"Bulgaria","NAME_ALT":null,"MAPCOLOR7":4,"MAPCOLOR8":5,"MAPCOLOR9":1,"MAPCOLOR13":8,"POP_EST":6975761,"POP_RANK":13,"POP_YEAR":2019,"GDP_MD":68558,"GDP_YEAR":2019,"ECONOMY":"2. Developed region: nonG7","INCOME_GRP":"3. Upper middle income","FIPS_10":"BU","ISO_A2":"BG","ISO_A2_EH":"BG","ISO_A3":"BGR","ISO_A3_EH":"BGR","ISO_N3":"100","ISO_N3_EH":"100","UN_A3":"100","WB_A2":"BG","WB_A3":"BGR","WOE_ID":23424771,"WOE_ID_EH":23424771,"WOE_NOTE":"Exact WOE match as country","ADM0_ISO":"BGR","ADM0_DIFF":null,"ADM0_TLC":"BGR","ADM0_A3_US":"BGR","ADM0_A3_FR":"BGR","ADM0_A3_RU":"BGR","ADM0_A3_ES":"BGR","ADM0_A3_CN":"BGR","ADM0_A3_TW":"BGR","ADM0_A3_IN":"BGR","ADM0_A3_NP":"BGR","ADM0_A3_PK":"BGR","ADM0_A3_DE":"BGR","ADM0_A3_GB":"BGR","ADM0_A3_BR":"BGR","ADM0_A3_IL":"BGR","ADM0_A3_PS":"BGR","ADM0_A3_SA":"BGR","ADM0_A3_EG":"BGR","ADM0_A3_MA":"BGR","ADM0_A3_PT":"BGR","ADM0_A3_AR":"BGR","ADM0_A3_JP":"BGR","ADM0_A3_KO":"BGR","ADM0_A3_VN":"BGR","ADM0_A3_TR":"BGR","ADM0_A3_ID":"BGR","ADM0_A3_PL":"BGR","ADM0_A3_GR":"BGR","ADM0_A3_IT":"BGR","ADM0_A3_NL":"BGR","ADM0_A3_SE":"BGR","ADM0_A3_BD":"BGR","ADM0_A3_UA":"BGR","ADM0_A3_UN":-99,"ADM0_A3_WB":-99,"CONTINENT":"Europe","REGION_UN":"Europe","SUBREGION":"Eastern Europe","REGION_WB":"Europe & Central Asia","NAME_LEN":8,"LONG_LEN":8,"ABBREV_LEN":5,"TINY":-99,"HOMEPART":1,"MIN_ZOOM":0,"MIN_LABEL":4,"MAX_LABEL":9,"LABEL_X":25.15709,"LABEL_Y":42.508785,"NE_ID":1159320409,"WIKIDATAID":"Q219","NAME_AR":"بلغاريا","NAME_BN":"বুলগেরিয়া","NAME_DE":"Bulgarien","NAME_EN":"Bulgaria","NAME_ES":"Bulgaria","NAME_FA":"بلغارستان","NAME_FR":"Bulgarie","NAME_EL":"Βουλγαρία","NAME_HE":"בולגריה","NAME_HI":"बुल्गारिया","NAME_HU":"Bulgária","NAME_ID":"Bulgaria","NAME_IT":"Bulgaria","NAME_JA":"ブルガリア","NAME_KO":"불가리아","NAME_NL":"Bulgarije","NAME_PL":"Bułgaria","NAME_PT":"Bulgária","NAME_RU":"Болгария","NAME_SV":"Bulgarien","NAME_TR":"Bulgaristan","NAME_UK":"Болгарія","NAME_UR":"بلغاریہ","NAME_VI":"Bulgaria","NAME_ZH":"保加利亚","NAME_ZHT":"保加利亞","FCLASS_ISO":"Admin-0 country","TLC_DIFF":null,"FCLASS_TLC":"Admin-0 country","FCLASS_US":null,"FCLASS_FR":null,"FCLASS_RU":null,"FCLASS_ES":null,"FCLASS_CN":null,"FCLASS_TW":null,"FCLASS_IN":null,"FCLASS_NP":null,"FCLASS_PK":null,"FCLASS_DE":null,"FCLASS_GB":null,"FCLASS_BR":null,"FCLASS_IL":null,"FCLASS_PS":null,"FCLASS_SA":null,"FCLASS_EG":null,"FCLASS_MA":null,"FCLASS_PT":null,"FCLASS_AR":null,"FCLASS_JP":null,"FCLASS_KO":null,"FCLASS_VN":null,"FCLASS_TR":null,"FCLASS_ID":null,"FCLASS_PL":null,"FCLASS_GR":null,"FCLASS_IT":null,"FCLASS_NL":null,"FCLASS_SE":null,"FCLASS_BD":null,"FCLASS_UA":null},"geometry":{"type":"Polygon","coordinates":[[[28.014453,41.969043],[27.879199,41.986621],[27.831934,41.981299],[27.80166,41.956543],[27.738867,41.961523],[27.661133,41.961328],[27.579883,41.93291],[27.534863,41.920801],[27.474805,41.946875],[27.362891,42.025049],[27.294922,42.079541],[27.244336,42.093262],[27.193359,42.0771],[27.011719,42.058643],[26.96875,42.026855],[26.884863,41.991846],[26.800391,41.975146],[26.679199,41.96333],[26.615332,41.964893],[26.579688,41.947949],[26.549707,41.896729],[26.529297,41.84668],[26.511426,41.826367],[26.360352,41.801562],[26.327246,41.772803],[26.317969,41.744678],[26.320898,41.716553],[26.200586,41.743799],[26.107422,41.725684],[26.085547,41.70415],[26.066016,41.673242],[26.076953,41.640186],[26.11123,41.608203],[26.143555,41.521533],[26.155176,41.434863],[26.135352,41.385742],[26.066406,41.350684],[25.92334,41.311914],[25.784961,41.33042],[25.723926,41.315039],[25.621484,41.310107],[25.527051,41.299805],[25.381934,41.264355],[25.251172,41.243555],[25.133398,41.315771],[24.993555,41.36499],[24.846875,41.394238],[24.795801,41.3729],[24.77373,41.356104],[24.651074,41.419971],[24.595996,41.442725],[24.569336,41.467383],[24.518262,41.552539],[24.487891,41.555225],[24.386719,41.523535],[24.289453,41.525049],[24.230371,41.530811],[24.056055,41.527246],[24.03291,41.469092],[24.011328,41.460059],[23.973535,41.452295],[23.880859,41.455957],[23.762305,41.412988],[23.635156,41.386768],[23.53584,41.386035],[23.433398,41.39873],[23.37207,41.389648],[23.239844,41.384961],[23.155957,41.32207],[23.025586,41.325635],[22.916016,41.336279],[22.929688,41.356104],[22.951465,41.605615],[23.005664,41.716943],[23.003613,41.739844],[22.991992,41.757178],[22.943945,41.775098],[22.90918,41.835205],[22.836816,41.993604],[22.796094,42.025684],[22.682324,42.059131],[22.582715,42.104834],[22.498242,42.165088],[22.344043,42.313965],[22.42207,42.328857],[22.445703,42.359131],[22.523535,42.440967],[22.532422,42.481201],[22.524219,42.503906],[22.47207,42.543311],[22.43623,42.629102],[22.463281,42.709473],[22.465625,42.750781],[22.439258,42.79165],[22.466797,42.84248],[22.522754,42.870312],[22.558105,42.878467],[22.706152,42.883936],[22.799902,42.985742],[22.856836,43.018262],[22.915234,43.075977],[22.942285,43.09707],[22.967969,43.142041],[22.976855,43.187988],[22.85957,43.252344],[22.819727,43.300732],[22.767578,43.35415],[22.696973,43.391064],[22.55459,43.454492],[22.499121,43.518848],[22.474121,43.602246],[22.436328,43.665479],[22.394824,43.706641],[22.386914,43.740137],[22.369629,43.781299],[22.36543,43.862109],[22.399023,43.969531],[22.420801,44.007422],[22.469043,44.018018],[22.597461,44.075293],[22.603418,44.148584],[22.626563,44.194092],[22.66748,44.220215],[22.705078,44.237793],[22.775195,44.195215],[22.94541,44.127295],[23.028516,44.077979],[23.024414,44.047217],[22.985352,44.016992],[22.911328,43.987207],[22.868262,43.9479],[22.856445,43.899023],[22.867676,43.864551],[22.919043,43.834473],[23.224609,43.873877],[23.53457,43.853564],[23.950781,43.78667],[24.226758,43.763477],[24.430566,43.794385],[24.808203,43.738428],[25.159668,43.686328],[25.49707,43.670801],[25.686133,43.711768],[25.818848,43.766846],[25.933398,43.870557],[26.21582,44.007275],[26.489258,44.083984],[26.847754,44.146191],[27.086914,44.167383],[27.120703,44.146143],[27.425391,44.020508],[27.561035,44.020068],[27.670898,43.997803],[27.710742,43.9646],[27.738574,43.956299],[27.884277,43.987354],[27.948926,43.918604],[28.05,43.822412],[28.221973,43.772852],[28.375195,43.744775],[28.423438,43.740479],[28.585352,43.742236],[28.561816,43.501318],[28.46543,43.389307],[28.319629,43.426855],[28.133691,43.395605],[28.035156,43.268262],[27.979297,43.230518],[27.928906,43.186133],[27.896484,43.020703],[27.888867,42.749707],[27.818359,42.71665],[27.753711,42.706543],[27.484766,42.468066],[27.639551,42.400977],[27.708203,42.349951],[27.821387,42.208008],[27.982715,42.047412],[28.014453,41.969043]]]}},{"type":"Feature","bbox":[114.063867,4.023975,115.326758,5.022363],"properties":{"featurecla":"Admin-0 country","scalerank":1,"LABELRANK":6,"SOVEREIGNT":"Brunei","SOV_A3":"BRN","ADM0_DIF":0,"LEVEL":2,"TYPE":"Sovereign country","TLC":"1","ADMIN":"Brunei","ADM0_A3":"BRN","GEOU_DIF":0,"GEOUNIT":"Brunei","GU_A3":"BRN","SU_DIF":0,"SUBUNIT":"Brunei","SU_A3":"BRN","BRK_DIFF":0,"NAME":"Brunei","NAME_LONG":"Brunei Darussalam","BRK_A3":"BRN","BRK_NAME":"Brunei","BRK_GROUP":null,"ABBREV":"Brunei","POSTAL":"BN","FORMAL_EN":"Negara Brunei Darussalam","FORMAL_FR":null,"NAME_CIAWF":"Brunei","NOTE_ADM0":null,"NOTE_BRK":null,"NAME_SORT":"Brunei","NAME_ALT":null,"MAPCOLOR7":4,"MAPCOLOR8":6,"MAPCOLOR9":6,"MAPCOLOR13":12,"POP_EST":433285,"POP_RANK":10,"POP_YEAR":2019,"GDP_MD":13469,"GDP_YEAR":2019,"ECONOMY":"6. Developing region","INCOME_GRP":"2. High income: nonOECD","FIPS_10":"BX","ISO_A2":"BN","ISO_A2_EH":"BN","ISO_A3":"BRN","ISO_A3_EH":"BRN","ISO_N3":"096","ISO_N3_EH":"096","UN_A3":"096","WB_A2":"BN","WB_A3":"BRN","WOE_ID":23424773,"WOE_ID_EH":23424773,"WOE_NOTE":"Exact WOE match as country","ADM0_ISO":"BRN","ADM0_DIFF":null,"ADM0_TLC":"BRN","ADM0_A3_US":"BRN","ADM0_A3_FR":"BRN","ADM0_A3_RU":"BRN","ADM0_A3_ES":"BRN","ADM0_A3_CN":"BRN","ADM0_A3_TW":"BRN","ADM0_A3_IN":"BRN","ADM0_A3_NP":"BRN","ADM0_A3_PK":"BRN","ADM0_A3_DE":"BRN","ADM0_A3_GB":"BRN","ADM0_A3_BR":"BRN","ADM0_A3_IL":"BRN","ADM0_A3_PS":"BRN","ADM0_A3_SA":"BRN","ADM0_A3_EG":"BRN","ADM0_A3_MA":"BRN","ADM0_A3_PT":"BRN","ADM0_A3_AR":"BRN","ADM0_A3_JP":"BRN","ADM0_A3_KO":"BRN","ADM0_A3_VN":"BRN","ADM0_A3_TR":"BRN","ADM0_A3_ID":"BRN","ADM0_A3_PL":"BRN","ADM0_A3_GR":"BRN","ADM0_A3_IT":"BRN","ADM0_A3_NL":"BRN","ADM0_A3_SE":"BRN","ADM0_A3_BD":"BRN","ADM0_A3_UA":"BRN","ADM0_A3_UN":-99,"ADM0_A3_WB":-99,"CONTINENT":"Asia","REGION_UN":"Asia","SUBREGION":"South-Eastern Asia","REGION_WB":"East Asia & Pacific","NAME_LEN":6,"LONG_LEN":17,"ABBREV_LEN":6,"TINY":2,"HOMEPART":1,"MIN_ZOOM":0,"MIN_LABEL":4,"MAX_LABEL":9,"LABEL_X":114.551943,"LABEL_Y":4.448298,"NE_ID":1159320451,"WIKIDATAID":"Q921","NAME_AR":"بروناي","NAME_BN":"ব্রুনাই","NAME_DE":"Brunei","NAME_EN":"Brunei","NAME_ES":"Brunéi","NAME_FA":"برونئی","NAME_FR":"Brunei","NAME_EL":"Μπρουνέι","NAME_HE":"ברוניי","NAME_HI":"ब्रुनेई","NAME_HU":"Brunei","NAME_ID":"Brunei Darussalam","NAME_IT":"Brunei","NAME_JA":"ブルネイ","NAME_KO":"브루나이","NAME_NL":"Brunei","NAME_PL":"Brunei","NAME_PT":"Brunei","NAME_RU":"Бруней","NAME_SV":"Brunei","NAME_TR":"Brunei","NAME_UK":"Бруней","NAME_UR":"برونائی دار السلام","NAME_VI":"Brunei","NAME_ZH":"文莱","NAME_ZHT":"汶萊","FCLASS_ISO":"Admin-0 country","TLC_DIFF":null,"FCLASS_TLC":"Admin-0 country","FCLASS_US":null,"FCLASS_FR":null,"FCLASS_RU":null,"FCLASS_ES":null,"FCLASS_CN":null,"FCLASS_TW":null,"FCLASS_IN":null,"FCLASS_NP":null,"FCLASS_PK":null,"FCLASS_DE":null,"FCLASS_GB":null,"FCLASS_BR":null,"FCLASS_IL":null,"FCLASS_PS":null,"FCLASS_SA":null,"FCLASS_EG":null,"FCLASS_MA":null,"FCLASS_PT":null,"FCLASS_AR":null,"FCLASS_JP":null,"FCLASS_KO":null,"FCLASS_VN":null,"FCLASS_TR":null,"FCLASS_ID":null,"FCLASS_PL":null,"FCLASS_GR":null,"FCLASS_IT":null,"FCLASS_NL":null,"FCLASS_SE":null,"FCLASS_BD":null,"FCLASS_UA":null},"geometry":{"type":"MultiPolygon","coordinates":[[],[]]}},{"type":"Feature","bbox":[-74.002051,-33.742188,-34.805469,5.257959],"properties":{"featurecla":"Admin-0 country","scalerank":1,"LABELRANK":2,"SOVEREIGNT":"Brazil","SOV_A3":"BRA","ADM0_DIF":0,"LEVEL":2,"TYPE":"Sovereign country","TLC":"1","ADMIN":"Brazil","ADM0_A3":"BRA","GEOU_DIF":0,"GEOUNIT":"Brazil","GU_A3":"BRA","SU_DIF":0,"SUBUNIT":"Brazil","SU_A3":"BRA","BRK_DIFF":0,"NAME":"Brazil","NAME_LONG":"Brazil","BRK_A3":"BRA","BRK_NAME":"Brazil","BRK_GROUP":null,"ABBREV":"Brazil","POSTAL":"BR","FORMAL_EN":"Federative Republic of Brazil","FORMAL_FR":null,"NAME_CIAWF":"Brazil","NOTE_ADM0":null,"NOTE_BRK":null,"NAME_SORT":"Brazil","NAME_ALT":null,"MAPCOLOR7":5,"MAPCOLOR8":6,"MAPCOLOR9":5,"MAPCOLOR13":7,"POP_EST":211049527,"POP_RANK":17,"POP_YEAR":2019,"GDP_MD":1839758,"GDP_YEAR":2019,"ECONOMY":"3. Emerging region: BRIC","INCOME_GRP":"3. Upper middle income","FIPS_10":"BR","ISO_A2":"BR","ISO_A2_EH":"BR","ISO_A3":"BRA","ISO_A3_EH":"BRA","ISO_N3":"076","ISO_N3_EH":"076","UN_A3":"076","WB_A2":"BR","WB_A3":"BRA","WOE_ID":23424768,"WOE_ID_EH":23424768,"WOE_NOTE":"Exact WOE match as country","ADM0_ISO":"BRA","ADM0_DIFF":null,"ADM0_TLC":"BRA","ADM0_A3_US":"BRA","ADM0_A3_FR":"BRA","ADM0_A3_RU":"BRA","ADM0_A3_ES":"BRA","ADM0_A3_CN":"BRA","ADM0_A3_TW":"BRA","ADM0_A3_IN":"BRA","ADM0_A3_NP":"BRA","ADM0_A3_PK":"BRA","ADM0_A3_DE":"BRA","ADM0_A3_GB":"BRA","ADM0_A3_BR":"BRA","ADM0_A3_IL":"BRA","ADM0_A3_PS":"BRA","ADM0_A3_SA":"BRA","ADM0_A3_EG":"BRA","ADM0_A3_MA":"BRA","ADM0_A3_PT":"BRA","ADM0_A3_AR":"BRA","ADM0_A3_JP":"BRA","ADM0_A3_KO":"BRA","ADM0_A3_VN":"BRA","ADM0_A3_TR":"BRA","ADM0_A3_ID":"BRA","ADM0_A3_PL":"BRA","ADM0_A3_GR":"BRA","ADM0_A3_IT":"BRA","ADM0_A3_NL":"BRA","ADM0_A3_SE":"BRA","ADM0_A3_BD":"BRA","ADM0_A3_UA":"BRA","ADM0_A3_UN":-99,"ADM0_A3_WB":-99,"CONTINENT":"South America","REGION_UN":"Americas","SUBREGION":"South America","REGION_WB":"Latin America & Caribbean","NAME_LEN":6,"LONG_LEN":6,"ABBREV_LEN":6,"TINY":-99,"HOMEPART":1,"MIN_ZOOM":0,"MIN_LABEL":1.7,"MAX_LABEL":5.7,"LABEL_X":-49.55945,"LABEL_Y":-12.098687,"NE_ID":1159320441,"WIKIDATAID":"Q155","NAME_AR":"البرازيل","NAME_BN":"ব্রাজিল","NAME_DE":"Brasilien","NAME_EN":"Brazil","NAME_ES":"Brasil","NAME_FA":"برزیل","NAME_FR":"Brésil","NAME_EL":"Βραζιλία","NAME_HE":"ברזיל","NAME_HI":"ब्राज़ील","NAME_HU":"Brazília","NAME_ID":"Brasil","NAME_IT":"Brasile","NAME_JA":"ブラジル","NAME_KO":"브라질","NAME_NL":"Brazilië","NAME_PL":"Brazylia","NAME_PT":"Brasil","NAME_RU":"Бразилия","NAME_SV":"Brasilien","NAME_TR":"Brezilya","NAME_UK":"Бразилія","NAME_UR":"برازیل","NAME_VI":"Brasil","NAME_ZH":"巴西","NAME_ZHT":"巴西","FCLASS_ISO":"Admin-0 country","TLC_DIFF":null,"FCLASS_TLC":"Admin-0 country","FCLASS_US":null,"FCLASS_FR":null,"FCLASS_RU":null,"FCLASS_ES":null,"FCLASS_CN":null,"FCLASS_TW":null,"FCLASS_IN":null,"FCLASS_NP":null,"FCLASS_PK":null,"FCLASS_DE":null,"FCLASS_GB":null,"FCLASS_BR":null,"FCLASS_IL":null,"FCLASS_PS":null,"FCLASS_SA":null,"FCLASS_EG":null,"FCLASS_MA":null,"FCLASS_PT":null,"FCLASS_AR":null,"FCLASS_JP":null,"FCLASS_KO":null,"FCLASS_VN":null,"FCLASS_TR":null,"FCLASS_ID":null,"FCLASS_PL":null,"FCLASS_GR":null,"FCLASS_IT":null,"FCLASS_NL":null,"FCLASS_SE":null,"FCLASS_BD":null,"FCLASS_UA":null},"geometry":{"type":"MultiPolygon","coordinates":[[],[],[],[],[],[],[],[],[],[],[],[],[],[],[],[],[]]}},{"type":"Feature","bbox":[15.736621,42.559717,19.583789,45.276562],"properties":{"featurecla":"Admin-0 country","scalerank":1,"LABELRANK":5,"SOVEREIGNT":"Bosnia and Herzegovina","SOV_A3":"BIH","ADM0_DIF":0,"LEVEL":2,"TYPE":"Sovereign country","TLC":"1","ADMIN":"Bosnia and Herzegovina","ADM0_A3":"BIH","GEOU_DIF":0,"GEOUNIT":"Bosnia and Herzegovina","GU_A3":"BIH","SU_DIF":0,"SUBUNIT":"Bosnia and Herzegovina","SU_A3":"BIH","BRK_DIFF":0,"NAME":"Bosnia and Herz.","NAME_LONG":"Bosnia and Herzegovina","BRK_A3":"BIH","BRK_NAME":"Bosnia and Herz.","BRK_GROUP":null,"ABBREV":"B.H.","POSTAL":"BiH","FORMAL_EN":"Bosnia and Herzegovina","FORMAL_FR":null,"NAME_CIAWF":"Bosnia and Herzegovina","NOTE_ADM0":null,"NOTE_BRK":null,"NAME_SORT":"Bosnia and Herzegovina","NAME_ALT":null,"MAPCOLOR7":1,"MAPCOLOR8":1,"MAPCOLOR9":1,"MAPCOLOR13":2,"POP_EST":3301000,"POP_RANK":12,"POP_YEAR":2019,"GDP_MD":20164,"GDP_YEAR":2019,"ECONOMY":"6. Developing region","INCOME_GRP":"3. Upper middle income","FIPS_10":"BK","ISO_A2":"BA","ISO_A2_EH":"BA","ISO_A3":"BIH","ISO_A3_EH":"BIH","ISO_N3":"070","ISO_N3_EH":"070","UN_A3":"070","WB_A2":"BA","WB_A3":"BIH","WOE_ID":23424761,"WOE_ID_EH":23424761,"WOE_NOTE":"Exact WOE match as country","ADM0_ISO":"BIH","ADM0_DIFF":null,"ADM0_TLC":"BIH","ADM0_A3_US":"BIH","ADM0_A3_FR":"BIH","ADM0_A3_RU":"BIH","ADM0_A3_ES":"BIH","ADM0_A3_CN":"BIH","ADM0_A3_TW":"BIH","ADM0_A3_IN":"BIH","ADM0_A3_NP":"BIH","ADM0_A3_PK":"BIH","ADM0_A3_DE":"BIH","ADM0_A3_GB":"BIH","ADM0_A3_BR":"BIH","ADM0_A3_IL":"BIH","ADM0_A3_PS":"BIH","ADM0_A3_SA":"BIH","ADM0_A3_EG":"BIH","ADM0_A3_MA":"BIH","ADM0_A3_PT":"BIH","ADM0_A3_AR":"BIH","ADM0_A3_JP":"BIH","ADM0_A3_KO":"BIH","ADM0_A3_VN":"BIH","ADM0_A3_TR":"BIH","ADM0_A3_ID":"BIH","ADM0_A3_PL":"BIH","ADM0_A3_GR":"BIH","ADM0_A3_IT":"BIH","ADM0_A3_NL":"BIH","ADM0_A3_SE":"BIH","ADM0_A3_BD":"BIH","ADM0_A3_UA":"BIH","ADM0_A3_UN":-99,"ADM0_A3_WB":-99,"CONTINENT":"Europe","REGION_UN":"Europe","SUBREGION":"Southern Europe","REGION_WB":"Europe & Central Asia","NAME_LEN":16,"LONG_LEN":22,"ABBREV_LEN":4,"TINY":-99,"HOMEPART":1,"MIN_ZOOM":0,"MIN_LABEL":4.5,"MAX_LABEL":6.8,"LABEL_X":18.06841,"LABEL_Y":44.091051,"NE_ID":1159320417,"WIKIDATAID":"Q225","NAME_AR":"البوسنة والهرسك","NAME_BN":"বসনিয়া ও হার্জেগোভিনা","NAME_DE":"Bosnien und Herzegowina","NAME_EN":"Bosnia and Herzegovina","NAME_ES":"Bosnia y Herzegovina","NAME_FA":"بوسنی و هرزگوین","NAME_FR":"Bosnie-Herzégovine","NAME_EL":"Βοσνία και Ερζεγοβίνη","NAME_HE":"בוסניה והרצגובינה","NAME_HI":"बॉस्निया और हर्ज़ेगोविना","NAME_HU":"Bosznia-Hercegovina","NAME_ID":"Bosnia dan Herzegovina","NAME_IT":"Bosnia ed Erzegovina","NAME_JA":"ボスニア・ヘルツェゴビナ","NAME_KO":"보스니아 헤르체고비나","NAME_NL":"Bosnië en Herzegovina","NAME_PL":"Bośnia i Hercegowina","NAME_PT":"Bósnia e Herzegovina","NAME_RU":"Босния и Герцеговина","NAME_SV":"Bosnien och Hercegovina","NAME_TR":"Bosna-Hersek","NAME_UK":"Боснія і Герцеговина","NAME_UR":"بوسنیا و ہرزیگووینا","NAME_VI":"Bosna và Hercegovina","NAME_ZH":"波斯尼亚和黑塞哥维那","NAME_ZHT":"波士尼亞與赫塞哥維納","FCLASS_ISO":"Admin-0 country","TLC_DIFF":null,"FCLASS_TLC":"Admin-0 country","FCLASS_US":null,"FCLASS_FR":null,"FCLASS_RU":null,"FCLASS_ES":null,"FCLASS_CN":null,"FCLASS_TW":null,"FCLASS_IN":null,"FCLASS_NP":null,"FCLASS_PK":null,"FCLASS_DE":null,"FCLASS_GB":null,"FCLASS_BR":null,"FCLASS_IL":null,"FCLASS_PS":null,"FCLASS_SA":null,"FCLASS_EG":null,"FCLASS_MA":null,"FCLASS_PT":null,"FCLASS_AR":null,"FCLASS_JP":null,"FCLASS_KO":null,"FCLASS_VN":null,"FCLASS_TR":null,"FCLASS_ID":null,"FCLASS_PL":null,"FCLASS_GR":null,"FCLASS_IT":null,"FCLASS_NL":null,"FCLASS_SE":null,"FCLASS_BD":null,"FCLASS_UA":null},"geometry":{"type":"Polygon","coordinates":[[[19.348633,44.880908],[19.356836,44.858545],[19.334473,44.780664],[19.291895,44.696777],[19.223145,44.60957],[19.151367,44.527344],[19.132422,44.483789],[19.127344,44.414551],[19.118457,44.359961],[19.12832,44.330273],[19.151855,44.302539],[19.231543,44.280566],[19.338867,44.22583],[19.430176,44.154492],[19.547168,44.073486],[19.583789,44.043457],[19.583691,44.011084],[19.549512,43.987109],[19.449414,43.978027],[19.345215,43.985107],[19.305273,43.993359],[19.268066,43.983447],[19.24502,43.965039],[19.257227,43.943311],[19.364063,43.844775],[19.488184,43.703564],[19.495117,43.642871],[19.47998,43.595166],[19.45127,43.562061],[19.399609,43.567578],[19.360352,43.593457],[19.300781,43.591797],[19.254492,43.584375],[19.194336,43.533301],[19.164355,43.535449],[19.112793,43.527734],[19.080078,43.517725],[19.02832,43.53252],[18.974219,43.542334],[18.950684,43.52666],[18.940234,43.496729],[18.973828,43.442383],[19.036719,43.357324],[19.02666,43.292432],[18.978711,43.2854],[18.934668,43.339453],[18.895605,43.348193],[18.851074,43.346338],[18.749219,43.283545],[18.674219,43.230811],[18.656836,43.193945],[18.62998,43.153662],[18.621875,43.124609],[18.623633,43.027686],[18.488477,43.012158],[18.460156,42.9979],[18.443848,42.968457],[18.455078,42.844092],[18.466016,42.777246],[18.543262,42.67417],[18.545898,42.641602],[18.534961,42.620117],[18.480078,42.579199],[18.453906,42.564502],[18.436328,42.559717],[18.346582,42.58667],[18.304004,42.599414],[18.123926,42.690576],[18.044531,42.74126],[17.918848,42.807422],[17.841309,42.845068],[17.801953,42.902246],[17.740234,42.915479],[17.667578,42.897119],[17.585156,42.938379],[17.643457,42.959766],[17.657813,42.980078],[17.650488,43.006592],[17.624805,43.042773],[17.402246,43.198926],[17.293066,43.305615],[17.275293,43.343848],[17.273828,43.445752],[17.248047,43.470215],[17.08457,43.516553],[16.901855,43.649023],[16.713477,43.778809],[16.687695,43.815039],[16.590527,43.913184],[16.47207,44.002588],[16.377539,44.059619],[16.300098,44.124512],[16.214258,44.215137],[16.169824,44.352002],[16.130273,44.47373],[16.103418,44.520996],[16.049023,44.537598],[15.880078,44.681934],[15.736621,44.76582],[15.737988,44.856396],[15.761523,45.00752],[15.788086,45.178955],[15.822852,45.202783],[15.888281,45.215723],[15.963184,45.210791],[16.02832,45.1896],[16.157324,45.072217],[16.231055,45.026611],[16.293359,45.008838],[16.365039,45.05835],[16.453516,45.162012],[16.530664,45.216699],[16.79082,45.196875],[16.918652,45.276562],[17.125391,45.171777],[17.210645,45.156055],[17.258691,45.170557],[17.324121,45.163965],[17.469141,45.133301],[17.502637,45.120361],[17.546289,45.122559],[17.653516,45.163477],[17.690137,45.158398],[17.812793,45.078125],[17.874414,45.077246],[17.948633,45.111865],[17.996289,45.141797],[18.137207,45.119385],[18.217969,45.13291],[18.284961,45.134277],[18.357617,45.120557],[18.423926,45.102002],[18.488281,45.08584],[18.662598,45.077441],[18.746094,45.026514],[18.779395,44.977246],[18.780176,44.947217],[18.788379,44.914893],[18.836426,44.883252],[18.941309,44.865186],[19.007129,44.869189],[19.04209,44.871338],[19.131543,44.899609],[19.236816,44.914258],[19.312695,44.897461],[19.348633,44.880908]]]}},{"type":"Feature","bbox":[-89.2375,15.888672,-87.788623,18.482324],"properties":{"featurecla":"Admin-0 country","scalerank":1,"LABELRANK":6,"SOVEREIGNT":"Belize","SOV_A3":"BLZ","ADM0_DIF":0,"LEVEL":2,"TYPE":"Sovereign country","TLC":"1","ADMIN":"Belize","ADM0_A3":"BLZ","GEOU_DIF":0,"GEOUNIT":"Belize","GU_A3":"BLZ","SU_DIF":0,"SUBUNIT":"Belize","SU_A3":"BLZ","BRK_DIFF":0,"NAME":"Belize","NAME_LONG":"Belize","BRK_A3":"BLZ","BRK_NAME":"Belize","BRK_GROUP":null,"ABBREV":"Belize","POSTAL":"BZ","FORMAL_EN":"Belize","FORMAL_FR":null,"NAME_CIAWF":"Belize","NOTE_ADM0":null,"NOTE_BRK":null,"NAME_SORT":"Belize","NAME_ALT":null,"MAPCOLOR7":1,"MAPCOLOR8":4,"MAPCOLOR9":5,"MAPCOLOR13":7,"POP_EST":390353,"POP_RANK":10,"POP_YEAR":2019,"GDP_MD":1879,"GDP_YEAR":2019,"ECONOMY":"6. Developing region","INCOME_GRP":"4. Lower middle income","FIPS_10":"BH","ISO_A2":"BZ","ISO_A2_EH":"BZ","ISO_A3":"BLZ","ISO_A3_EH":"BLZ","ISO_N3":"084","ISO_N3_EH":"084","UN_A3":"084","WB_A2":"BZ","WB_A3":"BLZ","WOE_ID":23424760,"WOE_ID_EH":23424760,"WOE_NOTE":"Exact WOE match as country","ADM0_ISO":"BLZ","ADM0_DIFF":null,"ADM0_TLC":"BLZ","ADM0_A3_US":"BLZ","ADM0_A3_FR":"BLZ","ADM0_A3_RU":"BLZ","ADM0_A3_ES":"BLZ","ADM0_A3_CN":"BLZ","ADM0_A3_TW":"BLZ","ADM0_A3_IN":"BLZ","ADM0_A3_NP":"BLZ","ADM0_A3_PK":"BLZ","ADM0_A3_DE":"BLZ","ADM0_A3_GB":"BLZ","ADM0_A3_BR":"BLZ","ADM0_A3_IL":"BLZ","ADM0_A3_PS":"BLZ","ADM0_A3_SA":"BLZ","ADM0_A3_EG":"BLZ","ADM0_A3_MA":"BLZ","ADM0_A3_PT":"BLZ","ADM0_A3_AR":"BLZ","ADM0_A3_JP":"BLZ","ADM0_A3_KO":"BLZ","ADM0_A3_VN":"BLZ","ADM0_A3_TR":"BLZ","ADM0_A3_ID":"BLZ","ADM0_A3_PL":"BLZ","ADM0_A3_GR":"BLZ","ADM0_A3_IT":"BLZ","ADM0_A3_NL":"BLZ","ADM0_A3_SE":"BLZ","ADM0_A3_BD":"BLZ","ADM0_A3_UA":"BLZ","ADM0_A3_UN":-99,"ADM0_A3_WB":-99,"CONTINENT":"North America","REGION_UN":"Americas","SUBREGION":"Central America","REGION_WB":"Latin America & Caribbean","NAME_LEN":6,"LONG_LEN":6,"ABBREV_LEN":6,"TINY":-99,"HOMEPART":1,"MIN_ZOOM":0,"MIN_LABEL":5,"MAX_LABEL":10,"LABEL_X":-88.712962,"LABEL_Y":17.202068,"NE_ID":1159320431,"WIKIDATAID":"Q242","NAME_AR":"بليز","NAME_BN":"বেলিজ","NAME_DE":"Belize","NAME_EN":"Belize","NAME_ES":"Belice","NAME_FA":"بلیز","NAME_FR":"Belize","NAME_EL":"Μπελίζ","NAME_HE":"בליז","NAME_HI":"बेलीज़","NAME_HU":"Belize","NAME_ID":"Belize","NAME_IT":"Belize","NAME_JA":"ベリーズ","NAME_KO":"벨리즈","NAME_NL":"Belize","NAME_PL":"Belize","NAME_PT":"Belize","NAME_RU":"Белиз","NAME_SV":"Belize","NAME_TR":"Belize","NAME_UK":"Беліз","NAME_UR":"بیلیز","NAME_VI":"Belize","NAME_ZH":"伯利兹","NAME_ZHT":"貝里斯","FCLASS_ISO":"Admin-0 country","TLC_DIFF":null,"FCLASS_TLC":"Admin-0 country","FCLASS_US":null,"FCLASS_FR":null,"FCLASS_RU":null,"FCLASS_ES":null,"FCLASS_CN":null,"FCLASS_TW":null,"FCLASS_IN":null,"FCLASS_NP":null,"FCLASS_PK":null,"FCLASS_DE":null,"FCLASS_GB":null,"FCLASS_BR":null,"FCLASS_IL":null,"FCLASS_PS":null,"FCLASS_SA":null,"FCLASS_EG":null,"FCLASS_MA":null,"FCLASS_PT":null,"FCLASS_AR":null,"FCLASS_JP":null,"FCLASS_KO":null,"FCLASS_VN":null,"FCLASS_TR":null,"FCLASS_ID":null,"FCLASS_PL":null,"FCLASS_GR":null,"FCLASS_IT":null,"FCLASS_NL":null,"FCLASS_SE":null,"FCLASS_BD":null,"FCLASS_UA":null},"geometry":{"type":"MultiPolygon","coordinates":[[],[],[]]}},{"type":"Feature","bbox":[88.023438,20.79043,92.631641,26.571533],"properties":{"featurecla":"Admin-0 country","scalerank":1,"LABELRANK":3,"SOVEREIGNT":"Bangladesh","SOV_A3":"BGD","ADM0_DIF":0,"LEVEL":2,"TYPE":"Sovereign country","TLC":"1","ADMIN":"Bangladesh","ADM0_A3":"BGD","GEOU_DIF":0,"GEOUNIT":"Bangladesh","GU_A3":"BGD","SU_DIF":0,"SUBUNIT":"Bangladesh","SU_A3":"BGD","BRK_DIFF":0,"NAME":"Bangladesh","NAME_LONG":"Bangladesh","BRK_A3":"BGD","BRK_NAME":"Bangladesh","BRK_GROUP":null,"ABBREV":"Bang.","POSTAL":"BD","FORMAL_EN":"People's Republic of Bangladesh","FORMAL_FR":null,"NAME_CIAWF":"Bangladesh","NOTE_ADM0":null,"NOTE_BRK":null,"NAME_SORT":"Bangladesh","NAME_ALT":null,"MAPCOLOR7":3,"MAPCOLOR8":4,"MAPCOLOR9":7,"MAPCOLOR13":7,"POP_EST":163046161,"POP_RANK":17,"POP_YEAR":2019,"GDP_MD":302571,"GDP_YEAR":2019,"ECONOMY":"7. Least developed region","INCOME_GRP":"5. Low income","FIPS_10":"BG","ISO_A2":"BD","ISO_A2_EH":"BD","ISO_A3":"BGD","ISO_A3_EH":"BGD","ISO_N3":"050","ISO_N3_EH":"050","UN_A3":"050","WB_A2":"BD","WB_A3":"BGD","WOE_ID":23424759,"WOE_ID_EH":23424759,"WOE_NOTE":"Exact WOE match as country","ADM0_ISO":"BGD","ADM0_DIFF":null,"ADM0_TLC":"BGD","ADM0_A3_US":"BGD","ADM0_A3_FR":"BGD","ADM0_A3_RU":"BGD","ADM0_A3_ES":"BGD","ADM0_A3_CN":"BGD","ADM0_A3_TW":"BGD","ADM0_A3_IN":"BGD","ADM0_A3_NP":"BGD","ADM0_A3_PK":"BGD","ADM0_A3_DE":"BGD","ADM0_A3_GB":"BGD","ADM0_A3_BR":"BGD","ADM0_A3_IL":"BGD","ADM0_A3_PS":"BGD","ADM0_A3_SA":"BGD","ADM0_A3_EG":"BGD","ADM0_A3_MA":"BGD","ADM0_A3_PT":"BGD","ADM0_A3_AR":"BGD","ADM0_A3_JP":"BGD","ADM0_A3_KO":"BGD","ADM0_A3_VN":"BGD","ADM0_A3_TR":"BGD","ADM0_A3_ID":"BGD","ADM0_A3_PL":"BGD","ADM0_A3_GR":"BGD","ADM0_A3_IT":"BGD","ADM0_A3_NL":"BGD","ADM0_A3_SE":"BGD","ADM0_A3_BD":"BGD","ADM0_A3_UA":"BGD","ADM0_A3_UN":-99,"ADM0_A3_WB":-99,"CONTINENT":"Asia","REGION_UN":"Asia","SUBREGION":"Southern Asia","REGION_WB":"South Asia","NAME_LEN":10,"LONG_LEN":10,"ABBREV_LEN":5,"TINY":-99,"HOMEPART":1,"MIN_ZOOM":0,"MIN_LABEL":3,"MAX_LABEL":8,"LABEL_X":89.684963,"LABEL_Y":24.214956,"NE_ID":1159320407,"WIKIDATAID":"Q902","NAME_AR":"بنغلاديش","NAME_BN":"বাংলাদেশ","NAME_DE":"Bangladesch","NAME_EN":"Bangladesh","NAME_ES":"Bangladés","NAME_FA":"بنگلادش","NAME_FR":"Bangladesh","NAME_EL":"Μπανγκλαντές","NAME_HE":"בנגלדש","NAME_HI":"बांग्लादेश","NAME_HU":"Banglades","NAME_ID":"Bangladesh","NAME_IT":"Bangladesh","NAME_JA":"バングラデシュ","NAME_KO":"방글라데시","NAME_NL":"Bangladesh","NAME_PL":"Bangladesz","NAME_PT":"Bangladesh","NAME_RU":"Бангладеш","NAME_SV":"Bangladesh","NAME_TR":"Bangladeş","NAME_UK":"Бангладеш","NAME_UR":"بنگلہ دیش","NAME_VI":"Bangladesh","NAME_ZH":"孟加拉国","NAME_ZHT":"孟加拉","FCLASS_ISO":"Admin-0 country","TLC_DIFF":null,"FCLASS_TLC":"Admin-0 country","FCLASS_US":null,"FCLASS_FR":null,"FCLASS_RU":null,"FCLASS_ES":null,"FCLASS_CN":null,"FCLASS_TW":null,"FCLASS_IN":null,"FCLASS_NP":null,"FCLASS_PK":null,"FCLASS_DE":null,"FCLASS_GB":null,"FCLASS_BR":null,"FCLASS_IL":null,"FCLASS_PS":null,"FCLASS_SA":null,"FCLASS_EG":null,"FCLASS_MA":null,"FCLASS_PT":null,"FCLASS_AR":null,"FCLASS_JP":null,"FCLASS_KO":null,"FCLASS_VN":null,"FCLASS_TR":null,"FCLASS_ID":null,"FCLASS_PL":null,"FCLASS_GR":null,"FCLASS_IT":null,"FCLASS_NL":null,"FCLASS_SE":null,"FCLASS_BD":null,"FCLASS_UA":null},"geometry":{"type":"MultiPolygon","coordinates":[[],[],[],[],[],[],[]]}},{"type":"Feature","bbox":[-78.985645,20.937402,-72.747266,26.940088],"properties":{"featurecla":"Admin-0 country","scalerank":1,"LABELRANK":4,"SOVEREIGNT":"The Bahamas","SOV_A3":"BHS","ADM0_DIF":0,"LEVEL":2,"TYPE":"Sovereign country","TLC":"1","ADMIN":"The Bahamas","ADM0_A3":"BHS","GEOU_DIF":0,"GEOUNIT":"The Bahamas","GU_A3":"BHS","SU_DIF":0,"SUBUNIT":"The Bahamas","SU_A3":"BHS","BRK_DIFF":0,"NAME":"Bahamas","NAME_LONG":"Bahamas","BRK_A3":"BHS","BRK_NAME":"Bahamas","BRK_GROUP":null,"ABBREV":"Bhs.","POSTAL":"BS","FORMAL_EN":"Commonwealth of the Bahamas","FORMAL_FR":null,"NAME_CIAWF":"Bahamas, The","NOTE_ADM0":null,"NOTE_BRK":null,"NAME_SORT":"Bahamas, The","NAME_ALT":null,"MAPCOLOR7":1,"MAPCOLOR8":1,"MAPCOLOR9":2,"MAPCOLOR13":5,"POP_EST":389482,"POP_RANK":10,"POP_YEAR":2019,"GDP_MD":13578,"GDP_YEAR":2019,"ECONOMY":"6. Developing region","INCOME_GRP":"2. High income: nonOECD","FIPS_10":"BF","ISO_A2":"BS","ISO_A2_EH":"BS","ISO_A3":"BHS","ISO_A3_EH":"BHS","ISO_N3":"044","ISO_N3_EH":"044","UN_A3":"044","WB_A2":"BS","WB_A3":"BHS","WOE_ID":23424758,"WOE_ID_EH":23424758,"WOE_NOTE":"Exact WOE match as country","ADM0_ISO":"BHS","ADM0_DIFF":null,"ADM0_TLC":"BHS","ADM0_A3_US":"BHS","ADM0_A3_FR":"BHS","ADM0_A3_RU":"BHS","ADM0_A3_ES":"BHS","ADM0_A3_CN":"BHS","ADM0_A3_TW":"BHS","ADM0_A3_IN":"BHS","ADM0_A3_NP":"BHS","ADM0_A3_PK":"BHS","ADM0_A3_DE":"BHS","ADM0_A3_GB":"BHS","ADM0_A3_BR":"BHS","ADM0_A3_IL":"BHS","ADM0_A3_PS":"BHS","ADM0_A3_SA":"BHS","ADM0_A3_EG":"BHS","ADM0_A3_MA":"BHS","ADM0_A3_PT":"BHS","ADM0_A3_AR":"BHS","ADM0_A3_JP":"BHS","ADM0_A3_KO":"BHS","ADM0_A3_VN":"BHS","ADM0_A3_TR":"BHS","ADM0_A3_ID":"BHS","ADM0_A3_PL":"BHS","ADM0_A3_GR":"BHS","ADM0_A3_IT":"BHS","ADM0_A3_NL":"BHS","ADM0_A3_SE":"BHS","ADM0_A3_BD":"BHS","ADM0_A3_UA":"BHS","ADM0_A3_UN":-99,"ADM0_A3_WB":-99,"CONTINENT":"North America","REGION_UN":"Americas","SUBREGION":"Caribbean","REGION_WB":"Latin America & Caribbean","NAME_LEN":7,"LONG_LEN":7,"ABBREV_LEN":4,"TINY":-99,"HOMEPART":1,"MIN_ZOOM":0,"MIN_LABEL":4,"MAX_LABEL":9,"LABEL_X":-77.146688,"LABEL_Y":26.401789,"NE_ID":1159320415,"WIKIDATAID":"Q778","NAME_AR":"باهاماس","NAME_BN":"বাহামা দ্বীপপুঞ্জ","NAME_DE":"Bahamas","NAME_EN":"The Bahamas","NAME_ES":"Bahamas","NAME_FA":"باهاما","NAME_FR":"Bahamas","NAME_EL":"Μπαχάμες","NAME_HE":"איי בהאמה","NAME_HI":"बहामास","NAME_HU":"Bahama-szigetek","NAME_ID":"Bahama","NAME_IT":"Bahamas","NAME_JA":"バハマ","NAME_KO":"바하마","NAME_NL":"Bahama's","NAME_PL":"Bahamy","NAME_PT":"Bahamas","NAME_RU":"Багамские Острова","NAME_SV":"Bahamas","NAME_TR":"Bahamalar","NAME_UK":"Багамські Острови","NAME_UR":"بہاماس","NAME_VI":"Bahamas","NAME_ZH":"巴哈马","NAME_ZHT":"巴哈馬","FCLASS_ISO":"Admin-0 country","TLC_DIFF":null,"FCLASS_TLC":"Admin-0 country","FCLASS_US":null,"FCLASS_FR":null,"FCLASS_RU":null,"FCLASS_ES":null,"FCLASS_CN":null,"FCLASS_TW":null,"FCLASS_IN":null,"FCLASS_NP":null,"FCLASS_PK":null,"FCLASS_DE":null,"FCLASS_GB":null,"FCLASS_BR":null,"FCLASS_IL":null,"FCLASS_PS":null,"FCLASS_SA":null,"FCLASS_EG":null,"FCLASS_MA":null,"FCLASS_PT":null,"FCLASS_AR":null,"FCLASS_JP":null,"FCLASS_KO":null,"FCLASS_VN":null,"FCLASS_TR":null,"FCLASS_ID":null,"FCLASS_PL":null,"FCLASS_GR":null,"FCLASS_IT":null,"FCLASS_NL":null,"FCLASS_SE":null,"FCLASS_BD":null,"FCLASS_UA":null},"geometry":{"type":"MultiPolygon","coordinates":[[],[],[],[],[],[],[],[],[],[],[],[],[],[],[]]}},{"type":"Feature","bbox":[44.768262,38.39873,50.365918,41.890967],"properties":{"featurecla":"Admin-0 country","scalerank":1,"LABELRANK":5,"SOVEREIGNT":"Azerbaijan","SOV_A3":"AZE","ADM0_DIF":0,"LEVEL":2,"TYPE":"Sovereign country","TLC":"1","ADMIN":"Azerbaijan","ADM0_A3":"AZE","GEOU_DIF":0,"GEOUNIT":"Azerbaijan","GU_A3":"AZE","SU_DIF":0,"SUBUNIT":"Azerbaijan","SU_A3":"AZE","BRK_DIFF":0,"NAME":"Azerbaijan","NAME_LONG":"Azerbaijan","BRK_A3":"AZE","BRK_NAME":"Azerbaijan","BRK_GROUP":null,"ABBREV":"Aze.","POSTAL":"AZ","FORMAL_EN":"Republic of Azerbaijan","FORMAL_FR":null,"NAME_CIAWF":"Azerbaijan","NOTE_ADM0":null,"NOTE_BRK":null,"NAME_SORT":"Azerbaijan","NAME_ALT":null,"MAPCOLOR7":1,"MAPCOLOR8":6,"MAPCOLOR9":5,"MAPCOLOR13":8,"POP_EST":10023318,"POP_RANK":14,"POP_YEAR":2019,"GDP_MD":48047,"GDP_YEAR":2019,"ECONOMY":"6. Developing region","INCOME_GRP":"3. Upper middle income","FIPS_10":"AJ","ISO_A2":"AZ","ISO_A2_EH":"AZ","ISO_A3":"AZE","ISO_A3_EH":"AZE","ISO_N3":"031","ISO_N3_EH":"031","UN_A3":"031","WB_A2":"AZ","WB_A3":"AZE","WOE_ID":23424741,"WOE_ID_EH":23424741,"WOE_NOTE":"Exact WOE match as country","ADM0_ISO":"AZE","ADM0_DIFF":null,"ADM0_TLC":"AZE","ADM0_A3_US":"AZE","ADM0_A3_FR":"AZE","ADM0_A3_RU":"AZE","ADM0_A3_ES":"AZE","ADM0_A3_CN":"AZE","ADM0_A3_TW":"AZE","ADM0_A3_IN":"AZE","ADM0_A3_NP":"AZE","ADM0_A3_PK":"AZE","ADM0_A3_DE":"AZE","ADM0_A3_GB":"AZE","ADM0_A3_BR":"AZE","ADM0_A3_IL":"AZE","ADM0_A3_PS":"AZE","ADM0_A3_SA":"AZE","ADM0_A3_EG":"AZE","ADM0_A3_MA":"AZE","ADM0_A3_PT":"AZE","ADM0_A3_AR":"AZE","ADM0_A3_JP":"AZE","ADM0_A3_KO":"AZE","ADM0_A3_VN":"AZE","ADM0_A3_TR":"AZE","ADM0_A3_ID":"AZE","ADM0_A3_PL":"AZE","ADM0_A3_GR":"AZE","ADM0_A3_IT":"AZE","ADM0_A3_NL":"AZE","ADM0_A3_SE":"AZE","ADM0_A3_BD":"AZE","ADM0_A3_UA":"AZE","ADM0_A3_UN":-99,"ADM0_A3_WB":-99,"CONTINENT":"Asia","REGION_UN":"Asia","SUBREGION":"Western Asia","REGION_WB":"Europe & Central Asia","NAME_LEN":10,"LONG_LEN":10,"ABBREV_LEN":4,"TINY":-99,"HOMEPART":1,"MIN_ZOOM":0,"MIN_LABEL":4,"MAX_LABEL":9,"LABEL_X":47.210994,"LABEL_Y":40.402387,"NE_ID":1159320381,"WIKIDATAID":"Q227","NAME_AR":"أذربيجان","NAME_BN":"আজারবাইজান","NAME_DE":"Aserbaidschan","NAME_EN":"Azerbaijan","NAME_ES":"Azerbaiyán","NAME_FA":"جمهوری آذربایجان","NAME_FR":"Azerbaïdjan","NAME_EL":"Αζερμπαϊτζάν","NAME_HE":"אזרבייג'ן","NAME_HI":"अज़रबैजान","NAME_HU":"Azerbajdzsán","NAME_ID":"Azerbaijan","NAME_IT":"Azerbaigian","NAME_JA":"アゼルバイジャン","NAME_KO":"아제르바이잔","NAME_NL":"Azerbeidzjan","NAME_PL":"Azerbejdżan","NAME_PT":"Azerbaijão","NAME_RU":"Азербайджан","NAME_SV":"Azerbajdzjan","NAME_TR":"Azerbaycan","NAME_UK":"Азербайджан","NAME_UR":"آذربائیجان","NAME_VI":"Azerbaijan","NAME_ZH":"阿塞拜疆","NAME_ZHT":"亞塞拜然","FCLASS_ISO":"Admin-0 country","TLC_DIFF":null,"FCLASS_TLC":"Admin-0 country","FCLASS_US":null,"FCLASS_FR":null,"FCLASS_RU":null,"FCLASS_ES":null,"FCLASS_CN":null,"FCLASS_TW":null,"FCLASS_IN":null,"FCLASS_NP":null,"FCLASS_PK":null,"FCLASS_DE":null,"FCLASS_GB":null,"FCLASS_BR":null,"FCLASS_IL":null,"FCLASS_PS":null,"FCLASS_SA":null,"FCLASS_EG":null,"FCLASS_MA":null,"FCLASS_PT":null,"FCLASS_AR":null,"FCLASS_JP":null,"FCLASS_KO":null,"FCLASS_VN":null,"FCLASS_TR":null,"FCLASS_ID":null,"FCLASS_PL":null,"FCLASS_GR":null,"FCLASS_IT":null,"FCLASS_NL":null,"FCLASS_SE":null,"FCLASS_BD":null,"FCLASS_UA":null},"geometry":{"type":"MultiPolygon","coordinates":[[],[],[]]}},{"type":"Feature","bbox":[9.524023,46.399707,17.147363,49.001123],"properties":{"featurecla":"Admin-0 country","scalerank":1,"LABELRANK":4,"SOVEREIGNT":"Austria","SOV_A3":"AUT","ADM0_DIF":0,"LEVEL":2,"TYPE":"Sovereign country","TLC":"1","ADMIN":"Austria","ADM0_A3":"AUT","GEOU_DIF":0,"GEOUNIT":"Austria","GU_A3":"AUT","SU_DIF":0,"SUBUNIT":"Austria","SU_A3":"AUT","BRK_DIFF":0,"NAME":"Austria","NAME_LONG":"Austria","BRK_A3":"AUT","BRK_NAME":"Austria","BRK_GROUP":null,"ABBREV":"Aust.","POSTAL":"A","FORMAL_EN":"Republic of Austria","FORMAL_FR":null,"NAME_CIAWF":"Austria","NOTE_ADM0":null,"NOTE_BRK":null,"NAME_SORT":"Austria","NAME_ALT":null,"MAPCOLOR7":3,"MAPCOLOR8":1,"MAPCOLOR9":3,"MAPCOLOR13":4,"POP_EST":8877067,"POP_RANK":13,"POP_YEAR":2019,"GDP_MD":445075,"GDP_YEAR":2019,"ECONOMY":"2. Developed region: nonG7","INCOME_GRP":"1. High income: OECD","FIPS_10":"AU","ISO_A2":"AT","ISO_A2_EH":"AT","ISO_A3":"AUT","ISO_A3_EH":"AUT","ISO_N3":"040","ISO_N3_EH":"040","UN_A3":"040","WB_A2":"AT","WB_A3":"AUT","WOE_ID":23424750,"WOE_ID_EH":23424750,"WOE_NOTE":"Exact WOE match as country","ADM0_ISO":"AUT","ADM0_DIFF":null,"ADM0_TLC":"AUT","ADM0_A3_US":"AUT","ADM0_A3_FR":"AUT","ADM0_A3_RU":"AUT","ADM0_A3_ES":"AUT","ADM0_A3_CN":"AUT","ADM0_A3_TW":"AUT","ADM0_A3_IN":"AUT","ADM0_A3_NP":"AUT","ADM0_A3_PK":"AUT","ADM0_A3_DE":"AUT","ADM0_A3_GB":"AUT","ADM0_A3_BR":"AUT","ADM0_A3_IL":"AUT","ADM0_A3_PS":"AUT","ADM0_A3_SA":"AUT","ADM0_A3_EG":"AUT","ADM0_A3_MA":"AUT","ADM0_A3_PT":"AUT","ADM0_A3_AR":"AUT","ADM0_A3_JP":"AUT","ADM0_A3_KO":"AUT","ADM0_A3_VN":"AUT","ADM0_A3_TR":"AUT","ADM0_A3_ID":"AUT","ADM0_A3_PL":"AUT","ADM0_A3_GR":"AUT","ADM0_A3_IT":"AUT","ADM0_A3_NL":"AUT","ADM0_A3_SE":"AUT","ADM0_A3_BD":"AUT","ADM0_A3_UA":"AUT","ADM0_A3_UN":-99,"ADM0_A3_WB":-99,"CONTINENT":"Europe","REGION_UN":"Europe","SUBREGION":"Western Europe","REGION_WB":"Europe & Central Asia","NAME_LEN":7,"LONG_LEN":7,"ABBREV_LEN":5,"TINY":-99,"HOMEPART":1,"MIN_ZOOM":0,"MIN_LABEL":3,"MAX_LABEL":8,"LABEL_X":14.130515,"LABEL_Y":47.518859,"NE_ID":1159320379,"WIKIDATAID":"Q40","NAME_AR":"النمسا","NAME_BN":"অস্ট্রিয়া","NAME_DE":"Österreich","NAME_EN":"Austria","NAME_ES":"Austria","NAME_FA":"اتریش","NAME_FR":"Autriche","NAME_EL":"Αυστρία","NAME_HE":"אוסטריה","NAME_HI":"ऑस्ट्रिया","NAME_HU":"Ausztria","NAME_ID":"Austria","NAME_IT":"Austria","NAME_JA":"オーストリア","NAME_KO":"오스트리아","NAME_NL":"Oostenrijk","NAME_PL":"Austria","NAME_PT":"Áustria","NAME_RU":"Австрия","NAME_SV":"Österrike","NAME_TR":"Avusturya","NAME_UK":"Австрія","NAME_UR":"آسٹریا","NAME_VI":"Áo","NAME_ZH":"奥地利","NAME_ZHT":"奧地利","FCLASS_ISO":"Admin-0 country","TLC_DIFF":null,"FCLASS_TLC":"Admin-0 country","FCLASS_US":null,"FCLASS_FR":null,"FCLASS_RU":null,"FCLASS_ES":null,"FCLASS_CN":null,"FCLASS_TW":null,"FCLASS_IN":null,"FCLASS_NP":null,"FCLASS_PK":null,"FCLASS_DE":null,"FCLASS_GB":null,"FCLASS_BR":null,"FCLASS_IL":null,"FCLASS_PS":null,"FCLASS_SA":null,"FCLASS_EG":null,"FCLASS_MA":null,"FCLASS_PT":null,"FCLASS_AR":null,"FCLASS_JP":null,"FCLASS_KO":null,"FCLASS_VN":null,"FCLASS_TR":null,"FCLASS_ID":null,"FCLASS_PL":null,"FCLASS_GR":null,"FCLASS_IT":null,"FCLASS_NL":null,"FCLASS_SE":null,"FCLASS_BD":null,"FCLASS_UA":null},"geometry":{"type":"Polygon","coordinates":[[[16.483351898230488,47.085215],[16.476953,47.057861],[16.46123,47.022461],[16.453418,47.006787],[16.423926,46.996973],[16.331836,47.002197],[16.252539,46.971924],[16.093066,46.863281],[16.037207,46.844824],[15.976855,46.801367],[15.980469,46.705859],[15.972266,46.697217],[15.957617,46.677637],[15.766895,46.711279],[15.760254,46.710742],[15.632617,46.698437],[15.545313,46.654639],[15.439258,46.629639],[15.216992,46.642969],[15.000684,46.625977],[14.949414,46.613232],[14.893262,46.605908],[14.840625,46.580469],[14.810547,46.54458],[14.756738,46.499121],[14.680176,46.463428],[14.596973,46.436084],[14.577148,46.412939],[14.549805,46.399707],[14.503516,46.417041],[14.465918,46.416113],[14.419922,46.42793],[14.267285,46.440723],[14.099512,46.461914],[14.019629,46.482178],[13.928809,46.498193],[13.831348,46.51123],[13.743945,46.514307],[13.7,46.520264],[13.490039,46.555566],[13.351562,46.55791],[13.16875,46.572656],[12.805566,46.625879],[12.699805,46.647461],[12.598633,46.654102],[12.479199,46.67251],[12.388281,46.702637],[12.330078,46.759814],[12.267969,46.835889],[12.154102,46.935254],[12.130762,46.984766],[12.165527,47.028174],[12.20127,47.060889],[12.197168,47.075],[12.169434,47.082129],[11.969531,47.039697],[11.775684,46.986084],[11.699414,46.984668],[11.625488,46.996582],[11.527539,46.997412],[11.433203,46.983057],[11.244434,46.975684],[11.133887,46.936182],[11.063477,46.859131],[11.025098,46.796973],[10.993262,46.777002],[10.927344,46.769482],[10.828906,46.775244],[10.759766,46.793311],[10.689258,46.846387],[10.579785,46.853711],[10.479395,46.855127],[10.452832,46.864941],[10.45459,46.899414],[10.414941,46.964404],[10.349414,46.984766],[10.179785,46.862354],[10.133496,46.851514],[9.996875,46.885352],[9.877734,46.937695],[9.864648,46.975977],[9.845313,47.007373],[9.74502,47.037109],[9.619922,47.057471],[9.580273,47.057373],[9.595703,47.07583],[9.600153970957537,47.085215],[16.483351898230488,47.085215]]]}},{"type":"Feature","bbox":[112.908203,-54.749219,158.958887,-10.051758],"properties":{"featurecla":"Admin-0 country","scalerank":1,"LABELRANK":2,"SOVEREIGNT":"Australia","SOV_A3":"AU1","ADM0_DIF":1,"LEVEL":2,"TYPE":"Country","TLC":"1","ADMIN":"Australia","ADM0_A3":"AUS","GEOU_DIF":0,"GEOUNIT":"Australia","GU_A3":"AUS","SU_DIF":0,"SUBUNIT":"Australia","SU_A3":"AUS","BRK_DIFF":0,"NAME":"Australia","NAME_LONG":"Australia","BRK_A3":"AUS","BRK_NAME":"Australia","BRK_GROUP":null,"ABBREV":"Auz.","POSTAL":"AU","FORMAL_EN":"Commonwealth of Australia","FORMAL_FR":null,"NAME_CIAWF":"Australia","NOTE_ADM0":null,"NOTE_BRK":null,"NAME_SORT":"Australia","NAME_ALT":null,"MAPCOLOR7":1,"MAPCOLOR8":2,"MAPCOLOR9":2,"MAPCOLOR13":7,"POP_EST":25364307,"POP_RANK":15,"POP_YEAR":2019,"GDP_MD":1396567,"GDP_YEAR":2019,"ECONOMY":"2. Developed region: nonG7","INCOME_GRP":"1. High income: OECD","FIPS_10":"AS","ISO_A2":"AU","ISO_A2_EH":"AU","ISO_A3":"AUS","ISO_A3_EH":"AUS","ISO_N3":"036","ISO_N3_EH":"036","UN_A3":"036","WB_A2":"AU","WB_A3":"AUS","WOE_ID":-90,"WOE_ID_EH":23424748,"WOE_NOTE":"Includes Ashmore and Cartier Islands (23424749) and Coral Sea Islands (23424790).","ADM0_ISO":"AUS","ADM0_DIFF":null,"ADM0_TLC":"AUS","ADM0_A3_US":"AUS","ADM0_A3_FR":"AUS","ADM0_A3_RU":"AUS","ADM0_A3_ES":"AUS","ADM0_A3_CN":"AUS","ADM0_A3_TW":"AUS","ADM0_A3_IN":"AUS","ADM0_A3_NP":"AUS","ADM0_A3_PK":"AUS","ADM0_A3_DE":"AUS","ADM0_A3_GB":"AUS","ADM0_A3_BR":"AUS","ADM0_A3_IL":"AUS","ADM0_A3_PS":"AUS","ADM0_A3_SA":"AUS","ADM0_A3_EG":"AUS","ADM0_A3_MA":"AUS","ADM0_A3_PT":"AUS","ADM0_A3_AR":"AUS","ADM0_A3_JP":"AUS","ADM0_A3_KO":"AUS","ADM0_A3_VN":"AUS","ADM0_A3_TR":"AUS","ADM0_A3_ID":"AUS","ADM0_A3_PL":"AUS","ADM0_A3_GR":"AUS","ADM0_A3_IT":"AUS","ADM0_A3_NL":"AUS","ADM0_A3_SE":"AUS","ADM0_A3_BD":"AUS","ADM0_A3_UA":"AUS","ADM0_A3_UN":-99,"ADM0_A3_WB":-99,"CONTINENT":"Oceania","REGION_UN":"Oceania","SUBREGION":"Australia and New Zealand","REGION_WB":"East Asia & Pacific","NAME_LEN":9,"LONG_LEN":9,"ABBREV_LEN":4,"TINY":-99,"HOMEPART":1,"MIN_ZOOM":0,"MIN_LABEL":1.7,"MAX_LABEL":5.7,"LABEL_X":134.04972,"LABEL_Y":-24.129522,"NE_ID":1159320355,"WIKIDATAID":"Q408","NAME_AR":"أستراليا","NAME_BN":"অস্ট্রেলিয়া","NAME_DE":"Australien","NAME_EN":"Australia","NAME_ES":"Australia","NAME_FA":"استرالیا","NAME_FR":"Australie","NAME_EL":"Αυστραλία","NAME_HE":"אוסטרליה","NAME_HI":"ऑस्ट्रेलिया","NAME_HU":"Ausztrália","NAME_ID":"Australia","NAME_IT":"Australia","NAME_JA":"オーストラリア","NAME_KO":"오스트레일리아","NAME_NL":"Australië","NAME_PL":"Australia","NAME_PT":"Austrália","NAME_RU":"Австралия","NAME_SV":"Australien","NAME_TR":"Avustralya","NAME_UK":"Австралія","NAME_UR":"آسٹریلیا","NAME_VI":"Úc","NAME_ZH":"澳大利亚","NAME_ZHT":"澳大利亞","FCLASS_ISO":"Admin-0 country","TLC_DIFF":null,"FCLASS_TLC":"Admin-0 country","FCLASS_US":null,"FCLASS_FR":null,"FCLASS_RU":null,"FCLASS_ES":null,"FCLASS_CN":null,"FCLASS_TW":null,"FCLASS_IN":null,"FCLASS_NP":null,"FCLASS_PK":null,"FCLASS_DE":null,"FCLASS_GB":null,"FCLASS_BR":null,"FCLASS_IL":null,"FCLASS_PS":null,"FCLASS_SA":null,"FCLASS_EG":null,"FCLASS_MA":null,"FCLASS_PT":null,"FCLASS_AR":null,"FCLASS_JP":null,"FCLASS_KO":null,"FCLASS_VN":null,"FCLASS_TR":null,"FCLASS_ID":null,"FCLASS_PL":null,"FCLASS_GR":null,"FCLASS_IT":null,"FCLASS_NL":null,"FCLASS_SE":null,"FCLASS_BD":null,"FCLASS_UA":null},"geometry":{"type":"MultiPolygon","coordinates":[[],[],[],[],[],[],[],[],[],[],[],[],[],[],[],[],[],[],[],[],[],[],[],[],[],[],[],[],[],[],[],[],[],[],[],[],[],[],[],[],[],[]]}},{"type":"Feature","bbox":[96.825879,-12.199805,105.725391,-10.430664],"properties":{"featurecla":"Admin-0 country","scalerank":5,"LABELRANK":5,"SOVEREIGNT":"Australia","SOV_A3":"AU1","ADM0_DIF":1,"LEVEL":2,"TYPE":"Dependency","TLC":"1","ADMIN":"Indian Ocean Territories","ADM0_A3":"IOA","GEOU_DIF":0,"GEOUNIT":"Indian Ocean Territories","GU_A3":"IOA","SU_DIF":0,"SUBUNIT":"Indian Ocean Territories","SU_A3":"IOA","BRK_DIFF":0,"NAME":"Indian Ocean Ter.","NAME_LONG":"Indian Ocean Territories","BRK_A3":"IOA","BRK_NAME":"Indian Ocean Ter.","BRK_GROUP":null,"ABBREV":"Ind. Oc. Ter.","POSTAL":"IOT","FORMAL_EN":null,"FORMAL_FR":null,"NAME_CIAWF":null,"NOTE_ADM0":"Auz.","NOTE_BRK":null,"NAME_SORT":"Indian Ocean Territories","NAME_ALT":null,"MAPCOLOR7":1,"MAPCOLOR8":2,"MAPCOLOR9":2,"MAPCOLOR13":7,"POP_EST":2387,"POP_RANK":4,"POP_YEAR":2016,"GDP_MD":35,"GDP_YEAR":2016,"ECONOMY":"2. Developed region: nonG7","INCOME_GRP":"2. High income: nonOECD","FIPS_10":"-99","ISO_A2":"-99","ISO_A2_EH":"AU","ISO_A3":"-99","ISO_A3_EH":"AUS","ISO_N3":"-99","ISO_N3_EH":"036","UN_A3":"-099","WB_A2":"-99","WB_A3":"-99","WOE_ID":-90,"WOE_ID_EH":23424869,"WOE_NOTE":"Grouping of Christmas Island (23424869) and Cocos or Keeling Islands (23424784)","ADM0_ISO":"AUS","ADM0_DIFF":"1","ADM0_TLC":"IOA","ADM0_A3_US":"IOA","ADM0_A3_FR":"IOA","ADM0_A3_RU":"IOA","ADM0_A3_ES":"IOA","ADM0_A3_CN":"IOA","ADM0_A3_TW":"IOA","ADM0_A3_IN":"IOA","ADM0_A3_NP":"IOA","ADM0_A3_PK":"IOA","ADM0_A3_DE":"IOA","ADM0_A3_GB":"IOA","ADM0_A3_BR":"IOA","ADM0_A3_IL":"IOA","ADM0_A3_PS":"IOA","ADM0_A3_SA":"IOA","ADM0_A3_EG":"IOA","ADM0_A3_MA":"IOA","ADM0_A3_PT":"IOA","ADM0_A3_AR":"IOA","ADM0_A3_JP":"IOA","ADM0_A3_KO":"IOA","ADM0_A3_VN":"IOA","ADM0_A3_TR":"IOA","ADM0_A3_ID":"IOA","ADM0_A3_PL":"IOA","ADM0_A3_GR":"IOA","ADM0_A3_IT":"IOA","ADM0_A3_NL":"IOA","ADM0_A3_SE":"IOA","ADM0_A3_BD":"IOA","ADM0_A3_UA":"IOA","ADM0_A3_UN":-99,"ADM0_A3_WB":-99,"CONTINENT":"Asia","REGION_UN":"Africa","SUBREGION":"Seven seas (open ocean)","REGION_WB":"East Asia & Pacific","NAME_LEN":17,"LONG_LEN":24,"ABBREV_LEN":13,"TINY":-99,"HOMEPART":-99,"MIN_ZOOM":0,"MIN_LABEL":5,"MAX_LABEL":9.5,"LABEL_X":105.67259,"LABEL_Y":-10.490789,"NE_ID":1159320363,"WIKIDATAID":"Q4824275","NAME_AR":"أقاليم المحيط الهندي الأسترالية","NAME_BN":"অস্ট্রেলীয় ভারত মহাসাগর অঞ্চল","NAME_DE":"Australische Territorien im Indischen Ozean","NAME_EN":"Australian Indian Ocean Territories","NAME_ES":"Territorios Australianos del Océano Índico","NAME_FA":"سرزمینهای اقیانوس هند استرالیا","NAME_FR":"Territoires extérieurs australiens de l'Océan Indien","NAME_EL":"Αυστραλέζικο Έδαφος Ινδικού Ωκεανού","NAME_HE":"טריטוריה של האוקיינוס ההודי","NAME_HI":"हिंद महासागर के ऑस्ट्रेलियाई क्षेत्र","NAME_HU":"Ausztrál Indiai-óceáni Terület","NAME_ID":"Wilayah Samudra Hindia Australia","NAME_IT":"Australian Indian Ocean Territories","NAME_JA":"オーストラリア領インド洋地域","NAME_KO":"호주령 인도양 지역","NAME_NL":"Australische territoria van de Indische Oceaan","NAME_PL":"Australijskie Terytorium Oceanu Indyjskiego","NAME_PT":"Territórios australianos do Oceano Índico","NAME_RU":"Австралийские территории в Индийском океане","NAME_SV":"Australienska indiska oceanens havsområde","NAME_TR":"Australian Indian Ocean Territories","NAME_UK":"Австралійські території в Індійському океані","NAME_UR":"آسْٹْریلِیَن انڈین اوشین تیریتورییس","NAME_VI":"Vùng lãnh thổ Ấn Độ Dương thuộc Úc","NAME_ZH":"澳屬印度洋領地","NAME_ZHT":"澳屬印度洋領地","FCLASS_ISO":"Unrecognized","TLC_DIFF":"1","FCLASS_TLC":"Admin-0 dependency","FCLASS_US":null,"FCLASS_FR":null,"FCLASS_RU":null,"FCLASS_ES":null,"FCLASS_CN":null,"FCLASS_TW":null,"FCLASS_IN":null,"FCLASS_NP":null,"FCLASS_PK":null,"FCLASS_DE":null,"FCLASS_GB":null,"FCLASS_BR":null,"FCLASS_IL":null,"FCLASS_PS":null,"FCLASS_SA":null,"FCLASS_EG":null,"FCLASS_MA":null,"FCLASS_PT":null,"FCLASS_AR":null,"FCLASS_JP":null,"FCLASS_KO":null,"FCLASS_VN":null,"FCLASS_TR":null,"FCLASS_ID":null,"FCLASS_PL":null,"FCLASS_GR":null,"FCLASS_IT":null,"FCLASS_NL":null,"FCLASS_SE":null,"FCLASS_BD":null,"FCLASS_UA":null},"geometry":{"type":"MultiPolygon","coordinates":[[],[],[]]}},{"type":"Feature","bbox":[43.439453,38.869043,46.584766,41.290967],"properties":{"featurecla":"Admin-0 country","scalerank":1,"LABELRANK":6,"SOVEREIGNT":"Armenia","SOV_A3":"ARM","ADM0_DIF":0,"LEVEL":2,"TYPE":"Sovereign country","TLC":"1","ADMIN":"Armenia","ADM0_A3":"ARM","GEOU_DIF":0,"GEOUNIT":"Armenia","GU_A3":"ARM","SU_DIF":0,"SUBUNIT":"Armenia","SU_A3":"ARM","BRK_DIFF":0,"NAME":"Armenia","NAME_LONG":"Armenia","BRK_A3":"ARM","BRK_NAME":"Armenia","BRK_GROUP":null,"ABBREV":"Arm.","POSTAL":"ARM","FORMAL_EN":"Republic of Armenia","FORMAL_FR":null,"NAME_CIAWF":"Armenia","NOTE_ADM0":null,"NOTE_BRK":null,"NAME_SORT":"Armenia","NAME_ALT":null,"MAPCOLOR7":3,"MAPCOLOR8":1,"MAPCOLOR9":2,"MAPCOLOR13":10,"POP_EST":2957731,"POP_RANK":12,"POP_YEAR":2019,"GDP_MD":13672,"GDP_YEAR":2019,"ECONOMY":"6. Developing region","INCOME_GRP":"4. Lower middle income","FIPS_10":"AM","ISO_A2":"AM","ISO_A2_EH":"AM","ISO_A3":"ARM","ISO_A3_EH":"ARM","ISO_N3":"051","ISO_N3_EH":"051","UN_A3":"051","WB_A2":"AM","WB_A3":"ARM","WOE_ID":23424743,"WOE_ID_EH":23424743,"WOE_NOTE":"Exact WOE match as country","ADM0_ISO":"ARM","ADM0_DIFF":null,"ADM0_TLC":"ARM","ADM0_A3_US":"ARM","ADM0_A3_FR":"ARM","ADM0_A3_RU":"ARM","ADM0_A3_ES":"ARM","ADM0_A3_CN":"ARM","ADM0_A3_TW":"ARM","ADM0_A3_IN":"ARM","ADM0_A3_NP":"ARM","ADM0_A3_PK":"ARM","ADM0_A3_DE":"ARM","ADM0_A3_GB":"ARM","ADM0_A3_BR":"ARM","ADM0_A3_IL":"ARM","ADM0_A3_PS":"ARM","ADM0_A3_SA":"ARM","ADM0_A3_EG":"ARM","ADM0_A3_MA":"ARM","ADM0_A3_PT":"ARM","ADM0_A3_AR":"ARM","ADM0_A3_JP":"ARM","ADM0_A3_KO":"ARM","ADM0_A3_VN":"ARM","ADM0_A3_TR":"ARM","ADM0_A3_ID":"ARM","ADM0_A3_PL":"ARM","ADM0_A3_GR":"ARM","ADM0_A3_IT":"ARM","ADM0_A3_NL":"ARM","ADM0_A3_SE":"ARM","ADM0_A3_BD":"ARM","ADM0_A3_UA":"ARM","ADM0_A3_UN":-99,"ADM0_A3_WB":-99,"CONTINENT":"Asia","REGION_UN":"Asia","SUBREGION":"Western Asia","REGION_WB":"Europe & Central Asia","NAME_LEN":7,"LONG_LEN":7,"ABBREV_LEN":4,"TINY":-99,"HOMEPART":1,"MIN_ZOOM":0,"MIN_LABEL":5,"MAX_LABEL":10,"LABEL_X":44.800564,"LABEL_Y":40.459077,"NE_ID":1159320333,"WIKIDATAID":"Q399","NAME_AR":"أرمينيا","NAME_BN":"আর্মেনিয়া","NAME_DE":"Armenien","NAME_EN":"Armenia","NAME_ES":"Armenia","NAME_FA":"ارمنستان","NAME_FR":"Arménie","NAME_EL":"Αρμενία","NAME_HE":"ארמניה","NAME_HI":"आर्मीनिया","NAME_HU":"Örményország","NAME_ID":"Armenia","NAME_IT":"Armenia","NAME_JA":"アルメニア","NAME_KO":"아르메니아","NAME_NL":"Armenië","NAME_PL":"Armenia","NAME_PT":"Arménia","NAME_RU":"Армения","NAME_SV":"Armenien","NAME_TR":"Ermenistan","NAME_UK":"Вірменія","NAME_UR":"آرمینیا","NAME_VI":"Armenia","NAME_ZH":"亚美尼亚","NAME_ZHT":"亞美尼亞","FCLASS_ISO":"Admin-0 country","TLC_DIFF":null,"FCLASS_TLC":"Admin-0 country","FCLASS_US":null,"FCLASS_FR":null,"FCLASS_RU":null,"FCLASS_ES":null,"FCLASS_CN":null,"FCLASS_TW":null,"FCLASS_IN":null,"FCLASS_NP":null,"FCLASS_PK":null,"FCLASS_DE":null,"FCLASS_GB":null,"FCLASS_BR":null,"FCLASS_IL":null,"FCLASS_PS":null,"FCLASS_SA":null,"FCLASS_EG":null,"FCLASS_MA":null,"FCLASS_PT":null,"FCLASS_AR":null,"FCLASS_JP":null,"FCLASS_KO":null,"FCLASS_VN":null,"FCLASS_TR":null,"FCLASS_ID":null,"FCLASS_PL":null,"FCLASS_GR":null,"FCLASS_IT":null,"FCLASS_NL":null,"FCLASS_SE":null,"FCLASS_BD":null,"FCLASS_UA":null},"geometry":{"type":"MultiPolygon","coordinates":[[],[]]}},{"type":"Feature","bbox":[-73.57627,-55.032129,-53.668555,-21.802539],"properties":{"featurecla":"Admin-0 country","scalerank":1,"LABELRANK":2,"SOVEREIGNT":"Argentina","SOV_A3":"ARG","ADM0_DIF":0,"LEVEL":2,"TYPE":"Sovereign country","TLC":"1","ADMIN":"Argentina","ADM0_A3":"ARG","GEOU_DIF":0,"GEOUNIT":"Argentina","GU_A3":"ARG","SU_DIF":0,"SUBUNIT":"Argentina","SU_A3":"ARG","BRK_DIFF":0,"NAME":"Argentina","NAME_LONG":"Argentina","BRK_A3":"ARG","BRK_NAME":"Argentina","BRK_GROUP":null,"ABBREV":"Arg.","POSTAL":"AR","FORMAL_EN":"Argentine Republic","FORMAL_FR":null,"NAME_CIAWF":"Argentina","NOTE_ADM0":null,"NOTE_BRK":null,"NAME_SORT":"Argentina","NAME_ALT":null,"MAPCOLOR7":3,"MAPCOLOR8":1,"MAPCOLOR9":3,"MAPCOLOR13":13,"POP_EST":44938712,"POP_RANK":15,"POP_YEAR":2019,"GDP_MD":445445,"GDP_YEAR":2019,"ECONOMY":"5. Emerging region: G20","INCOME_GRP":"3. Upper middle income","FIPS_10":"AR","ISO_A2":"AR","ISO_A2_EH":"AR","ISO_A3":"ARG","ISO_A3_EH":"ARG","ISO_N3":"032","ISO_N3_EH":"032","UN_A3":"032","WB_A2":"AR","WB_A3":"ARG","WOE_ID":23424747,"WOE_ID_EH":23424747,"WOE_NOTE":"Exact WOE match as country","ADM0_ISO":"ARG","ADM0_DIFF":null,"ADM0_TLC":"ARG","ADM0_A3_US":"ARG","ADM0_A3_FR":"ARG","ADM0_A3_RU":"ARG","ADM0_A3_ES":"ARG","ADM0_A3_CN":"ARG","ADM0_A3_TW":"ARG","ADM0_A3_IN":"ARG","ADM0_A3_NP":"ARG","ADM0_A3_PK":"ARG","ADM0_A3_DE":"ARG","ADM0_A3_GB":"ARG","ADM0_A3_BR":"ARG","ADM0_A3_IL":"ARG","ADM0_A3_PS":"ARG","ADM0_A3_SA":"ARG","ADM0_A3_EG":"ARG","ADM0_A3_MA":"ARG","ADM0_A3_PT":"ARG","ADM0_A3_AR":"ARG","ADM0_A3_JP":"ARG","ADM0_A3_KO":"ARG","ADM0_A3_VN":"ARG","ADM0_A3_TR":"ARG","ADM0_A3_ID":"ARG","ADM0_A3_PL":"ARG","ADM0_A3_GR":"ARG","ADM0_A3_IT":"ARG","ADM0_A3_NL":"ARG","ADM0_A3_SE":"ARG","ADM0_A3_BD":"ARG","ADM0_A3_UA":"ARG","ADM0_A3_UN":-99,"ADM0_A3_WB":-99,"CONTINENT":"South America","REGION_UN":"Americas","SUBREGION":"South America","REGION_WB":"Latin America & Caribbean","NAME_LEN":9,"LONG_LEN":9,"ABBREV_LEN":4,"TINY":-99,"HOMEPART":1,"MIN_ZOOM":0,"MIN_LABEL":2,"MAX_LABEL":7,"LABEL_X":-64.173331,"LABEL_Y":-33.501159,"NE_ID":1159320331,"WIKIDATAID":"Q414","NAME_AR":"الأرجنتين","NAME_BN":"আর্জেন্টিনা","NAME_DE":"Argentinien","NAME_EN":"Argentina","NAME_ES":"Argentina","NAME_FA":"آرژانتین","NAME_FR":"Argentine","NAME_EL":"Αργεντινή","NAME_HE":"ארגנטינה","NAME_HI":"अर्जेण्टीना","NAME_HU":"Argentína","NAME_ID":"Argentina","NAME_IT":"Argentina","NAME_JA":"アルゼンチン","NAME_KO":"아르헨티나","NAME_NL":"Argentinië","NAME_PL":"Argentyna","NAME_PT":"Argentina","NAME_RU":"Аргентина","NAME_SV":"Argentina","NAME_TR":"Arjantin","NAME_UK":"Аргентина","NAME_UR":"ارجنٹائن","NAME_VI":"Argentina","NAME_ZH":"阿根廷","NAME_ZHT":"阿根廷","FCLASS_ISO":"Admin-0 country","TLC_DIFF":null,"FCLASS_TLC":"Admin-0 country","FCLASS_US":null,"FCLASS_FR":null,"FCLASS_RU":null,"FCLASS_ES":null,"FCLASS_CN":null,"FCLASS_TW":null,"FCLASS_IN":null,"FCLASS_NP":null,"FCLASS_PK":null,"FCLASS_DE":null,"FCLASS_GB":null,"FCLASS_BR":null,"FCLASS_IL":null,"FCLASS_PS":null,"FCLASS_SA":null,"FCLASS_EG":null,"FCLASS_MA":null,"FCLASS_PT":null,"FCLASS_AR":null,"FCLASS_JP":null,"FCLASS_KO":null,"FCLASS_VN":null,"FCLASS_TR":null,"FCLASS_ID":null,"FCLASS_PL":null,"FCLASS_GR":null,"FCLASS_IT":null,"FCLASS_NL":null,"FCLASS_SE":null,"FCLASS_BD":null,"FCLASS_UA":null},"geometry":{"type":"MultiPolygon","coordinates":[[],[],[],[]]}},{"type":"Feature","bbox":[-61.887109,16.997168,-61.686035,17.714062],"properties":{"featurecla":"Admin-0 country","scalerank":1,"LABELRANK":6,"SOVEREIGNT":"Antigua and Barbuda","SOV_A3":"ATG","ADM0_DIF":0,"LEVEL":2,"TYPE":"Sovereign country","TLC":"1","ADMIN":"Antigua and Barbuda","ADM0_A3":"ATG","GEOU_DIF":0,"GEOUNIT":"Antigua and Barbuda","GU_A3":"ATG","SU_DIF":0,"SUBUNIT":"Antigua and Barbuda","SU_A3":"ATG","BRK_DIFF":0,"NAME":"Antigua and Barb.","NAME_LONG":"Antigua and Barbuda","BRK_A3":"ATG","BRK_NAME":"Antigua and Barb.","BRK_GROUP":null,"ABBREV":"Ant.B.","POSTAL":"AG","FORMAL_EN":"Antigua and Barbuda","FORMAL_FR":null,"NAME_CIAWF":"Antigua and Barbuda","NOTE_ADM0":null,"NOTE_BRK":null,"NAME_SORT":"Antigua and Barbuda","NAME_ALT":null,"MAPCOLOR7":2,"MAPCOLOR8":2,"MAPCOLOR9":5,"MAPCOLOR13":5,"POP_EST":97118,"POP_RANK":8,"POP_YEAR":2019,"GDP_MD":1661,"GDP_YEAR":2019,"ECONOMY":"6. Developing region","INCOME_GRP":"3. Upper middle income","FIPS_10":"AC","ISO_A2":"AG","ISO_A2_EH":"AG","ISO_A3":"ATG","ISO_A3_EH":"ATG","ISO_N3":"028","ISO_N3_EH":"028","UN_A3":"028","WB_A2":"AG","WB_A3":"ATG","WOE_ID":23424737,"WOE_ID_EH":23424737,"WOE_NOTE":"Exact WOE match as country","ADM0_ISO":"ATG","ADM0_DIFF":null,"ADM0_TLC":"ATG","ADM0_A3_US":"ATG","ADM0_A3_FR":"ATG","ADM0_A3_RU":"ATG","ADM0_A3_ES":"ATG","ADM0_A3_CN":"ATG","ADM0_A3_TW":"ATG","ADM0_A3_IN":"ATG","ADM0_A3_NP":"ATG","ADM0_A3_PK":"ATG","ADM0_A3_DE":"ATG","ADM0_A3_GB":"ATG","ADM0_A3_BR":"ATG","ADM0_A3_IL":"ATG","ADM0_A3_PS":"ATG","ADM0_A3_SA":"ATG","ADM0_A3_EG":"ATG","ADM0_A3_MA":"ATG","ADM0_A3_PT":"ATG","ADM0_A3_AR":"ATG","ADM0_A3_JP":"ATG","ADM0_A3_KO":"ATG","ADM0_A3_VN":"ATG","ADM0_A3_TR":"ATG","ADM0_A3_ID":"ATG","ADM0_A3_PL":"ATG","ADM0_A3_GR":"ATG","ADM0_A3_IT":"ATG","ADM0_A3_NL":"ATG","ADM0_A3_SE":"ATG","ADM0_A3_BD":"ATG","ADM0_A3_UA":"ATG","ADM0_A3_UN":-99,"ADM0_A3_WB":-99,"CONTINENT":"North America","REGION_UN":"Americas","SUBREGION":"Caribbean","REGION_WB":"Latin America & Caribbean","NAME_LEN":17,"LONG_LEN":19,"ABBREV_LEN":6,"TINY":4,"HOMEPART":1,"MIN_ZOOM":0,"MIN_LABEL":5,"MAX_LABEL":9.5,"LABEL_X":-61.790612,"LABEL_Y":17.352249,"NE_ID":1159320345,"WIKIDATAID":"Q781","NAME_AR":"أنتيغوا وباربودا","NAME_BN":"অ্যান্টিগুয়া ও বার্বুডা","NAME_DE":"Antigua und Barbuda","NAME_EN":"Antigua and Barbuda","NAME_ES":"Antigua y Barbuda","NAME_FA":"آنتیگوا و باربودا","NAME_FR":"Antigua-et-Barbuda","NAME_EL":"Αντίγκουα και Μπαρμπούντα","NAME_HE":"אנטיגואה וברבודה","NAME_HI":"अण्टीगुआ और बारबूडा","NAME_HU":"Antigua és Barbuda","NAME_ID":"Antigua dan Barbuda","NAME_IT":"Antigua e Barbuda","NAME_JA":"アンティグア・バーブーダ","NAME_KO":"앤티가 바부다","NAME_NL":"Antigua en Barbuda","NAME_PL":"Antigua i Barbuda","NAME_PT":"Antígua e Barbuda","NAME_RU":"Антигуа и Барбуда","NAME_SV":"Antigua och Barbuda","NAME_TR":"Antigua ve Barbuda","NAME_UK":"Антигуа і Барбуда","NAME_UR":"اینٹیگوا و باربوڈا","NAME_VI":"Antigua và Barbuda","NAME_ZH":"安提瓜和巴布达","NAME_ZHT":"安地卡及巴布達","FCLASS_ISO":"Admin-0 country","TLC_DIFF":null,"FCLASS_TLC":"Admin-0 country","FCLASS_US":null,"FCLASS_FR":null,"FCLASS_RU":null,"FCLASS_ES":null,"FCLASS_CN":null,"FCLASS_TW":null,"FCLASS_IN":null,"FCLASS_NP":null,"FCLASS_PK":null,"FCLASS_DE":null,"FCLASS_GB":null,"FCLASS_BR":null,"FCLASS_IL":null,"FCLASS_PS":null,"FCLASS_SA":null,"FCLASS_EG":null,"FCLASS_MA":null,"FCLASS_PT":null,"FCLASS_AR":null,"FCLASS_JP":null,"FCLASS_KO":null,"FCLASS_VN":null,"FCLASS_TR":null,"FCLASS_ID":null,"FCLASS_PL":null,"FCLASS_GR":null,"FCLASS_IT":null,"FCLASS_NL":null,"FCLASS_SE":null,"FCLASS_BD":null,"FCLASS_UA":null},"geometry":{"type":"MultiPolygon","coordinates":[[],[]]}},{"type":"Feature","bbox":[11.743066,-18.019727,24.04668,-4.428906],"properties":{"featurecla":"Admin-0 country","scalerank":1,"LABELRANK":3,"SOVEREIGNT":"Angola","SOV_A3":"AGO","ADM0_DIF":0,"LEVEL":2,"TYPE":"Sovereign country","TLC":"1","ADMIN":"Angola","ADM0_A3":"AGO","GEOU_DIF":0,"GEOUNIT":"Angola","GU_A3":"AGO","SU_DIF":0,"SUBUNIT":"Angola","SU_A3":"AGO","BRK_DIFF":0,"NAME":"Angola","NAME_LONG":"Angola","BRK_A3":"AGO","BRK_NAME":"Angola","BRK_GROUP":null,"ABBREV":"Ang.","POSTAL":"AO","FORMAL_EN":"People's Republic of Angola","FORMAL_FR":null,"NAME_CIAWF":"Angola","NOTE_ADM0":null,"NOTE_BRK":null,"NAME_SORT":"Angola","NAME_ALT":null,"MAPCOLOR7":3,"MAPCOLOR8":2,"MAPCOLOR9":6,"MAPCOLOR13":1,"POP_EST":31825295,"POP_RANK":15,"POP_YEAR":2019,"GDP_MD":88815,"GDP_YEAR":2019,"ECONOMY":"7. Least developed region","INCOME_GRP":"3. Upper middle income","FIPS_10":"AO","ISO_A2":"AO","ISO_A2_EH":"AO","ISO_A3":"AGO","ISO_A3_EH":"AGO","ISO_N3":"024","ISO_N3_EH":"024","UN_A3":"024","WB_A2":"AO","WB_A3":"AGO","WOE_ID":23424745,"WOE_ID_EH":23424745,"WOE_NOTE":"Exact WOE match as country","ADM0_ISO":"AGO","ADM0_DIFF":null,"ADM0_TLC":"AGO","ADM0_A3_US":"AGO","ADM0_A3_FR":"AGO","ADM0_A3_RU":"AGO","ADM0_A3_ES":"AGO","ADM0_A3_CN":"AGO","ADM0_A3_TW":"AGO","ADM0_A3_IN":"AGO","ADM0_A3_NP":"AGO","ADM0_A3_PK":"AGO","ADM0_A3_DE":"AGO","ADM0_A3_GB":"AGO","ADM0_A3_BR":"AGO","ADM0_A3_IL":"AGO","ADM0_A3_PS":"AGO","ADM0_A3_SA":"AGO","ADM0_A3_EG":"AGO","ADM0_A3_MA":"AGO","ADM0_A3_PT":"AGO","ADM0_A3_AR":"AGO","ADM0_A3_JP":"AGO","ADM0_A3_KO":"AGO","ADM0_A3_VN":"AGO","ADM0_A3_TR":"AGO","ADM0_A3_ID":"AGO","ADM0_A3_PL":"AGO","ADM0_A3_GR":"AGO","ADM0_A3_IT":"AGO","ADM0_A3_NL":"AGO","ADM0_A3_SE":"AGO","ADM0_A3_BD":"AGO","ADM0_A3_UA":"AGO","ADM0_A3_UN":-99,"ADM0_A3_WB":-99,"CONTINENT":"Africa","REGION_UN":"Africa","SUBREGION":"Middle Africa","REGION_WB":"Sub-Saharan Africa","NAME_LEN":6,"LONG_LEN":6,"ABBREV_LEN":4,"TINY":-99,"HOMEPART":1,"MIN_ZOOM":0,"MIN_LABEL":3,"MAX_LABEL":7,"LABEL_X":17.984249,"LABEL_Y":-12.182762,"NE_ID":1159320323,"WIKIDATAID":"Q916","NAME_AR":"أنغولا","NAME_BN":"অ্যাঙ্গোলা","NAME_DE":"Angola","NAME_EN":"Angola","NAME_ES":"Angola","NAME_FA":"آنگولا","NAME_FR":"Angola","NAME_EL":"Ανγκόλα","NAME_HE":"אנגולה","NAME_HI":"अंगोला","NAME_HU":"Angola","NAME_ID":"Angola","NAME_IT":"Angola","NAME_JA":"アンゴラ","NAME_KO":"앙골라","NAME_NL":"Angola","NAME_PL":"Angola","NAME_PT":"Angola","NAME_RU":"Ангола","NAME_SV":"Angola","NAME_TR":"Angola","NAME_UK":"Ангола","NAME_UR":"انگولا","NAME_VI":"Angola","NAME_ZH":"安哥拉","NAME_ZHT":"安哥拉","FCLASS_ISO":"Admin-0 country","TLC_DIFF":null,"FCLASS_TLC":"Admin-0 country","FCLASS_US":null,"FCLASS_FR":null,"FCLASS_RU":null,"FCLASS_ES":null,"FCLASS_CN":null,"FCLASS_TW":null,"FCLASS_IN":null,"FCLASS_NP":null,"FCLASS_PK":null,"FCLASS_DE":null,"FCLASS_GB":null,"FCLASS_BR":null,"FCLASS_IL":null,"FCLASS_PS":null,"FCLASS_SA":null,"FCLASS_EG":null,"FCLASS_MA":null,"FCLASS_PT":null,"FCLASS_AR":null,"FCLASS_JP":null,"FCLASS_KO":null,"FCLASS_VN":null,"FCLASS_TR":null,"FCLASS_ID":null,"FCLASS_PL":null,"FCLASS_GR":null,"FCLASS_IT":null,"FCLASS_NL":null,"FCLASS_SE":null,"FCLASS_BD":null,"FCLASS_UA":null},"geometry":{"type":"MultiPolygon","coordinates":[[],[]]}},{"type":"Feature","bbox":[1.414844,42.434473,1.740234,42.642725],"properties":{"featurecla":"Admin-0 country","scalerank":3,"LABELRANK":6,"SOVEREIGNT":"Andorra","SOV_A3":"AND","ADM0_DIF":0,"LEVEL":2,"TYPE":"Sovereign country","TLC":"1","ADMIN":"Andorra","ADM0_A3":"AND","GEOU_DIF":0,"GEOUNIT":"Andorra","GU_A3":"AND","SU_DIF":0,"SUBUNIT":"Andorra","SU_A3":"AND","BRK_DIFF":0,"NAME":"Andorra","NAME_LONG":"Andorra","BRK_A3":"AND","BRK_NAME":"Andorra","BRK_GROUP":null,"ABBREV":"And.","POSTAL":"AND","FORMAL_EN":"Principality of Andorra","FORMAL_FR":null,"NAME_CIAWF":"Andorra","NOTE_ADM0":null,"NOTE_BRK":null,"NAME_SORT":"Andorra","NAME_ALT":null,"MAPCOLOR7":1,"MAPCOLOR8":4,"MAPCOLOR9":1,"MAPCOLOR13":8,"POP_EST":77142,"POP_RANK":8,"POP_YEAR":2019,"GDP_MD":3154,"GDP_YEAR":2019,"ECONOMY":"2. Developed region: nonG7","INCOME_GRP":"2. High income: nonOECD","FIPS_10":"AN","ISO_A2":"AD","ISO_A2_EH":"AD","ISO_A3":"AND","ISO_A3_EH":"AND","ISO_N3":"020","ISO_N3_EH":"020","UN_A3":"020","WB_A2":"AD","WB_A3":"ADO","WOE_ID":23424744,"WOE_ID_EH":23424744,"WOE_NOTE":"Exact WOE match as country","ADM0_ISO":"AND","ADM0_DIFF":null,"ADM0_TLC":"AND","ADM0_A3_US":"AND","ADM0_A3_FR":"AND","ADM0_A3_RU":"AND","ADM0_A3_ES":"AND","ADM0_A3_CN":"AND","ADM0_A3_TW":"AND","ADM0_A3_IN":"AND","ADM0_A3_NP":"AND","ADM0_A3_PK":"AND","ADM0_A3_DE":"AND","ADM0_A3_GB":"AND","ADM0_A3_BR":"AND","ADM0_A3_IL":"AND","ADM0_A3_PS":"AND","ADM0_A3_SA":"AND","ADM0_A3_EG":"AND","ADM0_A3_MA":"AND","ADM0_A3_PT":"AND","ADM0_A3_AR":"AND","ADM0_A3_JP":"AND","ADM0_A3_KO":"AND","ADM0_A3_VN":"AND","ADM0_A3_TR":"AND","ADM0_A3_ID":"AND","ADM0_A3_PL":"AND","ADM0_A3_GR":"AND","ADM0_A3_IT":"AND","ADM0_A3_NL":"AND","ADM0_A3_SE":"AND","ADM0_A3_BD":"AND","ADM0_A3_UA":"AND","ADM0_A3_UN":-99,"ADM0_A3_WB":-99,"CONTINENT":"Europe","REGION_UN":"Europe","SUBREGION":"Southern Europe","REGION_WB":"Europe & Central Asia","NAME_LEN":7,"LONG_LEN":7,"ABBREV_LEN":4,"TINY":5,"HOMEPART":1,"MIN_ZOOM":0,"MIN_LABEL":5,"MAX_LABEL":10,"LABEL_X":1.539409,"LABEL_Y":42.547643,"NE_ID":1159320327,"WIKIDATAID":"Q228","NAME_AR":"أندورا","NAME_BN":"অ্যান্ডোরা","NAME_DE":"Andorra","NAME_EN":"Andorra","NAME_ES":"Andorra","NAME_FA":"آندورا","NAME_FR":"Andorre","NAME_EL":"Ανδόρρα","NAME_HE":"אנדורה","NAME_HI":"अण्डोरा","NAME_HU":"Andorra","NAME_ID":"Andorra","NAME_IT":"Andorra","NAME_JA":"アンドラ","NAME_KO":"안도라","NAME_NL":"Andorra","NAME_PL":"Andora","NAME_PT":"Andorra","NAME_RU":"Андорра","NAME_SV":"Andorra","NAME_TR":"Andorra","NAME_UK":"Андорра","NAME_UR":"انڈورا","NAME_VI":"Andorra","NAME_ZH":"安道尔","NAME_ZHT":"安道爾","FCLASS_ISO":"Admin-0 country","TLC_DIFF":null,"FCLASS_TLC":"Admin-0 country","FCLASS_US":null,"FCLASS_FR":null,"FCLASS_RU":null,"FCLASS_ES":null,"FCLASS_CN":null,"FCLASS_TW":null,"FCLASS_IN":null,"FCLASS_NP":null,"FCLASS_PK":null,"FCLASS_DE":null,"FCLASS_GB":null,"FCLASS_BR":null,"FCLASS_IL":null,"FCLASS_PS":null,"FCLASS_SA":null,"FCLASS_EG":null,"FCLASS_MA":null,"FCLASS_PT":null,"FCLASS_AR":null,"FCLASS_JP":null,"FCLASS_KO":null,"FCLASS_VN":null,"FCLASS_TR":null,"FCLASS_ID":null,"FCLASS_PL":null,"FCLASS_GR":null,"FCLASS_IT":null,"FCLASS_NL":null,"FCLASS_SE":null,"FCLASS_BD":null,"FCLASS_UA":null},"geometry":{"type":"Polygon","coordinates":[[[1.706055,42.50332],[1.678516,42.49668],[1.586426,42.455957],[1.534082,42.441699],[1.48623,42.434473],[1.448828,42.437451],[1.428125,42.461328],[1.430273,42.497852],[1.421973,42.530811],[1.414844,42.548389],[1.42832,42.595898],[1.458887,42.62168],[1.501367,42.642725],[1.568164,42.63501],[1.709863,42.604443],[1.739453,42.575928],[1.740234,42.556738],[1.713965,42.525635],[1.706055,42.50332]]]}},{"type":"Feature","bbox":[-8.68335,18.986621,11.967871,37.092383],"properties":{"featurecla":"Admin-0 country","scalerank":1,"LABELRANK":3,"SOVEREIGNT":"Algeria","SOV_A3":"DZA","ADM0_DIF":0,"LEVEL":2,"TYPE":"Sovereign country","TLC":"1","ADMIN":"Algeria","ADM0_A3":"DZA","GEOU_DIF":0,"GEOUNIT":"Algeria","GU_A3":"DZA","SU_DIF":0,"SUBUNIT":"Algeria","SU_A3":"DZA","BRK_DIFF":0,"NAME":"Algeria","NAME_LONG":"Algeria","BRK_A3":"DZA","BRK_NAME":"Algeria","BRK_GROUP":null,"ABBREV":"Alg.","POSTAL":"DZ","FORMAL_EN":"People's Democratic Republic of Algeria","FORMAL_FR":null,"NAME_CIAWF":"Algeria","NOTE_ADM0":null,"NOTE_BRK":null,"NAME_SORT":"Algeria","NAME_ALT":null,"MAPCOLOR7":5,"MAPCOLOR8":1,"MAPCOLOR9":6,"MAPCOLOR13":3,"POP_EST":43053054,"POP_RANK":15,"POP_YEAR":2019,"GDP_MD":171091,"GDP_YEAR":2019,"ECONOMY":"6. Developing region","INCOME_GRP":"3. Upper middle income","FIPS_10":"AG","ISO_A2":"DZ","ISO_A2_EH":"DZ","ISO_A3":"DZA","ISO_A3_EH":"DZA","ISO_N3":"012","ISO_N3_EH":"012","UN_A3":"012","WB_A2":"DZ","WB_A3":"DZA","WOE_ID":23424740,"WOE_ID_EH":23424740,"WOE_NOTE":"Exact WOE match as country","ADM0_ISO":"DZA","ADM0_DIFF":null,"ADM0_TLC":"DZA","ADM0_A3_US":"DZA","ADM0_A3_FR":"DZA","ADM0_A3_RU":"DZA","ADM0_A3_ES":"DZA","ADM0_A3_CN":"DZA","ADM0_A3_TW":"DZA","ADM0_A3_IN":"DZA","ADM0_A3_NP":"DZA","ADM0_A3_PK":"DZA","ADM0_A3_DE":"DZA","ADM0_A3_GB":"DZA","ADM0_A3_BR":"DZA","ADM0_A3_IL":"DZA","ADM0_A3_PS":"DZA","ADM0_A3_SA":"DZA","ADM0_A3_EG":"DZA","ADM0_A3_MA":"DZA","ADM0_A3_PT":"DZA","ADM0_A3_AR":"DZA","ADM0_A3_JP":"DZA","ADM0_A3_KO":"DZA","ADM0_A3_VN":"DZA","ADM0_A3_TR":"DZA","ADM0_A3_ID":"DZA","ADM0_A3_PL":"DZA","ADM0_A3_GR":"DZA","ADM0_A3_IT":"DZA","ADM0_A3_NL":"DZA","ADM0_A3_SE":"DZA","ADM0_A3_BD":"DZA","ADM0_A3_UA":"DZA","ADM0_A3_UN":-99,"ADM0_A3_WB":-99,"CONTINENT":"Africa","REGION_UN":"Africa","SUBREGION":"Northern Africa","REGION_WB":"Middle East & North Africa","NAME_LEN":7,"LONG_LEN":7,"ABBREV_LEN":4,"TINY":-99,"HOMEPART":1,"MIN_ZOOM":0,"MIN_LABEL":2.5,"MAX_LABEL":7,"LABEL_X":2.808241,"LABEL_Y":27.397406,"NE_ID":1159320565,"WIKIDATAID":"Q262","NAME_AR":"الجزائر","NAME_BN":"আলজেরিয়া","NAME_DE":"Algerien","NAME_EN":"Algeria","NAME_ES":"Argelia","NAME_FA":"الجزایر","NAME_FR":"Algérie","NAME_EL":"Αλγερία","NAME_HE":"אלג'יריה","NAME_HI":"अल्जीरिया","NAME_HU":"Algéria","NAME_ID":"Aljazair","NAME_IT":"Algeria","NAME_JA":"アルジェリア","NAME_KO":"알제리","NAME_NL":"Algerije","NAME_PL":"Algieria","NAME_PT":"Argélia","NAME_RU":"Алжир","NAME_SV":"Algeriet","NAME_TR":"Cezayir","NAME_UK":"Алжир","NAME_UR":"الجزائر","NAME_VI":"Algérie","NAME_ZH":"阿尔及利亚","NAME_ZHT":"阿爾及利亞","FCLASS_ISO":"Admin-0 country","TLC_DIFF":null,"FCLASS_TLC":"Admin-0 country","FCLASS_US":null,"FCLASS_FR":null,"FCLASS_RU":null,"FCLASS_ES":null,"FCLASS_CN":null,"FCLASS_TW":null,"FCLASS_IN":null,"FCLASS_NP":null,"FCLASS_PK":null,"FCLASS_DE":null,"FCLASS_GB":null,"FCLASS_BR":null,"FCLASS_IL":null,"FCLASS_PS":null,"FCLASS_SA":null,"FCLASS_EG":null,"FCLASS_MA":null,"FCLASS_PT":null,"FCLASS_AR":null,"FCLASS_JP":null,"FCLASS_KO":null,"FCLASS_VN":null,"FCLASS_TR":null,"FCLASS_ID":null,"FCLASS_PL":null,"FCLASS_GR":null,"FCLASS_IT":null,"FCLASS_NL":null,"FCLASS_SE":null,"FCLASS_BD":null,"FCLASS_UA":null},"geometry":{"type":"Polygon","coordinates":[[[8.576563,36.937207],[8.597656,36.883887],[8.60127,36.833936],[8.506738,36.7875],[8.444238,36.760742],[8.369629,36.63252],[8.230762,36.545264],[8.207617,36.518945],[8.208789,36.495117],[8.302734,36.455615],[8.333984,36.418164],[8.34873,36.367969],[8.306738,36.18877],[8.280273,36.050977],[8.245703,35.870557],[8.24707,35.801807],[8.28291,35.719287],[8.318066,35.654932],[8.329004,35.582227],[8.316406,35.403125],[8.359863,35.299609],[8.394238,35.203857],[8.312109,35.084619],[8.276855,34.979492],[8.254688,34.828955],[8.245605,34.734082],[8.192773,34.646289],[8.123438,34.563916],[8.045605,34.512695],[7.949414,34.468701],[7.838281,34.410303],[7.748535,34.254492],[7.554492,34.125],[7.513867,34.080518],[7.495605,33.976514],[7.500195,33.832471],[7.534375,33.71792],[7.627539,33.548633],[7.70918,33.362305],[7.731348,33.268506],[7.762695,33.233105],[7.877246,33.172119],[8.075586,33.089062],[8.1125,33.055322],[8.210938,32.926709],[8.304199,32.696289],[8.333398,32.543604],[8.515137,32.422314],[8.68291,32.310449],[8.844043,32.212109],[9.018945,32.105371],[9.044043,32.072363],[9.102344,31.846143],[9.160254,31.621338],[9.224023,31.373682],[9.287891,31.125342],[9.363281,30.83291],[9.406055,30.666797],[9.458008,30.465381],[9.51875,30.229395],[9.420996,30.179297],[9.310254,30.115234],[9.391016,29.993652],[9.546191,29.795947],[9.640137,29.636426],[9.672656,29.566992],[9.745898,29.368945],[9.805273,29.176953],[9.820703,29.114795],[9.842578,28.966992],[9.815625,28.560205],[9.858203,28.043311],[9.916016,27.785693],[9.825293,27.552979],[9.747559,27.330859],[9.752539,27.219336],[9.79541,27.044775],[9.837109,26.91582],[9.894434,26.847949],[9.883203,26.630811],[9.859375,26.551953],[9.684961,26.438232],[9.491406,26.33374],[9.437891,26.245508],[9.422363,26.14707],[9.448242,26.067139],[9.58125,25.890137],[9.781055,25.624268],[10.000684,25.33208],[10.019043,25.258545],[10.028125,25.051025],[10.119531,24.790234],[10.218652,24.676221],[10.255859,24.591016],[10.325781,24.530225],[10.395898,24.485596],[10.438965,24.480225],[10.686133,24.551367],[11.108203,24.434033],[11.507617,24.314355],[11.536914,24.29082],[11.624219,24.139697],[11.766992,23.892578],[11.873047,23.694824],[11.967871,23.517871],[11.45,23.212598],[10.932227,22.907275],[10.414355,22.602002],[9.896484,22.296729],[9.378711,21.991406],[8.860938,21.686133],[8.343066,21.380859],[7.825195,21.075586],[7.481738,20.873096],[7.263379,20.694482],[6.989355,20.470508],[6.730664,20.248047],[6.527051,20.072949],[6.263379,19.846143],[6.130664,19.731982],[5.836621,19.47915],[5.74834,19.434229],[5.358691,19.359521],[5.001367,19.291064],[4.671289,19.227783],[4.445703,19.184521],[4.227637,19.142773],[3.910156,19.08374],[3.683496,19.041602],[3.43877,18.996143],[3.400879,18.988428],[3.356445,18.986621],[3.323438,18.988379],[3.255957,19.013281],[3.174219,19.0729],[3.119727,19.103174],[3.106055,19.150098],[3.137891,19.212158],[3.177246,19.268164],[3.192383,19.312061],[3.219629,19.34541],[3.254395,19.372607],[3.255859,19.410938],[3.227051,19.473584],[3.20166,19.5604],[3.202734,19.718311],[3.203418,19.770752],[3.203711,19.789697],[3.130273,19.850195],[2.99248,19.916602],[2.865723,19.955957],[2.80791,19.969434],[2.667773,19.99292],[2.474219,20.03501],[2.406152,20.063867],[2.280859,20.210303],[2.219336,20.247803],[1.928809,20.272705],[1.832422,20.296875],[1.753223,20.331592],[1.685449,20.378369],[1.647363,20.458838],[1.636035,20.524365],[1.610645,20.555566],[1.290234,20.713574],[1.208887,20.767285],[1.165723,20.817432],[1.164062,20.891309],[1.172754,20.981982],[1.15918,21.0625],[1.145508,21.102246],[0.999414,21.197754],[0.671875,21.411865],[0.344434,21.625977],[0.016992,21.840137],[-0.310547,22.054199],[-0.637988,22.268311],[-0.965479,22.482471],[-1.292969,22.696533],[-1.62041,22.910645],[-1.9479,23.124805],[-2.275391,23.338867],[-2.60293,23.553027],[-2.930371,23.767139],[-3.257861,23.98125],[-3.585352,24.195361],[-3.912793,24.409473],[-4.240332,24.623535],[-4.516992,24.804492],[-4.822607,24.995605],[-5.049512,25.135449],[-5.275,25.274512],[-5.516943,25.423779],[-5.674512,25.516406],[-5.862549,25.627002],[-6.050586,25.737598],[-6.238672,25.848193],[-6.426709,25.958789],[-6.614746,26.069434],[-6.802832,26.17998],[-6.990869,26.290576],[-7.178906,26.401172],[-7.366992,26.511768],[-7.555078,26.622363],[-7.743115,26.732959],[-7.931152,26.843555],[-8.119238,26.95415],[-8.307275,27.064746],[-8.495312,27.175342],[-8.682385,27.28536943293909],[-8.682385,28.634184518248183],[-8.678418,28.689404],[-8.659912,28.718604],[-8.55835,28.767871],[-8.399316,28.880176],[-8.340479,28.930176],[-8.265186,28.980518],[-7.998926,29.132422],[-7.943848,29.174756],[-7.685156,29.349512],[-7.624609,29.375195],[-7.485742,29.392236],[-7.427686,29.425],[-7.349756,29.494727],[-7.234912,29.574902],[-7.160205,29.612646],[-7.142432,29.61958],[-7.094922,29.625195],[-6.855566,29.601611],[-6.755127,29.583838],[-6.635352,29.568799],[-6.597754,29.578955],[-6.565674,29.603857],[-6.520557,29.659863],[-6.510693,29.726025],[-6.50791,29.783789],[-6.500879,29.809131],[-6.479736,29.820361],[-6.427637,29.816113],[-6.357617,29.808301],[-6.214795,29.810693],[-6.166504,29.818945],[-6.004297,29.83125],[-5.775,29.869043],[-5.593311,29.917969],[-5.448779,29.956934],[-5.293652,30.058643],[-5.180127,30.166162],[-5.061914,30.326416],[-4.968262,30.465381],[-4.778516,30.552393],[-4.619629,30.604785],[-4.52915,30.625537],[-4.322852,30.698877],[-4.148779,30.80957],[-3.985352,30.913525],[-3.860059,30.927246],[-3.702002,30.944482],[-3.666797,30.964014],[-3.626904,31.000928],[-3.624512,31.065771],[-3.67251,31.111377],[-3.730176,31.1354],[-3.770996,31.161816],[-3.811816,31.166602],[-3.833398,31.197803],[-3.821387,31.255469],[-3.815137,31.308838],[-3.78916,31.361816],[-3.796436,31.437109],[-3.837109,31.512354],[-3.849561,31.566406],[-3.84668,31.619873],[-3.826758,31.661914],[-3.768164,31.689551],[-3.700244,31.700098],[-3.60459,31.686768],[-3.439795,31.704541],[-3.017383,31.834277],[-2.988232,31.874219],[-2.961133,31.963965],[-2.930859,32.042529],[-2.887207,32.068848],[-2.863428,32.074707],[-2.722607,32.095752],[-2.523242,32.125684],[-2.448389,32.12998],[-2.23125,32.121338],[-2.072803,32.115039],[-1.816992,32.104785],[-1.635156,32.099561],[-1.477051,32.094873],[-1.275342,32.089014],[-1.225928,32.107227],[-1.225928,32.164551],[-1.262109,32.271143],[-1.240332,32.337598],[-1.162598,32.39917],[-1.065527,32.468311],[-1.111035,32.552295],[-1.188232,32.608496],[-1.296387,32.675684],[-1.352148,32.703369],[-1.45,32.784814],[-1.51001,32.877637],[-1.550732,33.073584],[-1.625098,33.18335],[-1.679199,33.318652],[-1.63125,33.566748],[-1.702979,33.716846],[-1.714111,33.781836],[-1.714697,33.858203],[-1.692676,33.990283],[-1.706934,34.176074],[-1.791797,34.36792],[-1.751855,34.433252],[-1.733301,34.467041],[-1.739453,34.496094],[-1.816602,34.55708],[-1.849658,34.607324],[-1.832422,34.654639],[-1.792187,34.723193],[-1.795605,34.751904],[-1.920898,34.835547],[-2.131787,34.97085],[-2.190771,35.029785],[-2.219629,35.104199],[-2.017773,35.085059],[-1.913281,35.094238],[-1.673633,35.183105],[-1.48374,35.303076],[-1.33584,35.364258],[-1.205371,35.495752],[-1.087695,35.578857],[-0.91748,35.668408],[-0.426123,35.861523],[-0.350781,35.863184],[-0.18916,35.819092],[-0.048242,35.832812],[0.047949,35.900537],[0.15166,36.063135],[0.312207,36.162354],[0.514941,36.261816],[0.79082,36.356543],[0.97168,36.443945],[1.257227,36.51958],[1.974512,36.567578],[2.342871,36.610303],[2.593359,36.600684],[2.846484,36.738867],[2.972852,36.784473],[3.520508,36.795117],[3.779004,36.896191],[4.758105,36.896338],[4.877832,36.862402],[4.99541,36.808057],[5.195605,36.676807],[5.29541,36.648242],[5.424609,36.675439],[5.725488,36.799609],[6.064746,36.864258],[6.249121,36.93833],[6.327832,37.046045],[6.486523,37.085742],[6.575879,37.003027],[6.927539,36.919434],[7.143457,36.943359],[7.238477,36.968506],[7.204297,37.092383],[7.432422,37.059277],[7.607715,36.999756],[7.791602,36.880273],[7.910449,36.856348],[8.127148,36.910352],[8.576563,36.937207]]]}},{"type":"Feature","bbox":[19.280664,39.653516,21.031055,42.647949],"properties":{"featurecla":"Admin-0 country","scalerank":1,"LABELRANK":6,"SOVEREIGNT":"Albania","SOV_A3":"ALB","ADM0_DIF":0,"LEVEL":2,"TYPE":"Sovereign country","TLC":"1","ADMIN":"Albania","ADM0_A3":"ALB","GEOU_DIF":0,"GEOUNIT":"Albania","GU_A3":"ALB","SU_DIF":0,"SUBUNIT":"Albania","SU_A3":"ALB","BRK_DIFF":0,"NAME":"Albania","NAME_LONG":"Albania","BRK_A3":"ALB","BRK_NAME":"Albania","BRK_GROUP":null,"ABBREV":"Alb.","POSTAL":"AL","FORMAL_EN":"Republic of Albania","FORMAL_FR":null,"NAME_CIAWF":"Albania","NOTE_ADM0":null,"NOTE_BRK":null,"NAME_SORT":"Albania","NAME_ALT":null,"MAPCOLOR7":1,"MAPCOLOR8":4,"MAPCOLOR9":1,"MAPCOLOR13":6,"POP_EST":2854191,"POP_RANK":12,"POP_YEAR":2019,"GDP_MD":15279,"GDP_YEAR":2019,"ECONOMY":"6. Developing region","INCOME_GRP":"4. Lower middle income","FIPS_10":"AL","ISO_A2":"AL","ISO_A2_EH":"AL","ISO_A3":"ALB","ISO_A3_EH":"ALB","ISO_N3":"008","ISO_N3_EH":"008","UN_A3":"008","WB_A2":"AL","WB_A3":"ALB","WOE_ID":23424742,"WOE_ID_EH":23424742,"WOE_NOTE":"Exact WOE match as country","ADM0_ISO":"ALB","ADM0_DIFF":null,"ADM0_TLC":"ALB","ADM0_A3_US":"ALB","ADM0_A3_FR":"ALB","ADM0_A3_RU":"ALB","ADM0_A3_ES":"ALB","ADM0_A3_CN":"ALB","ADM0_A3_TW":"ALB","ADM0_A3_IN":"ALB","ADM0_A3_NP":"ALB","ADM0_A3_PK":"ALB","ADM0_A3_DE":"ALB","ADM0_A3_GB":"ALB","ADM0_A3_BR":"ALB","ADM0_A3_IL":"ALB","ADM0_A3_PS":"ALB","ADM0_A3_SA":"ALB","ADM0_A3_EG":"ALB","ADM0_A3_MA":"ALB","ADM0_A3_PT":"ALB","ADM0_A3_AR":"ALB","ADM0_A3_JP":"ALB","ADM0_A3_KO":"ALB","ADM0_A3_VN":"ALB","ADM0_A3_TR":"ALB","ADM0_A3_ID":"ALB","ADM0_A3_PL":"ALB","ADM0_A3_GR":"ALB","ADM0_A3_IT":"ALB","ADM0_A3_NL":"ALB","ADM0_A3_SE":"ALB","ADM0_A3_BD":"ALB","ADM0_A3_UA":"ALB","ADM0_A3_UN":-99,"ADM0_A3_WB":-99,"CONTINENT":"Europe","REGION_UN":"Europe","SUBREGION":"Southern Europe","REGION_WB":"Europe & Central Asia","NAME_LEN":7,"LONG_LEN":7,"ABBREV_LEN":4,"TINY":-99,"HOMEPART":1,"MIN_ZOOM":0,"MIN_LABEL":5,"MAX_LABEL":10,"LABEL_X":20.11384,"LABEL_Y":40.654855,"NE_ID":1159320325,"WIKIDATAID":"Q222","NAME_AR":"ألبانيا","NAME_BN":"আলবেনিয়া","NAME_DE":"Albanien","NAME_EN":"Albania","NAME_ES":"Albania","NAME_FA":"آلبانی","NAME_FR":"Albanie","NAME_EL":"Αλβανία","NAME_HE":"אלבניה","NAME_HI":"अल्बानिया","NAME_HU":"Albánia","NAME_ID":"Albania","NAME_IT":"Albania","NAME_JA":"アルバニア","NAME_KO":"알바니아","NAME_NL":"Albanië","NAME_PL":"Albania","NAME_PT":"Albânia","NAME_RU":"Албания","NAME_SV":"Albanien","NAME_TR":"Arnavutluk","NAME_UK":"Албанія","NAME_UR":"البانیا","NAME_VI":"Albania","NAME_ZH":"阿尔巴尼亚","NAME_ZHT":"阿爾巴尼亞","FCLASS_ISO":"Admin-0 country","TLC_DIFF":null,"FCLASS_TLC":"Admin-0 country","FCLASS_US":null,"FCLASS_FR":null,"FCLASS_RU":null,"FCLASS_ES":null,"FCLASS_CN":null,"FCLASS_TW":null,"FCLASS_IN":null,"FCLASS_NP":null,"FCLASS_PK":null,"FCLASS_DE":null,"FCLASS_GB":null,"FCLASS_BR":null,"FCLASS_IL":null,"FCLASS_PS":null,"FCLASS_SA":null,"FCLASS_EG":null,"FCLASS_MA":null,"FCLASS_PT":null,"FCLASS_AR":null,"FCLASS_JP":null,"FCLASS_KO":null,"FCLASS_VN":null,"FCLASS_TR":null,"FCLASS_ID":null,"FCLASS_PL":null,"FCLASS_GR":null,"FCLASS_IT":null,"FCLASS_NL":null,"FCLASS_SE":null,"FCLASS_BD":null,"FCLASS_UA":null},"geometry":{"type":"Polygon","coordinates":[[[19.342383,41.869092],[19.345508,41.918848],[19.361133,41.997754],[19.352148,42.024023],[19.361426,42.069092],[19.330859,42.129297],[19.280664,42.172559],[19.329004,42.249268],[19.399609,42.341895],[19.465137,42.415381],[19.544531,42.491943],[19.597461,42.56543],[19.654492,42.628564],[19.703418,42.647949],[19.727832,42.634521],[19.740723,42.606934],[19.737793,42.525146],[19.754492,42.496924],[19.788281,42.476172],[19.859766,42.486328],[19.939063,42.506689],[20.045703,42.549902],[20.063965,42.547266],[20.103516,42.524658],[20.185742,42.425879],[20.240527,42.338965],[20.348242,42.308789],[20.408301,42.274951],[20.485449,42.223389],[20.522852,42.171484],[20.575391,42.013086],[20.581445,41.917432],[20.566211,41.873682],[20.553125,41.862354],[20.505176,41.706494],[20.516602,41.627051],[20.516211,41.574756],[20.475586,41.554102],[20.448633,41.521289],[20.492383,41.391406],[20.487012,41.336084],[20.488965,41.272607],[20.567871,41.127832],[20.614453,41.083057],[20.656055,41.06167],[20.709277,40.928369],[20.74082,40.905273],[20.870215,40.91792],[20.933496,40.903125],[20.958594,40.871533],[20.964258,40.849902],[20.955762,40.775293],[20.987891,40.717773],[21.031055,40.658643],[21.030859,40.622461],[21.001953,40.563379],[20.950195,40.494385],[20.881641,40.46792],[20.806055,40.445459],[20.77002,40.391895],[20.75166,40.334912],[20.717871,40.292676],[20.696973,40.246387],[20.664941,40.151758],[20.657422,40.117383],[20.60625,40.082666],[20.527051,40.068506],[20.456055,40.065576],[20.408008,40.049463],[20.383691,40.017187],[20.338477,39.991064],[20.311133,39.979443],[20.311328,39.950781],[20.344238,39.890625],[20.381641,39.841797],[20.382422,39.802637],[20.364063,39.791748],[20.306152,39.79668],[20.293848,39.782227],[20.287598,39.738574],[20.27207,39.701172],[20.248242,39.678369],[20.206836,39.653516],[20.131055,39.661621],[20.059766,39.699121],[20.022559,39.710693],[20.00127,39.709424],[19.995605,39.801025],[19.964844,39.872266],[19.851855,40.043555],[19.48457,40.209961],[19.398145,40.284863],[19.360156,40.347705],[19.322266,40.40708],[19.358594,40.40874],[19.394531,40.393701],[19.440527,40.375684],[19.45918,40.405371],[19.439258,40.470264],[19.344629,40.62207],[19.3375,40.663818],[19.383887,40.790723],[19.46123,40.933301],[19.456055,41.106055],[19.480078,41.236377],[19.453418,41.320996],[19.440625,41.424756],[19.497363,41.562695],[19.545801,41.596826],[19.575684,41.64043],[19.577539,41.7875],[19.468262,41.856152],[19.342383,41.869092]]]}}]}