{"type":"FeatureCollection","name":"ne_50m_admin_0_countries","crs":{"type":"name","properties":{"name":"urn:ogc:def:crs:OGC:1.3:CRS84"}},"bbox":[-180,-89.99892578125,180,83.599609375],"features":[{"type":"Feature","bbox":[42.549023,12.318994,54.511133,18.996143],"properties":{"featurecla":"Admin-0 country","scalerank":1,"LABELRANK":3,"SOVEREIGNT":"Yemen","SOV_A3":"YEM","ADM0_DIF":0,"LEVEL":2,"TYPE":"Sovereign country","TLC":"1","ADMIN":"Yemen","ADM0_A3":"YEM","GEOU_DIF":0,"GEOUNIT":"Yemen","GU_A3":"YEM","SU_DIF":0,"SUBUNIT":"Yemen","SU_A3":"YEM","BRK_DIFF":0,"NAME":"Yemen","NAME_LONG":"Yemen","BRK_A3":"YEM","BRK_NAME":"Yemen","BRK_GROUP":null,"ABBREV":"Yem.","POSTAL":"YE","FORMAL_EN":"Republic of Yemen","FORMAL_FR":null,"NAME_CIAWF":"Yemen","NOTE_ADM0":null,"NOTE_BRK":null,"NAME_SORT":"Yemen, Rep.","NAME_ALT":null,"MAPCOLOR7":5,"MAPCOLOR8":3,"MAPCOLOR9":3,"MAPCOLOR13":11,"POP_EST":29161922,"POP_RANK":15,"POP_YEAR":2019,"GDP_MD":22581,"GDP_YEAR":2019,"ECONOMY":"7. Least developed region","INCOME_GRP":"4. Lower middle income","FIPS_10":"YM","ISO_A2":"YE","ISO_A2_EH":"YE","ISO_A3":"YEM","ISO_A3_EH":"YEM","ISO_N3":"887","ISO_N3_EH":"887","UN_A3":"887","WB_A2":"RY","WB_A3":"YEM","WOE_ID":23425002,"WOE_ID_EH":23425002,"WOE_NOTE":"Exact WOE match as country","ADM0_ISO":"YEM","ADM0_DIFF":null,"ADM0_TLC":"YEM","ADM0_A3_US":"YEM","ADM0_A3_FR":"YEM","ADM0_A3_RU":"YEM","ADM0_A3_ES":"YEM","ADM0_A3_CN":"YEM","ADM0_A3_TW":"YEM","ADM0_A3_IN":"YEM","ADM0_A3_NP":"YEM","ADM0_A3_PK":"YEM","ADM0_A3_DE":"YEM","ADM0_A3_GB":"YEM","ADM0_A3_BR":"YEM","ADM0_A3_IL":"YEM","ADM0_A3_PS":"YEM","ADM0_A3_SA":"YEM","ADM0_A3_EG":"YEM","ADM0_A3_MA":"YEM","ADM0_A3_PT":"YEM","ADM0_A3_AR":"YEM","ADM0_A3_JP":"YEM","ADM0_A3_KO":"YEM","ADM0_A3_VN":"YEM","ADM0_A3_TR":"YEM","ADM0_A3_ID":"YEM","ADM0_A3_PL":"YEM","ADM0_A3_GR":"YEM","ADM0_A3_IT":"YEM","ADM0_A3_NL":"YEM","ADM0_A3_SE":"YEM","ADM0_A3_BD":"YEM","ADM0_A3_UA":"YEM","ADM0_A3_UN":-99,"ADM0_A3_WB":-99,"CONTINENT":"Asia","REGION_UN":"Asia","SUBREGION":"Western Asia","REGION_WB":"Middle East & North Africa","NAME_LEN":5,"LONG_LEN":5,"ABBREV_LEN":4,"TINY":-99,"HOMEPART":1,"MIN_ZOOM":0,"MIN_LABEL":3,"MAX_LABEL":8,"LABEL_X":45.874383,"LABEL_Y":15.328226,"NE_ID":1159321425,"WIKIDATAID":"Q805","NAME_AR":"اليمن","NAME_BN":"ইয়েমেন","NAME_DE":"Jemen","NAME_EN":"Yemen","NAME_ES":"Yemen","NAME_FA":"یمن","NAME_FR":"Yémen","NAME_EL":"Υεμένη","NAME_HE":"תימן","NAME_HI":"यमन","NAME_HU":"Jemen","NAME_ID":"Yaman","NAME_IT":"Yemen","NAME_JA":"イエメン","NAME_KO":"예멘","NAME_NL":"Jemen","NAME_PL":"Jemen","NAME_PT":"Iémen","NAME_RU":"Йемен","NAME_SV":"Jemen","NAME_TR":"Yemen","NAME_UK":"Ємен","NAME_UR":"یمن","NAME_VI":"Yemen","NAME_ZH":"也门","NAME_ZHT":"葉門","FCLASS_ISO":"Admin-0 country","TLC_DIFF":null,"FCLASS_TLC":"Admin-0 country","FCLASS_US":null,"FCLASS_FR":null,"FCLASS_RU":null,"FCLASS_ES":null,"FCLASS_CN":null,"FCLASS_TW":null,"FCLASS_IN":null,"FCLASS_NP":null,"FCLASS_PK":null,"FCLASS_DE":null,"FCLASS_GB":null,"FCLASS_BR":null,"FCLASS_IL":null,"FCLASS_PS":null,"FCLASS_SA":null,"FCLASS_EG":null,"FCLASS_MA":null,"FCLASS_PT":null,"FCLASS_AR":null,"FCLASS_JP":null,"FCLASS_KO":null,"FCLASS_VN":null,"FCLASS_TR":null,"FCLASS_ID":null,"FCLASS_PL":null,"FCLASS_GR":null,"FCLASS_IT":null,"FCLASS_NL":null,"FCLASS_SE":null,"FCLASS_BD":null,"FCLASS_UA":null},"geometry":{"type":"MultiPolygon","coordinates":[[],[],[],[],[]]}},{"type":"Feature","bbox":[102.127441,8.583252,109.444922,23.345215],"properties":{"featurecla":"Admin-0 country","scalerank":3,"LABELRANK":2,"SOVEREIGNT":"Vietnam","SOV_A3":"VNM","ADM0_DIF":0,"LEVEL":2,"TYPE":"Sovereign country","TLC":"1","ADMIN":"Vietnam","ADM0_A3":"VNM","GEOU_DIF":0,"GEOUNIT":"Vietnam","GU_A3":"VNM","SU_DIF":0,"SUBUNIT":"Vietnam","SU_A3":"VNM","BRK_DIFF":0,"NAME":"Vietnam","NAME_LONG":"Vietnam","BRK_A3":"VNM","BRK_NAME":"Vietnam","BRK_GROUP":null,"ABBREV":"Viet.","POSTAL":"VN","FORMAL_EN":"Socialist Republic of Vietnam","FORMAL_FR":null,"NAME_CIAWF":"Vietnam","NOTE_ADM0":null,"NOTE_BRK":null,"NAME_SORT":"Vietnam","NAME_ALT":null,"MAPCOLOR7":5,"MAPCOLOR8":6,"MAPCOLOR9":5,"MAPCOLOR13":4,"POP_EST":96462106,"POP_RANK":16,"POP_YEAR":2019,"GDP_MD":261921,"GDP_YEAR":2019,"ECONOMY":"5. Emerging region: G20","INCOME_GRP":"4. Lower middle income","FIPS_10":"VM","ISO_A2":"VN","ISO_A2_EH":"VN","ISO_A3":"VNM","ISO_A3_EH":"VNM","ISO_N3":"704","ISO_N3_EH":"704","UN_A3":"704","WB_A2":"VN","WB_A3":"VNM","WOE_ID":23424984,"WOE_ID_EH":23424984,"WOE_NOTE":"Exact WOE match as country","ADM0_ISO":"VNM","ADM0_DIFF":null,"ADM0_TLC":"VNM","ADM0_A3_US":"VNM","ADM0_A3_FR":"VNM","ADM0_A3_RU":"VNM","ADM0_A3_ES":"VNM","ADM0_A3_CN":"VNM","ADM0_A3_TW":"VNM","ADM0_A3_IN":"VNM","ADM0_A3_NP":"VNM","ADM0_A3_PK":"VNM","ADM0_A3_DE":"VNM","ADM0_A3_GB":"VNM","ADM0_A3_BR":"VNM","ADM0_A3_IL":"VNM","ADM0_A3_PS":"VNM","ADM0_A3_SA":"VNM","ADM0_A3_EG":"VNM","ADM0_A3_MA":"VNM","ADM0_A3_PT":"VNM","ADM0_A3_AR":"VNM","ADM0_A3_JP":"VNM","ADM0_A3_KO":"VNM","ADM0_A3_VN":"VNM","ADM0_A3_TR":"VNM","ADM0_A3_ID":"VNM","ADM0_A3_PL":"VNM","ADM0_A3_GR":"VNM","ADM0_A3_IT":"VNM","ADM0_A3_NL":"VNM","ADM0_A3_SE":"VNM","ADM0_A3_BD":"VNM","ADM0_A3_UA":"VNM","ADM0_A3_UN":-99,"ADM0_A3_WB":-99,"CONTINENT":"Asia","REGION_UN":"Asia","SUBREGION":"South-Eastern Asia","REGION_WB":"East Asia & Pacific","NAME_LEN":7,"LONG_LEN":7,"ABBREV_LEN":5,"TINY":2,"HOMEPART":1,"MIN_ZOOM":0,"MIN_LABEL":2,"MAX_LABEL":7,"LABEL_X":105.387292,"LABEL_Y":21.715416,"NE_ID":1159321417,"WIKIDATAID":"Q881","NAME_AR":"فيتنام","NAME_BN":"ভিয়েতনাম","NAME_DE":"Vietnam","NAME_EN":"Vietnam","NAME_ES":"Vietnam","NAME_FA":"ویتنام","NAME_FR":"Viêt Nam","NAME_EL":"Βιετνάμ","NAME_HE":"וייטנאם","NAME_HI":"वियतनाम","NAME_HU":"Vietnám","NAME_ID":"Vietnam","NAME_IT":"Vietnam","NAME_JA":"ベトナム","NAME_KO":"베트남","NAME_NL":"Vietnam","NAME_PL":"Wietnam","NAME_PT":"Vietname","NAME_RU":"Вьетнам","NAME_SV":"Vietnam","NAME_TR":"Vietnam","NAME_UK":"В'єтнам","NAME_UR":"ویتنام","NAME_VI":"Việt Nam","NAME_ZH":"越南","NAME_ZHT":"越南","FCLASS_ISO":"Admin-0 country","TLC_DIFF":null,"FCLASS_TLC":"Admin-0 country","FCLASS_US":null,"FCLASS_FR":null,"FCLASS_RU":null,"FCLASS_ES":null,"FCLASS_CN":null,"FCLASS_TW":null,"FCLASS_IN":null,"FCLASS_NP":null,"FCLASS_PK":null,"FCLASS_DE":null,"FCLASS_GB":null,"FCLASS_BR":null,"FCLASS_IL":null,"FCLASS_PS":null,"FCLASS_SA":null,"FCLASS_EG":null,"FCLASS_MA":null,"FCLASS_PT":null,"FCLASS_AR":null,"FCLASS_JP":null,"FCLASS_KO":null,"FCLASS_VN":null,"FCLASS_TR":null,"FCLASS_ID":null,"FCLASS_PL":null,"FCLASS_GR":null,"FCLASS_IT":null,"FCLASS_NL":null,"FCLASS_SE":null,"FCLASS_BD":null,"FCLASS_UA":null},"geometry":{"type":"MultiPolygon","coordinates":[[],[],[],[],[],[],[],[]]}},{"type":"Feature","bbox":[-73.366211,0.687988,-59.828906,12.177881],"properties":{"featurecla":"Admin-0 country","scalerank":5,"LABELRANK":3,"SOVEREIGNT":"Venezuela","SOV_A3":"VEN","ADM0_DIF":0,"LEVEL":2,"TYPE":"Sovereign country","TLC":"1","ADMIN":"Venezuela","ADM0_A3":"VEN","GEOU_DIF":0,"GEOUNIT":"Venezuela","GU_A3":"VEN","SU_DIF":0,"SUBUNIT":"Venezuela","SU_A3":"VEN","BRK_DIFF":0,"NAME":"Venezuela","NAME_LONG":"Venezuela","BRK_A3":"VEN","BRK_NAME":"Venezuela","BRK_GROUP":null,"ABBREV":"Ven.","POSTAL":"VE","FORMAL_EN":"Bolivarian Republic of Venezuela","FORMAL_FR":"República Bolivariana de Venezuela","NAME_CIAWF":"Venezuela","NOTE_ADM0":null,"NOTE_BRK":null,"NAME_SORT":"Venezuela, RB","NAME_ALT":null,"MAPCOLOR7":1,"MAPCOLOR8":3,"MAPCOLOR9":1,"MAPCOLOR13":4,"POP_EST":28515829,"POP_RANK":15,"POP_YEAR":2019,"GDP_MD":482359,"GDP_YEAR":2014,"ECONOMY":"5. Emerging region: G20","INCOME_GRP":"3. Upper middle income","FIPS_10":"VE","ISO_A2":"VE","ISO_A2_EH":"VE","ISO_A3":"VEN","ISO_A3_EH":"VEN","ISO_N3":"862","ISO_N3_EH":"862","UN_A3":"862","WB_A2":"VE","WB_A3":"VEN","WOE_ID":23424982,"WOE_ID_EH":23424982,"WOE_NOTE":"Exact WOE match as country","ADM0_ISO":"VEN","ADM0_DIFF":null,"ADM0_TLC":"VEN","ADM0_A3_US":"VEN","ADM0_A3_FR":"VEN","ADM0_A3_RU":"VEN","ADM0_A3_ES":"VEN","ADM0_A3_CN":"VEN","ADM0_A3_TW":"VEN","ADM0_A3_IN":"VEN","ADM0_A3_NP":"VEN","ADM0_A3_PK":"VEN","ADM0_A3_DE":"VEN","ADM0_A3_GB":"VEN","ADM0_A3_BR":"VEN","ADM0_A3_IL":"VEN","ADM0_A3_PS":"VEN","ADM0_A3_SA":"VEN","ADM0_A3_EG":"VEN","ADM0_A3_MA":"VEN","ADM0_A3_PT":"VEN","ADM0_A3_AR":"VEN","ADM0_A3_JP":"VEN","ADM0_A3_KO":"VEN","ADM0_A3_VN":"VEN","ADM0_A3_TR":"VEN","ADM0_A3_ID":"VEN","ADM0_A3_PL":"VEN","ADM0_A3_GR":"VEN","ADM0_A3_IT":"VEN","ADM0_A3_NL":"VEN","ADM0_A3_SE":"VEN","ADM0_A3_BD":"VEN","ADM0_A3_UA":"VEN","ADM0_A3_UN":-99,"ADM0_A3_WB":-99,"CONTINENT":"South America","REGION_UN":"Americas","SUBREGION":"South America","REGION_WB":"Latin America & Caribbean","NAME_LEN":9,"LONG_LEN":9,"ABBREV_LEN":4,"TINY":-99,"HOMEPART":1,"MIN_ZOOM":0,"MIN_LABEL":2.5,"MAX_LABEL":7.5,"LABEL_X":-64.599381,"LABEL_Y":7.182476,"NE_ID":1159321411,"WIKIDATAID":"Q717","NAME_AR":"فنزويلا","NAME_BN":"ভেনেজুয়েলা","NAME_DE":"Venezuela","NAME_EN":"Venezuela","NAME_ES":"Venezuela","NAME_FA":"ونزوئلا","NAME_FR":"Venezuela","NAME_EL":"Βενεζουέλα","NAME_HE":"ונצואלה","NAME_HI":"वेनेज़ुएला","NAME_HU":"Venezuela","NAME_ID":"Venezuela","NAME_IT":"Venezuela","NAME_JA":"ベネズエラ","NAME_KO":"베네수엘라","NAME_NL":"Venezuela","NAME_PL":"Wenezuela","NAME_PT":"Venezuela","NAME_RU":"Венесуэла","NAME_SV":"Venezuela","NAME_TR":"Venezuela","NAME_UK":"Венесуела","NAME_UR":"وینیزویلا","NAME_VI":"Venezuela","NAME_ZH":"委内瑞拉","NAME_ZHT":"委內瑞拉","FCLASS_ISO":"Admin-0 country","TLC_DIFF":null,"FCLASS_TLC":"Admin-0 country","FCLASS_US":null,"FCLASS_FR":null,"FCLASS_RU":null,"FCLASS_ES":null,"FCLASS_CN":null,"FCLASS_TW":null,"FCLASS_IN":null,"FCLASS_NP":null,"FCLASS_PK":null,"FCLASS_DE":null,"FCLASS_GB":null,"FCLASS_BR":null,"FCLASS_IL":null,"FCLASS_PS":null,"FCLASS_SA":null,"FCLASS_EG":null,"FCLASS_MA":null,"FCLASS_PT":null,"FCLASS_AR":null,"FCLASS_JP":null,"FCLASS_KO":null,"FCLASS_VN":null,"FCLASS_TR":null,"FCLASS_ID":null,"FCLASS_PL":null,"FCLASS_GR":null,"FCLASS_IT":null,"FCLASS_NL":null,"FCLASS_SE":null,"FCLASS_BD":null,"FCLASS_UA":null},"geometry":{"type":"MultiPolygon","coordinates":[[],[],[],[],[]]}},{"type":"Feature","bbox":[166.526074,-20.241797,169.896289,-13.709473],"properties":{"featurecla":"Admin-0 country","scalerank":1,"LABELRANK":4,"SOVEREIGNT":"Vanuatu","SOV_A3":"VUT","ADM0_DIF":0,"LEVEL":2,"TYPE":"Sovereign country","TLC":"1","ADMIN":"Vanuatu","ADM0_A3":"VUT","GEOU_DIF":0,"GEOUNIT":"Vanuatu","GU_A3":"VUT","SU_DIF":0,"SUBUNIT":"Vanuatu","SU_A3":"VUT","BRK_DIFF":0,"NAME":"Vanuatu","NAME_LONG":"Vanuatu","BRK_A3":"VUT","BRK_NAME":"Vanuatu","BRK_GROUP":null,"ABBREV":"Van.","POSTAL":"VU","FORMAL_EN":"Republic of Vanuatu","FORMAL_FR":null,"NAME_CIAWF":"Vanuatu","NOTE_ADM0":null,"NOTE_BRK":null,"NAME_SORT":"Vanuatu","NAME_ALT":null,"MAPCOLOR7":6,"MAPCOLOR8":3,"MAPCOLOR9":7,"MAPCOLOR13":3,"POP_EST":299882,"POP_RANK":10,"POP_YEAR":2019,"GDP_MD":934,"GDP_YEAR":2019,"ECONOMY":"7. Least developed region","INCOME_GRP":"4. Lower middle income","FIPS_10":"NH","ISO_A2":"VU","ISO_A2_EH":"VU","ISO_A3":"VUT","ISO_A3_EH":"VUT","ISO_N3":"548","ISO_N3_EH":"548","UN_A3":"548","WB_A2":"VU","WB_A3":"VUT","WOE_ID":23424907,"WOE_ID_EH":23424907,"WOE_NOTE":"Exact WOE match as country","ADM0_ISO":"VUT","ADM0_DIFF":null,"ADM0_TLC":"VUT","ADM0_A3_US":"VUT","ADM0_A3_FR":"VUT","ADM0_A3_RU":"VUT","ADM0_A3_ES":"VUT","ADM0_A3_CN":"VUT","ADM0_A3_TW":"VUT","ADM0_A3_IN":"VUT","ADM0_A3_NP":"VUT","ADM0_A3_PK":"VUT","ADM0_A3_DE":"VUT","ADM0_A3_GB":"VUT","ADM0_A3_BR":"VUT","ADM0_A3_IL":"VUT","ADM0_A3_PS":"VUT","ADM0_A3_SA":"VUT","ADM0_A3_EG":"VUT","ADM0_A3_MA":"VUT","ADM0_A3_PT":"VUT","ADM0_A3_AR":"VUT","ADM0_A3_JP":"VUT","ADM0_A3_KO":"VUT","ADM0_A3_VN":"VUT","ADM0_A3_TR":"VUT","ADM0_A3_ID":"VUT","ADM0_A3_PL":"VUT","ADM0_A3_GR":"VUT","ADM0_A3_IT":"VUT","ADM0_A3_NL":"VUT","ADM0_A3_SE":"VUT","ADM0_A3_BD":"VUT","ADM0_A3_UA":"VUT","ADM0_A3_UN":-99,"ADM0_A3_WB":-99,"CONTINENT":"Oceania","REGION_UN":"Oceania","SUBREGION":"Melanesia","REGION_WB":"East Asia & Pacific","NAME_LEN":7,"LONG_LEN":7,"ABBREV_LEN":4,"TINY":2,"HOMEPART":1,"MIN_ZOOM":0,"MIN_LABEL":4,"MAX_LABEL":9,"LABEL_X":166.908762,"LABEL_Y":-15.37153,"NE_ID":1159321421,"WIKIDATAID":"Q686","NAME_AR":"فانواتو","NAME_BN":"ভানুয়াতু","NAME_DE":"Vanuatu","NAME_EN":"Vanuatu","NAME_ES":"Vanuatu","NAME_FA":"وانواتو","NAME_FR":"Vanuatu","NAME_EL":"Βανουάτου","NAME_HE":"ונואטו","NAME_HI":"वानूआटू","NAME_HU":"Vanuatu","NAME_ID":"Vanuatu","NAME_IT":"Vanuatu","NAME_JA":"バヌアツ","NAME_KO":"바누아투","NAME_NL":"Vanuatu","NAME_PL":"Vanuatu","NAME_PT":"Vanuatu","NAME_RU":"Вануату","NAME_SV":"Vanuatu","NAME_TR":"Vanuatu","NAME_UK":"Вануату","NAME_UR":"وانواتو","NAME_VI":"Vanuatu","NAME_ZH":"瓦努阿图","NAME_ZHT":"萬那杜","FCLASS_ISO":"Admin-0 country","TLC_DIFF":null,"FCLASS_TLC":"Admin-0 country","FCLASS_US":null,"FCLASS_FR":null,"FCLASS_RU":null,"FCLASS_ES":null,"FCLASS_CN":null,"FCLASS_TW":null,"FCLASS_IN":null,"FCLASS_NP":null,"FCLASS_PK":null,"FCLASS_DE":null,"FCLASS_GB":null,"FCLASS_BR":null,"FCLASS_IL":null,"FCLASS_PS":null,"FCLASS_SA":null,"FCLASS_EG":null,"FCLASS_MA":null,"FCLASS_PT":null,"FCLASS_AR":null,"FCLASS_JP":null,"FCLASS_KO":null,"FCLASS_VN":null,"FCLASS_TR":null,"FCLASS_ID":null,"FCLASS_PL":null,"FCLASS_GR":null,"FCLASS_IT":null,"FCLASS_NL":null,"FCLASS_SE":null,"FCLASS_BD":null,"FCLASS_UA":null},"geometry":{"type":"MultiPolygon","coordinates":[[[[30.224210693154124,-2.031551726846069],[30.235440418589192,-2.3775483968021636],[30.304572709134757,-2.3874462217885832],[30.342389734004353,-2.3749472351453527],[30.394398577960477,-2.302256203468962],[30.430380271904376,-2.180985970095748],[30.46907822356003,-2.168820450563262],[30.512325412522788,-2.1890205003268575],[30.48704259113173,-2.225535172461919],[30.485855733147304,-2.3268406267299855],[30.512770891724745,-2.387096211540279],[30.53450007367541,-2.400643659269587],[30.542871481981734,-2.6671873177928394],[30.552068714446207,-2.7242203747365816],[30.544558623209426,-2.767547326224164],[30.433224370183535,-2.849335788593132],[30.289244872765547,-2.8240015446856463],[30.178941032116366,-2.8661346502768907],[30.11753299112066,-2.852791247098152],[30.127784673384856,-2.787356340308087],[30.080222432073842,-2.7267593253716265],[30.034047776508036,-2.605613658709487],[30.078092012021866,-2.40982705134613],[30.019244805732452,-2.0246911659590543],[30.031072539574524,-1.932465115847591],[30.086004362692886,-1.8179636582214147],[30.124095603546564,-1.8182166821406698],[30.16062600004652,-1.9263185687124154],[30.224210693154124,-2.031551726846069]]],[[[30.64584425710013,-3.419883499381154],[30.684583734890204,-3.4486654891011854],[30.707519708300484,-3.4523203455347633],[30.71362436909962,-3.5040382629400035],[30.829106708762712,-3.6238375047370797],[30.86545718362908,-3.626828196629198],[30.887208409102843,-3.6857932945796725],[30.939032853348067,-3.7221987852244864],[30.945504788296596,-3.7797399864818373],[30.97679306467918,-3.842327549806438],[30.896032003430626,-3.8988814924738446],[30.763707548577337,-3.8589541369797478],[30.674051302879274,-3.923493653396544],[30.606908226577726,-3.8925427551405622],[30.60122987275415,-3.85017674323049],[30.613143253894847,-3.83823215816963],[30.5873746266823,-3.728383407196228],[30.592911512626063,-3.5677243552466504],[30.57883676693323,-3.4703560202941737],[30.554210219791354,-3.425812943638115],[30.485319729855902,-3.4504451963991043],[30.458808160757734,-3.4521590530364508],[30.409504505304184,-3.366402101335351],[30.461842125556952,-3.216234675401738],[30.483641859355554,-3.1743559012461477],[30.534553843263417,-3.17371344882328],[30.603491554428363,-3.226246754453021],[30.64584425710013,-3.419883499381154]]],[[[31.477762124508985,-4.268671968337164],[31.50231889100471,-4.288292867026994],[31.48052193628831,-4.327974682378315],[31.363684448002775,-4.259105083186899],[31.26034855721503,-4.261187773031806],[31.232676182160958,-4.254370919167128],[31.2091004477608,-4.2104715226137435],[31.199543469973694,-4.129799184830332],[31.21829166094159,-4.077359387533009],[31.266624662391894,-4.0466233700969845],[31.283423444971017,-4.043060371792024],[31.307334278351156,-4.094883744830675],[31.33096305597447,-4.131357138485569],[31.35661879743349,-4.1495890395382125],[31.40777722841135,-4.236092015495875],[31.477762124508985,-4.268671968337164]]],[[[31.414093482651463,-3.7954989180443897],[31.308399607301354,-3.788859397719977],[31.16700273654207,-3.7331846506507445],[31.115042249213094,-3.6794226416165703],[31.09645921336598,-3.630899534200718],[31.15228723304349,-3.6062894333800273],[31.227393306833683,-3.6025848481975293],[31.334176639478766,-3.5158596790755583],[31.35949449762748,-3.559920460630711],[31.3753667835092,-3.6791424076792922],[31.40658649725823,-3.719398162285598],[31.42138584934385,-3.7571707162984076],[31.414093482651463,-3.7954989180443897]]],[[[31.34762189704909,-5.0451824272007935],[31.41293691937641,-5.205180278593887],[31.446675707385168,-5.222643972116169],[31.37443590102525,-5.31718862708493],[31.259897838616983,-5.307397399485404],[31.131125496139674,-5.258058834873247],[31.186119803320913,-5.230679337623684],[31.167654317991335,-5.186155569815717],[31.128721085510094,-5.1712574413144985],[31.079233196231048,-5.182753683840875],[31.058812860250672,-5.1726061177526415],[31.099656668793294,-5.110798551363289],[31.189848096321747,-5.029185715012332],[31.21308483148833,-5.025427275655241],[31.23320295252715,-5.027780415661519],[31.251232517476502,-5.039277556979495],[31.34762189704909,-5.0451824272007935]]],[[[31.204735005386034,-2.8199733954736272],[31.13621146232489,-2.8569715263290103],[31.023262655867462,-2.834368076774706],[30.98507290956695,-2.801272505020223],[31.14579569894626,-2.6810724779791397],[31.31178370836001,-2.6774809839503106],[31.204735005386034,-2.8199733954736272]]],[[[31.396662519025806,-3.4097403604146366],[31.381221916978838,-3.408549891383061],[31.37312380980839,-3.3591303928838463],[31.360220926783267,-3.1010272275467803],[31.428368880277432,-2.8829899604212184],[31.442681216470223,-2.933817544943122],[31.45918915165633,-3.338233413612606],[31.438742947792004,-3.4006776187727503],[31.396662519025806,-3.4097403604146366]]],[[[31.47573512786103,-2.7514258670126854],[31.450324381244787,-2.8120808849075454],[31.42349398104846,-2.732791741875436],[31.445703915790325,-2.420188121939637],[31.459816399677198,-2.393137455921398],[31.4798557978165,-2.394099667459059],[31.4939995196062,-2.616476255792051],[31.47573512786103,-2.7514258670126854]]],[[[30.526105687146977,-3.013222651191519],[30.505489529217776,-3.037073247296147],[30.418132075429988,-2.955798281459479],[30.4499438861975,-2.8954128565255117],[30.55231092506898,-2.93485068946492],[30.526105687146977,-3.013222651191519]]],[[[31.07972498701804,-1.5729381574205163],[31.034044219101812,-1.6187582316078784],[30.93219946615182,-1.585564480692248],[30.909424516178923,-1.5680882578038429],[30.928123666947585,-1.4832402290936837],[30.958414244975057,-1.4576453697404987],[31.024382054740347,-1.4404125494892293],[31.10379407877277,-1.496130092873353],[31.07972498701804,-1.5729381574205163]]],[[[31.04149180690327,-1.197836731484392],[31.02655924530434,-1.2058333516185513],[31.006249437107428,-1.1946622825857838],[30.968403437745366,-1.0626233869624402],[30.987952198285473,-1.0235374411594642],[31.06201748451325,-0.9946278299321983],[31.113864728700868,-1.0727006227234082],[31.11440196964558,-1.111719255301799],[31.109481281000956,-1.1440881845810604],[31.09622324291683,-1.1706890895644506],[31.05371492503587,-1.176071963194474],[31.04149180690327,-1.197836731484392]]],[[[32.15252434299325,-7.9528447823594695],[32.11040584398043,-8.00282168295909],[32.06272378790074,-7.993354358695812],[32.00902255773565,-7.942776334799269],[32.03040543851862,-7.8956285229090994],[32.101827227589844,-7.899715076364874],[32.121395276792654,-7.906673374659778],[32.15252434299325,-7.9528447823594695]]],[[[31.92046542588634,-7.234378859466487],[31.852521991759673,-7.335843512578678],[31.77632751423936,-7.295733166736802],[31.715488469440363,-7.202788384059577],[31.689058226337963,-7.126322130980764],[31.7408147973154,-6.997910924929883],[31.78406896554254,-6.981606477663641],[31.823270522794722,-6.996453139552478],[31.819437344698496,-7.1301719125584935],[31.92046542588634,-7.234378859466487]]],[[[31.89465305163559,-6.602103992689325],[31.84443029966923,-6.643787749154243],[31.809488417244403,-6.632086715097047],[31.59692056812826,-6.477544836764956],[31.615222450577228,-6.432555580404916],[31.627257614064696,-6.311714970202657],[31.66469276381387,-6.251459351727058],[31.7340674882568,-6.236106984423966],[31.781684776815013,-6.2586511958914075],[31.794933161174082,-6.359377680541152],[31.85737978743804,-6.410431158182313],[31.802560269413995,-6.434594196819941],[31.874274399632576,-6.521643191582133],[31.89465305163559,-6.602103992689325]]]]}},{"type":"Feature","bbox":[55.975684,37.172217,73.136914,45.555371],"properties":{"featurecla":"Admin-0 country","scalerank":1,"LABELRANK":3,"SOVEREIGNT":"Uzbekistan","SOV_A3":"UZB","ADM0_DIF":0,"LEVEL":2,"TYPE":"Sovereign country","TLC":"1","ADMIN":"Uzbekistan","ADM0_A3":"UZB","GEOU_DIF":0,"GEOUNIT":"Uzbekistan","GU_A3":"UZB","SU_DIF":0,"SUBUNIT":"Uzbekistan","SU_A3":"UZB","BRK_DIFF":0,"NAME":"Uzbekistan","NAME_LONG":"Uzbekistan","BRK_A3":"UZB","BRK_NAME":"Uzbekistan","BRK_GROUP":null,"ABBREV":"Uzb.","POSTAL":"UZ","FORMAL_EN":"Republic of Uzbekistan","FORMAL_FR":null,"NAME_CIAWF":"Uzbekistan","NOTE_ADM0":null,"NOTE_BRK":null,"NAME_SORT":"Uzbekistan","NAME_ALT":null,"MAPCOLOR7":2,"MAPCOLOR8":3,"MAPCOLOR9":5,"MAPCOLOR13":4,"POP_EST":33580650,"POP_RANK":15,"POP_YEAR":2019,"GDP_MD":57921,"GDP_YEAR":2019,"ECONOMY":"6. Developing region","INCOME_GRP":"4. Lower middle income","FIPS_10":"UZ","ISO_A2":"UZ","ISO_A2_EH":"UZ","ISO_A3":"UZB","ISO_A3_EH":"UZB","ISO_N3":"860","ISO_N3_EH":"860","UN_A3":"860","WB_A2":"UZ","WB_A3":"UZB","WOE_ID":23424980,"WOE_ID_EH":23424980,"WOE_NOTE":"Exact WOE match as country","ADM0_ISO":"UZB","ADM0_DIFF":null,"ADM0_TLC":"UZB","ADM0_A3_US":"UZB","ADM0_A3_FR":"UZB","ADM0_A3_RU":"UZB","ADM0_A3_ES":"UZB","ADM0_A3_CN":"UZB","ADM0_A3_TW":"UZB","ADM0_A3_IN":"UZB","ADM0_A3_NP":"UZB","ADM0_A3_PK":"UZB","ADM0_A3_DE":"UZB","ADM0_A3_GB":"UZB","ADM0_A3_BR":"UZB","ADM0_A3_IL":"UZB","ADM0_A3_PS":"UZB","ADM0_A3_SA":"UZB","ADM0_A3_EG":"UZB","ADM0_A3_MA":"UZB","ADM0_A3_PT":"UZB","ADM0_A3_AR":"UZB","ADM0_A3_JP":"UZB","ADM0_A3_KO":"UZB","ADM0_A3_VN":"UZB","ADM0_A3_TR":"UZB","ADM0_A3_ID":"UZB","ADM0_A3_PL":"UZB","ADM0_A3_GR":"UZB","ADM0_A3_IT":"UZB","ADM0_A3_NL":"UZB","ADM0_A3_SE":"UZB","ADM0_A3_BD":"UZB","ADM0_A3_UA":"UZB","ADM0_A3_UN":-99,"ADM0_A3_WB":-99,"CONTINENT":"Asia","REGION_UN":"Asia","SUBREGION":"Central Asia","REGION_WB":"Europe & Central Asia","NAME_LEN":10,"LONG_LEN":10,"ABBREV_LEN":4,"TINY":5,"HOMEPART":1,"MIN_ZOOM":0,"MIN_LABEL":3,"MAX_LABEL":8,"LABEL_X":64.005429,"LABEL_Y":41.693603,"NE_ID":1159321405,"WIKIDATAID":"Q265","NAME_AR":"أوزبكستان","NAME_BN":"উজবেকিস্তান","NAME_DE":"Usbekistan","NAME_EN":"Uzbekistan","NAME_ES":"Uzbekistán","NAME_FA":"ازبکستان","NAME_FR":"Ouzbékistan","NAME_EL":"Ουζμπεκιστάν","NAME_HE":"אוזבקיסטן","NAME_HI":"उज़्बेकिस्तान","NAME_HU":"Üzbegisztán","NAME_ID":"Uzbekistan","NAME_IT":"Uzbekistan","NAME_JA":"ウズベキスタン","NAME_KO":"우즈베키스탄","NAME_NL":"Oezbekistan","NAME_PL":"Uzbekistan","NAME_PT":"Uzbequistão","NAME_RU":"Узбекистан","NAME_SV":"Uzbekistan","NAME_TR":"Özbekistan","NAME_UK":"Узбекистан","NAME_UR":"ازبکستان","NAME_VI":"Uzbekistan","NAME_ZH":"乌兹别克斯坦","NAME_ZHT":"烏茲別克","FCLASS_ISO":"Admin-0 country","TLC_DIFF":null,"FCLASS_TLC":"Admin-0 country","FCLASS_US":null,"FCLASS_FR":null,"FCLASS_RU":null,"FCLASS_ES":null,"FCLASS_CN":null,"FCLASS_TW":null,"FCLASS_IN":null,"FCLASS_NP":null,"FCLASS_PK":null,"FCLASS_DE":null,"FCLASS_GB":null,"FCLASS_BR":null,"FCLASS_IL":null,"FCLASS_PS":null,"FCLASS_SA":null,"FCLASS_EG":null,"FCLASS_MA":null,"FCLASS_PT":null,"FCLASS_AR":null,"FCLASS_JP":null,"FCLASS_KO":null,"FCLASS_VN":null,"FCLASS_TR":null,"FCLASS_ID":null,"FCLASS_PL":null,"FCLASS_GR":null,"FCLASS_IT":null,"FCLASS_NL":null,"FCLASS_SE":null,"FCLASS_BD":null,"FCLASS_UA":null},"geometry":{"type":"MultiPolygon","coordinates":[[],[],[]]}},{"type":"Feature","bbox":[138.061914,5.277246,162.993457,9.593311],"properties":{"featurecla":"Admin-0 country","scalerank":3,"LABELRANK":6,"SOVEREIGNT":"Federated States of Micronesia","SOV_A3":"FSM","ADM0_DIF":0,"LEVEL":2,"TYPE":"Sovereign country","TLC":"1","ADMIN":"Federated States of Micronesia","ADM0_A3":"FSM","GEOU_DIF":0,"GEOUNIT":"Federated States of Micronesia","GU_A3":"FSM","SU_DIF":0,"SUBUNIT":"Federated States of Micronesia","SU_A3":"FSM","BRK_DIFF":0,"NAME":"Micronesia","NAME_LONG":"Federated States of Micronesia","BRK_A3":"FSM","BRK_NAME":"Micronesia","BRK_GROUP":null,"ABBREV":"F.S.M.","POSTAL":"FSM","FORMAL_EN":"Federated States of Micronesia","FORMAL_FR":null,"NAME_CIAWF":"Micronesia, Federated States of","NOTE_ADM0":null,"NOTE_BRK":null,"NAME_SORT":"Micronesia, Federated States of","NAME_ALT":null,"MAPCOLOR7":5,"MAPCOLOR8":2,"MAPCOLOR9":4,"MAPCOLOR13":13,"POP_EST":113815,"POP_RANK":9,"POP_YEAR":2019,"GDP_MD":401,"GDP_YEAR":2018,"ECONOMY":"6. Developing region","INCOME_GRP":"4. Lower middle income","FIPS_10":"FM","ISO_A2":"FM","ISO_A2_EH":"FM","ISO_A3":"FSM","ISO_A3_EH":"FSM","ISO_N3":"583","ISO_N3_EH":"583","UN_A3":"583","WB_A2":"FM","WB_A3":"FSM","WOE_ID":23424815,"WOE_ID_EH":23424815,"WOE_NOTE":"Exact WOE match as country","ADM0_ISO":"FSM","ADM0_DIFF":null,"ADM0_TLC":"FSM","ADM0_A3_US":"FSM","ADM0_A3_FR":"FSM","ADM0_A3_RU":"FSM","ADM0_A3_ES":"FSM","ADM0_A3_CN":"FSM","ADM0_A3_TW":"FSM","ADM0_A3_IN":"FSM","ADM0_A3_NP":"FSM","ADM0_A3_PK":"FSM","ADM0_A3_DE":"FSM","ADM0_A3_GB":"FSM","ADM0_A3_BR":"FSM","ADM0_A3_IL":"FSM","ADM0_A3_PS":"FSM","ADM0_A3_SA":"FSM","ADM0_A3_EG":"FSM","ADM0_A3_MA":"FSM","ADM0_A3_PT":"FSM","ADM0_A3_AR":"FSM","ADM0_A3_JP":"FSM","ADM0_A3_KO":"FSM","ADM0_A3_VN":"FSM","ADM0_A3_TR":"FSM","ADM0_A3_ID":"FSM","ADM0_A3_PL":"FSM","ADM0_A3_GR":"FSM","ADM0_A3_IT":"FSM","ADM0_A3_NL":"FSM","ADM0_A3_SE":"FSM","ADM0_A3_BD":"FSM","ADM0_A3_UA":"FSM","ADM0_A3_UN":-99,"ADM0_A3_WB":-99,"CONTINENT":"Oceania","REGION_UN":"Oceania","SUBREGION":"Micronesia","REGION_WB":"East Asia & Pacific","NAME_LEN":10,"LONG_LEN":30,"ABBREV_LEN":6,"TINY":-99,"HOMEPART":1,"MIN_ZOOM":0,"MIN_LABEL":5,"MAX_LABEL":10,"LABEL_X":158.234019,"LABEL_Y":6.887553,"NE_ID":1159320691,"WIKIDATAID":"Q702","NAME_AR":"ولايات ميكرونيسيا المتحدة","NAME_BN":"মাইক্রোনেশিয়া যুক্তরাজ্য","NAME_DE":"Föderierte Staaten von Mikronesien","NAME_EN":"Federated States of Micronesia","NAME_ES":"Estados Federados de Micronesia","NAME_FA":"میکرونزی","NAME_FR":"États fédérés de Micronésie","NAME_EL":"Ομόσπονδες Πολιτείες της Μικρονησίας","NAME_HE":"מיקרונזיה","NAME_HI":"माइक्रोनेशिया के संघीकृत राज्य","NAME_HU":"Mikronéziai Szövetségi Államok","NAME_ID":"Mikronesia","NAME_IT":"Stati Federati di Micronesia","NAME_JA":"ミクロネシア連邦","NAME_KO":"미크로네시아 연방","NAME_NL":"Micronesia","NAME_PL":"Mikronezja","NAME_PT":"Micronésia","NAME_RU":"Микронезия","NAME_SV":"Mikronesiska federationen","NAME_TR":"Mikronezya","NAME_UK":"Мікронезія","NAME_UR":"مائیکرونیشیا","NAME_VI":"Micronesia","NAME_ZH":"密克罗尼西亚联邦","NAME_ZHT":"密克羅尼西亞聯邦","FCLASS_ISO":"Admin-0 country","TLC_DIFF":null,"FCLASS_TLC":"Admin-0 country","FCLASS_US":null,"FCLASS_FR":null,"FCLASS_RU":null,"FCLASS_ES":null,"FCLASS_CN":null,"FCLASS_TW":null,"FCLASS_IN":null,"FCLASS_NP":null,"FCLASS_PK":null,"FCLASS_DE":null,"FCLASS_GB":null,"FCLASS_BR":null,"FCLASS_IL":null,"FCLASS_PS":null,"FCLASS_SA":null,"FCLASS_EG":null,"FCLASS_MA":null,"FCLASS_PT":null,"FCLASS_AR":null,"FCLASS_JP":null,"FCLASS_KO":null,"FCLASS_VN":null,"FCLASS_TR":null,"FCLASS_ID":null,"FCLASS_PL":null,"FCLASS_GR":null,"FCLASS_IT":null,"FCLASS_NL":null,"FCLASS_SE":null,"FCLASS_BD":null,"FCLASS_UA":null},"geometry":{"type":"MultiPolygon","coordinates":[[[[28.01485261824009,18.569754871529902],[28.024922697953915,18.522560418064526],[27.962569010392457,18.550190201702947],[27.953942689295246,18.567283597776548],[27.990330422285407,18.580637864672887],[28.01485261824009,18.569754871529902]]],[[[3.170906634130711,23.460992574291787],[3.0949147459823716,23.38878508945291],[3.0896104348388125,23.41264255663116],[3.112805647210078,23.455995702121943],[3.144741314583946,23.505309754515356],[3.1749709315075005,23.53482784876832],[3.2141412188204783,23.543178599265556],[3.2422686042825237,23.501901579502622],[3.21107634979379,23.466642691181548],[3.170906634130711,23.460992574291787]]],[[[16.767322197307205,21.16662536197437],[16.759133419718612,21.154875444621275],[16.697954839188426,21.162259618523837],[16.689298152519655,21.16946281388743],[16.69462015883453,21.17456510423707],[16.72377036832054,21.178701386104958],[16.727130375499495,21.19523946606671],[16.712154595143105,21.199446553895154],[16.72486596111233,21.207584578043846],[16.74867920472856,21.208097797309932],[16.76254601625177,21.197209896835062],[16.769913453753567,21.18180969560981],[16.767322197307205,21.16662536197437]]],[[[17.000217532784756,21.23506437057654],[16.98308382158441,21.230991634283022],[16.974740496298246,21.23598656747433],[16.9785123046785,21.25931765366818],[16.98380150980726,21.26715160380152],[17.000290973541613,21.267262542041312],[17.02905380588966,21.259599297625208],[17.031161267033728,21.25371877391153],[17.000217532784756,21.23506437057654]]],[[[23.407141198075898,20.312798518656848],[23.349625857098967,20.295320533899986],[23.277122934623904,20.30955141744568],[23.2540671257618,20.387194264109525],[23.220993226109385,20.409680021682107],[23.227679036123877,20.446765166047125],[23.27822365930818,20.47426412006926],[23.385880230809974,20.44251104119474],[23.426341004728,20.385838296111636],[23.40136522872396,20.35145243442877],[23.407141198075898,20.312798518656848]]]]}},{"type":"Feature","bbox":[166.844727,5.799805,171.756836,11.168652],"properties":{"featurecla":"Admin-0 country","scalerank":5,"LABELRANK":6,"SOVEREIGNT":"Marshall Islands","SOV_A3":"MHL","ADM0_DIF":0,"LEVEL":2,"TYPE":"Sovereign country","TLC":"1","ADMIN":"Marshall Islands","ADM0_A3":"MHL","GEOU_DIF":0,"GEOUNIT":"Marshall Islands","GU_A3":"MHL","SU_DIF":0,"SUBUNIT":"Marshall Islands","SU_A3":"MHL","BRK_DIFF":0,"NAME":"Marshall Is.","NAME_LONG":"Marshall Islands","BRK_A3":"MHL","BRK_NAME":"Marshall Is.","BRK_GROUP":null,"ABBREV":"M. Is.","POSTAL":"MH","FORMAL_EN":"Republic of the Marshall Islands","FORMAL_FR":null,"NAME_CIAWF":"Marshall Islands","NOTE_ADM0":null,"NOTE_BRK":null,"NAME_SORT":"Marshall Islands","NAME_ALT":null,"MAPCOLOR7":2,"MAPCOLOR8":5,"MAPCOLOR9":5,"MAPCOLOR13":3,"POP_EST":58791,"POP_RANK":8,"POP_YEAR":2019,"GDP_MD":221,"GDP_YEAR":2018,"ECONOMY":"6. Developing region","INCOME_GRP":"4. Lower middle income","FIPS_10":"RM","ISO_A2":"MH","ISO_A2_EH":"MH","ISO_A3":"MHL","ISO_A3_EH":"MHL","ISO_N3":"584","ISO_N3_EH":"584","UN_A3":"584","WB_A2":"MH","WB_A3":"MHL","WOE_ID":23424932,"WOE_ID_EH":23424932,"WOE_NOTE":"Exact WOE match as country","ADM0_ISO":"MHL","ADM0_DIFF":null,"ADM0_TLC":"MHL","ADM0_A3_US":"MHL","ADM0_A3_FR":"MHL","ADM0_A3_RU":"MHL","ADM0_A3_ES":"MHL","ADM0_A3_CN":"MHL","ADM0_A3_TW":"MHL","ADM0_A3_IN":"MHL","ADM0_A3_NP":"MHL","ADM0_A3_PK":"MHL","ADM0_A3_DE":"MHL","ADM0_A3_GB":"MHL","ADM0_A3_BR":"MHL","ADM0_A3_IL":"MHL","ADM0_A3_PS":"MHL","ADM0_A3_SA":"MHL","ADM0_A3_EG":"MHL","ADM0_A3_MA":"MHL","ADM0_A3_PT":"MHL","ADM0_A3_AR":"MHL","ADM0_A3_JP":"MHL","ADM0_A3_KO":"MHL","ADM0_A3_VN":"MHL","ADM0_A3_TR":"MHL","ADM0_A3_ID":"MHL","ADM0_A3_PL":"MHL","ADM0_A3_GR":"MHL","ADM0_A3_IT":"MHL","ADM0_A3_NL":"MHL","ADM0_A3_SE":"MHL","ADM0_A3_BD":"MHL","ADM0_A3_UA":"MHL","ADM0_A3_UN":-99,"ADM0_A3_WB":-99,"CONTINENT":"Oceania","REGION_UN":"Oceania","SUBREGION":"Micronesia","REGION_WB":"East Asia & Pacific","NAME_LEN":12,"LONG_LEN":16,"ABBREV_LEN":6,"TINY":2,"HOMEPART":1,"MIN_ZOOM":0,"MIN_LABEL":5,"MAX_LABEL":10,"LABEL_X":171.193609,"LABEL_Y":7.082568,"NE_ID":1159321057,"WIKIDATAID":"Q709","NAME_AR":"جزر مارشال","NAME_BN":"মার্শাল দ্বীপপুঞ্জ","NAME_DE":"Marshallinseln","NAME_EN":"Marshall Islands","NAME_ES":"Islas Marshall","NAME_FA":"جزایر مارشال","NAME_FR":"Îles Marshall","NAME_EL":"Νησιά Μάρσαλ","NAME_HE":"איי מרשל","NAME_HI":"मार्शल द्वीपसमूह","NAME_HU":"Marshall-szigetek","NAME_ID":"Kepulauan Marshall","NAME_IT":"Isole Marshall","NAME_JA":"マーシャル諸島","NAME_KO":"마셜 제도","NAME_NL":"Marshalleilanden","NAME_PL":"Wyspy Marshalla","NAME_PT":"Ilhas Marshall","NAME_RU":"Маршалловы Острова","NAME_SV":"Marshallöarna","NAME_TR":"Marshall Adaları","NAME_UK":"Маршаллові Острови","NAME_UR":"جزائر مارشل","NAME_VI":"Quần đảo Marshall","NAME_ZH":"马绍尔群岛","NAME_ZHT":"馬紹爾群島","FCLASS_ISO":"Admin-0 country","TLC_DIFF":null,"FCLASS_TLC":"Admin-0 country","FCLASS_US":null,"FCLASS_FR":null,"FCLASS_RU":null,"FCLASS_ES":null,"FCLASS_CN":null,"FCLASS_TW":null,"FCLASS_IN":null,"FCLASS_NP":null,"FCLASS_PK":null,"FCLASS_DE":null,"FCLASS_GB":null,"FCLASS_BR":null,"FCLASS_IL":null,"FCLASS_PS":null,"FCLASS_SA":null,"FCLASS_EG":null,"FCLASS_MA":null,"FCLASS_PT":null,"FCLASS_AR":null,"FCLASS_JP":null,"FCLASS_KO":null,"FCLASS_VN":null,"FCLASS_TR":null,"FCLASS_ID":null,"FCLASS_PL":null,"FCLASS_GR":null,"FCLASS_IT":null,"FCLASS_NL":null,"FCLASS_SE":null,"FCLASS_BD":null,"FCLASS_UA":null},"geometry":{"type":"MultiPolygon","coordinates":[[[[34.48521658226172,18.45953961400989],[34.46639330619613,18.43203956311303],[34.442365055514976,18.436538586106902],[34.46319627489346,18.456287240678524],[34.4774876778931,18.485338905899205],[34.50017993528321,18.56977977813739],[34.54758770729091,18.59595579200931],[34.580357597297656,18.628645913158977],[34.57264273387705,18.592070234494543],[34.52094640414267,18.558033575059756],[34.48521658226172,18.45953961400989]]],[[[33.69394785220776,19.96496275817694],[33.679840388601576,19.95151172993539],[33.58672228534374,19.96911702355422],[33.543753506002986,19.991553922077838],[33.54759060752376,20.00489443319286],[33.62144046247051,19.98473791978211],[33.69394785220776,19.96496275817694]]],[[[36.34260817794434,19.449910893948275],[36.378778180652034,19.425155417092256],[36.44935642303887,19.41936981980331],[36.515735713008915,19.358902986670085],[36.49041422298316,19.364932847879228],[36.45451871987007,19.391543977030874],[36.42180025283196,19.404594487904276],[36.37848437182485,19.40633980215551],[36.357850077446265,19.417307764961887],[36.34260817794434,19.449910893948275]]],[[[35.88508655546285,19.584414082029497],[36.00585204761993,19.522383559710605],[36.16559277183845,19.5290746393023],[36.14013927718845,19.51681901255903],[36.08055272396301,19.509039700125374],[36.040984590943125,19.501123504107365],[36.01417422330211,19.50389363433678],[35.9824176908771,19.51180348739821],[35.87931943343493,19.556999704846053],[35.82123139248363,19.608237859907693],[35.835068004299835,19.62197392282643],[35.88508655546285,19.584414082029497]]],[[[31.702149761128688,23.750106003047566],[31.677390901529936,23.74570954000085],[31.6579796545009,23.75377245594286],[31.671125650445173,23.764687986746715],[31.699294316852875,23.764682093470572],[31.710419926533994,23.76049632635384],[31.702149761128688,23.750106003047566]]]]}},{"type":"Feature","bbox":[145.152148,14.111328,145.835449,18.806787],"properties":{"featurecla":"Admin-0 country","scalerank":3,"LABELRANK":6,"SOVEREIGNT":"United States of America","SOV_A3":"US1","ADM0_DIF":1,"LEVEL":2,"TYPE":"Dependency","TLC":"1","ADMIN":"Northern Mariana Islands","ADM0_A3":"MNP","GEOU_DIF":0,"GEOUNIT":"Northern Mariana Islands","GU_A3":"MNP","SU_DIF":0,"SUBUNIT":"Northern Mariana Islands","SU_A3":"MNP","BRK_DIFF":0,"NAME":"N. Mariana Is.","NAME_LONG":"Northern Mariana Islands","BRK_A3":"MNP","BRK_NAME":"N. Mariana Is.","BRK_GROUP":null,"ABBREV":"N.M.I.","POSTAL":"MP","FORMAL_EN":"Commonwealth of the Northern Mariana Islands","FORMAL_FR":null,"NAME_CIAWF":"Northern Mariana Islands","NOTE_ADM0":"U.S.A.","NOTE_BRK":null,"NAME_SORT":"Northern Mariana Islands","NAME_ALT":null,"MAPCOLOR7":4,"MAPCOLOR8":5,"MAPCOLOR9":1,"MAPCOLOR13":1,"POP_EST":57216,"POP_RANK":8,"POP_YEAR":2019,"GDP_MD":1323,"GDP_YEAR":2018,"ECONOMY":"6. Developing region","INCOME_GRP":"2. High income: nonOECD","FIPS_10":"CQ","ISO_A2":"MP","ISO_A2_EH":"MP","ISO_A3":"MNP","ISO_A3_EH":"MNP","ISO_N3":"580","ISO_N3_EH":"580","UN_A3":"580","WB_A2":"MP","WB_A3":"MNP","WOE_ID":23424788,"WOE_ID_EH":23424788,"WOE_NOTE":"Exact WOE match as country","ADM0_ISO":"MNP","ADM0_DIFF":null,"ADM0_TLC":"MNP","ADM0_A3_US":"MNP","ADM0_A3_FR":"MNP","ADM0_A3_RU":"MNP","ADM0_A3_ES":"MNP","ADM0_A3_CN":"MNP","ADM0_A3_TW":"MNP","ADM0_A3_IN":"MNP","ADM0_A3_NP":"MNP","ADM0_A3_PK":"MNP","ADM0_A3_DE":"MNP","ADM0_A3_GB":"MNP","ADM0_A3_BR":"MNP","ADM0_A3_IL":"MNP","ADM0_A3_PS":"MNP","ADM0_A3_SA":"MNP","ADM0_A3_EG":"MNP","ADM0_A3_MA":"MNP","ADM0_A3_PT":"MNP","ADM0_A3_AR":"MNP","ADM0_A3_JP":"MNP","ADM0_A3_KO":"MNP","ADM0_A3_VN":"MNP","ADM0_A3_TR":"MNP","ADM0_A3_ID":"MNP","ADM0_A3_PL":"MNP","ADM0_A3_GR":"MNP","ADM0_A3_IT":"MNP","ADM0_A3_NL":"MNP","ADM0_A3_SE":"MNP","ADM0_A3_BD":"MNP","ADM0_A3_UA":"MNP","ADM0_A3_UN":-99,"ADM0_A3_WB":-99,"CONTINENT":"Oceania","REGION_UN":"Oceania","SUBREGION":"Micronesia","REGION_WB":"East Asia & Pacific","NAME_LEN":14,"LONG_LEN":24,"ABBREV_LEN":6,"TINY":3,"HOMEPART":-99,"MIN_ZOOM":0,"MIN_LABEL":5,"MAX_LABEL":10,"LABEL_X":145.734397,"LABEL_Y":15.188188,"NE_ID":1159321361,"WIKIDATAID":"Q16644","NAME_AR":"جزر ماريانا الشمالية","NAME_BN":"উত্তর মারিয়ানা দ্বীপপুঞ্জ","NAME_DE":"Nördliche Marianen","NAME_EN":"Northern Mariana Islands","NAME_ES":"Islas Marianas del Norte","NAME_FA":"جزایر ماریانای شمالی","NAME_FR":"îles Mariannes du Nord","NAME_EL":"Βόρειες Μαριάνες Νήσοι","NAME_HE":"איי מריאנה הצפוניים","NAME_HI":"उत्तरी मारियाना द्वीप","NAME_HU":"Északi-Mariana-szigetek","NAME_ID":"Kepulauan Mariana Utara","NAME_IT":"Isole Marianne Settentrionali","NAME_JA":"北マリアナ諸島","NAME_KO":"북마리아나 제도","NAME_NL":"Noordelijke Marianen","NAME_PL":"Mariany Północne","NAME_PT":"Ilhas Marianas do Norte","NAME_RU":"Северные Марианские острова","NAME_SV":"Nordmarianerna","NAME_TR":"Kuzey Mariana Adaları","NAME_UK":"Північні Маріанські острови","NAME_UR":"جزائر شمالی ماریانا","NAME_VI":"Quần đảo Bắc Mariana","NAME_ZH":"北马里亚纳群岛","NAME_ZHT":"北馬里亞納群島","FCLASS_ISO":"Admin-0 dependency","TLC_DIFF":null,"FCLASS_TLC":"Admin-0 dependency","FCLASS_US":null,"FCLASS_FR":null,"FCLASS_RU":null,"FCLASS_ES":null,"FCLASS_CN":null,"FCLASS_TW":null,"FCLASS_IN":null,"FCLASS_NP":null,"FCLASS_PK":null,"FCLASS_DE":null,"FCLASS_GB":null,"FCLASS_BR":null,"FCLASS_IL":null,"FCLASS_PS":null,"FCLASS_SA":null,"FCLASS_EG":null,"FCLASS_MA":null,"FCLASS_PT":null,"FCLASS_AR":null,"FCLASS_JP":null,"FCLASS_KO":null,"FCLASS_VN":null,"FCLASS_TR":null,"FCLASS_ID":null,"FCLASS_PL":null,"FCLASS_GR":null,"FCLASS_IT":null,"FCLASS_NL":null,"FCLASS_SE":null,"FCLASS_BD":null,"FCLASS_UA":null},"geometry":{"type":"MultiPolygon","coordinates":[[[[10.580600766775667,31.277941207292844],[10.55205460145892,31.24800452708386],[10.525906466319572,31.270856237342255],[10.517121560806267,31.31524410546654],[10.56126278320559,31.310234050824725],[10.577904745382044,31.30084592598391],[10.580600766775667,31.277941207292844]]],[[[10.66021459373857,29.26982022173041],[10.638705452325814,29.26439372920248],[10.606915452023799,29.268100683036273],[10.584379742292484,29.28173754639849],[10.578695097814562,29.304043492378824],[10.642597832190935,29.304162936119088],[10.66699513713796,29.28700944815849],[10.66021459373857,29.26982022173041]]],[[[10.269503653077416,27.4278823751576],[10.22110908830906,27.388784721404406],[10.185233945174884,27.397831232276175],[10.162770895913429,27.411953278268548],[10.15693477219614,27.434976458723035],[10.23647353806316,27.45545317146613],[10.269607365294625,27.446845141121063],[10.269503653077416,27.4278823751576]]],[[[10.67181426957833,30.715639397315265],[10.624713997437036,30.698380622068132],[10.680857619081161,30.77840159940327],[10.698213169167104,30.79225781099068],[10.727068410971976,30.762197061583343],[10.67181426957833,30.715639397315265]]],[[[10.732045762089735,28.250276787314412],[10.729978057950989,28.22829327547066],[10.67908281855517,28.234722657309558],[10.664893476862948,28.24485407571484],[10.691387935810013,28.32087292229589],[10.763103999766177,28.354661004620176],[10.798250539903924,28.361123806711287],[10.766214594793778,28.325548825284525],[10.761219897648624,28.284865723012274],[10.732045762089735,28.250276787314412]]],[[[10.646859782110345,28.113809947705228],[10.606975540470778,28.071272073930125],[10.575767634385514,28.139401271034114],[10.570120654516504,28.166717220045363],[10.607312845825328,28.190882504177246],[10.629785869820202,28.18982872149968],[10.646859782110345,28.113809947705228]]]]}},{"type":"Feature","bbox":[-65.023633,17.701709,-64.580469,18.385205],"properties":{"featurecla":"Admin-0 country","scalerank":3,"LABELRANK":6,"SOVEREIGNT":"United States of America","SOV_A3":"US1","ADM0_DIF":1,"LEVEL":2,"TYPE":"Dependency","TLC":"1","ADMIN":"United States Virgin Islands","ADM0_A3":"VIR","GEOU_DIF":0,"GEOUNIT":"United States Virgin Islands","GU_A3":"VIR","SU_DIF":0,"SUBUNIT":"United States Virgin Islands","SU_A3":"VIR","BRK_DIFF":0,"NAME":"U.S. Virgin Is.","NAME_LONG":"United States Virgin Islands","BRK_A3":"VIR","BRK_NAME":"U.S. Virgin Is.","BRK_GROUP":null,"ABBREV":"V.I. (U.S.)","POSTAL":"VI","FORMAL_EN":"Virgin Islands of the United States","FORMAL_FR":null,"NAME_CIAWF":"Virgin Islands","NOTE_ADM0":"U.S.A.","NOTE_BRK":null,"NAME_SORT":"Virgin Islands (U.S.)","NAME_ALT":null,"MAPCOLOR7":4,"MAPCOLOR8":5,"MAPCOLOR9":1,"MAPCOLOR13":1,"POP_EST":106631,"POP_RANK":9,"POP_YEAR":2019,"GDP_MD":3855,"GDP_YEAR":2017,"ECONOMY":"6. Developing region","INCOME_GRP":"2. High income: nonOECD","FIPS_10":"VQ","ISO_A2":"VI","ISO_A2_EH":"VI","ISO_A3":"VIR","ISO_A3_EH":"VIR","ISO_N3":"850","ISO_N3_EH":"850","UN_A3":"850","WB_A2":"VI","WB_A3":"VIR","WOE_ID":23424985,"WOE_ID_EH":23424985,"WOE_NOTE":"Exact WOE match as country","ADM0_ISO":"VIR","ADM0_DIFF":null,"ADM0_TLC":"VIR","ADM0_A3_US":"VIR","ADM0_A3_FR":"VIR","ADM0_A3_RU":"VIR","ADM0_A3_ES":"VIR","ADM0_A3_CN":"VIR","ADM0_A3_TW":"VIR","ADM0_A3_IN":"VIR","ADM0_A3_NP":"VIR","ADM0_A3_PK":"VIR","ADM0_A3_DE":"VIR","ADM0_A3_GB":"VIR","ADM0_A3_BR":"VIR","ADM0_A3_IL":"VIR","ADM0_A3_PS":"VIR","ADM0_A3_SA":"VIR","ADM0_A3_EG":"VIR","ADM0_A3_MA":"VIR","ADM0_A3_PT":"VIR","ADM0_A3_AR":"VIR","ADM0_A3_JP":"VIR","ADM0_A3_KO":"VIR","ADM0_A3_VN":"VIR","ADM0_A3_TR":"VIR","ADM0_A3_ID":"VIR","ADM0_A3_PL":"VIR","ADM0_A3_GR":"VIR","ADM0_A3_IT":"VIR","ADM0_A3_NL":"VIR","ADM0_A3_SE":"VIR","ADM0_A3_BD":"VIR","ADM0_A3_UA":"VIR","ADM0_A3_UN":-99,"ADM0_A3_WB":-99,"CONTINENT":"North America","REGION_UN":"Americas","SUBREGION":"Caribbean","REGION_WB":"Latin America & Caribbean","NAME_LEN":15,"LONG_LEN":28,"ABBREV_LEN":11,"TINY":3,"HOMEPART":-99,"MIN_ZOOM":0,"MIN_LABEL":5,"MAX_LABEL":10,"LABEL_X":-64.779172,"LABEL_Y":17.746706,"NE_ID":1159321371,"WIKIDATAID":"Q11703","NAME_AR":"جزر العذراء الأمريكية","NAME_BN":"মার্কিন ভার্জিন দ্বীপপুঞ্জ","NAME_DE":"Amerikanische Jungferninseln","NAME_EN":"United States Virgin Islands","NAME_ES":"Islas Vírgenes de los Estados Unidos","NAME_FA":"جزایر ویرجین ایالات متحده","NAME_FR":"îles Vierges des États-Unis","NAME_EL":"Αμερικανικές Παρθένοι Νήσοι","NAME_HE":"איי הבתולה של ארצות הברית","NAME_HI":"संयुक्त राज्य वर्जिन द्वीपसमूह","NAME_HU":"Amerikai Virgin-szigetek","NAME_ID":"Kepulauan Virgin Amerika Serikat","NAME_IT":"Isole Vergini americane","NAME_JA":"アメリカ領ヴァージン諸島","NAME_KO":"미국령 버진아일랜드","NAME_NL":"Amerikaanse Maagdeneilanden","NAME_PL":"Wyspy Dziewicze Stanów Zjednoczonych","NAME_PT":"Ilhas Virgens Americanas","NAME_RU":"Американские Виргинские острова","NAME_SV":"Amerikanska Jungfruöarna","NAME_TR":"ABD Virjin Adaları","NAME_UK":"Американські Віргінські Острови","NAME_UR":"امریکی جزائر ورجن","NAME_VI":"Quần đảo Virgin thuộc Mỹ","NAME_ZH":"美属维尔京群岛","NAME_ZHT":"美屬維京群島","FCLASS_ISO":"Admin-0 dependency","TLC_DIFF":null,"FCLASS_TLC":"Admin-0 dependency","FCLASS_US":null,"FCLASS_FR":null,"FCLASS_RU":null,"FCLASS_ES":null,"FCLASS_CN":null,"FCLASS_TW":null,"FCLASS_IN":null,"FCLASS_NP":null,"FCLASS_PK":null,"FCLASS_DE":null,"FCLASS_GB":null,"FCLASS_BR":null,"FCLASS_IL":null,"FCLASS_PS":null,"FCLASS_SA":null,"FCLASS_EG":null,"FCLASS_MA":null,"FCLASS_PT":null,"FCLASS_AR":null,"FCLASS_JP":null,"FCLASS_KO":null,"FCLASS_VN":null,"FCLASS_TR":null,"FCLASS_ID":null,"FCLASS_PL":null,"FCLASS_GR":null,"FCLASS_IT":null,"FCLASS_NL":null,"FCLASS_SE":null,"FCLASS_BD":null,"FCLASS_UA":null},"geometry":{"type":"MultiPolygon","coordinates":[[],[],[]]}},{"type":"Feature","bbox":[144.649316,13.25752,144.94082,13.622363],"properties":{"featurecla":"Admin-0 country","scalerank":3,"LABELRANK":6,"SOVEREIGNT":"United States of America","SOV_A3":"US1","ADM0_DIF":1,"LEVEL":2,"TYPE":"Dependency","TLC":"1","ADMIN":"Guam","ADM0_A3":"GUM","GEOU_DIF":0,"GEOUNIT":"Guam","GU_A3":"GUM","SU_DIF":0,"SUBUNIT":"Guam","SU_A3":"GUM","BRK_DIFF":0,"NAME":"Guam","NAME_LONG":"Guam","BRK_A3":"GUM","BRK_NAME":"Guam","BRK_GROUP":null,"ABBREV":"Guam","POSTAL":"GU","FORMAL_EN":"Territory of Guam","FORMAL_FR":null,"NAME_CIAWF":"Guam","NOTE_ADM0":"U.S.A.","NOTE_BRK":null,"NAME_SORT":"Guam","NAME_ALT":null,"MAPCOLOR7":4,"MAPCOLOR8":5,"MAPCOLOR9":1,"MAPCOLOR13":1,"POP_EST":167294,"POP_RANK":9,"POP_YEAR":2019,"GDP_MD":5920,"GDP_YEAR":2018,"ECONOMY":"6. Developing region","INCOME_GRP":"2. High income: nonOECD","FIPS_10":"GQ","ISO_A2":"GU","ISO_A2_EH":"GU","ISO_A3":"GUM","ISO_A3_EH":"GUM","ISO_N3":"316","ISO_N3_EH":"316","UN_A3":"316","WB_A2":"GU","WB_A3":"GUM","WOE_ID":23424832,"WOE_ID_EH":23424832,"WOE_NOTE":"Exact WOE match as country","ADM0_ISO":"GUM","ADM0_DIFF":null,"ADM0_TLC":"GUM","ADM0_A3_US":"GUM","ADM0_A3_FR":"GUM","ADM0_A3_RU":"GUM","ADM0_A3_ES":"GUM","ADM0_A3_CN":"GUM","ADM0_A3_TW":"GUM","ADM0_A3_IN":"GUM","ADM0_A3_NP":"GUM","ADM0_A3_PK":"GUM","ADM0_A3_DE":"GUM","ADM0_A3_GB":"GUM","ADM0_A3_BR":"GUM","ADM0_A3_IL":"GUM","ADM0_A3_PS":"GUM","ADM0_A3_SA":"GUM","ADM0_A3_EG":"GUM","ADM0_A3_MA":"GUM","ADM0_A3_PT":"GUM","ADM0_A3_AR":"GUM","ADM0_A3_JP":"GUM","ADM0_A3_KO":"GUM","ADM0_A3_VN":"GUM","ADM0_A3_TR":"GUM","ADM0_A3_ID":"GUM","ADM0_A3_PL":"GUM","ADM0_A3_GR":"GUM","ADM0_A3_IT":"GUM","ADM0_A3_NL":"GUM","ADM0_A3_SE":"GUM","ADM0_A3_BD":"GUM","ADM0_A3_UA":"GUM","ADM0_A3_UN":-99,"ADM0_A3_WB":-99,"CONTINENT":"Oceania","REGION_UN":"Oceania","SUBREGION":"Micronesia","REGION_WB":"East Asia & Pacific","NAME_LEN":4,"LONG_LEN":4,"ABBREV_LEN":4,"TINY":2,"HOMEPART":-99,"MIN_ZOOM":0,"MIN_LABEL":3,"MAX_LABEL":10,"LABEL_X":144.703614,"LABEL_Y":13.354173,"NE_ID":1159321359,"WIKIDATAID":"Q16635","NAME_AR":"غوام","NAME_BN":"গুয়াম","NAME_DE":"Guam","NAME_EN":"Guam","NAME_ES":"Guam","NAME_FA":"گوآم","NAME_FR":"Guam","NAME_EL":"Γκουάμ","NAME_HE":"גואם","NAME_HI":"गुआम","NAME_HU":"Guam","NAME_ID":"Guam","NAME_IT":"Guam","NAME_JA":"グアム","NAME_KO":"괌","NAME_NL":"Guam","NAME_PL":"Guam","NAME_PT":"Guam","NAME_RU":"Гуам","NAME_SV":"Guam","NAME_TR":"Guam","NAME_UK":"Гуам","NAME_UR":"گوام","NAME_VI":"Guam","NAME_ZH":"关岛","NAME_ZHT":"關島","FCLASS_ISO":"Admin-0 dependency","TLC_DIFF":null,"FCLASS_TLC":"Admin-0 dependency","FCLASS_US":null,"FCLASS_FR":null,"FCLASS_RU":null,"FCLASS_ES":null,"FCLASS_CN":null,"FCLASS_TW":null,"FCLASS_IN":null,"FCLASS_NP":null,"FCLASS_PK":null,"FCLASS_DE":null,"FCLASS_GB":null,"FCLASS_BR":null,"FCLASS_IL":null,"FCLASS_PS":null,"FCLASS_SA":null,"FCLASS_EG":null,"FCLASS_MA":null,"FCLASS_PT":null,"FCLASS_AR":null,"FCLASS_JP":null,"FCLASS_KO":null,"FCLASS_VN":null,"FCLASS_TR":null,"FCLASS_ID":null,"FCLASS_PL":null,"FCLASS_GR":null,"FCLASS_IT":null,"FCLASS_NL":null,"FCLASS_SE":null,"FCLASS_BD":null,"FCLASS_UA":null},"geometry":{"type":"Polygon","coordinates":[[[9.76511037236161,26.664508295323913],[9.722858182871311,26.663865320828936],[9.685520253541426,26.693633357493642],[9.672313680047026,26.71327434812564],[9.669484013636717,26.81285098779344],[9.808574705375417,26.894669351484186],[9.853076122907696,26.97608132129269],[9.891868097265089,26.968629440919887],[9.92642416213589,26.954444240529504],[9.958115721683198,26.9290317781267],[9.80034173008257,26.79498239506005],[9.76511037236161,26.664508295323913]]]}},{"type":"Feature","bbox":[-170.820508,-14.359766,-170.568115,-14.257422],"properties":{"featurecla":"Admin-0 country","scalerank":3,"LABELRANK":4,"SOVEREIGNT":"United States of America","SOV_A3":"US1","ADM0_DIF":1,"LEVEL":2,"TYPE":"Dependency","TLC":"1","ADMIN":"American Samoa","ADM0_A3":"ASM","GEOU_DIF":0,"GEOUNIT":"American Samoa","GU_A3":"ASM","SU_DIF":0,"SUBUNIT":"American Samoa","SU_A3":"ASM","BRK_DIFF":0,"NAME":"American Samoa","NAME_LONG":"American Samoa","BRK_A3":"ASM","BRK_NAME":"American Samoa","BRK_GROUP":null,"ABBREV":"Am. Samoa","POSTAL":"AS","FORMAL_EN":"American Samoa","FORMAL_FR":null,"NAME_CIAWF":"American Samoa","NOTE_ADM0":"U.S.A.","NOTE_BRK":null,"NAME_SORT":"American Samoa","NAME_ALT":null,"MAPCOLOR7":4,"MAPCOLOR8":5,"MAPCOLOR9":1,"MAPCOLOR13":1,"POP_EST":55312,"POP_RANK":8,"POP_YEAR":2019,"GDP_MD":636,"GDP_YEAR":2018,"ECONOMY":"6. Developing region","INCOME_GRP":"3. Upper middle income","FIPS_10":"AQ","ISO_A2":"AS","ISO_A2_EH":"AS","ISO_A3":"ASM","ISO_A3_EH":"ASM","ISO_N3":"016","ISO_N3_EH":"016","UN_A3":"016","WB_A2":"AS","WB_A3":"ASM","WOE_ID":23424746,"WOE_ID_EH":23424746,"WOE_NOTE":"Exact WOE match as country","ADM0_ISO":"ASM","ADM0_DIFF":null,"ADM0_TLC":"ASM","ADM0_A3_US":"ASM","ADM0_A3_FR":"ASM","ADM0_A3_RU":"ASM","ADM0_A3_ES":"ASM","ADM0_A3_CN":"ASM","ADM0_A3_TW":"ASM","ADM0_A3_IN":"ASM","ADM0_A3_NP":"ASM","ADM0_A3_PK":"ASM","ADM0_A3_DE":"ASM","ADM0_A3_GB":"ASM","ADM0_A3_BR":"ASM","ADM0_A3_IL":"ASM","ADM0_A3_PS":"ASM","ADM0_A3_SA":"ASM","ADM0_A3_EG":"ASM","ADM0_A3_MA":"ASM","ADM0_A3_PT":"ASM","ADM0_A3_AR":"ASM","ADM0_A3_JP":"ASM","ADM0_A3_KO":"ASM","ADM0_A3_VN":"ASM","ADM0_A3_TR":"ASM","ADM0_A3_ID":"ASM","ADM0_A3_PL":"ASM","ADM0_A3_GR":"ASM","ADM0_A3_IT":"ASM","ADM0_A3_NL":"ASM","ADM0_A3_SE":"ASM","ADM0_A3_BD":"ASM","ADM0_A3_UA":"ASM","ADM0_A3_UN":-99,"ADM0_A3_WB":-99,"CONTINENT":"Oceania","REGION_UN":"Oceania","SUBREGION":"Polynesia","REGION_WB":"East Asia & Pacific","NAME_LEN":14,"LONG_LEN":14,"ABBREV_LEN":9,"TINY":3,"HOMEPART":-99,"MIN_ZOOM":0,"MIN_LABEL":4,"MAX_LABEL":9,"LABEL_X":-170.747153,"LABEL_Y":-14.32671,"NE_ID":1159321357,"WIKIDATAID":"Q16641","NAME_AR":"ساموا الأمريكية","NAME_BN":"মার্কিন সামোয়া","NAME_DE":"Amerikanisch-Samoa","NAME_EN":"American Samoa","NAME_ES":"Samoa Estadounidense","NAME_FA":"ساموآی آمریکا","NAME_FR":"Samoa américaines","NAME_EL":"Αμερικανική Σαμόα","NAME_HE":"סמואה האמריקנית","NAME_HI":"अमेरिकी समोआ","NAME_HU":"Amerikai Szamoa","NAME_ID":"Samoa Amerika","NAME_IT":"Samoa Americane","NAME_JA":"アメリカ領サモア","NAME_KO":"아메리칸사모아","NAME_NL":"Amerikaans-Samoa","NAME_PL":"Samoa Amerykańskie","NAME_PT":"Samoa Americana","NAME_RU":"Американское Самоа","NAME_SV":"Amerikanska Samoa","NAME_TR":"Amerikan Samoası","NAME_UK":"Східне Самоа","NAME_UR":"امریکی سمووا","NAME_VI":"Samoa thuộc Mỹ","NAME_ZH":"美属萨摩亚","NAME_ZHT":"美屬薩摩亞","FCLASS_ISO":"Admin-0 dependency","TLC_DIFF":null,"FCLASS_TLC":"Admin-0 dependency","FCLASS_US":null,"FCLASS_FR":null,"FCLASS_RU":null,"FCLASS_ES":null,"FCLASS_CN":null,"FCLASS_TW":null,"FCLASS_IN":null,"FCLASS_NP":null,"FCLASS_PK":null,"FCLASS_DE":null,"FCLASS_GB":null,"FCLASS_BR":null,"FCLASS_IL":null,"FCLASS_PS":null,"FCLASS_SA":null,"FCLASS_EG":null,"FCLASS_MA":null,"FCLASS_PT":null,"FCLASS_AR":null,"FCLASS_JP":null,"FCLASS_KO":null,"FCLASS_VN":null,"FCLASS_TR":null,"FCLASS_ID":null,"FCLASS_PL":null,"FCLASS_GR":null,"FCLASS_IT":null,"FCLASS_NL":null,"FCLASS_SE":null,"FCLASS_BD":null,"FCLASS_UA":null},"geometry":{"type":"Polygon","coordinates":[[[50.228934738837395,-5.892359420277839],[50.1907789959843,-5.890874267209465],[50.15982226503719,-5.827211584623337],[50.25241931660016,-5.813302702125484],[50.28363543024031,-5.801328048498248],[50.382643612061024,-5.841465533612012],[50.31816591444669,-5.839960762836894],[50.228934738837395,-5.892359420277839]]]}},{"type":"Feature","bbox":[-67.937061,17.947266,-65.294873,18.522168],"properties":{"featurecla":"Admin-0 country","scalerank":1,"LABELRANK":5,"SOVEREIGNT":"United States of America","SOV_A3":"US1","ADM0_DIF":1,"LEVEL":2,"TYPE":"Dependency","TLC":"1","ADMIN":"Puerto Rico","ADM0_A3":"PRI","GEOU_DIF":0,"GEOUNIT":"Puerto Rico","GU_A3":"PRI","SU_DIF":0,"SUBUNIT":"Puerto Rico","SU_A3":"PRI","BRK_DIFF":0,"NAME":"Puerto Rico","NAME_LONG":"Puerto Rico","BRK_A3":"PRI","BRK_NAME":"Puerto Rico","BRK_GROUP":null,"ABBREV":"P.R.","POSTAL":"PR","FORMAL_EN":"Commonwealth of Puerto Rico","FORMAL_FR":null,"NAME_CIAWF":"Puerto Rico","NOTE_ADM0":"U.S.A.","NOTE_BRK":null,"NAME_SORT":"Puerto Rico","NAME_ALT":null,"MAPCOLOR7":4,"MAPCOLOR8":5,"MAPCOLOR9":1,"MAPCOLOR13":1,"POP_EST":3193694,"POP_RANK":12,"POP_YEAR":2019,"GDP_MD":104988,"GDP_YEAR":2019,"ECONOMY":"6. Developing region","INCOME_GRP":"2. High income: nonOECD","FIPS_10":"RQ","ISO_A2":"PR","ISO_A2_EH":"PR","ISO_A3":"PRI","ISO_A3_EH":"PRI","ISO_N3":"630","ISO_N3_EH":"630","UN_A3":"630","WB_A2":"PR","WB_A3":"PRI","WOE_ID":23424935,"WOE_ID_EH":23424935,"WOE_NOTE":"Exact WOE match as country","ADM0_ISO":"PRI","ADM0_DIFF":null,"ADM0_TLC":"PRI","ADM0_A3_US":"PRI","ADM0_A3_FR":"PRI","ADM0_A3_RU":"PRI","ADM0_A3_ES":"PRI","ADM0_A3_CN":"PRI","ADM0_A3_TW":"PRI","ADM0_A3_IN":"PRI","ADM0_A3_NP":"PRI","ADM0_A3_PK":"PRI","ADM0_A3_DE":"PRI","ADM0_A3_GB":"PRI","ADM0_A3_BR":"PRI","ADM0_A3_IL":"PRI","ADM0_A3_PS":"PRI","ADM0_A3_SA":"PRI","ADM0_A3_EG":"PRI","ADM0_A3_MA":"PRI","ADM0_A3_PT":"PRI","ADM0_A3_AR":"PRI","ADM0_A3_JP":"PRI","ADM0_A3_KO":"PRI","ADM0_A3_VN":"PRI","ADM0_A3_TR":"PRI","ADM0_A3_ID":"PRI","ADM0_A3_PL":"PRI","ADM0_A3_GR":"PRI","ADM0_A3_IT":"PRI","ADM0_A3_NL":"PRI","ADM0_A3_SE":"PRI","ADM0_A3_BD":"PRI","ADM0_A3_UA":"PRI","ADM0_A3_UN":-99,"ADM0_A3_WB":-99,"CONTINENT":"North America","REGION_UN":"Americas","SUBREGION":"Caribbean","REGION_WB":"Latin America & Caribbean","NAME_LEN":11,"LONG_LEN":11,"ABBREV_LEN":4,"TINY":-99,"HOMEPART":-99,"MIN_ZOOM":0,"MIN_LABEL":3,"MAX_LABEL":8,"LABEL_X":-66.481065,"LABEL_Y":18.234668,"NE_ID":1159321363,"WIKIDATAID":"Q1183","NAME_AR":"بورتوريكو","NAME_BN":"পুয়ের্তো রিকো","NAME_DE":"Puerto Rico","NAME_EN":"Puerto Rico","NAME_ES":"Puerto Rico","NAME_FA":"پورتوریکو","NAME_FR":"Porto Rico","NAME_EL":"Πουέρτο Ρίκο","NAME_HE":"פוארטו ריקו","NAME_HI":"पोर्टो रीको","NAME_HU":"Puerto Rico","NAME_ID":"Puerto Riko","NAME_IT":"Porto Rico","NAME_JA":"プエルトリコ","NAME_KO":"푸에르토리코","NAME_NL":"Puerto Rico","NAME_PL":"Portoryko","NAME_PT":"Porto Rico","NAME_RU":"Пуэрто-Рико","NAME_SV":"Puerto Rico","NAME_TR":"Porto Riko","NAME_UK":"Пуерто-Рико","NAME_UR":"پورٹو ریکو","NAME_VI":"Puerto Rico","NAME_ZH":"波多黎各","NAME_ZHT":"波多黎各","FCLASS_ISO":"Admin-0 dependency","TLC_DIFF":null,"FCLASS_TLC":"Admin-0 dependency","FCLASS_US":null,"FCLASS_FR":null,"FCLASS_RU":null,"FCLASS_ES":null,"FCLASS_CN":null,"FCLASS_TW":null,"FCLASS_IN":null,"FCLASS_NP":null,"FCLASS_PK":null,"FCLASS_DE":null,"FCLASS_GB":null,"FCLASS_BR":null,"FCLASS_IL":null,"FCLASS_PS":null,"FCLASS_SA":null,"FCLASS_EG":null,"FCLASS_MA":null,"FCLASS_PT":null,"FCLASS_AR":null,"FCLASS_JP":null,"FCLASS_KO":null,"FCLASS_VN":null,"FCLASS_TR":null,"FCLASS_ID":null,"FCLASS_PL":null,"FCLASS_GR":null,"FCLASS_IT":null,"FCLASS_NL":null,"FCLASS_SE":null,"FCLASS_BD":null,"FCLASS_UA":null},"geometry":{"type":"MultiPolygon","coordinates":[[],[],[]]}},{"type":"Feature","bbox":[-178.194531,18.963916,179.77998,71.407666],"properties":{"featurecla":"Admin-0 country","scalerank":5,"LABELRANK":2,"SOVEREIGNT":"United States of America","SOV_A3":"US1","ADM0_DIF":1,"LEVEL":2,"TYPE":"Country","TLC":"1","ADMIN":"United States of America","ADM0_A3":"USA","GEOU_DIF":0,"GEOUNIT":"United States of America","GU_A3":"USA","SU_DIF":0,"SUBUNIT":"United States","SU_A3":"USA","BRK_DIFF":0,"NAME":"United States of America","NAME_LONG":"United States","BRK_A3":"USA","BRK_NAME":"United States","BRK_GROUP":null,"ABBREV":"U.S.A.","POSTAL":"US","FORMAL_EN":"United States of America","FORMAL_FR":null,"NAME_CIAWF":"United States","NOTE_ADM0":null,"NOTE_BRK":null,"NAME_SORT":"United States of America","NAME_ALT":null,"MAPCOLOR7":4,"MAPCOLOR8":5,"MAPCOLOR9":1,"MAPCOLOR13":1,"POP_EST":328239523,"POP_RANK":17,"POP_YEAR":2019,"GDP_MD":21433226,"GDP_YEAR":2019,"ECONOMY":"1. Developed region: G7","INCOME_GRP":"1. High income: OECD","FIPS_10":"US","ISO_A2":"US","ISO_A2_EH":"US","ISO_A3":"USA","ISO_A3_EH":"USA","ISO_N3":"840","ISO_N3_EH":"840","UN_A3":"840","WB_A2":"US","WB_A3":"USA","WOE_ID":23424977,"WOE_ID_EH":23424977,"WOE_NOTE":"Exact WOE match as country","ADM0_ISO":"USA","ADM0_DIFF":null,"ADM0_TLC":"USA","ADM0_A3_US":"USA","ADM0_A3_FR":"USA","ADM0_A3_RU":"USA","ADM0_A3_ES":"USA","ADM0_A3_CN":"USA","ADM0_A3_TW":"USA","ADM0_A3_IN":"USA","ADM0_A3_NP":"USA","ADM0_A3_PK":"USA","ADM0_A3_DE":"USA","ADM0_A3_GB":"USA","ADM0_A3_BR":"USA","ADM0_A3_IL":"USA","ADM0_A3_PS":"USA","ADM0_A3_SA":"USA","ADM0_A3_EG":"USA","ADM0_A3_MA":"USA","ADM0_A3_PT":"USA","ADM0_A3_AR":"USA","ADM0_A3_JP":"USA","ADM0_A3_KO":"USA","ADM0_A3_VN":"USA","ADM0_A3_TR":"USA","ADM0_A3_ID":"USA","ADM0_A3_PL":"USA","ADM0_A3_GR":"USA","ADM0_A3_IT":"USA","ADM0_A3_NL":"USA","ADM0_A3_SE":"USA","ADM0_A3_BD":"USA","ADM0_A3_UA":"USA","ADM0_A3_UN":-99,"ADM0_A3_WB":-99,"CONTINENT":"North America","REGION_UN":"Americas","SUBREGION":"Northern America","REGION_WB":"North America","NAME_LEN":24,"LONG_LEN":13,"ABBREV_LEN":6,"TINY":-99,"HOMEPART":1,"MIN_ZOOM":0,"MIN_LABEL":1.7,"MAX_LABEL":5.7,"LABEL_X":-97.482602,"LABEL_Y":39.538479,"NE_ID":1159321369,"WIKIDATAID":"Q30","NAME_AR":"الولايات المتحدة","NAME_BN":"মার্কিন যুক্তরাষ্ট্র","NAME_DE":"Vereinigte Staaten","NAME_EN":"United States of America","NAME_ES":"Estados Unidos","NAME_FA":"ایالات متحده آمریکا","NAME_FR":"États-Unis","NAME_EL":"Ηνωμένες Πολιτείες Αμερικής","NAME_HE":"ארצות הברית","NAME_HI":"संयुक्त राज्य अमेरिका","NAME_HU":"Amerikai Egyesült Államok","NAME_ID":"Amerika Serikat","NAME_IT":"Stati Uniti d'America","NAME_JA":"アメリカ合衆国","NAME_KO":"미국","NAME_NL":"Verenigde Staten van Amerika","NAME_PL":"Stany Zjednoczone","NAME_PT":"Estados Unidos","NAME_RU":"США","NAME_SV":"USA","NAME_TR":"Amerika Birleşik Devletleri","NAME_UK":"Сполучені Штати Америки","NAME_UR":"ریاستہائے متحدہ امریکا","NAME_VI":"Hoa Kỳ","NAME_ZH":"美国","NAME_ZHT":"美國","FCLASS_ISO":"Admin-0 country","TLC_DIFF":null,"FCLASS_TLC":"Admin-0 country","FCLASS_US":null,"FCLASS_FR":null,"FCLASS_RU":null,"FCLASS_ES":null,"FCLASS_CN":null,"FCLASS_TW":null,"FCLASS_IN":null,"FCLASS_NP":null,"FCLASS_PK":null,"FCLASS_DE":null,"FCLASS_GB":null,"FCLASS_BR":null,"FCLASS_IL":null,"FCLASS_PS":null,"FCLASS_SA":null,"FCLASS_EG":null,"FCLASS_MA":null,"FCLASS_PT":null,"FCLASS_AR":null,"FCLASS_JP":null,"FCLASS_KO":null,"FCLASS_VN":null,"FCLASS_TR":null,"FCLASS_ID":null,"FCLASS_PL":null,"FCLASS_GR":null,"FCLASS_IT":null,"FCLASS_NL":null,"FCLASS_SE":null,"FCLASS_BD":null,"FCLASS_UA":null},"geometry":{"type":"MultiPolygon","coordinates":[[],[],[],[],[],[],[],[],[],[],[],[],[],[],[],[],[],[],[],[],[],[],[],[],[],[],[],[],[],[],[],[],[],[],[],[[[59.994049712867465,31.139294682105653],[60.011385565344625,31.09986732743567],[60.04153138398602,31.090556035319267],[60.046811233451294,31.132500842647122],[60.05899288843085,31.16756272441312],[60.11197499992737,31.190196464341753],[60.10154213080428,31.239791075948915],[60.112424532697574,31.283429403500264],[60.06697328586998,31.29773177870427],[60.03348060662967,31.232537603452055],[59.99864570849189,31.190871400103322],[59.994049712867465,31.139294682105653]]],[],[[[60.31594968694692,31.300506748978062],[60.3633746667919,31.24626029783402],[60.456749756932524,31.20104836561639],[60.498609525874386,31.156527977982197],[60.58055102614631,31.140137630930656],[60.628860949114326,31.112256584901754],[60.686209808515166,31.161160980005537],[60.69911728863209,31.199737314691696],[60.68987843042676,31.274815738894297],[60.69952982679967,31.326484940153723],[60.683181391044016,31.37491109915767],[60.62700060203926,31.443000847405447],[60.44009976176498,31.46329272630007],[60.34132026130159,31.392629943610356],[60.31594968694692,31.300506748978062]]],[],[],[[[61.67600665471357,30.730654886182176],[61.71772574744651,30.675665890151617],[61.728723273698385,30.631921091094295],[61.84035754623292,30.511228122168113],[61.87785282163307,30.450185408790034],[61.90493755123414,30.44126805795746],[61.98401843580194,30.437161074619347],[61.941098592119516,30.49201166074307],[61.96999029448499,30.49971428614163],[61.98123041517203,30.48721200743548],[61.999588178154696,30.446187407605336],[62.04225808374615,30.455338410574257],[62.09781088398465,30.400970535952467],[62.14469639746347,30.374453304463067],[62.22969414537961,30.376848484368452],[62.26763296434781,30.400438576245396],[62.24556674334281,30.42851070409327],[62.192327710425054,30.47717009752066],[62.15908755316308,30.558593371080775],[62.12498779174474,30.555313781015684],[62.0955272790202,30.563826328627883],[62.06707223813727,30.581131693766988],[62.036356469592384,30.62379372215212],[62.0278094058066,30.665202836689943],[61.8985499624265,30.82239100767583],[61.853993372639636,30.8173534714762],[61.794401966632215,30.733780911529013],[61.67600665471357,30.730654886182176]]],[[[62.59844347106954,30.174759480833874],[62.82103636979654,30.137246631623082],[62.962314049695955,30.0815889145926],[63.04088154915686,30.12024819980135],[63.05648892731554,30.169689086519863],[63.02998035827211,30.180787419125277],[62.884624518968735,30.209350750417872],[62.850315923792,30.235028574537242],[62.81286371244372,30.22722670196554],[62.63428272926608,30.272552700222867],[62.60105997557139,30.29014074394547],[62.610639008437786,30.24060666841619],[62.59704330714422,30.21414143592688],[62.59844347106954,30.174759480833874]]],[[[62.84429345548166,29.951250256902537],[62.9167457560211,29.85754574344416],[62.94613130344918,29.786722951020742],[63.00180596265606,29.76784388273004],[63.04285115579359,29.7914977107793],[63.06072842955383,29.847763752062534],[63.01732693909424,29.898679609852113],[62.98426358950349,29.92901742962541],[62.92816027187096,29.95990225680151],[62.84429345548166,29.951250256902537]]],[[[63.12123139854173,29.958572205757573],[63.13993159886091,29.90924916971038],[63.22037258621827,29.821568037728344],[63.28645598682169,29.782832085140846],[63.33526575891188,29.78882276735257],[63.384578421700645,29.688824863768925],[63.415433767016516,29.597240391457078],[63.442475154593176,29.581623258539718],[63.524136135321555,29.566362062280866],[63.57751640132307,29.590410694622477],[63.676701271049495,29.595819892068555],[63.73458614988212,29.659643552800212],[63.74297930593767,29.701105446864553],[63.71078845315795,29.739539347838047],[63.629896298972646,29.796414941917057],[63.58210084438335,29.84660147955047],[63.46077970970162,29.925034606959706],[63.401162429898875,29.921548096189486],[63.321892541838345,29.90332036958428],[63.29630151028773,29.923757037176046],[63.2440322811278,29.989029073123632],[63.19034334652859,30.036024847846612],[63.1349875372692,30.032053296576716],[63.12123139854173,29.958572205757573]]],[[[63.94273541537938,28.66500593565179],[64.04738542253916,28.49140616514387],[64.15666051672402,28.26665269030464],[64.20302070669193,27.999375061583972],[64.23523207194593,27.938913440545964],[64.42122508153263,27.81062419582099],[64.4668408936397,27.80107116591357],[64.49203353001445,27.8472012178713],[64.50756715506107,27.944669891172563],[64.6559700911178,28.080983360054503],[64.84953515018061,28.11765046200909],[64.98209500453152,28.23964443400655],[65.00268487750908,28.30920139605753],[64.96238274823611,28.35881068963918],[64.85452192619975,28.449962045451297],[64.80427956243031,28.54512811576438],[64.73836722913917,28.569493069183487],[64.69141254192785,28.704835573191733],[64.57168861355817,28.839531983479493],[64.1886295082534,29.05479293237288],[63.991566928988114,29.190489030702164],[63.96103828794559,29.177786550206665],[63.9687461493908,29.083755640290335],[64.06466675176318,28.918125354007362],[64.02167029180697,28.80232155069804],[63.972257905483,28.744185359705774],[63.94273541537938,28.66500593565179]]],[],[],[],[],[],[],[],[],[],[],[],[],[],[],[],[],[],[],[],[],[],[],[],[],[],[],[],[],[],[],[],[],[],[],[],[],[],[],[],[],[],[],[],[],[],[],[],[],[],[],[],[],[],[],[],[],[],[],[],[],[],[],[],[],[],[],[],[],[],[],[],[],[],[],[],[],[],[],[],[],[],[]]}},{"type":"Feature","bbox":[-38.017432,-58.492285,-26.259863,-53.984082],"properties":{"featurecla":"Admin-0 country","scalerank":3,"LABELRANK":4,"SOVEREIGNT":"United Kingdom","SOV_A3":"GB1","ADM0_DIF":1,"LEVEL":2,"TYPE":"Dependency","TLC":"1","ADMIN":"South Georgia and the Islands","ADM0_A3":"SGS","GEOU_DIF":0,"GEOUNIT":"South Georgia and the Islands","GU_A3":"SGS","SU_DIF":0,"SUBUNIT":"South Georgia and the Islands","SU_A3":"SGS","BRK_DIFF":0,"NAME":"S. Geo. and the Is.","NAME_LONG":"South Georgia and the Islands","BRK_A3":"SGS","BRK_NAME":"S. Geo. and the Is.","BRK_GROUP":null,"ABBREV":"S.G. & Is.","POSTAL":"GS","FORMAL_EN":"South Georgia and the Islands","FORMAL_FR":null,"NAME_CIAWF":null,"NOTE_ADM0":"U.K.","NOTE_BRK":null,"NAME_SORT":"South Georgia and the Islands","NAME_ALT":null,"MAPCOLOR7":6,"MAPCOLOR8":6,"MAPCOLOR9":6,"MAPCOLOR13":3,"POP_EST":30,"POP_RANK":1,"POP_YEAR":2017,"GDP_MD":0,"GDP_YEAR":2016,"ECONOMY":"7. Least developed region","INCOME_GRP":"5. Low income","FIPS_10":"SX","ISO_A2":"GS","ISO_A2_EH":"GS","ISO_A3":"SGS","ISO_A3_EH":"SGS","ISO_N3":"239","ISO_N3_EH":"239","UN_A3":"-099","WB_A2":"-99","WB_A3":"-99","WOE_ID":23424955,"WOE_ID_EH":23424955,"WOE_NOTE":"Exact WOE match as country","ADM0_ISO":"SGS","ADM0_DIFF":null,"ADM0_TLC":"SGS","ADM0_A3_US":"SGS","ADM0_A3_FR":"SGS","ADM0_A3_RU":"SGS","ADM0_A3_ES":"SGS","ADM0_A3_CN":"SGS","ADM0_A3_TW":"SGS","ADM0_A3_IN":"SGS","ADM0_A3_NP":"SGS","ADM0_A3_PK":"SGS","ADM0_A3_DE":"SGS","ADM0_A3_GB":"SGS","ADM0_A3_BR":"SGS","ADM0_A3_IL":"SGS","ADM0_A3_PS":"SGS","ADM0_A3_SA":"SGS","ADM0_A3_EG":"SGS","ADM0_A3_MA":"SGS","ADM0_A3_PT":"SGS","ADM0_A3_AR":"SGS","ADM0_A3_JP":"SGS","ADM0_A3_KO":"SGS","ADM0_A3_VN":"SGS","ADM0_A3_TR":"SGS","ADM0_A3_ID":"SGS","ADM0_A3_PL":"SGS","ADM0_A3_GR":"SGS","ADM0_A3_IT":"SGS","ADM0_A3_NL":"SGS","ADM0_A3_SE":"SGS","ADM0_A3_BD":"SGS","ADM0_A3_UA":"SGS","ADM0_A3_UN":-99,"ADM0_A3_WB":-99,"CONTINENT":"Seven seas (open ocean)","REGION_UN":"Americas","SUBREGION":"Seven seas (open ocean)","REGION_WB":"Antarctica","NAME_LEN":19,"LONG_LEN":29,"ABBREV_LEN":10,"TINY":3,"HOMEPART":-99,"MIN_ZOOM":0,"MIN_LABEL":5,"MAX_LABEL":9,"LABEL_X":-31.063179,"LABEL_Y":-55.683402,"NE_ID":1159320731,"WIKIDATAID":"Q35086","NAME_AR":"جورجيا الجنوبية وجزر ساندويتش الجنوبية","NAME_BN":"দক্ষিণ জর্জিয়া ও দক্ষিণ স্যন্ডউইচ দ্বীপপুঞ্জ","NAME_DE":"Südgeorgien und die Südlichen Sandwichinseln","NAME_EN":"South Georgia and the South Sandwich Islands","NAME_ES":"Islas Georgias del Sur y Sandwich del Sur","NAME_FA":"جزایر جورجیای جنوبی و ساندویچ جنوبی","NAME_FR":"Géorgie du Sud-et-les Îles Sandwich du Sud","NAME_EL":"Νήσοι Νότια Γεωργία και Νότιες Σάντουιτς","NAME_HE":"איי ג'ורג'יה הדרומית ואיי סנדוויץ' הדרומיים","NAME_HI":"दक्षिण जॉर्जिया एवं दक्षिण सैंडविच द्वीप समूह","NAME_HU":"Déli-Georgia és Déli-Sandwich-szigetek","NAME_ID":"Georgia Selatan dan Kepulauan Sandwich Selatan","NAME_IT":"Georgia del Sud e isole Sandwich meridionali","NAME_JA":"サウスジョージア・サウスサンドウィッチ諸島","NAME_KO":"사우스조지아 사우스샌드위치 제도","NAME_NL":"Zuid-Georgia en de Zuidelijke Sandwicheilanden","NAME_PL":"Georgia Południowa i Sandwich Południowy","NAME_PT":"Ilhas Geórgia do Sul e Sandwich do Sul","NAME_RU":"Южная Георгия и Южные Сандвичевы острова","NAME_SV":"Sydgeorgien och Sydsandwichöarna","NAME_TR":"Güney Georgia ve Güney Sandwich Adaları","NAME_UK":"Південна Джорджія та Південні Сандвічеві острови","NAME_UR":"جنوبی جارجیا و جزائر جنوبی سینڈوچ","NAME_VI":"Nam Georgia và Quần đảo Nam Sandwich","NAME_ZH":"南乔治亚和南桑威奇群岛","NAME_ZHT":"南喬治亞與南桑威奇","FCLASS_ISO":"Admin-0 dependency","TLC_DIFF":null,"FCLASS_TLC":"Admin-0 dependency","FCLASS_US":null,"FCLASS_FR":null,"FCLASS_RU":null,"FCLASS_ES":null,"FCLASS_CN":null,"FCLASS_TW":null,"FCLASS_IN":null,"FCLASS_NP":null,"FCLASS_PK":null,"FCLASS_DE":null,"FCLASS_GB":null,"FCLASS_BR":null,"FCLASS_IL":null,"FCLASS_PS":null,"FCLASS_SA":null,"FCLASS_EG":null,"FCLASS_MA":null,"FCLASS_PT":null,"FCLASS_AR":"Unrecognized","FCLASS_JP":null,"FCLASS_KO":null,"FCLASS_VN":null,"FCLASS_TR":null,"FCLASS_ID":null,"FCLASS_PL":null,"FCLASS_GR":null,"FCLASS_IT":null,"FCLASS_NL":null,"FCLASS_SE":null,"FCLASS_BD":null,"FCLASS_UA":null},"geometry":{"type":"MultiPolygon","coordinates":[[],[]]}},{"type":"Feature","bbox":[-14.414941,-16.004004,-5.659717,-7.882617],"properties":{"featurecla":"Admin-0 country","scalerank":3,"LABELRANK":6,"SOVEREIGNT":"United Kingdom","SOV_A3":"GB1","ADM0_DIF":1,"LEVEL":2,"TYPE":"Dependency","TLC":"1","ADMIN":"Saint Helena","ADM0_A3":"SHN","GEOU_DIF":0,"GEOUNIT":"Saint Helena","GU_A3":"SHN","SU_DIF":0,"SUBUNIT":"Saint Helena","SU_A3":"SHN","BRK_DIFF":0,"NAME":"Saint Helena","NAME_LONG":"Saint Helena","BRK_A3":"SHN","BRK_NAME":"Saint Helena","BRK_GROUP":null,"ABBREV":"St.H.","POSTAL":"SH","FORMAL_EN":null,"FORMAL_FR":null,"NAME_CIAWF":"Saint Helena, Ascension, and Tristan da Cunha","NOTE_ADM0":"U.K.","NOTE_BRK":null,"NAME_SORT":"St. Helena","NAME_ALT":null,"MAPCOLOR7":6,"MAPCOLOR8":6,"MAPCOLOR9":6,"MAPCOLOR13":3,"POP_EST":4534,"POP_RANK":4,"POP_YEAR":2016,"GDP_MD":31,"GDP_YEAR":2010,"ECONOMY":"6. Developing region","INCOME_GRP":"4. Lower middle income","FIPS_10":"SH","ISO_A2":"SH","ISO_A2_EH":"SH","ISO_A3":"SHN","ISO_A3_EH":"SHN","ISO_N3":"654","ISO_N3_EH":"654","UN_A3":"654","WB_A2":"-99","WB_A3":"-99","WOE_ID":23424944,"WOE_ID_EH":23424944,"WOE_NOTE":"Exact WOE match as country","ADM0_ISO":"SHN","ADM0_DIFF":null,"ADM0_TLC":"SHN","ADM0_A3_US":"SHN","ADM0_A3_FR":"SHN","ADM0_A3_RU":"SHN","ADM0_A3_ES":"SHN","ADM0_A3_CN":"SHN","ADM0_A3_TW":"SHN","ADM0_A3_IN":"SHN","ADM0_A3_NP":"SHN","ADM0_A3_PK":"SHN","ADM0_A3_DE":"SHN","ADM0_A3_GB":"SHN","ADM0_A3_BR":"SHN","ADM0_A3_IL":"SHN","ADM0_A3_PS":"SHN","ADM0_A3_SA":"SHN","ADM0_A3_EG":"SHN","ADM0_A3_MA":"SHN","ADM0_A3_PT":"SHN","ADM0_A3_AR":"SHN","ADM0_A3_JP":"SHN","ADM0_A3_KO":"SHN","ADM0_A3_VN":"SHN","ADM0_A3_TR":"SHN","ADM0_A3_ID":"SHN","ADM0_A3_PL":"SHN","ADM0_A3_GR":"SHN","ADM0_A3_IT":"SHN","ADM0_A3_NL":"SHN","ADM0_A3_SE":"SHN","ADM0_A3_BD":"SHN","ADM0_A3_UA":"SHN","ADM0_A3_UN":-99,"ADM0_A3_WB":-99,"CONTINENT":"Seven seas (open ocean)","REGION_UN":"Africa","SUBREGION":"Western Africa","REGION_WB":"Sub-Saharan Africa","NAME_LEN":12,"LONG_LEN":12,"ABBREV_LEN":5,"TINY":-99,"HOMEPART":-99,"MIN_ZOOM":0,"MIN_LABEL":5,"MAX_LABEL":10,"LABEL_X":-5.71262,"LABEL_Y":-15.950487,"NE_ID":1159320733,"WIKIDATAID":"Q34497","NAME_AR":"سانت هيلينا","NAME_BN":"সেন্ট হেলেনা","NAME_DE":"St. Helena","NAME_EN":"Saint Helena","NAME_ES":"Isla Santa Elena","NAME_FA":"سینت هلینا","NAME_FR":"Sainte-Hélène","NAME_EL":"Νήσος Αγίας Ελένης","NAME_HE":"סנט הלנה","NAME_HI":"सन्त हेलेना","NAME_HU":"Szent Ilona","NAME_ID":"Saint Helena","NAME_IT":"Sant'Elena","NAME_JA":"セントヘレナ","NAME_KO":"세인트헬레나","NAME_NL":"Sint-Helena","NAME_PL":"Wyspa Świętej Heleny","NAME_PT":"Santa Helena","NAME_RU":"Остров Святой Елены","NAME_SV":"Sankta Helena","NAME_TR":"Saint Helena","NAME_UK":"Острів Святої Єлени","NAME_UR":"سینٹ ہلینا","NAME_VI":"Saint Helena","NAME_ZH":"圣赫勒拿","NAME_ZHT":"聖赫勒拿","FCLASS_ISO":"Admin-0 dependency","TLC_DIFF":null,"FCLASS_TLC":"Admin-0 dependency","FCLASS_US":null,"FCLASS_FR":null,"FCLASS_RU":null,"FCLASS_ES":null,"FCLASS_CN":null,"FCLASS_TW":null,"FCLASS_IN":null,"FCLASS_NP":null,"FCLASS_PK":null,"FCLASS_DE":null,"FCLASS_GB":null,"FCLASS_BR":null,"FCLASS_IL":null,"FCLASS_PS":null,"FCLASS_SA":null,"FCLASS_EG":null,"FCLASS_MA":null,"FCLASS_PT":null,"FCLASS_AR":null,"FCLASS_JP":null,"FCLASS_KO":null,"FCLASS_VN":null,"FCLASS_TR":null,"FCLASS_ID":null,"FCLASS_PL":null,"FCLASS_GR":null,"FCLASS_IT":null,"FCLASS_NL":null,"FCLASS_SE":null,"FCLASS_BD":null,"FCLASS_UA":null},"geometry":{"type":"MultiPolygon","coordinates":[[],[]]}},{"type":"Feature","bbox":[-128.350195,-24.412598,-128.290088,-24.323242],"properties":{"featurecla":"Admin-0 country","scalerank":3,"LABELRANK":4,"SOVEREIGNT":"United Kingdom","SOV_A3":"GB1","ADM0_DIF":1,"LEVEL":2,"TYPE":"Dependency","TLC":"1","ADMIN":"Pitcairn Islands","ADM0_A3":"PCN","GEOU_DIF":0,"GEOUNIT":"Pitcairn Islands","GU_A3":"PCN","SU_DIF":0,"SUBUNIT":"Pitcairn Islands","SU_A3":"PCN","BRK_DIFF":0,"NAME":"Pitcairn Is.","NAME_LONG":"Pitcairn Islands","BRK_A3":"PCN","BRK_NAME":"Pitcairn Is.","BRK_GROUP":null,"ABBREV":"Pit. Is.","POSTAL":"PN","FORMAL_EN":"Pitcairn, Henderson, Ducie and Oeno Islands","FORMAL_FR":null,"NAME_CIAWF":"Pitcairn Islands","NOTE_ADM0":"U.K.","NOTE_BRK":null,"NAME_SORT":"Pitcairn Islands","NAME_ALT":null,"MAPCOLOR7":6,"MAPCOLOR8":6,"MAPCOLOR9":6,"MAPCOLOR13":3,"POP_EST":54,"POP_RANK":1,"POP_YEAR":2016,"GDP_MD":0,"GDP_YEAR":2016,"ECONOMY":"7. Least developed region","INCOME_GRP":"5. Low income","FIPS_10":"PC","ISO_A2":"PN","ISO_A2_EH":"PN","ISO_A3":"PCN","ISO_A3_EH":"PCN","ISO_N3":"612","ISO_N3_EH":"612","UN_A3":"612","WB_A2":"-99","WB_A3":"-99","WOE_ID":23424918,"WOE_ID_EH":23424918,"WOE_NOTE":"Exact WOE match as country","ADM0_ISO":"PCN","ADM0_DIFF":null,"ADM0_TLC":"PCN","ADM0_A3_US":"PCN","ADM0_A3_FR":"PCN","ADM0_A3_RU":"PCN","ADM0_A3_ES":"PCN","ADM0_A3_CN":"PCN","ADM0_A3_TW":"PCN","ADM0_A3_IN":"PCN","ADM0_A3_NP":"PCN","ADM0_A3_PK":"PCN","ADM0_A3_DE":"PCN","ADM0_A3_GB":"PCN","ADM0_A3_BR":"PCN","ADM0_A3_IL":"PCN","ADM0_A3_PS":"PCN","ADM0_A3_SA":"PCN","ADM0_A3_EG":"PCN","ADM0_A3_MA":"PCN","ADM0_A3_PT":"PCN","ADM0_A3_AR":"PCN","ADM0_A3_JP":"PCN","ADM0_A3_KO":"PCN","ADM0_A3_VN":"PCN","ADM0_A3_TR":"PCN","ADM0_A3_ID":"PCN","ADM0_A3_PL":"PCN","ADM0_A3_GR":"PCN","ADM0_A3_IT":"PCN","ADM0_A3_NL":"PCN","ADM0_A3_SE":"PCN","ADM0_A3_BD":"PCN","ADM0_A3_UA":"PCN","ADM0_A3_UN":-99,"ADM0_A3_WB":-99,"CONTINENT":"Oceania","REGION_UN":"Oceania","SUBREGION":"Polynesia","REGION_WB":"East Asia & Pacific","NAME_LEN":12,"LONG_LEN":16,"ABBREV_LEN":8,"TINY":-99,"HOMEPART":-99,"MIN_ZOOM":0,"MIN_LABEL":5,"MAX_LABEL":9,"LABEL_X":-128.317536,"LABEL_Y":-24.364576,"NE_ID":1159320729,"WIKIDATAID":"Q35672","NAME_AR":"جزر بيتكيرن","NAME_BN":"পীটকেয়ার্ন দ্বীপপুঞ্জ","NAME_DE":"Pitcairninseln","NAME_EN":"Pitcairn Islands","NAME_ES":"Islas Pitcairn","NAME_FA":"جزایر پیتکرن","NAME_FR":"Iles Pitcairn","NAME_EL":"Νήσοι Πίτκερν","NAME_HE":"פיטקרן","NAME_HI":"पिटकेर्न द्वीपसमूह","NAME_HU":"Pitcairn-szigetek","NAME_ID":"Kepulauan Pitcairn","NAME_IT":"Isole Pitcairn","NAME_JA":"ピトケアン諸島","NAME_KO":"핏케언 제도","NAME_NL":"Pitcairneilanden","NAME_PL":"Pitcairn","NAME_PT":"Ilhas Pitcairn","NAME_RU":"Острова Питкэрн","NAME_SV":"Pitcairnöarna","NAME_TR":"Pitcairn Adaları","NAME_UK":"Піткерн","NAME_UR":"جزائر پٹکیرن","NAME_VI":"Quần đảo Pitcairn","NAME_ZH":"皮特凯恩群岛","NAME_ZHT":"皮特肯群島","FCLASS_ISO":"Admin-0 dependency","TLC_DIFF":null,"FCLASS_TLC":"Admin-0 dependency","FCLASS_US":null,"FCLASS_FR":null,"FCLASS_RU":null,"FCLASS_ES":null,"FCLASS_CN":null,"FCLASS_TW":null,"FCLASS_IN":null,"FCLASS_NP":null,"FCLASS_PK":null,"FCLASS_DE":null,"FCLASS_GB":null,"FCLASS_BR":null,"FCLASS_IL":null,"FCLASS_PS":null,"FCLASS_SA":null,"FCLASS_EG":null,"FCLASS_MA":null,"FCLASS_PT":null,"FCLASS_AR":null,"FCLASS_JP":null,"FCLASS_KO":null,"FCLASS_VN":null,"FCLASS_TR":null,"FCLASS_ID":null,"FCLASS_PL":null,"FCLASS_GR":null,"FCLASS_IT":null,"FCLASS_NL":null,"FCLASS_SE":null,"FCLASS_BD":null,"FCLASS_UA":null},"geometry":{"type":"Polygon","coordinates":[[[73.2215959876735,-32.42957947210661],[73.20607595316626,-32.439250182840574],[73.20739156793793,-32.416614366183126],[73.22046919491893,-32.378079278301314],[73.24013470813911,-32.34484601778119],[73.26110725768295,-32.33851451829935],[73.26413110947468,-32.36165813617254],[73.24595637692232,-32.397836906353646],[73.2215959876735,-32.42957947210661]]]}},{"type":"Feature","bbox":[-61.14502,-52.308008,-57.791797,-51.269922],"properties":{"featurecla":"Admin-0 country","scalerank":1,"LABELRANK":5,"SOVEREIGNT":"United Kingdom","SOV_A3":"GB1","ADM0_DIF":1,"LEVEL":2,"TYPE":"Disputed","TLC":"1","ADMIN":"Falkland Islands","ADM0_A3":"FLK","GEOU_DIF":0,"GEOUNIT":"Falkland Islands","GU_A3":"FLK","SU_DIF":0,"SUBUNIT":"Falkland Islands","SU_A3":"FLK","BRK_DIFF":1,"NAME":"Falkland Is.","NAME_LONG":"Falkland Islands / Malvinas","BRK_A3":"B12","BRK_NAME":"Falkland Is.","BRK_GROUP":null,"ABBREV":"Flk. Is.","POSTAL":"FK","FORMAL_EN":"Falkland Islands","FORMAL_FR":null,"NAME_CIAWF":"Falkland Islands (Islas Malvinas)","NOTE_ADM0":"U.K.","NOTE_BRK":"Admin. by U.K.; Claimed by Argentina","NAME_SORT":"Falkland Islands","NAME_ALT":"Islas Malvinas","MAPCOLOR7":6,"MAPCOLOR8":6,"MAPCOLOR9":6,"MAPCOLOR13":3,"POP_EST":3398,"POP_RANK":4,"POP_YEAR":2016,"GDP_MD":282,"GDP_YEAR":2012,"ECONOMY":"2. Developed region: nonG7","INCOME_GRP":"1. High income: OECD","FIPS_10":"FK","ISO_A2":"FK","ISO_A2_EH":"FK","ISO_A3":"FLK","ISO_A3_EH":"FLK","ISO_N3":"238","ISO_N3_EH":"238","UN_A3":"238","WB_A2":"-99","WB_A3":"-99","WOE_ID":23424814,"WOE_ID_EH":23424814,"WOE_NOTE":"Exact WOE match as country","ADM0_ISO":"B12","ADM0_DIFF":null,"ADM0_TLC":"B12","ADM0_A3_US":"FLK","ADM0_A3_FR":"FLK","ADM0_A3_RU":"FLK","ADM0_A3_ES":"FLK","ADM0_A3_CN":"FLK","ADM0_A3_TW":"FLK","ADM0_A3_IN":"FLK","ADM0_A3_NP":"FLK","ADM0_A3_PK":"FLK","ADM0_A3_DE":"FLK","ADM0_A3_GB":"FLK","ADM0_A3_BR":"FLK","ADM0_A3_IL":"FLK","ADM0_A3_PS":"FLK","ADM0_A3_SA":"FLK","ADM0_A3_EG":"FLK","ADM0_A3_MA":"FLK","ADM0_A3_PT":"FLK","ADM0_A3_AR":"ARG","ADM0_A3_JP":"FLK","ADM0_A3_KO":"FLK","ADM0_A3_VN":"FLK","ADM0_A3_TR":"FLK","ADM0_A3_ID":"FLK","ADM0_A3_PL":"FLK","ADM0_A3_GR":"FLK","ADM0_A3_IT":"FLK","ADM0_A3_NL":"FLK","ADM0_A3_SE":"FLK","ADM0_A3_BD":"FLK","ADM0_A3_UA":"FLK","ADM0_A3_UN":-99,"ADM0_A3_WB":-99,"CONTINENT":"South America","REGION_UN":"Americas","SUBREGION":"South America","REGION_WB":"Latin America & Caribbean","NAME_LEN":12,"LONG_LEN":27,"ABBREV_LEN":8,"TINY":-99,"HOMEPART":-99,"MIN_ZOOM":0,"MIN_LABEL":4.5,"MAX_LABEL":9,"LABEL_X":-58.738602,"LABEL_Y":-51.608913,"NE_ID":1159320711,"WIKIDATAID":"Q9648","NAME_AR":"جزر فوكلاند","NAME_BN":"ফকল্যান্ড দ্বীপপুঞ্জ","NAME_DE":"Falklandinseln","NAME_EN":"Falkland Islands","NAME_ES":"Islas Malvinas","NAME_FA":"جزایر فالکلند","NAME_FR":"îles Malouines","NAME_EL":"Νήσοι Φώκλαντ","NAME_HE":"איי פוקלנד","NAME_HI":"फ़ॉकलैंड द्वीपसमूह","NAME_HU":"Falkland-szigetek","NAME_ID":"Kepulauan Falkland","NAME_IT":"Isole Falkland","NAME_JA":"フォークランド諸島","NAME_KO":"포클랜드 제도","NAME_NL":"Falklandeilanden","NAME_PL":"Falklandy","NAME_PT":"Ilhas Malvinas","NAME_RU":"Фолклендские острова","NAME_SV":"Falklandsöarna","NAME_TR":"Falkland Adaları","NAME_UK":"Фолклендські острови","NAME_UR":"جزائر فاکلینڈ","NAME_VI":"Quần đảo Falkland","NAME_ZH":"福克兰群岛","NAME_ZHT":"福克蘭群島","FCLASS_ISO":"Admin-0 dependency","TLC_DIFF":null,"FCLASS_TLC":"Admin-0 dependency","FCLASS_US":null,"FCLASS_FR":null,"FCLASS_RU":null,"FCLASS_ES":null,"FCLASS_CN":null,"FCLASS_TW":null,"FCLASS_IN":null,"FCLASS_NP":null,"FCLASS_PK":null,"FCLASS_DE":null,"FCLASS_GB":null,"FCLASS_BR":null,"FCLASS_IL":null,"FCLASS_PS":null,"FCLASS_SA":null,"FCLASS_EG":null,"FCLASS_MA":null,"FCLASS_PT":null,"FCLASS_AR":"Unrecognized","FCLASS_JP":null,"FCLASS_KO":null,"FCLASS_VN":null,"FCLASS_TR":null,"FCLASS_ID":null,"FCLASS_PL":null,"FCLASS_GR":null,"FCLASS_IT":null,"FCLASS_NL":null,"FCLASS_SE":null,"FCLASS_BD":null,"FCLASS_UA":null},"geometry":{"type":"MultiPolygon","coordinates":[[],[],[],[],[],[]]}},{"type":"Feature","bbox":[-81.419092,19.271875,-79.742285,19.765723],"properties":{"featurecla":"Admin-0 country","scalerank":1,"LABELRANK":5,"SOVEREIGNT":"United Kingdom","SOV_A3":"GB1","ADM0_DIF":1,"LEVEL":2,"TYPE":"Dependency","TLC":"1","ADMIN":"Cayman Islands","ADM0_A3":"CYM","GEOU_DIF":0,"GEOUNIT":"Cayman Islands","GU_A3":"CYM","SU_DIF":0,"SUBUNIT":"Cayman Islands","SU_A3":"CYM","BRK_DIFF":0,"NAME":"Cayman Is.","NAME_LONG":"Cayman Islands","BRK_A3":"CYM","BRK_NAME":"Cayman Is.","BRK_GROUP":null,"ABBREV":"Cym. Is.","POSTAL":"KY","FORMAL_EN":"Cayman Islands","FORMAL_FR":null,"NAME_CIAWF":"Cayman Islands","NOTE_ADM0":"U.K.","NOTE_BRK":null,"NAME_SORT":"Cayman Islands","NAME_ALT":null,"MAPCOLOR7":6,"MAPCOLOR8":6,"MAPCOLOR9":6,"MAPCOLOR13":3,"POP_EST":64948,"POP_RANK":8,"POP_YEAR":2019,"GDP_MD":5517,"GDP_YEAR":2018,"ECONOMY":"5. Emerging region: G20","INCOME_GRP":"2. High income: nonOECD","FIPS_10":"CJ","ISO_A2":"KY","ISO_A2_EH":"KY","ISO_A3":"CYM","ISO_A3_EH":"CYM","ISO_N3":"136","ISO_N3_EH":"136","UN_A3":"136","WB_A2":"KY","WB_A3":"CYM","WOE_ID":23424783,"WOE_ID_EH":23424783,"WOE_NOTE":"Exact WOE match as country","ADM0_ISO":"CYM","ADM0_DIFF":null,"ADM0_TLC":"CYM","ADM0_A3_US":"CYM","ADM0_A3_FR":"CYM","ADM0_A3_RU":"CYM","ADM0_A3_ES":"CYM","ADM0_A3_CN":"CYM","ADM0_A3_TW":"CYM","ADM0_A3_IN":"CYM","ADM0_A3_NP":"CYM","ADM0_A3_PK":"CYM","ADM0_A3_DE":"CYM","ADM0_A3_GB":"CYM","ADM0_A3_BR":"CYM","ADM0_A3_IL":"CYM","ADM0_A3_PS":"CYM","ADM0_A3_SA":"CYM","ADM0_A3_EG":"CYM","ADM0_A3_MA":"CYM","ADM0_A3_PT":"CYM","ADM0_A3_AR":"CYM","ADM0_A3_JP":"CYM","ADM0_A3_KO":"CYM","ADM0_A3_VN":"CYM","ADM0_A3_TR":"CYM","ADM0_A3_ID":"CYM","ADM0_A3_PL":"CYM","ADM0_A3_GR":"CYM","ADM0_A3_IT":"CYM","ADM0_A3_NL":"CYM","ADM0_A3_SE":"CYM","ADM0_A3_BD":"CYM","ADM0_A3_UA":"CYM","ADM0_A3_UN":-99,"ADM0_A3_WB":-99,"CONTINENT":"North America","REGION_UN":"Americas","SUBREGION":"Caribbean","REGION_WB":"Latin America & Caribbean","NAME_LEN":10,"LONG_LEN":14,"ABBREV_LEN":8,"TINY":2,"HOMEPART":-99,"MIN_ZOOM":0,"MIN_LABEL":5,"MAX_LABEL":9.5,"LABEL_X":-81.24055,"LABEL_Y":19.319862,"NE_ID":1159320707,"WIKIDATAID":"Q5785","NAME_AR":"جزر كايمان","NAME_BN":"কেইম্যান দ্বীপপুঞ্জ","NAME_DE":"Cayman Islands","NAME_EN":"Cayman Islands","NAME_ES":"Islas Caimán","NAME_FA":"جزایر کیمن","NAME_FR":"îles Caïmans","NAME_EL":"Νησιά Καϋμάν","NAME_HE":"איי קיימן","NAME_HI":"केमन द्वीपसमूह","NAME_HU":"Kajmán-szigetek","NAME_ID":"Kepulauan Cayman","NAME_IT":"Isole Cayman","NAME_JA":"ケイマン諸島","NAME_KO":"케이맨 제도","NAME_NL":"Kaaimaneilanden","NAME_PL":"Kajmany","NAME_PT":"Ilhas Caimão","NAME_RU":"острова Кайман","NAME_SV":"Caymanöarna","NAME_TR":"Cayman Adaları","NAME_UK":"Кайманові острови","NAME_UR":"جزائر کیمین","NAME_VI":"Quần đảo Cayman","NAME_ZH":"开曼群岛","NAME_ZHT":"開曼群島","FCLASS_ISO":"Admin-0 dependency","TLC_DIFF":null,"FCLASS_TLC":"Admin-0 dependency","FCLASS_US":null,"FCLASS_FR":null,"FCLASS_RU":null,"FCLASS_ES":null,"FCLASS_CN":null,"FCLASS_TW":null,"FCLASS_IN":null,"FCLASS_NP":null,"FCLASS_PK":null,"FCLASS_DE":null,"FCLASS_GB":null,"FCLASS_BR":null,"FCLASS_IL":null,"FCLASS_PS":null,"FCLASS_SA":null,"FCLASS_EG":null,"FCLASS_MA":null,"FCLASS_PT":null,"FCLASS_AR":null,"FCLASS_JP":null,"FCLASS_KO":null,"FCLASS_VN":null,"FCLASS_TR":null,"FCLASS_ID":null,"FCLASS_PL":null,"FCLASS_GR":null,"FCLASS_IT":null,"FCLASS_NL":null,"FCLASS_SE":null,"FCLASS_BD":null,"FCLASS_UA":null},"geometry":{"type":"MultiPolygon","coordinates":[[],[],[]]}},{"type":"Feature","bbox":[-64.695117,18.399121,-64.273584,18.752686],"properties":{"featurecla":"Admin-0 country","scalerank":3,"LABELRANK":6,"SOVEREIGNT":"United Kingdom","SOV_A3":"GB1","ADM0_DIF":1,"LEVEL":2,"TYPE":"Dependency","TLC":"1","ADMIN":"British Virgin Islands","ADM0_A3":"VGB","GEOU_DIF":0,"GEOUNIT":"British Virgin Islands","GU_A3":"VGB","SU_DIF":0,"SUBUNIT":"British Virgin Islands","SU_A3":"VGB","BRK_DIFF":0,"NAME":"British Virgin Is.","NAME_LONG":"British Virgin Islands","BRK_A3":"VGB","BRK_NAME":"British Virgin Is.","BRK_GROUP":null,"ABBREV":"V.I. (Br.)","POSTAL":"VG","FORMAL_EN":"British Virgin Islands","FORMAL_FR":null,"NAME_CIAWF":"British Virgin Islands","NOTE_ADM0":"U.K.","NOTE_BRK":null,"NAME_SORT":"British Virgin Islands","NAME_ALT":null,"MAPCOLOR7":6,"MAPCOLOR8":6,"MAPCOLOR9":6,"MAPCOLOR13":3,"POP_EST":30030,"POP_RANK":7,"POP_YEAR":2019,"GDP_MD":500,"GDP_YEAR":2017,"ECONOMY":"2. Developed region: nonG7","INCOME_GRP":"1. High income: OECD","FIPS_10":"VI","ISO_A2":"VG","ISO_A2_EH":"VG","ISO_A3":"VGB","ISO_A3_EH":"VGB","ISO_N3":"092","ISO_N3_EH":"092","UN_A3":"092","WB_A2":"-99","WB_A3":"-99","WOE_ID":23424983,"WOE_ID_EH":23424983,"WOE_NOTE":"Exact WOE match as country","ADM0_ISO":"VGB","ADM0_DIFF":null,"ADM0_TLC":"VGB","ADM0_A3_US":"VGB","ADM0_A3_FR":"VGB","ADM0_A3_RU":"VGB","ADM0_A3_ES":"VGB","ADM0_A3_CN":"VGB","ADM0_A3_TW":"VGB","ADM0_A3_IN":"VGB","ADM0_A3_NP":"VGB","ADM0_A3_PK":"VGB","ADM0_A3_DE":"VGB","ADM0_A3_GB":"VGB","ADM0_A3_BR":"VGB","ADM0_A3_IL":"VGB","ADM0_A3_PS":"VGB","ADM0_A3_SA":"VGB","ADM0_A3_EG":"VGB","ADM0_A3_MA":"VGB","ADM0_A3_PT":"VGB","ADM0_A3_AR":"VGB","ADM0_A3_JP":"VGB","ADM0_A3_KO":"VGB","ADM0_A3_VN":"VGB","ADM0_A3_TR":"VGB","ADM0_A3_ID":"VGB","ADM0_A3_PL":"VGB","ADM0_A3_GR":"VGB","ADM0_A3_IT":"VGB","ADM0_A3_NL":"VGB","ADM0_A3_SE":"VGB","ADM0_A3_BD":"VGB","ADM0_A3_UA":"VGB","ADM0_A3_UN":-99,"ADM0_A3_WB":-99,"CONTINENT":"North America","REGION_UN":"Americas","SUBREGION":"Caribbean","REGION_WB":"Latin America & Caribbean","NAME_LEN":18,"LONG_LEN":22,"ABBREV_LEN":10,"TINY":3,"HOMEPART":-99,"MIN_ZOOM":0,"MIN_LABEL":5,"MAX_LABEL":9.5,"LABEL_X":-64.63661,"LABEL_Y":18.426606,"NE_ID":1159320739,"WIKIDATAID":"Q25305","NAME_AR":"جزر العذراء البريطانية","NAME_BN":"ব্রিটিশ ভার্জিন দ্বীপপুঞ্জ","NAME_DE":"Britische Jungferninseln","NAME_EN":"British Virgin Islands","NAME_ES":"Islas Vírgenes Británicas","NAME_FA":"جزایر ویرجین بریتانیا","NAME_FR":"îles Vierges britanniques","NAME_EL":"Βρετανικές Παρθένοι Νήσοι","NAME_HE":"איי הבתולה הבריטיים","NAME_HI":"ब्रिटिश वर्जिन द्वीपसमूह","NAME_HU":"Brit Virgin-szigetek","NAME_ID":"Kepulauan Virgin Britania Raya","NAME_IT":"Isole Vergini britanniche","NAME_JA":"イギリス領ヴァージン諸島","NAME_KO":"영국령 버진아일랜드","NAME_NL":"Britse Maagdeneilanden","NAME_PL":"Brytyjskie Wyspy Dziewicze","NAME_PT":"Ilhas Virgens Britânicas","NAME_RU":"Британские Виргинские острова","NAME_SV":"Brittiska Jungfruöarna","NAME_TR":"Britanya Virjin Adaları","NAME_UK":"Британські Віргінські острови","NAME_UR":"برطانوی جزائر ورجن","NAME_VI":"Quần đảo Virgin thuộc Anh","NAME_ZH":"英属维尔京群岛","NAME_ZHT":"英屬維京群島","FCLASS_ISO":"Admin-0 dependency","TLC_DIFF":null,"FCLASS_TLC":"Admin-0 dependency","FCLASS_US":null,"FCLASS_FR":null,"FCLASS_RU":null,"FCLASS_ES":null,"FCLASS_CN":null,"FCLASS_TW":null,"FCLASS_IN":null,"FCLASS_NP":null,"FCLASS_PK":null,"FCLASS_DE":null,"FCLASS_GB":null,"FCLASS_BR":null,"FCLASS_IL":null,"FCLASS_PS":null,"FCLASS_SA":null,"FCLASS_EG":null,"FCLASS_MA":null,"FCLASS_PT":null,"FCLASS_AR":null,"FCLASS_JP":null,"FCLASS_KO":null,"FCLASS_VN":null,"FCLASS_TR":null,"FCLASS_ID":null,"FCLASS_PL":null,"FCLASS_GR":null,"FCLASS_IT":null,"FCLASS_NL":null,"FCLASS_SE":null,"FCLASS_BD":null,"FCLASS_UA":null},"geometry":{"type":"MultiPolygon","coordinates":[[],[],[]]}},{"type":"Feature","bbox":[-72.342383,21.751709,-71.636914,21.951904],"properties":{"featurecla":"Admin-0 country","scalerank":3,"LABELRANK":6,"SOVEREIGNT":"United Kingdom","SOV_A3":"GB1","ADM0_DIF":1,"LEVEL":2,"TYPE":"Dependency","TLC":"1","ADMIN":"Turks and Caicos Islands","ADM0_A3":"TCA","GEOU_DIF":0,"GEOUNIT":"Turks and Caicos Islands","GU_A3":"TCA","SU_DIF":0,"SUBUNIT":"Turks and Caicos Islands","SU_A3":"TCA","BRK_DIFF":0,"NAME":"Turks and Caicos Is.","NAME_LONG":"Turks and Caicos Islands","BRK_A3":"TCA","BRK_NAME":"Turks and Caicos Is.","BRK_GROUP":null,"ABBREV":"T.C. Is.","POSTAL":"TC","FORMAL_EN":"Turks and Caicos Islands","FORMAL_FR":null,"NAME_CIAWF":"Turks and Caicos Islands","NOTE_ADM0":"U.K.","NOTE_BRK":null,"NAME_SORT":"Turks and Caicos Islands","NAME_ALT":null,"MAPCOLOR7":6,"MAPCOLOR8":6,"MAPCOLOR9":6,"MAPCOLOR13":3,"POP_EST":38191,"POP_RANK":7,"POP_YEAR":2019,"GDP_MD":1197,"GDP_YEAR":2019,"ECONOMY":"6. Developing region","INCOME_GRP":"2. High income: nonOECD","FIPS_10":"TK","ISO_A2":"TC","ISO_A2_EH":"TC","ISO_A3":"TCA","ISO_A3_EH":"TCA","ISO_N3":"796","ISO_N3_EH":"796","UN_A3":"796","WB_A2":"TC","WB_A3":"TCA","WOE_ID":23424962,"WOE_ID_EH":23424962,"WOE_NOTE":"Exact WOE match as country","ADM0_ISO":"TCA","ADM0_DIFF":null,"ADM0_TLC":"TCA","ADM0_A3_US":"TCA","ADM0_A3_FR":"TCA","ADM0_A3_RU":"TCA","ADM0_A3_ES":"TCA","ADM0_A3_CN":"TCA","ADM0_A3_TW":"TCA","ADM0_A3_IN":"TCA","ADM0_A3_NP":"TCA","ADM0_A3_PK":"TCA","ADM0_A3_DE":"TCA","ADM0_A3_GB":"TCA","ADM0_A3_BR":"TCA","ADM0_A3_IL":"TCA","ADM0_A3_PS":"TCA","ADM0_A3_SA":"TCA","ADM0_A3_EG":"TCA","ADM0_A3_MA":"TCA","ADM0_A3_PT":"TCA","ADM0_A3_AR":"TCA","ADM0_A3_JP":"TCA","ADM0_A3_KO":"TCA","ADM0_A3_VN":"TCA","ADM0_A3_TR":"TCA","ADM0_A3_ID":"TCA","ADM0_A3_PL":"TCA","ADM0_A3_GR":"TCA","ADM0_A3_IT":"TCA","ADM0_A3_NL":"TCA","ADM0_A3_SE":"TCA","ADM0_A3_BD":"TCA","ADM0_A3_UA":"TCA","ADM0_A3_UN":-99,"ADM0_A3_WB":-99,"CONTINENT":"North America","REGION_UN":"Americas","SUBREGION":"Caribbean","REGION_WB":"Latin America & Caribbean","NAME_LEN":20,"LONG_LEN":24,"ABBREV_LEN":8,"TINY":-99,"HOMEPART":-99,"MIN_ZOOM":0,"MIN_LABEL":5,"MAX_LABEL":10,"LABEL_X":-71.752704,"LABEL_Y":21.81663,"NE_ID":1159320737,"WIKIDATAID":"Q18221","NAME_AR":"جزر توركس وكايكوس","NAME_BN":"টার্কস ও কেইকোস দ্বীপপুঞ্জ","NAME_DE":"Turks- und Caicosinseln","NAME_EN":"Turks and Caicos Islands","NAME_ES":"Islas Turcas y Caicos","NAME_FA":"جزایر تورکس و کایکوس","NAME_FR":"îles Turques-et-Caïques","NAME_EL":"Τερκ και Κάικος","NAME_HE":"איי טרקס וקייקוס","NAME_HI":"तुर्क और केकोस द्वीपसमूह","NAME_HU":"Turks- és Caicos-szigetek","NAME_ID":"Kepulauan Turks dan Caicos","NAME_IT":"Turks e Caicos","NAME_JA":"タークス・カイコス諸島","NAME_KO":"터크스 케이커스 제도","NAME_NL":"Turks- en Caicoseilanden","NAME_PL":"Turks i Caicos","NAME_PT":"Turks e Caicos","NAME_RU":"Тёркс и Кайкос","NAME_SV":"Turks- och Caicosöarna","NAME_TR":"Turks ve Caicos Adaları","NAME_UK":"Острови Теркс і Кайкос","NAME_UR":"جزائر کیکس و ترکیہ","NAME_VI":"Quần đảo Turks và Caicos","NAME_ZH":"特克斯和凯科斯群岛","NAME_ZHT":"土克凱可群島","FCLASS_ISO":"Admin-0 dependency","TLC_DIFF":null,"FCLASS_TLC":"Admin-0 dependency","FCLASS_US":null,"FCLASS_FR":null,"FCLASS_RU":null,"FCLASS_ES":null,"FCLASS_CN":null,"FCLASS_TW":null,"FCLASS_IN":null,"FCLASS_NP":null,"FCLASS_PK":null,"FCLASS_DE":null,"FCLASS_GB":null,"FCLASS_BR":null,"FCLASS_IL":null,"FCLASS_PS":null,"FCLASS_SA":null,"FCLASS_EG":null,"FCLASS_MA":null,"FCLASS_PT":null,"FCLASS_AR":null,"FCLASS_JP":null,"FCLASS_KO":null,"FCLASS_VN":null,"FCLASS_TR":null,"FCLASS_ID":null,"FCLASS_PL":null,"FCLASS_GR":null,"FCLASS_IT":null,"FCLASS_NL":null,"FCLASS_SE":null,"FCLASS_BD":null,"FCLASS_UA":null},"geometry":{"type":"MultiPolygon","coordinates":[[],[],[]]}},{"type":"Feature","bbox":[-8.144824,50.021387,1.746582,60.831885],"properties":{"featurecla":"Admin-0 country","scalerank":1,"LABELRANK":2,"SOVEREIGNT":"United Kingdom","SOV_A3":"GB1","ADM0_DIF":1,"LEVEL":2,"TYPE":"Country","TLC":"1","ADMIN":"United Kingdom","ADM0_A3":"GBR","GEOU_DIF":0,"GEOUNIT":"United Kingdom","GU_A3":"GBR","SU_DIF":0,"SUBUNIT":"United Kingdom","SU_A3":"GBR","BRK_DIFF":0,"NAME":"United Kingdom","NAME_LONG":"United Kingdom","BRK_A3":"GBR","BRK_NAME":"United Kingdom","BRK_GROUP":null,"ABBREV":"U.K.","POSTAL":"GB","FORMAL_EN":"United Kingdom of Great Britain and Northern Ireland","FORMAL_FR":null,"NAME_CIAWF":"United Kingdom","NOTE_ADM0":null,"NOTE_BRK":null,"NAME_SORT":"United Kingdom","NAME_ALT":null,"MAPCOLOR7":6,"MAPCOLOR8":6,"MAPCOLOR9":6,"MAPCOLOR13":3,"POP_EST":66834405,"POP_RANK":16,"POP_YEAR":2019,"GDP_MD":2829108,"GDP_YEAR":2019,"ECONOMY":"1. Developed region: G7","INCOME_GRP":"1. High income: OECD","FIPS_10":"UK","ISO_A2":"GB","ISO_A2_EH":"GB","ISO_A3":"GBR","ISO_A3_EH":"GBR","ISO_N3":"826","ISO_N3_EH":"826","UN_A3":"826","WB_A2":"GB","WB_A3":"GBR","WOE_ID":-90,"WOE_ID_EH":23424975,"WOE_NOTE":"Eh ID includes Channel Islands and Isle of Man. UK constituent countries of England (24554868), Wales (12578049), Scotland (12578048), and Northern Ireland (20070563).","ADM0_ISO":"GBR","ADM0_DIFF":null,"ADM0_TLC":"GBR","ADM0_A3_US":"GBR","ADM0_A3_FR":"GBR","ADM0_A3_RU":"GBR","ADM0_A3_ES":"GBR","ADM0_A3_CN":"GBR","ADM0_A3_TW":"GBR","ADM0_A3_IN":"GBR","ADM0_A3_NP":"GBR","ADM0_A3_PK":"GBR","ADM0_A3_DE":"GBR","ADM0_A3_GB":"GBR","ADM0_A3_BR":"GBR","ADM0_A3_IL":"GBR","ADM0_A3_PS":"GBR","ADM0_A3_SA":"GBR","ADM0_A3_EG":"GBR","ADM0_A3_MA":"GBR","ADM0_A3_PT":"GBR","ADM0_A3_AR":"GBR","ADM0_A3_JP":"GBR","ADM0_A3_KO":"GBR","ADM0_A3_VN":"GBR","ADM0_A3_TR":"GBR","ADM0_A3_ID":"GBR","ADM0_A3_PL":"GBR","ADM0_A3_GR":"GBR","ADM0_A3_IT":"GBR","ADM0_A3_NL":"GBR","ADM0_A3_SE":"GBR","ADM0_A3_BD":"GBR","ADM0_A3_UA":"GBR","ADM0_A3_UN":-99,"ADM0_A3_WB":-99,"CONTINENT":"Europe","REGION_UN":"Europe","SUBREGION":"Northern Europe","REGION_WB":"Europe & Central Asia","NAME_LEN":14,"LONG_LEN":14,"ABBREV_LEN":4,"TINY":-99,"HOMEPART":1,"MIN_ZOOM":0,"MIN_LABEL":1.7,"MAX_LABEL":6.7,"LABEL_X":-2.116346,"LABEL_Y":54.402739,"NE_ID":1159320713,"WIKIDATAID":"Q145","NAME_AR":"المملكة المتحدة","NAME_BN":"যুক্তরাজ্য","NAME_DE":"Vereinigtes Königreich","NAME_EN":"United Kingdom","NAME_ES":"Reino Unido","NAME_FA":"بریتانیا","NAME_FR":"Royaume-Uni","NAME_EL":"Ηνωμένο Βασίλειο","NAME_HE":"הממלכה המאוחדת","NAME_HI":"यूनाइटेड किंगडम","NAME_HU":"Egyesült Királyság","NAME_ID":"Britania Raya","NAME_IT":"Regno Unito","NAME_JA":"イギリス","NAME_KO":"영국","NAME_NL":"Verenigd Koninkrijk","NAME_PL":"Wielka Brytania","NAME_PT":"Reino Unido","NAME_RU":"Великобритания","NAME_SV":"Storbritannien","NAME_TR":"Birleşik Krallık","NAME_UK":"Велика Британія","NAME_UR":"مملکت متحدہ","NAME_VI":"Vương quốc Liên hiệp Anh và Bắc Ireland","NAME_ZH":"英国","NAME_ZHT":"英國","FCLASS_ISO":"Admin-0 country","TLC_DIFF":null,"FCLASS_TLC":"Admin-0 country","FCLASS_US":null,"FCLASS_FR":null,"FCLASS_RU":null,"FCLASS_ES":null,"FCLASS_CN":null,"FCLASS_TW":null,"FCLASS_IN":null,"FCLASS_NP":null,"FCLASS_PK":null,"FCLASS_DE":null,"FCLASS_GB":null,"FCLASS_BR":null,"FCLASS_IL":null,"FCLASS_PS":null,"FCLASS_SA":null,"FCLASS_EG":null,"FCLASS_MA":null,"FCLASS_PT":null,"FCLASS_AR":null,"FCLASS_JP":null,"FCLASS_KO":null,"FCLASS_VN":null,"FCLASS_TR":null,"FCLASS_ID":null,"FCLASS_PL":null,"FCLASS_GR":null,"FCLASS_IT":null,"FCLASS_NL":null,"FCLASS_SE":null,"FCLASS_BD":null,"FCLASS_UA":null},"geometry":{"type":"MultiPolygon","coordinates":[[],[],[],[],[],[],[],[],[],[],[],[],[],[],[],[],[],[],[],[],[],[],[]]}},{"type":"Feature","bbox":[51.568359,22.621484,56.387988,26.068164],"properties":{"featurecla":"Admin-0 country","scalerank":1,"LABELRANK":4,"SOVEREIGNT":"United Arab Emirates","SOV_A3":"ARE","ADM0_DIF":0,"LEVEL":2,"TYPE":"Sovereign country","TLC":"1","ADMIN":"United Arab Emirates","ADM0_A3":"ARE","GEOU_DIF":0,"GEOUNIT":"United Arab Emirates","GU_A3":"ARE","SU_DIF":0,"SUBUNIT":"United Arab Emirates","SU_A3":"ARE","BRK_DIFF":0,"NAME":"United Arab Emirates","NAME_LONG":"United Arab Emirates","BRK_A3":"ARE","BRK_NAME":"United Arab Emirates","BRK_GROUP":null,"ABBREV":"U.A.E.","POSTAL":"AE","FORMAL_EN":"United Arab Emirates","FORMAL_FR":null,"NAME_CIAWF":"United Arab Emirates","NOTE_ADM0":null,"NOTE_BRK":null,"NAME_SORT":"United Arab Emirates","NAME_ALT":null,"MAPCOLOR7":2,"MAPCOLOR8":1,"MAPCOLOR9":3,"MAPCOLOR13":3,"POP_EST":9770529,"POP_RANK":13,"POP_YEAR":2019,"GDP_MD":421142,"GDP_YEAR":2019,"ECONOMY":"6. Developing region","INCOME_GRP":"2. High income: nonOECD","FIPS_10":"AE","ISO_A2":"AE","ISO_A2_EH":"AE","ISO_A3":"ARE","ISO_A3_EH":"ARE","ISO_N3":"784","ISO_N3_EH":"784","UN_A3":"784","WB_A2":"AE","WB_A3":"ARE","WOE_ID":23424738,"WOE_ID_EH":23424738,"WOE_NOTE":"Exact WOE match as country","ADM0_ISO":"ARE","ADM0_DIFF":null,"ADM0_TLC":"ARE","ADM0_A3_US":"ARE","ADM0_A3_FR":"ARE","ADM0_A3_RU":"ARE","ADM0_A3_ES":"ARE","ADM0_A3_CN":"ARE","ADM0_A3_TW":"ARE","ADM0_A3_IN":"ARE","ADM0_A3_NP":"ARE","ADM0_A3_PK":"ARE","ADM0_A3_DE":"ARE","ADM0_A3_GB":"ARE","ADM0_A3_BR":"ARE","ADM0_A3_IL":"ARE","ADM0_A3_PS":"ARE","ADM0_A3_SA":"ARE","ADM0_A3_EG":"ARE","ADM0_A3_MA":"ARE","ADM0_A3_PT":"ARE","ADM0_A3_AR":"ARE","ADM0_A3_JP":"ARE","ADM0_A3_KO":"ARE","ADM0_A3_VN":"ARE","ADM0_A3_TR":"ARE","ADM0_A3_ID":"ARE","ADM0_A3_PL":"ARE","ADM0_A3_GR":"ARE","ADM0_A3_IT":"ARE","ADM0_A3_NL":"ARE","ADM0_A3_SE":"ARE","ADM0_A3_BD":"ARE","ADM0_A3_UA":"ARE","ADM0_A3_UN":-99,"ADM0_A3_WB":-99,"CONTINENT":"Asia","REGION_UN":"Asia","SUBREGION":"Western Asia","REGION_WB":"Middle East & North Africa","NAME_LEN":20,"LONG_LEN":20,"ABBREV_LEN":6,"TINY":-99,"HOMEPART":1,"MIN_ZOOM":0,"MIN_LABEL":4,"MAX_LABEL":9,"LABEL_X":54.547256,"LABEL_Y":23.466285,"NE_ID":1159320329,"WIKIDATAID":"Q878","NAME_AR":"الإمارات العربية المتحدة","NAME_BN":"সংযুক্ত আরব আমিরাত","NAME_DE":"Vereinigte Arabische Emirate","NAME_EN":"United Arab Emirates","NAME_ES":"Emiratos Árabes Unidos","NAME_FA":"امارات متحده عربی","NAME_FR":"Émirats arabes unis","NAME_EL":"Ηνωμένα Αραβικά Εμιράτα","NAME_HE":"איחוד האמירויות הערביות","NAME_HI":"संयुक्त अरब अमीरात","NAME_HU":"Egyesült Arab Emírségek","NAME_ID":"Uni Emirat Arab","NAME_IT":"Emirati Arabi Uniti","NAME_JA":"アラブ首長国連邦","NAME_KO":"아랍에미리트","NAME_NL":"Verenigde Arabische Emiraten","NAME_PL":"Zjednoczone Emiraty Arabskie","NAME_PT":"Emirados Árabes Unidos","NAME_RU":"Объединённые Арабские Эмираты","NAME_SV":"Förenade Arabemiraten","NAME_TR":"Birleşik Arap Emirlikleri","NAME_UK":"Об'єднані Арабські Емірати","NAME_UR":"متحدہ عرب امارات","NAME_VI":"Các Tiểu vương quốc Ả Rập Thống nhất","NAME_ZH":"阿拉伯联合酋长国","NAME_ZHT":"阿拉伯聯合大公國","FCLASS_ISO":"Admin-0 country","TLC_DIFF":null,"FCLASS_TLC":"Admin-0 country","FCLASS_US":null,"FCLASS_FR":null,"FCLASS_RU":null,"FCLASS_ES":null,"FCLASS_CN":null,"FCLASS_TW":null,"FCLASS_IN":null,"FCLASS_NP":null,"FCLASS_PK":null,"FCLASS_DE":null,"FCLASS_GB":null,"FCLASS_BR":null,"FCLASS_IL":null,"FCLASS_PS":null,"FCLASS_SA":null,"FCLASS_EG":null,"FCLASS_MA":null,"FCLASS_PT":null,"FCLASS_AR":null,"FCLASS_JP":null,"FCLASS_KO":null,"FCLASS_VN":null,"FCLASS_TR":null,"FCLASS_ID":null,"FCLASS_PL":null,"FCLASS_GR":null,"FCLASS_IT":null,"FCLASS_NL":null,"FCLASS_SE":null,"FCLASS_BD":null,"FCLASS_UA":null},"geometry":{"type":"MultiPolygon","coordinates":[[],[],[],[],[]]}},{"type":"Feature","bbox":[22.131836,45.234131,40.12832,52.353564],"properties":{"featurecla":"Admin-0 country","scalerank":1,"LABELRANK":3,"SOVEREIGNT":"Ukraine","SOV_A3":"UKR","ADM0_DIF":0,"LEVEL":2,"TYPE":"Sovereign country","TLC":"1","ADMIN":"Ukraine","ADM0_A3":"UKR","GEOU_DIF":0,"GEOUNIT":"Ukraine","GU_A3":"UKR","SU_DIF":0,"SUBUNIT":"Ukraine","SU_A3":"UKR","BRK_DIFF":0,"NAME":"Ukraine","NAME_LONG":"Ukraine","BRK_A3":"UKR","BRK_NAME":"Ukraine","BRK_GROUP":null,"ABBREV":"Ukr.","POSTAL":"UA","FORMAL_EN":"Ukraine","FORMAL_FR":null,"NAME_CIAWF":"Ukraine","NOTE_ADM0":null,"NOTE_BRK":null,"NAME_SORT":"Ukraine","NAME_ALT":null,"MAPCOLOR7":5,"MAPCOLOR8":1,"MAPCOLOR9":6,"MAPCOLOR13":3,"POP_EST":44385155,"POP_RANK":15,"POP_YEAR":2019,"GDP_MD":153781,"GDP_YEAR":2019,"ECONOMY":"6. Developing region","INCOME_GRP":"4. Lower middle income","FIPS_10":"UP","ISO_A2":"UA","ISO_A2_EH":"UA","ISO_A3":"UKR","ISO_A3_EH":"UKR","ISO_N3":"804","ISO_N3_EH":"804","UN_A3":"804","WB_A2":"UA","WB_A3":"UKR","WOE_ID":23424976,"WOE_ID_EH":23424976,"WOE_NOTE":"Exact WOE match as country","ADM0_ISO":"UKR","ADM0_DIFF":null,"ADM0_TLC":"UKR","ADM0_A3_US":"UKR","ADM0_A3_FR":"UKR","ADM0_A3_RU":"UKR","ADM0_A3_ES":"UKR","ADM0_A3_CN":"UKR","ADM0_A3_TW":"UKR","ADM0_A3_IN":"UKR","ADM0_A3_NP":"UKR","ADM0_A3_PK":"UKR","ADM0_A3_DE":"UKR","ADM0_A3_GB":"UKR","ADM0_A3_BR":"UKR","ADM0_A3_IL":"UKR","ADM0_A3_PS":"UKR","ADM0_A3_SA":"UKR","ADM0_A3_EG":"UKR","ADM0_A3_MA":"UKR","ADM0_A3_PT":"UKR","ADM0_A3_AR":"UKR","ADM0_A3_JP":"UKR","ADM0_A3_KO":"UKR","ADM0_A3_VN":"UKR","ADM0_A3_TR":"UKR","ADM0_A3_ID":"UKR","ADM0_A3_PL":"UKR","ADM0_A3_GR":"UKR","ADM0_A3_IT":"UKR","ADM0_A3_NL":"UKR","ADM0_A3_SE":"UKR","ADM0_A3_BD":"UKR","ADM0_A3_UA":"UKR","ADM0_A3_UN":-99,"ADM0_A3_WB":-99,"CONTINENT":"Europe","REGION_UN":"Europe","SUBREGION":"Eastern Europe","REGION_WB":"Europe & Central Asia","NAME_LEN":7,"LONG_LEN":7,"ABBREV_LEN":4,"TINY":-99,"HOMEPART":1,"MIN_ZOOM":0,"MIN_LABEL":2.7,"MAX_LABEL":7,"LABEL_X":32.140865,"LABEL_Y":49.724739,"NE_ID":1159321345,"WIKIDATAID":"Q212","NAME_AR":"أوكرانيا","NAME_BN":"ইউক্রেন","NAME_DE":"Ukraine","NAME_EN":"Ukraine","NAME_ES":"Ucrania","NAME_FA":"اوکراین","NAME_FR":"Ukraine","NAME_EL":"Ουκρανία","NAME_HE":"אוקראינה","NAME_HI":"युक्रेन","NAME_HU":"Ukrajna","NAME_ID":"Ukraina","NAME_IT":"Ucraina","NAME_JA":"ウクライナ","NAME_KO":"우크라이나","NAME_NL":"Oekraïne","NAME_PL":"Ukraina","NAME_PT":"Ucrânia","NAME_RU":"Украина","NAME_SV":"Ukraina","NAME_TR":"Ukrayna","NAME_UK":"Україна","NAME_UR":"یوکرین","NAME_VI":"Ukraina","NAME_ZH":"乌克兰","NAME_ZHT":"烏克蘭","FCLASS_ISO":"Admin-0 country","TLC_DIFF":null,"FCLASS_TLC":"Admin-0 country","FCLASS_US":null,"FCLASS_FR":null,"FCLASS_RU":null,"FCLASS_ES":null,"FCLASS_CN":null,"FCLASS_TW":null,"FCLASS_IN":null,"FCLASS_NP":null,"FCLASS_PK":null,"FCLASS_DE":null,"FCLASS_GB":null,"FCLASS_BR":null,"FCLASS_IL":null,"FCLASS_PS":null,"FCLASS_SA":null,"FCLASS_EG":null,"FCLASS_MA":null,"FCLASS_PT":null,"FCLASS_AR":null,"FCLASS_JP":null,"FCLASS_KO":null,"FCLASS_VN":null,"FCLASS_TR":null,"FCLASS_ID":null,"FCLASS_PL":null,"FCLASS_GR":null,"FCLASS_IT":null,"FCLASS_NL":null,"FCLASS_SE":null,"FCLASS_BD":null,"FCLASS_UA":null},"geometry":{"type":"MultiPolygon","coordinates":[[],[]]}},{"type":"Feature","bbox":[52.493848,35.170801,66.629297,42.778467],"properties":{"featurecla":"Admin-0 country","scalerank":4,"LABELRANK":4,"SOVEREIGNT":"Turkmenistan","SOV_A3":"TKM","ADM0_DIF":0,"LEVEL":2,"TYPE":"Sovereign country","TLC":"1","ADMIN":"Turkmenistan","ADM0_A3":"TKM","GEOU_DIF":0,"GEOUNIT":"Turkmenistan","GU_A3":"TKM","SU_DIF":0,"SUBUNIT":"Turkmenistan","SU_A3":"TKM","BRK_DIFF":0,"NAME":"Turkmenistan","NAME_LONG":"Turkmenistan","BRK_A3":"TKM","BRK_NAME":"Turkmenistan","BRK_GROUP":null,"ABBREV":"Turkm.","POSTAL":"TM","FORMAL_EN":"Turkmenistan","FORMAL_FR":null,"NAME_CIAWF":"Turkmenistan","NOTE_ADM0":null,"NOTE_BRK":null,"NAME_SORT":"Turkmenistan","NAME_ALT":null,"MAPCOLOR7":3,"MAPCOLOR8":2,"MAPCOLOR9":1,"MAPCOLOR13":9,"POP_EST":5942089,"POP_RANK":13,"POP_YEAR":2019,"GDP_MD":40761,"GDP_YEAR":2018,"ECONOMY":"6. Developing region","INCOME_GRP":"3. Upper middle income","FIPS_10":"TX","ISO_A2":"TM","ISO_A2_EH":"TM","ISO_A3":"TKM","ISO_A3_EH":"TKM","ISO_N3":"795","ISO_N3_EH":"795","UN_A3":"795","WB_A2":"TM","WB_A3":"TKM","WOE_ID":23424972,"WOE_ID_EH":23424972,"WOE_NOTE":"Exact WOE match as country","ADM0_ISO":"TKM","ADM0_DIFF":null,"ADM0_TLC":"TKM","ADM0_A3_US":"TKM","ADM0_A3_FR":"TKM","ADM0_A3_RU":"TKM","ADM0_A3_ES":"TKM","ADM0_A3_CN":"TKM","ADM0_A3_TW":"TKM","ADM0_A3_IN":"TKM","ADM0_A3_NP":"TKM","ADM0_A3_PK":"TKM","ADM0_A3_DE":"TKM","ADM0_A3_GB":"TKM","ADM0_A3_BR":"TKM","ADM0_A3_IL":"TKM","ADM0_A3_PS":"TKM","ADM0_A3_SA":"TKM","ADM0_A3_EG":"TKM","ADM0_A3_MA":"TKM","ADM0_A3_PT":"TKM","ADM0_A3_AR":"TKM","ADM0_A3_JP":"TKM","ADM0_A3_KO":"TKM","ADM0_A3_VN":"TKM","ADM0_A3_TR":"TKM","ADM0_A3_ID":"TKM","ADM0_A3_PL":"TKM","ADM0_A3_GR":"TKM","ADM0_A3_IT":"TKM","ADM0_A3_NL":"TKM","ADM0_A3_SE":"TKM","ADM0_A3_BD":"TKM","ADM0_A3_UA":"TKM","ADM0_A3_UN":-99,"ADM0_A3_WB":-99,"CONTINENT":"Asia","REGION_UN":"Asia","SUBREGION":"Central Asia","REGION_WB":"Europe & Central Asia","NAME_LEN":12,"LONG_LEN":12,"ABBREV_LEN":6,"TINY":-99,"HOMEPART":1,"MIN_ZOOM":0,"MIN_LABEL":3,"MAX_LABEL":8,"LABEL_X":58.676647,"LABEL_Y":39.855246,"NE_ID":1159321309,"WIKIDATAID":"Q874","NAME_AR":"تركمانستان","NAME_BN":"তুর্কমেনিস্তান","NAME_DE":"Turkmenistan","NAME_EN":"Turkmenistan","NAME_ES":"Turkmenistán","NAME_FA":"ترکمنستان","NAME_FR":"Turkménistan","NAME_EL":"Τουρκμενιστάν","NAME_HE":"טורקמניסטן","NAME_HI":"तुर्कमेनिस्तान","NAME_HU":"Türkmenisztán","NAME_ID":"Turkmenistan","NAME_IT":"Turkmenistan","NAME_JA":"トルクメニスタン","NAME_KO":"투르크메니스탄","NAME_NL":"Turkmenistan","NAME_PL":"Turkmenistan","NAME_PT":"Turquemenistão","NAME_RU":"Туркмения","NAME_SV":"Turkmenistan","NAME_TR":"Türkmenistan","NAME_UK":"Туркменістан","NAME_UR":"ترکمانستان","NAME_VI":"Turkmenistan","NAME_ZH":"土库曼斯坦","NAME_ZHT":"土庫曼","FCLASS_ISO":"Admin-0 country","TLC_DIFF":null,"FCLASS_TLC":"Admin-0 country","FCLASS_US":null,"FCLASS_FR":null,"FCLASS_RU":null,"FCLASS_ES":null,"FCLASS_CN":null,"FCLASS_TW":null,"FCLASS_IN":null,"FCLASS_NP":null,"FCLASS_PK":null,"FCLASS_DE":null,"FCLASS_GB":null,"FCLASS_BR":null,"FCLASS_IL":null,"FCLASS_PS":null,"FCLASS_SA":null,"FCLASS_EG":null,"FCLASS_MA":null,"FCLASS_PT":null,"FCLASS_AR":null,"FCLASS_JP":null,"FCLASS_KO":null,"FCLASS_VN":null,"FCLASS_TR":null,"FCLASS_ID":null,"FCLASS_PL":null,"FCLASS_GR":null,"FCLASS_IT":null,"FCLASS_NL":null,"FCLASS_SE":null,"FCLASS_BD":null,"FCLASS_UA":null},"geometry":{"type":"MultiPolygon","coordinates":[[],[]]}},{"type":"Feature","bbox":[25.668945,35.831445,44.817188,42.093262],"properties":{"featurecla":"Admin-0 country","scalerank":3,"LABELRANK":2,"SOVEREIGNT":"Turkey","SOV_A3":"TUR","ADM0_DIF":0,"LEVEL":2,"TYPE":"Sovereign country","TLC":"1","ADMIN":"Turkey","ADM0_A3":"TUR","GEOU_DIF":0,"GEOUNIT":"Turkey","GU_A3":"TUR","SU_DIF":0,"SUBUNIT":"Turkey","SU_A3":"TUR","BRK_DIFF":0,"NAME":"Turkey","NAME_LONG":"Turkey","BRK_A3":"TUR","BRK_NAME":"Turkey","BRK_GROUP":null,"ABBREV":"Tur.","POSTAL":"TR","FORMAL_EN":"Republic of Turkey","FORMAL_FR":null,"NAME_CIAWF":"Turkey","NOTE_ADM0":null,"NOTE_BRK":null,"NAME_SORT":"Turkey","NAME_ALT":null,"MAPCOLOR7":6,"MAPCOLOR8":3,"MAPCOLOR9":8,"MAPCOLOR13":4,"POP_EST":83429615,"POP_RANK":16,"POP_YEAR":2019,"GDP_MD":761425,"GDP_YEAR":2019,"ECONOMY":"4. Emerging region: MIKT","INCOME_GRP":"3. Upper middle income","FIPS_10":"TU","ISO_A2":"TR","ISO_A2_EH":"TR","ISO_A3":"TUR","ISO_A3_EH":"TUR","ISO_N3":"792","ISO_N3_EH":"792","UN_A3":"792","WB_A2":"TR","WB_A3":"TUR","WOE_ID":23424969,"WOE_ID_EH":23424969,"WOE_NOTE":"Exact WOE match as country","ADM0_ISO":"TUR","ADM0_DIFF":null,"ADM0_TLC":"TUR","ADM0_A3_US":"TUR","ADM0_A3_FR":"TUR","ADM0_A3_RU":"TUR","ADM0_A3_ES":"TUR","ADM0_A3_CN":"TUR","ADM0_A3_TW":"TUR","ADM0_A3_IN":"TUR","ADM0_A3_NP":"TUR","ADM0_A3_PK":"TUR","ADM0_A3_DE":"TUR","ADM0_A3_GB":"TUR","ADM0_A3_BR":"TUR","ADM0_A3_IL":"TUR","ADM0_A3_PS":"TUR","ADM0_A3_SA":"TUR","ADM0_A3_EG":"TUR","ADM0_A3_MA":"TUR","ADM0_A3_PT":"TUR","ADM0_A3_AR":"TUR","ADM0_A3_JP":"TUR","ADM0_A3_KO":"TUR","ADM0_A3_VN":"TUR","ADM0_A3_TR":"TUR","ADM0_A3_ID":"TUR","ADM0_A3_PL":"TUR","ADM0_A3_GR":"TUR","ADM0_A3_IT":"TUR","ADM0_A3_NL":"TUR","ADM0_A3_SE":"TUR","ADM0_A3_BD":"TUR","ADM0_A3_UA":"TUR","ADM0_A3_UN":-99,"ADM0_A3_WB":-99,"CONTINENT":"Asia","REGION_UN":"Asia","SUBREGION":"Western Asia","REGION_WB":"Europe & Central Asia","NAME_LEN":6,"LONG_LEN":6,"ABBREV_LEN":4,"TINY":-99,"HOMEPART":1,"MIN_ZOOM":0,"MIN_LABEL":2,"MAX_LABEL":7,"LABEL_X":34.508268,"LABEL_Y":39.345388,"NE_ID":1159321331,"WIKIDATAID":"Q43","NAME_AR":"تركيا","NAME_BN":"তুরস্ক","NAME_DE":"Türkei","NAME_EN":"Turkey","NAME_ES":"Turquía","NAME_FA":"ترکیه","NAME_FR":"Turquie","NAME_EL":"Τουρκία","NAME_HE":"טורקיה","NAME_HI":"तुर्की","NAME_HU":"Törökország","NAME_ID":"Turki","NAME_IT":"Turchia","NAME_JA":"トルコ","NAME_KO":"터키","NAME_NL":"Turkije","NAME_PL":"Turcja","NAME_PT":"Turquia","NAME_RU":"Турция","NAME_SV":"Turkiet","NAME_TR":"Türkiye","NAME_UK":"Туреччина","NAME_UR":"ترکی","NAME_VI":"Thổ Nhĩ Kỳ","NAME_ZH":"土耳其","NAME_ZHT":"土耳其","FCLASS_ISO":"Admin-0 country","TLC_DIFF":null,"FCLASS_TLC":"Admin-0 country","FCLASS_US":null,"FCLASS_FR":null,"FCLASS_RU":null,"FCLASS_ES":null,"FCLASS_CN":null,"FCLASS_TW":null,"FCLASS_IN":null,"FCLASS_NP":null,"FCLASS_PK":null,"FCLASS_DE":null,"FCLASS_GB":null,"FCLASS_BR":null,"FCLASS_IL":null,"FCLASS_PS":null,"FCLASS_SA":null,"FCLASS_EG":null,"FCLASS_MA":null,"FCLASS_PT":null,"FCLASS_AR":null,"FCLASS_JP":null,"FCLASS_KO":null,"FCLASS_VN":null,"FCLASS_TR":null,"FCLASS_ID":null,"FCLASS_PL":null,"FCLASS_GR":null,"FCLASS_IT":null,"FCLASS_NL":null,"FCLASS_SE":null,"FCLASS_BD":null,"FCLASS_UA":null},"geometry":{"type":"MultiPolygon","coordinates":[[],[],[]]}},{"type":"Feature","bbox":[7.495605,30.229395,11.535938,37.340381],"properties":{"featurecla":"Admin-0 country","scalerank":1,"LABELRANK":3,"SOVEREIGNT":"Tunisia","SOV_A3":"TUN","ADM0_DIF":0,"LEVEL":2,"TYPE":"Sovereign country","TLC":"1","ADMIN":"Tunisia","ADM0_A3":"TUN","GEOU_DIF":0,"GEOUNIT":"Tunisia","GU_A3":"TUN","SU_DIF":0,"SUBUNIT":"Tunisia","SU_A3":"TUN","BRK_DIFF":0,"NAME":"Tunisia","NAME_LONG":"Tunisia","BRK_A3":"TUN","BRK_NAME":"Tunisia","BRK_GROUP":null,"ABBREV":"Tun.","POSTAL":"TN","FORMAL_EN":"Republic of Tunisia","FORMAL_FR":null,"NAME_CIAWF":"Tunisia","NOTE_ADM0":null,"NOTE_BRK":null,"NAME_SORT":"Tunisia","NAME_ALT":null,"MAPCOLOR7":4,"MAPCOLOR8":3,"MAPCOLOR9":3,"MAPCOLOR13":2,"POP_EST":11694719,"POP_RANK":14,"POP_YEAR":2019,"GDP_MD":38796,"GDP_YEAR":2019,"ECONOMY":"6. Developing region","INCOME_GRP":"3. Upper middle income","FIPS_10":"TS","ISO_A2":"TN","ISO_A2_EH":"TN","ISO_A3":"TUN","ISO_A3_EH":"TUN","ISO_N3":"788","ISO_N3_EH":"788","UN_A3":"788","WB_A2":"TN","WB_A3":"TUN","WOE_ID":23424967,"WOE_ID_EH":23424967,"WOE_NOTE":"Exact WOE match as country","ADM0_ISO":"TUN","ADM0_DIFF":null,"ADM0_TLC":"TUN","ADM0_A3_US":"TUN","ADM0_A3_FR":"TUN","ADM0_A3_RU":"TUN","ADM0_A3_ES":"TUN","ADM0_A3_CN":"TUN","ADM0_A3_TW":"TUN","ADM0_A3_IN":"TUN","ADM0_A3_NP":"TUN","ADM0_A3_PK":"TUN","ADM0_A3_DE":"TUN","ADM0_A3_GB":"TUN","ADM0_A3_BR":"TUN","ADM0_A3_IL":"TUN","ADM0_A3_PS":"TUN","ADM0_A3_SA":"TUN","ADM0_A3_EG":"TUN","ADM0_A3_MA":"TUN","ADM0_A3_PT":"TUN","ADM0_A3_AR":"TUN","ADM0_A3_JP":"TUN","ADM0_A3_KO":"TUN","ADM0_A3_VN":"TUN","ADM0_A3_TR":"TUN","ADM0_A3_ID":"TUN","ADM0_A3_PL":"TUN","ADM0_A3_GR":"TUN","ADM0_A3_IT":"TUN","ADM0_A3_NL":"TUN","ADM0_A3_SE":"TUN","ADM0_A3_BD":"TUN","ADM0_A3_UA":"TUN","ADM0_A3_UN":-99,"ADM0_A3_WB":-99,"CONTINENT":"Africa","REGION_UN":"Africa","SUBREGION":"Northern Africa","REGION_WB":"Middle East & North Africa","NAME_LEN":7,"LONG_LEN":7,"ABBREV_LEN":4,"TINY":-99,"HOMEPART":1,"MIN_ZOOM":0,"MIN_LABEL":3,"MAX_LABEL":8,"LABEL_X":9.007881,"LABEL_Y":33.687263,"NE_ID":1159321327,"WIKIDATAID":"Q948","NAME_AR":"تونس","NAME_BN":"তিউনিসিয়া","NAME_DE":"Tunesien","NAME_EN":"Tunisia","NAME_ES":"Túnez","NAME_FA":"تونس","NAME_FR":"Tunisie","NAME_EL":"Τυνησία","NAME_HE":"תוניסיה","NAME_HI":"ट्यूनिशिया","NAME_HU":"Tunézia","NAME_ID":"Tunisia","NAME_IT":"Tunisia","NAME_JA":"チュニジア","NAME_KO":"튀니지","NAME_NL":"Tunesië","NAME_PL":"Tunezja","NAME_PT":"Tunísia","NAME_RU":"Тунис","NAME_SV":"Tunisien","NAME_TR":"Tunus","NAME_UK":"Туніс","NAME_UR":"تونس","NAME_VI":"Tuy-ni-di","NAME_ZH":"突尼斯","NAME_ZHT":"突尼西亞","FCLASS_ISO":"Admin-0 country","TLC_DIFF":null,"FCLASS_TLC":"Admin-0 country","FCLASS_US":null,"FCLASS_FR":null,"FCLASS_RU":null,"FCLASS_ES":null,"FCLASS_CN":null,"FCLASS_TW":null,"FCLASS_IN":null,"FCLASS_NP":null,"FCLASS_PK":null,"FCLASS_DE":null,"FCLASS_GB":null,"FCLASS_BR":null,"FCLASS_IL":null,"FCLASS_PS":null,"FCLASS_SA":null,"FCLASS_EG":null,"FCLASS_MA":null,"FCLASS_PT":null,"FCLASS_AR":null,"FCLASS_JP":null,"FCLASS_KO":null,"FCLASS_VN":null,"FCLASS_TR":null,"FCLASS_ID":null,"FCLASS_PL":null,"FCLASS_GR":null,"FCLASS_IT":null,"FCLASS_NL":null,"FCLASS_SE":null,"FCLASS_BD":null,"FCLASS_UA":null},"geometry":{"type":"MultiPolygon","coordinates":[[],[],[]]}},{"type":"Feature","bbox":[-61.906104,10.064648,-60.525488,11.325391],"properties":{"featurecla":"Admin-0 country","scalerank":3,"LABELRANK":5,"SOVEREIGNT":"Trinidad and Tobago","SOV_A3":"TTO","ADM0_DIF":0,"LEVEL":2,"TYPE":"Sovereign country","TLC":"1","ADMIN":"Trinidad and Tobago","ADM0_A3":"TTO","GEOU_DIF":0,"GEOUNIT":"Trinidad and Tobago","GU_A3":"TTO","SU_DIF":0,"SUBUNIT":"Trinidad and Tobago","SU_A3":"TTO","BRK_DIFF":0,"NAME":"Trinidad and Tobago","NAME_LONG":"Trinidad and Tobago","BRK_A3":"TTO","BRK_NAME":"Trinidad and Tobago","BRK_GROUP":null,"ABBREV":"Tr.T.","POSTAL":"TT","FORMAL_EN":"Republic of Trinidad and Tobago","FORMAL_FR":null,"NAME_CIAWF":"Trinidad and Tobago","NOTE_ADM0":null,"NOTE_BRK":null,"NAME_SORT":"Trinidad and Tobago","NAME_ALT":null,"MAPCOLOR7":5,"MAPCOLOR8":6,"MAPCOLOR9":2,"MAPCOLOR13":5,"POP_EST":1394973,"POP_RANK":12,"POP_YEAR":2019,"GDP_MD":24269,"GDP_YEAR":2019,"ECONOMY":"6. Developing region","INCOME_GRP":"2. High income: nonOECD","FIPS_10":"TD","ISO_A2":"TT","ISO_A2_EH":"TT","ISO_A3":"TTO","ISO_A3_EH":"TTO","ISO_N3":"780","ISO_N3_EH":"780","UN_A3":"780","WB_A2":"TT","WB_A3":"TTO","WOE_ID":23424958,"WOE_ID_EH":23424958,"WOE_NOTE":"Exact WOE match as country","ADM0_ISO":"TTO","ADM0_DIFF":null,"ADM0_TLC":"TTO","ADM0_A3_US":"TTO","ADM0_A3_FR":"TTO","ADM0_A3_RU":"TTO","ADM0_A3_ES":"TTO","ADM0_A3_CN":"TTO","ADM0_A3_TW":"TTO","ADM0_A3_IN":"TTO","ADM0_A3_NP":"TTO","ADM0_A3_PK":"TTO","ADM0_A3_DE":"TTO","ADM0_A3_GB":"TTO","ADM0_A3_BR":"TTO","ADM0_A3_IL":"TTO","ADM0_A3_PS":"TTO","ADM0_A3_SA":"TTO","ADM0_A3_EG":"TTO","ADM0_A3_MA":"TTO","ADM0_A3_PT":"TTO","ADM0_A3_AR":"TTO","ADM0_A3_JP":"TTO","ADM0_A3_KO":"TTO","ADM0_A3_VN":"TTO","ADM0_A3_TR":"TTO","ADM0_A3_ID":"TTO","ADM0_A3_PL":"TTO","ADM0_A3_GR":"TTO","ADM0_A3_IT":"TTO","ADM0_A3_NL":"TTO","ADM0_A3_SE":"TTO","ADM0_A3_BD":"TTO","ADM0_A3_UA":"TTO","ADM0_A3_UN":-99,"ADM0_A3_WB":-99,"CONTINENT":"North America","REGION_UN":"Americas","SUBREGION":"Caribbean","REGION_WB":"Latin America & Caribbean","NAME_LEN":19,"LONG_LEN":19,"ABBREV_LEN":5,"TINY":2,"HOMEPART":1,"MIN_ZOOM":0,"MIN_LABEL":4.5,"MAX_LABEL":9.5,"LABEL_X":-60.9184,"LABEL_Y":10.9989,"NE_ID":1159321321,"WIKIDATAID":"Q754","NAME_AR":"ترينيداد وتوباغو","NAME_BN":"ত্রিনিদাদ ও টোবাগো","NAME_DE":"Trinidad und Tobago","NAME_EN":"Trinidad and Tobago","NAME_ES":"Trinidad y Tobago","NAME_FA":"ترینیداد و توباگو","NAME_FR":"Trinité-et-Tobago","NAME_EL":"Τρινιντάντ και Τομπάγκο","NAME_HE":"טרינידד וטובגו","NAME_HI":"त्रिनिदाद और टोबैगो","NAME_HU":"Trinidad és Tobago","NAME_ID":"Trinidad dan Tobago","NAME_IT":"Trinidad e Tobago","NAME_JA":"トリニダード・トバゴ","NAME_KO":"트리니다드 토바고","NAME_NL":"Trinidad en Tobago","NAME_PL":"Trynidad i Tobago","NAME_PT":"Trinidad e Tobago","NAME_RU":"Тринидад и Тобаго","NAME_SV":"Trinidad och Tobago","NAME_TR":"Trinidad ve Tobago","NAME_UK":"Тринідад і Тобаго","NAME_UR":"ٹرینیڈاڈ و ٹوباگو","NAME_VI":"Trinidad và Tobago","NAME_ZH":"特立尼达和多巴哥","NAME_ZHT":"千里達及托巴哥","FCLASS_ISO":"Admin-0 country","TLC_DIFF":null,"FCLASS_TLC":"Admin-0 country","FCLASS_US":null,"FCLASS_FR":null,"FCLASS_RU":null,"FCLASS_ES":null,"FCLASS_CN":null,"FCLASS_TW":null,"FCLASS_IN":null,"FCLASS_NP":null,"FCLASS_PK":null,"FCLASS_DE":null,"FCLASS_GB":null,"FCLASS_BR":null,"FCLASS_IL":null,"FCLASS_PS":null,"FCLASS_SA":null,"FCLASS_EG":null,"FCLASS_MA":null,"FCLASS_PT":null,"FCLASS_AR":null,"FCLASS_JP":null,"FCLASS_KO":null,"FCLASS_VN":null,"FCLASS_TR":null,"FCLASS_ID":null,"FCLASS_PL":null,"FCLASS_GR":null,"FCLASS_IT":null,"FCLASS_NL":null,"FCLASS_SE":null,"FCLASS_BD":null,"FCLASS_UA":null},"geometry":{"type":"MultiPolygon","coordinates":[[],[]]}},{"type":"Feature","bbox":[-175.362354,-21.450586,-173.921875,-18.565332],"properties":{"featurecla":"Admin-0 country","scalerank":3,"LABELRANK":4,"SOVEREIGNT":"Tonga","SOV_A3":"TON","ADM0_DIF":0,"LEVEL":2,"TYPE":"Sovereign country","TLC":"1","ADMIN":"Tonga","ADM0_A3":"TON","GEOU_DIF":0,"GEOUNIT":"Tonga","GU_A3":"TON","SU_DIF":0,"SUBUNIT":"Tonga","SU_A3":"TON","BRK_DIFF":0,"NAME":"Tonga","NAME_LONG":"Tonga","BRK_A3":"TON","BRK_NAME":"Tonga","BRK_GROUP":null,"ABBREV":"Tongo","POSTAL":"TO","FORMAL_EN":"Kingdom of Tonga","FORMAL_FR":null,"NAME_CIAWF":"Tonga","NOTE_ADM0":null,"NOTE_BRK":null,"NAME_SORT":"Tonga","NAME_ALT":null,"MAPCOLOR7":2,"MAPCOLOR8":1,"MAPCOLOR9":1,"MAPCOLOR13":8,"POP_EST":104494,"POP_RANK":9,"POP_YEAR":2019,"GDP_MD":512,"GDP_YEAR":2019,"ECONOMY":"6. Developing region","INCOME_GRP":"4. Lower middle income","FIPS_10":"TN","ISO_A2":"TO","ISO_A2_EH":"TO","ISO_A3":"TON","ISO_A3_EH":"TON","ISO_N3":"776","ISO_N3_EH":"776","UN_A3":"776","WB_A2":"TO","WB_A3":"TON","WOE_ID":23424964,"WOE_ID_EH":23424964,"WOE_NOTE":"Exact WOE match as country","ADM0_ISO":"TON","ADM0_DIFF":null,"ADM0_TLC":"TON","ADM0_A3_US":"TON","ADM0_A3_FR":"TON","ADM0_A3_RU":"TON","ADM0_A3_ES":"TON","ADM0_A3_CN":"TON","ADM0_A3_TW":"TON","ADM0_A3_IN":"TON","ADM0_A3_NP":"TON","ADM0_A3_PK":"TON","ADM0_A3_DE":"TON","ADM0_A3_GB":"TON","ADM0_A3_BR":"TON","ADM0_A3_IL":"TON","ADM0_A3_PS":"TON","ADM0_A3_SA":"TON","ADM0_A3_EG":"TON","ADM0_A3_MA":"TON","ADM0_A3_PT":"TON","ADM0_A3_AR":"TON","ADM0_A3_JP":"TON","ADM0_A3_KO":"TON","ADM0_A3_VN":"TON","ADM0_A3_TR":"TON","ADM0_A3_ID":"TON","ADM0_A3_PL":"TON","ADM0_A3_GR":"TON","ADM0_A3_IT":"TON","ADM0_A3_NL":"TON","ADM0_A3_SE":"TON","ADM0_A3_BD":"TON","ADM0_A3_UA":"TON","ADM0_A3_UN":-99,"ADM0_A3_WB":-99,"CONTINENT":"Oceania","REGION_UN":"Oceania","SUBREGION":"Polynesia","REGION_WB":"East Asia & Pacific","NAME_LEN":5,"LONG_LEN":5,"ABBREV_LEN":5,"TINY":3,"HOMEPART":1,"MIN_ZOOM":0,"MIN_LABEL":4,"MAX_LABEL":9,"LABEL_X":-175.163014,"LABEL_Y":-21.210026,"NE_ID":1159321319,"WIKIDATAID":"Q678","NAME_AR":"تونغا","NAME_BN":"টোঙ্গা","NAME_DE":"Tonga","NAME_EN":"Tonga","NAME_ES":"Tonga","NAME_FA":"تونگا","NAME_FR":"Tonga","NAME_EL":"Τόνγκα","NAME_HE":"טונגה","NAME_HI":"टोंगा","NAME_HU":"Tonga","NAME_ID":"Tonga","NAME_IT":"Tonga","NAME_JA":"トンガ","NAME_KO":"통가","NAME_NL":"Tonga","NAME_PL":"Tonga","NAME_PT":"Tonga","NAME_RU":"Тонга","NAME_SV":"Tonga","NAME_TR":"Tonga","NAME_UK":"Тонга","NAME_UR":"ٹونگا","NAME_VI":"Tonga","NAME_ZH":"汤加","NAME_ZHT":"東加","FCLASS_ISO":"Admin-0 country","TLC_DIFF":null,"FCLASS_TLC":"Admin-0 country","FCLASS_US":null,"FCLASS_FR":null,"FCLASS_RU":null,"FCLASS_ES":null,"FCLASS_CN":null,"FCLASS_TW":null,"FCLASS_IN":null,"FCLASS_NP":null,"FCLASS_PK":null,"FCLASS_DE":null,"FCLASS_GB":null,"FCLASS_BR":null,"FCLASS_IL":null,"FCLASS_PS":null,"FCLASS_SA":null,"FCLASS_EG":null,"FCLASS_MA":null,"FCLASS_PT":null,"FCLASS_AR":null,"FCLASS_JP":null,"FCLASS_KO":null,"FCLASS_VN":null,"FCLASS_TR":null,"FCLASS_ID":null,"FCLASS_PL":null,"FCLASS_GR":null,"FCLASS_IT":null,"FCLASS_NL":null,"FCLASS_SE":null,"FCLASS_BD":null,"FCLASS_UA":null},"geometry":{"type":"MultiPolygon","coordinates":[[[[44.651655920089965,-11.93954515527336],[44.66328941027241,-11.943044369013332],[44.685152891637145,-11.91646692146952],[44.73238635979784,-11.91832005079975],[44.71792169864369,-11.949334352218271],[44.627351659306726,-12.037137431624275],[44.602171251837056,-11.985158792499655],[44.51313407822998,-11.886390805046911],[44.506438943211805,-11.828036051947285],[44.55434795898642,-11.799135652161892],[44.541271609807815,-11.829787620207705],[44.55519022749376,-11.849420182115606],[44.61502377352772,-11.872752314448862],[44.66177862216503,-11.917133731123528],[44.62483744882313,-11.916564302250285],[44.651655920089965,-11.93954515527336]]],[[[46.38889261202367,-9.622436756078622],[46.340779331298585,-9.674917661295089],[46.32610458371556,-9.669664200206137],[46.29955094180147,-9.62341166163541],[46.292819991198996,-9.59551330904785],[46.36775635969845,-9.53929842146585],[46.397771754449174,-9.541991210503015],[46.42948591737104,-9.577284635573461],[46.422107211129486,-9.59748695470613],[46.38889261202367,-9.622436756078622]]],[[[44.814939036355696,-12.132940127892756],[44.764343183215054,-12.284754649879577],[44.74565330702512,-12.202814311959807],[44.75102357806725,-12.16893584974679],[44.80559526100297,-12.133449051042746],[44.814939036355696,-12.132940127892756]]]]}},{"type":"Feature","bbox":[124.036328,-9.511914,127.296094,-8.139941],"properties":{"featurecla":"Admin-0 country","scalerank":4,"LABELRANK":5,"SOVEREIGNT":"East Timor","SOV_A3":"TLS","ADM0_DIF":0,"LEVEL":2,"TYPE":"Sovereign country","TLC":"1","ADMIN":"East Timor","ADM0_A3":"TLS","GEOU_DIF":0,"GEOUNIT":"East Timor","GU_A3":"TLS","SU_DIF":0,"SUBUNIT":"East Timor","SU_A3":"TLS","BRK_DIFF":0,"NAME":"Timor-Leste","NAME_LONG":"Timor-Leste","BRK_A3":"TLS","BRK_NAME":"Timor-Leste","BRK_GROUP":null,"ABBREV":"T.L.","POSTAL":"TL","FORMAL_EN":"Democratic Republic of Timor-Leste","FORMAL_FR":null,"NAME_CIAWF":"Timor-Leste","NOTE_ADM0":null,"NOTE_BRK":null,"NAME_SORT":"Timor-Leste","NAME_ALT":"East Timor","MAPCOLOR7":2,"MAPCOLOR8":2,"MAPCOLOR9":4,"MAPCOLOR13":3,"POP_EST":1293119,"POP_RANK":12,"POP_YEAR":2019,"GDP_MD":2017,"GDP_YEAR":2019,"ECONOMY":"7. Least developed region","INCOME_GRP":"4. Lower middle income","FIPS_10":"TT","ISO_A2":"TL","ISO_A2_EH":"TL","ISO_A3":"TLS","ISO_A3_EH":"TLS","ISO_N3":"626","ISO_N3_EH":"626","UN_A3":"626","WB_A2":"TP","WB_A3":"TMP","WOE_ID":23424968,"WOE_ID_EH":23424968,"WOE_NOTE":"Exact WOE match as country","ADM0_ISO":"TLS","ADM0_DIFF":null,"ADM0_TLC":"TLS","ADM0_A3_US":"TLS","ADM0_A3_FR":"TLS","ADM0_A3_RU":"TLS","ADM0_A3_ES":"TLS","ADM0_A3_CN":"TLS","ADM0_A3_TW":"TLS","ADM0_A3_IN":"TLS","ADM0_A3_NP":"TLS","ADM0_A3_PK":"TLS","ADM0_A3_DE":"TLS","ADM0_A3_GB":"TLS","ADM0_A3_BR":"TLS","ADM0_A3_IL":"TLS","ADM0_A3_PS":"TLS","ADM0_A3_SA":"TLS","ADM0_A3_EG":"TLS","ADM0_A3_MA":"TLS","ADM0_A3_PT":"TLS","ADM0_A3_AR":"TLS","ADM0_A3_JP":"TLS","ADM0_A3_KO":"TLS","ADM0_A3_VN":"TLS","ADM0_A3_TR":"TLS","ADM0_A3_ID":"TLS","ADM0_A3_PL":"TLS","ADM0_A3_GR":"TLS","ADM0_A3_IT":"TLS","ADM0_A3_NL":"TLS","ADM0_A3_SE":"TLS","ADM0_A3_BD":"TLS","ADM0_A3_UA":"TLS","ADM0_A3_UN":-99,"ADM0_A3_WB":-99,"CONTINENT":"Asia","REGION_UN":"Asia","SUBREGION":"South-Eastern Asia","REGION_WB":"East Asia & Pacific","NAME_LEN":11,"LONG_LEN":11,"ABBREV_LEN":4,"TINY":-99,"HOMEPART":1,"MIN_ZOOM":0,"MIN_LABEL":4,"MAX_LABEL":9,"LABEL_X":125.854679,"LABEL_Y":-8.803705,"NE_ID":1159321313,"WIKIDATAID":"Q574","NAME_AR":"تيمور الشرقية","NAME_BN":"পূর্ব তিমুর","NAME_DE":"Osttimor","NAME_EN":"East Timor","NAME_ES":"Timor Oriental","NAME_FA":"تیمور شرقی","NAME_FR":"Timor oriental","NAME_EL":"Ανατολικό Τιμόρ","NAME_HE":"מזרח טימור","NAME_HI":"पूर्वी तिमोर","NAME_HU":"Kelet-Timor","NAME_ID":"Timor Leste","NAME_IT":"Timor Est","NAME_JA":"東ティモール","NAME_KO":"동티모르","NAME_NL":"Oost-Timor","NAME_PL":"Timor Wschodni","NAME_PT":"Timor-Leste","NAME_RU":"Восточный Тимор","NAME_SV":"Östtimor","NAME_TR":"Doğu Timor","NAME_UK":"Східний Тимор","NAME_UR":"مشرقی تیمور","NAME_VI":"Đông Timor","NAME_ZH":"东帝汶","NAME_ZHT":"東帝汶","FCLASS_ISO":"Admin-0 country","TLC_DIFF":null,"FCLASS_TLC":"Admin-0 country","FCLASS_US":null,"FCLASS_FR":null,"FCLASS_RU":null,"FCLASS_ES":null,"FCLASS_CN":null,"FCLASS_TW":null,"FCLASS_IN":null,"FCLASS_NP":null,"FCLASS_PK":null,"FCLASS_DE":null,"FCLASS_GB":null,"FCLASS_BR":null,"FCLASS_IL":null,"FCLASS_PS":null,"FCLASS_SA":null,"FCLASS_EG":null,"FCLASS_MA":null,"FCLASS_PT":null,"FCLASS_AR":null,"FCLASS_JP":null,"FCLASS_KO":null,"FCLASS_VN":null,"FCLASS_TR":null,"FCLASS_ID":null,"FCLASS_PL":null,"FCLASS_GR":null,"FCLASS_IT":null,"FCLASS_NL":null,"FCLASS_SE":null,"FCLASS_BD":null,"FCLASS_UA":null},"geometry":{"type":"MultiPolygon","coordinates":[[[[-9.264747189136658,6.625207664335852],[-9.325698867933324,6.452922821708421],[-9.3981994299397,6.486510907515385],[-9.324928373762756,6.5847140067937655],[-9.28916610658841,6.614349815466859],[-9.264747189136658,6.625207664335852]]],[[[-9.7929733401147,5.24533387856159],[-9.831197136280199,5.3728737277738565],[-9.86903106953965,5.426759258240814],[-9.898305933383378,5.4570549397185655],[-9.909099784751671,5.495853165969883],[-9.9088854344568,5.536455641634989],[-9.8923857003491,5.555826651578706],[-9.771537848095965,5.565762385768137],[-9.725489330578359,5.633954630691746],[-9.728396452321146,5.713531478591707],[-9.753482153605976,5.739444003049072],[-9.777499977241945,5.749809295625733],[-9.900802258255688,5.685080106117083],[-9.93701321897879,5.6943535322457],[-9.959155339034215,5.715141361085064],[-9.954879901075218,5.803627645269966],[-9.854381963201227,5.890378097789687],[-9.771573030143136,6.0434038833742685],[-9.71197928196902,6.105361325126914],[-9.570560439390698,6.166907124033294],[-9.513138851322992,6.184895743595226],[-9.098667642192348,6.282905893941102],[-8.999344292658694,6.292152933219781],[-8.734917061709984,6.299233040116652],[-8.381667293411645,6.329436166825332],[-8.294375209562727,6.343582645280059],[-8.181855497705666,6.383636306750783],[-8.073178966444354,6.432094369640953],[-8.015764883726147,6.469285416369417],[-7.955393211534973,6.4968045723390455],[-7.863585564706096,6.4675940934905425],[-7.708460448866208,6.448047925025418],[-7.66625474081469,6.428029003104323],[-7.626943819444012,6.399613441421696],[-7.802526449515475,6.2368755314200435],[-7.996098310536405,6.100472079527274],[-8.116258042462514,6.057113580978172],[-8.240947980103606,6.026289599735774],[-8.33520148529703,5.972749753578721],[-8.413613120335896,5.891087348911544],[-8.515349214177132,5.843086195374509],[-8.631056899149193,5.824035299594557],[-8.729456640553439,5.796839736362404],[-8.818038878334631,5.747219550908985],[-8.940832669149422,5.663108852644146],[-8.991199085720861,5.653123107448704],[-9.04484067372656,5.6530694722193475],[-9.147531888699106,5.618737220190869],[-9.466156191091253,5.492648022590222],[-9.656728560402065,5.358402019497438],[-9.7929733401147,5.24533387856159]]],[[[-10.813115761945118,5.370829517808925],[-10.65704741646037,5.462619254934171],[-10.417084126198622,5.538401104863472],[-10.421498292700687,5.490329779064839],[-10.443783837047416,5.414142415812805],[-10.479239310303624,5.377314578695206],[-10.532416470802385,5.311578943394203],[-10.568299066996088,5.295945552254363],[-10.713999795985481,5.30347801251327],[-10.732383932589642,5.293444106436518],[-10.757573199193342,5.2990144563269865],[-10.796077229918145,5.338032382147083],[-10.813115761945118,5.370829517808925]]]]}},{"type":"Feature","bbox":[97.373926,5.636768,105.641016,20.424414],"properties":{"featurecla":"Admin-0 country","scalerank":4,"LABELRANK":3,"SOVEREIGNT":"Thailand","SOV_A3":"THA","ADM0_DIF":0,"LEVEL":2,"TYPE":"Sovereign country","TLC":"1","ADMIN":"Thailand","ADM0_A3":"THA","GEOU_DIF":0,"GEOUNIT":"Thailand","GU_A3":"THA","SU_DIF":0,"SUBUNIT":"Thailand","SU_A3":"THA","BRK_DIFF":0,"NAME":"Thailand","NAME_LONG":"Thailand","BRK_A3":"THA","BRK_NAME":"Thailand","BRK_GROUP":null,"ABBREV":"Thai.","POSTAL":"TH","FORMAL_EN":"Kingdom of Thailand","FORMAL_FR":null,"NAME_CIAWF":"Thailand","NOTE_ADM0":null,"NOTE_BRK":null,"NAME_SORT":"Thailand","NAME_ALT":null,"MAPCOLOR7":3,"MAPCOLOR8":6,"MAPCOLOR9":8,"MAPCOLOR13":1,"POP_EST":69625582,"POP_RANK":16,"POP_YEAR":2019,"GDP_MD":543548,"GDP_YEAR":2019,"ECONOMY":"5. Emerging region: G20","INCOME_GRP":"3. Upper middle income","FIPS_10":"TH","ISO_A2":"TH","ISO_A2_EH":"TH","ISO_A3":"THA","ISO_A3_EH":"THA","ISO_N3":"764","ISO_N3_EH":"764","UN_A3":"764","WB_A2":"TH","WB_A3":"THA","WOE_ID":23424960,"WOE_ID_EH":23424960,"WOE_NOTE":"Exact WOE match as country","ADM0_ISO":"THA","ADM0_DIFF":null,"ADM0_TLC":"THA","ADM0_A3_US":"THA","ADM0_A3_FR":"THA","ADM0_A3_RU":"THA","ADM0_A3_ES":"THA","ADM0_A3_CN":"THA","ADM0_A3_TW":"THA","ADM0_A3_IN":"THA","ADM0_A3_NP":"THA","ADM0_A3_PK":"THA","ADM0_A3_DE":"THA","ADM0_A3_GB":"THA","ADM0_A3_BR":"THA","ADM0_A3_IL":"THA","ADM0_A3_PS":"THA","ADM0_A3_SA":"THA","ADM0_A3_EG":"THA","ADM0_A3_MA":"THA","ADM0_A3_PT":"THA","ADM0_A3_AR":"THA","ADM0_A3_JP":"THA","ADM0_A3_KO":"THA","ADM0_A3_VN":"THA","ADM0_A3_TR":"THA","ADM0_A3_ID":"THA","ADM0_A3_PL":"THA","ADM0_A3_GR":"THA","ADM0_A3_IT":"THA","ADM0_A3_NL":"THA","ADM0_A3_SE":"THA","ADM0_A3_BD":"THA","ADM0_A3_UA":"THA","ADM0_A3_UN":-99,"ADM0_A3_WB":-99,"CONTINENT":"Asia","REGION_UN":"Asia","SUBREGION":"South-Eastern Asia","REGION_WB":"East Asia & Pacific","NAME_LEN":8,"LONG_LEN":8,"ABBREV_LEN":5,"TINY":-99,"HOMEPART":1,"MIN_ZOOM":0,"MIN_LABEL":2.7,"MAX_LABEL":8,"LABEL_X":101.073198,"LABEL_Y":15.45974,"NE_ID":1159321305,"WIKIDATAID":"Q869","NAME_AR":"تايلاند","NAME_BN":"থাইল্যান্ড","NAME_DE":"Thailand","NAME_EN":"Thailand","NAME_ES":"Tailandia","NAME_FA":"تایلند","NAME_FR":"Thaïlande","NAME_EL":"Ταϊλάνδη","NAME_HE":"תאילנד","NAME_HI":"थाईलैण्ड","NAME_HU":"Thaiföld","NAME_ID":"Thailand","NAME_IT":"Thailandia","NAME_JA":"タイ王国","NAME_KO":"태국","NAME_NL":"Thailand","NAME_PL":"Tajlandia","NAME_PT":"Tailândia","NAME_RU":"Таиланд","NAME_SV":"Thailand","NAME_TR":"Tayland","NAME_UK":"Таїланд","NAME_UR":"تھائی لینڈ","NAME_VI":"Thái Lan","NAME_ZH":"泰国","NAME_ZHT":"泰國","FCLASS_ISO":"Admin-0 country","TLC_DIFF":null,"FCLASS_TLC":"Admin-0 country","FCLASS_US":null,"FCLASS_FR":null,"FCLASS_RU":null,"FCLASS_ES":null,"FCLASS_CN":null,"FCLASS_TW":null,"FCLASS_IN":null,"FCLASS_NP":null,"FCLASS_PK":null,"FCLASS_DE":null,"FCLASS_GB":null,"FCLASS_BR":null,"FCLASS_IL":null,"FCLASS_PS":null,"FCLASS_SA":null,"FCLASS_EG":null,"FCLASS_MA":null,"FCLASS_PT":null,"FCLASS_AR":null,"FCLASS_JP":null,"FCLASS_KO":null,"FCLASS_VN":null,"FCLASS_TR":null,"FCLASS_ID":null,"FCLASS_PL":null,"FCLASS_GR":null,"FCLASS_IT":null,"FCLASS_NL":null,"FCLASS_SE":null,"FCLASS_BD":null,"FCLASS_UA":null},"geometry":{"type":"MultiPolygon","coordinates":[[],[],[],[],[],[],[],[],[],[]]}},{"type":"Feature","bbox":[29.323438,-11.716211,40.463574,-0.994922],"properties":{"featurecla":"Admin-0 country","scalerank":3,"LABELRANK":3,"SOVEREIGNT":"United Republic of Tanzania","SOV_A3":"TZA","ADM0_DIF":0,"LEVEL":2,"TYPE":"Sovereign country","TLC":"1","ADMIN":"United Republic of Tanzania","ADM0_A3":"TZA","GEOU_DIF":0,"GEOUNIT":"Tanzania","GU_A3":"TZA","SU_DIF":0,"SUBUNIT":"Tanzania","SU_A3":"TZA","BRK_DIFF":0,"NAME":"Tanzania","NAME_LONG":"Tanzania","BRK_A3":"TZA","BRK_NAME":"Tanzania","BRK_GROUP":null,"ABBREV":"Tanz.","POSTAL":"TZ","FORMAL_EN":"United Republic of Tanzania","FORMAL_FR":null,"NAME_CIAWF":"Tanzania","NOTE_ADM0":null,"NOTE_BRK":null,"NAME_SORT":"Tanzania","NAME_ALT":null,"MAPCOLOR7":3,"MAPCOLOR8":6,"MAPCOLOR9":2,"MAPCOLOR13":2,"POP_EST":58005463,"POP_RANK":16,"POP_YEAR":2019,"GDP_MD":63177,"GDP_YEAR":2019,"ECONOMY":"7. Least developed region","INCOME_GRP":"5. Low income","FIPS_10":"TZ","ISO_A2":"TZ","ISO_A2_EH":"TZ","ISO_A3":"TZA","ISO_A3_EH":"TZA","ISO_N3":"834","ISO_N3_EH":"834","UN_A3":"834","WB_A2":"TZ","WB_A3":"TZA","WOE_ID":23424973,"WOE_ID_EH":23424973,"WOE_NOTE":"Exact WOE match as country","ADM0_ISO":"TZA","ADM0_DIFF":null,"ADM0_TLC":"TZA","ADM0_A3_US":"TZA","ADM0_A3_FR":"TZA","ADM0_A3_RU":"TZA","ADM0_A3_ES":"TZA","ADM0_A3_CN":"TZA","ADM0_A3_TW":"TZA","ADM0_A3_IN":"TZA","ADM0_A3_NP":"TZA","ADM0_A3_PK":"TZA","ADM0_A3_DE":"TZA","ADM0_A3_GB":"TZA","ADM0_A3_BR":"TZA","ADM0_A3_IL":"TZA","ADM0_A3_PS":"TZA","ADM0_A3_SA":"TZA","ADM0_A3_EG":"TZA","ADM0_A3_MA":"TZA","ADM0_A3_PT":"TZA","ADM0_A3_AR":"TZA","ADM0_A3_JP":"TZA","ADM0_A3_KO":"TZA","ADM0_A3_VN":"TZA","ADM0_A3_TR":"TZA","ADM0_A3_ID":"TZA","ADM0_A3_PL":"TZA","ADM0_A3_GR":"TZA","ADM0_A3_IT":"TZA","ADM0_A3_NL":"TZA","ADM0_A3_SE":"TZA","ADM0_A3_BD":"TZA","ADM0_A3_UA":"TZA","ADM0_A3_UN":-99,"ADM0_A3_WB":-99,"CONTINENT":"Africa","REGION_UN":"Africa","SUBREGION":"Eastern Africa","REGION_WB":"Sub-Saharan Africa","NAME_LEN":8,"LONG_LEN":8,"ABBREV_LEN":5,"TINY":-99,"HOMEPART":1,"MIN_ZOOM":0,"MIN_LABEL":3,"MAX_LABEL":8,"LABEL_X":34.959183,"LABEL_Y":-6.051866,"NE_ID":1159321337,"WIKIDATAID":"Q924","NAME_AR":"تنزانيا","NAME_BN":"তানজানিয়া","NAME_DE":"Tansania","NAME_EN":"Tanzania","NAME_ES":"Tanzania","NAME_FA":"تانزانیا","NAME_FR":"Tanzanie","NAME_EL":"Τανζανία","NAME_HE":"טנזניה","NAME_HI":"तंज़ानिया","NAME_HU":"Tanzánia","NAME_ID":"Tanzania","NAME_IT":"Tanzania","NAME_JA":"タンザニア","NAME_KO":"탄자니아","NAME_NL":"Tanzania","NAME_PL":"Tanzania","NAME_PT":"Tanzânia","NAME_RU":"Танзания","NAME_SV":"Tanzania","NAME_TR":"Tanzanya","NAME_UK":"Танзанія","NAME_UR":"تنزانیہ","NAME_VI":"Tanzania","NAME_ZH":"坦桑尼亚","NAME_ZHT":"坦尚尼亞","FCLASS_ISO":"Admin-0 country","TLC_DIFF":null,"FCLASS_TLC":"Admin-0 country","FCLASS_US":null,"FCLASS_FR":null,"FCLASS_RU":null,"FCLASS_ES":null,"FCLASS_CN":null,"FCLASS_TW":null,"FCLASS_IN":null,"FCLASS_NP":null,"FCLASS_PK":null,"FCLASS_DE":null,"FCLASS_GB":null,"FCLASS_BR":null,"FCLASS_IL":null,"FCLASS_PS":null,"FCLASS_SA":null,"FCLASS_EG":null,"FCLASS_MA":null,"FCLASS_PT":null,"FCLASS_AR":null,"FCLASS_JP":null,"FCLASS_KO":null,"FCLASS_VN":null,"FCLASS_TR":null,"FCLASS_ID":null,"FCLASS_PL":null,"FCLASS_GR":null,"FCLASS_IT":null,"FCLASS_NL":null,"FCLASS_SE":null,"FCLASS_BD":null,"FCLASS_UA":null},"geometry":{"type":"MultiPolygon","coordinates":[[],[],[],[]]}},{"type":"Feature","bbox":[67.349609,36.684033,75.11875,41.035107],"properties":{"featurecla":"Admin-0 country","scalerank":1,"LABELRANK":4,"SOVEREIGNT":"Tajikistan","SOV_A3":"TJK","ADM0_DIF":0,"LEVEL":2,"TYPE":"Sovereign country","TLC":"1","ADMIN":"Tajikistan","ADM0_A3":"TJK","GEOU_DIF":0,"GEOUNIT":"Tajikistan","GU_A3":"TJK","SU_DIF":0,"SUBUNIT":"Tajikistan","SU_A3":"TJK","BRK_DIFF":0,"NAME":"Tajikistan","NAME_LONG":"Tajikistan","BRK_A3":"TJK","BRK_NAME":"Tajikistan","BRK_GROUP":null,"ABBREV":"Tjk.","POSTAL":"TJ","FORMAL_EN":"Republic of Tajikistan","FORMAL_FR":null,"NAME_CIAWF":"Tajikistan","NOTE_ADM0":null,"NOTE_BRK":null,"NAME_SORT":"Tajikistan","NAME_ALT":null,"MAPCOLOR7":3,"MAPCOLOR8":6,"MAPCOLOR9":2,"MAPCOLOR13":5,"POP_EST":9321018,"POP_RANK":13,"POP_YEAR":2019,"GDP_MD":8116,"GDP_YEAR":2019,"ECONOMY":"6. Developing region","INCOME_GRP":"5. Low income","FIPS_10":"TI","ISO_A2":"TJ","ISO_A2_EH":"TJ","ISO_A3":"TJK","ISO_A3_EH":"TJK","ISO_N3":"762","ISO_N3_EH":"762","UN_A3":"762","WB_A2":"TJ","WB_A3":"TJK","WOE_ID":23424961,"WOE_ID_EH":23424961,"WOE_NOTE":"Exact WOE match as country","ADM0_ISO":"TJK","ADM0_DIFF":null,"ADM0_TLC":"TJK","ADM0_A3_US":"TJK","ADM0_A3_FR":"TJK","ADM0_A3_RU":"TJK","ADM0_A3_ES":"TJK","ADM0_A3_CN":"TJK","ADM0_A3_TW":"TJK","ADM0_A3_IN":"TJK","ADM0_A3_NP":"TJK","ADM0_A3_PK":"TJK","ADM0_A3_DE":"TJK","ADM0_A3_GB":"TJK","ADM0_A3_BR":"TJK","ADM0_A3_IL":"TJK","ADM0_A3_PS":"TJK","ADM0_A3_SA":"TJK","ADM0_A3_EG":"TJK","ADM0_A3_MA":"TJK","ADM0_A3_PT":"TJK","ADM0_A3_AR":"TJK","ADM0_A3_JP":"TJK","ADM0_A3_KO":"TJK","ADM0_A3_VN":"TJK","ADM0_A3_TR":"TJK","ADM0_A3_ID":"TJK","ADM0_A3_PL":"TJK","ADM0_A3_GR":"TJK","ADM0_A3_IT":"TJK","ADM0_A3_NL":"TJK","ADM0_A3_SE":"TJK","ADM0_A3_BD":"TJK","ADM0_A3_UA":"TJK","ADM0_A3_UN":-99,"ADM0_A3_WB":-99,"CONTINENT":"Asia","REGION_UN":"Asia","SUBREGION":"Central Asia","REGION_WB":"Europe & Central Asia","NAME_LEN":10,"LONG_LEN":10,"ABBREV_LEN":4,"TINY":-99,"HOMEPART":1,"MIN_ZOOM":0,"MIN_LABEL":4,"MAX_LABEL":9,"LABEL_X":72.587276,"LABEL_Y":38.199835,"NE_ID":1159321307,"WIKIDATAID":"Q863","NAME_AR":"طاجيكستان","NAME_BN":"তাজিকিস্তান","NAME_DE":"Tadschikistan","NAME_EN":"Tajikistan","NAME_ES":"Tayikistán","NAME_FA":"تاجیکستان","NAME_FR":"Tadjikistan","NAME_EL":"Τατζικιστάν","NAME_HE":"טג׳יקיסטן","NAME_HI":"ताजिकिस्तान","NAME_HU":"Tádzsikisztán","NAME_ID":"Tajikistan","NAME_IT":"Tagikistan","NAME_JA":"タジキスタン","NAME_KO":"타지키스탄","NAME_NL":"Tadzjikistan","NAME_PL":"Tadżykistan","NAME_PT":"Tajiquistão","NAME_RU":"Таджикистан","NAME_SV":"Tadzjikistan","NAME_TR":"Tacikistan","NAME_UK":"Таджикистан","NAME_UR":"تاجکستان","NAME_VI":"Tajikistan","NAME_ZH":"塔吉克斯坦","NAME_ZHT":"塔吉克","FCLASS_ISO":"Admin-0 country","TLC_DIFF":null,"FCLASS_TLC":"Admin-0 country","FCLASS_US":null,"FCLASS_FR":null,"FCLASS_RU":null,"FCLASS_ES":null,"FCLASS_CN":null,"FCLASS_TW":null,"FCLASS_IN":null,"FCLASS_NP":null,"FCLASS_PK":null,"FCLASS_DE":null,"FCLASS_GB":null,"FCLASS_BR":null,"FCLASS_IL":null,"FCLASS_PS":null,"FCLASS_SA":null,"FCLASS_EG":null,"FCLASS_MA":null,"FCLASS_PT":null,"FCLASS_AR":null,"FCLASS_JP":null,"FCLASS_KO":null,"FCLASS_VN":null,"FCLASS_TR":null,"FCLASS_ID":null,"FCLASS_PL":null,"FCLASS_GR":null,"FCLASS_IT":null,"FCLASS_NL":null,"FCLASS_SE":null,"FCLASS_BD":null,"FCLASS_UA":null},"geometry":{"type":"MultiPolygon","coordinates":[[],[],[]]}},{"type":"Feature","bbox":[118.287305,21.925,121.929004,25.276904],"properties":{"featurecla":"Admin-0 country","scalerank":1,"LABELRANK":3,"SOVEREIGNT":"Taiwan","SOV_A3":"TWN","ADM0_DIF":0,"LEVEL":2,"TYPE":"Sovereign country","TLC":"1","ADMIN":"Taiwan","ADM0_A3":"TWN","GEOU_DIF":0,"GEOUNIT":"Taiwan","GU_A3":"TWN","SU_DIF":0,"SUBUNIT":"Taiwan","SU_A3":"TWN","BRK_DIFF":0,"NAME":"Taiwan","NAME_LONG":"Taiwan","BRK_A3":"TWN","BRK_NAME":"Taiwan","BRK_GROUP":null,"ABBREV":"Taiwan","POSTAL":"TW","FORMAL_EN":null,"FORMAL_FR":null,"NAME_CIAWF":"Taiwan","NOTE_ADM0":null,"NOTE_BRK":"Self admin.; Claimed by China","NAME_SORT":"Taiwan","NAME_ALT":null,"MAPCOLOR7":1,"MAPCOLOR8":5,"MAPCOLOR9":7,"MAPCOLOR13":2,"POP_EST":23568378,"POP_RANK":15,"POP_YEAR":2020,"GDP_MD":1127000,"GDP_YEAR":2016,"ECONOMY":"2. Developed region: nonG7","INCOME_GRP":"2. High income: nonOECD","FIPS_10":"TW","ISO_A2":"CN-TW","ISO_A2_EH":"TW","ISO_A3":"TWN","ISO_A3_EH":"TWN","ISO_N3":"158","ISO_N3_EH":"158","UN_A3":"-099","WB_A2":"-99","WB_A3":"-99","WOE_ID":23424971,"WOE_ID_EH":23424971,"WOE_NOTE":"Exact WOE match as country","ADM0_ISO":"TWN","ADM0_DIFF":null,"ADM0_TLC":"TWN","ADM0_A3_US":"TWN","ADM0_A3_FR":"TWN","ADM0_A3_RU":"CHN","ADM0_A3_ES":"TWN","ADM0_A3_CN":"CHN","ADM0_A3_TW":"TWN","ADM0_A3_IN":"TWN","ADM0_A3_NP":"CHN","ADM0_A3_PK":"CHN","ADM0_A3_DE":"TWN","ADM0_A3_GB":"TWN","ADM0_A3_BR":"TWN","ADM0_A3_IL":"TWN","ADM0_A3_PS":"TWN","ADM0_A3_SA":"TWN","ADM0_A3_EG":"CHN","ADM0_A3_MA":"CHN","ADM0_A3_PT":"TWN","ADM0_A3_AR":"TWN","ADM0_A3_JP":"TWN","ADM0_A3_KO":"TWN","ADM0_A3_VN":"TWN","ADM0_A3_TR":"TWN","ADM0_A3_ID":"CHN","ADM0_A3_PL":"TWN","ADM0_A3_GR":"TWN","ADM0_A3_IT":"TWN","ADM0_A3_NL":"TWN","ADM0_A3_SE":"TWN","ADM0_A3_BD":"CHN","ADM0_A3_UA":"TWN","ADM0_A3_UN":-99,"ADM0_A3_WB":-99,"CONTINENT":"Asia","REGION_UN":"Asia","SUBREGION":"Eastern Asia","REGION_WB":"East Asia & Pacific","NAME_LEN":6,"LONG_LEN":6,"ABBREV_LEN":6,"TINY":-99,"HOMEPART":1,"MIN_ZOOM":0,"MIN_LABEL":4.5,"MAX_LABEL":8,"LABEL_X":120.868204,"LABEL_Y":23.652408,"NE_ID":1159321335,"WIKIDATAID":"Q865","NAME_AR":"تايوان","NAME_BN":"তাইওয়ান","NAME_DE":"Republik China","NAME_EN":"Taiwan","NAME_ES":"República de China","NAME_FA":"تایوان","NAME_FR":"Taïwan","NAME_EL":"Δημοκρατία της Κίνας","NAME_HE":"טאיוואן","NAME_HI":"चीनी गणराज्य","NAME_HU":"Kínai Köztársaság","NAME_ID":"Taiwan","NAME_IT":"Taiwan","NAME_JA":"中華民国","NAME_KO":"중화민국","NAME_NL":"Taiwan","NAME_PL":"Republika Chińska","NAME_PT":"Taiwan","NAME_RU":"Тайвань","NAME_SV":"Taiwan","NAME_TR":"Çin Cumhuriyeti","NAME_UK":"Республіка Китай","NAME_UR":"تائیوان","NAME_VI":"Đài Loan","NAME_ZH":"中华民国","NAME_ZHT":"中華民國","FCLASS_ISO":"Admin-1 states provinces","TLC_DIFF":"1","FCLASS_TLC":"Admin-0 country","FCLASS_US":null,"FCLASS_FR":null,"FCLASS_RU":null,"FCLASS_ES":null,"FCLASS_CN":"Admin-1 states provinces","FCLASS_TW":"Admin-0 country","FCLASS_IN":null,"FCLASS_NP":"Admin-1 states provinces","FCLASS_PK":null,"FCLASS_DE":null,"FCLASS_GB":null,"FCLASS_BR":null,"FCLASS_IL":null,"FCLASS_PS":null,"FCLASS_SA":null,"FCLASS_EG":"Admin-1 states provinces","FCLASS_MA":"Admin-1 states provinces","FCLASS_PT":null,"FCLASS_AR":null,"FCLASS_JP":null,"FCLASS_KO":null,"FCLASS_VN":null,"FCLASS_TR":null,"FCLASS_ID":"Admin-1 states provinces","FCLASS_PL":null,"FCLASS_GR":null,"FCLASS_IT":null,"FCLASS_NL":null,"FCLASS_SE":null,"FCLASS_BD":"Admin-1 states provinces","FCLASS_UA":null},"geometry":{"type":"MultiPolygon","coordinates":[[],[]]}},{"type":"Feature","bbox":[11.147168,55.346387,24.155469,69.036865],"properties":{"featurecla":"Admin-0 country","scalerank":3,"LABELRANK":3,"SOVEREIGNT":"Sweden","SOV_A3":"SWE","ADM0_DIF":0,"LEVEL":2,"TYPE":"Sovereign country","TLC":"1","ADMIN":"Sweden","ADM0_A3":"SWE","GEOU_DIF":0,"GEOUNIT":"Sweden","GU_A3":"SWE","SU_DIF":0,"SUBUNIT":"Sweden","SU_A3":"SWE","BRK_DIFF":0,"NAME":"Sweden","NAME_LONG":"Sweden","BRK_A3":"SWE","BRK_NAME":"Sweden","BRK_GROUP":null,"ABBREV":"Swe.","POSTAL":"S","FORMAL_EN":"Kingdom of Sweden","FORMAL_FR":null,"NAME_CIAWF":"Sweden","NOTE_ADM0":null,"NOTE_BRK":null,"NAME_SORT":"Sweden","NAME_ALT":null,"MAPCOLOR7":1,"MAPCOLOR8":4,"MAPCOLOR9":2,"MAPCOLOR13":4,"POP_EST":10285453,"POP_RANK":14,"POP_YEAR":2019,"GDP_MD":530883,"GDP_YEAR":2019,"ECONOMY":"2. Developed region: nonG7","INCOME_GRP":"1. High income: OECD","FIPS_10":"SW","ISO_A2":"SE","ISO_A2_EH":"SE","ISO_A3":"SWE","ISO_A3_EH":"SWE","ISO_N3":"752","ISO_N3_EH":"752","UN_A3":"752","WB_A2":"SE","WB_A3":"SWE","WOE_ID":23424954,"WOE_ID_EH":23424954,"WOE_NOTE":"Exact WOE match as country","ADM0_ISO":"SWE","ADM0_DIFF":null,"ADM0_TLC":"SWE","ADM0_A3_US":"SWE","ADM0_A3_FR":"SWE","ADM0_A3_RU":"SWE","ADM0_A3_ES":"SWE","ADM0_A3_CN":"SWE","ADM0_A3_TW":"SWE","ADM0_A3_IN":"SWE","ADM0_A3_NP":"SWE","ADM0_A3_PK":"SWE","ADM0_A3_DE":"SWE","ADM0_A3_GB":"SWE","ADM0_A3_BR":"SWE","ADM0_A3_IL":"SWE","ADM0_A3_PS":"SWE","ADM0_A3_SA":"SWE","ADM0_A3_EG":"SWE","ADM0_A3_MA":"SWE","ADM0_A3_PT":"SWE","ADM0_A3_AR":"SWE","ADM0_A3_JP":"SWE","ADM0_A3_KO":"SWE","ADM0_A3_VN":"SWE","ADM0_A3_TR":"SWE","ADM0_A3_ID":"SWE","ADM0_A3_PL":"SWE","ADM0_A3_GR":"SWE","ADM0_A3_IT":"SWE","ADM0_A3_NL":"SWE","ADM0_A3_SE":"SWE","ADM0_A3_BD":"SWE","ADM0_A3_UA":"SWE","ADM0_A3_UN":-99,"ADM0_A3_WB":-99,"CONTINENT":"Europe","REGION_UN":"Europe","SUBREGION":"Northern Europe","REGION_WB":"Europe & Central Asia","NAME_LEN":6,"LONG_LEN":6,"ABBREV_LEN":4,"TINY":-99,"HOMEPART":1,"MIN_ZOOM":0,"MIN_LABEL":2,"MAX_LABEL":7,"LABEL_X":19.01705,"LABEL_Y":65.85918,"NE_ID":1159321287,"WIKIDATAID":"Q34","NAME_AR":"السويد","NAME_BN":"সুইডেন","NAME_DE":"Schweden","NAME_EN":"Sweden","NAME_ES":"Suecia","NAME_FA":"سوئد","NAME_FR":"Suède","NAME_EL":"Σουηδία","NAME_HE":"שוודיה","NAME_HI":"स्वीडन","NAME_HU":"Svédország","NAME_ID":"Swedia","NAME_IT":"Svezia","NAME_JA":"スウェーデン","NAME_KO":"스웨덴","NAME_NL":"Zweden","NAME_PL":"Szwecja","NAME_PT":"Suécia","NAME_RU":"Швеция","NAME_SV":"Sverige","NAME_TR":"İsveç","NAME_UK":"Швеція","NAME_UR":"سویڈن","NAME_VI":"Thụy Điển","NAME_ZH":"瑞典","NAME_ZHT":"瑞典","FCLASS_ISO":"Admin-0 country","TLC_DIFF":null,"FCLASS_TLC":"Admin-0 country","FCLASS_US":null,"FCLASS_FR":null,"FCLASS_RU":null,"FCLASS_ES":null,"FCLASS_CN":null,"FCLASS_TW":null,"FCLASS_IN":null,"FCLASS_NP":null,"FCLASS_PK":null,"FCLASS_DE":null,"FCLASS_GB":null,"FCLASS_BR":null,"FCLASS_IL":null,"FCLASS_PS":null,"FCLASS_SA":null,"FCLASS_EG":null,"FCLASS_MA":null,"FCLASS_PT":null,"FCLASS_AR":null,"FCLASS_JP":null,"FCLASS_KO":null,"FCLASS_VN":null,"FCLASS_TR":null,"FCLASS_ID":null,"FCLASS_PL":null,"FCLASS_GR":null,"FCLASS_IT":null,"FCLASS_NL":null,"FCLASS_SE":null,"FCLASS_BD":null,"FCLASS_UA":null},"geometry":{"type":"MultiPolygon","coordinates":[[],[],[],[],[],[]]}},{"type":"Feature","bbox":[79.707812,5.949365,81.876953,9.812695],"properties":{"featurecla":"Admin-0 country","scalerank":4,"LABELRANK":3,"SOVEREIGNT":"Sri Lanka","SOV_A3":"LKA","ADM0_DIF":0,"LEVEL":2,"TYPE":"Sovereign country","TLC":"1","ADMIN":"Sri Lanka","ADM0_A3":"LKA","GEOU_DIF":0,"GEOUNIT":"Sri Lanka","GU_A3":"LKA","SU_DIF":0,"SUBUNIT":"Sri Lanka","SU_A3":"LKA","BRK_DIFF":0,"NAME":"Sri Lanka","NAME_LONG":"Sri Lanka","BRK_A3":"LKA","BRK_NAME":"Sri Lanka","BRK_GROUP":null,"ABBREV":"Sri L.","POSTAL":"LK","FORMAL_EN":"Democratic Socialist Republic of Sri Lanka","FORMAL_FR":null,"NAME_CIAWF":"Sri Lanka","NOTE_ADM0":null,"NOTE_BRK":null,"NAME_SORT":"Sri Lanka","NAME_ALT":null,"MAPCOLOR7":3,"MAPCOLOR8":5,"MAPCOLOR9":4,"MAPCOLOR13":9,"POP_EST":21803000,"POP_RANK":15,"POP_YEAR":2019,"GDP_MD":84008,"GDP_YEAR":2019,"ECONOMY":"6. Developing region","INCOME_GRP":"4. Lower middle income","FIPS_10":"CE","ISO_A2":"LK","ISO_A2_EH":"LK","ISO_A3":"LKA","ISO_A3_EH":"LKA","ISO_N3":"144","ISO_N3_EH":"144","UN_A3":"144","WB_A2":"LK","WB_A3":"LKA","WOE_ID":23424778,"WOE_ID_EH":23424778,"WOE_NOTE":"Exact WOE match as country","ADM0_ISO":"LKA","ADM0_DIFF":null,"ADM0_TLC":"LKA","ADM0_A3_US":"LKA","ADM0_A3_FR":"LKA","ADM0_A3_RU":"LKA","ADM0_A3_ES":"LKA","ADM0_A3_CN":"LKA","ADM0_A3_TW":"LKA","ADM0_A3_IN":"LKA","ADM0_A3_NP":"LKA","ADM0_A3_PK":"LKA","ADM0_A3_DE":"LKA","ADM0_A3_GB":"LKA","ADM0_A3_BR":"LKA","ADM0_A3_IL":"LKA","ADM0_A3_PS":"LKA","ADM0_A3_SA":"LKA","ADM0_A3_EG":"LKA","ADM0_A3_MA":"LKA","ADM0_A3_PT":"LKA","ADM0_A3_AR":"LKA","ADM0_A3_JP":"LKA","ADM0_A3_KO":"LKA","ADM0_A3_VN":"LKA","ADM0_A3_TR":"LKA","ADM0_A3_ID":"LKA","ADM0_A3_PL":"LKA","ADM0_A3_GR":"LKA","ADM0_A3_IT":"LKA","ADM0_A3_NL":"LKA","ADM0_A3_SE":"LKA","ADM0_A3_BD":"LKA","ADM0_A3_UA":"LKA","ADM0_A3_UN":-99,"ADM0_A3_WB":-99,"CONTINENT":"Asia","REGION_UN":"Asia","SUBREGION":"Southern Asia","REGION_WB":"South Asia","NAME_LEN":9,"LONG_LEN":9,"ABBREV_LEN":6,"TINY":-99,"HOMEPART":1,"MIN_ZOOM":0,"MIN_LABEL":3,"MAX_LABEL":8,"LABEL_X":80.704823,"LABEL_Y":7.581097,"NE_ID":1159321025,"WIKIDATAID":"Q854","NAME_AR":"سريلانكا","NAME_BN":"শ্রীলঙ্কা","NAME_DE":"Sri Lanka","NAME_EN":"Sri Lanka","NAME_ES":"Sri Lanka","NAME_FA":"سریلانکا","NAME_FR":"Sri Lanka","NAME_EL":"Σρι Λάνκα","NAME_HE":"סרי לנקה","NAME_HI":"श्रीलंका","NAME_HU":"Srí Lanka","NAME_ID":"Sri Lanka","NAME_IT":"Sri Lanka","NAME_JA":"スリランカ","NAME_KO":"스리랑카","NAME_NL":"Sri Lanka","NAME_PL":"Sri Lanka","NAME_PT":"Sri Lanka","NAME_RU":"Шри-Ланка","NAME_SV":"Sri Lanka","NAME_TR":"Sri Lanka","NAME_UK":"Шрі-Ланка","NAME_UR":"سری لنکا","NAME_VI":"Sri Lanka","NAME_ZH":"斯里兰卡","NAME_ZHT":"斯里蘭卡","FCLASS_ISO":"Admin-0 country","TLC_DIFF":null,"FCLASS_TLC":"Admin-0 country","FCLASS_US":null,"FCLASS_FR":null,"FCLASS_RU":null,"FCLASS_ES":null,"FCLASS_CN":null,"FCLASS_TW":null,"FCLASS_IN":null,"FCLASS_NP":null,"FCLASS_PK":null,"FCLASS_DE":null,"FCLASS_GB":null,"FCLASS_BR":null,"FCLASS_IL":null,"FCLASS_PS":null,"FCLASS_SA":null,"FCLASS_EG":null,"FCLASS_MA":null,"FCLASS_PT":null,"FCLASS_AR":null,"FCLASS_JP":null,"FCLASS_KO":null,"FCLASS_VN":null,"FCLASS_TR":null,"FCLASS_ID":null,"FCLASS_PL":null,"FCLASS_GR":null,"FCLASS_IT":null,"FCLASS_NL":null,"FCLASS_SE":null,"FCLASS_BD":null,"FCLASS_UA":null},"geometry":{"type":"MultiPolygon","coordinates":[[],[],[]]}},{"type":"Feature","bbox":[-18.160547,27.646387,4.32207,43.764551],"properties":{"featurecla":"Admin-0 country","scalerank":4,"LABELRANK":2,"SOVEREIGNT":"Spain","SOV_A3":"ESP","ADM0_DIF":0,"LEVEL":2,"TYPE":"Sovereign country","TLC":"1","ADMIN":"Spain","ADM0_A3":"ESP","GEOU_DIF":0,"GEOUNIT":"Spain","GU_A3":"ESP","SU_DIF":0,"SUBUNIT":"Spain","SU_A3":"ESP","BRK_DIFF":0,"NAME":"Spain","NAME_LONG":"Spain","BRK_A3":"ESP","BRK_NAME":"Spain","BRK_GROUP":null,"ABBREV":"Sp.","POSTAL":"E","FORMAL_EN":"Kingdom of Spain","FORMAL_FR":null,"NAME_CIAWF":"Spain","NOTE_ADM0":null,"NOTE_BRK":null,"NAME_SORT":"Spain","NAME_ALT":null,"MAPCOLOR7":4,"MAPCOLOR8":5,"MAPCOLOR9":5,"MAPCOLOR13":5,"POP_EST":47076781,"POP_RANK":15,"POP_YEAR":2019,"GDP_MD":1393490,"GDP_YEAR":2019,"ECONOMY":"2. Developed region: nonG7","INCOME_GRP":"1. High income: OECD","FIPS_10":"SP","ISO_A2":"ES","ISO_A2_EH":"ES","ISO_A3":"ESP","ISO_A3_EH":"ESP","ISO_N3":"724","ISO_N3_EH":"724","UN_A3":"724","WB_A2":"ES","WB_A3":"ESP","WOE_ID":23424950,"WOE_ID_EH":23424950,"WOE_NOTE":"Exact WOE match as country","ADM0_ISO":"ESP","ADM0_DIFF":null,"ADM0_TLC":"ESP","ADM0_A3_US":"ESP","ADM0_A3_FR":"ESP","ADM0_A3_RU":"ESP","ADM0_A3_ES":"ESP","ADM0_A3_CN":"ESP","ADM0_A3_TW":"ESP","ADM0_A3_IN":"ESP","ADM0_A3_NP":"ESP","ADM0_A3_PK":"ESP","ADM0_A3_DE":"ESP","ADM0_A3_GB":"ESP","ADM0_A3_BR":"ESP","ADM0_A3_IL":"ESP","ADM0_A3_PS":"ESP","ADM0_A3_SA":"ESP","ADM0_A3_EG":"ESP","ADM0_A3_MA":"ESP","ADM0_A3_PT":"ESP","ADM0_A3_AR":"ESP","ADM0_A3_JP":"ESP","ADM0_A3_KO":"ESP","ADM0_A3_VN":"ESP","ADM0_A3_TR":"ESP","ADM0_A3_ID":"ESP","ADM0_A3_PL":"ESP","ADM0_A3_GR":"ESP","ADM0_A3_IT":"ESP","ADM0_A3_NL":"ESP","ADM0_A3_SE":"ESP","ADM0_A3_BD":"ESP","ADM0_A3_UA":"ESP","ADM0_A3_UN":-99,"ADM0_A3_WB":-99,"CONTINENT":"Europe","REGION_UN":"Europe","SUBREGION":"Southern Europe","REGION_WB":"Europe & Central Asia","NAME_LEN":5,"LONG_LEN":5,"ABBREV_LEN":3,"TINY":-99,"HOMEPART":1,"MIN_ZOOM":0,"MIN_LABEL":2,"MAX_LABEL":7,"LABEL_X":-3.464718,"LABEL_Y":40.090953,"NE_ID":1159320587,"WIKIDATAID":"Q29","NAME_AR":"إسبانيا","NAME_BN":"স্পেন","NAME_DE":"Spanien","NAME_EN":"Spain","NAME_ES":"España","NAME_FA":"اسپانیا","NAME_FR":"Espagne","NAME_EL":"Ισπανία","NAME_HE":"ספרד","NAME_HI":"स्पेन","NAME_HU":"Spanyolország","NAME_ID":"Spanyol","NAME_IT":"Spagna","NAME_JA":"スペイン","NAME_KO":"스페인","NAME_NL":"Spanje","NAME_PL":"Hiszpania","NAME_PT":"Espanha","NAME_RU":"Испания","NAME_SV":"Spanien","NAME_TR":"İspanya","NAME_UK":"Іспанія","NAME_UR":"ہسپانیہ","NAME_VI":"Tây Ban Nha","NAME_ZH":"西班牙","NAME_ZHT":"西班牙","FCLASS_ISO":"Admin-0 country","TLC_DIFF":null,"FCLASS_TLC":"Admin-0 country","FCLASS_US":null,"FCLASS_FR":null,"FCLASS_RU":null,"FCLASS_ES":null,"FCLASS_CN":null,"FCLASS_TW":null,"FCLASS_IN":null,"FCLASS_NP":null,"FCLASS_PK":null,"FCLASS_DE":null,"FCLASS_GB":null,"FCLASS_BR":null,"FCLASS_IL":null,"FCLASS_PS":null,"FCLASS_SA":null,"FCLASS_EG":null,"FCLASS_MA":null,"FCLASS_PT":null,"FCLASS_AR":null,"FCLASS_JP":null,"FCLASS_KO":null,"FCLASS_VN":null,"FCLASS_TR":null,"FCLASS_ID":null,"FCLASS_PL":null,"FCLASS_GR":null,"FCLASS_IT":null,"FCLASS_NL":null,"FCLASS_SE":null,"FCLASS_BD":null,"FCLASS_UA":null},"geometry":{"type":"MultiPolygon","coordinates":[[],[],[],[],[],[],[],[],[],[],[],[]]}},{"type":"Feature","bbox":[126.00752,33.201514,130.934277,38.623437],"properties":{"featurecla":"Admin-0 country","scalerank":1,"LABELRANK":2,"SOVEREIGNT":"South Korea","SOV_A3":"KOR","ADM0_DIF":0,"LEVEL":2,"TYPE":"Sovereign country","TLC":"1","ADMIN":"South Korea","ADM0_A3":"KOR","GEOU_DIF":0,"GEOUNIT":"South Korea","GU_A3":"KOR","SU_DIF":0,"SUBUNIT":"South Korea","SU_A3":"KOR","BRK_DIFF":0,"NAME":"South Korea","NAME_LONG":"Republic of Korea","BRK_A3":"KOR","BRK_NAME":"Republic of Korea","BRK_GROUP":null,"ABBREV":"S.K.","POSTAL":"KR","FORMAL_EN":"Republic of Korea","FORMAL_FR":null,"NAME_CIAWF":"Korea, South","NOTE_ADM0":null,"NOTE_BRK":null,"NAME_SORT":"Korea, Rep.","NAME_ALT":null,"MAPCOLOR7":4,"MAPCOLOR8":1,"MAPCOLOR9":1,"MAPCOLOR13":5,"POP_EST":51709098,"POP_RANK":16,"POP_YEAR":2019,"GDP_MD":1646739,"GDP_YEAR":2019,"ECONOMY":"4. Emerging region: MIKT","INCOME_GRP":"1. High income: OECD","FIPS_10":"KS","ISO_A2":"KR","ISO_A2_EH":"KR","ISO_A3":"KOR","ISO_A3_EH":"KOR","ISO_N3":"410","ISO_N3_EH":"410","UN_A3":"410","WB_A2":"KR","WB_A3":"KOR","WOE_ID":23424868,"WOE_ID_EH":23424868,"WOE_NOTE":"Exact WOE match as country","ADM0_ISO":"KOR","ADM0_DIFF":null,"ADM0_TLC":"KOR","ADM0_A3_US":"KOR","ADM0_A3_FR":"KOR","ADM0_A3_RU":"KOR","ADM0_A3_ES":"KOR","ADM0_A3_CN":"KOR","ADM0_A3_TW":"KOR","ADM0_A3_IN":"KOR","ADM0_A3_NP":"KOR","ADM0_A3_PK":"KOR","ADM0_A3_DE":"KOR","ADM0_A3_GB":"KOR","ADM0_A3_BR":"KOR","ADM0_A3_IL":"KOR","ADM0_A3_PS":"KOR","ADM0_A3_SA":"KOR","ADM0_A3_EG":"KOR","ADM0_A3_MA":"KOR","ADM0_A3_PT":"KOR","ADM0_A3_AR":"KOR","ADM0_A3_JP":"KOR","ADM0_A3_KO":"KOR","ADM0_A3_VN":"KOR","ADM0_A3_TR":"KOR","ADM0_A3_ID":"KOR","ADM0_A3_PL":"KOR","ADM0_A3_GR":"KOR","ADM0_A3_IT":"KOR","ADM0_A3_NL":"KOR","ADM0_A3_SE":"KOR","ADM0_A3_BD":"KOR","ADM0_A3_UA":"KOR","ADM0_A3_UN":-99,"ADM0_A3_WB":-99,"CONTINENT":"Asia","REGION_UN":"Asia","SUBREGION":"Eastern Asia","REGION_WB":"East Asia & Pacific","NAME_LEN":11,"LONG_LEN":17,"ABBREV_LEN":4,"TINY":-99,"HOMEPART":1,"MIN_ZOOM":0,"MIN_LABEL":2.5,"MAX_LABEL":7,"LABEL_X":128.129504,"LABEL_Y":36.384924,"NE_ID":1159320985,"WIKIDATAID":"Q884","NAME_AR":"كوريا الجنوبية","NAME_BN":"দক্ষিণ কোরিয়া","NAME_DE":"Südkorea","NAME_EN":"South Korea","NAME_ES":"Corea del Sur","NAME_FA":"کره جنوبی","NAME_FR":"Corée du Sud","NAME_EL":"Νότια Κορέα","NAME_HE":"קוריאה הדרומית","NAME_HI":"दक्षिण कोरिया","NAME_HU":"Dél-Korea","NAME_ID":"Korea Selatan","NAME_IT":"Corea del Sud","NAME_JA":"大韓民国","NAME_KO":"대한민국","NAME_NL":"Zuid-Korea","NAME_PL":"Korea Południowa","NAME_PT":"Coreia do Sul","NAME_RU":"Республика Корея","NAME_SV":"Sydkorea","NAME_TR":"Güney Kore","NAME_UK":"Південна Корея","NAME_UR":"جنوبی کوریا","NAME_VI":"Hàn Quốc","NAME_ZH":"大韩民国","NAME_ZHT":"大韓民國","FCLASS_ISO":"Admin-0 country","TLC_DIFF":null,"FCLASS_TLC":"Admin-0 country","FCLASS_US":null,"FCLASS_FR":null,"FCLASS_RU":null,"FCLASS_ES":null,"FCLASS_CN":null,"FCLASS_TW":null,"FCLASS_IN":null,"FCLASS_NP":null,"FCLASS_PK":null,"FCLASS_DE":null,"FCLASS_GB":null,"FCLASS_BR":null,"FCLASS_IL":null,"FCLASS_PS":null,"FCLASS_SA":null,"FCLASS_EG":null,"FCLASS_MA":null,"FCLASS_PT":null,"FCLASS_AR":null,"FCLASS_JP":null,"FCLASS_KO":null,"FCLASS_VN":null,"FCLASS_TR":null,"FCLASS_ID":null,"FCLASS_PL":null,"FCLASS_GR":null,"FCLASS_IT":null,"FCLASS_NL":null,"FCLASS_SE":null,"FCLASS_BD":null,"FCLASS_UA":null},"geometry":{"type":"MultiPolygon","coordinates":[[],[],[],[],[],[],[],[],[],[],[]]}},{"type":"Feature","bbox":[16.447559,-46.962891,37.887695,-22.146289],"properties":{"featurecla":"Admin-0 country","scalerank":1,"LABELRANK":2,"SOVEREIGNT":"South Africa","SOV_A3":"ZAF","ADM0_DIF":0,"LEVEL":2,"TYPE":"Sovereign country","TLC":"1","ADMIN":"South Africa","ADM0_A3":"ZAF","GEOU_DIF":0,"GEOUNIT":"South Africa","GU_A3":"ZAF","SU_DIF":0,"SUBUNIT":"South Africa","SU_A3":"ZAF","BRK_DIFF":0,"NAME":"South Africa","NAME_LONG":"South Africa","BRK_A3":"ZAF","BRK_NAME":"South Africa","BRK_GROUP":null,"ABBREV":"S.Af.","POSTAL":"ZA","FORMAL_EN":"Republic of South Africa","FORMAL_FR":null,"NAME_CIAWF":"South Africa","NOTE_ADM0":null,"NOTE_BRK":null,"NAME_SORT":"South Africa","NAME_ALT":null,"MAPCOLOR7":2,"MAPCOLOR8":3,"MAPCOLOR9":4,"MAPCOLOR13":2,"POP_EST":58558270,"POP_RANK":16,"POP_YEAR":2019,"GDP_MD":351431,"GDP_YEAR":2019,"ECONOMY":"5. Emerging region: G20","INCOME_GRP":"3. Upper middle income","FIPS_10":"SF","ISO_A2":"ZA","ISO_A2_EH":"ZA","ISO_A3":"ZAF","ISO_A3_EH":"ZAF","ISO_N3":"710","ISO_N3_EH":"710","UN_A3":"710","WB_A2":"ZA","WB_A3":"ZAF","WOE_ID":23424942,"WOE_ID_EH":23424942,"WOE_NOTE":"Exact WOE match as country","ADM0_ISO":"ZAF","ADM0_DIFF":null,"ADM0_TLC":"ZAF","ADM0_A3_US":"ZAF","ADM0_A3_FR":"ZAF","ADM0_A3_RU":"ZAF","ADM0_A3_ES":"ZAF","ADM0_A3_CN":"ZAF","ADM0_A3_TW":"ZAF","ADM0_A3_IN":"ZAF","ADM0_A3_NP":"ZAF","ADM0_A3_PK":"ZAF","ADM0_A3_DE":"ZAF","ADM0_A3_GB":"ZAF","ADM0_A3_BR":"ZAF","ADM0_A3_IL":"ZAF","ADM0_A3_PS":"ZAF","ADM0_A3_SA":"ZAF","ADM0_A3_EG":"ZAF","ADM0_A3_MA":"ZAF","ADM0_A3_PT":"ZAF","ADM0_A3_AR":"ZAF","ADM0_A3_JP":"ZAF","ADM0_A3_KO":"ZAF","ADM0_A3_VN":"ZAF","ADM0_A3_TR":"ZAF","ADM0_A3_ID":"ZAF","ADM0_A3_PL":"ZAF","ADM0_A3_GR":"ZAF","ADM0_A3_IT":"ZAF","ADM0_A3_NL":"ZAF","ADM0_A3_SE":"ZAF","ADM0_A3_BD":"ZAF","ADM0_A3_UA":"ZAF","ADM0_A3_UN":-99,"ADM0_A3_WB":-99,"CONTINENT":"Africa","REGION_UN":"Africa","SUBREGION":"Southern Africa","REGION_WB":"Sub-Saharan Africa","NAME_LEN":12,"LONG_LEN":12,"ABBREV_LEN":5,"TINY":-99,"HOMEPART":1,"MIN_ZOOM":0,"MIN_LABEL":1.7,"MAX_LABEL":6.7,"LABEL_X":23.665734,"LABEL_Y":-29.708776,"NE_ID":1159321431,"WIKIDATAID":"Q258","NAME_AR":"جنوب أفريقيا","NAME_BN":"দক্ষিণ আফ্রিকা","NAME_DE":"Südafrika","NAME_EN":"South Africa","NAME_ES":"Sudáfrica","NAME_FA":"آفریقای جنوبی","NAME_FR":"Afrique du Sud","NAME_EL":"Νότια Αφρική","NAME_HE":"דרום אפריקה","NAME_HI":"दक्षिण अफ़्रीका","NAME_HU":"Dél-afrikai Köztársaság","NAME_ID":"Afrika Selatan","NAME_IT":"Sudafrica","NAME_JA":"南アフリカ共和国","NAME_KO":"남아프리카 공화국","NAME_NL":"Zuid-Afrika","NAME_PL":"Południowa Afryka","NAME_PT":"África do Sul","NAME_RU":"ЮАР","NAME_SV":"Sydafrika","NAME_TR":"Güney Afrika Cumhuriyeti","NAME_UK":"Південно-Африканська Республіка","NAME_UR":"جنوبی افریقا","NAME_VI":"Cộng hòa Nam Phi","NAME_ZH":"南非","NAME_ZHT":"南非","FCLASS_ISO":"Admin-0 country","TLC_DIFF":null,"FCLASS_TLC":"Admin-0 country","FCLASS_US":null,"FCLASS_FR":null,"FCLASS_RU":null,"FCLASS_ES":null,"FCLASS_CN":null,"FCLASS_TW":null,"FCLASS_IN":null,"FCLASS_NP":null,"FCLASS_PK":null,"FCLASS_DE":null,"FCLASS_GB":null,"FCLASS_BR":null,"FCLASS_IL":null,"FCLASS_PS":null,"FCLASS_SA":null,"FCLASS_EG":null,"FCLASS_MA":null,"FCLASS_PT":null,"FCLASS_AR":null,"FCLASS_JP":null,"FCLASS_KO":null,"FCLASS_VN":null,"FCLASS_TR":null,"FCLASS_ID":null,"FCLASS_PL":null,"FCLASS_GR":null,"FCLASS_IT":null,"FCLASS_NL":null,"FCLASS_SE":null,"FCLASS_BD":null,"FCLASS_UA":null},"geometry":{"type":"MultiPolygon","coordinates":[[],[]]}},{"type":"Feature","bbox":[155.677539,-11.832227,166.929199,-6.608887],"properties":{"featurecla":"Admin-0 country","scalerank":4,"LABELRANK":3,"SOVEREIGNT":"Solomon Islands","SOV_A3":"SLB","ADM0_DIF":0,"LEVEL":2,"TYPE":"Sovereign country","TLC":"1","ADMIN":"Solomon Islands","ADM0_A3":"SLB","GEOU_DIF":0,"GEOUNIT":"Solomon Islands","GU_A3":"SLB","SU_DIF":0,"SUBUNIT":"Solomon Islands","SU_A3":"SLB","BRK_DIFF":0,"NAME":"Solomon Is.","NAME_LONG":"Solomon Islands","BRK_A3":"SLB","BRK_NAME":"Solomon Is.","BRK_GROUP":null,"ABBREV":"S. Is.","POSTAL":"SB","FORMAL_EN":null,"FORMAL_FR":null,"NAME_CIAWF":"Solomon Islands","NOTE_ADM0":null,"NOTE_BRK":null,"NAME_SORT":"Solomon Islands","NAME_ALT":null,"MAPCOLOR7":1,"MAPCOLOR8":4,"MAPCOLOR9":1,"MAPCOLOR13":6,"POP_EST":669823,"POP_RANK":11,"POP_YEAR":2019,"GDP_MD":1589,"GDP_YEAR":2019,"ECONOMY":"7. Least developed region","INCOME_GRP":"4. Lower middle income","FIPS_10":"BP","ISO_A2":"SB","ISO_A2_EH":"SB","ISO_A3":"SLB","ISO_A3_EH":"SLB","ISO_N3":"090","ISO_N3_EH":"090","UN_A3":"090","WB_A2":"SB","WB_A3":"SLB","WOE_ID":23424766,"WOE_ID_EH":23424766,"WOE_NOTE":"Exact WOE match as country","ADM0_ISO":"SLB","ADM0_DIFF":null,"ADM0_TLC":"SLB","ADM0_A3_US":"SLB","ADM0_A3_FR":"SLB","ADM0_A3_RU":"SLB","ADM0_A3_ES":"SLB","ADM0_A3_CN":"SLB","ADM0_A3_TW":"SLB","ADM0_A3_IN":"SLB","ADM0_A3_NP":"SLB","ADM0_A3_PK":"SLB","ADM0_A3_DE":"SLB","ADM0_A3_GB":"SLB","ADM0_A3_BR":"SLB","ADM0_A3_IL":"SLB","ADM0_A3_PS":"SLB","ADM0_A3_SA":"SLB","ADM0_A3_EG":"SLB","ADM0_A3_MA":"SLB","ADM0_A3_PT":"SLB","ADM0_A3_AR":"SLB","ADM0_A3_JP":"SLB","ADM0_A3_KO":"SLB","ADM0_A3_VN":"SLB","ADM0_A3_TR":"SLB","ADM0_A3_ID":"SLB","ADM0_A3_PL":"SLB","ADM0_A3_GR":"SLB","ADM0_A3_IT":"SLB","ADM0_A3_NL":"SLB","ADM0_A3_SE":"SLB","ADM0_A3_BD":"SLB","ADM0_A3_UA":"SLB","ADM0_A3_UN":-99,"ADM0_A3_WB":-99,"CONTINENT":"Oceania","REGION_UN":"Oceania","SUBREGION":"Melanesia","REGION_WB":"East Asia & Pacific","NAME_LEN":11,"LONG_LEN":15,"ABBREV_LEN":6,"TINY":-99,"HOMEPART":1,"MIN_ZOOM":0,"MIN_LABEL":3,"MAX_LABEL":8,"LABEL_X":159.170468,"LABEL_Y":-8.029548,"NE_ID":1159321249,"WIKIDATAID":"Q685","NAME_AR":"جزر سليمان","NAME_BN":"সলোমন দ্বীপপুঞ্জ","NAME_DE":"Salomonen","NAME_EN":"Solomon Islands","NAME_ES":"Islas Salomón","NAME_FA":"جزایر سلیمان","NAME_FR":"Îles Salomon","NAME_EL":"Νησιά Σολομώντα","NAME_HE":"איי שלמה","NAME_HI":"सोलोमन द्वीपसमूह","NAME_HU":"Salamon-szigetek","NAME_ID":"Kepulauan Solomon","NAME_IT":"Isole Salomone","NAME_JA":"ソロモン諸島","NAME_KO":"솔로몬 제도","NAME_NL":"Salomonseilanden","NAME_PL":"Wyspy Salomona","NAME_PT":"Ilhas Salomão","NAME_RU":"Соломоновы Острова","NAME_SV":"Salomonöarna","NAME_TR":"Solomon Adaları","NAME_UK":"Соломонові Острови","NAME_UR":"جزائر سلیمان","NAME_VI":"Quần đảo Solomon","NAME_ZH":"所罗门群岛","NAME_ZHT":"索羅門群島","FCLASS_ISO":"Admin-0 country","TLC_DIFF":null,"FCLASS_TLC":"Admin-0 country","FCLASS_US":null,"FCLASS_FR":null,"FCLASS_RU":null,"FCLASS_ES":null,"FCLASS_CN":null,"FCLASS_TW":null,"FCLASS_IN":null,"FCLASS_NP":null,"FCLASS_PK":null,"FCLASS_DE":null,"FCLASS_GB":null,"FCLASS_BR":null,"FCLASS_IL":null,"FCLASS_PS":null,"FCLASS_SA":null,"FCLASS_EG":null,"FCLASS_MA":null,"FCLASS_PT":null,"FCLASS_AR":null,"FCLASS_JP":null,"FCLASS_KO":null,"FCLASS_VN":null,"FCLASS_TR":null,"FCLASS_ID":null,"FCLASS_PL":null,"FCLASS_GR":null,"FCLASS_IT":null,"FCLASS_NL":null,"FCLASS_SE":null,"FCLASS_BD":null,"FCLASS_UA":null},"geometry":{"type":"MultiPolygon","coordinates":[[[[24.242805015009377,5.222455478814385],[24.19578843606727,5.213500738358471],[24.130273134767748,5.257426344228473],[24.103121725921948,5.294054487402233],[24.12130454704467,5.345074245127956],[24.16276772257255,5.360855892416133],[24.205458226272924,5.3210571629896934],[24.20724775214989,5.284431104744829],[24.242805015009377,5.222455478814385]]],[[[30.816509011055587,1.1718779959336856],[30.731820250402773,1.1672713810722704],[30.69968174524893,1.1760738408889106],[30.65546143418521,1.2723837967987217],[30.698529235302903,1.2864907945910908],[30.758055370920392,1.270096676307545],[30.770221831299068,1.2154388315313427],[30.816509011055587,1.1718779959336856]]],[[[30.176427406066182,2.204483680179042],[30.09926249275711,2.1972378850216994],[30.07590674908614,2.2055192308529095],[30.018577469105182,2.203806946556013],[29.95003229726594,2.138687568058713],[29.906471083592017,2.1550887399864886],[29.871129321271713,2.1572046621411105],[29.851110534767002,2.2213196141270197],[29.85377435234132,2.250679120778015],[29.896141070705042,2.240131598402086],[29.925136454182056,2.295818938446564],[29.974820385718505,2.3187419665158795],[30.08431880734201,2.3173581575714923],[30.178149971134474,2.284996850507148],[30.21096311752378,2.266799668158524],[30.17472761094716,2.217772843946835],[30.176427406066182,2.204483680179042]]],[[[24.80699628262841,1.8100356648686216],[24.737312087777475,1.7827890677299643],[24.678628498639846,1.8070933305293195],[24.634997854685263,1.8386615207961206],[24.604922336638737,1.9206817567703067],[24.528755917961263,1.9781999055102226],[24.415718940099598,2.0112426417659774],[24.371717368129623,2.050030411357616],[24.36099511490026,2.067969353638581],[24.28272882104044,2.091671668677057],[24.263573736628945,2.136247468761995],[24.274353879824226,2.179216600554621],[24.289531485091924,2.2007706202132336],[24.361304018282173,2.1715258731669937],[24.69561009946963,1.9268516717521287],[24.773574896857443,1.8537614878056263],[24.80699628262841,1.8100356648686216]]],[[[25.937609800379054,3.9018468107709268],[25.938581978547603,3.7924010424658716],[25.930394255593146,3.7555178073575766],[25.86485947108968,3.8432626670675174],[25.828451418027196,3.8189572027317635],[25.800474724935285,3.8602153962077135],[25.809842305561563,3.9421222780210408],[25.82226384643445,4.0291571330085745],[25.813908772527622,4.097084043941738],[25.785691776739835,4.1969197818799415],[25.825274550758376,4.177137488536809],[25.937609800379054,3.9018468107709268]]],[[[23.713820063397357,4.6518610060245],[23.70064107049448,4.650720572489131],[23.65632066676932,4.667595223097269],[23.60166364088858,4.677280215717124],[23.570838420159202,4.71554928265164],[23.614516193202096,4.761459296123816],[23.667306315070515,4.788916581261592],[23.689734305830118,4.778231766341837],[23.709688694266397,4.755214061208901],[23.759535454720403,4.742137683438378],[23.759917414865374,4.677399784229225],[23.713820063397357,4.6518610060245]]],[[[24.667309036450014,4.683124511064109],[24.72150616978775,4.663092374697791],[24.748460993842478,4.662518332250446],[24.807377007079335,4.601531703490635],[24.885647570765347,4.512600776020229],[24.847635059256884,4.47503369985904],[24.780649077294967,4.503450734820891],[24.756873069236775,4.497541124095114],[24.74981165140203,4.503855633447795],[24.738613212224447,4.545476427677009],[24.666884290568603,4.593112300987591],[24.59999075944503,4.603560528649064],[24.59504315087259,4.651637612138371],[24.667309036450014,4.683124511064109]]],[[[22.40119884524019,5.671634236234467],[22.45638069723055,5.583855352440811],[22.513472427910564,5.394334699868203],[22.496435688244123,5.332502959691964],[22.446072202962362,5.333708940041769],[22.429375428915513,5.295521792540514],[22.36773532706534,5.390602214946157],[22.279072076136526,5.42306802593549],[22.216907788516053,5.483681445956109],[22.201739250906346,5.593708089477821],[22.20006403839154,5.662348549100452],[22.148674328940757,5.678822753079602],[21.999265252134325,5.675426469757642],[21.947854225245706,5.621632302352774],[21.88118015624442,5.646339038369697],[21.870298547800587,5.6998136307458624],[21.884363122847418,5.750122994877082],[21.97808152236703,5.792380586175826],[22.000923014944174,5.855664360696309],[22.098465369035022,5.95936462864278],[22.155291112284626,5.973257037274092],[22.25761884927166,5.923283134172379],[22.259916530004986,5.762819056344137],[22.294151415912182,5.7072281883911185],[22.40119884524019,5.671634236234467]]],[[[22.783225401419973,5.049484984344702],[22.76170394475891,5.047707523255934],[22.741962374858588,5.089912633080806],[22.802620667175937,5.193123729763542],[22.82178510248954,5.103560055165391],[22.8359203937645,5.069295595315019],[22.783225401419973,5.049484984344702]]],[[[22.70346815190065,5.196519097608624],[22.602523785944392,5.126387326527295],[22.534919046166234,5.159784638869732],[22.48336759611916,5.233083409725868],[22.50772405058577,5.313180284567438],[22.51975548570098,5.333849076667744],[22.548169071588266,5.335893555008884],[22.5771550025124,5.35002015038361],[22.610166607392895,5.38330054674701],[22.711728937692158,5.3447121925177585],[22.736201974214413,5.322333231426917],[22.6707995038405,5.278036975158788],[22.690246673325973,5.259989317262415],[22.701945011055024,5.234779931873486],[22.70346815190065,5.196519097608624]]],[[[22.005415875536848,5.2326837859292885],[22.004480628321524,5.217980436056523],[21.95300478595473,5.251139275486661],[21.84455512152353,5.3973237762111586],[21.868493797519243,5.44065026196414],[21.982459691631615,5.518470009743266],[22.016583800126718,5.52695758821391],[22.04333175898324,5.46980123216752],[22.01118719724835,5.392051242214227],[21.974465179061518,5.374840338670335],[21.954844698606806,5.300752359412816],[22.005415875536848,5.2326837859292885]]],[[[21.378108414964935,6.086109349040863],[21.358610219400155,6.073972331976435],[21.329587156005402,6.130859727316408],[21.307010917332608,6.149835942304],[21.311500399956632,6.209950101495827],[21.21959498472109,6.316462318363187],[21.21554495462384,6.384744204746467],[21.27662393695798,6.445983690321684],[21.350851384787052,6.400740676459665],[21.421568459652814,6.310984769777067],[21.508782265298393,6.27599766876909],[21.486937488585667,6.222517789073821],[21.40062900850573,6.130504102369609],[21.378108414964935,6.086109349040863]]],[[[21.28038353269034,5.844582498434069],[21.26690954475398,5.820897915612195],[21.224314201536348,5.948791723082125],[21.2308746192156,6.010713147330382],[21.242167332489895,6.049811391714019],[21.26146867367621,6.060400753809267],[21.293541089544775,5.919312482328754],[21.28038353269034,5.844582498434069]]],[[[21.83630743803452,5.858821494968834],[21.81405859369174,5.845581909198806],[21.708795953334334,5.860888641212779],[21.63504583393115,5.971380286855953],[21.640696734204912,6.047771718650664],[21.70856857087745,6.1122982636127094],[21.7857839385819,6.1178638409034924],[21.82586499356703,6.086921981721245],[21.861206946461394,6.024719131346301],[21.87031265624435,5.948633467427014],[21.857116444784005,5.883408068154687],[21.83630743803452,5.858821494968834]]],[[[20.6020901189296,6.981888446306065],[20.502584174941397,6.966153671897142],[20.444059615079144,7.003173988392785],[20.475225045030175,7.077014927415311],[20.510691037073755,7.113907071112311],[20.62942218048257,7.03364164018738],[20.6020901189296,6.981888446306065]]],[[[22.25053015165719,5.163959361746484],[22.245844728214806,5.128878679465487],[22.191136033787373,5.145061001869426],[22.0710184266845,5.2097322758389515],[22.068470874715477,5.2344261878605565],[22.139655658914144,5.236775189182446],[22.1904434098332,5.225326624320579],[22.230801997069424,5.190376890616841],[22.25053015165719,5.163959361746484]]],[[[24.24292622651678,4.445984785026429],[24.44153088969551,4.2618026871554955],[24.53377572397289,4.266935575042169],[24.81139305625338,4.234314471274938],[24.96546554131514,4.1009322162647495],[25.05717930401834,4.037329384512333],[25.102355537761706,3.9276856760400944],[25.16706262996453,3.8966933246625377],[25.203580863037935,3.8392998397702667],[25.218784931796435,3.7403115209159323],[25.200863492043297,3.7264538748353733],[25.11290320941381,3.6999008691238786],[25.05043359759303,3.6917351538502134],[24.892836580794505,3.743531619963084],[24.745280914394375,3.834386195434315],[24.44025434213639,3.8761893226110606],[24.299351205427413,3.9124316202517293],[24.252760411029687,3.945875422091204],[24.210498603172855,3.988381998706184],[24.14586527077013,4.0859485539187075],[24.098169336163732,4.197366274296466],[24.093993370608402,4.260235687000768],[24.09880184536679,4.378524576201484],[24.11972339743819,4.4196143342300696],[24.181611396821562,4.456442545682225],[24.24292622651678,4.445984785026429]]],[[[24.425386167343664,5.176910524144131],[24.42528766883239,5.153430919718871],[24.302132265280672,5.250942427766489],[24.21152966810737,5.36380787331991],[23.939388487203203,5.504081340175659],[23.88330162723465,5.567466543862869],[23.833137093421147,5.579699107291714],[23.695825550506445,5.687453733082265],[23.55890125029013,5.764281295288744],[23.478093872329243,5.854060474088624],[23.45841007783021,5.889449529168932],[23.407694666889203,5.914324928487013],[23.325002867856362,6.012138526910905],[23.242599666720725,6.07965789119045],[23.21943632333046,6.190642648431912],[23.14048547344488,6.2730939939992725],[23.121933754961407,6.307574370888631],[23.386477428159942,6.2221200867836925],[23.502757682589067,6.091606132045643],[23.604304639455755,6.014198322808073],[23.63777546067175,5.962149780199475],[23.728737608005407,5.886344124915826],[23.814114770393665,5.871780711213546],[23.895188585483897,5.796336058818289],[23.97208615162494,5.77047558286469],[24.03119971218958,5.729259271492767],[24.406537925487807,5.389198323596432],[24.353107563593724,5.314454777415415],[24.401463415454796,5.25122430277594],[24.425386167343664,5.176910524144131]]],[[[22.192975204592535,6.6097308626078375],[22.221785131251014,6.571643561243955],[22.14272039887904,6.518356503479671],[22.04553704552166,6.559945117394322],[22.026297194836797,6.595569661005247],[22.024862450423107,6.613676192636492],[21.95485960490941,6.608357408854961],[21.818597863573576,6.650061247505008],[21.635346987381656,6.810115195378872],[21.448350057346588,7.096992679747999],[21.261097443645536,7.262805731604664],[21.22717259232613,7.312190271909601],[21.226833499097776,7.389339975117932],[21.254747213378682,7.416426800183602],[21.374768492750395,7.374010719086662],[21.524957296709044,7.237731508202556],[21.77563889607151,7.087538951300549],[21.842131743169407,7.01618581257157],[21.87727227769161,6.855809425698783],[21.91814135254523,6.805365606798234],[22.04962228912484,6.672848490956826],[22.121299768474536,6.638112537777113],[22.15983739973864,6.6295281431135855],[22.192975204592535,6.6097308626078375]]],[[[25.28130665704245,5.3107046449310955],[25.49629964391346,4.984397291840003],[25.482505965144707,4.932121680634861],[25.447328218581077,4.901252136309886],[25.42972463586104,4.801268034256974],[25.456580606437544,4.759167064672277],[25.520334071032206,4.73430514124735],[25.62208910059531,4.614400131937384],[25.65520066926878,4.47757160758116],[25.65572193191513,4.43659582657563],[25.696551176443847,4.371526463720037],[25.68758261478635,4.245135788135003],[25.7773754355918,4.058127623207884],[25.77919592563617,3.9727926481829394],[25.766156556710886,3.935976245520312],[25.724499294557784,3.962789536524429],[25.616323276767993,4.175569487826714],[25.48027163568854,4.277181635681268],[25.467000350034933,4.315877979548713],[25.33182811775542,4.447539393006872],[25.25056930740869,4.6528970203993865],[25.173299083616147,5.010494720403752],[25.229356123321708,5.087213841687983],[25.12354282635058,5.267764279306888],[25.132688994349838,5.3120428421518575],[25.182219132655973,5.296457445094442],[25.21727828399956,5.2948077089176895],[25.23558279135334,5.313004080883397],[25.28130665704245,5.3107046449310955]]],[[[26.02772671183207,3.1128694262303753],[26.142098809766008,3.039402896683531],[26.21283741752709,3.0410389183521214],[26.312365527387495,2.9879673067616306],[26.39319760763983,3.0020563564666496],[26.43718231241136,2.943336156035372],[26.541390298633345,2.721960897717613],[26.535606724800726,2.6547627476456617],[26.612100748985135,2.597328304032261],[26.54269906671707,2.5965329210558052],[26.45000718790995,2.6325366572559674],[26.37452378895562,2.624501079591219],[26.301382599314422,2.6737110859100044],[26.173163385357093,2.709853201714926],[26.064408366081878,2.771219454468712],[25.841572953209177,2.951149235140935],[25.849973647046397,3.0270079936440215],[25.81514010849458,3.068579435992921],[25.812307685259587,3.164186344395849],[25.730033842682907,3.2037633379563117],[25.631229388581616,3.2206195105128628],[25.62727272087418,3.2660827551864293],[25.652824844770215,3.342919007226664],[25.726792859374104,3.3333094637533085],[25.812966456523068,3.2903274732021948],[25.97237231494676,3.1555454900548776],[26.01265492388513,3.1310033476531047],[26.02772671183207,3.1128694262303753]]]]}},{"type":"Feature","bbox":[-13.292676,6.906543,-10.283203,9.996533],"properties":{"featurecla":"Admin-0 country","scalerank":1,"LABELRANK":4,"SOVEREIGNT":"Sierra Leone","SOV_A3":"SLE","ADM0_DIF":0,"LEVEL":2,"TYPE":"Sovereign country","TLC":"1","ADMIN":"Sierra Leone","ADM0_A3":"SLE","GEOU_DIF":0,"GEOUNIT":"Sierra Leone","GU_A3":"SLE","SU_DIF":0,"SUBUNIT":"Sierra Leone","SU_A3":"SLE","BRK_DIFF":0,"NAME":"Sierra Leone","NAME_LONG":"Sierra Leone","BRK_A3":"SLE","BRK_NAME":"Sierra Leone","BRK_GROUP":null,"ABBREV":"S.L.","POSTAL":"SL","FORMAL_EN":"Republic of Sierra Leone","FORMAL_FR":null,"NAME_CIAWF":"Sierra Leone","NOTE_ADM0":null,"NOTE_BRK":null,"NAME_SORT":"Sierra Leone","NAME_ALT":null,"MAPCOLOR7":1,"MAPCOLOR8":4,"MAPCOLOR9":1,"MAPCOLOR13":7,"POP_EST":7813215,"POP_RANK":13,"POP_YEAR":2019,"GDP_MD":4121,"GDP_YEAR":2019,"ECONOMY":"7. Least developed region","INCOME_GRP":"5. Low income","FIPS_10":"SL","ISO_A2":"SL","ISO_A2_EH":"SL","ISO_A3":"SLE","ISO_A3_EH":"SLE","ISO_N3":"694","ISO_N3_EH":"694","UN_A3":"694","WB_A2":"SL","WB_A3":"SLE","WOE_ID":23424946,"WOE_ID_EH":23424946,"WOE_NOTE":"Exact WOE match as country","ADM0_ISO":"SLE","ADM0_DIFF":null,"ADM0_TLC":"SLE","ADM0_A3_US":"SLE","ADM0_A3_FR":"SLE","ADM0_A3_RU":"SLE","ADM0_A3_ES":"SLE","ADM0_A3_CN":"SLE","ADM0_A3_TW":"SLE","ADM0_A3_IN":"SLE","ADM0_A3_NP":"SLE","ADM0_A3_PK":"SLE","ADM0_A3_DE":"SLE","ADM0_A3_GB":"SLE","ADM0_A3_BR":"SLE","ADM0_A3_IL":"SLE","ADM0_A3_PS":"SLE","ADM0_A3_SA":"SLE","ADM0_A3_EG":"SLE","ADM0_A3_MA":"SLE","ADM0_A3_PT":"SLE","ADM0_A3_AR":"SLE","ADM0_A3_JP":"SLE","ADM0_A3_KO":"SLE","ADM0_A3_VN":"SLE","ADM0_A3_TR":"SLE","ADM0_A3_ID":"SLE","ADM0_A3_PL":"SLE","ADM0_A3_GR":"SLE","ADM0_A3_IT":"SLE","ADM0_A3_NL":"SLE","ADM0_A3_SE":"SLE","ADM0_A3_BD":"SLE","ADM0_A3_UA":"SLE","ADM0_A3_UN":-99,"ADM0_A3_WB":-99,"CONTINENT":"Africa","REGION_UN":"Africa","SUBREGION":"Western Africa","REGION_WB":"Sub-Saharan Africa","NAME_LEN":12,"LONG_LEN":12,"ABBREV_LEN":4,"TINY":-99,"HOMEPART":1,"MIN_ZOOM":0,"MIN_LABEL":4,"MAX_LABEL":9,"LABEL_X":-11.763677,"LABEL_Y":8.617449,"NE_ID":1159321251,"WIKIDATAID":"Q1044","NAME_AR":"سيراليون","NAME_BN":"সিয়েরা লিওন","NAME_DE":"Sierra Leone","NAME_EN":"Sierra Leone","NAME_ES":"Sierra Leona","NAME_FA":"سیرالئون","NAME_FR":"Sierra Leone","NAME_EL":"Σιέρα Λεόνε","NAME_HE":"סיירה לאון","NAME_HI":"सिएरा लियोन","NAME_HU":"Sierra Leone","NAME_ID":"Sierra Leone","NAME_IT":"Sierra Leone","NAME_JA":"シエラレオネ","NAME_KO":"시에라리온","NAME_NL":"Sierra Leone","NAME_PL":"Sierra Leone","NAME_PT":"Serra Leoa","NAME_RU":"Сьерра-Леоне","NAME_SV":"Sierra Leone","NAME_TR":"Sierra Leone","NAME_UK":"Сьєрра-Леоне","NAME_UR":"سیرالیون","NAME_VI":"Sierra Leone","NAME_ZH":"塞拉利昂","NAME_ZHT":"獅子山","FCLASS_ISO":"Admin-0 country","TLC_DIFF":null,"FCLASS_TLC":"Admin-0 country","FCLASS_US":null,"FCLASS_FR":null,"FCLASS_RU":null,"FCLASS_ES":null,"FCLASS_CN":null,"FCLASS_TW":null,"FCLASS_IN":null,"FCLASS_NP":null,"FCLASS_PK":null,"FCLASS_DE":null,"FCLASS_GB":null,"FCLASS_BR":null,"FCLASS_IL":null,"FCLASS_PS":null,"FCLASS_SA":null,"FCLASS_EG":null,"FCLASS_MA":null,"FCLASS_PT":null,"FCLASS_AR":null,"FCLASS_JP":null,"FCLASS_KO":null,"FCLASS_VN":null,"FCLASS_TR":null,"FCLASS_ID":null,"FCLASS_PL":null,"FCLASS_GR":null,"FCLASS_IT":null,"FCLASS_NL":null,"FCLASS_SE":null,"FCLASS_BD":null,"FCLASS_UA":null},"geometry":{"type":"MultiPolygon","coordinates":[[],[]]}},{"type":"Feature","bbox":[34.616211,16.371777,55.641016,32.124512],"properties":{"featurecla":"Admin-0 country","scalerank":4,"LABELRANK":2,"SOVEREIGNT":"Saudi Arabia","SOV_A3":"SAU","ADM0_DIF":0,"LEVEL":2,"TYPE":"Sovereign country","TLC":"1","ADMIN":"Saudi Arabia","ADM0_A3":"SAU","GEOU_DIF":0,"GEOUNIT":"Saudi Arabia","GU_A3":"SAU","SU_DIF":0,"SUBUNIT":"Saudi Arabia","SU_A3":"SAU","BRK_DIFF":0,"NAME":"Saudi Arabia","NAME_LONG":"Saudi Arabia","BRK_A3":"SAU","BRK_NAME":"Saudi Arabia","BRK_GROUP":null,"ABBREV":"Saud.","POSTAL":"SA","FORMAL_EN":"Kingdom of Saudi Arabia","FORMAL_FR":null,"NAME_CIAWF":"Saudi Arabia","NOTE_ADM0":null,"NOTE_BRK":null,"NAME_SORT":"Saudi Arabia","NAME_ALT":null,"MAPCOLOR7":6,"MAPCOLOR8":1,"MAPCOLOR9":6,"MAPCOLOR13":7,"POP_EST":34268528,"POP_RANK":15,"POP_YEAR":2019,"GDP_MD":792966,"GDP_YEAR":2019,"ECONOMY":"2. Developed region: nonG7","INCOME_GRP":"2. High income: nonOECD","FIPS_10":"SA","ISO_A2":"SA","ISO_A2_EH":"SA","ISO_A3":"SAU","ISO_A3_EH":"SAU","ISO_N3":"682","ISO_N3_EH":"682","UN_A3":"682","WB_A2":"SA","WB_A3":"SAU","WOE_ID":23424938,"WOE_ID_EH":23424938,"WOE_NOTE":"Exact WOE match as country","ADM0_ISO":"SAU","ADM0_DIFF":null,"ADM0_TLC":"SAU","ADM0_A3_US":"SAU","ADM0_A3_FR":"SAU","ADM0_A3_RU":"SAU","ADM0_A3_ES":"SAU","ADM0_A3_CN":"SAU","ADM0_A3_TW":"SAU","ADM0_A3_IN":"SAU","ADM0_A3_NP":"SAU","ADM0_A3_PK":"SAU","ADM0_A3_DE":"SAU","ADM0_A3_GB":"SAU","ADM0_A3_BR":"SAU","ADM0_A3_IL":"SAU","ADM0_A3_PS":"SAU","ADM0_A3_SA":"SAU","ADM0_A3_EG":"SAU","ADM0_A3_MA":"SAU","ADM0_A3_PT":"SAU","ADM0_A3_AR":"SAU","ADM0_A3_JP":"SAU","ADM0_A3_KO":"SAU","ADM0_A3_VN":"SAU","ADM0_A3_TR":"SAU","ADM0_A3_ID":"SAU","ADM0_A3_PL":"SAU","ADM0_A3_GR":"SAU","ADM0_A3_IT":"SAU","ADM0_A3_NL":"SAU","ADM0_A3_SE":"SAU","ADM0_A3_BD":"SAU","ADM0_A3_UA":"SAU","ADM0_A3_UN":-99,"ADM0_A3_WB":-99,"CONTINENT":"Asia","REGION_UN":"Asia","SUBREGION":"Western Asia","REGION_WB":"Middle East & North Africa","NAME_LEN":12,"LONG_LEN":12,"ABBREV_LEN":5,"TINY":-99,"HOMEPART":1,"MIN_ZOOM":0,"MIN_LABEL":1.7,"MAX_LABEL":7,"LABEL_X":44.6996,"LABEL_Y":23.806908,"NE_ID":1159321225,"WIKIDATAID":"Q851","NAME_AR":"السعودية","NAME_BN":"সৌদি আরব","NAME_DE":"Saudi-Arabien","NAME_EN":"Saudi Arabia","NAME_ES":"Arabia Saudita","NAME_FA":"عربستان سعودی","NAME_FR":"Arabie saoudite","NAME_EL":"Σαουδική Αραβία","NAME_HE":"ערב הסעודית","NAME_HI":"सउदी अरब","NAME_HU":"Szaúd-Arábia","NAME_ID":"Arab Saudi","NAME_IT":"Arabia Saudita","NAME_JA":"サウジアラビア","NAME_KO":"사우디아라비아","NAME_NL":"Saoedi-Arabië","NAME_PL":"Arabia Saudyjska","NAME_PT":"Arábia Saudita","NAME_RU":"Саудовская Аравия","NAME_SV":"Saudiarabien","NAME_TR":"Suudi Arabistan","NAME_UK":"Саудівська Аравія","NAME_UR":"سعودی عرب","NAME_VI":"Ả Rập Saudi","NAME_ZH":"沙特阿拉伯","NAME_ZHT":"沙烏地阿拉伯","FCLASS_ISO":"Admin-0 country","TLC_DIFF":null,"FCLASS_TLC":"Admin-0 country","FCLASS_US":null,"FCLASS_FR":null,"FCLASS_RU":null,"FCLASS_ES":null,"FCLASS_CN":null,"FCLASS_TW":null,"FCLASS_IN":null,"FCLASS_NP":null,"FCLASS_PK":null,"FCLASS_DE":null,"FCLASS_GB":null,"FCLASS_BR":null,"FCLASS_IL":null,"FCLASS_PS":null,"FCLASS_SA":null,"FCLASS_EG":null,"FCLASS_MA":null,"FCLASS_PT":null,"FCLASS_AR":null,"FCLASS_JP":null,"FCLASS_KO":null,"FCLASS_VN":null,"FCLASS_TR":null,"FCLASS_ID":null,"FCLASS_PL":null,"FCLASS_GR":null,"FCLASS_IT":null,"FCLASS_NL":null,"FCLASS_SE":null,"FCLASS_BD":null,"FCLASS_UA":null},"geometry":{"type":"MultiPolygon","coordinates":[[],[],[],[]]}},{"type":"Feature","bbox":[6.468164,0.047363,7.452344,1.699121],"properties":{"featurecla":"Admin-0 country","scalerank":1,"LABELRANK":6,"SOVEREIGNT":"São Tomé and Principe","SOV_A3":"STP","ADM0_DIF":0,"LEVEL":2,"TYPE":"Sovereign country","TLC":"1","ADMIN":"São Tomé and Principe","ADM0_A3":"STP","GEOU_DIF":0,"GEOUNIT":"São Tomé and Principe","GU_A3":"STP","SU_DIF":0,"SUBUNIT":"São Tomé and Principe","SU_A3":"STP","BRK_DIFF":0,"NAME":"São Tomé and Principe","NAME_LONG":"São Tomé and Principe","BRK_A3":"STP","BRK_NAME":"Sao Tome and Principe","BRK_GROUP":null,"ABBREV":"S.T.P.","POSTAL":"ST","FORMAL_EN":"Democratic Republic of São Tomé and Principe","FORMAL_FR":null,"NAME_CIAWF":"Sao Tome and Principe","NOTE_ADM0":null,"NOTE_BRK":null,"NAME_SORT":"Sao Tome and Principe","NAME_ALT":null,"MAPCOLOR7":1,"MAPCOLOR8":6,"MAPCOLOR9":1,"MAPCOLOR13":7,"POP_EST":215056,"POP_RANK":10,"POP_YEAR":2019,"GDP_MD":418,"GDP_YEAR":2019,"ECONOMY":"7. Least developed region","INCOME_GRP":"4. Lower middle income","FIPS_10":"TP","ISO_A2":"ST","ISO_A2_EH":"ST","ISO_A3":"STP","ISO_A3_EH":"STP","ISO_N3":"678","ISO_N3_EH":"678","UN_A3":"678","WB_A2":"ST","WB_A3":"STP","WOE_ID":23424966,"WOE_ID_EH":23424966,"WOE_NOTE":"Exact WOE match as country","ADM0_ISO":"STP","ADM0_DIFF":null,"ADM0_TLC":"STP","ADM0_A3_US":"STP","ADM0_A3_FR":"STP","ADM0_A3_RU":"STP","ADM0_A3_ES":"STP","ADM0_A3_CN":"STP","ADM0_A3_TW":"STP","ADM0_A3_IN":"STP","ADM0_A3_NP":"STP","ADM0_A3_PK":"STP","ADM0_A3_DE":"STP","ADM0_A3_GB":"STP","ADM0_A3_BR":"STP","ADM0_A3_IL":"STP","ADM0_A3_PS":"STP","ADM0_A3_SA":"STP","ADM0_A3_EG":"STP","ADM0_A3_MA":"STP","ADM0_A3_PT":"STP","ADM0_A3_AR":"STP","ADM0_A3_JP":"STP","ADM0_A3_KO":"STP","ADM0_A3_VN":"STP","ADM0_A3_TR":"STP","ADM0_A3_ID":"STP","ADM0_A3_PL":"STP","ADM0_A3_GR":"STP","ADM0_A3_IT":"STP","ADM0_A3_NL":"STP","ADM0_A3_SE":"STP","ADM0_A3_BD":"STP","ADM0_A3_UA":"STP","ADM0_A3_UN":-99,"ADM0_A3_WB":-99,"CONTINENT":"Africa","REGION_UN":"Africa","SUBREGION":"Middle Africa","REGION_WB":"Sub-Saharan Africa","NAME_LEN":21,"LONG_LEN":21,"ABBREV_LEN":6,"TINY":3,"HOMEPART":1,"MIN_ZOOM":0,"MIN_LABEL":5,"MAX_LABEL":10,"LABEL_X":7.021,"LABEL_Y":0.9709,"NE_ID":1159321273,"WIKIDATAID":"Q1039","NAME_AR":"ساو تومي وبرينسيب","NAME_BN":"সাঁউ তুমি ও প্রিন্সিপি","NAME_DE":"São Tomé und Príncipe","NAME_EN":"São Tomé and Príncipe","NAME_ES":"Santo Tomé y Príncipe","NAME_FA":"سائوتومه و پرینسیپ","NAME_FR":"Sao Tomé-et-Principe","NAME_EL":"Σάο Τομέ και Πρίνσιπε","NAME_HE":"סאו טומה ופרינסיפה","NAME_HI":"साओ तोमे और प्रिन्सिपी","NAME_HU":"São Tomé és Príncipe","NAME_ID":"Sao Tome dan Principe","NAME_IT":"São Tomé e Príncipe","NAME_JA":"サントメ・プリンシペ","NAME_KO":"상투메 프린시페","NAME_NL":"Sao Tomé en Principe","NAME_PL":"Wyspy Świętego Tomasza i Książęca","NAME_PT":"São Tomé e Príncipe","NAME_RU":"Сан-Томе и Принсипи","NAME_SV":"São Tomé och Príncipe","NAME_TR":"São Tomé ve Príncipe","NAME_UK":"Сан-Томе і Принсіпі","NAME_UR":"ساؤ ٹومے و پرنسپے","NAME_VI":"São Tomé và Príncipe","NAME_ZH":"圣多美和普林西比","NAME_ZHT":"聖多美普林西比","FCLASS_ISO":"Admin-0 country","TLC_DIFF":null,"FCLASS_TLC":"Admin-0 country","FCLASS_US":null,"FCLASS_FR":null,"FCLASS_RU":null,"FCLASS_ES":null,"FCLASS_CN":null,"FCLASS_TW":null,"FCLASS_IN":null,"FCLASS_NP":null,"FCLASS_PK":null,"FCLASS_DE":null,"FCLASS_GB":null,"FCLASS_BR":null,"FCLASS_IL":null,"FCLASS_PS":null,"FCLASS_SA":null,"FCLASS_EG":null,"FCLASS_MA":null,"FCLASS_PT":null,"FCLASS_AR":null,"FCLASS_JP":null,"FCLASS_KO":null,"FCLASS_VN":null,"FCLASS_TR":null,"FCLASS_ID":null,"FCLASS_PL":null,"FCLASS_GR":null,"FCLASS_IT":null,"FCLASS_NL":null,"FCLASS_SE":null,"FCLASS_BD":null,"FCLASS_UA":null},"geometry":{"type":"MultiPolygon","coordinates":[[],[]]}},{"type":"Feature","bbox":[-172.778516,-14.047266,-171.449561,-13.465234],"properties":{"featurecla":"Admin-0 country","scalerank":1,"LABELRANK":4,"SOVEREIGNT":"Samoa","SOV_A3":"WSM","ADM0_DIF":0,"LEVEL":2,"TYPE":"Sovereign country","TLC":"1","ADMIN":"Samoa","ADM0_A3":"WSM","GEOU_DIF":0,"GEOUNIT":"Samoa","GU_A3":"WSM","SU_DIF":0,"SUBUNIT":"Samoa","SU_A3":"WSM","BRK_DIFF":0,"NAME":"Samoa","NAME_LONG":"Samoa","BRK_A3":"WSM","BRK_NAME":"Samoa","BRK_GROUP":null,"ABBREV":"Samoa","POSTAL":"WS","FORMAL_EN":"Independent State of Samoa","FORMAL_FR":null,"NAME_CIAWF":"Samoa","NOTE_ADM0":null,"NOTE_BRK":null,"NAME_SORT":"Samoa","NAME_ALT":null,"MAPCOLOR7":3,"MAPCOLOR8":3,"MAPCOLOR9":4,"MAPCOLOR13":6,"POP_EST":197097,"POP_RANK":9,"POP_YEAR":2019,"GDP_MD":852,"GDP_YEAR":2019,"ECONOMY":"7. Least developed region","INCOME_GRP":"4. Lower middle income","FIPS_10":"WS","ISO_A2":"WS","ISO_A2_EH":"WS","ISO_A3":"WSM","ISO_A3_EH":"WSM","ISO_N3":"882","ISO_N3_EH":"882","UN_A3":"882","WB_A2":"WS","WB_A3":"WSM","WOE_ID":23424992,"WOE_ID_EH":23424992,"WOE_NOTE":"Exact WOE match as country","ADM0_ISO":"WSM","ADM0_DIFF":null,"ADM0_TLC":"WSM","ADM0_A3_US":"WSM","ADM0_A3_FR":"WSM","ADM0_A3_RU":"WSM","ADM0_A3_ES":"WSM","ADM0_A3_CN":"WSM","ADM0_A3_TW":"WSM","ADM0_A3_IN":"WSM","ADM0_A3_NP":"WSM","ADM0_A3_PK":"WSM","ADM0_A3_DE":"WSM","ADM0_A3_GB":"WSM","ADM0_A3_BR":"WSM","ADM0_A3_IL":"WSM","ADM0_A3_PS":"WSM","ADM0_A3_SA":"WSM","ADM0_A3_EG":"WSM","ADM0_A3_MA":"WSM","ADM0_A3_PT":"WSM","ADM0_A3_AR":"WSM","ADM0_A3_JP":"WSM","ADM0_A3_KO":"WSM","ADM0_A3_VN":"WSM","ADM0_A3_TR":"WSM","ADM0_A3_ID":"WSM","ADM0_A3_PL":"WSM","ADM0_A3_GR":"WSM","ADM0_A3_IT":"WSM","ADM0_A3_NL":"WSM","ADM0_A3_SE":"WSM","ADM0_A3_BD":"WSM","ADM0_A3_UA":"WSM","ADM0_A3_UN":-99,"ADM0_A3_WB":-99,"CONTINENT":"Oceania","REGION_UN":"Oceania","SUBREGION":"Polynesia","REGION_WB":"East Asia & Pacific","NAME_LEN":5,"LONG_LEN":5,"ABBREV_LEN":5,"TINY":-99,"HOMEPART":1,"MIN_ZOOM":0,"MIN_LABEL":3,"MAX_LABEL":8,"LABEL_X":-172.438241,"LABEL_Y":-13.639139,"NE_ID":1159321423,"WIKIDATAID":"Q683","NAME_AR":"ساموا","NAME_BN":"সামোয়া","NAME_DE":"Samoa","NAME_EN":"Samoa","NAME_ES":"Samoa","NAME_FA":"ساموآ","NAME_FR":"Samoa","NAME_EL":"Σαμόα","NAME_HE":"סמואה","NAME_HI":"समोआ","NAME_HU":"Szamoa","NAME_ID":"Samoa","NAME_IT":"Samoa","NAME_JA":"サモア","NAME_KO":"사모아","NAME_NL":"Samoa","NAME_PL":"Samoa","NAME_PT":"Samoa","NAME_RU":"Самоа","NAME_SV":"Samoa","NAME_TR":"Samoa","NAME_UK":"Самоа","NAME_UR":"سامووا","NAME_VI":"Samoa","NAME_ZH":"萨摩亚","NAME_ZHT":"薩摩亞","FCLASS_ISO":"Admin-0 country","TLC_DIFF":null,"FCLASS_TLC":"Admin-0 country","FCLASS_US":null,"FCLASS_FR":null,"FCLASS_RU":null,"FCLASS_ES":null,"FCLASS_CN":null,"FCLASS_TW":null,"FCLASS_IN":null,"FCLASS_NP":null,"FCLASS_PK":null,"FCLASS_DE":null,"FCLASS_GB":null,"FCLASS_BR":null,"FCLASS_IL":null,"FCLASS_PS":null,"FCLASS_SA":null,"FCLASS_EG":null,"FCLASS_MA":null,"FCLASS_PT":null,"FCLASS_AR":null,"FCLASS_JP":null,"FCLASS_KO":null,"FCLASS_VN":null,"FCLASS_TR":null,"FCLASS_ID":null,"FCLASS_PL":null,"FCLASS_GR":null,"FCLASS_IT":null,"FCLASS_NL":null,"FCLASS_SE":null,"FCLASS_BD":null,"FCLASS_UA":null},"geometry":{"type":"MultiPolygon","coordinates":[[[[49.08804955013516,-4.554599724547342],[49.16104496405419,-4.6820729311169895],[49.16942940537378,-4.8263868640185335],[49.100250515390506,-4.942613217298613],[49.01747390498321,-4.885715513475138],[48.881041435984606,-4.876285417129168],[48.83960348831516,-4.855050846302648],[48.769516960343466,-4.669167082587342],[48.71235825698888,-4.578464625001058],[48.69742616320159,-4.504280618177063],[48.78850657776799,-4.537484287085273],[48.93312055753319,-4.531260924523246],[49.08804955013516,-4.554599724547342]]],[[[49.69326145097379,-5.387520070959382],[49.46190101681105,-5.321684195344368],[49.35842123847362,-5.240591450699802],[49.31783502793814,-5.228543351112443],[49.242465008436746,-5.099318345027082],[49.23930539309839,-5.0419631050991836],[49.29880310915258,-5.021706429006252],[49.410156793147,-5.033767021845502],[49.60764046313913,-5.172299087262681],[49.624620990120114,-5.24990164603407],[49.672345066610326,-5.271447190843815],[49.70395886049117,-5.312173077685129],[49.70296752364987,-5.362957415786532],[49.69326145097379,-5.387520070959382]]]]}},{"type":"Feature","bbox":[-61.353516,12.694727,-61.124023,13.35874],"properties":{"featurecla":"Admin-0 country","scalerank":1,"LABELRANK":6,"SOVEREIGNT":"Saint Vincent and the Grenadines","SOV_A3":"VCT","ADM0_DIF":0,"LEVEL":2,"TYPE":"Sovereign country","TLC":"1","ADMIN":"Saint Vincent and the Grenadines","ADM0_A3":"VCT","GEOU_DIF":0,"GEOUNIT":"Saint Vincent and the Grenadines","GU_A3":"VCT","SU_DIF":0,"SUBUNIT":"Saint Vincent and the Grenadines","SU_A3":"VCT","BRK_DIFF":0,"NAME":"St. Vin. and Gren.","NAME_LONG":"Saint Vincent and the Grenadines","BRK_A3":"VCT","BRK_NAME":"St. Vin. and Gren.","BRK_GROUP":null,"ABBREV":"St.V.G.","POSTAL":"VC","FORMAL_EN":"Saint Vincent and the Grenadines","FORMAL_FR":null,"NAME_CIAWF":"Saint Vincent and the Grenadines","NOTE_ADM0":null,"NOTE_BRK":null,"NAME_SORT":"St. Vincent and the Grenadines","NAME_ALT":null,"MAPCOLOR7":1,"MAPCOLOR8":1,"MAPCOLOR9":5,"MAPCOLOR13":7,"POP_EST":110589,"POP_RANK":9,"POP_YEAR":2019,"GDP_MD":824,"GDP_YEAR":2019,"ECONOMY":"6. Developing region","INCOME_GRP":"3. Upper middle income","FIPS_10":"VC","ISO_A2":"VC","ISO_A2_EH":"VC","ISO_A3":"VCT","ISO_A3_EH":"VCT","ISO_N3":"670","ISO_N3_EH":"670","UN_A3":"670","WB_A2":"VC","WB_A3":"VCT","WOE_ID":23424981,"WOE_ID_EH":23424981,"WOE_NOTE":"Exact WOE match as country","ADM0_ISO":"VCT","ADM0_DIFF":null,"ADM0_TLC":"VCT","ADM0_A3_US":"VCT","ADM0_A3_FR":"VCT","ADM0_A3_RU":"VCT","ADM0_A3_ES":"VCT","ADM0_A3_CN":"VCT","ADM0_A3_TW":"VCT","ADM0_A3_IN":"VCT","ADM0_A3_NP":"VCT","ADM0_A3_PK":"VCT","ADM0_A3_DE":"VCT","ADM0_A3_GB":"VCT","ADM0_A3_BR":"VCT","ADM0_A3_IL":"VCT","ADM0_A3_PS":"VCT","ADM0_A3_SA":"VCT","ADM0_A3_EG":"VCT","ADM0_A3_MA":"VCT","ADM0_A3_PT":"VCT","ADM0_A3_AR":"VCT","ADM0_A3_JP":"VCT","ADM0_A3_KO":"VCT","ADM0_A3_VN":"VCT","ADM0_A3_TR":"VCT","ADM0_A3_ID":"VCT","ADM0_A3_PL":"VCT","ADM0_A3_GR":"VCT","ADM0_A3_IT":"VCT","ADM0_A3_NL":"VCT","ADM0_A3_SE":"VCT","ADM0_A3_BD":"VCT","ADM0_A3_UA":"VCT","ADM0_A3_UN":-99,"ADM0_A3_WB":-99,"CONTINENT":"North America","REGION_UN":"Americas","SUBREGION":"Caribbean","REGION_WB":"Latin America & Caribbean","NAME_LEN":18,"LONG_LEN":32,"ABBREV_LEN":7,"TINY":-99,"HOMEPART":1,"MIN_ZOOM":0,"MIN_LABEL":5,"MAX_LABEL":10,"LABEL_X":-61.3359,"LABEL_Y":13.0879,"NE_ID":1159321409,"WIKIDATAID":"Q757","NAME_AR":"سانت فينسنت والغرينادين","NAME_BN":"সেন্ট ভিনসেন্ট ও গ্রেনাডাইন","NAME_DE":"St. Vincent und die Grenadinen","NAME_EN":"Saint Vincent and the Grenadines","NAME_ES":"San Vicente y las Granadinas","NAME_FA":"سنت وینسنت و گرنادینها","NAME_FR":"Saint-Vincent-et-les-Grenadines","NAME_EL":"Άγιος Βικέντιος και Γρεναδίνες","NAME_HE":"סנט וינסנט והגרנדינים","NAME_HI":"सन्त विन्सेण्ट और ग्रेनाडाइन्स","NAME_HU":"Saint Vincent és a Grenadine-szigetek","NAME_ID":"Saint Vincent dan Grenadine","NAME_IT":"Saint Vincent e Grenadine","NAME_JA":"セントビンセント・グレナディーン","NAME_KO":"세인트빈센트 그레나딘","NAME_NL":"Saint Vincent en de Grenadines","NAME_PL":"Saint Vincent i Grenadyny","NAME_PT":"São Vicente e Granadinas","NAME_RU":"Сент-Винсент и Гренадины","NAME_SV":"Saint Vincent och Grenadinerna","NAME_TR":"Saint Vincent ve Grenadinler","NAME_UK":"Сент-Вінсент і Гренадини","NAME_UR":"سینٹ وینسینٹ و گریناڈائنز","NAME_VI":"Saint Vincent và Grenadines","NAME_ZH":"圣文森特和格林纳丁斯","NAME_ZHT":"聖文森及格瑞那丁","FCLASS_ISO":"Admin-0 dependency","TLC_DIFF":null,"FCLASS_TLC":"Admin-0 dependency","FCLASS_US":null,"FCLASS_FR":null,"FCLASS_RU":null,"FCLASS_ES":null,"FCLASS_CN":null,"FCLASS_TW":null,"FCLASS_IN":null,"FCLASS_NP":null,"FCLASS_PK":null,"FCLASS_DE":null,"FCLASS_GB":null,"FCLASS_BR":null,"FCLASS_IL":null,"FCLASS_PS":null,"FCLASS_SA":null,"FCLASS_EG":null,"FCLASS_MA":null,"FCLASS_PT":null,"FCLASS_AR":null,"FCLASS_JP":null,"FCLASS_KO":null,"FCLASS_VN":null,"FCLASS_TR":null,"FCLASS_ID":null,"FCLASS_PL":null,"FCLASS_GR":null,"FCLASS_IT":null,"FCLASS_NL":null,"FCLASS_SE":null,"FCLASS_BD":null,"FCLASS_UA":null},"geometry":{"type":"MultiPolygon","coordinates":[[],[],[]]}},{"type":"Feature","bbox":[-62.840479,17.100586,-62.532227,17.402588],"properties":{"featurecla":"Admin-0 country","scalerank":3,"LABELRANK":6,"SOVEREIGNT":"Saint Kitts and Nevis","SOV_A3":"KNA","ADM0_DIF":0,"LEVEL":2,"TYPE":"Sovereign country","TLC":"1","ADMIN":"Saint Kitts and Nevis","ADM0_A3":"KNA","GEOU_DIF":0,"GEOUNIT":"Saint Kitts and Nevis","GU_A3":"KNA","SU_DIF":0,"SUBUNIT":"Saint Kitts and Nevis","SU_A3":"KNA","BRK_DIFF":0,"NAME":"St. Kitts and Nevis","NAME_LONG":"Saint Kitts and Nevis","BRK_A3":"KNA","BRK_NAME":"Saint Kitts and Nevis","BRK_GROUP":null,"ABBREV":"St.K.N.","POSTAL":"KN","FORMAL_EN":"Federation of Saint Kitts and Nevis","FORMAL_FR":null,"NAME_CIAWF":"Saint Kitts and Nevis","NOTE_ADM0":null,"NOTE_BRK":null,"NAME_SORT":"St. Kitts and Nevis","NAME_ALT":null,"MAPCOLOR7":1,"MAPCOLOR8":4,"MAPCOLOR9":1,"MAPCOLOR13":8,"POP_EST":52834,"POP_RANK":8,"POP_YEAR":2019,"GDP_MD":1053,"GDP_YEAR":2019,"ECONOMY":"6. Developing region","INCOME_GRP":"2. High income: nonOECD","FIPS_10":"SC","ISO_A2":"KN","ISO_A2_EH":"KN","ISO_A3":"KNA","ISO_A3_EH":"KNA","ISO_N3":"659","ISO_N3_EH":"659","UN_A3":"659","WB_A2":"KN","WB_A3":"KNA","WOE_ID":23424940,"WOE_ID_EH":23424940,"WOE_NOTE":"Exact WOE match as country","ADM0_ISO":"KNA","ADM0_DIFF":null,"ADM0_TLC":"KNA","ADM0_A3_US":"KNA","ADM0_A3_FR":"KNA","ADM0_A3_RU":"KNA","ADM0_A3_ES":"KNA","ADM0_A3_CN":"KNA","ADM0_A3_TW":"KNA","ADM0_A3_IN":"KNA","ADM0_A3_NP":"KNA","ADM0_A3_PK":"KNA","ADM0_A3_DE":"KNA","ADM0_A3_GB":"KNA","ADM0_A3_BR":"KNA","ADM0_A3_IL":"KNA","ADM0_A3_PS":"KNA","ADM0_A3_SA":"KNA","ADM0_A3_EG":"KNA","ADM0_A3_MA":"KNA","ADM0_A3_PT":"KNA","ADM0_A3_AR":"KNA","ADM0_A3_JP":"KNA","ADM0_A3_KO":"KNA","ADM0_A3_VN":"KNA","ADM0_A3_TR":"KNA","ADM0_A3_ID":"KNA","ADM0_A3_PL":"KNA","ADM0_A3_GR":"KNA","ADM0_A3_IT":"KNA","ADM0_A3_NL":"KNA","ADM0_A3_SE":"KNA","ADM0_A3_BD":"KNA","ADM0_A3_UA":"KNA","ADM0_A3_UN":-99,"ADM0_A3_WB":-99,"CONTINENT":"North America","REGION_UN":"Americas","SUBREGION":"Caribbean","REGION_WB":"Latin America & Caribbean","NAME_LEN":19,"LONG_LEN":21,"ABBREV_LEN":7,"TINY":4,"HOMEPART":1,"MIN_ZOOM":0,"MIN_LABEL":5,"MAX_LABEL":10,"LABEL_X":-62.757975,"LABEL_Y":17.336558,"NE_ID":1159320983,"WIKIDATAID":"Q763","NAME_AR":"سانت كيتس ونيفيس","NAME_BN":"সেন্ট কিট্স ও নেভিস","NAME_DE":"St. Kitts und Nevis","NAME_EN":"Saint Kitts and Nevis","NAME_ES":"San Cristóbal y Nieves","NAME_FA":"سنت کیتس و نویس","NAME_FR":"Saint-Christophe-et-Niévès","NAME_EL":"Άγιος Χριστόφορος και Νέβις","NAME_HE":"סנט קיטס ונוויס","NAME_HI":"सन्त किट्स और नेविस","NAME_HU":"Saint Kitts és Nevis","NAME_ID":"Saint Kitts dan Nevis","NAME_IT":"Saint Kitts e Nevis","NAME_JA":"セントクリストファー・ネイビス","NAME_KO":"세인트키츠 네비스","NAME_NL":"Saint Kitts en Nevis","NAME_PL":"Saint Kitts i Nevis","NAME_PT":"São Cristóvão e Nevis","NAME_RU":"Сент-Китс и Невис","NAME_SV":"Saint Kitts och Nevis","NAME_TR":"Saint Kitts ve Nevis","NAME_UK":"Сент-Кіттс і Невіс","NAME_UR":"سینٹ کیٹز و ناویس","NAME_VI":"Saint Kitts và Nevis","NAME_ZH":"圣基茨和尼维斯","NAME_ZHT":"聖克里斯多福與尼維斯","FCLASS_ISO":"Admin-0 country","TLC_DIFF":null,"FCLASS_TLC":"Admin-0 country","FCLASS_US":null,"FCLASS_FR":null,"FCLASS_RU":null,"FCLASS_ES":null,"FCLASS_CN":null,"FCLASS_TW":null,"FCLASS_IN":null,"FCLASS_NP":null,"FCLASS_PK":null,"FCLASS_DE":null,"FCLASS_GB":null,"FCLASS_BR":null,"FCLASS_IL":null,"FCLASS_PS":null,"FCLASS_SA":null,"FCLASS_EG":null,"FCLASS_MA":null,"FCLASS_PT":null,"FCLASS_AR":null,"FCLASS_JP":null,"FCLASS_KO":null,"FCLASS_VN":null,"FCLASS_TR":null,"FCLASS_ID":null,"FCLASS_PL":null,"FCLASS_GR":null,"FCLASS_IT":null,"FCLASS_NL":null,"FCLASS_SE":null,"FCLASS_BD":null,"FCLASS_UA":null},"geometry":{"type":"MultiPolygon","coordinates":[[],[]]}},{"type":"Feature","bbox":[-180,41.199268,180,81.854199],"properties":{"featurecla":"Admin-0 country","scalerank":5,"LABELRANK":2,"SOVEREIGNT":"Russia","SOV_A3":"RUS","ADM0_DIF":0,"LEVEL":2,"TYPE":"Sovereign country","TLC":"1","ADMIN":"Russia","ADM0_A3":"RUS","GEOU_DIF":0,"GEOUNIT":"Russia","GU_A3":"RUS","SU_DIF":0,"SUBUNIT":"Russia","SU_A3":"RUS","BRK_DIFF":0,"NAME":"Russia","NAME_LONG":"Russian Federation","BRK_A3":"RUS","BRK_NAME":"Russia","BRK_GROUP":null,"ABBREV":"Rus.","POSTAL":"RUS","FORMAL_EN":"Russian Federation","FORMAL_FR":null,"NAME_CIAWF":"Russia","NOTE_ADM0":null,"NOTE_BRK":null,"NAME_SORT":"Russian Federation","NAME_ALT":null,"MAPCOLOR7":2,"MAPCOLOR8":5,"MAPCOLOR9":7,"MAPCOLOR13":7,"POP_EST":144373535,"POP_RANK":17,"POP_YEAR":2019,"GDP_MD":1699876,"GDP_YEAR":2019,"ECONOMY":"3. Emerging region: BRIC","INCOME_GRP":"3. Upper middle income","FIPS_10":"RS","ISO_A2":"RU","ISO_A2_EH":"RU","ISO_A3":"RUS","ISO_A3_EH":"RUS","ISO_N3":"643","ISO_N3_EH":"643","UN_A3":"643","WB_A2":"RU","WB_A3":"RUS","WOE_ID":23424936,"WOE_ID_EH":23424936,"WOE_NOTE":"Exact WOE match as country","ADM0_ISO":"RUS","ADM0_DIFF":null,"ADM0_TLC":"RUS","ADM0_A3_US":"RUS","ADM0_A3_FR":"RUS","ADM0_A3_RU":"RUS","ADM0_A3_ES":"RUS","ADM0_A3_CN":"RUS","ADM0_A3_TW":"RUS","ADM0_A3_IN":"RUS","ADM0_A3_NP":"RUS","ADM0_A3_PK":"RUS","ADM0_A3_DE":"RUS","ADM0_A3_GB":"RUS","ADM0_A3_BR":"RUS","ADM0_A3_IL":"RUS","ADM0_A3_PS":"RUS","ADM0_A3_SA":"RUS","ADM0_A3_EG":"RUS","ADM0_A3_MA":"RUS","ADM0_A3_PT":"RUS","ADM0_A3_AR":"RUS","ADM0_A3_JP":"RUS","ADM0_A3_KO":"RUS","ADM0_A3_VN":"RUS","ADM0_A3_TR":"RUS","ADM0_A3_ID":"RUS","ADM0_A3_PL":"RUS","ADM0_A3_GR":"RUS","ADM0_A3_IT":"RUS","ADM0_A3_NL":"RUS","ADM0_A3_SE":"RUS","ADM0_A3_BD":"RUS","ADM0_A3_UA":"RUS","ADM0_A3_UN":-99,"ADM0_A3_WB":-99,"CONTINENT":"Europe","REGION_UN":"Europe","SUBREGION":"Eastern Europe","REGION_WB":"Europe & Central Asia","NAME_LEN":6,"LONG_LEN":18,"ABBREV_LEN":4,"TINY":-99,"HOMEPART":1,"MIN_ZOOM":0,"MIN_LABEL":1.7,"MAX_LABEL":5.2,"LABEL_X":44.686469,"LABEL_Y":58.249357,"NE_ID":1159321201,"WIKIDATAID":"Q159","NAME_AR":"روسيا","NAME_BN":"রাশিয়া","NAME_DE":"Russland","NAME_EN":"Russia","NAME_ES":"Rusia","NAME_FA":"روسیه","NAME_FR":"Russie","NAME_EL":"Ρωσία","NAME_HE":"רוסיה","NAME_HI":"रूस","NAME_HU":"Oroszország","NAME_ID":"Rusia","NAME_IT":"Russia","NAME_JA":"ロシア","NAME_KO":"러시아","NAME_NL":"Rusland","NAME_PL":"Rosja","NAME_PT":"Rússia","NAME_RU":"Россия","NAME_SV":"Ryssland","NAME_TR":"Rusya","NAME_UK":"Росія","NAME_UR":"روس","NAME_VI":"Nga","NAME_ZH":"俄罗斯","NAME_ZHT":"俄羅斯","FCLASS_ISO":"Admin-0 country","TLC_DIFF":null,"FCLASS_TLC":"Admin-0 country","FCLASS_US":null,"FCLASS_FR":null,"FCLASS_RU":null,"FCLASS_ES":null,"FCLASS_CN":null,"FCLASS_TW":null,"FCLASS_IN":null,"FCLASS_NP":null,"FCLASS_PK":null,"FCLASS_DE":null,"FCLASS_GB":null,"FCLASS_BR":null,"FCLASS_IL":null,"FCLASS_PS":null,"FCLASS_SA":null,"FCLASS_EG":null,"FCLASS_MA":null,"FCLASS_PT":null,"FCLASS_AR":null,"FCLASS_JP":null,"FCLASS_KO":null,"FCLASS_VN":null,"FCLASS_TR":null,"FCLASS_ID":null,"FCLASS_PL":null,"FCLASS_GR":null,"FCLASS_IT":null,"FCLASS_NL":null,"FCLASS_SE":null,"FCLASS_BD":null,"FCLASS_UA":null},"geometry":{"type":"MultiPolygon","coordinates":[[],[],[],[],[],[],[],[],[],[],[],[],[],[],[],[],[],[],[],[],[],[],[],[],[],[],[],[],[],[],[],[],[],[],[],[],[],[],[],[],[],[],[],[],[],[],[],[],[],[],[],[],[],[],[],[],[],[],[],[],[],[],[],[],[],[],[],[],[],[],[],[],[],[],[],[],[],[],[],[],[],[],[],[],[],[],[],[],[],[],[],[],[],[],[],[],[],[],[],[]]}},{"type":"Feature","bbox":[-31.282959,32.648291,-6.2125,42.137402],"properties":{"featurecla":"Admin-0 country","scalerank":3,"LABELRANK":2,"SOVEREIGNT":"Portugal","SOV_A3":"PRT","ADM0_DIF":0,"LEVEL":2,"TYPE":"Sovereign country","TLC":"1","ADMIN":"Portugal","ADM0_A3":"PRT","GEOU_DIF":0,"GEOUNIT":"Portugal","GU_A3":"PRT","SU_DIF":1,"SUBUNIT":"Portugal","SU_A3":"PR1","BRK_DIFF":0,"NAME":"Portugal","NAME_LONG":"Portugal","BRK_A3":"PR1","BRK_NAME":"Portugal","BRK_GROUP":null,"ABBREV":"Port.","POSTAL":"P","FORMAL_EN":"Portuguese Republic","FORMAL_FR":null,"NAME_CIAWF":"Portugal","NOTE_ADM0":null,"NOTE_BRK":null,"NAME_SORT":"Portugal","NAME_ALT":null,"MAPCOLOR7":1,"MAPCOLOR8":7,"MAPCOLOR9":1,"MAPCOLOR13":4,"POP_EST":10269417,"POP_RANK":14,"POP_YEAR":2019,"GDP_MD":238785,"GDP_YEAR":2019,"ECONOMY":"2. Developed region: nonG7","INCOME_GRP":"1. High income: OECD","FIPS_10":"PO","ISO_A2":"PT","ISO_A2_EH":"PT","ISO_A3":"PRT","ISO_A3_EH":"PRT","ISO_N3":"620","ISO_N3_EH":"620","UN_A3":"620","WB_A2":"PT","WB_A3":"PRT","WOE_ID":23424925,"WOE_ID_EH":23424925,"WOE_NOTE":"Exact WOE match as country","ADM0_ISO":"PR1","ADM0_DIFF":null,"ADM0_TLC":"PR1","ADM0_A3_US":"PRT","ADM0_A3_FR":"PRT","ADM0_A3_RU":"PRT","ADM0_A3_ES":"PRT","ADM0_A3_CN":"PRT","ADM0_A3_TW":"PRT","ADM0_A3_IN":"PRT","ADM0_A3_NP":"PRT","ADM0_A3_PK":"PRT","ADM0_A3_DE":"PRT","ADM0_A3_GB":"PRT","ADM0_A3_BR":"PRT","ADM0_A3_IL":"PRT","ADM0_A3_PS":"PRT","ADM0_A3_SA":"PRT","ADM0_A3_EG":"PRT","ADM0_A3_MA":"PRT","ADM0_A3_PT":"PRT","ADM0_A3_AR":"PRT","ADM0_A3_JP":"PRT","ADM0_A3_KO":"PRT","ADM0_A3_VN":"PRT","ADM0_A3_TR":"PRT","ADM0_A3_ID":"PRT","ADM0_A3_PL":"PRT","ADM0_A3_GR":"PRT","ADM0_A3_IT":"PRT","ADM0_A3_NL":"PRT","ADM0_A3_SE":"PRT","ADM0_A3_BD":"PRT","ADM0_A3_UA":"PRT","ADM0_A3_UN":-99,"ADM0_A3_WB":-99,"CONTINENT":"Europe","REGION_UN":"Europe","SUBREGION":"Southern Europe","REGION_WB":"Europe & Central Asia","NAME_LEN":8,"LONG_LEN":8,"ABBREV_LEN":5,"TINY":-99,"HOMEPART":1,"MIN_ZOOM":0,"MIN_LABEL":3,"MAX_LABEL":8,"LABEL_X":-8.271754,"LABEL_Y":39.606675,"NE_ID":1159321187,"WIKIDATAID":"Q45","NAME_AR":"البرتغال","NAME_BN":"পর্তুগাল","NAME_DE":"Portugal","NAME_EN":"Portugal","NAME_ES":"Portugal","NAME_FA":"پرتغال","NAME_FR":"Portugal","NAME_EL":"Πορτογαλία","NAME_HE":"פורטוגל","NAME_HI":"पुर्तगाल","NAME_HU":"Portugália","NAME_ID":"Portugal","NAME_IT":"Portogallo","NAME_JA":"ポルトガル","NAME_KO":"포르투갈","NAME_NL":"Portugal","NAME_PL":"Portugalia","NAME_PT":"Portugal","NAME_RU":"Португалия","NAME_SV":"Portugal","NAME_TR":"Portekiz","NAME_UK":"Португалія","NAME_UR":"پرتگال","NAME_VI":"Bồ Đào Nha","NAME_ZH":"葡萄牙","NAME_ZHT":"葡萄牙","FCLASS_ISO":"Admin-0 country","TLC_DIFF":null,"FCLASS_TLC":"Admin-0 country","FCLASS_US":null,"FCLASS_FR":null,"FCLASS_RU":null,"FCLASS_ES":null,"FCLASS_CN":null,"FCLASS_TW":null,"FCLASS_IN":null,"FCLASS_NP":null,"FCLASS_PK":null,"FCLASS_DE":null,"FCLASS_GB":null,"FCLASS_BR":null,"FCLASS_IL":null,"FCLASS_PS":null,"FCLASS_SA":null,"FCLASS_EG":null,"FCLASS_MA":null,"FCLASS_PT":null,"FCLASS_AR":null,"FCLASS_JP":null,"FCLASS_KO":null,"FCLASS_VN":null,"FCLASS_TR":null,"FCLASS_ID":null,"FCLASS_PL":null,"FCLASS_GR":null,"FCLASS_IT":null,"FCLASS_NL":null,"FCLASS_SE":null,"FCLASS_BD":null,"FCLASS_UA":null},"geometry":{"type":"MultiPolygon","coordinates":[[],[],[],[],[],[],[],[],[]]}},{"type":"Feature","bbox":[116.969531,5.060205,126.593359,20.84126],"properties":{"featurecla":"Admin-0 country","scalerank":1,"LABELRANK":2,"SOVEREIGNT":"Philippines","SOV_A3":"PHL","ADM0_DIF":0,"LEVEL":2,"TYPE":"Sovereign country","TLC":"1","ADMIN":"Philippines","ADM0_A3":"PHL","GEOU_DIF":0,"GEOUNIT":"Philippines","GU_A3":"PHL","SU_DIF":0,"SUBUNIT":"Philippines","SU_A3":"PHL","BRK_DIFF":0,"NAME":"Philippines","NAME_LONG":"Philippines","BRK_A3":"PHL","BRK_NAME":"Philippines","BRK_GROUP":null,"ABBREV":"Phil.","POSTAL":"PH","FORMAL_EN":"Republic of the Philippines","FORMAL_FR":null,"NAME_CIAWF":"Philippines","NOTE_ADM0":null,"NOTE_BRK":null,"NAME_SORT":"Philippines","NAME_ALT":null,"MAPCOLOR7":3,"MAPCOLOR8":2,"MAPCOLOR9":2,"MAPCOLOR13":8,"POP_EST":108116615,"POP_RANK":17,"POP_YEAR":2019,"GDP_MD":376795,"GDP_YEAR":2019,"ECONOMY":"5. Emerging region: G20","INCOME_GRP":"4. Lower middle income","FIPS_10":"RP","ISO_A2":"PH","ISO_A2_EH":"PH","ISO_A3":"PHL","ISO_A3_EH":"PHL","ISO_N3":"608","ISO_N3_EH":"608","UN_A3":"608","WB_A2":"PH","WB_A3":"PHL","WOE_ID":23424934,"WOE_ID_EH":23424934,"WOE_NOTE":"Exact WOE match as country","ADM0_ISO":"PHL","ADM0_DIFF":null,"ADM0_TLC":"PHL","ADM0_A3_US":"PHL","ADM0_A3_FR":"PHL","ADM0_A3_RU":"PHL","ADM0_A3_ES":"PHL","ADM0_A3_CN":"PHL","ADM0_A3_TW":"PHL","ADM0_A3_IN":"PHL","ADM0_A3_NP":"PHL","ADM0_A3_PK":"PHL","ADM0_A3_DE":"PHL","ADM0_A3_GB":"PHL","ADM0_A3_BR":"PHL","ADM0_A3_IL":"PHL","ADM0_A3_PS":"PHL","ADM0_A3_SA":"PHL","ADM0_A3_EG":"PHL","ADM0_A3_MA":"PHL","ADM0_A3_PT":"PHL","ADM0_A3_AR":"PHL","ADM0_A3_JP":"PHL","ADM0_A3_KO":"PHL","ADM0_A3_VN":"PHL","ADM0_A3_TR":"PHL","ADM0_A3_ID":"PHL","ADM0_A3_PL":"PHL","ADM0_A3_GR":"PHL","ADM0_A3_IT":"PHL","ADM0_A3_NL":"PHL","ADM0_A3_SE":"PHL","ADM0_A3_BD":"PHL","ADM0_A3_UA":"PHL","ADM0_A3_UN":-99,"ADM0_A3_WB":-99,"CONTINENT":"Asia","REGION_UN":"Asia","SUBREGION":"South-Eastern Asia","REGION_WB":"East Asia & Pacific","NAME_LEN":11,"LONG_LEN":11,"ABBREV_LEN":5,"TINY":-99,"HOMEPART":1,"MIN_ZOOM":0,"MIN_LABEL":2.5,"MAX_LABEL":7,"LABEL_X":122.465,"LABEL_Y":11.198,"NE_ID":1159321169,"WIKIDATAID":"Q928","NAME_AR":"الفلبين","NAME_BN":"ফিলিপাইন","NAME_DE":"Philippinen","NAME_EN":"Philippines","NAME_ES":"Filipinas","NAME_FA":"فیلیپین","NAME_FR":"Philippines","NAME_EL":"Φιλιππίνες","NAME_HE":"הפיליפינים","NAME_HI":"फ़िलीपीन्स","NAME_HU":"Fülöp-szigetek","NAME_ID":"Filipina","NAME_IT":"Filippine","NAME_JA":"フィリピン","NAME_KO":"필리핀","NAME_NL":"Filipijnen","NAME_PL":"Filipiny","NAME_PT":"Filipinas","NAME_RU":"Филиппины","NAME_SV":"Filippinerna","NAME_TR":"Filipinler","NAME_UK":"Філіппіни","NAME_UR":"فلپائن","NAME_VI":"Philippines","NAME_ZH":"菲律宾","NAME_ZHT":"菲律賓","FCLASS_ISO":"Admin-0 country","TLC_DIFF":null,"FCLASS_TLC":"Admin-0 country","FCLASS_US":null,"FCLASS_FR":null,"FCLASS_RU":null,"FCLASS_ES":null,"FCLASS_CN":null,"FCLASS_TW":null,"FCLASS_IN":null,"FCLASS_NP":null,"FCLASS_PK":null,"FCLASS_DE":null,"FCLASS_GB":null,"FCLASS_BR":null,"FCLASS_IL":null,"FCLASS_PS":null,"FCLASS_SA":null,"FCLASS_EG":null,"FCLASS_MA":null,"FCLASS_PT":null,"FCLASS_AR":null,"FCLASS_JP":null,"FCLASS_KO":null,"FCLASS_VN":null,"FCLASS_TR":null,"FCLASS_ID":null,"FCLASS_PL":null,"FCLASS_GR":null,"FCLASS_IT":null,"FCLASS_NL":null,"FCLASS_SE":null,"FCLASS_BD":null,"FCLASS_UA":null},"geometry":{"type":"MultiPolygon","coordinates":[[[[-13.725380935236748,31.092557318621946],[-13.577349705263062,31.05340002536155],[-13.252451274895657,30.907110521184745],[-13.132525126499717,30.87164919890855],[-13.007159978416558,30.845929192338154],[-12.907201707913481,30.83972212534007],[-12.81595898256638,30.876964666576217],[-12.776314651101107,30.913838715529447],[-12.70303828547234,31.009891495428366],[-12.629139323245987,31.02304473706077],[-12.587180062639773,30.989614757217915],[-12.555671333568045,30.94422306181729],[-12.543936839948898,30.87664382121896],[-12.568194985270958,30.80528693858748],[-12.641165242465338,30.74011647231037],[-12.687527551063758,30.66248507285247],[-12.727536549087683,30.407147379522264],[-12.729693967678385,30.330795053212306],[-12.710494367617759,30.257647191451706],[-12.654913346702896,30.141974547667484],[-12.624549644432163,30.109751832680924],[-12.534279193136584,30.069897139909013],[-12.510770535091343,30.038747330306276],[-12.507929079111491,29.98187633875497],[-12.495610643269345,29.93197258749244],[-12.436780045403218,29.914143165537],[-12.387169890064534,29.890034218607138],[-12.408443360638703,29.83381737497248],[-12.442496326467277,29.77632857264508],[-12.490044485968912,29.63538762415726],[-12.701169725166467,29.305711424113248],[-12.71560548881024,29.235039352340223],[-12.799457538199759,29.092743483339483],[-12.959315768326775,29.06617065977002],[-13.14633637165391,28.993681754493284],[-13.251020498372137,28.93813627997263],[-13.342807005316432,28.866966305982945],[-13.380477842325009,28.7759540651288],[-13.352885534636469,28.73542812589804],[-13.3360357869299,28.691835695033866],[-13.340032831905237,28.64412408177978],[-13.369172339350111,28.60384523200564],[-13.461532136832089,28.504998492765385],[-13.502063229103054,28.425052214249238],[-13.543237862699378,28.388600859308855],[-13.564361399188448,28.344978626019284],[-13.559646958284269,28.295914237900526],[-13.525507324230777,28.25401203759835],[-13.424177068377452,28.0716331975511],[-13.314779475397735,27.895477403321404],[-13.290565326351432,27.875542240735104],[-13.281705155969636,27.85172459827055],[-13.351789975524998,27.802294095296773],[-13.353425027224596,27.716109449184383],[-13.335871825219943,27.631154881804658],[-13.24021415309698,27.421396534300705],[-13.227399532094397,27.364891287226584],[-13.19518804509639,27.319134987696465],[-13.144005681460701,27.276814995016334],[-13.087038374619308,27.24161156550829],[-12.921862372529175,27.182928063254312],[-12.857763555468436,27.172233077405682],[-12.790717271156263,27.17183368637048],[-12.772783414436306,27.21479883983419],[-12.713498931204882,27.23074867175875],[-12.725246729491865,27.272225421324265],[-12.795026960242648,27.327987652757905],[-12.79686553485465,27.359226448290272],[-12.75851056161413,27.383452912554635],[-12.713168216514342,27.398198483231138],[-12.610574772609425,27.463624520821007],[-12.502351737238628,27.51662571926246],[-12.366759794549138,27.515929782923372],[-12.23430962555021,27.49123632812408],[-12.140568900313488,27.46432755137949],[-12.064365854699737,27.412391826714927],[-11.987034673277252,27.321291724868164],[-11.93376345696523,27.219499559555892],[-11.935462264601544,27.17019065845553],[-11.950588746289306,27.120478007581845],[-11.94894726857481,27.071659594496754],[-11.908002382229208,27.03946133893478],[-11.778929098808145,27.04017611449743],[-11.711458684464315,27.118594874555754],[-11.700682727939398,27.205089082189637],[-11.745696319182022,27.237438352539964],[-11.72336769995823,27.28044203745644],[-11.682751283063784,27.3131189730916],[-11.626604889547309,27.28609647231759],[-11.573388862804057,27.23370866500287],[-11.37505425375104,27.180118833553813],[-11.323950118356858,27.180064070407393],[-11.282454649463066,27.170113706913472],[-11.194007794447487,27.131537135788808],[-11.153059949727373,27.100198646075324],[-11.206074489840553,27.031855978024474],[-11.405158714867975,27.01223879401931],[-11.4638936656359,26.960203544224907],[-11.408175941311825,26.859950933027257],[-11.314972908886315,26.77881079042818],[-11.255534657375092,26.712710766154718],[-11.20301438719509,26.64123733215248],[-11.207298056104909,26.57368186608158],[-11.240416507860038,26.502628000948913],[-11.152762267667287,26.510319971061328],[-11.070764779735974,26.497286159633948],[-10.958256387015076,26.441165979006545],[-10.922965574826321,26.435980354458906],[-10.884584374487918,26.446241276035714],[-10.894888155290928,26.233545312054506],[-10.976748949484133,26.036549511640796],[-11.074283466523818,26.058491886674354],[-11.156329532651336,26.139001306820195],[-11.136960240483837,26.239776742386628],[-11.081134082893387,26.33796042216224],[-11.111210817189198,26.357681112438986],[-11.16547325567413,26.34831959961225],[-11.227474167923589,26.32501746471753],[-11.29392280543771,26.315891241457333],[-11.402824824873989,26.32611944232983],[-11.624479448256759,26.42600592103743],[-11.71554226990567,26.433258662767436],[-11.734830407603912,26.48044938511721],[-11.727197672602587,26.581718749685415],[-11.813502789560767,26.699037447464836],[-11.826705623377995,26.741429527398285],[-11.854077030978287,26.77436676439566],[-12.117006269455311,26.897547360336798],[-12.149024756650414,26.918579122517812],[-12.227998974973966,27.020003659397364],[-12.40924712452513,27.162396471948906],[-12.460762999200899,27.176081829805675],[-12.517166038247836,27.178864794788147],[-12.53657087901172,27.141081220828855],[-12.512581281693134,27.08437127221238],[-12.503615569720774,27.035322798972306],[-12.509113838635908,26.983465353250953],[-12.502484117418158,26.94362182041518],[-12.416906942968831,26.863924863661154],[-12.404854479590018,26.825439401015075],[-12.349443421593785,26.721510505059317],[-12.345592974977244,26.5984155123989],[-12.42200719244839,26.545192375407762],[-12.504932668781313,26.6001161924517],[-12.506383096069014,26.64655540067437],[-12.519700481881296,26.689440201502904],[-12.607318717616751,26.799006547235006],[-12.636912637235476,26.822296469081316],[-12.804446916665283,26.928161942095063],[-12.932866080388209,27.045725322191373],[-13.222489533449872,27.16658792599083],[-13.257168986760773,27.172705777770613],[-13.308420732460045,27.16156330040994],[-13.3569561927252,27.144172539236813],[-13.500726308367607,27.07647952205321],[-13.552207373343506,27.03062298863661],[-13.558836084059125,26.962249703123675],[-13.662253560022952,26.905028914904012],[-13.802509931463502,26.893324652525404],[-13.908948682467168,26.924144477028143],[-13.995680245640216,26.989590664916847],[-14.069040695165807,26.990681891892923],[-14.15664864833815,27.094257183172147],[-14.267210782627005,27.104640493755234],[-14.361513232505768,27.01882115950855],[-14.375504577877635,27.183232488274044],[-14.370275538001254,27.349550862851284],[-14.342836809643234,27.398841471655405],[-14.296080773112333,27.440559553511378],[-14.057570422138758,27.62098959181513],[-14.026263892626604,27.6775249459106],[-14.03373407609407,27.75199998800478],[-14.084362556784345,27.811135995486246],[-14.165993301347324,27.84564769534514],[-14.261300941536948,27.858176328466172],[-14.329130611810287,27.890081053439854],[-14.38117352510335,27.9442725941905],[-14.421580698122163,27.844553883007524],[-14.391440241120506,27.69844233728288],[-14.38906563602077,27.602783641235778],[-14.423165419784253,27.565917663508134],[-14.482756111145301,27.56315186374954],[-14.538880213105424,27.572816418787443],[-14.579984382324646,27.605910526304626],[-14.606914920819928,27.703830364205366],[-14.685167143207144,27.766759683294325],[-14.714405878944007,27.859251190663247],[-14.75051006381343,27.871436946144435],[-14.826065214431674,27.86199325220233],[-14.87975779131206,27.903795563537855],[-14.91269230345064,28.011533115250508],[-14.915792413148449,28.128031889755878],[-14.943105812158782,28.225120902656347],[-14.984319255478868,28.318529106144897],[-15.007344987117472,28.39508209868906],[-15.033015062188658,28.73994165033953],[-15.041643431359963,28.771314189832676],[-15.062007693587546,28.796791602153412],[-15.111128634682691,28.834495263809735],[-15.147757479807355,28.88126568794843],[-15.152991618097458,28.92049363899042],[-15.13448462874525,29.090187431185228],[-15.11510218995957,29.131420427640307],[-15.074136478628358,29.152199341854526],[-15.020986022066777,29.120672497054496],[-14.979189712077162,29.080813067367195],[-14.925959205153625,29.062617723141614],[-14.879476643067113,29.037873177875117],[-14.79443202701818,28.94025711951544],[-14.759790408100171,28.92554557184714],[-14.64934398353975,28.931830123679077],[-14.58376752151737,28.946375615323845],[-14.550750316281635,28.98372890045466],[-14.529009488119174,29.027717619461555],[-14.526223932854755,29.07902637139351],[-14.582875301314628,29.228136786174858],[-14.597327519868493,29.336249585942074],[-14.593597723340363,29.43404807455668],[-14.57236239184553,29.532362181564135],[-14.477980670875231,29.697290961404782],[-14.461415043405768,29.810237516513453],[-14.462263832896582,29.960419249888723],[-14.442578104671547,30.050150244280566],[-14.442589701302076,30.10132836191329],[-14.490154087796716,30.18065893342261],[-14.49919803106454,30.266145689816714],[-14.331858097359582,30.705014409742162],[-14.282198516085737,30.78999072015953],[-14.24457346637548,30.877259280268344],[-14.223313342127664,30.992351746762907],[-14.113839526331205,31.02633993779009],[-14.008681368974974,31.07611478222309],[-13.95582801429597,31.0736829184849],[-13.900218956160565,31.063646497785182],[-13.774776981980331,31.09007707618169],[-13.725380935236748,31.092557318621946]]],[[[-17.7953706666826,22.121443668040605],[-17.888723715031652,22.051162251689217],[-17.87757950273337,22.13327429920374],[-17.849131990344212,22.211439480942776],[-17.752828738337495,22.373047839199984],[-17.684326483134054,22.424427467330684],[-17.57031966656962,22.55309642620106],[-17.506162621145894,22.61562382871726],[-17.352780500442478,22.74022627320386],[-17.210924595518218,22.87540291736137],[-17.164065311751212,22.88700276250248],[-17.112661769073235,22.89114186627135],[-17.071649999116318,22.907691470932804],[-16.979535257776664,22.98115829407015],[-16.746504876667377,23.222148130866696],[-16.5540216459698,23.401982007958583],[-16.355818010611646,23.626910055922256],[-16.262085328166094,23.693720560213887],[-16.236639915466885,23.71802444743459],[-16.053985188822622,23.924272004019635],[-15.997396903768976,23.955323389375582],[-15.933860891461215,23.978711931148734],[-15.89037241719991,24.007349192240213],[-15.85189908760648,24.042634069592445],[-15.786906338804414,24.131492745297034],[-15.758995716689766,24.233463536008752],[-15.773679060615876,24.28987388333755],[-15.8072055692438,24.372568478116055],[-15.760052177016227,24.48868495849989],[-15.72379850258973,24.54274324917148],[-15.593758611249774,24.779160861296265],[-15.556729537282399,24.82716541076536],[-15.505536937559006,24.799821102378658],[-15.4996534839756,24.758590679918047],[-15.527687463894672,24.659992557682198],[-15.53082903803337,24.6108290094627],[-15.502788953455923,24.561987698131897],[-15.53992604319689,24.478536912795622],[-15.455647368130252,24.26270857739997],[-15.3905286146431,24.126225410461302],[-15.388979725459729,24.080420590016352],[-15.482348555447507,23.99397080697651],[-15.537508141311045,23.966829115205062],[-15.655910480165288,23.940103655676207],[-15.709483146504285,23.913849322857104],[-15.79536916375107,23.84294608608263],[-15.849984064977276,23.751667324442632],[-15.864289905115962,23.70497843215525],[-15.892029423854545,23.668394889714996],[-16.13582228975122,23.59824930999208],[-16.250426194343436,23.55409898729578],[-16.303487487059208,23.522162497379032],[-16.33156500969419,23.472494021067693],[-16.31442606563388,23.38742676989089],[-16.524181670013224,23.068801263557585],[-16.590698840213392,22.984688329746216],[-16.661366635776076,22.912458258597148],[-16.747469504390747,22.85952973674128],[-16.86814168618868,22.824146855954233],[-16.964255868187752,22.759755484940616],[-17.030611669767502,22.650109117607332],[-17.111965235645524,22.550005854177684],[-17.21394221982329,22.473947921474103],[-17.32356100846353,22.405849350588284],[-17.42401802775016,22.355218829357984],[-17.532046838000518,22.31779234095926],[-17.565158879668594,22.274069744598723],[-17.588957077710056,22.220820049996274],[-17.636699075795313,22.19410382645259],[-17.693442975285556,22.17738294113665],[-17.7953706666826,22.121443668040605]]],[[[-12.559045618824664,25.160981458573747],[-12.443437794281564,25.11940470944772],[-12.328978751807892,25.161163511240993],[-12.217309817695433,25.153484929019488],[-12.125272786102979,25.09758711577927],[-12.156526116839748,25.059762517084458],[-12.163606512950091,25.0189743205041],[-11.953395121569464,25.113007890380608],[-11.897870572857368,25.109311694071533],[-11.901364435713843,25.027258447638598],[-11.915055202509174,24.957262609810613],[-11.941018121371362,24.888816988218522],[-11.986655604552935,24.808128599427956],[-12.0470853010078,24.73541296727692],[-12.125921379174928,24.68159605426645],[-12.21875624014669,24.647388365906313],[-12.26311748586139,24.617423670220983],[-12.2774278366873,24.57376946388122],[-12.276777407252856,24.51931349438543],[-12.298917844422691,24.469110043902898],[-12.396238019296538,24.44598838977337],[-12.549345917471262,24.34473023105099],[-12.875407839001594,24.273670273907],[-12.965378107707188,24.228810086075068],[-13.02330100352035,24.172331649549673],[-13.0876784696796,24.120696074622384],[-13.122329542949268,24.10722497374196],[-13.137645612205937,24.1303614179005],[-13.141773096341453,24.150494123190242],[-13.093027015920908,24.280949631878983],[-13.099737277480477,24.334347503020958],[-13.120836735118843,24.385669706315824],[-13.10478445026914,24.487642080216673],[-13.046497285940756,24.584686839302393],[-13.014184801324733,24.690432531604966],[-13.001198156633025,24.892770530321645],[-12.951265291519626,25.174135353261867],[-12.95266833604508,25.207510700873605],[-12.986190057172179,25.244273105309663],[-13.111636694680723,25.27100068166773],[-13.160565384877836,25.29821053703845],[-13.134473904904139,25.354825522716485],[-13.085958517725825,25.39407950548691],[-13.020504590093253,25.394284953716845],[-12.963732948042125,25.360489362317633],[-12.761523477548213,25.29331111975837],[-12.654380894368883,25.234950980577363],[-12.559045618824664,25.160981458573747]]],[[[-11.960736126921292,22.906588131081048],[-12.027332834963065,22.894932422423423],[-12.097473125961926,22.897753221646287],[-12.143986523261553,22.94057135268011],[-12.223098563046568,23.128710436664623],[-12.316954516060791,23.17215268318379],[-12.424753827854683,23.20391284658673],[-12.478723204484849,23.231768983498434],[-12.526231118557666,23.265859766977012],[-12.675497703284751,23.450572369721954],[-12.685198275063035,23.5659415659441],[-12.658042306478325,23.632137340965368],[-12.611107545432912,23.692077366467363],[-12.558967147632623,23.709458630077343],[-12.433603907554616,23.715327222523943],[-12.368561442119345,23.724948710971308],[-12.224235617200168,23.81563766406998],[-12.213416652309292,23.84994302913273],[-12.210446546404544,23.991829064111002],[-12.223000540345826,24.090524519556343],[-12.256796135653401,24.186121558647294],[-12.217376040834049,24.231368853961346],[-12.166215136871314,24.276491987958813],[-12.112073112161434,24.363113301466527],[-12.100639261232226,24.423231403400575],[-12.098538550409307,24.485774959416442],[-12.084127173078139,24.53088695830394],[-12.04252874209681,24.55437890683168],[-11.843540854587053,24.627958888886244],[-11.808522263283109,24.63358706363036],[-11.555086551824441,24.57771210107123],[-11.504748891038336,24.484309537562297],[-11.500192145854818,24.45314583248823],[-11.541916204996346,24.346703254387343],[-11.578048123077396,24.27498224624513],[-11.666018360789995,24.162974155313],[-11.731488008100436,24.042307409167247],[-11.781883219136757,23.86190775108505],[-11.812749245827833,23.80262127725795],[-11.894276613503118,23.688030890348458],[-11.919874940480826,23.625590802702817],[-11.921115140185524,23.4917183023275],[-11.93513927845423,23.441777798445234],[-11.935408962980496,23.394136854309888],[-11.779196631695008,23.175196953270678],[-11.766119114783338,23.140106830667094],[-11.767997281976477,23.100053747568992],[-11.795882096096777,23.049222040142233],[-11.861856786159375,22.961054729682743],[-11.898603316605215,22.92983236731559],[-11.960736126921292,22.906588131081048]]],[[[-10.4820114574285,24.975925588729723],[-10.412622143583889,24.94678250486518],[-10.332212050598066,24.960997094072102],[-10.233983520616086,25.033181084106335],[-10.1252133696799,25.010563759719616],[-10.06275375628961,24.908996850092194],[-10.030662936119707,24.870786363434778],[-10.013908408765694,24.803736609723195],[-10.021037498719506,24.64168157300397],[-10.049919863636198,24.494016474707283],[-10.029686744349323,24.464193514867652],[-9.979784691125463,24.438902620232465],[-9.93643589814808,24.40726482110793],[-9.900269683314173,24.366232090901892],[-9.877299789455003,24.320157674002473],[-9.869363881204041,24.207131896607383],[-9.807491771540818,24.113020319898368],[-9.799551359080878,24.07598492977005],[-9.815272781628023,24.03660435619747],[-9.920530880854718,24.041775644403636],[-9.929405275394315,24.008615481445982],[-9.92739216524141,23.96783841569735],[-9.96443116246716,23.992630838988127],[-10.024876973114932,24.084656624614507],[-10.081028447480314,24.122538113607057],[-10.065623111735016,23.97132179622341],[-10.047845737504081,23.898958639793857],[-10.045750844881903,23.82581937080269],[-10.14293615071681,23.879402751470742],[-10.25930886758721,23.911043700381033],[-10.291079640111242,23.94003939500633],[-10.27880183448815,24.035086437303054],[-10.280305356779111,24.08214980377492],[-10.330962693368832,24.180600977753425],[-10.26664153743859,24.397245851873944],[-10.267453090945057,24.441128667062276],[-10.277274202094722,24.48481939960746],[-10.324148652515474,24.570714314329305],[-10.3992331881565,24.641614154726035],[-10.445962248179482,24.640699948541375],[-10.560424072940409,24.586829885186066],[-10.617657151166267,24.60235103121696],[-10.64823809628417,24.801948043354297],[-10.690711382978758,24.995218260238577],[-10.72497403393962,25.044049368686945],[-10.746846988000245,25.095521934235908],[-10.723556064373613,25.139222625158407],[-10.68032509120922,25.122491774737224],[-10.61927481731837,25.073143469057534],[-10.544610743453962,25.04558859503484],[-10.507656310426944,25.02106917256206],[-10.4820114574285,24.975925588729723]]],[[[-9.796732440042813,26.029214776064812],[-9.727199329182053,25.95963236878564],[-9.710960962026876,25.908484099838734],[-9.719366138285439,25.851285838829465],[-9.68775103599922,25.826614747006424],[-9.631233944291766,25.82091784827239],[-9.559162044060802,25.793724949269844],[-9.505611565543365,25.741994752837687],[-9.538872026775087,25.692712312441653],[-9.530046441964934,25.62192368872692],[-9.588576288159139,25.531396898038214],[-9.583559334537366,25.372983880874656],[-9.551703809907083,25.322971184829253],[-9.549419654707807,25.27182267363771],[-9.558528386094727,25.217999475653667],[-9.545237862102386,25.174283296733567],[-9.460072811312457,25.03016646408163],[-9.444757352717822,24.981940174615527],[-9.472101247826583,24.94300052018382],[-9.481478339560574,24.906455155184076],[-9.427534952016968,24.90379763267836],[-9.351508022766193,24.84455357460324],[-9.307402395052746,24.76507198829645],[-9.32123912411688,24.74362259842154],[-9.381785604139896,24.805113912862385],[-9.428102021451176,24.81401306577364],[-9.625373096810145,24.792544117763146],[-9.74571446576313,24.816042764569197],[-9.824072511012332,24.81673143693222],[-9.900170640484465,24.92252944452378],[-9.968065648724943,24.938879430950664],[-10.021069713272851,24.9851454204191],[-10.108264265023484,25.104494341550048],[-10.13546829424494,25.173545884172977],[-10.072178457069965,25.245350230056356],[-10.051816777143129,25.301885683519586],[-10.054079798677027,25.35675928913047],[-10.113753451589272,25.346366366243487],[-10.164912295381571,25.36348793710971],[-10.227017097276004,25.429245781614583],[-10.251650640908029,25.467452405219557],[-10.297135453889053,25.498833620673754],[-10.368871892261698,25.573842091346574],[-10.473351913615547,25.601373424473973],[-10.515782008769262,25.621446663976133],[-10.598033599958155,25.683883267206024],[-10.65735102923907,25.762216705364317],[-10.71362714201988,25.900434057485068],[-10.74165668252952,26.04409120313142],[-10.471185895372692,26.01280579006774],[-10.196481751090184,26.026294299603354],[-9.885436369681713,26.066202008545822],[-9.796732440042813,26.029214776064812]]],[[[-14.303829767316072,26.739131308043543],[-14.253324115005157,26.73329324531394],[-14.093249902665873,26.764185395522354],[-14.028521497403885,26.753035407255734],[-13.986324220487464,26.704625517113165],[-13.932445550342054,26.690638311978596],[-13.890247795452733,26.66630205349775],[-13.808927896064786,26.712997222558958],[-13.729153781652254,26.66485320389526],[-13.659802998501068,26.57258612594374],[-13.57672555283362,26.508080206400194],[-13.497867347545672,26.46063579288395],[-13.483061277099303,26.424257754002458],[-13.533572564180846,26.362511857663613],[-13.55065126843361,26.28540641714315],[-13.548096007981524,26.203148532553733],[-13.492073583637895,26.031220109687357],[-13.514684297644848,25.983414663198182],[-13.577571224649544,25.914866997862845],[-13.625155421353819,25.83914775296568],[-13.620098657988235,25.80929196677475],[-13.638775014531676,25.78418432859395],[-13.645902023041765,25.73126641716623],[-13.683049279787525,25.741094829260643],[-13.717675736088172,25.731741247444536],[-13.751725730589316,25.707121126661654],[-13.80510043896931,25.65470313511858],[-13.885798859219493,25.667593566332194],[-13.923807514931577,25.68140821006793],[-13.93200051898349,25.72516855684952],[-13.955343227160448,25.755433692858592],[-13.989636718999389,25.772771658136342],[-14.073412781331864,25.84600565678401],[-14.11207249441283,25.901782231181585],[-14.111061154095944,25.962601464424882],[-14.13147534687447,26.018577552633747],[-14.17453429154039,26.06776258545746],[-14.232026527964386,26.104705510220114],[-14.250512852641835,26.141308900921562],[-14.25681918666878,26.18505125639343],[-14.258547782355887,26.297410100857228],[-14.337383041854853,26.435008824562836],[-14.365137635328267,26.467674732585476],[-14.441956670884721,26.499872864864784],[-14.505118591184784,26.542410653495814],[-14.531222764754155,26.585907266623074],[-14.553998423101323,26.656838726607727],[-14.570963765105539,26.666657223211438],[-14.621413068429518,26.66182461183017],[-14.669895060931179,26.669598551470788],[-14.653983755428861,26.722692756395674],[-14.6044307355202,26.76248273348589],[-14.53752368525115,26.76920712621462],[-14.354159460583679,26.753311545022527],[-14.303829767316072,26.739131308043543]]],[[[-9.068219026232665,23.212305553970857],[-8.986595383184623,23.160181405752635],[-8.88003067203698,23.176826930156274],[-8.882680709376197,23.04068646592529],[-8.865842546838904,23.00127946989109],[-8.770725304443664,22.887981928099055],[-8.756506555409702,22.791848538641474],[-8.814189772125104,22.69993738597726],[-8.857607626937982,22.656085550973916],[-8.937264570448543,22.592178071890352],[-8.939558482411968,22.563620947890914],[-8.906085062994682,22.532296272763727],[-8.796189734263857,22.516042367687945],[-8.71297463843177,22.467917482145307],[-8.699459407775171,22.326442435596263],[-8.620756937546426,22.216235471783115],[-8.623152521785645,22.1673238034291],[-8.65603098223035,21.96629932497561],[-8.64642008991926,21.880769647057043],[-8.587289901349035,21.81333007068221],[-8.53706984420682,21.785255961614126],[-8.51142956152055,21.742670836376565],[-8.488647195715506,21.624714686733565],[-8.493795524270114,21.42308990969257],[-8.501904699856151,21.352459164192812],[-8.537348125095843,21.286152467264856],[-8.646482220565764,21.134626613564116],[-8.793155877430658,21.01252838431969],[-8.870890391126883,21.018641094233242],[-8.896033511035215,20.982896005790487],[-8.847915686082338,20.875576168883597],[-8.86788883415537,20.645807482516503],[-8.900449351716922,20.485734172892318],[-8.947477169833036,20.56521375099781],[-8.980198086409256,20.64883306371341],[-9.009356021771499,20.87123072230364],[-9.046273911283345,20.970738323094025],[-9.104456982341492,21.061044711288467],[-9.12762195969868,21.142323963498605],[-9.188186928268841,21.2172984301613],[-9.26454878443843,21.412564091436675],[-9.31576333518678,21.401177815582322],[-9.401047594538712,21.34521776030156],[-9.420421791344863,21.30762653014596],[-9.430737745384668,21.251102370585045],[-9.450660615200253,21.19996625886346],[-9.55031180543852,21.116708704227293],[-9.62876549332538,21.018369460964767],[-9.693460156857116,20.911210817726765],[-9.714314221073021,20.813840192745477],[-9.661963853859964,20.73936480421521],[-9.607957996049802,20.710165868239088],[-9.529669899553747,20.64425466647507],[-9.505663383147706,20.613848611815968],[-9.423458442133082,20.394999233549644],[-9.42675631529616,20.16843978058177],[-9.48758346317342,20.066977456305],[-9.641033801707842,19.87312575423025],[-9.75133422578132,19.80991743007251],[-9.810336601351125,19.839052729956745],[-9.857396446849929,19.952770622523776],[-9.865187405347456,19.999915164276015],[-9.833001228052247,20.108846467534985],[-9.82924146551252,20.207969413023267],[-9.866354597124703,20.240438813423516],[-9.907201725900366,20.23286593303903],[-9.924356305477495,20.218114170454793],[-10.023224820493779,20.085847358514922],[-10.064413944083785,20.05191283415759],[-10.125024552297258,20.04568461153018],[-10.1732096085233,20.053203151221222],[-10.46607406880384,20.15807874180693],[-10.704941362724044,20.263048590737885],[-10.891928649176108,20.361988233537396],[-11.026955841593134,20.51532872950203],[-11.055111485412839,20.632137920483903],[-11.05617175507663,20.755015521507158],[-11.115973031371407,20.933212964916667],[-11.122742534164251,20.994062426772704],[-11.118015336087861,21.052763468396318],[-11.057180273915884,21.16462525666861],[-10.98395163151436,21.22246762854623],[-10.9428414283233,21.26355689370335],[-10.909856334151103,21.308801866921783],[-10.887192345827904,21.368557888651672],[-10.893116693174914,21.42701880818951],[-10.917251736324644,21.463041157148588],[-11.031544114577526,21.588328249170196],[-11.13108934090506,21.664416582572247],[-11.335448471521973,21.729380564974676],[-11.38277979708175,21.766878304500114],[-11.434399401400325,21.79478113108795],[-11.491544933337748,21.805690301887918],[-11.547507440092119,21.804465203799857],[-11.608163328553314,21.780629693705986],[-11.624241113740899,21.733255413065294],[-11.620342358016261,21.691438917130665],[-11.625954849514185,21.650430914857825],[-11.713554060809946,21.41278650467052],[-11.822675592972184,21.46103229029281],[-11.926607426016421,21.51736577499824],[-11.95398257291113,21.55820945083889],[-11.965582204853565,21.607715484649262],[-11.98299251429587,21.6408355257501],[-12.007389666459282,21.670615396113075],[-12.05599344624262,21.590693091773133],[-12.116137132778837,21.526762918134974],[-12.189265374283883,21.51005933395201],[-12.263566366918282,21.506568499720395],[-12.28770330334346,21.53241715899187],[-12.313611378862124,21.680979198627067],[-12.391422777317652,21.725512372772826],[-12.489711884793042,21.712335317712853],[-12.609191993944856,21.626111893468323],[-12.633082990879661,21.594531600709054],[-12.659544432832536,21.52269049793367],[-12.79054736315506,21.316639751561663],[-12.860195721251937,21.158619577312294],[-12.936802956597615,21.004137597906535],[-12.970950951068422,20.952963535538405],[-13.015681408050883,20.918456445108472],[-13.086422248765347,20.929646480539887],[-13.14985867625511,20.963737638632836],[-13.209554813342619,21.059696858732202],[-13.188294155466812,21.174286221702964],[-13.121000234319942,21.24913858332952],[-13.064143755308141,21.328649387212188],[-12.994052174485201,21.601558897404313],[-12.9881333460553,21.69787867090023],[-12.975810107585918,21.73938649206963],[-12.862724643562483,21.865682106402176],[-12.76788231915505,21.94455087690372],[-12.717916222008853,21.962074743826516],[-12.51391205993912,22.011760992461294],[-12.42970857932533,22.05058431095695],[-12.297672087549774,22.055304688754685],[-12.190252829980242,22.079323487153545],[-12.104151927719588,22.140102428748687],[-12.097095484266884,22.200511393607844],[-12.100400690574741,22.263044383335085],[-12.081181027036079,22.301923667995826],[-12.047696584072495,22.33517002244227],[-12.001744627843042,22.37898478698992],[-11.94991249281158,22.41239848538381],[-11.80329942464017,22.439804179013656],[-11.754462421516003,22.467428324157765],[-11.714888868157807,22.50945235409481],[-11.659402103796934,22.590270193591323],[-11.594952341865888,22.572498040267362],[-11.530219323731908,22.54361318605966],[-11.413494300106542,22.522737932550893],[-11.310318245957692,22.459852785047474],[-11.245167193151113,22.35778197910479],[-11.234262940816231,22.306865428269315],[-11.21881560033064,22.137780583353443],[-11.243315522913322,22.09747547558931],[-11.344831245590562,22.01577251966245],[-11.298359905990377,22.00884120349152],[-11.165284652593405,22.084579030270042],[-11.098958523123903,22.11417018099052],[-10.935212747971944,22.15726538895392],[-10.896494541463555,22.18376808822386],[-10.867879691365836,22.222442668369982],[-10.8092101517453,22.327727798491374],[-10.765965307800071,22.439575547448626],[-10.732634852895423,22.486512740479323],[-10.685053166173786,22.524290675007418],[-10.638350548997233,22.53140544678013],[-10.467572055323236,22.46041158940772],[-10.357224537058622,22.49971640747859],[-10.3254150362525,22.614916885435004],[-10.298563603069784,22.78164140601855],[-10.278669411195322,22.827055827398897],[-10.215084407528668,22.87206910589843],[-10.139897049769655,22.859964771651676],[-10.037352473651493,22.803029416404463],[-9.942354574397633,22.785802689063633],[-9.906527534474735,22.834653511384523],[-9.871907145677312,22.929962609006722],[-9.83350417253853,22.93037486083126],[-9.705315933305508,22.90224469664173],[-9.581228141387655,22.925835237349027],[-9.545245229495587,23.039974930739294],[-9.567404164639001,23.160497525494275],[-9.660325192622325,23.51029371994359],[-9.601796948957308,23.58989123997397],[-9.551898524676856,23.59313947357125],[-9.430706901834816,23.502482028365108],[-9.19654781043946,23.381439195939507],[-9.11885330657784,23.305818218244845],[-9.068219026232665,23.212305553970857]]],[[[-11.715959775188095,23.2601418474756],[-11.754998435303913,23.235101420097063],[-11.770003206398238,23.293884145875776],[-11.75785667522151,23.374111535203454],[-11.677028235664963,23.654855495734232],[-11.693558073056575,23.72391405434593],[-11.562703447034936,23.882136628727498],[-11.481719886011055,24.029206434829035],[-11.360413817719957,24.184359057277113],[-11.344072888537086,24.263435271957448],[-11.236247309705458,24.416060570530636],[-11.134180101632666,24.62488982155515],[-11.138296967095272,24.69296100154204],[-11.112158006620621,24.72742338637657],[-11.097259597849387,24.779308485866505],[-11.093358132626706,24.823082030747944],[-11.02015432442934,24.90137548176266],[-11.001947234507458,24.852168416349407],[-11.025092971988014,24.753980650499116],[-11.0225719755935,24.707149689083764],[-11.010219349961824,24.68549832526594],[-11.010975745826428,24.594408795735085],[-11.039141914218698,24.453870009185344],[-11.017924840850327,24.292784589359155],[-11.066918091441737,24.126743254618066],[-11.12105639926945,24.051062715670035],[-11.200337598989433,23.996551371326525],[-11.286379864749044,23.961377666770513],[-11.376096454881985,23.876549205639865],[-11.434840618722983,23.77852957214219],[-11.44551400695092,23.69031854417334],[-11.590579360233777,23.388937853583872],[-11.715959775188095,23.2601418474756]]],[[[-12.907365968225408,31.340046074837957],[-12.972796820337797,31.279840631720337],[-13.004391553198534,31.29537913609405],[-12.966481850623099,31.35333963350225],[-12.966404412832423,31.373147433868354],[-12.935468413687975,31.418600274748265],[-12.881132768798736,31.435211087331123],[-12.839679550822483,31.392133768766534],[-12.907365968225408,31.340046074837957]]],[[[-13.28028404914792,31.713225730323614],[-13.274222858374117,31.63954227656606],[-13.332185800565725,31.639901305717913],[-13.417128206439065,31.682944681704534],[-13.423995247474815,31.70546047577196],[-13.42158193666864,31.724557087716075],[-13.405359766961801,31.740931174747374],[-13.28028404914792,31.713225730323614]]],[[[-12.8038913436598,32.53557769350243],[-12.822794105639947,32.525418982341066],[-12.849162278772049,32.529485466051156],[-12.818167324418116,32.60591188309646],[-12.768078984993906,32.627699504468076],[-12.729527004551345,32.62026622500205],[-12.8038913436598,32.53557769350243]]],[],[[[-13.961931505576082,20.112239095489876],[-13.9074475627215,20.047665003426122],[-13.838474830347309,20.067636310562694],[-13.729116517568293,20.053149128156186],[-13.705982877106273,20.019264868850357],[-13.709676215917412,19.996323700084655],[-13.826920150541396,19.927220355423355],[-13.903302114452375,19.99160457212899],[-14.039098325408123,19.940366854915457],[-14.103710732098394,19.965551517780355],[-14.19198688476256,19.937330814218548],[-14.24632414593062,19.987436085941646],[-14.224218522094953,20.038538289215772],[-14.083996805471898,20.12634791890726],[-13.961931505576082,20.112239095489876]]],[[[-18.033079152292498,21.6016913552962],[-18.08539024825274,21.529621173517285],[-18.143068233840662,21.60705536718981],[-18.135402107862294,21.71898464517955],[-18.117259072319037,21.75087849930792],[-18.033719694429635,21.771839414258864],[-18.033079152292498,21.6016913552962]]],[[[-15.160165732239523,24.07590669329115],[-15.283688540470413,24.044007701168187],[-15.310539130220711,24.129049947409182],[-15.221321984300864,24.211248745078233],[-15.123954735371376,24.183216400565613],[-15.066461282566825,24.154348934336895],[-15.094280898436763,24.125343267494976],[-15.160165732239523,24.07590669329115]]],[[[-14.94033057955554,25.573436769761518],[-14.886174785490692,25.56180703231714],[-14.846868667015883,25.57598746345339],[-14.81120897394746,25.62354441533603],[-14.780870501772021,25.555940714562464],[-14.701763529832517,25.50201017179756],[-14.730089917760981,25.443859163784865],[-14.801185781237594,25.434797580562275],[-14.870476709604356,25.44555326672258],[-14.944432681764626,25.420295559328114],[-15.033390678074598,25.4300663723461],[-15.085277196892537,25.48199213681176],[-15.143333949896501,25.576360561849484],[-15.172907732827309,25.593172768700395],[-15.168083802488649,25.632858174893396],[-15.145273681567843,25.658679820828876],[-15.156767312897763,25.664768495717773],[-15.150618562228725,25.68251532518658],[-15.13937483681821,25.694813191106505],[-15.119573176253034,25.70045182244023],[-15.07349630356164,25.659248792163627],[-14.961986602506567,25.59914894692123],[-14.94033057955554,25.573436769761518]]],[[[-15.012398171976747,25.161936253839187],[-15.087904935556468,25.12938488393066],[-15.106315161835942,25.147597743831607],[-15.118320459767686,25.190985603230946],[-15.11645393838924,25.221172668318644],[-15.183879329107764,25.377129873562698],[-15.12830047137913,25.403156705635187],[-15.088395014639513,25.385933686983055],[-15.047870850059372,25.362531954272427],[-15.010240917159175,25.350684690382504],[-14.976899189493393,25.301850663620385],[-14.986095436626627,25.2669678547114],[-14.976257173885847,25.233923734288883],[-15.012398171976747,25.161936253839187]]],[[[-12.425118986251594,24.153539501604005],[-12.453024974744384,24.140552008414087],[-12.477753082654633,24.141603544807225],[-12.537220463335759,24.10772354474232],[-12.557896860661739,24.167252639274594],[-12.535242199281216,24.270224074138728],[-12.445400434959454,24.350556643980262],[-12.42226000973224,24.37564015696765],[-12.397832440462414,24.390827645035966],[-12.369039985310353,24.393267456768964],[-12.341607460117627,24.363677682444667],[-12.334406795210898,24.317881841379513],[-12.392920080253703,24.177203377927125],[-12.425118986251594,24.153539501604005]]],[[[-10.48328039414568,23.59564402460679],[-10.493310134650661,23.562585601141986],[-10.572252250166267,23.56327755120952],[-10.600569761618372,23.557532983229265],[-10.676088756601171,23.471725127744197],[-10.720111572748248,23.449221006161856],[-10.958934270192287,23.41525927838595],[-11.146278284732606,23.432288978235768],[-11.209905483834966,23.476877541674348],[-11.250755401944776,23.552150663640685],[-11.262915384455457,23.602102387104253],[-11.215296810752353,23.65827637307935],[-11.169595457115324,23.695962459605457],[-11.01712268256726,23.771932729622236],[-10.982142583576879,23.827374816972508],[-10.90189915284569,23.895317819807584],[-10.738055881948759,23.92156090687743],[-10.722404277741312,23.905436569624882],[-10.700782919373726,23.895508935644266],[-10.668072277703658,23.893517168657937],[-10.588014612065127,23.841261007328843],[-10.497271475121673,23.808999628589085],[-10.521173202351534,23.676821635819728],[-10.494472426993473,23.633211247084613],[-10.48328039414568,23.59564402460679]]],[[[-14.875427452697336,19.315793620585353],[-14.902677066709614,19.258448847306667],[-14.934412014955537,19.23109153567879],[-14.976124195131007,19.244014547010007],[-15.007840688598778,19.271820958525552],[-15.025674256298919,19.227850470563762],[-15.113209579390444,19.207454855890315],[-15.168525840625254,19.13834424903234],[-15.249285387748367,19.116815181366725],[-15.305473873616704,19.123070023377633],[-15.299602411799881,19.182656279670635],[-15.143831703276817,19.278157731829463],[-15.046592701003565,19.315097585758377],[-14.960773034725001,19.38277382473011],[-14.917875328662877,19.391714768463675],[-14.896467441349456,19.340497171176843],[-14.875427452697336,19.315793620585353]]],[[[-13.023251521622987,20.472167319509076],[-13.125237907795535,20.455867828042926],[-13.157605069245,20.45588045207556],[-13.23683631230277,20.54671380509658],[-13.244094029544042,20.588008852737715],[-13.307910875571134,20.632605149785356],[-13.284234858351317,20.679739343896685],[-13.20090623310612,20.693889948327637],[-13.056596142920942,20.758250605024433],[-12.826222450595365,20.672752804212134],[-12.79076668928896,20.640278451374048],[-12.862986338424593,20.61712977517612],[-12.914417964285443,20.526238221150447],[-13.023251521622987,20.472167319509076]]],[[[-9.010359793671395,23.611607957719936],[-9.023082657191967,23.60649495795256],[-9.078201488472358,23.67462601717062],[-9.069851955941722,23.753714122239582],[-8.992897732607137,23.873076931153275],[-8.938099847076643,23.77126671231895],[-8.939210088853123,23.724519208403613],[-8.947616568564126,23.701230408432743],[-8.896197426648575,23.64417260547474],[-8.932358586126062,23.614692318904904],[-9.010359793671395,23.611607957719936]]],[[[-9.380051966769452,23.735608232161294],[-9.398111963983297,23.7102596375175],[-9.421562548888984,23.761085152191818],[-9.47939646714376,23.807973781481174],[-9.53473877720609,23.888538602979402],[-9.574269429713102,23.913101209157357],[-9.546175286262894,23.978506795410677],[-9.542185564510357,24.083668914298027],[-9.485735355958266,24.132860980403027],[-9.459747752063082,24.147576070398355],[-9.416798246220312,24.199323080494054],[-9.39782352531022,24.202691088744128],[-9.380520842868211,24.160393930528052],[-9.420254280838833,24.029272797765824],[-9.36523312886686,23.876070441771294],[-9.385431649296232,23.77891277875451],[-9.377537606305612,23.75755427956794],[-9.380051966769452,23.735608232161294]]],[[[-14.72690838688529,26.961124481092412],[-14.72735628693417,26.902474993657055],[-14.892087817067868,26.983413759657076],[-14.895800602787958,27.013210912717792],[-14.891045256091607,27.035492072953716],[-14.873392925984282,27.04947128334482],[-14.78433803002447,27.01988746005709],[-14.72690838688529,26.961124481092412]]],[[[-13.096641281150458,26.826863276884673],[-13.03521112245446,26.826023978933915],[-13.015895364016046,26.834667932548165],[-12.899555701943974,26.765503233302915],[-12.907821063911088,26.72861460937894],[-12.894214299566748,26.680715796468952],[-12.964079523015986,26.595127766695853],[-12.97714878357999,26.566591574576332],[-13.015311240454828,26.538447535492697],[-13.142041870220956,26.601521269457887],[-13.187399783800704,26.64090978792642],[-13.199078167383187,26.723673529829583],[-13.1444355883242,26.847889956850405],[-13.096641281150458,26.826863276884673]]],[[[-12.94600394827302,25.799424349612078],[-13.031353335635819,25.57855351973036],[-13.083283763637423,25.652276114692544],[-13.060366119454207,25.70018448716141],[-13.10562281248623,25.738350776739804],[-13.117113665615516,25.773847613306533],[-13.098169685215508,25.821749876384988],[-13.048693087696295,25.866832896634293],[-13.032938928971259,26.009931603317565],[-12.929680642624584,26.058345606413962],[-12.88849138012044,26.061255149169334],[-12.904117763424086,26.025869029581738],[-12.904431569874781,25.960322556098692],[-12.94600394827302,25.799424349612078]]],[[[-12.386998460593622,25.774968563836392],[-12.438628484864122,25.75304120064181],[-12.54050741426021,25.83604180321737],[-12.599928159328845,25.874438180491907],[-12.615281394428672,25.896375133489926],[-12.565610690263394,25.929962658886677],[-12.43400517164337,25.93328129119707],[-12.365466020376829,25.87632197985726],[-12.356682672994747,25.83989765817528],[-12.386998460593622,25.774968563836392]]],[[[-11.748693817054583,26.266729960220996],[-11.666588768143987,26.136010441208583],[-11.75732437197431,26.224455158746157],[-11.86353374299965,26.283329041197753],[-11.973055133293473,26.382715951887892],[-12.052789867796168,26.416495405174544],[-12.076632001789218,26.436697463422583],[-12.067062364793374,26.47904113138343],[-12.007388279710117,26.48837974390694],[-11.981027851946711,26.48664287142622],[-11.823098248549828,26.310052746033726],[-11.748693817054583,26.266729960220996]]],[[[-11.263362439813184,25.930861103073124],[-11.261324267756939,25.854398464394514],[-11.298320217775572,25.881661994063748],[-11.415884796901969,26.028768885705308],[-11.448027156496181,26.082693187648623],[-11.412925003712559,26.11980827975086],[-11.327010648711843,26.066089561642624],[-11.263362439813184,25.930861103073124]]],[[[-11.325344511820424,25.78386189180985],[-11.135716788573468,25.68516908020883],[-11.007164613627472,25.511211030215303],[-10.994496556045927,25.375391149335062],[-11.005674784361332,25.32320460645276],[-11.067428106490683,25.38000840781061],[-11.200914687559225,25.4597316228941],[-11.294398790861973,25.475701504315307],[-11.322931543721115,25.48996300872833],[-11.311159997695231,25.53503240461607],[-11.371581955378295,25.575001149226004],[-11.378460016836025,25.591764149027423],[-11.433681548320953,25.60866285116452],[-11.512692351396986,25.69978290283184],[-11.56966035108687,25.71583864783419],[-11.624990502222687,25.694804346355475],[-11.754216930801864,25.553184058049585],[-11.891238214729105,25.45243261447055],[-11.89239490908875,25.489544825161943],[-11.835041748412955,25.612584062948926],[-11.795953831056588,25.80738522009853],[-11.772741914197972,25.866916182942543],[-11.798087695638092,25.952896089363833],[-11.799695268396093,26.030341863413078],[-11.699984165700535,25.99704999851626],[-11.57485936944034,25.964333658946185],[-11.479978066262152,25.917518531623646],[-11.464894212069755,25.88481963695604],[-11.325344511820424,25.78386189180985]]],[[[-10.661634789149158,26.967174770863046],[-10.689530372876824,26.91061833027486],[-10.721520201932275,26.929696803769016],[-10.767820687480777,26.925491255966996],[-10.841741559635462,26.87623501223705],[-10.95832987705734,26.937441372998403],[-10.975207494458992,26.9867062047589],[-10.88770390914545,27.098439062791623],[-10.884360244073466,27.26129275902845],[-10.85252529751963,27.301953291098403],[-10.81933145939097,27.33134095491406],[-10.780346253784822,27.347723780852185],[-10.700055631428327,27.237295668754562],[-10.67204684798973,27.224274321860026],[-10.59304752778158,27.174371329462573],[-10.616514350847472,27.069753879288868],[-10.610317139255052,27.00902128035742],[-10.661634789149158,26.967174770863046]]],[[[-12.823745065353386,27.273149892840838],[-12.827947466867917,27.237892918852868],[-13.038994314854484,27.359662498963246],[-13.048108371469963,27.381295405469498],[-13.047842910897486,27.401622480869857],[-13.034066434594992,27.4223071193468],[-12.823745065353386,27.273149892840838]]],[[[-12.937735859642354,28.089413095858944],[-12.920838662670521,28.059865661077144],[-12.940483360979213,28.06085835325939],[-12.955033739785756,28.055067260396257],[-13.003867876658527,27.992086291532523],[-12.956760856885152,27.87922543394511],[-12.991443058920343,27.795126804160343],[-13.04793395132792,27.788417363567756],[-13.069861802269761,27.796780990945415],[-13.05699849631912,27.838227529190583],[-13.044021670835424,27.85744425710392],[-13.053603995745792,27.911373992580586],[-13.085999360259086,27.944568673188407],[-13.110462187050564,28.0099761091993],[-13.150777747700905,28.048508558424057],[-13.129104067338224,28.112674328528698],[-12.997899399701462,28.123120169438685],[-12.937735859642354,28.089413095858944]]],[[[-10.751817324537761,24.317706145799363],[-10.779708494536722,24.312971935227417],[-10.731910657691962,24.407479505659914],[-10.695575077999163,24.39480280224781],[-10.684465928699968,24.384867360995976],[-10.686093110666304,24.34292002625934],[-10.751817324537761,24.317706145799363]]],[[[-9.790899101626723,23.786504446613453],[-9.784473941345553,23.742568398724334],[-9.91236445697678,23.855582930431112],[-9.93740641571659,23.936972026621675],[-9.894381751124818,23.93447054145743],[-9.83944985943404,23.904258351250046],[-9.790899101626723,23.786504446613453]]],[[[-12.169753148533852,21.399948212540938],[-12.158909400577592,21.378946587500582],[-12.163483506777565,21.356244741824497],[-12.268403588872648,21.31046318034979],[-12.30343297612868,21.310577519571712],[-12.31108691644522,21.381004684696205],[-12.285145312805273,21.41388934016068],[-12.236080222166732,21.387035272562542],[-12.191973471208682,21.421383320163237],[-12.169753148533852,21.399948212540938]]],[[[-9.306320841163087,21.073633118912444],[-9.322290356374255,21.021188173443793],[-9.383640079400447,21.142241294535967],[-9.408196172388681,21.171932575318426],[-9.37602076998508,21.27521000077924],[-9.306799482544838,21.226870475009193],[-9.306320841163087,21.073633118912444]]],[[[-10.445855677268264,25.108066947522723],[-10.571157353670166,25.09948480182814],[-10.62524925485462,25.13855823431056],[-10.691700507040881,25.254903051314134],[-10.614023783324985,25.282336415327382],[-10.540464765346973,25.277146795215124],[-10.487103452795074,25.23676901165651],[-10.431064276589792,25.1588766732592],[-10.445855677268264,25.108066947522723]]],[[[-10.276143426981722,23.023605884375694],[-10.305576941566276,22.96939182166034],[-10.417822279212897,23.010727265046338],[-10.444304881976503,23.048457184571465],[-10.429473079028002,23.09438088402995],[-10.374230102866363,23.111221966391014],[-10.345366122078987,23.11208985941552],[-10.292182222623776,23.0658096269253],[-10.276143426981722,23.023605884375694]]],[[[-13.556500149655463,31.479117278665566],[-13.565001181461051,31.423974205388827],[-13.613043972728647,31.451902230253246],[-13.621757854274431,31.49315725782396],[-13.615064423059104,31.523934681777526],[-13.590219765681722,31.56096596954858],[-13.561126612879159,31.528501287999596],[-13.556500149655463,31.479117278665566]]],[[[-15.193385732750635,24.998420043513153],[-15.173136659353144,24.95229415839054],[-15.202867264445253,24.881012436823536],[-15.22742015528479,24.864757386165646],[-15.25865175053826,24.892940050576318],[-15.326635910695162,24.91109023337648],[-15.33005897455692,24.948793888415647],[-15.29432467107484,24.949141451380235],[-15.228199172936751,24.988439611838476],[-15.193385732750635,24.998420043513153]]],[[[-11.30244887927105,24.90275713509367],[-11.245840982065742,24.78720886575285],[-11.324913338655234,24.78579797805762],[-11.35253444493493,24.870304409043744],[-11.318172971514958,24.89868681350225],[-11.30244887927105,24.90275713509367]]],[[[-12.725663465079357,25.957718726359477],[-12.757349332682088,25.930171102288487],[-12.776068403973204,25.93382651644477],[-12.787950845386963,25.98053827125156],[-12.757019586299679,26.01282465980391],[-12.747640710384227,26.00988988520183],[-12.725663465079357,25.957718726359477]]],[[[-9.101393561246109,23.455448347526534],[-9.119807391007967,23.43217443568308],[-9.149849078544563,23.47932816977692],[-9.12209610228466,23.585064119917185],[-9.1025545119368,23.603229202588675],[-9.077935963786398,23.537262539423878],[-9.101393561246109,23.455448347526534]]],[[[-10.197670399717806,25.204079834768873],[-10.216960609254265,25.158401498138158],[-10.246114171806193,25.17025716683546],[-10.271407552157495,25.190054598151253],[-10.307691943670632,25.257546025239098],[-10.319620725513378,25.307129074410973],[-10.262477231174936,25.280164395582243],[-10.230172287292104,25.231297883924793],[-10.197670399717806,25.204079834768873]]],[[[-17.754252113182247,21.917903724016114],[-17.822680884898503,21.893153220781855],[-17.836607195313647,21.94963971387529],[-17.827237711619848,22.006232740742323],[-17.77868776731252,22.00252847849472],[-17.75486182943963,21.98604791145103],[-17.754252113182247,21.917903724016114]]],[[[-11.389642999447972,23.078841942539096],[-11.382120810732546,22.985806378581042],[-11.47465073758035,22.956006296007498],[-11.54842683087396,22.97765783256756],[-11.59522405575187,23.03237685208617],[-11.594869122080862,23.053450952275675],[-11.553111131748915,23.052889980321876],[-11.461200744835562,23.10463087349316],[-11.432151229077089,23.114878544394706],[-11.389642999447972,23.078841942539096]]]]}},{"type":"Feature","bbox":[140.862305,-11.630566,155.957617,-1.353223],"properties":{"featurecla":"Admin-0 country","scalerank":1,"LABELRANK":2,"SOVEREIGNT":"Papua New Guinea","SOV_A3":"PNG","ADM0_DIF":0,"LEVEL":2,"TYPE":"Sovereign country","TLC":"1","ADMIN":"Papua New Guinea","ADM0_A3":"PNG","GEOU_DIF":0,"GEOUNIT":"Papua New Guinea","GU_A3":"PNG","SU_DIF":1,"SUBUNIT":"Papua New Guinea","SU_A3":"PN1","BRK_DIFF":0,"NAME":"Papua New Guinea","NAME_LONG":"Papua New Guinea","BRK_A3":"PN1","BRK_NAME":"Papua New Guinea","BRK_GROUP":null,"ABBREV":"P.N.G.","POSTAL":"PG","FORMAL_EN":"Independent State of Papua New Guinea","FORMAL_FR":null,"NAME_CIAWF":"Papua New Guinea","NOTE_ADM0":null,"NOTE_BRK":null,"NAME_SORT":"Papua New Guinea","NAME_ALT":null,"MAPCOLOR7":4,"MAPCOLOR8":2,"MAPCOLOR9":3,"MAPCOLOR13":1,"POP_EST":8776109,"POP_RANK":13,"POP_YEAR":2019,"GDP_MD":24829,"GDP_YEAR":2019,"ECONOMY":"6. Developing region","INCOME_GRP":"4. Lower middle income","FIPS_10":"PP","ISO_A2":"PG","ISO_A2_EH":"PG","ISO_A3":"PNG","ISO_A3_EH":"PNG","ISO_N3":"598","ISO_N3_EH":"598","UN_A3":"598","WB_A2":"PG","WB_A3":"PNG","WOE_ID":23424926,"WOE_ID_EH":23424926,"WOE_NOTE":"Exact WOE match as country","ADM0_ISO":"PN1","ADM0_DIFF":null,"ADM0_TLC":"PN1","ADM0_A3_US":"PNG","ADM0_A3_FR":"PNG","ADM0_A3_RU":"PNG","ADM0_A3_ES":"PNG","ADM0_A3_CN":"PNG","ADM0_A3_TW":"PNG","ADM0_A3_IN":"PNG","ADM0_A3_NP":"PNG","ADM0_A3_PK":"PNG","ADM0_A3_DE":"PNG","ADM0_A3_GB":"PNG","ADM0_A3_BR":"PNG","ADM0_A3_IL":"PNG","ADM0_A3_PS":"PNG","ADM0_A3_SA":"PNG","ADM0_A3_EG":"PNG","ADM0_A3_MA":"PNG","ADM0_A3_PT":"PNG","ADM0_A3_AR":"PNG","ADM0_A3_JP":"PNG","ADM0_A3_KO":"PNG","ADM0_A3_VN":"PNG","ADM0_A3_TR":"PNG","ADM0_A3_ID":"PNG","ADM0_A3_PL":"PNG","ADM0_A3_GR":"PNG","ADM0_A3_IT":"PNG","ADM0_A3_NL":"PNG","ADM0_A3_SE":"PNG","ADM0_A3_BD":"PNG","ADM0_A3_UA":"PNG","ADM0_A3_UN":-99,"ADM0_A3_WB":-99,"CONTINENT":"Oceania","REGION_UN":"Oceania","SUBREGION":"Melanesia","REGION_WB":"East Asia & Pacific","NAME_LEN":16,"LONG_LEN":16,"ABBREV_LEN":6,"TINY":-99,"HOMEPART":1,"MIN_ZOOM":0,"MIN_LABEL":2.5,"MAX_LABEL":7.5,"LABEL_X":143.910216,"LABEL_Y":-5.695285,"NE_ID":1159321173,"WIKIDATAID":"Q691","NAME_AR":"بابوا غينيا الجديدة","NAME_BN":"পাপুয়া নিউগিনি","NAME_DE":"Papua-Neuguinea","NAME_EN":"Papua New Guinea","NAME_ES":"Papúa Nueva Guinea","NAME_FA":"پاپوآ گینه نو","NAME_FR":"Papouasie-Nouvelle-Guinée","NAME_EL":"Παπούα Νέα Γουινέα","NAME_HE":"פפואה גינאה החדשה","NAME_HI":"पापुआ न्यू गिनी","NAME_HU":"Pápua Új-Guinea","NAME_ID":"Papua Nugini","NAME_IT":"Papua Nuova Guinea","NAME_JA":"パプアニューギニア","NAME_KO":"파푸아뉴기니","NAME_NL":"Papoea-Nieuw-Guinea","NAME_PL":"Papua-Nowa Gwinea","NAME_PT":"Papua-Nova Guiné","NAME_RU":"Папуа — Новая Гвинея","NAME_SV":"Papua Nya Guinea","NAME_TR":"Papua Yeni Gine","NAME_UK":"Папуа Нова Гвінея","NAME_UR":"پاپوا نیو گنی","NAME_VI":"Papua New Guinea","NAME_ZH":"巴布亚新几内亚","NAME_ZHT":"巴布亞紐幾內亞","FCLASS_ISO":"Admin-0 country","TLC_DIFF":null,"FCLASS_TLC":"Admin-0 country","FCLASS_US":null,"FCLASS_FR":null,"FCLASS_RU":null,"FCLASS_ES":null,"FCLASS_CN":null,"FCLASS_TW":null,"FCLASS_IN":null,"FCLASS_NP":null,"FCLASS_PK":null,"FCLASS_DE":null,"FCLASS_GB":null,"FCLASS_BR":null,"FCLASS_IL":null,"FCLASS_PS":null,"FCLASS_SA":null,"FCLASS_EG":null,"FCLASS_MA":null,"FCLASS_PT":null,"FCLASS_AR":null,"FCLASS_JP":null,"FCLASS_KO":null,"FCLASS_VN":null,"FCLASS_TR":null,"FCLASS_ID":null,"FCLASS_PL":null,"FCLASS_GR":null,"FCLASS_IT":null,"FCLASS_NL":null,"FCLASS_SE":null,"FCLASS_BD":null,"FCLASS_UA":null},"geometry":{"type":"MultiPolygon","coordinates":[[[[17.89421518377802,9.516146458886901],[17.81798357934057,9.446031701823719],[17.775333562561602,9.519022660953416],[17.71947134003513,9.584168572565293],[17.675975827855563,9.649902445086191],[17.62276690529947,9.789173704035308],[17.62253484789314,9.857564173605027],[17.640775161237457,9.928672265276806],[17.64695756939293,10.001229856584482],[17.62429237825845,10.150886687012378],[17.560364433096343,10.29012692278999],[17.3317649909681,10.626454482703254],[17.259074374793336,10.715386878202057],[17.175269789088354,10.795921990075827],[17.120544320130126,10.817768953052033],[17.00907453907356,10.842734773354271],[16.959728469894717,10.860846553626951],[16.869113907993857,10.918785015324866],[16.785232949370407,10.984978248481386],[16.578119887695433,11.178339955666953],[16.467098602758345,11.236067351907494],[16.40953869297649,11.302624445965714],[16.079686218885374,11.525353605317028],[15.982977014167917,11.57892933359041],[15.863481346213371,11.585809153563373],[15.763466554889346,11.631442109875879],[15.844110063925777,11.652293982941108],[15.862464091878724,11.719016480021574],[15.846945157438288,11.78886562878698],[16.01267203238106,11.666795815487182],[16.187979893912264,11.558188735490221],[16.237126253164707,11.47584287916948],[16.32467737061106,11.465869806854103],[16.48221555549874,11.390832498699702],[16.589939004689292,11.325129602577302],[16.69111702740264,11.250645555523587],[16.804360304113622,11.145752991151564],[17.02579087800314,11.055173915130435],[17.056723223025635,11.025272682372735],[17.1657906779293,10.890366596073267],[17.310797640749097,10.772520689191488],[17.359210940700354,10.709534238234573],[17.969964629700804,10.15388481707528],[18.07052108593782,10.002365896587921],[18.07483652256375,9.903214162395058],[18.052562969469523,9.865933923505535],[17.982883406968607,9.786972774406008],[17.98018321097354,9.688317179849637],[17.95451611689508,9.601123045477786],[17.89421518377802,9.516146458886901]]],[[[16.873772747757826,10.036331837517356],[16.924452157525124,10.013221248229305],[17.07629876717499,10.106919255800525],[17.15286738498315,10.030135690598328],[17.25259673895521,9.988696173405952],[17.356927320673687,9.962223040719575],[17.309665262716376,9.817156970729156],[17.31938174039318,9.747978310240985],[17.343856376592647,9.678204291264175],[17.336437565524548,9.577968900490978],[17.284653318668816,9.491498938422712],[17.18703880481125,9.366854857171184],[17.144694978712764,9.345370931195335],[17.09562844115778,9.334743104738546],[16.943759419796653,9.334002756496854],[16.911765750367067,9.266255492539601],[16.91895446368324,9.192018521914969],[16.99691560835324,9.090000760571543],[17.057730845620554,8.97722217775859],[16.98854993753033,8.881459861839673],[16.878512924006277,8.818778371000649],[16.775379929387896,8.789749859966008],[16.6079674755632,8.821542628160671],[16.43013704397662,8.824100781656785],[16.39533424314391,8.78811395419295],[16.39181928820126,8.72530972261409],[16.364900919382173,8.678953605764248],[16.330827879007114,8.637295191525002],[16.237106241147917,8.55236813099228],[16.133225088253717,8.478775000411026],[15.992704830536455,8.411474518612442],[15.94570875706918,8.396194353672135],[15.823598848117092,8.391612506746352],[15.712344872710942,8.354690612891485],[15.661855172327662,8.31510876369577],[15.607354874365983,8.283787613673173],[15.489689869633239,8.252877778502013],[15.373631265294609,8.184974048310997],[15.328500883036535,8.174997611125875],[15.093561901854667,8.175841802389552],[14.757870506016506,8.191742477852175],[14.65813000053083,8.189615251711519],[14.561968547486313,8.205412745267012],[14.509631475970162,8.23754371781323],[14.400615767614468,8.378276560407732],[14.302787207923348,8.429845337696076],[14.194300959919977,8.434462993487877],[14.048103647087533,8.394860317798765],[14.021249994587366,8.406835211144433],[13.739878192996226,8.619976719561546],[13.654067440986646,8.67287078998039],[13.5619024849265,8.713812083764923],[13.448827417174321,8.744707823601953],[13.342597349412886,8.789927221753226],[13.282346248309652,8.88724146343809],[13.293819441674884,9.009357745312535],[13.382710847261682,9.076910486855638],[13.513283842583336,9.034641169116775],[13.563723708331912,9.032526200372184],[13.613954883965015,9.050429542754317],[13.671705474433441,9.040890765567545],[13.729740479614136,9.019773349300339],[13.94436559831894,9.03514500530047],[14.066702289461665,8.99107381527655],[14.185090472012451,8.935001698310622],[14.297157282374032,8.918124939952433],[14.412861019613638,8.922388049859348],[14.569625483003703,8.970195964510404],[14.618173239684698,8.960075606392794],[14.766984566484068,8.951161249901157],[14.899687886253478,9.019038846625882],[14.959186914001725,9.319709615515382],[14.995901585999318,9.421028865550037],[15.040990264110107,9.441000810381881],[15.072688748091995,9.432945618590994],[15.118443878924673,9.378643819387314],[15.055137368249895,9.317735115424867],[15.026490032233323,9.269670362017758],[15.013147564986218,9.148953596791175],[15.042311888659283,9.029417643522681],[15.114909811785532,8.931812246888553],[15.228824706165621,8.913350436602942],[15.33562596657161,8.968856544948613],[15.449864344136618,8.974884120035801],[15.552742655217346,8.908879502844856],[15.660577751579154,8.912776743859773],[15.711399198211904,8.948820809167353],[15.769580319309563,8.96231129543257],[15.826874058857218,8.965324040847289],[15.879789913811559,8.985288717461033],[15.952234573632714,9.082709496267055],[16.002668145006908,9.19445437440732],[16.07427248554472,9.280569158566305],[16.266642503920302,9.41942428383191],[16.32114532498108,9.434873682472539],[16.379765542402712,9.441478392294286],[16.510744405620002,9.426890587593373],[16.6103061572351,9.474193733192608],[16.622528337052994,9.594138690480472],[16.613027708409735,9.717117224783253],[16.512049473957145,10.010756144644947],[16.50605083512813,10.056726412222663],[16.524028140035167,10.10670170075359],[16.55786691150462,10.150502041337903],[16.66745740874618,10.144525613954452],[16.781328983137737,10.12072787837542],[16.824711133166755,10.074819704678536],[16.873772747757826,10.036331837517356]]],[[[5.905556010383277,5.760680430602387],[5.905614591629036,5.7737153345982],[5.909457555038483,5.974615599789538],[5.913148947219382,6.175424795166412],[5.916783729624485,6.376041845825419],[5.920366436800679,6.576655242554777],[5.923893277915641,6.777166264675749],[5.927462353803188,6.9775706014654295],[5.930877763812017,7.177771381513134],[5.934240957559359,7.377958372075119],[5.937548191683112,7.57803012430508],[5.940800456047255,7.777984650341697],[5.943513638939832,7.942313502676897],[5.889239966659029,8.007776347553683],[5.8339282811792135,8.107296143992794],[5.848158721442028,8.233211915893069],[5.919687045079444,8.387975446106248],[5.952125867238611,8.491418993859972],[5.953454060755189,8.576473198465376],[5.956429860249038,8.775702680801867],[5.959353047206142,8.974892533404994],[5.962220128861248,9.173944792000276],[5.96503209473396,9.372857537050884],[5.967885325550689,9.571527998372563],[5.970588039067817,9.77015123240705],[5.973234546890874,9.968624458400352],[5.975825839348468,10.166945798267175],[5.978361650994496,10.365017904878552],[5.980940488109964,10.563024959374285],[5.983268016349027,10.76087596299521],[5.985736363036161,10.958560583477361],[5.98805116669716,11.155985288069473],[5.990310807496197,11.353337581179533],[5.9925150637454685,11.550517503304983],[5.994664926446659,11.747523263320968],[5.9967573349613765,11.944258315394896],[5.997952372536819,12.062629281406231],[5.99865648206839,12.127879578941885],[5.998696033580763,12.131561101880836],[6.028670988307174,12.130554540862699],[6.130449640265713,12.127260380489211],[6.211387955993839,12.109554081455611],[6.711488936409516,11.888029709510038],[6.860486184329412,11.800089985397339],[6.911320999140607,11.779079227539416],[6.9617121271973526,11.777089851390897],[7.009632461702702,11.765971942763],[7.234284768454461,11.644056638380576],[7.570635235557889,11.517745414402533],[7.925480121800801,11.39522625876028],[8.035650285664849,11.368565527120012],[8.149927812741995,11.355399445876776],[8.3977615985577,11.30897833725962],[8.527885487081075,11.270202902573681],[8.71711786567666,11.126064511508003],[8.812920685605365,11.080284941139706],[8.902006078038337,10.999399723735847],[9.028503924416379,10.911427802704347],[9.078654355428695,10.888763479742149],[9.133985226471376,10.877143312711766],[9.259776648571563,10.870010419036667],[9.38639278294006,10.88087376690887],[9.438349999357818,10.872348461208452],[9.489160865105209,10.855381280109915],[9.535302586002617,10.824570455181831],[9.557880482500941,10.767425471081635],[9.634605059254614,10.686751662921624],[9.744917534197606,10.647709489050904],[9.848805869306538,10.573385129671752],[9.941821576509778,10.485362979707496],[10.009733113580149,10.397614078783937],[10.087338643843735,10.322809069818538],[10.206525436602236,10.287921598733638],[10.332588402250995,10.27829653282352],[10.753244425555568,9.833441057914204],[10.772605070218514,9.766448405678531],[10.770275299706874,9.484830900328758],[10.717216387223285,9.266632476687171],[10.822426850572315,9.194747946001455],[10.967432129905356,9.163452341324088],[11.170788823782468,9.107723328831362],[11.36555097586452,9.02913281640358],[11.982909210670417,8.703840224871602],[12.068029499892079,8.674523975504064],[12.193990852122349,8.65904776972041],[12.32141908302254,8.657005673562805],[12.366631208596038,8.639659553296706],[12.459862364323067,8.581119939215633],[12.506436736290354,8.54355011903182],[12.58883494468716,8.44306697160986],[12.661692192188376,8.334587945763568],[12.693184649216779,8.303069816558425],[12.731170052948638,8.277778081342838],[12.751488430526125,8.219700229677809],[12.775184368914369,8.042601778788102],[12.762522561046575,7.933325054600018],[12.726447456010137,7.8943913453059915],[12.626009127032217,7.8795809706514985],[12.27544079855715,7.878113139151774],[12.042008723605521,7.909649463567693],[11.874601859049788,7.806456038056194],[11.868675191457745,7.758304536725065],[11.878594870926488,7.712687714676252],[12.013262899186175,7.470914866039488],[12.090244015970375,7.258374117517719],[12.156519054726571,7.170122536494003],[12.257908359454566,7.096161074979123],[12.347406747129808,7.010137091110402],[12.428970734704247,6.9122449798592],[12.59958812812347,6.739791184354505],[12.69344006065484,6.674292608166434],[12.804575309467342,6.63099830401254],[12.987359429011189,6.494234266574885],[13.00994310679824,6.436813937973781],[13.056492363992724,6.25715859881027],[13.074776089822384,6.135968907944788],[13.076309116899358,6.086295090482477],[13.087547232398064,6.041239753058527],[13.247719656152238,5.923573901965621],[13.28251852940007,5.8912829132395945],[13.345557614138269,5.645031751313909],[13.396842616854032,5.529535857855614],[13.489641819542443,5.484311712104718],[13.599896561202412,5.480653538829106],[13.902863839427697,5.535670640857394],[13.946346122881364,5.5354995804517895],[14.001127225952166,5.515693902303521],[14.047669565838588,5.473387144329054],[14.058734319423237,5.36334966637863],[14.006560417485424,5.251626749890302],[13.988518787835012,5.1420727722786355],[14.043166234568186,5.048102418169628],[14.192044522684835,4.968469909481302],[14.246909650895125,4.945805662918916],[14.519638809672756,4.906716786727787],[14.626111944412827,4.88108468782154],[14.730072090807464,4.844043539560974],[14.765351204796815,4.814444775148905],[14.73714342693011,4.76742705420202],[14.68080024093871,4.747121750448289],[14.617907759604325,4.7412552799524725],[14.51539038830307,4.712347871560306],[14.51408612870895,4.649712651697267],[14.5676633010195,4.580958930662339],[14.615566385405065,4.49925601048808],[14.65777750449004,4.468039619533016],[14.704079548564112,4.446023901260259],[14.820752735794972,4.411371336667292],[14.933613674725109,4.366735238176548],[15.007385019939427,4.32472600083096],[15.084157286648308,4.293039903397647],[15.253662827006389,4.264973239636675],[15.375815285538277,4.2065569791143576],[15.554795979252415,4.2158398132571095],[15.396206423043598,4.1444179782786925],[15.342026996963648,4.127846627485658],[15.157854340161515,4.170553213597013],[15.121217876553313,4.140972816937911],[15.193146991921017,4.0497149638258545],[15.30352710059624,3.984130889976833],[15.342265050215866,3.947652215885746],[15.311659114659827,3.9099713775361646],[15.175367091621995,3.839521079219212],[15.119601073811792,3.8315265051655096],[15.016212723269566,3.8318850818494137],[14.845199307304968,3.8770909410867627],[14.725202990844979,3.9283025933047546],[14.69399744753038,3.9897692201299133],[14.663198475616237,4.026776903711411],[14.557138945204795,4.1172085384808605],[14.480841383439506,4.167738206011799],[14.381432554715982,4.189389082817937],[14.276973835194818,4.194805547985551],[14.092360696038565,4.254673348761123],[13.688089013034137,4.31312327762602],[13.592293295056166,4.339840540945217],[13.473541786277261,4.413634115767201],[13.416635939050643,4.426433521757881],[13.354092530952355,4.408938152525527],[13.196483265051764,4.404862666943024],[13.150653152131959,4.413368690139632],[13.041182581556438,4.476531654421949],[12.926475680524499,4.503683443732003],[12.877567394811075,4.4892169058340645],[12.828589512983347,4.488086644301681],[12.672684290461932,4.53729631711735],[12.554569750331401,4.560826353815875],[12.459357047934665,4.6226912721567155],[12.408293863781969,4.678495106683913],[12.350349436528694,4.728700773182103],[12.299998933692482,4.852788155198738],[12.21837865010124,4.972200985305657],[12.115024041707207,5.07213025579437],[11.891117639457182,5.236060013438783],[11.846222687800664,5.276248571344933],[11.761543985166892,5.420306311644139],[11.770013347966222,5.512589188104718],[11.806433837990843,5.604561601306815],[11.755592245100924,5.575107725053227],[11.699695567875183,5.581791612763163],[11.545079536557964,5.651095776785085],[11.483195379771415,5.727739722318692],[11.385499972996538,5.932326490881414],[11.322086937685702,6.040603110953216],[11.171672177465805,6.233943297385921],[11.130259457479413,6.346472107781192],[11.067990354514416,6.445951624500742],[11.028655759992954,6.483507966937556],[10.996333846909769,6.526351384373074],[10.968264320297148,6.581375776325373],[10.924796080422071,6.620720034671219],[10.708125294926205,6.712903560559321],[10.670300770083431,6.740623925587857],[10.62822061762963,6.75624251531394],[10.465227367587552,6.771638388550783],[10.371228851307015,6.789187080960283],[10.195219271630494,6.864146738364268],[10.10377384250943,6.8881376659649876],[9.993460174123536,6.905408773277764],[9.886978480965288,6.935316279954399],[9.835389438137547,6.9625401737968104],[9.801478638467346,7.006431079429258],[9.783515767268522,7.107968758936334],[9.693377931702015,7.100652852273874],[9.60577066133051,7.121472504208431],[9.52125408116728,7.160080995259525],[9.434682122916872,7.184649588417613],[9.374323962828969,7.15652487379232],[9.353865139812982,7.077043278576367],[9.326217324944778,7.07392282166861],[9.275650836507317,7.092189636886275],[9.249978438129576,7.083489999699553],[9.193614048935947,7.048521013827752],[9.147918196363104,7.00012921080313],[9.066490062942938,7.010701995614548],[8.900380097501822,7.067270627140143],[8.826595145243335,7.101591412405856],[8.764655856736544,7.160919118375711],[8.7117786620569,7.227709284544146],[8.65784778849633,7.2807297329056855],[8.590976806811819,7.320389411184477],[8.675137423977286,7.229259994745376],[8.863167927732823,6.833239236918122],[8.813427417700934,6.827471699046768],[8.762693159721017,6.839094379524242],[8.807553599937975,6.762643401547947],[8.753280362045821,6.75326175122402],[8.699810687293985,6.755999450047933],[8.587665737529571,6.792202930801008],[8.475711021934563,6.806732956811443],[8.442275319274197,6.792043964865698],[8.465320605608976,6.76319126239521],[8.502599533742373,6.6793315246899025],[8.531728631412609,6.591667288366082],[8.368853959172313,6.558208724640721],[8.202229670556505,6.54002204851053],[8.016120782632017,6.499291075910933],[7.828773524282608,6.502085131511397],[7.733349808804157,6.531706451459283],[7.635121015472625,6.549794319857353],[7.542263232774118,6.537580159503709],[7.4515862462593505,6.506550843667853],[7.37600553623565,6.514209591886931],[7.329573009754495,6.576351309718137],[7.308098866785748,6.623082572953625],[7.280296385817989,6.663915558987488],[7.209336380795411,6.659613340903048],[7.140556214382334,6.639995176129818],[7.25749750411989,6.634109024251852],[7.291427738290164,6.582102180531415],[7.320171572047254,6.5193343188719695],[7.40174616306343,6.460864272060932],[7.502539610995992,6.49121997894023],[7.721763658054396,6.475232882655607],[7.932593273451684,6.370897067044676],[7.98287584395824,6.358081304524746],[8.028805595031491,6.3374779869453395],[8.136133882759516,6.237397661920228],[8.216604521659622,6.146919982406045],[8.283577258834255,6.044472575687234],[8.2972853917643,6.00477220584986],[8.289865241900376,5.899758526137481],[8.267473807673348,5.848213455258618],[8.128082076335204,5.778733089543186],[7.980060191802434,5.727638340231516],[7.761300291368817,5.625636830091404],[7.549200162960995,5.508345991007096],[7.43998000390939,5.5359924548736466],[7.342517033693589,5.604608101335141],[7.304525864765228,5.623540444839804],[7.203296863100367,5.662323444622364],[7.141283894611786,5.677004370980739],[6.89338351812013,5.656217065008688],[6.644921479547428,5.648823197806921],[6.540614920259981,5.652904013537406],[6.439608338928553,5.676560392644426],[6.32883687183382,5.718488552644035],[6.217943525253198,5.704051529378953],[6.141368080268606,5.660207345713402],[6.058553765265966,5.655519487766643],[5.905556010383277,5.760680430602387]]],[[[12.968676838219487,8.748280953216089],[12.92846684683546,8.74276488946366],[12.912596862299639,8.788308714504804],[12.821215167953524,8.831583939431987],[12.732370167193642,8.95606433703147],[12.737053283428873,9.059012270640364],[12.749986566792066,9.087995734324753],[12.80147166362952,9.087038921910045],[13.004272499106499,8.958231898935505],[13.02415190582834,8.91914817158475],[13.005012835710161,8.807312975690191],[12.968676838219487,8.748280953216089]]],[[[11.006809041484965,9.918102188170643],[10.939395782279012,9.891859705331974],[10.891823593106619,9.916076531149361],[10.873081407246161,9.98101052661323],[10.891128390414378,10.042245526556357],[10.95067529913508,10.08869508793641],[10.987896875485246,10.101908972433877],[11.028512643260513,10.067082731235969],[11.042838445125478,10.000899503632366],[11.006809041484965,9.918102188170643]]],[[[17.66180583297606,11.131098123700903],[17.634688529830857,11.046595150033822],[17.575823106939534,11.100802298509306],[17.536844381788026,11.17615108548559],[17.564354348202848,11.206906768583133],[17.633242622347158,11.221899076058847],[17.66180583297606,11.131098123700903]]],[[[17.101253451370106,11.348745248103372],[17.08900871717253,11.299995566688514],[17.058195048417264,11.304760378529672],[16.97571633541894,11.406671959877658],[16.960126758646478,11.432690651541602],[16.980858686640783,11.455828961586553],[17.077740382849473,11.378523503023136],[17.101253451370106,11.348745248103372]]],[[[14.816609767166483,12.837104344128717],[14.813559142600456,12.802189543771581],[14.741878723369974,12.823563123361218],[14.721982080419986,12.819359023292247],[14.599367188230387,12.927008748611568],[14.602702376136078,12.98886640894604],[14.636913836888743,13.039978066101613],[14.688674015318192,13.02886043201782],[14.779274138104126,12.95771795981857],[14.816609767166483,12.837104344128717]]],[[[15.792153245589951,4.416115235164093],[15.833551190864895,4.413231028814408],[15.906757817985286,4.483075800688596],[15.967794244193838,4.501818823764248],[16.005699597291827,4.465121998163752],[15.928528657900724,4.232055310645196],[15.876599256653515,4.271476750930472],[15.669502558476088,4.3517993655746325],[15.668059795577046,4.446117575751354],[15.614765131336313,4.480054297222655],[15.585798140553235,4.5739141335332745],[15.52128326501917,4.680044813678592],[15.511478622714074,4.745923448223825],[15.549714113979698,4.716558965653247],[15.590688708019561,4.647347004286443],[15.767834611693216,4.498972789783284],[15.758290084740095,4.455434708604977],[15.792153245589951,4.416115235164093]]],[[[15.101907757323763,4.987424292753468],[15.086916142815172,4.963694402417541],[15.030654925422333,4.985394419990122],[14.878070900487632,5.133228234626047],[14.907746298240836,5.233540205641888],[14.98211965201409,5.282025166738779],[15.088668246475542,5.21763356321757],[15.120545469053688,5.130887275280119],[15.129053018895286,5.082951410898433],[15.101907757323763,4.987424292753468]]],[[[15.885038137925669,5.696200409573374],[15.898354685306016,5.624051235871189],[15.825930387476967,5.705239066827733],[15.864103457565399,5.789105296848885],[15.87236195352799,5.835249398859418],[15.869751459797229,5.861733303844126],[15.795724841436892,5.911278384215857],[15.83979873508045,5.981481945582711],[15.883972554893884,6.003155925045325],[15.911211562033984,6.0084914001966725],[15.904975431512115,5.906108271705556],[15.924392937397501,5.858742923523177],[15.885038137925669,5.696200409573374]]],[[[18.81113916587377,2.841630018635286],[18.793004464400656,2.7881834395673595],[18.75918277226526,2.8096112559244184],[18.652569993314785,2.7899869136775237],[18.59789198362724,2.800899031159509],[18.569586755847965,2.852452795697101],[18.56373355196918,2.875674024523774],[18.65345763206167,2.850567670282832],[18.64192581694927,2.9060614437635786],[18.771380417762238,2.867685998277447],[18.81113916587377,2.841630018635286]]],[[[8.497793306664189,6.314653339030034],[8.454605202613001,6.313140082965227],[8.282243975796968,6.386090467281426],[8.239011404313029,6.436290665061076],[8.442603771413115,6.418622372338075],[8.4948587479685,6.404572105512837],[8.504053906579847,6.335976663734911],[8.497793306664189,6.314653339030034]]],[[[12.138149887830034,9.176316477269076],[12.08234169034355,9.173496302195513],[11.994490943953453,9.270912432163772],[11.97250421227799,9.306652919813423],[11.982728622060007,9.354942942563566],[12.100139842610279,9.415063981964867],[12.173202320473067,9.352035972076855],[12.184884992355679,9.223720222887497],[12.138149887830034,9.176316477269076]]],[[[12.113617253976342,12.567899528230015],[12.44522632677838,12.490832764419277],[12.467201961332261,12.490641497290222],[12.463860899910996,12.513324551892175],[12.469652572459518,12.519418776393753],[12.489027702660621,12.502103145110308],[12.482020990845456,12.456376002486339],[12.429184352000878,12.447389555866021],[12.3803806292484,12.453943027531118],[12.344755749013606,12.431793092915166],[12.247955921535421,12.347163759006678],[12.184142454277286,12.364752847782226],[12.105454102335136,12.348185103977734],[11.967977224788987,12.352050760713691],[11.7902939280713,12.39841371269213],[11.740916137846549,12.367575057448576],[11.677431906018976,12.379251461220818],[11.613737498705023,12.345849321603001],[11.587797735132547,12.34869555724491],[11.573698950121587,12.40209568949832],[11.575301345683965,12.429105042560733],[11.65036341730616,12.448985075138742],[11.640840781265164,12.53236268962981],[11.702007751101277,12.571424781487934],[11.805765533461921,12.563609609661587],[11.903397469165075,12.587893978036513],[12.113617253976342,12.567899528230015]]],[[[15.457796488281922,11.723683301120074],[15.259304520119574,11.721156012419328],[15.18828463569841,11.739865632465621],[15.125960709316963,11.799544892986203],[15.07047989776414,11.890349812852532],[15.012975816311501,11.913881565876858],[14.98999690857197,11.932334625391807],[15.132092900014301,11.991914934969445],[15.256701476511715,12.005523814091607],[15.455854940854264,11.910629130809054],[15.475120387014599,11.867741653290777],[15.475929436413209,11.840533491652518],[15.468023624229865,11.75192147511306],[15.457796488281922,11.723683301120074]]],[[[15.28824883022169,5.122656724698575],[15.421528953171043,5.032228472201952],[15.49844017235197,5.051248364751878],[15.538968878347907,5.035142910378913],[15.622382642740316,4.935002793030033],[15.623614679455422,4.86569803159782],[15.63468666286215,4.805501167886879],[15.628827552260434,4.779812989188055],[15.578153199211549,4.747797094368992],[15.584376336598039,4.7876219665785085],[15.547416383535177,4.797861137059538],[15.418794948072106,4.804501235176198],[15.32045554403428,4.836252113109793],[15.184004852922758,4.851556413197956],[15.244946199334006,4.910498672954619],[15.25913603831963,4.935155040471083],[15.192129885303855,5.040513494909],[15.191419132874067,5.088842632696385],[15.198490961532984,5.115019778120412],[15.259463781983063,5.125472342380396],[15.28824883022169,5.122656724698575]]],[[[17.362785799952405,5.368393942465275],[17.41882701335238,5.349074148971266],[17.537118781696073,5.347878229479709],[17.572637161739223,5.287854565056571],[17.625421762602542,5.264208636754046],[17.670602815032577,5.23494280405148],[17.709754903367664,5.194266853917083],[17.708142086606706,5.171386576540833],[17.697177048689436,5.152136148099306],[17.67110506031076,5.136158297603647],[17.676191136392614,5.095355502723135],[17.63351260390279,5.104489681575645],[17.57840221947179,5.087226181658525],[17.47581955151745,5.142037588164748],[17.438051548974784,5.155466057889373],[17.428737750117794,5.196649485385482],[17.364175239004194,5.2691344713720465],[17.2469239619617,5.326210049457422],[17.309577962321978,5.361583158503321],[17.362785799952405,5.368393942465275]]],[[[18.084239401724897,2.785344846043223],[18.241914936920086,2.719915194294504],[18.292511254860514,2.6575503358289234],[18.232423784130802,2.635949585636628],[18.09046108544145,2.6293000552377186],[18.059656209913275,2.6673900091031006],[17.926735578138555,2.713907575006336],[17.909957474009307,2.780249158818629],[17.84062654319552,2.7636109362114416],[17.87808125431341,2.806474811556851],[17.796645863117856,2.864419475244529],[17.774756455067617,2.9350533001418606],[17.77332283358388,2.9630822315729217],[17.870831871259046,2.922974869726851],[18.084239401724897,2.785344846043223]]],[[[8.49726945344286,6.1646392619620185],[8.513746107966341,6.120778680272809],[8.371797793381036,6.185071415036393],[8.237452980213495,6.288798263381716],[8.16869596306428,6.3180248881321734],[8.123948787492136,6.384867358492969],[8.207896878136943,6.333335743516201],[8.355155488985366,6.282719359109309],[8.49726945344286,6.1646392619620185]]],[[[12.915730791247606,12.21962190831874],[12.882220684917845,12.169991198575307],[12.806846431950449,12.177744610981415],[12.773834252167983,12.194497653442683],[12.828656573318337,12.201720066777385],[12.851529982393469,12.242908731983247],[12.875457892881922,12.256725862691047],[12.915730791247606,12.21962190831874]]],[[[16.963983064589183,11.47196956601581],[16.94032540541523,11.473214022870934],[16.93916830638907,11.55142519944857],[16.956919384592307,11.591467147980463],[17.011196767957895,11.559585888867511],[17.01832330708143,11.489233203287307],[16.963983064589183,11.47196956601581]]],[[[15.584466987641916,3.8841025634394972],[15.566396453305998,3.8070527091549846],[15.487613248201201,3.835610704319787],[15.472398412754291,3.853450325347035],[15.488356467927419,3.901780166720264],[15.55928064973679,3.8992910176464752],[15.584466987641916,3.8841025634394972]]],[[[18.604972605963596,10.117035494596061],[18.59497893744772,10.094284838263711],[18.538172101629993,10.1249239605191],[18.58781276613807,10.172134659313814],[18.610904207321685,10.174013192511158],[18.604972605963596,10.117035494596061]]],[[[20.74054178850458,7.381467741790067],[20.711399507931983,7.2901034544691194],[20.692637202283393,7.275422908045405],[20.672103367216547,7.31232753306265],[20.58524049803192,7.28536792644869],[20.542494547713524,7.250066641974595],[20.49775357095141,7.2252887655074804],[20.39849014142649,7.240261269944334],[20.30560089071933,7.273534489374301],[20.21675385275164,7.328317835670668],[20.138624933237338,7.395662007150416],[20.06211916232111,7.497381448747505],[20.0165937736054,7.600170509107402],[20.048068227472935,7.712803369218742],[20.0218879898777,7.8187490179893055],[19.87138007668464,7.904378262471166],[19.838823401692057,7.930797435463074],[19.775568742813075,8.039087361609322],[19.70925705969816,8.088822478870195],[19.627098994933586,8.185584900291886],[19.606821204256857,8.226358207975235],[19.57500265614315,8.343200864981613],[19.56650261890793,8.412996219914326],[19.607796218077567,8.610698658063338],[19.600989760989545,8.711581820998257],[19.643137709746647,8.698774142054443],[19.686233757120082,8.655762676387605],[19.73605514696178,8.624755989722203],[19.85946201466265,8.596838760991131],[19.95056748506118,8.509876963333728],[20.033944714051376,8.347225666200112],[20.04229101700316,8.295368444332189],[20.069550339266023,8.256430812646645],[20.159832183918663,8.183009192880695],[20.206186865637715,8.136772172011444],[20.289870976793733,7.959734917857974],[20.339231740796485,7.91941271872884],[20.398906577551124,7.899994864599396],[20.453831646653423,7.870987845262103],[20.543516995353333,7.788880854217522],[20.6254192979591,7.697466296650613],[20.67891108065857,7.603909588948803],[20.71804265372006,7.505224850346],[20.74054178850458,7.381467741790067]]],[[[19.520925119140077,8.729276073727043],[19.500971720538846,8.722909805057949],[19.464153182446417,8.851120664129839],[19.460892216884787,8.944343018314665],[19.450894376124108,9.013586839246125],[19.430383763941737,9.055949128209669],[19.498295220130952,9.126258280359627],[19.525865363776212,9.145153097797767],[19.572657193761035,9.101800749734826],[19.575612752540437,9.013490680976675],[19.609488951769062,8.936028246775368],[19.573570473279144,8.774941017956671],[19.520925119140077,8.729276073727043]]]]}},{"type":"Feature","bbox":[-83.027344,7.220068,-77.195996,9.597852],"properties":{"featurecla":"Admin-0 country","scalerank":1,"LABELRANK":4,"SOVEREIGNT":"Panama","SOV_A3":"PAN","ADM0_DIF":0,"LEVEL":2,"TYPE":"Sovereign country","TLC":"1","ADMIN":"Panama","ADM0_A3":"PAN","GEOU_DIF":0,"GEOUNIT":"Panama","GU_A3":"PAN","SU_DIF":0,"SUBUNIT":"Panama","SU_A3":"PAN","BRK_DIFF":0,"NAME":"Panama","NAME_LONG":"Panama","BRK_A3":"PAN","BRK_NAME":"Panama","BRK_GROUP":null,"ABBREV":"Pan.","POSTAL":"PA","FORMAL_EN":"Republic of Panama","FORMAL_FR":null,"NAME_CIAWF":"Panama","NOTE_ADM0":null,"NOTE_BRK":null,"NAME_SORT":"Panama","NAME_ALT":null,"MAPCOLOR7":4,"MAPCOLOR8":4,"MAPCOLOR9":6,"MAPCOLOR13":3,"POP_EST":4246439,"POP_RANK":12,"POP_YEAR":2019,"GDP_MD":66800,"GDP_YEAR":2019,"ECONOMY":"6. Developing region","INCOME_GRP":"3. Upper middle income","FIPS_10":"PM","ISO_A2":"PA","ISO_A2_EH":"PA","ISO_A3":"PAN","ISO_A3_EH":"PAN","ISO_N3":"591","ISO_N3_EH":"591","UN_A3":"591","WB_A2":"PA","WB_A3":"PAN","WOE_ID":23424924,"WOE_ID_EH":23424924,"WOE_NOTE":"Exact WOE match as country","ADM0_ISO":"PAN","ADM0_DIFF":null,"ADM0_TLC":"PAN","ADM0_A3_US":"PAN","ADM0_A3_FR":"PAN","ADM0_A3_RU":"PAN","ADM0_A3_ES":"PAN","ADM0_A3_CN":"PAN","ADM0_A3_TW":"PAN","ADM0_A3_IN":"PAN","ADM0_A3_NP":"PAN","ADM0_A3_PK":"PAN","ADM0_A3_DE":"PAN","ADM0_A3_GB":"PAN","ADM0_A3_BR":"PAN","ADM0_A3_IL":"PAN","ADM0_A3_PS":"PAN","ADM0_A3_SA":"PAN","ADM0_A3_EG":"PAN","ADM0_A3_MA":"PAN","ADM0_A3_PT":"PAN","ADM0_A3_AR":"PAN","ADM0_A3_JP":"PAN","ADM0_A3_KO":"PAN","ADM0_A3_VN":"PAN","ADM0_A3_TR":"PAN","ADM0_A3_ID":"PAN","ADM0_A3_PL":"PAN","ADM0_A3_GR":"PAN","ADM0_A3_IT":"PAN","ADM0_A3_NL":"PAN","ADM0_A3_SE":"PAN","ADM0_A3_BD":"PAN","ADM0_A3_UA":"PAN","ADM0_A3_UN":-99,"ADM0_A3_WB":-99,"CONTINENT":"North America","REGION_UN":"Americas","SUBREGION":"Central America","REGION_WB":"Latin America & Caribbean","NAME_LEN":6,"LONG_LEN":6,"ABBREV_LEN":4,"TINY":-99,"HOMEPART":1,"MIN_ZOOM":0,"MIN_LABEL":4,"MAX_LABEL":9,"LABEL_X":-80.352106,"LABEL_Y":8.72198,"NE_ID":1159321161,"WIKIDATAID":"Q804","NAME_AR":"بنما","NAME_BN":"পানামা","NAME_DE":"Panama","NAME_EN":"Panama","NAME_ES":"Panamá","NAME_FA":"پاناما","NAME_FR":"Panama","NAME_EL":"Παναμάς","NAME_HE":"פנמה","NAME_HI":"पनामा","NAME_HU":"Panama","NAME_ID":"Panama","NAME_IT":"Panama","NAME_JA":"パナマ","NAME_KO":"파나마","NAME_NL":"Panama","NAME_PL":"Panama","NAME_PT":"Panamá","NAME_RU":"Панама","NAME_SV":"Panama","NAME_TR":"Panama","NAME_UK":"Панама","NAME_UR":"پاناما","NAME_VI":"Panama","NAME_ZH":"巴拿马","NAME_ZHT":"巴拿馬","FCLASS_ISO":"Admin-0 country","TLC_DIFF":null,"FCLASS_TLC":"Admin-0 country","FCLASS_US":null,"FCLASS_FR":null,"FCLASS_RU":null,"FCLASS_ES":null,"FCLASS_CN":null,"FCLASS_TW":null,"FCLASS_IN":null,"FCLASS_NP":null,"FCLASS_PK":null,"FCLASS_DE":null,"FCLASS_GB":null,"FCLASS_BR":null,"FCLASS_IL":null,"FCLASS_PS":null,"FCLASS_SA":null,"FCLASS_EG":null,"FCLASS_MA":null,"FCLASS_PT":null,"FCLASS_AR":null,"FCLASS_JP":null,"FCLASS_KO":null,"FCLASS_VN":null,"FCLASS_TR":null,"FCLASS_ID":null,"FCLASS_PL":null,"FCLASS_GR":null,"FCLASS_IT":null,"FCLASS_NL":null,"FCLASS_SE":null,"FCLASS_BD":null,"FCLASS_UA":null},"geometry":{"type":"MultiPolygon","coordinates":[[],[],[],[],[]]}},{"type":"Feature","bbox":[131.134961,3.021875,134.65957,7.712109],"properties":{"featurecla":"Admin-0 country","scalerank":4,"LABELRANK":6,"SOVEREIGNT":"Palau","SOV_A3":"PLW","ADM0_DIF":0,"LEVEL":2,"TYPE":"Sovereign country","TLC":"1","ADMIN":"Palau","ADM0_A3":"PLW","GEOU_DIF":0,"GEOUNIT":"Palau","GU_A3":"PLW","SU_DIF":0,"SUBUNIT":"Palau","SU_A3":"PLW","BRK_DIFF":0,"NAME":"Palau","NAME_LONG":"Palau","BRK_A3":"PLW","BRK_NAME":"Palau","BRK_GROUP":null,"ABBREV":"Palau","POSTAL":"PW","FORMAL_EN":"Republic of Palau","FORMAL_FR":null,"NAME_CIAWF":"Palau","NOTE_ADM0":null,"NOTE_BRK":null,"NAME_SORT":"Palau","NAME_ALT":null,"MAPCOLOR7":2,"MAPCOLOR8":5,"MAPCOLOR9":1,"MAPCOLOR13":12,"POP_EST":18008,"POP_RANK":6,"POP_YEAR":2019,"GDP_MD":268,"GDP_YEAR":2019,"ECONOMY":"6. Developing region","INCOME_GRP":"3. Upper middle income","FIPS_10":"PS","ISO_A2":"PW","ISO_A2_EH":"PW","ISO_A3":"PLW","ISO_A3_EH":"PLW","ISO_N3":"585","ISO_N3_EH":"585","UN_A3":"585","WB_A2":"PW","WB_A3":"PLW","WOE_ID":23424927,"WOE_ID_EH":23424927,"WOE_NOTE":"Exact WOE match as country","ADM0_ISO":"PLW","ADM0_DIFF":null,"ADM0_TLC":"PLW","ADM0_A3_US":"PLW","ADM0_A3_FR":"PLW","ADM0_A3_RU":"PLW","ADM0_A3_ES":"PLW","ADM0_A3_CN":"PLW","ADM0_A3_TW":"PLW","ADM0_A3_IN":"PLW","ADM0_A3_NP":"PLW","ADM0_A3_PK":"PLW","ADM0_A3_DE":"PLW","ADM0_A3_GB":"PLW","ADM0_A3_BR":"PLW","ADM0_A3_IL":"PLW","ADM0_A3_PS":"PLW","ADM0_A3_SA":"PLW","ADM0_A3_EG":"PLW","ADM0_A3_MA":"PLW","ADM0_A3_PT":"PLW","ADM0_A3_AR":"PLW","ADM0_A3_JP":"PLW","ADM0_A3_KO":"PLW","ADM0_A3_VN":"PLW","ADM0_A3_TR":"PLW","ADM0_A3_ID":"PLW","ADM0_A3_PL":"PLW","ADM0_A3_GR":"PLW","ADM0_A3_IT":"PLW","ADM0_A3_NL":"PLW","ADM0_A3_SE":"PLW","ADM0_A3_BD":"PLW","ADM0_A3_UA":"PLW","ADM0_A3_UN":-99,"ADM0_A3_WB":-99,"CONTINENT":"Oceania","REGION_UN":"Oceania","SUBREGION":"Micronesia","REGION_WB":"East Asia & Pacific","NAME_LEN":5,"LONG_LEN":5,"ABBREV_LEN":5,"TINY":2,"HOMEPART":1,"MIN_ZOOM":0,"MIN_LABEL":5,"MAX_LABEL":10,"LABEL_X":134.580157,"LABEL_Y":7.518252,"NE_ID":1159321171,"WIKIDATAID":"Q695","NAME_AR":"بالاو","NAME_BN":"পালাউ","NAME_DE":"Palau","NAME_EN":"Palau","NAME_ES":"Palaos","NAME_FA":"پالائو","NAME_FR":"Palaos","NAME_EL":"Παλάου","NAME_HE":"פלאו","NAME_HI":"पलाउ","NAME_HU":"Palau","NAME_ID":"Palau","NAME_IT":"Palau","NAME_JA":"パラオ","NAME_KO":"팔라우","NAME_NL":"Palau","NAME_PL":"Palau","NAME_PT":"Palau","NAME_RU":"Палау","NAME_SV":"Palau","NAME_TR":"Palau","NAME_UK":"Республіка Палау","NAME_UR":"پلاؤ","NAME_VI":"Palau","NAME_ZH":"帕劳","NAME_ZHT":"帛琉","FCLASS_ISO":"Admin-0 country","TLC_DIFF":null,"FCLASS_TLC":"Admin-0 country","FCLASS_US":null,"FCLASS_FR":null,"FCLASS_RU":null,"FCLASS_ES":null,"FCLASS_CN":null,"FCLASS_TW":null,"FCLASS_IN":null,"FCLASS_NP":null,"FCLASS_PK":null,"FCLASS_DE":null,"FCLASS_GB":null,"FCLASS_BR":null,"FCLASS_IL":null,"FCLASS_PS":null,"FCLASS_SA":null,"FCLASS_EG":null,"FCLASS_MA":null,"FCLASS_PT":null,"FCLASS_AR":null,"FCLASS_JP":null,"FCLASS_KO":null,"FCLASS_VN":null,"FCLASS_TR":null,"FCLASS_ID":null,"FCLASS_PL":null,"FCLASS_GR":null,"FCLASS_IT":null,"FCLASS_NL":null,"FCLASS_SE":null,"FCLASS_BD":null,"FCLASS_UA":null},"geometry":{"type":"MultiPolygon","coordinates":[[[[-3.868686795976954,17.53313232987658],[-3.891668142113575,17.52879747869609],[-3.9064734251175603,17.53177937217285],[-3.904722640386625,17.545101843905844],[-3.8897511124011612,17.55898847902845],[-3.8687472622027466,17.565309805603615],[-3.8530498167995524,17.56082823963054],[-3.854605360827783,17.548150235431148],[-3.868686795976954,17.53313232987658]]],[[[-0.4089443513019681,21.568819682155375],[-0.47034506609835125,21.54936030136254],[-0.49904867099880257,21.618633038911142],[-0.48945008260356515,21.698967302687038],[-0.44876905989383437,21.760723232382258],[-0.4045484805089451,21.780523215189703],[-0.3954672031181645,21.78760204368599],[-0.3525163467283417,21.867712615914108],[-0.3440396529647736,21.82356333707891],[-0.37121392661230224,21.6769456494607],[-0.40606963220236314,21.619804474473675],[-0.4089443513019681,21.568819682155375]]]]}},{"type":"Feature","bbox":[51.977637,16.648389,59.8375,26.356348],"properties":{"featurecla":"Admin-0 country","scalerank":3,"LABELRANK":4,"SOVEREIGNT":"Oman","SOV_A3":"OMN","ADM0_DIF":0,"LEVEL":2,"TYPE":"Sovereign country","TLC":"1","ADMIN":"Oman","ADM0_A3":"OMN","GEOU_DIF":0,"GEOUNIT":"Oman","GU_A3":"OMN","SU_DIF":0,"SUBUNIT":"Oman","SU_A3":"OMN","BRK_DIFF":0,"NAME":"Oman","NAME_LONG":"Oman","BRK_A3":"OMN","BRK_NAME":"Oman","BRK_GROUP":null,"ABBREV":"Oman","POSTAL":"OM","FORMAL_EN":"Sultanate of Oman","FORMAL_FR":null,"NAME_CIAWF":"Oman","NOTE_ADM0":null,"NOTE_BRK":null,"NAME_SORT":"Oman","NAME_ALT":null,"MAPCOLOR7":1,"MAPCOLOR8":4,"MAPCOLOR9":1,"MAPCOLOR13":6,"POP_EST":4974986,"POP_RANK":12,"POP_YEAR":2019,"GDP_MD":76331,"GDP_YEAR":2019,"ECONOMY":"6. Developing region","INCOME_GRP":"2. High income: nonOECD","FIPS_10":"MU","ISO_A2":"OM","ISO_A2_EH":"OM","ISO_A3":"OMN","ISO_A3_EH":"OMN","ISO_N3":"512","ISO_N3_EH":"512","UN_A3":"512","WB_A2":"OM","WB_A3":"OMN","WOE_ID":23424898,"WOE_ID_EH":23424898,"WOE_NOTE":"Exact WOE match as country","ADM0_ISO":"OMN","ADM0_DIFF":null,"ADM0_TLC":"OMN","ADM0_A3_US":"OMN","ADM0_A3_FR":"OMN","ADM0_A3_RU":"OMN","ADM0_A3_ES":"OMN","ADM0_A3_CN":"OMN","ADM0_A3_TW":"OMN","ADM0_A3_IN":"OMN","ADM0_A3_NP":"OMN","ADM0_A3_PK":"OMN","ADM0_A3_DE":"OMN","ADM0_A3_GB":"OMN","ADM0_A3_BR":"OMN","ADM0_A3_IL":"OMN","ADM0_A3_PS":"OMN","ADM0_A3_SA":"OMN","ADM0_A3_EG":"OMN","ADM0_A3_MA":"OMN","ADM0_A3_PT":"OMN","ADM0_A3_AR":"OMN","ADM0_A3_JP":"OMN","ADM0_A3_KO":"OMN","ADM0_A3_VN":"OMN","ADM0_A3_TR":"OMN","ADM0_A3_ID":"OMN","ADM0_A3_PL":"OMN","ADM0_A3_GR":"OMN","ADM0_A3_IT":"OMN","ADM0_A3_NL":"OMN","ADM0_A3_SE":"OMN","ADM0_A3_BD":"OMN","ADM0_A3_UA":"OMN","ADM0_A3_UN":-99,"ADM0_A3_WB":-99,"CONTINENT":"Asia","REGION_UN":"Asia","SUBREGION":"Western Asia","REGION_WB":"Middle East & North Africa","NAME_LEN":4,"LONG_LEN":4,"ABBREV_LEN":4,"TINY":-99,"HOMEPART":1,"MIN_ZOOM":0,"MIN_LABEL":4,"MAX_LABEL":9,"LABEL_X":57.336553,"LABEL_Y":22.120427,"NE_ID":1159321151,"WIKIDATAID":"Q842","NAME_AR":"سلطنة عمان","NAME_BN":"ওমান","NAME_DE":"Oman","NAME_EN":"Oman","NAME_ES":"Omán","NAME_FA":"عمان","NAME_FR":"Oman","NAME_EL":"Ομάν","NAME_HE":"עומאן","NAME_HI":"ओमान","NAME_HU":"Omán","NAME_ID":"Oman","NAME_IT":"Oman","NAME_JA":"オマーン","NAME_KO":"오만","NAME_NL":"Oman","NAME_PL":"Oman","NAME_PT":"Omã","NAME_RU":"Оман","NAME_SV":"Oman","NAME_TR":"Umman","NAME_UK":"Оман","NAME_UR":"عمان","NAME_VI":"Oman","NAME_ZH":"阿曼","NAME_ZHT":"阿曼","FCLASS_ISO":"Admin-0 country","TLC_DIFF":null,"FCLASS_TLC":"Admin-0 country","FCLASS_US":null,"FCLASS_FR":null,"FCLASS_RU":null,"FCLASS_ES":null,"FCLASS_CN":null,"FCLASS_TW":null,"FCLASS_IN":null,"FCLASS_NP":null,"FCLASS_PK":null,"FCLASS_DE":null,"FCLASS_GB":null,"FCLASS_BR":null,"FCLASS_IL":null,"FCLASS_PS":null,"FCLASS_SA":null,"FCLASS_EG":null,"FCLASS_MA":null,"FCLASS_PT":null,"FCLASS_AR":null,"FCLASS_JP":null,"FCLASS_KO":null,"FCLASS_VN":null,"FCLASS_TR":null,"FCLASS_ID":null,"FCLASS_PL":null,"FCLASS_GR":null,"FCLASS_IT":null,"FCLASS_NL":null,"FCLASS_SE":null,"FCLASS_BD":null,"FCLASS_UA":null},"geometry":{"type":"MultiPolygon","coordinates":[[],[],[],[]]}},{"type":"Feature","bbox":[-9.098877,58.020947,33.629297,80.477832],"properties":{"featurecla":"Admin-0 country","scalerank":1,"LABELRANK":3,"SOVEREIGNT":"Norway","SOV_A3":"NOR","ADM0_DIF":0,"LEVEL":2,"TYPE":"Sovereign country","TLC":null,"ADMIN":"Norway","ADM0_A3":"NOR","GEOU_DIF":0,"GEOUNIT":"Norway","GU_A3":"NOR","SU_DIF":0,"SUBUNIT":"Norway","SU_A3":"NOR","BRK_DIFF":0,"NAME":"Norway","NAME_LONG":"Norway","BRK_A3":"NOR","BRK_NAME":"Norway","BRK_GROUP":null,"ABBREV":"Nor.","POSTAL":"N","FORMAL_EN":"Kingdom of Norway","FORMAL_FR":null,"NAME_CIAWF":"Norway","NOTE_ADM0":null,"NOTE_BRK":null,"NAME_SORT":"Norway","NAME_ALT":null,"MAPCOLOR7":5,"MAPCOLOR8":3,"MAPCOLOR9":8,"MAPCOLOR13":12,"POP_EST":5347896,"POP_RANK":13,"POP_YEAR":2019,"GDP_MD":403336,"GDP_YEAR":2019,"ECONOMY":"2. Developed region: nonG7","INCOME_GRP":"1. High income: OECD","FIPS_10":"-99","ISO_A2":"-99","ISO_A2_EH":"NO","ISO_A3":"-99","ISO_A3_EH":"NOR","ISO_N3":"-99","ISO_N3_EH":"578","UN_A3":"-99","WB_A2":"-99","WB_A3":"-99","WOE_ID":-90,"WOE_ID_EH":23424910,"WOE_NOTE":"Does not include Svalbard, Jan Mayen, or Bouvet Islands (28289410).","ADM0_ISO":"NOR","ADM0_DIFF":null,"ADM0_TLC":"NOR","ADM0_A3_US":"NOR","ADM0_A3_FR":"NOR","ADM0_A3_RU":"NOR","ADM0_A3_ES":"NOR","ADM0_A3_CN":"NOR","ADM0_A3_TW":"NOR","ADM0_A3_IN":"NOR","ADM0_A3_NP":"NOR","ADM0_A3_PK":"NOR","ADM0_A3_DE":"NOR","ADM0_A3_GB":"NOR","ADM0_A3_BR":"NOR","ADM0_A3_IL":"NOR","ADM0_A3_PS":"NOR","ADM0_A3_SA":"NOR","ADM0_A3_EG":"NOR","ADM0_A3_MA":"NOR","ADM0_A3_PT":"NOR","ADM0_A3_AR":"NOR","ADM0_A3_JP":"NOR","ADM0_A3_KO":"NOR","ADM0_A3_VN":"NOR","ADM0_A3_TR":"NOR","ADM0_A3_ID":"NOR","ADM0_A3_PL":"NOR","ADM0_A3_GR":"NOR","ADM0_A3_IT":"NOR","ADM0_A3_NL":"NOR","ADM0_A3_SE":"NOR","ADM0_A3_BD":"NOR","ADM0_A3_UA":"NOR","ADM0_A3_UN":-99,"ADM0_A3_WB":-99,"CONTINENT":"Europe","REGION_UN":"Europe","SUBREGION":"Northern Europe","REGION_WB":"Europe & Central Asia","NAME_LEN":6,"LONG_LEN":6,"ABBREV_LEN":4,"TINY":-99,"HOMEPART":1,"MIN_ZOOM":0,"MIN_LABEL":3,"MAX_LABEL":7,"LABEL_X":9.679975,"LABEL_Y":61.357092,"NE_ID":1159321109,"WIKIDATAID":"Q20","NAME_AR":"النرويج","NAME_BN":"নরওয়ে","NAME_DE":"Norwegen","NAME_EN":"Norway","NAME_ES":"Noruega","NAME_FA":"نروژ","NAME_FR":"Norvège","NAME_EL":"Νορβηγία","NAME_HE":"נורווגיה","NAME_HI":"नॉर्वे","NAME_HU":"Norvégia","NAME_ID":"Norwegia","NAME_IT":"Norvegia","NAME_JA":"ノルウェー","NAME_KO":"노르웨이","NAME_NL":"Noorwegen","NAME_PL":"Norwegia","NAME_PT":"Noruega","NAME_RU":"Норвегия","NAME_SV":"Norge","NAME_TR":"Norveç","NAME_UK":"Норвегія","NAME_UR":"ناروے","NAME_VI":"Na Uy","NAME_ZH":"挪威","NAME_ZHT":"挪威","FCLASS_ISO":"Unrecognized","TLC_DIFF":null,"FCLASS_TLC":"Unrecognized","FCLASS_US":null,"FCLASS_FR":null,"FCLASS_RU":null,"FCLASS_ES":null,"FCLASS_CN":null,"FCLASS_TW":null,"FCLASS_IN":null,"FCLASS_NP":null,"FCLASS_PK":null,"FCLASS_DE":null,"FCLASS_GB":null,"FCLASS_BR":null,"FCLASS_IL":null,"FCLASS_PS":null,"FCLASS_SA":null,"FCLASS_EG":null,"FCLASS_MA":null,"FCLASS_PT":null,"FCLASS_AR":null,"FCLASS_JP":null,"FCLASS_KO":null,"FCLASS_VN":null,"FCLASS_TR":null,"FCLASS_ID":null,"FCLASS_PL":null,"FCLASS_GR":null,"FCLASS_IT":null,"FCLASS_NL":null,"FCLASS_SE":null,"FCLASS_BD":null,"FCLASS_UA":null},"geometry":{"type":"MultiPolygon","coordinates":[[],[],[],[],[],[],[],[],[],[],[],[],[],[],[],[],[],[],[],[],[],[],[],[],[],[],[],[],[],[],[],[]]}},{"type":"Feature","bbox":[124.348633,37.719043,130.687305,42.998145],"properties":{"featurecla":"Admin-0 country","scalerank":1,"LABELRANK":3,"SOVEREIGNT":"North Korea","SOV_A3":"PRK","ADM0_DIF":0,"LEVEL":2,"TYPE":"Sovereign country","TLC":"1","ADMIN":"North Korea","ADM0_A3":"PRK","GEOU_DIF":0,"GEOUNIT":"North Korea","GU_A3":"PRK","SU_DIF":0,"SUBUNIT":"North Korea","SU_A3":"PRK","BRK_DIFF":0,"NAME":"North Korea","NAME_LONG":"Dem. Rep. Korea","BRK_A3":"PRK","BRK_NAME":"Dem. Rep. Korea","BRK_GROUP":null,"ABBREV":"N.K.","POSTAL":"KP","FORMAL_EN":"Democratic People's Republic of Korea","FORMAL_FR":null,"NAME_CIAWF":"Korea, North","NOTE_ADM0":null,"NOTE_BRK":null,"NAME_SORT":"Korea, Dem. Rep.","NAME_ALT":null,"MAPCOLOR7":3,"MAPCOLOR8":5,"MAPCOLOR9":3,"MAPCOLOR13":9,"POP_EST":25666161,"POP_RANK":15,"POP_YEAR":2019,"GDP_MD":40000,"GDP_YEAR":2016,"ECONOMY":"7. Least developed region","INCOME_GRP":"5. Low income","FIPS_10":"KN","ISO_A2":"KP","ISO_A2_EH":"KP","ISO_A3":"PRK","ISO_A3_EH":"PRK","ISO_N3":"408","ISO_N3_EH":"408","UN_A3":"408","WB_A2":"KP","WB_A3":"PRK","WOE_ID":23424865,"WOE_ID_EH":23424865,"WOE_NOTE":"Exact WOE match as country","ADM0_ISO":"PRK","ADM0_DIFF":null,"ADM0_TLC":"PRK","ADM0_A3_US":"PRK","ADM0_A3_FR":"PRK","ADM0_A3_RU":"PRK","ADM0_A3_ES":"PRK","ADM0_A3_CN":"PRK","ADM0_A3_TW":"PRK","ADM0_A3_IN":"PRK","ADM0_A3_NP":"PRK","ADM0_A3_PK":"PRK","ADM0_A3_DE":"PRK","ADM0_A3_GB":"PRK","ADM0_A3_BR":"PRK","ADM0_A3_IL":"PRK","ADM0_A3_PS":"PRK","ADM0_A3_SA":"PRK","ADM0_A3_EG":"PRK","ADM0_A3_MA":"PRK","ADM0_A3_PT":"PRK","ADM0_A3_AR":"PRK","ADM0_A3_JP":"PRK","ADM0_A3_KO":"PRK","ADM0_A3_VN":"PRK","ADM0_A3_TR":"PRK","ADM0_A3_ID":"PRK","ADM0_A3_PL":"PRK","ADM0_A3_GR":"PRK","ADM0_A3_IT":"PRK","ADM0_A3_NL":"PRK","ADM0_A3_SE":"PRK","ADM0_A3_BD":"PRK","ADM0_A3_UA":"PRK","ADM0_A3_UN":-99,"ADM0_A3_WB":-99,"CONTINENT":"Asia","REGION_UN":"Asia","SUBREGION":"Eastern Asia","REGION_WB":"East Asia & Pacific","NAME_LEN":11,"LONG_LEN":15,"ABBREV_LEN":4,"TINY":-99,"HOMEPART":1,"MIN_ZOOM":0,"MIN_LABEL":3,"MAX_LABEL":8,"LABEL_X":126.444516,"LABEL_Y":39.885252,"NE_ID":1159321181,"WIKIDATAID":"Q423","NAME_AR":"كوريا الشمالية","NAME_BN":"উত্তর কোরিয়া","NAME_DE":"Nordkorea","NAME_EN":"North Korea","NAME_ES":"Corea del Norte","NAME_FA":"کره شمالی","NAME_FR":"Corée du Nord","NAME_EL":"Βόρεια Κορέα","NAME_HE":"קוריאה הצפונית","NAME_HI":"उत्तर कोरिया","NAME_HU":"Észak-Korea","NAME_ID":"Korea Utara","NAME_IT":"Corea del Nord","NAME_JA":"朝鮮民主主義人民共和国","NAME_KO":"조선민주주의인민공화국","NAME_NL":"Noord-Korea","NAME_PL":"Korea Północna","NAME_PT":"Coreia do Norte","NAME_RU":"КНДР","NAME_SV":"Nordkorea","NAME_TR":"Kuzey Kore","NAME_UK":"Корейська Народно-Демократична Республіка","NAME_UR":"شمالی کوریا","NAME_VI":"Cộng hòa Dân chủ Nhân dân Triều Tiên","NAME_ZH":"朝鲜民主主义人民共和国","NAME_ZHT":"朝鮮民主主義人民共和國","FCLASS_ISO":"Admin-0 country","TLC_DIFF":null,"FCLASS_TLC":"Admin-0 country","FCLASS_US":null,"FCLASS_FR":null,"FCLASS_RU":null,"FCLASS_ES":null,"FCLASS_CN":null,"FCLASS_TW":null,"FCLASS_IN":null,"FCLASS_NP":null,"FCLASS_PK":null,"FCLASS_DE":null,"FCLASS_GB":null,"FCLASS_BR":null,"FCLASS_IL":null,"FCLASS_PS":null,"FCLASS_SA":null,"FCLASS_EG":null,"FCLASS_MA":null,"FCLASS_PT":null,"FCLASS_AR":null,"FCLASS_JP":null,"FCLASS_KO":null,"FCLASS_VN":null,"FCLASS_TR":null,"FCLASS_ID":null,"FCLASS_PL":null,"FCLASS_GR":null,"FCLASS_IT":null,"FCLASS_NL":null,"FCLASS_SE":null,"FCLASS_BD":null,"FCLASS_UA":null},"geometry":{"type":"MultiPolygon","coordinates":[[],[]]}},{"type":"Feature","bbox":[2.686035,4.277393,14.627148,13.872852],"properties":{"featurecla":"Admin-0 country","scalerank":1,"LABELRANK":2,"SOVEREIGNT":"Nigeria","SOV_A3":"NGA","ADM0_DIF":0,"LEVEL":2,"TYPE":"Sovereign country","TLC":"1","ADMIN":"Nigeria","ADM0_A3":"NGA","GEOU_DIF":0,"GEOUNIT":"Nigeria","GU_A3":"NGA","SU_DIF":0,"SUBUNIT":"Nigeria","SU_A3":"NGA","BRK_DIFF":0,"NAME":"Nigeria","NAME_LONG":"Nigeria","BRK_A3":"NGA","BRK_NAME":"Nigeria","BRK_GROUP":null,"ABBREV":"Nigeria","POSTAL":"NG","FORMAL_EN":"Federal Republic of Nigeria","FORMAL_FR":null,"NAME_CIAWF":"Nigeria","NOTE_ADM0":null,"NOTE_BRK":null,"NAME_SORT":"Nigeria","NAME_ALT":null,"MAPCOLOR7":3,"MAPCOLOR8":2,"MAPCOLOR9":5,"MAPCOLOR13":2,"POP_EST":200963599,"POP_RANK":17,"POP_YEAR":2019,"GDP_MD":448120,"GDP_YEAR":2019,"ECONOMY":"5. Emerging region: G20","INCOME_GRP":"4. Lower middle income","FIPS_10":"NI","ISO_A2":"NG","ISO_A2_EH":"NG","ISO_A3":"NGA","ISO_A3_EH":"NGA","ISO_N3":"566","ISO_N3_EH":"566","UN_A3":"566","WB_A2":"NG","WB_A3":"NGA","WOE_ID":23424908,"WOE_ID_EH":23424908,"WOE_NOTE":"Exact WOE match as country","ADM0_ISO":"NGA","ADM0_DIFF":null,"ADM0_TLC":"NGA","ADM0_A3_US":"NGA","ADM0_A3_FR":"NGA","ADM0_A3_RU":"NGA","ADM0_A3_ES":"NGA","ADM0_A3_CN":"NGA","ADM0_A3_TW":"NGA","ADM0_A3_IN":"NGA","ADM0_A3_NP":"NGA","ADM0_A3_PK":"NGA","ADM0_A3_DE":"NGA","ADM0_A3_GB":"NGA","ADM0_A3_BR":"NGA","ADM0_A3_IL":"NGA","ADM0_A3_PS":"NGA","ADM0_A3_SA":"NGA","ADM0_A3_EG":"NGA","ADM0_A3_MA":"NGA","ADM0_A3_PT":"NGA","ADM0_A3_AR":"NGA","ADM0_A3_JP":"NGA","ADM0_A3_KO":"NGA","ADM0_A3_VN":"NGA","ADM0_A3_TR":"NGA","ADM0_A3_ID":"NGA","ADM0_A3_PL":"NGA","ADM0_A3_GR":"NGA","ADM0_A3_IT":"NGA","ADM0_A3_NL":"NGA","ADM0_A3_SE":"NGA","ADM0_A3_BD":"NGA","ADM0_A3_UA":"NGA","ADM0_A3_UN":-99,"ADM0_A3_WB":-99,"CONTINENT":"Africa","REGION_UN":"Africa","SUBREGION":"Western Africa","REGION_WB":"Sub-Saharan Africa","NAME_LEN":7,"LONG_LEN":7,"ABBREV_LEN":7,"TINY":-99,"HOMEPART":1,"MIN_ZOOM":0,"MIN_LABEL":1.7,"MAX_LABEL":6.7,"LABEL_X":7.50322,"LABEL_Y":9.439799,"NE_ID":1159321089,"WIKIDATAID":"Q1033","NAME_AR":"نيجيريا","NAME_BN":"নাইজেরিয়া","NAME_DE":"Nigeria","NAME_EN":"Nigeria","NAME_ES":"Nigeria","NAME_FA":"نیجریه","NAME_FR":"Nigeria","NAME_EL":"Νιγηρία","NAME_HE":"ניגריה","NAME_HI":"नाईजीरिया","NAME_HU":"Nigéria","NAME_ID":"Nigeria","NAME_IT":"Nigeria","NAME_JA":"ナイジェリア","NAME_KO":"나이지리아","NAME_NL":"Nigeria","NAME_PL":"Nigeria","NAME_PT":"Nigéria","NAME_RU":"Нигерия","NAME_SV":"Nigeria","NAME_TR":"Nijerya","NAME_UK":"Нігерія","NAME_UR":"نائجیریا","NAME_VI":"Nigeria","NAME_ZH":"尼日利亚","NAME_ZHT":"奈及利亞","FCLASS_ISO":"Admin-0 country","TLC_DIFF":null,"FCLASS_TLC":"Admin-0 country","FCLASS_US":null,"FCLASS_FR":null,"FCLASS_RU":null,"FCLASS_ES":null,"FCLASS_CN":null,"FCLASS_TW":null,"FCLASS_IN":null,"FCLASS_NP":null,"FCLASS_PK":null,"FCLASS_DE":null,"FCLASS_GB":null,"FCLASS_BR":null,"FCLASS_IL":null,"FCLASS_PS":null,"FCLASS_SA":null,"FCLASS_EG":null,"FCLASS_MA":null,"FCLASS_PT":null,"FCLASS_AR":null,"FCLASS_JP":null,"FCLASS_KO":null,"FCLASS_VN":null,"FCLASS_TR":null,"FCLASS_ID":null,"FCLASS_PL":null,"FCLASS_GR":null,"FCLASS_IT":null,"FCLASS_NL":null,"FCLASS_SE":null,"FCLASS_BD":null,"FCLASS_UA":null},"geometry":{"type":"MultiPolygon","coordinates":[[],[]]}},{"type":"Feature","bbox":[-176.847656,-52.570312,178.53623,-8.546484],"properties":{"featurecla":"Admin-0 country","scalerank":1,"LABELRANK":2,"SOVEREIGNT":"New Zealand","SOV_A3":"NZ1","ADM0_DIF":1,"LEVEL":2,"TYPE":"Country","TLC":"1","ADMIN":"New Zealand","ADM0_A3":"NZL","GEOU_DIF":0,"GEOUNIT":"New Zealand","GU_A3":"NZL","SU_DIF":0,"SUBUNIT":"New Zealand","SU_A3":"NZL","BRK_DIFF":0,"NAME":"New Zealand","NAME_LONG":"New Zealand","BRK_A3":"NZL","BRK_NAME":"New Zealand","BRK_GROUP":null,"ABBREV":"N.Z.","POSTAL":"NZ","FORMAL_EN":"New Zealand","FORMAL_FR":null,"NAME_CIAWF":"New Zealand","NOTE_ADM0":null,"NOTE_BRK":null,"NAME_SORT":"New Zealand","NAME_ALT":null,"MAPCOLOR7":3,"MAPCOLOR8":3,"MAPCOLOR9":4,"MAPCOLOR13":4,"POP_EST":4917000,"POP_RANK":12,"POP_YEAR":2019,"GDP_MD":206928,"GDP_YEAR":2019,"ECONOMY":"2. Developed region: nonG7","INCOME_GRP":"1. High income: OECD","FIPS_10":"NZ","ISO_A2":"NZ","ISO_A2_EH":"NZ","ISO_A3":"NZL","ISO_A3_EH":"NZL","ISO_N3":"554","ISO_N3_EH":"554","UN_A3":"554","WB_A2":"NZ","WB_A3":"NZL","WOE_ID":23424916,"WOE_ID_EH":23424916,"WOE_NOTE":"Exact WOE match as country","ADM0_ISO":"NZL","ADM0_DIFF":null,"ADM0_TLC":"NZL","ADM0_A3_US":"NZL","ADM0_A3_FR":"NZL","ADM0_A3_RU":"NZL","ADM0_A3_ES":"NZL","ADM0_A3_CN":"NZL","ADM0_A3_TW":"NZL","ADM0_A3_IN":"NZL","ADM0_A3_NP":"NZL","ADM0_A3_PK":"NZL","ADM0_A3_DE":"NZL","ADM0_A3_GB":"NZL","ADM0_A3_BR":"NZL","ADM0_A3_IL":"NZL","ADM0_A3_PS":"NZL","ADM0_A3_SA":"NZL","ADM0_A3_EG":"NZL","ADM0_A3_MA":"NZL","ADM0_A3_PT":"NZL","ADM0_A3_AR":"NZL","ADM0_A3_JP":"NZL","ADM0_A3_KO":"NZL","ADM0_A3_VN":"NZL","ADM0_A3_TR":"NZL","ADM0_A3_ID":"NZL","ADM0_A3_PL":"NZL","ADM0_A3_GR":"NZL","ADM0_A3_IT":"NZL","ADM0_A3_NL":"NZL","ADM0_A3_SE":"NZL","ADM0_A3_BD":"NZL","ADM0_A3_UA":"NZL","ADM0_A3_UN":-99,"ADM0_A3_WB":-99,"CONTINENT":"Oceania","REGION_UN":"Oceania","SUBREGION":"Australia and New Zealand","REGION_WB":"East Asia & Pacific","NAME_LEN":11,"LONG_LEN":11,"ABBREV_LEN":4,"TINY":-99,"HOMEPART":1,"MIN_ZOOM":0,"MIN_LABEL":2,"MAX_LABEL":6.7,"LABEL_X":172.787,"LABEL_Y":-39.759,"NE_ID":1159321135,"WIKIDATAID":"Q664","NAME_AR":"نيوزيلندا","NAME_BN":"নিউজিল্যান্ড","NAME_DE":"Neuseeland","NAME_EN":"New Zealand","NAME_ES":"Nueva Zelanda","NAME_FA":"نیوزیلند","NAME_FR":"Nouvelle-Zélande","NAME_EL":"Νέα Ζηλανδία","NAME_HE":"ניו זילנד","NAME_HI":"न्यूज़ीलैण्ड","NAME_HU":"Új-Zéland","NAME_ID":"Selandia Baru","NAME_IT":"Nuova Zelanda","NAME_JA":"ニュージーランド","NAME_KO":"뉴질랜드","NAME_NL":"Nieuw-Zeeland","NAME_PL":"Nowa Zelandia","NAME_PT":"Nova Zelândia","NAME_RU":"Новая Зеландия","NAME_SV":"Nya Zeeland","NAME_TR":"Yeni Zelanda","NAME_UK":"Нова Зеландія","NAME_UR":"نیوزی لینڈ","NAME_VI":"New Zealand","NAME_ZH":"新西兰","NAME_ZHT":"新西蘭","FCLASS_ISO":"Admin-0 country","TLC_DIFF":null,"FCLASS_TLC":"Admin-0 country","FCLASS_US":null,"FCLASS_FR":null,"FCLASS_RU":null,"FCLASS_ES":null,"FCLASS_CN":null,"FCLASS_TW":null,"FCLASS_IN":null,"FCLASS_NP":null,"FCLASS_PK":null,"FCLASS_DE":null,"FCLASS_GB":null,"FCLASS_BR":null,"FCLASS_IL":null,"FCLASS_PS":null,"FCLASS_SA":null,"FCLASS_EG":null,"FCLASS_MA":null,"FCLASS_PT":null,"FCLASS_AR":null,"FCLASS_JP":null,"FCLASS_KO":null,"FCLASS_VN":null,"FCLASS_TR":null,"FCLASS_ID":null,"FCLASS_PL":null,"FCLASS_GR":null,"FCLASS_IT":null,"FCLASS_NL":null,"FCLASS_SE":null,"FCLASS_BD":null,"FCLASS_UA":null},"geometry":{"type":"MultiPolygon","coordinates":[[[[28.530818418185703,-28.36221852952926],[28.609617601931422,-28.38618372229655],[28.713078997164956,-28.342366410418634],[28.813008184205252,-28.31063542443819],[28.912978666259868,-28.288666477198657],[29.080259705892704,-28.22296530872593],[29.11892620322612,-28.216846965629376],[29.20703178973611,-28.21838677841985],[29.252295904295114,-28.20438789744917],[29.293461174688176,-28.208694475642513],[29.232127941354285,-28.25709642897916],[29.17924120151016,-28.26508251935144],[29.16266756440989,-28.28394292536415],[29.17190924575635,-28.323007516171305],[29.112091616593748,-28.359571346234496],[29.08658925955895,-28.41741571680621],[29.009817286765493,-28.473947548104245],[29.091894934885964,-28.463594163284103],[29.13795828078749,-28.42577154813573],[29.13657526009682,-28.39761092113309],[29.189685608440676,-28.35577193103068],[29.247014077442472,-28.34393785166317],[29.246145977430864,-28.301756759477342],[29.261321970849217,-28.272424294924225],[29.312835128545945,-28.29766363216709],[29.341766117434098,-28.303574157514404],[29.36961549701829,-28.297509157372364],[29.412677258514393,-28.303200852261867],[29.40545251604586,-28.338458287941393],[29.462266353941466,-28.34822595214479],[29.422576958388568,-28.38499330197592],[29.357812219982204,-28.42262730546563],[29.33408194508669,-28.449479188327803],[29.244069851174835,-28.481073906820086],[29.18934835463215,-28.490531906778145],[29.255997313289626,-28.513395789627147],[29.387970717843768,-28.474015429011722],[29.475469423249333,-28.431712080428532],[29.43957465622881,-28.50311687677907],[29.360132478479382,-28.555024395993787],[29.29904023134312,-28.5850442943526],[29.246155561794687,-28.58572293813802],[29.183680905491183,-28.60678734848978],[29.135412803248233,-28.654868760715335],[29.120936162707775,-28.69119434430732],[29.120903454445315,-28.722924201139783],[29.145620847457614,-28.782842280319414],[29.048007655417866,-28.86128572390842],[29.11307302042381,-28.864930564809274],[29.137325786808493,-28.890501195310744],[29.157299755984084,-28.955107871812096],[29.10040514213446,-29.009166508928583],[29.066057439561167,-29.035510225206764],[28.88814135844839,-29.134672648375915],[28.806194853369867,-29.187052654450792],[28.726994246366004,-29.213796716505573],[28.694691276821406,-29.282321155659556],[28.636753838045017,-29.32348093572489],[28.382598667351694,-29.450342286958605],[28.33452094360674,-29.47961359713481],[28.068552601766342,-29.715368081585797],[27.927364461909683,-29.80697957573087],[27.85937876252991,-29.83319876260114],[27.792157096853074,-29.851518959566246],[27.641458014106075,-29.873952699357567],[27.556798208071044,-29.921542985025074],[27.471393838080992,-29.95733105705671],[27.40163972425429,-29.953007851406195],[27.392755923802472,-29.97593431806755],[27.427793158085034,-29.99851316249664],[27.44368863779201,-30.039619295084798],[27.401770959716554,-30.071025926852737],[27.34462391349438,-30.083236832690723],[27.293871111980636,-30.07838882448687],[27.25820800837568,-30.096303309195484],[27.379509754419214,-30.106945935417485],[27.40181588488008,-30.134201605468892],[27.387755633595372,-30.176532830203023],[27.38141821693593,-30.216305371151645],[27.384739074370604,-30.27180736313555],[27.46405396270005,-30.32610494497077],[27.54177192207035,-30.361567835400507],[27.547261092606462,-30.3882466385203],[27.52117582904473,-30.469099597755598],[27.486707524266098,-30.503375721323312],[27.455148482995483,-30.523730894386556],[27.422292301888145,-30.525622249445078],[27.350831133770082,-30.513488333512875],[27.29035001129241,-30.478947477291385],[27.26761770051292,-30.420698831417912],[27.1290595132565,-30.403715589582575],[27.089050816103075,-30.405333147459228],[27.07516257724938,-30.39249919121235],[27.172125846563567,-30.360840437917098],[27.147770315726532,-30.323440183801544],[27.12128649845583,-30.305191351829667],[27.079047939305294,-30.313243757631913],[27.043381227478907,-30.33352862383807],[27.01550614917035,-30.374517827547294],[26.979963500373728,-30.393374713249795],[26.940237142973277,-30.391601330261253],[26.906270355133433,-30.34390065277129],[26.880291507808533,-30.28103553985638],[26.830369734515696,-30.21207955810995],[26.826398184777275,-30.246414218996453],[26.8463370409355,-30.33757908138084],[26.850108491194657,-30.395778879355166],[26.763367819510275,-30.420596620264707],[26.678290696230896,-30.435781298189877],[26.610519898571106,-30.44041696828469],[26.540922013178864,-30.456306941844158],[26.453901242970684,-30.48627312978249],[26.410281246508454,-30.49402703882369],[26.31454429035343,-30.47247549624666],[26.256862714713037,-30.474909460843044],[26.21108064793492,-30.530857902519834],[26.15706499761407,-30.560529141245368],[26.06994960451912,-30.548516315064365],[26.094293372082305,-30.567516853039276],[26.103764228968554,-30.590896566873706],[25.961770393286432,-30.757945207855265],[25.913600338709283,-30.82965962918747],[25.841518618418785,-30.954554598187478],[25.74953188505069,-31.06437955703661],[25.651519967328625,-31.0407337988932],[25.65727674816693,-31.065305144525816],[25.715363070000596,-31.11582465134704],[25.67688059100694,-31.16268130972184],[25.550502098404166,-31.234960820510018],[25.490635418383338,-31.27985462210962],[25.394783408872804,-31.40007768812039],[25.28727587223377,-31.506283101399884],[25.145478698433937,-31.62233794509172],[25.133036192140775,-31.646194460329877],[25.14269206094352,-31.68631268991929],[25.16016385777492,-31.72313831978442],[25.1413433132638,-31.764991919461284],[25.120639607948476,-31.78452142347345],[25.081899312578425,-31.781963943198843],[25.043497339147336,-31.788976570918884],[24.857384847528458,-31.786868210427013],[24.782045187826686,-31.81518536776904],[24.7007455358267,-31.87801546754097],[24.61661907768463,-31.928877715634815],[24.371906468383894,-32.02849537518973],[24.21115785907863,-32.121933303706534],[24.174010562793097,-32.150632443236084],[24.13425069039243,-32.168657545166475],[23.881711303828443,-32.17360515142833],[23.7180442723518,-32.14652867320999],[23.637743687195325,-32.11326293386992],[23.56705104836904,-32.0670271386451],[23.524948349616608,-32.047316919575955],[23.427741326005073,-32.04512590872516],[23.379839895269093,-32.055537803305064],[23.31898872673968,-32.02195320553964],[23.256833351261577,-32.02408573620209],[23.246882068941918,-32.0069220128434],[23.242274619982133,-31.968174163227367],[23.27520206548711,-31.925073470104106],[23.275645528629497,-31.888062822986637],[23.251011904796805,-31.857630462927695],[23.239687990332108,-31.8259731738817],[23.221335678878578,-31.80121375644999],[23.150760523856363,-31.778016914614017],[23.02792992121318,-31.76522321752531],[22.989786791971266,-31.75581924788731],[22.961732185487783,-31.626816781110158],[22.94784872841686,-31.593638066023992],[22.86909296241591,-31.537872729014666],[22.83427885902951,-31.536096756433437],[22.756171416384408,-31.585620560260843],[22.721369397434966,-31.58957210355327],[22.53939420488135,-31.5591586550388],[22.36809798061786,-31.503149171803013],[22.311693936188735,-31.46734018163979],[22.32166841921198,-31.41268705702673],[22.52204469199225,-31.297154680988697],[22.473143570221573,-31.308158956301963],[22.36279486789161,-31.3494333388633],[22.31283206630943,-31.32961131239894],[22.392517515804673,-31.276302795279246],[22.40958225265506,-31.248800769035125],[22.412839434783166,-31.214957999971862],[22.31858498296178,-31.25442433531484],[22.235232790858703,-31.24523325887338],[22.246426098330247,-31.193401371107],[22.278653276974318,-31.13709605341079],[22.302344499196415,-31.124020183334032],[22.53321921139526,-31.137492914305255],[22.620339706849386,-31.13358284816433],[22.66816748864548,-31.10949898255649],[22.542556585951402,-31.07240975779027],[22.553259907023826,-31.02715520538521],[22.58731915027413,-30.99605040962538],[22.72423102592684,-30.960609407181582],[22.63549231022192,-30.958760319925066],[22.54645600820742,-30.935141634985715],[22.579176891509476,-30.874979887878613],[22.62384526744233,-30.83168894050381],[22.720375222280715,-30.84963878917908],[22.704655413545158,-30.810545247290374],[22.72031269829132,-30.763523117664246],[22.748355761005445,-30.765805364576572],[22.818684526194787,-30.84760600750587],[22.878814582789968,-30.884582007500093],[22.869729307130992,-30.831903248026787],[22.886391879500664,-30.803265906158632],[22.910800812832086,-30.793878871449422],[22.97234227649487,-30.79618679865293],[22.960195387459905,-30.784724906934628],[22.911479964907798,-30.761874840995908],[22.862785110320107,-30.71327265173421],[22.87214850060344,-30.674305016481405],[22.89314463782733,-30.63123111869821],[22.988399118366637,-30.585530988592208],[23.013953827215385,-30.629504809973287],[23.066649659336523,-30.629637998552614],[23.041815278621254,-30.59408114702021],[23.03738376011324,-30.54749636681872],[23.06474498653778,-30.523029437468278],[23.26034123634329,-30.441717045801475],[23.251515939554125,-30.556740744391565],[23.275847705495014,-30.5229995850174],[23.29255865347113,-30.48959629009612],[23.28767041738809,-30.45662760167134],[23.303036404090452,-30.427562955946897],[23.331144111022553,-30.405583370248326],[23.405301669575355,-30.39346572963202],[23.523212618003477,-30.328496439097613],[23.600527258601304,-30.302943880086154],[23.63926285944864,-30.33773767914626],[23.658670482410805,-30.37781951145474],[23.66795124355641,-30.343998523576275],[23.65581056827743,-30.311840641936946],[23.681949244362016,-30.234990925318407],[23.84374910957499,-30.140910878948468],[24.014372675033187,-30.054716780162874],[24.182520223538763,-29.96213080429716],[24.263549151108553,-29.93270251587619],[24.417746440516105,-29.91263638746493],[24.493895900082034,-29.951055529524538],[24.51725302582326,-29.95200274536922],[24.680976691491992,-29.894606240914083],[24.742946953534545,-29.88396635196375],[24.777183053517355,-29.924556830706376],[24.801786997427776,-29.941913832006364],[24.806574770590608,-29.858055780363742],[24.845551479408496,-29.827579141358324],[24.979006852969306,-29.787894242078934],[25.13995407542431,-29.752087905871324],[25.25259894867398,-29.747323186491702],[25.346327067155322,-29.719862472661084],[25.391327198505167,-29.728524144882332],[25.39943332847261,-29.693850579613922],[25.421286463280694,-29.663741931996306],[25.45867672633023,-29.674483040443224],[25.47612920113308,-29.664594223596033],[25.45008108364354,-29.639909651390052],[25.58793723914056,-29.600470597904273],[25.67890566613704,-29.543390382954776],[25.71656604188488,-29.535784836230587],[25.754277644111905,-29.52083642609458],[25.811024302375753,-29.48009074740129],[25.859492573157667,-29.473317794236547],[25.89457963114887,-29.489509325726548],[25.911600792839344,-29.519691563545408],[25.914514165400316,-29.476580085823592],[25.875359111947713,-29.442834913671312],[25.943860058019936,-29.420182688711822],[26.00929059764217,-29.408725853770974],[26.054697933364377,-29.4382051229448],[26.09450071833955,-29.47795807771804],[26.061412726945825,-29.423349050680752],[26.064967743515254,-29.39489549833345],[26.14223126158217,-29.37878627408164],[26.18094578460307,-29.37724986703248],[26.203140042932535,-29.44558212617941],[26.216874998990146,-29.39861705368039],[26.246391153684993,-29.360918396196045],[26.344463522089523,-29.3106574660702],[26.483560924551227,-29.222093963192663],[26.49503800039886,-29.266692486454527],[26.478442115756362,-29.313841748462256],[26.448970108931103,-29.368381470793175],[26.47613126575044,-29.353424039045592],[26.505462164209728,-29.304442869556976],[26.532035871384824,-29.212644306842524],[26.718573200810724,-29.07435500248482],[26.74891468214571,-29.06107367285705],[26.778766876768625,-29.05566344192408],[26.819823596593675,-29.060394688883466],[26.81911830083527,-29.032730526883725],[26.79957916653352,-29.00159696953439],[26.86812929506109,-28.925056794697056],[26.92945106337288,-28.833659015963335],[26.99703702497977,-28.747705401064106],[27.079686285529885,-28.667167432315537],[27.193081731301053,-28.526972397155117],[27.242228342621903,-28.503635859183724],[27.34214987061735,-28.515047355063984],[27.393301930132367,-28.503551637351762],[27.487131856088965,-28.465229571514683],[27.6137307088589,-28.385801489100178],[27.693490203089514,-28.316419949804626],[27.84406875580739,-28.1232832825841],[27.97300291331606,-27.91401483517024],[28.138591848666323,-27.77511031801166],[28.32864222300938,-27.69116616341844],[28.490275977731027,-27.631367937129824],[28.548448565144145,-27.624879075031565],[28.635305160971914,-27.639544320494128],[28.704634795537498,-27.683639185158913],[28.54572713841344,-27.66892728223422],[28.50701304415243,-27.7180872727462],[28.47841900879465,-27.770397588837916],[28.474373239623088,-27.822397286752334],[28.482033887107473,-27.87146744959888],[28.536179426583768,-27.92901783787283],[28.609584058911217,-27.973344411923236],[28.60649192522841,-28.072473556554442],[28.56486631010527,-28.180699943928776],[28.534669729465406,-28.27478551892743],[28.530818418185703,-28.36221852952926]]],[[[29.253513055040134,-28.147173693423383],[29.136878310170285,-28.17324862833468],[29.156571819908933,-28.139816972232964],[29.209561997360623,-28.0695265386267],[29.269787903570613,-28.042376846778403],[29.2920075557247,-28.04505866413469],[29.348039243267614,-28.027380917533037],[29.314312433063243,-28.08925585471401],[29.253513055040134,-28.147173693423383]]],[[[22.514952169144326,-31.028528432890678],[22.49395083186534,-31.067884852320343],[22.477205244790323,-31.086427162400796],[22.45376408919924,-31.081879012931246],[22.420603565576023,-31.070361079614504],[22.394362220585204,-31.04500428139962],[22.37013782807071,-31.045864388358584],[22.354777419125536,-31.035343790642344],[22.397994424119094,-30.99488763657305],[22.488476107048008,-30.986961033527322],[22.51103124326037,-31.012481782482627],[22.514952169144326,-31.028528432890678]]],[[[22.84175091861039,-30.6708340275239],[22.828403788314883,-30.775260129236983],[22.774492897899254,-30.74385758964688],[22.76124203144298,-30.708787564596072],[22.830096421477272,-30.66907913379128],[22.84175091861039,-30.6708340275239]]],[[[23.003355991985167,-32.19680938439653],[22.98846382459491,-32.228850087559714],[22.925446265203245,-32.20282102538303],[22.909899233301072,-32.23901245349699],[22.954967932369772,-32.2693083104691],[22.96272961493568,-32.29925558172015],[23.022226956963866,-32.303766243268775],[23.01649777385858,-32.344862665095086],[22.987195767026535,-32.37643456716528],[22.937878851777192,-32.39366986421894],[22.821420116320372,-32.38292005882214],[22.726183399227075,-32.417604065662665],[22.667755567271225,-32.39697176378431],[22.648753258450988,-32.39794732442545],[22.552527726272714,-32.43644274428801],[22.465313616929762,-32.43635956161324],[22.445657153114666,-32.427897033129085],[22.47900458927053,-32.38254651633966],[22.55936978957443,-32.34955248764499],[22.581084843822847,-32.3062577459427],[22.612591159027463,-32.274592183760355],[22.681061138594053,-32.261988681971836],[22.70306479462602,-32.21671466233541],[22.760568223277183,-32.18453730152914],[22.778007259033174,-32.09231471257308],[22.826972919699834,-32.01633940319632],[22.942250758972296,-32.03586989480641],[23.003355991985167,-32.19680938439653]]],[[[32.19129089858689,-24.437122179146918],[32.17678107998032,-24.487527004095124],[32.12753068832064,-24.455611507233083],[32.120762805912186,-24.41302045419026],[32.07314895145594,-24.3586256602998],[32.0686187133009,-24.344688144481825],[32.09233267474805,-24.268422337736677],[32.140488679035755,-24.241085200844722],[32.15268456679551,-24.2272386369977],[32.169908387058584,-24.22485411988549],[32.179567711997315,-24.270752229238532],[32.20690017167921,-24.339592922070334],[32.19129089858689,-24.437122179146918]]],[[[30.968100574796434,-22.801443225321066],[30.963949906304354,-22.845880201567866],[31.01717578799983,-22.82618501741062],[31.066180309828777,-22.78678227225064],[31.13466010443391,-22.751331734985037],[31.09883549874493,-22.82636209538118],[31.11830781918558,-22.8493322712414],[31.26578549437787,-22.94297108832495],[31.283312220799232,-22.995775455945612],[31.314025871124848,-23.01705371482616],[31.343630792161797,-22.997050073153606],[31.372405233386647,-22.98916498101462],[31.422117984771397,-23.03186513408155],[31.52829523259318,-23.14289421190371],[31.529219352363338,-23.172424594213453],[31.506818702297323,-23.210707491879184],[31.497241611524014,-23.25453313195199],[31.502567423098117,-23.292680840068343],[31.544770670533694,-23.311546543515085],[31.6242423221152,-23.276331107956917],[31.654829214393736,-23.277053299646536],[31.66716718472567,-23.357433508201062],[31.666433320590293,-23.401007674049147],[31.66078748199122,-23.39816029294384],[31.67094846623486,-23.4440246171066],[31.689741548629794,-23.491729834740806],[31.703008739187847,-23.622023069614393],[31.678118445592222,-23.660425860963002],[31.6462825067164,-23.692635424124934],[31.6576608307458,-23.812626750370615],[31.619463421450824,-23.8112632713921],[31.520146197751938,-23.766814332318354],[31.515243419340106,-23.789011594880343],[31.545992968827623,-23.88251093613513],[31.55393336626672,-24.005810242970988],[31.56893406127114,-24.082697688171788],[31.631855274257774,-24.324836387694514],[31.57994549949241,-24.392284414046358],[31.563592319716328,-24.44122879658519],[31.52787660898229,-24.47786288995431],[31.53299653491937,-24.59884671513842],[31.48798618749221,-24.624697139510623],[31.421413139655236,-24.73038351507465],[31.39081693470811,-24.744140687412465],[31.37679517238844,-24.785332315110452],[31.430868281854305,-24.81077715227893],[31.458962566845873,-24.83690956691667],[31.475768885234615,-24.87741499533798],[31.51126133686028,-24.842722594393006],[31.541419479084112,-24.838426450649095],[31.589103093081857,-24.908937490360337],[31.71224209709653,-24.998563122562537],[31.743820866424983,-25.028309042507072],[31.745552078316088,-25.075730373525285],[31.716686044356436,-25.18185957533538],[31.725652869334663,-25.234175756318628],[31.77712118083287,-25.257047795477472],[31.842477043600216,-25.258814481294458],[31.877247678689983,-25.226415696758902],[31.90841724565115,-25.12314049309848],[31.933956570230762,-24.951306687588644],[31.955969513435598,-24.89890492380381],[31.984371502857865,-24.848024590891292],[31.996244395632054,-24.793250926407552],[31.995441438455316,-24.73838410194147],[31.988085232645176,-24.69457492342325],[31.97136243571303,-24.65512304990804],[32.00267779213709,-24.608163331154145],[32.057058385462206,-24.597264735976196],[32.0665607210616,-24.646210157510478],[32.06762627921348,-24.702549395615602],[32.11699618789352,-24.881196116378533],[32.18801026665512,-24.887909539018377],[32.16783570391671,-24.951370583799513],[32.18599778774935,-25.02582994767374],[32.17926059652472,-25.10576106096446],[32.1172063339142,-25.333409445444822],[32.0775129299358,-25.552250182578423],[32.12828607566126,-25.665403154778485],[32.11983755148118,-25.710901279007597],[32.07481391573621,-25.674416110778886],[32.05217481658463,-25.682793762164465],[32.048456354930636,-25.705857138022214],[32.08211188451919,-25.758469999683758],[32.133329419272435,-25.793531302449725],[32.17215407625447,-25.80072349111434],[32.200833167267405,-25.82429154365546],[32.37393754955056,-26.019097881635535],[32.46209780288585,-26.10062747056196],[32.704185014845315,-26.260997658751187],[32.7812721667286,-26.289664251242435],[32.8265758859544,-26.299465027401155],[32.92398351138274,-26.29321095817219],[33.02336528070107,-26.261290697241026],[33.12463118331622,-26.2005189211703],[33.22234822299191,-26.126242174390402],[33.303620672856326,-26.099567737260486],[33.38879241039134,-26.084461734935235],[33.43831021523253,-26.062266344619623],[33.485457454478606,-26.049793181035064],[33.668545274090846,-26.112989652902908],[33.71052887813091,-26.176097929982394],[33.77560322782207,-26.235571434049092],[33.805111398791304,-26.276090934379518],[33.7635215615864,-26.329490322330678],[33.674291986728676,-26.400421966992944],[33.59254136043021,-26.482419459956606],[33.45913965841639,-26.68329629943314],[33.33483154183485,-26.888786369002805],[33.25618053971016,-26.972412154094258],[33.16022431115266,-27.02678313777285],[33.067474245415696,-27.060082991308605],[32.979069322023925,-27.0631594669515],[32.89023554101391,-27.174099333479873],[32.80706894759419,-27.309600437206885],[32.79434786545369,-27.34594577260869],[32.805169407635866,-27.38054332015121],[32.79491273438942,-27.424753327743655],[32.714120171857644,-27.497334790052086],[32.69676737577975,-27.478670850652456],[32.69807194602896,-27.39979850792862],[32.682443186706784,-27.362268042308084],[32.601611092635395,-27.314998784114305],[32.51323567938178,-27.27876125469525],[32.4290377769617,-27.26263380221509],[32.33659840703517,-27.271087137553604],[32.18934368387656,-27.299417070285568],[32.1380344319433,-27.320203763951977],[32.08734710706891,-27.350416881992185],[31.99142912059083,-27.422500489153546],[31.92746994709775,-27.525134224998126],[31.903113470528353,-27.581387552938544],[31.90149225528879,-27.629558714962197],[31.973285628242742,-27.715449638102726],[31.774762113649654,-27.892157579122472],[31.58355738857902,-28.079638550458068],[31.50424466682664,-28.12639461628689],[31.420053873908675,-28.166415158251272],[31.304100871649517,-28.278497044682805],[31.15677998157518,-28.36212349652101],[31.052596145658743,-28.428080751177326],[30.960792637240495,-28.50080631758967],[30.872571685705072,-28.580811911019158],[30.716807514481214,-28.685131174891712],[30.634109018105292,-28.75940051412235],[30.54595358303594,-28.815862368606073],[30.402582413904167,-28.87977665296283],[30.259491921849136,-28.92921415336452],[30.041563180475396,-28.992238355291697],[29.978257004684565,-29.01536248339605],[29.91710996005637,-29.028373352568792],[29.872022815284353,-28.98206626744562],[29.876255749546985,-28.945630481480233],[29.898239865032192,-28.869567754204375],[29.89821632564522,-28.839427171958633],[29.831999334763996,-28.79722404587088],[29.712829546741993,-28.805939713524886],[29.69943080807255,-28.794012271734967],[29.70328307629467,-28.776244379081405],[29.75483514194005,-28.66958691410596],[29.786820783355644,-28.644009480331388],[29.7709232816639,-28.62119181416251],[29.744171987258085,-28.621623163875086],[29.72286193095016,-28.64671549832016],[29.726345165365387,-28.67411780871912],[29.6539778581387,-28.688328054520635],[29.593035911344124,-28.67355463290596],[29.58018109407991,-28.657336285806068],[29.584370256676323,-28.63630458945756],[29.61459143822931,-28.6077423919478],[29.647889926147784,-28.584329979047116],[29.825569181067472,-28.478723919890278],[30.029029527160628,-28.329748972242886],[30.22254126474647,-28.163587787159056],[30.296302634308777,-28.071332316257013],[30.421429215086714,-27.896427893299407],[30.427003719374063,-27.811373986280042],[30.423017072547726,-27.729052682502275],[30.38510855919765,-27.562502299170642],[30.283792065988678,-27.447829917517904],[30.199546584331326,-27.41375252643119],[30.128253403286937,-27.362670922301266],[30.078926186576442,-27.275231258308576],[30.04198861787448,-27.17751594095854],[29.926537989976968,-27.076058495287175],[29.796621510272427,-26.986711632356734],[29.741290568782563,-26.892800476939527],[29.739471763586426,-26.844606541826934],[29.74757855791706,-26.791335600062222],[29.769928523608982,-26.745424677707796],[29.801485591879818,-26.70111121398587],[29.834895677940537,-26.669191819420146],[29.873871356621482,-26.649754361312326],[30.078141530522984,-26.5962235658018],[30.27370177907339,-26.587053059200887],[30.305095576374367,-26.595991203394565],[30.339181679405545,-26.595315911523993],[30.39645270909147,-26.574116452336266],[30.506219728007494,-26.520298948764154],[30.550405694563025,-26.476653166714502],[30.63489238986129,-26.32351551304115],[30.727678582800216,-26.17497637333382],[30.850301041575865,-26.00862214109056],[30.966361006524973,-25.915397928776425],[31.01811495097372,-25.853227393924477],[31.03873338087239,-25.734232990812213],[31.081982696103157,-25.69966833696538],[31.12375445869863,-25.682771988992254],[31.165150298936997,-25.67734512302316],[31.150841293235775,-25.55689482096004],[31.148619385149974,-25.379550448156312],[31.154910331172218,-25.32629056733349],[31.18645939327979,-25.280057787789353],[31.22424132529233,-25.23623782537342],[31.18531275316403,-25.212902300395026],[31.179302452747667,-25.160218137796804],[31.18106424411631,-24.988461410239108],[31.208914882657126,-24.96810733617498],[31.238636173664556,-24.99409246161532],[31.246185422128026,-25.120220247380967],[31.279413925731667,-25.064618147439177],[31.336356482108602,-25.039638179519248],[31.388340167822008,-25.032325452506093],[31.4377276066473,-25.040413558893658],[31.382541289935528,-24.887714242840257],[31.344310664503713,-24.883656056623956],[31.288200500983724,-24.891637875281816],[31.234134336865587,-24.89170068690982],[31.190941014960647,-24.868688362214858],[31.15769684631503,-24.829469381000344],[31.156713410526088,-24.770855299455796],[31.170348765813362,-24.66187790155266],[31.168042008821047,-24.61969793025496],[31.110297318826337,-24.375327298329342],[31.155125916397324,-24.379188156633596],[31.22797269313956,-24.512497715327207],[31.26398873833377,-24.484608806140862],[31.3003679161617,-24.44062863250959],[31.316729506882407,-24.385674064858726],[31.305580427558457,-24.338210737905897],[31.27517603840381,-24.301479730537036],[31.29374485321481,-24.25367273053487],[31.34285467692598,-24.217754059624326],[31.353259319532054,-24.186684556809762],[31.31200989736529,-24.107807938475258],[31.288144419972827,-24.0945818821838],[31.264627410584772,-24.12088282967885],[31.266204354654096,-24.168795413083206],[31.24653373634509,-24.169236439673625],[31.13021692096834,-24.015625159331996],[31.116541216089377,-23.911738760002642],[31.11534687845515,-23.800925129499326],[31.094999223428168,-23.840910249927838],[31.078505365497257,-23.90003946100713],[31.09683479636726,-24.030957943281287],[31.14913261422735,-24.185007044635306],[31.15321999245224,-24.22366458620281],[31.120080046890244,-24.264112505749395],[31.079066893670895,-24.267874080650998],[31.0585359823985,-24.23203788528177],[31.0552090908359,-24.11042884301887],[31.042964942098,-24.046962534115664],[30.866721041773488,-23.379088749926034],[30.94712913965036,-23.315701445558776],[31.051289461998522,-23.271038098699936],[31.08070384724131,-23.247074115334215],[31.105903002118822,-23.215413474511113],[31.074541579439614,-23.201388084422746],[31.038363189130557,-23.20981660435519],[30.99265793975562,-23.230950898476696],[30.94828047953952,-23.256848747701493],[30.8801084746957,-23.32156959476848],[30.854446270338336,-23.334161932815878],[30.82700101423803,-23.27151456717577],[30.82119461708105,-23.23546660089771],[30.83643620239575,-23.1975702357003],[30.83300602190053,-23.170381204346366],[30.800805727307868,-23.154413092200684],[30.778036810668684,-23.066408988138402],[30.759653697276296,-23.020020793840313],[30.842232486325727,-22.95886321263118],[30.880398985108222,-22.861391906065737],[30.863090009035652,-22.7453896293099],[30.831358421202825,-22.635347825276057],[30.75889721842718,-22.452091089767684],[30.699551287445725,-22.262412883678504],[30.835562854128142,-22.271993285796764],[30.967210508566087,-22.299050148522856],[30.870278670864348,-22.381702062399818],[30.87723137429664,-22.44424581430428],[30.901503998216974,-22.50134903879324],[30.93680285418276,-22.66720269459843],[30.92897322789369,-22.710794493816607],[30.95831706608321,-22.7636665869868],[30.968100574796434,-22.801443225321066]]],[[[21.361941189696992,-36.67659639070644],[21.37224804924246,-36.721477259404836],[21.30074652002897,-36.723898907360855],[21.278540619126634,-36.70354183816719],[21.267435427128923,-36.681591631405894],[21.27108632685656,-36.65477340300068],[21.303209439650676,-36.66478261726784],[21.33810741265471,-36.66115368069495],[21.361941189696992,-36.67659639070644]]],[[[20.290656337407544,-34.9949288841435],[20.271787579744476,-35.06191181798246],[20.237775695603137,-35.05540956046887],[20.17608336982929,-35.023366354866916],[20.16786234585815,-34.99153089677516],[20.156140219998942,-34.98180780285783],[20.114448967850993,-35.008450563963756],[20.072185752119115,-35.001688488307245],[20.06818860277906,-34.989334326483096],[20.101468905173487,-34.958457440816886],[20.23122160338908,-34.91360694955007],[20.289689902831988,-34.836083071331295],[20.301563956346115,-34.80973947242718],[20.381308974483442,-34.818962356213994],[20.394439568679168,-34.832550936901875],[20.39700451886606,-34.845417329139],[20.384853913024862,-34.858697541092155],[20.340741299302255,-34.87913265298548],[20.324082703405566,-34.90983978885862],[20.31596362880508,-34.943480040181356],[20.28291967187476,-34.953943058127955],[20.282200067462938,-34.98427839343849],[20.290656337407544,-34.9949288841435]]],[[[34.49519227605887,-32.44981921297599],[34.459130309813375,-32.4629567128576],[34.421665430215505,-32.44881033765231],[34.30138716843828,-32.50760613695167],[34.34548846320355,-32.448190529674854],[34.341026208495286,-32.41770306343089],[34.279985317247736,-32.40406428359577],[34.26034606663246,-32.41373822846911],[34.288275298942054,-32.442777269298865],[34.29091284880937,-32.4546229601932],[34.23105779609947,-32.47738273303487],[34.21940294729967,-32.5655881270125],[34.25449444211791,-32.57430981522092],[34.247778300288765,-32.643995983145835],[34.23539798755117,-32.662354274989234],[34.14652924556723,-32.65995716444059],[34.08659965279931,-32.678404548739806],[34.052683121663634,-32.66535741400496],[34.04029589732786,-32.65368595555108],[34.058165400758334,-32.590552897141684],[34.07248474634269,-32.566293802539526],[34.142718297539794,-32.53915763052462],[34.19489410315094,-32.50498093186706],[34.2010537993085,-32.45928091464811],[34.16805499498806,-32.4172595549316],[34.05214331443053,-32.39241384494684],[34.03284503252549,-32.37561052663814],[34.12143053279258,-32.34093380800338],[34.17640709671507,-32.36638856890914],[34.26452045123191,-32.349603482437686],[34.49519227605887,-32.44981921297599]]],[[[34.187799700772864,-32.91225845178246],[34.15570643959961,-32.90997269769513],[34.18988961060579,-32.866111666388626],[34.200383072061086,-32.83384405408803],[34.25299238752106,-32.83987341354539],[34.249433182225424,-32.881462668984206],[34.187799700772864,-32.91225845178246]]],[[[49.96121931667894,0.7340727269409496],[49.95687969598182,0.7327549563929372],[49.95490196158369,0.7460075304013635],[49.95200166232743,0.760701851944931],[49.949917129349814,0.773870542411821],[49.95162323354747,0.7750873684437906],[49.958455650498415,0.762475077939855],[49.96184170655102,0.7488660994326491],[49.96121931667894,0.7340727269409496]]],[[[50.94210070267351,-0.3967982053431097],[50.93966553804525,-0.3993637766580455],[50.936982631294875,-0.39199578441281113],[50.93237405236586,-0.38201025640129144],[50.93074554183418,-0.36860619594692506],[50.93327907865228,-0.3685048954646145],[50.9383537569848,-0.3768420092530688],[50.94129972017548,-0.3864956461193882],[50.94210070267351,-0.3967982053431097]]]]}},{"type":"Feature","bbox":[-169.94834,-19.137891,-169.793408,-18.966016],"properties":{"featurecla":"Admin-0 country","scalerank":3,"LABELRANK":4,"SOVEREIGNT":"New Zealand","SOV_A3":"NZ1","ADM0_DIF":1,"LEVEL":2,"TYPE":"Dependency","TLC":"1","ADMIN":"Niue","ADM0_A3":"NIU","GEOU_DIF":0,"GEOUNIT":"Niue","GU_A3":"NIU","SU_DIF":0,"SUBUNIT":"Niue","SU_A3":"NIU","BRK_DIFF":0,"NAME":"Niue","NAME_LONG":"Niue","BRK_A3":"NIU","BRK_NAME":"Niue","BRK_GROUP":null,"ABBREV":"Niue","POSTAL":"NU","FORMAL_EN":null,"FORMAL_FR":null,"NAME_CIAWF":"Niue","NOTE_ADM0":"Assoc. with N.Z.","NOTE_BRK":"Assoc. with N.Z.","NAME_SORT":"Niue","NAME_ALT":null,"MAPCOLOR7":3,"MAPCOLOR8":3,"MAPCOLOR9":4,"MAPCOLOR13":4,"POP_EST":1620,"POP_RANK":3,"POP_YEAR":2018,"GDP_MD":10,"GDP_YEAR":2003,"ECONOMY":"6. Developing region","INCOME_GRP":"3. Upper middle income","FIPS_10":"NE","ISO_A2":"NU","ISO_A2_EH":"NU","ISO_A3":"NIU","ISO_A3_EH":"NIU","ISO_N3":"570","ISO_N3_EH":"570","UN_A3":"570","WB_A2":"-99","WB_A3":"-99","WOE_ID":23424904,"WOE_ID_EH":23424904,"WOE_NOTE":"Exact WOE match as country","ADM0_ISO":"NIU","ADM0_DIFF":null,"ADM0_TLC":"NIU","ADM0_A3_US":"NIU","ADM0_A3_FR":"NIU","ADM0_A3_RU":"NIU","ADM0_A3_ES":"NIU","ADM0_A3_CN":"NIU","ADM0_A3_TW":"NIU","ADM0_A3_IN":"NIU","ADM0_A3_NP":"NIU","ADM0_A3_PK":"NIU","ADM0_A3_DE":"NIU","ADM0_A3_GB":"NIU","ADM0_A3_BR":"NIU","ADM0_A3_IL":"NIU","ADM0_A3_PS":"NIU","ADM0_A3_SA":"NIU","ADM0_A3_EG":"NIU","ADM0_A3_MA":"NIU","ADM0_A3_PT":"NIU","ADM0_A3_AR":"NIU","ADM0_A3_JP":"NIU","ADM0_A3_KO":"NIU","ADM0_A3_VN":"NIU","ADM0_A3_TR":"NIU","ADM0_A3_ID":"NIU","ADM0_A3_PL":"NIU","ADM0_A3_GR":"NIU","ADM0_A3_IT":"NIU","ADM0_A3_NL":"NIU","ADM0_A3_SE":"NIU","ADM0_A3_BD":"NIU","ADM0_A3_UA":"NIU","ADM0_A3_UN":-99,"ADM0_A3_WB":-99,"CONTINENT":"Oceania","REGION_UN":"Oceania","SUBREGION":"Polynesia","REGION_WB":"East Asia & Pacific","NAME_LEN":4,"LONG_LEN":4,"ABBREV_LEN":4,"TINY":3,"HOMEPART":-99,"MIN_ZOOM":0,"MIN_LABEL":4,"MAX_LABEL":9,"LABEL_X":-169.862565,"LABEL_Y":-19.045956,"NE_ID":1159321133,"WIKIDATAID":"Q34020","NAME_AR":"نييوي","NAME_BN":"নিউয়ে","NAME_DE":"Niue","NAME_EN":"Niue","NAME_ES":"Niue","NAME_FA":"نیووی","NAME_FR":"Niue","NAME_EL":"Νιούε","NAME_HE":"ניואה","NAME_HI":"निउए","NAME_HU":"Niue","NAME_ID":"Niue","NAME_IT":"Niue","NAME_JA":"ニウエ","NAME_KO":"니우에","NAME_NL":"Niue","NAME_PL":"Niue","NAME_PT":"Niue","NAME_RU":"Ниуэ","NAME_SV":"Niue","NAME_TR":"Niue","NAME_UK":"Ніуе","NAME_UR":"نیووے","NAME_VI":"Niue","NAME_ZH":"纽埃","NAME_ZHT":"紐埃","FCLASS_ISO":"Admin-0 dependency","TLC_DIFF":null,"FCLASS_TLC":"Admin-0 dependency","FCLASS_US":null,"FCLASS_FR":null,"FCLASS_RU":null,"FCLASS_ES":null,"FCLASS_CN":null,"FCLASS_TW":null,"FCLASS_IN":null,"FCLASS_NP":null,"FCLASS_PK":null,"FCLASS_DE":null,"FCLASS_GB":null,"FCLASS_BR":null,"FCLASS_IL":null,"FCLASS_PS":null,"FCLASS_SA":null,"FCLASS_EG":null,"FCLASS_MA":null,"FCLASS_PT":null,"FCLASS_AR":null,"FCLASS_JP":null,"FCLASS_KO":null,"FCLASS_VN":null,"FCLASS_TR":null,"FCLASS_ID":null,"FCLASS_PL":null,"FCLASS_GR":null,"FCLASS_IT":null,"FCLASS_NL":null,"FCLASS_SE":null,"FCLASS_BD":null,"FCLASS_UA":null},"geometry":{"type":"Polygon","coordinates":[[[49.64602948239047,-11.131161042972785],[49.54796470320014,-11.161968656204092],[49.5325343367972,-11.082438991430108],[49.59031640556084,-11.006645889521574],[49.63507807068653,-10.996519179757437],[49.65809173368164,-11.001011940118511],[49.666797246968656,-11.091617020704676],[49.64602948239047,-11.131161042972785]]]}},{"type":"Feature","bbox":[-159.84248,-21.249512,-159.736865,-21.186426],"properties":{"featurecla":"Admin-0 country","scalerank":3,"LABELRANK":4,"SOVEREIGNT":"New Zealand","SOV_A3":"NZ1","ADM0_DIF":1,"LEVEL":2,"TYPE":"Dependency","TLC":"1","ADMIN":"Cook Islands","ADM0_A3":"COK","GEOU_DIF":0,"GEOUNIT":"Cook Islands","GU_A3":"COK","SU_DIF":0,"SUBUNIT":"Cook Islands","SU_A3":"COK","BRK_DIFF":0,"NAME":"Cook Is.","NAME_LONG":"Cook Islands","BRK_A3":"COK","BRK_NAME":"Cook Is.","BRK_GROUP":null,"ABBREV":"Cook Is.","POSTAL":"CK","FORMAL_EN":null,"FORMAL_FR":null,"NAME_CIAWF":"Cook Islands","NOTE_ADM0":"Assoc. with N.Z.","NOTE_BRK":"Assoc. with N.Z.","NAME_SORT":"Cook Islands","NAME_ALT":null,"MAPCOLOR7":3,"MAPCOLOR8":3,"MAPCOLOR9":4,"MAPCOLOR13":4,"POP_EST":17459,"POP_RANK":6,"POP_YEAR":2016,"GDP_MD":244,"GDP_YEAR":2010,"ECONOMY":"6. Developing region","INCOME_GRP":"3. Upper middle income","FIPS_10":"CW","ISO_A2":"CK","ISO_A2_EH":"CK","ISO_A3":"COK","ISO_A3_EH":"COK","ISO_N3":"184","ISO_N3_EH":"184","UN_A3":"184","WB_A2":"-99","WB_A3":"-99","WOE_ID":23424795,"WOE_ID_EH":23424795,"WOE_NOTE":"Exact WOE match as country","ADM0_ISO":"COK","ADM0_DIFF":null,"ADM0_TLC":"COK","ADM0_A3_US":"COK","ADM0_A3_FR":"COK","ADM0_A3_RU":"COK","ADM0_A3_ES":"COK","ADM0_A3_CN":"COK","ADM0_A3_TW":"COK","ADM0_A3_IN":"COK","ADM0_A3_NP":"COK","ADM0_A3_PK":"COK","ADM0_A3_DE":"COK","ADM0_A3_GB":"COK","ADM0_A3_BR":"COK","ADM0_A3_IL":"COK","ADM0_A3_PS":"COK","ADM0_A3_SA":"COK","ADM0_A3_EG":"COK","ADM0_A3_MA":"COK","ADM0_A3_PT":"COK","ADM0_A3_AR":"COK","ADM0_A3_JP":"COK","ADM0_A3_KO":"COK","ADM0_A3_VN":"COK","ADM0_A3_TR":"COK","ADM0_A3_ID":"COK","ADM0_A3_PL":"COK","ADM0_A3_GR":"COK","ADM0_A3_IT":"COK","ADM0_A3_NL":"COK","ADM0_A3_SE":"COK","ADM0_A3_BD":"COK","ADM0_A3_UA":"COK","ADM0_A3_UN":-99,"ADM0_A3_WB":-99,"CONTINENT":"Oceania","REGION_UN":"Oceania","SUBREGION":"Polynesia","REGION_WB":"East Asia & Pacific","NAME_LEN":8,"LONG_LEN":12,"ABBREV_LEN":8,"TINY":3,"HOMEPART":-99,"MIN_ZOOM":0,"MIN_LABEL":4,"MAX_LABEL":9,"LABEL_X":-159.785675,"LABEL_Y":-21.215993,"NE_ID":1159321129,"WIKIDATAID":"Q26988","NAME_AR":"جزر كوك","NAME_BN":"কুক দ্বীপপুঞ্জ","NAME_DE":"Cookinseln","NAME_EN":"Cook Islands","NAME_ES":"Islas Cook","NAME_FA":"جزایر کوک","NAME_FR":"Îles Cook","NAME_EL":"Νήσοι Κουκ","NAME_HE":"איי קוק","NAME_HI":"कुक द्वीपसमूह","NAME_HU":"Cook-szigetek","NAME_ID":"Kepulauan Cook","NAME_IT":"Isole Cook","NAME_JA":"クック諸島","NAME_KO":"쿡 제도","NAME_NL":"Cookeilanden","NAME_PL":"Wyspy Cooka","NAME_PT":"Ilhas Cook","NAME_RU":"Острова Кука","NAME_SV":"Cooköarna","NAME_TR":"Cook Adaları","NAME_UK":"Острови Кука","NAME_UR":"جزائر کک","NAME_VI":"Quần đảo Cook","NAME_ZH":"库克群岛","NAME_ZHT":"庫克群島","FCLASS_ISO":"Admin-0 dependency","TLC_DIFF":null,"FCLASS_TLC":"Admin-0 dependency","FCLASS_US":null,"FCLASS_FR":null,"FCLASS_RU":null,"FCLASS_ES":null,"FCLASS_CN":null,"FCLASS_TW":null,"FCLASS_IN":null,"FCLASS_NP":null,"FCLASS_PK":null,"FCLASS_DE":null,"FCLASS_GB":null,"FCLASS_BR":null,"FCLASS_IL":null,"FCLASS_PS":null,"FCLASS_SA":null,"FCLASS_EG":null,"FCLASS_MA":null,"FCLASS_PT":null,"FCLASS_AR":null,"FCLASS_JP":null,"FCLASS_KO":null,"FCLASS_VN":null,"FCLASS_TR":null,"FCLASS_ID":null,"FCLASS_PL":null,"FCLASS_GR":null,"FCLASS_IT":null,"FCLASS_NL":null,"FCLASS_SE":null,"FCLASS_BD":null,"FCLASS_UA":null},"geometry":{"type":"Polygon","coordinates":[[[56.59638263258853,-16.327144440339204],[56.572871665343435,-16.317169632693627],[56.546327763995514,-16.296472522130504],[56.52860246686608,-16.283820473830623],[56.53019683854019,-16.27357569539821],[56.5496106843133,-16.247227351349153],[56.571065313382235,-16.23949953828113],[56.60109188410225,-16.255172072929685],[56.614088775262985,-16.284806473960572],[56.60260301398855,-16.319402749060263],[56.59638263258853,-16.327144440339204]]]}},{"type":"Feature","bbox":[-68.371094,12.03208,7.197266,53.625488],"properties":{"featurecla":"Admin-0 country","scalerank":1,"LABELRANK":5,"SOVEREIGNT":"Netherlands","SOV_A3":"NL1","ADM0_DIF":1,"LEVEL":2,"TYPE":"Country","TLC":"1","ADMIN":"Netherlands","ADM0_A3":"NLD","GEOU_DIF":0,"GEOUNIT":"Netherlands","GU_A3":"NLD","SU_DIF":0,"SUBUNIT":"Netherlands","SU_A3":"NLD","BRK_DIFF":0,"NAME":"Netherlands","NAME_LONG":"Netherlands","BRK_A3":"NLD","BRK_NAME":"Netherlands","BRK_GROUP":null,"ABBREV":"Neth.","POSTAL":"NL","FORMAL_EN":"Kingdom of the Netherlands","FORMAL_FR":null,"NAME_CIAWF":"Netherlands","NOTE_ADM0":null,"NOTE_BRK":null,"NAME_SORT":"Netherlands","NAME_ALT":null,"MAPCOLOR7":4,"MAPCOLOR8":2,"MAPCOLOR9":2,"MAPCOLOR13":9,"POP_EST":17332850,"POP_RANK":14,"POP_YEAR":2019,"GDP_MD":907050,"GDP_YEAR":2019,"ECONOMY":"2. Developed region: nonG7","INCOME_GRP":"1. High income: OECD","FIPS_10":"NL","ISO_A2":"NL","ISO_A2_EH":"NL","ISO_A3":"NLD","ISO_A3_EH":"NLD","ISO_N3":"528","ISO_N3_EH":"528","UN_A3":"528","WB_A2":"NL","WB_A3":"NLD","WOE_ID":-90,"WOE_ID_EH":23424909,"WOE_NOTE":"Doesn't include new former units of Netherlands Antilles (24549811, 24549808, and 24549809)","ADM0_ISO":"NLD","ADM0_DIFF":null,"ADM0_TLC":"NLD","ADM0_A3_US":"NLD","ADM0_A3_FR":"NLD","ADM0_A3_RU":"NLD","ADM0_A3_ES":"NLD","ADM0_A3_CN":"NLD","ADM0_A3_TW":"NLD","ADM0_A3_IN":"NLD","ADM0_A3_NP":"NLD","ADM0_A3_PK":"NLD","ADM0_A3_DE":"NLD","ADM0_A3_GB":"NLD","ADM0_A3_BR":"NLD","ADM0_A3_IL":"NLD","ADM0_A3_PS":"NLD","ADM0_A3_SA":"NLD","ADM0_A3_EG":"NLD","ADM0_A3_MA":"NLD","ADM0_A3_PT":"NLD","ADM0_A3_AR":"NLD","ADM0_A3_JP":"NLD","ADM0_A3_KO":"NLD","ADM0_A3_VN":"NLD","ADM0_A3_TR":"NLD","ADM0_A3_ID":"NLD","ADM0_A3_PL":"NLD","ADM0_A3_GR":"NLD","ADM0_A3_IT":"NLD","ADM0_A3_NL":"NLD","ADM0_A3_SE":"NLD","ADM0_A3_BD":"NLD","ADM0_A3_UA":"NLD","ADM0_A3_UN":-99,"ADM0_A3_WB":-99,"CONTINENT":"Europe","REGION_UN":"Europe","SUBREGION":"Western Europe","REGION_WB":"Europe & Central Asia","NAME_LEN":11,"LONG_LEN":11,"ABBREV_LEN":5,"TINY":-99,"HOMEPART":1,"MIN_ZOOM":0,"MIN_LABEL":4,"MAX_LABEL":10,"LABEL_X":5.61144,"LABEL_Y":52.422211,"NE_ID":1159321101,"WIKIDATAID":"Q55","NAME_AR":"هولندا","NAME_BN":"নেদারল্যান্ডস","NAME_DE":"Niederlande","NAME_EN":"Netherlands","NAME_ES":"Países Bajos","NAME_FA":"هلند","NAME_FR":"Pays-Bas","NAME_EL":"Ολλανδία","NAME_HE":"הולנד","NAME_HI":"नीदरलैण्ड","NAME_HU":"Hollandia","NAME_ID":"Belanda","NAME_IT":"Paesi Bassi","NAME_JA":"オランダ","NAME_KO":"네덜란드","NAME_NL":"Nederland","NAME_PL":"Holandia","NAME_PT":"Países Baixos","NAME_RU":"Нидерланды","NAME_SV":"Nederländerna","NAME_TR":"Hollanda","NAME_UK":"Нідерланди","NAME_UR":"نیدرلینڈز","NAME_VI":"Hà Lan","NAME_ZH":"荷兰","NAME_ZHT":"荷蘭","FCLASS_ISO":"Admin-0 country","TLC_DIFF":null,"FCLASS_TLC":"Admin-0 country","FCLASS_US":null,"FCLASS_FR":null,"FCLASS_RU":null,"FCLASS_ES":null,"FCLASS_CN":null,"FCLASS_TW":null,"FCLASS_IN":null,"FCLASS_NP":null,"FCLASS_PK":null,"FCLASS_DE":null,"FCLASS_GB":null,"FCLASS_BR":null,"FCLASS_IL":null,"FCLASS_PS":null,"FCLASS_SA":null,"FCLASS_EG":null,"FCLASS_MA":null,"FCLASS_PT":null,"FCLASS_AR":null,"FCLASS_JP":null,"FCLASS_KO":null,"FCLASS_VN":null,"FCLASS_TR":null,"FCLASS_ID":null,"FCLASS_PL":null,"FCLASS_GR":null,"FCLASS_IT":null,"FCLASS_NL":null,"FCLASS_SE":null,"FCLASS_BD":null,"FCLASS_UA":null},"geometry":{"type":"MultiPolygon","coordinates":[[],[],[],[],[],[],[],[],[],[],[],[]]}},{"type":"Feature","bbox":[166.907031,-0.550781,166.958398,-0.489355],"properties":{"featurecla":"Admin-0 country","scalerank":3,"LABELRANK":6,"SOVEREIGNT":"Nauru","SOV_A3":"NRU","ADM0_DIF":0,"LEVEL":2,"TYPE":"Sovereign country","TLC":"1","ADMIN":"Nauru","ADM0_A3":"NRU","GEOU_DIF":0,"GEOUNIT":"Nauru","GU_A3":"NRU","SU_DIF":0,"SUBUNIT":"Nauru","SU_A3":"NRU","BRK_DIFF":0,"NAME":"Nauru","NAME_LONG":"Nauru","BRK_A3":"NRU","BRK_NAME":"Nauru","BRK_GROUP":null,"ABBREV":"Nauru","POSTAL":"NR","FORMAL_EN":"Republic of Nauru","FORMAL_FR":null,"NAME_CIAWF":"Nauru","NOTE_ADM0":null,"NOTE_BRK":null,"NAME_SORT":"Nauru","NAME_ALT":null,"MAPCOLOR7":3,"MAPCOLOR8":7,"MAPCOLOR9":6,"MAPCOLOR13":9,"POP_EST":12581,"POP_RANK":6,"POP_YEAR":2019,"GDP_MD":118,"GDP_YEAR":2019,"ECONOMY":"6. Developing region","INCOME_GRP":"4. Lower middle income","FIPS_10":"NR","ISO_A2":"NR","ISO_A2_EH":"NR","ISO_A3":"NRU","ISO_A3_EH":"NRU","ISO_N3":"520","ISO_N3_EH":"520","UN_A3":"520","WB_A2":"-99","WB_A3":"-99","WOE_ID":23424912,"WOE_ID_EH":23424912,"WOE_NOTE":"Exact WOE match as country","ADM0_ISO":"NRU","ADM0_DIFF":null,"ADM0_TLC":"NRU","ADM0_A3_US":"NRU","ADM0_A3_FR":"NRU","ADM0_A3_RU":"NRU","ADM0_A3_ES":"NRU","ADM0_A3_CN":"NRU","ADM0_A3_TW":"NRU","ADM0_A3_IN":"NRU","ADM0_A3_NP":"NRU","ADM0_A3_PK":"NRU","ADM0_A3_DE":"NRU","ADM0_A3_GB":"NRU","ADM0_A3_BR":"NRU","ADM0_A3_IL":"NRU","ADM0_A3_PS":"NRU","ADM0_A3_SA":"NRU","ADM0_A3_EG":"NRU","ADM0_A3_MA":"NRU","ADM0_A3_PT":"NRU","ADM0_A3_AR":"NRU","ADM0_A3_JP":"NRU","ADM0_A3_KO":"NRU","ADM0_A3_VN":"NRU","ADM0_A3_TR":"NRU","ADM0_A3_ID":"NRU","ADM0_A3_PL":"NRU","ADM0_A3_GR":"NRU","ADM0_A3_IT":"NRU","ADM0_A3_NL":"NRU","ADM0_A3_SE":"NRU","ADM0_A3_BD":"NRU","ADM0_A3_UA":"NRU","ADM0_A3_UN":-99,"ADM0_A3_WB":-99,"CONTINENT":"Oceania","REGION_UN":"Oceania","SUBREGION":"Micronesia","REGION_WB":"East Asia & Pacific","NAME_LEN":5,"LONG_LEN":5,"ABBREV_LEN":5,"TINY":3,"HOMEPART":1,"MIN_ZOOM":0,"MIN_LABEL":5,"MAX_LABEL":10,"LABEL_X":166.932644,"LABEL_Y":-0.520261,"NE_ID":1159321123,"WIKIDATAID":"Q697","NAME_AR":"ناورو","NAME_BN":"নাউরু","NAME_DE":"Nauru","NAME_EN":"Nauru","NAME_ES":"Nauru","NAME_FA":"نائورو","NAME_FR":"Nauru","NAME_EL":"Ναουρού","NAME_HE":"נאורו","NAME_HI":"नौरु","NAME_HU":"Nauru","NAME_ID":"Nauru","NAME_IT":"Nauru","NAME_JA":"ナウル","NAME_KO":"나우루","NAME_NL":"Nauru","NAME_PL":"Nauru","NAME_PT":"Nauru","NAME_RU":"Науру","NAME_SV":"Nauru","NAME_TR":"Nauru","NAME_UK":"Науру","NAME_UR":"ناورو","NAME_VI":"Nauru","NAME_ZH":"瑙鲁","NAME_ZHT":"諾魯","FCLASS_ISO":"Admin-0 country","TLC_DIFF":null,"FCLASS_TLC":"Admin-0 country","FCLASS_US":null,"FCLASS_FR":null,"FCLASS_RU":null,"FCLASS_ES":null,"FCLASS_CN":null,"FCLASS_TW":null,"FCLASS_IN":null,"FCLASS_NP":null,"FCLASS_PK":null,"FCLASS_DE":null,"FCLASS_GB":null,"FCLASS_BR":null,"FCLASS_IL":null,"FCLASS_PS":null,"FCLASS_SA":null,"FCLASS_EG":null,"FCLASS_MA":null,"FCLASS_PT":null,"FCLASS_AR":null,"FCLASS_JP":null,"FCLASS_KO":null,"FCLASS_VN":null,"FCLASS_TR":null,"FCLASS_ID":null,"FCLASS_PL":null,"FCLASS_GR":null,"FCLASS_IT":null,"FCLASS_NL":null,"FCLASS_SE":null,"FCLASS_BD":null,"FCLASS_UA":null},"geometry":{"type":"Polygon","coordinates":[[[31.76965168581238,12.478496197178444],[31.749398155565498,12.44648991398722],[31.72777673601742,12.453242689992596],[31.719691070252477,12.476982850308788],[31.727069025901017,12.500837056324684],[31.752031924435776,12.507818859139697],[31.76784919032285,12.49839240227194],[31.76965168581238,12.478496197178444]]]}},{"type":"Feature","bbox":[-118.401367,14.54541,-86.696289,32.715332],"properties":{"featurecla":"Admin-0 country","scalerank":1,"LABELRANK":2,"SOVEREIGNT":"Mexico","SOV_A3":"MEX","ADM0_DIF":0,"LEVEL":2,"TYPE":"Sovereign country","TLC":"1","ADMIN":"Mexico","ADM0_A3":"MEX","GEOU_DIF":0,"GEOUNIT":"Mexico","GU_A3":"MEX","SU_DIF":0,"SUBUNIT":"Mexico","SU_A3":"MEX","BRK_DIFF":0,"NAME":"Mexico","NAME_LONG":"Mexico","BRK_A3":"MEX","BRK_NAME":"Mexico","BRK_GROUP":null,"ABBREV":"Mex.","POSTAL":"MX","FORMAL_EN":"United Mexican States","FORMAL_FR":null,"NAME_CIAWF":"Mexico","NOTE_ADM0":null,"NOTE_BRK":null,"NAME_SORT":"Mexico","NAME_ALT":null,"MAPCOLOR7":6,"MAPCOLOR8":1,"MAPCOLOR9":7,"MAPCOLOR13":3,"POP_EST":127575529,"POP_RANK":17,"POP_YEAR":2019,"GDP_MD":1268870,"GDP_YEAR":2019,"ECONOMY":"4. Emerging region: MIKT","INCOME_GRP":"3. Upper middle income","FIPS_10":"MX","ISO_A2":"MX","ISO_A2_EH":"MX","ISO_A3":"MEX","ISO_A3_EH":"MEX","ISO_N3":"484","ISO_N3_EH":"484","UN_A3":"484","WB_A2":"MX","WB_A3":"MEX","WOE_ID":23424900,"WOE_ID_EH":23424900,"WOE_NOTE":"Exact WOE match as country","ADM0_ISO":"MEX","ADM0_DIFF":null,"ADM0_TLC":"MEX","ADM0_A3_US":"MEX","ADM0_A3_FR":"MEX","ADM0_A3_RU":"MEX","ADM0_A3_ES":"MEX","ADM0_A3_CN":"MEX","ADM0_A3_TW":"MEX","ADM0_A3_IN":"MEX","ADM0_A3_NP":"MEX","ADM0_A3_PK":"MEX","ADM0_A3_DE":"MEX","ADM0_A3_GB":"MEX","ADM0_A3_BR":"MEX","ADM0_A3_IL":"MEX","ADM0_A3_PS":"MEX","ADM0_A3_SA":"MEX","ADM0_A3_EG":"MEX","ADM0_A3_MA":"MEX","ADM0_A3_PT":"MEX","ADM0_A3_AR":"MEX","ADM0_A3_JP":"MEX","ADM0_A3_KO":"MEX","ADM0_A3_VN":"MEX","ADM0_A3_TR":"MEX","ADM0_A3_ID":"MEX","ADM0_A3_PL":"MEX","ADM0_A3_GR":"MEX","ADM0_A3_IT":"MEX","ADM0_A3_NL":"MEX","ADM0_A3_SE":"MEX","ADM0_A3_BD":"MEX","ADM0_A3_UA":"MEX","ADM0_A3_UN":-99,"ADM0_A3_WB":-99,"CONTINENT":"North America","REGION_UN":"Americas","SUBREGION":"Central America","REGION_WB":"Latin America & Caribbean","NAME_LEN":6,"LONG_LEN":6,"ABBREV_LEN":4,"TINY":-99,"HOMEPART":1,"MIN_ZOOM":0,"MIN_LABEL":2,"MAX_LABEL":6.7,"LABEL_X":-102.289448,"LABEL_Y":23.919988,"NE_ID":1159321055,"WIKIDATAID":"Q96","NAME_AR":"المكسيك","NAME_BN":"মেক্সিকো","NAME_DE":"Mexiko","NAME_EN":"Mexico","NAME_ES":"México","NAME_FA":"مکزیک","NAME_FR":"Mexique","NAME_EL":"Μεξικό","NAME_HE":"מקסיקו","NAME_HI":"मेक्सिको","NAME_HU":"Mexikó","NAME_ID":"Meksiko","NAME_IT":"Messico","NAME_JA":"メキシコ","NAME_KO":"멕시코","NAME_NL":"Mexico","NAME_PL":"Meksyk","NAME_PT":"México","NAME_RU":"Мексика","NAME_SV":"Mexiko","NAME_TR":"Meksika","NAME_UK":"Мексика","NAME_UR":"میکسیکو","NAME_VI":"México","NAME_ZH":"墨西哥","NAME_ZHT":"墨西哥","FCLASS_ISO":"Admin-0 country","TLC_DIFF":null,"FCLASS_TLC":"Admin-0 country","FCLASS_US":null,"FCLASS_FR":null,"FCLASS_RU":null,"FCLASS_ES":null,"FCLASS_CN":null,"FCLASS_TW":null,"FCLASS_IN":null,"FCLASS_NP":null,"FCLASS_PK":null,"FCLASS_DE":null,"FCLASS_GB":null,"FCLASS_BR":null,"FCLASS_IL":null,"FCLASS_PS":null,"FCLASS_SA":null,"FCLASS_EG":null,"FCLASS_MA":null,"FCLASS_PT":null,"FCLASS_AR":null,"FCLASS_JP":null,"FCLASS_KO":null,"FCLASS_VN":null,"FCLASS_TR":null,"FCLASS_ID":null,"FCLASS_PL":null,"FCLASS_GR":null,"FCLASS_IT":null,"FCLASS_NL":null,"FCLASS_SE":null,"FCLASS_BD":null,"FCLASS_UA":null},"geometry":{"type":"MultiPolygon","coordinates":[[],[],[],[],[],[],[],[],[],[],[],[],[],[],[],[]]}},{"type":"Feature","bbox":[-17.063965,14.745361,-4.822607,27.285937],"properties":{"featurecla":"Admin-0 country","scalerank":5,"LABELRANK":3,"SOVEREIGNT":"Mauritania","SOV_A3":"MRT","ADM0_DIF":0,"LEVEL":2,"TYPE":"Sovereign country","TLC":"1","ADMIN":"Mauritania","ADM0_A3":"MRT","GEOU_DIF":0,"GEOUNIT":"Mauritania","GU_A3":"MRT","SU_DIF":0,"SUBUNIT":"Mauritania","SU_A3":"MRT","BRK_DIFF":0,"NAME":"Mauritania","NAME_LONG":"Mauritania","BRK_A3":"MRT","BRK_NAME":"Mauritania","BRK_GROUP":null,"ABBREV":"Mrt.","POSTAL":"MR","FORMAL_EN":"Islamic Republic of Mauritania","FORMAL_FR":null,"NAME_CIAWF":"Mauritania","NOTE_ADM0":null,"NOTE_BRK":null,"NAME_SORT":"Mauritania","NAME_ALT":null,"MAPCOLOR7":3,"MAPCOLOR8":3,"MAPCOLOR9":2,"MAPCOLOR13":1,"POP_EST":4525696,"POP_RANK":12,"POP_YEAR":2019,"GDP_MD":7600,"GDP_YEAR":2019,"ECONOMY":"7. Least developed region","INCOME_GRP":"5. Low income","FIPS_10":"MR","ISO_A2":"MR","ISO_A2_EH":"MR","ISO_A3":"MRT","ISO_A3_EH":"MRT","ISO_N3":"478","ISO_N3_EH":"478","UN_A3":"478","WB_A2":"MR","WB_A3":"MRT","WOE_ID":23424896,"WOE_ID_EH":23424896,"WOE_NOTE":"Exact WOE match as country","ADM0_ISO":"MRT","ADM0_DIFF":null,"ADM0_TLC":"MRT","ADM0_A3_US":"MRT","ADM0_A3_FR":"MRT","ADM0_A3_RU":"MRT","ADM0_A3_ES":"MRT","ADM0_A3_CN":"MRT","ADM0_A3_TW":"MRT","ADM0_A3_IN":"MRT","ADM0_A3_NP":"MRT","ADM0_A3_PK":"MRT","ADM0_A3_DE":"MRT","ADM0_A3_GB":"MRT","ADM0_A3_BR":"MRT","ADM0_A3_IL":"MRT","ADM0_A3_PS":"MRT","ADM0_A3_SA":"MRT","ADM0_A3_EG":"MRT","ADM0_A3_MA":"MRT","ADM0_A3_PT":"MRT","ADM0_A3_AR":"MRT","ADM0_A3_JP":"MRT","ADM0_A3_KO":"MRT","ADM0_A3_VN":"MRT","ADM0_A3_TR":"MRT","ADM0_A3_ID":"MRT","ADM0_A3_PL":"MRT","ADM0_A3_GR":"MRT","ADM0_A3_IT":"MRT","ADM0_A3_NL":"MRT","ADM0_A3_SE":"MRT","ADM0_A3_BD":"MRT","ADM0_A3_UA":"MRT","ADM0_A3_UN":-99,"ADM0_A3_WB":-99,"CONTINENT":"Africa","REGION_UN":"Africa","SUBREGION":"Western Africa","REGION_WB":"Sub-Saharan Africa","NAME_LEN":10,"LONG_LEN":10,"ABBREV_LEN":4,"TINY":-99,"HOMEPART":1,"MIN_ZOOM":0,"MIN_LABEL":3,"MAX_LABEL":8,"LABEL_X":-9.740299,"LABEL_Y":19.587062,"NE_ID":1159321075,"WIKIDATAID":"Q1025","NAME_AR":"موريتانيا","NAME_BN":"মৌরিতানিয়া","NAME_DE":"Mauretanien","NAME_EN":"Mauritania","NAME_ES":"Mauritania","NAME_FA":"موریتانی","NAME_FR":"Mauritanie","NAME_EL":"Μαυριτανία","NAME_HE":"מאוריטניה","NAME_HI":"मॉरीतानिया","NAME_HU":"Mauritánia","NAME_ID":"Mauritania","NAME_IT":"Mauritania","NAME_JA":"モーリタニア","NAME_KO":"모리타니","NAME_NL":"Mauritanië","NAME_PL":"Mauretania","NAME_PT":"Mauritânia","NAME_RU":"Мавритания","NAME_SV":"Mauretanien","NAME_TR":"Moritanya","NAME_UK":"Мавританія","NAME_UR":"موریتانیہ","NAME_VI":"Mauritanie","NAME_ZH":"毛里塔尼亚","NAME_ZHT":"茅利塔尼亞","FCLASS_ISO":"Admin-0 country","TLC_DIFF":null,"FCLASS_TLC":"Admin-0 country","FCLASS_US":null,"FCLASS_FR":null,"FCLASS_RU":null,"FCLASS_ES":null,"FCLASS_CN":null,"FCLASS_TW":null,"FCLASS_IN":null,"FCLASS_NP":null,"FCLASS_PK":null,"FCLASS_DE":null,"FCLASS_GB":null,"FCLASS_BR":null,"FCLASS_IL":null,"FCLASS_PS":null,"FCLASS_SA":null,"FCLASS_EG":null,"FCLASS_MA":null,"FCLASS_PT":null,"FCLASS_AR":null,"FCLASS_JP":null,"FCLASS_KO":null,"FCLASS_VN":null,"FCLASS_TR":null,"FCLASS_ID":null,"FCLASS_PL":null,"FCLASS_GR":null,"FCLASS_IT":null,"FCLASS_NL":null,"FCLASS_SE":null,"FCLASS_BD":null,"FCLASS_UA":null},"geometry":{"type":"MultiPolygon","coordinates":[[],[]]}},{"type":"Feature","bbox":[14.180371,35.820215,14.566211,36.075781],"properties":{"featurecla":"Admin-0 country","scalerank":3,"LABELRANK":5,"SOVEREIGNT":"Malta","SOV_A3":"MLT","ADM0_DIF":0,"LEVEL":2,"TYPE":"Sovereign country","TLC":"1","ADMIN":"Malta","ADM0_A3":"MLT","GEOU_DIF":0,"GEOUNIT":"Malta","GU_A3":"MLT","SU_DIF":0,"SUBUNIT":"Malta","SU_A3":"MLT","BRK_DIFF":0,"NAME":"Malta","NAME_LONG":"Malta","BRK_A3":"MLT","BRK_NAME":"Malta","BRK_GROUP":null,"ABBREV":"Malta","POSTAL":"M","FORMAL_EN":"Republic of Malta","FORMAL_FR":null,"NAME_CIAWF":"Malta","NOTE_ADM0":null,"NOTE_BRK":null,"NAME_SORT":"Malta","NAME_ALT":null,"MAPCOLOR7":1,"MAPCOLOR8":4,"MAPCOLOR9":1,"MAPCOLOR13":8,"POP_EST":502653,"POP_RANK":11,"POP_YEAR":2019,"GDP_MD":14989,"GDP_YEAR":2019,"ECONOMY":"2. Developed region: nonG7","INCOME_GRP":"2. High income: nonOECD","FIPS_10":"MT","ISO_A2":"MT","ISO_A2_EH":"MT","ISO_A3":"MLT","ISO_A3_EH":"MLT","ISO_N3":"470","ISO_N3_EH":"470","UN_A3":"470","WB_A2":"MT","WB_A3":"MLT","WOE_ID":23424897,"WOE_ID_EH":23424897,"WOE_NOTE":"Exact WOE match as country","ADM0_ISO":"MLT","ADM0_DIFF":null,"ADM0_TLC":"MLT","ADM0_A3_US":"MLT","ADM0_A3_FR":"MLT","ADM0_A3_RU":"MLT","ADM0_A3_ES":"MLT","ADM0_A3_CN":"MLT","ADM0_A3_TW":"MLT","ADM0_A3_IN":"MLT","ADM0_A3_NP":"MLT","ADM0_A3_PK":"MLT","ADM0_A3_DE":"MLT","ADM0_A3_GB":"MLT","ADM0_A3_BR":"MLT","ADM0_A3_IL":"MLT","ADM0_A3_PS":"MLT","ADM0_A3_SA":"MLT","ADM0_A3_EG":"MLT","ADM0_A3_MA":"MLT","ADM0_A3_PT":"MLT","ADM0_A3_AR":"MLT","ADM0_A3_JP":"MLT","ADM0_A3_KO":"MLT","ADM0_A3_VN":"MLT","ADM0_A3_TR":"MLT","ADM0_A3_ID":"MLT","ADM0_A3_PL":"MLT","ADM0_A3_GR":"MLT","ADM0_A3_IT":"MLT","ADM0_A3_NL":"MLT","ADM0_A3_SE":"MLT","ADM0_A3_BD":"MLT","ADM0_A3_UA":"MLT","ADM0_A3_UN":-99,"ADM0_A3_WB":-99,"CONTINENT":"Europe","REGION_UN":"Europe","SUBREGION":"Southern Europe","REGION_WB":"Middle East & North Africa","NAME_LEN":5,"LONG_LEN":5,"ABBREV_LEN":5,"TINY":3,"HOMEPART":1,"MIN_ZOOM":0,"MIN_LABEL":4,"MAX_LABEL":9,"LABEL_X":14.433005,"LABEL_Y":35.892886,"NE_ID":1159321065,"WIKIDATAID":"Q233","NAME_AR":"مالطا","NAME_BN":"মাল্টা","NAME_DE":"Malta","NAME_EN":"Malta","NAME_ES":"Malta","NAME_FA":"مالت","NAME_FR":"Malte","NAME_EL":"Μάλτα","NAME_HE":"מלטה","NAME_HI":"माल्टा","NAME_HU":"Málta","NAME_ID":"Malta","NAME_IT":"Malta","NAME_JA":"マルタ","NAME_KO":"몰타","NAME_NL":"Malta","NAME_PL":"Malta","NAME_PT":"Malta","NAME_RU":"Мальта","NAME_SV":"Malta","NAME_TR":"Malta","NAME_UK":"Мальта","NAME_UR":"مالٹا","NAME_VI":"Malta","NAME_ZH":"马耳他","NAME_ZHT":"馬耳他","FCLASS_ISO":"Admin-0 country","TLC_DIFF":null,"FCLASS_TLC":"Admin-0 country","FCLASS_US":null,"FCLASS_FR":null,"FCLASS_RU":null,"FCLASS_ES":null,"FCLASS_CN":null,"FCLASS_TW":null,"FCLASS_IN":null,"FCLASS_NP":null,"FCLASS_PK":null,"FCLASS_DE":null,"FCLASS_GB":null,"FCLASS_BR":null,"FCLASS_IL":null,"FCLASS_PS":null,"FCLASS_SA":null,"FCLASS_EG":null,"FCLASS_MA":null,"FCLASS_PT":null,"FCLASS_AR":null,"FCLASS_JP":null,"FCLASS_KO":null,"FCLASS_VN":null,"FCLASS_TR":null,"FCLASS_ID":null,"FCLASS_PL":null,"FCLASS_GR":null,"FCLASS_IT":null,"FCLASS_NL":null,"FCLASS_SE":null,"FCLASS_BD":null,"FCLASS_UA":null},"geometry":{"type":"MultiPolygon","coordinates":[[],[]]}},{"type":"Feature","bbox":[73.382031,3.229395,73.52832,4.247656],"properties":{"featurecla":"Admin-0 country","scalerank":4,"LABELRANK":5,"SOVEREIGNT":"Maldives","SOV_A3":"MDV","ADM0_DIF":0,"LEVEL":2,"TYPE":"Sovereign country","TLC":"1","ADMIN":"Maldives","ADM0_A3":"MDV","GEOU_DIF":0,"GEOUNIT":"Maldives","GU_A3":"MDV","SU_DIF":0,"SUBUNIT":"Maldives","SU_A3":"MDV","BRK_DIFF":0,"NAME":"Maldives","NAME_LONG":"Maldives","BRK_A3":"MDV","BRK_NAME":"Maldives","BRK_GROUP":null,"ABBREV":"Mald.","POSTAL":"MV","FORMAL_EN":"Republic of Maldives","FORMAL_FR":null,"NAME_CIAWF":"Maldives","NOTE_ADM0":null,"NOTE_BRK":null,"NAME_SORT":"Maldives","NAME_ALT":null,"MAPCOLOR7":2,"MAPCOLOR8":3,"MAPCOLOR9":1,"MAPCOLOR13":7,"POP_EST":530953,"POP_RANK":11,"POP_YEAR":2019,"GDP_MD":5642,"GDP_YEAR":2019,"ECONOMY":"6. Developing region","INCOME_GRP":"3. Upper middle income","FIPS_10":"MV","ISO_A2":"MV","ISO_A2_EH":"MV","ISO_A3":"MDV","ISO_A3_EH":"MDV","ISO_N3":"462","ISO_N3_EH":"462","UN_A3":"462","WB_A2":"MV","WB_A3":"MDV","WOE_ID":23424899,"WOE_ID_EH":23424899,"WOE_NOTE":"Exact WOE match as country","ADM0_ISO":"MDV","ADM0_DIFF":null,"ADM0_TLC":"MDV","ADM0_A3_US":"MDV","ADM0_A3_FR":"MDV","ADM0_A3_RU":"MDV","ADM0_A3_ES":"MDV","ADM0_A3_CN":"MDV","ADM0_A3_TW":"MDV","ADM0_A3_IN":"MDV","ADM0_A3_NP":"MDV","ADM0_A3_PK":"MDV","ADM0_A3_DE":"MDV","ADM0_A3_GB":"MDV","ADM0_A3_BR":"MDV","ADM0_A3_IL":"MDV","ADM0_A3_PS":"MDV","ADM0_A3_SA":"MDV","ADM0_A3_EG":"MDV","ADM0_A3_MA":"MDV","ADM0_A3_PT":"MDV","ADM0_A3_AR":"MDV","ADM0_A3_JP":"MDV","ADM0_A3_KO":"MDV","ADM0_A3_VN":"MDV","ADM0_A3_TR":"MDV","ADM0_A3_ID":"MDV","ADM0_A3_PL":"MDV","ADM0_A3_GR":"MDV","ADM0_A3_IT":"MDV","ADM0_A3_NL":"MDV","ADM0_A3_SE":"MDV","ADM0_A3_BD":"MDV","ADM0_A3_UA":"MDV","ADM0_A3_UN":-99,"ADM0_A3_WB":-99,"CONTINENT":"Seven seas (open ocean)","REGION_UN":"Asia","SUBREGION":"Southern Asia","REGION_WB":"South Asia","NAME_LEN":8,"LONG_LEN":8,"ABBREV_LEN":5,"TINY":2,"HOMEPART":1,"MIN_ZOOM":0,"MIN_LABEL":4,"MAX_LABEL":9,"LABEL_X":73.507554,"LABEL_Y":4.174441,"NE_ID":1159321053,"WIKIDATAID":"Q826","NAME_AR":"المالديف","NAME_BN":"মালদ্বীপ","NAME_DE":"Malediven","NAME_EN":"Maldives","NAME_ES":"Maldivas","NAME_FA":"مالدیو","NAME_FR":"Maldives","NAME_EL":"Μαλδίβες","NAME_HE":"האיים המלדיביים","NAME_HI":"मालदीव","NAME_HU":"Maldív-szigetek","NAME_ID":"Maladewa","NAME_IT":"Maldive","NAME_JA":"モルディブ","NAME_KO":"몰디브","NAME_NL":"Maldiven","NAME_PL":"Malediwy","NAME_PT":"Maldivas","NAME_RU":"Мальдивы","NAME_SV":"Maldiverna","NAME_TR":"Maldivler","NAME_UK":"Мальдіви","NAME_UR":"مالدیپ","NAME_VI":"Maldives","NAME_ZH":"马尔代夫","NAME_ZHT":"馬爾地夫","FCLASS_ISO":"Admin-0 country","TLC_DIFF":null,"FCLASS_TLC":"Admin-0 country","FCLASS_US":null,"FCLASS_FR":null,"FCLASS_RU":null,"FCLASS_ES":null,"FCLASS_CN":null,"FCLASS_TW":null,"FCLASS_IN":null,"FCLASS_NP":null,"FCLASS_PK":null,"FCLASS_DE":null,"FCLASS_GB":null,"FCLASS_BR":null,"FCLASS_IL":null,"FCLASS_PS":null,"FCLASS_SA":null,"FCLASS_EG":null,"FCLASS_MA":null,"FCLASS_PT":null,"FCLASS_AR":null,"FCLASS_JP":null,"FCLASS_KO":null,"FCLASS_VN":null,"FCLASS_TR":null,"FCLASS_ID":null,"FCLASS_PL":null,"FCLASS_GR":null,"FCLASS_IT":null,"FCLASS_NL":null,"FCLASS_SE":null,"FCLASS_BD":null,"FCLASS_UA":null},"geometry":{"type":"MultiPolygon","coordinates":[[],[]]}},{"type":"Feature","bbox":[99.646289,0.861963,119.266309,7.35166],"properties":{"featurecla":"Admin-0 country","scalerank":1,"LABELRANK":3,"SOVEREIGNT":"Malaysia","SOV_A3":"MYS","ADM0_DIF":0,"LEVEL":2,"TYPE":"Sovereign country","TLC":"1","ADMIN":"Malaysia","ADM0_A3":"MYS","GEOU_DIF":0,"GEOUNIT":"Malaysia","GU_A3":"MYS","SU_DIF":0,"SUBUNIT":"Malaysia","SU_A3":"MYS","BRK_DIFF":0,"NAME":"Malaysia","NAME_LONG":"Malaysia","BRK_A3":"MYS","BRK_NAME":"Malaysia","BRK_GROUP":null,"ABBREV":"Malay.","POSTAL":"MY","FORMAL_EN":"Malaysia","FORMAL_FR":null,"NAME_CIAWF":"Malaysia","NOTE_ADM0":null,"NOTE_BRK":null,"NAME_SORT":"Malaysia","NAME_ALT":null,"MAPCOLOR7":2,"MAPCOLOR8":4,"MAPCOLOR9":3,"MAPCOLOR13":6,"POP_EST":31949777,"POP_RANK":15,"POP_YEAR":2019,"GDP_MD":364681,"GDP_YEAR":2019,"ECONOMY":"6. Developing region","INCOME_GRP":"3. Upper middle income","FIPS_10":"MY","ISO_A2":"MY","ISO_A2_EH":"MY","ISO_A3":"MYS","ISO_A3_EH":"MYS","ISO_N3":"458","ISO_N3_EH":"458","UN_A3":"458","WB_A2":"MY","WB_A3":"MYS","WOE_ID":23424901,"WOE_ID_EH":23424901,"WOE_NOTE":"Exact WOE match as country","ADM0_ISO":"MYS","ADM0_DIFF":null,"ADM0_TLC":"MYS","ADM0_A3_US":"MYS","ADM0_A3_FR":"MYS","ADM0_A3_RU":"MYS","ADM0_A3_ES":"MYS","ADM0_A3_CN":"MYS","ADM0_A3_TW":"MYS","ADM0_A3_IN":"MYS","ADM0_A3_NP":"MYS","ADM0_A3_PK":"MYS","ADM0_A3_DE":"MYS","ADM0_A3_GB":"MYS","ADM0_A3_BR":"MYS","ADM0_A3_IL":"MYS","ADM0_A3_PS":"MYS","ADM0_A3_SA":"MYS","ADM0_A3_EG":"MYS","ADM0_A3_MA":"MYS","ADM0_A3_PT":"MYS","ADM0_A3_AR":"MYS","ADM0_A3_JP":"MYS","ADM0_A3_KO":"MYS","ADM0_A3_VN":"MYS","ADM0_A3_TR":"MYS","ADM0_A3_ID":"MYS","ADM0_A3_PL":"MYS","ADM0_A3_GR":"MYS","ADM0_A3_IT":"MYS","ADM0_A3_NL":"MYS","ADM0_A3_SE":"MYS","ADM0_A3_BD":"MYS","ADM0_A3_UA":"MYS","ADM0_A3_UN":-99,"ADM0_A3_WB":-99,"CONTINENT":"Asia","REGION_UN":"Asia","SUBREGION":"South-Eastern Asia","REGION_WB":"East Asia & Pacific","NAME_LEN":8,"LONG_LEN":8,"ABBREV_LEN":6,"TINY":-99,"HOMEPART":1,"MIN_ZOOM":0,"MIN_LABEL":3,"MAX_LABEL":8,"LABEL_X":113.83708,"LABEL_Y":2.528667,"NE_ID":1159321083,"WIKIDATAID":"Q833","NAME_AR":"ماليزيا","NAME_BN":"মালয়েশিয়া","NAME_DE":"Malaysia","NAME_EN":"Malaysia","NAME_ES":"Malasia","NAME_FA":"مالزی","NAME_FR":"Malaisie","NAME_EL":"Μαλαισία","NAME_HE":"מלזיה","NAME_HI":"मलेशिया","NAME_HU":"Malajzia","NAME_ID":"Malaysia","NAME_IT":"Malaysia","NAME_JA":"マレーシア","NAME_KO":"말레이시아","NAME_NL":"Maleisië","NAME_PL":"Malezja","NAME_PT":"Malásia","NAME_RU":"Малайзия","NAME_SV":"Malaysia","NAME_TR":"Malezya","NAME_UK":"Малайзія","NAME_UR":"ملائیشیا","NAME_VI":"Malaysia","NAME_ZH":"马来西亚","NAME_ZHT":"馬來西亞","FCLASS_ISO":"Admin-0 country","TLC_DIFF":null,"FCLASS_TLC":"Admin-0 country","FCLASS_US":null,"FCLASS_FR":null,"FCLASS_RU":null,"FCLASS_ES":null,"FCLASS_CN":null,"FCLASS_TW":null,"FCLASS_IN":null,"FCLASS_NP":null,"FCLASS_PK":null,"FCLASS_DE":null,"FCLASS_GB":null,"FCLASS_BR":null,"FCLASS_IL":null,"FCLASS_PS":null,"FCLASS_SA":null,"FCLASS_EG":null,"FCLASS_MA":null,"FCLASS_PT":null,"FCLASS_AR":null,"FCLASS_JP":null,"FCLASS_KO":null,"FCLASS_VN":null,"FCLASS_TR":null,"FCLASS_ID":null,"FCLASS_PL":null,"FCLASS_GR":null,"FCLASS_IT":null,"FCLASS_NL":null,"FCLASS_SE":null,"FCLASS_BD":null,"FCLASS_UA":null},"geometry":{"type":"MultiPolygon","coordinates":[[],[[[-17.552764804949614,18.173590871067503],[-17.589850034624998,18.172410769201747],[-17.676288471479037,18.188166938823624],[-17.849842468522432,18.279367611591784],[-18.02670973996742,18.305610804445354],[-18.283365887721253,18.294852613360195],[-18.428858128809452,18.301008125870233],[-18.487870958151174,18.282861076573173],[-18.537377853388026,18.27952912171646],[-18.57331312524789,18.297774916548427],[-18.611646627722802,18.305993602346845],[-18.711404832079328,18.241521155239575],[-18.75823746270128,18.256993412151584],[-18.805578073801808,18.279244583841162],[-18.88947984575893,18.282938123737225],[-18.990943692467084,18.27034565572488],[-19.10328793226601,18.203203330012148],[-19.228514560458667,18.250887944095464],[-19.263851576006406,18.248290682245905],[-19.28765009025333,18.23302639343636],[-19.341570009747322,18.15486630296116],[-19.44458729365998,18.091589277679873],[-19.49517935333257,17.983702294830557],[-19.525980585409727,17.88120297972766],[-19.553321141782575,17.844806532290995],[-19.55960628555998,17.649526818633536],[-19.575300578688353,17.554357058414364],[-19.548301606804348,17.43122337897221],[-19.552451457706645,17.37727392860512],[-19.597805585634223,17.29468517369899],[-19.603291962916327,17.27602385470473],[-19.626583166165766,17.147426804968227],[-19.6169354297932,17.114219605224083],[-19.622465149621025,17.07103158187903],[-19.6602024165161,16.97942934734201],[-19.729870277201478,16.95084708924604],[-19.8034228908173,16.932289826685174],[-19.855520680533225,16.95425213919829],[-19.855520680533225,18.215818153583378],[-19.83195710597079,18.219927638479398],[-19.803503296755334,18.233577493291545],[-19.79606744401337,18.24862928816016],[-19.84359149350342,18.317230046941102],[-19.855520680533225,18.46987741374108],[-19.855520680533225,18.751390117138097],[-19.749342716051363,18.771588293837272],[-19.69683707066332,18.808834336753296],[-19.60503345703127,18.888980296564558],[-19.57050275096754,18.932849883973354],[-19.543061405296065,19.02882556905918],[-19.657772020021696,19.07865833431634],[-19.702773564377544,19.147812324472852],[-19.70531848598904,19.225174574515908],[-19.568173764165522,19.3766065551342],[-19.52080449782739,19.41358822392908],[-19.500372374011015,19.363675111446934],[-19.440050863269516,19.354112850089436],[-19.384473967603913,19.355204213747342],[-19.32859033684357,19.361192203250038],[-19.248416131285772,19.437961995702643],[-19.206973252842722,19.54435796593421],[-19.065612269317327,19.698920621688597],[-19.015035301973192,19.814345717137623],[-18.986284534309785,19.93349255621554],[-18.628812752598837,20.31648954072177],[-18.58498812544231,20.3753289141676],[-18.371170969823336,20.751113136577274],[-18.344755048852704,20.764556263434866],[-18.288323783350332,20.732063020972348],[-18.272478167243133,20.61696378077244],[-18.280657203508735,20.566008007033602],[-18.315412656149785,20.489292924574954],[-18.3355442762241,20.40958671666097],[-18.311261643358172,20.41247462887823],[-18.210235145127587,20.465449631642354],[-18.10422129520809,20.59811540058798],[-18.04408727841216,20.711510059885036],[-17.993189567372347,20.762064295019307],[-17.892182597883217,20.740255574847676],[-17.8698071137766,20.722168434367315],[-17.87753845696516,20.64248083449868],[-17.868226196167747,20.596753917307275],[-17.829905749968635,20.500060880716806],[-17.744069979995775,20.444386383583165],[-17.62557395276068,20.41235737708441],[-17.515543098130983,20.363158806561035],[-17.47974414564914,20.328786247220755],[-17.456080064944814,20.286448690373692],[-17.432357902983263,20.216446366806803],[-17.43086992114544,20.144479432131998],[-17.510847936233713,20.07031002494236],[-17.477474207673975,19.957750553251472],[-17.483005769332575,19.890825297381625],[-17.51054003773366,19.832646677166597],[-17.62666038398394,19.774815214520345],[-17.310134701939578,19.842082925267924],[-17.23192294864861,19.87543114435816],[-17.123644646548943,19.95589111583858],[-17.065978052052674,19.89372496861872],[-17.012247495533998,19.78386204790331],[-17.055891703371284,19.753500562012768],[-17.193510108347756,19.70544602401506],[-17.20029530056962,19.688078646805415],[-17.15484324026781,19.631673908249525],[-17.09731063805426,19.639888858674706],[-16.98372104018756,19.68448017313711],[-16.879032559334938,19.751156479343493],[-16.828332996627598,19.752768448432608],[-16.775026771749605,19.74255481184721],[-16.671857291636822,19.707733319138192],[-16.614090479523757,19.67831342811376],[-16.56522820451401,19.639293011147846],[-16.533646392955923,19.554737750141083],[-16.41475260772275,19.529010367259346],[-16.17101214060971,19.419553032608842],[-16.12575140426078,19.41119806481746],[-16.07822925843913,19.410945801934318],[-15.949606519039408,19.431351675319924],[-15.904537303412921,19.416369256978175],[-15.872402719840911,19.374287614952305],[-15.861688372133823,19.320902350432966],[-15.865246475278589,19.26275778211619],[-15.878372107555617,19.21818235453784],[-15.908507497107395,19.18051993257603],[-15.996046792441765,19.121181161830737],[-16.216052791985057,19.038613260152857],[-16.45670706669752,18.97237384211117],[-16.577510772458247,18.97045070663339],[-16.747173020183926,19.009485389420536],[-16.809015959419433,19.00044389245601],[-16.868501716615953,18.97592686617754],[-16.943586185959344,18.822175094186935],[-16.80444278297646,18.679180459349446],[-16.56569000938526,18.534510607533093],[-16.53294966177485,18.497138443095324],[-16.54161324944991,18.448869170719405],[-16.579543704026463,18.41847390079828],[-16.629819844584148,18.400171521311222],[-16.76379277036354,18.368638750131822],[-16.899125732734852,18.3434421727095],[-17.010477456818272,18.311200462698004],[-17.119433911935253,18.27061968478014],[-17.232056944056094,18.276893844193562],[-17.38683819846861,18.339238805971583],[-17.431366293907853,18.34193129521638],[-17.477897996115715,18.303492161210304],[-17.523500546081756,18.202785736970164],[-17.552764804949614,18.173590871067503]]],[],[],[],[[[-17.97853450373701,20.946696252309415],[-18.039814236409697,20.894922101705355],[-18.05975920398966,20.952591892266803],[-18.054957870698313,21.02825933355846],[-17.971796376734634,21.102554731174315],[-17.854656937361764,21.121626009678607],[-17.83852849681852,21.066196414111232],[-17.853080051559044,21.00118168966292],[-17.880788531189637,20.966647566432226],[-17.97853450373701,20.946696252309415]]],[],[],[[[-17.242620898435227,18.204074650974675],[-17.38185387615214,18.1789214530092],[-17.478197760020127,18.17591480851666],[-17.460565429555285,18.20979066825072],[-17.465416653149283,18.253029414445678],[-17.4195840208354,18.26686387948312],[-17.36615560673532,18.260122700430895],[-17.242620898435227,18.204074650974675]]]]}},{"type":"Feature","bbox":[32.67041,-17.131055,35.892773,-9.39502],"properties":{"featurecla":"Admin-0 country","scalerank":5,"LABELRANK":6,"SOVEREIGNT":"Malawi","SOV_A3":"MWI","ADM0_DIF":0,"LEVEL":2,"TYPE":"Sovereign country","TLC":"1","ADMIN":"Malawi","ADM0_A3":"MWI","GEOU_DIF":0,"GEOUNIT":"Malawi","GU_A3":"MWI","SU_DIF":0,"SUBUNIT":"Malawi","SU_A3":"MWI","BRK_DIFF":0,"NAME":"Malawi","NAME_LONG":"Malawi","BRK_A3":"MWI","BRK_NAME":"Malawi","BRK_GROUP":null,"ABBREV":"Mal.","POSTAL":"MW","FORMAL_EN":"Republic of Malawi","FORMAL_FR":null,"NAME_CIAWF":"Malawi","NOTE_ADM0":null,"NOTE_BRK":null,"NAME_SORT":"Malawi","NAME_ALT":null,"MAPCOLOR7":1,"MAPCOLOR8":3,"MAPCOLOR9":4,"MAPCOLOR13":5,"POP_EST":18628747,"POP_RANK":14,"POP_YEAR":2019,"GDP_MD":7666,"GDP_YEAR":2019,"ECONOMY":"7. Least developed region","INCOME_GRP":"5. Low income","FIPS_10":"MI","ISO_A2":"MW","ISO_A2_EH":"MW","ISO_A3":"MWI","ISO_A3_EH":"MWI","ISO_N3":"454","ISO_N3_EH":"454","UN_A3":"454","WB_A2":"MW","WB_A3":"MWI","WOE_ID":23424889,"WOE_ID_EH":23424889,"WOE_NOTE":"Exact WOE match as country","ADM0_ISO":"MWI","ADM0_DIFF":null,"ADM0_TLC":"MWI","ADM0_A3_US":"MWI","ADM0_A3_FR":"MWI","ADM0_A3_RU":"MWI","ADM0_A3_ES":"MWI","ADM0_A3_CN":"MWI","ADM0_A3_TW":"MWI","ADM0_A3_IN":"MWI","ADM0_A3_NP":"MWI","ADM0_A3_PK":"MWI","ADM0_A3_DE":"MWI","ADM0_A3_GB":"MWI","ADM0_A3_BR":"MWI","ADM0_A3_IL":"MWI","ADM0_A3_PS":"MWI","ADM0_A3_SA":"MWI","ADM0_A3_EG":"MWI","ADM0_A3_MA":"MWI","ADM0_A3_PT":"MWI","ADM0_A3_AR":"MWI","ADM0_A3_JP":"MWI","ADM0_A3_KO":"MWI","ADM0_A3_VN":"MWI","ADM0_A3_TR":"MWI","ADM0_A3_ID":"MWI","ADM0_A3_PL":"MWI","ADM0_A3_GR":"MWI","ADM0_A3_IT":"MWI","ADM0_A3_NL":"MWI","ADM0_A3_SE":"MWI","ADM0_A3_BD":"MWI","ADM0_A3_UA":"MWI","ADM0_A3_UN":-99,"ADM0_A3_WB":-99,"CONTINENT":"Africa","REGION_UN":"Africa","SUBREGION":"Eastern Africa","REGION_WB":"Sub-Saharan Africa","NAME_LEN":6,"LONG_LEN":6,"ABBREV_LEN":4,"TINY":-99,"HOMEPART":1,"MIN_ZOOM":0,"MIN_LABEL":4,"MAX_LABEL":9,"LABEL_X":33.608082,"LABEL_Y":-13.386737,"NE_ID":1159321081,"WIKIDATAID":"Q1020","NAME_AR":"مالاوي","NAME_BN":"মালাউই","NAME_DE":"Malawi","NAME_EN":"Malawi","NAME_ES":"Malaui","NAME_FA":"مالاوی","NAME_FR":"Malawi","NAME_EL":"Μαλάουι","NAME_HE":"מלאווי","NAME_HI":"मलावी","NAME_HU":"Malawi","NAME_ID":"Malawi","NAME_IT":"Malawi","NAME_JA":"マラウイ","NAME_KO":"말라위","NAME_NL":"Malawi","NAME_PL":"Malawi","NAME_PT":"Malawi","NAME_RU":"Малави","NAME_SV":"Malawi","NAME_TR":"Malavi","NAME_UK":"Малаві","NAME_UR":"ملاوی","NAME_VI":"Malawi","NAME_ZH":"马拉维","NAME_ZHT":"馬拉威","FCLASS_ISO":"Admin-0 country","TLC_DIFF":null,"FCLASS_TLC":"Admin-0 country","FCLASS_US":null,"FCLASS_FR":null,"FCLASS_RU":null,"FCLASS_ES":null,"FCLASS_CN":null,"FCLASS_TW":null,"FCLASS_IN":null,"FCLASS_NP":null,"FCLASS_PK":null,"FCLASS_DE":null,"FCLASS_GB":null,"FCLASS_BR":null,"FCLASS_IL":null,"FCLASS_PS":null,"FCLASS_SA":null,"FCLASS_EG":null,"FCLASS_MA":null,"FCLASS_PT":null,"FCLASS_AR":null,"FCLASS_JP":null,"FCLASS_KO":null,"FCLASS_VN":null,"FCLASS_TR":null,"FCLASS_ID":null,"FCLASS_PL":null,"FCLASS_GR":null,"FCLASS_IT":null,"FCLASS_NL":null,"FCLASS_SE":null,"FCLASS_BD":null,"FCLASS_UA":null},"geometry":{"type":"MultiPolygon","coordinates":[[],[],[]]}},{"type":"Feature","bbox":[43.257129,-25.570508,50.482715,-12.07959],"properties":{"featurecla":"Admin-0 country","scalerank":1,"LABELRANK":3,"SOVEREIGNT":"Madagascar","SOV_A3":"MDG","ADM0_DIF":0,"LEVEL":2,"TYPE":"Sovereign country","TLC":"1","ADMIN":"Madagascar","ADM0_A3":"MDG","GEOU_DIF":0,"GEOUNIT":"Madagascar","GU_A3":"MDG","SU_DIF":0,"SUBUNIT":"Madagascar","SU_A3":"MDG","BRK_DIFF":0,"NAME":"Madagascar","NAME_LONG":"Madagascar","BRK_A3":"MDG","BRK_NAME":"Madagascar","BRK_GROUP":null,"ABBREV":"Mad.","POSTAL":"MG","FORMAL_EN":"Republic of Madagascar","FORMAL_FR":null,"NAME_CIAWF":"Madagascar","NOTE_ADM0":null,"NOTE_BRK":null,"NAME_SORT":"Madagascar","NAME_ALT":null,"MAPCOLOR7":6,"MAPCOLOR8":5,"MAPCOLOR9":2,"MAPCOLOR13":3,"POP_EST":26969307,"POP_RANK":15,"POP_YEAR":2019,"GDP_MD":14114,"GDP_YEAR":2019,"ECONOMY":"7. Least developed region","INCOME_GRP":"5. Low income","FIPS_10":"MA","ISO_A2":"MG","ISO_A2_EH":"MG","ISO_A3":"MDG","ISO_A3_EH":"MDG","ISO_N3":"450","ISO_N3_EH":"450","UN_A3":"450","WB_A2":"MG","WB_A3":"MDG","WOE_ID":23424883,"WOE_ID_EH":23424883,"WOE_NOTE":"Exact WOE match as country","ADM0_ISO":"MDG","ADM0_DIFF":null,"ADM0_TLC":"MDG","ADM0_A3_US":"MDG","ADM0_A3_FR":"MDG","ADM0_A3_RU":"MDG","ADM0_A3_ES":"MDG","ADM0_A3_CN":"MDG","ADM0_A3_TW":"MDG","ADM0_A3_IN":"MDG","ADM0_A3_NP":"MDG","ADM0_A3_PK":"MDG","ADM0_A3_DE":"MDG","ADM0_A3_GB":"MDG","ADM0_A3_BR":"MDG","ADM0_A3_IL":"MDG","ADM0_A3_PS":"MDG","ADM0_A3_SA":"MDG","ADM0_A3_EG":"MDG","ADM0_A3_MA":"MDG","ADM0_A3_PT":"MDG","ADM0_A3_AR":"MDG","ADM0_A3_JP":"MDG","ADM0_A3_KO":"MDG","ADM0_A3_VN":"MDG","ADM0_A3_TR":"MDG","ADM0_A3_ID":"MDG","ADM0_A3_PL":"MDG","ADM0_A3_GR":"MDG","ADM0_A3_IT":"MDG","ADM0_A3_NL":"MDG","ADM0_A3_SE":"MDG","ADM0_A3_BD":"MDG","ADM0_A3_UA":"MDG","ADM0_A3_UN":-99,"ADM0_A3_WB":-99,"CONTINENT":"Africa","REGION_UN":"Africa","SUBREGION":"Eastern Africa","REGION_WB":"Sub-Saharan Africa","NAME_LEN":10,"LONG_LEN":10,"ABBREV_LEN":4,"TINY":-99,"HOMEPART":1,"MIN_ZOOM":0,"MIN_LABEL":2.7,"MAX_LABEL":7,"LABEL_X":46.704241,"LABEL_Y":-18.628288,"NE_ID":1159321051,"WIKIDATAID":"Q1019","NAME_AR":"مدغشقر","NAME_BN":"মাদাগাস্কার","NAME_DE":"Madagaskar","NAME_EN":"Madagascar","NAME_ES":"Madagascar","NAME_FA":"ماداگاسکار","NAME_FR":"Madagascar","NAME_EL":"Μαδαγασκάρη","NAME_HE":"מדגסקר","NAME_HI":"मेडागास्कर","NAME_HU":"Madagaszkár","NAME_ID":"Madagaskar","NAME_IT":"Madagascar","NAME_JA":"マダガスカル","NAME_KO":"마다가스카르","NAME_NL":"Madagaskar","NAME_PL":"Madagaskar","NAME_PT":"Madagáscar","NAME_RU":"Мадагаскар","NAME_SV":"Madagaskar","NAME_TR":"Madagaskar","NAME_UK":"Мадагаскар","NAME_UR":"مڈغاسکر","NAME_VI":"Madagascar","NAME_ZH":"马达加斯加","NAME_ZHT":"馬達加斯加","FCLASS_ISO":"Admin-0 country","TLC_DIFF":null,"FCLASS_TLC":"Admin-0 country","FCLASS_US":null,"FCLASS_FR":null,"FCLASS_RU":null,"FCLASS_ES":null,"FCLASS_CN":null,"FCLASS_TW":null,"FCLASS_IN":null,"FCLASS_NP":null,"FCLASS_PK":null,"FCLASS_DE":null,"FCLASS_GB":null,"FCLASS_BR":null,"FCLASS_IL":null,"FCLASS_PS":null,"FCLASS_SA":null,"FCLASS_EG":null,"FCLASS_MA":null,"FCLASS_PT":null,"FCLASS_AR":null,"FCLASS_JP":null,"FCLASS_KO":null,"FCLASS_VN":null,"FCLASS_TR":null,"FCLASS_ID":null,"FCLASS_PL":null,"FCLASS_GR":null,"FCLASS_IT":null,"FCLASS_NL":null,"FCLASS_SE":null,"FCLASS_BD":null,"FCLASS_UA":null},"geometry":{"type":"MultiPolygon","coordinates":[[],[],[]]}},{"type":"Feature","bbox":[20.899805,53.892969,26.775684,56.411182],"properties":{"featurecla":"Admin-0 country","scalerank":3,"LABELRANK":5,"SOVEREIGNT":"Lithuania","SOV_A3":"LTU","ADM0_DIF":0,"LEVEL":2,"TYPE":"Sovereign country","TLC":"1","ADMIN":"Lithuania","ADM0_A3":"LTU","GEOU_DIF":0,"GEOUNIT":"Lithuania","GU_A3":"LTU","SU_DIF":0,"SUBUNIT":"Lithuania","SU_A3":"LTU","BRK_DIFF":0,"NAME":"Lithuania","NAME_LONG":"Lithuania","BRK_A3":"LTU","BRK_NAME":"Lithuania","BRK_GROUP":null,"ABBREV":"Lith.","POSTAL":"LT","FORMAL_EN":"Republic of Lithuania","FORMAL_FR":null,"NAME_CIAWF":"Lithuania","NOTE_ADM0":null,"NOTE_BRK":null,"NAME_SORT":"Lithuania","NAME_ALT":null,"MAPCOLOR7":6,"MAPCOLOR8":3,"MAPCOLOR9":3,"MAPCOLOR13":9,"POP_EST":2786844,"POP_RANK":12,"POP_YEAR":2019,"GDP_MD":54627,"GDP_YEAR":2019,"ECONOMY":"2. Developed region: nonG7","INCOME_GRP":"3. Upper middle income","FIPS_10":"LH","ISO_A2":"LT","ISO_A2_EH":"LT","ISO_A3":"LTU","ISO_A3_EH":"LTU","ISO_N3":"440","ISO_N3_EH":"440","UN_A3":"440","WB_A2":"LT","WB_A3":"LTU","WOE_ID":23424875,"WOE_ID_EH":23424875,"WOE_NOTE":"Exact WOE match as country","ADM0_ISO":"LTU","ADM0_DIFF":null,"ADM0_TLC":"LTU","ADM0_A3_US":"LTU","ADM0_A3_FR":"LTU","ADM0_A3_RU":"LTU","ADM0_A3_ES":"LTU","ADM0_A3_CN":"LTU","ADM0_A3_TW":"LTU","ADM0_A3_IN":"LTU","ADM0_A3_NP":"LTU","ADM0_A3_PK":"LTU","ADM0_A3_DE":"LTU","ADM0_A3_GB":"LTU","ADM0_A3_BR":"LTU","ADM0_A3_IL":"LTU","ADM0_A3_PS":"LTU","ADM0_A3_SA":"LTU","ADM0_A3_EG":"LTU","ADM0_A3_MA":"LTU","ADM0_A3_PT":"LTU","ADM0_A3_AR":"LTU","ADM0_A3_JP":"LTU","ADM0_A3_KO":"LTU","ADM0_A3_VN":"LTU","ADM0_A3_TR":"LTU","ADM0_A3_ID":"LTU","ADM0_A3_PL":"LTU","ADM0_A3_GR":"LTU","ADM0_A3_IT":"LTU","ADM0_A3_NL":"LTU","ADM0_A3_SE":"LTU","ADM0_A3_BD":"LTU","ADM0_A3_UA":"LTU","ADM0_A3_UN":-99,"ADM0_A3_WB":-99,"CONTINENT":"Europe","REGION_UN":"Europe","SUBREGION":"Northern Europe","REGION_WB":"Europe & Central Asia","NAME_LEN":9,"LONG_LEN":9,"ABBREV_LEN":5,"TINY":-99,"HOMEPART":1,"MIN_ZOOM":0,"MIN_LABEL":4,"MAX_LABEL":9,"LABEL_X":24.089932,"LABEL_Y":55.103703,"NE_ID":1159321029,"WIKIDATAID":"Q37","NAME_AR":"ليتوانيا","NAME_BN":"লিথুয়ানিয়া","NAME_DE":"Litauen","NAME_EN":"Lithuania","NAME_ES":"Lituania","NAME_FA":"لیتوانی","NAME_FR":"Lituanie","NAME_EL":"Λιθουανία","NAME_HE":"ליטא","NAME_HI":"लिथुआनिया","NAME_HU":"Litvánia","NAME_ID":"Lituania","NAME_IT":"Lituania","NAME_JA":"リトアニア","NAME_KO":"리투아니아","NAME_NL":"Litouwen","NAME_PL":"Litwa","NAME_PT":"Lituânia","NAME_RU":"Литва","NAME_SV":"Litauen","NAME_TR":"Litvanya","NAME_UK":"Литва","NAME_UR":"لتھووینیا","NAME_VI":"Litva","NAME_ZH":"立陶宛","NAME_ZHT":"立陶宛","FCLASS_ISO":"Admin-0 country","TLC_DIFF":null,"FCLASS_TLC":"Admin-0 country","FCLASS_US":null,"FCLASS_FR":null,"FCLASS_RU":null,"FCLASS_ES":null,"FCLASS_CN":null,"FCLASS_TW":null,"FCLASS_IN":null,"FCLASS_NP":null,"FCLASS_PK":null,"FCLASS_DE":null,"FCLASS_GB":null,"FCLASS_BR":null,"FCLASS_IL":null,"FCLASS_PS":null,"FCLASS_SA":null,"FCLASS_EG":null,"FCLASS_MA":null,"FCLASS_PT":null,"FCLASS_AR":null,"FCLASS_JP":null,"FCLASS_KO":null,"FCLASS_VN":null,"FCLASS_TR":null,"FCLASS_ID":null,"FCLASS_PL":null,"FCLASS_GR":null,"FCLASS_IT":null,"FCLASS_NL":null,"FCLASS_SE":null,"FCLASS_BD":null,"FCLASS_UA":null},"geometry":{"type":"MultiPolygon","coordinates":[[],[]]}},{"type":"Feature","bbox":[46.531445,28.533154,48.44248,30.097314],"properties":{"featurecla":"Admin-0 country","scalerank":3,"LABELRANK":6,"SOVEREIGNT":"Kuwait","SOV_A3":"KWT","ADM0_DIF":0,"LEVEL":2,"TYPE":"Sovereign country","TLC":"1","ADMIN":"Kuwait","ADM0_A3":"KWT","GEOU_DIF":0,"GEOUNIT":"Kuwait","GU_A3":"KWT","SU_DIF":0,"SUBUNIT":"Kuwait","SU_A3":"KWT","BRK_DIFF":0,"NAME":"Kuwait","NAME_LONG":"Kuwait","BRK_A3":"KWT","BRK_NAME":"Kuwait","BRK_GROUP":null,"ABBREV":"Kwt.","POSTAL":"KW","FORMAL_EN":"State of Kuwait","FORMAL_FR":null,"NAME_CIAWF":"Kuwait","NOTE_ADM0":null,"NOTE_BRK":null,"NAME_SORT":"Kuwait","NAME_ALT":null,"MAPCOLOR7":2,"MAPCOLOR8":2,"MAPCOLOR9":2,"MAPCOLOR13":2,"POP_EST":4207083,"POP_RANK":12,"POP_YEAR":2019,"GDP_MD":134628,"GDP_YEAR":2019,"ECONOMY":"6. Developing region","INCOME_GRP":"2. High income: nonOECD","FIPS_10":"KU","ISO_A2":"KW","ISO_A2_EH":"KW","ISO_A3":"KWT","ISO_A3_EH":"KWT","ISO_N3":"414","ISO_N3_EH":"414","UN_A3":"414","WB_A2":"KW","WB_A3":"KWT","WOE_ID":23424870,"WOE_ID_EH":23424870,"WOE_NOTE":"Exact WOE match as country","ADM0_ISO":"KWT","ADM0_DIFF":null,"ADM0_TLC":"KWT","ADM0_A3_US":"KWT","ADM0_A3_FR":"KWT","ADM0_A3_RU":"KWT","ADM0_A3_ES":"KWT","ADM0_A3_CN":"KWT","ADM0_A3_TW":"KWT","ADM0_A3_IN":"KWT","ADM0_A3_NP":"KWT","ADM0_A3_PK":"KWT","ADM0_A3_DE":"KWT","ADM0_A3_GB":"KWT","ADM0_A3_BR":"KWT","ADM0_A3_IL":"KWT","ADM0_A3_PS":"KWT","ADM0_A3_SA":"KWT","ADM0_A3_EG":"KWT","ADM0_A3_MA":"KWT","ADM0_A3_PT":"KWT","ADM0_A3_AR":"KWT","ADM0_A3_JP":"KWT","ADM0_A3_KO":"KWT","ADM0_A3_VN":"KWT","ADM0_A3_TR":"KWT","ADM0_A3_ID":"KWT","ADM0_A3_PL":"KWT","ADM0_A3_GR":"KWT","ADM0_A3_IT":"KWT","ADM0_A3_NL":"KWT","ADM0_A3_SE":"KWT","ADM0_A3_BD":"KWT","ADM0_A3_UA":"KWT","ADM0_A3_UN":-99,"ADM0_A3_WB":-99,"CONTINENT":"Asia","REGION_UN":"Asia","SUBREGION":"Western Asia","REGION_WB":"Middle East & North Africa","NAME_LEN":6,"LONG_LEN":6,"ABBREV_LEN":4,"TINY":-99,"HOMEPART":1,"MIN_ZOOM":0,"MIN_LABEL":5,"MAX_LABEL":10,"LABEL_X":47.313999,"LABEL_Y":29.413628,"NE_ID":1159321009,"WIKIDATAID":"Q817","NAME_AR":"الكويت","NAME_BN":"কুয়েত","NAME_DE":"Kuwait","NAME_EN":"Kuwait","NAME_ES":"Kuwait","NAME_FA":"کویت","NAME_FR":"Koweït","NAME_EL":"Κουβέιτ","NAME_HE":"כווית","NAME_HI":"कुवैत","NAME_HU":"Kuvait","NAME_ID":"Kuwait","NAME_IT":"Kuwait","NAME_JA":"クウェート","NAME_KO":"쿠웨이트","NAME_NL":"Koeweit","NAME_PL":"Kuwejt","NAME_PT":"Kuwait","NAME_RU":"Кувейт","NAME_SV":"Kuwait","NAME_TR":"Kuveyt","NAME_UK":"Кувейт","NAME_UR":"کویت","NAME_VI":"Kuwait","NAME_ZH":"科威特","NAME_ZHT":"科威特","FCLASS_ISO":"Admin-0 country","TLC_DIFF":null,"FCLASS_TLC":"Admin-0 country","FCLASS_US":null,"FCLASS_FR":null,"FCLASS_RU":null,"FCLASS_ES":null,"FCLASS_CN":null,"FCLASS_TW":null,"FCLASS_IN":null,"FCLASS_NP":null,"FCLASS_PK":null,"FCLASS_DE":null,"FCLASS_GB":null,"FCLASS_BR":null,"FCLASS_IL":null,"FCLASS_PS":null,"FCLASS_SA":null,"FCLASS_EG":null,"FCLASS_MA":null,"FCLASS_PT":null,"FCLASS_AR":null,"FCLASS_JP":null,"FCLASS_KO":null,"FCLASS_VN":null,"FCLASS_TR":null,"FCLASS_ID":null,"FCLASS_PL":null,"FCLASS_GR":null,"FCLASS_IT":null,"FCLASS_NL":null,"FCLASS_SE":null,"FCLASS_BD":null,"FCLASS_UA":null},"geometry":{"type":"MultiPolygon","coordinates":[[],[]]}},{"type":"Feature","bbox":[-174.54082,-11.456836,174.778906,3.923535],"properties":{"featurecla":"Admin-0 country","scalerank":5,"LABELRANK":6,"SOVEREIGNT":"Kiribati","SOV_A3":"KIR","ADM0_DIF":0,"LEVEL":2,"TYPE":"Sovereign country","TLC":"1","ADMIN":"Kiribati","ADM0_A3":"KIR","GEOU_DIF":0,"GEOUNIT":"Kiribati","GU_A3":"KIR","SU_DIF":0,"SUBUNIT":"Kiribati","SU_A3":"KIR","BRK_DIFF":0,"NAME":"Kiribati","NAME_LONG":"Kiribati","BRK_A3":"KIR","BRK_NAME":"Kiribati","BRK_GROUP":null,"ABBREV":"Kir.","POSTAL":"KI","FORMAL_EN":"Republic of Kiribati","FORMAL_FR":null,"NAME_CIAWF":"Kiribati","NOTE_ADM0":null,"NOTE_BRK":null,"NAME_SORT":"Kiribati","NAME_ALT":null,"MAPCOLOR7":5,"MAPCOLOR8":7,"MAPCOLOR9":6,"MAPCOLOR13":12,"POP_EST":117606,"POP_RANK":9,"POP_YEAR":2019,"GDP_MD":194,"GDP_YEAR":2019,"ECONOMY":"7. Least developed region","INCOME_GRP":"4. Lower middle income","FIPS_10":"KR","ISO_A2":"KI","ISO_A2_EH":"KI","ISO_A3":"KIR","ISO_A3_EH":"KIR","ISO_N3":"296","ISO_N3_EH":"296","UN_A3":"296","WB_A2":"KI","WB_A3":"KIR","WOE_ID":23424867,"WOE_ID_EH":23424867,"WOE_NOTE":"Exact WOE match as country","ADM0_ISO":"KIR","ADM0_DIFF":null,"ADM0_TLC":"KIR","ADM0_A3_US":"KIR","ADM0_A3_FR":"KIR","ADM0_A3_RU":"KIR","ADM0_A3_ES":"KIR","ADM0_A3_CN":"KIR","ADM0_A3_TW":"KIR","ADM0_A3_IN":"KIR","ADM0_A3_NP":"KIR","ADM0_A3_PK":"KIR","ADM0_A3_DE":"KIR","ADM0_A3_GB":"KIR","ADM0_A3_BR":"KIR","ADM0_A3_IL":"KIR","ADM0_A3_PS":"KIR","ADM0_A3_SA":"KIR","ADM0_A3_EG":"KIR","ADM0_A3_MA":"KIR","ADM0_A3_PT":"KIR","ADM0_A3_AR":"KIR","ADM0_A3_JP":"KIR","ADM0_A3_KO":"KIR","ADM0_A3_VN":"KIR","ADM0_A3_TR":"KIR","ADM0_A3_ID":"KIR","ADM0_A3_PL":"KIR","ADM0_A3_GR":"KIR","ADM0_A3_IT":"KIR","ADM0_A3_NL":"KIR","ADM0_A3_SE":"KIR","ADM0_A3_BD":"KIR","ADM0_A3_UA":"KIR","ADM0_A3_UN":-99,"ADM0_A3_WB":-99,"CONTINENT":"Oceania","REGION_UN":"Oceania","SUBREGION":"Micronesia","REGION_WB":"East Asia & Pacific","NAME_LEN":8,"LONG_LEN":8,"ABBREV_LEN":4,"TINY":2,"HOMEPART":1,"MIN_ZOOM":0,"MIN_LABEL":5,"MAX_LABEL":10,"LABEL_X":-157.384577,"LABEL_Y":1.820437,"NE_ID":1159320981,"WIKIDATAID":"Q710","NAME_AR":"كيريباتي","NAME_BN":"কিরিবাস","NAME_DE":"Kiribati","NAME_EN":"Kiribati","NAME_ES":"Kiribati","NAME_FA":"کیریباتی","NAME_FR":"Kiribati","NAME_EL":"Κιριμπάτι","NAME_HE":"קיריבטי","NAME_HI":"किरिबाती","NAME_HU":"Kiribati","NAME_ID":"Kiribati","NAME_IT":"Kiribati","NAME_JA":"キリバス","NAME_KO":"키리바시","NAME_NL":"Kiribati","NAME_PL":"Kiribati","NAME_PT":"Kiribati","NAME_RU":"Кирибати","NAME_SV":"Kiribati","NAME_TR":"Kiribati","NAME_UK":"Кірибаті","NAME_UR":"کیریباتی","NAME_VI":"Kiribati","NAME_ZH":"基里巴斯","NAME_ZHT":"吉里巴斯","FCLASS_ISO":"Admin-0 country","TLC_DIFF":null,"FCLASS_TLC":"Admin-0 country","FCLASS_US":null,"FCLASS_FR":null,"FCLASS_RU":null,"FCLASS_ES":null,"FCLASS_CN":null,"FCLASS_TW":null,"FCLASS_IN":null,"FCLASS_NP":null,"FCLASS_PK":null,"FCLASS_DE":null,"FCLASS_GB":null,"FCLASS_BR":null,"FCLASS_IL":null,"FCLASS_PS":null,"FCLASS_SA":null,"FCLASS_EG":null,"FCLASS_MA":null,"FCLASS_PT":null,"FCLASS_AR":null,"FCLASS_JP":null,"FCLASS_KO":null,"FCLASS_VN":null,"FCLASS_TR":null,"FCLASS_ID":null,"FCLASS_PL":null,"FCLASS_GR":null,"FCLASS_IT":null,"FCLASS_NL":null,"FCLASS_SE":null,"FCLASS_BD":null,"FCLASS_UA":null},"geometry":{"type":"MultiPolygon","coordinates":[[[[37.663191324523645,15.434687395920424],[37.6020415553465,15.408892846245429],[37.583888066702606,15.416524593425352],[37.65678700454438,15.455102981137903],[37.65638911753027,15.449281150288193],[37.663191324523645,15.434687395920424]]],[[[37.541940092995596,15.371560803928345],[37.47057091579568,15.341634610992351],[37.45208068151321,15.364471866804067],[37.477732917125245,15.362133338905249],[37.52585877061986,15.393466791378835],[37.58332423899685,15.389240104657711],[37.576374520595174,15.36959499336465],[37.541940092995596,15.371560803928345]]],[[[37.67663372112491,14.141269060732059],[37.68055021157164,14.117373794319379],[37.6281969819725,14.187618791638194],[37.5971633972396,14.232538263759611],[37.599665510514555,14.250161711660972],[37.613932952732846,14.237040245908801],[37.63146662459019,14.21476629389293],[37.64279518843779,14.197429254275074],[37.67663372112491,14.141269060732059]]],[[[37.682637301904855,14.010768581378898],[37.648077058828235,14.010900131183444],[37.67440982838108,14.022055896237399],[37.682126484460746,14.041102748168225],[37.6801275929704,14.104053425889283],[37.693365307270895,14.097357815246323],[37.69728541464179,14.070935216456055],[37.69849658566883,14.033156636725233],[37.682637301904855,14.010768581378898]]],[[[37.660612949951414,13.29991185381426],[37.710166775757294,13.25302194963231],[37.70240246020742,13.226417851785236],[37.683980759740464,13.19735498061329],[37.6138700914714,13.125574086154245],[37.594000331238604,13.135655590905666],[37.66221734513135,13.199747783244183],[37.68930117939725,13.244875564515091],[37.65318610964102,13.286611928930366],[37.63799855949175,13.280389512491707],[37.6320501890778,13.28117629189633],[37.62036771169708,13.317379512652035],[37.633380886529906,13.315660495328327],[37.660612949951414,13.29991185381426]]],[[[38.97275865413057,11.26007698880395],[38.94066617655933,11.2366463272055],[38.93046822903414,11.263712407842128],[38.94697333230193,11.292832874122848],[38.92864974087975,11.4259474281805],[38.887164771643526,11.449753785922152],[38.8639800566518,11.492225876985186],[38.87625575740707,11.490455387445188],[38.916597764558624,11.448819096045359],[38.94977552317501,11.427919501948745],[38.96454776444782,11.339717844910796],[38.97275865413057,11.26007698880395]]],[[[39.19803421206832,10.80326545340163],[39.20019669503324,10.749690346050254],[39.17899022627173,10.760016103427787],[39.17313762717259,10.781598653479538],[39.1693249831406,10.835808691401574],[39.149585002219936,10.891347133419872],[39.1745426374551,10.873517757244638],[39.193296073646195,10.82962998044132],[39.19803421206832,10.80326545340163]]],[[[37.678261232436526,13.631352311393345],[37.65237175461634,13.630982840007437],[37.66956294551332,13.649368127983724],[37.779608371228534,13.657851988040944],[37.789311502990294,13.66286409666533],[37.8065256729464,13.64802652148069],[37.805729665029595,13.636199556697804],[37.79752579261181,13.631337358433461],[37.74350691747509,13.637989422883743],[37.70063513377705,13.632725053590683],[37.678261232436526,13.631352311393345]]],[[[34.249647795361966,11.8239501273612],[34.240544567249614,11.822806876247462],[34.22307376848702,11.835474128950086],[34.22624593574871,11.848241489277695],[34.239082722490906,11.852483031302812],[34.25452727605387,11.840761845644233],[34.249647795361966,11.8239501273612]]],[[[50.81061424948559,5.086214284455929],[50.815277714335075,5.077515951934518],[50.82828444180454,5.076664501423673],[50.83989247373354,5.075267864345049],[50.83205824837325,5.069477096615286],[50.80831474512757,5.071957786778639],[50.79894136267849,5.093496822347599],[50.814880390555125,5.104364028374725],[50.82788083469142,5.103842224659118],[50.82870574477471,5.099517299516791],[50.82744803441165,5.095241265992498],[50.82156713190773,5.096609203603719],[50.81152446294109,5.095464460562107],[50.81061424948559,5.086214284455929]]],[[[51.976492095774944,6.348275572480668],[51.97149829235153,6.34072509016518],[51.96608688096155,6.349050566658585],[51.971837982871484,6.36088595092678],[51.97656696441955,6.371000005596995],[51.981874405349544,6.363787939610849],[51.976492095774944,6.348275572480668]]],[[[51.683880381189795,4.933782952949337],[51.6746320925859,4.930851063314594],[51.6646766686744,4.93497197403389],[51.65917983402848,4.943822601161318],[51.66037575878276,4.9553411632669775],[51.66980046661551,4.961621012069716],[51.680922903146055,4.956130077979733],[51.68631014817745,4.944135003816513],[51.683880381189795,4.933782952949337]]],[[[48.74357482617201,5.371912310721631],[48.75252068455293,5.355319607950941],[48.7518285913447,5.348479814501469],[48.74684769338862,5.350758631809267],[48.731999508463275,5.358430827655667],[48.72817441204489,5.3680887590741895],[48.73872800113996,5.360071730868424],[48.743591271005435,5.360292979053705],[48.73465905280494,5.375054147333311],[48.726720405927026,5.386367366756535],[48.72038690604624,5.391735532565178],[48.72079395408594,5.396485509448236],[48.72896749811116,5.392325839601098],[48.74357482617201,5.371912310721631]]],[[[65.44762832674168,1.3353628638299366],[65.44435286587884,1.329268372154553],[65.43615560706823,1.342131354917712],[65.41999474497771,1.3661912871601387],[65.40693496725333,1.3909496545964493],[65.40780577913411,1.3991108739376321],[65.43193759726398,1.402235658817346],[65.46184170333336,1.4008732924624412],[65.46623810958512,1.3862246437454462],[65.45832486989651,1.3712548516583616],[65.44762832674168,1.3353628638299366]]],[[[66.07735768941868,-8.253219108684352],[66.06621198166722,-8.268613029769552],[66.05622829943928,-8.256784878527663],[66.05571150127214,-8.230438574302173],[66.06027678913438,-8.204155572295884],[66.07015839358546,-8.186023256258485],[66.07768166956316,-8.190628084507722],[66.07949385121255,-8.219598439803601],[66.07735768941868,-8.253219108684352]]],[[[64.43005747769004,-0.20458413997515185],[64.41042911994815,-0.20385493135157107],[64.3887204452782,-0.19571995474952109],[64.38051035007949,-0.17653161282467023],[64.38215880573851,-0.1635864377203996],[64.3895462740172,-0.1661492536745314],[64.39601592953788,-0.17091792327767374],[64.42639581578841,-0.18425853142823942],[64.43273706496225,-0.19624406379096895],[64.43005747769004,-0.20458413997515185]]],[[[64.25570541800944,8.916454001418073],[64.38483708093568,8.742892521552612],[64.32591313920659,8.750049954137124],[64.18589788582354,8.85575202993746],[64.06254551515218,9.025703985442814],[64.10379246333186,9.043413799805887],[64.12011167832031,8.990240682601188],[64.17733646334797,8.92874921302716],[64.2186680643011,9.012131169955843],[64.24327604780525,9.026956456169183],[64.14385332738401,9.153083610814146],[64.1853185609847,9.13646486466373],[64.2808525928171,9.042922954052553],[64.25570541800944,8.916454001418073]]],[[[62.7010933248386,11.742291877157614],[62.765064184219256,11.629150293326019],[62.75037009979301,11.583746880826753],[62.70203884121142,11.60041768454801],[62.680312625638244,11.62297369918289],[62.718601976968976,11.62177845720935],[62.72547814614407,11.638154474069403],[62.709114639614214,11.670824941014887],[62.686686296310405,11.696404383002205],[62.670666929261905,11.70042113280192],[62.66548234180675,11.662725826890249],[62.640154744967475,11.699696538508393],[62.656404393637345,11.725903487644874],[62.67556048726008,11.741158930254327],[62.7010933248386,11.742291877157614]]],[[[51.47442699546513,6.873196433131304],[51.501334426198156,6.845896016775212],[51.52106091366287,6.812947748876569],[51.52784344517066,6.7717537509819445],[51.5261824508855,6.762269009712385],[51.509394417316415,6.766395151887853],[51.489968079738745,6.783141568747476],[51.47672815418682,6.802385247631766],[51.46936700121035,6.808597229246159],[51.467786112176405,6.8127454393317715],[51.48523608734271,6.806311824015946],[51.5039943717351,6.78506147376971],[51.51820860848751,6.774260087583289],[51.5190246533995,6.79347193666111],[51.50418037266196,6.830846648855337],[51.494262302654136,6.8447855933669235],[51.48155982753681,6.857508148649354],[51.46628365737622,6.867560224576143],[51.45485028304107,6.864075268207665],[51.44865572066423,6.862439344691488],[51.44691828599797,6.87084409961974],[51.449804174567824,6.877123274050003],[51.4560502409456,6.882861358953019],[51.47442699546513,6.873196433131304]]]]}},{"type":"Feature","bbox":[33.9,-4.692383,41.883984,5.492285],"properties":{"featurecla":"Admin-0 country","scalerank":4,"LABELRANK":2,"SOVEREIGNT":"Kenya","SOV_A3":"KEN","ADM0_DIF":0,"LEVEL":2,"TYPE":"Sovereign country","TLC":"1","ADMIN":"Kenya","ADM0_A3":"KEN","GEOU_DIF":0,"GEOUNIT":"Kenya","GU_A3":"KEN","SU_DIF":0,"SUBUNIT":"Kenya","SU_A3":"KEN","BRK_DIFF":0,"NAME":"Kenya","NAME_LONG":"Kenya","BRK_A3":"KEN","BRK_NAME":"Kenya","BRK_GROUP":null,"ABBREV":"Ken.","POSTAL":"KE","FORMAL_EN":"Republic of Kenya","FORMAL_FR":null,"NAME_CIAWF":"Kenya","NOTE_ADM0":null,"NOTE_BRK":null,"NAME_SORT":"Kenya","NAME_ALT":null,"MAPCOLOR7":5,"MAPCOLOR8":2,"MAPCOLOR9":7,"MAPCOLOR13":3,"POP_EST":52573973,"POP_RANK":16,"POP_YEAR":2019,"GDP_MD":95503,"GDP_YEAR":2019,"ECONOMY":"5. Emerging region: G20","INCOME_GRP":"5. Low income","FIPS_10":"KE","ISO_A2":"KE","ISO_A2_EH":"KE","ISO_A3":"KEN","ISO_A3_EH":"KEN","ISO_N3":"404","ISO_N3_EH":"404","UN_A3":"404","WB_A2":"KE","WB_A3":"KEN","WOE_ID":23424863,"WOE_ID_EH":23424863,"WOE_NOTE":"Exact WOE match as country","ADM0_ISO":"KEN","ADM0_DIFF":null,"ADM0_TLC":"KEN","ADM0_A3_US":"KEN","ADM0_A3_FR":"KEN","ADM0_A3_RU":"KEN","ADM0_A3_ES":"KEN","ADM0_A3_CN":"KEN","ADM0_A3_TW":"KEN","ADM0_A3_IN":"KEN","ADM0_A3_NP":"KEN","ADM0_A3_PK":"KEN","ADM0_A3_DE":"KEN","ADM0_A3_GB":"KEN","ADM0_A3_BR":"KEN","ADM0_A3_IL":"KEN","ADM0_A3_PS":"KEN","ADM0_A3_SA":"KEN","ADM0_A3_EG":"KEN","ADM0_A3_MA":"KEN","ADM0_A3_PT":"KEN","ADM0_A3_AR":"KEN","ADM0_A3_JP":"KEN","ADM0_A3_KO":"KEN","ADM0_A3_VN":"KEN","ADM0_A3_TR":"KEN","ADM0_A3_ID":"KEN","ADM0_A3_PL":"KEN","ADM0_A3_GR":"KEN","ADM0_A3_IT":"KEN","ADM0_A3_NL":"KEN","ADM0_A3_SE":"KEN","ADM0_A3_BD":"KEN","ADM0_A3_UA":"KEN","ADM0_A3_UN":-99,"ADM0_A3_WB":-99,"CONTINENT":"Africa","REGION_UN":"Africa","SUBREGION":"Eastern Africa","REGION_WB":"Sub-Saharan Africa","NAME_LEN":5,"LONG_LEN":5,"ABBREV_LEN":4,"TINY":-99,"HOMEPART":1,"MIN_ZOOM":0,"MIN_LABEL":1.7,"MAX_LABEL":6.7,"LABEL_X":37.907632,"LABEL_Y":0.549043,"NE_ID":1159320971,"WIKIDATAID":"Q114","NAME_AR":"كينيا","NAME_BN":"কেনিয়া","NAME_DE":"Kenia","NAME_EN":"Kenya","NAME_ES":"Kenia","NAME_FA":"کنیا","NAME_FR":"Kenya","NAME_EL":"Κένυα","NAME_HE":"קניה","NAME_HI":"कीनिया","NAME_HU":"Kenya","NAME_ID":"Kenya","NAME_IT":"Kenya","NAME_JA":"ケニア","NAME_KO":"케냐","NAME_NL":"Kenia","NAME_PL":"Kenia","NAME_PT":"Quénia","NAME_RU":"Кения","NAME_SV":"Kenya","NAME_TR":"Kenya","NAME_UK":"Кенія","NAME_UR":"کینیا","NAME_VI":"Kenya","NAME_ZH":"肯尼亚","NAME_ZHT":"肯亞","FCLASS_ISO":"Admin-0 country","TLC_DIFF":null,"FCLASS_TLC":"Admin-0 country","FCLASS_US":null,"FCLASS_FR":null,"FCLASS_RU":null,"FCLASS_ES":null,"FCLASS_CN":null,"FCLASS_TW":null,"FCLASS_IN":null,"FCLASS_NP":null,"FCLASS_PK":null,"FCLASS_DE":null,"FCLASS_GB":null,"FCLASS_BR":null,"FCLASS_IL":null,"FCLASS_PS":null,"FCLASS_SA":null,"FCLASS_EG":null,"FCLASS_MA":null,"FCLASS_PT":null,"FCLASS_AR":null,"FCLASS_JP":null,"FCLASS_KO":null,"FCLASS_VN":null,"FCLASS_TR":null,"FCLASS_ID":null,"FCLASS_PL":null,"FCLASS_GR":null,"FCLASS_IT":null,"FCLASS_NL":null,"FCLASS_SE":null,"FCLASS_BD":null,"FCLASS_UA":null},"geometry":{"type":"MultiPolygon","coordinates":[[],[]]}},{"type":"Feature","bbox":[46.60918,40.608643,87.322852,55.3896],"properties":{"featurecla":"Admin-0 country","scalerank":5,"LABELRANK":3,"SOVEREIGNT":"Kazakhstan","SOV_A3":"KA1","ADM0_DIF":1,"LEVEL":1,"TYPE":"Sovereignty","TLC":"1","ADMIN":"Kazakhstan","ADM0_A3":"KAZ","GEOU_DIF":0,"GEOUNIT":"Kazakhstan","GU_A3":"KAZ","SU_DIF":0,"SUBUNIT":"Kazakhstan","SU_A3":"KAZ","BRK_DIFF":0,"NAME":"Kazakhstan","NAME_LONG":"Kazakhstan","BRK_A3":"KAZ","BRK_NAME":"Kazakhstan","BRK_GROUP":null,"ABBREV":"Kaz.","POSTAL":"KZ","FORMAL_EN":"Republic of Kazakhstan","FORMAL_FR":null,"NAME_CIAWF":"Kazakhstan","NOTE_ADM0":null,"NOTE_BRK":null,"NAME_SORT":"Kazakhstan","NAME_ALT":null,"MAPCOLOR7":6,"MAPCOLOR8":1,"MAPCOLOR9":6,"MAPCOLOR13":1,"POP_EST":18513930,"POP_RANK":14,"POP_YEAR":2019,"GDP_MD":181665,"GDP_YEAR":2019,"ECONOMY":"6. Developing region","INCOME_GRP":"3. Upper middle income","FIPS_10":"KZ","ISO_A2":"KZ","ISO_A2_EH":"KZ","ISO_A3":"KAZ","ISO_A3_EH":"KAZ","ISO_N3":"398","ISO_N3_EH":"398","UN_A3":"398","WB_A2":"KZ","WB_A3":"KAZ","WOE_ID":-90,"WOE_ID_EH":23424871,"WOE_NOTE":"Includes Baykonur Cosmodrome as an Admin-1 states provinces","ADM0_ISO":"KAZ","ADM0_DIFF":null,"ADM0_TLC":"KAZ","ADM0_A3_US":"KAZ","ADM0_A3_FR":"KAZ","ADM0_A3_RU":"KAZ","ADM0_A3_ES":"KAZ","ADM0_A3_CN":"KAZ","ADM0_A3_TW":"KAZ","ADM0_A3_IN":"KAZ","ADM0_A3_NP":"KAZ","ADM0_A3_PK":"KAZ","ADM0_A3_DE":"KAZ","ADM0_A3_GB":"KAZ","ADM0_A3_BR":"KAZ","ADM0_A3_IL":"KAZ","ADM0_A3_PS":"KAZ","ADM0_A3_SA":"KAZ","ADM0_A3_EG":"KAZ","ADM0_A3_MA":"KAZ","ADM0_A3_PT":"KAZ","ADM0_A3_AR":"KAZ","ADM0_A3_JP":"KAZ","ADM0_A3_KO":"KAZ","ADM0_A3_VN":"KAZ","ADM0_A3_TR":"KAZ","ADM0_A3_ID":"KAZ","ADM0_A3_PL":"KAZ","ADM0_A3_GR":"KAZ","ADM0_A3_IT":"KAZ","ADM0_A3_NL":"KAZ","ADM0_A3_SE":"KAZ","ADM0_A3_BD":"KAZ","ADM0_A3_UA":"KAZ","ADM0_A3_UN":-99,"ADM0_A3_WB":-99,"CONTINENT":"Asia","REGION_UN":"Asia","SUBREGION":"Central Asia","REGION_WB":"Europe & Central Asia","NAME_LEN":10,"LONG_LEN":10,"ABBREV_LEN":4,"TINY":-99,"HOMEPART":1,"MIN_ZOOM":0,"MIN_LABEL":2.7,"MAX_LABEL":7,"LABEL_X":68.685548,"LABEL_Y":49.054149,"NE_ID":1159320967,"WIKIDATAID":"Q232","NAME_AR":"كازاخستان","NAME_BN":"কাজাখস্তান","NAME_DE":"Kasachstan","NAME_EN":"Kazakhstan","NAME_ES":"Kazajistán","NAME_FA":"قزاقستان","NAME_FR":"Kazakhstan","NAME_EL":"Καζακστάν","NAME_HE":"קזחסטן","NAME_HI":"कज़ाख़िस्तान","NAME_HU":"Kazahsztán","NAME_ID":"Kazakhstan","NAME_IT":"Kazakistan","NAME_JA":"カザフスタン","NAME_KO":"카자흐스탄","NAME_NL":"Kazachstan","NAME_PL":"Kazachstan","NAME_PT":"Cazaquistão","NAME_RU":"Казахстан","NAME_SV":"Kazakstan","NAME_TR":"Kazakistan","NAME_UK":"Казахстан","NAME_UR":"قازقستان","NAME_VI":"Kazakhstan","NAME_ZH":"哈萨克斯坦","NAME_ZHT":"哈薩克","FCLASS_ISO":"Admin-0 country","TLC_DIFF":null,"FCLASS_TLC":"Admin-0 country","FCLASS_US":null,"FCLASS_FR":null,"FCLASS_RU":null,"FCLASS_ES":null,"FCLASS_CN":null,"FCLASS_TW":null,"FCLASS_IN":null,"FCLASS_NP":null,"FCLASS_PK":null,"FCLASS_DE":null,"FCLASS_GB":null,"FCLASS_BR":null,"FCLASS_IL":null,"FCLASS_PS":null,"FCLASS_SA":null,"FCLASS_EG":null,"FCLASS_MA":null,"FCLASS_PT":null,"FCLASS_AR":null,"FCLASS_JP":null,"FCLASS_KO":null,"FCLASS_VN":null,"FCLASS_TR":null,"FCLASS_ID":null,"FCLASS_PL":null,"FCLASS_GR":null,"FCLASS_IT":null,"FCLASS_NL":null,"FCLASS_SE":null,"FCLASS_BD":null,"FCLASS_UA":null},"geometry":{"type":"MultiPolygon","coordinates":[[],[],[],[]]}},{"type":"Feature","bbox":[123.679785,24.266064,145.833008,45.509521],"properties":{"featurecla":"Admin-0 country","scalerank":3,"LABELRANK":2,"SOVEREIGNT":"Japan","SOV_A3":"JPN","ADM0_DIF":0,"LEVEL":2,"TYPE":"Sovereign country","TLC":"1","ADMIN":"Japan","ADM0_A3":"JPN","GEOU_DIF":0,"GEOUNIT":"Japan","GU_A3":"JPN","SU_DIF":0,"SUBUNIT":"Japan","SU_A3":"JPN","BRK_DIFF":0,"NAME":"Japan","NAME_LONG":"Japan","BRK_A3":"JPN","BRK_NAME":"Japan","BRK_GROUP":null,"ABBREV":"Japan","POSTAL":"J","FORMAL_EN":"Japan","FORMAL_FR":null,"NAME_CIAWF":"Japan","NOTE_ADM0":null,"NOTE_BRK":null,"NAME_SORT":"Japan","NAME_ALT":null,"MAPCOLOR7":5,"MAPCOLOR8":3,"MAPCOLOR9":5,"MAPCOLOR13":4,"POP_EST":126264931,"POP_RANK":17,"POP_YEAR":2019,"GDP_MD":5081769,"GDP_YEAR":2019,"ECONOMY":"1. Developed region: G7","INCOME_GRP":"1. High income: OECD","FIPS_10":"JA","ISO_A2":"JP","ISO_A2_EH":"JP","ISO_A3":"JPN","ISO_A3_EH":"JPN","ISO_N3":"392","ISO_N3_EH":"392","UN_A3":"392","WB_A2":"JP","WB_A3":"JPN","WOE_ID":23424856,"WOE_ID_EH":23424856,"WOE_NOTE":"Exact WOE match as country","ADM0_ISO":"JPN","ADM0_DIFF":null,"ADM0_TLC":"JPN","ADM0_A3_US":"JPN","ADM0_A3_FR":"JPN","ADM0_A3_RU":"JPN","ADM0_A3_ES":"JPN","ADM0_A3_CN":"JPN","ADM0_A3_TW":"JPN","ADM0_A3_IN":"JPN","ADM0_A3_NP":"JPN","ADM0_A3_PK":"JPN","ADM0_A3_DE":"JPN","ADM0_A3_GB":"JPN","ADM0_A3_BR":"JPN","ADM0_A3_IL":"JPN","ADM0_A3_PS":"JPN","ADM0_A3_SA":"JPN","ADM0_A3_EG":"JPN","ADM0_A3_MA":"JPN","ADM0_A3_PT":"JPN","ADM0_A3_AR":"JPN","ADM0_A3_JP":"JPN","ADM0_A3_KO":"JPN","ADM0_A3_VN":"JPN","ADM0_A3_TR":"JPN","ADM0_A3_ID":"JPN","ADM0_A3_PL":"JPN","ADM0_A3_GR":"JPN","ADM0_A3_IT":"JPN","ADM0_A3_NL":"JPN","ADM0_A3_SE":"JPN","ADM0_A3_BD":"JPN","ADM0_A3_UA":"JPN","ADM0_A3_UN":-99,"ADM0_A3_WB":-99,"CONTINENT":"Asia","REGION_UN":"Asia","SUBREGION":"Eastern Asia","REGION_WB":"East Asia & Pacific","NAME_LEN":5,"LONG_LEN":5,"ABBREV_LEN":5,"TINY":-99,"HOMEPART":1,"MIN_ZOOM":0,"MIN_LABEL":1.7,"MAX_LABEL":7,"LABEL_X":138.44217,"LABEL_Y":36.142538,"NE_ID":1159320937,"WIKIDATAID":"Q17","NAME_AR":"اليابان","NAME_BN":"জাপান","NAME_DE":"Japan","NAME_EN":"Japan","NAME_ES":"Japón","NAME_FA":"ژاپن","NAME_FR":"Japon","NAME_EL":"Ιαπωνία","NAME_HE":"יפן","NAME_HI":"जापान","NAME_HU":"Japán","NAME_ID":"Jepang","NAME_IT":"Giappone","NAME_JA":"日本","NAME_KO":"일본","NAME_NL":"Japan","NAME_PL":"Japonia","NAME_PT":"Japão","NAME_RU":"Япония","NAME_SV":"Japan","NAME_TR":"Japonya","NAME_UK":"Японія","NAME_UR":"جاپان","NAME_VI":"Nhật Bản","NAME_ZH":"日本","NAME_ZHT":"日本","FCLASS_ISO":"Admin-0 country","TLC_DIFF":null,"FCLASS_TLC":"Admin-0 country","FCLASS_US":null,"FCLASS_FR":null,"FCLASS_RU":null,"FCLASS_ES":null,"FCLASS_CN":null,"FCLASS_TW":null,"FCLASS_IN":null,"FCLASS_NP":null,"FCLASS_PK":null,"FCLASS_DE":null,"FCLASS_GB":null,"FCLASS_BR":null,"FCLASS_IL":null,"FCLASS_PS":null,"FCLASS_SA":null,"FCLASS_EG":null,"FCLASS_MA":null,"FCLASS_PT":null,"FCLASS_AR":null,"FCLASS_JP":null,"FCLASS_KO":null,"FCLASS_VN":null,"FCLASS_TR":null,"FCLASS_ID":null,"FCLASS_PL":null,"FCLASS_GR":null,"FCLASS_IT":null,"FCLASS_NL":null,"FCLASS_SE":null,"FCLASS_BD":null,"FCLASS_UA":null},"geometry":{"type":"MultiPolygon","coordinates":[[],[],[],[],[],[],[],[],[],[],[],[],[],[],[],[],[],[],[],[],[],[],[],[],[],[],[],[],[],[],[],[],[],[]]}},{"type":"Feature","bbox":[6.627734,36.687842,18.48584,47.082129],"properties":{"featurecla":"Admin-0 country","scalerank":1,"LABELRANK":2,"SOVEREIGNT":"Italy","SOV_A3":"ITA","ADM0_DIF":0,"LEVEL":2,"TYPE":"Sovereign country","TLC":"1","ADMIN":"Italy","ADM0_A3":"ITA","GEOU_DIF":0,"GEOUNIT":"Italy","GU_A3":"ITA","SU_DIF":0,"SUBUNIT":"Italy","SU_A3":"ITA","BRK_DIFF":0,"NAME":"Italy","NAME_LONG":"Italy","BRK_A3":"ITA","BRK_NAME":"Italy","BRK_GROUP":null,"ABBREV":"Italy","POSTAL":"I","FORMAL_EN":"Italian Republic","FORMAL_FR":null,"NAME_CIAWF":"Italy","NOTE_ADM0":null,"NOTE_BRK":null,"NAME_SORT":"Italy","NAME_ALT":null,"MAPCOLOR7":6,"MAPCOLOR8":7,"MAPCOLOR9":8,"MAPCOLOR13":7,"POP_EST":60297396,"POP_RANK":16,"POP_YEAR":2019,"GDP_MD":2003576,"GDP_YEAR":2019,"ECONOMY":"1. Developed region: G7","INCOME_GRP":"1. High income: OECD","FIPS_10":"IT","ISO_A2":"IT","ISO_A2_EH":"IT","ISO_A3":"ITA","ISO_A3_EH":"ITA","ISO_N3":"380","ISO_N3_EH":"380","UN_A3":"380","WB_A2":"IT","WB_A3":"ITA","WOE_ID":23424853,"WOE_ID_EH":23424853,"WOE_NOTE":"Exact WOE match as country","ADM0_ISO":"ITA","ADM0_DIFF":null,"ADM0_TLC":"ITA","ADM0_A3_US":"ITA","ADM0_A3_FR":"ITA","ADM0_A3_RU":"ITA","ADM0_A3_ES":"ITA","ADM0_A3_CN":"ITA","ADM0_A3_TW":"ITA","ADM0_A3_IN":"ITA","ADM0_A3_NP":"ITA","ADM0_A3_PK":"ITA","ADM0_A3_DE":"ITA","ADM0_A3_GB":"ITA","ADM0_A3_BR":"ITA","ADM0_A3_IL":"ITA","ADM0_A3_PS":"ITA","ADM0_A3_SA":"ITA","ADM0_A3_EG":"ITA","ADM0_A3_MA":"ITA","ADM0_A3_PT":"ITA","ADM0_A3_AR":"ITA","ADM0_A3_JP":"ITA","ADM0_A3_KO":"ITA","ADM0_A3_VN":"ITA","ADM0_A3_TR":"ITA","ADM0_A3_ID":"ITA","ADM0_A3_PL":"ITA","ADM0_A3_GR":"ITA","ADM0_A3_IT":"ITA","ADM0_A3_NL":"ITA","ADM0_A3_SE":"ITA","ADM0_A3_BD":"ITA","ADM0_A3_UA":"ITA","ADM0_A3_UN":-99,"ADM0_A3_WB":-99,"CONTINENT":"Europe","REGION_UN":"Europe","SUBREGION":"Southern Europe","REGION_WB":"Europe & Central Asia","NAME_LEN":5,"LONG_LEN":5,"ABBREV_LEN":5,"TINY":-99,"HOMEPART":1,"MIN_ZOOM":0,"MIN_LABEL":2,"MAX_LABEL":7,"LABEL_X":11.076907,"LABEL_Y":44.732482,"NE_ID":1159320919,"WIKIDATAID":"Q38","NAME_AR":"إيطاليا","NAME_BN":"ইতালি","NAME_DE":"Italien","NAME_EN":"Italy","NAME_ES":"Italia","NAME_FA":"ایتالیا","NAME_FR":"Italie","NAME_EL":"Ιταλία","NAME_HE":"איטליה","NAME_HI":"इटली","NAME_HU":"Olaszország","NAME_ID":"Italia","NAME_IT":"Italia","NAME_JA":"イタリア","NAME_KO":"이탈리아","NAME_NL":"Italië","NAME_PL":"Włochy","NAME_PT":"Itália","NAME_RU":"Италия","NAME_SV":"Italien","NAME_TR":"İtalya","NAME_UK":"Італія","NAME_UR":"اطالیہ","NAME_VI":"Ý","NAME_ZH":"意大利","NAME_ZHT":"義大利","FCLASS_ISO":"Admin-0 country","TLC_DIFF":null,"FCLASS_TLC":"Admin-0 country","FCLASS_US":null,"FCLASS_FR":null,"FCLASS_RU":null,"FCLASS_ES":null,"FCLASS_CN":null,"FCLASS_TW":null,"FCLASS_IN":null,"FCLASS_NP":null,"FCLASS_PK":null,"FCLASS_DE":null,"FCLASS_GB":null,"FCLASS_BR":null,"FCLASS_IL":null,"FCLASS_PS":null,"FCLASS_SA":null,"FCLASS_EG":null,"FCLASS_MA":null,"FCLASS_PT":null,"FCLASS_AR":null,"FCLASS_JP":null,"FCLASS_KO":null,"FCLASS_VN":null,"FCLASS_TR":null,"FCLASS_ID":null,"FCLASS_PL":null,"FCLASS_GR":null,"FCLASS_IT":null,"FCLASS_NL":null,"FCLASS_SE":null,"FCLASS_BD":null,"FCLASS_UA":null},"geometry":{"type":"MultiPolygon","coordinates":[[],[],[],[],[],[],[],[]]}},{"type":"Feature","bbox":[34.198145,31.208301,35.57207,32.534424],"properties":{"featurecla":"Admin-0 country","scalerank":1,"LABELRANK":5,"SOVEREIGNT":"Israel","SOV_A3":"IS1","ADM0_DIF":1,"LEVEL":2,"TYPE":"Indeterminate","TLC":"1","ADMIN":"Palestine","ADM0_A3":"PSX","GEOU_DIF":0,"GEOUNIT":"Palestine","GU_A3":"PSX","SU_DIF":0,"SUBUNIT":"Palestine","SU_A3":"PSX","BRK_DIFF":0,"NAME":"Palestine","NAME_LONG":"Palestine","BRK_A3":"PSX","BRK_NAME":"Palestine","BRK_GROUP":null,"ABBREV":"Pal.","POSTAL":"PAL","FORMAL_EN":"West Bank and Gaza","FORMAL_FR":null,"NAME_CIAWF":null,"NOTE_ADM0":null,"NOTE_BRK":"Partial self-admin.","NAME_SORT":"Palestine (West Bank and Gaza)","NAME_ALT":null,"MAPCOLOR7":3,"MAPCOLOR8":2,"MAPCOLOR9":5,"MAPCOLOR13":8,"POP_EST":4685306,"POP_RANK":12,"POP_YEAR":2019,"GDP_MD":16276,"GDP_YEAR":2018,"ECONOMY":"6. Developing region","INCOME_GRP":"4. Lower middle income","FIPS_10":"-99","ISO_A2":"PS","ISO_A2_EH":"PS","ISO_A3":"PSE","ISO_A3_EH":"PSE","ISO_N3":"275","ISO_N3_EH":"275","UN_A3":"275","WB_A2":"GZ","WB_A3":"WBG","WOE_ID":28289408,"WOE_ID_EH":28289408,"WOE_NOTE":"Exact WOE match as country","ADM0_ISO":"PSX","ADM0_DIFF":null,"ADM0_TLC":"PSX","ADM0_A3_US":"PSX","ADM0_A3_FR":"PSX","ADM0_A3_RU":"PSX","ADM0_A3_ES":"PSX","ADM0_A3_CN":"PSX","ADM0_A3_TW":"PSX","ADM0_A3_IN":"PSX","ADM0_A3_NP":"PSX","ADM0_A3_PK":"PSX","ADM0_A3_DE":"PSX","ADM0_A3_GB":"PSX","ADM0_A3_BR":"PSX","ADM0_A3_IL":"PSX","ADM0_A3_PS":"PSX","ADM0_A3_SA":"PSX","ADM0_A3_EG":"PSX","ADM0_A3_MA":"PSX","ADM0_A3_PT":"PSX","ADM0_A3_AR":"PSX","ADM0_A3_JP":"PSX","ADM0_A3_KO":"PSX","ADM0_A3_VN":"PSX","ADM0_A3_TR":"PSX","ADM0_A3_ID":"PSX","ADM0_A3_PL":"PSX","ADM0_A3_GR":"PSX","ADM0_A3_IT":"PSX","ADM0_A3_NL":"PSX","ADM0_A3_SE":"PSX","ADM0_A3_BD":"PSX","ADM0_A3_UA":"PSX","ADM0_A3_UN":-99,"ADM0_A3_WB":-99,"CONTINENT":"Asia","REGION_UN":"Asia","SUBREGION":"Western Asia","REGION_WB":"Middle East & North Africa","NAME_LEN":9,"LONG_LEN":9,"ABBREV_LEN":4,"TINY":-99,"HOMEPART":-99,"MIN_ZOOM":7,"MIN_LABEL":4.5,"MAX_LABEL":9.5,"LABEL_X":35.291341,"LABEL_Y":32.047431,"NE_ID":1159320899,"WIKIDATAID":"Q23792","NAME_AR":"فلسطين","NAME_BN":"ফিলিস্তিন অঞ্চল","NAME_DE":"Palästina","NAME_EN":"Palestine","NAME_ES":"Palestina","NAME_FA":"فلسطین","NAME_FR":"Palestine","NAME_EL":"Παλαιστίνη","NAME_HE":"ארץ ישראל","NAME_HI":"फ़िलिस्तीनी राज्यक्षेत्र","NAME_HU":"Palesztina","NAME_ID":"Palestina","NAME_IT":"Palestina","NAME_JA":"パレスチナ","NAME_KO":"팔레스타인","NAME_NL":"Palestina","NAME_PL":"Palestyna","NAME_PT":"Palestina","NAME_RU":"Палестина","NAME_SV":"Palestina","NAME_TR":"Filistin","NAME_UK":"Палестина","NAME_UR":"فلسطین","NAME_VI":"Palestine","NAME_ZH":"巴勒斯坦","NAME_ZHT":"巴勒斯坦地區","FCLASS_ISO":"Admin-0 dependency","TLC_DIFF":null,"FCLASS_TLC":"Admin-0 dependency","FCLASS_US":null,"FCLASS_FR":null,"FCLASS_RU":null,"FCLASS_ES":null,"FCLASS_CN":null,"FCLASS_TW":null,"FCLASS_IN":null,"FCLASS_NP":null,"FCLASS_PK":"Admin-0 country","FCLASS_DE":null,"FCLASS_GB":null,"FCLASS_BR":null,"FCLASS_IL":null,"FCLASS_PS":"Admin-0 country","FCLASS_SA":"Admin-0 country","FCLASS_EG":null,"FCLASS_MA":null,"FCLASS_PT":null,"FCLASS_AR":null,"FCLASS_JP":null,"FCLASS_KO":null,"FCLASS_VN":null,"FCLASS_TR":null,"FCLASS_ID":null,"FCLASS_PL":null,"FCLASS_GR":null,"FCLASS_IT":null,"FCLASS_NL":null,"FCLASS_SE":null,"FCLASS_BD":"Admin-0 country","FCLASS_UA":null},"geometry":{"type":"MultiPolygon","coordinates":[[],[]]}},{"type":"Feature","bbox":[-10.390234,51.47373,-6.027393,55.36582],"properties":{"featurecla":"Admin-0 country","scalerank":4,"LABELRANK":3,"SOVEREIGNT":"Ireland","SOV_A3":"IRL","ADM0_DIF":0,"LEVEL":2,"TYPE":"Sovereign country","TLC":"1","ADMIN":"Ireland","ADM0_A3":"IRL","GEOU_DIF":0,"GEOUNIT":"Ireland","GU_A3":"IRL","SU_DIF":0,"SUBUNIT":"Ireland","SU_A3":"IRL","BRK_DIFF":0,"NAME":"Ireland","NAME_LONG":"Ireland","BRK_A3":"IRL","BRK_NAME":"Ireland","BRK_GROUP":null,"ABBREV":"Ire.","POSTAL":"IRL","FORMAL_EN":"Ireland","FORMAL_FR":null,"NAME_CIAWF":"Ireland","NOTE_ADM0":null,"NOTE_BRK":null,"NAME_SORT":"Ireland","NAME_ALT":null,"MAPCOLOR7":2,"MAPCOLOR8":3,"MAPCOLOR9":2,"MAPCOLOR13":2,"POP_EST":4941444,"POP_RANK":12,"POP_YEAR":2019,"GDP_MD":388698,"GDP_YEAR":2019,"ECONOMY":"2. Developed region: nonG7","INCOME_GRP":"1. High income: OECD","FIPS_10":"EI","ISO_A2":"IE","ISO_A2_EH":"IE","ISO_A3":"IRL","ISO_A3_EH":"IRL","ISO_N3":"372","ISO_N3_EH":"372","UN_A3":"372","WB_A2":"IE","WB_A3":"IRL","WOE_ID":23424803,"WOE_ID_EH":23424803,"WOE_NOTE":"Exact WOE match as country","ADM0_ISO":"IRL","ADM0_DIFF":null,"ADM0_TLC":"IRL","ADM0_A3_US":"IRL","ADM0_A3_FR":"IRL","ADM0_A3_RU":"IRL","ADM0_A3_ES":"IRL","ADM0_A3_CN":"IRL","ADM0_A3_TW":"IRL","ADM0_A3_IN":"IRL","ADM0_A3_NP":"IRL","ADM0_A3_PK":"IRL","ADM0_A3_DE":"IRL","ADM0_A3_GB":"IRL","ADM0_A3_BR":"IRL","ADM0_A3_IL":"IRL","ADM0_A3_PS":"IRL","ADM0_A3_SA":"IRL","ADM0_A3_EG":"IRL","ADM0_A3_MA":"IRL","ADM0_A3_PT":"IRL","ADM0_A3_AR":"IRL","ADM0_A3_JP":"IRL","ADM0_A3_KO":"IRL","ADM0_A3_VN":"IRL","ADM0_A3_TR":"IRL","ADM0_A3_ID":"IRL","ADM0_A3_PL":"IRL","ADM0_A3_GR":"IRL","ADM0_A3_IT":"IRL","ADM0_A3_NL":"IRL","ADM0_A3_SE":"IRL","ADM0_A3_BD":"IRL","ADM0_A3_UA":"IRL","ADM0_A3_UN":-99,"ADM0_A3_WB":-99,"CONTINENT":"Europe","REGION_UN":"Europe","SUBREGION":"Northern Europe","REGION_WB":"Europe & Central Asia","NAME_LEN":7,"LONG_LEN":7,"ABBREV_LEN":4,"TINY":-99,"HOMEPART":1,"MIN_ZOOM":0,"MIN_LABEL":3,"MAX_LABEL":8,"LABEL_X":-7.798588,"LABEL_Y":53.078726,"NE_ID":1159320877,"WIKIDATAID":"Q27","NAME_AR":"جمهورية أيرلندا","NAME_BN":"প্রজাতন্ত্রী আয়ারল্যান্ড","NAME_DE":"Irland","NAME_EN":"Ireland","NAME_ES":"Irlanda","NAME_FA":"ایرلند","NAME_FR":"Irlande","NAME_EL":"Δημοκρατία της Ιρλανδίας","NAME_HE":"אירלנד","NAME_HI":"आयरलैण्ड","NAME_HU":"Írország","NAME_ID":"Republik Irlandia","NAME_IT":"Irlanda","NAME_JA":"アイルランド","NAME_KO":"아일랜드","NAME_NL":"Ierland","NAME_PL":"Irlandia","NAME_PT":"República da Irlanda","NAME_RU":"Ирландия","NAME_SV":"Irland","NAME_TR":"İrlanda","NAME_UK":"Ірландія","NAME_UR":"جمہوریہ آئرلینڈ","NAME_VI":"Cộng hòa Ireland","NAME_ZH":"爱尔兰","NAME_ZHT":"愛爾蘭","FCLASS_ISO":"Admin-0 country","TLC_DIFF":null,"FCLASS_TLC":"Admin-0 country","FCLASS_US":null,"FCLASS_FR":null,"FCLASS_RU":null,"FCLASS_ES":null,"FCLASS_CN":null,"FCLASS_TW":null,"FCLASS_IN":null,"FCLASS_NP":null,"FCLASS_PK":null,"FCLASS_DE":null,"FCLASS_GB":null,"FCLASS_BR":null,"FCLASS_IL":null,"FCLASS_PS":null,"FCLASS_SA":null,"FCLASS_EG":null,"FCLASS_MA":null,"FCLASS_PT":null,"FCLASS_AR":null,"FCLASS_JP":null,"FCLASS_KO":null,"FCLASS_VN":null,"FCLASS_TR":null,"FCLASS_ID":null,"FCLASS_PL":null,"FCLASS_GR":null,"FCLASS_IT":null,"FCLASS_NL":null,"FCLASS_SE":null,"FCLASS_BD":null,"FCLASS_UA":null},"geometry":{"type":"MultiPolygon","coordinates":[[],[]]}},{"type":"Feature","bbox":[44.023242,25.1021,63.305176,39.768555],"properties":{"featurecla":"Admin-0 country","scalerank":3,"LABELRANK":2,"SOVEREIGNT":"Iran","SOV_A3":"IRN","ADM0_DIF":0,"LEVEL":2,"TYPE":"Sovereign country","TLC":"1","ADMIN":"Iran","ADM0_A3":"IRN","GEOU_DIF":0,"GEOUNIT":"Iran","GU_A3":"IRN","SU_DIF":0,"SUBUNIT":"Iran","SU_A3":"IRN","BRK_DIFF":0,"NAME":"Iran","NAME_LONG":"Iran","BRK_A3":"IRN","BRK_NAME":"Iran","BRK_GROUP":null,"ABBREV":"Iran","POSTAL":"IRN","FORMAL_EN":"Islamic Republic of Iran","FORMAL_FR":null,"NAME_CIAWF":"Iran","NOTE_ADM0":null,"NOTE_BRK":null,"NAME_SORT":"Iran, Islamic Rep.","NAME_ALT":null,"MAPCOLOR7":4,"MAPCOLOR8":3,"MAPCOLOR9":4,"MAPCOLOR13":13,"POP_EST":82913906,"POP_RANK":16,"POP_YEAR":2019,"GDP_MD":453996,"GDP_YEAR":2018,"ECONOMY":"5. Emerging region: G20","INCOME_GRP":"3. Upper middle income","FIPS_10":"IR","ISO_A2":"IR","ISO_A2_EH":"IR","ISO_A3":"IRN","ISO_A3_EH":"IRN","ISO_N3":"364","ISO_N3_EH":"364","UN_A3":"364","WB_A2":"IR","WB_A3":"IRN","WOE_ID":23424851,"WOE_ID_EH":23424851,"WOE_NOTE":"Exact WOE match as country","ADM0_ISO":"IRN","ADM0_DIFF":null,"ADM0_TLC":"IRN","ADM0_A3_US":"IRN","ADM0_A3_FR":"IRN","ADM0_A3_RU":"IRN","ADM0_A3_ES":"IRN","ADM0_A3_CN":"IRN","ADM0_A3_TW":"IRN","ADM0_A3_IN":"IRN","ADM0_A3_NP":"IRN","ADM0_A3_PK":"IRN","ADM0_A3_DE":"IRN","ADM0_A3_GB":"IRN","ADM0_A3_BR":"IRN","ADM0_A3_IL":"IRN","ADM0_A3_PS":"IRN","ADM0_A3_SA":"IRN","ADM0_A3_EG":"IRN","ADM0_A3_MA":"IRN","ADM0_A3_PT":"IRN","ADM0_A3_AR":"IRN","ADM0_A3_JP":"IRN","ADM0_A3_KO":"IRN","ADM0_A3_VN":"IRN","ADM0_A3_TR":"IRN","ADM0_A3_ID":"IRN","ADM0_A3_PL":"IRN","ADM0_A3_GR":"IRN","ADM0_A3_IT":"IRN","ADM0_A3_NL":"IRN","ADM0_A3_SE":"IRN","ADM0_A3_BD":"IRN","ADM0_A3_UA":"IRN","ADM0_A3_UN":-99,"ADM0_A3_WB":-99,"CONTINENT":"Asia","REGION_UN":"Asia","SUBREGION":"Southern Asia","REGION_WB":"Middle East & North Africa","NAME_LEN":4,"LONG_LEN":4,"ABBREV_LEN":4,"TINY":-99,"HOMEPART":1,"MIN_ZOOM":0,"MIN_LABEL":2.5,"MAX_LABEL":6.7,"LABEL_X":54.931495,"LABEL_Y":32.166225,"NE_ID":1159320881,"WIKIDATAID":"Q794","NAME_AR":"إيران","NAME_BN":"ইরান","NAME_DE":"Iran","NAME_EN":"Iran","NAME_ES":"Irán","NAME_FA":"ایران","NAME_FR":"Iran","NAME_EL":"Ιράν","NAME_HE":"איראן","NAME_HI":"ईरान","NAME_HU":"Irán","NAME_ID":"Iran","NAME_IT":"Iran","NAME_JA":"イラン","NAME_KO":"이란","NAME_NL":"Iran","NAME_PL":"Iran","NAME_PT":"Irão","NAME_RU":"Иран","NAME_SV":"Iran","NAME_TR":"İran","NAME_UK":"Іран","NAME_UR":"ایران","NAME_VI":"Iran","NAME_ZH":"伊朗","NAME_ZHT":"伊朗","FCLASS_ISO":"Admin-0 country","TLC_DIFF":null,"FCLASS_TLC":"Admin-0 country","FCLASS_US":null,"FCLASS_FR":null,"FCLASS_RU":null,"FCLASS_ES":null,"FCLASS_CN":null,"FCLASS_TW":null,"FCLASS_IN":null,"FCLASS_NP":null,"FCLASS_PK":null,"FCLASS_DE":null,"FCLASS_GB":null,"FCLASS_BR":null,"FCLASS_IL":null,"FCLASS_PS":null,"FCLASS_SA":null,"FCLASS_EG":null,"FCLASS_MA":null,"FCLASS_PT":null,"FCLASS_AR":null,"FCLASS_JP":null,"FCLASS_KO":null,"FCLASS_VN":null,"FCLASS_TR":null,"FCLASS_ID":null,"FCLASS_PL":null,"FCLASS_GR":null,"FCLASS_IT":null,"FCLASS_NL":null,"FCLASS_SE":null,"FCLASS_BD":null,"FCLASS_UA":null},"geometry":{"type":"MultiPolygon","coordinates":[[],[]]}},{"type":"Feature","bbox":[95.206641,-10.909668,140.976172,5.907031],"properties":{"featurecla":"Admin-0 country","scalerank":3,"LABELRANK":2,"SOVEREIGNT":"Indonesia","SOV_A3":"IDN","ADM0_DIF":0,"LEVEL":2,"TYPE":"Sovereign country","TLC":"1","ADMIN":"Indonesia","ADM0_A3":"IDN","GEOU_DIF":0,"GEOUNIT":"Indonesia","GU_A3":"IDN","SU_DIF":0,"SUBUNIT":"Indonesia","SU_A3":"IDN","BRK_DIFF":0,"NAME":"Indonesia","NAME_LONG":"Indonesia","BRK_A3":"IDN","BRK_NAME":"Indonesia","BRK_GROUP":null,"ABBREV":"Indo.","POSTAL":"INDO","FORMAL_EN":"Republic of Indonesia","FORMAL_FR":null,"NAME_CIAWF":"Indonesia","NOTE_ADM0":null,"NOTE_BRK":null,"NAME_SORT":"Indonesia","NAME_ALT":null,"MAPCOLOR7":6,"MAPCOLOR8":6,"MAPCOLOR9":6,"MAPCOLOR13":11,"POP_EST":270625568,"POP_RANK":17,"POP_YEAR":2019,"GDP_MD":1119190,"GDP_YEAR":2019,"ECONOMY":"4. Emerging region: MIKT","INCOME_GRP":"4. Lower middle income","FIPS_10":"ID","ISO_A2":"ID","ISO_A2_EH":"ID","ISO_A3":"IDN","ISO_A3_EH":"IDN","ISO_N3":"360","ISO_N3_EH":"360","UN_A3":"360","WB_A2":"ID","WB_A3":"IDN","WOE_ID":23424846,"WOE_ID_EH":23424846,"WOE_NOTE":"Exact WOE match as country","ADM0_ISO":"IDN","ADM0_DIFF":null,"ADM0_TLC":"IDN","ADM0_A3_US":"IDN","ADM0_A3_FR":"IDN","ADM0_A3_RU":"IDN","ADM0_A3_ES":"IDN","ADM0_A3_CN":"IDN","ADM0_A3_TW":"IDN","ADM0_A3_IN":"IDN","ADM0_A3_NP":"IDN","ADM0_A3_PK":"IDN","ADM0_A3_DE":"IDN","ADM0_A3_GB":"IDN","ADM0_A3_BR":"IDN","ADM0_A3_IL":"IDN","ADM0_A3_PS":"IDN","ADM0_A3_SA":"IDN","ADM0_A3_EG":"IDN","ADM0_A3_MA":"IDN","ADM0_A3_PT":"IDN","ADM0_A3_AR":"IDN","ADM0_A3_JP":"IDN","ADM0_A3_KO":"IDN","ADM0_A3_VN":"IDN","ADM0_A3_TR":"IDN","ADM0_A3_ID":"IDN","ADM0_A3_PL":"IDN","ADM0_A3_GR":"IDN","ADM0_A3_IT":"IDN","ADM0_A3_NL":"IDN","ADM0_A3_SE":"IDN","ADM0_A3_BD":"IDN","ADM0_A3_UA":"IDN","ADM0_A3_UN":-99,"ADM0_A3_WB":-99,"CONTINENT":"Asia","REGION_UN":"Asia","SUBREGION":"South-Eastern Asia","REGION_WB":"East Asia & Pacific","NAME_LEN":9,"LONG_LEN":9,"ABBREV_LEN":5,"TINY":-99,"HOMEPART":1,"MIN_ZOOM":0,"MIN_LABEL":1.7,"MAX_LABEL":6.7,"LABEL_X":101.892949,"LABEL_Y":-0.954404,"NE_ID":1159320845,"WIKIDATAID":"Q252","NAME_AR":"إندونيسيا","NAME_BN":"ইন্দোনেশিয়া","NAME_DE":"Indonesien","NAME_EN":"Indonesia","NAME_ES":"Indonesia","NAME_FA":"اندونزی","NAME_FR":"Indonésie","NAME_EL":"Ινδονησία","NAME_HE":"אינדונזיה","NAME_HI":"इंडोनेशिया","NAME_HU":"Indonézia","NAME_ID":"Indonesia","NAME_IT":"Indonesia","NAME_JA":"インドネシア","NAME_KO":"인도네시아","NAME_NL":"Indonesië","NAME_PL":"Indonezja","NAME_PT":"Indonésia","NAME_RU":"Индонезия","NAME_SV":"Indonesien","NAME_TR":"Endonezya","NAME_UK":"Індонезія","NAME_UR":"انڈونیشیا","NAME_VI":"Indonesia","NAME_ZH":"印度尼西亚","NAME_ZHT":"印度尼西亞","FCLASS_ISO":"Admin-0 country","TLC_DIFF":null,"FCLASS_TLC":"Admin-0 country","FCLASS_US":null,"FCLASS_FR":null,"FCLASS_RU":null,"FCLASS_ES":null,"FCLASS_CN":null,"FCLASS_TW":null,"FCLASS_IN":null,"FCLASS_NP":null,"FCLASS_PK":null,"FCLASS_DE":null,"FCLASS_GB":null,"FCLASS_BR":null,"FCLASS_IL":null,"FCLASS_PS":null,"FCLASS_SA":null,"FCLASS_EG":null,"FCLASS_MA":null,"FCLASS_PT":null,"FCLASS_AR":null,"FCLASS_JP":null,"FCLASS_KO":null,"FCLASS_VN":null,"FCLASS_TR":null,"FCLASS_ID":null,"FCLASS_PL":null,"FCLASS_GR":null,"FCLASS_IT":null,"FCLASS_NL":null,"FCLASS_SE":null,"FCLASS_BD":null,"FCLASS_UA":null},"geometry":{"type":"MultiPolygon","coordinates":[[],[],[[[-18.093036236091177,5.6605785975957925],[-18.204574244904936,5.444614325412262],[-18.158636865534326,5.414617483114749],[-18.13031836020117,5.3849467983949335],[-18.331801969015117,5.326622052835821],[-18.41832908533684,5.342896397659191],[-18.46717338196469,5.333156730264919],[-18.676628684182806,5.355989384628602],[-18.82770038091589,5.3918784903934585],[-18.846808663739797,5.428202963245751],[-18.837816230050418,5.474181356495889],[-18.79294404825086,5.4624150348666],[-18.678320278450524,5.4641177897871565],[-18.635842153554712,5.487793831227307],[-18.64248960280365,5.6212492668366645],[-18.668838092393795,5.793566892707643],[-18.522140386066344,5.947291723812772],[-18.44290192424912,6.010632758237493],[-18.34979877685314,6.051504103400848],[-18.105665190001833,5.99120711581122],[-18.064881244799672,5.972836718853108],[-18.032385330317105,5.9432908957499135],[-18.01476569148582,5.893673826321614],[-18.093036236091177,5.6605785975957925]]],[[[-19.2836077880673,6.028357246515288],[-19.1814167218975,5.983185222485533],[-19.034271337177994,5.839097536874332],[-19.018655860935013,5.796649475627999],[-19.058022142322105,5.752313697529721],[-19.152991271980078,5.67866334949372],[-19.367180065609936,5.559580465966786],[-19.401992744823787,5.508623373361982],[-19.44278081005909,5.4110601970730965],[-19.451032742399516,5.370167221662889],[-19.465153101858483,5.346943295614515],[-19.489433699702545,5.328970483486547],[-19.536560631926392,5.311480407291247],[-19.589756645117333,5.326848131643722],[-19.54660731728725,5.391124282111345],[-19.549287155570763,5.463311464528527],[-19.58844455626451,5.527804415167286],[-19.641180094738722,5.580193664654973],[-19.746220269328877,5.648591313830196],[-19.855520680533225,5.706579786967867],[-19.855520680533225,5.95356471062125],[-19.778348213405906,5.956502420373183],[-19.72096191400205,5.9739184685213464],[-19.575497806604474,6.094733659828845],[-19.539296222225897,6.095882122072275],[-19.39092235616309,6.059672324718379],[-19.2836077880673,6.028357246515288]]],[],[[[-11.8083431513654,10.055681494352005],[-11.779619617852795,9.846156148731772],[-11.785415103076378,9.790546209668562],[-11.843547323217559,9.869108817348135],[-11.864090178684988,9.884385886452492],[-11.879001063960674,9.867545808678619],[-11.898575425646822,9.857774602805707],[-11.927151873621543,9.857274816943683],[-11.96192051884061,9.77383064331266],[-11.963102567596474,9.69673877037221],[-11.989623888257738,9.643700134228693],[-11.999540042993504,9.471039478818138],[-11.98890814282245,9.425090234451089],[-11.946284986566262,9.449934410483994],[-11.919765528094256,9.456974269165576],[-11.820088905063772,9.39504233646597],[-11.767011160931883,9.348949936695728],[-11.77990821340874,9.289750089323485],[-11.844377086100975,9.227753046094081],[-11.92044560880053,9.198608625016684],[-11.9783929183344,9.221337404329967],[-11.994917780188883,9.20858754128075],[-12.027871967663343,9.17665223648725],[-12.052391899249882,9.135488389023376],[-12.043812220860183,9.094673645419922],[-12.105863916328477,8.975089988346067],[-12.142669686181812,8.940617607141197],[-12.22213338063814,8.972690700258605],[-12.2695463428572,8.939721528824194],[-12.308672519788201,8.940679175183735],[-12.371813930732214,9.054599349086475],[-12.372020227110148,9.109459464074318],[-12.318526480536761,9.173541059934406],[-12.319462249403534,9.217872744815597],[-12.293588780226244,9.268531386860918],[-12.234684438983765,9.339035318150128],[-12.201346352345524,9.39143801984764],[-12.20121583107601,9.423782969343723],[-12.178831992099974,9.547409284639835],[-12.170200428910155,9.599204025049433],[-12.154178619907853,9.654583393612983],[-12.129522735653746,9.766785811837842],[-12.131381936398435,9.975511636910095],[-12.042931512304401,10.151642209233536],[-11.95319916663793,10.202578868623304],[-11.917239634466744,10.211811791999398],[-11.92168013942414,10.165898937739557],[-11.8083431513654,10.055681494352005]]],[[[-12.320192579738727,9.327686521543784],[-12.343859568224518,9.26129554825622],[-12.397407919459878,9.207987577409034],[-12.441110363969708,9.20228499052681],[-12.487172472340356,9.21048840676182],[-12.569546332822192,9.251062395878257],[-12.588672364348094,9.203274562041397],[-12.652504803179843,9.202340732187622],[-12.678091997955748,9.261543900453887],[-12.637915969662586,9.442260786913975],[-12.573076265651911,9.51203376695798],[-12.581342816509533,9.581685483564012],[-12.640897471013586,9.728114427279676],[-12.608891103440873,9.807563004857949],[-12.456034216100422,9.873630015069454],[-12.323269432955776,9.951583793044342],[-12.281922168531061,9.96841083220932],[-12.242813564449182,9.914930879021217],[-12.215714610959205,9.662134790206444],[-12.354799262172548,9.454598065709456],[-12.320192579738727,9.327686521543784]]],[],[],[[[0.38595018972710865,14.075717596847728],[0.6002471483671865,14.038016664651183],[0.6783786239497899,14.039906411275798],[0.7546933527647367,13.997415416928153],[0.8476006344721483,14.017157896000164],[0.9003245478005901,14.003461985780053],[1.0766259710570116,13.857483756682507],[1.1630365912238956,13.760848916283585],[1.29173245333417,13.677620241578056],[1.3850062381985502,13.649033900455267],[1.3144487307412454,13.573529443508065],[1.1727825926355067,13.534231988004043],[1.118011903106123,13.532475810225963],[1.0095251256402373,13.577994332906828],[0.9214062289825465,13.569947437024755],[0.8446776702997797,13.626715418249256],[0.8315056606055826,13.714058637074647],[0.7526360621210533,13.910810252829553],[0.6504640785843415,13.854687506237184],[0.5277577036914669,13.945488466106605],[0.4947989619114508,13.947693268620206],[0.4870158318701831,13.932382853262038],[0.4348901877406456,13.963294950396767],[0.390646173769095,14.024538736091888],[0.38595018972710865,14.075717596847728]]],[[[0.47723642914938125,13.174268734816309],[0.8745990405761767,13.125128915084202],[0.9823091053570223,13.13098270751771],[1.2090736374364415,13.11146410548681],[1.398183604564132,13.046607051197805],[1.7290541995711788,13.032922603429267],[1.8277337110948348,13.013262444292424],[1.903931821055509,12.968637178421675],[1.7187583211535498,12.933240756626425],[1.6314399858140418,12.899729773117944],[1.4694252153288225,12.883862953376434],[1.3339114451374197,12.901800616722534],[1.2353467905073416,12.881844801860876],[1.1996567470966093,12.915158438818851],[1.0555089046123507,12.949437130742766],[0.8710136647810406,13.01925586774479],[0.4906438915161845,13.10068020218878],[0.4726985594715429,13.150820272738512],[0.47723642914938125,13.174268734816309]]],[[[-4.2212136619710625,14.664770005721115],[-4.0464240747885585,14.626611370594086],[-4.0068911773527685,14.633462926446171],[-3.7533710251065635,14.531870985646467],[-3.7127819660238686,14.480365904906758],[-3.7268885623043624,14.445053321704835],[-3.689375578888919,14.398518442051696],[-3.7718798706903915,14.32550666838474],[-3.8117859643891774,14.316987235383431],[-3.85235426650542,14.343343168431678],[-3.933007492591875,14.357517104494836],[-4.0259290954911355,14.327012372567394],[-4.08536684587695,14.348329834203764],[-4.135885277730911,14.413682346333193],[-4.225038736678161,14.452555822096638],[-4.351620711192011,14.58992783294563],[-4.413389229783056,14.58401396066625],[-4.396861182458744,14.529833156959064],[-4.343240448425578,14.494715232914762],[-4.272128986176415,14.389889857516652],[-4.231540739870094,14.380196225487099],[-4.189650473980011,14.384411463866822],[-4.132947539234885,14.341158038182403],[-4.135536274368634,14.272729160697352],[-4.2825458438061625,14.244092991743718],[-4.333578553105783,14.293302232364232],[-4.345295239458139,14.383912850993454],[-4.427857221207651,14.352128616812745],[-4.459548929464524,14.319944144308948],[-4.48381971675494,14.315201847106586],[-4.539250578228897,14.408976090582609],[-4.696180715616687,14.411451608794392],[-4.801144152316733,14.460085962821594],[-4.7500045621043965,14.513373432844707],[-4.743019286977195,14.564277669170844],[-4.675090977564048,14.592622361581023],[-4.605980895791082,14.569209724750234],[-4.537013322303994,14.606853784974273],[-4.487861032486118,14.598213206669572],[-4.451776603606282,14.622121052509721],[-4.312709456588947,14.638961123618396],[-4.2212136619710625,14.664770005721115]]],[[[-6.610176195717708,16.573857662872935],[-6.769465370053746,16.554503412670197],[-6.80593023820443,16.598837234398296],[-6.849237293290208,16.800535345576122],[-6.736556718892432,16.964676992454905],[-6.593981416194499,17.062717605609304],[-6.496622230300346,17.088700703347385],[-6.462828230297388,17.090785687956096],[-6.3752633713169535,16.975961532663238],[-6.440102825386211,16.7400296696555],[-6.515910291449112,16.618493792789188],[-6.610176195717708,16.573857662872935]]],[[[-6.885488927985074,13.027940357493138],[-6.946554798002569,12.987367338622006],[-6.9771318815151,12.975821639616642],[-7.125504416666025,12.998501222294419],[-7.298908575971002,12.98877675791972],[-7.4785927551690285,12.947915243292494],[-7.5833688147672165,12.975904341532193],[-7.649654191239261,13.02415431529601],[-7.6474453899333055,13.077182251514362],[-7.587014211566077,13.209838589856856],[-7.452494488293989,13.312317465934786],[-7.3975605038844785,13.331357541061365],[-7.300536540560164,13.306995987179874],[-7.136858895928137,13.235173390879929],[-7.007579659697422,13.149175725597448],[-6.890396354656594,13.082559286264633],[-6.885488927985074,13.027940357493138]]],[[[-8.97977631551109,12.207006231200891],[-8.99671459517297,12.188885450430572],[-9.05760480929658,12.239261271844088],[-9.100330978907293,12.385648469402275],[-9.135385765313268,12.423843427696168],[-9.177968779479082,12.562741478655928],[-9.168203425185688,12.602887672597186],[-9.11946919246553,12.663504523631945],[-9.079318988330146,12.663820454169167],[-9.048842342317087,12.629952329371097],[-9.063289950138527,12.478447736183913],[-8.970408225802124,12.29002557480485],[-8.97977631551109,12.207006231200891]]],[[[-9.020377573170803,12.84532017039049],[-8.711521754264002,12.822755544281472],[-8.754809314806836,12.786673024491256],[-9.086534912264197,12.720767009852674],[-9.204556850802753,12.727147993678564],[-9.564547515858578,12.682774709589207],[-9.61125762312072,12.683119380812524],[-9.618759426692513,12.736851809871496],[-9.658206228277002,12.773380822068466],[-9.601067823416871,12.808193779080415],[-9.524838488131854,12.818524239943152],[-9.324746130449775,12.812547704663581],[-9.020377573170803,12.84532017039049]]],[[[-10.078883980545411,12.892048881603047],[-9.984682322979804,12.860954300236012],[-9.951705289201946,12.862270763473406],[-9.921411162068283,12.903385447246215],[-9.902427625203268,12.910536220815079],[-9.85993513927339,12.892359367521747],[-9.849124914111723,12.827645931852999],[-9.788587627952847,12.83874104244912],[-9.740965950521284,12.818075559245989],[-9.72584529282186,12.803015193682619],[-9.730990238579352,12.738024274389424],[-9.910466984439367,12.720538690303288],[-10.037878407726845,12.663860124173787],[-10.21121769586915,12.704833645673897],[-10.405461400817941,12.616893912942327],[-10.523691849280896,12.584840926097192],[-10.6266767034937,12.58277796540396],[-10.717345117937109,12.72096789156135],[-10.668938138821211,12.888431113471013],[-10.632616888692821,12.917026054044959],[-10.567313871597422,12.933830160811365],[-10.386152933837954,12.948437199516066],[-10.078883980545411,12.892048881603047]]],[[[-3.6447480995373494,6.908951863127304],[-3.6608924547886645,6.897557777186894],[-3.7841997512286767,6.908523954168556],[-3.85479084129918,6.907931726436821],[-3.846062476824983,6.982424601154404],[-3.8830289601939842,7.037833324657932],[-3.8343684687539468,7.120603507103206],[-3.834476523957886,7.215968873293544],[-3.7827690025094105,7.229531171831704],[-3.776100257228911,7.283933335857132],[-3.715417918062148,7.428663446735534],[-3.679195843301246,7.461080764339708],[-3.627340159307959,7.474311225345471],[-3.566800799141286,7.559002811607555],[-3.532120311352675,7.583873728119048],[-3.496561319296949,7.647916210250159],[-3.444542318303406,7.678187374647892],[-3.4494411629387782,7.7326343532572475],[-3.420015806886387,7.761913967940555],[-3.338001392591811,7.7855437082850205],[-3.280763225253832,7.7593205610021085],[-3.2451087578613382,7.703924678913657],[-3.3361859939077787,7.634125451041364],[-3.2876265091787413,7.465673351764026],[-3.352083593770737,7.28057702671957],[-3.395354289357026,7.224838769645638],[-3.4760908345953903,7.176068768471676],[-3.5003362459911775,7.130456791030702],[-3.5950988196049316,7.038068738538284],[-3.6233186666608925,6.959955241177848],[-3.62722211747178,6.927002549427213],[-3.6447480995373494,6.908951863127304]]],[[[-8.134524378589807,7.130775836080055],[-8.120035389105666,7.083255768428995],[-8.121271266760553,7.062110734137963],[-8.239523208896609,7.04284376538438],[-8.352561984886266,6.985708097862231],[-8.409593471906259,6.922287442431122],[-8.453194464319008,6.841351722816285],[-8.611475691126667,6.868268009857724],[-8.751868098815653,6.868704234589426],[-8.814613634507758,6.894479006125702],[-8.882178283910315,6.890258443737968],[-8.969019718575206,6.862367020657462],[-9.091176115328354,6.790406437614172],[-9.118645278025618,6.7841937789497875],[-9.111403161226557,6.887135999981263],[-9.078727715107613,6.951515754588912],[-8.95202498494229,7.107477854895569],[-8.842229359157933,7.07780694539911],[-8.714995353573585,7.07299142421788],[-8.571528627178989,7.107513143960941],[-8.47073968462303,7.178963183526677],[-8.326356204572608,7.219323606397257],[-8.208538930505085,7.133964209012048],[-8.134524378589807,7.130775836080055]]],[[[-10.321912094596739,6.582688363963445],[-10.296307099356246,6.523428844718779],[-10.221106314948559,6.559889423456689],[-10.146944325285919,6.571340377103068],[-9.977062736649247,6.571844070468929],[-9.852079621929407,6.563401764815338],[-9.777954489371163,6.541401940845001],[-9.767307601534078,6.421402281847491],[-9.801025460148534,6.393969852543577],[-10.441899750632947,6.276795052609723],[-10.505538866698098,6.303310971886241],[-10.531231254155715,6.331143321102799],[-10.464672945631175,6.423254037012954],[-10.498021457783992,6.464202853680588],[-10.463619490556354,6.5347972637790726],[-10.388205868795575,6.585241008854788],[-10.321912094596739,6.582688363963445]]],[[[-4.024361237627066,13.41261081129213],[-4.0596666537814246,13.385312514933565],[-4.1820444551013,13.408742675593674],[-4.245593242526651,13.467185251445509],[-4.289328446365891,13.546125306718832],[-4.317155414223765,13.611115263429735],[-4.325242450751267,13.662977888871302],[-4.362296915435672,13.72591930353866],[-4.3574281011009806,13.749203838689828],[-4.132128485657755,13.819209097222885],[-4.089421524640635,13.795561165073115],[-3.995229465610228,13.794678493746172],[-3.953766298948609,13.74666074663134],[-3.980474281348971,13.535421472453239],[-4.024361237627066,13.41261081129213]]],[],[[[-12.072516559019908,6.0363634976599805],[-12.210284379718166,5.994229535446318],[-12.295245703563822,5.95650826075735],[-12.37572232175397,5.908204948626882],[-12.427405264384285,5.896457357583822],[-12.52144688666455,5.888058317441972],[-12.65519923788148,5.889113414977548],[-12.7446518063942,5.870087735878262],[-12.990925784021234,5.7420998249195305],[-13.089099333968539,5.726825594538481],[-13.173254371938889,5.6941001917961165],[-13.204676154255935,5.737084342496996],[-13.242128584414731,5.768078635186711],[-13.325910216843354,5.771854833106949],[-13.409218238106211,5.764649197511463],[-13.489582938830962,5.658635672815213],[-13.625443911449423,5.672326751178484],[-13.677371970703502,5.6604584615946605],[-13.726827983397182,5.6362703578198206],[-13.776324305361985,5.624028161407151],[-13.82904050589075,5.628122332597674],[-14.029628992950329,5.695755921012186],[-14.257805829640077,5.729236474809265],[-14.483450517925194,5.6974764265661175],[-14.680202220843608,5.728853110289404],[-14.785288544181965,5.6893705504739716],[-14.883723199808635,5.636020492430364],[-14.915760537714132,5.683903221680568],[-14.954790752013231,5.725409861489534],[-14.99074153787087,5.788908264577015],[-14.99512592583275,5.863106458777121],[-14.986670288307861,5.915892693418594],[-14.959971996585432,5.965022626452873],[-14.944176504616273,6.0155162814885035],[-14.93811439761749,6.069005690724661],[-14.89431001488657,6.0464845296231875],[-14.850098264740312,6.058708240188668],[-14.719812995114282,6.124353108660139],[-14.594223240473163,6.219165674818479],[-14.474889773133583,6.258108754540536],[-14.40573204154179,6.2710154807473515],[-14.345401543666881,6.257445910689129],[-14.285134548220046,6.2671753733179285],[-14.223991915817429,6.290052071144713],[-14.123490340812218,6.228824642619649],[-14.081832357020138,6.217619141953926],[-13.949184477913983,6.220043979491163],[-13.827088633439336,6.188299879970451],[-13.717049548874414,6.136793218685745],[-13.559003771218588,6.0915000919321445],[-13.462284686981704,6.024298985648252],[-13.389862400270733,6.001473964011563],[-13.336587654978704,5.997104290477637],[-13.288344315752674,6.009539056022269],[-13.229040244129777,6.061588908830917],[-13.158067242167453,6.085604841979386],[-13.095438359004007,6.088184133131057],[-12.982072100928601,6.10683421767205],[-12.934530466755612,6.121088463263428],[-12.881726106142402,6.150646466048252],[-12.82833106869657,6.136854633894563],[-12.781147579037816,6.11467581740931],[-12.583334087474535,5.997534308046024],[-12.524043635585027,5.9971823355497005],[-12.416680873944884,6.030011384262988],[-12.38544393281492,6.065735051849107],[-12.370758294083522,6.1189428722121395],[-12.342745492405074,6.163987740473956],[-12.302770458981012,6.2038043184291825],[-12.256959970913949,6.234980479208237],[-12.114582198307541,6.2909724794448065],[-12.017415342742419,6.344077987541416],[-11.952791371458273,6.429068270217011],[-12.112279823259895,6.456949279155989],[-12.081152932176348,6.517357324797553],[-12.029811784134674,6.5528768342246195],[-11.959105400169799,6.544098953287371],[-11.896995964806852,6.501096476971563],[-11.863377224194984,6.327026383864869],[-11.912197803180435,6.299871663687123],[-11.942569980750187,6.271757599312458],[-11.962428776614345,6.235715968039115],[-12.049634100133444,6.167105626600125],[-12.011526283846699,6.088516598453831],[-12.03660325315154,6.054032733471119],[-12.072516559019908,6.0363634976599805]]],[[[-14.757838329560164,5.127908769111272],[-14.711502110972217,5.08582874977931],[-14.547372155402895,5.009427629342976],[-14.519233611759962,4.9746878833407875],[-14.506269369011214,4.915331674664664],[-14.472001925305534,4.87276830612987],[-14.399672558132712,4.870335216987266],[-14.322953099218134,4.884034110142607],[-14.262848049850493,4.859282776601712],[-14.209970382599899,4.817516620926007],[-14.130422870806449,4.735027652301489],[-14.059509110780498,4.642740104509324],[-13.97473286692005,4.5939525371051015],[-13.923807594214766,4.516628197375235],[-13.94813300648889,4.444305926081741],[-14.04699673644177,4.340409383084121],[-14.102194374297436,4.315836960520678],[-14.178642793272475,4.303525774483074],[-14.295318689827996,4.23809284942232],[-14.340407042484767,4.265885331205308],[-14.477165044534583,4.278663622996753],[-14.587269721713325,4.314011947622153],[-14.681841746369958,4.3853327833627525],[-14.738321611278723,4.464868020966638],[-14.808221591072503,4.533688823062796],[-14.925799840240142,4.575278631705626],[-15.13991569513055,4.705537716271574],[-15.268258215724165,4.710276906581907],[-15.320239194799921,4.69637325268681],[-15.372823835385192,4.692279486309614],[-15.646752638848614,4.73917174934469],[-15.690797651600935,4.774154546868092],[-15.726547166624151,4.820326349461598],[-15.759389840215166,4.865806800184744],[-15.780339106409995,4.91793226064913],[-15.748309761824125,4.967315713072691],[-15.713545453595371,5.001440669750061],[-15.565795209897354,5.066868037623504],[-15.458936559007414,5.091085369403416],[-15.333659743436696,5.096529738272519],[-15.147972908148557,5.1257374275251735],[-14.970186308607234,5.108952653780232],[-14.916777668683437,5.133156766649752],[-14.83030499597017,5.196531780430112],[-14.798268819422407,5.1784356549923025],[-14.757838329560164,5.127908769111272]]],[[[-16.54322917616048,6.067308899672787],[-16.492262037579202,6.031372918417147],[-16.447885916882665,6.038075256850746],[-16.357567636307138,6.104285464255592],[-16.302400543366492,6.1297044904043325],[-16.242172905413256,6.134785542024572],[-16.183100419540747,6.128473280439207],[-16.12347157783462,6.0897417988320415],[-16.09923493987682,6.021481549316829],[-16.076546073298445,6.001541780891536],[-16.046917775696176,6.08708813325574],[-16.003181121381477,6.115186575080938],[-15.953364672089453,6.131202113515608],[-15.874261789273463,6.131772757942131],[-15.811910211363326,6.095886506579432],[-15.751171613850477,5.981090104311603],[-15.747785867531745,5.87736358776084],[-15.725878454691204,5.840004035272818],[-15.686694236074693,5.81418433534663],[-15.656700404042018,5.776268898022004],[-15.679595637250172,5.733080680670319],[-15.703344913777308,5.711075376893697],[-15.773526103748463,5.687408917599626],[-15.80798143320432,5.693543820150926],[-15.840843729897466,5.719470622921103],[-15.876640939432162,5.727460193272748],[-15.956567588043194,5.712847670178188],[-16.029080669409307,5.684751768096842],[-16.01700948463193,5.64742159264564],[-15.95564408772524,5.634317663157981],[-15.936473842085759,5.6175415767811785],[-15.939242783980394,5.59288180060247],[-15.962786527051225,5.586449654748898],[-16.043107807802954,5.614091862747658],[-16.095891169637945,5.603946508788015],[-16.284344795643825,5.546812104226981],[-16.334913200567417,5.5443661186136834],[-16.365567576538208,5.584348034437851],[-16.369259932293378,5.693671190965174],[-16.39130621392616,5.721251269627221],[-16.526095331081116,5.578966766081776],[-16.567426750504232,5.543429717107853],[-16.62369201850107,5.524128287482068],[-16.6834426482782,5.5253669568445805],[-16.88376127833572,5.4305213498563],[-16.948668248485863,5.437284394966207],[-17.01096136820478,5.433077051634242],[-17.224560642562903,5.330164564305651],[-17.34032004486837,5.297366284368527],[-17.400251313999426,5.29125752828008],[-17.460510284353923,5.2943994548504545],[-17.513507129469996,5.282603644192041],[-17.559322265195902,5.244025839689569],[-17.655036920870618,5.207128267775694],[-17.756892384179856,5.2222811979604],[-17.8435667788591,5.246066831176755],[-17.926425331499363,5.279802232612305],[-17.949372435887135,5.329077607660392],[-17.94890758677756,5.390378917783876],[-17.919691915819353,5.476125817278319],[-17.951279822847823,5.62031101081642],[-17.937320357368996,5.688145818099281],[-17.908012001489546,5.755929248484544],[-17.859386449104377,5.783671171770368],[-17.794319217163302,5.79335156617965],[-17.689576091281214,5.86004838398463],[-17.59491672329513,5.944202932167512],[-17.537048515944978,5.941061441704107],[-17.404095832623344,5.896618021170473],[-17.327558159975215,5.895648220133602],[-17.198433442711835,5.913419382313089],[-17.14318273464434,5.884134329055303],[-17.11802304921066,5.809954555324749],[-17.087703491078855,5.7843659559580285],[-17.048288136168402,5.767811493227755],[-16.94956756719574,5.646250423727539],[-16.864779650988993,5.658923391739908],[-16.78886533052908,5.640585837625948],[-16.66138636938733,5.727104275636003],[-16.56166362327754,5.732095108637533],[-16.536518783429006,5.794011281412938],[-16.599384511965866,5.854007151995575],[-16.67405533110266,5.901180181478874],[-16.713230485878366,5.909414476932126],[-16.755305211563563,5.903395162560749],[-16.793682558330485,5.909233867041607],[-16.960508803340268,6.0143488021129645],[-17.01120421202701,6.07383954707335],[-17.042509006185263,6.145988253918782],[-17.028822894782696,6.201950985998474],[-16.920678557809794,6.2580101362292755],[-16.869630756622634,6.273325730922275],[-16.675470252003258,6.253473831132255],[-16.641541401620465,6.228102004427506],[-16.58452620121995,6.114907988741568],[-16.54322917616048,6.067308899672787]]],[[[-10.193459639227942,15.478511483351662],[-10.383536599923653,15.310599221437256],[-10.441300993077176,15.23046786761838],[-10.491415330178159,15.144573602807872],[-10.565725872242107,15.048381765391925],[-10.651698276589633,14.962805198389345],[-10.694768945834392,14.93682840650793],[-10.80105373385245,14.888661256016357],[-10.862336505846741,14.869239985800643],[-10.978179501796838,14.859584467533752],[-11.32627297905346,14.780943070896534],[-11.44075337118771,14.768996463577723],[-11.554864856934662,14.767487388882639],[-11.771346785911486,14.775775379938969],[-11.816629654391381,14.782685910194068],[-11.903976578004833,14.864420436767459],[-12.002150483476193,14.927888721980805],[-12.088170427610617,14.931867729969325],[-12.175657472733969,14.92123643195196],[-12.806169680379906,14.890994361918931],[-13.026339242310623,14.869283849320494],[-13.245315302634443,14.829815640583941],[-13.364984298696829,14.838352979021336],[-13.483860926671879,14.866955181614303],[-13.573056781887805,14.874829376000468],[-13.663096308060117,14.86738609142933],[-14.075672255181034,14.79784522740485],[-14.179663142772734,14.7979355553172],[-14.389655099673904,14.853339056107302],[-14.511337466842068,14.860694247009969],[-14.630179878191042,14.837777956546484],[-14.740224918999479,14.773884530864104],[-14.781587648943217,14.732555128030684],[-14.894102598869765,14.592822496887036],[-14.957346749801063,14.491685442793488],[-15.004198053460549,14.367347645427712],[-15.044191852440475,14.240467400114817],[-15.065024626627416,14.137032990040051],[-15.06416479696909,14.030098509630555],[-15.042221220358087,13.91068235673049],[-15.00874730447929,13.793091928914317],[-14.97239050436715,13.703790969715449],[-14.82509711131885,13.500100233532457],[-14.795317669800324,13.47164971489383],[-14.638730878121322,13.420031038253867],[-14.54507710389079,13.348417796821359],[-14.453204512487265,13.140894516777244],[-14.388659126738442,13.035935559748946],[-14.327499686986567,13.037616023967175],[-14.259408818911188,13.04851498133098],[-14.140438050537423,13.040576137129275],[-14.02212988508687,13.018463398200174],[-13.908794648243246,13.088852767281988],[-13.84733541825589,13.214641408571495],[-13.784972350436995,13.308821097449963],[-13.633953955690421,13.489401752509147],[-13.547502600487098,13.573523828002383],[-13.491739023070657,13.602174385566967],[-13.43438677896515,13.593369070282836],[-13.385080158618306,13.549688605001215],[-13.327840832481069,13.515780299564529],[-13.212015821708182,13.50135635625213],[-13.095698937692578,13.518774137182627],[-12.972642159517823,13.58044209932684],[-12.92880132157459,13.616833051567644],[-12.89274251030602,13.662287908980087],[-12.788195135214412,13.702197536371372],[-12.538214764461681,13.713191921539545],[-12.408728095224419,13.705904731846115],[-12.178645083283683,13.729500686600746],[-12.182404936274535,13.761235501463636],[-12.227472927155203,13.793157901884761],[-12.239561762494148,13.819746083397419],[-12.197002865761043,13.838972291068663],[-12.049226893372264,13.884339177308961],[-11.898293170187374,13.918367792928088],[-11.787778635060256,13.90271917444111],[-11.688455617831256,13.851737587392295],[-11.64978107495947,13.79657539181388],[-11.631861824151068,13.729116853170131],[-11.666949192976414,13.551076629601145],[-11.684659934170513,13.509432784348034],[-11.762756983234398,13.485161855668494],[-11.837099617993761,13.505648305493605],[-11.91180209918662,13.593974558373697],[-12.015850923286619,13.62320004333493],[-12.16218664375079,13.589671298807176],[-12.212099428337652,13.561450245301913],[-12.256641230791187,13.52307507860837],[-12.337878693090229,13.424925368126356],[-12.404957417391168,13.315024188052437],[-12.550970774340662,13.14201723105438],[-12.720668711979334,12.989625648711987],[-12.803057975700533,12.930453525405147],[-12.895349681873185,12.888946854651675],[-13.192221525440157,12.779428194020294],[-13.26935246631054,12.704443170559532],[-13.328422756006507,12.60882140701291],[-13.395418960579914,12.574078159296898],[-13.473408444468523,12.560403185081716],[-13.532494236720662,12.57507681400641],[-13.652608932350528,12.62182898416927],[-13.690847024228125,12.576898121318065],[-13.696003065099074,12.51086312039673],[-13.636888131729236,12.490247842633407],[-13.540984067139501,12.422041651561086],[-13.465741095508488,12.32275178120934],[-13.418450718332965,12.302861664783116],[-13.31378110178362,12.27434520542417],[-13.269385089272767,12.244427935996113],[-13.189011149690414,12.160068834227276],[-13.060905886987003,11.960938427733284],[-13.016317414829956,11.851995167333703],[-12.945691806945785,11.764636540717264],[-12.733470649410135,11.620323668347417],[-12.720846673196926,11.577417654421245],[-12.732495478596546,11.526267028305288],[-12.715317148889287,11.480884360898337],[-12.638679557886292,11.39581583026919],[-12.619574546763612,11.339637891906941],[-12.699296250454795,11.263625814188178],[-12.7011674081365,11.15851932172045],[-12.74752615819243,11.015077515437907],[-12.75759301538893,10.966913693617641],[-12.754927551997307,10.92390843325889],[-12.718869137093158,10.885298507218085],[-12.67719039143182,10.855338412947686],[-12.620726707930418,10.84112859052801],[-12.570985396450927,10.81562506300164],[-12.473887988935456,10.709774209875738],[-12.423923375788926,10.683009309885271],[-12.391663625673933,10.644261023225024],[-12.393318737582206,10.584296410816618],[-12.349424345516688,10.551217661946986],[-12.308216012222127,10.490489453709772],[-12.24733954984131,10.478030776844877],[-12.21951026640753,10.497240329907893],[-12.200854062917832,10.524921476612302],[-12.151092529052487,10.517009098211673],[-12.120697124143716,10.474791332725864],[-12.102329047769798,10.419607834964557],[-12.095278454434853,10.358175110162279],[-12.09463305981348,10.240978994121486],[-12.118498404248163,10.19792497420788],[-12.17297507890771,10.197495054721438],[-12.271638715285059,10.241263694878814],[-12.275369803399958,10.206273740029985],[-12.267852914884196,10.172841041710967],[-12.317103981444108,10.159411745338948],[-12.374068374002242,10.16150536960132],[-12.516554424030208,10.150366858411443],[-12.777321603398072,10.065316242857168],[-12.868426333408758,10.017983176598582],[-12.925862719059532,9.936856294904354],[-12.928460215976536,9.882577954440919],[-12.902017357076264,9.76956443252878],[-12.935759691810636,9.72794464286597],[-13.055582260899888,9.706877748393751],[-13.224288577558957,9.72929961705068],[-13.326845375390837,9.754727306449121],[-13.384257469666855,9.777484616749135],[-13.460399393490091,9.850614489750635],[-13.491021326484061,9.947480030635589],[-13.445357288841468,10.242326660731722],[-13.431014291097851,10.280575381963848],[-13.405476719099878,10.315251872241658],[-13.379039481562733,10.369681008271671],[-13.374313288104322,10.432310277119376],[-13.456702607336362,10.504516000135595],[-13.578472831256313,10.528437152620057],[-13.682845369418636,10.586756303494406],[-14.08927459934393,10.9222798257632],[-14.112590447241836,10.955490709524572],[-14.115121410950081,11.014308523415883],[-14.10072280726133,11.070154458200042],[-13.975690486529203,11.270813254513705],[-13.96035445423937,11.308785583667738],[-13.948469469993658,11.462609285330077],[-13.955257492186409,11.588340523759108],[-13.973092451740367,11.713548623293637],[-14.036905069037537,11.789679336502921],[-14.147875034738663,11.80822713487337],[-14.261922123883114,11.80639636588198],[-14.372279175151206,11.7754766666734],[-14.479855816530831,11.70654085813502],[-14.67794268168233,11.562551599641607],[-14.755806736010939,11.48063861185281],[-14.75989748684824,11.379278036014464],[-14.710963299843035,11.282680689289235],[-14.64875370639952,11.195435557469043],[-14.614166296449417,11.09819648071495],[-14.559924319139592,10.749386820524224],[-14.560198256620897,10.709658444504607],[-14.608940225798017,10.604636498130535],[-14.622288812901814,10.374963728484571],[-14.590165686538507,10.05320057923737],[-14.548462518271586,9.85663443722502],[-14.559927448097394,9.747943877649613],[-14.646150807695335,9.510971486316382],[-14.67023220025693,9.38207427363786],[-14.670540267259591,9.329413958565532],[-14.551508088874876,9.09297815055054],[-14.522685648640707,8.998428713010252],[-14.505512268079205,8.899735185897711],[-14.624783352562579,8.941876461763098],[-14.679297942703577,8.936324001175658],[-14.733837918443479,8.918226169458759],[-14.855678762408713,8.895436381638548],[-14.979737144067267,8.886245436043112],[-15.022523797706588,8.865371214312962],[-15.10828533151692,8.79569511028483],[-15.160697355043748,8.766505164172573],[-15.207138374370782,8.758783968150984],[-15.368252921445874,8.830709335662359],[-15.464858956863006,8.913313060443084],[-15.55440875196126,9.003724166338499],[-15.5741569073313,9.111836643138195],[-15.548377102799202,9.225487859275933],[-15.51025086368469,9.347512616940195],[-15.432335286875619,9.551106937229417],[-15.44101337275179,9.684079980907814],[-15.415703899779563,9.794905326990634],[-15.370672810453337,9.903532590530958],[-15.35648169331748,10.002363124192804],[-15.357337704262093,10.384882392230539],[-15.370551067079045,10.41809149578645],[-15.494726513554275,10.638105853285508],[-15.509409911051963,10.675320532259468],[-15.512120834196324,10.736391653247546],[-15.501350316503466,10.79543040779577],[-15.500471570560215,10.848150325634984],[-15.528587603405336,10.886875941066469],[-15.577058622073475,10.92099789002017],[-15.634875253571389,10.933809152226479],[-15.755593035840056,10.910945915235262],[-15.99727296113004,10.835893213454016],[-16.07091205924116,10.885448177026863],[-16.12764513020261,10.965186331920323],[-16.165907456123517,11.078529702904323],[-16.189856628088556,11.198206897344187],[-16.18404902000569,11.312192535334336],[-16.151393831800362,11.423847190324759],[-16.18270759972447,11.498778637586943],[-16.230122396831764,11.579537688999444],[-16.23178253740523,11.622423437380151],[-16.20736631499045,11.66145940713935],[-16.16421891889317,11.695355118943676],[-16.110875600196096,11.71674251516569],[-16.061448741338353,11.752778250238498],[-15.931398374057903,11.872045534023535],[-15.89120400047949,11.97249711246068],[-15.891705913507243,12.093282744275227],[-15.860909650090205,12.210503825374584],[-15.795490075751387,12.320425489592424],[-15.717352506253432,12.423345086000417],[-15.693692838889833,12.526247404211075],[-15.7375268594049,12.68496061473348],[-15.72357705694017,12.759009023468723],[-15.739399754536969,12.844221374665322],[-15.742814112750859,12.929027341512306],[-15.696561779195799,13.091435071871796],[-15.555328136230846,13.425329899466991],[-15.414053138083657,13.605773955408955],[-15.357307232046955,13.654330467905101],[-15.2803687122932,13.577837603523092],[-15.2208538187026,13.486142496859904],[-15.221790123694474,13.571878386963526],[-15.23884803926347,13.655048620598178],[-15.300956056837823,13.847769742590371],[-15.358109557488177,14.226080157838068],[-15.344834121562695,14.262848834905824],[-15.294092701440064,14.259680200142533],[-15.243001570572929,14.29584897142937],[-15.21677432800115,14.357082884528896],[-15.273180560499288,14.495589359106992],[-15.276499125827437,14.545220834581622],[-15.175931723928677,14.748652235062226],[-15.09236750018533,14.824949121666377],[-15.055980968883581,14.871267070289484],[-15.036612810993306,14.993045550001872],[-14.99317074548793,15.04081357517506],[-14.937694071164891,15.076125251367099],[-14.865674865917638,15.163017897702419],[-14.82744699663609,15.269778686702205],[-14.803226550143998,15.278923509469067],[-14.774645126877106,15.284113202290905],[-14.729231783800238,15.1947286330587],[-14.679130142626919,15.15987506466373],[-14.578015097964272,15.134801300411484],[-14.492512170764972,15.174112440158652],[-14.469225943329187,15.22115133697836],[-14.43733135052556,15.26212274501889],[-14.38569950791657,15.305671887441264],[-14.342444683202162,15.354508521948565],[-14.295121464958836,15.465299032992801],[-14.231965781180106,15.567106671233349],[-14.188193364095591,15.603586537764652],[-14.135052215559611,15.627791645980503],[-14.075927507567886,15.643768433988093],[-14.01870604523238,15.648090857142208],[-13.890998222548165,15.591584676284269],[-13.817346701111399,15.582711234439124],[-13.742235853405587,15.590521585609832],[-13.69463198950003,15.582159660663303],[-13.658261163889469,15.555872497635743],[-13.624757807748765,15.501113496937613],[-13.583515936869647,15.454411329744966],[-13.54571777884116,15.432124740051536],[-13.504363863349791,15.422718891786342],[-13.22833369991741,15.454124941635033],[-12.986158426956445,15.409484451875757],[-12.656589277022187,15.41048816378936],[-12.543137643375813,15.382992582473397],[-12.434161566282365,15.345443672766736],[-12.300382567390416,15.276574301486617],[-12.251578055840207,15.262082568527093],[-12.197242202297458,15.268315221970907],[-12.130267645889793,15.340606284827517],[-12.07752280272559,15.35788470718939],[-12.023644336952941,15.362662504591835],[-11.81105797906593,15.357670705636473],[-11.239159380177599,15.29300785482843],[-11.1548383654522,15.307718796179602],[-10.812130831828021,15.483496078755214],[-10.675804604141053,15.643156198232019],[-10.552729561357285,15.690439608575485],[-10.511473494745355,15.761775005233648],[-10.487316704464368,15.846560621867946],[-10.443726237138307,15.870538549914833],[-10.340432789256917,15.897889298940209],[-10.299404720406793,15.924070592954665],[-10.226925510900044,16.029328875634867],[-10.14074969022715,16.123257311223224],[-10.098529657896979,16.15194727527477],[-9.975984931327531,16.141251032571958],[-9.92142275575771,16.103091281767604],[-9.850945960114894,15.971200920761024],[-9.862940530545796,15.94845117561361],[-9.94361828156711,15.879199706699142],[-9.966951375494308,15.850465154968939],[-10.05521645744653,15.658882633037107],[-10.115912274953692,15.564103831417148],[-10.193459639227942,15.478511483351662]]],[],[[[-19.855520680533225,16.95425213919829],[-19.8034228908173,16.932289826685174],[-19.729870277201478,16.95084708924604],[-19.6602024165161,16.97942934734201],[-19.622465149621025,17.07103158187903],[-19.6169354297932,17.114219605224083],[-19.626583166165766,17.147426804968227],[-19.603291962916327,17.27602385470473],[-19.597805585634223,17.29468517369899],[-19.552451457706645,17.37727392860512],[-19.548301606804348,17.43122337897221],[-19.575300578688353,17.554357058414364],[-19.55960628555998,17.649526818633536],[-19.553321141782575,17.844806532290995],[-19.525980585409727,17.88120297972766],[-19.49517935333257,17.983702294830557],[-19.44458729365998,18.091589277679873],[-19.341570009747322,18.15486630296116],[-19.28765009025333,18.23302639343636],[-19.263851576006406,18.248290682245905],[-19.228514560458667,18.250887944095464],[-19.10328793226601,18.203203330012148],[-18.990943692467084,18.27034565572488],[-18.88947984575893,18.282938123737225],[-18.805578073801808,18.279244583841162],[-18.75823746270128,18.256993412151584],[-18.711404832079328,18.241521155239575],[-18.611646627722802,18.305993602346845],[-18.57331312524789,18.297774916548427],[-18.537377853388026,18.27952912171646],[-18.487870958151174,18.282861076573173],[-18.428858128809452,18.301008125870233],[-18.283365887721253,18.294852613360195],[-18.02670973996742,18.305610804445354],[-17.849842468522432,18.279367611591784],[-17.676288471479037,18.188166938823624],[-17.589850034624998,18.172410769201747],[-17.552764804949614,18.173590871067503],[-17.56093003784696,18.165350454218093],[-17.629513845013946,18.13456217550961],[-17.661379244977063,18.07887373195296],[-17.567026501026593,18.00104328251567],[-17.56011697591107,17.946311962553306],[-17.486869389774153,17.9010920491686],[-17.397349950101326,17.82903380614941],[-17.393696019638682,17.80423391881765],[-17.363241653193143,17.77145537237389],[-17.34776647099244,17.730098418819075],[-17.41026353547263,17.68486820854567],[-17.49472146083197,17.672432808501842],[-17.5574163774429,17.708796481752373],[-17.61537755354803,17.754991565471077],[-17.62973701580009,17.692996573949753],[-17.6740022291242,17.65562063573547],[-17.83638032772924,17.657202764601262],[-17.952530739368253,17.6506612734036],[-18.06788026405021,17.62901158956902],[-18.00999809812807,17.622665820875287],[-17.957407564891934,17.6059537056972],[-17.776676579202874,17.45908156501077],[-17.737915953591422,17.40315434016114],[-17.799725664174087,17.284363274873044],[-17.768815839562333,17.23879238299082],[-17.699053966928595,17.21544816271233],[-17.613906891073942,17.162522152016354],[-17.553576059026163,17.159953251901285],[-17.509886624809116,17.129895434600275],[-17.507635067150133,17.07356926628447],[-17.481711027559133,17.02363118532524],[-17.55019417509563,16.999519895668694],[-17.482080682305927,16.989527395530917],[-17.421452527888288,16.966509622965525],[-17.45427100933995,16.938133134765597],[-17.479616969355092,16.90448518389386],[-17.45155029839779,16.888538191561832],[-17.36844016388599,16.86317744281682],[-17.331978056726243,16.83773313308961],[-17.312309118975435,16.76477409696436],[-17.230271622580524,16.648125924128507],[-17.080266981113034,16.499837662427552],[-17.047229493415028,16.444605914481997],[-17.046917062772152,16.392136803791377],[-17.07107054059363,16.34575205613773],[-17.15491633119335,16.288381409428418],[-17.22175009992383,16.21518899687259],[-17.229627066302864,16.18959718540146],[-17.32088577477424,16.15239903600184],[-17.27865087951241,16.130955336392486],[-17.244886527677075,16.100698510123394],[-17.179931156075035,16.00713252201817],[-17.0260451658549,15.857746284891721],[-16.948860502103283,15.803047438425313],[-16.631316660076948,15.605719672925973],[-16.462823387839325,15.521280924033498],[-16.24619873214085,15.3188048201694],[-16.13458357278958,15.27517429194607],[-16.112182757076354,15.216729720483812],[-16.20321569918295,15.120587235371778],[-16.337276348131,15.067788602626436],[-16.559210545733716,15.03130611273539],[-16.782622741947034,15.051477559734298],[-16.898279866907437,15.071401789194859],[-16.999556919627135,15.118490441818176],[-17.080358918071145,15.219712884463531],[-17.185770616810284,15.271049834330105],[-17.14446758481978,15.209284654472318],[-17.118035729589494,15.145269270539528],[-17.129879936203984,15.07324642850696],[-17.170028995101465,15.01506205356872],[-17.239645894767232,14.970133968190451],[-17.314445116299215,14.932583957438837],[-17.345775315581406,14.907372104817322],[-17.52991527984201,14.5223838086583],[-17.55893037949145,14.419244374622174],[-17.60819151732618,13.994541455869626],[-17.606408839290424,13.875325969608241],[-17.51563073799184,13.65716403929271],[-17.504995206668234,13.540539310090244],[-17.48687244765551,13.490919646557133],[-17.497134036730678,13.448230553580263],[-17.53705348919454,13.420830188097208],[-17.69918755529429,13.34264819978112],[-17.81354929912678,13.278891352336712],[-17.90519931366733,13.192317573730115],[-17.978403073901315,13.086928221230519],[-18.043058316508596,13.009927028821407],[-18.130818711774708,12.969473611084892],[-18.19509608002012,12.970688906302955],[-18.24800561714503,13.000950576717127],[-18.286030669114897,13.063423149905013],[-18.308487141694936,13.133033824509114],[-18.320678349638044,13.079789250333349],[-18.316783692015555,13.028777761357835],[-18.28493805929148,12.975896387543465],[-18.27172199357898,12.918784633234964],[-18.28755847784678,12.85858847659031],[-18.324173827645982,12.809052675221208],[-18.425616402125712,12.751080155615218],[-18.48108064415125,12.703325359935222],[-18.48817286137011,12.625572450499275],[-18.514237070631935,12.580037478633926],[-18.552594292607434,12.543612568046218],[-18.694954427472805,12.456512253149825],[-18.726281982194838,12.423347390055065],[-18.749013736370344,12.38223673064293],[-18.672096153895666,12.393381205854814],[-18.601391041780733,12.391879583776516],[-18.593824439616863,12.314843871947451],[-18.569890824350455,12.2587163315857],[-18.594176561281525,12.130524715362707],[-18.70012674237721,12.038079321951292],[-18.645348395345085,12.023711880460786],[-18.59538335986533,11.999071416180715],[-18.485713012668494,11.985506065992396],[-18.44587953669824,11.898195454483819],[-18.458454862448104,11.788468608900581],[-18.475016826906394,11.68962263809408],[-18.552305817040143,11.657318404929576],[-18.60156993294508,11.67215959670282],[-18.649789794231072,11.667231836604152],[-18.68420875240759,11.635236930629059],[-18.691999363747307,11.584210694029458],[-18.62521653624222,11.613485388150101],[-18.624742038089384,11.487084418986395],[-18.638798928510585,11.362513800650985],[-18.658773749968613,11.292947897086233],[-18.69820309020297,11.234617882728857],[-18.760010024021486,11.21258053101592],[-18.82033060525485,11.250162529594482],[-18.830702203453594,11.201059466157671],[-18.811281933952447,11.161560651837002],[-18.723675313497104,11.068083233906364],[-18.774483847212004,11.042816304602425],[-18.81083640967356,11.006409580105403],[-18.825944767484653,10.955964428109288],[-18.91322422553008,10.836670108790466],[-18.950466654608437,10.750759487190386],[-18.96418170084124,10.660565012040747],[-19.00423221438274,10.587084401534481],[-19.68094911280062,10.23080118834035],[-19.855520680533225,10.134526761910646],[-19.855520680533225,16.95425213919829]]],[[[-7.330255029525658,15.418378383189252],[-7.25691685008812,15.39896266908446],[-7.180723532257553,15.406609538963307],[-7.143154274255333,15.449928904826919],[-7.133014930871007,15.505180501359385],[-7.095251458776108,15.608462392000435],[-7.007055902343967,15.67975862353505],[-6.944932209522503,15.69196885327225],[-6.901031490902588,15.722110399065098],[-6.909190695602379,15.797875819937866],[-6.905324684204524,15.872570457325585],[-6.8402504051350554,15.953588748089057],[-6.637592448792901,16.068533357052903],[-6.521720818290737,16.11037035786094],[-6.371419894890352,16.126001434843378],[-6.354255675787481,16.08393584534246],[-6.371160445057732,16.02302118478334],[-6.341607959023246,15.932303598792622],[-6.35455180978742,15.684773574836974],[-6.388498447707403,15.649026070094767],[-6.543382215261121,15.560263692339525],[-6.712795278787944,15.488215638853243],[-6.76013046100113,15.458397713847956],[-6.801581254758273,15.389248844944516],[-6.797668498109491,15.321655169143927],[-6.658713821431724,15.234319655177202],[-6.443262324573341,15.15428850622321],[-6.398618444681631,15.115521802177238],[-6.369430590858855,15.04969322292813],[-6.3610371874248886,14.975458035169595],[-6.308751301095774,14.941171840422516],[-6.235938575757467,14.925618643758709],[-6.187492003404418,14.89132114678374],[-6.150551432755828,14.842400515162602],[-6.513147522672355,14.95090002636496],[-6.608141083365948,15.00001453863369],[-6.722670299231196,15.00364726504],[-6.835791901964957,15.01671261811057],[-6.951488325430414,15.058561772930322],[-7.075384140616305,15.06622954577535],[-7.134234957636134,15.032697666694002],[-7.156946367047828,14.969457726370651],[-7.17044120762025,14.898676270689029],[-7.142296348989794,14.811550711056322],[-7.144314286331021,14.758303461681168],[-7.166898682183904,14.661351125615068],[-7.074995865897624,14.378889101671245],[-6.960658598326184,14.154843604685988],[-6.793467247117412,13.922619658069395],[-6.711198221723775,13.843293866876676],[-6.619087973314398,13.772098489391881],[-6.767477682036878,13.790516296105709],[-6.813198655809388,13.868434231650019],[-7.0020059276106785,13.942364591995378],[-7.038198240803505,13.988226679976094],[-7.162881347805238,14.20921509030958],[-7.19912494572135,14.250137372804199],[-7.313001051580153,14.32348026310002],[-7.363032105427378,14.378228522574421],[-7.380623695620939,14.453347946339804],[-7.368665178251192,14.532928027408163],[-7.375729207636269,14.642418712138227],[-7.372546955031506,14.751480336711824],[-7.350272198251333,14.884676699615907],[-7.390963366449413,14.930125399698689],[-7.444119150706273,14.972838516083797],[-7.506203426021077,15.07305422412699],[-7.525519378756421,15.188047399953717],[-7.52132277760902,15.254560350441157],[-7.496407883825572,15.314018744983471],[-7.462865512354194,15.365718363969613],[-7.455862236523311,15.41551332683044],[-7.544626213661119,15.485422504698386],[-7.638681931980932,15.688267912879938],[-7.64769362296592,15.794285545196493],[-7.531383752358447,16.001350932626025],[-7.53447477074236,16.100318024474497],[-7.511417157466602,16.15968932304884],[-7.498903370767382,16.222343868181888],[-7.438179841201916,16.35947435907342],[-7.3383095296091065,16.47738794604873],[-7.169300578800068,16.642757089487077],[-7.104576924118555,16.67939774390328],[-7.0319076636567415,16.703896260762548],[-7.025314389464911,16.664494593345456],[-7.036762188045987,16.629160241717138],[-7.161469276268877,16.46202581047959],[-7.178007243963472,16.424494390897365],[-7.18097542601532,16.355144722641853],[-7.120591597717601,16.315553054069788],[-7.055141294056702,16.23339822817803],[-7.041604223863412,16.122336810519556],[-7.038731514902039,16.003703673897434],[-7.052265710717563,15.883693789255206],[-7.076225386240383,15.843222872106718],[-7.178574669229759,15.720670000229273],[-7.411861960608394,15.573925137415888],[-7.431581277851382,15.538631488145356],[-7.429921183673054,15.499658610145918],[-7.386197897917915,15.453592171200007],[-7.330255029525658,15.418378383189252]]],[[[-5.265703648140632,11.898320075008238],[-5.0342805297712685,11.795226664297198],[-4.914728319868523,11.781532593907947],[-4.714038441861573,11.798927508237663],[-4.638218959931063,11.789684157899746],[-4.445636115673947,11.655757331576543],[-4.389013350553248,11.562513576424832],[-4.372165795060082,11.481481024568732],[-4.342036665158929,11.404790846350219],[-4.294783427343193,11.386295363240194],[-4.23921242059746,11.379942805741168],[-4.165944912368765,11.269939100374424],[-4.15125727952467,11.234249765291947],[-4.203870290195066,10.954433523439624],[-4.429903625674808,11.05668417705918],[-4.648702678751891,11.173157196261961],[-4.742667706582516,11.216127360692973],[-4.994365353134395,11.313241786151682],[-5.03317170045201,11.347318110247656],[-5.0617167004093835,11.392651497537136],[-5.17157587151983,11.453158626557867],[-5.389652740653433,11.45872361957461],[-5.471457324727929,11.455534702473908],[-5.504730797560417,11.445509268645159],[-5.495659422195023,11.412061617793762],[-5.493647185162956,11.343699578502035],[-5.54754917569734,11.323685703016778],[-5.683151008887675,11.36418170634963],[-5.804262837036341,11.377242060110348],[-5.909440601594254,11.417211013339124],[-6.050110593798775,11.43667185987393],[-6.065820041835546,11.45755400651348],[-6.054155609796571,11.489347669816302],[-6.060766065372634,11.51885043812524],[-6.0933899127874005,11.529605460115425],[-6.156345499534349,11.522744252253666],[-6.216852666950574,11.491674635604669],[-6.267026828329768,11.456742684178957],[-6.340323437592078,11.361851666504009],[-6.3779237588847115,11.325262568304336],[-6.500275646385171,11.307186341145863],[-6.5511492076887174,11.315008264260218],[-6.59819731590145,11.337038053491586],[-6.739894394710552,11.50398549816737],[-6.787427669050377,11.539601279621742],[-6.840257801610224,11.568352245213696],[-6.889159898282512,11.580991240456326],[-6.938806735833038,11.5539144038936],[-6.964509577782082,11.500413308701802],[-6.97549531890263,11.437308931462516],[-6.988890168994511,11.400860482496881],[-7.0476332029748034,11.298593192181384],[-7.096455021395574,11.237407376526418],[-7.114673539170437,11.246431940346943],[-7.09050899139208,11.343222648993581],[-7.0911652917572265,11.397442403882906],[-7.122763919816844,11.453994013141203],[-7.142837481392699,11.511959567544674],[-6.910664585992889,11.796507161516502],[-6.826162177946691,11.865059770078169],[-6.454230468957501,11.896724684377707],[-6.232777751276213,11.887667987766493],[-6.112311411367325,11.897089406603842],[-6.031942843794702,11.919222714955028],[-5.96504407547025,11.910990022675884],[-5.94779267697101,11.856517773953563],[-5.905237486042917,11.816838331696555],[-5.847011002706066,11.821447776323653],[-5.742002160226995,11.86660927599154],[-5.6509245857132235,11.934787299839202],[-5.594798303999539,11.9647163065976],[-5.537832820851493,11.970647623709718],[-5.478812771014001,11.967346640098965],[-5.420958198444143,11.95314596702904],[-5.265703648140632,11.898320075008238]]],[[[-8.162904042565298,11.614475432525273],[-7.997196093592742,11.543396699237618],[-7.958994416931115,11.49499218390339],[-7.928570000835575,11.437060443739009],[-7.8957187376562565,11.405644807998714],[-7.8565078056386,11.380281874815035],[-7.791798575031964,11.330671042595492],[-7.77369573608716,11.253365567754148],[-7.78589820418099,11.095618008370556],[-7.860114896425341,11.07966533637453],[-7.929878960914579,11.054698772661094],[-8.072536078999445,10.959463700950634],[-8.143223475573405,10.939527771440122],[-8.218884627868565,10.931210794598735],[-8.27227197321283,10.90575866343801],[-8.32608952110009,10.894447286402968],[-8.466555618341701,10.94077323855979],[-8.60308797570774,10.995990527626846],[-8.80141469871741,11.092433599267912],[-8.838080471983986,11.116359923367643],[-8.870690506102692,11.170434344093744],[-8.962568515388543,11.26648012968134],[-8.986245236532257,11.329059894504391],[-8.996905327582722,11.5088584524067],[-8.973969270219573,11.550761342817614],[-8.936141404870684,11.573968042600052],[-8.804016707217775,11.536681641418125],[-8.718067862706611,11.582978820779195],[-8.469629474913718,11.627427462959051],[-8.216078861804597,11.63112888853577],[-8.162904042565298,11.614475432525273]]],[[[-9.954879901075218,5.803627645269966],[-9.959155339034215,5.715141361085064],[-9.93701321897879,5.6943535322457],[-9.900802258255688,5.685080106117083],[-9.777499977241945,5.749809295625733],[-9.753482153605976,5.739444003049072],[-9.728396452321146,5.713531478591707],[-9.725489330578359,5.633954630691746],[-9.771537848095965,5.565762385768137],[-9.8923857003491,5.555826651578706],[-9.9088854344568,5.536455641634989],[-9.909099784751671,5.495853165969883],[-9.898305933383378,5.4570549397185655],[-9.86903106953965,5.426759258240814],[-9.831197136280199,5.3728737277738565],[-9.7929733401147,5.24533387856159],[-9.860251473292461,5.189560760352726],[-9.89119472481883,5.088711562831268],[-10.007188428295695,4.990401083010317],[-10.132876220451012,4.831713083610049],[-10.23468009720211,4.749037505056187],[-10.323245262287736,4.652593690441581],[-10.400099955162828,4.587091661704853],[-10.498136991915324,4.5616946664211415],[-10.64544310457267,4.541714423070966],[-10.842005261669186,4.421823471654453],[-10.951279145799822,4.368277243656278],[-11.059199053354316,4.359642881233492],[-11.161597186418721,4.390884546369274],[-11.201741580419364,4.429619429004996],[-11.194816913043136,4.484773834521615],[-11.163178993991025,4.533313687407107],[-11.123642182813926,4.573951295779889],[-11.099835051556944,4.625016183979623],[-11.216951817473763,4.682668304399735],[-11.228776147074532,4.7302068083157325],[-11.188134032340892,4.8601603362091454],[-11.163661491161072,4.993386890676362],[-11.124305855269874,5.085125838365563],[-10.965896595689431,5.253137682758418],[-10.870156879671383,5.337129702278504],[-10.813115761945118,5.370829517808925],[-10.796077229918145,5.338032382147083],[-10.757573199193342,5.2990144563269865],[-10.732383932589642,5.293444106436518],[-10.713999795985481,5.30347801251327],[-10.568299066996088,5.295945552254363],[-10.532416470802385,5.311578943394203],[-10.479239310303624,5.377314578695206],[-10.443783837047416,5.414142415812805],[-10.421498292700687,5.490329779064839],[-10.417084126198622,5.538401104863472],[-10.289324860163367,5.578551054316156],[-10.221323520017787,5.619794506911697],[-10.161805922642687,5.676736027896757],[-9.98608004413527,5.776595521132759],[-9.954879901075218,5.803627645269966]]],[[[-0.2525881856037573,9.184533467801899],[-0.26045997277786453,9.14681581712982],[-0.26109719459301806,9.077204423904437],[-0.24448973550367056,9.012751131925743],[-0.28712237040903216,8.94717373335391],[-0.24721248502025878,8.848979341990013],[-0.24124056997229038,8.80014230552813],[-0.24343699671663357,8.731020285404394],[-0.25480847258892647,8.699932744463723],[-0.28492509255997317,8.609045743366824],[-0.31507437872384336,8.576678525944176],[-0.33774556202665973,8.567657427404948],[-0.3611764764113154,8.540168938257136],[-0.5570393982552373,8.569674499004002],[-0.6418247025956325,8.63251755520545],[-0.7173965439163821,8.700606146196865],[-0.7334190463330145,8.72905625422246],[-0.8223909850255003,8.808430859141913],[-0.8429016325839838,8.835225333508367],[-0.8447468738236329,8.87765536173635],[-0.772977340326,8.88867443447628],[-0.6963121166525299,8.887645317269218],[-0.6996920645850916,8.925859890474669],[-0.6555892654257837,9.060668080321783],[-0.772409840056736,9.146964112345355],[-0.7932442639254635,9.18327720132071],[-0.7514691198869691,9.208123055219819],[-0.6575359000488468,9.178110998207618],[-0.5429034026819839,9.330214368921531],[-0.5090059596957837,9.361956753717825],[-0.4930156502603415,9.446595346044152],[-0.4287416401438128,9.457578580985741],[-0.3830773466293428,9.446680774204133],[-0.3534745475766913,9.394166043528676],[-0.34173161419685627,9.348390078225869],[-0.35398445969277303,9.307250692766676],[-0.29877516365352347,9.286134843943723],[-0.2525881856037573,9.184533467801899]]],[[[-0.46152506380609526,8.464609373117181],[-0.4777844278027903,8.395573119074077],[-0.4937345919817605,8.318382324778009],[-0.5850296178422149,8.231625954166809],[-0.6411027517765516,8.09891627281763],[-0.6740922949669382,8.065584127202214],[-0.7961434652734624,8.006299121042758],[-0.9049779851584515,8.07953882860837],[-0.9366329721887976,8.142661285293721],[-0.8896956028559939,8.434788238673999],[-0.8426797947994367,8.425277829468177],[-0.8122307249109016,8.427479778599624],[-0.8024450981993119,8.446651798945181],[-0.8722848301437472,8.479062129319622],[-0.8860067097537014,8.646630779127914],[-0.882744730884841,8.709855705358002],[-0.8295157773172092,8.72427604958101],[-0.7634977143115784,8.675421036869364],[-0.6800030143679293,8.587751199428565],[-0.5829488986030553,8.518814252418155],[-0.46152506380609526,8.464609373117181]]],[[[3.5039817564471725,6.640840643232117],[3.265809321385194,6.514393261884169],[2.955524575056991,6.541186816306186],[2.8456473296818534,6.544681276719883],[2.6629277479950386,6.515126607485922],[2.626180187330897,6.540739884136846],[2.6616221371830604,6.6625075126810085],[2.810428339704388,6.985933111292072],[2.9865469742652273,7.269968201994846],[3.0609873726386625,7.343251421380488],[3.1644140967072514,7.411721883165899],[3.2743411773294886,7.466228183351995],[3.5215874491326744,7.52083753020389],[3.7459420414905016,7.5069772626801505],[3.7775961552269512,7.482691450955935],[3.873325521596099,7.385860347640201],[3.935200090772722,7.3097665450746],[3.9602372607175287,7.202975447191578],[3.862784738514015,7.021314054583395],[3.7546631249103952,6.848644087739469],[3.5804566202978587,6.713968653605417],[3.5039817564471725,6.640840643232117]]],[[[5.998696033580763,12.131561101880836],[5.99865648206839,12.127879578941885],[5.997952372536819,12.062629281406231],[5.9967573349613765,11.944258315394896],[5.994664926446659,11.747523263320968],[5.9925150637454685,11.550517503304983],[5.990310807496197,11.353337581179533],[5.98805116669716,11.155985288069473],[5.985736363036161,10.958560583477361],[5.983268016349027,10.76087596299521],[5.980940488109964,10.563024959374285],[5.978361650994496,10.365017904878552],[5.975825839348468,10.166945798267175],[5.973234546890874,9.968624458400352],[5.970588039067817,9.77015123240705],[5.967885325550689,9.571527998372563],[5.96503209473396,9.372857537050884],[5.962220128861248,9.173944792000276],[5.959353047206142,8.974892533404994],[5.956429860249038,8.775702680801867],[5.953454060755189,8.576473198465376],[5.952125867238611,8.491418993859972],[5.919687045079444,8.387975446106248],[5.848158721442028,8.233211915893069],[5.8339282811792135,8.107296143992794],[5.889239966659029,8.007776347553683],[5.943513638939832,7.942313502676897],[5.940800456047255,7.777984650341697],[5.937548191683112,7.57803012430508],[5.934240957559359,7.377958372075119],[5.930877763812017,7.177771381513134],[5.927462353803188,6.9775706014654295],[5.923893277915641,6.777166264675749],[5.920366436800679,6.576655242554777],[5.916783729624485,6.376041845825419],[5.913148947219382,6.175424795166412],[5.909457555038483,5.974615599789538],[5.905614591629036,5.7737153345982],[5.905556010383277,5.760680430602387],[5.855289497481056,5.795202822473851],[5.720992871097798,5.908433301876853],[5.599781406157161,6.036684667151978],[5.5223215096200375,6.155454557530613],[5.4338820885684385,6.263984750014279],[5.0550046425677815,6.587634495578871],[4.958822171763234,6.693201232656585],[4.939810664841235,6.72217806338226],[4.949403210692093,6.748757227601099],[4.99463446650856,6.802448965764979],[5.0759016774437065,6.958772597524527],[4.99196438395669,6.862860601982584],[4.892689971404054,6.78751779286955],[4.749992399925007,6.78516436590331],[4.609616447660816,6.769017556163374],[4.47931790602465,6.724694662960925],[4.3474221447293875,6.710946159881563],[4.281832008990001,6.7349912445132745],[4.242907806211231,6.793696212575279],[4.223053071029575,6.853508425736032],[4.21446534145427,6.916871552425908],[4.157804667494443,6.815623854180888],[4.048324783715888,6.761500538428305],[3.8985603069298036,6.646058216701894],[3.8563751499390335,6.6709733790593315],[3.831260131536233,6.71621738142431],[3.8232855029699153,6.762827345640591],[3.8525143652710785,6.812036542388113],[3.8733619846300638,6.8644463610649415],[3.9050466430059805,6.990172408450067],[3.972458743997612,7.06346243216814],[4.016496529320746,7.206702760595057],[4.0448204275410085,7.257581850497022],[4.059674231443301,7.308572046944954],[4.021578154025883,7.367125337707014],[3.956361912722355,7.387943058583687],[3.9119642061822724,7.423793503482908],[3.861070716721899,7.5221617526671185],[3.8292284170674873,7.555678062709696],[3.7705791006077463,7.596592179679135],[3.7256662901159303,7.643911224822675],[3.7762106853760313,7.6783040916854475],[3.8423538232110905,7.691430318460096],[3.896481107617411,7.688403900493349],[3.994247527132499,7.665007729113863],[4.038480860979646,7.663065281391969],[4.152528355428274,7.697334798439523],[4.088547707010262,7.68722959528759],[4.025387049019983,7.689383423083906],[3.824021037349402,7.755627927247741],[3.6997739405014065,7.822799092551631],[3.583114967034965,7.95539159980892],[3.582199893528732,7.980722079321563],[3.6655850232287057,8.003331929170528],[3.8456721721997935,8.02832607429307],[3.790607040955368,8.095872366800045],[3.709775945043724,8.155231765595897],[3.682432760981002,8.259120083807389],[3.6273583566416203,8.323893883124763],[3.5082649100484002,8.430113888930912],[3.4266770506221103,8.539480297382163],[3.3585592152561725,8.760627377261379],[3.2881188252644287,8.927512652557484],[3.3061526505698726,8.987503032242847],[3.367098782600823,9.029642631356511],[3.2755759593852067,9.035760892453135],[3.192827097103265,9.067634377215647],[3.237321498637027,9.14791133802822],[3.3335954650663657,9.194377788662608],[3.2461816013200964,9.183236634996558],[3.16053578248104,9.160967017847604],[3.1215229523490398,9.157035666303505],[3.0813329645526184,9.164668323390886],[3.060434063632044,9.1973799655129],[3.0579562720579463,9.243433525739503],[3.0710459821412157,9.32452260175415],[3.056913414870447,9.403420840850162],[2.981416784247311,9.44100856831683],[2.9192079024037723,9.497884339196283],[2.8839477335367456,9.51905985926317],[2.8375093294246407,9.51793479059903],[2.7926991911739223,9.555981090585545],[2.7569661375419754,9.61089332004542],[2.306228617845869,9.851083331998492],[2.279737496877048,9.91854349917495],[2.2376969916388134,9.889373741706748],[2.1956398879261183,9.875338430501126],[2.1436971670677107,9.914418820302362],[2.089337489679537,9.940552228933145],[2.029752452120777,9.936816268403406],[1.9747728413183403,9.958073530149235],[1.9172096213729273,9.970387119645247],[1.8570607701958637,9.97270998397758],[1.6193321155660878,10.046761256508367],[1.3945428425532007,10.162462875729926],[1.211476268461148,10.21260495127143],[1.0983765802839296,10.277266550094566],[0.9806233210641928,10.330189656699051],[0.7173717227668861,10.38204317668152],[0.45071471385211764,10.41701048336879],[0.3543158976156566,10.418386768161351],[0.27345490730293337,10.40745759579996],[0.1958280549025009,10.409899141766937],[-0.24621418626523578,10.65810936730996],[-0.32092765192352224,10.771056487108407],[-0.31373155620648063,10.837089816902713],[-0.2940959151315299,10.891833823939438],[-0.11372794254741951,10.90780152782996],[-0.24077306299325468,10.923555447651678],[-0.2930343888811564,10.916014527085997],[-0.3974278343577315,10.87103159855635],[-0.45408814829868976,10.86781461788504],[-0.5339772639671204,10.897449607536679],[-0.6103629585053345,10.934840670156456],[-0.7353954621482108,10.89973879579944],[-0.7994963233946667,10.956640369137544],[-0.8215236244443116,11.016674159870345],[-0.8550516014802197,11.044058418347202],[-0.902232385256802,11.041066175509487],[-0.9654303213382769,11.01924513115215],[-1.0286763589973544,11.022904610950608],[-1.0694897553587932,11.063881433766925],[-1.0988825239413489,11.117586186309047],[-1.1423466047073865,11.15596788724415],[-1.1948036205555845,11.185206123262006],[-1.2806659979809745,11.254714226333043],[-1.325773554775777,11.349928284286198],[-1.321108701600647,11.514952188754608],[-1.3074421548785629,11.5741181573009],[-1.2228995709529935,11.670539387641405],[-1.1630170618916265,11.761879358586429],[-1.2374479567552088,11.771672467048719],[-1.3045963944619863,11.729613769691019],[-1.3330132966570662,11.686581252669805],[-1.3441522079980064,11.634545507968433],[-1.3513427398252469,11.461367289476032],[-1.4050905660714792,11.410960283985412],[-1.4866090450717826,11.414609655362398],[-1.462118216157983,11.31347162998373],[-1.4950330626201398,11.217194634962018],[-1.5889707142469465,11.103571333698856],[-1.5967323258021724,11.05207168420027],[-1.5814752857420418,10.996425927429225],[-1.6027293380675973,10.94150658459387],[-1.7546252321792977,10.78199612742841],[-1.8053718425861245,10.774079186952433],[-1.9184702135947007,10.774361234559148],[-2.035170569331669,10.748379546527072],[-2.089528934237166,10.78488745382457],[-2.1341607583145485,10.832650178769343],[-2.167489240793249,10.889211049996176],[-2.2143119918561744,11.006138155136947],[-2.2519644443398312,11.126675456756319],[-2.1364941392547303,11.275627382380389],[-2.177126055943052,11.409070568532663],[-2.256289498240233,11.52311313176084],[-2.4555336362008946,11.680207885974234],[-2.66228613940089,11.828867889492624],[-2.756057117026383,11.858578658999303],[-2.9096395245581106,11.870461333257326],[-2.9580474395101333,11.884506964720686],[-3.006101711339054,11.940568200061408],[-3.0417607750831697,12.005425047882659],[-2.9458212377255366,12.034462370236437],[-2.78176378547218,12.112627879931027],[-2.6886724713516945,12.10983717161366],[-2.4352523580063226,12.070594183010778],[-2.3573171631265457,12.033503436741833],[-2.284850658778721,12.012010000291339],[-2.1123451185132427,12.139755902607826],[-1.975793207776917,12.305616237695807],[-1.8904470482204694,12.341995394906062],[-1.8179674376801083,12.3545212212892],[-1.7436328695397376,12.339057703887152],[-1.5962726948615393,12.28233670372668],[-1.4805146139412095,12.256189434111626],[-1.3979834852009545,12.251323953594175],[-1.3547835294810782,12.199967105025504],[-1.3059681532205683,12.177000200776154],[-1.295257733960079,12.254821059541376],[-1.252872944457329,12.345093881757165],[-1.1711813131865938,12.373415963972015],[-1.1280107548069997,12.379993631741277],[-1.1006731787303856,12.403363706903717],[-1.1068197843484926,12.48667592318749],[-1.2153106227823784,12.49669084347187],[-1.156455710442489,12.568277940458723],[-1.1035059859716794,12.60320679951263],[-1.0854054843151901,12.63808602965005],[-1.0844053046816773,12.681829858028191],[-1.2966159645561695,12.59704562298644],[-1.5202739666324554,12.560858362131674],[-1.6525361219676105,12.569640168485465],[-1.7845790549184555,12.570081798887472],[-2.047864526350762,12.512333798141253],[-2.1478933389445487,12.51386893573668],[-2.3813924265981865,12.534731734326238],[-2.5105803267142606,12.560846825966102],[-2.610310878846584,12.538785116958437],[-2.7064894329521674,12.536114540132507],[-2.807494231814671,12.599257734433223],[-2.8935757504268964,12.678774194468222],[-2.9363611696049166,12.735352218767318],[-2.9933111220688176,12.776059888452247],[-3.0187217372562727,12.831461167269714],[-3.082407048698752,13.040151777791596],[-3.088925956340198,13.18935168082176],[-3.190132138574706,13.191277626965308],[-3.2891369585207273,13.20492390508932],[-3.730245067987976,13.341626826487644],[-3.7832977258092444,13.306155356414738],[-3.845184833643404,13.287440190951628],[-3.906938184505396,13.279970328203953],[-3.968380489920466,13.286469923840892],[-4.029717155401103,13.30768693535463],[-4.024846621966905,13.346868281484678],[-3.979932761565668,13.443396931718212],[-3.9355288089370655,13.479325004064346],[-3.8739729770179756,13.507404178658831],[-3.8350483273445626,13.558784467782024],[-3.7721907213744252,13.711939130413004],[-3.767554662606164,13.764033142075087],[-3.774816537312603,13.817085622211358],[-3.7698156321603573,13.857089385321496],[-3.730495844570692,13.878529024529952],[-3.564462264603187,13.930097530890274],[-3.2195990821022304,14.008653399090516],[-3.1325423598576014,14.05422634833647],[-3.0608294805115808,14.126405965178828],[-2.976787207508856,14.170655965369708],[-2.9381916224642284,14.214901039574379],[-2.894048312290838,14.250690581869193],[-2.6270103778052314,14.347323185550238],[-2.51188632767556,14.355939999254643],[-2.3938464743063763,14.345980034976488],[-2.1605292202807163,14.291862827429975],[-1.9378741936461084,14.203150795031645],[-1.744812678878402,14.08587121129254],[-1.5388826679135033,14.000507875350252],[-1.285996189426456,13.987118994881014],[-1.1584004683538356,13.997164171919211],[-1.033228551814948,13.985287675363114],[-0.9824268651476705,13.96116711369528],[-0.8950656561456061,13.887710173507037],[-0.9199908974734308,13.839213173823824],[-0.9347127606770504,13.739105786420422],[-0.8900338321,13.642869722120196],[-0.8173408301209538,13.546562230122294],[-0.757931141208125,13.443691022551855],[-0.7453890332231606,13.393406409953984],[-0.7677770058606652,13.286674928096101],[-0.7880597482245166,13.233824418646181],[-0.8599844083906488,13.145534466983042],[-0.8996476130690173,13.04911921882148],[-0.8739344190042706,12.9304031394875],[-0.8595227005571842,12.810922541598323],[-0.8620178379158027,12.701007552794854],[-0.848900478299049,12.592865952499118],[-0.8093777124358287,12.4832356052668],[-0.6408829760130362,12.182743900013746],[-0.542371786371867,11.97882724202904],[-0.5110934886854932,12.09294780580004],[-0.5191575554969188,12.21966114711172],[-0.48436419331787783,12.265434198953223],[-0.4352203674463213,12.289826476082496],[-0.374362099495553,12.264561905731195],[-0.3569599388766383,12.213309866471663],[-0.3525725344456392,12.101298681902124],[-0.29908524623694915,11.881301720694738],[-0.23112479672198083,11.871262836346078],[-0.15729660890634375,11.90501706651288],[-0.14521610782183994,11.837704298853245],[-0.1478290447852808,11.71311283643784],[-0.1135952426348677,11.614180223780943],[-0.08310668018019521,11.575431060374324],[0.037529218358965215,11.494874457885587],[0.09249885543839073,11.479917538669262],[0.25240148858052924,11.460428382338193],[0.372815648766709,11.45414665425686],[0.48826351145518754,11.482820136986138],[0.5627151124185679,11.556634305336015],[0.630039463098723,11.636564954938581],[0.8626335190662429,11.820473070698847],[0.9300463451634834,11.908451504404375],[0.9951131436804559,12.043376016094324],[1.0175298520083467,12.072259500737358],[1.2491557770998338,12.217321288851279],[1.275665488001193,12.26895194673042],[1.3090621658569115,12.368961071628593],[1.35944038890456,12.465639364406336],[1.3972526027127272,12.515450374368775],[1.6209024542995225,12.561537347933704],[1.8531518765724615,12.585839092762026],[2.0834755170558004,12.673474902600628],[2.1833110255473023,12.749396984136784],[2.188205899061104,12.799756697975951],[2.1379411004867643,12.888575045485483],[2.136013620515896,12.92739487566806],[2.189479469994453,12.964296194366225],[2.395198396852889,13.074724189755154],[2.633118361830662,13.187860703354916],[2.824270302903875,13.265464451235742],[2.929800594452182,13.263874544297206],[3.0267497862918713,13.192999090097489],[3.130220175098952,13.134854228451005],[3.671266313301785,12.960100743709937],[3.7577527296523066,12.906655517726445],[3.833018651557883,12.836109101057888],[3.9409878952160478,12.786426198105234],[4.061761861541999,12.761440436133054],[4.17137916435776,12.71482472123776],[4.275287292095701,12.655153374040147],[4.504759720709779,12.543117249095246],[4.812775625141396,12.406522267437225],[4.891848181263977,12.397274600139971],[5.179314443198309,12.398479620499472],[5.22870430026378,12.37279103118764],[5.275542855410337,12.33685740726369],[5.3192905032205475,12.327942225951059],[5.6482309977827105,12.297149355013714],[5.69865142410613,12.270774961550769],[5.74593168140968,12.235012317898805],[5.771997652319322,12.138768921008076],[5.998696033580763,12.131561101880836]]],[[[3.85905785627193,6.522171323622607],[3.8097766769933585,6.510026223129323],[3.5612653478136944,6.5435601996792485],[3.534916661125368,6.584567445347172],[3.5313707235917824,6.605509142445021],[3.5888906968231344,6.64473589791677],[3.6448013204026237,6.712172148830077],[3.730345917182385,6.736319333194642],[3.7635381837190045,6.735629730930403],[3.8621744324863374,6.572582944861556],[3.85905785627193,6.522171323622607]]],[],[],[],[],[],[],[],[],[],[],[],[],[],[],[[[-0.03491267116174508,13.631183526834928],[-0.0831979520903639,13.61367209038178],[-0.13925725085474458,13.632931863468794],[-0.19248254772646223,13.706263217730793],[-0.17331701539109629,13.76258631907773],[-0.1115506836564749,13.801237994244726],[-0.05960889879265011,13.762537589566689],[-0.04357246331989441,13.71305846128889],[-0.003737613512360512,13.709693373376707],[-0.03491267116174508,13.631183526834928]]],[[[-7.804912073335527,14.12461294972082],[-7.8675928512650986,14.09819437552394],[-7.936128899021483,14.09705672167249],[-7.952013044789231,14.198798838597527],[-7.9311332791845635,14.32883024068194],[-7.867808884319587,14.352340515893209],[-7.7665734952944625,14.327562336119202],[-7.8034733627581,14.293814179470463],[-7.775089186036383,14.225269400591358],[-7.804912073335527,14.12461294972082]]],[[[-7.48769341082324,14.30147694715427],[-7.370225158649384,14.161328404809836],[-7.446774704111852,14.023614583188767],[-7.392107625833788,13.94895154481142],[-7.245557332431031,13.94773990823061],[-7.211498254530201,13.920096879386906],[-7.185631595158982,13.886444779029338],[-7.168181953333822,13.84003302587078],[-7.205903604391167,13.801656593752478],[-7.287137088313335,13.765209831873335],[-7.3816905605489245,13.812464557019617],[-7.406999243953799,13.857933159498987],[-7.426319257674433,13.874690291747036],[-7.5525984347281945,13.83659844088069],[-7.587902647428827,13.832334218281364],[-7.613114012850516,13.89586604859561],[-7.583530150080336,13.988754537879725],[-7.67251626762483,14.028064970759559],[-7.7544916508166155,14.121139090359328],[-7.757826633131097,14.159407208543913],[-7.72588925877887,14.226620413209382],[-7.730829923282201,14.279220079079222],[-7.684512918389191,14.284414109716542],[-7.599347734541202,14.215044530466372],[-7.563270016962574,14.283343887289748],[-7.527686025787575,14.31226281492905],[-7.48769341082324,14.30147694715427]]],[[[-2.0690207665120317,8.985850314159674],[-2.149616459343924,8.901113177900056],[-2.0741965927633608,9.100060050684647],[-2.058730500479846,9.200541298278857],[-1.9880622445729674,9.260933632008449],[-1.8837724475463904,9.5652450031493],[-1.8599342318818255,9.558356518019885],[-1.8254620828780972,9.529034377590659],[-1.877613994151647,9.30611638331716],[-2.0251309867950407,9.148761828835378],[-2.0690207665120317,8.985850314159674]]],[[[-2.188152941809462,9.035049386265518],[-2.248317346741807,8.940334133810936],[-2.28981150714416,8.973231687721382],[-2.313194638048985,8.973505418902722],[-2.327645254392116,9.028699233548963],[-2.31428019795995,9.143436742761452],[-2.3661040975017307,9.271872312991789],[-2.298533618414249,9.270555633776373],[-2.27969696003849,9.232246997024417],[-2.258373277245501,9.219349815928132],[-2.191311985097702,9.09558370434322],[-2.188152941809462,9.035049386265518]]],[[[-6.7386650557195065,11.082487613332386],[-6.763882817192594,11.04637229167622],[-6.8217062330401195,11.021509069745253],[-6.870407756707947,11.022778300703475],[-6.855053339421169,11.057242329872002],[-6.8674499503182425,11.076872690562741],[-6.9033869025244305,11.066964562316473],[-6.961636920225311,11.03816968714263],[-7.035114188538014,10.981430815523987],[-7.079182173197192,11.007473557479493],[-7.089177772423184,11.049760840401403],[-7.086916326901925,11.069186856553207],[-6.999262985557796,11.147722688693705],[-6.896420133324814,11.163285675563571],[-6.752048066451065,11.239866458456797],[-6.687176036569955,11.2379162913703],[-6.702002960217031,11.191173033681677],[-6.7242380230765715,11.15762020610816],[-6.737357630606156,11.122761441755848],[-6.7386650557195065,11.082487613332386]]],[[[-8.268388307957986,18.39554712260653],[-8.309026261181772,18.37508428016312],[-8.374638749853084,18.380640603825775],[-8.381532951543027,18.427767348296562],[-8.31550879914528,18.514352683983578],[-8.271831607067806,18.605056881920454],[-8.318557324719649,18.626343255526532],[-8.364250680455708,18.682582932277523],[-8.365919787180532,18.749165439720677],[-8.328931967276045,18.872806757088025],[-8.27326567788069,18.864195530230138],[-8.220109360812595,18.81214244564596],[-8.19821050472899,18.7128828386672],[-8.163423799974028,18.637891680705255],[-8.237329342301878,18.532778376473832],[-8.268388307957986,18.39554712260653]]],[[[-9.43470507457447,17.806875916483417],[-9.459688307531135,17.777489356370218],[-9.582485570322946,17.82622855853673],[-9.576686189562176,17.90926006756519],[-9.593358651510616,17.94961041882539],[-9.62636809522696,17.991633142853235],[-9.63988954882157,18.033419513145763],[-9.626358043203334,18.07970334272814],[-9.550994005877772,18.02304654057016],[-9.508172657494349,17.93130496756456],[-9.449506123983442,17.84438281579885],[-9.43470507457447,17.806875916483417]]],[[[-4.100246335344411,6.587266154347765],[-4.1860288493384425,6.555119373883273],[-4.129380040516074,6.634063372016967],[-3.9465424579805,6.813940832169579],[-3.87946553783769,6.782268989879755],[-3.791220103608936,6.777462003867364],[-3.9216985223545957,6.695369565312717],[-4.055683738299847,6.660016628793999],[-4.100246335344411,6.587266154347765]]],[[[-5.119189195381646,6.92748109269989],[-5.176335713852904,6.835728163708885],[-5.24212428130294,6.840039684812896],[-5.364543978012119,6.959030737697337],[-5.359122840652261,7.043931371452202],[-5.349393804634882,7.071658068391018],[-5.303438207333394,7.081096844347437],[-5.14687719918297,7.0598089995025886],[-5.115525816899036,6.991843386905401],[-5.119189195381646,6.92748109269989]]],[[[-7.112674705272048,6.736525859733714],[-6.938641379096405,6.701708321481588],[-6.839375487470604,6.7085939260216625],[-6.818441815116838,6.673791265725275],[-6.911382145830723,6.587644272702801],[-7.113236957183317,6.646273080647609],[-7.1490373190807714,6.714278810604776],[-7.112674705272048,6.736525859733714]]],[[[-4.674201612199979,13.042619650999713],[-4.6616045665348,12.985778337641277],[-4.601332615671049,12.933998856113101],[-4.621529345780066,12.851593837960593],[-4.6452867724867515,12.838896254504514],[-4.632145448071632,12.801573640789142],[-4.606313602967024,12.77338347768719],[-4.6525803317856536,12.752795101055526],[-4.6865101280126185,12.761943496480228],[-4.741353884156161,12.734520018471219],[-4.777367354068778,12.696943237634237],[-4.8923315403763965,12.679500645981795],[-4.932936334733008,12.713078790231933],[-5.141079866430665,12.749854793224273],[-5.274589463143317,12.836109543415768],[-5.291597290279563,12.8623303822224],[-5.035237182699683,12.970857770229799],[-4.922768692211314,13.000120565100927],[-4.828420948211408,12.999996743719116],[-4.709730519076374,13.040642514350383],[-4.674201612199979,13.042619650999713]]],[],[],[],[],[],[],[[[-12.912752785576586,9.133620994012247],[-12.974786983908915,9.104234850911013],[-13.09757961518377,9.210839603443455],[-13.15096779063203,9.300839892296592],[-13.140495310121997,9.35372437942517],[-13.106261397799578,9.401335589670015],[-13.089655793786926,9.413584196585706],[-13.098496795608396,9.460976400382258],[-13.052200832626193,9.486584481310171],[-13.000431326993334,9.485853546189807],[-12.964543851634698,9.423463146770427],[-12.92319422307726,9.407807111461642],[-12.900667129370863,9.347435675701872],[-12.912752785576586,9.133620994012247]]],[[[-11.847792066882754,13.341692988673039],[-11.824740803653818,13.282390463732174],[-11.860096450738496,13.22883093439321],[-11.818557702541373,13.132318782690199],[-11.719965705091905,13.266968209732083],[-11.623926862555006,13.287361245850336],[-11.568885035062827,13.267849257122625],[-11.53088563296675,13.243512590734813],[-11.509589283212835,13.194759112203412],[-11.54313106626314,13.087247655976723],[-11.605503868789864,13.035058537978195],[-11.687182066327713,13.023786526754904],[-11.726712973404938,13.084113279778782],[-11.780580689300496,13.087614574776643],[-11.815654831302124,12.951122621821332],[-11.832179429664224,12.929771951507341],[-11.879453004693667,12.91075601478048],[-11.92275246979019,12.946297643016706],[-11.930563315232929,12.96665940277569],[-11.871683353009594,13.030236212235128],[-11.90751750872776,13.210695285930434],[-11.952167834047307,13.174738996426195],[-12.070042914459648,13.004841715091004],[-12.162642711714767,12.926954241985952],[-12.195304689192925,12.963282631239021],[-12.245096368435835,13.07348108402893],[-12.226355961460559,13.218365441537314],[-12.15226249383664,13.318754572519087],[-12.087622447417964,13.314717583226262],[-11.90209854573806,13.35279608378891],[-11.847792066882754,13.341692988673039]]],[[[-13.21008543547574,14.021240719218078],[-13.166828700097005,13.980358183036545],[-13.191585215437016,13.929802800137654],[-13.226205039202322,13.940599998893603],[-13.317084985305774,13.935638758138388],[-13.351323469923551,13.930352760180345],[-13.391658547727605,13.899387193468556],[-13.417339281891373,13.897108833353826],[-13.401042853802592,13.943469467234232],[-13.32523090455136,14.015971358148056],[-13.276963565241116,14.007857798143448],[-13.21008543547574,14.021240719218078]]],[[[-14.38299179642313,8.20755014694209],[-14.417246651694258,8.040973857909082],[-14.438565609571036,8.097862787993337],[-14.451419878642593,8.24767360735336],[-14.479065395087826,8.319142314546548],[-14.466389742842095,8.404150081257724],[-14.479389008302482,8.619513711236293],[-14.452492019902854,8.720744929667426],[-14.391661397311108,8.59717717543009],[-14.374426766392073,8.533488159878397],[-14.38299179642313,8.20755014694209]]],[[[-19.41945124403949,7.203407097793923],[-19.49805838971767,7.18029792557621],[-19.573843184684524,7.209615286215204],[-19.574587797536687,7.256904903186608],[-19.5589824125235,7.302050047043234],[-19.449386474513158,7.333319143030837],[-19.389838813327376,7.336664471292739],[-19.324816133365882,7.311246856857201],[-19.27904905374056,7.283164291224395],[-19.25567166355947,7.248180914304995],[-19.374992611901444,7.237015675485502],[-19.41945124403949,7.203407097793923]]],[[[-18.650858584319042,10.342092811468778],[-18.8509881065086,10.144585139873447],[-18.886975923203806,10.188664270786433],[-18.876413277091103,10.376487231363654],[-18.938795617094353,10.488177086349339],[-18.938062165602208,10.574549750270155],[-18.903206792560884,10.729294687192072],[-18.85435585387082,10.849285985178183],[-18.736596156111627,10.93533892856768],[-18.706886680113644,10.946495482536646],[-18.709242032904662,10.804783905189765],[-18.68313401472802,10.753367076773385],[-18.67294602955067,10.708550565996664],[-18.68442129523337,10.66859727168691],[-18.654698529234246,10.489432117467658],[-18.639706662724784,10.44663431441873],[-18.666555045039498,10.3876543485061],[-18.650858584319042,10.342092811468778]]],[[[-11.81668035193451,3.7625510969608564],[-11.907527872922211,3.757523772054736],[-11.936971710642261,3.7665325782943393],[-11.948347374757203,3.853799187701858],[-11.923872230012531,3.90413456708235],[-11.715817248592826,3.9778600784547224],[-11.635812422739908,4.040161364080668],[-11.523891749703111,4.167038688605572],[-11.452600312443522,4.202341406115067],[-11.43472195568066,4.2169282383463225],[-11.422297239296547,4.215101319417926],[-11.406770266004946,4.1235360635422005],[-11.375389071174032,4.0701895949492135],[-11.369061969988575,4.041988345795924],[-11.472139549722876,3.9899535878697954],[-11.561359042800508,3.87819470474514],[-11.763079544614392,3.7980874303832817],[-11.81668035193451,3.7625510969608564]]],[[[-10.601050471135185,6.38407429511531],[-10.65903752224794,6.3203355205989435],[-10.696325350477906,6.2122688214641535],[-10.732392197453304,6.17827159174452],[-10.811496511495909,6.1547663876958145],[-10.86284674492157,6.25937528965229],[-10.950940134667551,6.250441556895233],[-10.910995974431241,6.3461944662478675],[-10.8704820348917,6.383108921987063],[-10.81629622464219,6.386357552560099],[-10.788355815573462,6.34955243188398],[-10.773548654562836,6.342167056093936],[-10.651551876419004,6.506778429899239],[-10.625879926513548,6.509524197254188],[-10.604460423263928,6.503575755688028],[-10.58666492819806,6.4844135077526275],[-10.601050471135185,6.38407429511531]]],[[[-10.959744472034226,6.424935567444572],[-11.097779314929339,6.391875765664756],[-11.178325564289965,6.264527842847084],[-11.246043987284592,6.263381980489453],[-11.281161449770943,6.206772257648063],[-11.289184870668407,6.182870601285717],[-11.283214814994842,6.161159040776239],[-11.290075431255541,6.13992218227083],[-11.316046323663546,6.117028806528763],[-11.380643308118659,6.1482383504176665],[-11.43314182555759,6.1023986576847715],[-11.455460026563738,6.09089367442242],[-11.53680805391958,6.137657559174779],[-11.612189368933306,6.131197857287969],[-11.6353599457529,6.1379491334187035],[-11.54515921104207,6.233073877450568],[-11.42049360408739,6.323527729254272],[-11.400610564806218,6.355624067497959],[-11.450870651117812,6.3621086724476035],[-11.481152473769548,6.373386056079301],[-11.485513447031511,6.393127919971302],[-11.40512637599596,6.410114547615426],[-11.349262298055494,6.414525658612394],[-11.30580747419556,6.390477842743724],[-11.27876463483838,6.3919071266237655],[-11.109257068544197,6.499546852693544],[-11.039915721694221,6.479910174426445],[-10.989164167310179,6.456528121850998],[-10.959744472034226,6.424935567444572]]],[[[-11.555556838485606,6.316171114591226],[-11.573916878911447,6.271823774461209],[-11.842209349995851,6.262168278550183],[-11.836801106727107,6.319682624031676],[-11.764506225617273,6.385613095819773],[-11.740430400678857,6.407579515312315],[-11.658702977905506,6.429653180285858],[-11.540293296358328,6.401903248446003],[-11.555556838485606,6.316171114591226]]],[[[-0.2827915882495098,8.359864642563275],[-0.3378427417747773,8.35051251372359],[-0.3649642039628724,8.430500109193025],[-0.31973771605914825,8.451327410703628],[-0.27046733986863114,8.402571401265458],[-0.2827915882495098,8.359864642563275]]],[],[],[],[],[],[],[],[],[],[],[],[],[],[],[],[[[-11.452945816187851,12.842442612898628],[-11.521835743005145,12.833396404728353],[-11.568487245322483,12.859978896034367],[-11.566949094012038,13.001760280529508],[-11.525560337296055,13.034347520705671],[-11.505426145817715,13.029949576399794],[-11.491867874447985,12.988297754172835],[-11.47046744340098,12.951381469048266],[-11.435423257192,12.917448652369304],[-11.452945816187851,12.842442612898628]]],[[[-11.757032261736354,10.486855644599737],[-11.851511557659073,10.36506426908204],[-11.919735531719628,10.368110358417253],[-12.002824801988583,10.441871842016287],[-12.028725714468242,10.525569477324712],[-12.031353425918699,10.556114508749728],[-11.97692254785991,10.60643753672085],[-11.790200329538413,10.59829858388109],[-11.754217607619868,10.557453175885778],[-11.757032261736354,10.486855644599737]]],[[[-11.197611386927932,12.609360331742584],[-11.1791063587321,12.571122430453856],[-11.241671717716853,12.570020108698762],[-11.269315559463182,12.642218887339498],[-11.263778231425073,12.681471331332276],[-11.197611386927932,12.609360331742584]]],[[[-11.896204719291054,12.716060618594176],[-11.968404243308884,12.63326947014457],[-11.977147051215226,12.675565777611672],[-11.962952600241833,12.714923333402966],[-11.942865859880055,12.742980238096258],[-11.91206120083253,12.757858931329359],[-11.896204719291054,12.716060618594176]]],[[[-15.325608335724182,5.724743370472194],[-15.363509742913921,5.71289447183322],[-15.402763640732841,5.724820314232035],[-15.39129830755748,5.814288865205569],[-15.416520802795096,5.873073910656472],[-15.37860370707654,5.922799832245629],[-15.372569731122823,6.007007464268104],[-15.357805403443844,6.033635950725251],[-15.33299142407368,6.008816428572614],[-15.321158879180416,5.992330050992674],[-15.300761848065704,5.985530499231624],[-15.25673589158807,5.986732068440524],[-15.24496415760835,5.951353832886657],[-15.245045001653994,5.91688692930653],[-15.26209519443336,5.87999001600393],[-15.312683241203503,5.838053124011892],[-15.348575253012617,5.792351836061002],[-15.325608335724182,5.724743370472194]]],[[[-15.732327652994227,6.199551531864009],[-15.775270407364868,6.195621340042155],[-15.786105523890312,6.234934795090542],[-15.77270049986878,6.277749654153303],[-15.732252075401476,6.297865182312303],[-15.713622147385223,6.300128412016584],[-15.681830814499932,6.264303558622164],[-15.674464178461255,6.244919633128623],[-15.700791262969446,6.216953999357997],[-15.732327652994227,6.199551531864009]]],[[[-19.08883215385575,5.427178772387048],[-19.114025594007877,5.390658660236692],[-19.19669771290236,5.445621008696926],[-19.21824884219986,5.47144510299466],[-19.162101695814812,5.516130545368875],[-19.142172670921422,5.523209877896797],[-19.089041012275583,5.484017943559454],[-19.08883215385575,5.427178772387048]]],[[[-17.478197760020127,18.17591480851666],[-17.38185387615214,18.1789214530092],[-17.242620898435227,18.204074650974675],[-17.209153488428285,18.115740618556327],[-17.20402398546079,18.081869392836854],[-17.389770420578245,18.024983382916666],[-17.501921630015147,18.12993703942113],[-17.478197760020127,18.17591480851666]]],[[[-17.463864494725172,17.337306726893726],[-17.476206919570174,17.30560686025896],[-17.562163726113095,17.377307343722176],[-17.5854049978019,17.431160114776006],[-17.57537757233437,17.47487388719055],[-17.486620457160782,17.483436718583235],[-17.44232351812416,17.45872424779615],[-17.463864494725172,17.337306726893726]]],[[[-10.904309943510235,8.697431714142372],[-10.912109865999682,8.650017140982882],[-10.949770769057011,8.702449689608649],[-10.983672145237135,8.727933349001463],[-10.98180296838385,8.786234039816136],[-10.93437705528335,8.766603612887751],[-10.904309943510235,8.697431714142372]]],[[[-11.344921985665016,9.369038494667869],[-11.346185803769439,9.269328717954494],[-11.386221208748664,9.273176213351809],[-11.41949346045035,9.306664426437457],[-11.429518124612722,9.33913361714787],[-11.42840649220077,9.365940367917716],[-11.411213929580596,9.38758541484394],[-11.344921985665016,9.369038494667869]]],[[[-14.10866945719151,7.410316601443196],[-14.209068840415734,7.398974981301115],[-14.240520870494901,7.406015134244079],[-14.251689791160791,7.502106583541684],[-14.139480036551456,7.46687370914709],[-14.103633414433338,7.465970731672864],[-14.10866945719151,7.410316601443196]]],[[[-17.212083746639966,5.971511647156385],[-17.234303354809395,5.969254606188837],[-17.277545651723266,5.985418297745128],[-17.26457379562836,6.0280181977608285],[-17.291473708298604,6.093843920372433],[-17.286201661321872,6.150035981644461],[-17.23346856643129,6.18517716666923],[-17.117230269476238,6.197048639831743],[-17.110986552711513,6.156516692231825],[-17.212083746639966,5.971511647156385]]],[[[-18.546498892018416,10.747270799062278],[-18.576096263009074,10.575504817318802],[-18.640237433357207,10.667383864936497],[-18.576480538958524,10.785732565664764],[-18.54603254801838,10.810877736220839],[-18.546498892018416,10.747270799062278]]],[[[-7.692466548326454,15.35566408431044],[-7.7267363039479475,15.323561670865262],[-7.75936667183181,15.333206830959774],[-7.779450433721069,15.373114837393162],[-7.77328682027369,15.40233526554169],[-7.746190792421432,15.421576647914069],[-7.71186029355659,15.408586778112998],[-7.692466548326454,15.35566408431044]]],[[[-0.6292400302264449,12.662478113910272],[-0.6583877769936756,12.64773890349788],[-0.668646601040709,12.689665812546314],[-0.6528982442114313,12.74584089838049],[-0.6340515839298109,12.754814077205342],[-0.6124416628824821,12.751851677198067],[-0.5842361812254121,12.731694529827909],[-0.6292400302264449,12.662478113910272]]],[[[-1.4314111619658425,10.605420012712877],[-1.3801056481173,10.553739518897464],[-1.4993468312046503,10.593853527527228],[-1.6698214902257031,10.678223291660217],[-1.682155601451312,10.735095934869726],[-1.5381636687176397,10.649656120996532],[-1.4314111619658425,10.605420012712877]]],[[[-4.12458603789913,13.927153792814602],[-4.1499687328646795,13.877989041079461],[-4.197459070493189,13.844310214049624],[-4.629909475963209,13.779468332579945],[-4.593276060503374,13.815032563908966],[-4.575117314693241,13.850022109456184],[-4.548099581950874,13.86830019737152],[-4.505112160388674,13.864364029335905],[-4.483845332337427,13.875252299275813],[-4.462343041521654,13.87978192118899],[-4.437934388078746,13.875560000312309],[-4.396044716306501,13.890579559523575],[-4.307600231026487,13.881477393787009],[-4.216805716298803,13.890994912308308],[-4.223567119291556,13.93765616195549],[-4.12458603789913,13.927153792814602]]],[[[-4.40650226038339,14.161182184405241],[-4.464419995797128,14.159120930458197],[-4.56910883540937,14.199117776738133],[-4.508444560286526,14.23615739279391],[-4.469933620060233,14.244194268745202],[-4.43651850891382,14.266339359760039],[-4.417933973857979,14.267543808499921],[-4.376518119296111,14.249755373040163],[-4.348802057240174,14.218973360737676],[-4.40650226038339,14.161182184405241]]],[[[-5.4939230704146755,14.470054166826378],[-5.53747152436001,14.466563561501701],[-5.574536935022615,14.521657975043324],[-5.674788104989878,14.581907325830619],[-5.737285886236316,14.687444680150739],[-5.501215500522563,14.515524648577742],[-5.4939230704146755,14.470054166826378]]],[[[-7.604739602465209,14.597931583641206],[-7.609285300811021,14.568427982263016],[-7.640612339664176,14.608701422063357],[-7.661925926755118,14.61796520559641],[-7.6399604001982695,14.721469610820751],[-7.628223181525752,14.73910060460579],[-7.6094156638124,14.669311273143023],[-7.604739602465209,14.597931583641206]]],[[[-7.643945988812782,15.214870207642731],[-7.679848593474614,15.203437388240092],[-7.690299904942524,15.206851766359739],[-7.701424201121606,15.244921611457846],[-7.682079856531343,15.310493206258416],[-7.639604813832768,15.312322401119658],[-7.621626480327479,15.302354713484187],[-7.61790743936348,15.25473024751497],[-7.643945988812782,15.214870207642731]]],[[[-7.7512951837038475,13.852143439784447],[-7.762470524135018,13.83208342420242],[-7.867762694389992,13.85454713411513],[-7.896178659643808,13.867573958910596],[-7.844718690418561,14.004724168776105],[-7.795297172737944,14.00207400082991],[-7.750642042231807,13.873802725490881],[-7.7512951837038475,13.852143439784447]]],[[[-6.2929178511643835,11.217003633891567],[-6.294746351459299,11.175892124731426],[-6.301426296287774,11.162745153208293],[-6.356169106732261,11.175828230663974],[-6.3954662164345235,11.174172012514553],[-6.430838338141594,11.247533116845936],[-6.421274882852322,11.26463314136989],[-6.349322390587727,11.245033409649608],[-6.322137654521786,11.238062103485946],[-6.2929178511643835,11.217003633891567]]],[[[-6.452507940890209,11.175895019871438],[-6.623022405644008,11.120945964302111],[-6.587521126921465,11.216473958735271],[-6.56457656069785,11.241959904655115],[-6.479366581792959,11.218148846683281],[-6.452507940890209,11.175895019871438]]],[[[-8.366153863576818,18.24501702538266],[-8.363595035341206,18.205745591763872],[-8.42487330075129,18.293745983011295],[-8.44904025244182,18.399034104749592],[-8.400503079467967,18.36243442959632],[-8.3457642937713,18.285703458872582],[-8.366153863576818,18.24501702538266]]],[[[-8.23225392157199,18.149116613450396],[-8.248673464332713,18.13795842016786],[-8.284984161659256,18.162250917928162],[-8.30731308521993,18.189292803715812],[-8.306003825204217,18.21708536256117],[-8.280232702639706,18.231474138723634],[-8.227138223070595,18.190273842934047],[-8.226289947425355,18.166769779903138],[-8.23225392157199,18.149116613450396]]],[[[-9.683782110705842,17.062816999048543],[-9.69389193446581,17.041729660232175],[-9.731977211872614,17.15106138972059],[-9.701293595674088,17.207065803139937],[-9.656434658476313,17.188159108525433],[-9.645019208422488,17.168822395892292],[-9.687614071718622,17.114897659575508],[-9.683782110705842,17.062816999048543]]],[[[-3.000647850299989,7.702012604383729],[-3.0126594353293243,7.653406229444301],[-3.055297789882822,7.678813536678598],[-3.097916773225992,7.7348249929703226],[-3.1592447837859647,7.742231552813934],[-3.204424354632956,7.756640122590356],[-3.2312668590274254,7.782976874534359],[-3.0608799127740243,7.7971559045124454],[-3.000647850299989,7.702012604383729]]],[[[-6.291134046496423,7.660662818149096],[-6.33547822513886,7.6346756979469195],[-6.410662586478127,7.684214726063029],[-6.431312482070007,7.705125907671264],[-6.3849995928865235,7.756825757809916],[-6.335214542532534,7.772280723794753],[-6.304471703353582,7.7510396311298955],[-6.289248990874983,7.729508577360752],[-6.295123154783242,7.7051517899839235],[-6.291134046496423,7.660662818149096]]],[[[-7.522945636758881,7.193973478200679],[-7.586001325480888,7.168973466612902],[-7.568069956765093,7.242505323496051],[-7.573621060406225,7.301166147728492],[-7.469669238075788,7.28625317138392],[-7.469815154870219,7.23945858380033],[-7.4793876492697295,7.221074102610247],[-7.522945636758881,7.193973478200679]]],[[[-11.385095182272046,4.3884657115693475],[-11.472022008401538,4.349533475382147],[-11.475365909459008,4.422405288475353],[-11.410801366870585,4.517901914503876],[-11.349870465022432,4.552135950234059],[-11.313971094138218,4.517013008772969],[-11.310526116194993,4.50026322697261],[-11.399014574239416,4.462956631513532],[-11.385095182272046,4.3884657115693475]]],[[[-12.871715796707429,4.0248440486408565],[-12.919889653772264,4.010391006983887],[-13.025636514575101,4.033465262303273],[-13.04742835804968,4.049698067397765],[-12.960231580494138,4.10269596328683],[-12.894333299354335,4.174742220790956],[-12.813983268172583,4.18499404349473],[-12.76564262424866,4.173699691428559],[-12.778529835546136,4.091739713395558],[-12.871715796707429,4.0248440486408565]]],[[[-0.17982688115697945,8.472898110774207],[-0.20414963403264802,8.464841754575279],[-0.20398044022948653,8.513166431731843],[-0.17645968058000255,8.555762519253095],[-0.14765975211502513,8.5802708308406],[-0.11378639843978429,8.581339823303846],[-0.17982688115697945,8.472898110774207]]],[[[-0.32415748610257755,8.16331206810413],[-0.3410607216755027,8.14805933909383],[-0.3669543555968147,8.179827063517461],[-0.3693069721480043,8.199555118307215],[-0.33512857777593247,8.25361741372477],[-0.30111682075891877,8.285068067681296],[-0.2631871173886401,8.28740763074835],[-0.2727831910364115,8.242965122079564],[-0.32415748610257755,8.16331206810413]]],[[[-7.036398645038991,11.791524160732232],[-7.085625853301574,11.709368448208846],[-7.173928842701788,11.710741890067885],[-7.18944597295525,11.721898422959443],[-7.085812145469767,11.77496182216124],[-7.036398645038991,11.791524160732232]]],[[[-7.413611486301049,11.414617004601679],[-7.389919234940717,11.372475903007432],[-7.488664057934397,11.39688446261585],[-7.532686731819949,11.437617691399401],[-7.490238451498829,11.464635036933142],[-7.4662868257452155,11.47228643955644],[-7.413611486301049,11.414617004601679]]],[[[-11.883645781566678,6.111612887849157],[-11.912802315690838,6.0518435335279746],[-11.970223413856344,6.065622104692571],[-11.956855907227675,6.122498481931721],[-11.929259842587385,6.157183344924697],[-11.854515756681364,6.209157376139415],[-11.777123567149154,6.221305167647014],[-11.728803055124775,6.206658758918068],[-11.713119079679648,6.188707651989434],[-11.83358430167065,6.164040533027995],[-11.883645781566678,6.111612887849157]]]]}},{"type":"Feature","bbox":[68.165039,6.748682,97.343555,35.495898],"properties":{"featurecla":"Admin-0 country","scalerank":1,"LABELRANK":2,"SOVEREIGNT":"India","SOV_A3":"IND","ADM0_DIF":0,"LEVEL":2,"TYPE":"Sovereign country","TLC":"1","ADMIN":"India","ADM0_A3":"IND","GEOU_DIF":0,"GEOUNIT":"India","GU_A3":"IND","SU_DIF":0,"SUBUNIT":"India","SU_A3":"IND","BRK_DIFF":0,"NAME":"India","NAME_LONG":"India","BRK_A3":"IND","BRK_NAME":"India","BRK_GROUP":null,"ABBREV":"India","POSTAL":"IND","FORMAL_EN":"Republic of India","FORMAL_FR":null,"NAME_CIAWF":"India","NOTE_ADM0":null,"NOTE_BRK":null,"NAME_SORT":"India","NAME_ALT":null,"MAPCOLOR7":1,"MAPCOLOR8":3,"MAPCOLOR9":2,"MAPCOLOR13":2,"POP_EST":1366417754,"POP_RANK":18,"POP_YEAR":2019,"GDP_MD":2868929,"GDP_YEAR":2019,"ECONOMY":"3. Emerging region: BRIC","INCOME_GRP":"4. Lower middle income","FIPS_10":"IN","ISO_A2":"IN","ISO_A2_EH":"IN","ISO_A3":"IND","ISO_A3_EH":"IND","ISO_N3":"356","ISO_N3_EH":"356","UN_A3":"356","WB_A2":"IN","WB_A3":"IND","WOE_ID":23424848,"WOE_ID_EH":23424848,"WOE_NOTE":"Exact WOE match as country","ADM0_ISO":"IND","ADM0_DIFF":null,"ADM0_TLC":"IND","ADM0_A3_US":"IND","ADM0_A3_FR":"IND","ADM0_A3_RU":"IND","ADM0_A3_ES":"IND","ADM0_A3_CN":"IND","ADM0_A3_TW":"IND","ADM0_A3_IN":"IND","ADM0_A3_NP":"IND","ADM0_A3_PK":"IND","ADM0_A3_DE":"IND","ADM0_A3_GB":"IND","ADM0_A3_BR":"IND","ADM0_A3_IL":"IND","ADM0_A3_PS":"IND","ADM0_A3_SA":"IND","ADM0_A3_EG":"IND","ADM0_A3_MA":"IND","ADM0_A3_PT":"IND","ADM0_A3_AR":"IND","ADM0_A3_JP":"IND","ADM0_A3_KO":"IND","ADM0_A3_VN":"IND","ADM0_A3_TR":"IND","ADM0_A3_ID":"IND","ADM0_A3_PL":"IND","ADM0_A3_GR":"IND","ADM0_A3_IT":"IND","ADM0_A3_NL":"IND","ADM0_A3_SE":"IND","ADM0_A3_BD":"IND","ADM0_A3_UA":"IND","ADM0_A3_UN":-99,"ADM0_A3_WB":-99,"CONTINENT":"Asia","REGION_UN":"Asia","SUBREGION":"Southern Asia","REGION_WB":"South Asia","NAME_LEN":5,"LONG_LEN":5,"ABBREV_LEN":5,"TINY":-99,"HOMEPART":1,"MIN_ZOOM":0,"MIN_LABEL":1.7,"MAX_LABEL":6.7,"LABEL_X":79.358105,"LABEL_Y":22.686852,"NE_ID":1159320847,"WIKIDATAID":"Q668","NAME_AR":"الهند","NAME_BN":"ভারত","NAME_DE":"Indien","NAME_EN":"India","NAME_ES":"India","NAME_FA":"هند","NAME_FR":"Inde","NAME_EL":"Ινδία","NAME_HE":"הודו","NAME_HI":"भारत","NAME_HU":"India","NAME_ID":"India","NAME_IT":"India","NAME_JA":"インド","NAME_KO":"인도","NAME_NL":"India","NAME_PL":"Indie","NAME_PT":"Índia","NAME_RU":"Индия","NAME_SV":"Indien","NAME_TR":"Hindistan","NAME_UK":"Індія","NAME_UR":"بھارت","NAME_VI":"Ấn Độ","NAME_ZH":"印度","NAME_ZHT":"印度","FCLASS_ISO":"Admin-0 country","TLC_DIFF":null,"FCLASS_TLC":"Admin-0 country","FCLASS_US":null,"FCLASS_FR":null,"FCLASS_RU":null,"FCLASS_ES":null,"FCLASS_CN":null,"FCLASS_TW":null,"FCLASS_IN":null,"FCLASS_NP":null,"FCLASS_PK":null,"FCLASS_DE":null,"FCLASS_GB":null,"FCLASS_BR":null,"FCLASS_IL":null,"FCLASS_PS":null,"FCLASS_SA":null,"FCLASS_EG":null,"FCLASS_MA":null,"FCLASS_PT":null,"FCLASS_AR":null,"FCLASS_JP":null,"FCLASS_KO":null,"FCLASS_VN":null,"FCLASS_TR":null,"FCLASS_ID":null,"FCLASS_PL":null,"FCLASS_GR":null,"FCLASS_IT":null,"FCLASS_NL":null,"FCLASS_SE":null,"FCLASS_BD":null,"FCLASS_UA":null},"geometry":{"type":"MultiPolygon","coordinates":[[],[],[],[],[],[],[],[],[],[],[],[],[],[]]}},{"type":"Feature","bbox":[-89.362598,12.979248,-83.15752,16.513965],"properties":{"featurecla":"Admin-0 country","scalerank":1,"LABELRANK":5,"SOVEREIGNT":"Honduras","SOV_A3":"HND","ADM0_DIF":0,"LEVEL":2,"TYPE":"Sovereign country","TLC":"1","ADMIN":"Honduras","ADM0_A3":"HND","GEOU_DIF":0,"GEOUNIT":"Honduras","GU_A3":"HND","SU_DIF":0,"SUBUNIT":"Honduras","SU_A3":"HND","BRK_DIFF":0,"NAME":"Honduras","NAME_LONG":"Honduras","BRK_A3":"HND","BRK_NAME":"Honduras","BRK_GROUP":null,"ABBREV":"Hond.","POSTAL":"HN","FORMAL_EN":"Republic of Honduras","FORMAL_FR":null,"NAME_CIAWF":"Honduras","NOTE_ADM0":null,"NOTE_BRK":null,"NAME_SORT":"Honduras","NAME_ALT":null,"MAPCOLOR7":2,"MAPCOLOR8":5,"MAPCOLOR9":2,"MAPCOLOR13":5,"POP_EST":9746117,"POP_RANK":13,"POP_YEAR":2019,"GDP_MD":25095,"GDP_YEAR":2019,"ECONOMY":"6. Developing region","INCOME_GRP":"4. Lower middle income","FIPS_10":"HO","ISO_A2":"HN","ISO_A2_EH":"HN","ISO_A3":"HND","ISO_A3_EH":"HND","ISO_N3":"340","ISO_N3_EH":"340","UN_A3":"340","WB_A2":"HN","WB_A3":"HND","WOE_ID":23424841,"WOE_ID_EH":23424841,"WOE_NOTE":"Exact WOE match as country","ADM0_ISO":"HND","ADM0_DIFF":null,"ADM0_TLC":"HND","ADM0_A3_US":"HND","ADM0_A3_FR":"HND","ADM0_A3_RU":"HND","ADM0_A3_ES":"HND","ADM0_A3_CN":"HND","ADM0_A3_TW":"HND","ADM0_A3_IN":"HND","ADM0_A3_NP":"HND","ADM0_A3_PK":"HND","ADM0_A3_DE":"HND","ADM0_A3_GB":"HND","ADM0_A3_BR":"HND","ADM0_A3_IL":"HND","ADM0_A3_PS":"HND","ADM0_A3_SA":"HND","ADM0_A3_EG":"HND","ADM0_A3_MA":"HND","ADM0_A3_PT":"HND","ADM0_A3_AR":"HND","ADM0_A3_JP":"HND","ADM0_A3_KO":"HND","ADM0_A3_VN":"HND","ADM0_A3_TR":"HND","ADM0_A3_ID":"HND","ADM0_A3_PL":"HND","ADM0_A3_GR":"HND","ADM0_A3_IT":"HND","ADM0_A3_NL":"HND","ADM0_A3_SE":"HND","ADM0_A3_BD":"HND","ADM0_A3_UA":"HND","ADM0_A3_UN":-99,"ADM0_A3_WB":-99,"CONTINENT":"North America","REGION_UN":"Americas","SUBREGION":"Central America","REGION_WB":"Latin America & Caribbean","NAME_LEN":8,"LONG_LEN":8,"ABBREV_LEN":5,"TINY":-99,"HOMEPART":1,"MIN_ZOOM":0,"MIN_LABEL":4.5,"MAX_LABEL":9.5,"LABEL_X":-86.887604,"LABEL_Y":14.794801,"NE_ID":1159320827,"WIKIDATAID":"Q783","NAME_AR":"هندوراس","NAME_BN":"হন্ডুরাস","NAME_DE":"Honduras","NAME_EN":"Honduras","NAME_ES":"Honduras","NAME_FA":"هندوراس","NAME_FR":"Honduras","NAME_EL":"Ονδούρα","NAME_HE":"הונדורס","NAME_HI":"हौण्डुरस","NAME_HU":"Honduras","NAME_ID":"Honduras","NAME_IT":"Honduras","NAME_JA":"ホンジュラス","NAME_KO":"온두라스","NAME_NL":"Honduras","NAME_PL":"Honduras","NAME_PT":"Honduras","NAME_RU":"Гондурас","NAME_SV":"Honduras","NAME_TR":"Honduras","NAME_UK":"Гондурас","NAME_UR":"ہونڈوراس","NAME_VI":"Honduras","NAME_ZH":"洪都拉斯","NAME_ZHT":"宏都拉斯","FCLASS_ISO":"Admin-0 country","TLC_DIFF":null,"FCLASS_TLC":"Admin-0 country","FCLASS_US":null,"FCLASS_FR":null,"FCLASS_RU":null,"FCLASS_ES":null,"FCLASS_CN":null,"FCLASS_TW":null,"FCLASS_IN":null,"FCLASS_NP":null,"FCLASS_PK":null,"FCLASS_DE":null,"FCLASS_GB":null,"FCLASS_BR":null,"FCLASS_IL":null,"FCLASS_PS":null,"FCLASS_SA":null,"FCLASS_EG":null,"FCLASS_MA":null,"FCLASS_PT":null,"FCLASS_AR":null,"FCLASS_JP":null,"FCLASS_KO":null,"FCLASS_VN":null,"FCLASS_TR":null,"FCLASS_ID":null,"FCLASS_PL":null,"FCLASS_GR":null,"FCLASS_IT":null,"FCLASS_NL":null,"FCLASS_SE":null,"FCLASS_BD":null,"FCLASS_UA":null},"geometry":{"type":"MultiPolygon","coordinates":[[],[],[]]}},{"type":"Feature","bbox":[-74.478125,18.03916,-71.645312,20.093652],"properties":{"featurecla":"Admin-0 country","scalerank":1,"LABELRANK":5,"SOVEREIGNT":"Haiti","SOV_A3":"HTI","ADM0_DIF":0,"LEVEL":2,"TYPE":"Sovereign country","TLC":"1","ADMIN":"Haiti","ADM0_A3":"HTI","GEOU_DIF":0,"GEOUNIT":"Haiti","GU_A3":"HTI","SU_DIF":0,"SUBUNIT":"Haiti","SU_A3":"HTI","BRK_DIFF":0,"NAME":"Haiti","NAME_LONG":"Haiti","BRK_A3":"HTI","BRK_NAME":"Haiti","BRK_GROUP":null,"ABBREV":"Haiti","POSTAL":"HT","FORMAL_EN":"Republic of Haiti","FORMAL_FR":null,"NAME_CIAWF":"Haiti","NOTE_ADM0":null,"NOTE_BRK":null,"NAME_SORT":"Haiti","NAME_ALT":null,"MAPCOLOR7":2,"MAPCOLOR8":1,"MAPCOLOR9":7,"MAPCOLOR13":2,"POP_EST":11263077,"POP_RANK":14,"POP_YEAR":2019,"GDP_MD":14332,"GDP_YEAR":2019,"ECONOMY":"7. Least developed region","INCOME_GRP":"5. Low income","FIPS_10":"HA","ISO_A2":"HT","ISO_A2_EH":"HT","ISO_A3":"HTI","ISO_A3_EH":"HTI","ISO_N3":"332","ISO_N3_EH":"332","UN_A3":"332","WB_A2":"HT","WB_A3":"HTI","WOE_ID":23424839,"WOE_ID_EH":23424839,"WOE_NOTE":"Exact WOE match as country","ADM0_ISO":"HTI","ADM0_DIFF":null,"ADM0_TLC":"HTI","ADM0_A3_US":"HTI","ADM0_A3_FR":"HTI","ADM0_A3_RU":"HTI","ADM0_A3_ES":"HTI","ADM0_A3_CN":"HTI","ADM0_A3_TW":"HTI","ADM0_A3_IN":"HTI","ADM0_A3_NP":"HTI","ADM0_A3_PK":"HTI","ADM0_A3_DE":"HTI","ADM0_A3_GB":"HTI","ADM0_A3_BR":"HTI","ADM0_A3_IL":"HTI","ADM0_A3_PS":"HTI","ADM0_A3_SA":"HTI","ADM0_A3_EG":"HTI","ADM0_A3_MA":"HTI","ADM0_A3_PT":"HTI","ADM0_A3_AR":"HTI","ADM0_A3_JP":"HTI","ADM0_A3_KO":"HTI","ADM0_A3_VN":"HTI","ADM0_A3_TR":"HTI","ADM0_A3_ID":"HTI","ADM0_A3_PL":"HTI","ADM0_A3_GR":"HTI","ADM0_A3_IT":"HTI","ADM0_A3_NL":"HTI","ADM0_A3_SE":"HTI","ADM0_A3_BD":"HTI","ADM0_A3_UA":"HTI","ADM0_A3_UN":-99,"ADM0_A3_WB":-99,"CONTINENT":"North America","REGION_UN":"Americas","SUBREGION":"Caribbean","REGION_WB":"Latin America & Caribbean","NAME_LEN":5,"LONG_LEN":5,"ABBREV_LEN":5,"TINY":-99,"HOMEPART":1,"MIN_ZOOM":0,"MIN_LABEL":4,"MAX_LABEL":9,"LABEL_X":-72.224051,"LABEL_Y":19.263784,"NE_ID":1159320839,"WIKIDATAID":"Q790","NAME_AR":"هايتي","NAME_BN":"হাইতি","NAME_DE":"Haiti","NAME_EN":"Haiti","NAME_ES":"Haití","NAME_FA":"هائیتی","NAME_FR":"Haïti","NAME_EL":"Αϊτή","NAME_HE":"האיטי","NAME_HI":"हैती","NAME_HU":"Haiti","NAME_ID":"Haiti","NAME_IT":"Haiti","NAME_JA":"ハイチ","NAME_KO":"아이티","NAME_NL":"Haïti","NAME_PL":"Haiti","NAME_PT":"Haiti","NAME_RU":"Республика Гаити","NAME_SV":"Haiti","NAME_TR":"Haiti","NAME_UK":"Гаїті","NAME_UR":"ہیٹی","NAME_VI":"Haiti","NAME_ZH":"海地","NAME_ZHT":"海地","FCLASS_ISO":"Admin-0 country","TLC_DIFF":null,"FCLASS_TLC":"Admin-0 country","FCLASS_US":null,"FCLASS_FR":null,"FCLASS_RU":null,"FCLASS_ES":null,"FCLASS_CN":null,"FCLASS_TW":null,"FCLASS_IN":null,"FCLASS_NP":null,"FCLASS_PK":null,"FCLASS_DE":null,"FCLASS_GB":null,"FCLASS_BR":null,"FCLASS_IL":null,"FCLASS_PS":null,"FCLASS_SA":null,"FCLASS_EG":null,"FCLASS_MA":null,"FCLASS_PT":null,"FCLASS_AR":null,"FCLASS_JP":null,"FCLASS_KO":null,"FCLASS_VN":null,"FCLASS_TR":null,"FCLASS_ID":null,"FCLASS_PL":null,"FCLASS_GR":null,"FCLASS_IT":null,"FCLASS_NL":null,"FCLASS_SE":null,"FCLASS_BD":null,"FCLASS_UA":null},"geometry":{"type":"MultiPolygon","coordinates":[[],[],[]]}},{"type":"Feature","bbox":[-16.711816,10.940137,-13.673535,12.679932],"properties":{"featurecla":"Admin-0 country","scalerank":1,"LABELRANK":6,"SOVEREIGNT":"Guinea-Bissau","SOV_A3":"GNB","ADM0_DIF":0,"LEVEL":2,"TYPE":"Sovereign country","TLC":"1","ADMIN":"Guinea-Bissau","ADM0_A3":"GNB","GEOU_DIF":0,"GEOUNIT":"Guinea-Bissau","GU_A3":"GNB","SU_DIF":0,"SUBUNIT":"Guinea-Bissau","SU_A3":"GNB","BRK_DIFF":0,"NAME":"Guinea-Bissau","NAME_LONG":"Guinea-Bissau","BRK_A3":"GNB","BRK_NAME":"Guinea-Bissau","BRK_GROUP":null,"ABBREV":"GnB.","POSTAL":"GW","FORMAL_EN":"Republic of Guinea-Bissau","FORMAL_FR":null,"NAME_CIAWF":"Guinea-Bissau","NOTE_ADM0":null,"NOTE_BRK":null,"NAME_SORT":"Guinea-Bissau","NAME_ALT":null,"MAPCOLOR7":3,"MAPCOLOR8":5,"MAPCOLOR9":3,"MAPCOLOR13":4,"POP_EST":1920922,"POP_RANK":12,"POP_YEAR":2019,"GDP_MD":1339,"GDP_YEAR":2019,"ECONOMY":"7. Least developed region","INCOME_GRP":"5. Low income","FIPS_10":"PU","ISO_A2":"GW","ISO_A2_EH":"GW","ISO_A3":"GNB","ISO_A3_EH":"GNB","ISO_N3":"624","ISO_N3_EH":"624","UN_A3":"624","WB_A2":"GW","WB_A3":"GNB","WOE_ID":23424929,"WOE_ID_EH":23424929,"WOE_NOTE":"Exact WOE match as country","ADM0_ISO":"GNB","ADM0_DIFF":null,"ADM0_TLC":"GNB","ADM0_A3_US":"GNB","ADM0_A3_FR":"GNB","ADM0_A3_RU":"GNB","ADM0_A3_ES":"GNB","ADM0_A3_CN":"GNB","ADM0_A3_TW":"GNB","ADM0_A3_IN":"GNB","ADM0_A3_NP":"GNB","ADM0_A3_PK":"GNB","ADM0_A3_DE":"GNB","ADM0_A3_GB":"GNB","ADM0_A3_BR":"GNB","ADM0_A3_IL":"GNB","ADM0_A3_PS":"GNB","ADM0_A3_SA":"GNB","ADM0_A3_EG":"GNB","ADM0_A3_MA":"GNB","ADM0_A3_PT":"GNB","ADM0_A3_AR":"GNB","ADM0_A3_JP":"GNB","ADM0_A3_KO":"GNB","ADM0_A3_VN":"GNB","ADM0_A3_TR":"GNB","ADM0_A3_ID":"GNB","ADM0_A3_PL":"GNB","ADM0_A3_GR":"GNB","ADM0_A3_IT":"GNB","ADM0_A3_NL":"GNB","ADM0_A3_SE":"GNB","ADM0_A3_BD":"GNB","ADM0_A3_UA":"GNB","ADM0_A3_UN":-99,"ADM0_A3_WB":-99,"CONTINENT":"Africa","REGION_UN":"Africa","SUBREGION":"Western Africa","REGION_WB":"Sub-Saharan Africa","NAME_LEN":13,"LONG_LEN":13,"ABBREV_LEN":4,"TINY":-99,"HOMEPART":1,"MIN_ZOOM":0,"MIN_LABEL":5,"MAX_LABEL":10,"LABEL_X":-14.52413,"LABEL_Y":12.163712,"NE_ID":1159320799,"WIKIDATAID":"Q1007","NAME_AR":"غينيا بيساو","NAME_BN":"গিনি-বিসাউ","NAME_DE":"Guinea-Bissau","NAME_EN":"Guinea-Bissau","NAME_ES":"Guinea-Bisáu","NAME_FA":"گینه بیسائو","NAME_FR":"Guinée-Bissau","NAME_EL":"Γουινέα-Μπισσάου","NAME_HE":"גינאה ביסאו","NAME_HI":"गिनी-बिसाऊ","NAME_HU":"Bissau-Guinea","NAME_ID":"Guinea-Bissau","NAME_IT":"Guinea-Bissau","NAME_JA":"ギニアビサウ","NAME_KO":"기니비사우","NAME_NL":"Guinee-Bissau","NAME_PL":"Gwinea Bissau","NAME_PT":"Guiné-Bissau","NAME_RU":"Гвинея-Бисау","NAME_SV":"Guinea-Bissau","NAME_TR":"Gine-Bissau","NAME_UK":"Гвінея-Бісау","NAME_UR":"گنی بساؤ","NAME_VI":"Guiné-Bissau","NAME_ZH":"几内亚比绍","NAME_ZHT":"幾內亞比索","FCLASS_ISO":"Admin-0 country","TLC_DIFF":null,"FCLASS_TLC":"Admin-0 country","FCLASS_US":null,"FCLASS_FR":null,"FCLASS_RU":null,"FCLASS_ES":null,"FCLASS_CN":null,"FCLASS_TW":null,"FCLASS_IN":null,"FCLASS_NP":null,"FCLASS_PK":null,"FCLASS_DE":null,"FCLASS_GB":null,"FCLASS_BR":null,"FCLASS_IL":null,"FCLASS_PS":null,"FCLASS_SA":null,"FCLASS_EG":null,"FCLASS_MA":null,"FCLASS_PT":null,"FCLASS_AR":null,"FCLASS_JP":null,"FCLASS_KO":null,"FCLASS_VN":null,"FCLASS_TR":null,"FCLASS_ID":null,"FCLASS_PL":null,"FCLASS_GR":null,"FCLASS_IT":null,"FCLASS_NL":null,"FCLASS_SE":null,"FCLASS_BD":null,"FCLASS_UA":null},"geometry":{"type":"MultiPolygon","coordinates":[[],[],[],[],[],[],[]]}},{"type":"Feature","bbox":[19.646484,34.934473,28.231836,41.743799],"properties":{"featurecla":"Admin-0 country","scalerank":3,"LABELRANK":3,"SOVEREIGNT":"Greece","SOV_A3":"GRC","ADM0_DIF":0,"LEVEL":2,"TYPE":"Sovereign country","TLC":"1","ADMIN":"Greece","ADM0_A3":"GRC","GEOU_DIF":0,"GEOUNIT":"Greece","GU_A3":"GRC","SU_DIF":0,"SUBUNIT":"Greece","SU_A3":"GRC","BRK_DIFF":0,"NAME":"Greece","NAME_LONG":"Greece","BRK_A3":"GRC","BRK_NAME":"Greece","BRK_GROUP":null,"ABBREV":"Greece","POSTAL":"GR","FORMAL_EN":"Hellenic Republic","FORMAL_FR":null,"NAME_CIAWF":"Greece","NOTE_ADM0":null,"NOTE_BRK":null,"NAME_SORT":"Greece","NAME_ALT":null,"MAPCOLOR7":2,"MAPCOLOR8":2,"MAPCOLOR9":2,"MAPCOLOR13":9,"POP_EST":10716322,"POP_RANK":14,"POP_YEAR":2019,"GDP_MD":209852,"GDP_YEAR":2019,"ECONOMY":"2. Developed region: nonG7","INCOME_GRP":"1. High income: OECD","FIPS_10":"GR","ISO_A2":"GR","ISO_A2_EH":"GR","ISO_A3":"GRC","ISO_A3_EH":"GRC","ISO_N3":"300","ISO_N3_EH":"300","UN_A3":"300","WB_A2":"GR","WB_A3":"GRC","WOE_ID":23424833,"WOE_ID_EH":23424833,"WOE_NOTE":"Exact WOE match as country","ADM0_ISO":"GRC","ADM0_DIFF":null,"ADM0_TLC":"GRC","ADM0_A3_US":"GRC","ADM0_A3_FR":"GRC","ADM0_A3_RU":"GRC","ADM0_A3_ES":"GRC","ADM0_A3_CN":"GRC","ADM0_A3_TW":"GRC","ADM0_A3_IN":"GRC","ADM0_A3_NP":"GRC","ADM0_A3_PK":"GRC","ADM0_A3_DE":"GRC","ADM0_A3_GB":"GRC","ADM0_A3_BR":"GRC","ADM0_A3_IL":"GRC","ADM0_A3_PS":"GRC","ADM0_A3_SA":"GRC","ADM0_A3_EG":"GRC","ADM0_A3_MA":"GRC","ADM0_A3_PT":"GRC","ADM0_A3_AR":"GRC","ADM0_A3_JP":"GRC","ADM0_A3_KO":"GRC","ADM0_A3_VN":"GRC","ADM0_A3_TR":"GRC","ADM0_A3_ID":"GRC","ADM0_A3_PL":"GRC","ADM0_A3_GR":"GRC","ADM0_A3_IT":"GRC","ADM0_A3_NL":"GRC","ADM0_A3_SE":"GRC","ADM0_A3_BD":"GRC","ADM0_A3_UA":"GRC","ADM0_A3_UN":-99,"ADM0_A3_WB":-99,"CONTINENT":"Europe","REGION_UN":"Europe","SUBREGION":"Southern Europe","REGION_WB":"Europe & Central Asia","NAME_LEN":6,"LONG_LEN":6,"ABBREV_LEN":6,"TINY":-99,"HOMEPART":1,"MIN_ZOOM":0,"MIN_LABEL":2.7,"MAX_LABEL":8,"LABEL_X":21.72568,"LABEL_Y":39.492763,"NE_ID":1159320811,"WIKIDATAID":"Q41","NAME_AR":"اليونان","NAME_BN":"গ্রিস","NAME_DE":"Griechenland","NAME_EN":"Greece","NAME_ES":"Grecia","NAME_FA":"یونان","NAME_FR":"Grèce","NAME_EL":"Ελλάδα","NAME_HE":"יוון","NAME_HI":"यूनान","NAME_HU":"Görögország","NAME_ID":"Yunani","NAME_IT":"Grecia","NAME_JA":"ギリシャ","NAME_KO":"그리스","NAME_NL":"Griekenland","NAME_PL":"Grecja","NAME_PT":"Grécia","NAME_RU":"Греция","NAME_SV":"Grekland","NAME_TR":"Yunanistan","NAME_UK":"Греція","NAME_UR":"یونان","NAME_VI":"Hy Lạp","NAME_ZH":"希腊","NAME_ZHT":"希臘","FCLASS_ISO":"Admin-0 country","TLC_DIFF":null,"FCLASS_TLC":"Admin-0 country","FCLASS_US":null,"FCLASS_FR":null,"FCLASS_RU":null,"FCLASS_ES":null,"FCLASS_CN":null,"FCLASS_TW":null,"FCLASS_IN":null,"FCLASS_NP":null,"FCLASS_PK":null,"FCLASS_DE":null,"FCLASS_GB":null,"FCLASS_BR":null,"FCLASS_IL":null,"FCLASS_PS":null,"FCLASS_SA":null,"FCLASS_EG":null,"FCLASS_MA":null,"FCLASS_PT":null,"FCLASS_AR":null,"FCLASS_JP":null,"FCLASS_KO":null,"FCLASS_VN":null,"FCLASS_TR":null,"FCLASS_ID":null,"FCLASS_PL":null,"FCLASS_GR":null,"FCLASS_IT":null,"FCLASS_NL":null,"FCLASS_SE":null,"FCLASS_BD":null,"FCLASS_UA":null},"geometry":{"type":"MultiPolygon","coordinates":[[],[],[],[],[],[],[],[],[],[],[],[],[],[],[],[],[],[],[],[],[],[],[],[],[],[],[],[],[],[],[],[],[],[],[],[],[],[],[],[]]}},{"type":"Feature","bbox":[5.85752,47.278809,15.016602,55.05874],"properties":{"featurecla":"Admin-0 country","scalerank":1,"LABELRANK":2,"SOVEREIGNT":"Germany","SOV_A3":"DEU","ADM0_DIF":0,"LEVEL":2,"TYPE":"Sovereign country","TLC":"1","ADMIN":"Germany","ADM0_A3":"DEU","GEOU_DIF":0,"GEOUNIT":"Germany","GU_A3":"DEU","SU_DIF":0,"SUBUNIT":"Germany","SU_A3":"DEU","BRK_DIFF":0,"NAME":"Germany","NAME_LONG":"Germany","BRK_A3":"DEU","BRK_NAME":"Germany","BRK_GROUP":null,"ABBREV":"Ger.","POSTAL":"D","FORMAL_EN":"Federal Republic of Germany","FORMAL_FR":null,"NAME_CIAWF":"Germany","NOTE_ADM0":null,"NOTE_BRK":null,"NAME_SORT":"Germany","NAME_ALT":null,"MAPCOLOR7":2,"MAPCOLOR8":5,"MAPCOLOR9":5,"MAPCOLOR13":1,"POP_EST":83132799,"POP_RANK":16,"POP_YEAR":2019,"GDP_MD":3861123,"GDP_YEAR":2019,"ECONOMY":"1. Developed region: G7","INCOME_GRP":"1. High income: OECD","FIPS_10":"GM","ISO_A2":"DE","ISO_A2_EH":"DE","ISO_A3":"DEU","ISO_A3_EH":"DEU","ISO_N3":"276","ISO_N3_EH":"276","UN_A3":"276","WB_A2":"DE","WB_A3":"DEU","WOE_ID":23424829,"WOE_ID_EH":23424829,"WOE_NOTE":"Exact WOE match as country","ADM0_ISO":"DEU","ADM0_DIFF":null,"ADM0_TLC":"DEU","ADM0_A3_US":"DEU","ADM0_A3_FR":"DEU","ADM0_A3_RU":"DEU","ADM0_A3_ES":"DEU","ADM0_A3_CN":"DEU","ADM0_A3_TW":"DEU","ADM0_A3_IN":"DEU","ADM0_A3_NP":"DEU","ADM0_A3_PK":"DEU","ADM0_A3_DE":"DEU","ADM0_A3_GB":"DEU","ADM0_A3_BR":"DEU","ADM0_A3_IL":"DEU","ADM0_A3_PS":"DEU","ADM0_A3_SA":"DEU","ADM0_A3_EG":"DEU","ADM0_A3_MA":"DEU","ADM0_A3_PT":"DEU","ADM0_A3_AR":"DEU","ADM0_A3_JP":"DEU","ADM0_A3_KO":"DEU","ADM0_A3_VN":"DEU","ADM0_A3_TR":"DEU","ADM0_A3_ID":"DEU","ADM0_A3_PL":"DEU","ADM0_A3_GR":"DEU","ADM0_A3_IT":"DEU","ADM0_A3_NL":"DEU","ADM0_A3_SE":"DEU","ADM0_A3_BD":"DEU","ADM0_A3_UA":"DEU","ADM0_A3_UN":-99,"ADM0_A3_WB":-99,"CONTINENT":"Europe","REGION_UN":"Europe","SUBREGION":"Western Europe","REGION_WB":"Europe & Central Asia","NAME_LEN":7,"LONG_LEN":7,"ABBREV_LEN":4,"TINY":-99,"HOMEPART":1,"MIN_ZOOM":0,"MIN_LABEL":1.7,"MAX_LABEL":6.7,"LABEL_X":9.678348,"LABEL_Y":50.961733,"NE_ID":1159320539,"WIKIDATAID":"Q183","NAME_AR":"ألمانيا","NAME_BN":"জার্মানি","NAME_DE":"Deutschland","NAME_EN":"Germany","NAME_ES":"Alemania","NAME_FA":"آلمان","NAME_FR":"Allemagne","NAME_EL":"Γερμανία","NAME_HE":"גרמניה","NAME_HI":"जर्मनी","NAME_HU":"Németország","NAME_ID":"Jerman","NAME_IT":"Germania","NAME_JA":"ドイツ","NAME_KO":"독일","NAME_NL":"Duitsland","NAME_PL":"Niemcy","NAME_PT":"Alemanha","NAME_RU":"Германия","NAME_SV":"Tyskland","NAME_TR":"Almanya","NAME_UK":"Німеччина","NAME_UR":"جرمنی","NAME_VI":"Đức","NAME_ZH":"德国","NAME_ZHT":"德國","FCLASS_ISO":"Admin-0 country","TLC_DIFF":null,"FCLASS_TLC":"Admin-0 country","FCLASS_US":null,"FCLASS_FR":null,"FCLASS_RU":null,"FCLASS_ES":null,"FCLASS_CN":null,"FCLASS_TW":null,"FCLASS_IN":null,"FCLASS_NP":null,"FCLASS_PK":null,"FCLASS_DE":null,"FCLASS_GB":null,"FCLASS_BR":null,"FCLASS_IL":null,"FCLASS_PS":null,"FCLASS_SA":null,"FCLASS_EG":null,"FCLASS_MA":null,"FCLASS_PT":null,"FCLASS_AR":null,"FCLASS_JP":null,"FCLASS_KO":null,"FCLASS_VN":null,"FCLASS_TR":null,"FCLASS_ID":null,"FCLASS_PL":null,"FCLASS_GR":null,"FCLASS_IT":null,"FCLASS_NL":null,"FCLASS_SE":null,"FCLASS_BD":null,"FCLASS_UA":null},"geometry":{"type":"MultiPolygon","coordinates":[[],[],[],[],[],[]]}},{"type":"Feature","bbox":[-61.794092,-21.369043,55.839063,51.097119],"properties":{"featurecla":"Admin-0 country","scalerank":1,"LABELRANK":2,"SOVEREIGNT":"France","SOV_A3":"FR1","ADM0_DIF":1,"LEVEL":2,"TYPE":"Country","TLC":"1","ADMIN":"France","ADM0_A3":"FRA","GEOU_DIF":0,"GEOUNIT":"France","GU_A3":"FRA","SU_DIF":0,"SUBUNIT":"France","SU_A3":"FRA","BRK_DIFF":0,"NAME":"France","NAME_LONG":"France","BRK_A3":"FRA","BRK_NAME":"France","BRK_GROUP":null,"ABBREV":"Fr.","POSTAL":"F","FORMAL_EN":"French Republic","FORMAL_FR":null,"NAME_CIAWF":"France","NOTE_ADM0":null,"NOTE_BRK":null,"NAME_SORT":"France","NAME_ALT":null,"MAPCOLOR7":7,"MAPCOLOR8":5,"MAPCOLOR9":9,"MAPCOLOR13":11,"POP_EST":67059887,"POP_RANK":16,"POP_YEAR":2019,"GDP_MD":2715518,"GDP_YEAR":2019,"ECONOMY":"1. Developed region: G7","INCOME_GRP":"1. High income: OECD","FIPS_10":"FR","ISO_A2":"-99","ISO_A2_EH":"FR","ISO_A3":"-99","ISO_A3_EH":"FRA","ISO_N3":"-99","ISO_N3_EH":"250","UN_A3":"250","WB_A2":"FR","WB_A3":"FRA","WOE_ID":-90,"WOE_ID_EH":23424819,"WOE_NOTE":"Includes only Metropolitan France (including Corsica)","ADM0_ISO":"FRA","ADM0_DIFF":null,"ADM0_TLC":"FRA","ADM0_A3_US":"FRA","ADM0_A3_FR":"FRA","ADM0_A3_RU":"FRA","ADM0_A3_ES":"FRA","ADM0_A3_CN":"FRA","ADM0_A3_TW":"FRA","ADM0_A3_IN":"FRA","ADM0_A3_NP":"FRA","ADM0_A3_PK":"FRA","ADM0_A3_DE":"FRA","ADM0_A3_GB":"FRA","ADM0_A3_BR":"FRA","ADM0_A3_IL":"FRA","ADM0_A3_PS":"FRA","ADM0_A3_SA":"FRA","ADM0_A3_EG":"FRA","ADM0_A3_MA":"FRA","ADM0_A3_PT":"FRA","ADM0_A3_AR":"FRA","ADM0_A3_JP":"FRA","ADM0_A3_KO":"FRA","ADM0_A3_VN":"FRA","ADM0_A3_TR":"FRA","ADM0_A3_ID":"FRA","ADM0_A3_PL":"FRA","ADM0_A3_GR":"FRA","ADM0_A3_IT":"FRA","ADM0_A3_NL":"FRA","ADM0_A3_SE":"FRA","ADM0_A3_BD":"FRA","ADM0_A3_UA":"FRA","ADM0_A3_UN":-99,"ADM0_A3_WB":-99,"CONTINENT":"Europe","REGION_UN":"Europe","SUBREGION":"Western Europe","REGION_WB":"Europe & Central Asia","NAME_LEN":6,"LONG_LEN":6,"ABBREV_LEN":3,"TINY":-99,"HOMEPART":1,"MIN_ZOOM":0,"MIN_LABEL":1.7,"MAX_LABEL":6.7,"LABEL_X":2.552275,"LABEL_Y":46.696113,"NE_ID":1159320637,"WIKIDATAID":"Q142","NAME_AR":"فرنسا","NAME_BN":"ফ্রান্স","NAME_DE":"Frankreich","NAME_EN":"France","NAME_ES":"Francia","NAME_FA":"فرانسه","NAME_FR":"France","NAME_EL":"Γαλλία","NAME_HE":"צרפת","NAME_HI":"फ़्रान्स","NAME_HU":"Franciaország","NAME_ID":"Prancis","NAME_IT":"Francia","NAME_JA":"フランス","NAME_KO":"프랑스","NAME_NL":"Frankrijk","NAME_PL":"Francja","NAME_PT":"França","NAME_RU":"Франция","NAME_SV":"Frankrike","NAME_TR":"Fransa","NAME_UK":"Франція","NAME_UR":"فرانس","NAME_VI":"Pháp","NAME_ZH":"法国","NAME_ZHT":"法國","FCLASS_ISO":"Admin-0 country","TLC_DIFF":null,"FCLASS_TLC":"Admin-0 country","FCLASS_US":null,"FCLASS_FR":null,"FCLASS_RU":null,"FCLASS_ES":null,"FCLASS_CN":null,"FCLASS_TW":null,"FCLASS_IN":null,"FCLASS_NP":null,"FCLASS_PK":null,"FCLASS_DE":null,"FCLASS_GB":null,"FCLASS_BR":null,"FCLASS_IL":null,"FCLASS_PS":null,"FCLASS_SA":null,"FCLASS_EG":null,"FCLASS_MA":null,"FCLASS_PT":null,"FCLASS_AR":null,"FCLASS_JP":null,"FCLASS_KO":null,"FCLASS_VN":null,"FCLASS_TR":null,"FCLASS_ID":null,"FCLASS_PL":null,"FCLASS_GR":null,"FCLASS_IT":null,"FCLASS_NL":null,"FCLASS_SE":null,"FCLASS_BD":null,"FCLASS_UA":null},"geometry":{"type":"MultiPolygon","coordinates":[[],[],[],[],[],[],[],[],[],[]]}},{"type":"Feature","bbox":[-56.386914,46.752832,-56.137354,47.098975],"properties":{"featurecla":"Admin-0 country","scalerank":4,"LABELRANK":4,"SOVEREIGNT":"France","SOV_A3":"FR1","ADM0_DIF":1,"LEVEL":2,"TYPE":"Dependency","TLC":"1","ADMIN":"Saint Pierre and Miquelon","ADM0_A3":"SPM","GEOU_DIF":0,"GEOUNIT":"Saint Pierre and Miquelon","GU_A3":"SPM","SU_DIF":0,"SUBUNIT":"Saint Pierre and Miquelon","SU_A3":"SPM","BRK_DIFF":0,"NAME":"St. Pierre and Miquelon","NAME_LONG":"Saint Pierre and Miquelon","BRK_A3":"SPM","BRK_NAME":"St. Pierre and Miquelon","BRK_GROUP":null,"ABBREV":"St. P.M.","POSTAL":"PM","FORMAL_EN":"Saint Pierre and Miquelon","FORMAL_FR":null,"NAME_CIAWF":"Saint Pierre and Miquelon","NOTE_ADM0":"Fr.","NOTE_BRK":null,"NAME_SORT":"St. Pierre and Miquelon","NAME_ALT":null,"MAPCOLOR7":7,"MAPCOLOR8":5,"MAPCOLOR9":9,"MAPCOLOR13":11,"POP_EST":5997,"POP_RANK":5,"POP_YEAR":2017,"GDP_MD":215,"GDP_YEAR":2016,"ECONOMY":"2. Developed region: nonG7","INCOME_GRP":"3. Upper middle income","FIPS_10":"SB","ISO_A2":"PM","ISO_A2_EH":"PM","ISO_A3":"SPM","ISO_A3_EH":"SPM","ISO_N3":"666","ISO_N3_EH":"666","UN_A3":"666","WB_A2":"-99","WB_A3":"-99","WOE_ID":23424939,"WOE_ID_EH":23424939,"WOE_NOTE":"Exact WOE match as country","ADM0_ISO":"SPM","ADM0_DIFF":null,"ADM0_TLC":"SPM","ADM0_A3_US":"SPM","ADM0_A3_FR":"SPM","ADM0_A3_RU":"SPM","ADM0_A3_ES":"SPM","ADM0_A3_CN":"SPM","ADM0_A3_TW":"SPM","ADM0_A3_IN":"SPM","ADM0_A3_NP":"SPM","ADM0_A3_PK":"SPM","ADM0_A3_DE":"SPM","ADM0_A3_GB":"SPM","ADM0_A3_BR":"SPM","ADM0_A3_IL":"SPM","ADM0_A3_PS":"SPM","ADM0_A3_SA":"SPM","ADM0_A3_EG":"SPM","ADM0_A3_MA":"SPM","ADM0_A3_PT":"SPM","ADM0_A3_AR":"SPM","ADM0_A3_JP":"SPM","ADM0_A3_KO":"SPM","ADM0_A3_VN":"SPM","ADM0_A3_TR":"SPM","ADM0_A3_ID":"SPM","ADM0_A3_PL":"SPM","ADM0_A3_GR":"SPM","ADM0_A3_IT":"SPM","ADM0_A3_NL":"SPM","ADM0_A3_SE":"SPM","ADM0_A3_BD":"SPM","ADM0_A3_UA":"SPM","ADM0_A3_UN":-99,"ADM0_A3_WB":-99,"CONTINENT":"North America","REGION_UN":"Americas","SUBREGION":"Northern America","REGION_WB":"North America","NAME_LEN":23,"LONG_LEN":25,"ABBREV_LEN":8,"TINY":3,"HOMEPART":-99,"MIN_ZOOM":0,"MIN_LABEL":5,"MAX_LABEL":10,"LABEL_X":-56.332352,"LABEL_Y":47.040344,"NE_ID":1159320647,"WIKIDATAID":"Q34617","NAME_AR":"سان بيير وميكلون","NAME_BN":"সাঁ পিয়ের ও মিকলোঁ","NAME_DE":"Saint-Pierre und Miquelon","NAME_EN":"Saint Pierre and Miquelon","NAME_ES":"San Pedro y Miquelón","NAME_FA":"سن پیر و میکلن","NAME_FR":"Saint-Pierre-et-Miquelon","NAME_EL":"Σαιν-Πιερ και Μικελόν","NAME_HE":"סן-פייר ומיקלון","NAME_HI":"सन्त पियर और मिकलान","NAME_HU":"Saint-Pierre és Miquelon","NAME_ID":"Saint Pierre dan Miquelon","NAME_IT":"Saint-Pierre e Miquelon","NAME_JA":"サンピエール島・ミクロン島","NAME_KO":"생피에르 미클롱","NAME_NL":"Saint-Pierre en Miquelon","NAME_PL":"Saint-Pierre i Miquelon","NAME_PT":"Saint-Pierre e Miquelon","NAME_RU":"Сен-Пьер и Микелон","NAME_SV":"Saint-Pierre och Miquelon","NAME_TR":"Saint Pierre ve Miquelon","NAME_UK":"Сен-П'єр і Мікелон","NAME_UR":"سینٹ پیئر و میکیلون","NAME_VI":"Saint-Pierre và Miquelon","NAME_ZH":"圣皮埃尔和密克隆","NAME_ZHT":"聖皮埃與密克隆群島","FCLASS_ISO":"Admin-0 dependency","TLC_DIFF":null,"FCLASS_TLC":"Admin-0 dependency","FCLASS_US":null,"FCLASS_FR":null,"FCLASS_RU":null,"FCLASS_ES":null,"FCLASS_CN":null,"FCLASS_TW":null,"FCLASS_IN":null,"FCLASS_NP":null,"FCLASS_PK":null,"FCLASS_DE":null,"FCLASS_GB":null,"FCLASS_BR":null,"FCLASS_IL":null,"FCLASS_PS":null,"FCLASS_SA":null,"FCLASS_EG":null,"FCLASS_MA":null,"FCLASS_PT":null,"FCLASS_AR":null,"FCLASS_JP":null,"FCLASS_KO":null,"FCLASS_VN":null,"FCLASS_TR":null,"FCLASS_ID":null,"FCLASS_PL":null,"FCLASS_GR":null,"FCLASS_IT":null,"FCLASS_NL":null,"FCLASS_SE":null,"FCLASS_BD":null,"FCLASS_UA":null},"geometry":{"type":"MultiPolygon","coordinates":[[],[]]}},{"type":"Feature","bbox":[-178.194385,-14.324902,-176.128076,-13.22168],"properties":{"featurecla":"Admin-0 country","scalerank":3,"LABELRANK":4,"SOVEREIGNT":"France","SOV_A3":"FR1","ADM0_DIF":1,"LEVEL":2,"TYPE":"Dependency","TLC":"1","ADMIN":"Wallis and Futuna","ADM0_A3":"WLF","GEOU_DIF":0,"GEOUNIT":"Wallis and Futuna","GU_A3":"WLF","SU_DIF":0,"SUBUNIT":"Wallis and Futuna","SU_A3":"WLF","BRK_DIFF":0,"NAME":"Wallis and Futuna Is.","NAME_LONG":"Wallis and Futuna Islands","BRK_A3":"WLF","BRK_NAME":"Wallis and Futuna Islands","BRK_GROUP":null,"ABBREV":"Wlf.","POSTAL":"WF","FORMAL_EN":"Wallis and Futuna Islands","FORMAL_FR":null,"NAME_CIAWF":"Wallis and Futuna","NOTE_ADM0":"Fr.","NOTE_BRK":null,"NAME_SORT":"Wallis and Futuna","NAME_ALT":null,"MAPCOLOR7":7,"MAPCOLOR8":5,"MAPCOLOR9":9,"MAPCOLOR13":11,"POP_EST":11558,"POP_RANK":6,"POP_YEAR":2018,"GDP_MD":60,"GDP_YEAR":2016,"ECONOMY":"6. Developing region","INCOME_GRP":"4. Lower middle income","FIPS_10":"WF","ISO_A2":"WF","ISO_A2_EH":"WF","ISO_A3":"WLF","ISO_A3_EH":"WLF","ISO_N3":"876","ISO_N3_EH":"876","UN_A3":"876","WB_A2":"-99","WB_A3":"-99","WOE_ID":23424989,"WOE_ID_EH":23424989,"WOE_NOTE":"Exact WOE match as country","ADM0_ISO":"WLF","ADM0_DIFF":null,"ADM0_TLC":"WLF","ADM0_A3_US":"WLF","ADM0_A3_FR":"WLF","ADM0_A3_RU":"WLF","ADM0_A3_ES":"WLF","ADM0_A3_CN":"WLF","ADM0_A3_TW":"WLF","ADM0_A3_IN":"WLF","ADM0_A3_NP":"WLF","ADM0_A3_PK":"WLF","ADM0_A3_DE":"WLF","ADM0_A3_GB":"WLF","ADM0_A3_BR":"WLF","ADM0_A3_IL":"WLF","ADM0_A3_PS":"WLF","ADM0_A3_SA":"WLF","ADM0_A3_EG":"WLF","ADM0_A3_MA":"WLF","ADM0_A3_PT":"WLF","ADM0_A3_AR":"WLF","ADM0_A3_JP":"WLF","ADM0_A3_KO":"WLF","ADM0_A3_VN":"WLF","ADM0_A3_TR":"WLF","ADM0_A3_ID":"WLF","ADM0_A3_PL":"WLF","ADM0_A3_GR":"WLF","ADM0_A3_IT":"WLF","ADM0_A3_NL":"WLF","ADM0_A3_SE":"WLF","ADM0_A3_BD":"WLF","ADM0_A3_UA":"WLF","ADM0_A3_UN":-99,"ADM0_A3_WB":-99,"CONTINENT":"Oceania","REGION_UN":"Oceania","SUBREGION":"Polynesia","REGION_WB":"East Asia & Pacific","NAME_LEN":21,"LONG_LEN":25,"ABBREV_LEN":4,"TINY":3,"HOMEPART":-99,"MIN_ZOOM":0,"MIN_LABEL":4.7,"MAX_LABEL":9,"LABEL_X":-178.137436,"LABEL_Y":-14.286415,"NE_ID":1159320649,"WIKIDATAID":"Q35555","NAME_AR":"واليس وفوتونا","NAME_BN":"ওয়ালিস ও ফুটুনা","NAME_DE":"Wallis und Futuna","NAME_EN":"Wallis and Futuna","NAME_ES":"Wallis y Futuna","NAME_FA":"والیس و فوتونا","NAME_FR":"Wallis-et-Futuna","NAME_EL":"Ουαλίς και Φουτουνά","NAME_HE":"ואליס ופוטונה","NAME_HI":"वालिस और फ़्यूचूना","NAME_HU":"Wallis és Futuna","NAME_ID":"Wallis dan Futuna","NAME_IT":"Wallis e Futuna","NAME_JA":"ウォリス・フツナ","NAME_KO":"왈리스 푸투나","NAME_NL":"Wallis en Futuna","NAME_PL":"Wallis i Futuna","NAME_PT":"Wallis e Futuna","NAME_RU":"Уоллис и Футуна","NAME_SV":"Wallis- och Futunaöarna","NAME_TR":"Wallis ve Futuna Adaları","NAME_UK":"Волліс і Футуна","NAME_UR":"والس و فتونہ","NAME_VI":"Wallis và Futuna","NAME_ZH":"瓦利斯和富图纳","NAME_ZHT":"瓦利斯和富圖納","FCLASS_ISO":"Admin-0 dependency","TLC_DIFF":null,"FCLASS_TLC":"Admin-0 dependency","FCLASS_US":null,"FCLASS_FR":null,"FCLASS_RU":null,"FCLASS_ES":null,"FCLASS_CN":null,"FCLASS_TW":null,"FCLASS_IN":null,"FCLASS_NP":null,"FCLASS_PK":null,"FCLASS_DE":null,"FCLASS_GB":null,"FCLASS_BR":null,"FCLASS_IL":null,"FCLASS_PS":null,"FCLASS_SA":null,"FCLASS_EG":null,"FCLASS_MA":null,"FCLASS_PT":null,"FCLASS_AR":null,"FCLASS_JP":null,"FCLASS_KO":null,"FCLASS_VN":null,"FCLASS_TR":null,"FCLASS_ID":null,"FCLASS_PL":null,"FCLASS_GR":null,"FCLASS_IT":null,"FCLASS_NL":null,"FCLASS_SE":null,"FCLASS_BD":null,"FCLASS_UA":null},"geometry":{"type":"MultiPolygon","coordinates":[[[[45.82984773561514,-3.540953777995301],[45.81396688113887,-3.5459732037838005],[45.80628917564112,-3.5003873122869873],[45.839808569337,-3.443104740571279],[45.86441953256278,-3.4260438868351484],[45.87182105602234,-3.479605865395167],[45.82984773561514,-3.540953777995301]]],[[[43.97928263909688,-4.1749514417232625],[43.92853269314019,-4.16985323242519],[43.88313029438557,-4.144539947853887],[43.86393887009539,-4.07769565037516],[43.883267340254605,-4.05610589408132],[43.91215673753313,-4.07514162931096],[43.935735742916734,-4.126706561343157],[43.985157168331085,-4.1596870086748785],[43.97928263909688,-4.1749514417232625]]]]}},{"type":"Feature","bbox":[-151.512402,-20.875879,-136.293896,-8.781543],"properties":{"featurecla":"Admin-0 country","scalerank":3,"LABELRANK":4,"SOVEREIGNT":"France","SOV_A3":"FR1","ADM0_DIF":1,"LEVEL":2,"TYPE":"Dependency","TLC":"1","ADMIN":"French Polynesia","ADM0_A3":"PYF","GEOU_DIF":0,"GEOUNIT":"French Polynesia","GU_A3":"PYF","SU_DIF":0,"SUBUNIT":"French Polynesia","SU_A3":"PYF","BRK_DIFF":0,"NAME":"Fr. Polynesia","NAME_LONG":"French Polynesia","BRK_A3":"PYF","BRK_NAME":"Fr. Polynesia","BRK_GROUP":null,"ABBREV":"Fr. Poly.","POSTAL":"PF","FORMAL_EN":"French Polynesia","FORMAL_FR":null,"NAME_CIAWF":"French Polynesia","NOTE_ADM0":"Fr.","NOTE_BRK":null,"NAME_SORT":"French Polynesia","NAME_ALT":null,"MAPCOLOR7":7,"MAPCOLOR8":5,"MAPCOLOR9":9,"MAPCOLOR13":11,"POP_EST":279287,"POP_RANK":10,"POP_YEAR":2019,"GDP_MD":5490,"GDP_YEAR":2016,"ECONOMY":"6. Developing region","INCOME_GRP":"2. High income: nonOECD","FIPS_10":"FP","ISO_A2":"PF","ISO_A2_EH":"PF","ISO_A3":"PYF","ISO_A3_EH":"PYF","ISO_N3":"258","ISO_N3_EH":"258","UN_A3":"258","WB_A2":"PF","WB_A3":"PYF","WOE_ID":23424817,"WOE_ID_EH":23424817,"WOE_NOTE":"Exact WOE match as country","ADM0_ISO":"PYF","ADM0_DIFF":null,"ADM0_TLC":"PYF","ADM0_A3_US":"PYF","ADM0_A3_FR":"PYF","ADM0_A3_RU":"PYF","ADM0_A3_ES":"PYF","ADM0_A3_CN":"PYF","ADM0_A3_TW":"PYF","ADM0_A3_IN":"PYF","ADM0_A3_NP":"PYF","ADM0_A3_PK":"PYF","ADM0_A3_DE":"PYF","ADM0_A3_GB":"PYF","ADM0_A3_BR":"PYF","ADM0_A3_IL":"PYF","ADM0_A3_PS":"PYF","ADM0_A3_SA":"PYF","ADM0_A3_EG":"PYF","ADM0_A3_MA":"PYF","ADM0_A3_PT":"PYF","ADM0_A3_AR":"PYF","ADM0_A3_JP":"PYF","ADM0_A3_KO":"PYF","ADM0_A3_VN":"PYF","ADM0_A3_TR":"PYF","ADM0_A3_ID":"PYF","ADM0_A3_PL":"PYF","ADM0_A3_GR":"PYF","ADM0_A3_IT":"PYF","ADM0_A3_NL":"PYF","ADM0_A3_SE":"PYF","ADM0_A3_BD":"PYF","ADM0_A3_UA":"PYF","ADM0_A3_UN":-99,"ADM0_A3_WB":-99,"CONTINENT":"Oceania","REGION_UN":"Oceania","SUBREGION":"Polynesia","REGION_WB":"East Asia & Pacific","NAME_LEN":13,"LONG_LEN":16,"ABBREV_LEN":9,"TINY":2,"HOMEPART":-99,"MIN_ZOOM":0,"MIN_LABEL":3.5,"MAX_LABEL":8.5,"LABEL_X":-149.46157,"LABEL_Y":-17.628081,"NE_ID":1159320643,"WIKIDATAID":"Q30971","NAME_AR":"بولينزيا الفرنسية","NAME_BN":"ফরাসি পলিনেশিয়া","NAME_DE":"Französisch-Polynesien","NAME_EN":"French Polynesia","NAME_ES":"Polinesia Francesa","NAME_FA":"پلینزی فرانسه","NAME_FR":"Polynésie française","NAME_EL":"Γαλλική Πολυνησία","NAME_HE":"פולינזיה הצרפתית","NAME_HI":"फ़्रान्सीसी पॉलिनेशिया","NAME_HU":"Francia Polinézia","NAME_ID":"Polinesia Prancis","NAME_IT":"Polinesia francese","NAME_JA":"フランス領ポリネシア","NAME_KO":"프랑스령 폴리네시아","NAME_NL":"Frans-Polynesië","NAME_PL":"Polinezja Francuska","NAME_PT":"Polinésia Francesa","NAME_RU":"Французская Полинезия","NAME_SV":"Franska Polynesien","NAME_TR":"Fransız Polinezyası","NAME_UK":"Французька Полінезія","NAME_UR":"فرانسیسی پولینیشیا","NAME_VI":"Polynésie thuộc Pháp","NAME_ZH":"法属波利尼西亚","NAME_ZHT":"法屬玻里尼西亞","FCLASS_ISO":"Admin-0 dependency","TLC_DIFF":null,"FCLASS_TLC":"Admin-0 dependency","FCLASS_US":null,"FCLASS_FR":null,"FCLASS_RU":null,"FCLASS_ES":null,"FCLASS_CN":null,"FCLASS_TW":null,"FCLASS_IN":null,"FCLASS_NP":null,"FCLASS_PK":null,"FCLASS_DE":null,"FCLASS_GB":null,"FCLASS_BR":null,"FCLASS_IL":null,"FCLASS_PS":null,"FCLASS_SA":null,"FCLASS_EG":null,"FCLASS_MA":null,"FCLASS_PT":null,"FCLASS_AR":null,"FCLASS_JP":null,"FCLASS_KO":null,"FCLASS_VN":null,"FCLASS_TR":null,"FCLASS_ID":null,"FCLASS_PL":null,"FCLASS_GR":null,"FCLASS_IT":null,"FCLASS_NL":null,"FCLASS_SE":null,"FCLASS_BD":null,"FCLASS_UA":null},"geometry":{"type":"MultiPolygon","coordinates":[[[[64.42356971408297,-14.24728229666019],[64.40756103493905,-14.249053975944465],[64.40131672594585,-14.222111737058428],[64.40676350419825,-14.188379885496941],[64.42960682361048,-14.141186350538543],[64.45179391391483,-14.191342520599408],[64.45748175872235,-14.220055910046584],[64.42356971408297,-14.24728229666019]]],[[[65.20437590429893,-15.828114523926342],[65.17166266549441,-15.84497666330557],[65.15090264753236,-15.809485520977116],[65.14894121198905,-15.775124941433656],[65.15575511219888,-15.743575680078786],[65.17599381261299,-15.712548243681672],[65.23833453755674,-15.752141178500265],[65.25049624205012,-15.777153664814819],[65.20437590429893,-15.828114523926342]]],[[[64.37410604240931,-14.509992036371367],[64.34554875424162,-14.497357997125668],[64.32653572905318,-14.46716035630905],[64.37481402516066,-14.357312138384971],[64.39019590447393,-14.337606315464484],[64.41525208680004,-14.395937237936046],[64.41150550475928,-14.51159809102139],[64.37410604240931,-14.509992036371367]]],[[[65.47837806511336,-16.171008684259956],[65.55600181731754,-16.276089870927507],[65.54104797698429,-16.368644308822006],[65.49791184005365,-16.411759581700696],[65.45392709207012,-16.37081193534041],[65.44150101885934,-16.327312937332476],[65.44648421202172,-16.209951677558276],[65.34165750631148,-16.17931530783632],[65.28297392426975,-16.1234519420506],[65.29710423538067,-15.975020533217092],[65.31869165571756,-15.915889291351078],[65.34896798010386,-15.889025073204401],[65.43502729181809,-15.88911881353948],[65.5120137039468,-15.965914322544414],[65.51663859870183,-16.057268233725775],[65.47837806511336,-16.171008684259956]]],[[[75.62515313759961,-10.996189338804946],[75.7044666085981,-11.122309204140318],[75.73743186995587,-11.135051489085551],[75.68724577807366,-11.178332555135858],[75.5789424754524,-11.150511967533644],[75.53723173816418,-11.160721182444155],[75.50351389487736,-11.115769694108767],[75.50405089704854,-11.029547366837521],[75.62515313759961,-10.996189338804946]]],[[[75.51464479805998,-11.27166582613005],[75.43677640311408,-11.336759596716945],[75.46759706390185,-11.234503928862402],[75.48919898867652,-11.232305307143983],[75.50517048382481,-11.242398231003907],[75.51464479805998,-11.27166582613005]]],[[[75.55995090308487,-12.157575784966632],[75.52958563383221,-12.163030729830615],[75.56904056388638,-12.031389212225944],[75.5920531545018,-12.076181344350386],[75.59744923781948,-12.104840557887332],[75.5810530527462,-12.137195975061527],[75.55995090308487,-12.157575784966632]]],[[[75.20748042572232,-9.600498833298722],[75.13355518077073,-9.590081639168051],[75.10350884694661,-9.5659203738725],[75.1077712173485,-9.451036192417208],[75.13353204898978,-9.393793475445763],[75.14951979324864,-9.38028769402468],[75.25494016158964,-9.471922870449664],[75.2516411197571,-9.523275000522608],[75.23792494179368,-9.565712432364585],[75.20748042572232,-9.600498833298722]]],[[[75.02527213792989,-10.23401793844237],[75.0043088274055,-10.247503767791954],[74.99827465518726,-10.157610551005902],[75.00285440831951,-10.124327087404344],[75.0630127367064,-10.115683223341918],[75.08379316950916,-10.152253395143992],[75.02527213792989,-10.23401793844237]]],[[[70.90471640061138,-19.77893207240135],[70.89802672487373,-19.802066187506412],[70.87715865320932,-19.783661445893983],[70.87394092182738,-19.771834710559393],[70.89251748154489,-19.73294832287967],[70.93052529785678,-19.696722211841657],[70.96155231754429,-19.6654268964214],[71.00446416435506,-19.646049019663906],[71.06756869075598,-19.640748275373422],[71.09686651463812,-19.640810717517397],[71.09970996433233,-19.654973486831175],[71.08871596747892,-19.654655374090755],[70.97696217704272,-19.679835489206084],[70.92808183530711,-19.717988593313027],[70.89984973192905,-19.748952014250957],[70.89638245168138,-19.762214951646826],[70.90471640061138,-19.77893207240135]]],[[[75.54289794564347,-9.846384229182895],[75.496956800645,-9.82958670695525],[75.5069260096997,-9.764094379781074],[75.5293820420664,-9.739841537042064],[75.55221140338669,-9.735894712027447],[75.57989180393501,-9.774946053980507],[75.58985557579952,-9.812440042952097],[75.58235492905021,-9.834767565126612],[75.54289794564347,-9.846384229182895]]],[[[70.71091144852119,-20.40760607278612],[70.70021110999588,-20.453082405006946],[70.69446366911816,-20.424074545089088],[70.66618422722472,-20.352155213554926],[70.67637539581631,-20.3160789250414],[70.71091144852119,-20.40760607278612]]],[[[70.72197453246386,-20.136496071939842],[70.71214480033441,-20.169821098263782],[70.69884393491452,-20.133842406690704],[70.70345299239887,-20.06287022896047],[70.69726697464539,-19.9666463744424],[70.70143526335247,-19.93179774796774],[70.71829894585505,-19.979600158143743],[70.71886897880886,-20.0336483545248],[70.72197453246386,-20.136496071939842]]],[[[73.17749163692427,-22.53922662065973],[73.15385152979047,-22.55405674403622],[73.16461629078547,-22.530050463198204],[73.15473510682087,-22.50586306980039],[73.14483977798831,-22.464832729957056],[73.12900529494652,-22.413688371704907],[73.11519987917471,-22.396230444976073],[73.11515973308842,-22.37406951973554],[73.13056184218966,-22.37477779343671],[73.1426332341682,-22.401890197148298],[73.15573474158327,-22.447469176713955],[73.17264300392299,-22.49635986125167],[73.17749163692427,-22.53922662065973]]],[[[72.90792843974407,-22.007905509496087],[72.8976884833731,-22.02890548959175],[72.89560693563342,-21.88010734683037],[72.91308672263277,-21.90558569560499],[72.90792843974407,-22.007905509496087]]],[[[70.61343247476822,-24.024270857373164],[70.58629699278465,-24.031007142251216],[70.60713245309012,-24.00920214336688],[70.62692362599563,-23.94083019719733],[70.61925356590837,-23.922624880975754],[70.64084971716431,-23.915609587627774],[70.63392092167194,-23.974053919173755],[70.61343247476822,-24.024270857373164]]],[[[70.69702874509272,-17.09479709186825],[70.68065333165733,-17.099650507958813],[70.73189963998398,-17.019473357124053],[70.75288992765488,-17.01886202996136],[70.69702874509272,-17.09479709186825]]],[[[69.85903282880427,-17.299591176326203],[69.87111079149464,-17.37685851888318],[69.84017509626626,-17.309805533249694],[69.78757416534789,-17.25598082442227],[69.81424631387561,-17.260533874845105],[69.84638440428257,-17.2828126870583],[69.85903282880427,-17.299591176326203]]],[[[69.76806157160273,-17.26289176020248],[69.73999911711041,-17.253053226069138],[69.70517907450345,-17.14685581268308],[69.72918438682913,-17.162060799486532],[69.74769231290398,-17.226346803404184],[69.76806157160273,-17.26289176020248]]],[[[69.15276929770143,-15.79099060425181],[69.12883789281656,-15.83915363444919],[69.13549394330703,-15.782769423899156],[69.12513257533622,-15.679972165942713],[69.12355014951143,-15.63591126666569],[69.13942958905349,-15.652339714748223],[69.15276929770143,-15.79099060425181]]],[[[68.65558123681534,-16.149490270331086],[68.65098379189197,-16.170256858646923],[68.6378402004224,-16.16102686388888],[68.63571237489408,-16.089616816134757],[68.646332699361,-16.03517360247277],[68.6526090521728,-15.970174106909663],[68.64702342835687,-15.91675260180893],[68.65926480344892,-15.877876497112418],[68.68167135947553,-15.818453792548107],[68.67066331850864,-15.923413195348154],[68.66521671736173,-16.009710522519267],[68.6585063057554,-16.079336616780836],[68.65558123681534,-16.149490270331086]]]]}},{"type":"Feature","bbox":[159.928223,-22.661133,168.139063,-19.114648],"properties":{"featurecla":"Admin-0 country","scalerank":1,"LABELRANK":3,"SOVEREIGNT":"France","SOV_A3":"FR1","ADM0_DIF":1,"LEVEL":2,"TYPE":"Dependency","TLC":"1","ADMIN":"New Caledonia","ADM0_A3":"NCL","GEOU_DIF":0,"GEOUNIT":"New Caledonia","GU_A3":"NCL","SU_DIF":0,"SUBUNIT":"New Caledonia","SU_A3":"NCL","BRK_DIFF":0,"NAME":"New Caledonia","NAME_LONG":"New Caledonia","BRK_A3":"NCL","BRK_NAME":"New Caledonia","BRK_GROUP":null,"ABBREV":"New C.","POSTAL":"NC","FORMAL_EN":"New Caledonia","FORMAL_FR":"Nouvelle-Calédonie","NAME_CIAWF":"New Caledonia","NOTE_ADM0":"Fr.","NOTE_BRK":null,"NAME_SORT":"New Caledonia","NAME_ALT":null,"MAPCOLOR7":7,"MAPCOLOR8":5,"MAPCOLOR9":9,"MAPCOLOR13":11,"POP_EST":287800,"POP_RANK":10,"POP_YEAR":2019,"GDP_MD":10770,"GDP_YEAR":2016,"ECONOMY":"6. Developing region","INCOME_GRP":"2. High income: nonOECD","FIPS_10":"NC","ISO_A2":"NC","ISO_A2_EH":"NC","ISO_A3":"NCL","ISO_A3_EH":"NCL","ISO_N3":"540","ISO_N3_EH":"540","UN_A3":"540","WB_A2":"NC","WB_A3":"NCL","WOE_ID":23424903,"WOE_ID_EH":23424903,"WOE_NOTE":"Exact WOE match as country","ADM0_ISO":"NCL","ADM0_DIFF":null,"ADM0_TLC":"NCL","ADM0_A3_US":"NCL","ADM0_A3_FR":"NCL","ADM0_A3_RU":"NCL","ADM0_A3_ES":"NCL","ADM0_A3_CN":"NCL","ADM0_A3_TW":"NCL","ADM0_A3_IN":"NCL","ADM0_A3_NP":"NCL","ADM0_A3_PK":"NCL","ADM0_A3_DE":"NCL","ADM0_A3_GB":"NCL","ADM0_A3_BR":"NCL","ADM0_A3_IL":"NCL","ADM0_A3_PS":"NCL","ADM0_A3_SA":"NCL","ADM0_A3_EG":"NCL","ADM0_A3_MA":"NCL","ADM0_A3_PT":"NCL","ADM0_A3_AR":"NCL","ADM0_A3_JP":"NCL","ADM0_A3_KO":"NCL","ADM0_A3_VN":"NCL","ADM0_A3_TR":"NCL","ADM0_A3_ID":"NCL","ADM0_A3_PL":"NCL","ADM0_A3_GR":"NCL","ADM0_A3_IT":"NCL","ADM0_A3_NL":"NCL","ADM0_A3_SE":"NCL","ADM0_A3_BD":"NCL","ADM0_A3_UA":"NCL","ADM0_A3_UN":-99,"ADM0_A3_WB":-99,"CONTINENT":"Oceania","REGION_UN":"Oceania","SUBREGION":"Melanesia","REGION_WB":"East Asia & Pacific","NAME_LEN":13,"LONG_LEN":13,"ABBREV_LEN":6,"TINY":-99,"HOMEPART":-99,"MIN_ZOOM":0,"MIN_LABEL":4.6,"MAX_LABEL":8,"LABEL_X":165.084004,"LABEL_Y":-21.064697,"NE_ID":1159320641,"WIKIDATAID":"Q33788","NAME_AR":"كاليدونيا الجديدة","NAME_BN":"নতুন ক্যালিডোনিয়া","NAME_DE":"Neukaledonien","NAME_EN":"New Caledonia","NAME_ES":"Nueva Caledonia","NAME_FA":"کالدونیای جدید","NAME_FR":"Nouvelle-Calédonie","NAME_EL":"Νέα Καληδονία","NAME_HE":"קלדוניה החדשה","NAME_HI":"नया कैलेडोनिया","NAME_HU":"Új-Kaledónia","NAME_ID":"Kaledonia Baru","NAME_IT":"Nuova Caledonia","NAME_JA":"ニューカレドニア","NAME_KO":"누벨칼레도니","NAME_NL":"Nieuw-Caledonië","NAME_PL":"Nowa Kaledonia","NAME_PT":"Nova Caledónia","NAME_RU":"Новая Каледония","NAME_SV":"Nya Kaledonien","NAME_TR":"Yeni Kaledonya","NAME_UK":"Нова Каледонія","NAME_UR":"نیو کیلیڈونیا","NAME_VI":"Nouvelle-Calédonie","NAME_ZH":"新喀里多尼亚","NAME_ZHT":"新喀里多尼亞","FCLASS_ISO":"Admin-0 dependency","TLC_DIFF":null,"FCLASS_TLC":"Admin-0 dependency","FCLASS_US":null,"FCLASS_FR":null,"FCLASS_RU":null,"FCLASS_ES":null,"FCLASS_CN":null,"FCLASS_TW":null,"FCLASS_IN":null,"FCLASS_NP":null,"FCLASS_PK":null,"FCLASS_DE":null,"FCLASS_GB":null,"FCLASS_BR":null,"FCLASS_IL":null,"FCLASS_PS":null,"FCLASS_SA":null,"FCLASS_EG":null,"FCLASS_MA":null,"FCLASS_PT":null,"FCLASS_AR":null,"FCLASS_JP":null,"FCLASS_KO":null,"FCLASS_VN":null,"FCLASS_TR":null,"FCLASS_ID":null,"FCLASS_PL":null,"FCLASS_GR":null,"FCLASS_IT":null,"FCLASS_NL":null,"FCLASS_SE":null,"FCLASS_BD":null,"FCLASS_UA":null},"geometry":{"type":"MultiPolygon","coordinates":[[[[27.059658779021763,-7.165565286491524],[27.150691910655173,-7.243848139018452],[27.263865740090083,-7.233530029769607],[27.38394752633869,-7.353594199831071],[27.68014682385709,-7.707953789264925],[27.791043567470396,-7.790612772791141],[27.858258462283665,-7.82618811241631],[27.9037546802397,-7.883938733000281],[27.940068803365552,-7.96078843741423],[27.99743135016416,-8.020160642982123],[28.017826076123793,-8.070279225679606],[28.013982282963255,-8.132950687933242],[28.030990502981222,-8.174586351475584],[28.133656995983163,-8.293384742902719],[28.189408524314583,-8.392177995300653],[28.28079797470853,-8.452784932859359],[28.314162857462897,-8.511820242916874],[28.3650606060691,-8.546236219435722],[28.412249670383844,-8.608763333851725],[28.500737768701548,-8.665982797551399],[28.68979690432893,-8.855156221305643],[28.830110348162982,-9.028628795779316],[28.896476361349713,-9.132597539490067],[28.971285447618705,-9.227865718492192],[29.074055081676907,-9.311203556865653],[29.16761285942792,-9.402558668438349],[29.188472311221542,-9.582971619121896],[29.146458053288377,-9.639065724444409],[29.07857375561562,-9.658910084604104],[29.02091413603737,-9.65131270194031],[28.96329312918792,-9.66286909351769],[28.805672206569064,-9.522209814281322],[28.76613952516872,-9.498762958475595],[28.717021632126766,-9.497567841546429],[28.69506809162074,-9.468640575389898],[28.683119621013645,-9.430224103631435],[28.58147692255104,-9.370930938974233],[28.49195650319739,-9.288196842941707],[28.470872884855783,-9.23865411144789],[28.464268284764156,-9.180239937460177],[28.44591257099184,-9.144125892903238],[28.310727739350884,-9.071856613834045],[28.223823106812183,-9.001876358004711],[28.167522424765647,-8.914018142284762],[28.06767588442187,-8.843186992644195],[27.916700877082963,-8.706586411291932],[27.835039376632498,-8.657582031218903],[27.767895375688074,-8.590754969497661],[27.59708824907083,-8.35951928168876],[27.529895819467267,-8.310935182774594],[27.481125342043562,-8.212554172312359],[27.339447637977763,-7.97522657447796],[27.2683065351592,-7.875631098574214],[27.187659610113077,-7.784380832283672],[27.131161871086025,-7.683421147380869],[27.094005804341492,-7.56826497734025],[26.991128342738996,-7.3959418799969034],[26.98626069166797,-7.328154856680246],[27.00282935227856,-7.26177186739451],[26.978983371553635,-7.213921090270317],[26.930587111780255,-7.179676118652376],[26.913070755905615,-7.130782458696914],[26.92602685868664,-7.070266674674489],[26.9484625394002,-7.041378621377931],[27.059658779021763,-7.165565286491524]]],[[[29.590394263189758,-10.025780885949542],[29.554881285141676,-10.058687104764733],[29.52207228156611,-10.04489222792429],[29.498927732495996,-10.02624074192877],[29.484098711808915,-10.002391386039179],[29.518456741901858,-9.928740635273126],[29.586243284757863,-9.979582301958366],[29.590394263189758,-10.025780885949542]]],[[[23.338942922194242,-5.698622915774283],[23.321966193672612,-5.718305267658526],[23.336101869369184,-5.558203376031997],[23.373235192904634,-5.501984977566098],[23.370374532953406,-5.627678995168879],[23.338942922194242,-5.698622915774283]]],[[[30.239907312749,-8.904677206562626],[30.27769410634373,-8.930446155965662],[30.34991054401857,-8.939793576373555],[30.299741359074755,-9.107916794911231],[30.193628140738443,-9.117598136444153],[30.159004278597678,-9.109903118696625],[30.143665076175,-9.070068800871656],[30.090663615116878,-9.036306112216161],[30.105076977488952,-8.97819876016332],[30.074663829734074,-8.837160023369993],[30.176184114862863,-8.834291491797776],[30.238255093639058,-8.808874091755758],[30.228877262952423,-8.840255561361833],[30.23006941231991,-8.879053350963614],[30.239907312749,-8.904677206562626]]],[[[29.080853209094816,-7.950401507819621],[29.031606204912887,-7.952497721840233],[29.10566588170665,-7.8700401651418534],[29.11755961229463,-7.814106784577269],[29.160757019653325,-7.70671820549129],[29.16489811545672,-7.668992256140567],[29.2016726776484,-7.680093873929029],[29.236987052424098,-7.718967470115334],[29.18475986452943,-7.738664143456704],[29.16033409471352,-7.784163901987583],[29.15101531372509,-7.844673798320269],[29.167210939361123,-7.858660808265686],[29.125129769168037,-7.919616909823072],[29.080853209094816,-7.950401507819621]]],[[[29.753023157677347,-8.541286055587774],[29.703016306224278,-8.541144726213147],[29.652127860317876,-8.457944097166894],[29.535396033330155,-8.400747891511234],[29.4930467013583,-8.327988548029786],[29.471657193834297,-8.24704896733744],[29.54532011366534,-8.240338287850705],[29.633338073213856,-8.150999197972782],[29.593233184953263,-8.105489314973438],[29.513194276206118,-8.085156273422948],[29.530090197026624,-8.047331128647752],[29.6706937352056,-8.022616722517343],[29.723365621288675,-8.059544694979593],[29.743137925368863,-8.095989026828091],[29.709103117965995,-8.254981027045703],[29.759306578594227,-8.315925544559647],[29.799540532720172,-8.44006535127668],[29.79319895171597,-8.471868336605317],[29.753023157677347,-8.541286055587774]]]]}},{"type":"Feature","bbox":[51.659277,-49.709863,70.555469,-46.326855],"properties":{"featurecla":"Admin-0 country","scalerank":3,"LABELRANK":6,"SOVEREIGNT":"France","SOV_A3":"FR1","ADM0_DIF":1,"LEVEL":2,"TYPE":"Dependency","TLC":"1","ADMIN":"French Southern and Antarctic Lands","ADM0_A3":"ATF","GEOU_DIF":0,"GEOUNIT":"French Southern and Antarctic Lands","GU_A3":"ATF","SU_DIF":0,"SUBUNIT":"French Southern and Antarctic Lands","SU_A3":"ATF","BRK_DIFF":0,"NAME":"Fr. S. Antarctic Lands","NAME_LONG":"French Southern and Antarctic Lands","BRK_A3":"ATF","BRK_NAME":"Fr. S. and Antarctic Lands","BRK_GROUP":null,"ABBREV":"Fr. S.A.L.","POSTAL":"TF","FORMAL_EN":"Territory of the French Southern and Antarctic Lands","FORMAL_FR":null,"NAME_CIAWF":null,"NOTE_ADM0":"Fr.","NOTE_BRK":null,"NAME_SORT":"French Southern and Antarctic Lands","NAME_ALT":null,"MAPCOLOR7":7,"MAPCOLOR8":5,"MAPCOLOR9":9,"MAPCOLOR13":11,"POP_EST":140,"POP_RANK":1,"POP_YEAR":2017,"GDP_MD":16,"GDP_YEAR":2016,"ECONOMY":"6. Developing region","INCOME_GRP":"2. High income: nonOECD","FIPS_10":"FS","ISO_A2":"TF","ISO_A2_EH":"TF","ISO_A3":"ATF","ISO_A3_EH":"ATF","ISO_N3":"260","ISO_N3_EH":"260","UN_A3":"260","WB_A2":"-99","WB_A3":"-99","WOE_ID":28289406,"WOE_ID_EH":28289406,"WOE_NOTE":"Exact WOE match as country","ADM0_ISO":"ATF","ADM0_DIFF":null,"ADM0_TLC":"ATF","ADM0_A3_US":"ATF","ADM0_A3_FR":"ATF","ADM0_A3_RU":"ATF","ADM0_A3_ES":"ATF","ADM0_A3_CN":"ATF","ADM0_A3_TW":"ATF","ADM0_A3_IN":"ATF","ADM0_A3_NP":"ATF","ADM0_A3_PK":"ATF","ADM0_A3_DE":"ATF","ADM0_A3_GB":"ATF","ADM0_A3_BR":"ATF","ADM0_A3_IL":"ATF","ADM0_A3_PS":"ATF","ADM0_A3_SA":"ATF","ADM0_A3_EG":"ATF","ADM0_A3_MA":"ATF","ADM0_A3_PT":"ATF","ADM0_A3_AR":"ATF","ADM0_A3_JP":"ATF","ADM0_A3_KO":"ATF","ADM0_A3_VN":"ATF","ADM0_A3_TR":"ATF","ADM0_A3_ID":"ATF","ADM0_A3_PL":"ATF","ADM0_A3_GR":"ATF","ADM0_A3_IT":"ATF","ADM0_A3_NL":"ATF","ADM0_A3_SE":"ATF","ADM0_A3_BD":"ATF","ADM0_A3_UA":"ATF","ADM0_A3_UN":-99,"ADM0_A3_WB":-99,"CONTINENT":"Seven seas (open ocean)","REGION_UN":"Africa","SUBREGION":"Seven seas (open ocean)","REGION_WB":"Sub-Saharan Africa","NAME_LEN":22,"LONG_LEN":35,"ABBREV_LEN":10,"TINY":2,"HOMEPART":-99,"MIN_ZOOM":0,"MIN_LABEL":4,"MAX_LABEL":9,"LABEL_X":69.122136,"LABEL_Y":-49.303721,"NE_ID":1159320631,"WIKIDATAID":"Q129003","NAME_AR":"أراض فرنسية جنوبية وأنتارتيكية","NAME_BN":"ফ্র. এস. অ্যান্ড অ্যান্টার্কটিক ল্যান্ড","NAME_DE":"Französische Süd- und Antarktisgebiete","NAME_EN":"French Southern and Antarctic Lands","NAME_ES":"Tierras Australes y Antárticas Francesas","NAME_FA":"سرزمینهای جنوبی و جنوبگانی فرانسه","NAME_FR":"Terres australes et antarctiques françaises","NAME_EL":"Γαλλικά Νότια και Ανταρκτικά Εδάφη","NAME_HE":"הארצות הדרומיות והאנטארקטיות של צרפת","NAME_HI":"दक्षिण फ्रांसीसी और अंटार्कटिक लैंड","NAME_HU":"Francia déli és antarktiszi területek","NAME_ID":"Daratan Selatan dan Antarktika Perancis","NAME_IT":"Terre australi e antartiche francesi","NAME_JA":"フランス領南方・南極地域","NAME_KO":"프랑스령 남방 및 남극","NAME_NL":"Franse Zuidelijke Gebieden","NAME_PL":"Francuskie Terytoria Południowe i Antarktyczne","NAME_PT":"Terras Austrais e Antárticas Francesas","NAME_RU":"Французские Южные и Антарктические территории","NAME_SV":"Franska sydterritorierna","NAME_TR":"Fransız Güney ve Antarktika Toprakları","NAME_UK":"Французькі Південні і Антарктичні території","NAME_UR":"سرزمین جنوبی فرانسیسیہ و انٹارکٹیکا","NAME_VI":"Vùng đất phía Nam và châu Nam Cực thuộc Pháp","NAME_ZH":"法属南部和南极领地","NAME_ZHT":"法屬南部和南極領地","FCLASS_ISO":"Admin-0 dependency","TLC_DIFF":null,"FCLASS_TLC":"Admin-0 dependency","FCLASS_US":null,"FCLASS_FR":null,"FCLASS_RU":null,"FCLASS_ES":null,"FCLASS_CN":null,"FCLASS_TW":null,"FCLASS_IN":null,"FCLASS_NP":null,"FCLASS_PK":null,"FCLASS_DE":null,"FCLASS_GB":null,"FCLASS_BR":null,"FCLASS_IL":null,"FCLASS_PS":null,"FCLASS_SA":null,"FCLASS_EG":null,"FCLASS_MA":null,"FCLASS_PT":null,"FCLASS_AR":null,"FCLASS_JP":null,"FCLASS_KO":null,"FCLASS_VN":null,"FCLASS_TR":null,"FCLASS_ID":null,"FCLASS_PL":null,"FCLASS_GR":null,"FCLASS_IT":null,"FCLASS_NL":null,"FCLASS_SE":null,"FCLASS_BD":null,"FCLASS_UA":null},"geometry":{"type":"MultiPolygon","coordinates":[[],[],[]]}},{"type":"Feature","bbox":[19.519043,60.01167,20.611328,60.405811],"properties":{"featurecla":"Admin-0 country","scalerank":3,"LABELRANK":6,"SOVEREIGNT":"Finland","SOV_A3":"FI1","ADM0_DIF":1,"LEVEL":2,"TYPE":"Country","TLC":"1","ADMIN":"Aland","ADM0_A3":"ALD","GEOU_DIF":0,"GEOUNIT":"Aland","GU_A3":"ALD","SU_DIF":0,"SUBUNIT":"Aland","SU_A3":"ALD","BRK_DIFF":0,"NAME":"Åland","NAME_LONG":"Åland Islands","BRK_A3":"ALD","BRK_NAME":"Åland","BRK_GROUP":null,"ABBREV":"Åland","POSTAL":"AI","FORMAL_EN":"Åland Islands","FORMAL_FR":null,"NAME_CIAWF":null,"NOTE_ADM0":"Fin.","NOTE_BRK":null,"NAME_SORT":"Aland","NAME_ALT":null,"MAPCOLOR7":4,"MAPCOLOR8":1,"MAPCOLOR9":4,"MAPCOLOR13":6,"POP_EST":29884,"POP_RANK":7,"POP_YEAR":2019,"GDP_MD":1563,"GDP_YEAR":2016,"ECONOMY":"2. Developed region: nonG7","INCOME_GRP":"1. High income: OECD","FIPS_10":"-99","ISO_A2":"AX","ISO_A2_EH":"AX","ISO_A3":"ALA","ISO_A3_EH":"ALA","ISO_N3":"248","ISO_N3_EH":"248","UN_A3":"248","WB_A2":"-99","WB_A3":"-99","WOE_ID":12577865,"WOE_ID_EH":12577865,"WOE_NOTE":"Exact WOE match as country","ADM0_ISO":"ALD","ADM0_DIFF":null,"ADM0_TLC":"ALD","ADM0_A3_US":"ALD","ADM0_A3_FR":"ALD","ADM0_A3_RU":"ALD","ADM0_A3_ES":"ALD","ADM0_A3_CN":"ALD","ADM0_A3_TW":"ALD","ADM0_A3_IN":"ALD","ADM0_A3_NP":"ALD","ADM0_A3_PK":"ALD","ADM0_A3_DE":"ALD","ADM0_A3_GB":"ALD","ADM0_A3_BR":"ALD","ADM0_A3_IL":"ALD","ADM0_A3_PS":"ALD","ADM0_A3_SA":"ALD","ADM0_A3_EG":"ALD","ADM0_A3_MA":"ALD","ADM0_A3_PT":"ALD","ADM0_A3_AR":"ALD","ADM0_A3_JP":"ALD","ADM0_A3_KO":"ALD","ADM0_A3_VN":"ALD","ADM0_A3_TR":"ALD","ADM0_A3_ID":"ALD","ADM0_A3_PL":"ALD","ADM0_A3_GR":"ALD","ADM0_A3_IT":"ALD","ADM0_A3_NL":"ALD","ADM0_A3_SE":"ALD","ADM0_A3_BD":"ALD","ADM0_A3_UA":"ALD","ADM0_A3_UN":-99,"ADM0_A3_WB":-99,"CONTINENT":"Europe","REGION_UN":"Europe","SUBREGION":"Northern Europe","REGION_WB":"Europe & Central Asia","NAME_LEN":5,"LONG_LEN":13,"ABBREV_LEN":5,"TINY":5,"HOMEPART":-99,"MIN_ZOOM":0,"MIN_LABEL":5,"MAX_LABEL":10,"LABEL_X":19.869671,"LABEL_Y":60.156467,"NE_ID":1159320621,"WIKIDATAID":"Q5689","NAME_AR":"جزر أولاند","NAME_BN":"অলান্দ দ্বীপপুঞ্জ","NAME_DE":"Åland","NAME_EN":"Åland","NAME_ES":"Åland","NAME_FA":"جزایر الند","NAME_FR":"Åland","NAME_EL":"Ώλαντ","NAME_HE":"אולנד","NAME_HI":"ऑलैण्ड द्वीपसमूह","NAME_HU":"Åland","NAME_ID":"Åland","NAME_IT":"Isole Åland","NAME_JA":"オーランド諸島","NAME_KO":"올란드 제도","NAME_NL":"Åland","NAME_PL":"Wyspy Alandzkie","NAME_PT":"Åland","NAME_RU":"Аландские острова","NAME_SV":"Åland","NAME_TR":"Åland","NAME_UK":"Аландські острови","NAME_UR":"جزائر ایلانڈ","NAME_VI":"Åland","NAME_ZH":"奥兰","NAME_ZHT":"奧蘭","FCLASS_ISO":"Admin-0 dependency","TLC_DIFF":null,"FCLASS_TLC":"Admin-0 dependency","FCLASS_US":null,"FCLASS_FR":null,"FCLASS_RU":"Unrecognized","FCLASS_ES":null,"FCLASS_CN":"Unrecognized","FCLASS_TW":null,"FCLASS_IN":null,"FCLASS_NP":null,"FCLASS_PK":null,"FCLASS_DE":null,"FCLASS_GB":null,"FCLASS_BR":null,"FCLASS_IL":null,"FCLASS_PS":null,"FCLASS_SA":null,"FCLASS_EG":null,"FCLASS_MA":null,"FCLASS_PT":null,"FCLASS_AR":null,"FCLASS_JP":null,"FCLASS_KO":null,"FCLASS_VN":null,"FCLASS_TR":null,"FCLASS_ID":null,"FCLASS_PL":null,"FCLASS_GR":null,"FCLASS_IT":null,"FCLASS_NL":null,"FCLASS_SE":null,"FCLASS_BD":null,"FCLASS_UA":null},"geometry":{"type":"MultiPolygon","coordinates":[[],[],[]]}},{"type":"Feature","bbox":[20.622168,59.816016,31.536523,70.064844],"properties":{"featurecla":"Admin-0 country","scalerank":1,"LABELRANK":3,"SOVEREIGNT":"Finland","SOV_A3":"FI1","ADM0_DIF":1,"LEVEL":2,"TYPE":"Country","TLC":"1","ADMIN":"Finland","ADM0_A3":"FIN","GEOU_DIF":0,"GEOUNIT":"Finland","GU_A3":"FIN","SU_DIF":0,"SUBUNIT":"Finland","SU_A3":"FIN","BRK_DIFF":0,"NAME":"Finland","NAME_LONG":"Finland","BRK_A3":"FIN","BRK_NAME":"Finland","BRK_GROUP":null,"ABBREV":"Fin.","POSTAL":"FIN","FORMAL_EN":"Republic of Finland","FORMAL_FR":null,"NAME_CIAWF":"Finland","NOTE_ADM0":null,"NOTE_BRK":null,"NAME_SORT":"Finland","NAME_ALT":null,"MAPCOLOR7":4,"MAPCOLOR8":1,"MAPCOLOR9":4,"MAPCOLOR13":6,"POP_EST":5520314,"POP_RANK":13,"POP_YEAR":2019,"GDP_MD":269296,"GDP_YEAR":2019,"ECONOMY":"2. Developed region: nonG7","INCOME_GRP":"1. High income: OECD","FIPS_10":"FI","ISO_A2":"FI","ISO_A2_EH":"FI","ISO_A3":"FIN","ISO_A3_EH":"FIN","ISO_N3":"246","ISO_N3_EH":"246","UN_A3":"246","WB_A2":"FI","WB_A3":"FIN","WOE_ID":23424812,"WOE_ID_EH":23424812,"WOE_NOTE":"Exact WOE match as country","ADM0_ISO":"FIN","ADM0_DIFF":null,"ADM0_TLC":"FIN","ADM0_A3_US":"FIN","ADM0_A3_FR":"FIN","ADM0_A3_RU":"FIN","ADM0_A3_ES":"FIN","ADM0_A3_CN":"FIN","ADM0_A3_TW":"FIN","ADM0_A3_IN":"FIN","ADM0_A3_NP":"FIN","ADM0_A3_PK":"FIN","ADM0_A3_DE":"FIN","ADM0_A3_GB":"FIN","ADM0_A3_BR":"FIN","ADM0_A3_IL":"FIN","ADM0_A3_PS":"FIN","ADM0_A3_SA":"FIN","ADM0_A3_EG":"FIN","ADM0_A3_MA":"FIN","ADM0_A3_PT":"FIN","ADM0_A3_AR":"FIN","ADM0_A3_JP":"FIN","ADM0_A3_KO":"FIN","ADM0_A3_VN":"FIN","ADM0_A3_TR":"FIN","ADM0_A3_ID":"FIN","ADM0_A3_PL":"FIN","ADM0_A3_GR":"FIN","ADM0_A3_IT":"FIN","ADM0_A3_NL":"FIN","ADM0_A3_SE":"FIN","ADM0_A3_BD":"FIN","ADM0_A3_UA":"FIN","ADM0_A3_UN":-99,"ADM0_A3_WB":-99,"CONTINENT":"Europe","REGION_UN":"Europe","SUBREGION":"Northern Europe","REGION_WB":"Europe & Central Asia","NAME_LEN":7,"LONG_LEN":7,"ABBREV_LEN":4,"TINY":-99,"HOMEPART":1,"MIN_ZOOM":0,"MIN_LABEL":3,"MAX_LABEL":8,"LABEL_X":27.276449,"LABEL_Y":63.252361,"NE_ID":1159320623,"WIKIDATAID":"Q33","NAME_AR":"فنلندا","NAME_BN":"ফিনল্যান্ড","NAME_DE":"Finnland","NAME_EN":"Finland","NAME_ES":"Finlandia","NAME_FA":"فنلاند","NAME_FR":"Finlande","NAME_EL":"Φινλανδία","NAME_HE":"פינלנד","NAME_HI":"फ़िनलैण्ड","NAME_HU":"Finnország","NAME_ID":"Finlandia","NAME_IT":"Finlandia","NAME_JA":"フィンランド","NAME_KO":"핀란드","NAME_NL":"Finland","NAME_PL":"Finlandia","NAME_PT":"Finlândia","NAME_RU":"Финляндия","NAME_SV":"Finland","NAME_TR":"Finlandiya","NAME_UK":"Фінляндія","NAME_UR":"فن لینڈ","NAME_VI":"Phần Lan","NAME_ZH":"芬兰","NAME_ZHT":"芬蘭","FCLASS_ISO":"Admin-0 country","TLC_DIFF":null,"FCLASS_TLC":"Admin-0 country","FCLASS_US":null,"FCLASS_FR":null,"FCLASS_RU":null,"FCLASS_ES":null,"FCLASS_CN":null,"FCLASS_TW":null,"FCLASS_IN":null,"FCLASS_NP":null,"FCLASS_PK":null,"FCLASS_DE":null,"FCLASS_GB":null,"FCLASS_BR":null,"FCLASS_IL":null,"FCLASS_PS":null,"FCLASS_SA":null,"FCLASS_EG":null,"FCLASS_MA":null,"FCLASS_PT":null,"FCLASS_AR":null,"FCLASS_JP":null,"FCLASS_KO":null,"FCLASS_VN":null,"FCLASS_TR":null,"FCLASS_ID":null,"FCLASS_PL":null,"FCLASS_GR":null,"FCLASS_IT":null,"FCLASS_NL":null,"FCLASS_SE":null,"FCLASS_BD":null,"FCLASS_UA":null},"geometry":{"type":"MultiPolygon","coordinates":[[],[],[],[],[],[],[],[]]}},{"type":"Feature","bbox":[-180,-21.705859,180,-12.476953],"properties":{"featurecla":"Admin-0 country","scalerank":1,"LABELRANK":6,"SOVEREIGNT":"Fiji","SOV_A3":"FJI","ADM0_DIF":0,"LEVEL":2,"TYPE":"Sovereign country","TLC":"1","ADMIN":"Fiji","ADM0_A3":"FJI","GEOU_DIF":0,"GEOUNIT":"Fiji","GU_A3":"FJI","SU_DIF":0,"SUBUNIT":"Fiji","SU_A3":"FJI","BRK_DIFF":0,"NAME":"Fiji","NAME_LONG":"Fiji","BRK_A3":"FJI","BRK_NAME":"Fiji","BRK_GROUP":null,"ABBREV":"Fiji","POSTAL":"FJ","FORMAL_EN":"Republic of Fiji","FORMAL_FR":null,"NAME_CIAWF":"Fiji","NOTE_ADM0":null,"NOTE_BRK":null,"NAME_SORT":"Fiji","NAME_ALT":null,"MAPCOLOR7":5,"MAPCOLOR8":1,"MAPCOLOR9":2,"MAPCOLOR13":2,"POP_EST":889953,"POP_RANK":11,"POP_YEAR":2019,"GDP_MD":5496,"GDP_YEAR":2019,"ECONOMY":"6. Developing region","INCOME_GRP":"4. Lower middle income","FIPS_10":"FJ","ISO_A2":"FJ","ISO_A2_EH":"FJ","ISO_A3":"FJI","ISO_A3_EH":"FJI","ISO_N3":"242","ISO_N3_EH":"242","UN_A3":"242","WB_A2":"FJ","WB_A3":"FJI","WOE_ID":23424813,"WOE_ID_EH":23424813,"WOE_NOTE":"Exact WOE match as country","ADM0_ISO":"FJI","ADM0_DIFF":null,"ADM0_TLC":"FJI","ADM0_A3_US":"FJI","ADM0_A3_FR":"FJI","ADM0_A3_RU":"FJI","ADM0_A3_ES":"FJI","ADM0_A3_CN":"FJI","ADM0_A3_TW":"FJI","ADM0_A3_IN":"FJI","ADM0_A3_NP":"FJI","ADM0_A3_PK":"FJI","ADM0_A3_DE":"FJI","ADM0_A3_GB":"FJI","ADM0_A3_BR":"FJI","ADM0_A3_IL":"FJI","ADM0_A3_PS":"FJI","ADM0_A3_SA":"FJI","ADM0_A3_EG":"FJI","ADM0_A3_MA":"FJI","ADM0_A3_PT":"FJI","ADM0_A3_AR":"FJI","ADM0_A3_JP":"FJI","ADM0_A3_KO":"FJI","ADM0_A3_VN":"FJI","ADM0_A3_TR":"FJI","ADM0_A3_ID":"FJI","ADM0_A3_PL":"FJI","ADM0_A3_GR":"FJI","ADM0_A3_IT":"FJI","ADM0_A3_NL":"FJI","ADM0_A3_SE":"FJI","ADM0_A3_BD":"FJI","ADM0_A3_UA":"FJI","ADM0_A3_UN":-99,"ADM0_A3_WB":-99,"CONTINENT":"Oceania","REGION_UN":"Oceania","SUBREGION":"Melanesia","REGION_WB":"East Asia & Pacific","NAME_LEN":4,"LONG_LEN":4,"ABBREV_LEN":4,"TINY":-99,"HOMEPART":1,"MIN_ZOOM":0,"MIN_LABEL":3,"MAX_LABEL":8,"LABEL_X":177.975427,"LABEL_Y":-17.826099,"NE_ID":1159320625,"WIKIDATAID":"Q712","NAME_AR":"فيجي","NAME_BN":"ফিজি","NAME_DE":"Fidschi","NAME_EN":"Fiji","NAME_ES":"Fiyi","NAME_FA":"فیجی","NAME_FR":"Fidji","NAME_EL":"Φίτζι","NAME_HE":"פיג'י","NAME_HI":"फ़िजी","NAME_HU":"Fidzsi-szigetek","NAME_ID":"Fiji","NAME_IT":"Figi","NAME_JA":"フィジー","NAME_KO":"피지","NAME_NL":"Fiji","NAME_PL":"Fidżi","NAME_PT":"Fiji","NAME_RU":"Фиджи","NAME_SV":"Fiji","NAME_TR":"Fiji","NAME_UK":"Фіджі","NAME_UR":"فجی","NAME_VI":"Fiji","NAME_ZH":"斐济","NAME_ZHT":"斐濟","FCLASS_ISO":"Admin-0 country","TLC_DIFF":null,"FCLASS_TLC":"Admin-0 country","FCLASS_US":null,"FCLASS_FR":null,"FCLASS_RU":null,"FCLASS_ES":null,"FCLASS_CN":null,"FCLASS_TW":null,"FCLASS_IN":null,"FCLASS_NP":null,"FCLASS_PK":null,"FCLASS_DE":null,"FCLASS_GB":null,"FCLASS_BR":null,"FCLASS_IL":null,"FCLASS_PS":null,"FCLASS_SA":null,"FCLASS_EG":null,"FCLASS_MA":null,"FCLASS_PT":null,"FCLASS_AR":null,"FCLASS_JP":null,"FCLASS_KO":null,"FCLASS_VN":null,"FCLASS_TR":null,"FCLASS_ID":null,"FCLASS_PL":null,"FCLASS_GR":null,"FCLASS_IT":null,"FCLASS_NL":null,"FCLASS_SE":null,"FCLASS_BD":null,"FCLASS_UA":null},"geometry":{"type":"MultiPolygon","coordinates":[[[[40.109917222363045,-6.599503262122453],[40.09997255935751,-6.645160906895134],[40.121140645063,-6.670766808248236],[40.145738737468896,-6.6798099953347405],[40.18949932683518,-6.781569468122797],[40.27045755131518,-6.879188692540007],[40.317037528677616,-6.9503811980729795],[40.30969114156922,-7.000263028102879],[40.28011052073607,-7.047932050761752],[40.28441480553491,-7.146593928900322],[40.27496820678158,-7.245754730866224],[40.28359992686838,-7.4083469967843065],[40.216248897631324,-7.42306621957133],[40.11979377481696,-7.404120649963986],[40.09145565468051,-7.426399567365683],[40.062279334506115,-7.403619907298356],[39.98019746032626,-7.396474410110071],[39.89290286044545,-7.428971563931058],[39.805181441696405,-7.480301295219899],[39.72186523775599,-7.461243745549292],[39.624738740566336,-7.453630398360069],[39.532933228610446,-7.422603096511524],[39.47494355660628,-7.371113597454092],[39.367175642521694,-7.304946210315457],[39.219117738718474,-7.235890552100442],[39.16094762163364,-7.193017671536266],[39.11695622385417,-7.136529588690957],[39.09107105502076,-7.013265684947214],[39.09562656520025,-6.956360775025246],[39.11504874460039,-6.905210136759545],[39.1645358048388,-6.897564353910499],[39.20856205670464,-6.8793223692204615],[39.22160127348995,-6.845578437169559],[39.24374700621076,-6.824945239558049],[39.26761922542976,-6.821036443867419],[39.282002187153736,-6.806562004327427],[39.278894864128006,-6.746302714353061],[39.285863367691015,-6.693366373780522],[39.39683105254213,-6.618853767720255],[39.5132099908536,-6.560219311454163],[39.70370154080868,-6.524794584676292],[39.8087769089061,-6.555809542228295],[39.984474195619256,-6.535352209255059],[40.04255631001166,-6.520164945403965],[40.09080935303711,-6.548665650200056],[40.109917222363045,-6.599503262122453]]],[[[39.916660074747675,-8.28988226404779],[39.906128741458,-8.333904252744402],[39.78858248130135,-8.337015115503796],[39.759813004118605,-8.291896847514248],[39.73757994371405,-8.279698844836652],[39.65653470189074,-8.328563315691637],[39.631266461751295,-8.350503218072944],[39.62029373221871,-8.368934764599873],[39.600973986146585,-8.374956808735686],[39.47212555008638,-8.377397089000738],[39.42585603564771,-8.334115414142369],[39.46700775955914,-8.321565927376486],[39.52086248470948,-8.289938612487408],[39.564315500329094,-8.306638284040332],[39.61871687491227,-8.278000004414277],[39.67723595752418,-8.228682491312574],[39.743816143597044,-8.230677328680965],[39.794027011214745,-8.218073410376155],[39.86415146449109,-8.25222765343198],[39.916660074747675,-8.28988226404779]]],[[[39.24668985520051,-6.161584343351592],[39.198083708661954,-6.168942400261433],[39.23923744997191,-6.092163760261413],[39.27010243016932,-6.072119452650676],[39.28721407942826,-6.0703221932830385],[39.31458544211605,-6.070379489594017],[39.29224476808822,-6.126150076015186],[39.24668985520051,-6.161584343351592]]],[[[40.50363940087306,-7.078094278179696],[40.454972205192824,-7.085990535941021],[40.444432160710036,-7.017271084842448],[40.49272432503056,-6.961979021714729],[40.532082871368345,-6.965140241732212],[40.536314231731346,-7.03389717128751],[40.50363940087306,-7.078094278179696]]],[[[40.05108281171008,-1.3211222858057539],[40.014206192508,-1.3245407137818317],[39.95890845091002,-1.3042975759264976],[39.94993344878193,-1.2849834806976919],[39.96865146070279,-1.28490232932966],[40.007536098522934,-1.2814583075592545],[40.05201082055929,-1.2963382669830437],[40.05817846092755,-1.308979919068987],[40.05108281171008,-1.3211222858057539]]],[[[35.9440901545519,-10.301830123059585],[35.93476647091399,-10.31128613209022],[35.91081028210317,-10.30233501022611],[35.91123887598582,-10.278826392246534],[35.928863587297826,-10.269312872115702],[35.94701321284544,-10.282279073179131],[35.9440901545519,-10.301830123059585]]],[[[40.42913066998797,-6.039220264236501],[40.51899525585582,-6.0735994187732265],[40.537743851038954,-6.132939204528182],[40.54596202341328,-6.209484130296452],[40.569675809454424,-6.2759332806811425],[40.65885041383597,-6.270453750654658],[40.74390522195231,-6.218309647578821],[40.79792468370318,-6.250378265373981],[40.84787553419976,-6.257849528917807],[40.90956930513148,-6.177992848641856],[41.05989314878028,-6.103246589004186],[41.145780772075284,-6.1207632938483965],[41.1639230416981,-6.133410829042898],[41.17202333069915,-6.191574864605584],[41.19221863861238,-6.220565159618226],[41.22745515296293,-6.244695859767473],[41.26759705393241,-6.253609162623734],[41.37915246235707,-6.259160868947428],[41.49814944063406,-6.239917459148267],[41.59165981044279,-6.254858231949193],[41.6828389803784,-6.284768505564321],[41.667578219697084,-6.196577942510254],[41.700266588587304,-6.113288316624804],[41.725363154281744,-6.084380148576273],[41.735939900903574,-6.05169945720941],[41.69673707211947,-6.0413253426378],[41.654291402044166,-6.052050738444043],[41.508022390882836,-6.1204838221791125],[41.37003239459301,-6.213886936708154],[41.39144846536358,-6.098409833727764],[41.46371684451802,-5.996371103569634],[41.5940829018957,-5.938252912019179],[41.65079630525233,-5.868718099438361],[41.71340819676331,-5.80855331314768],[41.874339282462444,-5.701220758636186],[41.878492433060494,-5.6851306629516705],[41.73276811753183,-5.717688443729863],[41.67958326144812,-5.713042667882433],[41.61839159513082,-5.683513435303475],[41.545463234662115,-5.683445261115701],[41.46685146116841,-5.694110253784989],[41.390304293743924,-5.724446305218913],[41.27038107673596,-5.789898541029361],[41.20906393752114,-5.796037951773787],[41.147537835406204,-5.7888538227750725],[41.0242975777574,-5.795452370627367],[40.90021231216249,-5.816057989881783],[40.80492132569794,-5.856304536107359],[40.73190644596743,-5.9388358524573786],[40.67849915296649,-5.929515901636749],[40.62080855778621,-5.95041782118424],[40.579154279622536,-5.922298071996909],[40.5407683520528,-5.884556453826162],[40.51775028342253,-5.924879892037544],[40.487210040583996,-5.957645879676706],[40.456960133165964,-5.978497215348979],[40.42913066998797,-6.039220264236501]]],[[[40.80122406559769,-7.476107637308714],[40.857199967956895,-7.576350661436885],[40.8667819674672,-7.56982725010479],[40.886872010395614,-7.5342656041195015],[40.88367824196402,-7.451170740853423],[40.867307895648196,-7.397761276986199],[40.831112951053726,-7.418131166428654],[40.811203284009665,-7.444185320023294],[40.80122406559769,-7.476107637308714]]],[[[41.08507797443131,-6.700825900747865],[41.06706108430038,-6.8464860300753045],[41.102213398269605,-6.825365766860308],[41.13765394718095,-6.76783148254841],[41.13320950773908,-6.729020196035084],[41.11466792880502,-6.709101893166188],[41.08507797443131,-6.700825900747865]]],[[[41.60579437670894,-6.506162781186395],[41.622484112515686,-6.54970443079935],[41.69519244767096,-6.526491683171422],[41.71847675996691,-6.418161978147698],[41.73587056701942,-6.342539395023608],[41.65542387224161,-6.421855989214007],[41.60579437670894,-6.506162781186395]]],[[[41.78244960089884,-6.065743787254295],[41.78035072449631,-6.086046317186889],[41.791715942445656,-6.087471853501266],[41.803271790573284,-6.034319494713855],[41.78244960089884,-6.065743787254295]]],[[[41.695215011947546,-6.52639006690363],[41.72572131059443,-6.492000294974461],[41.8355661227111,-6.436950717236576],[41.894417963124056,-6.358226503561645],[41.87855752984786,-6.270201317639284],[41.84753592331011,-6.276005554710933],[41.73591512430124,-6.342337058594511],[41.72704907800141,-6.382561634717685],[41.71919546161652,-6.418333961300522],[41.70790390001889,-6.469172818387902],[41.695215011947546,-6.52639006690363]]],[[[41.87508367042526,-5.701076826330695],[41.91745158051402,-5.690301673402046],[41.93266187966934,-5.668609923208857],[41.91108812470241,-5.6634997126156525],[41.878492433060494,-5.6851306629516705],[41.87508367042526,-5.701076826330695]]],[[[41.79175845785985,-6.087481977351456],[41.861344444359574,-6.063410985989688],[41.86852819926515,-6.039191407395939],[41.90218573761901,-5.995237755440823],[41.86288135705756,-5.9966518126922],[41.803314319711085,-6.034329613755313],[41.79175845785985,-6.087481977351456]]],[[[41.32440051962183,-8.63526822254275],[41.32126068857136,-8.65663227688152],[41.33199159263639,-8.66387199662832],[41.33715924984364,-8.652484815657099],[41.344930618997466,-8.632053934733774],[41.35245804701143,-8.624018815966007],[41.36179014405667,-8.619624562020958],[41.37378965441585,-8.636338351700605],[41.38603303296044,-8.641187992332725],[41.39152006926981,-8.610389375529717],[41.3688987832979,-8.58720765447893],[41.34271308068076,-8.60148012404144],[41.33185045307834,-8.621571269977593],[41.32440051962183,-8.63526822254275]]],[[[42.25461590379595,-7.73643467371462],[42.260684805565546,-7.768867721380677],[42.27780261307318,-7.790694746179013],[42.2947547630771,-7.798682253454487],[42.32441474214095,-7.789523045804474],[42.32218021608198,-7.756858053959834],[42.28730712263469,-7.718602558908516],[42.25461590379595,-7.73643467371462]]],[[[42.49628010407216,-6.938467137378991],[42.49361513222661,-6.960940742063916],[42.523766945482045,-7.0016068796443784],[42.51436405766873,-7.026482970804984],[42.47626319015557,-7.0800133408369215],[42.49232837491949,-7.0972759873849744],[42.52228053149473,-7.067220543561419],[42.55551020336309,-7.048900870325757],[42.56997572251019,-7.024422335467695],[42.56806141117845,-7.00787603590861],[42.54711198031294,-6.973756510707762],[42.5102452246557,-6.927676657941129],[42.49628010407216,-6.938467137378991]]],[[[42.388363293365266,-8.052644214203404],[42.400886889916805,-8.077859972768273],[42.439137433578395,-8.120722749800445],[42.45377123311564,-8.104079856156671],[42.463383423055,-8.059924276959432],[42.44094724765145,-8.048683711780344],[42.388363293365266,-8.052644214203404]]],[[[41.84579640476528,-10.595376664062352],[41.845011806555576,-10.60317128535206],[41.84821890853751,-10.6112657584824],[41.85408377204009,-10.616643616672057],[41.85856998360498,-10.618032708506918],[41.85756270333763,-10.614780956258048],[41.85759496024095,-10.606042653425583],[41.85546173784867,-10.597375894339807],[41.85278456143337,-10.589419966786537],[41.85042348102159,-10.588268372272475],[41.84579640476528,-10.595376664062352]]],[[[42.36210139263692,-9.07092860035229],[42.360707087501844,-9.086196611446566],[42.375979154886046,-9.105010808060216],[42.3965396128248,-9.121340988869346],[42.40838686676699,-9.114549985832227],[42.40605976288709,-9.104099172028842],[42.3928545944897,-9.097481438311867],[42.38136123902874,-9.082527943793878],[42.384259437098194,-9.063578036656665],[42.397098474768,-9.059821847378506],[42.403930503018245,-9.055266246044154],[42.39559297131191,-9.049049166660456],[42.374788358970335,-9.054180877820304],[42.36210139263692,-9.07092860035229]]],[[[42.87704446251135,-7.867953863607264],[42.90943349832699,-7.9228017526139904],[42.95955789304811,-7.924014320533474],[42.9622922260174,-7.89969385343956],[42.95122504316274,-7.848977956021771],[42.915437510330435,-7.828146846351816],[42.87704446251135,-7.867953863607264]]]]}},{"type":"Feature","bbox":[21.854492,57.525488,28.151074,59.639014],"properties":{"featurecla":"Admin-0 country","scalerank":1,"LABELRANK":6,"SOVEREIGNT":"Estonia","SOV_A3":"EST","ADM0_DIF":0,"LEVEL":2,"TYPE":"Sovereign country","TLC":"1","ADMIN":"Estonia","ADM0_A3":"EST","GEOU_DIF":0,"GEOUNIT":"Estonia","GU_A3":"EST","SU_DIF":0,"SUBUNIT":"Estonia","SU_A3":"EST","BRK_DIFF":0,"NAME":"Estonia","NAME_LONG":"Estonia","BRK_A3":"EST","BRK_NAME":"Estonia","BRK_GROUP":null,"ABBREV":"Est.","POSTAL":"EST","FORMAL_EN":"Republic of Estonia","FORMAL_FR":null,"NAME_CIAWF":"Estonia","NOTE_ADM0":null,"NOTE_BRK":null,"NAME_SORT":"Estonia","NAME_ALT":null,"MAPCOLOR7":3,"MAPCOLOR8":2,"MAPCOLOR9":1,"MAPCOLOR13":10,"POP_EST":1326590,"POP_RANK":12,"POP_YEAR":2019,"GDP_MD":31471,"GDP_YEAR":2019,"ECONOMY":"2. Developed region: nonG7","INCOME_GRP":"1. High income: OECD","FIPS_10":"EN","ISO_A2":"EE","ISO_A2_EH":"EE","ISO_A3":"EST","ISO_A3_EH":"EST","ISO_N3":"233","ISO_N3_EH":"233","UN_A3":"233","WB_A2":"EE","WB_A3":"EST","WOE_ID":23424805,"WOE_ID_EH":23424805,"WOE_NOTE":"Exact WOE match as country","ADM0_ISO":"EST","ADM0_DIFF":null,"ADM0_TLC":"EST","ADM0_A3_US":"EST","ADM0_A3_FR":"EST","ADM0_A3_RU":"EST","ADM0_A3_ES":"EST","ADM0_A3_CN":"EST","ADM0_A3_TW":"EST","ADM0_A3_IN":"EST","ADM0_A3_NP":"EST","ADM0_A3_PK":"EST","ADM0_A3_DE":"EST","ADM0_A3_GB":"EST","ADM0_A3_BR":"EST","ADM0_A3_IL":"EST","ADM0_A3_PS":"EST","ADM0_A3_SA":"EST","ADM0_A3_EG":"EST","ADM0_A3_MA":"EST","ADM0_A3_PT":"EST","ADM0_A3_AR":"EST","ADM0_A3_JP":"EST","ADM0_A3_KO":"EST","ADM0_A3_VN":"EST","ADM0_A3_TR":"EST","ADM0_A3_ID":"EST","ADM0_A3_PL":"EST","ADM0_A3_GR":"EST","ADM0_A3_IT":"EST","ADM0_A3_NL":"EST","ADM0_A3_SE":"EST","ADM0_A3_BD":"EST","ADM0_A3_UA":"EST","ADM0_A3_UN":-99,"ADM0_A3_WB":-99,"CONTINENT":"Europe","REGION_UN":"Europe","SUBREGION":"Northern Europe","REGION_WB":"Europe & Central Asia","NAME_LEN":7,"LONG_LEN":7,"ABBREV_LEN":4,"TINY":-99,"HOMEPART":1,"MIN_ZOOM":0,"MIN_LABEL":3,"MAX_LABEL":8,"LABEL_X":25.867126,"LABEL_Y":58.724865,"NE_ID":1159320615,"WIKIDATAID":"Q191","NAME_AR":"إستونيا","NAME_BN":"এস্তোনিয়া","NAME_DE":"Estland","NAME_EN":"Estonia","NAME_ES":"Estonia","NAME_FA":"استونی","NAME_FR":"Estonie","NAME_EL":"Εσθονία","NAME_HE":"אסטוניה","NAME_HI":"एस्टोनिया","NAME_HU":"Észtország","NAME_ID":"Estonia","NAME_IT":"Estonia","NAME_JA":"エストニア","NAME_KO":"에스토니아","NAME_NL":"Estland","NAME_PL":"Estonia","NAME_PT":"Estónia","NAME_RU":"Эстония","NAME_SV":"Estland","NAME_TR":"Estonya","NAME_UK":"Естонія","NAME_UR":"استونیا","NAME_VI":"Estonia","NAME_ZH":"爱沙尼亚","NAME_ZHT":"愛沙尼亞","FCLASS_ISO":"Admin-0 country","TLC_DIFF":null,"FCLASS_TLC":"Admin-0 country","FCLASS_US":null,"FCLASS_FR":null,"FCLASS_RU":null,"FCLASS_ES":null,"FCLASS_CN":null,"FCLASS_TW":null,"FCLASS_IN":null,"FCLASS_NP":null,"FCLASS_PK":null,"FCLASS_DE":null,"FCLASS_GB":null,"FCLASS_BR":null,"FCLASS_IL":null,"FCLASS_PS":null,"FCLASS_SA":null,"FCLASS_EG":null,"FCLASS_MA":null,"FCLASS_PT":null,"FCLASS_AR":null,"FCLASS_JP":null,"FCLASS_KO":null,"FCLASS_VN":null,"FCLASS_TR":null,"FCLASS_ID":null,"FCLASS_PL":null,"FCLASS_GR":null,"FCLASS_IT":null,"FCLASS_NL":null,"FCLASS_SE":null,"FCLASS_BD":null,"FCLASS_UA":null},"geometry":{"type":"MultiPolygon","coordinates":[[],[],[],[]]}},{"type":"Feature","bbox":[36.426758,12.376562,43.116699,18.005078],"properties":{"featurecla":"Admin-0 country","scalerank":1,"LABELRANK":4,"SOVEREIGNT":"Eritrea","SOV_A3":"ERI","ADM0_DIF":0,"LEVEL":2,"TYPE":"Sovereign country","TLC":"1","ADMIN":"Eritrea","ADM0_A3":"ERI","GEOU_DIF":0,"GEOUNIT":"Eritrea","GU_A3":"ERI","SU_DIF":0,"SUBUNIT":"Eritrea","SU_A3":"ERI","BRK_DIFF":0,"NAME":"Eritrea","NAME_LONG":"Eritrea","BRK_A3":"ERI","BRK_NAME":"Eritrea","BRK_GROUP":null,"ABBREV":"Erit.","POSTAL":"ER","FORMAL_EN":"State of Eritrea","FORMAL_FR":null,"NAME_CIAWF":"Eritrea","NOTE_ADM0":null,"NOTE_BRK":null,"NAME_SORT":"Eritrea","NAME_ALT":null,"MAPCOLOR7":3,"MAPCOLOR8":1,"MAPCOLOR9":2,"MAPCOLOR13":12,"POP_EST":6081196,"POP_RANK":13,"POP_YEAR":2020,"GDP_MD":2065,"GDP_YEAR":2011,"ECONOMY":"7. Least developed region","INCOME_GRP":"5. Low income","FIPS_10":"ER","ISO_A2":"ER","ISO_A2_EH":"ER","ISO_A3":"ERI","ISO_A3_EH":"ERI","ISO_N3":"232","ISO_N3_EH":"232","UN_A3":"232","WB_A2":"ER","WB_A3":"ERI","WOE_ID":23424806,"WOE_ID_EH":23424806,"WOE_NOTE":"Exact WOE match as country","ADM0_ISO":"ERI","ADM0_DIFF":null,"ADM0_TLC":"ERI","ADM0_A3_US":"ERI","ADM0_A3_FR":"ERI","ADM0_A3_RU":"ERI","ADM0_A3_ES":"ERI","ADM0_A3_CN":"ERI","ADM0_A3_TW":"ERI","ADM0_A3_IN":"ERI","ADM0_A3_NP":"ERI","ADM0_A3_PK":"ERI","ADM0_A3_DE":"ERI","ADM0_A3_GB":"ERI","ADM0_A3_BR":"ERI","ADM0_A3_IL":"ERI","ADM0_A3_PS":"ERI","ADM0_A3_SA":"ERI","ADM0_A3_EG":"ERI","ADM0_A3_MA":"ERI","ADM0_A3_PT":"ERI","ADM0_A3_AR":"ERI","ADM0_A3_JP":"ERI","ADM0_A3_KO":"ERI","ADM0_A3_VN":"ERI","ADM0_A3_TR":"ERI","ADM0_A3_ID":"ERI","ADM0_A3_PL":"ERI","ADM0_A3_GR":"ERI","ADM0_A3_IT":"ERI","ADM0_A3_NL":"ERI","ADM0_A3_SE":"ERI","ADM0_A3_BD":"ERI","ADM0_A3_UA":"ERI","ADM0_A3_UN":-99,"ADM0_A3_WB":-99,"CONTINENT":"Africa","REGION_UN":"Africa","SUBREGION":"Eastern Africa","REGION_WB":"Sub-Saharan Africa","NAME_LEN":7,"LONG_LEN":7,"ABBREV_LEN":5,"TINY":-99,"HOMEPART":1,"MIN_ZOOM":0,"MIN_LABEL":4,"MAX_LABEL":9,"LABEL_X":38.285566,"LABEL_Y":15.787401,"NE_ID":1159320581,"WIKIDATAID":"Q986","NAME_AR":"إريتريا","NAME_BN":"ইরিত্রিয়া","NAME_DE":"Eritrea","NAME_EN":"Eritrea","NAME_ES":"Eritrea","NAME_FA":"اریتره","NAME_FR":"Érythrée","NAME_EL":"Ερυθραία","NAME_HE":"אריתריאה","NAME_HI":"इरित्रिया","NAME_HU":"Eritrea","NAME_ID":"Eritrea","NAME_IT":"Eritrea","NAME_JA":"エリトリア","NAME_KO":"에리트레아","NAME_NL":"Eritrea","NAME_PL":"Erytrea","NAME_PT":"Eritreia","NAME_RU":"Эритрея","NAME_SV":"Eritrea","NAME_TR":"Eritre","NAME_UK":"Еритрея","NAME_UR":"اریتریا","NAME_VI":"Eritrea","NAME_ZH":"厄立特里亚","NAME_ZHT":"厄利垂亞","FCLASS_ISO":"Admin-0 country","TLC_DIFF":null,"FCLASS_TLC":"Admin-0 country","FCLASS_US":null,"FCLASS_FR":null,"FCLASS_RU":null,"FCLASS_ES":null,"FCLASS_CN":null,"FCLASS_TW":null,"FCLASS_IN":null,"FCLASS_NP":null,"FCLASS_PK":null,"FCLASS_DE":null,"FCLASS_GB":null,"FCLASS_BR":null,"FCLASS_IL":null,"FCLASS_PS":null,"FCLASS_SA":null,"FCLASS_EG":null,"FCLASS_MA":null,"FCLASS_PT":null,"FCLASS_AR":null,"FCLASS_JP":null,"FCLASS_KO":null,"FCLASS_VN":null,"FCLASS_TR":null,"FCLASS_ID":null,"FCLASS_PL":null,"FCLASS_GR":null,"FCLASS_IT":null,"FCLASS_NL":null,"FCLASS_SE":null,"FCLASS_BD":null,"FCLASS_UA":null},"geometry":{"type":"MultiPolygon","coordinates":[[],[],[]]}},{"type":"Feature","bbox":[8.434277,0.960107,11.335352,3.758301],"properties":{"featurecla":"Admin-0 country","scalerank":1,"LABELRANK":4,"SOVEREIGNT":"Equatorial Guinea","SOV_A3":"GNQ","ADM0_DIF":0,"LEVEL":2,"TYPE":"Sovereign country","TLC":"1","ADMIN":"Equatorial Guinea","ADM0_A3":"GNQ","GEOU_DIF":0,"GEOUNIT":"Equatorial Guinea","GU_A3":"GNQ","SU_DIF":0,"SUBUNIT":"Equatorial Guinea","SU_A3":"GNQ","BRK_DIFF":0,"NAME":"Eq. Guinea","NAME_LONG":"Equatorial Guinea","BRK_A3":"GNQ","BRK_NAME":"Eq. Guinea","BRK_GROUP":null,"ABBREV":"Eq. G.","POSTAL":"GQ","FORMAL_EN":"Republic of Equatorial Guinea","FORMAL_FR":null,"NAME_CIAWF":"Equatorial Guinea","NOTE_ADM0":null,"NOTE_BRK":null,"NAME_SORT":"Equatorial Guinea","NAME_ALT":null,"MAPCOLOR7":4,"MAPCOLOR8":1,"MAPCOLOR9":4,"MAPCOLOR13":8,"POP_EST":1355986,"POP_RANK":12,"POP_YEAR":2019,"GDP_MD":11026,"GDP_YEAR":2019,"ECONOMY":"7. Least developed region","INCOME_GRP":"2. High income: nonOECD","FIPS_10":"EK","ISO_A2":"GQ","ISO_A2_EH":"GQ","ISO_A3":"GNQ","ISO_A3_EH":"GNQ","ISO_N3":"226","ISO_N3_EH":"226","UN_A3":"226","WB_A2":"GQ","WB_A3":"GNQ","WOE_ID":23424804,"WOE_ID_EH":23424804,"WOE_NOTE":"Exact WOE match as country","ADM0_ISO":"GNQ","ADM0_DIFF":null,"ADM0_TLC":"GNQ","ADM0_A3_US":"GNQ","ADM0_A3_FR":"GNQ","ADM0_A3_RU":"GNQ","ADM0_A3_ES":"GNQ","ADM0_A3_CN":"GNQ","ADM0_A3_TW":"GNQ","ADM0_A3_IN":"GNQ","ADM0_A3_NP":"GNQ","ADM0_A3_PK":"GNQ","ADM0_A3_DE":"GNQ","ADM0_A3_GB":"GNQ","ADM0_A3_BR":"GNQ","ADM0_A3_IL":"GNQ","ADM0_A3_PS":"GNQ","ADM0_A3_SA":"GNQ","ADM0_A3_EG":"GNQ","ADM0_A3_MA":"GNQ","ADM0_A3_PT":"GNQ","ADM0_A3_AR":"GNQ","ADM0_A3_JP":"GNQ","ADM0_A3_KO":"GNQ","ADM0_A3_VN":"GNQ","ADM0_A3_TR":"GNQ","ADM0_A3_ID":"GNQ","ADM0_A3_PL":"GNQ","ADM0_A3_GR":"GNQ","ADM0_A3_IT":"GNQ","ADM0_A3_NL":"GNQ","ADM0_A3_SE":"GNQ","ADM0_A3_BD":"GNQ","ADM0_A3_UA":"GNQ","ADM0_A3_UN":-99,"ADM0_A3_WB":-99,"CONTINENT":"Africa","REGION_UN":"Africa","SUBREGION":"Middle Africa","REGION_WB":"Sub-Saharan Africa","NAME_LEN":10,"LONG_LEN":17,"ABBREV_LEN":6,"TINY":-99,"HOMEPART":1,"MIN_ZOOM":0,"MIN_LABEL":4,"MAX_LABEL":9,"LABEL_X":8.9902,"LABEL_Y":2.333,"NE_ID":1159320801,"WIKIDATAID":"Q983","NAME_AR":"غينيا الاستوائية","NAME_BN":"বিষুবীয় গিনি","NAME_DE":"Äquatorialguinea","NAME_EN":"Equatorial Guinea","NAME_ES":"Guinea Ecuatorial","NAME_FA":"گینه استوایی","NAME_FR":"Guinée équatoriale","NAME_EL":"Ισημερινή Γουινέα","NAME_HE":"גינאה המשוונית","NAME_HI":"भूमध्यरेखीय गिनी","NAME_HU":"Egyenlítői-Guinea","NAME_ID":"Guinea Khatulistiwa","NAME_IT":"Guinea Equatoriale","NAME_JA":"赤道ギニア","NAME_KO":"적도 기니","NAME_NL":"Equatoriaal-Guinea","NAME_PL":"Gwinea Równikowa","NAME_PT":"Guiné Equatorial","NAME_RU":"Экваториальная Гвинея","NAME_SV":"Ekvatorialguinea","NAME_TR":"Ekvator Ginesi","NAME_UK":"Екваторіальна Гвінея","NAME_UR":"استوائی گنی","NAME_VI":"Guinea Xích Đạo","NAME_ZH":"赤道几内亚","NAME_ZHT":"赤道幾內亞","FCLASS_ISO":"Admin-0 country","TLC_DIFF":null,"FCLASS_TLC":"Admin-0 country","FCLASS_US":null,"FCLASS_FR":null,"FCLASS_RU":null,"FCLASS_ES":null,"FCLASS_CN":null,"FCLASS_TW":null,"FCLASS_IN":null,"FCLASS_NP":null,"FCLASS_PK":null,"FCLASS_DE":null,"FCLASS_GB":null,"FCLASS_BR":null,"FCLASS_IL":null,"FCLASS_PS":null,"FCLASS_SA":null,"FCLASS_EG":null,"FCLASS_MA":null,"FCLASS_PT":null,"FCLASS_AR":null,"FCLASS_JP":null,"FCLASS_KO":null,"FCLASS_VN":null,"FCLASS_TR":null,"FCLASS_ID":null,"FCLASS_PL":null,"FCLASS_GR":null,"FCLASS_IT":null,"FCLASS_NL":null,"FCLASS_SE":null,"FCLASS_BD":null,"FCLASS_UA":null},"geometry":{"type":"MultiPolygon","coordinates":[[],[]]}},{"type":"Feature","bbox":[-91.65415,-4.990625,-75.249609,1.455371],"properties":{"featurecla":"Admin-0 country","scalerank":1,"LABELRANK":3,"SOVEREIGNT":"Ecuador","SOV_A3":"ECU","ADM0_DIF":0,"LEVEL":2,"TYPE":"Sovereign country","TLC":"1","ADMIN":"Ecuador","ADM0_A3":"ECU","GEOU_DIF":0,"GEOUNIT":"Ecuador","GU_A3":"ECU","SU_DIF":0,"SUBUNIT":"Ecuador","SU_A3":"ECU","BRK_DIFF":0,"NAME":"Ecuador","NAME_LONG":"Ecuador","BRK_A3":"ECU","BRK_NAME":"Ecuador","BRK_GROUP":null,"ABBREV":"Ecu.","POSTAL":"EC","FORMAL_EN":"Republic of Ecuador","FORMAL_FR":null,"NAME_CIAWF":"Ecuador","NOTE_ADM0":null,"NOTE_BRK":null,"NAME_SORT":"Ecuador","NAME_ALT":null,"MAPCOLOR7":1,"MAPCOLOR8":5,"MAPCOLOR9":2,"MAPCOLOR13":12,"POP_EST":17373662,"POP_RANK":14,"POP_YEAR":2019,"GDP_MD":107435,"GDP_YEAR":2019,"ECONOMY":"6. Developing region","INCOME_GRP":"3. Upper middle income","FIPS_10":"EC","ISO_A2":"EC","ISO_A2_EH":"EC","ISO_A3":"ECU","ISO_A3_EH":"ECU","ISO_N3":"218","ISO_N3_EH":"218","UN_A3":"218","WB_A2":"EC","WB_A3":"ECU","WOE_ID":23424801,"WOE_ID_EH":23424801,"WOE_NOTE":"Exact WOE match as country","ADM0_ISO":"ECU","ADM0_DIFF":null,"ADM0_TLC":"ECU","ADM0_A3_US":"ECU","ADM0_A3_FR":"ECU","ADM0_A3_RU":"ECU","ADM0_A3_ES":"ECU","ADM0_A3_CN":"ECU","ADM0_A3_TW":"ECU","ADM0_A3_IN":"ECU","ADM0_A3_NP":"ECU","ADM0_A3_PK":"ECU","ADM0_A3_DE":"ECU","ADM0_A3_GB":"ECU","ADM0_A3_BR":"ECU","ADM0_A3_IL":"ECU","ADM0_A3_PS":"ECU","ADM0_A3_SA":"ECU","ADM0_A3_EG":"ECU","ADM0_A3_MA":"ECU","ADM0_A3_PT":"ECU","ADM0_A3_AR":"ECU","ADM0_A3_JP":"ECU","ADM0_A3_KO":"ECU","ADM0_A3_VN":"ECU","ADM0_A3_TR":"ECU","ADM0_A3_ID":"ECU","ADM0_A3_PL":"ECU","ADM0_A3_GR":"ECU","ADM0_A3_IT":"ECU","ADM0_A3_NL":"ECU","ADM0_A3_SE":"ECU","ADM0_A3_BD":"ECU","ADM0_A3_UA":"ECU","ADM0_A3_UN":-99,"ADM0_A3_WB":-99,"CONTINENT":"South America","REGION_UN":"Americas","SUBREGION":"South America","REGION_WB":"Latin America & Caribbean","NAME_LEN":7,"LONG_LEN":7,"ABBREV_LEN":4,"TINY":-99,"HOMEPART":1,"MIN_ZOOM":0,"MIN_LABEL":3,"MAX_LABEL":8,"LABEL_X":-78.188375,"LABEL_Y":-1.259076,"NE_ID":1159320567,"WIKIDATAID":"Q736","NAME_AR":"الإكوادور","NAME_BN":"ইকুয়েডর","NAME_DE":"Ecuador","NAME_EN":"Ecuador","NAME_ES":"Ecuador","NAME_FA":"اکوادور","NAME_FR":"Équateur","NAME_EL":"Εκουαδόρ","NAME_HE":"אקוודור","NAME_HI":"ईक्वाडोर","NAME_HU":"Ecuador","NAME_ID":"Ekuador","NAME_IT":"Ecuador","NAME_JA":"エクアドル","NAME_KO":"에콰도르","NAME_NL":"Ecuador","NAME_PL":"Ekwador","NAME_PT":"Equador","NAME_RU":"Эквадор","NAME_SV":"Ecuador","NAME_TR":"Ekvador","NAME_UK":"Еквадор","NAME_UR":"ایکواڈور","NAME_VI":"Ecuador","NAME_ZH":"厄瓜多尔","NAME_ZHT":"厄瓜多爾","FCLASS_ISO":"Admin-0 country","TLC_DIFF":null,"FCLASS_TLC":"Admin-0 country","FCLASS_US":null,"FCLASS_FR":null,"FCLASS_RU":null,"FCLASS_ES":null,"FCLASS_CN":null,"FCLASS_TW":null,"FCLASS_IN":null,"FCLASS_NP":null,"FCLASS_PK":null,"FCLASS_DE":null,"FCLASS_GB":null,"FCLASS_BR":null,"FCLASS_IL":null,"FCLASS_PS":null,"FCLASS_SA":null,"FCLASS_EG":null,"FCLASS_MA":null,"FCLASS_PT":null,"FCLASS_AR":null,"FCLASS_JP":null,"FCLASS_KO":null,"FCLASS_VN":null,"FCLASS_TR":null,"FCLASS_ID":null,"FCLASS_PL":null,"FCLASS_GR":null,"FCLASS_IT":null,"FCLASS_NL":null,"FCLASS_SE":null,"FCLASS_BD":null,"FCLASS_UA":null},"geometry":{"type":"MultiPolygon","coordinates":[[],[],[],[],[],[],[],[],[]]}},{"type":"Feature","bbox":[-72.818066,59.815479,-11.425537,83.599609],"properties":{"featurecla":"Admin-0 country","scalerank":1,"LABELRANK":3,"SOVEREIGNT":"Denmark","SOV_A3":"DN1","ADM0_DIF":1,"LEVEL":2,"TYPE":"Country","TLC":"1","ADMIN":"Greenland","ADM0_A3":"GRL","GEOU_DIF":0,"GEOUNIT":"Greenland","GU_A3":"GRL","SU_DIF":0,"SUBUNIT":"Greenland","SU_A3":"GRL","BRK_DIFF":0,"NAME":"Greenland","NAME_LONG":"Greenland","BRK_A3":"GRL","BRK_NAME":"Greenland","BRK_GROUP":null,"ABBREV":"Grlnd.","POSTAL":"GL","FORMAL_EN":"Greenland","FORMAL_FR":null,"NAME_CIAWF":"Greenland","NOTE_ADM0":"Den.","NOTE_BRK":null,"NAME_SORT":"Greenland","NAME_ALT":null,"MAPCOLOR7":4,"MAPCOLOR8":1,"MAPCOLOR9":3,"MAPCOLOR13":12,"POP_EST":56225,"POP_RANK":8,"POP_YEAR":2019,"GDP_MD":3051,"GDP_YEAR":2018,"ECONOMY":"2. Developed region: nonG7","INCOME_GRP":"2. High income: nonOECD","FIPS_10":"GL","ISO_A2":"GL","ISO_A2_EH":"GL","ISO_A3":"GRL","ISO_A3_EH":"GRL","ISO_N3":"304","ISO_N3_EH":"304","UN_A3":"304","WB_A2":"GL","WB_A3":"GRL","WOE_ID":23424828,"WOE_ID_EH":23424828,"WOE_NOTE":"Exact WOE match as country","ADM0_ISO":"GRL","ADM0_DIFF":null,"ADM0_TLC":"GRL","ADM0_A3_US":"GRL","ADM0_A3_FR":"GRL","ADM0_A3_RU":"GRL","ADM0_A3_ES":"GRL","ADM0_A3_CN":"GRL","ADM0_A3_TW":"GRL","ADM0_A3_IN":"GRL","ADM0_A3_NP":"GRL","ADM0_A3_PK":"GRL","ADM0_A3_DE":"GRL","ADM0_A3_GB":"GRL","ADM0_A3_BR":"GRL","ADM0_A3_IL":"GRL","ADM0_A3_PS":"GRL","ADM0_A3_SA":"GRL","ADM0_A3_EG":"GRL","ADM0_A3_MA":"GRL","ADM0_A3_PT":"GRL","ADM0_A3_AR":"GRL","ADM0_A3_JP":"GRL","ADM0_A3_KO":"GRL","ADM0_A3_VN":"GRL","ADM0_A3_TR":"GRL","ADM0_A3_ID":"GRL","ADM0_A3_PL":"GRL","ADM0_A3_GR":"GRL","ADM0_A3_IT":"GRL","ADM0_A3_NL":"GRL","ADM0_A3_SE":"GRL","ADM0_A3_BD":"GRL","ADM0_A3_UA":"GRL","ADM0_A3_UN":-99,"ADM0_A3_WB":-99,"CONTINENT":"North America","REGION_UN":"Americas","SUBREGION":"Northern America","REGION_WB":"Europe & Central Asia","NAME_LEN":9,"LONG_LEN":9,"ABBREV_LEN":6,"TINY":-99,"HOMEPART":-99,"MIN_ZOOM":0,"MIN_LABEL":1.7,"MAX_LABEL":6.7,"LABEL_X":-39.335251,"LABEL_Y":74.319387,"NE_ID":1159320551,"WIKIDATAID":"Q223","NAME_AR":"جرينلاند","NAME_BN":"গ্রিনল্যান্ড","NAME_DE":"Grönland","NAME_EN":"Greenland","NAME_ES":"Groenlandia","NAME_FA":"گرینلند","NAME_FR":"Groenland","NAME_EL":"Γροιλανδία","NAME_HE":"גרינלנד","NAME_HI":"ग्रीनलैण्ड","NAME_HU":"Grönland","NAME_ID":"Greenland","NAME_IT":"Groenlandia","NAME_JA":"グリーンランド","NAME_KO":"그린란드","NAME_NL":"Groenland","NAME_PL":"Grenlandia","NAME_PT":"Groenlândia","NAME_RU":"Гренландия","NAME_SV":"Grönland","NAME_TR":"Grönland","NAME_UK":"Гренландія","NAME_UR":"گرین لینڈ","NAME_VI":"Greenland","NAME_ZH":"格陵兰","NAME_ZHT":"格陵蘭","FCLASS_ISO":"Admin-0 dependency","TLC_DIFF":null,"FCLASS_TLC":"Admin-0 dependency","FCLASS_US":null,"FCLASS_FR":null,"FCLASS_RU":null,"FCLASS_ES":null,"FCLASS_CN":null,"FCLASS_TW":null,"FCLASS_IN":null,"FCLASS_NP":null,"FCLASS_PK":null,"FCLASS_DE":null,"FCLASS_GB":null,"FCLASS_BR":null,"FCLASS_IL":null,"FCLASS_PS":null,"FCLASS_SA":null,"FCLASS_EG":null,"FCLASS_MA":null,"FCLASS_PT":null,"FCLASS_AR":null,"FCLASS_JP":null,"FCLASS_KO":null,"FCLASS_VN":null,"FCLASS_TR":null,"FCLASS_ID":null,"FCLASS_PL":null,"FCLASS_GR":null,"FCLASS_IT":null,"FCLASS_NL":null,"FCLASS_SE":null,"FCLASS_BD":null,"FCLASS_UA":null},"geometry":{"type":"MultiPolygon","coordinates":[[],[],[],[],[],[],[],[],[],[],[],[],[],[],[],[],[]]}},{"type":"Feature","bbox":[-7.422607,61.414307,-6.406055,62.355664],"properties":{"featurecla":"Admin-0 country","scalerank":3,"LABELRANK":6,"SOVEREIGNT":"Denmark","SOV_A3":"DN1","ADM0_DIF":1,"LEVEL":2,"TYPE":"Dependency","TLC":"1","ADMIN":"Faroe Islands","ADM0_A3":"FRO","GEOU_DIF":0,"GEOUNIT":"Faroe Islands","GU_A3":"FRO","SU_DIF":0,"SUBUNIT":"Faroe Islands","SU_A3":"FRO","BRK_DIFF":0,"NAME":"Faeroe Is.","NAME_LONG":"Faeroe Islands","BRK_A3":"FRO","BRK_NAME":"Faeroe Islands","BRK_GROUP":null,"ABBREV":"Faeroe Is.","POSTAL":"FO","FORMAL_EN":"Føroyar Is. (Faeroe Is.)","FORMAL_FR":null,"NAME_CIAWF":"Faroe Islands","NOTE_ADM0":"Den.","NOTE_BRK":null,"NAME_SORT":"Faeroe Islands","NAME_ALT":null,"MAPCOLOR7":4,"MAPCOLOR8":1,"MAPCOLOR9":3,"MAPCOLOR13":12,"POP_EST":48678,"POP_RANK":7,"POP_YEAR":2019,"GDP_MD":3116,"GDP_YEAR":2018,"ECONOMY":"2. Developed region: nonG7","INCOME_GRP":"2. High income: nonOECD","FIPS_10":"FO","ISO_A2":"FO","ISO_A2_EH":"FO","ISO_A3":"FRO","ISO_A3_EH":"FRO","ISO_N3":"234","ISO_N3_EH":"234","UN_A3":"234","WB_A2":"FO","WB_A3":"FRO","WOE_ID":23424816,"WOE_ID_EH":23424816,"WOE_NOTE":"Exact WOE match as country","ADM0_ISO":"FRO","ADM0_DIFF":null,"ADM0_TLC":"FRO","ADM0_A3_US":"FRO","ADM0_A3_FR":"FRO","ADM0_A3_RU":"FRO","ADM0_A3_ES":"FRO","ADM0_A3_CN":"FRO","ADM0_A3_TW":"FRO","ADM0_A3_IN":"FRO","ADM0_A3_NP":"FRO","ADM0_A3_PK":"FRO","ADM0_A3_DE":"FRO","ADM0_A3_GB":"FRO","ADM0_A3_BR":"FRO","ADM0_A3_IL":"FRO","ADM0_A3_PS":"FRO","ADM0_A3_SA":"FRO","ADM0_A3_EG":"FRO","ADM0_A3_MA":"FRO","ADM0_A3_PT":"FRO","ADM0_A3_AR":"FRO","ADM0_A3_JP":"FRO","ADM0_A3_KO":"FRO","ADM0_A3_VN":"FRO","ADM0_A3_TR":"FRO","ADM0_A3_ID":"FRO","ADM0_A3_PL":"FRO","ADM0_A3_GR":"FRO","ADM0_A3_IT":"FRO","ADM0_A3_NL":"FRO","ADM0_A3_SE":"FRO","ADM0_A3_BD":"FRO","ADM0_A3_UA":"FRO","ADM0_A3_UN":-99,"ADM0_A3_WB":-99,"CONTINENT":"Europe","REGION_UN":"Europe","SUBREGION":"Northern Europe","REGION_WB":"Europe & Central Asia","NAME_LEN":10,"LONG_LEN":14,"ABBREV_LEN":10,"TINY":3,"HOMEPART":-99,"MIN_ZOOM":0,"MIN_LABEL":4,"MAX_LABEL":9,"LABEL_X":-7.058429,"LABEL_Y":62.185604,"NE_ID":1159320549,"WIKIDATAID":"Q4628","NAME_AR":"جزر فارو","NAME_BN":"ফ্যারো দ্বীপপুঞ্জ","NAME_DE":"Färöer","NAME_EN":"Faroe Islands","NAME_ES":"Islas Feroe","NAME_FA":"جزایر فارو","NAME_FR":"îles Féroé","NAME_EL":"Νήσοι Φερόες","NAME_HE":"איי פארו","NAME_HI":"फ़रो द्वीपसमूह","NAME_HU":"Feröer","NAME_ID":"Kepulauan Faroe","NAME_IT":"Fær Øer","NAME_JA":"フェロー諸島","NAME_KO":"페로 제도","NAME_NL":"Faeröer","NAME_PL":"Wyspy Owcze","NAME_PT":"Ilhas Feroe","NAME_RU":"Фарерские острова","NAME_SV":"Färöarna","NAME_TR":"Faroe Adaları","NAME_UK":"Фарерські острови","NAME_UR":"جزائرفارو","NAME_VI":"Quần đảo Faroe","NAME_ZH":"法罗群岛","NAME_ZHT":"法羅群島","FCLASS_ISO":"Admin-0 dependency","TLC_DIFF":null,"FCLASS_TLC":"Admin-0 dependency","FCLASS_US":null,"FCLASS_FR":null,"FCLASS_RU":null,"FCLASS_ES":null,"FCLASS_CN":null,"FCLASS_TW":null,"FCLASS_IN":null,"FCLASS_NP":null,"FCLASS_PK":null,"FCLASS_DE":null,"FCLASS_GB":null,"FCLASS_BR":null,"FCLASS_IL":null,"FCLASS_PS":null,"FCLASS_SA":null,"FCLASS_EG":null,"FCLASS_MA":null,"FCLASS_PT":null,"FCLASS_AR":null,"FCLASS_JP":null,"FCLASS_KO":null,"FCLASS_VN":null,"FCLASS_TR":null,"FCLASS_ID":null,"FCLASS_PL":null,"FCLASS_GR":null,"FCLASS_IT":null,"FCLASS_NL":null,"FCLASS_SE":null,"FCLASS_BD":null,"FCLASS_UA":null},"geometry":{"type":"MultiPolygon","coordinates":[[],[],[],[],[]]}},{"type":"Feature","bbox":[8.121484,54.628857,15.137109,57.736914],"properties":{"featurecla":"Admin-0 country","scalerank":1,"LABELRANK":4,"SOVEREIGNT":"Denmark","SOV_A3":"DN1","ADM0_DIF":1,"LEVEL":2,"TYPE":"Country","TLC":"1","ADMIN":"Denmark","ADM0_A3":"DNK","GEOU_DIF":0,"GEOUNIT":"Denmark","GU_A3":"DNK","SU_DIF":0,"SUBUNIT":"Denmark","SU_A3":"DNK","BRK_DIFF":0,"NAME":"Denmark","NAME_LONG":"Denmark","BRK_A3":"DNK","BRK_NAME":"Denmark","BRK_GROUP":null,"ABBREV":"Den.","POSTAL":"DK","FORMAL_EN":"Kingdom of Denmark","FORMAL_FR":null,"NAME_CIAWF":"Denmark","NOTE_ADM0":null,"NOTE_BRK":null,"NAME_SORT":"Denmark","NAME_ALT":null,"MAPCOLOR7":4,"MAPCOLOR8":1,"MAPCOLOR9":3,"MAPCOLOR13":12,"POP_EST":5818553,"POP_RANK":13,"POP_YEAR":2019,"GDP_MD":350104,"GDP_YEAR":2019,"ECONOMY":"2. Developed region: nonG7","INCOME_GRP":"1. High income: OECD","FIPS_10":"DA","ISO_A2":"DK","ISO_A2_EH":"DK","ISO_A3":"DNK","ISO_A3_EH":"DNK","ISO_N3":"208","ISO_N3_EH":"208","UN_A3":"208","WB_A2":"DK","WB_A3":"DNK","WOE_ID":23424796,"WOE_ID_EH":23424796,"WOE_NOTE":"Exact WOE match as country","ADM0_ISO":"DNK","ADM0_DIFF":null,"ADM0_TLC":"DNK","ADM0_A3_US":"DNK","ADM0_A3_FR":"DNK","ADM0_A3_RU":"DNK","ADM0_A3_ES":"DNK","ADM0_A3_CN":"DNK","ADM0_A3_TW":"DNK","ADM0_A3_IN":"DNK","ADM0_A3_NP":"DNK","ADM0_A3_PK":"DNK","ADM0_A3_DE":"DNK","ADM0_A3_GB":"DNK","ADM0_A3_BR":"DNK","ADM0_A3_IL":"DNK","ADM0_A3_PS":"DNK","ADM0_A3_SA":"DNK","ADM0_A3_EG":"DNK","ADM0_A3_MA":"DNK","ADM0_A3_PT":"DNK","ADM0_A3_AR":"DNK","ADM0_A3_JP":"DNK","ADM0_A3_KO":"DNK","ADM0_A3_VN":"DNK","ADM0_A3_TR":"DNK","ADM0_A3_ID":"DNK","ADM0_A3_PL":"DNK","ADM0_A3_GR":"DNK","ADM0_A3_IT":"DNK","ADM0_A3_NL":"DNK","ADM0_A3_SE":"DNK","ADM0_A3_BD":"DNK","ADM0_A3_UA":"DNK","ADM0_A3_UN":-99,"ADM0_A3_WB":-99,"CONTINENT":"Europe","REGION_UN":"Europe","SUBREGION":"Northern Europe","REGION_WB":"Europe & Central Asia","NAME_LEN":7,"LONG_LEN":7,"ABBREV_LEN":4,"TINY":-99,"HOMEPART":1,"MIN_ZOOM":0,"MIN_LABEL":3,"MAX_LABEL":8,"LABEL_X":9.018163,"LABEL_Y":55.966965,"NE_ID":1159320547,"WIKIDATAID":"Q35","NAME_AR":"الدنمارك","NAME_BN":"ডেনমার্ক","NAME_DE":"Dänemark","NAME_EN":"Denmark","NAME_ES":"Dinamarca","NAME_FA":"دانمارک","NAME_FR":"Danemark","NAME_EL":"Δανία","NAME_HE":"דנמרק","NAME_HI":"डेनमार्क","NAME_HU":"Dánia","NAME_ID":"Denmark","NAME_IT":"Danimarca","NAME_JA":"デンマーク","NAME_KO":"덴마크","NAME_NL":"Denemarken","NAME_PL":"Dania","NAME_PT":"Dinamarca","NAME_RU":"Дания","NAME_SV":"Danmark","NAME_TR":"Danimarka","NAME_UK":"Данія","NAME_UR":"ڈنمارک","NAME_VI":"Đan Mạch","NAME_ZH":"丹麦","NAME_ZHT":"丹麥","FCLASS_ISO":"Admin-0 country","TLC_DIFF":null,"FCLASS_TLC":"Admin-0 country","FCLASS_US":null,"FCLASS_FR":null,"FCLASS_RU":null,"FCLASS_ES":null,"FCLASS_CN":null,"FCLASS_TW":null,"FCLASS_IN":null,"FCLASS_NP":null,"FCLASS_PK":null,"FCLASS_DE":null,"FCLASS_GB":null,"FCLASS_BR":null,"FCLASS_IL":null,"FCLASS_PS":null,"FCLASS_SA":null,"FCLASS_EG":null,"FCLASS_MA":null,"FCLASS_PT":null,"FCLASS_AR":null,"FCLASS_JP":null,"FCLASS_KO":null,"FCLASS_VN":null,"FCLASS_TR":null,"FCLASS_ID":null,"FCLASS_PL":null,"FCLASS_GR":null,"FCLASS_IT":null,"FCLASS_NL":null,"FCLASS_SE":null,"FCLASS_BD":null,"FCLASS_UA":null},"geometry":{"type":"MultiPolygon","coordinates":[[],[],[],[],[],[],[],[],[],[],[],[]]}},{"type":"Feature","bbox":[-84.887207,19.855469,-74.136816,23.19043],"properties":{"featurecla":"Admin-0 country","scalerank":1,"LABELRANK":3,"SOVEREIGNT":"Cuba","SOV_A3":"CU1","ADM0_DIF":1,"LEVEL":1,"TYPE":"Sovereignty","TLC":"1","ADMIN":"Cuba","ADM0_A3":"CUB","GEOU_DIF":0,"GEOUNIT":"Cuba","GU_A3":"CUB","SU_DIF":0,"SUBUNIT":"Cuba","SU_A3":"CUB","BRK_DIFF":0,"NAME":"Cuba","NAME_LONG":"Cuba","BRK_A3":"CUB","BRK_NAME":"Cuba","BRK_GROUP":null,"ABBREV":"Cuba","POSTAL":"CU","FORMAL_EN":"Republic of Cuba","FORMAL_FR":null,"NAME_CIAWF":"Cuba","NOTE_ADM0":null,"NOTE_BRK":null,"NAME_SORT":"Cuba","NAME_ALT":null,"MAPCOLOR7":3,"MAPCOLOR8":5,"MAPCOLOR9":3,"MAPCOLOR13":4,"POP_EST":11333483,"POP_RANK":14,"POP_YEAR":2019,"GDP_MD":100023,"GDP_YEAR":2018,"ECONOMY":"5. Emerging region: G20","INCOME_GRP":"3. Upper middle income","FIPS_10":"CU","ISO_A2":"CU","ISO_A2_EH":"CU","ISO_A3":"CUB","ISO_A3_EH":"CUB","ISO_N3":"192","ISO_N3_EH":"192","UN_A3":"192","WB_A2":"CU","WB_A3":"CUB","WOE_ID":23424793,"WOE_ID_EH":23424793,"WOE_NOTE":"Exact WOE match as country","ADM0_ISO":"CUB","ADM0_DIFF":null,"ADM0_TLC":"CUB","ADM0_A3_US":"CUB","ADM0_A3_FR":"CUB","ADM0_A3_RU":"CUB","ADM0_A3_ES":"CUB","ADM0_A3_CN":"CUB","ADM0_A3_TW":"CUB","ADM0_A3_IN":"CUB","ADM0_A3_NP":"CUB","ADM0_A3_PK":"CUB","ADM0_A3_DE":"CUB","ADM0_A3_GB":"CUB","ADM0_A3_BR":"CUB","ADM0_A3_IL":"CUB","ADM0_A3_PS":"CUB","ADM0_A3_SA":"CUB","ADM0_A3_EG":"CUB","ADM0_A3_MA":"CUB","ADM0_A3_PT":"CUB","ADM0_A3_AR":"CUB","ADM0_A3_JP":"CUB","ADM0_A3_KO":"CUB","ADM0_A3_VN":"CUB","ADM0_A3_TR":"CUB","ADM0_A3_ID":"CUB","ADM0_A3_PL":"CUB","ADM0_A3_GR":"CUB","ADM0_A3_IT":"CUB","ADM0_A3_NL":"CUB","ADM0_A3_SE":"CUB","ADM0_A3_BD":"CUB","ADM0_A3_UA":"CUB","ADM0_A3_UN":-99,"ADM0_A3_WB":-99,"CONTINENT":"North America","REGION_UN":"Americas","SUBREGION":"Caribbean","REGION_WB":"Latin America & Caribbean","NAME_LEN":4,"LONG_LEN":4,"ABBREV_LEN":4,"TINY":-99,"HOMEPART":1,"MIN_ZOOM":0,"MIN_LABEL":2.7,"MAX_LABEL":8,"LABEL_X":-77.975855,"LABEL_Y":21.334024,"NE_ID":1159320527,"WIKIDATAID":"Q241","NAME_AR":"كوبا","NAME_BN":"কিউবা","NAME_DE":"Kuba","NAME_EN":"Cuba","NAME_ES":"Cuba","NAME_FA":"کوبا","NAME_FR":"Cuba","NAME_EL":"Κούβα","NAME_HE":"קובה","NAME_HI":"क्यूबा","NAME_HU":"Kuba","NAME_ID":"Kuba","NAME_IT":"Cuba","NAME_JA":"キューバ","NAME_KO":"쿠바","NAME_NL":"Cuba","NAME_PL":"Kuba","NAME_PT":"Cuba","NAME_RU":"Куба","NAME_SV":"Kuba","NAME_TR":"Küba","NAME_UK":"Куба","NAME_UR":"کیوبا","NAME_VI":"Cuba","NAME_ZH":"古巴","NAME_ZHT":"古巴","FCLASS_ISO":"Admin-0 country","TLC_DIFF":null,"FCLASS_TLC":"Admin-0 country","FCLASS_US":null,"FCLASS_FR":null,"FCLASS_RU":null,"FCLASS_ES":null,"FCLASS_CN":null,"FCLASS_TW":null,"FCLASS_IN":null,"FCLASS_NP":null,"FCLASS_PK":null,"FCLASS_DE":null,"FCLASS_GB":null,"FCLASS_BR":null,"FCLASS_IL":null,"FCLASS_PS":null,"FCLASS_SA":null,"FCLASS_EG":null,"FCLASS_MA":null,"FCLASS_PT":null,"FCLASS_AR":null,"FCLASS_JP":null,"FCLASS_KO":null,"FCLASS_VN":null,"FCLASS_TR":null,"FCLASS_ID":null,"FCLASS_PL":null,"FCLASS_GR":null,"FCLASS_IT":null,"FCLASS_NL":null,"FCLASS_SE":null,"FCLASS_BD":null,"FCLASS_UA":null},"geometry":{"type":"MultiPolygon","coordinates":[[],[],[],[],[],[],[]]}},{"type":"Feature","bbox":[13.517188,42.43291,19.400977,46.534619],"properties":{"featurecla":"Admin-0 country","scalerank":1,"LABELRANK":6,"SOVEREIGNT":"Croatia","SOV_A3":"HRV","ADM0_DIF":0,"LEVEL":2,"TYPE":"Sovereign country","TLC":"1","ADMIN":"Croatia","ADM0_A3":"HRV","GEOU_DIF":0,"GEOUNIT":"Croatia","GU_A3":"HRV","SU_DIF":0,"SUBUNIT":"Croatia","SU_A3":"HRV","BRK_DIFF":0,"NAME":"Croatia","NAME_LONG":"Croatia","BRK_A3":"HRV","BRK_NAME":"Croatia","BRK_GROUP":null,"ABBREV":"Cro.","POSTAL":"HR","FORMAL_EN":"Republic of Croatia","FORMAL_FR":null,"NAME_CIAWF":"Croatia","NOTE_ADM0":null,"NOTE_BRK":null,"NAME_SORT":"Croatia","NAME_ALT":null,"MAPCOLOR7":5,"MAPCOLOR8":4,"MAPCOLOR9":5,"MAPCOLOR13":1,"POP_EST":4067500,"POP_RANK":12,"POP_YEAR":2019,"GDP_MD":60752,"GDP_YEAR":2019,"ECONOMY":"2. Developed region: nonG7","INCOME_GRP":"2. High income: nonOECD","FIPS_10":"HR","ISO_A2":"HR","ISO_A2_EH":"HR","ISO_A3":"HRV","ISO_A3_EH":"HRV","ISO_N3":"191","ISO_N3_EH":"191","UN_A3":"191","WB_A2":"HR","WB_A3":"HRV","WOE_ID":23424843,"WOE_ID_EH":23424843,"WOE_NOTE":"Exact WOE match as country","ADM0_ISO":"HRV","ADM0_DIFF":null,"ADM0_TLC":"HRV","ADM0_A3_US":"HRV","ADM0_A3_FR":"HRV","ADM0_A3_RU":"HRV","ADM0_A3_ES":"HRV","ADM0_A3_CN":"HRV","ADM0_A3_TW":"HRV","ADM0_A3_IN":"HRV","ADM0_A3_NP":"HRV","ADM0_A3_PK":"HRV","ADM0_A3_DE":"HRV","ADM0_A3_GB":"HRV","ADM0_A3_BR":"HRV","ADM0_A3_IL":"HRV","ADM0_A3_PS":"HRV","ADM0_A3_SA":"HRV","ADM0_A3_EG":"HRV","ADM0_A3_MA":"HRV","ADM0_A3_PT":"HRV","ADM0_A3_AR":"HRV","ADM0_A3_JP":"HRV","ADM0_A3_KO":"HRV","ADM0_A3_VN":"HRV","ADM0_A3_TR":"HRV","ADM0_A3_ID":"HRV","ADM0_A3_PL":"HRV","ADM0_A3_GR":"HRV","ADM0_A3_IT":"HRV","ADM0_A3_NL":"HRV","ADM0_A3_SE":"HRV","ADM0_A3_BD":"HRV","ADM0_A3_UA":"HRV","ADM0_A3_UN":-99,"ADM0_A3_WB":-99,"CONTINENT":"Europe","REGION_UN":"Europe","SUBREGION":"Southern Europe","REGION_WB":"Europe & Central Asia","NAME_LEN":7,"LONG_LEN":7,"ABBREV_LEN":4,"TINY":-99,"HOMEPART":1,"MIN_ZOOM":0,"MIN_LABEL":4,"MAX_LABEL":9,"LABEL_X":16.37241,"LABEL_Y":45.805799,"NE_ID":1159320833,"WIKIDATAID":"Q224","NAME_AR":"كرواتيا","NAME_BN":"ক্রোয়েশিয়া","NAME_DE":"Kroatien","NAME_EN":"Croatia","NAME_ES":"Croacia","NAME_FA":"کرواسی","NAME_FR":"Croatie","NAME_EL":"Κροατία","NAME_HE":"קרואטיה","NAME_HI":"क्रोएशिया","NAME_HU":"Horvátország","NAME_ID":"Kroasia","NAME_IT":"Croazia","NAME_JA":"クロアチア","NAME_KO":"크로아티아","NAME_NL":"Kroatië","NAME_PL":"Chorwacja","NAME_PT":"Croácia","NAME_RU":"Хорватия","NAME_SV":"Kroatien","NAME_TR":"Hırvatistan","NAME_UK":"Хорватія","NAME_UR":"کروشیا","NAME_VI":"Croatia","NAME_ZH":"克罗地亚","NAME_ZHT":"克羅地亞","FCLASS_ISO":"Admin-0 country","TLC_DIFF":null,"FCLASS_TLC":"Admin-0 country","FCLASS_US":null,"FCLASS_FR":null,"FCLASS_RU":null,"FCLASS_ES":null,"FCLASS_CN":null,"FCLASS_TW":null,"FCLASS_IN":null,"FCLASS_NP":null,"FCLASS_PK":null,"FCLASS_DE":null,"FCLASS_GB":null,"FCLASS_BR":null,"FCLASS_IL":null,"FCLASS_PS":null,"FCLASS_SA":null,"FCLASS_EG":null,"FCLASS_MA":null,"FCLASS_PT":null,"FCLASS_AR":null,"FCLASS_JP":null,"FCLASS_KO":null,"FCLASS_VN":null,"FCLASS_TR":null,"FCLASS_ID":null,"FCLASS_PL":null,"FCLASS_GR":null,"FCLASS_IT":null,"FCLASS_NL":null,"FCLASS_SE":null,"FCLASS_BD":null,"FCLASS_UA":null},"geometry":{"type":"MultiPolygon","coordinates":[[],[],[],[],[],[],[],[],[],[],[],[],[]]}},{"type":"Feature","bbox":[-8.603564,4.351318,-2.505859,10.724072],"properties":{"featurecla":"Admin-0 country","scalerank":5,"LABELRANK":3,"SOVEREIGNT":"Ivory Coast","SOV_A3":"CIV","ADM0_DIF":0,"LEVEL":2,"TYPE":"Sovereign country","TLC":"1","ADMIN":"Ivory Coast","ADM0_A3":"CIV","GEOU_DIF":0,"GEOUNIT":"Ivory Coast","GU_A3":"CIV","SU_DIF":0,"SUBUNIT":"Ivory Coast","SU_A3":"CIV","BRK_DIFF":0,"NAME":"Côte d'Ivoire","NAME_LONG":"Côte d'Ivoire","BRK_A3":"CIV","BRK_NAME":"Côte d'Ivoire","BRK_GROUP":null,"ABBREV":"I.C.","POSTAL":"CI","FORMAL_EN":"Republic of Ivory Coast","FORMAL_FR":"Republic of Cote D'Ivoire","NAME_CIAWF":"Cote D'ivoire","NOTE_ADM0":null,"NOTE_BRK":null,"NAME_SORT":"Côte d'Ivoire","NAME_ALT":null,"MAPCOLOR7":4,"MAPCOLOR8":6,"MAPCOLOR9":3,"MAPCOLOR13":3,"POP_EST":25716544,"POP_RANK":15,"POP_YEAR":2019,"GDP_MD":58539,"GDP_YEAR":2019,"ECONOMY":"6. Developing region","INCOME_GRP":"4. Lower middle income","FIPS_10":"IV","ISO_A2":"CI","ISO_A2_EH":"CI","ISO_A3":"CIV","ISO_A3_EH":"CIV","ISO_N3":"384","ISO_N3_EH":"384","UN_A3":"384","WB_A2":"CI","WB_A3":"CIV","WOE_ID":23424854,"WOE_ID_EH":23424854,"WOE_NOTE":"Exact WOE match as country","ADM0_ISO":"CIV","ADM0_DIFF":null,"ADM0_TLC":"CIV","ADM0_A3_US":"CIV","ADM0_A3_FR":"CIV","ADM0_A3_RU":"CIV","ADM0_A3_ES":"CIV","ADM0_A3_CN":"CIV","ADM0_A3_TW":"CIV","ADM0_A3_IN":"CIV","ADM0_A3_NP":"CIV","ADM0_A3_PK":"CIV","ADM0_A3_DE":"CIV","ADM0_A3_GB":"CIV","ADM0_A3_BR":"CIV","ADM0_A3_IL":"CIV","ADM0_A3_PS":"CIV","ADM0_A3_SA":"CIV","ADM0_A3_EG":"CIV","ADM0_A3_MA":"CIV","ADM0_A3_PT":"CIV","ADM0_A3_AR":"CIV","ADM0_A3_JP":"CIV","ADM0_A3_KO":"CIV","ADM0_A3_VN":"CIV","ADM0_A3_TR":"CIV","ADM0_A3_ID":"CIV","ADM0_A3_PL":"CIV","ADM0_A3_GR":"CIV","ADM0_A3_IT":"CIV","ADM0_A3_NL":"CIV","ADM0_A3_SE":"CIV","ADM0_A3_BD":"CIV","ADM0_A3_UA":"CIV","ADM0_A3_UN":-99,"ADM0_A3_WB":-99,"CONTINENT":"Africa","REGION_UN":"Africa","SUBREGION":"Western Africa","REGION_WB":"Sub-Saharan Africa","NAME_LEN":13,"LONG_LEN":13,"ABBREV_LEN":4,"TINY":-99,"HOMEPART":1,"MIN_ZOOM":0,"MIN_LABEL":2.5,"MAX_LABEL":8,"LABEL_X":-5.568618,"LABEL_Y":7.49139,"NE_ID":1159320507,"WIKIDATAID":"Q1008","NAME_AR":"ساحل العاج","NAME_BN":"কোত দিভোয়ার","NAME_DE":"Elfenbeinküste","NAME_EN":"Ivory Coast","NAME_ES":"Costa de Marfil","NAME_FA":"ساحل عاج","NAME_FR":"Côte d'Ivoire","NAME_EL":"Ακτή Ελεφαντοστού","NAME_HE":"חוף השנהב","NAME_HI":"कोत दिव्वार","NAME_HU":"Elefántcsontpart","NAME_ID":"Pantai Gading","NAME_IT":"Costa d'Avorio","NAME_JA":"コートジボワール","NAME_KO":"코트디부아르","NAME_NL":"Ivoorkust","NAME_PL":"Wybrzeże Kości Słoniowej","NAME_PT":"Costa do Marfim","NAME_RU":"Кот-д’Ивуар","NAME_SV":"Elfenbenskusten","NAME_TR":"Fildişi Sahili","NAME_UK":"Кот-д'Івуар","NAME_UR":"کوت داوواغ","NAME_VI":"Bờ Biển Ngà","NAME_ZH":"科特迪瓦","NAME_ZHT":"象牙海岸","FCLASS_ISO":"Admin-0 country","TLC_DIFF":null,"FCLASS_TLC":"Admin-0 country","FCLASS_US":null,"FCLASS_FR":null,"FCLASS_RU":null,"FCLASS_ES":null,"FCLASS_CN":null,"FCLASS_TW":null,"FCLASS_IN":null,"FCLASS_NP":null,"FCLASS_PK":null,"FCLASS_DE":null,"FCLASS_GB":null,"FCLASS_BR":null,"FCLASS_IL":null,"FCLASS_PS":null,"FCLASS_SA":null,"FCLASS_EG":null,"FCLASS_MA":null,"FCLASS_PT":null,"FCLASS_AR":null,"FCLASS_JP":null,"FCLASS_KO":null,"FCLASS_VN":null,"FCLASS_TR":null,"FCLASS_ID":null,"FCLASS_PL":null,"FCLASS_GR":null,"FCLASS_IT":null,"FCLASS_NL":null,"FCLASS_SE":null,"FCLASS_BD":null,"FCLASS_UA":null},"geometry":{"type":"MultiPolygon","coordinates":[[],[]]}},{"type":"Feature","bbox":[43.22666,-12.368262,44.526758,-11.368457],"properties":{"featurecla":"Admin-0 country","scalerank":3,"LABELRANK":6,"SOVEREIGNT":"Comoros","SOV_A3":"COM","ADM0_DIF":0,"LEVEL":2,"TYPE":"Sovereign country","TLC":"1","ADMIN":"Comoros","ADM0_A3":"COM","GEOU_DIF":0,"GEOUNIT":"Comoros","GU_A3":"COM","SU_DIF":0,"SUBUNIT":"Comoros","SU_A3":"COM","BRK_DIFF":0,"NAME":"Comoros","NAME_LONG":"Comoros","BRK_A3":"COM","BRK_NAME":"Comoros","BRK_GROUP":null,"ABBREV":"Com.","POSTAL":"KM","FORMAL_EN":"Union of the Comoros","FORMAL_FR":null,"NAME_CIAWF":"Comoros","NOTE_ADM0":null,"NOTE_BRK":null,"NAME_SORT":"Comoros","NAME_ALT":null,"MAPCOLOR7":2,"MAPCOLOR8":1,"MAPCOLOR9":4,"MAPCOLOR13":10,"POP_EST":850886,"POP_RANK":11,"POP_YEAR":2019,"GDP_MD":1165,"GDP_YEAR":2019,"ECONOMY":"7. Least developed region","INCOME_GRP":"5. Low income","FIPS_10":"CN","ISO_A2":"KM","ISO_A2_EH":"KM","ISO_A3":"COM","ISO_A3_EH":"COM","ISO_N3":"174","ISO_N3_EH":"174","UN_A3":"174","WB_A2":"KM","WB_A3":"COM","WOE_ID":23424786,"WOE_ID_EH":23424786,"WOE_NOTE":"Exact WOE match as country","ADM0_ISO":"COM","ADM0_DIFF":null,"ADM0_TLC":"COM","ADM0_A3_US":"COM","ADM0_A3_FR":"COM","ADM0_A3_RU":"COM","ADM0_A3_ES":"COM","ADM0_A3_CN":"COM","ADM0_A3_TW":"COM","ADM0_A3_IN":"COM","ADM0_A3_NP":"COM","ADM0_A3_PK":"COM","ADM0_A3_DE":"COM","ADM0_A3_GB":"COM","ADM0_A3_BR":"COM","ADM0_A3_IL":"COM","ADM0_A3_PS":"COM","ADM0_A3_SA":"COM","ADM0_A3_EG":"COM","ADM0_A3_MA":"COM","ADM0_A3_PT":"COM","ADM0_A3_AR":"COM","ADM0_A3_JP":"COM","ADM0_A3_KO":"COM","ADM0_A3_VN":"COM","ADM0_A3_TR":"COM","ADM0_A3_ID":"COM","ADM0_A3_PL":"COM","ADM0_A3_GR":"COM","ADM0_A3_IT":"COM","ADM0_A3_NL":"COM","ADM0_A3_SE":"COM","ADM0_A3_BD":"COM","ADM0_A3_UA":"COM","ADM0_A3_UN":-99,"ADM0_A3_WB":-99,"CONTINENT":"Africa","REGION_UN":"Africa","SUBREGION":"Eastern Africa","REGION_WB":"Sub-Saharan Africa","NAME_LEN":7,"LONG_LEN":7,"ABBREV_LEN":4,"TINY":2,"HOMEPART":1,"MIN_ZOOM":0,"MIN_LABEL":4,"MAX_LABEL":9,"LABEL_X":43.318094,"LABEL_Y":-11.727683,"NE_ID":1159320521,"WIKIDATAID":"Q970","NAME_AR":"جزر القمر","NAME_BN":"কোমোরোস","NAME_DE":"Komoren","NAME_EN":"Comoros","NAME_ES":"Comoras","NAME_FA":"مجمعالجزایر قمر","NAME_FR":"Comores","NAME_EL":"Κομόρες","NAME_HE":"קומורו","NAME_HI":"कोमोरोस","NAME_HU":"Comore-szigetek","NAME_ID":"Komoro","NAME_IT":"Comore","NAME_JA":"コモロ","NAME_KO":"코모로","NAME_NL":"Comoren","NAME_PL":"Komory","NAME_PT":"Comores","NAME_RU":"Коморы","NAME_SV":"Komorerna","NAME_TR":"Komorlar","NAME_UK":"Коморські Острови","NAME_UR":"اتحاد القمری","NAME_VI":"Comoros","NAME_ZH":"科摩罗","NAME_ZHT":"葛摩","FCLASS_ISO":"Admin-0 country","TLC_DIFF":null,"FCLASS_TLC":"Admin-0 country","FCLASS_US":null,"FCLASS_FR":null,"FCLASS_RU":null,"FCLASS_ES":null,"FCLASS_CN":null,"FCLASS_TW":null,"FCLASS_IN":null,"FCLASS_NP":null,"FCLASS_PK":null,"FCLASS_DE":null,"FCLASS_GB":null,"FCLASS_BR":null,"FCLASS_IL":null,"FCLASS_PS":null,"FCLASS_SA":null,"FCLASS_EG":null,"FCLASS_MA":null,"FCLASS_PT":null,"FCLASS_AR":null,"FCLASS_JP":null,"FCLASS_KO":null,"FCLASS_VN":null,"FCLASS_TR":null,"FCLASS_ID":null,"FCLASS_PL":null,"FCLASS_GR":null,"FCLASS_IT":null,"FCLASS_NL":null,"FCLASS_SE":null,"FCLASS_BD":null,"FCLASS_UA":null},"geometry":{"type":"MultiPolygon","coordinates":[[],[],[]]}},{"type":"Feature","bbox":[-79.025439,-4.235938,-66.876025,12.434375],"properties":{"featurecla":"Admin-0 country","scalerank":1,"LABELRANK":2,"SOVEREIGNT":"Colombia","SOV_A3":"COL","ADM0_DIF":0,"LEVEL":2,"TYPE":"Sovereign country","TLC":"1","ADMIN":"Colombia","ADM0_A3":"COL","GEOU_DIF":0,"GEOUNIT":"Colombia","GU_A3":"COL","SU_DIF":0,"SUBUNIT":"Colombia","SU_A3":"COL","BRK_DIFF":0,"NAME":"Colombia","NAME_LONG":"Colombia","BRK_A3":"COL","BRK_NAME":"Colombia","BRK_GROUP":null,"ABBREV":"Col.","POSTAL":"CO","FORMAL_EN":"Republic of Colombia","FORMAL_FR":null,"NAME_CIAWF":"Colombia","NOTE_ADM0":null,"NOTE_BRK":null,"NAME_SORT":"Colombia","NAME_ALT":null,"MAPCOLOR7":2,"MAPCOLOR8":1,"MAPCOLOR9":3,"MAPCOLOR13":1,"POP_EST":50339443,"POP_RANK":16,"POP_YEAR":2019,"GDP_MD":323615,"GDP_YEAR":2019,"ECONOMY":"6. Developing region","INCOME_GRP":"3. Upper middle income","FIPS_10":"CO","ISO_A2":"CO","ISO_A2_EH":"CO","ISO_A3":"COL","ISO_A3_EH":"COL","ISO_N3":"170","ISO_N3_EH":"170","UN_A3":"170","WB_A2":"CO","WB_A3":"COL","WOE_ID":23424787,"WOE_ID_EH":23424787,"WOE_NOTE":"Exact WOE match as country","ADM0_ISO":"COL","ADM0_DIFF":null,"ADM0_TLC":"COL","ADM0_A3_US":"COL","ADM0_A3_FR":"COL","ADM0_A3_RU":"COL","ADM0_A3_ES":"COL","ADM0_A3_CN":"COL","ADM0_A3_TW":"COL","ADM0_A3_IN":"COL","ADM0_A3_NP":"COL","ADM0_A3_PK":"COL","ADM0_A3_DE":"COL","ADM0_A3_GB":"COL","ADM0_A3_BR":"COL","ADM0_A3_IL":"COL","ADM0_A3_PS":"COL","ADM0_A3_SA":"COL","ADM0_A3_EG":"COL","ADM0_A3_MA":"COL","ADM0_A3_PT":"COL","ADM0_A3_AR":"COL","ADM0_A3_JP":"COL","ADM0_A3_KO":"COL","ADM0_A3_VN":"COL","ADM0_A3_TR":"COL","ADM0_A3_ID":"COL","ADM0_A3_PL":"COL","ADM0_A3_GR":"COL","ADM0_A3_IT":"COL","ADM0_A3_NL":"COL","ADM0_A3_SE":"COL","ADM0_A3_BD":"COL","ADM0_A3_UA":"COL","ADM0_A3_UN":-99,"ADM0_A3_WB":-99,"CONTINENT":"South America","REGION_UN":"Americas","SUBREGION":"South America","REGION_WB":"Latin America & Caribbean","NAME_LEN":8,"LONG_LEN":8,"ABBREV_LEN":4,"TINY":-99,"HOMEPART":1,"MIN_ZOOM":0,"MIN_LABEL":3,"MAX_LABEL":7,"LABEL_X":-73.174347,"LABEL_Y":3.373111,"NE_ID":1159320517,"WIKIDATAID":"Q739","NAME_AR":"كولومبيا","NAME_BN":"কলম্বিয়া","NAME_DE":"Kolumbien","NAME_EN":"Colombia","NAME_ES":"Colombia","NAME_FA":"کلمبیا","NAME_FR":"Colombie","NAME_EL":"Κολομβία","NAME_HE":"קולומביה","NAME_HI":"कोलम्बिया","NAME_HU":"Kolumbia","NAME_ID":"Kolombia","NAME_IT":"Colombia","NAME_JA":"コロンビア","NAME_KO":"콜롬비아","NAME_NL":"Colombia","NAME_PL":"Kolumbia","NAME_PT":"Colômbia","NAME_RU":"Колумбия","NAME_SV":"Colombia","NAME_TR":"Kolombiya","NAME_UK":"Колумбія","NAME_UR":"کولمبیا","NAME_VI":"Colombia","NAME_ZH":"哥伦比亚","NAME_ZHT":"哥倫比亞","FCLASS_ISO":"Admin-0 country","TLC_DIFF":null,"FCLASS_TLC":"Admin-0 country","FCLASS_US":null,"FCLASS_FR":null,"FCLASS_RU":null,"FCLASS_ES":null,"FCLASS_CN":null,"FCLASS_TW":null,"FCLASS_IN":null,"FCLASS_NP":null,"FCLASS_PK":null,"FCLASS_DE":null,"FCLASS_GB":null,"FCLASS_BR":null,"FCLASS_IL":null,"FCLASS_PS":null,"FCLASS_SA":null,"FCLASS_EG":null,"FCLASS_MA":null,"FCLASS_PT":null,"FCLASS_AR":null,"FCLASS_JP":null,"FCLASS_KO":null,"FCLASS_VN":null,"FCLASS_TR":null,"FCLASS_ID":null,"FCLASS_PL":null,"FCLASS_GR":null,"FCLASS_IT":null,"FCLASS_NL":null,"FCLASS_SE":null,"FCLASS_BD":null,"FCLASS_UA":null},"geometry":{"type":"MultiPolygon","coordinates":[[],[]]}},{"type":"Feature","bbox":[73.607324,18.218262,134.752344,53.555615],"properties":{"featurecla":"Admin-0 country","scalerank":3,"LABELRANK":2,"SOVEREIGNT":"China","SOV_A3":"CH1","ADM0_DIF":1,"LEVEL":2,"TYPE":"Country","TLC":"1","ADMIN":"China","ADM0_A3":"CHN","GEOU_DIF":0,"GEOUNIT":"China","GU_A3":"CHN","SU_DIF":0,"SUBUNIT":"China","SU_A3":"CHN","BRK_DIFF":0,"NAME":"China","NAME_LONG":"China","BRK_A3":"CHN","BRK_NAME":"China","BRK_GROUP":null,"ABBREV":"China","POSTAL":"CN","FORMAL_EN":"People's Republic of China","FORMAL_FR":null,"NAME_CIAWF":"China","NOTE_ADM0":null,"NOTE_BRK":null,"NAME_SORT":"China","NAME_ALT":null,"MAPCOLOR7":4,"MAPCOLOR8":4,"MAPCOLOR9":4,"MAPCOLOR13":3,"POP_EST":1397715000,"POP_RANK":18,"POP_YEAR":2019,"GDP_MD":14342903,"GDP_YEAR":2019,"ECONOMY":"3. Emerging region: BRIC","INCOME_GRP":"3. Upper middle income","FIPS_10":"CH","ISO_A2":"CN","ISO_A2_EH":"CN","ISO_A3":"CHN","ISO_A3_EH":"CHN","ISO_N3":"156","ISO_N3_EH":"156","UN_A3":"156","WB_A2":"CN","WB_A3":"CHN","WOE_ID":23424781,"WOE_ID_EH":23424781,"WOE_NOTE":"Exact WOE match as country","ADM0_ISO":"CHN","ADM0_DIFF":null,"ADM0_TLC":"CHN","ADM0_A3_US":"CHN","ADM0_A3_FR":"CHN","ADM0_A3_RU":"CHN","ADM0_A3_ES":"CHN","ADM0_A3_CN":"CHN","ADM0_A3_TW":"TWN","ADM0_A3_IN":"CHN","ADM0_A3_NP":"CHN","ADM0_A3_PK":"CHN","ADM0_A3_DE":"CHN","ADM0_A3_GB":"CHN","ADM0_A3_BR":"CHN","ADM0_A3_IL":"CHN","ADM0_A3_PS":"CHN","ADM0_A3_SA":"CHN","ADM0_A3_EG":"CHN","ADM0_A3_MA":"CHN","ADM0_A3_PT":"CHN","ADM0_A3_AR":"CHN","ADM0_A3_JP":"CHN","ADM0_A3_KO":"CHN","ADM0_A3_VN":"CHN","ADM0_A3_TR":"CHN","ADM0_A3_ID":"CHN","ADM0_A3_PL":"CHN","ADM0_A3_GR":"CHN","ADM0_A3_IT":"CHN","ADM0_A3_NL":"CHN","ADM0_A3_SE":"CHN","ADM0_A3_BD":"CHN","ADM0_A3_UA":"CHN","ADM0_A3_UN":-99,"ADM0_A3_WB":-99,"CONTINENT":"Asia","REGION_UN":"Asia","SUBREGION":"Eastern Asia","REGION_WB":"East Asia & Pacific","NAME_LEN":5,"LONG_LEN":5,"ABBREV_LEN":5,"TINY":-99,"HOMEPART":1,"MIN_ZOOM":0,"MIN_LABEL":1.7,"MAX_LABEL":5.7,"LABEL_X":106.337289,"LABEL_Y":32.498178,"NE_ID":1159320471,"WIKIDATAID":"Q148","NAME_AR":"الصين","NAME_BN":"গণচীন","NAME_DE":"Volksrepublik China","NAME_EN":"People's Republic of China","NAME_ES":"China","NAME_FA":"جمهوری خلق چین","NAME_FR":"République populaire de Chine","NAME_EL":"Λαϊκή Δημοκρατία της Κίνας","NAME_HE":"הרפובליקה העממית של סין","NAME_HI":"चीनी जनवादी गणराज्य","NAME_HU":"Kína","NAME_ID":"Republik Rakyat Tiongkok","NAME_IT":"Cina","NAME_JA":"中華人民共和国","NAME_KO":"중화인민공화국","NAME_NL":"Volksrepubliek China","NAME_PL":"Chińska Republika Ludowa","NAME_PT":"China","NAME_RU":"Китайская Народная Республика","NAME_SV":"Kina","NAME_TR":"Çin Halk Cumhuriyeti","NAME_UK":"Китайська Народна Республіка","NAME_UR":"عوامی جمہوریہ چین","NAME_VI":"Trung Quốc","NAME_ZH":"中华人民共和国","NAME_ZHT":"中華人民共和國","FCLASS_ISO":"Admin-0 country","TLC_DIFF":null,"FCLASS_TLC":"Admin-0 country","FCLASS_US":null,"FCLASS_FR":null,"FCLASS_RU":null,"FCLASS_ES":null,"FCLASS_CN":null,"FCLASS_TW":"Unrecognized","FCLASS_IN":null,"FCLASS_NP":null,"FCLASS_PK":null,"FCLASS_DE":null,"FCLASS_GB":null,"FCLASS_BR":null,"FCLASS_IL":null,"FCLASS_PS":null,"FCLASS_SA":null,"FCLASS_EG":null,"FCLASS_MA":null,"FCLASS_PT":null,"FCLASS_AR":null,"FCLASS_JP":null,"FCLASS_KO":null,"FCLASS_VN":null,"FCLASS_TR":null,"FCLASS_ID":null,"FCLASS_PL":null,"FCLASS_GR":null,"FCLASS_IT":null,"FCLASS_NL":null,"FCLASS_SE":null,"FCLASS_BD":null,"FCLASS_UA":null},"geometry":{"type":"MultiPolygon","coordinates":[[],[],[],[],[],[],[],[],[],[],[],[],[]]}},{"type":"Feature","bbox":[113.838867,22.195166,114.335254,22.56499],"properties":{"featurecla":"Admin-0 country","scalerank":3,"LABELRANK":4,"SOVEREIGNT":"China","SOV_A3":"CH1","ADM0_DIF":1,"LEVEL":2,"TYPE":"Country","TLC":"1","ADMIN":"Hong Kong S.A.R.","ADM0_A3":"HKG","GEOU_DIF":0,"GEOUNIT":"Hong Kong S.A.R.","GU_A3":"HKG","SU_DIF":0,"SUBUNIT":"Hong Kong S.A.R.","SU_A3":"HKG","BRK_DIFF":0,"NAME":"Hong Kong","NAME_LONG":"Hong Kong","BRK_A3":"HKG","BRK_NAME":"Hong Kong","BRK_GROUP":null,"ABBREV":"H.K.","POSTAL":"HK","FORMAL_EN":"Hong Kong Special Administrative Region, PRC","FORMAL_FR":null,"NAME_CIAWF":"Hong Kong","NOTE_ADM0":"Cn.","NOTE_BRK":"China","NAME_SORT":"Hong Kong SAR, China","NAME_ALT":null,"MAPCOLOR7":4,"MAPCOLOR8":4,"MAPCOLOR9":4,"MAPCOLOR13":3,"POP_EST":7507400,"POP_RANK":13,"POP_YEAR":2019,"GDP_MD":365711,"GDP_YEAR":2019,"ECONOMY":"6. Developing region","INCOME_GRP":"2. High income: nonOECD","FIPS_10":"HK","ISO_A2":"HK","ISO_A2_EH":"HK","ISO_A3":"HKG","ISO_A3_EH":"HKG","ISO_N3":"344","ISO_N3_EH":"344","UN_A3":"344","WB_A2":"HK","WB_A3":"HKG","WOE_ID":24865698,"WOE_ID_EH":24865698,"WOE_NOTE":"Exact WOE match as country","ADM0_ISO":"HKG","ADM0_DIFF":null,"ADM0_TLC":"HKG","ADM0_A3_US":"HKG","ADM0_A3_FR":"HKG","ADM0_A3_RU":"HKG","ADM0_A3_ES":"HKG","ADM0_A3_CN":"HKG","ADM0_A3_TW":"HKG","ADM0_A3_IN":"HKG","ADM0_A3_NP":"HKG","ADM0_A3_PK":"HKG","ADM0_A3_DE":"HKG","ADM0_A3_GB":"HKG","ADM0_A3_BR":"HKG","ADM0_A3_IL":"HKG","ADM0_A3_PS":"HKG","ADM0_A3_SA":"HKG","ADM0_A3_EG":"HKG","ADM0_A3_MA":"HKG","ADM0_A3_PT":"HKG","ADM0_A3_AR":"HKG","ADM0_A3_JP":"HKG","ADM0_A3_KO":"HKG","ADM0_A3_VN":"HKG","ADM0_A3_TR":"HKG","ADM0_A3_ID":"HKG","ADM0_A3_PL":"HKG","ADM0_A3_GR":"HKG","ADM0_A3_IT":"HKG","ADM0_A3_NL":"HKG","ADM0_A3_SE":"HKG","ADM0_A3_BD":"HKG","ADM0_A3_UA":"HKG","ADM0_A3_UN":-99,"ADM0_A3_WB":-99,"CONTINENT":"Asia","REGION_UN":"Asia","SUBREGION":"Eastern Asia","REGION_WB":"East Asia & Pacific","NAME_LEN":9,"LONG_LEN":9,"ABBREV_LEN":4,"TINY":-99,"HOMEPART":-99,"MIN_ZOOM":0,"MIN_LABEL":4,"MAX_LABEL":9,"LABEL_X":114.097769,"LABEL_Y":22.448829,"NE_ID":1159320473,"WIKIDATAID":"Q8646","NAME_AR":"هونغ كونغ","NAME_BN":"হংকং","NAME_DE":"Hongkong","NAME_EN":"Hong Kong","NAME_ES":"Hong Kong","NAME_FA":"هنگ کنگ","NAME_FR":"Hong Kong","NAME_EL":"Χονγκ Κονγκ","NAME_HE":"הונג קונג","NAME_HI":"हांगकांग","NAME_HU":"Hongkong","NAME_ID":"Hong Kong","NAME_IT":"Hong Kong","NAME_JA":"香港","NAME_KO":"홍콩","NAME_NL":"Hongkong","NAME_PL":"Hongkong","NAME_PT":"Hong Kong","NAME_RU":"Гонконг","NAME_SV":"Hongkong","NAME_TR":"Hong Kong","NAME_UK":"Гонконг","NAME_UR":"ہانگ کانگ","NAME_VI":"Hồng Kông","NAME_ZH":"香港","NAME_ZHT":"香港","FCLASS_ISO":"Admin-0 dependency","TLC_DIFF":null,"FCLASS_TLC":"Admin-0 dependency","FCLASS_US":null,"FCLASS_FR":null,"FCLASS_RU":null,"FCLASS_ES":null,"FCLASS_CN":"Admin-1 region","FCLASS_TW":null,"FCLASS_IN":null,"FCLASS_NP":null,"FCLASS_PK":null,"FCLASS_DE":null,"FCLASS_GB":null,"FCLASS_BR":null,"FCLASS_IL":null,"FCLASS_PS":null,"FCLASS_SA":null,"FCLASS_EG":null,"FCLASS_MA":null,"FCLASS_PT":null,"FCLASS_AR":null,"FCLASS_JP":null,"FCLASS_KO":null,"FCLASS_VN":null,"FCLASS_TR":null,"FCLASS_ID":null,"FCLASS_PL":null,"FCLASS_GR":null,"FCLASS_IT":null,"FCLASS_NL":null,"FCLASS_SE":null,"FCLASS_BD":null,"FCLASS_UA":null},"geometry":{"type":"MultiPolygon","coordinates":[[],[],[]]}},{"type":"Feature","bbox":[-109.434131,-55.891699,-66.435791,-17.506055],"properties":{"featurecla":"Admin-0 country","scalerank":4,"LABELRANK":2,"SOVEREIGNT":"Chile","SOV_A3":"CHL","ADM0_DIF":0,"LEVEL":2,"TYPE":"Sovereign country","TLC":"1","ADMIN":"Chile","ADM0_A3":"CHL","GEOU_DIF":0,"GEOUNIT":"Chile","GU_A3":"CHL","SU_DIF":0,"SUBUNIT":"Chile","SU_A3":"CHL","BRK_DIFF":0,"NAME":"Chile","NAME_LONG":"Chile","BRK_A3":"CHL","BRK_NAME":"Chile","BRK_GROUP":null,"ABBREV":"Chile","POSTAL":"CL","FORMAL_EN":"Republic of Chile","FORMAL_FR":null,"NAME_CIAWF":"Chile","NOTE_ADM0":null,"NOTE_BRK":null,"NAME_SORT":"Chile","NAME_ALT":null,"MAPCOLOR7":5,"MAPCOLOR8":1,"MAPCOLOR9":5,"MAPCOLOR13":9,"POP_EST":18952038,"POP_RANK":14,"POP_YEAR":2019,"GDP_MD":282318,"GDP_YEAR":2019,"ECONOMY":"5. Emerging region: G20","INCOME_GRP":"3. Upper middle income","FIPS_10":"CI","ISO_A2":"CL","ISO_A2_EH":"CL","ISO_A3":"CHL","ISO_A3_EH":"CHL","ISO_N3":"152","ISO_N3_EH":"152","UN_A3":"152","WB_A2":"CL","WB_A3":"CHL","WOE_ID":23424782,"WOE_ID_EH":23424782,"WOE_NOTE":"Exact WOE match as country","ADM0_ISO":"CHL","ADM0_DIFF":null,"ADM0_TLC":"CHL","ADM0_A3_US":"CHL","ADM0_A3_FR":"CHL","ADM0_A3_RU":"CHL","ADM0_A3_ES":"CHL","ADM0_A3_CN":"CHL","ADM0_A3_TW":"CHL","ADM0_A3_IN":"CHL","ADM0_A3_NP":"CHL","ADM0_A3_PK":"CHL","ADM0_A3_DE":"CHL","ADM0_A3_GB":"CHL","ADM0_A3_BR":"CHL","ADM0_A3_IL":"CHL","ADM0_A3_PS":"CHL","ADM0_A3_SA":"CHL","ADM0_A3_EG":"CHL","ADM0_A3_MA":"CHL","ADM0_A3_PT":"CHL","ADM0_A3_AR":"CHL","ADM0_A3_JP":"CHL","ADM0_A3_KO":"CHL","ADM0_A3_VN":"CHL","ADM0_A3_TR":"CHL","ADM0_A3_ID":"CHL","ADM0_A3_PL":"CHL","ADM0_A3_GR":"CHL","ADM0_A3_IT":"CHL","ADM0_A3_NL":"CHL","ADM0_A3_SE":"CHL","ADM0_A3_BD":"CHL","ADM0_A3_UA":"CHL","ADM0_A3_UN":-99,"ADM0_A3_WB":-99,"CONTINENT":"South America","REGION_UN":"Americas","SUBREGION":"South America","REGION_WB":"Latin America & Caribbean","NAME_LEN":5,"LONG_LEN":5,"ABBREV_LEN":5,"TINY":-99,"HOMEPART":1,"MIN_ZOOM":0,"MIN_LABEL":1.7,"MAX_LABEL":6.7,"LABEL_X":-72.318871,"LABEL_Y":-38.151771,"NE_ID":1159320493,"WIKIDATAID":"Q298","NAME_AR":"تشيلي","NAME_BN":"চিলি","NAME_DE":"Chile","NAME_EN":"Chile","NAME_ES":"Chile","NAME_FA":"شیلی","NAME_FR":"Chili","NAME_EL":"Χιλή","NAME_HE":"צ'ילה","NAME_HI":"चिली","NAME_HU":"Chile","NAME_ID":"Chili","NAME_IT":"Cile","NAME_JA":"チリ","NAME_KO":"칠레","NAME_NL":"Chili","NAME_PL":"Chile","NAME_PT":"Chile","NAME_RU":"Чили","NAME_SV":"Chile","NAME_TR":"Şili","NAME_UK":"Чилі","NAME_UR":"چلی","NAME_VI":"Chile","NAME_ZH":"智利","NAME_ZHT":"智利","FCLASS_ISO":"Admin-0 country","TLC_DIFF":null,"FCLASS_TLC":"Admin-0 country","FCLASS_US":null,"FCLASS_FR":null,"FCLASS_RU":null,"FCLASS_ES":null,"FCLASS_CN":null,"FCLASS_TW":null,"FCLASS_IN":null,"FCLASS_NP":null,"FCLASS_PK":null,"FCLASS_DE":null,"FCLASS_GB":null,"FCLASS_BR":null,"FCLASS_IL":null,"FCLASS_PS":null,"FCLASS_SA":null,"FCLASS_EG":null,"FCLASS_MA":null,"FCLASS_PT":null,"FCLASS_AR":null,"FCLASS_JP":null,"FCLASS_KO":null,"FCLASS_VN":null,"FCLASS_TR":null,"FCLASS_ID":null,"FCLASS_PL":null,"FCLASS_GR":null,"FCLASS_IT":null,"FCLASS_NL":null,"FCLASS_SE":null,"FCLASS_BD":null,"FCLASS_UA":null},"geometry":{"type":"MultiPolygon","coordinates":[[],[],[],[],[],[],[],[],[],[],[],[],[],[],[],[],[],[],[],[],[],[],[],[],[],[],[],[],[],[],[]]}},{"type":"Feature","bbox":[-25.341553,14.818213,-22.681885,17.193652],"properties":{"featurecla":"Admin-0 country","scalerank":1,"LABELRANK":4,"SOVEREIGNT":"Cabo Verde","SOV_A3":"CPV","ADM0_DIF":0,"LEVEL":2,"TYPE":"Sovereign country","TLC":"1","ADMIN":"Cabo Verde","ADM0_A3":"CPV","GEOU_DIF":0,"GEOUNIT":"Cabo Verde","GU_A3":"CPV","SU_DIF":0,"SUBUNIT":"Cabo Verde","SU_A3":"CPV","BRK_DIFF":0,"NAME":"Cabo Verde","NAME_LONG":"Republic of Cabo Verde","BRK_A3":"CPV","BRK_NAME":"Cabo Verde","BRK_GROUP":null,"ABBREV":"C.Vd.","POSTAL":"CV","FORMAL_EN":"Republic of Cabo Verde","FORMAL_FR":null,"NAME_CIAWF":"Cabo Verde","NOTE_ADM0":null,"NOTE_BRK":null,"NAME_SORT":"Cabo Verde","NAME_ALT":null,"MAPCOLOR7":1,"MAPCOLOR8":1,"MAPCOLOR9":4,"MAPCOLOR13":11,"POP_EST":549935,"POP_RANK":11,"POP_YEAR":2019,"GDP_MD":1981,"GDP_YEAR":2019,"ECONOMY":"6. Developing region","INCOME_GRP":"4. Lower middle income","FIPS_10":"CV","ISO_A2":"CV","ISO_A2_EH":"CV","ISO_A3":"CPV","ISO_A3_EH":"CPV","ISO_N3":"132","ISO_N3_EH":"132","UN_A3":"132","WB_A2":"CV","WB_A3":"CPV","WOE_ID":23424794,"WOE_ID_EH":23424794,"WOE_NOTE":"Exact WOE match as country","ADM0_ISO":"CPV","ADM0_DIFF":null,"ADM0_TLC":"CPV","ADM0_A3_US":"CPV","ADM0_A3_FR":"CPV","ADM0_A3_RU":"CPV","ADM0_A3_ES":"CPV","ADM0_A3_CN":"CPV","ADM0_A3_TW":"CPV","ADM0_A3_IN":"CPV","ADM0_A3_NP":"CPV","ADM0_A3_PK":"CPV","ADM0_A3_DE":"CPV","ADM0_A3_GB":"CPV","ADM0_A3_BR":"CPV","ADM0_A3_IL":"CPV","ADM0_A3_PS":"CPV","ADM0_A3_SA":"CPV","ADM0_A3_EG":"CPV","ADM0_A3_MA":"CPV","ADM0_A3_PT":"CPV","ADM0_A3_AR":"CPV","ADM0_A3_JP":"CPV","ADM0_A3_KO":"CPV","ADM0_A3_VN":"CPV","ADM0_A3_TR":"CPV","ADM0_A3_ID":"CPV","ADM0_A3_PL":"CPV","ADM0_A3_GR":"CPV","ADM0_A3_IT":"CPV","ADM0_A3_NL":"CPV","ADM0_A3_SE":"CPV","ADM0_A3_BD":"CPV","ADM0_A3_UA":"CPV","ADM0_A3_UN":-99,"ADM0_A3_WB":-99,"CONTINENT":"Africa","REGION_UN":"Africa","SUBREGION":"Western Africa","REGION_WB":"Sub-Saharan Africa","NAME_LEN":10,"LONG_LEN":22,"ABBREV_LEN":5,"TINY":-99,"HOMEPART":1,"MIN_ZOOM":0,"MIN_LABEL":4,"MAX_LABEL":9,"LABEL_X":-23.639434,"LABEL_Y":15.074761,"NE_ID":1159320523,"WIKIDATAID":"Q1011","NAME_AR":"الرأس الأخضر","NAME_BN":"কাবু ভের্দি","NAME_DE":"Kap Verde","NAME_EN":"Cape Verde","NAME_ES":"Cabo Verde","NAME_FA":"کیپ ورد","NAME_FR":"Cap-Vert","NAME_EL":"Πράσινο Ακρωτήριο","NAME_HE":"כף ורדה","NAME_HI":"केप वर्दे","NAME_HU":"Zöld-foki Köztársaság","NAME_ID":"Tanjung Verde","NAME_IT":"Capo Verde","NAME_JA":"カーボベルデ","NAME_KO":"카보베르데","NAME_NL":"Kaapverdië","NAME_PL":"Republika Zielonego Przylądka","NAME_PT":"Cabo Verde","NAME_RU":"Кабо-Верде","NAME_SV":"Kap Verde","NAME_TR":"Yeşil Burun Adaları","NAME_UK":"Кабо-Верде","NAME_UR":"کیپ ورڈی","NAME_VI":"Cabo Verde","NAME_ZH":"佛得角","NAME_ZHT":"維德角","FCLASS_ISO":"Admin-0 country","TLC_DIFF":null,"FCLASS_TLC":"Admin-0 country","FCLASS_US":null,"FCLASS_FR":null,"FCLASS_RU":null,"FCLASS_ES":null,"FCLASS_CN":null,"FCLASS_TW":null,"FCLASS_IN":null,"FCLASS_NP":null,"FCLASS_PK":null,"FCLASS_DE":null,"FCLASS_GB":null,"FCLASS_BR":null,"FCLASS_IL":null,"FCLASS_PS":null,"FCLASS_SA":null,"FCLASS_EG":null,"FCLASS_MA":null,"FCLASS_PT":null,"FCLASS_AR":null,"FCLASS_JP":null,"FCLASS_KO":null,"FCLASS_VN":null,"FCLASS_TR":null,"FCLASS_ID":null,"FCLASS_PL":null,"FCLASS_GR":null,"FCLASS_IT":null,"FCLASS_NL":null,"FCLASS_SE":null,"FCLASS_BD":null,"FCLASS_UA":null},"geometry":{"type":"MultiPolygon","coordinates":[[],[],[],[],[],[],[],[]]}},{"type":"Feature","bbox":[-141.002148,41.674854,-52.653662,83.116113],"properties":{"featurecla":"Admin-0 country","scalerank":1,"LABELRANK":2,"SOVEREIGNT":"Canada","SOV_A3":"CAN","ADM0_DIF":0,"LEVEL":2,"TYPE":"Sovereign country","TLC":"1","ADMIN":"Canada","ADM0_A3":"CAN","GEOU_DIF":0,"GEOUNIT":"Canada","GU_A3":"CAN","SU_DIF":0,"SUBUNIT":"Canada","SU_A3":"CAN","BRK_DIFF":0,"NAME":"Canada","NAME_LONG":"Canada","BRK_A3":"CAN","BRK_NAME":"Canada","BRK_GROUP":null,"ABBREV":"Can.","POSTAL":"CA","FORMAL_EN":"Canada","FORMAL_FR":null,"NAME_CIAWF":"Canada","NOTE_ADM0":null,"NOTE_BRK":null,"NAME_SORT":"Canada","NAME_ALT":null,"MAPCOLOR7":6,"MAPCOLOR8":6,"MAPCOLOR9":2,"MAPCOLOR13":2,"POP_EST":37589262,"POP_RANK":15,"POP_YEAR":2019,"GDP_MD":1736425,"GDP_YEAR":2019,"ECONOMY":"1. Developed region: G7","INCOME_GRP":"1. High income: OECD","FIPS_10":"CA","ISO_A2":"CA","ISO_A2_EH":"CA","ISO_A3":"CAN","ISO_A3_EH":"CAN","ISO_N3":"124","ISO_N3_EH":"124","UN_A3":"124","WB_A2":"CA","WB_A3":"CAN","WOE_ID":23424775,"WOE_ID_EH":23424775,"WOE_NOTE":"Exact WOE match as country","ADM0_ISO":"CAN","ADM0_DIFF":null,"ADM0_TLC":"CAN","ADM0_A3_US":"CAN","ADM0_A3_FR":"CAN","ADM0_A3_RU":"CAN","ADM0_A3_ES":"CAN","ADM0_A3_CN":"CAN","ADM0_A3_TW":"CAN","ADM0_A3_IN":"CAN","ADM0_A3_NP":"CAN","ADM0_A3_PK":"CAN","ADM0_A3_DE":"CAN","ADM0_A3_GB":"CAN","ADM0_A3_BR":"CAN","ADM0_A3_IL":"CAN","ADM0_A3_PS":"CAN","ADM0_A3_SA":"CAN","ADM0_A3_EG":"CAN","ADM0_A3_MA":"CAN","ADM0_A3_PT":"CAN","ADM0_A3_AR":"CAN","ADM0_A3_JP":"CAN","ADM0_A3_KO":"CAN","ADM0_A3_VN":"CAN","ADM0_A3_TR":"CAN","ADM0_A3_ID":"CAN","ADM0_A3_PL":"CAN","ADM0_A3_GR":"CAN","ADM0_A3_IT":"CAN","ADM0_A3_NL":"CAN","ADM0_A3_SE":"CAN","ADM0_A3_BD":"CAN","ADM0_A3_UA":"CAN","ADM0_A3_UN":-99,"ADM0_A3_WB":-99,"CONTINENT":"North America","REGION_UN":"Americas","SUBREGION":"Northern America","REGION_WB":"North America","NAME_LEN":6,"LONG_LEN":6,"ABBREV_LEN":4,"TINY":-99,"HOMEPART":1,"MIN_ZOOM":0,"MIN_LABEL":1.7,"MAX_LABEL":5.7,"LABEL_X":-101.9107,"LABEL_Y":60.324287,"NE_ID":1159320467,"WIKIDATAID":"Q16","NAME_AR":"كندا","NAME_BN":"কানাডা","NAME_DE":"Kanada","NAME_EN":"Canada","NAME_ES":"Canadá","NAME_FA":"کانادا","NAME_FR":"Canada","NAME_EL":"Καναδάς","NAME_HE":"קנדה","NAME_HI":"कनाडा","NAME_HU":"Kanada","NAME_ID":"Kanada","NAME_IT":"Canada","NAME_JA":"カナダ","NAME_KO":"캐나다","NAME_NL":"Canada","NAME_PL":"Kanada","NAME_PT":"Canadá","NAME_RU":"Канада","NAME_SV":"Kanada","NAME_TR":"Kanada","NAME_UK":"Канада","NAME_UR":"کینیڈا","NAME_VI":"Canada","NAME_ZH":"加拿大","NAME_ZHT":"加拿大","FCLASS_ISO":"Admin-0 country","TLC_DIFF":null,"FCLASS_TLC":"Admin-0 country","FCLASS_US":null,"FCLASS_FR":null,"FCLASS_RU":null,"FCLASS_ES":null,"FCLASS_CN":null,"FCLASS_TW":null,"FCLASS_IN":null,"FCLASS_NP":null,"FCLASS_PK":null,"FCLASS_DE":null,"FCLASS_GB":null,"FCLASS_BR":null,"FCLASS_IL":null,"FCLASS_PS":null,"FCLASS_SA":null,"FCLASS_EG":null,"FCLASS_MA":null,"FCLASS_PT":null,"FCLASS_AR":null,"FCLASS_JP":null,"FCLASS_KO":null,"FCLASS_VN":null,"FCLASS_TR":null,"FCLASS_ID":null,"FCLASS_PL":null,"FCLASS_GR":null,"FCLASS_IT":null,"FCLASS_NL":null,"FCLASS_SE":null,"FCLASS_BD":null,"FCLASS_UA":null},"geometry":{"type":"MultiPolygon","coordinates":[[],[],[],[],[],[],[],[],[],[],[],[],[],[],[],[],[],[],[],[],[],[],[],[],[],[],[],[],[],[],[],[],[],[],[],[],[],[],[],[],[],[],[],[],[],[],[],[],[],[],[],[],[],[],[],[],[],[],[],[],[],[],[],[],[],[],[],[],[],[],[],[],[],[],[],[],[],[],[],[],[],[],[],[],[],[],[],[],[],[],[],[],[],[],[],[],[],[],[],[],[],[],[],[],[],[],[],[],[],[],[],[],[],[],[],[],[],[],[],[],[],[],[],[],[],[],[],[],[],[],[],[],[],[],[],[],[],[],[],[],[]]}},{"type":"Feature","bbox":[102.319727,10.41123,107.605469,14.705078],"properties":{"featurecla":"Admin-0 country","scalerank":1,"LABELRANK":3,"SOVEREIGNT":"Cambodia","SOV_A3":"KHM","ADM0_DIF":0,"LEVEL":2,"TYPE":"Sovereign country","TLC":"1","ADMIN":"Cambodia","ADM0_A3":"KHM","GEOU_DIF":0,"GEOUNIT":"Cambodia","GU_A3":"KHM","SU_DIF":0,"SUBUNIT":"Cambodia","SU_A3":"KHM","BRK_DIFF":0,"NAME":"Cambodia","NAME_LONG":"Cambodia","BRK_A3":"KHM","BRK_NAME":"Cambodia","BRK_GROUP":null,"ABBREV":"Camb.","POSTAL":"KH","FORMAL_EN":"Kingdom of Cambodia","FORMAL_FR":null,"NAME_CIAWF":"Cambodia","NOTE_ADM0":null,"NOTE_BRK":null,"NAME_SORT":"Cambodia","NAME_ALT":null,"MAPCOLOR7":6,"MAPCOLOR8":3,"MAPCOLOR9":6,"MAPCOLOR13":5,"POP_EST":16486542,"POP_RANK":14,"POP_YEAR":2019,"GDP_MD":27089,"GDP_YEAR":2019,"ECONOMY":"7. Least developed region","INCOME_GRP":"5. Low income","FIPS_10":"CB","ISO_A2":"KH","ISO_A2_EH":"KH","ISO_A3":"KHM","ISO_A3_EH":"KHM","ISO_N3":"116","ISO_N3_EH":"116","UN_A3":"116","WB_A2":"KH","WB_A3":"KHM","WOE_ID":23424776,"WOE_ID_EH":23424776,"WOE_NOTE":"Exact WOE match as country","ADM0_ISO":"KHM","ADM0_DIFF":null,"ADM0_TLC":"KHM","ADM0_A3_US":"KHM","ADM0_A3_FR":"KHM","ADM0_A3_RU":"KHM","ADM0_A3_ES":"KHM","ADM0_A3_CN":"KHM","ADM0_A3_TW":"KHM","ADM0_A3_IN":"KHM","ADM0_A3_NP":"KHM","ADM0_A3_PK":"KHM","ADM0_A3_DE":"KHM","ADM0_A3_GB":"KHM","ADM0_A3_BR":"KHM","ADM0_A3_IL":"KHM","ADM0_A3_PS":"KHM","ADM0_A3_SA":"KHM","ADM0_A3_EG":"KHM","ADM0_A3_MA":"KHM","ADM0_A3_PT":"KHM","ADM0_A3_AR":"KHM","ADM0_A3_JP":"KHM","ADM0_A3_KO":"KHM","ADM0_A3_VN":"KHM","ADM0_A3_TR":"KHM","ADM0_A3_ID":"KHM","ADM0_A3_PL":"KHM","ADM0_A3_GR":"KHM","ADM0_A3_IT":"KHM","ADM0_A3_NL":"KHM","ADM0_A3_SE":"KHM","ADM0_A3_BD":"KHM","ADM0_A3_UA":"KHM","ADM0_A3_UN":-99,"ADM0_A3_WB":-99,"CONTINENT":"Asia","REGION_UN":"Asia","SUBREGION":"South-Eastern Asia","REGION_WB":"East Asia & Pacific","NAME_LEN":8,"LONG_LEN":8,"ABBREV_LEN":5,"TINY":-99,"HOMEPART":1,"MIN_ZOOM":0,"MIN_LABEL":3,"MAX_LABEL":8,"LABEL_X":104.50487,"LABEL_Y":12.647584,"NE_ID":1159320979,"WIKIDATAID":"Q424","NAME_AR":"كمبوديا","NAME_BN":"কম্বোডিয়া","NAME_DE":"Kambodscha","NAME_EN":"Cambodia","NAME_ES":"Camboya","NAME_FA":"کامبوج","NAME_FR":"Cambodge","NAME_EL":"Καμπότζη","NAME_HE":"קמבודיה","NAME_HI":"कम्बोडिया","NAME_HU":"Kambodzsa","NAME_ID":"Kamboja","NAME_IT":"Cambogia","NAME_JA":"カンボジア","NAME_KO":"캄보디아","NAME_NL":"Cambodja","NAME_PL":"Kambodża","NAME_PT":"Camboja","NAME_RU":"Камбоджа","NAME_SV":"Kambodja","NAME_TR":"Kamboçya","NAME_UK":"Камбоджа","NAME_UR":"کمبوڈیا","NAME_VI":"Campuchia","NAME_ZH":"柬埔寨","NAME_ZHT":"柬埔寨","FCLASS_ISO":"Admin-0 country","TLC_DIFF":null,"FCLASS_TLC":"Admin-0 country","FCLASS_US":null,"FCLASS_FR":null,"FCLASS_RU":null,"FCLASS_ES":null,"FCLASS_CN":null,"FCLASS_TW":null,"FCLASS_IN":null,"FCLASS_NP":null,"FCLASS_PK":null,"FCLASS_DE":null,"FCLASS_GB":null,"FCLASS_BR":null,"FCLASS_IL":null,"FCLASS_PS":null,"FCLASS_SA":null,"FCLASS_EG":null,"FCLASS_MA":null,"FCLASS_PT":null,"FCLASS_AR":null,"FCLASS_JP":null,"FCLASS_KO":null,"FCLASS_VN":null,"FCLASS_TR":null,"FCLASS_ID":null,"FCLASS_PL":null,"FCLASS_GR":null,"FCLASS_IT":null,"FCLASS_NL":null,"FCLASS_SE":null,"FCLASS_BD":null,"FCLASS_UA":null},"geometry":{"type":"MultiPolygon","coordinates":[[],[],[]]}},{"type":"Feature","bbox":[92.17959,9.875391,101.147266,28.517041],"properties":{"featurecla":"Admin-0 country","scalerank":1,"LABELRANK":3,"SOVEREIGNT":"Myanmar","SOV_A3":"MMR","ADM0_DIF":0,"LEVEL":2,"TYPE":"Sovereign country","TLC":"1","ADMIN":"Myanmar","ADM0_A3":"MMR","GEOU_DIF":0,"GEOUNIT":"Myanmar","GU_A3":"MMR","SU_DIF":0,"SUBUNIT":"Myanmar","SU_A3":"MMR","BRK_DIFF":0,"NAME":"Myanmar","NAME_LONG":"Myanmar","BRK_A3":"MMR","BRK_NAME":"Myanmar","BRK_GROUP":null,"ABBREV":"Myan.","POSTAL":"MM","FORMAL_EN":"Republic of the Union of Myanmar","FORMAL_FR":null,"NAME_CIAWF":"Burma","NOTE_ADM0":null,"NOTE_BRK":null,"NAME_SORT":"Myanmar","NAME_ALT":null,"MAPCOLOR7":2,"MAPCOLOR8":2,"MAPCOLOR9":5,"MAPCOLOR13":13,"POP_EST":54045420,"POP_RANK":16,"POP_YEAR":2019,"GDP_MD":76085,"GDP_YEAR":2019,"ECONOMY":"7. Least developed region","INCOME_GRP":"5. Low income","FIPS_10":"BM","ISO_A2":"MM","ISO_A2_EH":"MM","ISO_A3":"MMR","ISO_A3_EH":"MMR","ISO_N3":"104","ISO_N3_EH":"104","UN_A3":"104","WB_A2":"MM","WB_A3":"MMR","WOE_ID":23424763,"WOE_ID_EH":23424763,"WOE_NOTE":"Exact WOE match as country","ADM0_ISO":"MMR","ADM0_DIFF":null,"ADM0_TLC":"MMR","ADM0_A3_US":"MMR","ADM0_A3_FR":"MMR","ADM0_A3_RU":"MMR","ADM0_A3_ES":"MMR","ADM0_A3_CN":"MMR","ADM0_A3_TW":"MMR","ADM0_A3_IN":"MMR","ADM0_A3_NP":"MMR","ADM0_A3_PK":"MMR","ADM0_A3_DE":"MMR","ADM0_A3_GB":"MMR","ADM0_A3_BR":"MMR","ADM0_A3_IL":"MMR","ADM0_A3_PS":"MMR","ADM0_A3_SA":"MMR","ADM0_A3_EG":"MMR","ADM0_A3_MA":"MMR","ADM0_A3_PT":"MMR","ADM0_A3_AR":"MMR","ADM0_A3_JP":"MMR","ADM0_A3_KO":"MMR","ADM0_A3_VN":"MMR","ADM0_A3_TR":"MMR","ADM0_A3_ID":"MMR","ADM0_A3_PL":"MMR","ADM0_A3_GR":"MMR","ADM0_A3_IT":"MMR","ADM0_A3_NL":"MMR","ADM0_A3_SE":"MMR","ADM0_A3_BD":"MMR","ADM0_A3_UA":"MMR","ADM0_A3_UN":-99,"ADM0_A3_WB":-99,"CONTINENT":"Asia","REGION_UN":"Asia","SUBREGION":"South-Eastern Asia","REGION_WB":"East Asia & Pacific","NAME_LEN":7,"LONG_LEN":7,"ABBREV_LEN":5,"TINY":-99,"HOMEPART":1,"MIN_ZOOM":0,"MIN_LABEL":3,"MAX_LABEL":8,"LABEL_X":95.804497,"LABEL_Y":21.573855,"NE_ID":1159321067,"WIKIDATAID":"Q836","NAME_AR":"ميانمار","NAME_BN":"মিয়ানমার","NAME_DE":"Myanmar","NAME_EN":"Myanmar","NAME_ES":"Birmania","NAME_FA":"میانمار","NAME_FR":"Birmanie","NAME_EL":"Μιανμάρ","NAME_HE":"מיאנמר","NAME_HI":"म्यान्मार","NAME_HU":"Mianmar","NAME_ID":"Myanmar","NAME_IT":"Birmania","NAME_JA":"ミャンマー","NAME_KO":"미얀마","NAME_NL":"Myanmar","NAME_PL":"Mjanma","NAME_PT":"Myanmar","NAME_RU":"Мьянма","NAME_SV":"Myanmar","NAME_TR":"Myanmar","NAME_UK":"М'янма","NAME_UR":"میانمار","NAME_VI":"Myanma","NAME_ZH":"缅甸","NAME_ZHT":"緬甸","FCLASS_ISO":"Admin-0 country","TLC_DIFF":null,"FCLASS_TLC":"Admin-0 country","FCLASS_US":null,"FCLASS_FR":null,"FCLASS_RU":null,"FCLASS_ES":null,"FCLASS_CN":null,"FCLASS_TW":null,"FCLASS_IN":null,"FCLASS_NP":null,"FCLASS_PK":null,"FCLASS_DE":null,"FCLASS_GB":null,"FCLASS_BR":null,"FCLASS_IL":null,"FCLASS_PS":null,"FCLASS_SA":null,"FCLASS_EG":null,"FCLASS_MA":null,"FCLASS_PT":null,"FCLASS_AR":null,"FCLASS_JP":null,"FCLASS_KO":null,"FCLASS_VN":null,"FCLASS_TR":null,"FCLASS_ID":null,"FCLASS_PL":null,"FCLASS_GR":null,"FCLASS_IT":null,"FCLASS_NL":null,"FCLASS_SE":null,"FCLASS_BD":null,"FCLASS_UA":null},"geometry":{"type":"MultiPolygon","coordinates":[[],[],[],[],[],[],[],[],[],[],[],[],[],[],[],[],[],[],[]]}},{"type":"Feature","bbox":[114.063867,4.023975,115.326758,5.022363],"properties":{"featurecla":"Admin-0 country","scalerank":1,"LABELRANK":6,"SOVEREIGNT":"Brunei","SOV_A3":"BRN","ADM0_DIF":0,"LEVEL":2,"TYPE":"Sovereign country","TLC":"1","ADMIN":"Brunei","ADM0_A3":"BRN","GEOU_DIF":0,"GEOUNIT":"Brunei","GU_A3":"BRN","SU_DIF":0,"SUBUNIT":"Brunei","SU_A3":"BRN","BRK_DIFF":0,"NAME":"Brunei","NAME_LONG":"Brunei Darussalam","BRK_A3":"BRN","BRK_NAME":"Brunei","BRK_GROUP":null,"ABBREV":"Brunei","POSTAL":"BN","FORMAL_EN":"Negara Brunei Darussalam","FORMAL_FR":null,"NAME_CIAWF":"Brunei","NOTE_ADM0":null,"NOTE_BRK":null,"NAME_SORT":"Brunei","NAME_ALT":null,"MAPCOLOR7":4,"MAPCOLOR8":6,"MAPCOLOR9":6,"MAPCOLOR13":12,"POP_EST":433285,"POP_RANK":10,"POP_YEAR":2019,"GDP_MD":13469,"GDP_YEAR":2019,"ECONOMY":"6. Developing region","INCOME_GRP":"2. High income: nonOECD","FIPS_10":"BX","ISO_A2":"BN","ISO_A2_EH":"BN","ISO_A3":"BRN","ISO_A3_EH":"BRN","ISO_N3":"096","ISO_N3_EH":"096","UN_A3":"096","WB_A2":"BN","WB_A3":"BRN","WOE_ID":23424773,"WOE_ID_EH":23424773,"WOE_NOTE":"Exact WOE match as country","ADM0_ISO":"BRN","ADM0_DIFF":null,"ADM0_TLC":"BRN","ADM0_A3_US":"BRN","ADM0_A3_FR":"BRN","ADM0_A3_RU":"BRN","ADM0_A3_ES":"BRN","ADM0_A3_CN":"BRN","ADM0_A3_TW":"BRN","ADM0_A3_IN":"BRN","ADM0_A3_NP":"BRN","ADM0_A3_PK":"BRN","ADM0_A3_DE":"BRN","ADM0_A3_GB":"BRN","ADM0_A3_BR":"BRN","ADM0_A3_IL":"BRN","ADM0_A3_PS":"BRN","ADM0_A3_SA":"BRN","ADM0_A3_EG":"BRN","ADM0_A3_MA":"BRN","ADM0_A3_PT":"BRN","ADM0_A3_AR":"BRN","ADM0_A3_JP":"BRN","ADM0_A3_KO":"BRN","ADM0_A3_VN":"BRN","ADM0_A3_TR":"BRN","ADM0_A3_ID":"BRN","ADM0_A3_PL":"BRN","ADM0_A3_GR":"BRN","ADM0_A3_IT":"BRN","ADM0_A3_NL":"BRN","ADM0_A3_SE":"BRN","ADM0_A3_BD":"BRN","ADM0_A3_UA":"BRN","ADM0_A3_UN":-99,"ADM0_A3_WB":-99,"CONTINENT":"Asia","REGION_UN":"Asia","SUBREGION":"South-Eastern Asia","REGION_WB":"East Asia & Pacific","NAME_LEN":6,"LONG_LEN":17,"ABBREV_LEN":6,"TINY":2,"HOMEPART":1,"MIN_ZOOM":0,"MIN_LABEL":4,"MAX_LABEL":9,"LABEL_X":114.551943,"LABEL_Y":4.448298,"NE_ID":1159320451,"WIKIDATAID":"Q921","NAME_AR":"بروناي","NAME_BN":"ব্রুনাই","NAME_DE":"Brunei","NAME_EN":"Brunei","NAME_ES":"Brunéi","NAME_FA":"برونئی","NAME_FR":"Brunei","NAME_EL":"Μπρουνέι","NAME_HE":"ברוניי","NAME_HI":"ब्रुनेई","NAME_HU":"Brunei","NAME_ID":"Brunei Darussalam","NAME_IT":"Brunei","NAME_JA":"ブルネイ","NAME_KO":"브루나이","NAME_NL":"Brunei","NAME_PL":"Brunei","NAME_PT":"Brunei","NAME_RU":"Бруней","NAME_SV":"Brunei","NAME_TR":"Brunei","NAME_UK":"Бруней","NAME_UR":"برونائی دار السلام","NAME_VI":"Brunei","NAME_ZH":"文莱","NAME_ZHT":"汶萊","FCLASS_ISO":"Admin-0 country","TLC_DIFF":null,"FCLASS_TLC":"Admin-0 country","FCLASS_US":null,"FCLASS_FR":null,"FCLASS_RU":null,"FCLASS_ES":null,"FCLASS_CN":null,"FCLASS_TW":null,"FCLASS_IN":null,"FCLASS_NP":null,"FCLASS_PK":null,"FCLASS_DE":null,"FCLASS_GB":null,"FCLASS_BR":null,"FCLASS_IL":null,"FCLASS_PS":null,"FCLASS_SA":null,"FCLASS_EG":null,"FCLASS_MA":null,"FCLASS_PT":null,"FCLASS_AR":null,"FCLASS_JP":null,"FCLASS_KO":null,"FCLASS_VN":null,"FCLASS_TR":null,"FCLASS_ID":null,"FCLASS_PL":null,"FCLASS_GR":null,"FCLASS_IT":null,"FCLASS_NL":null,"FCLASS_SE":null,"FCLASS_BD":null,"FCLASS_UA":null},"geometry":{"type":"MultiPolygon","coordinates":[[[[-19.855520680533225,18.46987741374108],[-19.84359149350342,18.317230046941102],[-19.79606744401337,18.24862928816016],[-19.803503296755334,18.233577493291545],[-19.83195710597079,18.219927638479398],[-19.855520680533225,18.215818153583378],[-19.855520680533225,18.46987741374108]]],[]]}},{"type":"Feature","bbox":[-74.002051,-33.742188,-34.805469,5.257959],"properties":{"featurecla":"Admin-0 country","scalerank":1,"LABELRANK":2,"SOVEREIGNT":"Brazil","SOV_A3":"BRA","ADM0_DIF":0,"LEVEL":2,"TYPE":"Sovereign country","TLC":"1","ADMIN":"Brazil","ADM0_A3":"BRA","GEOU_DIF":0,"GEOUNIT":"Brazil","GU_A3":"BRA","SU_DIF":0,"SUBUNIT":"Brazil","SU_A3":"BRA","BRK_DIFF":0,"NAME":"Brazil","NAME_LONG":"Brazil","BRK_A3":"BRA","BRK_NAME":"Brazil","BRK_GROUP":null,"ABBREV":"Brazil","POSTAL":"BR","FORMAL_EN":"Federative Republic of Brazil","FORMAL_FR":null,"NAME_CIAWF":"Brazil","NOTE_ADM0":null,"NOTE_BRK":null,"NAME_SORT":"Brazil","NAME_ALT":null,"MAPCOLOR7":5,"MAPCOLOR8":6,"MAPCOLOR9":5,"MAPCOLOR13":7,"POP_EST":211049527,"POP_RANK":17,"POP_YEAR":2019,"GDP_MD":1839758,"GDP_YEAR":2019,"ECONOMY":"3. Emerging region: BRIC","INCOME_GRP":"3. Upper middle income","FIPS_10":"BR","ISO_A2":"BR","ISO_A2_EH":"BR","ISO_A3":"BRA","ISO_A3_EH":"BRA","ISO_N3":"076","ISO_N3_EH":"076","UN_A3":"076","WB_A2":"BR","WB_A3":"BRA","WOE_ID":23424768,"WOE_ID_EH":23424768,"WOE_NOTE":"Exact WOE match as country","ADM0_ISO":"BRA","ADM0_DIFF":null,"ADM0_TLC":"BRA","ADM0_A3_US":"BRA","ADM0_A3_FR":"BRA","ADM0_A3_RU":"BRA","ADM0_A3_ES":"BRA","ADM0_A3_CN":"BRA","ADM0_A3_TW":"BRA","ADM0_A3_IN":"BRA","ADM0_A3_NP":"BRA","ADM0_A3_PK":"BRA","ADM0_A3_DE":"BRA","ADM0_A3_GB":"BRA","ADM0_A3_BR":"BRA","ADM0_A3_IL":"BRA","ADM0_A3_PS":"BRA","ADM0_A3_SA":"BRA","ADM0_A3_EG":"BRA","ADM0_A3_MA":"BRA","ADM0_A3_PT":"BRA","ADM0_A3_AR":"BRA","ADM0_A3_JP":"BRA","ADM0_A3_KO":"BRA","ADM0_A3_VN":"BRA","ADM0_A3_TR":"BRA","ADM0_A3_ID":"BRA","ADM0_A3_PL":"BRA","ADM0_A3_GR":"BRA","ADM0_A3_IT":"BRA","ADM0_A3_NL":"BRA","ADM0_A3_SE":"BRA","ADM0_A3_BD":"BRA","ADM0_A3_UA":"BRA","ADM0_A3_UN":-99,"ADM0_A3_WB":-99,"CONTINENT":"South America","REGION_UN":"Americas","SUBREGION":"South America","REGION_WB":"Latin America & Caribbean","NAME_LEN":6,"LONG_LEN":6,"ABBREV_LEN":6,"TINY":-99,"HOMEPART":1,"MIN_ZOOM":0,"MIN_LABEL":1.7,"MAX_LABEL":5.7,"LABEL_X":-49.55945,"LABEL_Y":-12.098687,"NE_ID":1159320441,"WIKIDATAID":"Q155","NAME_AR":"البرازيل","NAME_BN":"ব্রাজিল","NAME_DE":"Brasilien","NAME_EN":"Brazil","NAME_ES":"Brasil","NAME_FA":"برزیل","NAME_FR":"Brésil","NAME_EL":"Βραζιλία","NAME_HE":"ברזיל","NAME_HI":"ब्राज़ील","NAME_HU":"Brazília","NAME_ID":"Brasil","NAME_IT":"Brasile","NAME_JA":"ブラジル","NAME_KO":"브라질","NAME_NL":"Brazilië","NAME_PL":"Brazylia","NAME_PT":"Brasil","NAME_RU":"Бразилия","NAME_SV":"Brasilien","NAME_TR":"Brezilya","NAME_UK":"Бразилія","NAME_UR":"برازیل","NAME_VI":"Brasil","NAME_ZH":"巴西","NAME_ZHT":"巴西","FCLASS_ISO":"Admin-0 country","TLC_DIFF":null,"FCLASS_TLC":"Admin-0 country","FCLASS_US":null,"FCLASS_FR":null,"FCLASS_RU":null,"FCLASS_ES":null,"FCLASS_CN":null,"FCLASS_TW":null,"FCLASS_IN":null,"FCLASS_NP":null,"FCLASS_PK":null,"FCLASS_DE":null,"FCLASS_GB":null,"FCLASS_BR":null,"FCLASS_IL":null,"FCLASS_PS":null,"FCLASS_SA":null,"FCLASS_EG":null,"FCLASS_MA":null,"FCLASS_PT":null,"FCLASS_AR":null,"FCLASS_JP":null,"FCLASS_KO":null,"FCLASS_VN":null,"FCLASS_TR":null,"FCLASS_ID":null,"FCLASS_PL":null,"FCLASS_GR":null,"FCLASS_IT":null,"FCLASS_NL":null,"FCLASS_SE":null,"FCLASS_BD":null,"FCLASS_UA":null},"geometry":{"type":"MultiPolygon","coordinates":[[],[],[],[],[],[],[],[],[],[],[],[],[],[],[],[],[]]}},{"type":"Feature","bbox":[-89.2375,15.888672,-87.788623,18.482324],"properties":{"featurecla":"Admin-0 country","scalerank":1,"LABELRANK":6,"SOVEREIGNT":"Belize","SOV_A3":"BLZ","ADM0_DIF":0,"LEVEL":2,"TYPE":"Sovereign country","TLC":"1","ADMIN":"Belize","ADM0_A3":"BLZ","GEOU_DIF":0,"GEOUNIT":"Belize","GU_A3":"BLZ","SU_DIF":0,"SUBUNIT":"Belize","SU_A3":"BLZ","BRK_DIFF":0,"NAME":"Belize","NAME_LONG":"Belize","BRK_A3":"BLZ","BRK_NAME":"Belize","BRK_GROUP":null,"ABBREV":"Belize","POSTAL":"BZ","FORMAL_EN":"Belize","FORMAL_FR":null,"NAME_CIAWF":"Belize","NOTE_ADM0":null,"NOTE_BRK":null,"NAME_SORT":"Belize","NAME_ALT":null,"MAPCOLOR7":1,"MAPCOLOR8":4,"MAPCOLOR9":5,"MAPCOLOR13":7,"POP_EST":390353,"POP_RANK":10,"POP_YEAR":2019,"GDP_MD":1879,"GDP_YEAR":2019,"ECONOMY":"6. Developing region","INCOME_GRP":"4. Lower middle income","FIPS_10":"BH","ISO_A2":"BZ","ISO_A2_EH":"BZ","ISO_A3":"BLZ","ISO_A3_EH":"BLZ","ISO_N3":"084","ISO_N3_EH":"084","UN_A3":"084","WB_A2":"BZ","WB_A3":"BLZ","WOE_ID":23424760,"WOE_ID_EH":23424760,"WOE_NOTE":"Exact WOE match as country","ADM0_ISO":"BLZ","ADM0_DIFF":null,"ADM0_TLC":"BLZ","ADM0_A3_US":"BLZ","ADM0_A3_FR":"BLZ","ADM0_A3_RU":"BLZ","ADM0_A3_ES":"BLZ","ADM0_A3_CN":"BLZ","ADM0_A3_TW":"BLZ","ADM0_A3_IN":"BLZ","ADM0_A3_NP":"BLZ","ADM0_A3_PK":"BLZ","ADM0_A3_DE":"BLZ","ADM0_A3_GB":"BLZ","ADM0_A3_BR":"BLZ","ADM0_A3_IL":"BLZ","ADM0_A3_PS":"BLZ","ADM0_A3_SA":"BLZ","ADM0_A3_EG":"BLZ","ADM0_A3_MA":"BLZ","ADM0_A3_PT":"BLZ","ADM0_A3_AR":"BLZ","ADM0_A3_JP":"BLZ","ADM0_A3_KO":"BLZ","ADM0_A3_VN":"BLZ","ADM0_A3_TR":"BLZ","ADM0_A3_ID":"BLZ","ADM0_A3_PL":"BLZ","ADM0_A3_GR":"BLZ","ADM0_A3_IT":"BLZ","ADM0_A3_NL":"BLZ","ADM0_A3_SE":"BLZ","ADM0_A3_BD":"BLZ","ADM0_A3_UA":"BLZ","ADM0_A3_UN":-99,"ADM0_A3_WB":-99,"CONTINENT":"North America","REGION_UN":"Americas","SUBREGION":"Central America","REGION_WB":"Latin America & Caribbean","NAME_LEN":6,"LONG_LEN":6,"ABBREV_LEN":6,"TINY":-99,"HOMEPART":1,"MIN_ZOOM":0,"MIN_LABEL":5,"MAX_LABEL":10,"LABEL_X":-88.712962,"LABEL_Y":17.202068,"NE_ID":1159320431,"WIKIDATAID":"Q242","NAME_AR":"بليز","NAME_BN":"বেলিজ","NAME_DE":"Belize","NAME_EN":"Belize","NAME_ES":"Belice","NAME_FA":"بلیز","NAME_FR":"Belize","NAME_EL":"Μπελίζ","NAME_HE":"בליז","NAME_HI":"बेलीज़","NAME_HU":"Belize","NAME_ID":"Belize","NAME_IT":"Belize","NAME_JA":"ベリーズ","NAME_KO":"벨리즈","NAME_NL":"Belize","NAME_PL":"Belize","NAME_PT":"Belize","NAME_RU":"Белиз","NAME_SV":"Belize","NAME_TR":"Belize","NAME_UK":"Беліз","NAME_UR":"بیلیز","NAME_VI":"Belize","NAME_ZH":"伯利兹","NAME_ZHT":"貝里斯","FCLASS_ISO":"Admin-0 country","TLC_DIFF":null,"FCLASS_TLC":"Admin-0 country","FCLASS_US":null,"FCLASS_FR":null,"FCLASS_RU":null,"FCLASS_ES":null,"FCLASS_CN":null,"FCLASS_TW":null,"FCLASS_IN":null,"FCLASS_NP":null,"FCLASS_PK":null,"FCLASS_DE":null,"FCLASS_GB":null,"FCLASS_BR":null,"FCLASS_IL":null,"FCLASS_PS":null,"FCLASS_SA":null,"FCLASS_EG":null,"FCLASS_MA":null,"FCLASS_PT":null,"FCLASS_AR":null,"FCLASS_JP":null,"FCLASS_KO":null,"FCLASS_VN":null,"FCLASS_TR":null,"FCLASS_ID":null,"FCLASS_PL":null,"FCLASS_GR":null,"FCLASS_IT":null,"FCLASS_NL":null,"FCLASS_SE":null,"FCLASS_BD":null,"FCLASS_UA":null},"geometry":{"type":"MultiPolygon","coordinates":[[],[],[]]}},{"type":"Feature","bbox":[88.023438,20.79043,92.631641,26.571533],"properties":{"featurecla":"Admin-0 country","scalerank":1,"LABELRANK":3,"SOVEREIGNT":"Bangladesh","SOV_A3":"BGD","ADM0_DIF":0,"LEVEL":2,"TYPE":"Sovereign country","TLC":"1","ADMIN":"Bangladesh","ADM0_A3":"BGD","GEOU_DIF":0,"GEOUNIT":"Bangladesh","GU_A3":"BGD","SU_DIF":0,"SUBUNIT":"Bangladesh","SU_A3":"BGD","BRK_DIFF":0,"NAME":"Bangladesh","NAME_LONG":"Bangladesh","BRK_A3":"BGD","BRK_NAME":"Bangladesh","BRK_GROUP":null,"ABBREV":"Bang.","POSTAL":"BD","FORMAL_EN":"People's Republic of Bangladesh","FORMAL_FR":null,"NAME_CIAWF":"Bangladesh","NOTE_ADM0":null,"NOTE_BRK":null,"NAME_SORT":"Bangladesh","NAME_ALT":null,"MAPCOLOR7":3,"MAPCOLOR8":4,"MAPCOLOR9":7,"MAPCOLOR13":7,"POP_EST":163046161,"POP_RANK":17,"POP_YEAR":2019,"GDP_MD":302571,"GDP_YEAR":2019,"ECONOMY":"7. Least developed region","INCOME_GRP":"5. Low income","FIPS_10":"BG","ISO_A2":"BD","ISO_A2_EH":"BD","ISO_A3":"BGD","ISO_A3_EH":"BGD","ISO_N3":"050","ISO_N3_EH":"050","UN_A3":"050","WB_A2":"BD","WB_A3":"BGD","WOE_ID":23424759,"WOE_ID_EH":23424759,"WOE_NOTE":"Exact WOE match as country","ADM0_ISO":"BGD","ADM0_DIFF":null,"ADM0_TLC":"BGD","ADM0_A3_US":"BGD","ADM0_A3_FR":"BGD","ADM0_A3_RU":"BGD","ADM0_A3_ES":"BGD","ADM0_A3_CN":"BGD","ADM0_A3_TW":"BGD","ADM0_A3_IN":"BGD","ADM0_A3_NP":"BGD","ADM0_A3_PK":"BGD","ADM0_A3_DE":"BGD","ADM0_A3_GB":"BGD","ADM0_A3_BR":"BGD","ADM0_A3_IL":"BGD","ADM0_A3_PS":"BGD","ADM0_A3_SA":"BGD","ADM0_A3_EG":"BGD","ADM0_A3_MA":"BGD","ADM0_A3_PT":"BGD","ADM0_A3_AR":"BGD","ADM0_A3_JP":"BGD","ADM0_A3_KO":"BGD","ADM0_A3_VN":"BGD","ADM0_A3_TR":"BGD","ADM0_A3_ID":"BGD","ADM0_A3_PL":"BGD","ADM0_A3_GR":"BGD","ADM0_A3_IT":"BGD","ADM0_A3_NL":"BGD","ADM0_A3_SE":"BGD","ADM0_A3_BD":"BGD","ADM0_A3_UA":"BGD","ADM0_A3_UN":-99,"ADM0_A3_WB":-99,"CONTINENT":"Asia","REGION_UN":"Asia","SUBREGION":"Southern Asia","REGION_WB":"South Asia","NAME_LEN":10,"LONG_LEN":10,"ABBREV_LEN":5,"TINY":-99,"HOMEPART":1,"MIN_ZOOM":0,"MIN_LABEL":3,"MAX_LABEL":8,"LABEL_X":89.684963,"LABEL_Y":24.214956,"NE_ID":1159320407,"WIKIDATAID":"Q902","NAME_AR":"بنغلاديش","NAME_BN":"বাংলাদেশ","NAME_DE":"Bangladesch","NAME_EN":"Bangladesh","NAME_ES":"Bangladés","NAME_FA":"بنگلادش","NAME_FR":"Bangladesh","NAME_EL":"Μπανγκλαντές","NAME_HE":"בנגלדש","NAME_HI":"बांग्लादेश","NAME_HU":"Banglades","NAME_ID":"Bangladesh","NAME_IT":"Bangladesh","NAME_JA":"バングラデシュ","NAME_KO":"방글라데시","NAME_NL":"Bangladesh","NAME_PL":"Bangladesz","NAME_PT":"Bangladesh","NAME_RU":"Бангладеш","NAME_SV":"Bangladesh","NAME_TR":"Bangladeş","NAME_UK":"Бангладеш","NAME_UR":"بنگلہ دیش","NAME_VI":"Bangladesh","NAME_ZH":"孟加拉国","NAME_ZHT":"孟加拉","FCLASS_ISO":"Admin-0 country","TLC_DIFF":null,"FCLASS_TLC":"Admin-0 country","FCLASS_US":null,"FCLASS_FR":null,"FCLASS_RU":null,"FCLASS_ES":null,"FCLASS_CN":null,"FCLASS_TW":null,"FCLASS_IN":null,"FCLASS_NP":null,"FCLASS_PK":null,"FCLASS_DE":null,"FCLASS_GB":null,"FCLASS_BR":null,"FCLASS_IL":null,"FCLASS_PS":null,"FCLASS_SA":null,"FCLASS_EG":null,"FCLASS_MA":null,"FCLASS_PT":null,"FCLASS_AR":null,"FCLASS_JP":null,"FCLASS_KO":null,"FCLASS_VN":null,"FCLASS_TR":null,"FCLASS_ID":null,"FCLASS_PL":null,"FCLASS_GR":null,"FCLASS_IT":null,"FCLASS_NL":null,"FCLASS_SE":null,"FCLASS_BD":null,"FCLASS_UA":null},"geometry":{"type":"MultiPolygon","coordinates":[[],[],[],[],[],[],[]]}},{"type":"Feature","bbox":[-78.985645,20.937402,-72.747266,26.940088],"properties":{"featurecla":"Admin-0 country","scalerank":1,"LABELRANK":4,"SOVEREIGNT":"The Bahamas","SOV_A3":"BHS","ADM0_DIF":0,"LEVEL":2,"TYPE":"Sovereign country","TLC":"1","ADMIN":"The Bahamas","ADM0_A3":"BHS","GEOU_DIF":0,"GEOUNIT":"The Bahamas","GU_A3":"BHS","SU_DIF":0,"SUBUNIT":"The Bahamas","SU_A3":"BHS","BRK_DIFF":0,"NAME":"Bahamas","NAME_LONG":"Bahamas","BRK_A3":"BHS","BRK_NAME":"Bahamas","BRK_GROUP":null,"ABBREV":"Bhs.","POSTAL":"BS","FORMAL_EN":"Commonwealth of the Bahamas","FORMAL_FR":null,"NAME_CIAWF":"Bahamas, The","NOTE_ADM0":null,"NOTE_BRK":null,"NAME_SORT":"Bahamas, The","NAME_ALT":null,"MAPCOLOR7":1,"MAPCOLOR8":1,"MAPCOLOR9":2,"MAPCOLOR13":5,"POP_EST":389482,"POP_RANK":10,"POP_YEAR":2019,"GDP_MD":13578,"GDP_YEAR":2019,"ECONOMY":"6. Developing region","INCOME_GRP":"2. High income: nonOECD","FIPS_10":"BF","ISO_A2":"BS","ISO_A2_EH":"BS","ISO_A3":"BHS","ISO_A3_EH":"BHS","ISO_N3":"044","ISO_N3_EH":"044","UN_A3":"044","WB_A2":"BS","WB_A3":"BHS","WOE_ID":23424758,"WOE_ID_EH":23424758,"WOE_NOTE":"Exact WOE match as country","ADM0_ISO":"BHS","ADM0_DIFF":null,"ADM0_TLC":"BHS","ADM0_A3_US":"BHS","ADM0_A3_FR":"BHS","ADM0_A3_RU":"BHS","ADM0_A3_ES":"BHS","ADM0_A3_CN":"BHS","ADM0_A3_TW":"BHS","ADM0_A3_IN":"BHS","ADM0_A3_NP":"BHS","ADM0_A3_PK":"BHS","ADM0_A3_DE":"BHS","ADM0_A3_GB":"BHS","ADM0_A3_BR":"BHS","ADM0_A3_IL":"BHS","ADM0_A3_PS":"BHS","ADM0_A3_SA":"BHS","ADM0_A3_EG":"BHS","ADM0_A3_MA":"BHS","ADM0_A3_PT":"BHS","ADM0_A3_AR":"BHS","ADM0_A3_JP":"BHS","ADM0_A3_KO":"BHS","ADM0_A3_VN":"BHS","ADM0_A3_TR":"BHS","ADM0_A3_ID":"BHS","ADM0_A3_PL":"BHS","ADM0_A3_GR":"BHS","ADM0_A3_IT":"BHS","ADM0_A3_NL":"BHS","ADM0_A3_SE":"BHS","ADM0_A3_BD":"BHS","ADM0_A3_UA":"BHS","ADM0_A3_UN":-99,"ADM0_A3_WB":-99,"CONTINENT":"North America","REGION_UN":"Americas","SUBREGION":"Caribbean","REGION_WB":"Latin America & Caribbean","NAME_LEN":7,"LONG_LEN":7,"ABBREV_LEN":4,"TINY":-99,"HOMEPART":1,"MIN_ZOOM":0,"MIN_LABEL":4,"MAX_LABEL":9,"LABEL_X":-77.146688,"LABEL_Y":26.401789,"NE_ID":1159320415,"WIKIDATAID":"Q778","NAME_AR":"باهاماس","NAME_BN":"বাহামা দ্বীপপুঞ্জ","NAME_DE":"Bahamas","NAME_EN":"The Bahamas","NAME_ES":"Bahamas","NAME_FA":"باهاما","NAME_FR":"Bahamas","NAME_EL":"Μπαχάμες","NAME_HE":"איי בהאמה","NAME_HI":"बहामास","NAME_HU":"Bahama-szigetek","NAME_ID":"Bahama","NAME_IT":"Bahamas","NAME_JA":"バハマ","NAME_KO":"바하마","NAME_NL":"Bahama's","NAME_PL":"Bahamy","NAME_PT":"Bahamas","NAME_RU":"Багамские Острова","NAME_SV":"Bahamas","NAME_TR":"Bahamalar","NAME_UK":"Багамські Острови","NAME_UR":"بہاماس","NAME_VI":"Bahamas","NAME_ZH":"巴哈马","NAME_ZHT":"巴哈馬","FCLASS_ISO":"Admin-0 country","TLC_DIFF":null,"FCLASS_TLC":"Admin-0 country","FCLASS_US":null,"FCLASS_FR":null,"FCLASS_RU":null,"FCLASS_ES":null,"FCLASS_CN":null,"FCLASS_TW":null,"FCLASS_IN":null,"FCLASS_NP":null,"FCLASS_PK":null,"FCLASS_DE":null,"FCLASS_GB":null,"FCLASS_BR":null,"FCLASS_IL":null,"FCLASS_PS":null,"FCLASS_SA":null,"FCLASS_EG":null,"FCLASS_MA":null,"FCLASS_PT":null,"FCLASS_AR":null,"FCLASS_JP":null,"FCLASS_KO":null,"FCLASS_VN":null,"FCLASS_TR":null,"FCLASS_ID":null,"FCLASS_PL":null,"FCLASS_GR":null,"FCLASS_IT":null,"FCLASS_NL":null,"FCLASS_SE":null,"FCLASS_BD":null,"FCLASS_UA":null},"geometry":{"type":"MultiPolygon","coordinates":[[],[],[],[],[],[],[],[],[],[],[],[],[],[],[]]}},{"type":"Feature","bbox":[44.768262,38.39873,50.365918,41.890967],"properties":{"featurecla":"Admin-0 country","scalerank":1,"LABELRANK":5,"SOVEREIGNT":"Azerbaijan","SOV_A3":"AZE","ADM0_DIF":0,"LEVEL":2,"TYPE":"Sovereign country","TLC":"1","ADMIN":"Azerbaijan","ADM0_A3":"AZE","GEOU_DIF":0,"GEOUNIT":"Azerbaijan","GU_A3":"AZE","SU_DIF":0,"SUBUNIT":"Azerbaijan","SU_A3":"AZE","BRK_DIFF":0,"NAME":"Azerbaijan","NAME_LONG":"Azerbaijan","BRK_A3":"AZE","BRK_NAME":"Azerbaijan","BRK_GROUP":null,"ABBREV":"Aze.","POSTAL":"AZ","FORMAL_EN":"Republic of Azerbaijan","FORMAL_FR":null,"NAME_CIAWF":"Azerbaijan","NOTE_ADM0":null,"NOTE_BRK":null,"NAME_SORT":"Azerbaijan","NAME_ALT":null,"MAPCOLOR7":1,"MAPCOLOR8":6,"MAPCOLOR9":5,"MAPCOLOR13":8,"POP_EST":10023318,"POP_RANK":14,"POP_YEAR":2019,"GDP_MD":48047,"GDP_YEAR":2019,"ECONOMY":"6. Developing region","INCOME_GRP":"3. Upper middle income","FIPS_10":"AJ","ISO_A2":"AZ","ISO_A2_EH":"AZ","ISO_A3":"AZE","ISO_A3_EH":"AZE","ISO_N3":"031","ISO_N3_EH":"031","UN_A3":"031","WB_A2":"AZ","WB_A3":"AZE","WOE_ID":23424741,"WOE_ID_EH":23424741,"WOE_NOTE":"Exact WOE match as country","ADM0_ISO":"AZE","ADM0_DIFF":null,"ADM0_TLC":"AZE","ADM0_A3_US":"AZE","ADM0_A3_FR":"AZE","ADM0_A3_RU":"AZE","ADM0_A3_ES":"AZE","ADM0_A3_CN":"AZE","ADM0_A3_TW":"AZE","ADM0_A3_IN":"AZE","ADM0_A3_NP":"AZE","ADM0_A3_PK":"AZE","ADM0_A3_DE":"AZE","ADM0_A3_GB":"AZE","ADM0_A3_BR":"AZE","ADM0_A3_IL":"AZE","ADM0_A3_PS":"AZE","ADM0_A3_SA":"AZE","ADM0_A3_EG":"AZE","ADM0_A3_MA":"AZE","ADM0_A3_PT":"AZE","ADM0_A3_AR":"AZE","ADM0_A3_JP":"AZE","ADM0_A3_KO":"AZE","ADM0_A3_VN":"AZE","ADM0_A3_TR":"AZE","ADM0_A3_ID":"AZE","ADM0_A3_PL":"AZE","ADM0_A3_GR":"AZE","ADM0_A3_IT":"AZE","ADM0_A3_NL":"AZE","ADM0_A3_SE":"AZE","ADM0_A3_BD":"AZE","ADM0_A3_UA":"AZE","ADM0_A3_UN":-99,"ADM0_A3_WB":-99,"CONTINENT":"Asia","REGION_UN":"Asia","SUBREGION":"Western Asia","REGION_WB":"Europe & Central Asia","NAME_LEN":10,"LONG_LEN":10,"ABBREV_LEN":4,"TINY":-99,"HOMEPART":1,"MIN_ZOOM":0,"MIN_LABEL":4,"MAX_LABEL":9,"LABEL_X":47.210994,"LABEL_Y":40.402387,"NE_ID":1159320381,"WIKIDATAID":"Q227","NAME_AR":"أذربيجان","NAME_BN":"আজারবাইজান","NAME_DE":"Aserbaidschan","NAME_EN":"Azerbaijan","NAME_ES":"Azerbaiyán","NAME_FA":"جمهوری آذربایجان","NAME_FR":"Azerbaïdjan","NAME_EL":"Αζερμπαϊτζάν","NAME_HE":"אזרבייג'ן","NAME_HI":"अज़रबैजान","NAME_HU":"Azerbajdzsán","NAME_ID":"Azerbaijan","NAME_IT":"Azerbaigian","NAME_JA":"アゼルバイジャン","NAME_KO":"아제르바이잔","NAME_NL":"Azerbeidzjan","NAME_PL":"Azerbejdżan","NAME_PT":"Azerbaijão","NAME_RU":"Азербайджан","NAME_SV":"Azerbajdzjan","NAME_TR":"Azerbaycan","NAME_UK":"Азербайджан","NAME_UR":"آذربائیجان","NAME_VI":"Azerbaijan","NAME_ZH":"阿塞拜疆","NAME_ZHT":"亞塞拜然","FCLASS_ISO":"Admin-0 country","TLC_DIFF":null,"FCLASS_TLC":"Admin-0 country","FCLASS_US":null,"FCLASS_FR":null,"FCLASS_RU":null,"FCLASS_ES":null,"FCLASS_CN":null,"FCLASS_TW":null,"FCLASS_IN":null,"FCLASS_NP":null,"FCLASS_PK":null,"FCLASS_DE":null,"FCLASS_GB":null,"FCLASS_BR":null,"FCLASS_IL":null,"FCLASS_PS":null,"FCLASS_SA":null,"FCLASS_EG":null,"FCLASS_MA":null,"FCLASS_PT":null,"FCLASS_AR":null,"FCLASS_JP":null,"FCLASS_KO":null,"FCLASS_VN":null,"FCLASS_TR":null,"FCLASS_ID":null,"FCLASS_PL":null,"FCLASS_GR":null,"FCLASS_IT":null,"FCLASS_NL":null,"FCLASS_SE":null,"FCLASS_BD":null,"FCLASS_UA":null},"geometry":{"type":"MultiPolygon","coordinates":[[],[],[]]}},{"type":"Feature","bbox":[112.908203,-54.749219,158.958887,-10.051758],"properties":{"featurecla":"Admin-0 country","scalerank":1,"LABELRANK":2,"SOVEREIGNT":"Australia","SOV_A3":"AU1","ADM0_DIF":1,"LEVEL":2,"TYPE":"Country","TLC":"1","ADMIN":"Australia","ADM0_A3":"AUS","GEOU_DIF":0,"GEOUNIT":"Australia","GU_A3":"AUS","SU_DIF":0,"SUBUNIT":"Australia","SU_A3":"AUS","BRK_DIFF":0,"NAME":"Australia","NAME_LONG":"Australia","BRK_A3":"AUS","BRK_NAME":"Australia","BRK_GROUP":null,"ABBREV":"Auz.","POSTAL":"AU","FORMAL_EN":"Commonwealth of Australia","FORMAL_FR":null,"NAME_CIAWF":"Australia","NOTE_ADM0":null,"NOTE_BRK":null,"NAME_SORT":"Australia","NAME_ALT":null,"MAPCOLOR7":1,"MAPCOLOR8":2,"MAPCOLOR9":2,"MAPCOLOR13":7,"POP_EST":25364307,"POP_RANK":15,"POP_YEAR":2019,"GDP_MD":1396567,"GDP_YEAR":2019,"ECONOMY":"2. Developed region: nonG7","INCOME_GRP":"1. High income: OECD","FIPS_10":"AS","ISO_A2":"AU","ISO_A2_EH":"AU","ISO_A3":"AUS","ISO_A3_EH":"AUS","ISO_N3":"036","ISO_N3_EH":"036","UN_A3":"036","WB_A2":"AU","WB_A3":"AUS","WOE_ID":-90,"WOE_ID_EH":23424748,"WOE_NOTE":"Includes Ashmore and Cartier Islands (23424749) and Coral Sea Islands (23424790).","ADM0_ISO":"AUS","ADM0_DIFF":null,"ADM0_TLC":"AUS","ADM0_A3_US":"AUS","ADM0_A3_FR":"AUS","ADM0_A3_RU":"AUS","ADM0_A3_ES":"AUS","ADM0_A3_CN":"AUS","ADM0_A3_TW":"AUS","ADM0_A3_IN":"AUS","ADM0_A3_NP":"AUS","ADM0_A3_PK":"AUS","ADM0_A3_DE":"AUS","ADM0_A3_GB":"AUS","ADM0_A3_BR":"AUS","ADM0_A3_IL":"AUS","ADM0_A3_PS":"AUS","ADM0_A3_SA":"AUS","ADM0_A3_EG":"AUS","ADM0_A3_MA":"AUS","ADM0_A3_PT":"AUS","ADM0_A3_AR":"AUS","ADM0_A3_JP":"AUS","ADM0_A3_KO":"AUS","ADM0_A3_VN":"AUS","ADM0_A3_TR":"AUS","ADM0_A3_ID":"AUS","ADM0_A3_PL":"AUS","ADM0_A3_GR":"AUS","ADM0_A3_IT":"AUS","ADM0_A3_NL":"AUS","ADM0_A3_SE":"AUS","ADM0_A3_BD":"AUS","ADM0_A3_UA":"AUS","ADM0_A3_UN":-99,"ADM0_A3_WB":-99,"CONTINENT":"Oceania","REGION_UN":"Oceania","SUBREGION":"Australia and New Zealand","REGION_WB":"East Asia & Pacific","NAME_LEN":9,"LONG_LEN":9,"ABBREV_LEN":4,"TINY":-99,"HOMEPART":1,"MIN_ZOOM":0,"MIN_LABEL":1.7,"MAX_LABEL":5.7,"LABEL_X":134.04972,"LABEL_Y":-24.129522,"NE_ID":1159320355,"WIKIDATAID":"Q408","NAME_AR":"أستراليا","NAME_BN":"অস্ট্রেলিয়া","NAME_DE":"Australien","NAME_EN":"Australia","NAME_ES":"Australia","NAME_FA":"استرالیا","NAME_FR":"Australie","NAME_EL":"Αυστραλία","NAME_HE":"אוסטרליה","NAME_HI":"ऑस्ट्रेलिया","NAME_HU":"Ausztrália","NAME_ID":"Australia","NAME_IT":"Australia","NAME_JA":"オーストラリア","NAME_KO":"오스트레일리아","NAME_NL":"Australië","NAME_PL":"Australia","NAME_PT":"Austrália","NAME_RU":"Австралия","NAME_SV":"Australien","NAME_TR":"Avustralya","NAME_UK":"Австралія","NAME_UR":"آسٹریلیا","NAME_VI":"Úc","NAME_ZH":"澳大利亚","NAME_ZHT":"澳大利亞","FCLASS_ISO":"Admin-0 country","TLC_DIFF":null,"FCLASS_TLC":"Admin-0 country","FCLASS_US":null,"FCLASS_FR":null,"FCLASS_RU":null,"FCLASS_ES":null,"FCLASS_CN":null,"FCLASS_TW":null,"FCLASS_IN":null,"FCLASS_NP":null,"FCLASS_PK":null,"FCLASS_DE":null,"FCLASS_GB":null,"FCLASS_BR":null,"FCLASS_IL":null,"FCLASS_PS":null,"FCLASS_SA":null,"FCLASS_EG":null,"FCLASS_MA":null,"FCLASS_PT":null,"FCLASS_AR":null,"FCLASS_JP":null,"FCLASS_KO":null,"FCLASS_VN":null,"FCLASS_TR":null,"FCLASS_ID":null,"FCLASS_PL":null,"FCLASS_GR":null,"FCLASS_IT":null,"FCLASS_NL":null,"FCLASS_SE":null,"FCLASS_BD":null,"FCLASS_UA":null},"geometry":{"type":"MultiPolygon","coordinates":[[[[7.997368032605464,2.8854902890553893],[7.968227592553803,2.765710208534113],[7.918241877851246,2.674148879049287],[7.910951505833976,2.6183184682755773],[7.919456953670599,2.5408400040046955],[7.995938164137297,2.480700237803069],[8.056605791970318,2.4422834092779317],[8.087937966044283,2.340426283278023],[8.192215954573626,2.196127849451152],[8.185105714673949,2.1005756663216695],[8.23956532217795,1.9794118949818957],[8.284132169618337,1.7398647633399456],[8.293803404491625,1.5309466125306923],[8.344272131886221,1.3896679258296687],[8.29662734391964,1.0950382815920174],[8.331738680650629,0.9722999017011674],[8.380395209621348,0.8698598949893593],[8.434689228936762,0.6674562050749404],[8.475184835590502,0.48210230744994603],[8.536924786667388,0.4275700025615636],[8.669122915946202,0.36065382489764714],[8.810829734793106,0.4231255358794091],[8.914911833908059,0.5112313338229801],[9.023775987147854,0.5292375508228393],[9.171859574927474,0.570487343625672],[9.276226352472571,0.4434450116095658],[9.329886037918662,0.3036077646540279],[9.580043238822814,0.11110673877504565],[9.718094478388725,-0.011621787188756259],[9.826308708418507,-0.08238544902051759],[9.92598410339149,-0.17310992301575204],[9.911676574561103,-0.25857166067756104],[9.884217942488503,-0.32527903013416687],[9.902827378789583,-0.4324595016364628],[9.913280245334775,-0.5561390207432377],[9.885629201070733,-0.7040777952602272],[9.949632663893885,-0.9317199125991082],[9.965743699691078,-1.1117605245971087],[10.036205907907885,-1.290310893161267],[10.021376359033574,-1.4698455364688354],[10.003244794312675,-1.536950710437262],[9.988305609811864,-1.6372684303736766],[10.043389488846506,-1.7657411104742473],[10.095386961400582,-1.8611208736873535],[10.174443448476026,-1.9658518546226238],[10.277406701840672,-2.1241946166369994],[10.354893187839885,-2.1589147414927496],[10.425426196702157,-2.164636669676059],[10.407286043445442,-2.3212350700560993],[10.530791573129333,-2.638014883572172],[10.588753785065158,-2.89487137730612],[10.520246645596185,-3.2327819684444936],[10.460522524713504,-3.4276829813378806],[10.463818552189583,-3.5247110672251063],[10.630166715688208,-3.769998423035107],[10.73146320896386,-3.8192032861720566],[10.70445080922823,-3.9304578331426323],[10.679984186667006,-4.103190581469304],[10.753175581760676,-4.242642123932977],[10.838857619119018,-4.348728098165001],[10.934848406143608,-4.414633088127196],[11.030180580420595,-4.467799841755476],[11.155764816729231,-4.523137323543462],[11.317442933995384,-4.552705420093979],[11.397005433491763,-4.633705069441952],[11.436146552242564,-4.696389354920498],[11.565396325385459,-4.724976180857604],[11.625561591506653,-4.717363141641669],[11.699464984573826,-4.69705019481624],[11.74572648831819,-4.740956082296864],[11.778402992554444,-4.797592557581262],[11.839577292227546,-4.949592015122787],[11.975516885443541,-5.104960397423712],[12.07738027326612,-5.135863195857922],[12.130356448377544,-5.213516227166313],[12.211896135991445,-5.238938111823816],[12.28273496417004,-5.252510941628371],[12.379921948519096,-5.315839063071083],[12.535485993752065,-5.457275725939131],[12.682898283218298,-5.488329064120591],[12.748838932182618,-5.528962130276263],[12.885667708746663,-5.682163810214226],[12.937002430872669,-5.762321418579039],[12.987286402122216,-5.879925527568439],[12.91236051649272,-5.885622455198296],[12.844422600652736,-5.857149334251238],[12.792607131415952,-5.9657310209415355],[12.878575153181748,-6.12655843241374],[12.983892023328385,-6.243000121616827],[13.111823815449156,-6.367413631411372],[13.23197866294359,-6.539263460838926],[13.255347803703366,-6.66556709113038],[13.287146466565607,-6.716961008663406],[13.31753622843577,-6.894998845402549],[13.42394062330403,-7.00487214248731],[13.413347412781905,-7.189999804721765],[13.449740674747401,-7.4495867404056355],[13.494951661573577,-7.68561705847123],[13.534182849505836,-7.758811770180712],[13.57785319569388,-7.87359609667688],[13.64118212765476,-7.8641510931591165],[13.691127718644188,-7.831679729029004],[13.770644947385616,-7.948542968136317],[13.815665140390749,-8.000979656399519],[13.846875151536597,-7.974423554927439],[13.808086089844064,-7.759203963589629],[13.855471021720469,-7.639602134512641],[13.893046917358127,-7.626610027137117],[13.944411876515924,-7.626627031351775],[13.996429396342688,-7.731081005357125],[14.070716280520932,-7.843765819830561],[14.217629862346053,-7.950675875738111],[14.333741695726781,-8.049464896577017],[14.36908017573588,-8.048955878002296],[14.361803811333774,-7.979105732523661],[14.375392750922456,-7.8785266391735735],[14.42671590128759,-7.865963278587327],[14.467272592650856,-7.919824614470945],[14.535653337676136,-8.082529561979426],[14.521031423859014,-8.406344856877519],[14.494174510726559,-8.67609998340363],[14.520768676439026,-8.957724352599483],[14.593143863787832,-9.037011054068651],[14.638437490565401,-9.110026553131608],[14.718512332054607,-9.210251689952612],[14.769349044963809,-9.30177367447674],[14.839850957874468,-9.348261066429151],[15.059382132335072,-9.552733212308764],[15.12456308462291,-9.579336655328163],[15.228461905390501,-9.593039812138718],[15.346381062430076,-9.687181451773053],[15.4019867381006,-9.769443898436867],[15.506920024011313,-10.069649890491544],[15.562341848154933,-10.176779351924841],[15.687521672499619,-10.288847229457522],[15.747568597068883,-10.327180606468728],[15.83215500998331,-10.404152109037883],[15.853361988672743,-10.506683322129641],[15.854323662712218,-10.566142401813801],[15.896486290991264,-10.677038762883523],[15.962565559765801,-10.811690555864631],[16.0745139658504,-10.893542812969173],[16.166440732478062,-11.058498355549744],[16.14139899641837,-11.309624772198713],[16.183059890717423,-11.439672634947186],[16.214838761398447,-11.496137911512307],[16.294781956526105,-11.55549750667685],[16.324639822746065,-11.599356869886872],[16.210270863402133,-11.923425964233752],[16.192383454119295,-12.590100937095853],[16.125044940783845,-12.791588775117715],[16.16890380207008,-13.002308632622793],[16.2852128050521,-13.370673354186275],[16.305162990843346,-13.499161676229948],[16.307881497601596,-13.646992050701533],[16.386968101649135,-13.843026044274234],[16.340862164862422,-14.124652896911291],[16.362919128021037,-14.263267936807072],[16.326883147499313,-14.436654703428985],[16.176204377261314,-14.61211698247206],[16.043919549725324,-14.832618448909953],[16.014067669773084,-15.030044475577785],[15.893954563020202,-15.402214142315737],[15.837231490247788,-15.49938922278281],[15.783205914120433,-15.653982669648512],[15.591491257085885,-16.02101775683591],[15.56328599825883,-16.169487545684632],[15.557014209389608,-16.349204250485688],[15.508787280588095,-16.517270335504662],[15.457698485420975,-16.629720791310284],[15.392476373341426,-16.840529879303247],[15.207681028793923,-17.159327745489932],[14.978930842194785,-17.385023732401557],[14.9386198491799,-17.569747959525365],[14.901838636258628,-17.64933152421756],[14.84722447215324,-17.74789738485342],[14.713248674217036,-17.847746866622288],[14.635572973043022,-17.88894985586258],[14.59896791850388,-17.951542315652716],[14.532565444903875,-17.945110293066058],[14.527808966392858,-17.96538837761775],[14.569538507212988,-17.9901645589069],[14.544434837784149,-18.021759339406096],[14.35956419285745,-18.06380712667171],[14.229708228443748,-18.128228329269323],[14.080954106253154,-18.30181112886206],[14.015772112279251,-18.393614181701366],[13.937052723010362,-18.4802090924648],[13.891927132133985,-18.520038176775067],[13.867919562483154,-18.56506539027581],[13.824391236808658,-18.678596239228668],[13.759233641904844,-18.69369986182418],[13.699612135997814,-18.723189676508365],[13.708586678458753,-18.83590263107649],[13.661049100681605,-18.959526184240193],[13.641445759608857,-19.044346107653933],[13.603699084692952,-19.09594209863917],[13.571022873484871,-19.073128646584234],[13.541700870606421,-19.079273030804355],[13.501562812481886,-19.10560634155465],[13.555202918394787,-19.119923482680452],[13.586592807794206,-19.136442993415677],[13.450761593089055,-19.249095566955],[13.324849691506929,-19.364265959578663],[13.285217540849908,-19.444876603406037],[13.223246426545824,-19.544971276807217],[13.147758303971163,-19.772837529518373],[13.09427617972878,-19.901979792417855],[13.103167196345781,-19.99796156763462],[13.096734623462199,-20.015201648817452],[13.071084826143961,-20.019920839441205],[13.057716166596508,-20.006287706079224],[13.004715327858456,-20.03404769836355],[12.986420869324036,-20.064922755086133],[13.00067698514722,-20.106474475599484],[13.012131118672034,-20.121381792552686],[13.003090216459835,-20.139831037440636],[12.980019300477112,-20.158840752926654],[12.934272524793686,-20.154647940674973],[12.87431135998224,-20.183507931187982],[12.665055102751714,-20.510013060939805],[12.584694056809527,-20.594317713720365],[12.484974517504021,-20.726281974245104],[12.43620484306754,-20.849313868724334],[12.391566965996152,-20.984444214760778],[12.329553406850396,-21.212772210430916],[12.278677150968424,-21.372761436114143],[12.19461733445088,-21.524692168107723],[12.155125397094144,-21.634536138646205],[12.11476289529115,-21.847353046913504],[12.118562198092304,-22.0115462885961],[12.086535721886381,-22.095727783459456],[12.073324697809138,-22.177981813392105],[12.037787535405966,-22.25259472037591],[11.936565286146362,-22.261592817068927],[11.846794696687915,-22.31728464394609],[11.71665998313489,-22.409712409338276],[11.643578379495843,-22.441265472701346],[11.49395675642587,-22.45708165678786],[11.213111681785811,-22.421560098752064],[10.663903583149622,-22.416775602903467],[10.55549854682194,-22.431664647861158],[10.343258678566059,-22.486948297904576],[10.13293807678123,-22.5821187636403],[9.925640584603649,-22.715856865022758],[9.446221697069372,-23.085327703556057],[9.107266630090738,-23.106144230100924],[9.044301936833163,-23.101975507163754],[8.995172714878377,-23.087876720720015],[8.932673611258796,-23.10879105451793],[8.925674910045101,-23.15831825656732],[8.974275451243502,-23.21348710068428],[9.008738284356408,-23.264547822958264],[9.088392145049703,-23.20239677012866],[9.117455052435075,-23.22304518741622],[9.114020554986771,-23.347118151356607],[9.105987034519801,-23.425200340770083],[9.079304250315351,-23.46605317943287],[9.030971787440572,-23.49277491249744],[8.986125450911922,-23.47025944721582],[8.98502157551459,-23.427650223043127],[8.93599705328056,-23.323176986786862],[8.870939719297338,-23.22977706848629],[8.804356150460757,-23.196889212790886],[8.75987668540658,-23.223854235602467],[8.690692476981688,-23.2507490876346],[8.648711708325386,-23.134464208412123],[8.600896668455427,-23.032916735834515],[8.523593334397114,-23.017851795056977],[8.455595994283753,-23.014710720715478],[8.404049503967018,-22.968881668400243],[8.301835482845169,-22.89542590683792],[8.329071896882581,-22.84454816683303],[8.365883295871452,-22.79148514883804],[8.43134557941834,-22.77511252390321],[8.420679755288212,-22.69973445120017],[8.39352778743086,-22.636691064204978],[8.308073891323254,-22.61514500213486],[8.248149452157582,-22.622374299117023],[8.207912855219961,-22.668614116836192],[8.152875691775012,-22.749103039987663],[7.957133818692922,-22.843807793271143],[7.873867826694081,-22.780686447569078],[7.779675986389608,-22.68840570121159],[7.828854988921999,-22.69754965127964],[7.933730327113928,-22.70051533044859],[8.028583895557048,-22.628342462632606],[8.071131250448637,-22.582269050069982],[8.1243461419856,-22.48227409877696],[8.075817845011949,-22.406431331117282],[8.02956859504183,-22.35040915956513],[7.959559555494381,-22.298710274350043],[7.660649914661285,-22.44308723106395],[7.599834686812499,-22.462798432648484],[7.540900127408895,-22.490782426368405],[7.635990044816377,-22.52273279452481],[7.694084150901884,-22.517965507555097],[7.749826183854347,-22.568549626866105],[7.645949018746774,-22.629984629365698],[7.567709354889308,-22.643477731778408],[7.468647192859408,-22.678441503495375],[7.277466377391429,-22.771501381439535],[7.026406393079071,-22.972232711574907],[6.921335514771048,-23.028333789830505],[6.799509112125674,-23.07095963058278],[6.645418391297165,-23.00654083697382],[6.557567233943084,-22.989117249147558],[6.450803771552611,-22.896318637038686],[6.262770041988613,-22.828948396679333],[6.09044227900818,-22.704547262676122],[5.9703894401893995,-22.640270358373876],[5.882438933030741,-22.62371165442299],[5.755219282662394,-22.643007901538553],[5.5527346794674735,-22.530217568789652],[5.393695967664745,-22.51274221922122],[5.281429465562302,-22.613671189869603],[5.200255795766637,-22.60337221573314],[5.147218946135668,-22.586660439135972],[4.990326718955864,-22.40776194372208],[4.833042863701413,-22.31620717828869],[4.527551729099449,-22.26202416637398],[4.343986709969378,-22.136832423847054],[4.212977670774566,-21.90189561809051],[3.953884813711637,-21.630573234835914],[3.8852780083861513,-21.531917918540753],[3.855809775179587,-21.436237058405716],[3.8563361407822243,-21.361345830970464],[3.900221542746749,-21.219275261105054],[3.9582112426179954,-21.079571031810122],[3.9708224750838723,-21.001297771007337],[3.878630043524282,-20.732434466647383],[3.7422842829438303,-20.476645505040242],[3.677706621333279,-20.395637575999043],[3.502874693565622,-20.222934628116015],[3.337008852134619,-20.091851942778632],[3.296101284550419,-20.024850774397034],[3.2840926698006876,-19.990631732185932],[3.3644436991413733,-20.008759035259864],[3.4042171663915854,-19.957886364874216],[3.4591414959962683,-19.941424609709077],[3.499780152744632,-20.011214852602812],[3.547933412181593,-20.02498374409663],[3.5549363352752064,-19.909473021758135],[3.584547753021734,-19.85546939870488],[3.566912232718274,-19.829878280983014],[3.5512464661595735,-19.80730960334739],[3.4779287843594013,-19.77957253634933],[3.3942991334907893,-19.816674439076404],[3.3293359032177614,-19.864780639545256],[3.242900254700846,-19.904936472280664],[3.2081739488833874,-19.94841289034225],[3.1218278676081854,-19.947987937926122],[3.0872353991278625,-19.95869407892299],[2.9124114437867274,-20.03956811839299],[2.802723552088439,-20.039583890337397],[2.634283256845115,-20.006927489355743],[2.6940027793500927,-19.891654693563954],[2.7631039592181073,-19.823902115830673],[2.821144199370139,-19.745643891252403],[2.922876210475574,-19.46892776514463],[2.913271439533737,-19.227033806818493],[2.8716940411537233,-19.12664632103776],[2.7342805996022452,-18.92350855866038],[2.6725600616208522,-18.798614867842286],[2.5949349394618446,-18.669360977461256],[2.5525641049291,-18.74308989970427],[2.5260242066062633,-18.82105050596375],[2.4449060483442437,-18.93310212619808],[2.400304819528898,-19.184342299105975],[2.238127143442421,-19.56665680362415],[2.1338590239863064,-19.569807512434398],[2.0454154107350075,-19.553111748146193],[1.8888089744430896,-19.594817469336697],[1.7813931475957607,-19.64682452074462],[1.6862491538026514,-19.645794216810167],[1.6333678036146004,-19.66216268116302],[1.5646887324789556,-19.647430928097563],[1.6789936887849939,-19.349026189608725],[1.7739688729671992,-19.35836383825154],[1.8772550875970817,-19.34742618725753],[1.9241034828116328,-19.35309281610951],[1.9930306064641912,-19.350567029881827],[2.0489829785908107,-19.213405222686667],[2.084906289846039,-19.059246165090677],[2.0668138156851232,-18.959145132500566],[2.0611890855592763,-18.855604181404278],[2.0845495329703625,-18.738027931918783],[2.0951215816022053,-18.653457322168105],[2.233506744068723,-18.373914615226365],[2.347140607705231,-18.230045655199987],[2.4776366066824798,-18.116232458093375],[2.465462946191808,-18.005891775069294],[2.428490520789815,-17.867455913223576],[2.419643630520074,-17.761193212609736],[2.4815580898040364,-17.72877955989753],[2.5412547454794003,-17.663286184606772],[2.481765814411636,-17.35858352930427],[2.441417466802739,-17.26678161619489],[2.3755349072030927,-17.17582871342105],[2.371499824010178,-17.292224625412477],[2.3764118406399795,-17.406282528897176],[2.278665248957169,-17.55013060976628],[2.15394299508101,-17.652578146261952],[2.0720258499543394,-17.749307121837596],[1.9925897364408987,-17.96981049797071],[1.8898704550967058,-18.154858410544332],[1.7981363107667325,-18.22243343039892],[1.7169985244669677,-18.236903096451368],[1.6338369878000814,-18.26461231452031],[1.5035290957847565,-18.337451929564498],[1.3778778499405555,-18.398653874167138],[1.2843449736880457,-18.47949888509255],[1.2036431272591874,-18.521513390870652],[0.9393335880317528,-18.89063583554468],[0.819718730123453,-19.013644710705154],[0.794921888228476,-19.06345330248042],[0.7447554018313423,-19.105145720485652],[0.7539704020762797,-19.16352122199083],[0.7936618265073698,-19.203566046092273],[0.8321371289997226,-19.367710768116225],[0.807804404793507,-19.402833173195816],[0.7658283535395088,-19.38416900143022],[0.660905915974728,-19.292325432803334],[0.5940532660293679,-19.325329763637868],[0.5396780472883808,-19.362558494630747],[0.4015196815104915,-19.19402204768667],[0.34394219189594677,-19.15430998709757],[0.27105388537150177,-19.086587421150703],[0.19296717017077084,-19.028104714921998],[0.15964672787603337,-19.021448194016102],[0.10293140476887754,-19.03354435843637],[0.1084605419319052,-18.987858655636213],[0.14734557287136069,-18.950803595039808],[0.18154166873350708,-18.942225358971065],[0.24476801947588062,-18.99645198673592],[0.3167594356559216,-19.044902807422854],[0.35742044097112224,-19.048982620661995],[0.37645154783054857,-19.02963395996361],[0.3084880556308567,-18.83863224293985],[0.2620645319060142,-18.671060514318338],[0.24062412364281952,-18.621484668697363],[0.18434202130182145,-18.451380898283418],[0.15622456999298184,-18.401912062899697],[0.035503804840978176,-18.28149392500364],[-0.09396893441089146,-18.140184048452856],[-0.12976469704902263,-17.970330182379886],[-0.17708305517989545,-17.861551075354882],[-0.2382434195382458,-17.793153341370676],[-0.3328615669219109,-17.732410099552677],[-0.5930304885270772,-17.70968276519415],[-0.7027340346258796,-17.53581200096182],[-0.7666623419952749,-17.319739621699146],[-0.7173362054148072,-17.305187188530567],[-0.6587570705345316,-17.302264367547735],[-0.640394787615638,-17.23463444331076],[-0.6539241583411881,-17.13110055906676],[-0.91471347159347,-17.003660300230855],[-1.0387968044836493,-16.869861193232772],[-1.1433979020049148,-16.812513142564022],[-1.2413131706305807,-16.790337131693523],[-1.3704301197455688,-16.79667098973812],[-1.5319738613428422,-16.79375866857384],[-1.9256968582298701,-16.583410558321244],[-2.0192280732330765,-16.578044442920916],[-2.296701117753208,-16.64864547140626],[-2.39049295412537,-16.637885135687313],[-2.8221502817657798,-16.351302995398235],[-3.1086796797663294,-16.216865813412007],[-3.2027181984646975,-16.192672987145187],[-3.325261753844979,-16.171258626974765],[-3.4226510163047483,-16.20757779993409],[-3.4914454349590707,-16.241279143478422],[-3.63234541255325,-16.280636055176313],[-4.195520805754864,-16.271105009408704],[-4.676122922059068,-16.330310560598175],[-5.002343817675505,-16.37138245257945],[-5.207815212924175,-16.41851023221027],[-5.541749098561708,-16.605205046653897],[-5.9416849377116545,-16.789109222237137],[-6.269895385266484,-16.88217190515542],[-6.568824999833105,-17.001170997586136],[-6.767838970731755,-17.040765220134045],[-7.026809725685762,-17.06562754775124],[-7.57861467219134,-17.0406055146971],[-7.762566098489343,-17.087712396299725],[-8.044134416628424,-17.2996110914049],[-8.128341573049099,-17.351924777468845],[-8.291024579691788,-17.41533092758561],[-8.69893652038881,-17.691184170444277],[-8.891974944525364,-17.75649501888598],[-9.01827945139434,-17.7811567236752],[-9.12254517869692,-17.84097402586027],[-9.211433584580625,-17.953942428308842],[-9.315766580995602,-18.258630410221986],[-9.384569189769316,-18.403997134628977],[-9.54408190702688,-18.639359693225273],[-9.656283876344123,-18.72151165350421],[-9.775554645208906,-18.719113293670915],[-9.899010728179183,-18.805026135114023],[-10.024938363976169,-18.73118211185237],[-10.12017599725218,-18.721852531062062],[-10.268241624773372,-18.73857998269586],[-10.78014053746765,-18.869587469412792],[-10.868120373116083,-18.76574326122355],[-10.965851825905986,-18.75630089681199],[-11.145997821104755,-18.775102906889074],[-11.420886663136427,-18.762345041527677],[-11.907741564612712,-18.842466565118695],[-12.1381655897344,-18.906733481325098],[-12.226063948774085,-18.954766950092235],[-12.403329324639126,-18.94350185389875],[-12.693493733862981,-19.005082103383213],[-12.78849010757964,-19.0761674950552],[-12.858506303904594,-19.138417919148974],[-12.975424409549952,-19.39985952983666],[-13.130996330304923,-19.496572975587075],[-13.267846604249629,-19.511674758632708],[-13.418442779429888,-19.544691401864235],[-13.690559763448436,-19.811568820128155],[-13.969334972737318,-20.07221577641957],[-14.071039116868015,-20.107079875687248],[-14.18202838723814,-20.157034863009834],[-14.332453623153437,-20.190588518822157],[-14.405305021503146,-20.219280262876527],[-14.773150406482824,-20.1964589418935],[-15.00173472782213,-20.213413440824],[-15.292274259850853,-20.207678826494075],[-15.557398980730092,-20.121289673811212],[-15.757369082536023,-20.07636698126172],[-16.015627022381885,-19.851152975216625],[-16.16466855897269,-19.772985196871833],[-16.421043815824778,-19.686556150801515],[-16.488137889522715,-19.698517377984455],[-16.537191457180803,-19.735626354530236],[-16.64975106244348,-19.667156196503026],[-16.67156192579832,-19.564733370326934],[-16.714323678424318,-19.480567995020934],[-16.75517947723109,-19.250810586046203],[-16.789783543303688,-18.980074779366735],[-16.6919124297099,-19.030707483849064],[-16.612875933871198,-19.08182116114514],[-16.467220670809514,-19.06205245452351],[-16.35603878195462,-18.946397488279512],[-16.308613727184444,-18.7898099922704],[-16.272985086565992,-18.615068206901025],[-16.31420028700712,-18.437791343498816],[-16.412276594441433,-18.128527586910216],[-16.393823211968705,-18.059181938045562],[-16.353646450272013,-18.027421722260193],[-16.36580349612125,-17.86905224384753],[-16.43669043418665,-17.38470130706622],[-16.500534497305924,-17.205828301931433],[-16.768103695013515,-16.857603152380396],[-16.957480670599242,-16.549556162725192],[-17.081403657188396,-16.414550608065785],[-17.204498909792026,-16.188552136095716],[-17.329629941110298,-15.86861498100574],[-17.37876213629039,-15.705147689663614],[-17.451538084083804,-15.401311369975533],[-17.454483669693747,-15.224542019139449],[-17.481455697968197,-15.124068112203243],[-17.61389773987245,-14.85517684672087],[-17.852432675997125,-14.616714220325155],[-17.90043152342894,-14.524143434392826],[-17.915579104053403,-14.422575898046253],[-17.981488822513427,-14.309131149534096],[-18.178688112532708,-14.088156048669509],[-18.374958097858944,-13.899977302455877],[-18.418426086036547,-13.802483965611964],[-18.514849256858888,-13.38794836087998],[-18.606031972967173,-13.20411455455093],[-18.960405501672366,-12.751244735763468],[-19.35586045082565,-12.37081800774564],[-19.472209417614888,-12.209819742113304],[-19.521916757850647,-12.156892469808085],[-19.50027616395675,-12.146403309378885],[-19.4594892977498,-12.1645117287132],[-19.411657364796778,-12.201575541624365],[-19.390751308453527,-12.202723206060526],[-19.376701850942073,-12.16580477541949],[-19.391243647577582,-12.085867164920085],[-19.386489610493907,-12.040029072618122],[-19.353732156110773,-12.061145366698819],[-19.305964392649518,-12.147407684142676],[-19.165282613268147,-12.367850417788366],[-19.11619522417603,-12.482469064202313],[-18.97712659939951,-12.503121102786645],[-18.94089805962982,-12.467445429950192],[-18.900994678382464,-12.400797972321202],[-18.91155170140001,-12.23509726564876],[-18.990654487692446,-12.168593266375606],[-19.05650180671654,-12.144059227170942],[-19.178475604021603,-12.034021969573773],[-19.274956195740852,-11.846224381072071],[-19.406646379312747,-11.677470610572946],[-19.414622230033594,-11.61263858089782],[-19.3739613453295,-11.560158137621388],[-19.29221861126456,-11.576703688975593],[-19.204324736174335,-11.672473611747513],[-19.108587359254823,-11.760042356480609],[-19.096538528894133,-11.930898106270611],[-19.102107200135546,-11.978645632689465],[-19.089041820876233,-12.016889186717533],[-19.055176866201702,-12.050811435248693],[-19.013654403462205,-12.075817266923712],[-18.979593534435573,-12.028345437701011],[-18.957351155287636,-11.925243464384433],[-18.93250041980514,-11.93551205808896],[-18.843527011792332,-12.154594180951683],[-18.790614586107047,-12.210846698392116],[-18.693457024011867,-12.27139419050827],[-18.62625025809934,-12.208242463779882],[-18.598220240528157,-12.15751867368371],[-18.632771239567,-11.999764265153035],[-18.63322827899135,-11.843527802587012],[-18.662631877527723,-11.730532844367804],[-18.902600363728908,-11.452659427558421],[-19.134611616045955,-11.1015673950749],[-19.26962048143941,-10.928848245813501],[-19.40051943422979,-10.660358570764432],[-19.473076782778325,-10.570433517963393],[-19.572235204197668,-10.422927479944745],[-19.602154009317964,-10.244802948105328],[-19.61188404434017,-10.12424221724229],[-19.587233118705758,-9.858646005673943],[-19.54960359350949,-9.717469331671701],[-19.409186373604168,-9.386738314125884],[-19.418502089006644,-9.251864782187962],[-19.434132628628173,-9.151307104334668],[-19.427950791070273,-8.993379934363816],[-19.442261558250188,-8.885543764609993],[-19.48033152394605,-8.78772394987294],[-19.5803578573134,-8.622944793230056],[-19.518769791839336,-8.309176411502317],[-19.420908237925346,-7.903599139104204],[-19.369596365088658,-7.840060810389905],[-19.284266580643532,-7.77782760297702],[-19.257093051574266,-7.856519874768267],[-19.267992986126693,-8.130598993502119],[-19.185363018476334,-8.264365349669994],[-19.18510878590251,-8.424725184160252],[-19.130971663412062,-8.391583224759964],[-19.045680361872435,-8.351915136667994],[-18.988969268700792,-8.261713247023211],[-18.96346326524234,-8.178251875572307],[-18.834126713505732,-7.844573732602413],[-18.75170467730472,-7.716765974530845],[-18.625713341126364,-7.615927674335057],[-18.362031082332237,-7.4833488640166985],[-18.109139277965546,-7.3187074581850124],[-17.99644029052862,-7.173504243257333],[-17.848893016811846,-7.042858344510722],[-17.751025229078806,-6.907339415166342],[-17.65284662509597,-6.811273528659323],[-17.139844917482066,-6.4450671306002585],[-17.053149850751794,-6.377346419058409],[-16.934358362297168,-6.359782691707136],[-16.78662254622262,-6.3570406326698805],[-16.655717032130422,-6.32859084540778],[-16.506507213730934,-6.387723329165045],[-16.40097987901526,-6.386560914875468],[-16.152537226971333,-6.286375671391158],[-16.022327900004218,-6.204859209774309],[-15.801422824901941,-6.032373032273687],[-15.702017917892622,-5.9801440309354685],[-15.466613773192973,-5.912105024944509],[-15.200839435585465,-5.825735603248809],[-14.897162086342382,-5.534782082355364],[-14.65925474395102,-5.533341365815292],[-14.4457753069096,-5.543033216451969],[-14.283461459511141,-5.450908988766661],[-13.88857176455586,-5.372893895132827],[-13.672859502237763,-5.289921121983325],[-13.27198595199564,-5.084974335026171],[-13.16504092526392,-5.017043357330235],[-13.004732703837238,-4.879821834305312],[-12.868825926171455,-4.712865702025024],[-12.738509259945326,-4.490961148737962],[-12.662376699899353,-4.2948094429277806],[-12.630726512368465,-4.194274061127308],[-12.556004231659625,-4.032896892070799],[-12.505526767198583,-3.905694710460023],[-12.46356523405267,-3.8441665011942368],[-12.306877379902124,-3.7509780345529435],[-12.081380536233706,-3.5026289885050805],[-12.00586782340283,-3.4509109971232044],[-11.996109865945488,-3.375347899742589],[-12.050961310614227,-3.336668443744235],[-12.117256694049729,-3.3143144316330195],[-12.177068531922103,-3.069679409194545],[-12.229706034467004,-2.9015253229384563],[-12.241590248181327,-2.7815814363410953],[-12.232791410039221,-2.6662355817794645],[-12.148651688547123,-2.483135857231103],[-12.085339196558161,-2.402949149947757],[-11.996575274479962,-2.3086868515773626],[-11.912276504721186,-2.276195244619746],[-11.845395292223342,-2.194340846681202],[-11.733626461542581,-2.1106262794448987],[-11.689118485376122,-2.030517987368224],[-11.626122824821833,-1.8691758091636372],[-11.567627370404344,-1.7460209644723874],[-11.516010789580157,-1.7473356088922987],[-11.40109195141402,-2.0194955580181433],[-11.328116316972439,-2.163193986650183],[-11.200300206996445,-2.3298318456432336],[-11.074054700143588,-2.5787383854789674],[-10.97653441673206,-2.6905296224479],[-10.928151059305671,-2.7636196136787547],[-10.89018667968198,-2.796690437393182],[-10.885023896039,-2.747833120356172],[-10.897463077269053,-2.6917249805418115],[-10.864864209480606,-2.494655557171485],[-10.893137360674462,-2.359072887674594],[-10.88921940730285,-2.3065594851248434],[-10.867525148075936,-2.2833506264592254],[-10.822579409345959,-2.295893940385485],[-10.732979386216833,-2.367658425958846],[-10.688480555401526,-2.392637275801607],[-10.658384949960542,-2.3847215221527134],[-10.666713700076858,-2.261355147404525],[-10.628266397223774,-2.1812064294100226],[-10.648405511202624,-2.128396148320779],[-10.72269333614397,-2.135293120509113],[-10.757880502040534,-2.070392353824033],[-10.823606224374442,-1.9965552515972378],[-10.896530188446516,-1.944872032986305],[-10.988540892228006,-1.8224740020810497],[-11.017564710887196,-1.7740387590186673],[-10.985793823447448,-1.7492085773061479],[-10.931977302869777,-1.749672030635478],[-10.89240814567393,-1.6930161808130972],[-10.876835339055312,-1.6189844049719275],[-10.920954837833214,-1.5023032187998782],[-10.884737910061117,-1.456276725352561],[-10.80628213260661,-1.4647742639217989],[-10.67176515113036,-1.6475520584499834],[-10.619272294002858,-1.6261161103900037],[-10.579327971821249,-1.5474672869472412],[-10.501125859471273,-1.5215390346298778],[-10.418896477616286,-1.5312523063520909],[-10.362347042140438,-1.5831554503702812],[-10.250354960360609,-1.6322181875652149],[-10.105231315484241,-1.6188473868911666],[-10.030813079358508,-1.628399353584954],[-9.87618789853342,-1.6119047252349368],[-9.79936772366078,-1.624738400640932],[-9.815075772746738,-1.5962290988152688],[-9.900634196102704,-1.565775187493065],[-9.995469445514074,-1.5633969735758517],[-10.105914988573343,-1.5721607214874516],[-10.155130833802014,-1.5382780245642542],[-10.175837312484031,-1.4434992523876171],[-10.152454389146355,-1.3729023579820554],[-10.136575994081808,-1.3424748594858633],[-10.06387110036037,-1.3514373975450613],[-10.000040946756325,-1.3457313765465253],[-9.99679976505994,-1.2521358372808982],[-9.978324414186803,-1.1687363770139247],[-9.943363732085501,-1.099870351579128],[-9.946683198002999,-1.03536102449956],[-9.98578385457602,-1.054385206763734],[-10.076412285633307,-1.2083597822418655],[-10.12934501809132,-1.0891719713482064],[-10.204410184540158,-1.0005198806142634],[-10.196615483066495,-0.8679424410252173],[-10.161883940503936,-0.7340667510595936],[-10.09935802477417,-0.7129207740579419],[-10.044684707348672,-0.7311890134452347],[-9.969033918254633,-0.6502515891969256],[-9.92712909572534,-0.5891708520636039],[-9.939729952809454,-0.5411859868901857],[-9.929579452111232,-0.5033525332614965],[-9.873429990088972,-0.5123386988413998],[-9.65519252779525,-0.6211652768040943],[-9.609787480590773,-0.6812130962206295],[-9.566190172461923,-0.6550542251581015],[-9.554928503780898,-0.5868770552375265],[-9.562781613209387,-0.5195615536026155],[-9.609302810801465,-0.5319025051897454],[-9.719900753687051,-0.5300196542353312],[-9.747067901152597,-0.49323240628431064],[-9.738946353477179,-0.4614565908194467],[-9.794118388168702,-0.3843139963384171],[-9.7242731487685,-0.3303990152013007],[-9.662377922280955,-0.32426665882179245],[-9.621042459951202,-0.2876813112983778],[-9.622516567422528,-0.24035754727880457],[-9.609807801730598,-0.21950338317719115],[-9.57511329931821,-0.24612305180887992],[-9.46324527239344,-0.25419700812236296],[-9.351238466060925,-0.310577616992289],[-9.299404166659901,-0.32127429661157547],[-9.28168239585055,-0.28755307414152936],[-9.276874727483037,-0.21628178234031015],[-9.415162945672868,-0.15136112279297553],[-9.421878262805931,-0.08185333483488527],[-9.482266219231905,-0.004085978611697329],[-9.487318897891372,0.07485608334998338],[-9.405609042693134,0.14464088843066727],[-9.390955984916612,0.20952253799451906],[-9.343027763162278,0.23773019527576925],[-9.246198131919355,0.24297637852965387],[-9.183131097201453,0.30015273117346364],[-9.110549876679872,0.3222312182159461],[-9.097639003588975,0.44410225237589096],[-9.102271566897162,0.5272259080447987],[-9.07353850950306,0.5498667794866222],[-8.99792849506306,0.5183267696635239],[-9.016552857623859,0.42118367801531187],[-9.013086162015517,0.32934004672169004],[-9.029720829496517,0.27943469402252324],[-9.002011269867308,0.28468436975260336],[-8.985610823097195,0.3058312024939294],[-8.959050481894366,0.36734819332065227],[-8.87984989159178,0.3458663769631634],[-8.857937639917516,0.282167399437162],[-8.845217337593754,0.21945443019668937],[-8.80530858198602,0.20043281151952294],[-8.755705806685366,0.2997830146619893],[-8.684749130685722,0.32846405422391556],[-8.693536926182704,0.4510511063232897],[-8.669723290539837,0.5400654053192981],[-8.663799752475247,0.6064428071618821],[-8.619377108139314,0.6404488764628214],[-8.611968855575233,0.710870155992517],[-8.6504490458464,0.7577549989168119],[-8.67270598451321,0.8449204856196966],[-8.610449409741875,0.8668608909155258],[-8.545684632935297,0.8251879994028495],[-8.499003488956884,0.7159877433004286],[-8.467853593650698,0.6671430521095308],[-8.429897065476052,0.6958843838684514],[-8.409245513303574,0.7705954348569517],[-8.333399064748798,0.8165443414526192],[-8.25451625875903,0.7597559304947591],[-8.167120615115543,0.6812587773786013],[-8.06394108775316,0.7564659527507857],[-7.970428999677879,0.8936526425378662],[-7.988990510966786,0.9748394593522867],[-7.981155024325476,1.059417593844006],[-7.8590528626418665,1.1080059358346355],[-7.758334283365935,1.0790799212126707],[-7.665059896981501,0.9920478648802877],[-7.475132571980782,0.9314637800486196],[-7.312699110169411,0.8406246410961482],[-7.239598041405714,0.7801079436343212],[-7.099215582783713,0.684608150279578],[-7.008288877795533,0.583650353219777],[-6.882518939933134,0.40263738671231597],[-6.592731681805478,0.18608166776204893],[-6.573234413053501,0.14669844235570553],[-6.6091140699462745,0.07031169441564739],[-6.640350533180229,-0.027050585122446517],[-6.677643381191053,-0.19144305270488954],[-6.680699711130341,-0.4319210893524796],[-6.640540905517496,-0.41344663944677834],[-6.601112910837097,-0.32613128953243087],[-6.555985270406212,-0.3424434947197419],[-6.5033214127192975,-0.39578950139549307],[-6.500806762434688,-0.3429920656439036],[-6.532354870542891,-0.3120507766602916],[-6.588085374423259,-0.20286965090990067],[-6.58792387198773,-0.14401330506103893],[-6.547574755150628,-0.09550193348444362],[-6.4848811216095354,-0.03698701626828757],[-6.415534976248132,0.0021533204896756713],[-6.3730630906575465,0.03580409791972054],[-6.36783707864239,0.07603030393436198],[-6.303809219804377,0.11866474684925252],[-6.209271515863704,0.1348298421942033],[-6.151394734805514,0.13007161838456555],[-5.740608943578562,0.03844437573569504],[-5.634711648072269,-0.061516049344917535],[-5.621671995188327,-0.1880440133252793],[-5.581323372623161,-0.2320000268197025],[-5.562129056178755,-0.15178330272497084],[-5.570773042924405,0.02132706686937251],[-5.5388586357083645,0.056565306808990225],[-5.428456289131201,0.032548070608946975],[-5.352565510377493,-0.00015414362379711211],[-5.245451636656435,-0.11113914360958124],[-5.224212587269302,-0.16631531645211095],[-5.177936101400868,-0.20144629399685476],[-5.16424075705288,-0.14843530357279805],[-5.187337509927647,-0.07434639930762757],[-5.204391574357465,0.01077311912724553],[-5.182618241420559,0.08584671801386447],[-5.06073995838361,0.09467305114325446],[-4.9787849796606976,0.11261856211932798],[-5.018408098251255,0.140757837389268],[-5.071651537142184,0.14961951321241865],[-5.160710680093449,0.21583315675488224],[-5.218793433932173,0.2879152359024986],[-5.129673685506017,0.361479026881449],[-5.130750748830098,0.37923847441115865],[-5.21775146242691,0.37492612504882733],[-5.3393440643524395,0.44155628632935184],[-5.443437404120614,0.5357800687755104],[-5.369882331044768,0.7157580356011201],[-5.218564186570164,0.8936653715722027],[-5.1324361507232785,0.9538061468967962],[-5.125527430606512,1.0127519571555414],[-5.085901263737034,1.1221011483556056],[-5.061204343047161,1.2141871308390426],[-5.0550875003461995,1.2854387680054074],[-5.016232945595405,1.3614150300887995],[-4.9215656530639915,1.4344466740120392],[-4.791160221854711,1.462651976132101],[-4.730232295734437,1.491638301471163],[-4.669945497342801,1.5582722847708783],[-4.612750677347416,1.6393844222102567],[-4.737235142331195,1.7926213633797061],[-4.728866219524911,1.8786293520579602],[-4.708611967895833,1.9802195135304936],[-4.564128736882842,2.0572713293645637],[-4.4878946124766665,2.252629157439824],[-4.435483620082026,2.282778776855802],[-4.320629921047422,2.279280393229406],[-4.2764614540553,2.2974901420203113],[-4.286872283242923,2.451859742635992],[-4.2751373142005145,2.5119415954294535],[-4.227026722634101,2.5368043805743627],[-4.1644258839489305,2.5172985214806274],[-4.12383966081236,2.450906022942379],[-4.034189476124364,2.390429254165995],[-4.004633183842283,2.4249096232423977],[-4.020703999497791,2.4927270489021396],[-4.030988059276203,2.5798471890041292],[-3.9504238727526255,2.600078943615048],[-3.885276267096585,2.606535424391797],[-3.8799002479243936,2.6779124455712835],[-3.8910861856701917,2.734552893326075],[-3.865884103406357,2.7590314913438085],[-3.6958051416787567,2.7734836665661464],[-3.652177975444706,2.832654013508363],[-3.627323098647938,2.8838542748768012],[-3.605251697951637,2.8563777376138737],[-3.5759545335266028,2.7434904098262676],[-3.4810309611130013,2.6785363130970836],[-3.199644426653632,2.6814967393163713],[-3.042190120323578,2.729511762847487],[-2.9746786884106102,2.7032561529214347],[-2.8695547813476816,2.6832732279660676],[-2.7545833609464547,2.7381095364008257],[-2.685722243417645,2.7795480607498404],[-2.5690011083140183,2.7281564072900077],[-2.5303552761280907,2.673040181676359],[-2.501662961502652,2.7912341231194358],[-2.4346578238524113,2.83315245120711],[-2.3632693401508607,2.85832542652908],[-2.2725572866251333,2.8395694838132073],[-2.236995979910751,2.846509981989847],[-2.318302710170468,2.933314426707715],[-2.314348944876915,3.013205362510518],[-2.320674631549532,3.131064114518624],[-2.3071087084984674,3.239030434460089],[-2.2789063604131594,3.316806219511898],[-2.4753663411396483,3.4710185770163884],[-2.6689685715616718,3.492503451303914],[-2.810104775800906,3.458100069635886],[-2.869920907639176,3.4831320540904134],[-2.9970267970314466,3.6066562886017897],[-3.1173651738639774,3.650784786246524],[-3.128168337006087,3.68143346528583],[-2.982324595379608,3.7731022601960853],[-2.92619260923891,3.7584177137305748],[-2.839726550779857,3.6754443044037646],[-2.7906547026816404,3.6463100470332708],[-2.7492434812193065,3.6529035304619986],[-2.723191610672736,3.7188553277090617],[-2.6865559185228305,3.753746981284258],[-2.6164133725016816,3.735181286340656],[-2.3959848474267362,3.595416971497218],[-2.271726340920645,3.4591569238951796],[-2.2090454994104443,3.496078010555726],[-2.101761681336862,3.5742492571236624],[-1.9997398368749995,3.559075846680998],[-1.9367765725677397,3.5144865149808227],[-1.8478835796008743,3.3476751151008264],[-1.7778407542433692,3.265023566621264],[-1.6102927889018082,3.2438772779629113],[-1.5248748488432238,3.212589249918928],[-1.4363807827895214,3.157749463780697],[-1.3176383459069232,3.1633027587448272],[-1.073027385026869,3.1440358725455053],[-0.8423151282866917,3.0377562128797626],[-0.746533141163227,2.971044699808833],[-0.6349684365914896,2.9534568786141304],[-0.5700262026106079,2.9268862099649136],[-0.4519181727333439,2.919107031396097],[-0.26396956517282477,2.995262389201166],[-0.17962582921111375,2.92558587902587],[-0.14214458583507575,2.8781356265108937],[0.02903045366257119,2.7876735039138545],[0.213117612731373,2.759860429459841],[0.34462718127961006,2.851467774622795],[0.5368551879725993,2.9191172960136553],[0.6709835920417955,3.022432786433417],[0.7718726916067522,3.070845401751302],[0.8668960940674412,3.155171115473978],[0.9033163121144354,3.150963392190774],[0.8257947338683205,3.0722076035057206],[0.816281937186989,3.0273870206365086],[0.876721065831424,3.0084667644558407],[0.8704295084806823,2.985432402221821],[0.7869056348292733,2.924209373418822],[0.6870881550352783,2.828504792333233],[0.6887447497244764,2.7706479981194],[0.7273237298676327,2.7389354999560798],[0.7731939923459822,2.7528368232108944],[0.8384726902253294,2.801254352350474],[0.9171609019394787,2.8271174985931555],[0.9861535915308131,2.7878737042563086],[1.0080355525942708,2.6493813598653944],[1.0568943153134354,2.558239951907513],[1.1651152627676908,2.545109853863],[1.2315173209511276,2.5461167340422812],[1.2984815837993615,2.6730149729554635],[1.2632370796073435,2.7815669962946847],[1.222290199171244,2.8049515149707718],[1.2422604237766544,2.845932360873886],[1.4126892010850787,3.023718914385881],[1.5074631734249044,3.0170129084462434],[1.5744252879581473,2.8419498228431572],[1.681060003203595,2.749023747164582],[1.7954820139316,2.755421617208637],[1.8549705664585383,2.730714967462288],[1.90304048137371,2.6247602293042473],[1.4993506932577492,2.196529360651498],[1.4802897747610997,2.148457869666139],[1.5336972751467537,2.0698375306490764],[1.5538595139152258,1.978141546234142],[1.422635971847548,1.7591156860516413],[1.3747456732189562,1.748550197705032],[1.3289654029516156,1.8081943610652549],[1.2605975696337435,1.8467112267202523],[1.2002502873796732,1.8202713062875726],[1.1356885975979705,1.804602630820993],[0.9026879435956113,1.683247182570148],[0.9032720743554925,1.368035939831881],[0.9611549242790768,1.180422615885196],[0.9265990378632823,1.0566499093391621],[0.8567608179930609,0.8400314792658964],[0.7817543649259928,0.7597577969896102],[0.7216552237291536,0.707846341770728],[0.5216119184053954,0.4119003534186881],[0.45793958989664485,0.3407992152799995],[0.3918931388951181,0.2399818417110863],[0.41380974859568376,0.14306864373899844],[0.4381261501510002,0.07594639804282621],[0.5127885852761637,-0.0009995369338049883],[0.8038183257060517,-0.16069779336657777],[0.9355100487775684,-0.27063310992894424],[1.1623340002031712,-0.40415468791782216],[1.213783494679503,-0.49569132985941416],[1.2443054982099615,-0.5703229265719538],[1.4080100078807465,-0.6559930788779904],[1.52481880450337,-0.7077652239552071],[1.558766199994212,-0.6949064266240125],[1.5833496318227194,-0.6774210441593954],[1.6126901022288986,-0.677448187732005],[1.6417642848579463,-0.6874757139436622],[1.6366308668712457,-0.7537391971893191],[1.6234660005612693,-0.7899446832886857],[1.6340947918635558,-0.8362336922493565],[1.7168522980052174,-0.8958135181418007],[1.8495990188213567,-0.8950903526561449],[1.9261928821925305,-0.8817952777450364],[2.009934756274089,-0.9451920991529532],[2.0855849621832125,-0.9865051441831812],[2.2100147242182113,-1.0714562096619011],[2.4270032013151095,-1.174035459343523],[2.5964894301709833,-1.2415941917528854],[2.793933222109933,-1.486254786903864],[2.944020952719715,-1.627917361033981],[3.108608971537647,-1.7310776364580909],[3.35699011458598,-1.8057186182940328],[3.472081002322837,-1.7959652047251822],[3.656837117163502,-1.8814726226350318],[3.837429597754427,-1.923190420627034],[3.931231178154231,-2.0390324896716874],[3.962124358888199,-2.126123649436209],[3.969897726367992,-2.192577241982493],[4.056601008974181,-2.354149434661066],[4.2387526026028715,-2.4094800382444985],[4.472622820612544,-2.573660689756054],[4.6661365775816375,-2.6481805687973132],[4.714104463321829,-2.6913168409235673],[4.798417070047892,-2.7420180954890143],[4.96386441576066,-2.747740395635331],[5.253069977118381,-2.675591172187592],[5.386119707114165,-2.598762788824538],[5.5633045280358004,-2.474930669810149],[5.651203783947921,-2.256633975074856],[5.704353382118678,-2.08098156124364],[5.95728252752766,-1.7215382464297915],[6.031966785572806,-1.5418169378330842],[6.1008597046584105,-1.3025149902822006],[6.159388322314693,-1.1533218720716258],[6.146353516632155,-0.9888016467634602],[6.211408775896862,-0.6925491025813467],[6.348625525427155,-0.28841764425723493],[6.39520239457869,-0.1515964872718839],[6.380047494813033,0.05193744126459392],[6.313315326898414,0.4349406898904803],[6.351922784430146,0.5654870525183824],[6.391384448786899,0.7486114146665422],[6.338140345582451,0.8837662003533191],[6.287613245611625,0.9767139960696732],[6.283300831630205,1.105462766711193],[6.349722976924302,1.3462083375967053],[6.406224956072238,1.472700193374798],[6.46576913511106,1.6362171402757848],[6.443325011932641,1.9509663524254415],[6.564025962021078,2.0568806765184746],[6.6119000147915,2.1099883855438737],[6.702990475573662,2.1077763517400037],[6.745657841106917,2.081914209564645],[6.7566242614086915,2.1443604975417334],[6.722289220900876,2.2035928877062285],[6.709976073061523,2.2716823892887823],[6.68541756079599,2.306804203563647],[6.629605048745858,2.320496109834398],[6.583969426034788,2.3588430827823688],[6.517774632287103,2.3985482829226923],[6.532018458429348,2.5377113696746516],[6.653450635980654,2.80367605688418],[6.719410505710608,2.9056381169334884],[6.759743609470861,2.861047978778598],[6.805818599275923,2.8248196660872433],[6.814382843375113,2.902148605773348],[6.80067410669588,2.9821729673252557],[6.894606763880604,3.2422502032986946],[7.000343519633682,3.595307643657411],[7.03762258418178,3.918635342915938],[7.194244087687014,3.9758398325794135],[7.2752060536881,4.054699134249147],[7.326368404890952,4.147353879859551],[7.41306237465846,4.144636619888894],[7.471061258307016,4.102171528461968],[7.430260700900478,4.032771643941965],[7.416329008957614,3.9786120574254],[7.579502773809551,3.8382554773315514],[7.632039182281398,3.7323327908444197],[7.652377882876631,3.6336474803626686],[7.682497658896613,3.54024915155048],[7.694637315271461,3.415293441461071],[7.686495282982312,3.216604393098096],[7.70236359039729,3.0280342726462077],[7.760562247536882,2.9670059597146485],[7.8126005665833524,2.927150723430532],[7.888512162773947,2.9194928225989285],[7.997368032605464,2.8854902890553893]]],[[[16.273443535715938,-11.383678918841822],[16.247350688590963,-11.408387752479886],[16.2133929875859,-11.356323976274576],[16.20824661795748,-11.180367044733668],[16.24078268830111,-11.081678507767556],[16.299175589681507,-10.994103872870797],[16.313728604525497,-10.943980398855125],[16.3067708326212,-10.83533909541643],[16.456868153773794,-10.728174203821432],[16.499014242354164,-10.66805418130051],[16.52209375643343,-10.587794166680144],[16.48316047355911,-10.494892672963935],[16.447155242444467,-10.473836352814708],[16.486541705351343,-10.428003005238365],[16.52742042198961,-10.406816607528558],[16.559002881824334,-10.399277076865744],[16.580454069144373,-10.410633172882559],[16.573083954935797,-10.585427425294485],[16.62031675506255,-10.651943639768865],[16.60169954608698,-10.734747594629644],[16.359854576502382,-11.156701111235792],[16.287547023622093,-11.317576085778864],[16.273443535715938,-11.383678918841822]]],[[[4.320833382510049,-1.6082685891579958],[4.24495131325046,-1.6942103031595972],[4.207812149142089,-1.6811209358016002],[4.171170149897178,-1.7280643011338848],[4.1024431749513806,-1.7494179900686615],[4.060390532834693,-1.7478128485516644],[3.983823328197692,-1.769244540848774],[3.9729799368945637,-1.7413621936495576],[3.9891535772983246,-1.6541799076881287],[4.054390252709519,-1.557648769439768],[4.117208764251833,-1.498958330099514],[4.276854431745397,-1.4735203029077306],[4.401463774435927,-1.433081696932996],[4.417203180857058,-1.4413795694345328],[4.504090813888839,-1.5543615437744442],[4.371464353651153,-1.5660072935062337],[4.320833382510049,-1.6082685891579958]]],[[[1.6654407307434842,1.1824420113303977],[1.7072443929897554,1.1408771840309522],[1.7524041239591726,1.143434665397887],[1.7927547949182967,1.2340430868330425],[1.817319124013214,1.2212266978478825],[1.8366771896555956,1.1982606469754356],[1.8506751336813765,1.1580624335523244],[1.7893446396958983,1.0893711273911788],[1.7620522192505865,1.078915602072481],[1.7357853645274064,1.0408848789282417],[1.6932305328162875,0.9151410948745639],[1.6973631371214655,0.8727912452751302],[1.7330289905818062,0.8301922907042706],[1.8281624859331669,0.7902046583829682],[1.8752754950876447,0.8079576822942071],[1.8916113590735701,0.8025759810629863],[1.87225631581661,0.741395605262952],[1.8359954079897443,0.6949164174948422],[1.7090445614458445,0.7154563367126302],[1.5990111493852985,0.70930089417239],[1.415966118212627,0.7561835329276482],[1.3217077864979736,0.7624029279380851],[1.2948243498522083,0.7795491886075036],[1.3500518520433242,0.8153210440714931],[1.3848204959812411,0.8638262981175618],[1.3694154284986513,0.9785437572421626],[1.3834726359034069,1.1238341551643285],[1.4898508997875488,1.193789524465373],[1.5379509217071323,1.2656583989757042],[1.6090454392818705,1.3100818699772971],[1.6539861228033395,1.3040249327154496],[1.6478805861354673,1.2598202775371468],[1.6654407307434842,1.1824420113303977]]],[[[-4.447697442703385,3.2551859903664164],[-4.366516833444628,3.2330844423474576],[-4.3286706372663675,3.2000641884901437],[-4.30570631703884,3.164626260692896],[-4.301545768509811,3.121659813252112],[-4.402696412827408,3.100840584785561],[-4.584871812835655,3.160691731340602],[-4.766123125538956,3.104649380898238],[-4.819601186392744,3.1025656200704326],[-4.852891907841499,3.139780122747494],[-4.826684342965979,3.2461144538809203],[-4.760816010279234,3.231292959891896],[-4.70426435876849,3.271038289334991],[-4.716596885763111,3.3869178100013544],[-4.751311606999096,3.449404411525875],[-4.657033814348162,3.5674173438959706],[-4.614568337754356,3.591811675823295],[-4.571109677689871,3.5924757351059635],[-4.532937705576864,3.5107615730752606],[-4.522695327689284,3.421899844601887],[-4.475092478656838,3.341119330261298],[-4.447697442703385,3.2551859903664164]]],[[[-4.296425830228616,3.5589591855841705],[-4.165547921322073,3.5531069610883472],[-4.009315786981167,3.6303527254778394],[-3.9357128869319693,3.601288453819095],[-3.9008471271544507,3.6073007698914936],[-3.7865794941464723,3.6798966204388384],[-3.7117762001220833,3.7014391246730383],[-3.662400105132249,3.7545154518559447],[-3.6103793610758506,3.6987701378263553],[-3.4953374010288467,3.634763582191598],[-3.4587175834490966,3.566542851237368],[-3.4103315045418654,3.5348101127250366],[-3.3940678576740906,3.513544099168083],[-3.4624187336216607,3.4404614054027673],[-3.4704766839692005,3.3626397040618046],[-3.544785108161579,3.3668420502368233],[-3.6318726534503822,3.238065978078664],[-3.9625350140028446,3.0186887693791857],[-4.264926542013729,3.196017379671291],[-4.397202154186516,3.3171231880334338],[-4.487433232789901,3.4861593275333322],[-4.507423634514545,3.625500148688103],[-4.544465485980925,3.714106545039455],[-4.52914412255636,3.736975741336491],[-4.5113348353485225,3.7489457637873422],[-4.488017779197975,3.7467806675416218],[-4.395738058834109,3.652922934854729],[-4.3554769967521425,3.6274247449993204],[-4.296425830228616,3.5589591855841705]]],[[[-19.543036296131937,-12.03113778402036],[-19.560154165023548,-12.074280442545218],[-19.776744082512288,-11.790159313493596],[-19.855520680533225,-11.594853868395322],[-19.855520680533225,-11.58319002710138],[-19.829908888874186,-11.545998967063715],[-19.800361866035182,-11.53123688399231],[-19.655438794806997,-11.80764614456604],[-19.614151815416417,-11.870005739287857],[-19.603422542811938,-11.937677667963538],[-19.5855708282813,-11.95732623134994],[-19.543036296131937,-12.03113778402036]]],[[[2.145153176083668,-20.114990748702972],[2.342325229309402,-20.139602082684878],[2.420036141922293,-20.107687633247696],[2.5164335991807834,-20.136117625558235],[2.5771544729923614,-20.226620188651694],[2.528859541354118,-20.270155707977466],[2.483665698717103,-20.27584440242752],[2.3392999257314098,-20.23680122640927],[2.202777644837816,-20.262429668936296],[2.161728628070385,-20.298724351286097],[2.1332401686561457,-20.380165706659195],[2.015431450056551,-20.422263798698495],[1.9621072132903519,-20.37201026409648],[1.8206983479188208,-20.334811469576824],[1.7686686962741636,-20.386214467213605],[1.668599971281515,-20.37112456932328],[1.5749961980777616,-20.39098310079394],[1.4454402436457756,-20.377165575210633],[1.3102962961806528,-20.28605122290656],[1.2708334513207717,-20.244128150103315],[1.3037302865101272,-20.1694977684887],[1.3537910115153162,-20.11485758280596],[1.7296815319075916,-20.040584151368392],[1.9314790678520375,-19.97732796847345],[2.0936658178409586,-19.991170245956795],[2.1383885220343606,-20.005768113177453],[2.179285377895992,-20.03975740748874],[2.1469087673964835,-20.099908833652176],[2.145153176083668,-20.114990748702972]]],[[[8.390945798091721,-22.737331721618766],[8.26436158132945,-22.7896168259226],[8.223120771195415,-22.759636987675783],[8.232443439793249,-22.715229508071882],[8.242167457494453,-22.695798974515697],[8.347250228025604,-22.697762174307556],[8.390945798091721,-22.737331721618766]]],[[[8.240421657062829,-22.851425124718],[8.26336094326994,-22.895676183908463],[8.266140521577723,-22.91290048060684],[8.20292364754986,-22.875358816575794],[8.088848968869472,-22.875776723283533],[8.166681330465924,-22.817858525629926],[8.221137585339438,-22.83338492751071],[8.240421657062829,-22.851425124718]]],[[[13.15014070124015,-5.702195974841121],[13.127096263284303,-5.711618128369197],[13.096902880465121,-5.708758361085779],[13.053169739785737,-5.687724697938996],[13.102691658893871,-5.5611978148810834],[13.119063991633901,-5.630167094244586],[13.152704011478296,-5.688435227191471],[13.15014070124015,-5.702195974841121]]],[[[13.060595162370266,-5.554705336365135],[13.039696834518878,-5.557663547922329],[13.015796978115597,-5.545310774225089],[13.037238938100014,-5.505247029357256],[13.06329187177323,-5.474074877494165],[13.098975757616685,-5.451947052967182],[13.081071420907266,-5.540900616226562],[13.060595162370266,-5.554705336365135]]],[[[14.793062408825207,-9.012692666575392],[14.821485979877892,-9.040267537608175],[14.850178531782756,-9.039556296378892],[14.873994541810427,-9.058030216283665],[14.85696324206264,-9.121372536416079],[14.890602453094136,-9.197183942821626],[14.90467212562371,-9.249832477940966],[14.869222601906694,-9.28852425952073],[14.846756375965674,-9.30001053486908],[14.80137390077854,-9.261429301305723],[14.686169280015854,-9.042915584046881],[14.717487792629216,-8.976375338941605],[14.793062408825207,-9.012692666575392]]],[[[14.333719706806656,-7.814106679888676],[14.307655106337776,-7.814197954251569],[14.28536338692951,-7.795538222184887],[14.309530688969748,-7.757770759561621],[14.318406537107103,-7.7015917913637315],[14.347016408840505,-7.721336879605329],[14.364642423534379,-7.8009862131643155],[14.333719706806656,-7.814106679888676]]],[[[13.806085580656621,-7.64461622806861],[13.771529885177205,-7.672033541910964],[13.755967720041477,-7.598387433262226],[13.768227910886075,-7.523318225595172],[13.804422011102389,-7.500864944036819],[13.809690813216609,-7.601358417347651],[13.806085580656621,-7.64461622806861]]],[[[16.4637900561742,-13.062697421917008],[16.35147132369736,-13.321566909977223],[16.329271050939205,-13.314179871834753],[16.307884728332755,-13.27144994913303],[16.333609161578856,-13.117671904039705],[16.377285342318537,-13.0235735226707],[16.45083825443968,-13.047690036224205],[16.4637900561742,-13.062697421917008]]],[[[16.39533172047443,-12.937622462391033],[16.374396693933306,-12.950215831322385],[16.34809461329629,-12.853697561910455],[16.35066892302177,-12.759142094303192],[16.375479326973196,-12.673657945197796],[16.42420687554972,-12.65927498398705],[16.45347098951389,-12.6702452561446],[16.396346006675437,-12.825184495933224],[16.39533172047443,-12.937622462391033]]],[[[7.148241293216235,4.1553561693228245],[7.064957938239562,4.101064895818691],[7.01255332308546,4.132492094701949],[7.002656830114368,4.19579259769749],[7.008820180213147,4.223232461916128],[7.075701212259433,4.269500425014987],[7.148241293216235,4.1553561693228245]]],[[[7.224292451989019,4.661676097129384],[7.164193633321195,4.60198801851942],[7.10256437007733,4.622240831276789],[7.082731070790339,4.658862896464254],[7.107192933832718,4.707622007718747],[7.186040017031641,4.714165704880628],[7.224292451989019,4.661676097129384]]],[[[7.056772198753178,4.7044723165886335],[7.030955656994128,4.67831445282907],[6.988815691429632,4.738528431315394],[7.0408323368550985,4.806421904857275],[7.08246176324383,4.771979209892713],[7.056772198753178,4.7044723165886335]]],[[[10.69874412928808,-3.495668060690766],[10.712537361500722,-3.591041716212748],[10.748905021757977,-3.666873858007832],[10.731921012650032,-3.714386063051914],[10.703145401115849,-3.748884553350255],[10.645539295872883,-3.7118779019612025],[10.608851402990954,-3.622223383578981],[10.542033611455981,-3.5483213146336343],[10.527961305350605,-3.507041616697151],[10.610803597754934,-3.51484489608962],[10.653309011813723,-3.503370563785368],[10.671470861590484,-3.4888461882436004],[10.69874412928808,-3.495668060690766]]],[[[1.5679870904287416,3.5905629269427917],[1.497057538670832,3.531583274763688],[1.492522219006816,3.5762459192451668],[1.5300823003448893,3.611630217607609],[1.6185177174949021,3.7560435850998366],[1.6569677867850952,3.789456876419684],[1.6792300636452557,3.8083658499462842],[1.6960542859379093,3.8613778121479982],[1.7008702821321484,3.9407936242755732],[1.7486135238698295,3.9524411239553676],[1.7092917699268824,3.772238559368873],[1.5679870904287416,3.5905629269427917]]],[[[1.3119953037357295,3.3706055775664225],[1.1564309671468416,3.2976388724173806],[1.2422526912361493,3.3966529695944714],[1.4209543493159964,3.484229692049951],[1.4505600294483398,3.5050577036842707],[1.4417058594031507,3.462121206193099],[1.3520031156770416,3.3893566982032675],[1.3119953037357295,3.3706055775664225]]],[[[2.015192006101027,-0.7830206598806818],[1.9735852286547046,-0.8286449369464044],[1.921698887653616,-0.7798211346282559],[1.9111624706313475,-0.7302152746429482],[1.870490496416013,-0.7156784472190052],[1.8908401795155754,-0.6701336900509944],[1.9124963648231013,-0.6571238236144387],[1.935977294778871,-0.6000577087964295],[1.9882889151072536,-0.6682090428656342],[1.9938676184548836,-0.7430151310570765],[2.015192006101027,-0.7830206598806818]]],[[[1.7942809486115543,-0.6237642500432349],[1.7788859094308151,-0.6310130053363315],[1.7784657627172964,-0.5481990961556941],[1.8089337240091303,-0.5071958779225513],[1.8210764155476091,-0.5931200463596098],[1.7942809486115543,-0.6237642500432349]]],[[[1.5325413722222907,-0.6299662667896511],[1.4748520821659343,-0.633731860072105],[1.4586159359488282,-0.628571919699036],[1.4478228687626882,-0.5845220439817608],[1.4672021008161806,-0.5449509929795121],[1.5284347317449014,-0.5359651855442004],[1.5536711937879026,-0.5465360804396847],[1.5325413722222907,-0.6299662667896511]]],[[[4.2624482098516685,-2.1455239651141924],[4.226250719300257,-2.161767781473132],[4.214271278491968,-2.120744244600925],[4.263889117533357,-2.0805012936772487],[4.297289441958076,-2.0228396990769686],[4.360448587525369,-2.075434433820963],[4.36962326104423,-2.127771154574561],[4.2624482098516685,-2.1455239651141924]]],[[[1.2018086564175408,1.16497777412747],[1.1787036949046579,1.153748441596726],[1.090405205798384,1.1734165713541427],[1.0901969674737664,1.2092255597695354],[1.1020905486509898,1.2364334451776375],[1.126647517453083,1.2526113665407899],[1.181286204863309,1.3238405563493676],[1.2218758184326919,1.2819922951276617],[1.2388828597735162,1.1979610530032876],[1.2018086564175408,1.16497777412747]]],[[[-2.361211320946521,3.659289750600627],[-2.380423374260164,3.643699983534067],[-2.4601963827954325,3.796222596501062],[-2.438485848646812,3.843687422243113],[-2.4711246977765295,3.921357396062612],[-2.4181768208759435,3.930717187701295],[-2.378420621787785,3.990156925478386],[-2.3639759078118328,3.9617553595128165],[-2.3594831937185603,3.853983921615731],[-2.3273068498141973,3.7921628363191107],[-2.361211320946521,3.659289750600627]]],[[[-9.473791534697503,0.2104779617709863],[-9.532828601831387,0.1457691656750462],[-9.576973405406019,0.19372829750375067],[-9.55607774952309,0.29419965941432114],[-9.51657455939202,0.3318210720982555],[-9.478950028528734,0.31475804066498503],[-9.480030748350305,0.23701264513190753],[-9.473791534697503,0.2104779617709863]]],[[[-10.015001649546905,-0.6355470218085787],[-10.049821529587785,-0.6653912082955473],[-10.084153061827678,-0.6583430168505123],[-10.086495976773337,-0.6194330100652564],[-10.127780401060178,-0.5793565003217724],[-10.109639206567952,-0.5306858385276231],[-10.09620793455265,-0.5050712361251123],[-10.065789006096221,-0.5064556337856168],[-10.050736374708418,-0.5462257723420709],[-10.009664683570612,-0.5899346431990009],[-10.015001649546905,-0.6355470218085787]]],[[[-18.198889038537768,-6.620372178537972],[-18.243402270849316,-6.703390741335909],[-18.30946882419154,-6.694392760173831],[-18.322667520873512,-6.656023896522062],[-18.288044719747425,-6.587398167324632],[-18.22309329690486,-6.502253283207014],[-18.196454301095148,-6.548256905675514],[-18.198889038537768,-6.620372178537972]]],[[[7.797115010851884,-24.883723790228014],[7.88616137233975,-24.89246501208568],[7.939511951192057,-24.873023657770105],[7.984384450439615,-24.87997078111348],[8.02980202221436,-24.932830925242104],[8.088206661382067,-24.96464608680095],[8.131868447644468,-24.96212568854101],[8.167940885423775,-24.974664050423847],[8.196798963898765,-25.012066723532524],[8.277512299146546,-25.048118812147877],[8.311820374720911,-25.07063112526469],[8.340028217791339,-25.103587701116794],[8.372506845621272,-25.129975872474205],[8.58486373317772,-25.226488161379603],[8.738183876479697,-25.276831442054753],[8.937912871618991,-25.27159502454783],[8.999495650967038,-25.252606200876308],[9.059993547840117,-25.222910145668326],[9.103803061041887,-25.257549720955854],[9.144921205791297,-25.30862880125154],[9.14270858960546,-25.25644465451667],[9.164691563336676,-25.21267770123372],[9.217841954979562,-25.180433860916963],[9.27504891036734,-25.161920413803035],[9.363927455895002,-25.16986950337624],[9.452184462105018,-25.16656192223445],[9.493630422448708,-25.148558439672282],[9.533683933297343,-25.14850697963006],[9.58167018573723,-25.177850063836463],[9.631178012720202,-25.19578363120011],[9.671267143175319,-25.165415145320228],[9.742897070062131,-25.091966361118477],[9.779443277859064,-25.067228693920978],[9.926737274610536,-25.102237619519922],[9.9691238954706,-25.106226208428673],[10.05498138037594,-25.030008158680904],[10.104108281629967,-25.034986259331937],[10.23459286693923,-25.110895494940074],[10.281838910023676,-25.196620149563348],[10.253415688589891,-25.343955256124183],[10.250098610626553,-25.39633109983282],[10.253365607436214,-25.448503338861745],[10.242051835914957,-25.551019397342138],[10.209270190954962,-25.6506140664257],[10.194762498684925,-25.72907681761864],[10.189642828540755,-25.809334858748144],[10.15956531469986,-25.956713100751138],[10.165465542769192,-26.05598888586857],[10.144264864951046,-26.121713467693958],[10.139181068452453,-26.15279918572857],[10.15459113685226,-26.183772266985127],[10.159073276992496,-26.21705627180497],[10.145029071601064,-26.258229816505246],[10.145923419632602,-26.307693757631995],[10.130940485113953,-26.34720640591115],[10.101008711722216,-26.3390051943554],[10.095841663968228,-26.307347157521203],[10.107956262873504,-26.267847989893124],[10.107469403495216,-26.235245204103393],[10.095974878293676,-26.20460325407068],[10.046254339106605,-26.16735043821698],[10.065475905469025,-26.148816902388962],[10.096386382927315,-26.13352039244961],[10.08236424892974,-26.086733758249515],[10.041388959449266,-26.120787712445228],[10.013877906713017,-26.169295908370042],[10.02272661135207,-26.18623321350055],[9.998913395707145,-26.1979594039468],[9.943790997990297,-26.25227449134985],[9.898567230073116,-26.327157304292058],[9.873452443291368,-26.40044358080138],[9.864474898247087,-26.479455610832947],[9.827993733538781,-26.537960070162303],[9.782023311045325,-26.59279187979895],[9.761100690610402,-26.66652547595512],[9.741805660620264,-26.8031634022648],[9.754023693689298,-26.929916469217822],[9.744241531855232,-27.10059459300811],[9.714416180453766,-27.11990183147186],[9.633024073014745,-27.125222457806807],[9.590357961645195,-27.143650891938083],[9.538798587671488,-27.054863539516667],[9.514465616251346,-26.964161658684723],[9.549333991607533,-26.93126876868809],[9.610873550152212,-26.95645820477143],[9.633778978410662,-26.938007545041412],[9.642581342979595,-26.91583956338421],[9.640553288818674,-26.89301075776392],[9.568423505755144,-26.83851719863971],[9.482373121303473,-26.809114626586087],[9.44964389461365,-26.834900641050613],[9.446701345122138,-26.918884999357424],[9.434585971994641,-26.93714622976578],[9.366656791006449,-26.96428747224925],[9.351870586032728,-26.841467679090773],[9.282849189026962,-26.746524915209836],[9.279409090141856,-26.789600976870993],[9.302420170117074,-26.866381137629826],[9.293743873289461,-26.89879810292075],[9.274123290699453,-26.940107983197585],[9.238682385668968,-26.9534343613836],[9.217875118819531,-26.986211665729158],[9.210667322879123,-27.033914078377702],[9.188015219949678,-27.110122153785127],[9.129046786166992,-27.140581242947356],[9.010704839676533,-27.04551176135849],[8.997398600783672,-27.07370841812625],[8.995678400957011,-27.098729422108313],[9.055313215136552,-27.15267105977259],[9.018930637850987,-27.187577555580845],[8.98918463683389,-27.229395146802787],[8.935008995474119,-27.340801067346302],[8.86102313897703,-27.430955283478625],[8.830753118922958,-27.4347409162481],[8.73277825639884,-27.412821089525167],[8.632498887693751,-27.325239280307965],[8.530618107063512,-27.327508365795236],[8.363117083963784,-27.31041501288129],[8.252320692940199,-27.332872555222064],[8.242031682450877,-27.243518094792567],[8.222974086189247,-27.21068999154455],[8.23622534601429,-27.183519647074956],[8.323992197490865,-27.17047266783552],[8.41149597541875,-27.177040122600346],[8.4024887358293,-27.142533915515905],[8.380696132471009,-27.12853694777141],[8.341268425779973,-27.134149058914875],[8.233545498001263,-27.097490285418644],[8.155628632547403,-27.105663055949435],[8.108583484970872,-27.060666619761317],[8.037166891295456,-26.910060052543006],[7.992322384210266,-26.839602481263253],[7.9637969543294105,-26.811463618966165],[7.928296394595315,-26.794793339353234],[7.908549625505505,-26.772053161579777],[7.7852274001740085,-26.431003541674958],[7.771319633621994,-26.352570180889238],[7.766344323747526,-26.155580643631936],[7.886662235992617,-26.257147537598865],[7.926083467489281,-26.31914493516212],[7.941864274945435,-26.395626187771036],[7.997936580543832,-26.307530546288508],[7.993594729217293,-26.27776840246932],[7.889126972015541,-26.160124280259623],[7.877402808917464,-26.12713776224637],[7.87558291251182,-26.088750206528605],[7.843085124624943,-26.12530419527388],[7.797273543993262,-26.12774969079748],[7.825138505244362,-26.05082214134571],[7.818674569252225,-25.973468468686676],[7.699778399413029,-25.79688579801282],[7.611850455128311,-25.630915978217825],[7.5292848913760055,-25.427605954088715],[7.52310566760032,-25.401825965838317],[7.526608395643864,-25.359178321593294],[7.490417286417175,-25.223878076016046],[7.474227643713334,-25.1240433196462],[7.471275564738887,-25.037062819205502],[7.539788466813525,-24.865445911077302],[7.55751887182193,-24.768218628684025],[7.630067155234012,-24.816257195999153],[7.797115010851884,-24.883723790228014]]],[[[6.9946636081734,-24.24247453213217],[6.971500062033198,-24.24492874835648],[6.958552908093086,-24.194071965897027],[6.974888333345282,-24.12317014862552],[6.943516002193163,-24.05053792042973],[6.9714066787914755,-23.98056765875529],[6.976284968557143,-23.90368024959012],[6.99340886559078,-23.870563694751464],[7.044169893701197,-23.835684631663757],[7.0581716632246945,-23.76974964453248],[7.099320259964159,-23.768748660605084],[7.165289244319467,-23.824110471096635],[7.175273389368221,-23.956396114880103],[7.155634865026217,-24.034746073436736],[7.175776559684529,-24.10712517830535],[7.146832413049263,-24.166552957555748],[7.081714493514761,-24.213230639718788],[6.9946636081734,-24.24247453213217]]],[[[10.212189808830798,-24.127824780908814],[10.327017225308843,-24.29902662662014],[10.394926547954066,-24.329615935342158],[10.413668331861842,-24.348160395649654],[10.39729011432204,-24.418342648409674],[10.362460601355727,-24.446176563579467],[10.412733345995976,-24.490348405430222],[10.401369468151508,-24.515526540276582],[10.390532946177997,-24.51371775051903],[10.313394064101743,-24.562533217467248],[10.228543262428138,-24.581405643048367],[10.206509085234893,-24.560662820439763],[10.189424540838967,-24.534270260770743],[10.177620841777914,-24.496825911102704],[10.093657432323411,-24.34941491276058],[10.111190854176005,-24.312041539326522],[10.096522941189297,-24.251805912665336],[10.046084652506334,-24.252477025780944],[10.016035707065518,-24.214213338081258],[10.077036517563966,-24.183990398212835],[10.163679750279972,-24.095709931291072],[10.212189808830798,-24.127824780908814]]],[[[9.246908772038653,-27.27182434211081],[9.198184545883022,-27.35836773144586],[9.143017729356936,-27.33899949242764],[9.083147254309711,-27.349481813746937],[9.055836526897686,-27.287594439833168],[9.057982173112645,-27.271895849954102],[9.09913283903073,-27.28995794193711],[9.118095823164596,-27.271831230198902],[9.132060258891864,-27.247994010486153],[9.148910614122862,-27.242432412542964],[9.164856184159484,-27.208040490793834],[9.208741984372237,-27.16641861218133],[9.229867365927138,-27.169152843254707],[9.243498647558324,-27.22753884143632],[9.246908772038653,-27.27182434211081]]],[[[9.898122904689052,-26.7225836618329],[9.854822405348358,-26.726909787000988],[9.841590688745578,-26.72204004701223],[9.849529342536115,-26.67761301226256],[9.846593297292104,-26.657294175411796],[9.890462257996356,-26.61929809271912],[9.940036503619645,-26.643089446006663],[9.95515474260006,-26.675659050724814],[9.899463565808034,-26.696533994344875],[9.898122904689052,-26.7225836618329]]],[[[9.325984636117544,-27.14182924099088],[9.2792728870865,-27.138466882782982],[9.263209169508906,-27.129979949158237],[9.261291883576853,-27.0870955562591],[9.233169394614535,-27.066250009808936],[9.25250668877275,-27.053382300173435],[9.262642268807397,-27.027421916310455],[9.285953243227262,-26.999188465329905],[9.31434582014891,-27.03436978372783],[9.325984636117544,-27.14182924099088]]],[[[7.624797879856869,-24.624909843559475],[7.588493631806792,-24.696393621062487],[7.56929028567557,-24.60262906890538],[7.602606166555597,-24.591143901025813],[7.631100276547969,-24.561306975066742],[7.636328500616952,-24.56647481975428],[7.624797879856869,-24.624909843559475]]],[[[10.393447265066484,-24.634313715769558],[10.458433457752115,-24.693315270016544],[10.49099859602477,-24.754210874055094],[10.429469657648019,-24.79768742135342],[10.388441463214386,-24.804053860828706],[10.37111810540408,-24.746684055503916],[10.286643696673613,-24.76059790592699],[10.201239185944695,-24.74875536187074],[10.143736445664107,-24.70194022014942],[10.139341851595997,-24.68048576820052],[10.17984525108564,-24.66237832731809],[10.287531020798976,-24.671647058907425],[10.393447265066484,-24.634313715769558]]],[[[10.296635997830967,-24.81283236712711],[10.248435731386822,-24.878205156479506],[10.207932464674915,-24.831670913306883],[10.203433041563397,-24.811274626259877],[10.264451738010306,-24.799604989744974],[10.283647485088137,-24.802839963970925],[10.296635997830967,-24.81283236712711]]],[[[14.482460978678418,-37.18232399457088],[14.450340477804588,-37.208454078447026],[14.459074188796176,-37.17428192237072],[14.557060153862823,-37.03343766751244],[14.604177219112563,-37.014023152794906],[14.564105853302213,-37.088742624588775],[14.482460978678418,-37.18232399457088]]]]}},{"type":"Feature","bbox":[96.825879,-12.199805,105.725391,-10.430664],"properties":{"featurecla":"Admin-0 country","scalerank":5,"LABELRANK":5,"SOVEREIGNT":"Australia","SOV_A3":"AU1","ADM0_DIF":1,"LEVEL":2,"TYPE":"Dependency","TLC":"1","ADMIN":"Indian Ocean Territories","ADM0_A3":"IOA","GEOU_DIF":0,"GEOUNIT":"Indian Ocean Territories","GU_A3":"IOA","SU_DIF":0,"SUBUNIT":"Indian Ocean Territories","SU_A3":"IOA","BRK_DIFF":0,"NAME":"Indian Ocean Ter.","NAME_LONG":"Indian Ocean Territories","BRK_A3":"IOA","BRK_NAME":"Indian Ocean Ter.","BRK_GROUP":null,"ABBREV":"Ind. Oc. Ter.","POSTAL":"IOT","FORMAL_EN":null,"FORMAL_FR":null,"NAME_CIAWF":null,"NOTE_ADM0":"Auz.","NOTE_BRK":null,"NAME_SORT":"Indian Ocean Territories","NAME_ALT":null,"MAPCOLOR7":1,"MAPCOLOR8":2,"MAPCOLOR9":2,"MAPCOLOR13":7,"POP_EST":2387,"POP_RANK":4,"POP_YEAR":2016,"GDP_MD":35,"GDP_YEAR":2016,"ECONOMY":"2. Developed region: nonG7","INCOME_GRP":"2. High income: nonOECD","FIPS_10":"-99","ISO_A2":"-99","ISO_A2_EH":"AU","ISO_A3":"-99","ISO_A3_EH":"AUS","ISO_N3":"-99","ISO_N3_EH":"036","UN_A3":"-099","WB_A2":"-99","WB_A3":"-99","WOE_ID":-90,"WOE_ID_EH":23424869,"WOE_NOTE":"Grouping of Christmas Island (23424869) and Cocos or Keeling Islands (23424784)","ADM0_ISO":"AUS","ADM0_DIFF":"1","ADM0_TLC":"IOA","ADM0_A3_US":"IOA","ADM0_A3_FR":"IOA","ADM0_A3_RU":"IOA","ADM0_A3_ES":"IOA","ADM0_A3_CN":"IOA","ADM0_A3_TW":"IOA","ADM0_A3_IN":"IOA","ADM0_A3_NP":"IOA","ADM0_A3_PK":"IOA","ADM0_A3_DE":"IOA","ADM0_A3_GB":"IOA","ADM0_A3_BR":"IOA","ADM0_A3_IL":"IOA","ADM0_A3_PS":"IOA","ADM0_A3_SA":"IOA","ADM0_A3_EG":"IOA","ADM0_A3_MA":"IOA","ADM0_A3_PT":"IOA","ADM0_A3_AR":"IOA","ADM0_A3_JP":"IOA","ADM0_A3_KO":"IOA","ADM0_A3_VN":"IOA","ADM0_A3_TR":"IOA","ADM0_A3_ID":"IOA","ADM0_A3_PL":"IOA","ADM0_A3_GR":"IOA","ADM0_A3_IT":"IOA","ADM0_A3_NL":"IOA","ADM0_A3_SE":"IOA","ADM0_A3_BD":"IOA","ADM0_A3_UA":"IOA","ADM0_A3_UN":-99,"ADM0_A3_WB":-99,"CONTINENT":"Asia","REGION_UN":"Africa","SUBREGION":"Seven seas (open ocean)","REGION_WB":"East Asia & Pacific","NAME_LEN":17,"LONG_LEN":24,"ABBREV_LEN":13,"TINY":-99,"HOMEPART":-99,"MIN_ZOOM":0,"MIN_LABEL":5,"MAX_LABEL":9.5,"LABEL_X":105.67259,"LABEL_Y":-10.490789,"NE_ID":1159320363,"WIKIDATAID":"Q4824275","NAME_AR":"أقاليم المحيط الهندي الأسترالية","NAME_BN":"অস্ট্রেলীয় ভারত মহাসাগর অঞ্চল","NAME_DE":"Australische Territorien im Indischen Ozean","NAME_EN":"Australian Indian Ocean Territories","NAME_ES":"Territorios Australianos del Océano Índico","NAME_FA":"سرزمینهای اقیانوس هند استرالیا","NAME_FR":"Territoires extérieurs australiens de l'Océan Indien","NAME_EL":"Αυστραλέζικο Έδαφος Ινδικού Ωκεανού","NAME_HE":"טריטוריה של האוקיינוס ההודי","NAME_HI":"हिंद महासागर के ऑस्ट्रेलियाई क्षेत्र","NAME_HU":"Ausztrál Indiai-óceáni Terület","NAME_ID":"Wilayah Samudra Hindia Australia","NAME_IT":"Australian Indian Ocean Territories","NAME_JA":"オーストラリア領インド洋地域","NAME_KO":"호주령 인도양 지역","NAME_NL":"Australische territoria van de Indische Oceaan","NAME_PL":"Australijskie Terytorium Oceanu Indyjskiego","NAME_PT":"Territórios australianos do Oceano Índico","NAME_RU":"Австралийские территории в Индийском океане","NAME_SV":"Australienska indiska oceanens havsområde","NAME_TR":"Australian Indian Ocean Territories","NAME_UK":"Австралійські території в Індійському океані","NAME_UR":"آسْٹْریلِیَن انڈین اوشین تیریتورییس","NAME_VI":"Vùng lãnh thổ Ấn Độ Dương thuộc Úc","NAME_ZH":"澳屬印度洋領地","NAME_ZHT":"澳屬印度洋領地","FCLASS_ISO":"Unrecognized","TLC_DIFF":"1","FCLASS_TLC":"Admin-0 dependency","FCLASS_US":null,"FCLASS_FR":null,"FCLASS_RU":null,"FCLASS_ES":null,"FCLASS_CN":null,"FCLASS_TW":null,"FCLASS_IN":null,"FCLASS_NP":null,"FCLASS_PK":null,"FCLASS_DE":null,"FCLASS_GB":null,"FCLASS_BR":null,"FCLASS_IL":null,"FCLASS_PS":null,"FCLASS_SA":null,"FCLASS_EG":null,"FCLASS_MA":null,"FCLASS_PT":null,"FCLASS_AR":null,"FCLASS_JP":null,"FCLASS_KO":null,"FCLASS_VN":null,"FCLASS_TR":null,"FCLASS_ID":null,"FCLASS_PL":null,"FCLASS_GR":null,"FCLASS_IT":null,"FCLASS_NL":null,"FCLASS_SE":null,"FCLASS_BD":null,"FCLASS_UA":null},"geometry":{"type":"MultiPolygon","coordinates":[[],[],[]]}},{"type":"Feature","bbox":[167.906152,-29.096289,167.99043,-29.013965],"properties":{"featurecla":"Admin-0 country","scalerank":5,"LABELRANK":5,"SOVEREIGNT":"Australia","SOV_A3":"AU1","ADM0_DIF":1,"LEVEL":2,"TYPE":"Dependency","TLC":"1","ADMIN":"Norfolk Island","ADM0_A3":"NFK","GEOU_DIF":0,"GEOUNIT":"Norfolk Island","GU_A3":"NFK","SU_DIF":0,"SUBUNIT":"Norfolk Island","SU_A3":"NFK","BRK_DIFF":0,"NAME":"Norfolk Island","NAME_LONG":"Norfolk Island","BRK_A3":"NFK","BRK_NAME":"Norfolk Island","BRK_GROUP":null,"ABBREV":"Nfk. I.","POSTAL":"NF","FORMAL_EN":"Territory of Norfolk Island","FORMAL_FR":null,"NAME_CIAWF":"Norfolk Island","NOTE_ADM0":"Auz.","NOTE_BRK":null,"NAME_SORT":"Norfolk Island","NAME_ALT":null,"MAPCOLOR7":1,"MAPCOLOR8":2,"MAPCOLOR9":2,"MAPCOLOR13":7,"POP_EST":2169,"POP_RANK":4,"POP_YEAR":2011,"GDP_MD":32,"GDP_YEAR":2016,"ECONOMY":"6. Developing region","INCOME_GRP":"4. Lower middle income","FIPS_10":"NF","ISO_A2":"NF","ISO_A2_EH":"NF","ISO_A3":"NFK","ISO_A3_EH":"NFK","ISO_N3":"574","ISO_N3_EH":"574","UN_A3":"574","WB_A2":"-99","WB_A3":"-99","WOE_ID":23424905,"WOE_ID_EH":23424905,"WOE_NOTE":"Exact WOE match as country","ADM0_ISO":"NFK","ADM0_DIFF":null,"ADM0_TLC":"NFK","ADM0_A3_US":"NFK","ADM0_A3_FR":"NFK","ADM0_A3_RU":"NFK","ADM0_A3_ES":"NFK","ADM0_A3_CN":"NFK","ADM0_A3_TW":"NFK","ADM0_A3_IN":"NFK","ADM0_A3_NP":"NFK","ADM0_A3_PK":"NFK","ADM0_A3_DE":"NFK","ADM0_A3_GB":"NFK","ADM0_A3_BR":"NFK","ADM0_A3_IL":"NFK","ADM0_A3_PS":"NFK","ADM0_A3_SA":"NFK","ADM0_A3_EG":"NFK","ADM0_A3_MA":"NFK","ADM0_A3_PT":"NFK","ADM0_A3_AR":"NFK","ADM0_A3_JP":"NFK","ADM0_A3_KO":"NFK","ADM0_A3_VN":"NFK","ADM0_A3_TR":"NFK","ADM0_A3_ID":"NFK","ADM0_A3_PL":"NFK","ADM0_A3_GR":"NFK","ADM0_A3_IT":"NFK","ADM0_A3_NL":"NFK","ADM0_A3_SE":"NFK","ADM0_A3_BD":"NFK","ADM0_A3_UA":"NFK","ADM0_A3_UN":-99,"ADM0_A3_WB":-99,"CONTINENT":"Oceania","REGION_UN":"Oceania","SUBREGION":"Australia and New Zealand","REGION_WB":"East Asia & Pacific","NAME_LEN":14,"LONG_LEN":14,"ABBREV_LEN":7,"TINY":-99,"HOMEPART":-99,"MIN_ZOOM":0,"MIN_LABEL":4.5,"MAX_LABEL":9.5,"LABEL_X":167.954531,"LABEL_Y":-29.033042,"NE_ID":1159320365,"WIKIDATAID":"Q31057","NAME_AR":"جزيرة نورفولك","NAME_BN":"নরফোক দ্বীপ","NAME_DE":"Norfolkinsel","NAME_EN":"Norfolk Island","NAME_ES":"Isla Norfolk","NAME_FA":"جزیره نورفک","NAME_FR":"Île Norfolk","NAME_EL":"Νόρφολκ","NAME_HE":"נורפוק","NAME_HI":"नॉर्फ़ोक द्वीप","NAME_HU":"Norfolk-sziget","NAME_ID":"Pulau Norfolk","NAME_IT":"Isola Norfolk","NAME_JA":"ノーフォーク島","NAME_KO":"노퍽섬","NAME_NL":"Norfolk","NAME_PL":"Norfolk","NAME_PT":"Ilha Norfolk","NAME_RU":"Норфолк","NAME_SV":"Norfolkön","NAME_TR":"Norfolk Adası","NAME_UK":"острів Норфолк","NAME_UR":"جزیرہ نارفولک","NAME_VI":"Đảo Norfolk","NAME_ZH":"诺福克岛","NAME_ZHT":"諾福克島","FCLASS_ISO":"Admin-0 dependency","TLC_DIFF":null,"FCLASS_TLC":"Admin-0 dependency","FCLASS_US":null,"FCLASS_FR":null,"FCLASS_RU":null,"FCLASS_ES":null,"FCLASS_CN":null,"FCLASS_TW":null,"FCLASS_IN":null,"FCLASS_NP":null,"FCLASS_PK":null,"FCLASS_DE":null,"FCLASS_GB":null,"FCLASS_BR":null,"FCLASS_IL":null,"FCLASS_PS":null,"FCLASS_SA":null,"FCLASS_EG":null,"FCLASS_MA":null,"FCLASS_PT":null,"FCLASS_AR":null,"FCLASS_JP":null,"FCLASS_KO":null,"FCLASS_VN":null,"FCLASS_TR":null,"FCLASS_ID":null,"FCLASS_PL":null,"FCLASS_GR":null,"FCLASS_IT":null,"FCLASS_NL":null,"FCLASS_SE":null,"FCLASS_BD":null,"FCLASS_UA":null},"geometry":{"type":"Polygon","coordinates":[[[28.474472999361765,-16.35301278324256],[28.48864174626304,-16.366434802639585],[28.502364950085994,-16.375049010130223],[28.51059890137967,-16.38449205607897],[28.5048854643633,-16.400436746135245],[28.49266396308477,-16.41494610672093],[28.481479272530347,-16.42000458464726],[28.477925633318463,-16.421887934337377],[28.475276863262483,-16.424533942587413],[28.473290082305873,-16.42789636503596],[28.472336935239166,-16.431848286782525],[28.470887587647244,-16.417301536876572],[28.464700285561005,-16.406873351900234],[28.456073061382217,-16.404447438429678],[28.447404462145453,-16.413529587346957],[28.44230433257272,-16.412561244249982],[28.44327549429611,-16.401722338342598],[28.442461008256743,-16.391528683033936],[28.443205260752244,-16.38251637276616],[28.448464349218664,-16.375738150566765],[28.457112076381545,-16.368028179886437],[28.459438513401643,-16.361086833990463],[28.455276473130354,-16.356851526982663],[28.444229644485695,-16.357807303874093],[28.45977297951458,-16.346481628057585],[28.474472999361765,-16.35301278324256]]]}},{"type":"Feature","bbox":[123.572461,-12.435938,123.595215,-12.423926],"properties":{"featurecla":"Admin-0 country","scalerank":5,"LABELRANK":5,"SOVEREIGNT":"Australia","SOV_A3":"AU1","ADM0_DIF":1,"LEVEL":2,"TYPE":"Dependency","TLC":"1","ADMIN":"Ashmore and Cartier Islands","ADM0_A3":"ATC","GEOU_DIF":0,"GEOUNIT":"Ashmore and Cartier Islands","GU_A3":"ATC","SU_DIF":0,"SUBUNIT":"Ashmore and Cartier Islands","SU_A3":"ATC","BRK_DIFF":0,"NAME":"Ashmore and Cartier Is.","NAME_LONG":"Ashmore and Cartier Islands","BRK_A3":"ATC","BRK_NAME":"Ashmore and Cartier Is.","BRK_GROUP":null,"ABBREV":"A.C.Is.","POSTAL":"AU","FORMAL_EN":"Territory of Ashmore and Cartier Islands","FORMAL_FR":null,"NAME_CIAWF":null,"NOTE_ADM0":"Auz.","NOTE_BRK":null,"NAME_SORT":"Ashmore and Cartier Islands","NAME_ALT":null,"MAPCOLOR7":1,"MAPCOLOR8":2,"MAPCOLOR9":2,"MAPCOLOR13":7,"POP_EST":0,"POP_RANK":1,"POP_YEAR":2019,"GDP_MD":0,"GDP_YEAR":2019,"ECONOMY":"7. Least developed region","INCOME_GRP":"5. Low income","FIPS_10":"AT","ISO_A2":"-99","ISO_A2_EH":"AU","ISO_A3":"-99","ISO_A3_EH":"AUS","ISO_N3":"036","ISO_N3_EH":"036","UN_A3":"-099","WB_A2":"-99","WB_A3":"-99","WOE_ID":23424749,"WOE_ID_EH":23424749,"WOE_NOTE":"WOE Admin-1 states provinces match.","ADM0_ISO":"AUS","ADM0_DIFF":"1","ADM0_TLC":"ATC","ADM0_A3_US":"ATC","ADM0_A3_FR":"ATC","ADM0_A3_RU":"ATC","ADM0_A3_ES":"ATC","ADM0_A3_CN":"ATC","ADM0_A3_TW":"ATC","ADM0_A3_IN":"ATC","ADM0_A3_NP":"ATC","ADM0_A3_PK":"ATC","ADM0_A3_DE":"ATC","ADM0_A3_GB":"ATC","ADM0_A3_BR":"ATC","ADM0_A3_IL":"ATC","ADM0_A3_PS":"ATC","ADM0_A3_SA":"ATC","ADM0_A3_EG":"ATC","ADM0_A3_MA":"ATC","ADM0_A3_PT":"ATC","ADM0_A3_AR":"ATC","ADM0_A3_JP":"ATC","ADM0_A3_KO":"ATC","ADM0_A3_VN":"ATC","ADM0_A3_TR":"ATC","ADM0_A3_ID":"ATC","ADM0_A3_PL":"ATC","ADM0_A3_GR":"ATC","ADM0_A3_IT":"ATC","ADM0_A3_NL":"ATC","ADM0_A3_SE":"ATC","ADM0_A3_BD":"ATC","ADM0_A3_UA":"ATC","ADM0_A3_UN":-99,"ADM0_A3_WB":-99,"CONTINENT":"Oceania","REGION_UN":"Oceania","SUBREGION":"Australia and New Zealand","REGION_WB":"East Asia & Pacific","NAME_LEN":23,"LONG_LEN":27,"ABBREV_LEN":7,"TINY":-99,"HOMEPART":-99,"MIN_ZOOM":0,"MIN_LABEL":4.5,"MAX_LABEL":9.5,"LABEL_X":123.586368,"LABEL_Y":-12.432571,"NE_ID":1159320353,"WIKIDATAID":"Q133888","NAME_AR":"جزر أشمور وكارتيير","NAME_BN":"আসমর এবং কার্টিয়ে দ্বীপপুঞ্জ","NAME_DE":"Ashmore- und Cartierinseln","NAME_EN":"Ashmore and Cartier Islands","NAME_ES":"Islas Ashmore y Cartier","NAME_FA":"جزیرههای آشمور و کارتیر","NAME_FR":"Îles Ashmore-et-Cartier","NAME_EL":"Άσμορ και Καρτιέ Νησιά","NAME_HE":"איי אשמור וקרטייה","NAME_HI":"एशमोर और कार्टियर द्वीप समूह","NAME_HU":"Ashmore- és Cartier-szigetek","NAME_ID":"Kepulauan Ashmore dan Cartier","NAME_IT":"Isole Ashmore e Cartier","NAME_JA":"アシュモア・カルティエ諸島","NAME_KO":"애시모어 카르티에 제도","NAME_NL":"Ashmore- en Cartiereilanden","NAME_PL":"Wyspy Ashmore i Cartiera","NAME_PT":"Ilhas Ashmore e Cartier","NAME_RU":"Острова Ашмор и Картье","NAME_SV":"Ashmore- och Cartieröarna","NAME_TR":"Ashmore ve Cartier Adaları","NAME_UK":"Острови Ашмор і Картьє","NAME_UR":"جزائر ایشمور و کارٹیر","NAME_VI":"Quần đảo Ashmore và Cartier","NAME_ZH":"阿什莫尔和卡捷群岛","NAME_ZHT":"亞什摩及卡地爾群島","FCLASS_ISO":"Unrecognized","TLC_DIFF":"1","FCLASS_TLC":"Admin-0 dependency","FCLASS_US":null,"FCLASS_FR":null,"FCLASS_RU":null,"FCLASS_ES":null,"FCLASS_CN":null,"FCLASS_TW":null,"FCLASS_IN":null,"FCLASS_NP":null,"FCLASS_PK":null,"FCLASS_DE":null,"FCLASS_GB":null,"FCLASS_BR":null,"FCLASS_IL":null,"FCLASS_PS":null,"FCLASS_SA":null,"FCLASS_EG":null,"FCLASS_MA":null,"FCLASS_PT":null,"FCLASS_AR":null,"FCLASS_JP":null,"FCLASS_KO":null,"FCLASS_VN":null,"FCLASS_TR":null,"FCLASS_ID":null,"FCLASS_PL":null,"FCLASS_GR":null,"FCLASS_IT":null,"FCLASS_NL":null,"FCLASS_SE":null,"FCLASS_BD":null,"FCLASS_UA":null},"geometry":{"type":"Polygon","coordinates":[[[-11.121086429101306,2.2841119100238743],[-11.11996272193417,2.273928498714456],[-11.141477088345429,2.274619458588957],[-11.142601634173264,2.28480294095787],[-11.121086429101306,2.2841119100238743]]]}},{"type":"Feature","bbox":[43.439453,38.869043,46.584766,41.290967],"properties":{"featurecla":"Admin-0 country","scalerank":1,"LABELRANK":6,"SOVEREIGNT":"Armenia","SOV_A3":"ARM","ADM0_DIF":0,"LEVEL":2,"TYPE":"Sovereign country","TLC":"1","ADMIN":"Armenia","ADM0_A3":"ARM","GEOU_DIF":0,"GEOUNIT":"Armenia","GU_A3":"ARM","SU_DIF":0,"SUBUNIT":"Armenia","SU_A3":"ARM","BRK_DIFF":0,"NAME":"Armenia","NAME_LONG":"Armenia","BRK_A3":"ARM","BRK_NAME":"Armenia","BRK_GROUP":null,"ABBREV":"Arm.","POSTAL":"ARM","FORMAL_EN":"Republic of Armenia","FORMAL_FR":null,"NAME_CIAWF":"Armenia","NOTE_ADM0":null,"NOTE_BRK":null,"NAME_SORT":"Armenia","NAME_ALT":null,"MAPCOLOR7":3,"MAPCOLOR8":1,"MAPCOLOR9":2,"MAPCOLOR13":10,"POP_EST":2957731,"POP_RANK":12,"POP_YEAR":2019,"GDP_MD":13672,"GDP_YEAR":2019,"ECONOMY":"6. Developing region","INCOME_GRP":"4. Lower middle income","FIPS_10":"AM","ISO_A2":"AM","ISO_A2_EH":"AM","ISO_A3":"ARM","ISO_A3_EH":"ARM","ISO_N3":"051","ISO_N3_EH":"051","UN_A3":"051","WB_A2":"AM","WB_A3":"ARM","WOE_ID":23424743,"WOE_ID_EH":23424743,"WOE_NOTE":"Exact WOE match as country","ADM0_ISO":"ARM","ADM0_DIFF":null,"ADM0_TLC":"ARM","ADM0_A3_US":"ARM","ADM0_A3_FR":"ARM","ADM0_A3_RU":"ARM","ADM0_A3_ES":"ARM","ADM0_A3_CN":"ARM","ADM0_A3_TW":"ARM","ADM0_A3_IN":"ARM","ADM0_A3_NP":"ARM","ADM0_A3_PK":"ARM","ADM0_A3_DE":"ARM","ADM0_A3_GB":"ARM","ADM0_A3_BR":"ARM","ADM0_A3_IL":"ARM","ADM0_A3_PS":"ARM","ADM0_A3_SA":"ARM","ADM0_A3_EG":"ARM","ADM0_A3_MA":"ARM","ADM0_A3_PT":"ARM","ADM0_A3_AR":"ARM","ADM0_A3_JP":"ARM","ADM0_A3_KO":"ARM","ADM0_A3_VN":"ARM","ADM0_A3_TR":"ARM","ADM0_A3_ID":"ARM","ADM0_A3_PL":"ARM","ADM0_A3_GR":"ARM","ADM0_A3_IT":"ARM","ADM0_A3_NL":"ARM","ADM0_A3_SE":"ARM","ADM0_A3_BD":"ARM","ADM0_A3_UA":"ARM","ADM0_A3_UN":-99,"ADM0_A3_WB":-99,"CONTINENT":"Asia","REGION_UN":"Asia","SUBREGION":"Western Asia","REGION_WB":"Europe & Central Asia","NAME_LEN":7,"LONG_LEN":7,"ABBREV_LEN":4,"TINY":-99,"HOMEPART":1,"MIN_ZOOM":0,"MIN_LABEL":5,"MAX_LABEL":10,"LABEL_X":44.800564,"LABEL_Y":40.459077,"NE_ID":1159320333,"WIKIDATAID":"Q399","NAME_AR":"أرمينيا","NAME_BN":"আর্মেনিয়া","NAME_DE":"Armenien","NAME_EN":"Armenia","NAME_ES":"Armenia","NAME_FA":"ارمنستان","NAME_FR":"Arménie","NAME_EL":"Αρμενία","NAME_HE":"ארמניה","NAME_HI":"आर्मीनिया","NAME_HU":"Örményország","NAME_ID":"Armenia","NAME_IT":"Armenia","NAME_JA":"アルメニア","NAME_KO":"아르메니아","NAME_NL":"Armenië","NAME_PL":"Armenia","NAME_PT":"Arménia","NAME_RU":"Армения","NAME_SV":"Armenien","NAME_TR":"Ermenistan","NAME_UK":"Вірменія","NAME_UR":"آرمینیا","NAME_VI":"Armenia","NAME_ZH":"亚美尼亚","NAME_ZHT":"亞美尼亞","FCLASS_ISO":"Admin-0 country","TLC_DIFF":null,"FCLASS_TLC":"Admin-0 country","FCLASS_US":null,"FCLASS_FR":null,"FCLASS_RU":null,"FCLASS_ES":null,"FCLASS_CN":null,"FCLASS_TW":null,"FCLASS_IN":null,"FCLASS_NP":null,"FCLASS_PK":null,"FCLASS_DE":null,"FCLASS_GB":null,"FCLASS_BR":null,"FCLASS_IL":null,"FCLASS_PS":null,"FCLASS_SA":null,"FCLASS_EG":null,"FCLASS_MA":null,"FCLASS_PT":null,"FCLASS_AR":null,"FCLASS_JP":null,"FCLASS_KO":null,"FCLASS_VN":null,"FCLASS_TR":null,"FCLASS_ID":null,"FCLASS_PL":null,"FCLASS_GR":null,"FCLASS_IT":null,"FCLASS_NL":null,"FCLASS_SE":null,"FCLASS_BD":null,"FCLASS_UA":null},"geometry":{"type":"MultiPolygon","coordinates":[[],[]]}},{"type":"Feature","bbox":[-73.57627,-55.032129,-53.668555,-21.802539],"properties":{"featurecla":"Admin-0 country","scalerank":1,"LABELRANK":2,"SOVEREIGNT":"Argentina","SOV_A3":"ARG","ADM0_DIF":0,"LEVEL":2,"TYPE":"Sovereign country","TLC":"1","ADMIN":"Argentina","ADM0_A3":"ARG","GEOU_DIF":0,"GEOUNIT":"Argentina","GU_A3":"ARG","SU_DIF":0,"SUBUNIT":"Argentina","SU_A3":"ARG","BRK_DIFF":0,"NAME":"Argentina","NAME_LONG":"Argentina","BRK_A3":"ARG","BRK_NAME":"Argentina","BRK_GROUP":null,"ABBREV":"Arg.","POSTAL":"AR","FORMAL_EN":"Argentine Republic","FORMAL_FR":null,"NAME_CIAWF":"Argentina","NOTE_ADM0":null,"NOTE_BRK":null,"NAME_SORT":"Argentina","NAME_ALT":null,"MAPCOLOR7":3,"MAPCOLOR8":1,"MAPCOLOR9":3,"MAPCOLOR13":13,"POP_EST":44938712,"POP_RANK":15,"POP_YEAR":2019,"GDP_MD":445445,"GDP_YEAR":2019,"ECONOMY":"5. Emerging region: G20","INCOME_GRP":"3. Upper middle income","FIPS_10":"AR","ISO_A2":"AR","ISO_A2_EH":"AR","ISO_A3":"ARG","ISO_A3_EH":"ARG","ISO_N3":"032","ISO_N3_EH":"032","UN_A3":"032","WB_A2":"AR","WB_A3":"ARG","WOE_ID":23424747,"WOE_ID_EH":23424747,"WOE_NOTE":"Exact WOE match as country","ADM0_ISO":"ARG","ADM0_DIFF":null,"ADM0_TLC":"ARG","ADM0_A3_US":"ARG","ADM0_A3_FR":"ARG","ADM0_A3_RU":"ARG","ADM0_A3_ES":"ARG","ADM0_A3_CN":"ARG","ADM0_A3_TW":"ARG","ADM0_A3_IN":"ARG","ADM0_A3_NP":"ARG","ADM0_A3_PK":"ARG","ADM0_A3_DE":"ARG","ADM0_A3_GB":"ARG","ADM0_A3_BR":"ARG","ADM0_A3_IL":"ARG","ADM0_A3_PS":"ARG","ADM0_A3_SA":"ARG","ADM0_A3_EG":"ARG","ADM0_A3_MA":"ARG","ADM0_A3_PT":"ARG","ADM0_A3_AR":"ARG","ADM0_A3_JP":"ARG","ADM0_A3_KO":"ARG","ADM0_A3_VN":"ARG","ADM0_A3_TR":"ARG","ADM0_A3_ID":"ARG","ADM0_A3_PL":"ARG","ADM0_A3_GR":"ARG","ADM0_A3_IT":"ARG","ADM0_A3_NL":"ARG","ADM0_A3_SE":"ARG","ADM0_A3_BD":"ARG","ADM0_A3_UA":"ARG","ADM0_A3_UN":-99,"ADM0_A3_WB":-99,"CONTINENT":"South America","REGION_UN":"Americas","SUBREGION":"South America","REGION_WB":"Latin America & Caribbean","NAME_LEN":9,"LONG_LEN":9,"ABBREV_LEN":4,"TINY":-99,"HOMEPART":1,"MIN_ZOOM":0,"MIN_LABEL":2,"MAX_LABEL":7,"LABEL_X":-64.173331,"LABEL_Y":-33.501159,"NE_ID":1159320331,"WIKIDATAID":"Q414","NAME_AR":"الأرجنتين","NAME_BN":"আর্জেন্টিনা","NAME_DE":"Argentinien","NAME_EN":"Argentina","NAME_ES":"Argentina","NAME_FA":"آرژانتین","NAME_FR":"Argentine","NAME_EL":"Αργεντινή","NAME_HE":"ארגנטינה","NAME_HI":"अर्जेण्टीना","NAME_HU":"Argentína","NAME_ID":"Argentina","NAME_IT":"Argentina","NAME_JA":"アルゼンチン","NAME_KO":"아르헨티나","NAME_NL":"Argentinië","NAME_PL":"Argentyna","NAME_PT":"Argentina","NAME_RU":"Аргентина","NAME_SV":"Argentina","NAME_TR":"Arjantin","NAME_UK":"Аргентина","NAME_UR":"ارجنٹائن","NAME_VI":"Argentina","NAME_ZH":"阿根廷","NAME_ZHT":"阿根廷","FCLASS_ISO":"Admin-0 country","TLC_DIFF":null,"FCLASS_TLC":"Admin-0 country","FCLASS_US":null,"FCLASS_FR":null,"FCLASS_RU":null,"FCLASS_ES":null,"FCLASS_CN":null,"FCLASS_TW":null,"FCLASS_IN":null,"FCLASS_NP":null,"FCLASS_PK":null,"FCLASS_DE":null,"FCLASS_GB":null,"FCLASS_BR":null,"FCLASS_IL":null,"FCLASS_PS":null,"FCLASS_SA":null,"FCLASS_EG":null,"FCLASS_MA":null,"FCLASS_PT":null,"FCLASS_AR":null,"FCLASS_JP":null,"FCLASS_KO":null,"FCLASS_VN":null,"FCLASS_TR":null,"FCLASS_ID":null,"FCLASS_PL":null,"FCLASS_GR":null,"FCLASS_IT":null,"FCLASS_NL":null,"FCLASS_SE":null,"FCLASS_BD":null,"FCLASS_UA":null},"geometry":{"type":"MultiPolygon","coordinates":[[],[],[],[]]}},{"type":"Feature","bbox":[-61.887109,16.997168,-61.686035,17.714062],"properties":{"featurecla":"Admin-0 country","scalerank":1,"LABELRANK":6,"SOVEREIGNT":"Antigua and Barbuda","SOV_A3":"ATG","ADM0_DIF":0,"LEVEL":2,"TYPE":"Sovereign country","TLC":"1","ADMIN":"Antigua and Barbuda","ADM0_A3":"ATG","GEOU_DIF":0,"GEOUNIT":"Antigua and Barbuda","GU_A3":"ATG","SU_DIF":0,"SUBUNIT":"Antigua and Barbuda","SU_A3":"ATG","BRK_DIFF":0,"NAME":"Antigua and Barb.","NAME_LONG":"Antigua and Barbuda","BRK_A3":"ATG","BRK_NAME":"Antigua and Barb.","BRK_GROUP":null,"ABBREV":"Ant.B.","POSTAL":"AG","FORMAL_EN":"Antigua and Barbuda","FORMAL_FR":null,"NAME_CIAWF":"Antigua and Barbuda","NOTE_ADM0":null,"NOTE_BRK":null,"NAME_SORT":"Antigua and Barbuda","NAME_ALT":null,"MAPCOLOR7":2,"MAPCOLOR8":2,"MAPCOLOR9":5,"MAPCOLOR13":5,"POP_EST":97118,"POP_RANK":8,"POP_YEAR":2019,"GDP_MD":1661,"GDP_YEAR":2019,"ECONOMY":"6. Developing region","INCOME_GRP":"3. Upper middle income","FIPS_10":"AC","ISO_A2":"AG","ISO_A2_EH":"AG","ISO_A3":"ATG","ISO_A3_EH":"ATG","ISO_N3":"028","ISO_N3_EH":"028","UN_A3":"028","WB_A2":"AG","WB_A3":"ATG","WOE_ID":23424737,"WOE_ID_EH":23424737,"WOE_NOTE":"Exact WOE match as country","ADM0_ISO":"ATG","ADM0_DIFF":null,"ADM0_TLC":"ATG","ADM0_A3_US":"ATG","ADM0_A3_FR":"ATG","ADM0_A3_RU":"ATG","ADM0_A3_ES":"ATG","ADM0_A3_CN":"ATG","ADM0_A3_TW":"ATG","ADM0_A3_IN":"ATG","ADM0_A3_NP":"ATG","ADM0_A3_PK":"ATG","ADM0_A3_DE":"ATG","ADM0_A3_GB":"ATG","ADM0_A3_BR":"ATG","ADM0_A3_IL":"ATG","ADM0_A3_PS":"ATG","ADM0_A3_SA":"ATG","ADM0_A3_EG":"ATG","ADM0_A3_MA":"ATG","ADM0_A3_PT":"ATG","ADM0_A3_AR":"ATG","ADM0_A3_JP":"ATG","ADM0_A3_KO":"ATG","ADM0_A3_VN":"ATG","ADM0_A3_TR":"ATG","ADM0_A3_ID":"ATG","ADM0_A3_PL":"ATG","ADM0_A3_GR":"ATG","ADM0_A3_IT":"ATG","ADM0_A3_NL":"ATG","ADM0_A3_SE":"ATG","ADM0_A3_BD":"ATG","ADM0_A3_UA":"ATG","ADM0_A3_UN":-99,"ADM0_A3_WB":-99,"CONTINENT":"North America","REGION_UN":"Americas","SUBREGION":"Caribbean","REGION_WB":"Latin America & Caribbean","NAME_LEN":17,"LONG_LEN":19,"ABBREV_LEN":6,"TINY":4,"HOMEPART":1,"MIN_ZOOM":0,"MIN_LABEL":5,"MAX_LABEL":9.5,"LABEL_X":-61.790612,"LABEL_Y":17.352249,"NE_ID":1159320345,"WIKIDATAID":"Q781","NAME_AR":"أنتيغوا وباربودا","NAME_BN":"অ্যান্টিগুয়া ও বার্বুডা","NAME_DE":"Antigua und Barbuda","NAME_EN":"Antigua and Barbuda","NAME_ES":"Antigua y Barbuda","NAME_FA":"آنتیگوا و باربودا","NAME_FR":"Antigua-et-Barbuda","NAME_EL":"Αντίγκουα και Μπαρμπούντα","NAME_HE":"אנטיגואה וברבודה","NAME_HI":"अण्टीगुआ और बारबूडा","NAME_HU":"Antigua és Barbuda","NAME_ID":"Antigua dan Barbuda","NAME_IT":"Antigua e Barbuda","NAME_JA":"アンティグア・バーブーダ","NAME_KO":"앤티가 바부다","NAME_NL":"Antigua en Barbuda","NAME_PL":"Antigua i Barbuda","NAME_PT":"Antígua e Barbuda","NAME_RU":"Антигуа и Барбуда","NAME_SV":"Antigua och Barbuda","NAME_TR":"Antigua ve Barbuda","NAME_UK":"Антигуа і Барбуда","NAME_UR":"اینٹیگوا و باربوڈا","NAME_VI":"Antigua và Barbuda","NAME_ZH":"安提瓜和巴布达","NAME_ZHT":"安地卡及巴布達","FCLASS_ISO":"Admin-0 country","TLC_DIFF":null,"FCLASS_TLC":"Admin-0 country","FCLASS_US":null,"FCLASS_FR":null,"FCLASS_RU":null,"FCLASS_ES":null,"FCLASS_CN":null,"FCLASS_TW":null,"FCLASS_IN":null,"FCLASS_NP":null,"FCLASS_PK":null,"FCLASS_DE":null,"FCLASS_GB":null,"FCLASS_BR":null,"FCLASS_IL":null,"FCLASS_PS":null,"FCLASS_SA":null,"FCLASS_EG":null,"FCLASS_MA":null,"FCLASS_PT":null,"FCLASS_AR":null,"FCLASS_JP":null,"FCLASS_KO":null,"FCLASS_VN":null,"FCLASS_TR":null,"FCLASS_ID":null,"FCLASS_PL":null,"FCLASS_GR":null,"FCLASS_IT":null,"FCLASS_NL":null,"FCLASS_SE":null,"FCLASS_BD":null,"FCLASS_UA":null},"geometry":{"type":"MultiPolygon","coordinates":[[],[]]}},{"type":"Feature","bbox":[11.743066,-18.019727,24.04668,-4.428906],"properties":{"featurecla":"Admin-0 country","scalerank":1,"LABELRANK":3,"SOVEREIGNT":"Angola","SOV_A3":"AGO","ADM0_DIF":0,"LEVEL":2,"TYPE":"Sovereign country","TLC":"1","ADMIN":"Angola","ADM0_A3":"AGO","GEOU_DIF":0,"GEOUNIT":"Angola","GU_A3":"AGO","SU_DIF":0,"SUBUNIT":"Angola","SU_A3":"AGO","BRK_DIFF":0,"NAME":"Angola","NAME_LONG":"Angola","BRK_A3":"AGO","BRK_NAME":"Angola","BRK_GROUP":null,"ABBREV":"Ang.","POSTAL":"AO","FORMAL_EN":"People's Republic of Angola","FORMAL_FR":null,"NAME_CIAWF":"Angola","NOTE_ADM0":null,"NOTE_BRK":null,"NAME_SORT":"Angola","NAME_ALT":null,"MAPCOLOR7":3,"MAPCOLOR8":2,"MAPCOLOR9":6,"MAPCOLOR13":1,"POP_EST":31825295,"POP_RANK":15,"POP_YEAR":2019,"GDP_MD":88815,"GDP_YEAR":2019,"ECONOMY":"7. Least developed region","INCOME_GRP":"3. Upper middle income","FIPS_10":"AO","ISO_A2":"AO","ISO_A2_EH":"AO","ISO_A3":"AGO","ISO_A3_EH":"AGO","ISO_N3":"024","ISO_N3_EH":"024","UN_A3":"024","WB_A2":"AO","WB_A3":"AGO","WOE_ID":23424745,"WOE_ID_EH":23424745,"WOE_NOTE":"Exact WOE match as country","ADM0_ISO":"AGO","ADM0_DIFF":null,"ADM0_TLC":"AGO","ADM0_A3_US":"AGO","ADM0_A3_FR":"AGO","ADM0_A3_RU":"AGO","ADM0_A3_ES":"AGO","ADM0_A3_CN":"AGO","ADM0_A3_TW":"AGO","ADM0_A3_IN":"AGO","ADM0_A3_NP":"AGO","ADM0_A3_PK":"AGO","ADM0_A3_DE":"AGO","ADM0_A3_GB":"AGO","ADM0_A3_BR":"AGO","ADM0_A3_IL":"AGO","ADM0_A3_PS":"AGO","ADM0_A3_SA":"AGO","ADM0_A3_EG":"AGO","ADM0_A3_MA":"AGO","ADM0_A3_PT":"AGO","ADM0_A3_AR":"AGO","ADM0_A3_JP":"AGO","ADM0_A3_KO":"AGO","ADM0_A3_VN":"AGO","ADM0_A3_TR":"AGO","ADM0_A3_ID":"AGO","ADM0_A3_PL":"AGO","ADM0_A3_GR":"AGO","ADM0_A3_IT":"AGO","ADM0_A3_NL":"AGO","ADM0_A3_SE":"AGO","ADM0_A3_BD":"AGO","ADM0_A3_UA":"AGO","ADM0_A3_UN":-99,"ADM0_A3_WB":-99,"CONTINENT":"Africa","REGION_UN":"Africa","SUBREGION":"Middle Africa","REGION_WB":"Sub-Saharan Africa","NAME_LEN":6,"LONG_LEN":6,"ABBREV_LEN":4,"TINY":-99,"HOMEPART":1,"MIN_ZOOM":0,"MIN_LABEL":3,"MAX_LABEL":7,"LABEL_X":17.984249,"LABEL_Y":-12.182762,"NE_ID":1159320323,"WIKIDATAID":"Q916","NAME_AR":"أنغولا","NAME_BN":"অ্যাঙ্গোলা","NAME_DE":"Angola","NAME_EN":"Angola","NAME_ES":"Angola","NAME_FA":"آنگولا","NAME_FR":"Angola","NAME_EL":"Ανγκόλα","NAME_HE":"אנגולה","NAME_HI":"अंगोला","NAME_HU":"Angola","NAME_ID":"Angola","NAME_IT":"Angola","NAME_JA":"アンゴラ","NAME_KO":"앙골라","NAME_NL":"Angola","NAME_PL":"Angola","NAME_PT":"Angola","NAME_RU":"Ангола","NAME_SV":"Angola","NAME_TR":"Angola","NAME_UK":"Ангола","NAME_UR":"انگولا","NAME_VI":"Angola","NAME_ZH":"安哥拉","NAME_ZHT":"安哥拉","FCLASS_ISO":"Admin-0 country","TLC_DIFF":null,"FCLASS_TLC":"Admin-0 country","FCLASS_US":null,"FCLASS_FR":null,"FCLASS_RU":null,"FCLASS_ES":null,"FCLASS_CN":null,"FCLASS_TW":null,"FCLASS_IN":null,"FCLASS_NP":null,"FCLASS_PK":null,"FCLASS_DE":null,"FCLASS_GB":null,"FCLASS_BR":null,"FCLASS_IL":null,"FCLASS_PS":null,"FCLASS_SA":null,"FCLASS_EG":null,"FCLASS_MA":null,"FCLASS_PT":null,"FCLASS_AR":null,"FCLASS_JP":null,"FCLASS_KO":null,"FCLASS_VN":null,"FCLASS_TR":null,"FCLASS_ID":null,"FCLASS_PL":null,"FCLASS_GR":null,"FCLASS_IT":null,"FCLASS_NL":null,"FCLASS_SE":null,"FCLASS_BD":null,"FCLASS_UA":null},"geometry":{"type":"MultiPolygon","coordinates":[[],[]]}},{"type":"Feature","bbox":[-180,-89.998926,180,-60.520898],"properties":{"featurecla":"Admin-0 country","scalerank":3,"LABELRANK":4,"SOVEREIGNT":"Antarctica","SOV_A3":"ATA","ADM0_DIF":0,"LEVEL":2,"TYPE":"Indeterminate","TLC":"1","ADMIN":"Antarctica","ADM0_A3":"ATA","GEOU_DIF":0,"GEOUNIT":"Antarctica","GU_A3":"ATA","SU_DIF":0,"SUBUNIT":"Antarctica","SU_A3":"ATA","BRK_DIFF":0,"NAME":"Antarctica","NAME_LONG":"Antarctica","BRK_A3":"ATA","BRK_NAME":"Antarctica","BRK_GROUP":null,"ABBREV":"Ant.","POSTAL":"AQ","FORMAL_EN":null,"FORMAL_FR":null,"NAME_CIAWF":null,"NOTE_ADM0":"By treaty","NOTE_BRK":"Multiple claims held in abeyance by treaty","NAME_SORT":"Antarctica","NAME_ALT":null,"MAPCOLOR7":4,"MAPCOLOR8":5,"MAPCOLOR9":1,"MAPCOLOR13":-99,"POP_EST":4490,"POP_RANK":4,"POP_YEAR":2019,"GDP_MD":898,"GDP_YEAR":2013,"ECONOMY":"6. Developing region","INCOME_GRP":"2. High income: nonOECD","FIPS_10":"AY","ISO_A2":"AQ","ISO_A2_EH":"AQ","ISO_A3":"ATA","ISO_A3_EH":"ATA","ISO_N3":"010","ISO_N3_EH":"010","UN_A3":"010","WB_A2":"-99","WB_A3":"-99","WOE_ID":28289409,"WOE_ID_EH":28289409,"WOE_NOTE":"Exact WOE match as country","ADM0_ISO":"ATA","ADM0_DIFF":null,"ADM0_TLC":"ATA","ADM0_A3_US":"ATA","ADM0_A3_FR":"ATA","ADM0_A3_RU":"ATA","ADM0_A3_ES":"ATA","ADM0_A3_CN":"ATA","ADM0_A3_TW":"ATA","ADM0_A3_IN":"ATA","ADM0_A3_NP":"ATA","ADM0_A3_PK":"ATA","ADM0_A3_DE":"ATA","ADM0_A3_GB":"ATA","ADM0_A3_BR":"ATA","ADM0_A3_IL":"ATA","ADM0_A3_PS":"ATA","ADM0_A3_SA":"ATA","ADM0_A3_EG":"ATA","ADM0_A3_MA":"ATA","ADM0_A3_PT":"ATA","ADM0_A3_AR":"ATA","ADM0_A3_JP":"ATA","ADM0_A3_KO":"ATA","ADM0_A3_VN":"ATA","ADM0_A3_TR":"ATA","ADM0_A3_ID":"ATA","ADM0_A3_PL":"ATA","ADM0_A3_GR":"ATA","ADM0_A3_IT":"ATA","ADM0_A3_NL":"ATA","ADM0_A3_SE":"ATA","ADM0_A3_BD":"ATA","ADM0_A3_UA":"ATA","ADM0_A3_UN":-99,"ADM0_A3_WB":-99,"CONTINENT":"Antarctica","REGION_UN":"Antarctica","SUBREGION":"Antarctica","REGION_WB":"Antarctica","NAME_LEN":10,"LONG_LEN":10,"ABBREV_LEN":4,"TINY":-99,"HOMEPART":1,"MIN_ZOOM":0,"MIN_LABEL":4,"MAX_LABEL":9,"LABEL_X":35.885455,"LABEL_Y":-79.843222,"NE_ID":1159320335,"WIKIDATAID":"Q51","NAME_AR":"القارة القطبية الجنوبية","NAME_BN":"অ্যান্টার্কটিকা","NAME_DE":"Antarktika","NAME_EN":"Antarctica","NAME_ES":"Antártida","NAME_FA":"جنوبگان","NAME_FR":"Antarctique","NAME_EL":"Ανταρκτική","NAME_HE":"אנטארקטיקה","NAME_HI":"अंटार्कटिका","NAME_HU":"Antarktika","NAME_ID":"Antartika","NAME_IT":"Antartide","NAME_JA":"南極大陸","NAME_KO":"남극","NAME_NL":"Antarctica","NAME_PL":"Antarktyda","NAME_PT":"Antártida","NAME_RU":"Антарктида","NAME_SV":"Antarktis","NAME_TR":"Antarktika","NAME_UK":"Антарктида","NAME_UR":"انٹارکٹکا","NAME_VI":"Châu Nam Cực","NAME_ZH":"南极洲","NAME_ZHT":"南極洲","FCLASS_ISO":"Admin-0 dependency","TLC_DIFF":null,"FCLASS_TLC":"Admin-0 dependency","FCLASS_US":null,"FCLASS_FR":null,"FCLASS_RU":null,"FCLASS_ES":null,"FCLASS_CN":null,"FCLASS_TW":null,"FCLASS_IN":null,"FCLASS_NP":null,"FCLASS_PK":null,"FCLASS_DE":null,"FCLASS_GB":null,"FCLASS_BR":null,"FCLASS_IL":null,"FCLASS_PS":null,"FCLASS_SA":null,"FCLASS_EG":null,"FCLASS_MA":null,"FCLASS_PT":null,"FCLASS_AR":null,"FCLASS_JP":null,"FCLASS_KO":null,"FCLASS_VN":null,"FCLASS_TR":null,"FCLASS_ID":null,"FCLASS_PL":null,"FCLASS_GR":null,"FCLASS_IT":null,"FCLASS_NL":null,"FCLASS_SE":null,"FCLASS_BD":null,"FCLASS_UA":null},"geometry":{"type":"MultiPolygon","coordinates":[[],[],[],[],[],[],[],[],[],[],[],[],[],[],[],[],[],[],[],[],[],[],[],[],[],[],[],[],[],[],[],[],[],[],[],[],[],[],[],[],[],[],[],[],[],[],[],[],[],[],[],[],[],[],[],[],[],[],[],[],[],[],[],[],[],[],[],[],[],[],[],[],[],[],[],[],[],[],[],[],[],[],[],[],[],[],[],[],[],[],[],[],[],[],[],[],[],[],[],[],[],[],[],[],[],[],[],[]]}},{"type":"Feature","bbox":[179.195703,-8.534961,179.216602,-8.466309],"properties":{"featurecla":"Admin-0 country","scalerank":5,"LABELRANK":6,"SOVEREIGNT":"Tuvalu","SOV_A3":"TUV","ADM0_DIF":0,"LEVEL":2,"TYPE":"Sovereign country","TLC":"1","ADMIN":"Tuvalu","ADM0_A3":"TUV","GEOU_DIF":0,"GEOUNIT":"Tuvalu","GU_A3":"TUV","SU_DIF":0,"SUBUNIT":"Tuvalu","SU_A3":"TUV","BRK_DIFF":0,"NAME":"Tuvalu","NAME_LONG":"Tuvalu","BRK_A3":"TUV","BRK_NAME":"Tuvalu","BRK_GROUP":null,"ABBREV":"Tuv.","POSTAL":"TV","FORMAL_EN":"Tuvalu","FORMAL_FR":null,"NAME_CIAWF":"Tuvalu","NOTE_ADM0":null,"NOTE_BRK":null,"NAME_SORT":"Tuvalu","NAME_ALT":null,"MAPCOLOR7":1,"MAPCOLOR8":3,"MAPCOLOR9":8,"MAPCOLOR13":5,"POP_EST":11646,"POP_RANK":6,"POP_YEAR":2019,"GDP_MD":47,"GDP_YEAR":2019,"ECONOMY":"7. Least developed region","INCOME_GRP":"3. Upper middle income","FIPS_10":"TV","ISO_A2":"TV","ISO_A2_EH":"TV","ISO_A3":"TUV","ISO_A3_EH":"TUV","ISO_N3":"798","ISO_N3_EH":"798","UN_A3":"798","WB_A2":"TV","WB_A3":"TUV","WOE_ID":23424970,"WOE_ID_EH":23424970,"WOE_NOTE":"Exact WOE match as country","ADM0_ISO":"TUV","ADM0_DIFF":null,"ADM0_TLC":"TUV","ADM0_A3_US":"TUV","ADM0_A3_FR":"TUV","ADM0_A3_RU":"TUV","ADM0_A3_ES":"TUV","ADM0_A3_CN":"TUV","ADM0_A3_TW":"TUV","ADM0_A3_IN":"TUV","ADM0_A3_NP":"TUV","ADM0_A3_PK":"TUV","ADM0_A3_DE":"TUV","ADM0_A3_GB":"TUV","ADM0_A3_BR":"TUV","ADM0_A3_IL":"TUV","ADM0_A3_PS":"TUV","ADM0_A3_SA":"TUV","ADM0_A3_EG":"TUV","ADM0_A3_MA":"TUV","ADM0_A3_PT":"TUV","ADM0_A3_AR":"TUV","ADM0_A3_JP":"TUV","ADM0_A3_KO":"TUV","ADM0_A3_VN":"TUV","ADM0_A3_TR":"TUV","ADM0_A3_ID":"TUV","ADM0_A3_PL":"TUV","ADM0_A3_GR":"TUV","ADM0_A3_IT":"TUV","ADM0_A3_NL":"TUV","ADM0_A3_SE":"TUV","ADM0_A3_BD":"TUV","ADM0_A3_UA":"TUV","ADM0_A3_UN":-99,"ADM0_A3_WB":-99,"CONTINENT":"Oceania","REGION_UN":"Oceania","SUBREGION":"Polynesia","REGION_WB":"East Asia & Pacific","NAME_LEN":6,"LONG_LEN":6,"ABBREV_LEN":4,"TINY":5,"HOMEPART":1,"MIN_ZOOM":0,"MIN_LABEL":5,"MAX_LABEL":10,"LABEL_X":179.209587,"LABEL_Y":-8.513717,"NE_ID":1159321333,"WIKIDATAID":"Q672","NAME_AR":"توفالو","NAME_BN":"টুভালু","NAME_DE":"Tuvalu","NAME_EN":"Tuvalu","NAME_ES":"Tuvalu","NAME_FA":"تووالو","NAME_FR":"Tuvalu","NAME_EL":"Τουβαλού","NAME_HE":"טובאלו","NAME_HI":"तुवालू","NAME_HU":"Tuvalu","NAME_ID":"Tuvalu","NAME_IT":"Tuvalu","NAME_JA":"ツバル","NAME_KO":"투발루","NAME_NL":"Tuvalu","NAME_PL":"Tuvalu","NAME_PT":"Tuvalu","NAME_RU":"Тувалу","NAME_SV":"Tuvalu","NAME_TR":"Tuvalu","NAME_UK":"Тувалу","NAME_UR":"تووالو","NAME_VI":"Tuvalu","NAME_ZH":"图瓦卢","NAME_ZHT":"吐瓦魯","FCLASS_ISO":"Admin-0 country","TLC_DIFF":null,"FCLASS_TLC":"Admin-0 country","FCLASS_US":null,"FCLASS_FR":null,"FCLASS_RU":null,"FCLASS_ES":null,"FCLASS_CN":null,"FCLASS_TW":null,"FCLASS_IN":null,"FCLASS_NP":null,"FCLASS_PK":null,"FCLASS_DE":null,"FCLASS_GB":null,"FCLASS_BR":null,"FCLASS_IL":null,"FCLASS_PS":null,"FCLASS_SA":null,"FCLASS_EG":null,"FCLASS_MA":null,"FCLASS_PT":null,"FCLASS_AR":null,"FCLASS_JP":null,"FCLASS_KO":null,"FCLASS_VN":null,"FCLASS_TR":null,"FCLASS_ID":null,"FCLASS_PL":null,"FCLASS_GR":null,"FCLASS_IT":null,"FCLASS_NL":null,"FCLASS_SE":null,"FCLASS_BD":null,"FCLASS_UA":null},"geometry":{"type":"Polygon","coordinates":[[[42.572124316754625,2.470311291879892],[42.558711717855346,2.4613885477350563],[42.554308750198466,2.4624853287025568],[42.562248377323186,2.485399299728385],[42.56293831930017,2.5106141540713045],[42.56613147528783,2.5301486820015646],[42.570737733864554,2.5332373845096554],[42.57543011986109,2.508736851127474],[42.57612496450458,2.479649047569582],[42.572124316754625,2.470311291879892]]]}}]}